BOOKMAKER,CATEGORY,NAME,OVER/UNDER,LINE,ODDS,COMMENCE_TIME,LAST_UPDATE
DraftKings Pick6,player_points,Luka Doncic,Over,45.5,-137,2025-11-26,2025-11-26T06:13:47Z
DraftKings Pick6,player_points,Luka Doncic,Under,45.5,-137,2025-11-26,2025-11-26T06:13:47Z
DraftKings Pick6,player_points,James Harden,Over,32.5,-137,2025-11-26,2025-11-26T06:13:47Z
DraftKings Pick6,player_points,James Harden,Under,32.5,-137,2025-11-26,2025-11-26T06:13:47Z
DraftKings Pick6,player_points,Kawhi Leonard,Over,17.5,-137,2025-11-26,2025-11-26T06:13:47Z
DraftKings Pick6,player_points,Kawhi Leonard,Under,17.5,-137,2025-11-26,2025-11-26T06:13:47Z
Underdog,player_points,Jaylen Brown,Over,27.5,-137,2025-11-26,2025-11-26T06:27:45Z
Underdog,player_points,Jaylen Brown,Under,27.5,-137,2025-11-26,2025-11-26T06:27:45Z
Underdog,player_points,Anfernee Simons,Over,13.5,-137,2025-11-26,2025-11-26T06:27:45Z
Underdog,player_points,Anfernee Simons,Under,13.5,-137,2025-11-26,2025-11-26T06:27:45Z
Underdog,player_points,Cade Cunningham,Over,26.5,-137,2025-11-26,2025-11-26T06:27:45Z
Underdog,player_points,Cade Cunningham,Under,26.5,-137,2025-11-26,2025-11-26T06:27:45Z
Underdog,player_points,Derrick White,Over,16.5,-137,2025-11-26,2025-11-26T06:27:45Z
Underdog,player_points,Derrick White,Under,16.5,-137,2025-11-26,2025-11-26T06:27:45Z
Underdog,player_points,Tobias Harris,Over,11.5,-137,2025-11-26,2025-11-26T06:27:45Z
Underdog,player_points,Tobias Harris,Under,11.5,-137,2025-11-26,2025-11-26T06:27:45Z
Underdog,player_points,Ausar Thompson,Over,10.5,-137,2025-11-26,2025-11-26T06:27:45Z
Underdog,player_points,Ausar Thompson,Under,10.5,-137,2025-11-26,2025-11-26T06:27:45Z
Underdog,player_points,Caris LeVert,Over,8.5,-137,2025-11-26,2025-11-26T06:27:45Z
Underdog,player_points,Caris LeVert,Under,8.5,-137,2025-11-26,2025-11-26T06:27:45Z
Underdog,player_points,Isaiah Stewart II,Over,7.5,-137,2025-11-26,2025-11-26T06:27:45Z
Underdog,player_points,Isaiah Stewart II,Under,7.5,-137,2025-11-26,2025-11-26T06:27:45Z
Underdog,player_points,Payton Pritchard,Over,16.5,-137,2025-11-26,2025-11-26T06:27:45Z
Underdog,player_points,Payton Pritchard,Under,16.5,-137,2025-11-26,2025-11-26T06:27:45Z
Underdog,player_points,Duncan Robinson,Over,10.5,-137,2025-11-26,2025-11-26T06:27:45Z
Underdog,player_points,Duncan Robinson,Under,10.5,-137,2025-11-26,2025-11-26T06:27:45Z
Underdog,player_points,Jordan Walsh,Over,5.5,-137,2025-11-26,2025-11-26T06:27:45Z
Underdog,player_points,Jordan Walsh,Under,5.5,-137,2025-11-26,2025-11-26T06:27:45Z
Underdog,player_points,Karl-Anthony Towns,Over,24.5,-137,2025-11-27,2025-11-26T06:27:13Z
Underdog,player_points,Karl-Anthony Towns,Under,24.5,-137,2025-11-27,2025-11-26T06:27:13Z
Underdog,player_points,LaMelo Ball,Over,18.5,-137,2025-11-27,2025-11-26T06:27:13Z
Underdog,player_points,LaMelo Ball,Under,18.5,-137,2025-11-27,2025-11-26T06:27:13Z
Underdog,player_points,Jalen Brunson,Over,28.5,-137,2025-11-27,2025-11-26T06:27:13Z
Underdog,player_points,Jalen Brunson,Under,28.5,-137,2025-11-27,2025-11-26T06:27:13Z
Underdog,player_points,Brandon Miller,Over,18.5,-137,2025-11-27,2025-11-26T06:27:13Z
Underdog,player_points,Brandon Miller,Under,18.5,-137,2025-11-27,2025-11-26T06:27:13Z
Underdog,player_points,Miles Bridges,Over,20.5,-137,2025-11-27,2025-11-26T06:27:13Z
Underdog,player_points,Miles Bridges,Under,20.5,-137,2025-11-27,2025-11-26T06:27:13Z
Underdog,player_points,Jordan Clarkson,Over,12.5,-137,2025-11-27,2025-11-26T06:27:13Z
Underdog,player_points,Jordan Clarkson,Under,12.5,-137,2025-11-27,2025-11-26T06:27:13Z
Underdog,player_points,Josh Hart,Over,11.5,-137,2025-11-27,2025-11-26T06:27:13Z
Underdog,player_points,Josh Hart,Under,11.5,-137,2025-11-27,2025-11-26T06:27:13Z
Underdog,player_points,Mikal Bridges,Over,15.5,-137,2025-11-27,2025-11-26T06:27:13Z
Underdog,player_points,Mikal Bridges,Under,15.5,-137,2025-11-27,2025-11-26T06:27:13Z
Underdog,player_points,Kon Knueppel,Over,16.5,-137,2025-11-27,2025-11-26T06:27:13Z
Underdog,player_points,Kon Knueppel,Under,16.5,-137,2025-11-27,2025-11-26T06:27:13Z
Underdog,player_points,Ryan Kalkbrenner,Over,6.5,-137,2025-11-27,2025-11-26T06:27:13Z
Underdog,player_points,Ryan Kalkbrenner,Under,6.5,-137,2025-11-27,2025-11-26T06:27:13Z
Underdog,player_points,Scottie Barnes,Over,19.5,-137,2025-11-27,2025-11-26T06:27:20Z
Underdog,player_points,Scottie Barnes,Under,19.5,-137,2025-11-27,2025-11-26T06:27:20Z
Underdog,player_points,Pascal Siakam,Over,23.5,-137,2025-11-27,2025-11-26T06:27:20Z
Underdog,player_points,Pascal Siakam,Under,23.5,-137,2025-11-27,2025-11-26T06:27:20Z
Underdog,player_points,Brandon Ingram,Over,23.5,-137,2025-11-27,2025-11-26T06:27:20Z
Underdog,player_points,Brandon Ingram,Under,23.5,-137,2025-11-27,2025-11-26T06:27:20Z
Underdog,player_points,Immanuel Quickley,Over,16.5,-137,2025-11-27,2025-11-26T06:27:20Z
Underdog,player_points,Immanuel Quickley,Under,16.5,-137,2025-11-27,2025-11-26T06:27:20Z
Underdog,player_points,Andrew Nembhard,Over,16.5,-137,2025-11-27,2025-11-26T06:27:20Z
Underdog,player_points,Andrew Nembhard,Under,16.5,-137,2025-11-27,2025-11-26T06:27:20Z
Underdog,player_points,Jamal Shead,Over,7.5,-137,2025-11-27,2025-11-26T06:27:20Z
Underdog,player_points,Jamal Shead,Under,7.5,-137,2025-11-27,2025-11-26T06:27:20Z
Underdog,player_points,Bennedict Mathurin,Over,20.5,-137,2025-11-27,2025-11-26T06:27:20Z
Underdog,player_points,Bennedict Mathurin,Under,20.5,-137,2025-11-27,2025-11-26T06:27:20Z
Underdog,player_points,T.J. McConnell,Over,9.5,-137,2025-11-27,2025-11-26T06:27:20Z
Underdog,player_points,T.J. McConnell,Under,9.5,-137,2025-11-27,2025-11-26T06:27:20Z
Underdog,player_points,Isaiah Jackson,Over,6.5,-137,2025-11-27,2025-11-26T06:27:20Z
Underdog,player_points,Isaiah Jackson,Under,6.5,-137,2025-11-27,2025-11-26T06:27:20Z
Underdog,player_points,Ben Sheppard,Over,6.5,-137,2025-11-27,2025-11-26T06:27:20Z
Underdog,player_points,Ben Sheppard,Under,6.5,-137,2025-11-27,2025-11-26T06:27:20Z
Underdog,player_points,Jarace Walker,Over,8.5,-137,2025-11-27,2025-11-26T06:27:20Z
Underdog,player_points,Jarace Walker,Under,8.5,-137,2025-11-27,2025-11-26T06:27:20Z
Underdog,player_points,Giannis Antetokounmpo,Over,28.5,-137,2025-11-27,2025-11-26T06:28:22Z
Underdog,player_points,Giannis Antetokounmpo,Under,28.5,-137,2025-11-27,2025-11-26T06:28:22Z
Underdog,player_points,Kyle Kuzma,Over,13.5,-137,2025-11-27,2025-11-26T06:28:22Z
Underdog,player_points,Kyle Kuzma,Under,13.5,-137,2025-11-27,2025-11-26T06:28:22Z
Underdog,player_points,Bam Adebayo,Over,17.5,-137,2025-11-27,2025-11-26T06:28:22Z
Underdog,player_points,Bam Adebayo,Under,17.5,-137,2025-11-27,2025-11-26T06:28:22Z
Underdog,player_points,Myles Turner,Over,13.5,-137,2025-11-27,2025-11-26T06:28:22Z
Underdog,player_points,Myles Turner,Under,13.5,-137,2025-11-27,2025-11-26T06:28:22Z
Underdog,player_points,Tyler Herro,Over,18.5,-137,2025-11-27,2025-11-26T06:28:22Z
Underdog,player_points,Tyler Herro,Under,18.5,-137,2025-11-27,2025-11-26T06:28:22Z
Underdog,player_points,Andrew Wiggins,Over,13.5,-137,2025-11-27,2025-11-26T06:28:22Z
Underdog,player_points,Andrew Wiggins,Under,13.5,-137,2025-11-27,2025-11-26T06:28:22Z
Underdog,player_points,Norman Powell,Over,19.5,-137,2025-11-27,2025-11-26T06:28:22Z
Underdog,player_points,Norman Powell,Under,19.5,-137,2025-11-27,2025-11-26T06:28:22Z
Underdog,player_points,Kel'el Ware,Over,12.5,-137,2025-11-27,2025-11-26T06:28:22Z
Underdog,player_points,Kel'el Ware,Under,12.5,-137,2025-11-27,2025-11-26T06:28:22Z
Underdog,player_points,Ryan Rollins,Over,18.5,-137,2025-11-27,2025-11-26T06:28:22Z
Underdog,player_points,Ryan Rollins,Under,18.5,-137,2025-11-27,2025-11-26T06:28:22Z
Underdog,player_points,Anthony Edwards,Over,25.5,-137,2025-11-27,2025-11-26T06:28:13Z
Underdog,player_points,Anthony Edwards,Under,25.5,-137,2025-11-27,2025-11-26T06:28:13Z
Underdog,player_points,Shai Gilgeous-Alexander,Over,31.5,-137,2025-11-27,2025-11-26T06:28:13Z
Underdog,player_points,Shai Gilgeous-Alexander,Under,31.5,-137,2025-11-27,2025-11-26T06:28:13Z
Underdog,player_points,Chet Holmgren,Over,18.5,-137,2025-11-27,2025-11-26T06:28:13Z
Underdog,player_points,Chet Holmgren,Under,18.5,-137,2025-11-27,2025-11-26T06:28:13Z
Underdog,player_points,Julius Randle,Over,21.5,-137,2025-11-27,2025-11-26T06:28:13Z
Underdog,player_points,Julius Randle,Under,21.5,-137,2025-11-27,2025-11-26T06:28:13Z
Underdog,player_points,Rudy Gobert,Over,9.5,-137,2025-11-27,2025-11-26T06:28:13Z
Underdog,player_points,Rudy Gobert,Under,9.5,-137,2025-11-27,2025-11-26T06:28:13Z
Underdog,player_points,Donte DiVincenzo,Over,12.5,-137,2025-11-27,2025-11-26T06:28:13Z
Underdog,player_points,Donte DiVincenzo,Under,12.5,-137,2025-11-27,2025-11-26T06:28:13Z
Underdog,player_points,Luguentz Dort,Over,9.5,-137,2025-11-27,2025-11-26T06:28:13Z
Underdog,player_points,Luguentz Dort,Under,9.5,-137,2025-11-27,2025-11-26T06:28:13Z
Underdog,player_points,Jaden McDaniels,Over,12.5,-137,2025-11-27,2025-11-26T06:28:13Z
Underdog,player_points,Jaden McDaniels,Under,12.5,-137,2025-11-27,2025-11-26T06:28:13Z
Underdog,player_points,Isaiah Hartenstein,Over,12.5,-137,2025-11-27,2025-11-26T06:28:13Z
Underdog,player_points,Isaiah Hartenstein,Under,12.5,-137,2025-11-27,2025-11-26T06:28:13Z
Underdog,player_points,Jaylin Williams,Over,5.5,-137,2025-11-27,2025-11-26T06:28:13Z
Underdog,player_points,Jaylin Williams,Under,5.5,-137,2025-11-27,2025-11-26T06:28:13Z
Underdog,player_points,Naz Reid,Over,11.5,-137,2025-11-27,2025-11-26T06:28:13Z
Underdog,player_points,Naz Reid,Under,11.5,-137,2025-11-27,2025-11-26T06:28:13Z
Underdog,player_points,Zion Williamson,Over,22.5,-137,2025-11-27,2025-11-26T06:28:27Z
Underdog,player_points,Zion Williamson,Under,22.5,-137,2025-11-27,2025-11-26T06:28:27Z
Underdog,player_points,Kentavious Caldwell-Pope,Over,7.5,-137,2025-11-27,2025-11-26T06:28:27Z
Underdog,player_points,Kentavious Caldwell-Pope,Under,7.5,-137,2025-11-27,2025-11-26T06:28:27Z
Underdog,player_points,Jaren Jackson Jr,Over,21.5,-137,2025-11-27,2025-11-26T06:28:27Z
Underdog,player_points,Jaren Jackson Jr,Under,21.5,-137,2025-11-27,2025-11-26T06:28:27Z
Underdog,player_points,Yves Missi,Over,7.5,-137,2025-11-27,2025-11-26T06:28:27Z
Underdog,player_points,Yves Missi,Under,7.5,-137,2025-11-27,2025-11-26T06:28:27Z
Underdog,player_points,Trey Murphy III,Over,19.5,-137,2025-11-27,2025-11-26T06:28:27Z
Underdog,player_points,Trey Murphy III,Under,19.5,-137,2025-11-27,2025-11-26T06:28:27Z
Underdog,player_points,Saddiq Bey,Over,14.5,-137,2025-11-27,2025-11-26T06:28:27Z
Underdog,player_points,Saddiq Bey,Under,14.5,-137,2025-11-27,2025-11-26T06:28:27Z
Underdog,player_points,Jaylen Wells,Over,13.5,-137,2025-11-27,2025-11-26T06:28:27Z
Underdog,player_points,Jaylen Wells,Under,13.5,-137,2025-11-27,2025-11-26T06:28:27Z
Underdog,player_points,Cedric Coward,Over,13.5,-137,2025-11-27,2025-11-26T06:28:27Z
Underdog,player_points,Cedric Coward,Under,13.5,-137,2025-11-27,2025-11-26T06:28:27Z
Underdog,player_points,Jeremiah Fears,Over,14.5,-137,2025-11-27,2025-11-26T06:28:27Z
Underdog,player_points,Jeremiah Fears,Under,14.5,-137,2025-11-27,2025-11-26T06:28:27Z
Underdog,player_points,Alperen Sengun,Over,22.5,-137,2025-11-27,2025-11-26T06:28:19Z
Underdog,player_points,Alperen Sengun,Under,22.5,-137,2025-11-27,2025-11-26T06:28:19Z
Underdog,player_points,Draymond Green,Over,8.5,-137,2025-11-27,2025-11-26T06:28:19Z
Underdog,player_points,Draymond Green,Under,8.5,-137,2025-11-27,2025-11-26T06:28:19Z
Underdog,player_points,Jabari Smith Jr,Over,15.5,-137,2025-11-27,2025-11-26T06:28:19Z
Underdog,player_points,Jabari Smith Jr,Under,15.5,-137,2025-11-27,2025-11-26T06:28:19Z
Underdog,player_points,Reed Sheppard,Over,14.5,-137,2025-11-27,2025-11-26T06:28:19Z
Underdog,player_points,Reed Sheppard,Under,14.5,-137,2025-11-27,2025-11-26T06:28:19Z
Underdog,player_points,Moses Moody,Over,11.5,-137,2025-11-27,2025-11-26T06:28:19Z
Underdog,player_points,Moses Moody,Under,11.5,-137,2025-11-27,2025-11-26T06:28:19Z
Underdog,player_points,Devin Booker,Over,28.5,-137,2025-11-27,2025-11-26T06:27:39Z
Underdog,player_points,Devin Booker,Under,28.5,-137,2025-11-27,2025-11-26T06:27:39Z
Underdog,player_points,Zach LaVine,Over,19.5,-137,2025-11-27,2025-11-26T06:27:39Z
Underdog,player_points,Zach LaVine,Under,19.5,-137,2025-11-27,2025-11-26T06:27:39Z
Underdog,player_points,DeMar DeRozan,Over,18.5,-137,2025-11-27,2025-11-26T06:27:39Z
Underdog,player_points,DeMar DeRozan,Under,18.5,-137,2025-11-27,2025-11-26T06:27:39Z
Underdog,player_points,Keegan Murray,Over,14.5,-137,2025-11-27,2025-11-26T06:27:39Z
Underdog,player_points,Keegan Murray,Under,14.5,-137,2025-11-27,2025-11-26T06:27:39Z
Underdog,player_points,Dillon Brooks,Over,20.5,-137,2025-11-27,2025-11-26T06:27:39Z
Underdog,player_points,Dillon Brooks,Under,20.5,-137,2025-11-27,2025-11-26T06:27:39Z
Underdog,player_points,Russell Westbrook,Over,13.5,-137,2025-11-27,2025-11-26T06:27:39Z
Underdog,player_points,Russell Westbrook,Under,13.5,-137,2025-11-27,2025-11-26T06:27:39Z
Underdog,player_points,Mark Williams,Over,13.5,-137,2025-11-27,2025-11-26T06:27:39Z
Underdog,player_points,Mark Williams,Under,13.5,-137,2025-11-27,2025-11-26T06:27:39Z
Underdog,player_points,Drew Eubanks,Over,7.5,-137,2025-11-27,2025-11-26T06:27:39Z
Underdog,player_points,Drew Eubanks,Under,7.5,-137,2025-11-27,2025-11-26T06:27:39Z
Underdog,player_points,De'Aaron Fox,Over,24.5,-137,2025-11-27,2025-11-26T06:27:52Z
Underdog,player_points,De'Aaron Fox,Under,24.5,-137,2025-11-27,2025-11-26T06:27:52Z
Underdog,player_points,Devin Vassell,Over,16.5,-137,2025-11-27,2025-11-26T06:27:52Z
Underdog,player_points,Devin Vassell,Under,16.5,-137,2025-11-27,2025-11-26T06:27:52Z
Underdog,player_points,Harrison Barnes,Over,12.5,-137,2025-11-27,2025-11-26T06:27:52Z
Underdog,player_points,Harrison Barnes,Under,12.5,-137,2025-11-27,2025-11-26T06:27:52Z
Underdog,player_points,Jerami Grant,Over,19.5,-137,2025-11-27,2025-11-26T06:27:52Z
Underdog,player_points,Jerami Grant,Under,19.5,-137,2025-11-27,2025-11-26T06:27:52Z
Underdog,player_points,Dylan Harper,Over,12.5,-137,2025-11-27,2025-11-26T06:27:52Z
Underdog,player_points,Dylan Harper,Under,12.5,-137,2025-11-27,2025-11-26T06:27:52Z
Underdog,player_points,Jeremy Sochan,Over,8.5,-137,2025-11-27,2025-11-26T06:27:52Z
Underdog,player_points,Jeremy Sochan,Under,8.5,-137,2025-11-27,2025-11-26T06:27:52Z
Underdog,player_points,Keldon Johnson,Over,14.5,-137,2025-11-27,2025-11-26T06:27:52Z
Underdog,player_points,Keldon Johnson,Under,14.5,-137,2025-11-27,2025-11-26T06:27:52Z
Underdog,player_points,Deni Avdija,Over,26.5,-137,2025-11-27,2025-11-26T06:27:52Z
Underdog,player_points,Deni Avdija,Under,26.5,-137,2025-11-27,2025-11-26T06:27:52Z
Underdog,player_points,Julian Champagnie,Over,12.5,-137,2025-11-27,2025-11-26T06:27:52Z
Underdog,player_points,Julian Champagnie,Under,12.5,-137,2025-11-27,2025-11-26T06:27:52Z
Underdog,player_points,Shaedon Sharpe,Over,22.5,-137,2025-11-27,2025-11-26T06:27:52Z
Underdog,player_points,Shaedon Sharpe,Under,22.5,-137,2025-11-27,2025-11-26T06:27:52Z
Underdog,player_points,Donovan Clingan,Over,11.5,-137,2025-11-27,2025-11-26T06:27:52Z
Underdog,player_points,Donovan Clingan,Under,11.5,-137,2025-11-27,2025-11-26T06:27:52Z
Underdog,player_points,Robert Williams,Over,5.5,-137,2025-11-27,2025-11-26T06:27:52Z
Underdog,player_points,Robert Williams,Under,5.5,-137,2025-11-27,2025-11-26T06:27:52Z
Underdog,player_points,Toumani Camara,Over,13.5,-137,2025-11-27,2025-11-26T06:27:52Z
Underdog,player_points,Toumani Camara,Under,13.5,-137,2025-11-27,2025-11-26T06:27:52Z
Underdog,player_points,Luke Kornet,Over,9.5,-137,2025-11-27,2025-11-26T06:27:52Z
Underdog,player_points,Luke Kornet,Under,9.5,-137,2025-11-27,2025-11-26T06:27:52Z
Underdog,player_points,Kris Murray,Over,5.5,-137,2025-11-27,2025-11-26T06:27:52Z
Underdog,player_points,Kris Murray,Under,5.5,-137,2025-11-27,2025-11-26T06:27:52Z
PrizePicks,player_points,Jaylen Brown,Over,27.5,-137,2025-11-26,2025-11-26T06:28:01Z
PrizePicks,player_points,Jaylen Brown,Under,27.5,-137,2025-11-26,2025-11-26T06:28:01Z
PrizePicks,player_points,Cade Cunningham,Over,25.5,-137,2025-11-26,2025-11-26T06:28:01Z
PrizePicks,player_points,Cade Cunningham,Under,25.5,-137,2025-11-26,2025-11-26T06:28:01Z
PrizePicks,player_points,Jalen Duren,Over,18.5,-137,2025-11-26,2025-11-26T06:28:01Z
PrizePicks,player_points,Jalen Duren,Under,18.5,-137,2025-11-26,2025-11-26T06:28:01Z
PrizePicks,player_points,Derrick White,Over,16.5,-137,2025-11-26,2025-11-26T06:28:01Z
PrizePicks,player_points,Derrick White,Under,16.5,-137,2025-11-26,2025-11-26T06:28:01Z
PrizePicks,player_points,Payton Pritchard,Over,16.5,-137,2025-11-26,2025-11-26T06:28:01Z
PrizePicks,player_points,Payton Pritchard,Under,16.5,-137,2025-11-26,2025-11-26T06:28:01Z
PrizePicks,player_points,Anfernee Simons,Over,14.0,-137,2025-11-26,2025-11-26T06:28:01Z
PrizePicks,player_points,Anfernee Simons,Under,14.0,-137,2025-11-26,2025-11-26T06:28:01Z
PrizePicks,player_points,Tobias Harris,Over,11.5,-137,2025-11-26,2025-11-26T06:28:01Z
PrizePicks,player_points,Tobias Harris,Under,11.5,-137,2025-11-26,2025-11-26T06:28:01Z
PrizePicks,player_points,Ausar Thompson,Over,10.5,-137,2025-11-26,2025-11-26T06:28:01Z
PrizePicks,player_points,Ausar Thompson,Under,10.5,-137,2025-11-26,2025-11-26T06:28:01Z
PrizePicks,player_points,Duncan Robinson,Over,10.5,-137,2025-11-26,2025-11-26T06:28:01Z
PrizePicks,player_points,Duncan Robinson,Under,10.5,-137,2025-11-26,2025-11-26T06:28:01Z
PrizePicks,player_points,Luka Garza,Over,9.5,-137,2025-11-26,2025-11-26T06:28:01Z
PrizePicks,player_points,Luka Garza,Under,9.5,-137,2025-11-26,2025-11-26T06:28:01Z
PrizePicks,player_points,Caris LeVert,Over,8.5,-137,2025-11-26,2025-11-26T06:28:01Z
PrizePicks,player_points,Caris LeVert,Under,8.5,-137,2025-11-26,2025-11-26T06:28:01Z
PrizePicks,player_points,Jaden Ivey,Over,8.5,-137,2025-11-26,2025-11-26T06:28:01Z
PrizePicks,player_points,Jaden Ivey,Under,8.5,-137,2025-11-26,2025-11-26T06:28:01Z
PrizePicks,player_points,Isaiah Stewart II,Over,7.5,-137,2025-11-26,2025-11-26T06:28:01Z
PrizePicks,player_points,Isaiah Stewart II,Under,7.5,-137,2025-11-26,2025-11-26T06:28:01Z
PrizePicks,player_points,Jordan Walsh,Over,5.5,-137,2025-11-26,2025-11-26T06:28:01Z
PrizePicks,player_points,Jordan Walsh,Under,5.5,-137,2025-11-26,2025-11-26T06:28:01Z
PrizePicks,player_points,Jalen Brunson,Over,28.5,-137,2025-11-27,2025-11-26T06:27:46Z
PrizePicks,player_points,Jalen Brunson,Under,28.5,-137,2025-11-27,2025-11-26T06:27:46Z
PrizePicks,player_points,Karl-Anthony Towns,Over,24.5,-137,2025-11-27,2025-11-26T06:27:46Z
PrizePicks,player_points,Karl-Anthony Towns,Under,24.5,-137,2025-11-27,2025-11-26T06:27:46Z
PrizePicks,player_points,Miles Bridges,Over,20.5,-137,2025-11-27,2025-11-26T06:27:46Z
PrizePicks,player_points,Miles Bridges,Under,20.5,-137,2025-11-27,2025-11-26T06:27:46Z
PrizePicks,player_points,Brandon Miller,Over,18.5,-137,2025-11-27,2025-11-26T06:27:46Z
PrizePicks,player_points,Brandon Miller,Under,18.5,-137,2025-11-27,2025-11-26T06:27:46Z
PrizePicks,player_points,LaMelo Ball,Over,18.5,-137,2025-11-27,2025-11-26T06:27:46Z
PrizePicks,player_points,LaMelo Ball,Under,18.5,-137,2025-11-27,2025-11-26T06:27:46Z
PrizePicks,player_points,Kon Knueppel,Over,17.5,-137,2025-11-27,2025-11-26T06:27:46Z
PrizePicks,player_points,Kon Knueppel,Under,17.5,-137,2025-11-27,2025-11-26T06:27:46Z
PrizePicks,player_points,Mikal Bridges,Over,15.5,-137,2025-11-27,2025-11-26T06:27:46Z
PrizePicks,player_points,Mikal Bridges,Under,15.5,-137,2025-11-27,2025-11-26T06:27:46Z
PrizePicks,player_points,Jordan Clarkson,Over,12.5,-137,2025-11-27,2025-11-26T06:27:46Z
PrizePicks,player_points,Jordan Clarkson,Under,12.5,-137,2025-11-27,2025-11-26T06:27:46Z
PrizePicks,player_points,Josh Hart,Over,11.5,-137,2025-11-27,2025-11-26T06:27:46Z
PrizePicks,player_points,Josh Hart,Under,11.5,-137,2025-11-27,2025-11-26T06:27:46Z
PrizePicks,player_points,Miles McBride,Over,11.5,-137,2025-11-27,2025-11-26T06:27:46Z
PrizePicks,player_points,Miles McBride,Under,11.5,-137,2025-11-27,2025-11-26T06:27:46Z
PrizePicks,player_points,Ryan Kalkbrenner,Over,7.5,-137,2025-11-27,2025-11-26T06:27:46Z
PrizePicks,player_points,Ryan Kalkbrenner,Under,7.5,-137,2025-11-27,2025-11-26T06:27:46Z
PrizePicks,player_points,Brandon Ingram,Over,23.5,-137,2025-11-27,2025-11-26T06:28:15Z
PrizePicks,player_points,Brandon Ingram,Under,23.5,-137,2025-11-27,2025-11-26T06:28:15Z
PrizePicks,player_points,Pascal Siakam,Over,23.5,-137,2025-11-27,2025-11-26T06:28:15Z
PrizePicks,player_points,Pascal Siakam,Under,23.5,-137,2025-11-27,2025-11-26T06:28:15Z
PrizePicks,player_points,Bennedict Mathurin,Over,20.5,-137,2025-11-27,2025-11-26T06:28:15Z
PrizePicks,player_points,Bennedict Mathurin,Under,20.5,-137,2025-11-27,2025-11-26T06:28:15Z
PrizePicks,player_points,Scottie Barnes,Over,19.5,-137,2025-11-27,2025-11-26T06:28:15Z
PrizePicks,player_points,Scottie Barnes,Under,19.5,-137,2025-11-27,2025-11-26T06:28:15Z
PrizePicks,player_points,Andrew Nembhard,Over,16.5,-137,2025-11-27,2025-11-26T06:28:15Z
PrizePicks,player_points,Andrew Nembhard,Under,16.5,-137,2025-11-27,2025-11-26T06:28:15Z
PrizePicks,player_points,Immanuel Quickley,Over,16.5,-137,2025-11-27,2025-11-26T06:28:15Z
PrizePicks,player_points,Immanuel Quickley,Under,16.5,-137,2025-11-27,2025-11-26T06:28:15Z
PrizePicks,player_points,Jakob Poeltl,Over,12.5,-137,2025-11-27,2025-11-26T06:28:15Z
PrizePicks,player_points,Jakob Poeltl,Under,12.5,-137,2025-11-27,2025-11-26T06:28:15Z
PrizePicks,player_points,T.J. McConnell,Over,9.5,-137,2025-11-27,2025-11-26T06:28:15Z
PrizePicks,player_points,T.J. McConnell,Under,9.5,-137,2025-11-27,2025-11-26T06:28:15Z
PrizePicks,player_points,Jarace Walker,Over,8.5,-137,2025-11-27,2025-11-26T06:28:15Z
PrizePicks,player_points,Jarace Walker,Under,8.5,-137,2025-11-27,2025-11-26T06:28:15Z
PrizePicks,player_points,Jamal Shead,Over,7.5,-137,2025-11-27,2025-11-26T06:28:15Z
PrizePicks,player_points,Jamal Shead,Under,7.5,-137,2025-11-27,2025-11-26T06:28:15Z
PrizePicks,player_points,Ben Sheppard,Over,6.5,-137,2025-11-27,2025-11-26T06:28:15Z
PrizePicks,player_points,Ben Sheppard,Under,6.5,-137,2025-11-27,2025-11-26T06:28:15Z
PrizePicks,player_points,Giannis Antetokounmpo,Over,28.5,-137,2025-11-27,2025-11-26T06:28:16Z
PrizePicks,player_points,Giannis Antetokounmpo,Under,28.5,-137,2025-11-27,2025-11-26T06:28:16Z
PrizePicks,player_points,Tyler Herro,Over,19.5,-137,2025-11-27,2025-11-26T06:28:16Z
PrizePicks,player_points,Tyler Herro,Under,19.5,-137,2025-11-27,2025-11-26T06:28:16Z
PrizePicks,player_points,Norman Powell,Over,19.5,-137,2025-11-27,2025-11-26T06:28:16Z
PrizePicks,player_points,Norman Powell,Under,19.5,-137,2025-11-27,2025-11-26T06:28:16Z
PrizePicks,player_points,Ryan Rollins,Over,18.5,-137,2025-11-27,2025-11-26T06:28:16Z
PrizePicks,player_points,Ryan Rollins,Under,18.5,-137,2025-11-27,2025-11-26T06:28:16Z
PrizePicks,player_points,Bam Adebayo,Over,17.5,-137,2025-11-27,2025-11-26T06:28:16Z
PrizePicks,player_points,Bam Adebayo,Under,17.5,-137,2025-11-27,2025-11-26T06:28:16Z
PrizePicks,player_points,Andrew Wiggins,Over,13.5,-137,2025-11-27,2025-11-26T06:28:16Z
PrizePicks,player_points,Andrew Wiggins,Under,13.5,-137,2025-11-27,2025-11-26T06:28:16Z
PrizePicks,player_points,Bobby Portis,Over,13.5,-137,2025-11-27,2025-11-26T06:28:16Z
PrizePicks,player_points,Bobby Portis,Under,13.5,-137,2025-11-27,2025-11-26T06:28:16Z
PrizePicks,player_points,Kyle Kuzma,Over,13.5,-137,2025-11-27,2025-11-26T06:28:16Z
PrizePicks,player_points,Kyle Kuzma,Under,13.5,-137,2025-11-27,2025-11-26T06:28:16Z
PrizePicks,player_points,Myles Turner,Over,13.5,-137,2025-11-27,2025-11-26T06:28:16Z
PrizePicks,player_points,Myles Turner,Under,13.5,-137,2025-11-27,2025-11-26T06:28:16Z
PrizePicks,player_points,Kel'el Ware,Over,12.5,-137,2025-11-27,2025-11-26T06:28:16Z
PrizePicks,player_points,Kel'el Ware,Under,12.5,-137,2025-11-27,2025-11-26T06:28:16Z
PrizePicks,player_points,Gary Trent Jr,Over,9.5,-137,2025-11-27,2025-11-26T06:28:16Z
PrizePicks,player_points,Gary Trent Jr,Under,9.5,-137,2025-11-27,2025-11-26T06:28:16Z
PrizePicks,player_points,Pelle Larsson,Over,8.5,-137,2025-11-27,2025-11-26T06:28:16Z
PrizePicks,player_points,Pelle Larsson,Under,8.5,-137,2025-11-27,2025-11-26T06:28:16Z
PrizePicks,player_points,Davion Mitchell,Over,8.5,-137,2025-11-27,2025-11-26T06:28:16Z
PrizePicks,player_points,Davion Mitchell,Under,8.5,-137,2025-11-27,2025-11-26T06:28:16Z
PrizePicks,player_points,Shai Gilgeous-Alexander,Over,30.5,-137,2025-11-27,2025-11-26T06:27:51Z
PrizePicks,player_points,Shai Gilgeous-Alexander,Under,30.5,-137,2025-11-27,2025-11-26T06:27:51Z
PrizePicks,player_points,Anthony Edwards,Over,25.5,-137,2025-11-27,2025-11-26T06:27:51Z
PrizePicks,player_points,Anthony Edwards,Under,25.5,-137,2025-11-27,2025-11-26T06:27:51Z
PrizePicks,player_points,Julius Randle,Over,21.5,-137,2025-11-27,2025-11-26T06:27:51Z
PrizePicks,player_points,Julius Randle,Under,21.5,-137,2025-11-27,2025-11-26T06:27:51Z
PrizePicks,player_points,Chet Holmgren,Over,19.5,-137,2025-11-27,2025-11-26T06:27:51Z
PrizePicks,player_points,Chet Holmgren,Under,19.5,-137,2025-11-27,2025-11-26T06:27:51Z
PrizePicks,player_points,Ajay Mitchell,Over,16.5,-137,2025-11-27,2025-11-26T06:27:51Z
PrizePicks,player_points,Ajay Mitchell,Under,16.5,-137,2025-11-27,2025-11-26T06:27:51Z
PrizePicks,player_points,Donte DiVincenzo,Over,12.5,-137,2025-11-27,2025-11-26T06:27:51Z
PrizePicks,player_points,Donte DiVincenzo,Under,12.5,-137,2025-11-27,2025-11-26T06:27:51Z
PrizePicks,player_points,Isaiah Hartenstein,Over,12.5,-137,2025-11-27,2025-11-26T06:27:51Z
PrizePicks,player_points,Isaiah Hartenstein,Under,12.5,-137,2025-11-27,2025-11-26T06:27:51Z
PrizePicks,player_points,Jaden McDaniels,Over,12.5,-137,2025-11-27,2025-11-26T06:27:51Z
PrizePicks,player_points,Jaden McDaniels,Under,12.5,-137,2025-11-27,2025-11-26T06:27:51Z
PrizePicks,player_points,Naz Reid,Over,11.5,-137,2025-11-27,2025-11-26T06:27:51Z
PrizePicks,player_points,Naz Reid,Under,11.5,-137,2025-11-27,2025-11-26T06:27:51Z
PrizePicks,player_points,Rudy Gobert,Over,9.5,-137,2025-11-27,2025-11-26T06:27:51Z
PrizePicks,player_points,Rudy Gobert,Under,9.5,-137,2025-11-27,2025-11-26T06:27:51Z
PrizePicks,player_points,Luguentz Dort,Over,8.5,-137,2025-11-27,2025-11-26T06:27:51Z
PrizePicks,player_points,Luguentz Dort,Under,8.5,-137,2025-11-27,2025-11-26T06:27:51Z
PrizePicks,player_points,Cason Wallace,Over,8.5,-137,2025-11-27,2025-11-26T06:27:51Z
PrizePicks,player_points,Cason Wallace,Under,8.5,-137,2025-11-27,2025-11-26T06:27:51Z
PrizePicks,player_points,Alex Caruso,Over,7.5,-137,2025-11-27,2025-11-26T06:27:51Z
PrizePicks,player_points,Alex Caruso,Under,7.5,-137,2025-11-27,2025-11-26T06:27:51Z
PrizePicks,player_points,Jaylin Williams,Over,5.5,-137,2025-11-27,2025-11-26T06:27:51Z
PrizePicks,player_points,Jaylin Williams,Under,5.5,-137,2025-11-27,2025-11-26T06:27:51Z
PrizePicks,player_points,Jaren Jackson Jr,Over,22.5,-137,2025-11-27,2025-11-26T06:27:54Z
PrizePicks,player_points,Jaren Jackson Jr,Under,22.5,-137,2025-11-27,2025-11-26T06:27:54Z
PrizePicks,player_points,Zion Williamson,Over,22.5,-137,2025-11-27,2025-11-26T06:27:54Z
PrizePicks,player_points,Zion Williamson,Under,22.5,-137,2025-11-27,2025-11-26T06:27:54Z
PrizePicks,player_points,Trey Murphy III,Over,19.5,-137,2025-11-27,2025-11-26T06:27:54Z
PrizePicks,player_points,Trey Murphy III,Under,19.5,-137,2025-11-27,2025-11-26T06:27:54Z
PrizePicks,player_points,Jeremiah Fears,Over,14.5,-137,2025-11-27,2025-11-26T06:27:54Z
PrizePicks,player_points,Jeremiah Fears,Under,14.5,-137,2025-11-27,2025-11-26T06:27:54Z
PrizePicks,player_points,Saddiq Bey,Over,14.5,-137,2025-11-27,2025-11-26T06:27:54Z
PrizePicks,player_points,Saddiq Bey,Under,14.5,-137,2025-11-27,2025-11-26T06:27:54Z
PrizePicks,player_points,Derik Queen,Over,14.5,-137,2025-11-27,2025-11-26T06:27:54Z
PrizePicks,player_points,Derik Queen,Under,14.5,-137,2025-11-27,2025-11-26T06:27:54Z
PrizePicks,player_points,Cedric Coward,Over,13.5,-137,2025-11-27,2025-11-26T06:27:54Z
PrizePicks,player_points,Cedric Coward,Under,13.5,-137,2025-11-27,2025-11-26T06:27:54Z
PrizePicks,player_points,Jaylen Wells,Over,13.5,-137,2025-11-27,2025-11-26T06:27:54Z
PrizePicks,player_points,Jaylen Wells,Under,13.5,-137,2025-11-27,2025-11-26T06:27:54Z
PrizePicks,player_points,Zach Edey,Over,11.5,-137,2025-11-27,2025-11-26T06:27:54Z
PrizePicks,player_points,Zach Edey,Under,11.5,-137,2025-11-27,2025-11-26T06:27:54Z
PrizePicks,player_points,Vincent Williams Jr,Over,10.5,-137,2025-11-27,2025-11-26T06:27:54Z
PrizePicks,player_points,Vincent Williams Jr,Under,10.5,-137,2025-11-27,2025-11-26T06:27:54Z
PrizePicks,player_points,Jock Landale,Over,9.5,-137,2025-11-27,2025-11-26T06:27:54Z
PrizePicks,player_points,Jock Landale,Under,9.5,-137,2025-11-27,2025-11-26T06:27:54Z
PrizePicks,player_points,Kentavious Caldwell-Pope,Over,7.5,-137,2025-11-27,2025-11-26T06:27:54Z
PrizePicks,player_points,Kentavious Caldwell-Pope,Under,7.5,-137,2025-11-27,2025-11-26T06:27:54Z
PrizePicks,player_points,Yves Missi,Over,7.5,-137,2025-11-27,2025-11-26T06:27:54Z
PrizePicks,player_points,Yves Missi,Under,7.5,-137,2025-11-27,2025-11-26T06:27:54Z
PrizePicks,player_points,Stephen Curry,Over,26.5,-137,2025-11-27,2025-11-26T06:27:51Z
PrizePicks,player_points,Stephen Curry,Under,26.5,-137,2025-11-27,2025-11-26T06:27:51Z
PrizePicks,player_points,Alperen Sengun,Over,23.5,-137,2025-11-27,2025-11-26T06:27:51Z
PrizePicks,player_points,Alperen Sengun,Under,23.5,-137,2025-11-27,2025-11-26T06:27:51Z
PrizePicks,player_points,Jimmy Butler,Over,20.0,-137,2025-11-27,2025-11-26T06:27:51Z
PrizePicks,player_points,Jimmy Butler,Under,20.0,-137,2025-11-27,2025-11-26T06:27:51Z
PrizePicks,player_points,Amen Thompson,Over,19.5,-137,2025-11-27,2025-11-26T06:27:51Z
PrizePicks,player_points,Amen Thompson,Under,19.5,-137,2025-11-27,2025-11-26T06:27:51Z
PrizePicks,player_points,Jabari Smith Jr,Over,15.5,-137,2025-11-27,2025-11-26T06:27:51Z
PrizePicks,player_points,Jabari Smith Jr,Under,15.5,-137,2025-11-27,2025-11-26T06:27:51Z
PrizePicks,player_points,Reed Sheppard,Over,14.5,-137,2025-11-27,2025-11-26T06:27:51Z
PrizePicks,player_points,Reed Sheppard,Under,14.5,-137,2025-11-27,2025-11-26T06:27:51Z
PrizePicks,player_points,Moses Moody,Over,11.5,-137,2025-11-27,2025-11-26T06:27:51Z
PrizePicks,player_points,Moses Moody,Under,11.5,-137,2025-11-27,2025-11-26T06:27:51Z
PrizePicks,player_points,Brandin Podziemski,Over,11.5,-137,2025-11-27,2025-11-26T06:27:51Z
PrizePicks,player_points,Brandin Podziemski,Under,11.5,-137,2025-11-27,2025-11-26T06:27:51Z
PrizePicks,player_points,Aaron Holiday,Over,10.5,-137,2025-11-27,2025-11-26T06:27:51Z
PrizePicks,player_points,Aaron Holiday,Under,10.5,-137,2025-11-27,2025-11-26T06:27:51Z
PrizePicks,player_points,Josh Okogie,Over,9.5,-137,2025-11-27,2025-11-26T06:27:51Z
PrizePicks,player_points,Josh Okogie,Under,9.5,-137,2025-11-27,2025-11-26T06:27:51Z
PrizePicks,player_points,Draymond Green,Over,8.5,-137,2025-11-27,2025-11-26T06:27:51Z
PrizePicks,player_points,Draymond Green,Under,8.5,-137,2025-11-27,2025-11-26T06:27:51Z
PrizePicks,player_points,Quinten Post,Over,8.5,-137,2025-11-27,2025-11-26T06:27:51Z
PrizePicks,player_points,Quinten Post,Under,8.5,-137,2025-11-27,2025-11-26T06:27:51Z
PrizePicks,player_points,Clint Capela,Over,5.5,-137,2025-11-27,2025-11-26T06:27:51Z
PrizePicks,player_points,Clint Capela,Under,5.5,-137,2025-11-27,2025-11-26T06:27:51Z
PrizePicks,player_points,Devin Booker,Over,28.5,-137,2025-11-27,2025-11-26T06:28:00Z
PrizePicks,player_points,Devin Booker,Under,28.5,-137,2025-11-27,2025-11-26T06:28:00Z
PrizePicks,player_points,Dillon Brooks,Over,20.5,-137,2025-11-27,2025-11-26T06:28:00Z
PrizePicks,player_points,Dillon Brooks,Under,20.5,-137,2025-11-27,2025-11-26T06:28:00Z
PrizePicks,player_points,Zach LaVine,Over,19.5,-137,2025-11-27,2025-11-26T06:28:00Z
PrizePicks,player_points,Zach LaVine,Under,19.5,-137,2025-11-27,2025-11-26T06:28:00Z
PrizePicks,player_points,DeMar DeRozan,Over,18.5,-137,2025-11-27,2025-11-26T06:28:00Z
PrizePicks,player_points,DeMar DeRozan,Under,18.5,-137,2025-11-27,2025-11-26T06:28:00Z
PrizePicks,player_points,Keegan Murray,Over,14.5,-137,2025-11-27,2025-11-26T06:28:00Z
PrizePicks,player_points,Keegan Murray,Under,14.5,-137,2025-11-27,2025-11-26T06:28:00Z
PrizePicks,player_points,Mark Williams,Over,13.5,-137,2025-11-27,2025-11-26T06:28:00Z
PrizePicks,player_points,Mark Williams,Under,13.5,-137,2025-11-27,2025-11-26T06:28:00Z
PrizePicks,player_points,Russell Westbrook,Over,12.5,-137,2025-11-27,2025-11-26T06:28:00Z
PrizePicks,player_points,Russell Westbrook,Under,12.5,-137,2025-11-27,2025-11-26T06:28:00Z
PrizePicks,player_points,Malik Monk,Over,11.5,-137,2025-11-27,2025-11-26T06:28:00Z
PrizePicks,player_points,Malik Monk,Under,11.5,-137,2025-11-27,2025-11-26T06:28:00Z
PrizePicks,player_points,Royce O'Neale,Over,11.5,-137,2025-11-27,2025-11-26T06:28:00Z
PrizePicks,player_points,Royce O'Neale,Under,11.5,-137,2025-11-27,2025-11-26T06:28:00Z
PrizePicks,player_points,Dennis Schroder,Over,10.5,-137,2025-11-27,2025-11-26T06:28:00Z
PrizePicks,player_points,Dennis Schroder,Under,10.5,-137,2025-11-27,2025-11-26T06:28:00Z
PrizePicks,player_points,Drew Eubanks,Over,7.5,-137,2025-11-27,2025-11-26T06:28:00Z
PrizePicks,player_points,Drew Eubanks,Under,7.5,-137,2025-11-27,2025-11-26T06:28:00Z
PrizePicks,player_points,Precious Achiuwa,Over,7.5,-137,2025-11-27,2025-11-26T06:28:00Z
PrizePicks,player_points,Precious Achiuwa,Under,7.5,-137,2025-11-27,2025-11-26T06:28:00Z
PrizePicks,player_points,Oso Ighodaro,Over,5.5,-137,2025-11-27,2025-11-26T06:28:00Z
PrizePicks,player_points,Oso Ighodaro,Under,5.5,-137,2025-11-27,2025-11-26T06:28:00Z
PrizePicks,player_points,De'Aaron Fox,Over,24.5,-137,2025-11-27,2025-11-26T06:28:26Z
PrizePicks,player_points,De'Aaron Fox,Under,24.5,-137,2025-11-27,2025-11-26T06:28:26Z
PrizePicks,player_points,Jerami Grant,Over,19.5,-137,2025-11-27,2025-11-26T06:28:26Z
PrizePicks,player_points,Jerami Grant,Under,19.5,-137,2025-11-27,2025-11-26T06:28:26Z
PrizePicks,player_points,Devin Vassell,Over,16.5,-137,2025-11-27,2025-11-26T06:28:26Z
PrizePicks,player_points,Devin Vassell,Under,16.5,-137,2025-11-27,2025-11-26T06:28:26Z
PrizePicks,player_points,Keldon Johnson,Over,14.5,-137,2025-11-27,2025-11-26T06:28:26Z
PrizePicks,player_points,Keldon Johnson,Under,14.5,-137,2025-11-27,2025-11-26T06:28:26Z
PrizePicks,player_points,Toumani Camara,Over,13.5,-137,2025-11-27,2025-11-26T06:28:26Z
PrizePicks,player_points,Toumani Camara,Under,13.5,-137,2025-11-27,2025-11-26T06:28:26Z
PrizePicks,player_points,Harrison Barnes,Over,12.5,-137,2025-11-27,2025-11-26T06:28:26Z
PrizePicks,player_points,Harrison Barnes,Under,12.5,-137,2025-11-27,2025-11-26T06:28:26Z
PrizePicks,player_points,Dylan Harper,Over,12.5,-137,2025-11-27,2025-11-26T06:28:26Z
PrizePicks,player_points,Dylan Harper,Under,12.5,-137,2025-11-27,2025-11-26T06:28:26Z
PrizePicks,player_points,Julian Champagnie,Over,11.5,-137,2025-11-27,2025-11-26T06:28:26Z
PrizePicks,player_points,Julian Champagnie,Under,11.5,-137,2025-11-27,2025-11-26T06:28:26Z
PrizePicks,player_points,Luke Kornet,Over,9.5,-137,2025-11-27,2025-11-26T06:28:26Z
PrizePicks,player_points,Luke Kornet,Under,9.5,-137,2025-11-27,2025-11-26T06:28:26Z
PrizePicks,player_points,Jeremy Sochan,Over,8.5,-137,2025-11-27,2025-11-26T06:28:26Z
PrizePicks,player_points,Jeremy Sochan,Under,8.5,-137,2025-11-27,2025-11-26T06:28:26Z
PrizePicks,player_points,Robert Williams,Over,4.5,-137,2025-11-27,2025-11-26T06:28:26Z
PrizePicks,player_points,Robert Williams,Under,4.5,-137,2025-11-27,2025-11-26T06:28:26Z
Betr DFS,player_points,Duncan Robinson,Over,10.5,-137,2025-11-26,2025-11-26T06:27:40Z
Betr DFS,player_points,Duncan Robinson,Under,10.5,-137,2025-11-26,2025-11-26T06:27:40Z
Betr DFS,player_points,Tobias Harris,Over,11.5,-137,2025-11-26,2025-11-26T06:27:40Z
Betr DFS,player_points,Tobias Harris,Under,11.5,-137,2025-11-26,2025-11-26T06:27:40Z
Betr DFS,player_points,Caris LeVert,Over,8.5,-137,2025-11-26,2025-11-26T06:27:40Z
Betr DFS,player_points,Caris LeVert,Under,8.5,-137,2025-11-26,2025-11-26T06:27:40Z
Betr DFS,player_points,Isaiah Stewart II,Over,7.5,-137,2025-11-26,2025-11-26T06:27:40Z
Betr DFS,player_points,Isaiah Stewart II,Under,7.5,-137,2025-11-26,2025-11-26T06:27:40Z
Betr DFS,player_points,Cade Cunningham,Over,25.5,-137,2025-11-26,2025-11-26T06:27:40Z
Betr DFS,player_points,Cade Cunningham,Under,25.5,-137,2025-11-26,2025-11-26T06:27:40Z
Betr DFS,player_points,Jaden Ivey,Over,8.5,-137,2025-11-26,2025-11-26T06:27:40Z
Betr DFS,player_points,Jaden Ivey,Under,8.5,-137,2025-11-26,2025-11-26T06:27:40Z
Betr DFS,player_points,Jalen Duren,Over,19.5,-137,2025-11-26,2025-11-26T06:27:40Z
Betr DFS,player_points,Jalen Duren,Under,19.5,-137,2025-11-26,2025-11-26T06:27:40Z
Betr DFS,player_points,Ausar Thompson,Over,11.5,-137,2025-11-26,2025-11-26T06:27:40Z
Betr DFS,player_points,Ausar Thompson,Under,11.5,-137,2025-11-26,2025-11-26T06:27:40Z
Betr DFS,player_points,Jaylen Brown,Over,27.5,-137,2025-11-26,2025-11-26T06:27:40Z
Betr DFS,player_points,Jaylen Brown,Under,27.5,-137,2025-11-26,2025-11-26T06:27:40Z
Betr DFS,player_points,Derrick White,Over,16.5,-137,2025-11-26,2025-11-26T06:27:40Z
Betr DFS,player_points,Derrick White,Under,16.5,-137,2025-11-26,2025-11-26T06:27:40Z
Betr DFS,player_points,Payton Pritchard,Over,16.5,-137,2025-11-26,2025-11-26T06:27:40Z
Betr DFS,player_points,Payton Pritchard,Under,16.5,-137,2025-11-26,2025-11-26T06:27:40Z
Betr DFS,player_points,Luka Garza,Over,9.5,-137,2025-11-26,2025-11-26T06:27:40Z
Betr DFS,player_points,Luka Garza,Under,9.5,-137,2025-11-26,2025-11-26T06:27:40Z
Betr DFS,player_points,Anfernee Simons,Over,13.5,-137,2025-11-26,2025-11-26T06:27:40Z
Betr DFS,player_points,Anfernee Simons,Under,13.5,-137,2025-11-26,2025-11-26T06:27:40Z
Betr DFS,player_points,Josh Hart,Over,11.5,-137,2025-11-27,2025-11-26T06:27:23Z
Betr DFS,player_points,Josh Hart,Under,11.5,-137,2025-11-27,2025-11-26T06:27:23Z
Betr DFS,player_points,Jalen Brunson,Over,28.5,-137,2025-11-27,2025-11-26T06:27:23Z
Betr DFS,player_points,Jalen Brunson,Under,28.5,-137,2025-11-27,2025-11-26T06:27:23Z
Betr DFS,player_points,Miles McBride,Over,11.5,-137,2025-11-27,2025-11-26T06:27:23Z
Betr DFS,player_points,Miles McBride,Under,11.5,-137,2025-11-27,2025-11-26T06:27:23Z
Betr DFS,player_points,Mikal Bridges,Over,16.5,-137,2025-11-27,2025-11-26T06:27:23Z
Betr DFS,player_points,Mikal Bridges,Under,16.5,-137,2025-11-27,2025-11-26T06:27:23Z
Betr DFS,player_points,Karl-Anthony Towns,Over,24.5,-137,2025-11-27,2025-11-26T06:27:23Z
Betr DFS,player_points,Karl-Anthony Towns,Under,24.5,-137,2025-11-27,2025-11-26T06:27:23Z
Betr DFS,player_points,Jordan Clarkson,Over,12.5,-137,2025-11-27,2025-11-26T06:27:23Z
Betr DFS,player_points,Jordan Clarkson,Under,12.5,-137,2025-11-27,2025-11-26T06:27:23Z
Betr DFS,player_points,LaMelo Ball,Over,18.5,-137,2025-11-27,2025-11-26T06:27:23Z
Betr DFS,player_points,LaMelo Ball,Under,18.5,-137,2025-11-27,2025-11-26T06:27:23Z
Betr DFS,player_points,Brandon Miller,Over,17.5,-137,2025-11-27,2025-11-26T06:27:23Z
Betr DFS,player_points,Brandon Miller,Under,17.5,-137,2025-11-27,2025-11-26T06:27:23Z
Betr DFS,player_points,Miles Bridges,Over,19.5,-137,2025-11-27,2025-11-26T06:27:23Z
Betr DFS,player_points,Miles Bridges,Under,19.5,-137,2025-11-27,2025-11-26T06:27:23Z
Betr DFS,player_points,Kon Knueppel,Over,17.5,-137,2025-11-27,2025-11-26T06:27:23Z
Betr DFS,player_points,Kon Knueppel,Under,17.5,-137,2025-11-27,2025-11-26T06:27:23Z
Betr DFS,player_points,Pascal Siakam,Over,23.5,-137,2025-11-27,2025-11-26T06:27:40Z
Betr DFS,player_points,Pascal Siakam,Under,23.5,-137,2025-11-27,2025-11-26T06:27:40Z
Betr DFS,player_points,T.J. McConnell,Over,9.5,-137,2025-11-27,2025-11-26T06:27:40Z
Betr DFS,player_points,T.J. McConnell,Under,9.5,-137,2025-11-27,2025-11-26T06:27:40Z
Betr DFS,player_points,Bennedict Mathurin,Over,20.5,-137,2025-11-27,2025-11-26T06:27:40Z
Betr DFS,player_points,Bennedict Mathurin,Under,20.5,-137,2025-11-27,2025-11-26T06:27:40Z
Betr DFS,player_points,Andrew Nembhard,Over,16.5,-137,2025-11-27,2025-11-26T06:27:40Z
Betr DFS,player_points,Andrew Nembhard,Under,16.5,-137,2025-11-27,2025-11-26T06:27:40Z
Betr DFS,player_points,Jarace Walker,Over,9.5,-137,2025-11-27,2025-11-26T06:27:40Z
Betr DFS,player_points,Immanuel Quickley,Over,16.5,-137,2025-11-27,2025-11-26T06:27:40Z
Betr DFS,player_points,Immanuel Quickley,Under,16.5,-137,2025-11-27,2025-11-26T06:27:40Z
Betr DFS,player_points,Jakob Poeltl,Over,12.5,-137,2025-11-27,2025-11-26T06:27:40Z
Betr DFS,player_points,Jakob Poeltl,Under,12.5,-137,2025-11-27,2025-11-26T06:27:40Z
Betr DFS,player_points,Scottie Barnes,Over,19.5,-137,2025-11-27,2025-11-26T06:27:40Z
Betr DFS,player_points,Scottie Barnes,Under,19.5,-137,2025-11-27,2025-11-26T06:27:40Z
Betr DFS,player_points,Brandon Ingram,Over,23.5,-137,2025-11-27,2025-11-26T06:27:40Z
Betr DFS,player_points,Brandon Ingram,Under,23.5,-137,2025-11-27,2025-11-26T06:27:40Z
Betr DFS,player_points,Jamal Shead,Over,7.5,-137,2025-11-27,2025-11-26T06:27:40Z
Betr DFS,player_points,Jamal Shead,Under,7.5,-137,2025-11-27,2025-11-26T06:27:40Z
Betr DFS,player_points,Kyle Kuzma,Over,12.5,-137,2025-11-27,2025-11-26T06:28:08Z
Betr DFS,player_points,Kyle Kuzma,Under,12.5,-137,2025-11-27,2025-11-26T06:28:08Z
Betr DFS,player_points,Gary Trent Jr,Over,10.5,-137,2025-11-27,2025-11-26T06:28:08Z
Betr DFS,player_points,Gary Trent Jr,Under,10.5,-137,2025-11-27,2025-11-26T06:28:08Z
Betr DFS,player_points,Myles Turner,Over,13.5,-137,2025-11-27,2025-11-26T06:28:08Z
Betr DFS,player_points,Myles Turner,Under,13.5,-137,2025-11-27,2025-11-26T06:28:08Z
Betr DFS,player_points,Giannis Antetokounmpo,Over,28.5,-137,2025-11-27,2025-11-26T06:28:08Z
Betr DFS,player_points,Giannis Antetokounmpo,Under,28.5,-137,2025-11-27,2025-11-26T06:28:08Z
Betr DFS,player_points,Bobby Portis,Over,13.5,-137,2025-11-27,2025-11-26T06:28:08Z
Betr DFS,player_points,Bobby Portis,Under,13.5,-137,2025-11-27,2025-11-26T06:28:08Z
Betr DFS,player_points,A.J. Green,Over,9.5,-137,2025-11-27,2025-11-26T06:28:08Z
Betr DFS,player_points,A.J. Green,Under,9.5,-137,2025-11-27,2025-11-26T06:28:08Z
Betr DFS,player_points,Ryan Rollins,Over,18.5,-137,2025-11-27,2025-11-26T06:28:08Z
Betr DFS,player_points,Ryan Rollins,Under,18.5,-137,2025-11-27,2025-11-26T06:28:08Z
Betr DFS,player_points,Bam Adebayo,Over,17.5,-137,2025-11-27,2025-11-26T06:28:08Z
Betr DFS,player_points,Bam Adebayo,Under,17.5,-137,2025-11-27,2025-11-26T06:28:08Z
Betr DFS,player_points,Tyler Herro,Over,19.5,-137,2025-11-27,2025-11-26T06:28:08Z
Betr DFS,player_points,Tyler Herro,Under,19.5,-137,2025-11-27,2025-11-26T06:28:08Z
Betr DFS,player_points,Andrew Wiggins,Over,13.5,-137,2025-11-27,2025-11-26T06:28:08Z
Betr DFS,player_points,Andrew Wiggins,Under,13.5,-137,2025-11-27,2025-11-26T06:28:08Z
Betr DFS,player_points,Norman Powell,Over,19.5,-137,2025-11-27,2025-11-26T06:28:08Z
Betr DFS,player_points,Norman Powell,Under,19.5,-137,2025-11-27,2025-11-26T06:28:08Z
Betr DFS,player_points,Davion Mitchell,Over,8.5,-137,2025-11-27,2025-11-26T06:28:08Z
Betr DFS,player_points,Davion Mitchell,Under,8.5,-137,2025-11-27,2025-11-26T06:28:08Z
Betr DFS,player_points,Kel'el Ware,Over,12.5,-137,2025-11-27,2025-11-26T06:28:08Z
Betr DFS,player_points,Kel'el Ware,Under,12.5,-137,2025-11-27,2025-11-26T06:28:08Z
Betr DFS,player_points,Pelle Larsson,Over,9.5,-137,2025-11-27,2025-11-26T06:28:08Z
Betr DFS,player_points,Pelle Larsson,Under,9.5,-137,2025-11-27,2025-11-26T06:28:08Z
Betr DFS,player_points,Julius Randle,Over,21.5,-137,2025-11-27,2025-11-26T06:27:30Z
Betr DFS,player_points,Julius Randle,Under,21.5,-137,2025-11-27,2025-11-26T06:27:30Z
Betr DFS,player_points,Rudy Gobert,Over,9.5,-137,2025-11-27,2025-11-26T06:27:30Z
Betr DFS,player_points,Rudy Gobert,Under,9.5,-137,2025-11-27,2025-11-26T06:27:30Z
Betr DFS,player_points,Naz Reid,Over,11.5,-137,2025-11-27,2025-11-26T06:27:30Z
Betr DFS,player_points,Naz Reid,Under,11.5,-137,2025-11-27,2025-11-26T06:27:30Z
Betr DFS,player_points,Anthony Edwards,Over,25.5,-137,2025-11-27,2025-11-26T06:27:30Z
Betr DFS,player_points,Anthony Edwards,Under,25.5,-137,2025-11-27,2025-11-26T06:27:30Z
Betr DFS,player_points,Jaden McDaniels,Over,13.5,-137,2025-11-27,2025-11-26T06:27:30Z
Betr DFS,player_points,Jaden McDaniels,Under,13.5,-137,2025-11-27,2025-11-26T06:27:30Z
Betr DFS,player_points,Donte DiVincenzo,Over,12.5,-137,2025-11-27,2025-11-26T06:27:30Z
Betr DFS,player_points,Donte DiVincenzo,Under,12.5,-137,2025-11-27,2025-11-26T06:27:30Z
Betr DFS,player_points,Isaiah Hartenstein,Over,12.5,-137,2025-11-27,2025-11-26T06:27:30Z
Betr DFS,player_points,Isaiah Hartenstein,Under,12.5,-137,2025-11-27,2025-11-26T06:27:30Z
Betr DFS,player_points,Alex Caruso,Over,7.5,-137,2025-11-27,2025-11-26T06:27:30Z
Betr DFS,player_points,Alex Caruso,Under,7.5,-137,2025-11-27,2025-11-26T06:27:30Z
Betr DFS,player_points,Shai Gilgeous-Alexander,Over,30.5,-137,2025-11-27,2025-11-26T06:27:30Z
Betr DFS,player_points,Shai Gilgeous-Alexander,Under,30.5,-137,2025-11-27,2025-11-26T06:27:30Z
Betr DFS,player_points,Luguentz Dort,Over,8.5,-137,2025-11-27,2025-11-26T06:27:30Z
Betr DFS,player_points,Luguentz Dort,Under,8.5,-137,2025-11-27,2025-11-26T06:27:30Z
Betr DFS,player_points,Chet Holmgren,Over,18.5,-137,2025-11-27,2025-11-26T06:27:30Z
Betr DFS,player_points,Chet Holmgren,Under,18.5,-137,2025-11-27,2025-11-26T06:27:30Z
Betr DFS,player_points,Cason Wallace,Over,9.5,-137,2025-11-27,2025-11-26T06:27:30Z
Betr DFS,player_points,Cason Wallace,Under,9.5,-137,2025-11-27,2025-11-26T06:27:30Z
Betr DFS,player_points,Ajay Mitchell,Over,16.5,-137,2025-11-27,2025-11-26T06:27:30Z
Betr DFS,player_points,Ajay Mitchell,Under,16.5,-137,2025-11-27,2025-11-26T06:27:30Z
Betr DFS,player_points,Kentavious Caldwell-Pope,Over,7.5,-137,2025-11-27,2025-11-26T06:27:40Z
Betr DFS,player_points,Kentavious Caldwell-Pope,Under,7.5,-137,2025-11-27,2025-11-26T06:27:40Z
Betr DFS,player_points,Jaren Jackson Jr,Over,21.5,-137,2025-11-27,2025-11-26T06:27:40Z
Betr DFS,player_points,Jaren Jackson Jr,Under,21.5,-137,2025-11-27,2025-11-26T06:27:40Z
Betr DFS,player_points,Vincent Williams Jr,Over,10.5,-137,2025-11-27,2025-11-26T06:27:40Z
Betr DFS,player_points,Vincent Williams Jr,Under,10.5,-137,2025-11-27,2025-11-26T06:27:40Z
Betr DFS,player_points,Zach Edey,Over,11.5,-137,2025-11-27,2025-11-26T06:27:40Z
Betr DFS,player_points,Zach Edey,Under,11.5,-137,2025-11-27,2025-11-26T06:27:40Z
Betr DFS,player_points,Jaylen Wells,Over,13.5,-137,2025-11-27,2025-11-26T06:27:40Z
Betr DFS,player_points,Jaylen Wells,Under,13.5,-137,2025-11-27,2025-11-26T06:27:40Z
Betr DFS,player_points,Cedric Coward,Over,13.5,-137,2025-11-27,2025-11-26T06:27:40Z
Betr DFS,player_points,Cedric Coward,Under,13.5,-137,2025-11-27,2025-11-26T06:27:40Z
Betr DFS,player_points,Saddiq Bey,Over,14.5,-137,2025-11-27,2025-11-26T06:27:40Z
Betr DFS,player_points,Saddiq Bey,Under,14.5,-137,2025-11-27,2025-11-26T06:27:40Z
Betr DFS,player_points,Zion Williamson,Over,22.5,-137,2025-11-27,2025-11-26T06:27:40Z
Betr DFS,player_points,Zion Williamson,Under,22.5,-137,2025-11-27,2025-11-26T06:27:40Z
Betr DFS,player_points,Trey Murphy III,Over,19.5,-137,2025-11-27,2025-11-26T06:27:40Z
Betr DFS,player_points,Trey Murphy III,Under,19.5,-137,2025-11-27,2025-11-26T06:27:40Z
Betr DFS,player_points,Jeremiah Fears,Over,14.5,-137,2025-11-27,2025-11-26T06:27:40Z
Betr DFS,player_points,Jeremiah Fears,Under,14.5,-137,2025-11-27,2025-11-26T06:27:40Z
Betr DFS,player_points,Aaron Holiday,Over,9.5,-137,2025-11-27,2025-11-26T06:28:33Z
Betr DFS,player_points,Aaron Holiday,Under,9.5,-137,2025-11-27,2025-11-26T06:28:33Z
Betr DFS,player_points,Alperen Sengun,Over,22.5,-137,2025-11-27,2025-11-26T06:28:33Z
Betr DFS,player_points,Alperen Sengun,Under,22.5,-137,2025-11-27,2025-11-26T06:28:33Z
Betr DFS,player_points,Jabari Smith Jr,Over,15.5,-137,2025-11-27,2025-11-26T06:28:33Z
Betr DFS,player_points,Jabari Smith Jr,Under,15.5,-137,2025-11-27,2025-11-26T06:28:33Z
Betr DFS,player_points,Josh Okogie,Over,9.5,-137,2025-11-27,2025-11-26T06:28:33Z
Betr DFS,player_points,Josh Okogie,Under,9.5,-137,2025-11-27,2025-11-26T06:28:33Z
Betr DFS,player_points,Amen Thompson,Over,19.5,-137,2025-11-27,2025-11-26T06:28:33Z
Betr DFS,player_points,Amen Thompson,Under,19.5,-137,2025-11-27,2025-11-26T06:28:33Z
Betr DFS,player_points,Reed Sheppard,Over,14.5,-137,2025-11-27,2025-11-26T06:28:33Z
Betr DFS,player_points,Reed Sheppard,Under,14.5,-137,2025-11-27,2025-11-26T06:28:33Z
Betr DFS,player_points,Jimmy Butler,Over,19.5,-137,2025-11-27,2025-11-26T06:28:33Z
Betr DFS,player_points,Jimmy Butler,Under,19.5,-137,2025-11-27,2025-11-26T06:28:33Z
Betr DFS,player_points,Draymond Green,Over,8.5,-137,2025-11-27,2025-11-26T06:28:33Z
Betr DFS,player_points,Draymond Green,Under,8.5,-137,2025-11-27,2025-11-26T06:28:33Z
Betr DFS,player_points,Stephen Curry,Over,26.5,-137,2025-11-27,2025-11-26T06:28:33Z
Betr DFS,player_points,Stephen Curry,Under,26.5,-137,2025-11-27,2025-11-26T06:28:33Z
Betr DFS,player_points,Moses Moody,Over,11.5,-137,2025-11-27,2025-11-26T06:28:33Z
Betr DFS,player_points,Moses Moody,Under,11.5,-137,2025-11-27,2025-11-26T06:28:33Z
Betr DFS,player_points,Brandin Podziemski,Over,11.5,-137,2025-11-27,2025-11-26T06:28:33Z
Betr DFS,player_points,Brandin Podziemski,Under,11.5,-137,2025-11-27,2025-11-26T06:28:33Z
Betr DFS,player_points,Quinten Post,Over,8.5,-137,2025-11-27,2025-11-26T06:28:33Z
Betr DFS,player_points,Quinten Post,Under,8.5,-137,2025-11-27,2025-11-26T06:28:33Z
Betr DFS,player_points,Will Richard,Over,7.5,-137,2025-11-27,2025-11-26T06:28:33Z
Betr DFS,player_points,Will Richard,Under,7.5,-137,2025-11-27,2025-11-26T06:28:33Z
Betr DFS,player_points,Mark Williams,Over,13.5,-137,2025-11-27,2025-11-26T06:28:27Z
Betr DFS,player_points,Mark Williams,Under,13.5,-137,2025-11-27,2025-11-26T06:28:27Z
Betr DFS,player_points,Royce O'Neale,Over,11.5,-137,2025-11-27,2025-11-26T06:28:27Z
Betr DFS,player_points,Royce O'Neale,Under,11.5,-137,2025-11-27,2025-11-26T06:28:27Z
Betr DFS,player_points,Dillon Brooks,Over,20.5,-137,2025-11-27,2025-11-26T06:28:27Z
Betr DFS,player_points,Dillon Brooks,Under,20.5,-137,2025-11-27,2025-11-26T06:28:27Z
Betr DFS,player_points,Devin Booker,Over,28.5,-137,2025-11-27,2025-11-26T06:28:27Z
Betr DFS,player_points,Devin Booker,Under,28.5,-137,2025-11-27,2025-11-26T06:28:27Z
Betr DFS,player_points,Precious Achiuwa,Over,7.5,-137,2025-11-27,2025-11-26T06:28:27Z
Betr DFS,player_points,Precious Achiuwa,Under,7.5,-137,2025-11-27,2025-11-26T06:28:27Z
Betr DFS,player_points,DeMar DeRozan,Over,18.5,-137,2025-11-27,2025-11-26T06:28:27Z
Betr DFS,player_points,DeMar DeRozan,Under,18.5,-137,2025-11-27,2025-11-26T06:28:27Z
Betr DFS,player_points,Zach LaVine,Over,19.5,-137,2025-11-27,2025-11-26T06:28:27Z
Betr DFS,player_points,Zach LaVine,Under,19.5,-137,2025-11-27,2025-11-26T06:28:27Z
Betr DFS,player_points,Drew Eubanks,Over,7.5,-137,2025-11-27,2025-11-26T06:28:27Z
Betr DFS,player_points,Drew Eubanks,Under,7.5,-137,2025-11-27,2025-11-26T06:28:27Z
Betr DFS,player_points,Dennis Schroder,Over,10.5,-137,2025-11-27,2025-11-26T06:28:27Z
Betr DFS,player_points,Dennis Schroder,Under,10.5,-137,2025-11-27,2025-11-26T06:28:27Z
Betr DFS,player_points,Russell Westbrook,Over,12.5,-137,2025-11-27,2025-11-26T06:28:27Z
Betr DFS,player_points,Russell Westbrook,Under,12.5,-137,2025-11-27,2025-11-26T06:28:27Z
Betr DFS,player_points,Malik Monk,Over,11.5,-137,2025-11-27,2025-11-26T06:28:27Z
Betr DFS,player_points,Malik Monk,Under,11.5,-137,2025-11-27,2025-11-26T06:28:27Z
Betr DFS,player_points,Luke Kornet,Over,9.5,-137,2025-11-27,2025-11-26T06:28:32Z
Betr DFS,player_points,Luke Kornet,Under,9.5,-137,2025-11-27,2025-11-26T06:28:32Z
Betr DFS,player_points,Keldon Johnson,Over,14.5,-137,2025-11-27,2025-11-26T06:28:32Z
Betr DFS,player_points,Keldon Johnson,Under,14.5,-137,2025-11-27,2025-11-26T06:28:32Z
Betr DFS,player_points,Devin Vassell,Over,16.5,-137,2025-11-27,2025-11-26T06:28:32Z
Betr DFS,player_points,Devin Vassell,Under,16.5,-137,2025-11-27,2025-11-26T06:28:32Z
Betr DFS,player_points,Jeremy Sochan,Over,8.5,-137,2025-11-27,2025-11-26T06:28:32Z
Betr DFS,player_points,Jeremy Sochan,Under,8.5,-137,2025-11-27,2025-11-26T06:28:32Z
Betr DFS,player_points,Julian Champagnie,Over,12.5,-137,2025-11-27,2025-11-26T06:28:32Z
Betr DFS,player_points,Julian Champagnie,Under,12.5,-137,2025-11-27,2025-11-26T06:28:32Z
Betr DFS,player_points,Harrison Barnes,Over,12.5,-137,2025-11-27,2025-11-26T06:28:32Z
Betr DFS,player_points,Harrison Barnes,Under,12.5,-137,2025-11-27,2025-11-26T06:28:32Z
Betr DFS,player_points,De'Aaron Fox,Over,24.5,-137,2025-11-27,2025-11-26T06:28:32Z
Betr DFS,player_points,De'Aaron Fox,Under,24.5,-137,2025-11-27,2025-11-26T06:28:32Z
Betr DFS,player_points,Dylan Harper,Over,12.5,-137,2025-11-27,2025-11-26T06:28:32Z
Betr DFS,player_points,Dylan Harper,Under,12.5,-137,2025-11-27,2025-11-26T06:28:32Z
Betr DFS,player_points,Deni Avdija,Over,26.5,-137,2025-11-27,2025-11-26T06:28:32Z
Betr DFS,player_points,Deni Avdija,Under,26.5,-137,2025-11-27,2025-11-26T06:28:32Z
Betr DFS,player_points,Jerami Grant,Over,19.5,-137,2025-11-27,2025-11-26T06:28:32Z
Betr DFS,player_points,Jerami Grant,Under,19.5,-137,2025-11-27,2025-11-26T06:28:32Z
Betr DFS,player_points,Shaedon Sharpe,Over,22.5,-137,2025-11-27,2025-11-26T06:28:32Z
Betr DFS,player_points,Shaedon Sharpe,Under,22.5,-137,2025-11-27,2025-11-26T06:28:32Z
Betr DFS,player_points,Toumani Camara,Over,13.5,-137,2025-11-27,2025-11-26T06:28:32Z
Betr DFS,player_points,Toumani Camara,Under,13.5,-137,2025-11-27,2025-11-26T06:28:32Z
Betr DFS,player_points,Donovan Clingan,Over,11.5,-137,2025-11-27,2025-11-26T06:28:32Z
Betr DFS,player_points,Donovan Clingan,Under,11.5,-137,2025-11-27,2025-11-26T06:28:32Z
DraftKings Pick6,player_rebounds,Luka Doncic,Over,9.5,-137,2025-11-26,2025-11-26T06:13:47Z
DraftKings Pick6,player_rebounds,Luka Doncic,Under,9.5,-137,2025-11-26,2025-11-26T06:13:47Z
Underdog,player_rebounds,Anfernee Simons,Over,2.5,-137,2025-11-26,2025-11-26T06:27:45Z
Underdog,player_rebounds,Anfernee Simons,Under,2.5,-137,2025-11-26,2025-11-26T06:27:45Z
Underdog,player_rebounds,Cade Cunningham,Over,5.5,-137,2025-11-26,2025-11-26T06:27:45Z
Underdog,player_rebounds,Cade Cunningham,Under,5.5,-137,2025-11-26,2025-11-26T06:27:45Z
Underdog,player_rebounds,Tobias Harris,Over,4.5,-137,2025-11-26,2025-11-26T06:27:45Z
Underdog,player_rebounds,Tobias Harris,Under,4.5,-137,2025-11-26,2025-11-26T06:27:45Z
Underdog,player_rebounds,Jalen Duren,Over,12.5,-137,2025-11-26,2025-11-26T06:27:45Z
Underdog,player_rebounds,Jalen Duren,Under,12.5,-137,2025-11-26,2025-11-26T06:27:45Z
Underdog,player_rebounds,Isaiah Stewart II,Over,5.5,-137,2025-11-26,2025-11-26T06:27:45Z
Underdog,player_rebounds,Isaiah Stewart II,Under,5.5,-137,2025-11-26,2025-11-26T06:27:45Z
Underdog,player_rebounds,Duncan Robinson,Over,2.5,-137,2025-11-26,2025-11-26T06:27:45Z
Underdog,player_rebounds,Duncan Robinson,Under,2.5,-137,2025-11-26,2025-11-26T06:27:45Z
Underdog,player_rebounds,Karl-Anthony Towns,Over,12.5,-137,2025-11-27,2025-11-26T06:27:13Z
Underdog,player_rebounds,Karl-Anthony Towns,Under,12.5,-137,2025-11-27,2025-11-26T06:27:13Z
Underdog,player_rebounds,Josh Hart,Over,7.5,-137,2025-11-27,2025-11-26T06:27:13Z
Underdog,player_rebounds,Josh Hart,Under,7.5,-137,2025-11-27,2025-11-26T06:27:13Z
Underdog,player_rebounds,Mitchell Robinson,Over,6.5,-137,2025-11-27,2025-11-26T06:27:13Z
Underdog,player_rebounds,Mitchell Robinson,Under,6.5,-137,2025-11-27,2025-11-26T06:27:13Z
Underdog,player_rebounds,Ryan Kalkbrenner,Over,6.5,-137,2025-11-27,2025-11-26T06:27:13Z
Underdog,player_rebounds,Ryan Kalkbrenner,Under,6.5,-137,2025-11-27,2025-11-26T06:27:13Z
Underdog,player_rebounds,Scottie Barnes,Over,7.5,-137,2025-11-27,2025-11-26T06:27:20Z
Underdog,player_rebounds,Scottie Barnes,Under,7.5,-137,2025-11-27,2025-11-26T06:27:20Z
Underdog,player_rebounds,Jakob Poeltl,Over,9.5,-137,2025-11-27,2025-11-26T06:27:20Z
Underdog,player_rebounds,Jakob Poeltl,Under,9.5,-137,2025-11-27,2025-11-26T06:27:20Z
Underdog,player_rebounds,Bennedict Mathurin,Over,5.5,-137,2025-11-27,2025-11-26T06:27:20Z
Underdog,player_rebounds,Bennedict Mathurin,Under,5.5,-137,2025-11-27,2025-11-26T06:27:20Z
Underdog,player_rebounds,T.J. McConnell,Over,2.5,-137,2025-11-27,2025-11-26T06:27:20Z
Underdog,player_rebounds,T.J. McConnell,Under,2.5,-137,2025-11-27,2025-11-26T06:27:20Z
Underdog,player_rebounds,Sandro Mamukelashvili,Over,5.5,-137,2025-11-27,2025-11-26T06:27:20Z
Underdog,player_rebounds,Sandro Mamukelashvili,Under,5.5,-137,2025-11-27,2025-11-26T06:27:20Z
Underdog,player_rebounds,Isaiah Jackson,Over,5.5,-137,2025-11-27,2025-11-26T06:27:20Z
Underdog,player_rebounds,Isaiah Jackson,Under,5.5,-137,2025-11-27,2025-11-26T06:27:20Z
Underdog,player_rebounds,Kel'el Ware,Over,11.5,-137,2025-11-27,2025-11-26T06:28:22Z
Underdog,player_rebounds,Kel'el Ware,Under,11.5,-137,2025-11-27,2025-11-26T06:28:22Z
Underdog,player_rebounds,Anthony Edwards,Over,4.5,-137,2025-11-27,2025-11-26T06:28:13Z
Underdog,player_rebounds,Anthony Edwards,Under,4.5,-137,2025-11-27,2025-11-26T06:28:13Z
Underdog,player_rebounds,Chet Holmgren,Over,7.5,-137,2025-11-27,2025-11-26T06:28:13Z
Underdog,player_rebounds,Chet Holmgren,Under,7.5,-137,2025-11-27,2025-11-26T06:28:13Z
Underdog,player_rebounds,Julius Randle,Over,6.5,-137,2025-11-27,2025-11-26T06:28:13Z
Underdog,player_rebounds,Julius Randle,Under,6.5,-137,2025-11-27,2025-11-26T06:28:13Z
Underdog,player_rebounds,Jaden McDaniels,Over,4.5,-137,2025-11-27,2025-11-26T06:28:13Z
Underdog,player_rebounds,Jaden McDaniels,Under,4.5,-137,2025-11-27,2025-11-26T06:28:13Z
Underdog,player_rebounds,Mike Conley,Over,1.5,-137,2025-11-27,2025-11-26T06:28:13Z
Underdog,player_rebounds,Mike Conley,Under,1.5,-137,2025-11-27,2025-11-26T06:28:13Z
Underdog,player_rebounds,Isaiah Hartenstein,Over,9.5,-137,2025-11-27,2025-11-26T06:28:13Z
Underdog,player_rebounds,Isaiah Hartenstein,Under,9.5,-137,2025-11-27,2025-11-26T06:28:13Z
Underdog,player_rebounds,Jaylin Williams,Over,4.5,-137,2025-11-27,2025-11-26T06:28:13Z
Underdog,player_rebounds,Jaylin Williams,Under,4.5,-137,2025-11-27,2025-11-26T06:28:13Z
Underdog,player_rebounds,Naz Reid,Over,5.5,-137,2025-11-27,2025-11-26T06:28:13Z
Underdog,player_rebounds,Naz Reid,Under,5.5,-137,2025-11-27,2025-11-26T06:28:13Z
Underdog,player_rebounds,Zach Edey,Over,8.5,-137,2025-11-27,2025-11-26T06:28:27Z
Underdog,player_rebounds,Zach Edey,Under,8.5,-137,2025-11-27,2025-11-26T06:28:27Z
Underdog,player_rebounds,Jaren Jackson Jr,Over,5.5,-137,2025-11-27,2025-11-26T06:28:27Z
Underdog,player_rebounds,Jaren Jackson Jr,Under,5.5,-137,2025-11-27,2025-11-26T06:28:27Z
Underdog,player_rebounds,Trey Murphy III,Over,5.5,-137,2025-11-27,2025-11-26T06:28:27Z
Underdog,player_rebounds,Trey Murphy III,Under,5.5,-137,2025-11-27,2025-11-26T06:28:27Z
Underdog,player_rebounds,Vincent Williams Jr,Over,5.5,-137,2025-11-27,2025-11-26T06:28:27Z
Underdog,player_rebounds,Vincent Williams Jr,Under,5.5,-137,2025-11-27,2025-11-26T06:28:27Z
Underdog,player_rebounds,Cedric Coward,Over,5.5,-137,2025-11-27,2025-11-26T06:28:27Z
Underdog,player_rebounds,Cedric Coward,Under,5.5,-137,2025-11-27,2025-11-26T06:28:27Z
Underdog,player_rebounds,Jimmy Butler,Over,5.5,-137,2025-11-27,2025-11-26T06:28:19Z
Underdog,player_rebounds,Jimmy Butler,Under,5.5,-137,2025-11-27,2025-11-26T06:28:19Z
Underdog,player_rebounds,Draymond Green,Over,5.5,-137,2025-11-27,2025-11-26T06:28:19Z
Underdog,player_rebounds,Draymond Green,Under,5.5,-137,2025-11-27,2025-11-26T06:28:19Z
Underdog,player_rebounds,Jabari Smith Jr,Over,7.5,-137,2025-11-27,2025-11-26T06:28:19Z
Underdog,player_rebounds,Jabari Smith Jr,Under,7.5,-137,2025-11-27,2025-11-26T06:28:19Z
Underdog,player_rebounds,Amen Thompson,Over,7.5,-137,2025-11-27,2025-11-26T06:28:19Z
Underdog,player_rebounds,Amen Thompson,Under,7.5,-137,2025-11-27,2025-11-26T06:28:19Z
Underdog,player_rebounds,Zach LaVine,Over,3.5,-137,2025-11-27,2025-11-26T06:27:39Z
Underdog,player_rebounds,Zach LaVine,Under,3.5,-137,2025-11-27,2025-11-26T06:27:39Z
Underdog,player_rebounds,DeMar DeRozan,Over,3.5,-137,2025-11-27,2025-11-26T06:27:39Z
Underdog,player_rebounds,DeMar DeRozan,Under,3.5,-137,2025-11-27,2025-11-26T06:27:39Z
Underdog,player_rebounds,Russell Westbrook,Over,6.5,-137,2025-11-27,2025-11-26T06:27:39Z
Underdog,player_rebounds,Russell Westbrook,Under,6.5,-137,2025-11-27,2025-11-26T06:27:39Z
Underdog,player_rebounds,De'Aaron Fox,Over,3.5,-137,2025-11-27,2025-11-26T06:27:52Z
Underdog,player_rebounds,De'Aaron Fox,Under,3.5,-137,2025-11-27,2025-11-26T06:27:52Z
Underdog,player_rebounds,Harrison Barnes,Over,3.5,-137,2025-11-27,2025-11-26T06:27:52Z
Underdog,player_rebounds,Harrison Barnes,Under,3.5,-137,2025-11-27,2025-11-26T06:27:52Z
Underdog,player_rebounds,Keldon Johnson,Over,6.5,-137,2025-11-27,2025-11-26T06:27:52Z
Underdog,player_rebounds,Keldon Johnson,Under,6.5,-137,2025-11-27,2025-11-26T06:27:52Z
Underdog,player_rebounds,Shaedon Sharpe,Over,4.5,-137,2025-11-27,2025-11-26T06:27:52Z
Underdog,player_rebounds,Shaedon Sharpe,Under,4.5,-137,2025-11-27,2025-11-26T06:27:52Z
Underdog,player_rebounds,Robert Williams,Over,4.5,-137,2025-11-27,2025-11-26T06:27:52Z
Underdog,player_rebounds,Robert Williams,Under,4.5,-137,2025-11-27,2025-11-26T06:27:52Z
Underdog,player_rebounds,Kris Murray,Over,3.5,-137,2025-11-27,2025-11-26T06:27:52Z
Underdog,player_rebounds,Kris Murray,Under,3.5,-137,2025-11-27,2025-11-26T06:27:52Z
PrizePicks,player_rebounds,Jalen Duren,Over,12.5,-137,2025-11-26,2025-11-26T06:28:01Z
PrizePicks,player_rebounds,Jalen Duren,Under,12.5,-137,2025-11-26,2025-11-26T06:28:01Z
PrizePicks,player_rebounds,Cade Cunningham,Over,5.5,-137,2025-11-26,2025-11-26T06:28:01Z
PrizePicks,player_rebounds,Cade Cunningham,Under,5.5,-137,2025-11-26,2025-11-26T06:28:01Z
PrizePicks,player_rebounds,Isaiah Stewart II,Over,5.5,-137,2025-11-26,2025-11-26T06:28:01Z
PrizePicks,player_rebounds,Isaiah Stewart II,Under,5.5,-137,2025-11-26,2025-11-26T06:28:01Z
PrizePicks,player_rebounds,Jaylen Brown,Over,5.5,-137,2025-11-26,2025-11-26T06:28:01Z
PrizePicks,player_rebounds,Jaylen Brown,Under,5.5,-137,2025-11-26,2025-11-26T06:28:01Z
PrizePicks,player_rebounds,Jordan Walsh,Over,4.5,-137,2025-11-26,2025-11-26T06:28:01Z
PrizePicks,player_rebounds,Jordan Walsh,Under,4.5,-137,2025-11-26,2025-11-26T06:28:01Z
PrizePicks,player_rebounds,Tobias Harris,Over,4.5,-137,2025-11-26,2025-11-26T06:28:01Z
PrizePicks,player_rebounds,Tobias Harris,Under,4.5,-137,2025-11-26,2025-11-26T06:28:01Z
PrizePicks,player_rebounds,Duncan Robinson,Over,2.5,-137,2025-11-26,2025-11-26T06:28:01Z
PrizePicks,player_rebounds,Duncan Robinson,Under,2.5,-137,2025-11-26,2025-11-26T06:28:01Z
PrizePicks,player_rebounds,Karl-Anthony Towns,Over,12.5,-137,2025-11-27,2025-11-26T06:27:46Z
PrizePicks,player_rebounds,Karl-Anthony Towns,Under,12.5,-137,2025-11-27,2025-11-26T06:27:46Z
PrizePicks,player_rebounds,Josh Hart,Over,7.5,-137,2025-11-27,2025-11-26T06:27:46Z
PrizePicks,player_rebounds,Josh Hart,Under,7.5,-137,2025-11-27,2025-11-26T06:27:46Z
PrizePicks,player_rebounds,Mitchell Robinson,Over,6.5,-137,2025-11-27,2025-11-26T06:27:46Z
PrizePicks,player_rebounds,Mitchell Robinson,Under,6.5,-137,2025-11-27,2025-11-26T06:27:46Z
PrizePicks,player_rebounds,Ryan Kalkbrenner,Over,6.5,-137,2025-11-27,2025-11-26T06:27:46Z
PrizePicks,player_rebounds,Ryan Kalkbrenner,Under,6.5,-137,2025-11-27,2025-11-26T06:27:46Z
PrizePicks,player_rebounds,Jakob Poeltl,Over,9.5,-137,2025-11-27,2025-11-26T06:28:15Z
PrizePicks,player_rebounds,Jakob Poeltl,Under,9.5,-137,2025-11-27,2025-11-26T06:28:15Z
PrizePicks,player_rebounds,Bennedict Mathurin,Over,5.5,-137,2025-11-27,2025-11-26T06:28:15Z
PrizePicks,player_rebounds,Bennedict Mathurin,Under,5.5,-137,2025-11-27,2025-11-26T06:28:15Z
PrizePicks,player_rebounds,Isaiah Jackson,Over,5.5,-137,2025-11-27,2025-11-26T06:28:15Z
PrizePicks,player_rebounds,Isaiah Jackson,Under,5.5,-137,2025-11-27,2025-11-26T06:28:15Z
PrizePicks,player_rebounds,Sandro Mamukelashvili,Over,5.5,-137,2025-11-27,2025-11-26T06:28:15Z
PrizePicks,player_rebounds,Sandro Mamukelashvili,Under,5.5,-137,2025-11-27,2025-11-26T06:28:15Z
PrizePicks,player_rebounds,T.J. McConnell,Over,2.5,-137,2025-11-27,2025-11-26T06:28:15Z
PrizePicks,player_rebounds,T.J. McConnell,Under,2.5,-137,2025-11-27,2025-11-26T06:28:15Z
PrizePicks,player_rebounds,Tyler Herro,Over,4.0,-137,2025-11-27,2025-11-26T06:28:16Z
PrizePicks,player_rebounds,Tyler Herro,Under,4.0,-137,2025-11-27,2025-11-26T06:28:16Z
PrizePicks,player_rebounds,Kel'el Ware,Over,11.0,-137,2025-11-27,2025-11-26T06:28:16Z
PrizePicks,player_rebounds,Kel'el Ware,Under,11.0,-137,2025-11-27,2025-11-26T06:28:16Z
PrizePicks,player_rebounds,Myles Turner,Over,6.5,-137,2025-11-27,2025-11-26T06:28:16Z
PrizePicks,player_rebounds,Myles Turner,Under,6.5,-137,2025-11-27,2025-11-26T06:28:16Z
PrizePicks,player_rebounds,Isaiah Hartenstein,Over,9.5,-137,2025-11-27,2025-11-26T06:27:51Z
PrizePicks,player_rebounds,Isaiah Hartenstein,Under,9.5,-137,2025-11-27,2025-11-26T06:27:51Z
PrizePicks,player_rebounds,Chet Holmgren,Over,7.5,-137,2025-11-27,2025-11-26T06:27:51Z
PrizePicks,player_rebounds,Chet Holmgren,Under,7.5,-137,2025-11-27,2025-11-26T06:27:51Z
PrizePicks,player_rebounds,Julius Randle,Over,6.5,-137,2025-11-27,2025-11-26T06:27:51Z
PrizePicks,player_rebounds,Julius Randle,Under,6.5,-137,2025-11-27,2025-11-26T06:27:51Z
PrizePicks,player_rebounds,Naz Reid,Over,5.5,-137,2025-11-27,2025-11-26T06:27:51Z
PrizePicks,player_rebounds,Naz Reid,Under,5.5,-137,2025-11-27,2025-11-26T06:27:51Z
PrizePicks,player_rebounds,Jaden McDaniels,Over,4.5,-137,2025-11-27,2025-11-26T06:27:51Z
PrizePicks,player_rebounds,Jaden McDaniels,Under,4.5,-137,2025-11-27,2025-11-26T06:27:51Z
PrizePicks,player_rebounds,Jaylin Williams,Over,4.5,-137,2025-11-27,2025-11-26T06:27:51Z
PrizePicks,player_rebounds,Jaylin Williams,Under,4.5,-137,2025-11-27,2025-11-26T06:27:51Z
PrizePicks,player_rebounds,Shai Gilgeous-Alexander,Over,4.5,-137,2025-11-27,2025-11-26T06:27:51Z
PrizePicks,player_rebounds,Shai Gilgeous-Alexander,Under,4.5,-137,2025-11-27,2025-11-26T06:27:51Z
PrizePicks,player_rebounds,Donte DiVincenzo,Over,3.5,-137,2025-11-27,2025-11-26T06:27:51Z
PrizePicks,player_rebounds,Donte DiVincenzo,Under,3.5,-137,2025-11-27,2025-11-26T06:27:51Z
PrizePicks,player_rebounds,Ajay Mitchell,Over,3.5,-137,2025-11-27,2025-11-26T06:27:51Z
PrizePicks,player_rebounds,Ajay Mitchell,Under,3.5,-137,2025-11-27,2025-11-26T06:27:51Z
PrizePicks,player_rebounds,Mike Conley,Over,1.5,-137,2025-11-27,2025-11-26T06:27:51Z
PrizePicks,player_rebounds,Mike Conley,Under,1.5,-137,2025-11-27,2025-11-26T06:27:51Z
PrizePicks,player_rebounds,Zach Edey,Over,8.5,-137,2025-11-27,2025-11-26T06:27:54Z
PrizePicks,player_rebounds,Zach Edey,Under,8.5,-137,2025-11-27,2025-11-26T06:27:54Z
PrizePicks,player_rebounds,Derik Queen,Over,7.5,-137,2025-11-27,2025-11-26T06:27:54Z
PrizePicks,player_rebounds,Derik Queen,Under,7.5,-137,2025-11-27,2025-11-26T06:27:54Z
PrizePicks,player_rebounds,Jaren Jackson Jr,Over,5.5,-137,2025-11-27,2025-11-26T06:27:54Z
PrizePicks,player_rebounds,Jaren Jackson Jr,Under,5.5,-137,2025-11-27,2025-11-26T06:27:54Z
PrizePicks,player_rebounds,Trey Murphy III,Over,5.5,-137,2025-11-27,2025-11-26T06:27:54Z
PrizePicks,player_rebounds,Trey Murphy III,Under,5.5,-137,2025-11-27,2025-11-26T06:27:54Z
PrizePicks,player_rebounds,Zion Williamson,Over,5.5,-137,2025-11-27,2025-11-26T06:27:54Z
PrizePicks,player_rebounds,Zion Williamson,Under,5.5,-137,2025-11-27,2025-11-26T06:27:54Z
PrizePicks,player_rebounds,Jock Landale,Over,4.5,-137,2025-11-27,2025-11-26T06:27:54Z
PrizePicks,player_rebounds,Jock Landale,Under,4.5,-137,2025-11-27,2025-11-26T06:27:54Z
PrizePicks,player_rebounds,Jeremiah Fears,Over,3.5,-137,2025-11-27,2025-11-26T06:27:54Z
PrizePicks,player_rebounds,Jeremiah Fears,Under,3.5,-137,2025-11-27,2025-11-26T06:27:54Z
PrizePicks,player_rebounds,Alperen Sengun,Over,10.5,-137,2025-11-27,2025-11-26T06:27:51Z
PrizePicks,player_rebounds,Alperen Sengun,Under,10.5,-137,2025-11-27,2025-11-26T06:27:51Z
PrizePicks,player_rebounds,Jabari Smith Jr,Over,7.5,-137,2025-11-27,2025-11-26T06:27:51Z
PrizePicks,player_rebounds,Jabari Smith Jr,Under,7.5,-137,2025-11-27,2025-11-26T06:27:51Z
PrizePicks,player_rebounds,Jimmy Butler,Over,5.5,-137,2025-11-27,2025-11-26T06:27:51Z
PrizePicks,player_rebounds,Jimmy Butler,Under,5.5,-137,2025-11-27,2025-11-26T06:27:51Z
PrizePicks,player_rebounds,Quinten Post,Over,4.5,-137,2025-11-27,2025-11-26T06:27:51Z
PrizePicks,player_rebounds,Quinten Post,Under,4.5,-137,2025-11-27,2025-11-26T06:27:51Z
PrizePicks,player_rebounds,Will Richard,Over,2.5,-137,2025-11-27,2025-11-26T06:27:51Z
PrizePicks,player_rebounds,Will Richard,Under,2.5,-137,2025-11-27,2025-11-26T06:27:51Z
PrizePicks,player_rebounds,Mark Williams,Over,8.5,-137,2025-11-27,2025-11-26T06:28:00Z
PrizePicks,player_rebounds,Mark Williams,Under,8.5,-137,2025-11-27,2025-11-26T06:28:00Z
PrizePicks,player_rebounds,Russell Westbrook,Over,6.5,-137,2025-11-27,2025-11-26T06:28:00Z
PrizePicks,player_rebounds,Russell Westbrook,Under,6.5,-137,2025-11-27,2025-11-26T06:28:00Z
PrizePicks,player_rebounds,Oso Ighodaro,Over,4.5,-137,2025-11-27,2025-11-26T06:28:00Z
PrizePicks,player_rebounds,Oso Ighodaro,Under,4.5,-137,2025-11-27,2025-11-26T06:28:00Z
PrizePicks,player_rebounds,DeMar DeRozan,Over,3.5,-137,2025-11-27,2025-11-26T06:28:00Z
PrizePicks,player_rebounds,DeMar DeRozan,Under,3.5,-137,2025-11-27,2025-11-26T06:28:00Z
PrizePicks,player_rebounds,Zach LaVine,Over,3.5,-137,2025-11-27,2025-11-26T06:28:00Z
PrizePicks,player_rebounds,Zach LaVine,Under,3.5,-137,2025-11-27,2025-11-26T06:28:00Z
PrizePicks,player_rebounds,Dennis Schroder,Over,2.5,-137,2025-11-27,2025-11-26T06:28:00Z
PrizePicks,player_rebounds,Dennis Schroder,Under,2.5,-137,2025-11-27,2025-11-26T06:28:00Z
PrizePicks,player_rebounds,Donovan Clingan,Over,10.5,-137,2025-11-27,2025-11-26T06:28:26Z
PrizePicks,player_rebounds,Donovan Clingan,Under,10.5,-137,2025-11-27,2025-11-26T06:28:26Z
PrizePicks,player_rebounds,Keldon Johnson,Over,6.5,-137,2025-11-27,2025-11-26T06:28:26Z
PrizePicks,player_rebounds,Keldon Johnson,Under,6.5,-137,2025-11-27,2025-11-26T06:28:26Z
PrizePicks,player_rebounds,Luke Kornet,Over,6.5,-137,2025-11-27,2025-11-26T06:28:26Z
PrizePicks,player_rebounds,Luke Kornet,Under,6.5,-137,2025-11-27,2025-11-26T06:28:26Z
PrizePicks,player_rebounds,Shaedon Sharpe,Over,4.5,-137,2025-11-27,2025-11-26T06:28:26Z
PrizePicks,player_rebounds,Shaedon Sharpe,Under,4.5,-137,2025-11-27,2025-11-26T06:28:26Z
PrizePicks,player_rebounds,Jerami Grant,Over,3.5,-137,2025-11-27,2025-11-26T06:28:26Z
PrizePicks,player_rebounds,Jerami Grant,Under,3.5,-137,2025-11-27,2025-11-26T06:28:26Z
PrizePicks,player_rebounds,Harrison Barnes,Over,3.5,-137,2025-11-27,2025-11-26T06:28:26Z
PrizePicks,player_rebounds,Harrison Barnes,Under,3.5,-137,2025-11-27,2025-11-26T06:28:26Z
PrizePicks,player_rebounds,Kris Murray,Over,3.5,-137,2025-11-27,2025-11-26T06:28:26Z
PrizePicks,player_rebounds,Kris Murray,Under,3.5,-137,2025-11-27,2025-11-26T06:28:26Z
Betr DFS,player_rebounds,Tobias Harris,Over,4.5,-137,2025-11-26,2025-11-26T06:27:40Z
Betr DFS,player_rebounds,Tobias Harris,Under,4.5,-137,2025-11-26,2025-11-26T06:27:40Z
Betr DFS,player_rebounds,Isaiah Stewart II,Over,5.5,-137,2025-11-26,2025-11-26T06:27:40Z
Betr DFS,player_rebounds,Isaiah Stewart II,Under,5.5,-137,2025-11-26,2025-11-26T06:27:40Z
Betr DFS,player_rebounds,Cade Cunningham,Over,5.5,-137,2025-11-26,2025-11-26T06:27:40Z
Betr DFS,player_rebounds,Cade Cunningham,Under,5.5,-137,2025-11-26,2025-11-26T06:27:40Z
Betr DFS,player_rebounds,Jalen Duren,Over,12.5,-137,2025-11-26,2025-11-26T06:27:40Z
Betr DFS,player_rebounds,Jalen Duren,Under,12.5,-137,2025-11-26,2025-11-26T06:27:40Z
Betr DFS,player_rebounds,Ausar Thompson,Over,5.0,-137,2025-11-26,2025-11-26T06:27:40Z
Betr DFS,player_rebounds,Ausar Thompson,Under,5.0,-137,2025-11-26,2025-11-26T06:27:40Z
Betr DFS,player_rebounds,Jaylen Brown,Over,5.5,-137,2025-11-26,2025-11-26T06:27:40Z
Betr DFS,player_rebounds,Jaylen Brown,Under,5.5,-137,2025-11-26,2025-11-26T06:27:40Z
Betr DFS,player_rebounds,Derrick White,Over,4.0,-137,2025-11-26,2025-11-26T06:27:40Z
Betr DFS,player_rebounds,Derrick White,Under,4.0,-137,2025-11-26,2025-11-26T06:27:40Z
Betr DFS,player_rebounds,Jordan Walsh,Over,4.5,-137,2025-11-26,2025-11-26T06:27:40Z
Betr DFS,player_rebounds,Jordan Walsh,Under,4.5,-137,2025-11-26,2025-11-26T06:27:40Z
Betr DFS,player_rebounds,Josh Hart,Over,7.5,-137,2025-11-27,2025-11-26T06:27:23Z
Betr DFS,player_rebounds,Josh Hart,Under,7.5,-137,2025-11-27,2025-11-26T06:27:23Z
Betr DFS,player_rebounds,Karl-Anthony Towns,Over,12.5,-137,2025-11-27,2025-11-26T06:27:23Z
Betr DFS,player_rebounds,Karl-Anthony Towns,Under,12.5,-137,2025-11-27,2025-11-26T06:27:23Z
Betr DFS,player_rebounds,LaMelo Ball,Over,4.5,-137,2025-11-27,2025-11-26T06:27:23Z
Betr DFS,player_rebounds,Miles Bridges,Over,7.0,-137,2025-11-27,2025-11-26T06:27:23Z
Betr DFS,player_rebounds,Miles Bridges,Under,7.0,-137,2025-11-27,2025-11-26T06:27:23Z
Betr DFS,player_rebounds,Kon Knueppel,Over,5.0,-137,2025-11-27,2025-11-26T06:27:23Z
Betr DFS,player_rebounds,Kon Knueppel,Under,5.0,-137,2025-11-27,2025-11-26T06:27:23Z
Betr DFS,player_rebounds,Ryan Kalkbrenner,Over,6.5,-137,2025-11-27,2025-11-26T06:27:23Z
Betr DFS,player_rebounds,Ryan Kalkbrenner,Under,6.5,-137,2025-11-27,2025-11-26T06:27:23Z
Betr DFS,player_rebounds,Pascal Siakam,Over,6.0,-137,2025-11-27,2025-11-26T06:27:40Z
Betr DFS,player_rebounds,Pascal Siakam,Under,6.0,-137,2025-11-27,2025-11-26T06:27:40Z
Betr DFS,player_rebounds,Isaiah Jackson,Over,5.5,-137,2025-11-27,2025-11-26T06:27:40Z
Betr DFS,player_rebounds,Isaiah Jackson,Under,5.5,-137,2025-11-27,2025-11-26T06:27:40Z
Betr DFS,player_rebounds,Bennedict Mathurin,Over,5.5,-137,2025-11-27,2025-11-26T06:27:40Z
Betr DFS,player_rebounds,Bennedict Mathurin,Under,5.5,-137,2025-11-27,2025-11-26T06:27:40Z
Betr DFS,player_rebounds,Jarace Walker,Over,4.0,-137,2025-11-27,2025-11-26T06:27:40Z
Betr DFS,player_rebounds,Jarace Walker,Under,4.0,-137,2025-11-27,2025-11-26T06:27:40Z
Betr DFS,player_rebounds,Ben Sheppard,Over,3.5,-137,2025-11-27,2025-11-26T06:27:40Z
Betr DFS,player_rebounds,Immanuel Quickley,Over,4.0,-137,2025-11-27,2025-11-26T06:27:40Z
Betr DFS,player_rebounds,Immanuel Quickley,Under,4.0,-137,2025-11-27,2025-11-26T06:27:40Z
Betr DFS,player_rebounds,Jakob Poeltl,Over,9.5,-137,2025-11-27,2025-11-26T06:27:40Z
Betr DFS,player_rebounds,Jakob Poeltl,Under,9.5,-137,2025-11-27,2025-11-26T06:27:40Z
Betr DFS,player_rebounds,Scottie Barnes,Over,7.5,-137,2025-11-27,2025-11-26T06:27:40Z
Betr DFS,player_rebounds,Scottie Barnes,Under,7.5,-137,2025-11-27,2025-11-26T06:27:40Z
Betr DFS,player_rebounds,Sandro Mamukelashvili,Over,5.5,-137,2025-11-27,2025-11-26T06:27:40Z
Betr DFS,player_rebounds,Sandro Mamukelashvili,Under,5.5,-137,2025-11-27,2025-11-26T06:27:40Z
Betr DFS,player_rebounds,Kyle Kuzma,Over,4.5,-137,2025-11-27,2025-11-26T06:28:08Z
Betr DFS,player_rebounds,Myles Turner,Over,6.5,-137,2025-11-27,2025-11-26T06:28:08Z
Betr DFS,player_rebounds,Myles Turner,Under,6.5,-137,2025-11-27,2025-11-26T06:28:08Z
Betr DFS,player_rebounds,Giannis Antetokounmpo,Over,10.5,-137,2025-11-27,2025-11-26T06:28:08Z
Betr DFS,player_rebounds,Bam Adebayo,Over,8.5,-137,2025-11-27,2025-11-26T06:28:08Z
Betr DFS,player_rebounds,Andrew Wiggins,Over,4.5,-137,2025-11-27,2025-11-26T06:28:08Z
Betr DFS,player_rebounds,Kel'el Ware,Over,11.0,-137,2025-11-27,2025-11-26T06:28:08Z
Betr DFS,player_rebounds,Kel'el Ware,Under,11.0,-137,2025-11-27,2025-11-26T06:28:08Z
Betr DFS,player_rebounds,Julius Randle,Over,6.5,-137,2025-11-27,2025-11-26T06:27:30Z
Betr DFS,player_rebounds,Julius Randle,Under,6.5,-137,2025-11-27,2025-11-26T06:27:30Z
Betr DFS,player_rebounds,Rudy Gobert,Over,10.0,-137,2025-11-27,2025-11-26T06:27:30Z
Betr DFS,player_rebounds,Rudy Gobert,Under,10.0,-137,2025-11-27,2025-11-26T06:27:30Z
Betr DFS,player_rebounds,Naz Reid,Over,5.5,-137,2025-11-27,2025-11-26T06:27:30Z
Betr DFS,player_rebounds,Naz Reid,Under,5.5,-137,2025-11-27,2025-11-26T06:27:30Z
Betr DFS,player_rebounds,Anthony Edwards,Over,4.5,-137,2025-11-27,2025-11-26T06:27:30Z
Betr DFS,player_rebounds,Anthony Edwards,Under,4.5,-137,2025-11-27,2025-11-26T06:27:30Z
Betr DFS,player_rebounds,Jaden McDaniels,Over,4.5,-137,2025-11-27,2025-11-26T06:27:30Z
Betr DFS,player_rebounds,Jaden McDaniels,Under,4.5,-137,2025-11-27,2025-11-26T06:27:30Z
Betr DFS,player_rebounds,Donte DiVincenzo,Over,3.5,-137,2025-11-27,2025-11-26T06:27:30Z
Betr DFS,player_rebounds,Donte DiVincenzo,Under,3.5,-137,2025-11-27,2025-11-26T06:27:30Z
Betr DFS,player_rebounds,Isaiah Hartenstein,Over,9.5,-137,2025-11-27,2025-11-26T06:27:30Z
Betr DFS,player_rebounds,Isaiah Hartenstein,Under,9.5,-137,2025-11-27,2025-11-26T06:27:30Z
Betr DFS,player_rebounds,Shai Gilgeous-Alexander,Over,4.5,-137,2025-11-27,2025-11-26T06:27:30Z
Betr DFS,player_rebounds,Shai Gilgeous-Alexander,Under,4.5,-137,2025-11-27,2025-11-26T06:27:30Z
Betr DFS,player_rebounds,Luguentz Dort,Over,3.5,-137,2025-11-27,2025-11-26T06:27:30Z
Betr DFS,player_rebounds,Luguentz Dort,Under,3.5,-137,2025-11-27,2025-11-26T06:27:30Z
Betr DFS,player_rebounds,Chet Holmgren,Over,7.5,-137,2025-11-27,2025-11-26T06:27:30Z
Betr DFS,player_rebounds,Chet Holmgren,Under,7.5,-137,2025-11-27,2025-11-26T06:27:30Z
Betr DFS,player_rebounds,Ajay Mitchell,Over,3.5,-137,2025-11-27,2025-11-26T06:27:30Z
Betr DFS,player_rebounds,Ajay Mitchell,Under,3.5,-137,2025-11-27,2025-11-26T06:27:30Z
Betr DFS,player_rebounds,Jaren Jackson Jr,Over,5.5,-137,2025-11-27,2025-11-26T06:27:40Z
Betr DFS,player_rebounds,Jaren Jackson Jr,Under,5.5,-137,2025-11-27,2025-11-26T06:27:40Z
Betr DFS,player_rebounds,Vincent Williams Jr,Over,5.5,-137,2025-11-27,2025-11-26T06:27:40Z
Betr DFS,player_rebounds,Zach Edey,Over,8.5,-137,2025-11-27,2025-11-26T06:27:40Z
Betr DFS,player_rebounds,Zach Edey,Under,8.5,-137,2025-11-27,2025-11-26T06:27:40Z
Betr DFS,player_rebounds,Jaylen Wells,Over,3.5,-137,2025-11-27,2025-11-26T06:27:40Z
Betr DFS,player_rebounds,Jaylen Wells,Under,3.5,-137,2025-11-27,2025-11-26T06:27:40Z
Betr DFS,player_rebounds,Cedric Coward,Over,5.5,-137,2025-11-27,2025-11-26T06:27:40Z
Betr DFS,player_rebounds,Cedric Coward,Under,5.5,-137,2025-11-27,2025-11-26T06:27:40Z
Betr DFS,player_rebounds,Saddiq Bey,Over,5.5,-137,2025-11-27,2025-11-26T06:27:40Z
Betr DFS,player_rebounds,Saddiq Bey,Under,5.5,-137,2025-11-27,2025-11-26T06:27:40Z
Betr DFS,player_rebounds,Zion Williamson,Over,5.5,-137,2025-11-27,2025-11-26T06:27:40Z
Betr DFS,player_rebounds,Zion Williamson,Under,5.5,-137,2025-11-27,2025-11-26T06:27:40Z
Betr DFS,player_rebounds,Trey Murphy III,Over,5.5,-137,2025-11-27,2025-11-26T06:27:40Z
Betr DFS,player_rebounds,Trey Murphy III,Under,5.5,-137,2025-11-27,2025-11-26T06:27:40Z
Betr DFS,player_rebounds,Yves Missi,Over,7.0,-137,2025-11-27,2025-11-26T06:27:40Z
Betr DFS,player_rebounds,Yves Missi,Under,7.0,-137,2025-11-27,2025-11-26T06:27:40Z
Betr DFS,player_rebounds,Jeremiah Fears,Over,3.5,-137,2025-11-27,2025-11-26T06:27:40Z
Betr DFS,player_rebounds,Jeremiah Fears,Under,3.5,-137,2025-11-27,2025-11-26T06:27:40Z
Betr DFS,player_rebounds,Clint Capela,Over,6.5,-137,2025-11-27,2025-11-26T06:28:33Z
Betr DFS,player_rebounds,Clint Capela,Under,6.5,-137,2025-11-27,2025-11-26T06:28:33Z
Betr DFS,player_rebounds,Alperen Sengun,Over,10.5,-137,2025-11-27,2025-11-26T06:28:33Z
Betr DFS,player_rebounds,Alperen Sengun,Under,10.5,-137,2025-11-27,2025-11-26T06:28:33Z
Betr DFS,player_rebounds,Jabari Smith Jr,Over,7.5,-137,2025-11-27,2025-11-26T06:28:33Z
Betr DFS,player_rebounds,Jabari Smith Jr,Under,7.5,-137,2025-11-27,2025-11-26T06:28:33Z
Betr DFS,player_rebounds,Amen Thompson,Over,7.5,-137,2025-11-27,2025-11-26T06:28:33Z
Betr DFS,player_rebounds,Amen Thompson,Under,7.5,-137,2025-11-27,2025-11-26T06:28:33Z
Betr DFS,player_rebounds,Jimmy Butler,Over,5.5,-137,2025-11-27,2025-11-26T06:28:33Z
Betr DFS,player_rebounds,Jimmy Butler,Under,5.5,-137,2025-11-27,2025-11-26T06:28:33Z
Betr DFS,player_rebounds,Stephen Curry,Over,4.0,-137,2025-11-27,2025-11-26T06:28:33Z
Betr DFS,player_rebounds,Stephen Curry,Under,4.0,-137,2025-11-27,2025-11-26T06:28:33Z
Betr DFS,player_rebounds,Moses Moody,Over,3.5,-137,2025-11-27,2025-11-26T06:28:33Z
Betr DFS,player_rebounds,Brandin Podziemski,Over,4.5,-137,2025-11-27,2025-11-26T06:28:33Z
Betr DFS,player_rebounds,Quinten Post,Over,4.5,-137,2025-11-27,2025-11-26T06:28:33Z
Betr DFS,player_rebounds,Quinten Post,Under,4.5,-137,2025-11-27,2025-11-26T06:28:33Z
Betr DFS,player_rebounds,Mark Williams,Over,8.5,-137,2025-11-27,2025-11-26T06:28:27Z
Betr DFS,player_rebounds,Mark Williams,Under,8.5,-137,2025-11-27,2025-11-26T06:28:27Z
Betr DFS,player_rebounds,Dillon Brooks,Over,3.5,-137,2025-11-27,2025-11-26T06:28:27Z
Betr DFS,player_rebounds,Oso Ighodaro,Over,4.5,-137,2025-11-27,2025-11-26T06:28:27Z
Betr DFS,player_rebounds,Oso Ighodaro,Under,4.5,-137,2025-11-27,2025-11-26T06:28:27Z
Betr DFS,player_rebounds,DeMar DeRozan,Over,3.5,-137,2025-11-27,2025-11-26T06:28:27Z
Betr DFS,player_rebounds,DeMar DeRozan,Under,3.5,-137,2025-11-27,2025-11-26T06:28:27Z
Betr DFS,player_rebounds,Zach LaVine,Over,3.5,-137,2025-11-27,2025-11-26T06:28:27Z
Betr DFS,player_rebounds,Zach LaVine,Under,3.5,-137,2025-11-27,2025-11-26T06:28:27Z
Betr DFS,player_rebounds,Russell Westbrook,Over,6.5,-137,2025-11-27,2025-11-26T06:28:27Z
Betr DFS,player_rebounds,Russell Westbrook,Under,6.5,-137,2025-11-27,2025-11-26T06:28:27Z
Betr DFS,player_rebounds,Keegan Murray,Over,6.0,-137,2025-11-27,2025-11-26T06:28:27Z
Betr DFS,player_rebounds,Keegan Murray,Under,6.0,-137,2025-11-27,2025-11-26T06:28:27Z
Betr DFS,player_rebounds,Luke Kornet,Over,6.5,-137,2025-11-27,2025-11-26T06:28:32Z
Betr DFS,player_rebounds,Luke Kornet,Under,6.5,-137,2025-11-27,2025-11-26T06:28:32Z
Betr DFS,player_rebounds,Keldon Johnson,Over,6.5,-137,2025-11-27,2025-11-26T06:28:32Z
Betr DFS,player_rebounds,Keldon Johnson,Under,6.5,-137,2025-11-27,2025-11-26T06:28:32Z
Betr DFS,player_rebounds,Jeremy Sochan,Over,5.5,-137,2025-11-27,2025-11-26T06:28:32Z
Betr DFS,player_rebounds,Harrison Barnes,Over,3.5,-137,2025-11-27,2025-11-26T06:28:32Z
Betr DFS,player_rebounds,Harrison Barnes,Under,3.5,-137,2025-11-27,2025-11-26T06:28:32Z
Betr DFS,player_rebounds,Robert Williams,Over,4.5,-137,2025-11-27,2025-11-26T06:28:32Z
Betr DFS,player_rebounds,Jerami Grant,Over,3.5,-137,2025-11-27,2025-11-26T06:28:32Z
Betr DFS,player_rebounds,Jerami Grant,Under,3.5,-137,2025-11-27,2025-11-26T06:28:32Z
Betr DFS,player_rebounds,Shaedon Sharpe,Over,4.5,-137,2025-11-27,2025-11-26T06:28:32Z
Betr DFS,player_rebounds,Shaedon Sharpe,Under,4.5,-137,2025-11-27,2025-11-26T06:28:32Z
Betr DFS,player_rebounds,Kris Murray,Over,3.5,-137,2025-11-27,2025-11-26T06:28:32Z
Betr DFS,player_rebounds,Kris Murray,Under,3.5,-137,2025-11-27,2025-11-26T06:28:32Z
Betr DFS,player_rebounds,Donovan Clingan,Over,10.5,-137,2025-11-27,2025-11-26T06:28:32Z
Betr DFS,player_rebounds,Donovan Clingan,Under,10.5,-137,2025-11-27,2025-11-26T06:28:32Z
Underdog,player_assists,Anfernee Simons,Over,2.5,-137,2025-11-26,2025-11-26T06:27:45Z
Underdog,player_assists,Anfernee Simons,Under,2.5,-137,2025-11-26,2025-11-26T06:27:45Z
Underdog,player_assists,Caris LeVert,Over,2.5,-137,2025-11-26,2025-11-26T06:27:45Z
Underdog,player_assists,Caris LeVert,Under,2.5,-137,2025-11-26,2025-11-26T06:27:45Z
Underdog,player_assists,Payton Pritchard,Over,4.5,-137,2025-11-26,2025-11-26T06:27:45Z
Underdog,player_assists,Payton Pritchard,Under,4.5,-137,2025-11-26,2025-11-26T06:27:45Z
Underdog,player_assists,A.J. Green,Over,1.5,-137,2025-11-27,2025-11-26T06:28:22Z
Underdog,player_assists,A.J. Green,Under,1.5,-137,2025-11-27,2025-11-26T06:28:22Z
Underdog,player_assists,Chet Holmgren,Over,1.5,-137,2025-11-27,2025-11-26T06:28:13Z
Underdog,player_assists,Chet Holmgren,Under,1.5,-137,2025-11-27,2025-11-26T06:28:13Z
Underdog,player_assists,Cason Wallace,Over,2.5,-137,2025-11-27,2025-11-26T06:28:13Z
Underdog,player_assists,Cason Wallace,Under,2.5,-137,2025-11-27,2025-11-26T06:28:13Z
Underdog,player_assists,Mike Conley,Over,2.5,-137,2025-11-27,2025-11-26T06:28:13Z
Underdog,player_assists,Mike Conley,Under,2.5,-137,2025-11-27,2025-11-26T06:28:13Z
Underdog,player_assists,Jaylin Williams,Over,2.5,-137,2025-11-27,2025-11-26T06:28:13Z
Underdog,player_assists,Jaylin Williams,Under,2.5,-137,2025-11-27,2025-11-26T06:28:13Z
Underdog,player_assists,Naz Reid,Over,1.5,-137,2025-11-27,2025-11-26T06:28:13Z
Underdog,player_assists,Naz Reid,Under,1.5,-137,2025-11-27,2025-11-26T06:28:13Z
Underdog,player_assists,Zion Williamson,Over,4.5,-137,2025-11-27,2025-11-26T06:28:27Z
Underdog,player_assists,Zion Williamson,Under,4.5,-137,2025-11-27,2025-11-26T06:28:27Z
Underdog,player_assists,Vincent Williams Jr,Over,6.5,-137,2025-11-27,2025-11-26T06:28:27Z
Underdog,player_assists,Vincent Williams Jr,Under,6.5,-137,2025-11-27,2025-11-26T06:28:27Z
Underdog,player_assists,DeMar DeRozan,Over,3.5,-137,2025-11-27,2025-11-26T06:27:39Z
Underdog,player_assists,DeMar DeRozan,Under,3.5,-137,2025-11-27,2025-11-26T06:27:39Z
Underdog,player_assists,Julian Champagnie,Over,1.5,-137,2025-11-27,2025-11-26T06:27:52Z
Underdog,player_assists,Julian Champagnie,Under,1.5,-137,2025-11-27,2025-11-26T06:27:52Z
Underdog,player_assists,Kris Murray,Over,1.5,-137,2025-11-27,2025-11-26T06:27:52Z
Underdog,player_assists,Kris Murray,Under,1.5,-137,2025-11-27,2025-11-26T06:27:52Z
PrizePicks,player_assists,Payton Pritchard,Over,4.5,-137,2025-11-26,2025-11-26T06:28:01Z
PrizePicks,player_assists,Payton Pritchard,Under,4.5,-137,2025-11-26,2025-11-26T06:28:01Z
PrizePicks,player_assists,Anfernee Simons,Over,2.5,-137,2025-11-26,2025-11-26T06:28:01Z
PrizePicks,player_assists,Anfernee Simons,Under,2.5,-137,2025-11-26,2025-11-26T06:28:01Z
PrizePicks,player_assists,Caris LeVert,Over,2.5,-137,2025-11-26,2025-11-26T06:28:01Z
PrizePicks,player_assists,Caris LeVert,Under,2.5,-137,2025-11-26,2025-11-26T06:28:01Z
PrizePicks,player_assists,Davion Mitchell,Over,5.5,-137,2025-11-27,2025-11-26T06:28:16Z
PrizePicks,player_assists,Davion Mitchell,Under,5.5,-137,2025-11-27,2025-11-26T06:28:16Z
PrizePicks,player_assists,Cason Wallace,Over,2.5,-137,2025-11-27,2025-11-26T06:27:51Z
PrizePicks,player_assists,Cason Wallace,Under,2.5,-137,2025-11-27,2025-11-26T06:27:51Z
PrizePicks,player_assists,Jaylin Williams,Over,2.5,-137,2025-11-27,2025-11-26T06:27:51Z
PrizePicks,player_assists,Jaylin Williams,Under,2.5,-137,2025-11-27,2025-11-26T06:27:51Z
PrizePicks,player_assists,Mike Conley,Over,2.5,-137,2025-11-27,2025-11-26T06:27:51Z
PrizePicks,player_assists,Mike Conley,Under,2.5,-137,2025-11-27,2025-11-26T06:27:51Z
PrizePicks,player_assists,Chet Holmgren,Over,1.5,-137,2025-11-27,2025-11-26T06:27:51Z
PrizePicks,player_assists,Chet Holmgren,Under,1.5,-137,2025-11-27,2025-11-26T06:27:51Z
PrizePicks,player_assists,Naz Reid,Over,1.5,-137,2025-11-27,2025-11-26T06:27:51Z
PrizePicks,player_assists,Naz Reid,Under,1.5,-137,2025-11-27,2025-11-26T06:27:51Z
PrizePicks,player_assists,Luguentz Dort,Over,0.5,-137,2025-11-27,2025-11-26T06:27:51Z
PrizePicks,player_assists,Luguentz Dort,Under,0.5,-137,2025-11-27,2025-11-26T06:27:51Z
PrizePicks,player_assists,Zion Williamson,Over,4.5,-137,2025-11-27,2025-11-26T06:27:54Z
PrizePicks,player_assists,Zion Williamson,Under,4.5,-137,2025-11-27,2025-11-26T06:27:54Z
PrizePicks,player_assists,Zach Edey,Over,1.5,-137,2025-11-27,2025-11-26T06:27:54Z
PrizePicks,player_assists,Zach Edey,Under,1.5,-137,2025-11-27,2025-11-26T06:27:54Z
PrizePicks,player_assists,Alperen Sengun,Over,6.5,-137,2025-11-27,2025-11-26T06:27:51Z
PrizePicks,player_assists,Alperen Sengun,Under,6.5,-137,2025-11-27,2025-11-26T06:27:51Z
PrizePicks,player_assists,Stephen Curry,Over,4.0,-137,2025-11-27,2025-11-26T06:27:51Z
PrizePicks,player_assists,Stephen Curry,Under,4.0,-137,2025-11-27,2025-11-26T06:27:51Z
PrizePicks,player_assists,Moses Moody,Over,1.5,-137,2025-11-27,2025-11-26T06:27:51Z
PrizePicks,player_assists,Moses Moody,Under,1.5,-137,2025-11-27,2025-11-26T06:27:51Z
PrizePicks,player_assists,Collin Gillespie,Over,5.5,-137,2025-11-27,2025-11-26T06:28:00Z
PrizePicks,player_assists,Collin Gillespie,Under,5.5,-137,2025-11-27,2025-11-26T06:28:00Z
PrizePicks,player_assists,Dennis Schroder,Over,4.5,-137,2025-11-27,2025-11-26T06:28:00Z
PrizePicks,player_assists,Dennis Schroder,Under,4.5,-137,2025-11-27,2025-11-26T06:28:00Z
PrizePicks,player_assists,DeMar DeRozan,Over,3.5,-137,2025-11-27,2025-11-26T06:28:00Z
PrizePicks,player_assists,DeMar DeRozan,Under,3.5,-137,2025-11-27,2025-11-26T06:28:00Z
PrizePicks,player_assists,Shaedon Sharpe,Over,2.5,-137,2025-11-27,2025-11-26T06:28:26Z
PrizePicks,player_assists,Shaedon Sharpe,Under,2.5,-137,2025-11-27,2025-11-26T06:28:26Z
PrizePicks,player_assists,Julian Champagnie,Over,1.5,-137,2025-11-27,2025-11-26T06:28:26Z
PrizePicks,player_assists,Julian Champagnie,Under,1.5,-137,2025-11-27,2025-11-26T06:28:26Z
PrizePicks,player_assists,Kris Murray,Over,1.5,-137,2025-11-27,2025-11-26T06:28:26Z
PrizePicks,player_assists,Kris Murray,Under,1.5,-137,2025-11-27,2025-11-26T06:28:26Z
Betr DFS,player_assists,Jaylen Brown,Over,4.0,-137,2025-11-26,2025-11-26T06:27:40Z
Betr DFS,player_assists,Jaylen Brown,Under,4.0,-137,2025-11-26,2025-11-26T06:27:40Z
Betr DFS,player_assists,Derrick White,Over,5.0,-137,2025-11-26,2025-11-26T06:27:40Z
Betr DFS,player_assists,Derrick White,Under,5.0,-137,2025-11-26,2025-11-26T06:27:40Z
Betr DFS,player_assists,Payton Pritchard,Over,4.5,-137,2025-11-26,2025-11-26T06:27:40Z
Betr DFS,player_assists,Payton Pritchard,Under,4.5,-137,2025-11-26,2025-11-26T06:27:40Z
Betr DFS,player_assists,Jalen Brunson,Over,6.5,-137,2025-11-27,2025-11-26T06:27:23Z
Betr DFS,player_assists,Jalen Brunson,Under,6.5,-137,2025-11-27,2025-11-26T06:27:23Z
Betr DFS,player_assists,LaMelo Ball,Over,7.0,-137,2025-11-27,2025-11-26T06:27:23Z
Betr DFS,player_assists,LaMelo Ball,Under,7.0,-137,2025-11-27,2025-11-26T06:27:23Z
Betr DFS,player_assists,Pascal Siakam,Over,4.0,-137,2025-11-27,2025-11-26T06:27:40Z
Betr DFS,player_assists,Pascal Siakam,Under,4.0,-137,2025-11-27,2025-11-26T06:27:40Z
Betr DFS,player_assists,T.J. McConnell,Over,4.0,-137,2025-11-27,2025-11-26T06:27:40Z
Betr DFS,player_assists,T.J. McConnell,Under,4.0,-137,2025-11-27,2025-11-26T06:27:40Z
Betr DFS,player_assists,Andrew Nembhard,Over,6.0,-137,2025-11-27,2025-11-26T06:27:40Z
Betr DFS,player_assists,Andrew Nembhard,Under,6.0,-137,2025-11-27,2025-11-26T06:27:40Z
Betr DFS,player_assists,Immanuel Quickley,Over,6.0,-137,2025-11-27,2025-11-26T06:27:40Z
Betr DFS,player_assists,Immanuel Quickley,Under,6.0,-137,2025-11-27,2025-11-26T06:27:40Z
Betr DFS,player_assists,Scottie Barnes,Over,5.0,-137,2025-11-27,2025-11-26T06:27:40Z
Betr DFS,player_assists,Scottie Barnes,Under,5.0,-137,2025-11-27,2025-11-26T06:27:40Z
Betr DFS,player_assists,Brandon Ingram,Over,4.0,-137,2025-11-27,2025-11-26T06:27:40Z
Betr DFS,player_assists,Brandon Ingram,Under,4.0,-137,2025-11-27,2025-11-26T06:27:40Z
Betr DFS,player_assists,Jamal Shead,Under,5.5,-137,2025-11-27,2025-11-26T06:27:40Z
Betr DFS,player_assists,Giannis Antetokounmpo,Under,5.5,-137,2025-11-27,2025-11-26T06:28:08Z
Betr DFS,player_assists,Davion Mitchell,Over,5.5,-137,2025-11-27,2025-11-26T06:28:08Z
Betr DFS,player_assists,Davion Mitchell,Under,5.5,-137,2025-11-27,2025-11-26T06:28:08Z
Betr DFS,player_assists,Julius Randle,Over,5.0,-137,2025-11-27,2025-11-26T06:27:30Z
Betr DFS,player_assists,Julius Randle,Under,5.0,-137,2025-11-27,2025-11-26T06:27:30Z
Betr DFS,player_assists,Anthony Edwards,Over,4.5,-137,2025-11-27,2025-11-26T06:27:30Z
Betr DFS,player_assists,Anthony Edwards,Under,4.5,-137,2025-11-27,2025-11-26T06:27:30Z
Betr DFS,player_assists,Isaiah Hartenstein,Over,3.5,-137,2025-11-27,2025-11-26T06:27:30Z
Betr DFS,player_assists,Shai Gilgeous-Alexander,Over,7.0,-137,2025-11-27,2025-11-26T06:27:30Z
Betr DFS,player_assists,Shai Gilgeous-Alexander,Under,7.0,-137,2025-11-27,2025-11-26T06:27:30Z
Betr DFS,player_assists,Vincent Williams Jr,Over,6.5,-137,2025-11-27,2025-11-26T06:27:40Z
Betr DFS,player_assists,Vincent Williams Jr,Under,6.5,-137,2025-11-27,2025-11-26T06:27:40Z
Betr DFS,player_assists,Zion Williamson,Over,4.5,-137,2025-11-27,2025-11-26T06:27:40Z
Betr DFS,player_assists,Zion Williamson,Under,4.5,-137,2025-11-27,2025-11-26T06:27:40Z
Betr DFS,player_assists,Trey Murphy III,Over,3.5,-137,2025-11-27,2025-11-26T06:27:40Z
Betr DFS,player_assists,Alperen Sengun,Over,6.5,-137,2025-11-27,2025-11-26T06:28:33Z
Betr DFS,player_assists,Alperen Sengun,Under,6.5,-137,2025-11-27,2025-11-26T06:28:33Z
Betr DFS,player_assists,Amen Thompson,Over,5.0,-137,2025-11-27,2025-11-26T06:28:33Z
Betr DFS,player_assists,Amen Thompson,Under,5.0,-137,2025-11-27,2025-11-26T06:28:33Z
Betr DFS,player_assists,Draymond Green,Over,6.0,-137,2025-11-27,2025-11-26T06:28:33Z
Betr DFS,player_assists,Draymond Green,Under,6.0,-137,2025-11-27,2025-11-26T06:28:33Z
Betr DFS,player_assists,Stephen Curry,Over,4.0,-137,2025-11-27,2025-11-26T06:28:33Z
Betr DFS,player_assists,Stephen Curry,Under,4.0,-137,2025-11-27,2025-11-26T06:28:33Z
Betr DFS,player_assists,Collin Gillespie,Over,5.5,-137,2025-11-27,2025-11-26T06:28:27Z
Betr DFS,player_assists,Collin Gillespie,Under,5.5,-137,2025-11-27,2025-11-26T06:28:27Z
Betr DFS,player_assists,Devin Booker,Over,7.5,-137,2025-11-27,2025-11-26T06:28:27Z
Betr DFS,player_assists,Devin Booker,Under,7.5,-137,2025-11-27,2025-11-26T06:28:27Z
Betr DFS,player_assists,DeMar DeRozan,Over,3.5,-137,2025-11-27,2025-11-26T06:28:27Z
Betr DFS,player_assists,DeMar DeRozan,Under,3.5,-137,2025-11-27,2025-11-26T06:28:27Z
Betr DFS,player_assists,Dennis Schroder,Over,4.5,-137,2025-11-27,2025-11-26T06:28:27Z
Betr DFS,player_assists,Dennis Schroder,Under,4.5,-137,2025-11-27,2025-11-26T06:28:27Z
Underdog,player_threes,Derrick White,Over,2.5,-137,2025-11-26,2025-11-26T06:27:45Z
Underdog,player_threes,Derrick White,Under,2.5,-137,2025-11-26,2025-11-26T06:27:45Z
Underdog,player_threes,Isaiah Stewart II,Over,0.5,-137,2025-11-26,2025-11-26T06:27:45Z
Underdog,player_threes,Isaiah Stewart II,Under,0.5,-137,2025-11-26,2025-11-26T06:27:45Z
Underdog,player_threes,Miles Bridges,Over,2.5,-137,2025-11-27,2025-11-26T06:27:13Z
Underdog,player_threes,Miles Bridges,Under,2.5,-137,2025-11-27,2025-11-26T06:27:13Z
Underdog,player_threes,Jordan Clarkson,Over,1.5,-137,2025-11-27,2025-11-26T06:27:13Z
Underdog,player_threes,Jordan Clarkson,Under,1.5,-137,2025-11-27,2025-11-26T06:27:13Z
Underdog,player_threes,Pascal Siakam,Over,1.5,-137,2025-11-27,2025-11-26T06:27:20Z
Underdog,player_threes,Pascal Siakam,Under,1.5,-137,2025-11-27,2025-11-26T06:27:20Z
Underdog,player_threes,Immanuel Quickley,Over,2.5,-137,2025-11-27,2025-11-26T06:27:20Z
Underdog,player_threes,Immanuel Quickley,Under,2.5,-137,2025-11-27,2025-11-26T06:27:20Z
Underdog,player_threes,Andrew Nembhard,Over,1.5,-137,2025-11-27,2025-11-26T06:27:20Z
Underdog,player_threes,Andrew Nembhard,Under,1.5,-137,2025-11-27,2025-11-26T06:27:20Z
Underdog,player_threes,Bennedict Mathurin,Over,1.5,-137,2025-11-27,2025-11-26T06:27:20Z
Underdog,player_threes,Bennedict Mathurin,Under,1.5,-137,2025-11-27,2025-11-26T06:27:20Z
Underdog,player_threes,A.J. Green,Over,2.5,-137,2025-11-27,2025-11-26T06:28:22Z
Underdog,player_threes,A.J. Green,Under,2.5,-137,2025-11-27,2025-11-26T06:28:22Z
Underdog,player_threes,Chet Holmgren,Over,1.5,-137,2025-11-27,2025-11-26T06:28:13Z
Underdog,player_threes,Chet Holmgren,Under,1.5,-137,2025-11-27,2025-11-26T06:28:13Z
Underdog,player_threes,Julius Randle,Over,1.5,-137,2025-11-27,2025-11-26T06:28:13Z
Underdog,player_threes,Julius Randle,Under,1.5,-137,2025-11-27,2025-11-26T06:28:13Z
Underdog,player_threes,Donte DiVincenzo,Over,2.5,-137,2025-11-27,2025-11-26T06:28:13Z
Underdog,player_threes,Donte DiVincenzo,Under,2.5,-137,2025-11-27,2025-11-26T06:28:13Z
Underdog,player_threes,Amen Thompson,Over,0.5,-137,2025-11-27,2025-11-26T06:28:19Z
Underdog,player_threes,Amen Thompson,Under,0.5,-137,2025-11-27,2025-11-26T06:28:19Z
Underdog,player_threes,Zach LaVine,Over,2.5,-137,2025-11-27,2025-11-26T06:27:39Z
Underdog,player_threes,Zach LaVine,Under,2.5,-137,2025-11-27,2025-11-26T06:27:39Z
Underdog,player_threes,Russell Westbrook,Over,1.5,-137,2025-11-27,2025-11-26T06:27:39Z
Underdog,player_threes,Russell Westbrook,Under,1.5,-137,2025-11-27,2025-11-26T06:27:39Z
Underdog,player_threes,Devin Vassell,Over,2.5,-137,2025-11-27,2025-11-26T06:27:52Z
Underdog,player_threes,Devin Vassell,Under,2.5,-137,2025-11-27,2025-11-26T06:27:52Z
Underdog,player_threes,Jeremy Sochan,Over,0.5,-137,2025-11-27,2025-11-26T06:27:52Z
Underdog,player_threes,Jeremy Sochan,Under,0.5,-137,2025-11-27,2025-11-26T06:27:52Z
Underdog,player_threes,Deni Avdija,Over,2.5,-137,2025-11-27,2025-11-26T06:27:52Z
Underdog,player_threes,Deni Avdija,Under,2.5,-137,2025-11-27,2025-11-26T06:27:52Z
Underdog,player_threes,Julian Champagnie,Over,2.5,-137,2025-11-27,2025-11-26T06:27:52Z
Underdog,player_threes,Julian Champagnie,Under,2.5,-137,2025-11-27,2025-11-26T06:27:52Z
Underdog,player_threes,Kris Murray,Over,0.5,-137,2025-11-27,2025-11-26T06:27:52Z
Underdog,player_threes,Kris Murray,Under,0.5,-137,2025-11-27,2025-11-26T06:27:52Z
PrizePicks,player_threes,Derrick White,Over,2.5,-137,2025-11-26,2025-11-26T06:28:01Z
PrizePicks,player_threes,Derrick White,Under,2.5,-137,2025-11-26,2025-11-26T06:28:01Z
PrizePicks,player_threes,Isaiah Stewart II,Over,0.5,-137,2025-11-26,2025-11-26T06:28:01Z
PrizePicks,player_threes,Isaiah Stewart II,Under,0.5,-137,2025-11-26,2025-11-26T06:28:01Z
PrizePicks,player_threes,Miles Bridges,Over,2.5,-137,2025-11-27,2025-11-26T06:27:46Z
PrizePicks,player_threes,Miles Bridges,Under,2.5,-137,2025-11-27,2025-11-26T06:27:46Z
PrizePicks,player_threes,Jordan Clarkson,Over,1.5,-137,2025-11-27,2025-11-26T06:27:46Z
PrizePicks,player_threes,Jordan Clarkson,Under,1.5,-137,2025-11-27,2025-11-26T06:27:46Z
PrizePicks,player_threes,Immanuel Quickley,Over,2.5,-137,2025-11-27,2025-11-26T06:28:15Z
PrizePicks,player_threes,Immanuel Quickley,Under,2.5,-137,2025-11-27,2025-11-26T06:28:15Z
PrizePicks,player_threes,Andrew Nembhard,Over,1.5,-137,2025-11-27,2025-11-26T06:28:15Z
PrizePicks,player_threes,Andrew Nembhard,Under,1.5,-137,2025-11-27,2025-11-26T06:28:15Z
PrizePicks,player_threes,Pascal Siakam,Over,1.5,-137,2025-11-27,2025-11-26T06:28:15Z
PrizePicks,player_threes,Pascal Siakam,Under,1.5,-137,2025-11-27,2025-11-26T06:28:15Z
PrizePicks,player_threes,A.J. Green,Over,2.5,-137,2025-11-27,2025-11-26T06:28:16Z
PrizePicks,player_threes,A.J. Green,Under,2.5,-137,2025-11-27,2025-11-26T06:28:16Z
PrizePicks,player_threes,Chet Holmgren,Over,1.5,-137,2025-11-27,2025-11-26T06:27:51Z
PrizePicks,player_threes,Chet Holmgren,Under,1.5,-137,2025-11-27,2025-11-26T06:27:51Z
PrizePicks,player_threes,Julius Randle,Over,1.5,-137,2025-11-27,2025-11-26T06:27:51Z
PrizePicks,player_threes,Julius Randle,Under,1.5,-137,2025-11-27,2025-11-26T06:27:51Z
PrizePicks,player_threes,Cason Wallace,Over,1.5,-137,2025-11-27,2025-11-26T06:27:51Z
PrizePicks,player_threes,Cason Wallace,Under,1.5,-137,2025-11-27,2025-11-26T06:27:51Z
PrizePicks,player_threes,Amen Thompson,Over,0.5,-137,2025-11-27,2025-11-26T06:27:51Z
PrizePicks,player_threes,Amen Thompson,Under,0.5,-137,2025-11-27,2025-11-26T06:27:51Z
PrizePicks,player_threes,Zach LaVine,Over,2.5,-137,2025-11-27,2025-11-26T06:28:00Z
PrizePicks,player_threes,Zach LaVine,Under,2.5,-137,2025-11-27,2025-11-26T06:28:00Z
PrizePicks,player_threes,Russell Westbrook,Over,1.5,-137,2025-11-27,2025-11-26T06:28:00Z
PrizePicks,player_threes,Russell Westbrook,Under,1.5,-137,2025-11-27,2025-11-26T06:28:00Z
PrizePicks,player_threes,Devin Vassell,Over,2.5,-137,2025-11-27,2025-11-26T06:28:26Z
PrizePicks,player_threes,Devin Vassell,Under,2.5,-137,2025-11-27,2025-11-26T06:28:26Z
PrizePicks,player_threes,Jeremy Sochan,Over,0.5,-137,2025-11-27,2025-11-26T06:28:26Z
PrizePicks,player_threes,Jeremy Sochan,Under,0.5,-137,2025-11-27,2025-11-26T06:28:26Z
PrizePicks,player_threes,Kris Murray,Over,0.5,-137,2025-11-27,2025-11-26T06:28:26Z
PrizePicks,player_threes,Kris Murray,Under,0.5,-137,2025-11-27,2025-11-26T06:28:26Z
Betr DFS,player_threes,Duncan Robinson,Over,2.5,-137,2025-11-26,2025-11-26T06:27:40Z
Betr DFS,player_threes,Isaiah Stewart II,Over,0.5,-137,2025-11-26,2025-11-26T06:27:40Z
Betr DFS,player_threes,Isaiah Stewart II,Under,0.5,-137,2025-11-26,2025-11-26T06:27:40Z
Betr DFS,player_threes,Derrick White,Over,2.5,-137,2025-11-26,2025-11-26T06:27:40Z
Betr DFS,player_threes,Derrick White,Under,2.5,-137,2025-11-26,2025-11-26T06:27:40Z
Betr DFS,player_threes,Payton Pritchard,Over,3.0,-137,2025-11-26,2025-11-26T06:27:40Z
Betr DFS,player_threes,Payton Pritchard,Under,3.0,-137,2025-11-26,2025-11-26T06:27:40Z
Betr DFS,player_threes,Jalen Brunson,Over,3.0,-137,2025-11-27,2025-11-26T06:27:23Z
Betr DFS,player_threes,Jalen Brunson,Under,3.0,-137,2025-11-27,2025-11-26T06:27:23Z
Betr DFS,player_threes,Jordan Clarkson,Over,1.5,-137,2025-11-27,2025-11-26T06:27:23Z
Betr DFS,player_threes,Jordan Clarkson,Under,1.5,-137,2025-11-27,2025-11-26T06:27:23Z
Betr DFS,player_threes,Brandon Miller,Over,3.0,-137,2025-11-27,2025-11-26T06:27:23Z
Betr DFS,player_threes,Brandon Miller,Under,3.0,-137,2025-11-27,2025-11-26T06:27:23Z
Betr DFS,player_threes,Miles Bridges,Over,2.5,-137,2025-11-27,2025-11-26T06:27:23Z
Betr DFS,player_threes,Miles Bridges,Under,2.5,-137,2025-11-27,2025-11-26T06:27:23Z
Betr DFS,player_threes,Kon Knueppel,Over,3.0,-137,2025-11-27,2025-11-26T06:27:23Z
Betr DFS,player_threes,Kon Knueppel,Under,3.0,-137,2025-11-27,2025-11-26T06:27:23Z
Betr DFS,player_threes,Pascal Siakam,Over,1.5,-137,2025-11-27,2025-11-26T06:27:40Z
Betr DFS,player_threes,Pascal Siakam,Under,1.5,-137,2025-11-27,2025-11-26T06:27:40Z
Betr DFS,player_threes,Bennedict Mathurin,Over,1.5,-137,2025-11-27,2025-11-26T06:27:40Z
Betr DFS,player_threes,Bennedict Mathurin,Under,1.5,-137,2025-11-27,2025-11-26T06:27:40Z
Betr DFS,player_threes,Andrew Nembhard,Over,1.5,-137,2025-11-27,2025-11-26T06:27:40Z
Betr DFS,player_threes,Andrew Nembhard,Under,1.5,-137,2025-11-27,2025-11-26T06:27:40Z
Betr DFS,player_threes,Immanuel Quickley,Over,2.5,-137,2025-11-27,2025-11-26T06:27:40Z
Betr DFS,player_threes,Immanuel Quickley,Under,2.5,-137,2025-11-27,2025-11-26T06:27:40Z
Betr DFS,player_threes,A.J. Green,Over,2.5,-137,2025-11-27,2025-11-26T06:28:08Z
Betr DFS,player_threes,A.J. Green,Under,2.5,-137,2025-11-27,2025-11-26T06:28:08Z
Betr DFS,player_threes,Norman Powell,Over,2.5,-137,2025-11-27,2025-11-26T06:28:08Z
Betr DFS,player_threes,Norman Powell,Under,2.5,-137,2025-11-27,2025-11-26T06:28:08Z
Betr DFS,player_threes,Julius Randle,Over,1.5,-137,2025-11-27,2025-11-26T06:27:30Z
Betr DFS,player_threes,Julius Randle,Under,1.5,-137,2025-11-27,2025-11-26T06:27:30Z
Betr DFS,player_threes,Anthony Edwards,Over,3.0,-137,2025-11-27,2025-11-26T06:27:30Z
Betr DFS,player_threes,Anthony Edwards,Under,3.0,-137,2025-11-27,2025-11-26T06:27:30Z
Betr DFS,player_threes,Donte DiVincenzo,Over,2.5,-137,2025-11-27,2025-11-26T06:27:30Z
Betr DFS,player_threes,Donte DiVincenzo,Under,2.5,-137,2025-11-27,2025-11-26T06:27:30Z
Betr DFS,player_threes,Alex Caruso,Over,1.5,-137,2025-11-27,2025-11-26T06:27:30Z
Betr DFS,player_threes,Chet Holmgren,Over,1.5,-137,2025-11-27,2025-11-26T06:27:30Z
Betr DFS,player_threes,Chet Holmgren,Under,1.5,-137,2025-11-27,2025-11-26T06:27:30Z
Betr DFS,player_threes,Jaylin Williams,Over,1.5,-137,2025-11-27,2025-11-26T06:27:30Z
Betr DFS,player_threes,Cason Wallace,Over,1.5,-137,2025-11-27,2025-11-26T06:27:30Z
Betr DFS,player_threes,Cason Wallace,Under,1.5,-137,2025-11-27,2025-11-26T06:27:30Z
Betr DFS,player_threes,Vincent Williams Jr,Under,1.5,-137,2025-11-27,2025-11-26T06:27:40Z
Betr DFS,player_threes,Trey Murphy III,Over,3.0,-137,2025-11-27,2025-11-26T06:27:40Z
Betr DFS,player_threes,Trey Murphy III,Under,3.0,-137,2025-11-27,2025-11-26T06:27:40Z
Betr DFS,player_threes,Amen Thompson,Over,0.5,-137,2025-11-27,2025-11-26T06:28:33Z
Betr DFS,player_threes,Amen Thompson,Under,0.5,-137,2025-11-27,2025-11-26T06:28:33Z
Betr DFS,player_threes,Stephen Curry,Under,4.5,-137,2025-11-27,2025-11-26T06:28:33Z
Betr DFS,player_threes,Moses Moody,Over,2.5,-137,2025-11-27,2025-11-26T06:28:33Z
Betr DFS,player_threes,Dillon Brooks,Over,2.5,-137,2025-11-27,2025-11-26T06:28:27Z
Betr DFS,player_threes,Dillon Brooks,Under,2.5,-137,2025-11-27,2025-11-26T06:28:27Z
Betr DFS,player_threes,Zach LaVine,Over,2.5,-137,2025-11-27,2025-11-26T06:28:27Z
Betr DFS,player_threes,Zach LaVine,Under,2.5,-137,2025-11-27,2025-11-26T06:28:27Z
Betr DFS,player_threes,Russell Westbrook,Over,1.5,-137,2025-11-27,2025-11-26T06:28:27Z
Betr DFS,player_threes,Russell Westbrook,Under,1.5,-137,2025-11-27,2025-11-26T06:28:27Z
Betr DFS,player_threes,Devin Vassell,Over,2.5,-137,2025-11-27,2025-11-26T06:28:32Z
Betr DFS,player_threes,Devin Vassell,Under,2.5,-137,2025-11-27,2025-11-26T06:28:32Z
Betr DFS,player_threes,Jeremy Sochan,Over,0.5,-137,2025-11-27,2025-11-26T06:28:32Z
Betr DFS,player_threes,Jeremy Sochan,Under,0.5,-137,2025-11-27,2025-11-26T06:28:32Z
Betr DFS,player_threes,Kris Murray,Over,0.5,-137,2025-11-27,2025-11-26T06:28:32Z
Betr DFS,player_threes,Kris Murray,Under,0.5,-137,2025-11-27,2025-11-26T06:28:32Z
PrizePicks,player_blocks,Jordan Walsh,Over,0.5,-137,2025-11-26,2025-11-26T06:28:01Z
PrizePicks,player_blocks,Jordan Walsh,Under,0.5,-137,2025-11-26,2025-11-26T06:28:01Z
PrizePicks,player_blocks,Ausar Thompson,Over,0.5,-137,2025-11-26,2025-11-26T06:28:01Z
PrizePicks,player_blocks,Ausar Thompson,Under,0.5,-137,2025-11-26,2025-11-26T06:28:01Z
PrizePicks,player_blocks,Ryan Kalkbrenner,Over,1.5,-137,2025-11-27,2025-11-26T06:27:46Z
PrizePicks,player_blocks,Ryan Kalkbrenner,Under,1.5,-137,2025-11-27,2025-11-26T06:27:46Z
PrizePicks,player_blocks,Karl-Anthony Towns,Over,0.5,-137,2025-11-27,2025-11-26T06:27:46Z
PrizePicks,player_blocks,Karl-Anthony Towns,Under,0.5,-137,2025-11-27,2025-11-26T06:27:46Z
PrizePicks,player_blocks,Jakob Poeltl,Over,0.5,-137,2025-11-27,2025-11-26T06:28:15Z
PrizePicks,player_blocks,Jakob Poeltl,Under,0.5,-137,2025-11-27,2025-11-26T06:28:15Z
PrizePicks,player_blocks,Brandon Ingram,Over,0.5,-137,2025-11-27,2025-11-26T06:28:15Z
PrizePicks,player_blocks,Brandon Ingram,Under,0.5,-137,2025-11-27,2025-11-26T06:28:15Z
PrizePicks,player_blocks,Myles Turner,Over,1.5,-137,2025-11-27,2025-11-26T06:28:16Z
PrizePicks,player_blocks,Myles Turner,Under,1.5,-137,2025-11-27,2025-11-26T06:28:16Z
PrizePicks,player_blocks,Chet Holmgren,Over,1.5,-137,2025-11-27,2025-11-26T06:27:51Z
PrizePicks,player_blocks,Chet Holmgren,Under,1.5,-137,2025-11-27,2025-11-26T06:27:51Z
PrizePicks,player_blocks,Isaiah Hartenstein,Over,0.5,-137,2025-11-27,2025-11-26T06:27:51Z
PrizePicks,player_blocks,Isaiah Hartenstein,Under,0.5,-137,2025-11-27,2025-11-26T06:27:51Z
PrizePicks,player_blocks,Naz Reid,Over,0.5,-137,2025-11-27,2025-11-26T06:27:51Z
PrizePicks,player_blocks,Naz Reid,Under,0.5,-137,2025-11-27,2025-11-26T06:27:51Z
PrizePicks,player_blocks,Zach Edey,Over,1.5,-137,2025-11-27,2025-11-26T06:27:54Z
PrizePicks,player_blocks,Zach Edey,Under,1.5,-137,2025-11-27,2025-11-26T06:27:54Z
PrizePicks,player_blocks,Moses Moody,Over,0.5,-137,2025-11-27,2025-11-26T06:27:51Z
PrizePicks,player_blocks,Moses Moody,Under,0.5,-137,2025-11-27,2025-11-26T06:27:51Z
PrizePicks,player_blocks,Donovan Clingan,Over,1.5,-137,2025-11-27,2025-11-26T06:28:26Z
PrizePicks,player_blocks,Donovan Clingan,Under,1.5,-137,2025-11-27,2025-11-26T06:28:26Z
PrizePicks,player_blocks,Deni Avdija,Over,0.5,-137,2025-11-27,2025-11-26T06:28:26Z
PrizePicks,player_blocks,Deni Avdija,Under,0.5,-137,2025-11-27,2025-11-26T06:28:26Z
Betr DFS,player_blocks,Ausar Thompson,Over,0.5,-137,2025-11-26,2025-11-26T06:27:40Z
Betr DFS,player_blocks,Ausar Thompson,Under,0.5,-137,2025-11-26,2025-11-26T06:27:40Z
Betr DFS,player_blocks,Derrick White,Over,1.5,-137,2025-11-26,2025-11-26T06:27:40Z
Betr DFS,player_blocks,Luka Garza,Over,0.5,-137,2025-11-26,2025-11-26T06:27:40Z
Betr DFS,player_blocks,Jordan Walsh,Over,0.5,-137,2025-11-26,2025-11-26T06:27:40Z
Betr DFS,player_blocks,Jordan Walsh,Under,0.5,-137,2025-11-26,2025-11-26T06:27:40Z
Betr DFS,player_blocks,Karl-Anthony Towns,Over,0.5,-137,2025-11-27,2025-11-26T06:27:23Z
Betr DFS,player_blocks,Karl-Anthony Towns,Under,0.5,-137,2025-11-27,2025-11-26T06:27:23Z
Betr DFS,player_blocks,Miles Bridges,Over,0.5,-137,2025-11-27,2025-11-26T06:27:23Z
Betr DFS,player_blocks,Ryan Kalkbrenner,Over,1.5,-137,2025-11-27,2025-11-26T06:27:23Z
Betr DFS,player_blocks,Ryan Kalkbrenner,Under,1.5,-137,2025-11-27,2025-11-26T06:27:23Z
Betr DFS,player_blocks,Pascal Siakam,Over,0.5,-137,2025-11-27,2025-11-26T06:27:40Z
Betr DFS,player_blocks,Pascal Siakam,Under,0.5,-137,2025-11-27,2025-11-26T06:27:40Z
Betr DFS,player_blocks,Jakob Poeltl,Over,0.5,-137,2025-11-27,2025-11-26T06:27:40Z
Betr DFS,player_blocks,Jakob Poeltl,Under,0.5,-137,2025-11-27,2025-11-26T06:27:40Z
Betr DFS,player_blocks,Brandon Ingram,Over,0.5,-137,2025-11-27,2025-11-26T06:27:40Z
Betr DFS,player_blocks,Brandon Ingram,Under,0.5,-137,2025-11-27,2025-11-26T06:27:40Z
Betr DFS,player_blocks,Myles Turner,Over,1.5,-137,2025-11-27,2025-11-26T06:28:08Z
Betr DFS,player_blocks,Myles Turner,Under,1.5,-137,2025-11-27,2025-11-26T06:28:08Z
Betr DFS,player_blocks,Bam Adebayo,Over,0.5,-137,2025-11-27,2025-11-26T06:28:08Z
Betr DFS,player_blocks,Andrew Wiggins,Over,0.5,-137,2025-11-27,2025-11-26T06:28:08Z
Betr DFS,player_blocks,Rudy Gobert,Over,1.5,-137,2025-11-27,2025-11-26T06:27:30Z
Betr DFS,player_blocks,Naz Reid,Over,0.5,-137,2025-11-27,2025-11-26T06:27:30Z
Betr DFS,player_blocks,Naz Reid,Under,0.5,-137,2025-11-27,2025-11-26T06:27:30Z
Betr DFS,player_blocks,Isaiah Hartenstein,Over,0.5,-137,2025-11-27,2025-11-26T06:27:30Z
Betr DFS,player_blocks,Isaiah Hartenstein,Under,0.5,-137,2025-11-27,2025-11-26T06:27:30Z
Betr DFS,player_blocks,Shai Gilgeous-Alexander,Over,0.5,-137,2025-11-27,2025-11-26T06:27:30Z
Betr DFS,player_blocks,Shai Gilgeous-Alexander,Under,0.5,-137,2025-11-27,2025-11-26T06:27:30Z
Betr DFS,player_blocks,Chet Holmgren,Over,1.5,-137,2025-11-27,2025-11-26T06:27:30Z
Betr DFS,player_blocks,Chet Holmgren,Under,1.5,-137,2025-11-27,2025-11-26T06:27:30Z
Betr DFS,player_blocks,Zach Edey,Over,1.5,-137,2025-11-27,2025-11-26T06:27:40Z
Betr DFS,player_blocks,Zach Edey,Under,1.5,-137,2025-11-27,2025-11-26T06:27:40Z
Betr DFS,player_blocks,Zion Williamson,Over,0.5,-137,2025-11-27,2025-11-26T06:27:40Z
Betr DFS,player_blocks,Jabari Smith Jr,Over,0.5,-137,2025-11-27,2025-11-26T06:28:33Z
Betr DFS,player_blocks,Amen Thompson,Over,0.5,-137,2025-11-27,2025-11-26T06:28:33Z
Betr DFS,player_blocks,Moses Moody,Over,0.5,-137,2025-11-27,2025-11-26T06:28:33Z
Betr DFS,player_blocks,Moses Moody,Under,0.5,-137,2025-11-27,2025-11-26T06:28:33Z
Betr DFS,player_blocks,Luke Kornet,Over,1.5,-137,2025-11-27,2025-11-26T06:28:32Z
Betr DFS,player_blocks,Deni Avdija,Over,0.5,-137,2025-11-27,2025-11-26T06:28:32Z
Betr DFS,player_blocks,Deni Avdija,Under,0.5,-137,2025-11-27,2025-11-26T06:28:32Z
Betr DFS,player_blocks,Toumani Camara,Over,0.5,-137,2025-11-27,2025-11-26T06:28:32Z
Betr DFS,player_blocks,Donovan Clingan,Over,1.5,-137,2025-11-27,2025-11-26T06:28:32Z
Betr DFS,player_blocks,Donovan Clingan,Under,1.5,-137,2025-11-27,2025-11-26T06:28:32Z
PrizePicks,player_steals,Anfernee Simons,Over,0.5,-137,2025-11-26,2025-11-26T06:28:01Z
PrizePicks,player_steals,Anfernee Simons,Under,0.5,-137,2025-11-26,2025-11-26T06:28:01Z
PrizePicks,player_steals,Luka Garza,Over,0.5,-137,2025-11-26,2025-11-26T06:28:01Z
PrizePicks,player_steals,Luka Garza,Under,0.5,-137,2025-11-26,2025-11-26T06:28:01Z
PrizePicks,player_steals,Mikal Bridges,Over,1.5,-137,2025-11-27,2025-11-26T06:27:46Z
PrizePicks,player_steals,Mikal Bridges,Under,1.5,-137,2025-11-27,2025-11-26T06:27:46Z
PrizePicks,player_steals,Kyle Kuzma,Over,0.5,-137,2025-11-27,2025-11-26T06:28:16Z
PrizePicks,player_steals,Kyle Kuzma,Under,0.5,-137,2025-11-27,2025-11-26T06:28:16Z
PrizePicks,player_steals,Cason Wallace,Over,1.5,-137,2025-11-27,2025-11-26T06:27:51Z
PrizePicks,player_steals,Cason Wallace,Under,1.5,-137,2025-11-27,2025-11-26T06:27:51Z
PrizePicks,player_steals,Shai Gilgeous-Alexander,Over,1.5,-137,2025-11-27,2025-11-26T06:27:51Z
PrizePicks,player_steals,Shai Gilgeous-Alexander,Under,1.5,-137,2025-11-27,2025-11-26T06:27:51Z
PrizePicks,player_steals,Chet Holmgren,Over,0.5,-137,2025-11-27,2025-11-26T06:27:51Z
PrizePicks,player_steals,Chet Holmgren,Under,0.5,-137,2025-11-27,2025-11-26T06:27:51Z
PrizePicks,player_steals,Rudy Gobert,Over,0.5,-137,2025-11-27,2025-11-26T06:27:51Z
PrizePicks,player_steals,Rudy Gobert,Under,0.5,-137,2025-11-27,2025-11-26T06:27:51Z
PrizePicks,player_steals,Cedric Coward,Over,0.5,-137,2025-11-27,2025-11-26T06:27:54Z
PrizePicks,player_steals,Cedric Coward,Under,0.5,-137,2025-11-27,2025-11-26T06:27:54Z
PrizePicks,player_steals,Jaren Jackson Jr,Over,0.5,-137,2025-11-27,2025-11-26T06:27:54Z
PrizePicks,player_steals,Jaren Jackson Jr,Under,0.5,-137,2025-11-27,2025-11-26T06:27:54Z
PrizePicks,player_steals,Kentavious Caldwell-Pope,Over,0.5,-137,2025-11-27,2025-11-26T06:27:54Z
PrizePicks,player_steals,Kentavious Caldwell-Pope,Under,0.5,-137,2025-11-27,2025-11-26T06:27:54Z
PrizePicks,player_steals,Drew Eubanks,Over,0.5,-137,2025-11-27,2025-11-26T06:28:00Z
PrizePicks,player_steals,Drew Eubanks,Under,0.5,-137,2025-11-27,2025-11-26T06:28:00Z
PrizePicks,player_steals,Donovan Clingan,Over,0.5,-137,2025-11-27,2025-11-26T06:28:26Z
PrizePicks,player_steals,Donovan Clingan,Under,0.5,-137,2025-11-27,2025-11-26T06:28:26Z
PrizePicks,player_steals,Jeremy Sochan,Over,0.5,-137,2025-11-27,2025-11-26T06:28:26Z
PrizePicks,player_steals,Jeremy Sochan,Under,0.5,-137,2025-11-27,2025-11-26T06:28:26Z
PrizePicks,player_steals,Luke Kornet,Over,0.5,-137,2025-11-27,2025-11-26T06:28:26Z
PrizePicks,player_steals,Luke Kornet,Under,0.5,-137,2025-11-27,2025-11-26T06:28:26Z
PrizePicks,player_steals,Robert Williams,Over,0.5,-137,2025-11-27,2025-11-26T06:28:26Z
PrizePicks,player_steals,Robert Williams,Under,0.5,-137,2025-11-27,2025-11-26T06:28:26Z
Betr DFS,player_steals,Caris LeVert,Over,0.5,-137,2025-11-26,2025-11-26T06:27:40Z
Betr DFS,player_steals,Ausar Thompson,Over,1.5,-137,2025-11-26,2025-11-26T06:27:40Z
Betr DFS,player_steals,Luka Garza,Over,0.5,-137,2025-11-26,2025-11-26T06:27:40Z
Betr DFS,player_steals,Anfernee Simons,Over,0.5,-137,2025-11-26,2025-11-26T06:27:40Z
Betr DFS,player_steals,Mitchell Robinson,Over,0.5,-137,2025-11-27,2025-11-26T06:27:23Z
Betr DFS,player_steals,Mikal Bridges,Over,1.5,-137,2025-11-27,2025-11-26T06:27:23Z
Betr DFS,player_steals,Jordan Clarkson,Over,0.5,-137,2025-11-27,2025-11-26T06:27:23Z
Betr DFS,player_steals,Brandon Miller,Over,0.5,-137,2025-11-27,2025-11-26T06:27:23Z
Betr DFS,player_steals,Ryan Kalkbrenner,Over,0.5,-137,2025-11-27,2025-11-26T06:27:23Z
Betr DFS,player_steals,Isaiah Jackson,Over,0.5,-137,2025-11-27,2025-11-26T06:27:40Z
Betr DFS,player_steals,Jarace Walker,Over,0.5,-137,2025-11-27,2025-11-26T06:27:40Z
Betr DFS,player_steals,Kyle Kuzma,Over,0.5,-137,2025-11-27,2025-11-26T06:28:08Z
Betr DFS,player_steals,A.J. Green,Over,0.5,-137,2025-11-27,2025-11-26T06:28:08Z
Betr DFS,player_steals,Mike Conley,Over,0.5,-137,2025-11-27,2025-11-26T06:27:30Z
Betr DFS,player_steals,Rudy Gobert,Over,0.5,-137,2025-11-27,2025-11-26T06:27:30Z
Betr DFS,player_steals,Shai Gilgeous-Alexander,Over,1.5,-137,2025-11-27,2025-11-26T06:27:30Z
Betr DFS,player_steals,Chet Holmgren,Over,0.5,-137,2025-11-27,2025-11-26T06:27:30Z
Betr DFS,player_steals,Jaylin Williams,Over,0.5,-137,2025-11-27,2025-11-26T06:27:30Z
Betr DFS,player_steals,Cason Wallace,Over,1.5,-137,2025-11-27,2025-11-26T06:27:30Z
Betr DFS,player_steals,Kentavious Caldwell-Pope,Over,0.5,-137,2025-11-27,2025-11-26T06:27:40Z
Betr DFS,player_steals,Jaren Jackson Jr,Over,0.5,-137,2025-11-27,2025-11-26T06:27:40Z
Betr DFS,player_steals,Zach Edey,Over,0.5,-137,2025-11-27,2025-11-26T06:27:40Z
Betr DFS,player_steals,Cedric Coward,Over,0.5,-137,2025-11-27,2025-11-26T06:27:40Z
Betr DFS,player_steals,Amen Thompson,Over,1.5,-137,2025-11-27,2025-11-26T06:28:33Z
Betr DFS,player_steals,Dillon Brooks,Over,1.5,-137,2025-11-27,2025-11-26T06:28:27Z
Betr DFS,player_steals,Drew Eubanks,Over,0.5,-137,2025-11-27,2025-11-26T06:28:27Z
Betr DFS,player_steals,Luke Kornet,Over,0.5,-137,2025-11-27,2025-11-26T06:28:32Z
Betr DFS,player_steals,Jeremy Sochan,Over,0.5,-137,2025-11-27,2025-11-26T06:28:32Z
Betr DFS,player_steals,Robert Williams,Over,0.5,-137,2025-11-27,2025-11-26T06:28:32Z
Betr DFS,player_steals,Donovan Clingan,Over,0.5,-137,2025-11-27,2025-11-26T06:28:32Z
DraftKings Pick6,player_points_rebounds_assists,Austin Reaves,Over,35.5,-137,2025-11-26,2025-11-26T06:13:47Z
DraftKings Pick6,player_points_rebounds_assists,Austin Reaves,Under,35.5,-137,2025-11-26,2025-11-26T06:13:47Z
DraftKings Pick6,player_points_rebounds_assists,LeBron James,Over,30.5,-137,2025-11-26,2025-11-26T06:13:47Z
DraftKings Pick6,player_points_rebounds_assists,LeBron James,Under,30.5,-137,2025-11-26,2025-11-26T06:13:47Z
Underdog,player_points_rebounds_assists,Jaylen Brown,Over,37.5,-137,2025-11-26,2025-11-26T06:27:45Z
Underdog,player_points_rebounds_assists,Jaylen Brown,Under,37.5,-137,2025-11-26,2025-11-26T06:27:45Z
Underdog,player_points_rebounds_assists,Anfernee Simons,Over,19.5,-137,2025-11-26,2025-11-26T06:27:45Z
Underdog,player_points_rebounds_assists,Anfernee Simons,Under,19.5,-137,2025-11-26,2025-11-26T06:27:45Z
Underdog,player_points_rebounds_assists,Cade Cunningham,Over,40.5,-137,2025-11-26,2025-11-26T06:27:45Z
Underdog,player_points_rebounds_assists,Cade Cunningham,Under,40.5,-137,2025-11-26,2025-11-26T06:27:45Z
Underdog,player_points_rebounds_assists,Derrick White,Over,26.5,-137,2025-11-26,2025-11-26T06:27:45Z
Underdog,player_points_rebounds_assists,Derrick White,Under,26.5,-137,2025-11-26,2025-11-26T06:27:45Z
Underdog,player_points_rebounds_assists,Tobias Harris,Over,17.5,-137,2025-11-26,2025-11-26T06:27:45Z
Underdog,player_points_rebounds_assists,Tobias Harris,Under,17.5,-137,2025-11-26,2025-11-26T06:27:45Z
Underdog,player_points_rebounds_assists,Ausar Thompson,Over,18.5,-137,2025-11-26,2025-11-26T06:27:45Z
Underdog,player_points_rebounds_assists,Ausar Thompson,Under,18.5,-137,2025-11-26,2025-11-26T06:27:45Z
Underdog,player_points_rebounds_assists,Jalen Duren,Over,33.5,-137,2025-11-26,2025-11-26T06:27:45Z
Underdog,player_points_rebounds_assists,Jalen Duren,Under,33.5,-137,2025-11-26,2025-11-26T06:27:45Z
Underdog,player_points_rebounds_assists,Caris LeVert,Over,13.5,-137,2025-11-26,2025-11-26T06:27:45Z
Underdog,player_points_rebounds_assists,Caris LeVert,Under,13.5,-137,2025-11-26,2025-11-26T06:27:45Z
Underdog,player_points_rebounds_assists,Isaiah Stewart II,Over,13.5,-137,2025-11-26,2025-11-26T06:27:45Z
Underdog,player_points_rebounds_assists,Isaiah Stewart II,Under,13.5,-137,2025-11-26,2025-11-26T06:27:45Z
Underdog,player_points_rebounds_assists,Payton Pritchard,Over,25.5,-137,2025-11-26,2025-11-26T06:27:45Z
Underdog,player_points_rebounds_assists,Payton Pritchard,Under,25.5,-137,2025-11-26,2025-11-26T06:27:45Z
Underdog,player_points_rebounds_assists,Duncan Robinson,Over,14.5,-137,2025-11-26,2025-11-26T06:27:45Z
Underdog,player_points_rebounds_assists,Duncan Robinson,Under,14.5,-137,2025-11-26,2025-11-26T06:27:45Z
Underdog,player_points_rebounds_assists,Luka Garza,Over,16.5,-137,2025-11-26,2025-11-26T06:27:45Z
Underdog,player_points_rebounds_assists,Luka Garza,Under,16.5,-137,2025-11-26,2025-11-26T06:27:45Z
Underdog,player_points_rebounds_assists,Karl-Anthony Towns,Over,40.5,-137,2025-11-27,2025-11-26T06:28:19Z
Underdog,player_points_rebounds_assists,Karl-Anthony Towns,Under,40.5,-137,2025-11-27,2025-11-26T06:28:19Z
Underdog,player_points_rebounds_assists,Jalen Brunson,Over,38.5,-137,2025-11-27,2025-11-26T06:28:19Z
Underdog,player_points_rebounds_assists,Jalen Brunson,Under,38.5,-137,2025-11-27,2025-11-26T06:28:19Z
Underdog,player_points_rebounds_assists,LaMelo Ball,Over,29.5,-137,2025-11-27,2025-11-26T06:28:19Z
Underdog,player_points_rebounds_assists,LaMelo Ball,Under,29.5,-137,2025-11-27,2025-11-26T06:28:19Z
Underdog,player_points_rebounds_assists,Brandon Miller,Over,23.5,-137,2025-11-27,2025-11-26T06:28:19Z
Underdog,player_points_rebounds_assists,Brandon Miller,Under,23.5,-137,2025-11-27,2025-11-26T06:28:19Z
Underdog,player_points_rebounds_assists,Miles Bridges,Over,30.5,-137,2025-11-27,2025-11-26T06:28:19Z
Underdog,player_points_rebounds_assists,Miles Bridges,Under,30.5,-137,2025-11-27,2025-11-26T06:28:19Z
Underdog,player_points_rebounds_assists,Jordan Clarkson,Over,16.5,-137,2025-11-27,2025-11-26T06:28:19Z
Underdog,player_points_rebounds_assists,Jordan Clarkson,Under,16.5,-137,2025-11-27,2025-11-26T06:28:19Z
Underdog,player_points_rebounds_assists,Mikal Bridges,Over,24.5,-137,2025-11-27,2025-11-26T06:28:19Z
Underdog,player_points_rebounds_assists,Mikal Bridges,Under,24.5,-137,2025-11-27,2025-11-26T06:28:19Z
Underdog,player_points_rebounds_assists,Josh Hart,Over,23.5,-137,2025-11-27,2025-11-26T06:28:19Z
Underdog,player_points_rebounds_assists,Josh Hart,Under,23.5,-137,2025-11-27,2025-11-26T06:28:19Z
Underdog,player_points_rebounds_assists,Miles McBride,Over,15.5,-137,2025-11-27,2025-11-26T06:28:19Z
Underdog,player_points_rebounds_assists,Miles McBride,Under,15.5,-137,2025-11-27,2025-11-26T06:28:19Z
Underdog,player_points_rebounds_assists,Kon Knueppel,Over,25.5,-137,2025-11-27,2025-11-26T06:28:19Z
Underdog,player_points_rebounds_assists,Kon Knueppel,Under,25.5,-137,2025-11-27,2025-11-26T06:28:19Z
Underdog,player_points_rebounds_assists,Ryan Kalkbrenner,Over,14.5,-137,2025-11-27,2025-11-26T06:28:19Z
Underdog,player_points_rebounds_assists,Ryan Kalkbrenner,Under,14.5,-137,2025-11-27,2025-11-26T06:28:19Z
Underdog,player_points_rebounds_assists,Scottie Barnes,Over,33.5,-137,2025-11-27,2025-11-26T06:27:20Z
Underdog,player_points_rebounds_assists,Scottie Barnes,Under,33.5,-137,2025-11-27,2025-11-26T06:27:20Z
Underdog,player_points_rebounds_assists,Pascal Siakam,Over,33.5,-137,2025-11-27,2025-11-26T06:27:20Z
Underdog,player_points_rebounds_assists,Pascal Siakam,Under,33.5,-137,2025-11-27,2025-11-26T06:27:20Z
Underdog,player_points_rebounds_assists,Brandon Ingram,Over,33.5,-137,2025-11-27,2025-11-26T06:27:20Z
Underdog,player_points_rebounds_assists,Brandon Ingram,Under,33.5,-137,2025-11-27,2025-11-26T06:27:20Z
Underdog,player_points_rebounds_assists,Immanuel Quickley,Over,26.5,-137,2025-11-27,2025-11-26T06:27:20Z
Underdog,player_points_rebounds_assists,Immanuel Quickley,Under,26.5,-137,2025-11-27,2025-11-26T06:27:20Z
Underdog,player_points_rebounds_assists,Andrew Nembhard,Over,25.5,-137,2025-11-27,2025-11-26T06:27:20Z
Underdog,player_points_rebounds_assists,Andrew Nembhard,Under,25.5,-137,2025-11-27,2025-11-26T06:27:20Z
Underdog,player_points_rebounds_assists,Jakob Poeltl,Over,23.5,-137,2025-11-27,2025-11-26T06:27:20Z
Underdog,player_points_rebounds_assists,Jakob Poeltl,Under,23.5,-137,2025-11-27,2025-11-26T06:27:20Z
Underdog,player_points_rebounds_assists,Jamal Shead,Over,15.5,-137,2025-11-27,2025-11-26T06:27:20Z
Underdog,player_points_rebounds_assists,Jamal Shead,Under,15.5,-137,2025-11-27,2025-11-26T06:27:20Z
Underdog,player_points_rebounds_assists,Bennedict Mathurin,Over,28.5,-137,2025-11-27,2025-11-26T06:27:20Z
Underdog,player_points_rebounds_assists,Bennedict Mathurin,Under,28.5,-137,2025-11-27,2025-11-26T06:27:20Z
Underdog,player_points_rebounds_assists,Sandro Mamukelashvili,Over,17.5,-137,2025-11-27,2025-11-26T06:27:20Z
Underdog,player_points_rebounds_assists,Sandro Mamukelashvili,Under,17.5,-137,2025-11-27,2025-11-26T06:27:20Z
Underdog,player_points_rebounds_assists,Isaiah Jackson,Over,13.5,-137,2025-11-27,2025-11-26T06:27:20Z
Underdog,player_points_rebounds_assists,Isaiah Jackson,Under,13.5,-137,2025-11-27,2025-11-26T06:27:20Z
Underdog,player_points_rebounds_assists,Ben Sheppard,Over,11.5,-137,2025-11-27,2025-11-26T06:27:20Z
Underdog,player_points_rebounds_assists,Ben Sheppard,Under,11.5,-137,2025-11-27,2025-11-26T06:27:20Z
Underdog,player_points_rebounds_assists,Jarace Walker,Over,14.5,-137,2025-11-27,2025-11-26T06:27:20Z
Underdog,player_points_rebounds_assists,Jarace Walker,Under,14.5,-137,2025-11-27,2025-11-26T06:27:20Z
Underdog,player_points_rebounds_assists,Giannis Antetokounmpo,Over,44.5,-137,2025-11-27,2025-11-26T06:28:22Z
Underdog,player_points_rebounds_assists,Giannis Antetokounmpo,Under,44.5,-137,2025-11-27,2025-11-26T06:28:22Z
Underdog,player_points_rebounds_assists,Kyle Kuzma,Over,19.5,-137,2025-11-27,2025-11-26T06:28:22Z
Underdog,player_points_rebounds_assists,Kyle Kuzma,Under,19.5,-137,2025-11-27,2025-11-26T06:28:22Z
Underdog,player_points_rebounds_assists,Bam Adebayo,Over,28.5,-137,2025-11-27,2025-11-26T06:28:22Z
Underdog,player_points_rebounds_assists,Bam Adebayo,Under,28.5,-137,2025-11-27,2025-11-26T06:28:22Z
Underdog,player_points_rebounds_assists,Myles Turner,Over,21.5,-137,2025-11-27,2025-11-26T06:28:22Z
Underdog,player_points_rebounds_assists,Myles Turner,Under,21.5,-137,2025-11-27,2025-11-26T06:28:22Z
Underdog,player_points_rebounds_assists,Tyler Herro,Over,26.5,-137,2025-11-27,2025-11-26T06:28:22Z
Underdog,player_points_rebounds_assists,Tyler Herro,Under,26.5,-137,2025-11-27,2025-11-26T06:28:22Z
Underdog,player_points_rebounds_assists,Andrew Wiggins,Over,20.5,-137,2025-11-27,2025-11-26T06:28:22Z
Underdog,player_points_rebounds_assists,Andrew Wiggins,Under,20.5,-137,2025-11-27,2025-11-26T06:28:22Z
Underdog,player_points_rebounds_assists,Norman Powell,Over,24.5,-137,2025-11-27,2025-11-26T06:28:22Z
Underdog,player_points_rebounds_assists,Norman Powell,Under,24.5,-137,2025-11-27,2025-11-26T06:28:22Z
Underdog,player_points_rebounds_assists,Kel'el Ware,Over,25.5,-137,2025-11-27,2025-11-26T06:28:22Z
Underdog,player_points_rebounds_assists,Kel'el Ware,Under,25.5,-137,2025-11-27,2025-11-26T06:28:22Z
Underdog,player_points_rebounds_assists,Ryan Rollins,Over,30.5,-137,2025-11-27,2025-11-26T06:28:22Z
Underdog,player_points_rebounds_assists,Ryan Rollins,Under,30.5,-137,2025-11-27,2025-11-26T06:28:22Z
Underdog,player_points_rebounds_assists,A.J. Green,Over,13.5,-137,2025-11-27,2025-11-26T06:28:22Z
Underdog,player_points_rebounds_assists,A.J. Green,Under,13.5,-137,2025-11-27,2025-11-26T06:28:22Z
Underdog,player_points_rebounds_assists,Anthony Edwards,Over,34.5,-137,2025-11-27,2025-11-26T06:28:13Z
Underdog,player_points_rebounds_assists,Anthony Edwards,Under,34.5,-137,2025-11-27,2025-11-26T06:28:13Z
Underdog,player_points_rebounds_assists,Shai Gilgeous-Alexander,Over,42.5,-137,2025-11-27,2025-11-26T06:28:13Z
Underdog,player_points_rebounds_assists,Shai Gilgeous-Alexander,Under,42.5,-137,2025-11-27,2025-11-26T06:28:13Z
Underdog,player_points_rebounds_assists,Chet Holmgren,Over,28.5,-137,2025-11-27,2025-11-26T06:28:13Z
Underdog,player_points_rebounds_assists,Chet Holmgren,Under,28.5,-137,2025-11-27,2025-11-26T06:28:13Z
Underdog,player_points_rebounds_assists,Julius Randle,Over,33.5,-137,2025-11-27,2025-11-26T06:28:13Z
Underdog,player_points_rebounds_assists,Julius Randle,Under,33.5,-137,2025-11-27,2025-11-26T06:28:13Z
Underdog,player_points_rebounds_assists,Rudy Gobert,Over,20.5,-137,2025-11-27,2025-11-26T06:28:13Z
Underdog,player_points_rebounds_assists,Rudy Gobert,Under,20.5,-137,2025-11-27,2025-11-26T06:28:13Z
Underdog,player_points_rebounds_assists,Donte DiVincenzo,Over,19.5,-137,2025-11-27,2025-11-26T06:28:13Z
Underdog,player_points_rebounds_assists,Donte DiVincenzo,Under,19.5,-137,2025-11-27,2025-11-26T06:28:13Z
Underdog,player_points_rebounds_assists,Luguentz Dort,Over,12.5,-137,2025-11-27,2025-11-26T06:28:13Z
Underdog,player_points_rebounds_assists,Luguentz Dort,Under,12.5,-137,2025-11-27,2025-11-26T06:28:13Z
Underdog,player_points_rebounds_assists,Jaden McDaniels,Over,19.5,-137,2025-11-27,2025-11-26T06:28:13Z
Underdog,player_points_rebounds_assists,Jaden McDaniels,Under,19.5,-137,2025-11-27,2025-11-26T06:28:13Z
Underdog,player_points_rebounds_assists,Cason Wallace,Over,14.5,-137,2025-11-27,2025-11-26T06:28:13Z
Underdog,player_points_rebounds_assists,Cason Wallace,Under,14.5,-137,2025-11-27,2025-11-26T06:28:13Z
Underdog,player_points_rebounds_assists,Mike Conley,Over,9.5,-137,2025-11-27,2025-11-26T06:28:13Z
Underdog,player_points_rebounds_assists,Mike Conley,Under,9.5,-137,2025-11-27,2025-11-26T06:28:13Z
Underdog,player_points_rebounds_assists,Isaiah Hartenstein,Over,25.5,-137,2025-11-27,2025-11-26T06:28:13Z
Underdog,player_points_rebounds_assists,Isaiah Hartenstein,Under,25.5,-137,2025-11-27,2025-11-26T06:28:13Z
Underdog,player_points_rebounds_assists,Jaylin Williams,Over,12.5,-137,2025-11-27,2025-11-26T06:28:13Z
Underdog,player_points_rebounds_assists,Jaylin Williams,Under,12.5,-137,2025-11-27,2025-11-26T06:28:13Z
Underdog,player_points_rebounds_assists,Naz Reid,Over,18.5,-137,2025-11-27,2025-11-26T06:28:13Z
Underdog,player_points_rebounds_assists,Naz Reid,Under,18.5,-137,2025-11-27,2025-11-26T06:28:13Z
Underdog,player_points_rebounds_assists,Zion Williamson,Over,32.5,-137,2025-11-27,2025-11-26T06:28:27Z
Underdog,player_points_rebounds_assists,Zion Williamson,Under,32.5,-137,2025-11-27,2025-11-26T06:28:27Z
Underdog,player_points_rebounds_assists,Zach Edey,Over,21.5,-137,2025-11-27,2025-11-26T06:28:27Z
Underdog,player_points_rebounds_assists,Zach Edey,Under,21.5,-137,2025-11-27,2025-11-26T06:28:27Z
Underdog,player_points_rebounds_assists,Kentavious Caldwell-Pope,Over,12.5,-137,2025-11-27,2025-11-26T06:28:27Z
Underdog,player_points_rebounds_assists,Kentavious Caldwell-Pope,Under,12.5,-137,2025-11-27,2025-11-26T06:28:27Z
Underdog,player_points_rebounds_assists,Jaren Jackson Jr,Over,29.5,-137,2025-11-27,2025-11-26T06:28:27Z
Underdog,player_points_rebounds_assists,Jaren Jackson Jr,Under,29.5,-137,2025-11-27,2025-11-26T06:28:27Z
Underdog,player_points_rebounds_assists,Yves Missi,Over,15.5,-137,2025-11-27,2025-11-26T06:28:27Z
Underdog,player_points_rebounds_assists,Yves Missi,Under,15.5,-137,2025-11-27,2025-11-26T06:28:27Z
Underdog,player_points_rebounds_assists,Trey Murphy III,Over,28.5,-137,2025-11-27,2025-11-26T06:28:27Z
Underdog,player_points_rebounds_assists,Trey Murphy III,Under,28.5,-137,2025-11-27,2025-11-26T06:28:27Z
Underdog,player_points_rebounds_assists,Vincent Williams Jr,Over,22.5,-137,2025-11-27,2025-11-26T06:28:27Z
Underdog,player_points_rebounds_assists,Vincent Williams Jr,Under,22.5,-137,2025-11-27,2025-11-26T06:28:27Z
Underdog,player_points_rebounds_assists,Saddiq Bey,Over,22.5,-137,2025-11-27,2025-11-26T06:28:27Z
Underdog,player_points_rebounds_assists,Saddiq Bey,Under,22.5,-137,2025-11-27,2025-11-26T06:28:27Z
Underdog,player_points_rebounds_assists,Jaylen Wells,Over,19.5,-137,2025-11-27,2025-11-26T06:28:27Z
Underdog,player_points_rebounds_assists,Jaylen Wells,Under,19.5,-137,2025-11-27,2025-11-26T06:28:27Z
Underdog,player_points_rebounds_assists,Cedric Coward,Over,21.5,-137,2025-11-27,2025-11-26T06:28:27Z
Underdog,player_points_rebounds_assists,Cedric Coward,Under,21.5,-137,2025-11-27,2025-11-26T06:28:27Z
Underdog,player_points_rebounds_assists,Jeremiah Fears,Over,21.5,-137,2025-11-27,2025-11-26T06:28:27Z
Underdog,player_points_rebounds_assists,Jeremiah Fears,Under,21.5,-137,2025-11-27,2025-11-26T06:28:27Z
Underdog,player_points_rebounds_assists,Stephen Curry,Over,35.5,-137,2025-11-27,2025-11-26T06:28:19Z
Underdog,player_points_rebounds_assists,Stephen Curry,Under,35.5,-137,2025-11-27,2025-11-26T06:28:19Z
Underdog,player_points_rebounds_assists,Alperen Sengun,Over,40.5,-137,2025-11-27,2025-11-26T06:28:19Z
Underdog,player_points_rebounds_assists,Alperen Sengun,Under,40.5,-137,2025-11-27,2025-11-26T06:28:19Z
Underdog,player_points_rebounds_assists,Draymond Green,Over,20.5,-137,2025-11-27,2025-11-26T06:28:19Z
Underdog,player_points_rebounds_assists,Draymond Green,Under,20.5,-137,2025-11-27,2025-11-26T06:28:19Z
Underdog,player_points_rebounds_assists,Jabari Smith Jr,Over,25.5,-137,2025-11-27,2025-11-26T06:28:19Z
Underdog,player_points_rebounds_assists,Jabari Smith Jr,Under,25.5,-137,2025-11-27,2025-11-26T06:28:19Z
Underdog,player_points_rebounds_assists,Reed Sheppard,Over,21.5,-137,2025-11-27,2025-11-26T06:28:19Z
Underdog,player_points_rebounds_assists,Reed Sheppard,Under,21.5,-137,2025-11-27,2025-11-26T06:28:19Z
Underdog,player_points_rebounds_assists,Amen Thompson,Over,31.5,-137,2025-11-27,2025-11-26T06:28:19Z
Underdog,player_points_rebounds_assists,Amen Thompson,Under,31.5,-137,2025-11-27,2025-11-26T06:28:19Z
Underdog,player_points_rebounds_assists,Moses Moody,Over,16.5,-137,2025-11-27,2025-11-26T06:28:19Z
Underdog,player_points_rebounds_assists,Moses Moody,Under,16.5,-137,2025-11-27,2025-11-26T06:28:19Z
Underdog,player_points_rebounds_assists,Josh Okogie,Over,15.5,-137,2025-11-27,2025-11-26T06:28:19Z
Underdog,player_points_rebounds_assists,Josh Okogie,Under,15.5,-137,2025-11-27,2025-11-26T06:28:19Z
Underdog,player_points_rebounds_assists,Devin Booker,Over,40.5,-137,2025-11-27,2025-11-26T06:27:39Z
Underdog,player_points_rebounds_assists,Devin Booker,Under,40.5,-137,2025-11-27,2025-11-26T06:27:39Z
Underdog,player_points_rebounds_assists,Zach LaVine,Over,26.5,-137,2025-11-27,2025-11-26T06:27:39Z
Underdog,player_points_rebounds_assists,Zach LaVine,Under,26.5,-137,2025-11-27,2025-11-26T06:27:39Z
Underdog,player_points_rebounds_assists,DeMar DeRozan,Over,25.5,-137,2025-11-27,2025-11-26T06:27:39Z
Underdog,player_points_rebounds_assists,DeMar DeRozan,Under,25.5,-137,2025-11-27,2025-11-26T06:27:39Z
Underdog,player_points_rebounds_assists,Keegan Murray,Over,22.5,-137,2025-11-27,2025-11-26T06:27:39Z
Underdog,player_points_rebounds_assists,Keegan Murray,Under,22.5,-137,2025-11-27,2025-11-26T06:27:39Z
Underdog,player_points_rebounds_assists,Dillon Brooks,Over,25.5,-137,2025-11-27,2025-11-26T06:27:39Z
Underdog,player_points_rebounds_assists,Dillon Brooks,Under,25.5,-137,2025-11-27,2025-11-26T06:27:39Z
Underdog,player_points_rebounds_assists,Russell Westbrook,Over,26.5,-137,2025-11-27,2025-11-26T06:27:39Z
Underdog,player_points_rebounds_assists,Russell Westbrook,Under,26.5,-137,2025-11-27,2025-11-26T06:27:39Z
Underdog,player_points_rebounds_assists,Mark Williams,Over,23.5,-137,2025-11-27,2025-11-26T06:27:39Z
Underdog,player_points_rebounds_assists,Mark Williams,Under,23.5,-137,2025-11-27,2025-11-26T06:27:39Z
Underdog,player_points_rebounds_assists,Royce O'Neale,Over,19.5,-137,2025-11-27,2025-11-26T06:27:39Z
Underdog,player_points_rebounds_assists,Royce O'Neale,Under,19.5,-137,2025-11-27,2025-11-26T06:27:39Z
Underdog,player_points_rebounds_assists,Drew Eubanks,Over,13.5,-137,2025-11-27,2025-11-26T06:27:39Z
Underdog,player_points_rebounds_assists,Drew Eubanks,Under,13.5,-137,2025-11-27,2025-11-26T06:27:39Z
Underdog,player_points_rebounds_assists,De'Aaron Fox,Over,35.5,-137,2025-11-27,2025-11-26T06:27:52Z
Underdog,player_points_rebounds_assists,De'Aaron Fox,Under,35.5,-137,2025-11-27,2025-11-26T06:27:52Z
Underdog,player_points_rebounds_assists,Devin Vassell,Over,23.5,-137,2025-11-27,2025-11-26T06:27:52Z
Underdog,player_points_rebounds_assists,Devin Vassell,Under,23.5,-137,2025-11-27,2025-11-26T06:27:52Z
Underdog,player_points_rebounds_assists,Harrison Barnes,Over,19.5,-137,2025-11-27,2025-11-26T06:27:52Z
Underdog,player_points_rebounds_assists,Harrison Barnes,Under,19.5,-137,2025-11-27,2025-11-26T06:27:52Z
Underdog,player_points_rebounds_assists,Jerami Grant,Over,26.5,-137,2025-11-27,2025-11-26T06:27:52Z
Underdog,player_points_rebounds_assists,Jerami Grant,Under,26.5,-137,2025-11-27,2025-11-26T06:27:52Z
Underdog,player_points_rebounds_assists,Dylan Harper,Over,19.5,-137,2025-11-27,2025-11-26T06:27:52Z
Underdog,player_points_rebounds_assists,Dylan Harper,Under,19.5,-137,2025-11-27,2025-11-26T06:27:52Z
Underdog,player_points_rebounds_assists,Jeremy Sochan,Over,16.5,-137,2025-11-27,2025-11-26T06:27:52Z
Underdog,player_points_rebounds_assists,Jeremy Sochan,Under,16.5,-137,2025-11-27,2025-11-26T06:27:52Z
Underdog,player_points_rebounds_assists,Keldon Johnson,Over,23.5,-137,2025-11-27,2025-11-26T06:27:52Z
Underdog,player_points_rebounds_assists,Keldon Johnson,Under,23.5,-137,2025-11-27,2025-11-26T06:27:52Z
Underdog,player_points_rebounds_assists,Deni Avdija,Over,41.5,-137,2025-11-27,2025-11-26T06:27:52Z
Underdog,player_points_rebounds_assists,Deni Avdija,Under,41.5,-137,2025-11-27,2025-11-26T06:27:52Z
Underdog,player_points_rebounds_assists,Julian Champagnie,Over,18.5,-137,2025-11-27,2025-11-26T06:27:52Z
Underdog,player_points_rebounds_assists,Julian Champagnie,Under,18.5,-137,2025-11-27,2025-11-26T06:27:52Z
Underdog,player_points_rebounds_assists,Shaedon Sharpe,Over,30.5,-137,2025-11-27,2025-11-26T06:27:52Z
Underdog,player_points_rebounds_assists,Shaedon Sharpe,Under,30.5,-137,2025-11-27,2025-11-26T06:27:52Z
Underdog,player_points_rebounds_assists,Donovan Clingan,Over,24.5,-137,2025-11-27,2025-11-26T06:27:52Z
Underdog,player_points_rebounds_assists,Donovan Clingan,Under,24.5,-137,2025-11-27,2025-11-26T06:27:52Z
Underdog,player_points_rebounds_assists,Robert Williams,Over,12.5,-137,2025-11-27,2025-11-26T06:27:52Z
Underdog,player_points_rebounds_assists,Robert Williams,Under,12.5,-137,2025-11-27,2025-11-26T06:27:52Z
Underdog,player_points_rebounds_assists,Toumani Camara,Over,20.5,-137,2025-11-27,2025-11-26T06:27:52Z
Underdog,player_points_rebounds_assists,Toumani Camara,Under,20.5,-137,2025-11-27,2025-11-26T06:27:52Z
Underdog,player_points_rebounds_assists,Luke Kornet,Over,18.5,-137,2025-11-27,2025-11-26T06:27:52Z
Underdog,player_points_rebounds_assists,Luke Kornet,Under,18.5,-137,2025-11-27,2025-11-26T06:27:52Z
Underdog,player_points_rebounds_assists,Kris Murray,Over,11.5,-137,2025-11-27,2025-11-26T06:27:52Z
Underdog,player_points_rebounds_assists,Kris Murray,Under,11.5,-137,2025-11-27,2025-11-26T06:27:52Z
PrizePicks,player_points_rebounds_assists,Cade Cunningham,Over,40.5,-137,2025-11-26,2025-11-26T06:28:01Z
PrizePicks,player_points_rebounds_assists,Cade Cunningham,Under,40.5,-137,2025-11-26,2025-11-26T06:28:01Z
PrizePicks,player_points_rebounds_assists,Jaylen Brown,Over,37.5,-137,2025-11-26,2025-11-26T06:28:01Z
PrizePicks,player_points_rebounds_assists,Jaylen Brown,Under,37.5,-137,2025-11-26,2025-11-26T06:28:01Z
PrizePicks,player_points_rebounds_assists,Jalen Duren,Over,33.5,-137,2025-11-26,2025-11-26T06:28:01Z
PrizePicks,player_points_rebounds_assists,Jalen Duren,Under,33.5,-137,2025-11-26,2025-11-26T06:28:01Z
PrizePicks,player_points_rebounds_assists,Derrick White,Over,26.5,-137,2025-11-26,2025-11-26T06:28:01Z
PrizePicks,player_points_rebounds_assists,Derrick White,Under,26.5,-137,2025-11-26,2025-11-26T06:28:01Z
PrizePicks,player_points_rebounds_assists,Payton Pritchard,Over,25.5,-137,2025-11-26,2025-11-26T06:28:01Z
PrizePicks,player_points_rebounds_assists,Payton Pritchard,Under,25.5,-137,2025-11-26,2025-11-26T06:28:01Z
PrizePicks,player_points_rebounds_assists,Anfernee Simons,Over,19.5,-137,2025-11-26,2025-11-26T06:28:01Z
PrizePicks,player_points_rebounds_assists,Anfernee Simons,Under,19.5,-137,2025-11-26,2025-11-26T06:28:01Z
PrizePicks,player_points_rebounds_assists,Ausar Thompson,Over,18.5,-137,2025-11-26,2025-11-26T06:28:01Z
PrizePicks,player_points_rebounds_assists,Ausar Thompson,Under,18.5,-137,2025-11-26,2025-11-26T06:28:01Z
PrizePicks,player_points_rebounds_assists,Tobias Harris,Over,17.5,-137,2025-11-26,2025-11-26T06:28:01Z
PrizePicks,player_points_rebounds_assists,Tobias Harris,Under,17.5,-137,2025-11-26,2025-11-26T06:28:01Z
PrizePicks,player_points_rebounds_assists,Caris LeVert,Over,13.5,-137,2025-11-26,2025-11-26T06:28:01Z
PrizePicks,player_points_rebounds_assists,Caris LeVert,Under,13.5,-137,2025-11-26,2025-11-26T06:28:01Z
PrizePicks,player_points_rebounds_assists,Isaiah Stewart II,Over,13.5,-137,2025-11-26,2025-11-26T06:28:01Z
PrizePicks,player_points_rebounds_assists,Isaiah Stewart II,Under,13.5,-137,2025-11-26,2025-11-26T06:28:01Z
PrizePicks,player_points_rebounds_assists,Karl-Anthony Towns,Over,40.5,-137,2025-11-27,2025-11-26T06:27:46Z
PrizePicks,player_points_rebounds_assists,Karl-Anthony Towns,Under,40.5,-137,2025-11-27,2025-11-26T06:27:46Z
PrizePicks,player_points_rebounds_assists,Jalen Brunson,Over,38.5,-137,2025-11-27,2025-11-26T06:27:46Z
PrizePicks,player_points_rebounds_assists,Jalen Brunson,Under,38.5,-137,2025-11-27,2025-11-26T06:27:46Z
PrizePicks,player_points_rebounds_assists,LaMelo Ball,Over,30.5,-137,2025-11-27,2025-11-26T06:27:46Z
PrizePicks,player_points_rebounds_assists,LaMelo Ball,Under,30.5,-137,2025-11-27,2025-11-26T06:27:46Z
PrizePicks,player_points_rebounds_assists,Miles Bridges,Over,30.5,-137,2025-11-27,2025-11-26T06:27:46Z
PrizePicks,player_points_rebounds_assists,Miles Bridges,Under,30.5,-137,2025-11-27,2025-11-26T06:27:46Z
PrizePicks,player_points_rebounds_assists,Kon Knueppel,Over,25.5,-137,2025-11-27,2025-11-26T06:27:46Z
PrizePicks,player_points_rebounds_assists,Kon Knueppel,Under,25.5,-137,2025-11-27,2025-11-26T06:27:46Z
PrizePicks,player_points_rebounds_assists,Mikal Bridges,Over,24.5,-137,2025-11-27,2025-11-26T06:27:46Z
PrizePicks,player_points_rebounds_assists,Mikal Bridges,Under,24.5,-137,2025-11-27,2025-11-26T06:27:46Z
PrizePicks,player_points_rebounds_assists,Brandon Miller,Over,23.5,-137,2025-11-27,2025-11-26T06:27:46Z
PrizePicks,player_points_rebounds_assists,Brandon Miller,Under,23.5,-137,2025-11-27,2025-11-26T06:27:46Z
PrizePicks,player_points_rebounds_assists,Josh Hart,Over,23.5,-137,2025-11-27,2025-11-26T06:27:46Z
PrizePicks,player_points_rebounds_assists,Josh Hart,Under,23.5,-137,2025-11-27,2025-11-26T06:27:46Z
PrizePicks,player_points_rebounds_assists,Jordan Clarkson,Over,16.5,-137,2025-11-27,2025-11-26T06:27:46Z
PrizePicks,player_points_rebounds_assists,Jordan Clarkson,Under,16.5,-137,2025-11-27,2025-11-26T06:27:46Z
PrizePicks,player_points_rebounds_assists,Brandon Ingram,Over,33.5,-137,2025-11-27,2025-11-26T06:28:15Z
PrizePicks,player_points_rebounds_assists,Brandon Ingram,Under,33.5,-137,2025-11-27,2025-11-26T06:28:15Z
PrizePicks,player_points_rebounds_assists,Pascal Siakam,Over,33.5,-137,2025-11-27,2025-11-26T06:28:15Z
PrizePicks,player_points_rebounds_assists,Pascal Siakam,Under,33.5,-137,2025-11-27,2025-11-26T06:28:15Z
PrizePicks,player_points_rebounds_assists,Scottie Barnes,Over,33.5,-137,2025-11-27,2025-11-26T06:28:15Z
PrizePicks,player_points_rebounds_assists,Scottie Barnes,Under,33.5,-137,2025-11-27,2025-11-26T06:28:15Z
PrizePicks,player_points_rebounds_assists,Bennedict Mathurin,Over,28.5,-137,2025-11-27,2025-11-26T06:28:15Z
PrizePicks,player_points_rebounds_assists,Bennedict Mathurin,Under,28.5,-137,2025-11-27,2025-11-26T06:28:15Z
PrizePicks,player_points_rebounds_assists,Immanuel Quickley,Over,26.5,-137,2025-11-27,2025-11-26T06:28:15Z
PrizePicks,player_points_rebounds_assists,Immanuel Quickley,Under,26.5,-137,2025-11-27,2025-11-26T06:28:15Z
PrizePicks,player_points_rebounds_assists,Andrew Nembhard,Over,24.5,-137,2025-11-27,2025-11-26T06:28:15Z
PrizePicks,player_points_rebounds_assists,Andrew Nembhard,Under,24.5,-137,2025-11-27,2025-11-26T06:28:15Z
PrizePicks,player_points_rebounds_assists,Jakob Poeltl,Over,23.5,-137,2025-11-27,2025-11-26T06:28:15Z
PrizePicks,player_points_rebounds_assists,Jakob Poeltl,Under,23.5,-137,2025-11-27,2025-11-26T06:28:15Z
PrizePicks,player_points_rebounds_assists,Sandro Mamukelashvili,Over,17.5,-137,2025-11-27,2025-11-26T06:28:15Z
PrizePicks,player_points_rebounds_assists,Sandro Mamukelashvili,Under,17.5,-137,2025-11-27,2025-11-26T06:28:15Z
PrizePicks,player_points_rebounds_assists,Jamal Shead,Over,15.5,-137,2025-11-27,2025-11-26T06:28:15Z
PrizePicks,player_points_rebounds_assists,Jamal Shead,Under,15.5,-137,2025-11-27,2025-11-26T06:28:15Z
PrizePicks,player_points_rebounds_assists,T.J. McConnell,Over,15.5,-137,2025-11-27,2025-11-26T06:28:15Z
PrizePicks,player_points_rebounds_assists,T.J. McConnell,Under,15.5,-137,2025-11-27,2025-11-26T06:28:15Z
PrizePicks,player_points_rebounds_assists,Jarace Walker,Over,14.5,-137,2025-11-27,2025-11-26T06:28:15Z
PrizePicks,player_points_rebounds_assists,Jarace Walker,Under,14.5,-137,2025-11-27,2025-11-26T06:28:15Z
PrizePicks,player_points_rebounds_assists,Isaiah Jackson,Over,13.5,-137,2025-11-27,2025-11-26T06:28:15Z
PrizePicks,player_points_rebounds_assists,Isaiah Jackson,Under,13.5,-137,2025-11-27,2025-11-26T06:28:15Z
PrizePicks,player_points_rebounds_assists,Ben Sheppard,Over,11.5,-137,2025-11-27,2025-11-26T06:28:15Z
PrizePicks,player_points_rebounds_assists,Ben Sheppard,Under,11.5,-137,2025-11-27,2025-11-26T06:28:15Z
PrizePicks,player_points_rebounds_assists,Giannis Antetokounmpo,Over,44.5,-137,2025-11-27,2025-11-26T06:28:16Z
PrizePicks,player_points_rebounds_assists,Giannis Antetokounmpo,Under,44.5,-137,2025-11-27,2025-11-26T06:28:16Z
PrizePicks,player_points_rebounds_assists,Ryan Rollins,Over,30.5,-137,2025-11-27,2025-11-26T06:28:16Z
PrizePicks,player_points_rebounds_assists,Ryan Rollins,Under,30.5,-137,2025-11-27,2025-11-26T06:28:16Z
PrizePicks,player_points_rebounds_assists,Bam Adebayo,Over,28.5,-137,2025-11-27,2025-11-26T06:28:16Z
PrizePicks,player_points_rebounds_assists,Bam Adebayo,Under,28.5,-137,2025-11-27,2025-11-26T06:28:16Z
PrizePicks,player_points_rebounds_assists,Tyler Herro,Over,26.5,-137,2025-11-27,2025-11-26T06:28:16Z
PrizePicks,player_points_rebounds_assists,Tyler Herro,Under,26.5,-137,2025-11-27,2025-11-26T06:28:16Z
PrizePicks,player_points_rebounds_assists,Kel'el Ware,Over,25.5,-137,2025-11-27,2025-11-26T06:28:16Z
PrizePicks,player_points_rebounds_assists,Kel'el Ware,Under,25.5,-137,2025-11-27,2025-11-26T06:28:16Z
PrizePicks,player_points_rebounds_assists,Norman Powell,Over,24.5,-137,2025-11-27,2025-11-26T06:28:16Z
PrizePicks,player_points_rebounds_assists,Norman Powell,Under,24.5,-137,2025-11-27,2025-11-26T06:28:16Z
PrizePicks,player_points_rebounds_assists,Myles Turner,Over,21.5,-137,2025-11-27,2025-11-26T06:28:16Z
PrizePicks,player_points_rebounds_assists,Myles Turner,Under,21.5,-137,2025-11-27,2025-11-26T06:28:16Z
PrizePicks,player_points_rebounds_assists,Kyle Kuzma,Over,20.0,-137,2025-11-27,2025-11-26T06:28:16Z
PrizePicks,player_points_rebounds_assists,Kyle Kuzma,Under,20.0,-137,2025-11-27,2025-11-26T06:28:16Z
PrizePicks,player_points_rebounds_assists,Andrew Wiggins,Over,19.5,-137,2025-11-27,2025-11-26T06:28:16Z
PrizePicks,player_points_rebounds_assists,Andrew Wiggins,Under,19.5,-137,2025-11-27,2025-11-26T06:28:16Z
PrizePicks,player_points_rebounds_assists,A.J. Green,Over,13.5,-137,2025-11-27,2025-11-26T06:28:16Z
PrizePicks,player_points_rebounds_assists,A.J. Green,Under,13.5,-137,2025-11-27,2025-11-26T06:28:16Z
PrizePicks,player_points_rebounds_assists,Shai Gilgeous-Alexander,Over,42.5,-137,2025-11-27,2025-11-26T06:27:51Z
PrizePicks,player_points_rebounds_assists,Shai Gilgeous-Alexander,Under,42.5,-137,2025-11-27,2025-11-26T06:27:51Z
PrizePicks,player_points_rebounds_assists,Anthony Edwards,Over,34.5,-137,2025-11-27,2025-11-26T06:27:51Z
PrizePicks,player_points_rebounds_assists,Anthony Edwards,Under,34.5,-137,2025-11-27,2025-11-26T06:27:51Z
PrizePicks,player_points_rebounds_assists,Julius Randle,Over,33.5,-137,2025-11-27,2025-11-26T06:27:51Z
PrizePicks,player_points_rebounds_assists,Julius Randle,Under,33.5,-137,2025-11-27,2025-11-26T06:27:51Z
PrizePicks,player_points_rebounds_assists,Chet Holmgren,Over,28.5,-137,2025-11-27,2025-11-26T06:27:51Z
PrizePicks,player_points_rebounds_assists,Chet Holmgren,Under,28.5,-137,2025-11-27,2025-11-26T06:27:51Z
PrizePicks,player_points_rebounds_assists,Isaiah Hartenstein,Over,25.5,-137,2025-11-27,2025-11-26T06:27:51Z
PrizePicks,player_points_rebounds_assists,Isaiah Hartenstein,Under,25.5,-137,2025-11-27,2025-11-26T06:27:51Z
PrizePicks,player_points_rebounds_assists,Ajay Mitchell,Over,24.5,-137,2025-11-27,2025-11-26T06:27:51Z
PrizePicks,player_points_rebounds_assists,Ajay Mitchell,Under,24.5,-137,2025-11-27,2025-11-26T06:27:51Z
PrizePicks,player_points_rebounds_assists,Rudy Gobert,Over,20.5,-137,2025-11-27,2025-11-26T06:27:51Z
PrizePicks,player_points_rebounds_assists,Rudy Gobert,Under,20.5,-137,2025-11-27,2025-11-26T06:27:51Z
PrizePicks,player_points_rebounds_assists,Donte DiVincenzo,Over,19.5,-137,2025-11-27,2025-11-26T06:27:51Z
PrizePicks,player_points_rebounds_assists,Donte DiVincenzo,Under,19.5,-137,2025-11-27,2025-11-26T06:27:51Z
PrizePicks,player_points_rebounds_assists,Jaden McDaniels,Over,19.5,-137,2025-11-27,2025-11-26T06:27:51Z
PrizePicks,player_points_rebounds_assists,Jaden McDaniels,Under,19.5,-137,2025-11-27,2025-11-26T06:27:51Z
PrizePicks,player_points_rebounds_assists,Naz Reid,Over,18.5,-137,2025-11-27,2025-11-26T06:27:51Z
PrizePicks,player_points_rebounds_assists,Naz Reid,Under,18.5,-137,2025-11-27,2025-11-26T06:27:51Z
PrizePicks,player_points_rebounds_assists,Cason Wallace,Over,14.5,-137,2025-11-27,2025-11-26T06:27:51Z
PrizePicks,player_points_rebounds_assists,Cason Wallace,Under,14.5,-137,2025-11-27,2025-11-26T06:27:51Z
PrizePicks,player_points_rebounds_assists,Luguentz Dort,Over,12.5,-137,2025-11-27,2025-11-26T06:27:51Z
PrizePicks,player_points_rebounds_assists,Luguentz Dort,Under,12.5,-137,2025-11-27,2025-11-26T06:27:51Z
PrizePicks,player_points_rebounds_assists,Zion Williamson,Over,32.5,-137,2025-11-27,2025-11-26T06:27:54Z
PrizePicks,player_points_rebounds_assists,Zion Williamson,Under,32.5,-137,2025-11-27,2025-11-26T06:27:54Z
PrizePicks,player_points_rebounds_assists,Jaren Jackson Jr,Over,30.5,-137,2025-11-27,2025-11-26T06:27:54Z
PrizePicks,player_points_rebounds_assists,Jaren Jackson Jr,Under,30.5,-137,2025-11-27,2025-11-26T06:27:54Z
PrizePicks,player_points_rebounds_assists,Trey Murphy III,Over,28.5,-137,2025-11-27,2025-11-26T06:27:54Z
PrizePicks,player_points_rebounds_assists,Trey Murphy III,Under,28.5,-137,2025-11-27,2025-11-26T06:27:54Z
PrizePicks,player_points_rebounds_assists,Derik Queen,Over,26.5,-137,2025-11-27,2025-11-26T06:27:54Z
PrizePicks,player_points_rebounds_assists,Derik Queen,Under,26.5,-137,2025-11-27,2025-11-26T06:27:54Z
PrizePicks,player_points_rebounds_assists,Saddiq Bey,Over,22.5,-137,2025-11-27,2025-11-26T06:27:54Z
PrizePicks,player_points_rebounds_assists,Saddiq Bey,Under,22.5,-137,2025-11-27,2025-11-26T06:27:54Z
PrizePicks,player_points_rebounds_assists,Vincent Williams Jr,Over,22.5,-137,2025-11-27,2025-11-26T06:27:54Z
PrizePicks,player_points_rebounds_assists,Vincent Williams Jr,Under,22.5,-137,2025-11-27,2025-11-26T06:27:54Z
PrizePicks,player_points_rebounds_assists,Cedric Coward,Over,21.5,-137,2025-11-27,2025-11-26T06:27:54Z
PrizePicks,player_points_rebounds_assists,Cedric Coward,Under,21.5,-137,2025-11-27,2025-11-26T06:27:54Z
PrizePicks,player_points_rebounds_assists,Jeremiah Fears,Over,21.5,-137,2025-11-27,2025-11-26T06:27:54Z
PrizePicks,player_points_rebounds_assists,Jeremiah Fears,Under,21.5,-137,2025-11-27,2025-11-26T06:27:54Z
PrizePicks,player_points_rebounds_assists,Zach Edey,Over,21.5,-137,2025-11-27,2025-11-26T06:27:54Z
PrizePicks,player_points_rebounds_assists,Zach Edey,Under,21.5,-137,2025-11-27,2025-11-26T06:27:54Z
PrizePicks,player_points_rebounds_assists,Jaylen Wells,Over,19.5,-137,2025-11-27,2025-11-26T06:27:54Z
PrizePicks,player_points_rebounds_assists,Jaylen Wells,Under,19.5,-137,2025-11-27,2025-11-26T06:27:54Z
PrizePicks,player_points_rebounds_assists,Yves Missi,Over,15.5,-137,2025-11-27,2025-11-26T06:27:54Z
PrizePicks,player_points_rebounds_assists,Yves Missi,Under,15.5,-137,2025-11-27,2025-11-26T06:27:54Z
PrizePicks,player_points_rebounds_assists,Kentavious Caldwell-Pope,Over,12.5,-137,2025-11-27,2025-11-26T06:27:54Z
PrizePicks,player_points_rebounds_assists,Kentavious Caldwell-Pope,Under,12.5,-137,2025-11-27,2025-11-26T06:27:54Z
PrizePicks,player_points_rebounds_assists,Alperen Sengun,Over,40.5,-137,2025-11-27,2025-11-26T06:27:51Z
PrizePicks,player_points_rebounds_assists,Alperen Sengun,Under,40.5,-137,2025-11-27,2025-11-26T06:27:51Z
PrizePicks,player_points_rebounds_assists,Stephen Curry,Over,35.5,-137,2025-11-27,2025-11-26T06:27:51Z
PrizePicks,player_points_rebounds_assists,Stephen Curry,Under,35.5,-137,2025-11-27,2025-11-26T06:27:51Z
PrizePicks,player_points_rebounds_assists,Amen Thompson,Over,31.5,-137,2025-11-27,2025-11-26T06:27:51Z
PrizePicks,player_points_rebounds_assists,Amen Thompson,Under,31.5,-137,2025-11-27,2025-11-26T06:27:51Z
PrizePicks,player_points_rebounds_assists,Jimmy Butler,Over,31.5,-137,2025-11-27,2025-11-26T06:27:51Z
PrizePicks,player_points_rebounds_assists,Jimmy Butler,Under,31.5,-137,2025-11-27,2025-11-26T06:27:51Z
PrizePicks,player_points_rebounds_assists,Jabari Smith Jr,Over,25.5,-137,2025-11-27,2025-11-26T06:27:51Z
PrizePicks,player_points_rebounds_assists,Jabari Smith Jr,Under,25.5,-137,2025-11-27,2025-11-26T06:27:51Z
PrizePicks,player_points_rebounds_assists,Reed Sheppard,Over,21.5,-137,2025-11-27,2025-11-26T06:27:51Z
PrizePicks,player_points_rebounds_assists,Reed Sheppard,Under,21.5,-137,2025-11-27,2025-11-26T06:27:51Z
PrizePicks,player_points_rebounds_assists,Draymond Green,Over,20.5,-137,2025-11-27,2025-11-26T06:27:51Z
PrizePicks,player_points_rebounds_assists,Draymond Green,Under,20.5,-137,2025-11-27,2025-11-26T06:27:51Z
PrizePicks,player_points_rebounds_assists,Brandin Podziemski,Over,18.5,-137,2025-11-27,2025-11-26T06:27:51Z
PrizePicks,player_points_rebounds_assists,Brandin Podziemski,Under,18.5,-137,2025-11-27,2025-11-26T06:27:51Z
PrizePicks,player_points_rebounds_assists,Moses Moody,Over,16.5,-137,2025-11-27,2025-11-26T06:27:51Z
PrizePicks,player_points_rebounds_assists,Moses Moody,Under,16.5,-137,2025-11-27,2025-11-26T06:27:51Z
PrizePicks,player_points_rebounds_assists,Josh Okogie,Over,15.5,-137,2025-11-27,2025-11-26T06:27:51Z
PrizePicks,player_points_rebounds_assists,Josh Okogie,Under,15.5,-137,2025-11-27,2025-11-26T06:27:51Z
PrizePicks,player_points_rebounds_assists,Devin Booker,Over,40.5,-137,2025-11-27,2025-11-26T06:28:00Z
PrizePicks,player_points_rebounds_assists,Devin Booker,Under,40.5,-137,2025-11-27,2025-11-26T06:28:00Z
PrizePicks,player_points_rebounds_assists,Russell Westbrook,Over,27.5,-137,2025-11-27,2025-11-26T06:28:00Z
PrizePicks,player_points_rebounds_assists,Russell Westbrook,Under,27.5,-137,2025-11-27,2025-11-26T06:28:00Z
PrizePicks,player_points_rebounds_assists,Zach LaVine,Over,26.5,-137,2025-11-27,2025-11-26T06:28:00Z
PrizePicks,player_points_rebounds_assists,Zach LaVine,Under,26.5,-137,2025-11-27,2025-11-26T06:28:00Z
PrizePicks,player_points_rebounds_assists,DeMar DeRozan,Over,25.5,-137,2025-11-27,2025-11-26T06:28:00Z
PrizePicks,player_points_rebounds_assists,DeMar DeRozan,Under,25.5,-137,2025-11-27,2025-11-26T06:28:00Z
PrizePicks,player_points_rebounds_assists,Dillon Brooks,Over,25.5,-137,2025-11-27,2025-11-26T06:28:00Z
PrizePicks,player_points_rebounds_assists,Dillon Brooks,Under,25.5,-137,2025-11-27,2025-11-26T06:28:00Z
PrizePicks,player_points_rebounds_assists,Collin Gillespie,Over,24.5,-137,2025-11-27,2025-11-26T06:28:00Z
PrizePicks,player_points_rebounds_assists,Collin Gillespie,Under,24.5,-137,2025-11-27,2025-11-26T06:28:00Z
PrizePicks,player_points_rebounds_assists,Mark Williams,Over,23.5,-137,2025-11-27,2025-11-26T06:28:00Z
PrizePicks,player_points_rebounds_assists,Mark Williams,Under,23.5,-137,2025-11-27,2025-11-26T06:28:00Z
PrizePicks,player_points_rebounds_assists,Keegan Murray,Over,22.5,-137,2025-11-27,2025-11-26T06:28:00Z
PrizePicks,player_points_rebounds_assists,Keegan Murray,Under,22.5,-137,2025-11-27,2025-11-26T06:28:00Z
PrizePicks,player_points_rebounds_assists,Royce O'Neale,Over,19.5,-137,2025-11-27,2025-11-26T06:28:00Z
PrizePicks,player_points_rebounds_assists,Royce O'Neale,Under,19.5,-137,2025-11-27,2025-11-26T06:28:00Z
PrizePicks,player_points_rebounds_assists,Dennis Schroder,Over,17.5,-137,2025-11-27,2025-11-26T06:28:00Z
PrizePicks,player_points_rebounds_assists,Dennis Schroder,Under,17.5,-137,2025-11-27,2025-11-26T06:28:00Z
PrizePicks,player_points_rebounds_assists,Drew Eubanks,Over,13.5,-137,2025-11-27,2025-11-26T06:28:00Z
PrizePicks,player_points_rebounds_assists,Drew Eubanks,Under,13.5,-137,2025-11-27,2025-11-26T06:28:00Z
PrizePicks,player_points_rebounds_assists,De'Aaron Fox,Over,35.5,-137,2025-11-27,2025-11-26T06:28:26Z
PrizePicks,player_points_rebounds_assists,De'Aaron Fox,Under,35.5,-137,2025-11-27,2025-11-26T06:28:26Z
PrizePicks,player_points_rebounds_assists,Shaedon Sharpe,Over,30.5,-137,2025-11-27,2025-11-26T06:28:26Z
PrizePicks,player_points_rebounds_assists,Shaedon Sharpe,Under,30.5,-137,2025-11-27,2025-11-26T06:28:26Z
PrizePicks,player_points_rebounds_assists,Jerami Grant,Over,26.5,-137,2025-11-27,2025-11-26T06:28:26Z
PrizePicks,player_points_rebounds_assists,Jerami Grant,Under,26.5,-137,2025-11-27,2025-11-26T06:28:26Z
PrizePicks,player_points_rebounds_assists,Donovan Clingan,Over,24.5,-137,2025-11-27,2025-11-26T06:28:26Z
PrizePicks,player_points_rebounds_assists,Donovan Clingan,Under,24.5,-137,2025-11-27,2025-11-26T06:28:26Z
PrizePicks,player_points_rebounds_assists,Devin Vassell,Over,23.5,-137,2025-11-27,2025-11-26T06:28:26Z
PrizePicks,player_points_rebounds_assists,Devin Vassell,Under,23.5,-137,2025-11-27,2025-11-26T06:28:26Z
PrizePicks,player_points_rebounds_assists,Keldon Johnson,Over,23.5,-137,2025-11-27,2025-11-26T06:28:26Z
PrizePicks,player_points_rebounds_assists,Keldon Johnson,Under,23.5,-137,2025-11-27,2025-11-26T06:28:26Z
PrizePicks,player_points_rebounds_assists,Toumani Camara,Over,21.5,-137,2025-11-27,2025-11-26T06:28:26Z
PrizePicks,player_points_rebounds_assists,Toumani Camara,Under,21.5,-137,2025-11-27,2025-11-26T06:28:26Z
PrizePicks,player_points_rebounds_assists,Harrison Barnes,Over,19.5,-137,2025-11-27,2025-11-26T06:28:26Z
PrizePicks,player_points_rebounds_assists,Harrison Barnes,Under,19.5,-137,2025-11-27,2025-11-26T06:28:26Z
PrizePicks,player_points_rebounds_assists,Dylan Harper,Over,19.5,-137,2025-11-27,2025-11-26T06:28:26Z
PrizePicks,player_points_rebounds_assists,Dylan Harper,Under,19.5,-137,2025-11-27,2025-11-26T06:28:26Z
PrizePicks,player_points_rebounds_assists,Luke Kornet,Over,18.5,-137,2025-11-27,2025-11-26T06:28:26Z
PrizePicks,player_points_rebounds_assists,Luke Kornet,Under,18.5,-137,2025-11-27,2025-11-26T06:28:26Z
PrizePicks,player_points_rebounds_assists,Julian Champagnie,Over,18.5,-137,2025-11-27,2025-11-26T06:28:26Z
PrizePicks,player_points_rebounds_assists,Julian Champagnie,Under,18.5,-137,2025-11-27,2025-11-26T06:28:26Z
PrizePicks,player_points_rebounds_assists,Jeremy Sochan,Over,16.5,-137,2025-11-27,2025-11-26T06:28:26Z
PrizePicks,player_points_rebounds_assists,Jeremy Sochan,Under,16.5,-137,2025-11-27,2025-11-26T06:28:26Z
PrizePicks,player_points_rebounds_assists,Robert Williams,Over,12.5,-137,2025-11-27,2025-11-26T06:28:26Z
PrizePicks,player_points_rebounds_assists,Robert Williams,Under,12.5,-137,2025-11-27,2025-11-26T06:28:26Z
Betr DFS,player_points_rebounds_assists,Tobias Harris,Over,17.5,-137,2025-11-26,2025-11-26T06:27:40Z
Betr DFS,player_points_rebounds_assists,Tobias Harris,Under,17.5,-137,2025-11-26,2025-11-26T06:27:40Z
Betr DFS,player_points_rebounds_assists,Cade Cunningham,Over,40.5,-137,2025-11-26,2025-11-26T06:27:40Z
Betr DFS,player_points_rebounds_assists,Cade Cunningham,Under,40.5,-137,2025-11-26,2025-11-26T06:27:40Z
Betr DFS,player_points_rebounds_assists,Jalen Duren,Over,33.5,-137,2025-11-26,2025-11-26T06:27:40Z
Betr DFS,player_points_rebounds_assists,Jalen Duren,Under,33.5,-137,2025-11-26,2025-11-26T06:27:40Z
Betr DFS,player_points_rebounds_assists,Ausar Thompson,Over,18.5,-137,2025-11-26,2025-11-26T06:27:40Z
Betr DFS,player_points_rebounds_assists,Ausar Thompson,Under,18.5,-137,2025-11-26,2025-11-26T06:27:40Z
Betr DFS,player_points_rebounds_assists,Jaylen Brown,Over,37.5,-137,2025-11-26,2025-11-26T06:27:40Z
Betr DFS,player_points_rebounds_assists,Jaylen Brown,Under,37.5,-137,2025-11-26,2025-11-26T06:27:40Z
Betr DFS,player_points_rebounds_assists,Derrick White,Over,26.5,-137,2025-11-26,2025-11-26T06:27:40Z
Betr DFS,player_points_rebounds_assists,Derrick White,Under,26.5,-137,2025-11-26,2025-11-26T06:27:40Z
Betr DFS,player_points_rebounds_assists,Payton Pritchard,Over,25.5,-137,2025-11-26,2025-11-26T06:27:40Z
Betr DFS,player_points_rebounds_assists,Payton Pritchard,Under,25.5,-137,2025-11-26,2025-11-26T06:27:40Z
Betr DFS,player_points_rebounds_assists,Anfernee Simons,Over,19.5,-137,2025-11-26,2025-11-26T06:27:40Z
Betr DFS,player_points_rebounds_assists,Anfernee Simons,Under,19.5,-137,2025-11-26,2025-11-26T06:27:40Z
Betr DFS,player_points_rebounds_assists,Josh Hart,Over,23.5,-137,2025-11-27,2025-11-26T06:27:23Z
Betr DFS,player_points_rebounds_assists,Josh Hart,Under,23.5,-137,2025-11-27,2025-11-26T06:27:23Z
Betr DFS,player_points_rebounds_assists,Jalen Brunson,Over,38.5,-137,2025-11-27,2025-11-26T06:27:23Z
Betr DFS,player_points_rebounds_assists,Jalen Brunson,Under,38.5,-137,2025-11-27,2025-11-26T06:27:23Z
Betr DFS,player_points_rebounds_assists,Mikal Bridges,Over,24.5,-137,2025-11-27,2025-11-26T06:27:23Z
Betr DFS,player_points_rebounds_assists,Mikal Bridges,Under,24.5,-137,2025-11-27,2025-11-26T06:27:23Z
Betr DFS,player_points_rebounds_assists,Karl-Anthony Towns,Over,39.5,-137,2025-11-27,2025-11-26T06:27:23Z
Betr DFS,player_points_rebounds_assists,Karl-Anthony Towns,Under,39.5,-137,2025-11-27,2025-11-26T06:27:23Z
Betr DFS,player_points_rebounds_assists,LaMelo Ball,Over,29.5,-137,2025-11-27,2025-11-26T06:27:23Z
Betr DFS,player_points_rebounds_assists,LaMelo Ball,Under,29.5,-137,2025-11-27,2025-11-26T06:27:23Z
Betr DFS,player_points_rebounds_assists,Brandon Miller,Over,23.5,-137,2025-11-27,2025-11-26T06:27:23Z
Betr DFS,player_points_rebounds_assists,Brandon Miller,Under,23.5,-137,2025-11-27,2025-11-26T06:27:23Z
Betr DFS,player_points_rebounds_assists,Miles Bridges,Over,30.5,-137,2025-11-27,2025-11-26T06:27:23Z
Betr DFS,player_points_rebounds_assists,Miles Bridges,Under,30.5,-137,2025-11-27,2025-11-26T06:27:23Z
Betr DFS,player_points_rebounds_assists,Kon Knueppel,Over,25.5,-137,2025-11-27,2025-11-26T06:27:23Z
Betr DFS,player_points_rebounds_assists,Kon Knueppel,Under,25.5,-137,2025-11-27,2025-11-26T06:27:23Z
Betr DFS,player_points_rebounds_assists,Pascal Siakam,Over,33.5,-137,2025-11-27,2025-11-26T06:27:40Z
Betr DFS,player_points_rebounds_assists,Pascal Siakam,Under,33.5,-137,2025-11-27,2025-11-26T06:27:40Z
Betr DFS,player_points_rebounds_assists,Bennedict Mathurin,Over,28.5,-137,2025-11-27,2025-11-26T06:27:40Z
Betr DFS,player_points_rebounds_assists,Bennedict Mathurin,Under,28.5,-137,2025-11-27,2025-11-26T06:27:40Z
Betr DFS,player_points_rebounds_assists,Andrew Nembhard,Over,24.5,-137,2025-11-27,2025-11-26T06:27:40Z
Betr DFS,player_points_rebounds_assists,Andrew Nembhard,Under,24.5,-137,2025-11-27,2025-11-26T06:27:40Z
Betr DFS,player_points_rebounds_assists,Immanuel Quickley,Over,26.5,-137,2025-11-27,2025-11-26T06:27:40Z
Betr DFS,player_points_rebounds_assists,Immanuel Quickley,Under,26.5,-137,2025-11-27,2025-11-26T06:27:40Z
Betr DFS,player_points_rebounds_assists,Brandon Ingram,Over,33.5,-137,2025-11-27,2025-11-26T06:27:40Z
Betr DFS,player_points_rebounds_assists,Brandon Ingram,Under,33.5,-137,2025-11-27,2025-11-26T06:27:40Z
Betr DFS,player_points_rebounds_assists,Kyle Kuzma,Over,19.5,-137,2025-11-27,2025-11-26T06:28:08Z
Betr DFS,player_points_rebounds_assists,Kyle Kuzma,Under,19.5,-137,2025-11-27,2025-11-26T06:28:08Z
Betr DFS,player_points_rebounds_assists,Myles Turner,Over,21.5,-137,2025-11-27,2025-11-26T06:28:08Z
Betr DFS,player_points_rebounds_assists,Myles Turner,Under,21.5,-137,2025-11-27,2025-11-26T06:28:08Z
Betr DFS,player_points_rebounds_assists,Giannis Antetokounmpo,Over,44.5,-137,2025-11-27,2025-11-26T06:28:08Z
Betr DFS,player_points_rebounds_assists,Giannis Antetokounmpo,Under,44.5,-137,2025-11-27,2025-11-26T06:28:08Z
Betr DFS,player_points_rebounds_assists,Ryan Rollins,Over,30.5,-137,2025-11-27,2025-11-26T06:28:08Z
Betr DFS,player_points_rebounds_assists,Ryan Rollins,Under,30.5,-137,2025-11-27,2025-11-26T06:28:08Z
Betr DFS,player_points_rebounds_assists,Bam Adebayo,Over,28.5,-137,2025-11-27,2025-11-26T06:28:08Z
Betr DFS,player_points_rebounds_assists,Bam Adebayo,Under,28.5,-137,2025-11-27,2025-11-26T06:28:08Z
Betr DFS,player_points_rebounds_assists,Tyler Herro,Over,27.5,-137,2025-11-27,2025-11-26T06:28:08Z
Betr DFS,player_points_rebounds_assists,Tyler Herro,Under,27.5,-137,2025-11-27,2025-11-26T06:28:08Z
Betr DFS,player_points_rebounds_assists,Andrew Wiggins,Over,19.5,-137,2025-11-27,2025-11-26T06:28:08Z
Betr DFS,player_points_rebounds_assists,Andrew Wiggins,Under,19.5,-137,2025-11-27,2025-11-26T06:28:08Z
Betr DFS,player_points_rebounds_assists,Norman Powell,Over,24.5,-137,2025-11-27,2025-11-26T06:28:08Z
Betr DFS,player_points_rebounds_assists,Norman Powell,Under,24.5,-137,2025-11-27,2025-11-26T06:28:08Z
Betr DFS,player_points_rebounds_assists,Kel'el Ware,Over,25.5,-137,2025-11-27,2025-11-26T06:28:08Z
Betr DFS,player_points_rebounds_assists,Kel'el Ware,Under,25.5,-137,2025-11-27,2025-11-26T06:28:08Z
Betr DFS,player_points_rebounds_assists,Julius Randle,Over,33.5,-137,2025-11-27,2025-11-26T06:28:33Z
Betr DFS,player_points_rebounds_assists,Julius Randle,Under,33.5,-137,2025-11-27,2025-11-26T06:28:33Z
Betr DFS,player_points_rebounds_assists,Naz Reid,Over,18.5,-137,2025-11-27,2025-11-26T06:28:33Z
Betr DFS,player_points_rebounds_assists,Naz Reid,Under,18.5,-137,2025-11-27,2025-11-26T06:28:33Z
Betr DFS,player_points_rebounds_assists,Anthony Edwards,Over,34.5,-137,2025-11-27,2025-11-26T06:28:33Z
Betr DFS,player_points_rebounds_assists,Anthony Edwards,Under,34.5,-137,2025-11-27,2025-11-26T06:28:33Z
Betr DFS,player_points_rebounds_assists,Jaden McDaniels,Over,19.5,-137,2025-11-27,2025-11-26T06:28:33Z
Betr DFS,player_points_rebounds_assists,Jaden McDaniels,Under,19.5,-137,2025-11-27,2025-11-26T06:28:33Z
Betr DFS,player_points_rebounds_assists,Donte DiVincenzo,Over,19.5,-137,2025-11-27,2025-11-26T06:28:33Z
Betr DFS,player_points_rebounds_assists,Donte DiVincenzo,Under,19.5,-137,2025-11-27,2025-11-26T06:28:33Z
Betr DFS,player_points_rebounds_assists,Isaiah Hartenstein,Over,25.5,-137,2025-11-27,2025-11-26T06:28:33Z
Betr DFS,player_points_rebounds_assists,Isaiah Hartenstein,Under,25.5,-137,2025-11-27,2025-11-26T06:28:33Z
Betr DFS,player_points_rebounds_assists,Shai Gilgeous-Alexander,Over,42.5,-137,2025-11-27,2025-11-26T06:28:33Z
Betr DFS,player_points_rebounds_assists,Shai Gilgeous-Alexander,Under,42.5,-137,2025-11-27,2025-11-26T06:28:33Z
Betr DFS,player_points_rebounds_assists,Chet Holmgren,Over,28.5,-137,2025-11-27,2025-11-26T06:28:33Z
Betr DFS,player_points_rebounds_assists,Chet Holmgren,Under,28.5,-137,2025-11-27,2025-11-26T06:28:33Z
Betr DFS,player_points_rebounds_assists,Ajay Mitchell,Over,24.5,-137,2025-11-27,2025-11-26T06:28:33Z
Betr DFS,player_points_rebounds_assists,Ajay Mitchell,Under,24.5,-137,2025-11-27,2025-11-26T06:28:33Z
Betr DFS,player_points_rebounds_assists,Jaren Jackson Jr,Over,29.5,-137,2025-11-27,2025-11-26T06:27:40Z
Betr DFS,player_points_rebounds_assists,Jaren Jackson Jr,Under,29.5,-137,2025-11-27,2025-11-26T06:27:40Z
Betr DFS,player_points_rebounds_assists,Vincent Williams Jr,Over,22.5,-137,2025-11-27,2025-11-26T06:27:40Z
Betr DFS,player_points_rebounds_assists,Vincent Williams Jr,Under,22.5,-137,2025-11-27,2025-11-26T06:27:40Z
Betr DFS,player_points_rebounds_assists,Jaylen Wells,Over,19.5,-137,2025-11-27,2025-11-26T06:27:40Z
Betr DFS,player_points_rebounds_assists,Jaylen Wells,Under,19.5,-137,2025-11-27,2025-11-26T06:27:40Z
Betr DFS,player_points_rebounds_assists,Cedric Coward,Over,22.5,-137,2025-11-27,2025-11-26T06:27:40Z
Betr DFS,player_points_rebounds_assists,Cedric Coward,Under,22.5,-137,2025-11-27,2025-11-26T06:27:40Z
Betr DFS,player_points_rebounds_assists,Saddiq Bey,Over,22.5,-137,2025-11-27,2025-11-26T06:27:40Z
Betr DFS,player_points_rebounds_assists,Saddiq Bey,Under,22.5,-137,2025-11-27,2025-11-26T06:27:40Z
Betr DFS,player_points_rebounds_assists,Zion Williamson,Over,32.5,-137,2025-11-27,2025-11-26T06:27:40Z
Betr DFS,player_points_rebounds_assists,Zion Williamson,Under,32.5,-137,2025-11-27,2025-11-26T06:27:40Z
Betr DFS,player_points_rebounds_assists,Trey Murphy III,Over,28.5,-137,2025-11-27,2025-11-26T06:27:40Z
Betr DFS,player_points_rebounds_assists,Trey Murphy III,Under,28.5,-137,2025-11-27,2025-11-26T06:27:40Z
Betr DFS,player_points_rebounds_assists,Jeremiah Fears,Over,21.5,-137,2025-11-27,2025-11-26T06:27:40Z
Betr DFS,player_points_rebounds_assists,Jeremiah Fears,Under,21.5,-137,2025-11-27,2025-11-26T06:27:40Z
Betr DFS,player_points_rebounds_assists,Alperen Sengun,Over,40.5,-137,2025-11-27,2025-11-26T06:28:33Z
Betr DFS,player_points_rebounds_assists,Alperen Sengun,Under,40.5,-137,2025-11-27,2025-11-26T06:28:33Z
Betr DFS,player_points_rebounds_assists,Jabari Smith Jr,Over,25.5,-137,2025-11-27,2025-11-26T06:28:33Z
Betr DFS,player_points_rebounds_assists,Jabari Smith Jr,Under,25.5,-137,2025-11-27,2025-11-26T06:28:33Z
Betr DFS,player_points_rebounds_assists,Amen Thompson,Over,32.5,-137,2025-11-27,2025-11-26T06:28:33Z
Betr DFS,player_points_rebounds_assists,Amen Thompson,Under,32.5,-137,2025-11-27,2025-11-26T06:28:33Z
Betr DFS,player_points_rebounds_assists,Reed Sheppard,Over,21.5,-137,2025-11-27,2025-11-26T06:28:33Z
Betr DFS,player_points_rebounds_assists,Reed Sheppard,Under,21.5,-137,2025-11-27,2025-11-26T06:28:33Z
Betr DFS,player_points_rebounds_assists,Jimmy Butler,Under,30.5,-137,2025-11-27,2025-11-26T06:28:33Z
Betr DFS,player_points_rebounds_assists,Draymond Green,Over,20.5,-137,2025-11-27,2025-11-26T06:28:33Z
Betr DFS,player_points_rebounds_assists,Draymond Green,Under,20.5,-137,2025-11-27,2025-11-26T06:28:33Z
Betr DFS,player_points_rebounds_assists,Stephen Curry,Over,34.5,-137,2025-11-27,2025-11-26T06:28:33Z
Betr DFS,player_points_rebounds_assists,Stephen Curry,Under,34.5,-137,2025-11-27,2025-11-26T06:28:33Z
Betr DFS,player_points_rebounds_assists,Brandin Podziemski,Over,18.5,-137,2025-11-27,2025-11-26T06:28:33Z
Betr DFS,player_points_rebounds_assists,Brandin Podziemski,Under,18.5,-137,2025-11-27,2025-11-26T06:28:33Z
Betr DFS,player_points_rebounds_assists,Mark Williams,Over,23.5,-137,2025-11-27,2025-11-26T06:28:27Z
Betr DFS,player_points_rebounds_assists,Mark Williams,Under,23.5,-137,2025-11-27,2025-11-26T06:28:27Z
Betr DFS,player_points_rebounds_assists,Royce O'Neale,Over,20.5,-137,2025-11-27,2025-11-26T06:28:27Z
Betr DFS,player_points_rebounds_assists,Royce O'Neale,Under,20.5,-137,2025-11-27,2025-11-26T06:28:27Z
Betr DFS,player_points_rebounds_assists,Dillon Brooks,Over,25.5,-137,2025-11-27,2025-11-26T06:28:27Z
Betr DFS,player_points_rebounds_assists,Dillon Brooks,Under,25.5,-137,2025-11-27,2025-11-26T06:28:27Z
Betr DFS,player_points_rebounds_assists,Devin Booker,Over,40.5,-137,2025-11-27,2025-11-26T06:28:27Z
Betr DFS,player_points_rebounds_assists,Devin Booker,Under,40.5,-137,2025-11-27,2025-11-26T06:28:27Z
Betr DFS,player_points_rebounds_assists,DeMar DeRozan,Over,25.5,-137,2025-11-27,2025-11-26T06:28:27Z
Betr DFS,player_points_rebounds_assists,DeMar DeRozan,Under,25.5,-137,2025-11-27,2025-11-26T06:28:27Z
Betr DFS,player_points_rebounds_assists,Zach LaVine,Over,26.5,-137,2025-11-27,2025-11-26T06:28:27Z
Betr DFS,player_points_rebounds_assists,Zach LaVine,Under,26.5,-137,2025-11-27,2025-11-26T06:28:27Z
Betr DFS,player_points_rebounds_assists,Dennis Schroder,Over,17.5,-137,2025-11-27,2025-11-26T06:28:27Z
Betr DFS,player_points_rebounds_assists,Dennis Schroder,Under,17.5,-137,2025-11-27,2025-11-26T06:28:27Z
Betr DFS,player_points_rebounds_assists,Russell Westbrook,Over,26.5,-137,2025-11-27,2025-11-26T06:28:27Z
Betr DFS,player_points_rebounds_assists,Russell Westbrook,Under,26.5,-137,2025-11-27,2025-11-26T06:28:27Z
Betr DFS,player_points_rebounds_assists,Keegan Murray,Over,22.5,-137,2025-11-27,2025-11-26T06:28:27Z
Betr DFS,player_points_rebounds_assists,Keegan Murray,Under,22.5,-137,2025-11-27,2025-11-26T06:28:27Z
Betr DFS,player_points_rebounds_assists,Luke Kornet,Over,18.5,-137,2025-11-27,2025-11-26T06:28:32Z
Betr DFS,player_points_rebounds_assists,Luke Kornet,Under,18.5,-137,2025-11-27,2025-11-26T06:28:32Z
Betr DFS,player_points_rebounds_assists,Keldon Johnson,Over,23.5,-137,2025-11-27,2025-11-26T06:28:32Z
Betr DFS,player_points_rebounds_assists,Keldon Johnson,Under,23.5,-137,2025-11-27,2025-11-26T06:28:32Z
Betr DFS,player_points_rebounds_assists,Devin Vassell,Over,23.5,-137,2025-11-27,2025-11-26T06:28:32Z
Betr DFS,player_points_rebounds_assists,Devin Vassell,Under,23.5,-137,2025-11-27,2025-11-26T06:28:32Z
Betr DFS,player_points_rebounds_assists,Julian Champagnie,Over,18.5,-137,2025-11-27,2025-11-26T06:28:32Z
Betr DFS,player_points_rebounds_assists,Julian Champagnie,Under,18.5,-137,2025-11-27,2025-11-26T06:28:32Z
Betr DFS,player_points_rebounds_assists,Harrison Barnes,Over,19.5,-137,2025-11-27,2025-11-26T06:28:32Z
Betr DFS,player_points_rebounds_assists,Harrison Barnes,Under,19.5,-137,2025-11-27,2025-11-26T06:28:32Z
Betr DFS,player_points_rebounds_assists,De'Aaron Fox,Over,35.5,-137,2025-11-27,2025-11-26T06:28:32Z
Betr DFS,player_points_rebounds_assists,De'Aaron Fox,Under,35.5,-137,2025-11-27,2025-11-26T06:28:32Z
Betr DFS,player_points_rebounds_assists,Dylan Harper,Over,19.5,-137,2025-11-27,2025-11-26T06:28:32Z
Betr DFS,player_points_rebounds_assists,Dylan Harper,Under,19.5,-137,2025-11-27,2025-11-26T06:28:32Z
Betr DFS,player_points_rebounds_assists,Deni Avdija,Over,41.5,-137,2025-11-27,2025-11-26T06:28:32Z
Betr DFS,player_points_rebounds_assists,Deni Avdija,Under,41.5,-137,2025-11-27,2025-11-26T06:28:32Z
Betr DFS,player_points_rebounds_assists,Jerami Grant,Over,26.5,-137,2025-11-27,2025-11-26T06:28:32Z
Betr DFS,player_points_rebounds_assists,Jerami Grant,Under,26.5,-137,2025-11-27,2025-11-26T06:28:32Z
Betr DFS,player_points_rebounds_assists,Toumani Camara,Over,20.5,-137,2025-11-27,2025-11-26T06:28:32Z
Betr DFS,player_points_rebounds_assists,Toumani Camara,Under,20.5,-137,2025-11-27,2025-11-26T06:28:32Z
PrizePicks,player_points_rebounds,Jaylen Brown,Over,33.5,-137,2025-11-26,2025-11-26T06:28:01Z
PrizePicks,player_points_rebounds,Jaylen Brown,Under,33.5,-137,2025-11-26,2025-11-26T06:28:01Z
PrizePicks,player_points_rebounds,Cade Cunningham,Over,31.5,-137,2025-11-26,2025-11-26T06:28:01Z
PrizePicks,player_points_rebounds,Cade Cunningham,Under,31.5,-137,2025-11-26,2025-11-26T06:28:01Z
PrizePicks,player_points_rebounds,Jalen Duren,Over,31.5,-137,2025-11-26,2025-11-26T06:28:01Z
PrizePicks,player_points_rebounds,Jalen Duren,Under,31.5,-137,2025-11-26,2025-11-26T06:28:01Z
PrizePicks,player_points_rebounds,Derrick White,Over,20.5,-137,2025-11-26,2025-11-26T06:28:01Z
PrizePicks,player_points_rebounds,Derrick White,Under,20.5,-137,2025-11-26,2025-11-26T06:28:01Z
PrizePicks,player_points_rebounds,Payton Pritchard,Over,20.5,-137,2025-11-26,2025-11-26T06:28:01Z
PrizePicks,player_points_rebounds,Payton Pritchard,Under,20.5,-137,2025-11-26,2025-11-26T06:28:01Z
PrizePicks,player_points_rebounds,Anfernee Simons,Over,16.5,-137,2025-11-26,2025-11-26T06:28:01Z
PrizePicks,player_points_rebounds,Anfernee Simons,Under,16.5,-137,2025-11-26,2025-11-26T06:28:01Z
PrizePicks,player_points_rebounds,Ausar Thompson,Over,16.5,-137,2025-11-26,2025-11-26T06:28:01Z
PrizePicks,player_points_rebounds,Ausar Thompson,Under,16.5,-137,2025-11-26,2025-11-26T06:28:01Z
PrizePicks,player_points_rebounds,Tobias Harris,Over,15.5,-137,2025-11-26,2025-11-26T06:28:01Z
PrizePicks,player_points_rebounds,Tobias Harris,Under,15.5,-137,2025-11-26,2025-11-26T06:28:01Z
PrizePicks,player_points_rebounds,Luka Garza,Over,15.5,-137,2025-11-26,2025-11-26T06:28:01Z
PrizePicks,player_points_rebounds,Luka Garza,Under,15.5,-137,2025-11-26,2025-11-26T06:28:01Z
PrizePicks,player_points_rebounds,Isaiah Stewart II,Over,13.5,-137,2025-11-26,2025-11-26T06:28:01Z
PrizePicks,player_points_rebounds,Isaiah Stewart II,Under,13.5,-137,2025-11-26,2025-11-26T06:28:01Z
PrizePicks,player_points_rebounds,Duncan Robinson,Over,12.5,-137,2025-11-26,2025-11-26T06:28:01Z
PrizePicks,player_points_rebounds,Duncan Robinson,Under,12.5,-137,2025-11-26,2025-11-26T06:28:01Z
PrizePicks,player_points_rebounds,Caris LeVert,Over,10.5,-137,2025-11-26,2025-11-26T06:28:01Z
PrizePicks,player_points_rebounds,Caris LeVert,Under,10.5,-137,2025-11-26,2025-11-26T06:28:01Z
PrizePicks,player_points_rebounds,Jordan Walsh,Over,10.5,-137,2025-11-26,2025-11-26T06:28:01Z
PrizePicks,player_points_rebounds,Jordan Walsh,Under,10.5,-137,2025-11-26,2025-11-26T06:28:01Z
PrizePicks,player_points_rebounds,Karl-Anthony Towns,Over,36.5,-137,2025-11-27,2025-11-26T06:27:46Z
PrizePicks,player_points_rebounds,Karl-Anthony Towns,Under,36.5,-137,2025-11-27,2025-11-26T06:27:46Z
PrizePicks,player_points_rebounds,Jalen Brunson,Over,31.5,-137,2025-11-27,2025-11-26T06:27:46Z
PrizePicks,player_points_rebounds,Jalen Brunson,Under,31.5,-137,2025-11-27,2025-11-26T06:27:46Z
PrizePicks,player_points_rebounds,Miles Bridges,Over,27.5,-137,2025-11-27,2025-11-26T06:27:46Z
PrizePicks,player_points_rebounds,Miles Bridges,Under,27.5,-137,2025-11-27,2025-11-26T06:27:46Z
PrizePicks,player_points_rebounds,Kon Knueppel,Over,22.5,-137,2025-11-27,2025-11-26T06:27:46Z
PrizePicks,player_points_rebounds,Kon Knueppel,Under,22.5,-137,2025-11-27,2025-11-26T06:27:46Z
PrizePicks,player_points_rebounds,LaMelo Ball,Over,22.5,-137,2025-11-27,2025-11-26T06:27:46Z
PrizePicks,player_points_rebounds,LaMelo Ball,Under,22.5,-137,2025-11-27,2025-11-26T06:27:46Z
PrizePicks,player_points_rebounds,Brandon Miller,Over,21.5,-137,2025-11-27,2025-11-26T06:27:46Z
PrizePicks,player_points_rebounds,Brandon Miller,Under,21.5,-137,2025-11-27,2025-11-26T06:27:46Z
PrizePicks,player_points_rebounds,Mikal Bridges,Over,20.5,-137,2025-11-27,2025-11-26T06:27:46Z
PrizePicks,player_points_rebounds,Mikal Bridges,Under,20.5,-137,2025-11-27,2025-11-26T06:27:46Z
PrizePicks,player_points_rebounds,Josh Hart,Over,19.5,-137,2025-11-27,2025-11-26T06:27:46Z
PrizePicks,player_points_rebounds,Josh Hart,Under,19.5,-137,2025-11-27,2025-11-26T06:27:46Z
PrizePicks,player_points_rebounds,Jordan Clarkson,Over,14.5,-137,2025-11-27,2025-11-26T06:27:46Z
PrizePicks,player_points_rebounds,Jordan Clarkson,Under,14.5,-137,2025-11-27,2025-11-26T06:27:46Z
PrizePicks,player_points_rebounds,Miles McBride,Over,13.5,-137,2025-11-27,2025-11-26T06:27:46Z
PrizePicks,player_points_rebounds,Miles McBride,Under,13.5,-137,2025-11-27,2025-11-26T06:27:46Z
PrizePicks,player_points_rebounds,Ryan Kalkbrenner,Over,13.5,-137,2025-11-27,2025-11-26T06:27:46Z
PrizePicks,player_points_rebounds,Ryan Kalkbrenner,Under,13.5,-137,2025-11-27,2025-11-26T06:27:46Z
PrizePicks,player_points_rebounds,Mitchell Robinson,Over,11.5,-137,2025-11-27,2025-11-26T06:27:46Z
PrizePicks,player_points_rebounds,Mitchell Robinson,Under,11.5,-137,2025-11-27,2025-11-26T06:27:46Z
PrizePicks,player_points_rebounds,Brandon Ingram,Over,29.5,-137,2025-11-27,2025-11-26T06:28:15Z
PrizePicks,player_points_rebounds,Brandon Ingram,Under,29.5,-137,2025-11-27,2025-11-26T06:28:15Z
PrizePicks,player_points_rebounds,Pascal Siakam,Over,29.5,-137,2025-11-27,2025-11-26T06:28:15Z
PrizePicks,player_points_rebounds,Pascal Siakam,Under,29.5,-137,2025-11-27,2025-11-26T06:28:15Z
PrizePicks,player_points_rebounds,Scottie Barnes,Over,27.5,-137,2025-11-27,2025-11-26T06:28:15Z
PrizePicks,player_points_rebounds,Scottie Barnes,Under,27.5,-137,2025-11-27,2025-11-26T06:28:15Z
PrizePicks,player_points_rebounds,Bennedict Mathurin,Over,26.5,-137,2025-11-27,2025-11-26T06:28:15Z
PrizePicks,player_points_rebounds,Bennedict Mathurin,Under,26.5,-137,2025-11-27,2025-11-26T06:28:15Z
PrizePicks,player_points_rebounds,Jakob Poeltl,Over,21.5,-137,2025-11-27,2025-11-26T06:28:15Z
PrizePicks,player_points_rebounds,Jakob Poeltl,Under,21.5,-137,2025-11-27,2025-11-26T06:28:15Z
PrizePicks,player_points_rebounds,Immanuel Quickley,Over,20.5,-137,2025-11-27,2025-11-26T06:28:15Z
PrizePicks,player_points_rebounds,Immanuel Quickley,Under,20.5,-137,2025-11-27,2025-11-26T06:28:15Z
PrizePicks,player_points_rebounds,Andrew Nembhard,Over,18.5,-137,2025-11-27,2025-11-26T06:28:15Z
PrizePicks,player_points_rebounds,Andrew Nembhard,Under,18.5,-137,2025-11-27,2025-11-26T06:28:15Z
PrizePicks,player_points_rebounds,Sandro Mamukelashvili,Over,15.5,-137,2025-11-27,2025-11-26T06:28:15Z
PrizePicks,player_points_rebounds,Sandro Mamukelashvili,Under,15.5,-137,2025-11-27,2025-11-26T06:28:15Z
PrizePicks,player_points_rebounds,Isaiah Jackson,Over,13.5,-137,2025-11-27,2025-11-26T06:28:15Z
PrizePicks,player_points_rebounds,Isaiah Jackson,Under,13.5,-137,2025-11-27,2025-11-26T06:28:15Z
PrizePicks,player_points_rebounds,Jarace Walker,Over,13.5,-137,2025-11-27,2025-11-26T06:28:15Z
PrizePicks,player_points_rebounds,Jarace Walker,Under,13.5,-137,2025-11-27,2025-11-26T06:28:15Z
PrizePicks,player_points_rebounds,T.J. McConnell,Over,11.5,-137,2025-11-27,2025-11-26T06:28:15Z
PrizePicks,player_points_rebounds,T.J. McConnell,Under,11.5,-137,2025-11-27,2025-11-26T06:28:15Z
PrizePicks,player_points_rebounds,Ben Sheppard,Over,9.5,-137,2025-11-27,2025-11-26T06:28:15Z
PrizePicks,player_points_rebounds,Ben Sheppard,Under,9.5,-137,2025-11-27,2025-11-26T06:28:15Z
PrizePicks,player_points_rebounds,Jamal Shead,Over,9.5,-137,2025-11-27,2025-11-26T06:28:15Z
PrizePicks,player_points_rebounds,Jamal Shead,Under,9.5,-137,2025-11-27,2025-11-26T06:28:15Z
PrizePicks,player_points_rebounds,Giannis Antetokounmpo,Over,38.5,-137,2025-11-27,2025-11-26T06:28:16Z
PrizePicks,player_points_rebounds,Giannis Antetokounmpo,Under,38.5,-137,2025-11-27,2025-11-26T06:28:16Z
PrizePicks,player_points_rebounds,Bam Adebayo,Over,25.5,-137,2025-11-27,2025-11-26T06:28:16Z
PrizePicks,player_points_rebounds,Bam Adebayo,Under,25.5,-137,2025-11-27,2025-11-26T06:28:16Z
PrizePicks,player_points_rebounds,Kel'el Ware,Over,24.5,-137,2025-11-27,2025-11-26T06:28:16Z
PrizePicks,player_points_rebounds,Kel'el Ware,Under,24.5,-137,2025-11-27,2025-11-26T06:28:16Z
PrizePicks,player_points_rebounds,Norman Powell,Over,22.5,-137,2025-11-27,2025-11-26T06:28:16Z
PrizePicks,player_points_rebounds,Norman Powell,Under,22.5,-137,2025-11-27,2025-11-26T06:28:16Z
PrizePicks,player_points_rebounds,Tyler Herro,Over,22.5,-137,2025-11-27,2025-11-26T06:28:16Z
PrizePicks,player_points_rebounds,Tyler Herro,Under,22.5,-137,2025-11-27,2025-11-26T06:28:16Z
PrizePicks,player_points_rebounds,Ryan Rollins,Over,22.5,-137,2025-11-27,2025-11-26T06:28:16Z
PrizePicks,player_points_rebounds,Ryan Rollins,Under,22.5,-137,2025-11-27,2025-11-26T06:28:16Z
PrizePicks,player_points_rebounds,Myles Turner,Over,20.0,-137,2025-11-27,2025-11-26T06:28:16Z
PrizePicks,player_points_rebounds,Myles Turner,Under,20.0,-137,2025-11-27,2025-11-26T06:28:16Z
PrizePicks,player_points_rebounds,Bobby Portis,Over,19.5,-137,2025-11-27,2025-11-26T06:28:16Z
PrizePicks,player_points_rebounds,Bobby Portis,Under,19.5,-137,2025-11-27,2025-11-26T06:28:16Z
PrizePicks,player_points_rebounds,Andrew Wiggins,Over,17.5,-137,2025-11-27,2025-11-26T06:28:16Z
PrizePicks,player_points_rebounds,Andrew Wiggins,Under,17.5,-137,2025-11-27,2025-11-26T06:28:16Z
PrizePicks,player_points_rebounds,Kyle Kuzma,Over,17.5,-137,2025-11-27,2025-11-26T06:28:16Z
PrizePicks,player_points_rebounds,Kyle Kuzma,Under,17.5,-137,2025-11-27,2025-11-26T06:28:16Z
PrizePicks,player_points_rebounds,A.J. Green,Over,11.5,-137,2025-11-27,2025-11-26T06:28:16Z
PrizePicks,player_points_rebounds,A.J. Green,Under,11.5,-137,2025-11-27,2025-11-26T06:28:16Z
PrizePicks,player_points_rebounds,Shai Gilgeous-Alexander,Over,35.5,-137,2025-11-27,2025-11-26T06:27:51Z
PrizePicks,player_points_rebounds,Shai Gilgeous-Alexander,Under,35.5,-137,2025-11-27,2025-11-26T06:27:51Z
PrizePicks,player_points_rebounds,Anthony Edwards,Over,29.5,-137,2025-11-27,2025-11-26T06:27:51Z
PrizePicks,player_points_rebounds,Anthony Edwards,Under,29.5,-137,2025-11-27,2025-11-26T06:27:51Z
PrizePicks,player_points_rebounds,Julius Randle,Over,28.5,-137,2025-11-27,2025-11-26T06:27:51Z
PrizePicks,player_points_rebounds,Julius Randle,Under,28.5,-137,2025-11-27,2025-11-26T06:27:51Z
PrizePicks,player_points_rebounds,Chet Holmgren,Over,26.5,-137,2025-11-27,2025-11-26T06:27:51Z
PrizePicks,player_points_rebounds,Chet Holmgren,Under,26.5,-137,2025-11-27,2025-11-26T06:27:51Z
PrizePicks,player_points_rebounds,Isaiah Hartenstein,Over,21.5,-137,2025-11-27,2025-11-26T06:27:51Z
PrizePicks,player_points_rebounds,Isaiah Hartenstein,Under,21.5,-137,2025-11-27,2025-11-26T06:27:51Z
PrizePicks,player_points_rebounds,Ajay Mitchell,Over,20.5,-137,2025-11-27,2025-11-26T06:27:51Z
PrizePicks,player_points_rebounds,Ajay Mitchell,Under,20.5,-137,2025-11-27,2025-11-26T06:27:51Z
PrizePicks,player_points_rebounds,Rudy Gobert,Over,20.0,-137,2025-11-27,2025-11-26T06:27:51Z
PrizePicks,player_points_rebounds,Rudy Gobert,Under,20.0,-137,2025-11-27,2025-11-26T06:27:51Z
PrizePicks,player_points_rebounds,Jaden McDaniels,Over,17.5,-137,2025-11-27,2025-11-26T06:27:51Z
PrizePicks,player_points_rebounds,Jaden McDaniels,Under,17.5,-137,2025-11-27,2025-11-26T06:27:51Z
PrizePicks,player_points_rebounds,Naz Reid,Over,17.5,-137,2025-11-27,2025-11-26T06:27:51Z
PrizePicks,player_points_rebounds,Naz Reid,Under,17.5,-137,2025-11-27,2025-11-26T06:27:51Z
PrizePicks,player_points_rebounds,Donte DiVincenzo,Over,16.5,-137,2025-11-27,2025-11-26T06:27:51Z
PrizePicks,player_points_rebounds,Donte DiVincenzo,Under,16.5,-137,2025-11-27,2025-11-26T06:27:51Z
PrizePicks,player_points_rebounds,Luguentz Dort,Over,12.5,-137,2025-11-27,2025-11-26T06:27:51Z
PrizePicks,player_points_rebounds,Luguentz Dort,Under,12.5,-137,2025-11-27,2025-11-26T06:27:51Z
PrizePicks,player_points_rebounds,Cason Wallace,Over,12.0,-137,2025-11-27,2025-11-26T06:27:51Z
PrizePicks,player_points_rebounds,Cason Wallace,Under,12.0,-137,2025-11-27,2025-11-26T06:27:51Z
PrizePicks,player_points_rebounds,Jaylin Williams,Over,10.5,-137,2025-11-27,2025-11-26T06:27:51Z
PrizePicks,player_points_rebounds,Jaylin Williams,Under,10.5,-137,2025-11-27,2025-11-26T06:27:51Z
PrizePicks,player_points_rebounds,Jaren Jackson Jr,Over,27.5,-137,2025-11-27,2025-11-26T06:27:54Z
PrizePicks,player_points_rebounds,Jaren Jackson Jr,Under,27.5,-137,2025-11-27,2025-11-26T06:27:54Z
PrizePicks,player_points_rebounds,Zion Williamson,Over,27.5,-137,2025-11-27,2025-11-26T06:27:54Z
PrizePicks,player_points_rebounds,Zion Williamson,Under,27.5,-137,2025-11-27,2025-11-26T06:27:54Z
PrizePicks,player_points_rebounds,Trey Murphy III,Over,24.5,-137,2025-11-27,2025-11-26T06:27:54Z
PrizePicks,player_points_rebounds,Trey Murphy III,Under,24.5,-137,2025-11-27,2025-11-26T06:27:54Z
PrizePicks,player_points_rebounds,Derik Queen,Over,22.5,-137,2025-11-27,2025-11-26T06:27:54Z
PrizePicks,player_points_rebounds,Derik Queen,Under,22.5,-137,2025-11-27,2025-11-26T06:27:54Z
PrizePicks,player_points_rebounds,Zach Edey,Over,20.5,-137,2025-11-27,2025-11-26T06:27:54Z
PrizePicks,player_points_rebounds,Zach Edey,Under,20.5,-137,2025-11-27,2025-11-26T06:27:54Z
PrizePicks,player_points_rebounds,Saddiq Bey,Over,19.5,-137,2025-11-27,2025-11-26T06:27:54Z
PrizePicks,player_points_rebounds,Saddiq Bey,Under,19.5,-137,2025-11-27,2025-11-26T06:27:54Z
PrizePicks,player_points_rebounds,Cedric Coward,Over,18.5,-137,2025-11-27,2025-11-26T06:27:54Z
PrizePicks,player_points_rebounds,Cedric Coward,Under,18.5,-137,2025-11-27,2025-11-26T06:27:54Z
PrizePicks,player_points_rebounds,Jeremiah Fears,Over,18.5,-137,2025-11-27,2025-11-26T06:27:54Z
PrizePicks,player_points_rebounds,Jeremiah Fears,Under,18.5,-137,2025-11-27,2025-11-26T06:27:54Z
PrizePicks,player_points_rebounds,Jaylen Wells,Over,17.5,-137,2025-11-27,2025-11-26T06:27:54Z
PrizePicks,player_points_rebounds,Jaylen Wells,Under,17.5,-137,2025-11-27,2025-11-26T06:27:54Z
PrizePicks,player_points_rebounds,Vincent Williams Jr,Over,15.5,-137,2025-11-27,2025-11-26T06:27:54Z
PrizePicks,player_points_rebounds,Vincent Williams Jr,Under,15.5,-137,2025-11-27,2025-11-26T06:27:54Z
PrizePicks,player_points_rebounds,Yves Missi,Over,14.5,-137,2025-11-27,2025-11-26T06:27:54Z
PrizePicks,player_points_rebounds,Yves Missi,Under,14.5,-137,2025-11-27,2025-11-26T06:27:54Z
PrizePicks,player_points_rebounds,Jock Landale,Over,14.5,-137,2025-11-27,2025-11-26T06:27:54Z
PrizePicks,player_points_rebounds,Jock Landale,Under,14.5,-137,2025-11-27,2025-11-26T06:27:54Z
PrizePicks,player_points_rebounds,Kentavious Caldwell-Pope,Over,9.5,-137,2025-11-27,2025-11-26T06:27:54Z
PrizePicks,player_points_rebounds,Kentavious Caldwell-Pope,Under,9.5,-137,2025-11-27,2025-11-26T06:27:54Z
PrizePicks,player_points_rebounds,Alperen Sengun,Over,33.5,-137,2025-11-27,2025-11-26T06:27:51Z
PrizePicks,player_points_rebounds,Alperen Sengun,Under,33.5,-137,2025-11-27,2025-11-26T06:27:51Z
PrizePicks,player_points_rebounds,Stephen Curry,Over,30.5,-137,2025-11-27,2025-11-26T06:27:51Z
PrizePicks,player_points_rebounds,Stephen Curry,Under,30.5,-137,2025-11-27,2025-11-26T06:27:51Z
PrizePicks,player_points_rebounds,Amen Thompson,Over,26.5,-137,2025-11-27,2025-11-26T06:27:51Z
PrizePicks,player_points_rebounds,Amen Thompson,Under,26.5,-137,2025-11-27,2025-11-26T06:27:51Z
PrizePicks,player_points_rebounds,Jimmy Butler,Over,25.5,-137,2025-11-27,2025-11-26T06:27:51Z
PrizePicks,player_points_rebounds,Jimmy Butler,Under,25.5,-137,2025-11-27,2025-11-26T06:27:51Z
PrizePicks,player_points_rebounds,Jabari Smith Jr,Over,23.5,-137,2025-11-27,2025-11-26T06:27:51Z
PrizePicks,player_points_rebounds,Jabari Smith Jr,Under,23.5,-137,2025-11-27,2025-11-26T06:27:51Z
PrizePicks,player_points_rebounds,Reed Sheppard,Over,17.5,-137,2025-11-27,2025-11-26T06:27:51Z
PrizePicks,player_points_rebounds,Reed Sheppard,Under,17.5,-137,2025-11-27,2025-11-26T06:27:51Z
PrizePicks,player_points_rebounds,Brandin Podziemski,Over,15.5,-137,2025-11-27,2025-11-26T06:27:51Z
PrizePicks,player_points_rebounds,Brandin Podziemski,Under,15.5,-137,2025-11-27,2025-11-26T06:27:51Z
PrizePicks,player_points_rebounds,Moses Moody,Over,15.0,-137,2025-11-27,2025-11-26T06:27:51Z
PrizePicks,player_points_rebounds,Moses Moody,Under,15.0,-137,2025-11-27,2025-11-26T06:27:51Z
PrizePicks,player_points_rebounds,Draymond Green,Over,14.5,-137,2025-11-27,2025-11-26T06:27:51Z
PrizePicks,player_points_rebounds,Draymond Green,Under,14.5,-137,2025-11-27,2025-11-26T06:27:51Z
PrizePicks,player_points_rebounds,Josh Okogie,Over,13.5,-137,2025-11-27,2025-11-26T06:27:51Z
PrizePicks,player_points_rebounds,Josh Okogie,Under,13.5,-137,2025-11-27,2025-11-26T06:27:51Z
PrizePicks,player_points_rebounds,Clint Capela,Over,12.5,-137,2025-11-27,2025-11-26T06:27:51Z
PrizePicks,player_points_rebounds,Clint Capela,Under,12.5,-137,2025-11-27,2025-11-26T06:27:51Z
PrizePicks,player_points_rebounds,Quinten Post,Over,12.5,-137,2025-11-27,2025-11-26T06:27:51Z
PrizePicks,player_points_rebounds,Quinten Post,Under,12.5,-137,2025-11-27,2025-11-26T06:27:51Z
PrizePicks,player_points_rebounds,Devin Booker,Over,32.5,-137,2025-11-27,2025-11-26T06:28:00Z
PrizePicks,player_points_rebounds,Devin Booker,Under,32.5,-137,2025-11-27,2025-11-26T06:28:00Z
PrizePicks,player_points_rebounds,Dillon Brooks,Over,23.5,-137,2025-11-27,2025-11-26T06:28:00Z
PrizePicks,player_points_rebounds,Dillon Brooks,Under,23.5,-137,2025-11-27,2025-11-26T06:28:00Z
PrizePicks,player_points_rebounds,Zach LaVine,Over,23.5,-137,2025-11-27,2025-11-26T06:28:00Z
PrizePicks,player_points_rebounds,Zach LaVine,Under,23.5,-137,2025-11-27,2025-11-26T06:28:00Z
PrizePicks,player_points_rebounds,DeMar DeRozan,Over,22.5,-137,2025-11-27,2025-11-26T06:28:00Z
PrizePicks,player_points_rebounds,DeMar DeRozan,Under,22.5,-137,2025-11-27,2025-11-26T06:28:00Z
PrizePicks,player_points_rebounds,Mark Williams,Over,22.5,-137,2025-11-27,2025-11-26T06:28:00Z
PrizePicks,player_points_rebounds,Mark Williams,Under,22.5,-137,2025-11-27,2025-11-26T06:28:00Z
PrizePicks,player_points_rebounds,Keegan Murray,Over,20.5,-137,2025-11-27,2025-11-26T06:28:00Z
PrizePicks,player_points_rebounds,Keegan Murray,Under,20.5,-137,2025-11-27,2025-11-26T06:28:00Z
PrizePicks,player_points_rebounds,Russell Westbrook,Over,20.5,-137,2025-11-27,2025-11-26T06:28:00Z
PrizePicks,player_points_rebounds,Russell Westbrook,Under,20.5,-137,2025-11-27,2025-11-26T06:28:00Z
PrizePicks,player_points_rebounds,Collin Gillespie,Over,18.5,-137,2025-11-27,2025-11-26T06:28:00Z
PrizePicks,player_points_rebounds,Collin Gillespie,Under,18.5,-137,2025-11-27,2025-11-26T06:28:00Z
PrizePicks,player_points_rebounds,Royce O'Neale,Over,16.5,-137,2025-11-27,2025-11-26T06:28:00Z
PrizePicks,player_points_rebounds,Royce O'Neale,Under,16.5,-137,2025-11-27,2025-11-26T06:28:00Z
PrizePicks,player_points_rebounds,Precious Achiuwa,Over,13.5,-137,2025-11-27,2025-11-26T06:28:00Z
PrizePicks,player_points_rebounds,Precious Achiuwa,Under,13.5,-137,2025-11-27,2025-11-26T06:28:00Z
PrizePicks,player_points_rebounds,Drew Eubanks,Over,12.5,-137,2025-11-27,2025-11-26T06:28:00Z
PrizePicks,player_points_rebounds,Drew Eubanks,Under,12.5,-137,2025-11-27,2025-11-26T06:28:00Z
PrizePicks,player_points_rebounds,Dennis Schroder,Over,12.5,-137,2025-11-27,2025-11-26T06:28:00Z
PrizePicks,player_points_rebounds,Dennis Schroder,Under,12.5,-137,2025-11-27,2025-11-26T06:28:00Z
PrizePicks,player_points_rebounds,Oso Ighodaro,Over,10.5,-137,2025-11-27,2025-11-26T06:28:00Z
PrizePicks,player_points_rebounds,Oso Ighodaro,Under,10.5,-137,2025-11-27,2025-11-26T06:28:00Z
PrizePicks,player_points_rebounds,De'Aaron Fox,Over,27.5,-137,2025-11-27,2025-11-26T06:28:26Z
PrizePicks,player_points_rebounds,De'Aaron Fox,Under,27.5,-137,2025-11-27,2025-11-26T06:28:26Z
PrizePicks,player_points_rebounds,Shaedon Sharpe,Over,27.5,-137,2025-11-27,2025-11-26T06:28:26Z
PrizePicks,player_points_rebounds,Shaedon Sharpe,Under,27.5,-137,2025-11-27,2025-11-26T06:28:26Z
PrizePicks,player_points_rebounds,Jerami Grant,Over,23.5,-137,2025-11-27,2025-11-26T06:28:26Z
PrizePicks,player_points_rebounds,Jerami Grant,Under,23.5,-137,2025-11-27,2025-11-26T06:28:26Z
PrizePicks,player_points_rebounds,Donovan Clingan,Over,22.5,-137,2025-11-27,2025-11-26T06:28:26Z
PrizePicks,player_points_rebounds,Donovan Clingan,Under,22.5,-137,2025-11-27,2025-11-26T06:28:26Z
PrizePicks,player_points_rebounds,Keldon Johnson,Over,21.5,-137,2025-11-27,2025-11-26T06:28:26Z
PrizePicks,player_points_rebounds,Keldon Johnson,Under,21.5,-137,2025-11-27,2025-11-26T06:28:26Z
PrizePicks,player_points_rebounds,Devin Vassell,Over,20.5,-137,2025-11-27,2025-11-26T06:28:26Z
PrizePicks,player_points_rebounds,Devin Vassell,Under,20.5,-137,2025-11-27,2025-11-26T06:28:26Z
PrizePicks,player_points_rebounds,Toumani Camara,Over,18.5,-137,2025-11-27,2025-11-26T06:28:26Z
PrizePicks,player_points_rebounds,Toumani Camara,Under,18.5,-137,2025-11-27,2025-11-26T06:28:26Z
PrizePicks,player_points_rebounds,Harrison Barnes,Over,16.5,-137,2025-11-27,2025-11-26T06:28:26Z
PrizePicks,player_points_rebounds,Harrison Barnes,Under,16.5,-137,2025-11-27,2025-11-26T06:28:26Z
PrizePicks,player_points_rebounds,Julian Champagnie,Over,16.5,-137,2025-11-27,2025-11-26T06:28:26Z
PrizePicks,player_points_rebounds,Julian Champagnie,Under,16.5,-137,2025-11-27,2025-11-26T06:28:26Z
PrizePicks,player_points_rebounds,Luke Kornet,Over,16.5,-137,2025-11-27,2025-11-26T06:28:26Z
PrizePicks,player_points_rebounds,Luke Kornet,Under,16.5,-137,2025-11-27,2025-11-26T06:28:26Z
PrizePicks,player_points_rebounds,Dylan Harper,Over,15.5,-137,2025-11-27,2025-11-26T06:28:26Z
PrizePicks,player_points_rebounds,Dylan Harper,Under,15.5,-137,2025-11-27,2025-11-26T06:28:26Z
PrizePicks,player_points_rebounds,Robert Williams,Over,11.5,-137,2025-11-27,2025-11-26T06:28:26Z
PrizePicks,player_points_rebounds,Robert Williams,Under,11.5,-137,2025-11-27,2025-11-26T06:28:26Z
PrizePicks,player_points_rebounds,Kris Murray,Over,10.5,-137,2025-11-27,2025-11-26T06:28:26Z
PrizePicks,player_points_rebounds,Kris Murray,Under,10.5,-137,2025-11-27,2025-11-26T06:28:26Z
Betr DFS,player_points_rebounds,Tobias Harris,Over,16.5,-137,2025-11-26,2025-11-26T06:27:40Z
Betr DFS,player_points_rebounds,Tobias Harris,Under,16.5,-137,2025-11-26,2025-11-26T06:27:40Z
Betr DFS,player_points_rebounds,Cade Cunningham,Over,31.5,-137,2025-11-26,2025-11-26T06:27:40Z
Betr DFS,player_points_rebounds,Cade Cunningham,Under,31.5,-137,2025-11-26,2025-11-26T06:27:40Z
Betr DFS,player_points_rebounds,Jalen Duren,Over,31.5,-137,2025-11-26,2025-11-26T06:27:40Z
Betr DFS,player_points_rebounds,Jalen Duren,Under,31.5,-137,2025-11-26,2025-11-26T06:27:40Z
Betr DFS,player_points_rebounds,Ausar Thompson,Over,16.5,-137,2025-11-26,2025-11-26T06:27:40Z
Betr DFS,player_points_rebounds,Ausar Thompson,Under,16.5,-137,2025-11-26,2025-11-26T06:27:40Z
Betr DFS,player_points_rebounds,Jaylen Brown,Over,32.5,-137,2025-11-26,2025-11-26T06:27:40Z
Betr DFS,player_points_rebounds,Jaylen Brown,Under,32.5,-137,2025-11-26,2025-11-26T06:27:40Z
Betr DFS,player_points_rebounds,Derrick White,Over,20.5,-137,2025-11-26,2025-11-26T06:27:40Z
Betr DFS,player_points_rebounds,Derrick White,Under,20.5,-137,2025-11-26,2025-11-26T06:27:40Z
Betr DFS,player_points_rebounds,Payton Pritchard,Over,21.5,-137,2025-11-26,2025-11-26T06:27:40Z
Betr DFS,player_points_rebounds,Payton Pritchard,Under,21.5,-137,2025-11-26,2025-11-26T06:27:40Z
Betr DFS,player_points_rebounds,Luka Garza,Over,15.5,-137,2025-11-26,2025-11-26T06:27:40Z
Betr DFS,player_points_rebounds,Luka Garza,Under,15.5,-137,2025-11-26,2025-11-26T06:27:40Z
Betr DFS,player_points_rebounds,Anfernee Simons,Over,16.5,-137,2025-11-26,2025-11-26T06:27:40Z
Betr DFS,player_points_rebounds,Anfernee Simons,Under,16.5,-137,2025-11-26,2025-11-26T06:27:40Z
Betr DFS,player_points_rebounds,Josh Hart,Over,19.5,-137,2025-11-27,2025-11-26T06:27:23Z
Betr DFS,player_points_rebounds,Josh Hart,Under,19.5,-137,2025-11-27,2025-11-26T06:27:23Z
Betr DFS,player_points_rebounds,Jalen Brunson,Over,31.5,-137,2025-11-27,2025-11-26T06:27:23Z
Betr DFS,player_points_rebounds,Jalen Brunson,Under,31.5,-137,2025-11-27,2025-11-26T06:27:23Z
Betr DFS,player_points_rebounds,Mikal Bridges,Over,20.5,-137,2025-11-27,2025-11-26T06:27:23Z
Betr DFS,player_points_rebounds,Mikal Bridges,Under,20.5,-137,2025-11-27,2025-11-26T06:27:23Z
Betr DFS,player_points_rebounds,Karl-Anthony Towns,Over,37.5,-137,2025-11-27,2025-11-26T06:27:23Z
Betr DFS,player_points_rebounds,Karl-Anthony Towns,Under,37.5,-137,2025-11-27,2025-11-26T06:27:23Z
Betr DFS,player_points_rebounds,LaMelo Ball,Over,23.5,-137,2025-11-27,2025-11-26T06:27:23Z
Betr DFS,player_points_rebounds,LaMelo Ball,Under,23.5,-137,2025-11-27,2025-11-26T06:27:23Z
Betr DFS,player_points_rebounds,Brandon Miller,Over,21.5,-137,2025-11-27,2025-11-26T06:27:23Z
Betr DFS,player_points_rebounds,Brandon Miller,Under,21.5,-137,2025-11-27,2025-11-26T06:27:23Z
Betr DFS,player_points_rebounds,Miles Bridges,Over,26.5,-137,2025-11-27,2025-11-26T06:27:23Z
Betr DFS,player_points_rebounds,Miles Bridges,Under,26.5,-137,2025-11-27,2025-11-26T06:27:23Z
Betr DFS,player_points_rebounds,Kon Knueppel,Over,22.5,-137,2025-11-27,2025-11-26T06:27:23Z
Betr DFS,player_points_rebounds,Kon Knueppel,Under,22.5,-137,2025-11-27,2025-11-26T06:27:23Z
Betr DFS,player_points_rebounds,Pascal Siakam,Over,29.5,-137,2025-11-27,2025-11-26T06:27:40Z
Betr DFS,player_points_rebounds,Pascal Siakam,Under,29.5,-137,2025-11-27,2025-11-26T06:27:40Z
Betr DFS,player_points_rebounds,Bennedict Mathurin,Over,26.5,-137,2025-11-27,2025-11-26T06:27:40Z
Betr DFS,player_points_rebounds,Bennedict Mathurin,Under,26.5,-137,2025-11-27,2025-11-26T06:27:40Z
Betr DFS,player_points_rebounds,Andrew Nembhard,Over,18.5,-137,2025-11-27,2025-11-26T06:27:40Z
Betr DFS,player_points_rebounds,Andrew Nembhard,Under,18.5,-137,2025-11-27,2025-11-26T06:27:40Z
Betr DFS,player_points_rebounds,Immanuel Quickley,Over,20.5,-137,2025-11-27,2025-11-26T06:27:40Z
Betr DFS,player_points_rebounds,Immanuel Quickley,Under,20.5,-137,2025-11-27,2025-11-26T06:27:40Z
Betr DFS,player_points_rebounds,Scottie Barnes,Over,27.5,-137,2025-11-27,2025-11-26T06:27:40Z
Betr DFS,player_points_rebounds,Scottie Barnes,Under,27.5,-137,2025-11-27,2025-11-26T06:27:40Z
Betr DFS,player_points_rebounds,Brandon Ingram,Over,29.5,-137,2025-11-27,2025-11-26T06:27:40Z
Betr DFS,player_points_rebounds,Brandon Ingram,Under,29.5,-137,2025-11-27,2025-11-26T06:27:40Z
Betr DFS,player_points_rebounds,Kyle Kuzma,Over,17.5,-137,2025-11-27,2025-11-26T06:28:08Z
Betr DFS,player_points_rebounds,Kyle Kuzma,Under,17.5,-137,2025-11-27,2025-11-26T06:28:08Z
Betr DFS,player_points_rebounds,Myles Turner,Over,19.5,-137,2025-11-27,2025-11-26T06:28:08Z
Betr DFS,player_points_rebounds,Myles Turner,Under,19.5,-137,2025-11-27,2025-11-26T06:28:08Z
Betr DFS,player_points_rebounds,Giannis Antetokounmpo,Over,38.5,-137,2025-11-27,2025-11-26T06:28:08Z
Betr DFS,player_points_rebounds,Giannis Antetokounmpo,Under,38.5,-137,2025-11-27,2025-11-26T06:28:08Z
Betr DFS,player_points_rebounds,Bobby Portis,Over,19.5,-137,2025-11-27,2025-11-26T06:28:08Z
Betr DFS,player_points_rebounds,Bobby Portis,Under,19.5,-137,2025-11-27,2025-11-26T06:28:08Z
Betr DFS,player_points_rebounds,Ryan Rollins,Over,22.5,-137,2025-11-27,2025-11-26T06:28:08Z
Betr DFS,player_points_rebounds,Ryan Rollins,Under,22.5,-137,2025-11-27,2025-11-26T06:28:08Z
Betr DFS,player_points_rebounds,Bam Adebayo,Over,25.5,-137,2025-11-27,2025-11-26T06:28:08Z
Betr DFS,player_points_rebounds,Bam Adebayo,Under,25.5,-137,2025-11-27,2025-11-26T06:28:08Z
Betr DFS,player_points_rebounds,Tyler Herro,Over,22.5,-137,2025-11-27,2025-11-26T06:28:08Z
Betr DFS,player_points_rebounds,Tyler Herro,Under,22.5,-137,2025-11-27,2025-11-26T06:28:08Z
Betr DFS,player_points_rebounds,Andrew Wiggins,Over,17.5,-137,2025-11-27,2025-11-26T06:28:08Z
Betr DFS,player_points_rebounds,Andrew Wiggins,Under,17.5,-137,2025-11-27,2025-11-26T06:28:08Z
Betr DFS,player_points_rebounds,Norman Powell,Over,22.5,-137,2025-11-27,2025-11-26T06:28:08Z
Betr DFS,player_points_rebounds,Norman Powell,Under,22.5,-137,2025-11-27,2025-11-26T06:28:08Z
Betr DFS,player_points_rebounds,Kel'el Ware,Over,24.5,-137,2025-11-27,2025-11-26T06:28:08Z
Betr DFS,player_points_rebounds,Kel'el Ware,Under,24.5,-137,2025-11-27,2025-11-26T06:28:08Z
Betr DFS,player_points_rebounds,Julius Randle,Over,28.5,-137,2025-11-27,2025-11-26T06:28:33Z
Betr DFS,player_points_rebounds,Julius Randle,Under,28.5,-137,2025-11-27,2025-11-26T06:28:33Z
Betr DFS,player_points_rebounds,Rudy Gobert,Over,20.5,-137,2025-11-27,2025-11-26T06:28:33Z
Betr DFS,player_points_rebounds,Rudy Gobert,Under,20.5,-137,2025-11-27,2025-11-26T06:28:33Z
Betr DFS,player_points_rebounds,Naz Reid,Over,17.5,-137,2025-11-27,2025-11-26T06:28:33Z
Betr DFS,player_points_rebounds,Naz Reid,Under,17.5,-137,2025-11-27,2025-11-26T06:28:33Z
Betr DFS,player_points_rebounds,Anthony Edwards,Over,29.5,-137,2025-11-27,2025-11-26T06:28:33Z
Betr DFS,player_points_rebounds,Anthony Edwards,Under,29.5,-137,2025-11-27,2025-11-26T06:28:33Z
Betr DFS,player_points_rebounds,Jaden McDaniels,Over,18.5,-137,2025-11-27,2025-11-26T06:28:33Z
Betr DFS,player_points_rebounds,Jaden McDaniels,Under,18.5,-137,2025-11-27,2025-11-26T06:28:33Z
Betr DFS,player_points_rebounds,Donte DiVincenzo,Over,16.5,-137,2025-11-27,2025-11-26T06:28:33Z
Betr DFS,player_points_rebounds,Donte DiVincenzo,Under,16.5,-137,2025-11-27,2025-11-26T06:28:33Z
Betr DFS,player_points_rebounds,Isaiah Hartenstein,Over,22.5,-137,2025-11-27,2025-11-26T06:28:33Z
Betr DFS,player_points_rebounds,Isaiah Hartenstein,Under,22.5,-137,2025-11-27,2025-11-26T06:28:33Z
Betr DFS,player_points_rebounds,Shai Gilgeous-Alexander,Over,35.5,-137,2025-11-27,2025-11-26T06:28:33Z
Betr DFS,player_points_rebounds,Shai Gilgeous-Alexander,Under,35.5,-137,2025-11-27,2025-11-26T06:28:33Z
Betr DFS,player_points_rebounds,Chet Holmgren,Over,26.5,-137,2025-11-27,2025-11-26T06:28:33Z
Betr DFS,player_points_rebounds,Chet Holmgren,Under,26.5,-137,2025-11-27,2025-11-26T06:28:33Z
Betr DFS,player_points_rebounds,Ajay Mitchell,Over,20.5,-137,2025-11-27,2025-11-26T06:28:33Z
Betr DFS,player_points_rebounds,Ajay Mitchell,Under,20.5,-137,2025-11-27,2025-11-26T06:28:33Z
Betr DFS,player_points_rebounds,Jaren Jackson Jr,Over,27.5,-137,2025-11-27,2025-11-26T06:27:40Z
Betr DFS,player_points_rebounds,Jaren Jackson Jr,Under,27.5,-137,2025-11-27,2025-11-26T06:27:40Z
Betr DFS,player_points_rebounds,Vincent Williams Jr,Over,15.5,-137,2025-11-27,2025-11-26T06:27:40Z
Betr DFS,player_points_rebounds,Vincent Williams Jr,Under,15.5,-137,2025-11-27,2025-11-26T06:27:40Z
Betr DFS,player_points_rebounds,Zach Edey,Over,19.5,-137,2025-11-27,2025-11-26T06:27:40Z
Betr DFS,player_points_rebounds,Zach Edey,Under,19.5,-137,2025-11-27,2025-11-26T06:27:40Z
Betr DFS,player_points_rebounds,Jaylen Wells,Over,17.5,-137,2025-11-27,2025-11-26T06:27:40Z
Betr DFS,player_points_rebounds,Jaylen Wells,Under,17.5,-137,2025-11-27,2025-11-26T06:27:40Z
Betr DFS,player_points_rebounds,Cedric Coward,Over,18.5,-137,2025-11-27,2025-11-26T06:27:40Z
Betr DFS,player_points_rebounds,Cedric Coward,Under,18.5,-137,2025-11-27,2025-11-26T06:27:40Z
Betr DFS,player_points_rebounds,Saddiq Bey,Over,20.5,-137,2025-11-27,2025-11-26T06:27:40Z
Betr DFS,player_points_rebounds,Saddiq Bey,Under,20.5,-137,2025-11-27,2025-11-26T06:27:40Z
Betr DFS,player_points_rebounds,Zion Williamson,Over,27.5,-137,2025-11-27,2025-11-26T06:27:40Z
Betr DFS,player_points_rebounds,Zion Williamson,Under,27.5,-137,2025-11-27,2025-11-26T06:27:40Z
Betr DFS,player_points_rebounds,Trey Murphy III,Over,24.5,-137,2025-11-27,2025-11-26T06:27:40Z
Betr DFS,player_points_rebounds,Trey Murphy III,Under,24.5,-137,2025-11-27,2025-11-26T06:27:40Z
Betr DFS,player_points_rebounds,Yves Missi,Over,14.5,-137,2025-11-27,2025-11-26T06:27:40Z
Betr DFS,player_points_rebounds,Yves Missi,Under,14.5,-137,2025-11-27,2025-11-26T06:27:40Z
Betr DFS,player_points_rebounds,Jeremiah Fears,Over,18.5,-137,2025-11-27,2025-11-26T06:27:40Z
Betr DFS,player_points_rebounds,Jeremiah Fears,Under,18.5,-137,2025-11-27,2025-11-26T06:27:40Z
Betr DFS,player_points_rebounds,Alperen Sengun,Over,33.5,-137,2025-11-27,2025-11-26T06:28:33Z
Betr DFS,player_points_rebounds,Alperen Sengun,Under,33.5,-137,2025-11-27,2025-11-26T06:28:33Z
Betr DFS,player_points_rebounds,Jabari Smith Jr,Over,23.5,-137,2025-11-27,2025-11-26T06:28:33Z
Betr DFS,player_points_rebounds,Jabari Smith Jr,Under,23.5,-137,2025-11-27,2025-11-26T06:28:33Z
Betr DFS,player_points_rebounds,Amen Thompson,Over,26.5,-137,2025-11-27,2025-11-26T06:28:33Z
Betr DFS,player_points_rebounds,Amen Thompson,Under,26.5,-137,2025-11-27,2025-11-26T06:28:33Z
Betr DFS,player_points_rebounds,Reed Sheppard,Over,17.5,-137,2025-11-27,2025-11-26T06:28:33Z
Betr DFS,player_points_rebounds,Reed Sheppard,Under,17.5,-137,2025-11-27,2025-11-26T06:28:33Z
Betr DFS,player_points_rebounds,Jimmy Butler,Over,25.5,-137,2025-11-27,2025-11-26T06:28:33Z
Betr DFS,player_points_rebounds,Jimmy Butler,Under,25.5,-137,2025-11-27,2025-11-26T06:28:33Z
Betr DFS,player_points_rebounds,Draymond Green,Over,14.5,-137,2025-11-27,2025-11-26T06:28:33Z
Betr DFS,player_points_rebounds,Draymond Green,Under,14.5,-137,2025-11-27,2025-11-26T06:28:33Z
Betr DFS,player_points_rebounds,Stephen Curry,Over,30.5,-137,2025-11-27,2025-11-26T06:28:33Z
Betr DFS,player_points_rebounds,Stephen Curry,Under,30.5,-137,2025-11-27,2025-11-26T06:28:33Z
Betr DFS,player_points_rebounds,Moses Moody,Over,15.5,-137,2025-11-27,2025-11-26T06:28:33Z
Betr DFS,player_points_rebounds,Moses Moody,Under,15.5,-137,2025-11-27,2025-11-26T06:28:33Z
Betr DFS,player_points_rebounds,Brandin Podziemski,Over,15.5,-137,2025-11-27,2025-11-26T06:28:33Z
Betr DFS,player_points_rebounds,Brandin Podziemski,Under,15.5,-137,2025-11-27,2025-11-26T06:28:33Z
Betr DFS,player_points_rebounds,Mark Williams,Over,22.5,-137,2025-11-27,2025-11-26T06:28:27Z
Betr DFS,player_points_rebounds,Mark Williams,Under,22.5,-137,2025-11-27,2025-11-26T06:28:27Z
Betr DFS,player_points_rebounds,Royce O'Neale,Over,17.5,-137,2025-11-27,2025-11-26T06:28:27Z
Betr DFS,player_points_rebounds,Royce O'Neale,Under,17.5,-137,2025-11-27,2025-11-26T06:28:27Z
Betr DFS,player_points_rebounds,Dillon Brooks,Over,23.5,-137,2025-11-27,2025-11-26T06:28:27Z
Betr DFS,player_points_rebounds,Dillon Brooks,Under,23.5,-137,2025-11-27,2025-11-26T06:28:27Z
Betr DFS,player_points_rebounds,Devin Booker,Over,32.5,-137,2025-11-27,2025-11-26T06:28:27Z
Betr DFS,player_points_rebounds,Devin Booker,Under,32.5,-137,2025-11-27,2025-11-26T06:28:27Z
Betr DFS,player_points_rebounds,DeMar DeRozan,Over,22.5,-137,2025-11-27,2025-11-26T06:28:27Z
Betr DFS,player_points_rebounds,DeMar DeRozan,Under,22.5,-137,2025-11-27,2025-11-26T06:28:27Z
Betr DFS,player_points_rebounds,Zach LaVine,Over,23.5,-137,2025-11-27,2025-11-26T06:28:27Z
Betr DFS,player_points_rebounds,Zach LaVine,Under,23.5,-137,2025-11-27,2025-11-26T06:28:27Z
Betr DFS,player_points_rebounds,Russell Westbrook,Over,20.5,-137,2025-11-27,2025-11-26T06:28:27Z
Betr DFS,player_points_rebounds,Russell Westbrook,Under,20.5,-137,2025-11-27,2025-11-26T06:28:27Z
Betr DFS,player_points_rebounds,Keegan Murray,Over,20.5,-137,2025-11-27,2025-11-26T06:28:27Z
Betr DFS,player_points_rebounds,Keegan Murray,Under,20.5,-137,2025-11-27,2025-11-26T06:28:27Z
Betr DFS,player_points_rebounds,Luke Kornet,Over,16.5,-137,2025-11-27,2025-11-26T06:28:32Z
Betr DFS,player_points_rebounds,Luke Kornet,Under,16.5,-137,2025-11-27,2025-11-26T06:28:32Z
Betr DFS,player_points_rebounds,Keldon Johnson,Over,21.5,-137,2025-11-27,2025-11-26T06:28:32Z
Betr DFS,player_points_rebounds,Keldon Johnson,Under,21.5,-137,2025-11-27,2025-11-26T06:28:32Z
Betr DFS,player_points_rebounds,Devin Vassell,Over,20.5,-137,2025-11-27,2025-11-26T06:28:32Z
Betr DFS,player_points_rebounds,Devin Vassell,Under,20.5,-137,2025-11-27,2025-11-26T06:28:32Z
Betr DFS,player_points_rebounds,Julian Champagnie,Over,16.5,-137,2025-11-27,2025-11-26T06:28:32Z
Betr DFS,player_points_rebounds,Julian Champagnie,Under,16.5,-137,2025-11-27,2025-11-26T06:28:32Z
Betr DFS,player_points_rebounds,Harrison Barnes,Over,16.5,-137,2025-11-27,2025-11-26T06:28:32Z
Betr DFS,player_points_rebounds,Harrison Barnes,Under,16.5,-137,2025-11-27,2025-11-26T06:28:32Z
Betr DFS,player_points_rebounds,De'Aaron Fox,Over,27.5,-137,2025-11-27,2025-11-26T06:28:32Z
Betr DFS,player_points_rebounds,De'Aaron Fox,Under,27.5,-137,2025-11-27,2025-11-26T06:28:32Z
Betr DFS,player_points_rebounds,Jerami Grant,Over,23.5,-137,2025-11-27,2025-11-26T06:28:32Z
Betr DFS,player_points_rebounds,Jerami Grant,Under,23.5,-137,2025-11-27,2025-11-26T06:28:32Z
Betr DFS,player_points_rebounds,Shaedon Sharpe,Over,27.5,-137,2025-11-27,2025-11-26T06:28:32Z
Betr DFS,player_points_rebounds,Shaedon Sharpe,Under,27.5,-137,2025-11-27,2025-11-26T06:28:32Z
Betr DFS,player_points_rebounds,Toumani Camara,Over,18.5,-137,2025-11-27,2025-11-26T06:28:32Z
Betr DFS,player_points_rebounds,Toumani Camara,Under,18.5,-137,2025-11-27,2025-11-26T06:28:32Z
PrizePicks,player_points_assists,Cade Cunningham,Over,35.5,-137,2025-11-26,2025-11-26T06:28:01Z
PrizePicks,player_points_assists,Cade Cunningham,Under,35.5,-137,2025-11-26,2025-11-26T06:28:01Z
PrizePicks,player_points_assists,Jaylen Brown,Over,31.5,-137,2025-11-26,2025-11-26T06:28:01Z
PrizePicks,player_points_assists,Jaylen Brown,Under,31.5,-137,2025-11-26,2025-11-26T06:28:01Z
PrizePicks,player_points_assists,Derrick White,Over,21.5,-137,2025-11-26,2025-11-26T06:28:01Z
PrizePicks,player_points_assists,Derrick White,Under,21.5,-137,2025-11-26,2025-11-26T06:28:01Z
PrizePicks,player_points_assists,Jalen Duren,Over,21.5,-137,2025-11-26,2025-11-26T06:28:01Z
PrizePicks,player_points_assists,Jalen Duren,Under,21.5,-137,2025-11-26,2025-11-26T06:28:01Z
PrizePicks,player_points_assists,Payton Pritchard,Over,21.5,-137,2025-11-26,2025-11-26T06:28:01Z
PrizePicks,player_points_assists,Payton Pritchard,Under,21.5,-137,2025-11-26,2025-11-26T06:28:01Z
PrizePicks,player_points_assists,Anfernee Simons,Over,16.5,-137,2025-11-26,2025-11-26T06:28:01Z
PrizePicks,player_points_assists,Anfernee Simons,Under,16.5,-137,2025-11-26,2025-11-26T06:28:01Z
PrizePicks,player_points_assists,Ausar Thompson,Over,13.5,-137,2025-11-26,2025-11-26T06:28:01Z
PrizePicks,player_points_assists,Ausar Thompson,Under,13.5,-137,2025-11-26,2025-11-26T06:28:01Z
PrizePicks,player_points_assists,Tobias Harris,Over,13.5,-137,2025-11-26,2025-11-26T06:28:01Z
PrizePicks,player_points_assists,Tobias Harris,Under,13.5,-137,2025-11-26,2025-11-26T06:28:01Z
PrizePicks,player_points_assists,Duncan Robinson,Over,11.5,-137,2025-11-26,2025-11-26T06:28:01Z
PrizePicks,player_points_assists,Duncan Robinson,Under,11.5,-137,2025-11-26,2025-11-26T06:28:01Z
PrizePicks,player_points_assists,Caris LeVert,Over,10.5,-137,2025-11-26,2025-11-26T06:28:01Z
PrizePicks,player_points_assists,Caris LeVert,Under,10.5,-137,2025-11-26,2025-11-26T06:28:01Z
PrizePicks,player_points_assists,Luka Garza,Over,9.5,-137,2025-11-26,2025-11-26T06:28:01Z
PrizePicks,player_points_assists,Luka Garza,Under,9.5,-137,2025-11-26,2025-11-26T06:28:01Z
PrizePicks,player_points_assists,Isaiah Stewart II,Over,8.5,-137,2025-11-26,2025-11-26T06:28:01Z
PrizePicks,player_points_assists,Isaiah Stewart II,Under,8.5,-137,2025-11-26,2025-11-26T06:28:01Z
PrizePicks,player_points_assists,Jalen Brunson,Over,34.5,-137,2025-11-27,2025-11-26T06:27:46Z
PrizePicks,player_points_assists,Jalen Brunson,Under,34.5,-137,2025-11-27,2025-11-26T06:27:46Z
PrizePicks,player_points_assists,Karl-Anthony Towns,Over,27.5,-137,2025-11-27,2025-11-26T06:27:46Z
PrizePicks,player_points_assists,Karl-Anthony Towns,Under,27.5,-137,2025-11-27,2025-11-26T06:27:46Z
PrizePicks,player_points_assists,LaMelo Ball,Over,25.5,-137,2025-11-27,2025-11-26T06:27:46Z
PrizePicks,player_points_assists,LaMelo Ball,Under,25.5,-137,2025-11-27,2025-11-26T06:27:46Z
PrizePicks,player_points_assists,Miles Bridges,Over,23.5,-137,2025-11-27,2025-11-26T06:27:46Z
PrizePicks,player_points_assists,Miles Bridges,Under,23.5,-137,2025-11-27,2025-11-26T06:27:46Z
PrizePicks,player_points_assists,Brandon Miller,Over,20.5,-137,2025-11-27,2025-11-26T06:27:46Z
PrizePicks,player_points_assists,Brandon Miller,Under,20.5,-137,2025-11-27,2025-11-26T06:27:46Z
PrizePicks,player_points_assists,Kon Knueppel,Over,20.5,-137,2025-11-27,2025-11-26T06:27:46Z
PrizePicks,player_points_assists,Kon Knueppel,Under,20.5,-137,2025-11-27,2025-11-26T06:27:46Z
PrizePicks,player_points_assists,Mikal Bridges,Over,19.5,-137,2025-11-27,2025-11-26T06:27:46Z
PrizePicks,player_points_assists,Mikal Bridges,Under,19.5,-137,2025-11-27,2025-11-26T06:27:46Z
PrizePicks,player_points_assists,Josh Hart,Over,15.5,-137,2025-11-27,2025-11-26T06:27:46Z
PrizePicks,player_points_assists,Josh Hart,Under,15.5,-137,2025-11-27,2025-11-26T06:27:46Z
PrizePicks,player_points_assists,Jordan Clarkson,Over,14.5,-137,2025-11-27,2025-11-26T06:27:46Z
PrizePicks,player_points_assists,Jordan Clarkson,Under,14.5,-137,2025-11-27,2025-11-26T06:27:46Z
PrizePicks,player_points_assists,Ryan Kalkbrenner,Over,8.5,-137,2025-11-27,2025-11-26T06:27:46Z
PrizePicks,player_points_assists,Ryan Kalkbrenner,Under,8.5,-137,2025-11-27,2025-11-26T06:27:46Z
PrizePicks,player_points_assists,Brandon Ingram,Over,27.5,-137,2025-11-27,2025-11-26T06:28:15Z
PrizePicks,player_points_assists,Brandon Ingram,Under,27.5,-137,2025-11-27,2025-11-26T06:28:15Z
PrizePicks,player_points_assists,Pascal Siakam,Over,27.5,-137,2025-11-27,2025-11-26T06:28:15Z
PrizePicks,player_points_assists,Pascal Siakam,Under,27.5,-137,2025-11-27,2025-11-26T06:28:15Z
PrizePicks,player_points_assists,Scottie Barnes,Over,25.5,-137,2025-11-27,2025-11-26T06:28:15Z
PrizePicks,player_points_assists,Scottie Barnes,Under,25.5,-137,2025-11-27,2025-11-26T06:28:15Z
PrizePicks,player_points_assists,Andrew Nembhard,Over,22.5,-137,2025-11-27,2025-11-26T06:28:15Z
PrizePicks,player_points_assists,Andrew Nembhard,Under,22.5,-137,2025-11-27,2025-11-26T06:28:15Z
PrizePicks,player_points_assists,Bennedict Mathurin,Over,22.5,-137,2025-11-27,2025-11-26T06:28:15Z
PrizePicks,player_points_assists,Bennedict Mathurin,Under,22.5,-137,2025-11-27,2025-11-26T06:28:15Z
PrizePicks,player_points_assists,Immanuel Quickley,Over,22.5,-137,2025-11-27,2025-11-26T06:28:15Z
PrizePicks,player_points_assists,Immanuel Quickley,Under,22.5,-137,2025-11-27,2025-11-26T06:28:15Z
PrizePicks,player_points_assists,Jakob Poeltl,Over,13.5,-137,2025-11-27,2025-11-26T06:28:15Z
PrizePicks,player_points_assists,Jakob Poeltl,Under,13.5,-137,2025-11-27,2025-11-26T06:28:15Z
PrizePicks,player_points_assists,Jamal Shead,Over,13.5,-137,2025-11-27,2025-11-26T06:28:15Z
PrizePicks,player_points_assists,Jamal Shead,Under,13.5,-137,2025-11-27,2025-11-26T06:28:15Z
PrizePicks,player_points_assists,T.J. McConnell,Over,13.5,-137,2025-11-27,2025-11-26T06:28:15Z
PrizePicks,player_points_assists,T.J. McConnell,Under,13.5,-137,2025-11-27,2025-11-26T06:28:15Z
PrizePicks,player_points_assists,Jarace Walker,Over,10.5,-137,2025-11-27,2025-11-26T06:28:15Z
PrizePicks,player_points_assists,Jarace Walker,Under,10.5,-137,2025-11-27,2025-11-26T06:28:15Z
PrizePicks,player_points_assists,Ben Sheppard,Over,8.5,-137,2025-11-27,2025-11-26T06:28:15Z
PrizePicks,player_points_assists,Ben Sheppard,Under,8.5,-137,2025-11-27,2025-11-26T06:28:15Z
PrizePicks,player_points_assists,Giannis Antetokounmpo,Over,34.5,-137,2025-11-27,2025-11-26T06:28:16Z
PrizePicks,player_points_assists,Giannis Antetokounmpo,Under,34.5,-137,2025-11-27,2025-11-26T06:28:16Z
PrizePicks,player_points_assists,Ryan Rollins,Over,25.5,-137,2025-11-27,2025-11-26T06:28:16Z
PrizePicks,player_points_assists,Ryan Rollins,Under,25.5,-137,2025-11-27,2025-11-26T06:28:16Z
PrizePicks,player_points_assists,Norman Powell,Over,22.5,-137,2025-11-27,2025-11-26T06:28:16Z
PrizePicks,player_points_assists,Norman Powell,Under,22.5,-137,2025-11-27,2025-11-26T06:28:16Z
PrizePicks,player_points_assists,Tyler Herro,Over,22.5,-137,2025-11-27,2025-11-26T06:28:16Z
PrizePicks,player_points_assists,Tyler Herro,Under,22.5,-137,2025-11-27,2025-11-26T06:28:16Z
PrizePicks,player_points_assists,Bam Adebayo,Over,20.5,-137,2025-11-27,2025-11-26T06:28:16Z
PrizePicks,player_points_assists,Bam Adebayo,Under,20.5,-137,2025-11-27,2025-11-26T06:28:16Z
PrizePicks,player_points_assists,Andrew Wiggins,Over,15.5,-137,2025-11-27,2025-11-26T06:28:16Z
PrizePicks,player_points_assists,Andrew Wiggins,Under,15.5,-137,2025-11-27,2025-11-26T06:28:16Z
PrizePicks,player_points_assists,Kyle Kuzma,Over,15.5,-137,2025-11-27,2025-11-26T06:28:16Z
PrizePicks,player_points_assists,Kyle Kuzma,Under,15.5,-137,2025-11-27,2025-11-26T06:28:16Z
PrizePicks,player_points_assists,Davion Mitchell,Over,14.5,-137,2025-11-27,2025-11-26T06:28:16Z
PrizePicks,player_points_assists,Davion Mitchell,Under,14.5,-137,2025-11-27,2025-11-26T06:28:16Z
PrizePicks,player_points_assists,Myles Turner,Over,14.5,-137,2025-11-27,2025-11-26T06:28:16Z
PrizePicks,player_points_assists,Myles Turner,Under,14.5,-137,2025-11-27,2025-11-26T06:28:16Z
PrizePicks,player_points_assists,Kel'el Ware,Over,13.5,-137,2025-11-27,2025-11-26T06:28:16Z
PrizePicks,player_points_assists,Kel'el Ware,Under,13.5,-137,2025-11-27,2025-11-26T06:28:16Z
PrizePicks,player_points_assists,A.J. Green,Over,10.5,-137,2025-11-27,2025-11-26T06:28:16Z
PrizePicks,player_points_assists,A.J. Green,Under,10.5,-137,2025-11-27,2025-11-26T06:28:16Z
PrizePicks,player_points_assists,Shai Gilgeous-Alexander,Over,37.5,-137,2025-11-27,2025-11-26T06:27:51Z
PrizePicks,player_points_assists,Shai Gilgeous-Alexander,Under,37.5,-137,2025-11-27,2025-11-26T06:27:51Z
PrizePicks,player_points_assists,Anthony Edwards,Over,29.5,-137,2025-11-27,2025-11-26T06:27:51Z
PrizePicks,player_points_assists,Anthony Edwards,Under,29.5,-137,2025-11-27,2025-11-26T06:27:51Z
PrizePicks,player_points_assists,Julius Randle,Over,26.5,-137,2025-11-27,2025-11-26T06:27:51Z
PrizePicks,player_points_assists,Julius Randle,Under,26.5,-137,2025-11-27,2025-11-26T06:27:51Z
PrizePicks,player_points_assists,Chet Holmgren,Over,20.5,-137,2025-11-27,2025-11-26T06:27:51Z
PrizePicks,player_points_assists,Chet Holmgren,Under,20.5,-137,2025-11-27,2025-11-26T06:27:51Z
PrizePicks,player_points_assists,Ajay Mitchell,Over,20.5,-137,2025-11-27,2025-11-26T06:27:51Z
PrizePicks,player_points_assists,Ajay Mitchell,Under,20.5,-137,2025-11-27,2025-11-26T06:27:51Z
PrizePicks,player_points_assists,Donte DiVincenzo,Over,15.5,-137,2025-11-27,2025-11-26T06:27:51Z
PrizePicks,player_points_assists,Donte DiVincenzo,Under,15.5,-137,2025-11-27,2025-11-26T06:27:51Z
PrizePicks,player_points_assists,Isaiah Hartenstein,Over,15.5,-137,2025-11-27,2025-11-26T06:27:51Z
PrizePicks,player_points_assists,Isaiah Hartenstein,Under,15.5,-137,2025-11-27,2025-11-26T06:27:51Z
PrizePicks,player_points_assists,Jaden McDaniels,Over,14.5,-137,2025-11-27,2025-11-26T06:27:51Z
PrizePicks,player_points_assists,Jaden McDaniels,Under,14.5,-137,2025-11-27,2025-11-26T06:27:51Z
PrizePicks,player_points_assists,Naz Reid,Over,13.5,-137,2025-11-27,2025-11-26T06:27:51Z
PrizePicks,player_points_assists,Naz Reid,Under,13.5,-137,2025-11-27,2025-11-26T06:27:51Z
PrizePicks,player_points_assists,Cason Wallace,Over,11.5,-137,2025-11-27,2025-11-26T06:27:51Z
PrizePicks,player_points_assists,Cason Wallace,Under,11.5,-137,2025-11-27,2025-11-26T06:27:51Z
PrizePicks,player_points_assists,Zion Williamson,Over,26.5,-137,2025-11-27,2025-11-26T06:27:54Z
PrizePicks,player_points_assists,Zion Williamson,Under,26.5,-137,2025-11-27,2025-11-26T06:27:54Z
PrizePicks,player_points_assists,Jaren Jackson Jr,Over,24.5,-137,2025-11-27,2025-11-26T06:27:54Z
PrizePicks,player_points_assists,Jaren Jackson Jr,Under,24.5,-137,2025-11-27,2025-11-26T06:27:54Z
PrizePicks,player_points_assists,Trey Murphy III,Over,22.5,-137,2025-11-27,2025-11-26T06:27:54Z
PrizePicks,player_points_assists,Trey Murphy III,Under,22.5,-137,2025-11-27,2025-11-26T06:27:54Z
PrizePicks,player_points_assists,Jeremiah Fears,Over,17.5,-137,2025-11-27,2025-11-26T06:27:54Z
PrizePicks,player_points_assists,Jeremiah Fears,Under,17.5,-137,2025-11-27,2025-11-26T06:27:54Z
PrizePicks,player_points_assists,Cedric Coward,Over,16.5,-137,2025-11-27,2025-11-26T06:27:54Z
PrizePicks,player_points_assists,Cedric Coward,Under,16.5,-137,2025-11-27,2025-11-26T06:27:54Z
PrizePicks,player_points_assists,Saddiq Bey,Over,16.5,-137,2025-11-27,2025-11-26T06:27:54Z
PrizePicks,player_points_assists,Saddiq Bey,Under,16.5,-137,2025-11-27,2025-11-26T06:27:54Z
PrizePicks,player_points_assists,Vincent Williams Jr,Over,16.5,-137,2025-11-27,2025-11-26T06:27:54Z
PrizePicks,player_points_assists,Vincent Williams Jr,Under,16.5,-137,2025-11-27,2025-11-26T06:27:54Z
PrizePicks,player_points_assists,Jaylen Wells,Over,15.5,-137,2025-11-27,2025-11-26T06:27:54Z
PrizePicks,player_points_assists,Jaylen Wells,Under,15.5,-137,2025-11-27,2025-11-26T06:27:54Z
PrizePicks,player_points_assists,Zach Edey,Over,12.5,-137,2025-11-27,2025-11-26T06:27:54Z
PrizePicks,player_points_assists,Zach Edey,Under,12.5,-137,2025-11-27,2025-11-26T06:27:54Z
PrizePicks,player_points_assists,Kentavious Caldwell-Pope,Over,10.5,-137,2025-11-27,2025-11-26T06:27:54Z
PrizePicks,player_points_assists,Kentavious Caldwell-Pope,Under,10.5,-137,2025-11-27,2025-11-26T06:27:54Z
PrizePicks,player_points_assists,Yves Missi,Over,8.5,-137,2025-11-27,2025-11-26T06:27:54Z
PrizePicks,player_points_assists,Yves Missi,Under,8.5,-137,2025-11-27,2025-11-26T06:27:54Z
PrizePicks,player_points_assists,Stephen Curry,Over,30.5,-137,2025-11-27,2025-11-26T06:27:51Z
PrizePicks,player_points_assists,Stephen Curry,Under,30.5,-137,2025-11-27,2025-11-26T06:27:51Z
PrizePicks,player_points_assists,Alperen Sengun,Over,29.5,-137,2025-11-27,2025-11-26T06:27:51Z
PrizePicks,player_points_assists,Alperen Sengun,Under,29.5,-137,2025-11-27,2025-11-26T06:27:51Z
PrizePicks,player_points_assists,Jimmy Butler,Over,25.5,-137,2025-11-27,2025-11-26T06:27:51Z
PrizePicks,player_points_assists,Jimmy Butler,Under,25.5,-137,2025-11-27,2025-11-26T06:27:51Z
PrizePicks,player_points_assists,Amen Thompson,Over,24.5,-137,2025-11-27,2025-11-26T06:27:51Z
PrizePicks,player_points_assists,Amen Thompson,Under,24.5,-137,2025-11-27,2025-11-26T06:27:51Z
PrizePicks,player_points_assists,Reed Sheppard,Over,18.5,-137,2025-11-27,2025-11-26T06:27:51Z
PrizePicks,player_points_assists,Reed Sheppard,Under,18.5,-137,2025-11-27,2025-11-26T06:27:51Z
PrizePicks,player_points_assists,Jabari Smith Jr,Over,17.5,-137,2025-11-27,2025-11-26T06:27:51Z
PrizePicks,player_points_assists,Jabari Smith Jr,Under,17.5,-137,2025-11-27,2025-11-26T06:27:51Z
PrizePicks,player_points_assists,Draymond Green,Over,14.5,-137,2025-11-27,2025-11-26T06:27:51Z
PrizePicks,player_points_assists,Draymond Green,Under,14.5,-137,2025-11-27,2025-11-26T06:27:51Z
PrizePicks,player_points_assists,Brandin Podziemski,Over,14.5,-137,2025-11-27,2025-11-26T06:27:51Z
PrizePicks,player_points_assists,Brandin Podziemski,Under,14.5,-137,2025-11-27,2025-11-26T06:27:51Z
PrizePicks,player_points_assists,Moses Moody,Over,13.5,-137,2025-11-27,2025-11-26T06:27:51Z
PrizePicks,player_points_assists,Moses Moody,Under,13.5,-137,2025-11-27,2025-11-26T06:27:51Z
PrizePicks,player_points_assists,Josh Okogie,Over,11.5,-137,2025-11-27,2025-11-26T06:27:51Z
PrizePicks,player_points_assists,Josh Okogie,Under,11.5,-137,2025-11-27,2025-11-26T06:27:51Z
PrizePicks,player_points_assists,Devin Booker,Over,36.5,-137,2025-11-27,2025-11-26T06:28:00Z
PrizePicks,player_points_assists,Devin Booker,Under,36.5,-137,2025-11-27,2025-11-26T06:28:00Z
PrizePicks,player_points_assists,DeMar DeRozan,Over,22.5,-137,2025-11-27,2025-11-26T06:28:00Z
PrizePicks,player_points_assists,DeMar DeRozan,Under,22.5,-137,2025-11-27,2025-11-26T06:28:00Z
PrizePicks,player_points_assists,Zach LaVine,Over,22.5,-137,2025-11-27,2025-11-26T06:28:00Z
PrizePicks,player_points_assists,Zach LaVine,Under,22.5,-137,2025-11-27,2025-11-26T06:28:00Z
PrizePicks,player_points_assists,Dillon Brooks,Over,22.5,-137,2025-11-27,2025-11-26T06:28:00Z
PrizePicks,player_points_assists,Dillon Brooks,Under,22.5,-137,2025-11-27,2025-11-26T06:28:00Z
PrizePicks,player_points_assists,Russell Westbrook,Over,20.5,-137,2025-11-27,2025-11-26T06:28:00Z
PrizePicks,player_points_assists,Russell Westbrook,Under,20.5,-137,2025-11-27,2025-11-26T06:28:00Z
PrizePicks,player_points_assists,Collin Gillespie,Over,19.5,-137,2025-11-27,2025-11-26T06:28:00Z
PrizePicks,player_points_assists,Collin Gillespie,Under,19.5,-137,2025-11-27,2025-11-26T06:28:00Z
PrizePicks,player_points_assists,Keegan Murray,Over,16.5,-137,2025-11-27,2025-11-26T06:28:00Z
PrizePicks,player_points_assists,Keegan Murray,Under,16.5,-137,2025-11-27,2025-11-26T06:28:00Z
PrizePicks,player_points_assists,Mark Williams,Over,14.5,-137,2025-11-27,2025-11-26T06:28:00Z
PrizePicks,player_points_assists,Mark Williams,Under,14.5,-137,2025-11-27,2025-11-26T06:28:00Z
PrizePicks,player_points_assists,Dennis Schroder,Over,14.5,-137,2025-11-27,2025-11-26T06:28:00Z
PrizePicks,player_points_assists,Dennis Schroder,Under,14.5,-137,2025-11-27,2025-11-26T06:28:00Z
PrizePicks,player_points_assists,Drew Eubanks,Over,8.5,-137,2025-11-27,2025-11-26T06:28:00Z
PrizePicks,player_points_assists,Drew Eubanks,Under,8.5,-137,2025-11-27,2025-11-26T06:28:00Z
PrizePicks,player_points_assists,De'Aaron Fox,Over,31.5,-137,2025-11-27,2025-11-26T06:28:26Z
PrizePicks,player_points_assists,De'Aaron Fox,Under,31.5,-137,2025-11-27,2025-11-26T06:28:26Z
PrizePicks,player_points_assists,Shaedon Sharpe,Over,25.5,-137,2025-11-27,2025-11-26T06:28:26Z
PrizePicks,player_points_assists,Shaedon Sharpe,Under,25.5,-137,2025-11-27,2025-11-26T06:28:26Z
PrizePicks,player_points_assists,Jerami Grant,Over,22.5,-137,2025-11-27,2025-11-26T06:28:26Z
PrizePicks,player_points_assists,Jerami Grant,Under,22.5,-137,2025-11-27,2025-11-26T06:28:26Z
PrizePicks,player_points_assists,Devin Vassell,Over,19.5,-137,2025-11-27,2025-11-26T06:28:26Z
PrizePicks,player_points_assists,Devin Vassell,Under,19.5,-137,2025-11-27,2025-11-26T06:28:26Z
PrizePicks,player_points_assists,Toumani Camara,Over,16.5,-137,2025-11-27,2025-11-26T06:28:26Z
PrizePicks,player_points_assists,Toumani Camara,Under,16.5,-137,2025-11-27,2025-11-26T06:28:26Z
PrizePicks,player_points_assists,Keldon Johnson,Over,16.5,-137,2025-11-27,2025-11-26T06:28:26Z
PrizePicks,player_points_assists,Keldon Johnson,Under,16.5,-137,2025-11-27,2025-11-26T06:28:26Z
PrizePicks,player_points_assists,Harrison Barnes,Over,15.5,-137,2025-11-27,2025-11-26T06:28:26Z
PrizePicks,player_points_assists,Harrison Barnes,Under,15.5,-137,2025-11-27,2025-11-26T06:28:26Z
PrizePicks,player_points_assists,Dylan Harper,Over,15.5,-137,2025-11-27,2025-11-26T06:28:26Z
PrizePicks,player_points_assists,Dylan Harper,Under,15.5,-137,2025-11-27,2025-11-26T06:28:26Z
PrizePicks,player_points_assists,Julian Champagnie,Over,13.5,-137,2025-11-27,2025-11-26T06:28:26Z
PrizePicks,player_points_assists,Julian Champagnie,Under,13.5,-137,2025-11-27,2025-11-26T06:28:26Z
PrizePicks,player_points_assists,Luke Kornet,Over,11.5,-137,2025-11-27,2025-11-26T06:28:26Z
PrizePicks,player_points_assists,Luke Kornet,Under,11.5,-137,2025-11-27,2025-11-26T06:28:26Z
PrizePicks,player_points_assists,Jeremy Sochan,Over,10.5,-137,2025-11-27,2025-11-26T06:28:26Z
PrizePicks,player_points_assists,Jeremy Sochan,Under,10.5,-137,2025-11-27,2025-11-26T06:28:26Z
PrizePicks,player_points_assists,Robert Williams,Over,6.5,-137,2025-11-27,2025-11-26T06:28:26Z
PrizePicks,player_points_assists,Robert Williams,Under,6.5,-137,2025-11-27,2025-11-26T06:28:26Z
Betr DFS,player_points_assists,Duncan Robinson,Over,11.5,-137,2025-11-26,2025-11-26T06:27:40Z
Betr DFS,player_points_assists,Duncan Robinson,Under,11.5,-137,2025-11-26,2025-11-26T06:27:40Z
Betr DFS,player_points_assists,Tobias Harris,Over,13.5,-137,2025-11-26,2025-11-26T06:27:40Z
Betr DFS,player_points_assists,Tobias Harris,Under,13.5,-137,2025-11-26,2025-11-26T06:27:40Z
Betr DFS,player_points_assists,Caris LeVert,Over,10.5,-137,2025-11-26,2025-11-26T06:27:40Z
Betr DFS,player_points_assists,Caris LeVert,Under,10.5,-137,2025-11-26,2025-11-26T06:27:40Z
Betr DFS,player_points_assists,Cade Cunningham,Over,34.5,-137,2025-11-26,2025-11-26T06:27:40Z
Betr DFS,player_points_assists,Cade Cunningham,Under,34.5,-137,2025-11-26,2025-11-26T06:27:40Z
Betr DFS,player_points_assists,Jalen Duren,Over,21.5,-137,2025-11-26,2025-11-26T06:27:40Z
Betr DFS,player_points_assists,Jalen Duren,Under,21.5,-137,2025-11-26,2025-11-26T06:27:40Z
Betr DFS,player_points_assists,Ausar Thompson,Over,13.5,-137,2025-11-26,2025-11-26T06:27:40Z
Betr DFS,player_points_assists,Ausar Thompson,Under,13.5,-137,2025-11-26,2025-11-26T06:27:40Z
Betr DFS,player_points_assists,Jaylen Brown,Over,31.5,-137,2025-11-26,2025-11-26T06:27:40Z
Betr DFS,player_points_assists,Jaylen Brown,Under,31.5,-137,2025-11-26,2025-11-26T06:27:40Z
Betr DFS,player_points_assists,Derrick White,Over,21.5,-137,2025-11-26,2025-11-26T06:27:40Z
Betr DFS,player_points_assists,Derrick White,Under,21.5,-137,2025-11-26,2025-11-26T06:27:40Z
Betr DFS,player_points_assists,Payton Pritchard,Over,21.5,-137,2025-11-26,2025-11-26T06:27:40Z
Betr DFS,player_points_assists,Payton Pritchard,Under,21.5,-137,2025-11-26,2025-11-26T06:27:40Z
Betr DFS,player_points_assists,Anfernee Simons,Over,16.5,-137,2025-11-26,2025-11-26T06:27:40Z
Betr DFS,player_points_assists,Anfernee Simons,Under,16.5,-137,2025-11-26,2025-11-26T06:27:40Z
Betr DFS,player_points_assists,Josh Hart,Over,15.5,-137,2025-11-27,2025-11-26T06:27:23Z
Betr DFS,player_points_assists,Josh Hart,Under,15.5,-137,2025-11-27,2025-11-26T06:27:23Z
Betr DFS,player_points_assists,Jalen Brunson,Over,34.5,-137,2025-11-27,2025-11-26T06:27:23Z
Betr DFS,player_points_assists,Jalen Brunson,Under,34.5,-137,2025-11-27,2025-11-26T06:27:23Z
Betr DFS,player_points_assists,Miles McBride,Over,13.5,-137,2025-11-27,2025-11-26T06:27:23Z
Betr DFS,player_points_assists,Mikal Bridges,Over,20.5,-137,2025-11-27,2025-11-26T06:27:23Z
Betr DFS,player_points_assists,Mikal Bridges,Under,20.5,-137,2025-11-27,2025-11-26T06:27:23Z
Betr DFS,player_points_assists,Karl-Anthony Towns,Over,27.5,-137,2025-11-27,2025-11-26T06:27:23Z
Betr DFS,player_points_assists,Karl-Anthony Towns,Under,27.5,-137,2025-11-27,2025-11-26T06:27:23Z
Betr DFS,player_points_assists,Jordan Clarkson,Over,14.5,-137,2025-11-27,2025-11-26T06:27:23Z
Betr DFS,player_points_assists,Jordan Clarkson,Under,14.5,-137,2025-11-27,2025-11-26T06:27:23Z
Betr DFS,player_points_assists,LaMelo Ball,Over,25.5,-137,2025-11-27,2025-11-26T06:27:23Z
Betr DFS,player_points_assists,LaMelo Ball,Under,25.5,-137,2025-11-27,2025-11-26T06:27:23Z
Betr DFS,player_points_assists,Brandon Miller,Over,20.5,-137,2025-11-27,2025-11-26T06:27:23Z
Betr DFS,player_points_assists,Miles Bridges,Over,23.5,-137,2025-11-27,2025-11-26T06:27:23Z
Betr DFS,player_points_assists,Miles Bridges,Under,23.5,-137,2025-11-27,2025-11-26T06:27:23Z
Betr DFS,player_points_assists,Kon Knueppel,Over,20.5,-137,2025-11-27,2025-11-26T06:27:23Z
Betr DFS,player_points_assists,Kon Knueppel,Under,20.5,-137,2025-11-27,2025-11-26T06:27:23Z
Betr DFS,player_points_assists,Pascal Siakam,Over,27.5,-137,2025-11-27,2025-11-26T06:27:40Z
Betr DFS,player_points_assists,Pascal Siakam,Under,27.5,-137,2025-11-27,2025-11-26T06:27:40Z
Betr DFS,player_points_assists,T.J. McConnell,Over,13.5,-137,2025-11-27,2025-11-26T06:27:40Z
Betr DFS,player_points_assists,T.J. McConnell,Under,13.5,-137,2025-11-27,2025-11-26T06:27:40Z
Betr DFS,player_points_assists,Bennedict Mathurin,Over,22.5,-137,2025-11-27,2025-11-26T06:27:40Z
Betr DFS,player_points_assists,Bennedict Mathurin,Under,22.5,-137,2025-11-27,2025-11-26T06:27:40Z
Betr DFS,player_points_assists,Andrew Nembhard,Over,22.5,-137,2025-11-27,2025-11-26T06:27:40Z
Betr DFS,player_points_assists,Andrew Nembhard,Under,22.5,-137,2025-11-27,2025-11-26T06:27:40Z
Betr DFS,player_points_assists,Jarace Walker,Over,10.5,-137,2025-11-27,2025-11-26T06:27:40Z
Betr DFS,player_points_assists,Jarace Walker,Under,10.5,-137,2025-11-27,2025-11-26T06:27:40Z
Betr DFS,player_points_assists,Immanuel Quickley,Over,22.5,-137,2025-11-27,2025-11-26T06:27:40Z
Betr DFS,player_points_assists,Immanuel Quickley,Under,22.5,-137,2025-11-27,2025-11-26T06:27:40Z
Betr DFS,player_points_assists,Scottie Barnes,Over,25.5,-137,2025-11-27,2025-11-26T06:27:40Z
Betr DFS,player_points_assists,Scottie Barnes,Under,25.5,-137,2025-11-27,2025-11-26T06:27:40Z
Betr DFS,player_points_assists,Brandon Ingram,Over,27.5,-137,2025-11-27,2025-11-26T06:27:40Z
Betr DFS,player_points_assists,Brandon Ingram,Under,27.5,-137,2025-11-27,2025-11-26T06:27:40Z
Betr DFS,player_points_assists,Sandro Mamukelashvili,Over,12.5,-137,2025-11-27,2025-11-26T06:27:40Z
Betr DFS,player_points_assists,Sandro Mamukelashvili,Under,12.5,-137,2025-11-27,2025-11-26T06:27:40Z
Betr DFS,player_points_assists,Kyle Kuzma,Over,15.5,-137,2025-11-27,2025-11-26T06:28:08Z
Betr DFS,player_points_assists,Kyle Kuzma,Under,15.5,-137,2025-11-27,2025-11-26T06:28:08Z
Betr DFS,player_points_assists,Myles Turner,Over,14.5,-137,2025-11-27,2025-11-26T06:28:08Z
Betr DFS,player_points_assists,Myles Turner,Under,14.5,-137,2025-11-27,2025-11-26T06:28:08Z
Betr DFS,player_points_assists,Giannis Antetokounmpo,Over,34.5,-137,2025-11-27,2025-11-26T06:28:08Z
Betr DFS,player_points_assists,Giannis Antetokounmpo,Under,34.5,-137,2025-11-27,2025-11-26T06:28:08Z
Betr DFS,player_points_assists,A.J. Green,Over,10.5,-137,2025-11-27,2025-11-26T06:28:08Z
Betr DFS,player_points_assists,A.J. Green,Under,10.5,-137,2025-11-27,2025-11-26T06:28:08Z
Betr DFS,player_points_assists,Ryan Rollins,Over,25.5,-137,2025-11-27,2025-11-26T06:28:08Z
Betr DFS,player_points_assists,Ryan Rollins,Under,25.5,-137,2025-11-27,2025-11-26T06:28:08Z
Betr DFS,player_points_assists,Bam Adebayo,Over,20.5,-137,2025-11-27,2025-11-26T06:28:08Z
Betr DFS,player_points_assists,Bam Adebayo,Under,20.5,-137,2025-11-27,2025-11-26T06:28:08Z
Betr DFS,player_points_assists,Tyler Herro,Over,23.5,-137,2025-11-27,2025-11-26T06:28:08Z
Betr DFS,player_points_assists,Tyler Herro,Under,23.5,-137,2025-11-27,2025-11-26T06:28:08Z
Betr DFS,player_points_assists,Andrew Wiggins,Over,15.5,-137,2025-11-27,2025-11-26T06:28:08Z
Betr DFS,player_points_assists,Andrew Wiggins,Under,15.5,-137,2025-11-27,2025-11-26T06:28:08Z
Betr DFS,player_points_assists,Norman Powell,Over,21.5,-137,2025-11-27,2025-11-26T06:28:08Z
Betr DFS,player_points_assists,Norman Powell,Under,21.5,-137,2025-11-27,2025-11-26T06:28:08Z
Betr DFS,player_points_assists,Davion Mitchell,Over,14.5,-137,2025-11-27,2025-11-26T06:28:08Z
Betr DFS,player_points_assists,Davion Mitchell,Under,14.5,-137,2025-11-27,2025-11-26T06:28:08Z
Betr DFS,player_points_assists,Kel'el Ware,Over,13.5,-137,2025-11-27,2025-11-26T06:28:08Z
Betr DFS,player_points_assists,Kel'el Ware,Under,13.5,-137,2025-11-27,2025-11-26T06:28:08Z
Betr DFS,player_points_assists,Julius Randle,Over,26.5,-137,2025-11-27,2025-11-26T06:28:33Z
Betr DFS,player_points_assists,Julius Randle,Under,26.5,-137,2025-11-27,2025-11-26T06:28:33Z
Betr DFS,player_points_assists,Naz Reid,Over,13.5,-137,2025-11-27,2025-11-26T06:28:33Z
Betr DFS,player_points_assists,Naz Reid,Under,13.5,-137,2025-11-27,2025-11-26T06:28:33Z
Betr DFS,player_points_assists,Anthony Edwards,Over,29.5,-137,2025-11-27,2025-11-26T06:28:33Z
Betr DFS,player_points_assists,Anthony Edwards,Under,29.5,-137,2025-11-27,2025-11-26T06:28:33Z
Betr DFS,player_points_assists,Jaden McDaniels,Over,14.5,-137,2025-11-27,2025-11-26T06:28:33Z
Betr DFS,player_points_assists,Jaden McDaniels,Under,14.5,-137,2025-11-27,2025-11-26T06:28:33Z
Betr DFS,player_points_assists,Donte DiVincenzo,Over,15.5,-137,2025-11-27,2025-11-26T06:28:33Z
Betr DFS,player_points_assists,Donte DiVincenzo,Under,15.5,-137,2025-11-27,2025-11-26T06:28:33Z
Betr DFS,player_points_assists,Isaiah Hartenstein,Over,15.5,-137,2025-11-27,2025-11-26T06:28:33Z
Betr DFS,player_points_assists,Isaiah Hartenstein,Under,15.5,-137,2025-11-27,2025-11-26T06:28:33Z
Betr DFS,player_points_assists,Shai Gilgeous-Alexander,Over,38.5,-137,2025-11-27,2025-11-26T06:28:33Z
Betr DFS,player_points_assists,Shai Gilgeous-Alexander,Under,38.5,-137,2025-11-27,2025-11-26T06:28:33Z
Betr DFS,player_points_assists,Chet Holmgren,Over,20.5,-137,2025-11-27,2025-11-26T06:28:33Z
Betr DFS,player_points_assists,Chet Holmgren,Under,20.5,-137,2025-11-27,2025-11-26T06:28:33Z
Betr DFS,player_points_assists,Cason Wallace,Over,11.5,-137,2025-11-27,2025-11-26T06:28:33Z
Betr DFS,player_points_assists,Cason Wallace,Under,11.5,-137,2025-11-27,2025-11-26T06:28:33Z
Betr DFS,player_points_assists,Ajay Mitchell,Over,20.5,-137,2025-11-27,2025-11-26T06:28:33Z
Betr DFS,player_points_assists,Ajay Mitchell,Under,20.5,-137,2025-11-27,2025-11-26T06:28:33Z
Betr DFS,player_points_assists,Kentavious Caldwell-Pope,Over,10.5,-137,2025-11-27,2025-11-26T06:27:40Z
Betr DFS,player_points_assists,Kentavious Caldwell-Pope,Under,10.5,-137,2025-11-27,2025-11-26T06:27:40Z
Betr DFS,player_points_assists,Jaren Jackson Jr,Over,24.5,-137,2025-11-27,2025-11-26T06:27:40Z
Betr DFS,player_points_assists,Jaren Jackson Jr,Under,24.5,-137,2025-11-27,2025-11-26T06:27:40Z
Betr DFS,player_points_assists,Vincent Williams Jr,Over,16.5,-137,2025-11-27,2025-11-26T06:27:40Z
Betr DFS,player_points_assists,Vincent Williams Jr,Under,16.5,-137,2025-11-27,2025-11-26T06:27:40Z
Betr DFS,player_points_assists,Jaylen Wells,Over,15.5,-137,2025-11-27,2025-11-26T06:27:40Z
Betr DFS,player_points_assists,Jaylen Wells,Under,15.5,-137,2025-11-27,2025-11-26T06:27:40Z
Betr DFS,player_points_assists,Cedric Coward,Over,16.5,-137,2025-11-27,2025-11-26T06:27:40Z
Betr DFS,player_points_assists,Cedric Coward,Under,16.5,-137,2025-11-27,2025-11-26T06:27:40Z
Betr DFS,player_points_assists,Saddiq Bey,Over,16.5,-137,2025-11-27,2025-11-26T06:27:40Z
Betr DFS,player_points_assists,Saddiq Bey,Under,16.5,-137,2025-11-27,2025-11-26T06:27:40Z
Betr DFS,player_points_assists,Zion Williamson,Over,26.5,-137,2025-11-27,2025-11-26T06:27:40Z
Betr DFS,player_points_assists,Zion Williamson,Under,26.5,-137,2025-11-27,2025-11-26T06:27:40Z
Betr DFS,player_points_assists,Trey Murphy III,Over,22.5,-137,2025-11-27,2025-11-26T06:27:40Z
Betr DFS,player_points_assists,Trey Murphy III,Under,22.5,-137,2025-11-27,2025-11-26T06:27:40Z
Betr DFS,player_points_assists,Jeremiah Fears,Over,17.5,-137,2025-11-27,2025-11-26T06:27:40Z
Betr DFS,player_points_assists,Jeremiah Fears,Under,17.5,-137,2025-11-27,2025-11-26T06:27:40Z
Betr DFS,player_points_assists,Alperen Sengun,Over,29.5,-137,2025-11-27,2025-11-26T06:28:33Z
Betr DFS,player_points_assists,Alperen Sengun,Under,29.5,-137,2025-11-27,2025-11-26T06:28:33Z
Betr DFS,player_points_assists,Jabari Smith Jr,Over,17.5,-137,2025-11-27,2025-11-26T06:28:33Z
Betr DFS,player_points_assists,Jabari Smith Jr,Under,17.5,-137,2025-11-27,2025-11-26T06:28:33Z
Betr DFS,player_points_assists,Amen Thompson,Over,24.5,-137,2025-11-27,2025-11-26T06:28:33Z
Betr DFS,player_points_assists,Amen Thompson,Under,24.5,-137,2025-11-27,2025-11-26T06:28:33Z
Betr DFS,player_points_assists,Reed Sheppard,Over,18.5,-137,2025-11-27,2025-11-26T06:28:33Z
Betr DFS,player_points_assists,Reed Sheppard,Under,18.5,-137,2025-11-27,2025-11-26T06:28:33Z
Betr DFS,player_points_assists,Jimmy Butler,Over,25.5,-137,2025-11-27,2025-11-26T06:28:33Z
Betr DFS,player_points_assists,Jimmy Butler,Under,25.5,-137,2025-11-27,2025-11-26T06:28:33Z
Betr DFS,player_points_assists,Draymond Green,Over,14.5,-137,2025-11-27,2025-11-26T06:28:33Z
Betr DFS,player_points_assists,Draymond Green,Under,14.5,-137,2025-11-27,2025-11-26T06:28:33Z
Betr DFS,player_points_assists,Stephen Curry,Over,30.5,-137,2025-11-27,2025-11-26T06:28:33Z
Betr DFS,player_points_assists,Stephen Curry,Under,30.5,-137,2025-11-27,2025-11-26T06:28:33Z
Betr DFS,player_points_assists,Moses Moody,Over,13.5,-137,2025-11-27,2025-11-26T06:28:33Z
Betr DFS,player_points_assists,Moses Moody,Under,13.5,-137,2025-11-27,2025-11-26T06:28:33Z
Betr DFS,player_points_assists,Brandin Podziemski,Over,14.5,-137,2025-11-27,2025-11-26T06:28:33Z
Betr DFS,player_points_assists,Brandin Podziemski,Under,14.5,-137,2025-11-27,2025-11-26T06:28:33Z
Betr DFS,player_points_assists,Mark Williams,Over,14.5,-137,2025-11-27,2025-11-26T06:28:27Z
Betr DFS,player_points_assists,Mark Williams,Under,14.5,-137,2025-11-27,2025-11-26T06:28:27Z
Betr DFS,player_points_assists,Royce O'Neale,Over,14.5,-137,2025-11-27,2025-11-26T06:28:27Z
Betr DFS,player_points_assists,Royce O'Neale,Under,14.5,-137,2025-11-27,2025-11-26T06:28:27Z
Betr DFS,player_points_assists,Dillon Brooks,Over,22.5,-137,2025-11-27,2025-11-26T06:28:27Z
Betr DFS,player_points_assists,Dillon Brooks,Under,22.5,-137,2025-11-27,2025-11-26T06:28:27Z
Betr DFS,player_points_assists,Devin Booker,Over,36.5,-137,2025-11-27,2025-11-26T06:28:27Z
Betr DFS,player_points_assists,Devin Booker,Under,36.5,-137,2025-11-27,2025-11-26T06:28:27Z
Betr DFS,player_points_assists,DeMar DeRozan,Over,22.5,-137,2025-11-27,2025-11-26T06:28:27Z
Betr DFS,player_points_assists,DeMar DeRozan,Under,22.5,-137,2025-11-27,2025-11-26T06:28:27Z
Betr DFS,player_points_assists,Zach LaVine,Over,22.5,-137,2025-11-27,2025-11-26T06:28:27Z
Betr DFS,player_points_assists,Zach LaVine,Under,22.5,-137,2025-11-27,2025-11-26T06:28:27Z
Betr DFS,player_points_assists,Dennis Schroder,Over,14.5,-137,2025-11-27,2025-11-26T06:28:27Z
Betr DFS,player_points_assists,Dennis Schroder,Under,14.5,-137,2025-11-27,2025-11-26T06:28:27Z
Betr DFS,player_points_assists,Russell Westbrook,Over,20.5,-137,2025-11-27,2025-11-26T06:28:27Z
Betr DFS,player_points_assists,Russell Westbrook,Under,20.5,-137,2025-11-27,2025-11-26T06:28:27Z
Betr DFS,player_points_assists,Luke Kornet,Over,11.5,-137,2025-11-27,2025-11-26T06:28:32Z
Betr DFS,player_points_assists,Luke Kornet,Under,11.5,-137,2025-11-27,2025-11-26T06:28:32Z
Betr DFS,player_points_assists,Keldon Johnson,Over,16.5,-137,2025-11-27,2025-11-26T06:28:32Z
Betr DFS,player_points_assists,Keldon Johnson,Under,16.5,-137,2025-11-27,2025-11-26T06:28:32Z
Betr DFS,player_points_assists,Devin Vassell,Over,19.5,-137,2025-11-27,2025-11-26T06:28:32Z
Betr DFS,player_points_assists,Devin Vassell,Under,19.5,-137,2025-11-27,2025-11-26T06:28:32Z
Betr DFS,player_points_assists,Jeremy Sochan,Over,10.5,-137,2025-11-27,2025-11-26T06:28:32Z
Betr DFS,player_points_assists,Jeremy Sochan,Under,10.5,-137,2025-11-27,2025-11-26T06:28:32Z
Betr DFS,player_points_assists,Julian Champagnie,Over,13.5,-137,2025-11-27,2025-11-26T06:28:32Z
Betr DFS,player_points_assists,Julian Champagnie,Under,13.5,-137,2025-11-27,2025-11-26T06:28:32Z
Betr DFS,player_points_assists,Harrison Barnes,Over,15.5,-137,2025-11-27,2025-11-26T06:28:32Z
Betr DFS,player_points_assists,Harrison Barnes,Under,15.5,-137,2025-11-27,2025-11-26T06:28:32Z
Betr DFS,player_points_assists,De'Aaron Fox,Over,31.5,-137,2025-11-27,2025-11-26T06:28:32Z
Betr DFS,player_points_assists,De'Aaron Fox,Under,31.5,-137,2025-11-27,2025-11-26T06:28:32Z
Betr DFS,player_points_assists,Dylan Harper,Over,16.5,-137,2025-11-27,2025-11-26T06:28:32Z
Betr DFS,player_points_assists,Dylan Harper,Under,16.5,-137,2025-11-27,2025-11-26T06:28:32Z
Betr DFS,player_points_assists,Deni Avdija,Over,33.5,-137,2025-11-27,2025-11-26T06:28:32Z
Betr DFS,player_points_assists,Deni Avdija,Under,33.5,-137,2025-11-27,2025-11-26T06:28:32Z
Betr DFS,player_points_assists,Jerami Grant,Over,22.5,-137,2025-11-27,2025-11-26T06:28:32Z
Betr DFS,player_points_assists,Jerami Grant,Under,22.5,-137,2025-11-27,2025-11-26T06:28:32Z
Betr DFS,player_points_assists,Shaedon Sharpe,Over,25.5,-137,2025-11-27,2025-11-26T06:28:32Z
Betr DFS,player_points_assists,Shaedon Sharpe,Under,25.5,-137,2025-11-27,2025-11-26T06:28:32Z
Underdog,player_rebounds_assists,Cade Cunningham,Over,14.5,-137,2025-11-26,2025-11-26T06:27:45Z
Underdog,player_rebounds_assists,Cade Cunningham,Under,14.5,-137,2025-11-26,2025-11-26T06:27:45Z
Underdog,player_rebounds_assists,Ausar Thompson,Over,7.5,-137,2025-11-26,2025-11-26T06:27:45Z
Underdog,player_rebounds_assists,Ausar Thompson,Under,7.5,-137,2025-11-26,2025-11-26T06:27:45Z
Underdog,player_rebounds_assists,Jalen Duren,Over,14.5,-137,2025-11-26,2025-11-26T06:27:45Z
Underdog,player_rebounds_assists,Jalen Duren,Under,14.5,-137,2025-11-26,2025-11-26T06:27:45Z
Underdog,player_rebounds_assists,Payton Pritchard,Over,8.5,-137,2025-11-26,2025-11-26T06:27:45Z
Underdog,player_rebounds_assists,Payton Pritchard,Under,8.5,-137,2025-11-26,2025-11-26T06:27:45Z
Underdog,player_rebounds_assists,Luka Garza,Over,7.5,-137,2025-11-26,2025-11-26T06:27:45Z
Underdog,player_rebounds_assists,Luka Garza,Under,7.5,-137,2025-11-26,2025-11-26T06:27:45Z
Underdog,player_rebounds_assists,Karl-Anthony Towns,Over,15.5,-137,2025-11-27,2025-11-26T06:28:19Z
Underdog,player_rebounds_assists,Karl-Anthony Towns,Under,15.5,-137,2025-11-27,2025-11-26T06:28:19Z
Underdog,player_rebounds_assists,Jalen Brunson,Over,9.5,-137,2025-11-27,2025-11-26T06:28:19Z
Underdog,player_rebounds_assists,Jalen Brunson,Under,9.5,-137,2025-11-27,2025-11-26T06:28:19Z
Underdog,player_rebounds_assists,LaMelo Ball,Over,11.5,-137,2025-11-27,2025-11-26T06:28:19Z
Underdog,player_rebounds_assists,LaMelo Ball,Under,11.5,-137,2025-11-27,2025-11-26T06:28:19Z
Underdog,player_rebounds_assists,Miles Bridges,Over,10.5,-137,2025-11-27,2025-11-26T06:28:19Z
Underdog,player_rebounds_assists,Miles Bridges,Under,10.5,-137,2025-11-27,2025-11-26T06:28:19Z
Underdog,player_rebounds_assists,Mitchell Robinson,Over,7.5,-137,2025-11-27,2025-11-26T06:28:19Z
Underdog,player_rebounds_assists,Mitchell Robinson,Under,7.5,-137,2025-11-27,2025-11-26T06:28:19Z
Underdog,player_rebounds_assists,Ryan Kalkbrenner,Over,7.5,-137,2025-11-27,2025-11-26T06:28:19Z
Underdog,player_rebounds_assists,Ryan Kalkbrenner,Under,7.5,-137,2025-11-27,2025-11-26T06:28:19Z
Underdog,player_rebounds_assists,Andrew Nembhard,Over,8.5,-137,2025-11-27,2025-11-26T06:27:20Z
Underdog,player_rebounds_assists,Andrew Nembhard,Under,8.5,-137,2025-11-27,2025-11-26T06:27:20Z
Underdog,player_rebounds_assists,Jamal Shead,Over,7.5,-137,2025-11-27,2025-11-26T06:27:20Z
Underdog,player_rebounds_assists,Jamal Shead,Under,7.5,-137,2025-11-27,2025-11-26T06:27:20Z
Underdog,player_rebounds_assists,Bennedict Mathurin,Over,7.5,-137,2025-11-27,2025-11-26T06:27:20Z
Underdog,player_rebounds_assists,Bennedict Mathurin,Under,7.5,-137,2025-11-27,2025-11-26T06:27:20Z
Underdog,player_rebounds_assists,Sandro Mamukelashvili,Over,7.5,-137,2025-11-27,2025-11-26T06:27:20Z
Underdog,player_rebounds_assists,Sandro Mamukelashvili,Under,7.5,-137,2025-11-27,2025-11-26T06:27:20Z
Underdog,player_rebounds_assists,Giannis Antetokounmpo,Over,16.5,-137,2025-11-27,2025-11-26T06:28:22Z
Underdog,player_rebounds_assists,Giannis Antetokounmpo,Under,16.5,-137,2025-11-27,2025-11-26T06:28:22Z
Underdog,player_rebounds_assists,Bam Adebayo,Over,11.5,-137,2025-11-27,2025-11-26T06:28:22Z
Underdog,player_rebounds_assists,Bam Adebayo,Under,11.5,-137,2025-11-27,2025-11-26T06:28:22Z
Underdog,player_rebounds_assists,Shai Gilgeous-Alexander,Over,11.5,-137,2025-11-27,2025-11-26T06:28:13Z
Underdog,player_rebounds_assists,Shai Gilgeous-Alexander,Under,11.5,-137,2025-11-27,2025-11-26T06:28:13Z
Underdog,player_rebounds_assists,Chet Holmgren,Over,9.5,-137,2025-11-27,2025-11-26T06:28:13Z
Underdog,player_rebounds_assists,Chet Holmgren,Under,9.5,-137,2025-11-27,2025-11-26T06:28:13Z
Underdog,player_rebounds_assists,Julius Randle,Over,11.5,-137,2025-11-27,2025-11-26T06:28:13Z
Underdog,player_rebounds_assists,Julius Randle,Under,11.5,-137,2025-11-27,2025-11-26T06:28:13Z
Underdog,player_rebounds_assists,Rudy Gobert,Over,11.5,-137,2025-11-27,2025-11-26T06:28:13Z
Underdog,player_rebounds_assists,Rudy Gobert,Under,11.5,-137,2025-11-27,2025-11-26T06:28:13Z
Underdog,player_rebounds_assists,Isaiah Hartenstein,Over,13.5,-137,2025-11-27,2025-11-26T06:28:13Z
Underdog,player_rebounds_assists,Isaiah Hartenstein,Under,13.5,-137,2025-11-27,2025-11-26T06:28:13Z
Underdog,player_rebounds_assists,Jaylin Williams,Over,7.5,-137,2025-11-27,2025-11-26T06:28:13Z
Underdog,player_rebounds_assists,Jaylin Williams,Under,7.5,-137,2025-11-27,2025-11-26T06:28:13Z
Underdog,player_rebounds_assists,Yves Missi,Over,8.5,-137,2025-11-27,2025-11-26T06:28:27Z
Underdog,player_rebounds_assists,Yves Missi,Under,8.5,-137,2025-11-27,2025-11-26T06:28:27Z
Underdog,player_rebounds_assists,Cedric Coward,Over,8.5,-137,2025-11-27,2025-11-26T06:28:27Z
Underdog,player_rebounds_assists,Cedric Coward,Under,8.5,-137,2025-11-27,2025-11-26T06:28:27Z
Underdog,player_rebounds_assists,Jimmy Butler,Over,10.5,-137,2025-11-27,2025-11-26T06:28:19Z
Underdog,player_rebounds_assists,Jimmy Butler,Under,10.5,-137,2025-11-27,2025-11-26T06:28:19Z
Underdog,player_rebounds_assists,Alperen Sengun,Over,17.5,-137,2025-11-27,2025-11-26T06:28:19Z
Underdog,player_rebounds_assists,Alperen Sengun,Under,17.5,-137,2025-11-27,2025-11-26T06:28:19Z
Underdog,player_rebounds_assists,Draymond Green,Over,11.5,-137,2025-11-27,2025-11-26T06:28:19Z
Underdog,player_rebounds_assists,Draymond Green,Under,11.5,-137,2025-11-27,2025-11-26T06:28:19Z
Underdog,player_rebounds_assists,Amen Thompson,Over,12.5,-137,2025-11-27,2025-11-26T06:28:19Z
Underdog,player_rebounds_assists,Amen Thompson,Under,12.5,-137,2025-11-27,2025-11-26T06:28:19Z
Underdog,player_rebounds_assists,Russell Westbrook,Over,13.5,-137,2025-11-27,2025-11-26T06:27:39Z
Underdog,player_rebounds_assists,Russell Westbrook,Under,13.5,-137,2025-11-27,2025-11-26T06:27:39Z
Underdog,player_rebounds_assists,Mark Williams,Over,10.5,-137,2025-11-27,2025-11-26T06:27:39Z
Underdog,player_rebounds_assists,Mark Williams,Under,10.5,-137,2025-11-27,2025-11-26T06:27:39Z
Underdog,player_rebounds_assists,Royce O'Neale,Over,8.5,-137,2025-11-27,2025-11-26T06:27:39Z
Underdog,player_rebounds_assists,Royce O'Neale,Under,8.5,-137,2025-11-27,2025-11-26T06:27:39Z
Underdog,player_rebounds_assists,De'Aaron Fox,Over,11.5,-137,2025-11-27,2025-11-26T06:27:52Z
Underdog,player_rebounds_assists,De'Aaron Fox,Under,11.5,-137,2025-11-27,2025-11-26T06:27:52Z
Underdog,player_rebounds_assists,Devin Vassell,Over,7.5,-137,2025-11-27,2025-11-26T06:27:52Z
Underdog,player_rebounds_assists,Devin Vassell,Under,7.5,-137,2025-11-27,2025-11-26T06:27:52Z
Underdog,player_rebounds_assists,Jeremy Sochan,Over,7.5,-137,2025-11-27,2025-11-26T06:27:52Z
Underdog,player_rebounds_assists,Jeremy Sochan,Under,7.5,-137,2025-11-27,2025-11-26T06:27:52Z
PrizePicks,player_rebounds_assists,Cade Cunningham,Over,14.5,-137,2025-11-26,2025-11-26T06:28:01Z
PrizePicks,player_rebounds_assists,Cade Cunningham,Under,14.5,-137,2025-11-26,2025-11-26T06:28:01Z
PrizePicks,player_rebounds_assists,Jalen Duren,Over,14.5,-137,2025-11-26,2025-11-26T06:28:01Z
PrizePicks,player_rebounds_assists,Jalen Duren,Under,14.5,-137,2025-11-26,2025-11-26T06:28:01Z
PrizePicks,player_rebounds_assists,Derrick White,Over,9.0,-137,2025-11-26,2025-11-26T06:28:01Z
PrizePicks,player_rebounds_assists,Derrick White,Under,9.0,-137,2025-11-26,2025-11-26T06:28:01Z
PrizePicks,player_rebounds_assists,Payton Pritchard,Over,8.5,-137,2025-11-26,2025-11-26T06:28:01Z
PrizePicks,player_rebounds_assists,Payton Pritchard,Under,8.5,-137,2025-11-26,2025-11-26T06:28:01Z
PrizePicks,player_rebounds_assists,Ausar Thompson,Over,7.5,-137,2025-11-26,2025-11-26T06:28:01Z
PrizePicks,player_rebounds_assists,Ausar Thompson,Under,7.5,-137,2025-11-26,2025-11-26T06:28:01Z
PrizePicks,player_rebounds_assists,Isaiah Stewart II,Over,6.5,-137,2025-11-26,2025-11-26T06:28:01Z
PrizePicks,player_rebounds_assists,Isaiah Stewart II,Under,6.5,-137,2025-11-26,2025-11-26T06:28:01Z
PrizePicks,player_rebounds_assists,Karl-Anthony Towns,Over,15.5,-137,2025-11-27,2025-11-26T06:27:46Z
PrizePicks,player_rebounds_assists,Karl-Anthony Towns,Under,15.5,-137,2025-11-27,2025-11-26T06:27:46Z
PrizePicks,player_rebounds_assists,LaMelo Ball,Over,11.5,-137,2025-11-27,2025-11-26T06:27:46Z
PrizePicks,player_rebounds_assists,LaMelo Ball,Under,11.5,-137,2025-11-27,2025-11-26T06:27:46Z
PrizePicks,player_rebounds_assists,Josh Hart,Over,11.5,-137,2025-11-27,2025-11-26T06:27:46Z
PrizePicks,player_rebounds_assists,Josh Hart,Under,11.5,-137,2025-11-27,2025-11-26T06:27:46Z
PrizePicks,player_rebounds_assists,Jalen Brunson,Over,9.5,-137,2025-11-27,2025-11-26T06:27:46Z
PrizePicks,player_rebounds_assists,Jalen Brunson,Under,9.5,-137,2025-11-27,2025-11-26T06:27:46Z
PrizePicks,player_rebounds_assists,Ryan Kalkbrenner,Over,7.5,-137,2025-11-27,2025-11-26T06:27:46Z
PrizePicks,player_rebounds_assists,Ryan Kalkbrenner,Under,7.5,-137,2025-11-27,2025-11-26T06:27:46Z
PrizePicks,player_rebounds_assists,Miles McBride,Over,4.5,-137,2025-11-27,2025-11-26T06:27:46Z
PrizePicks,player_rebounds_assists,Miles McBride,Under,4.5,-137,2025-11-27,2025-11-26T06:27:46Z
PrizePicks,player_rebounds_assists,Andrew Nembhard,Over,8.5,-137,2025-11-27,2025-11-26T06:28:15Z
PrizePicks,player_rebounds_assists,Andrew Nembhard,Under,8.5,-137,2025-11-27,2025-11-26T06:28:15Z
PrizePicks,player_rebounds_assists,Bennedict Mathurin,Over,7.5,-137,2025-11-27,2025-11-26T06:28:15Z
PrizePicks,player_rebounds_assists,Bennedict Mathurin,Under,7.5,-137,2025-11-27,2025-11-26T06:28:15Z
PrizePicks,player_rebounds_assists,Jamal Shead,Over,7.5,-137,2025-11-27,2025-11-26T06:28:15Z
PrizePicks,player_rebounds_assists,Jamal Shead,Under,7.5,-137,2025-11-27,2025-11-26T06:28:15Z
PrizePicks,player_rebounds_assists,Sandro Mamukelashvili,Over,7.5,-137,2025-11-27,2025-11-26T06:28:15Z
PrizePicks,player_rebounds_assists,Sandro Mamukelashvili,Under,7.5,-137,2025-11-27,2025-11-26T06:28:15Z
PrizePicks,player_rebounds_assists,Isaiah Jackson,Over,6.5,-137,2025-11-27,2025-11-26T06:28:15Z
PrizePicks,player_rebounds_assists,Isaiah Jackson,Under,6.5,-137,2025-11-27,2025-11-26T06:28:15Z
PrizePicks,player_rebounds_assists,T.J. McConnell,Over,6.5,-137,2025-11-27,2025-11-26T06:28:15Z
PrizePicks,player_rebounds_assists,T.J. McConnell,Under,6.5,-137,2025-11-27,2025-11-26T06:28:15Z
PrizePicks,player_rebounds_assists,Ben Sheppard,Over,5.5,-137,2025-11-27,2025-11-26T06:28:15Z
PrizePicks,player_rebounds_assists,Ben Sheppard,Under,5.5,-137,2025-11-27,2025-11-26T06:28:15Z
PrizePicks,player_rebounds_assists,Bam Adebayo,Over,11.5,-137,2025-11-27,2025-11-26T06:28:16Z
PrizePicks,player_rebounds_assists,Bam Adebayo,Under,11.5,-137,2025-11-27,2025-11-26T06:28:16Z
PrizePicks,player_rebounds_assists,Ryan Rollins,Over,11.0,-137,2025-11-27,2025-11-26T06:28:16Z
PrizePicks,player_rebounds_assists,Ryan Rollins,Under,11.0,-137,2025-11-27,2025-11-26T06:28:16Z
PrizePicks,player_rebounds_assists,Myles Turner,Over,8.5,-137,2025-11-27,2025-11-26T06:28:16Z
PrizePicks,player_rebounds_assists,Myles Turner,Under,8.5,-137,2025-11-27,2025-11-26T06:28:16Z
PrizePicks,player_rebounds_assists,Tyler Herro,Over,7.5,-137,2025-11-27,2025-11-26T06:28:16Z
PrizePicks,player_rebounds_assists,Tyler Herro,Under,7.5,-137,2025-11-27,2025-11-26T06:28:16Z
PrizePicks,player_rebounds_assists,Andrew Wiggins,Over,6.5,-137,2025-11-27,2025-11-26T06:28:16Z
PrizePicks,player_rebounds_assists,Andrew Wiggins,Under,6.5,-137,2025-11-27,2025-11-26T06:28:16Z
PrizePicks,player_rebounds_assists,A.J. Green,Over,4.5,-137,2025-11-27,2025-11-26T06:28:16Z
PrizePicks,player_rebounds_assists,A.J. Green,Under,4.5,-137,2025-11-27,2025-11-26T06:28:16Z
PrizePicks,player_rebounds_assists,Isaiah Hartenstein,Over,13.0,-137,2025-11-27,2025-11-26T06:27:51Z
PrizePicks,player_rebounds_assists,Isaiah Hartenstein,Under,13.0,-137,2025-11-27,2025-11-26T06:27:51Z
PrizePicks,player_rebounds_assists,Julius Randle,Over,11.5,-137,2025-11-27,2025-11-26T06:27:51Z
PrizePicks,player_rebounds_assists,Julius Randle,Under,11.5,-137,2025-11-27,2025-11-26T06:27:51Z
PrizePicks,player_rebounds_assists,Rudy Gobert,Over,11.5,-137,2025-11-27,2025-11-26T06:27:51Z
PrizePicks,player_rebounds_assists,Rudy Gobert,Under,11.5,-137,2025-11-27,2025-11-26T06:27:51Z
PrizePicks,player_rebounds_assists,Shai Gilgeous-Alexander,Over,11.5,-137,2025-11-27,2025-11-26T06:27:51Z
PrizePicks,player_rebounds_assists,Shai Gilgeous-Alexander,Under,11.5,-137,2025-11-27,2025-11-26T06:27:51Z
PrizePicks,player_rebounds_assists,Chet Holmgren,Over,9.5,-137,2025-11-27,2025-11-26T06:27:51Z
PrizePicks,player_rebounds_assists,Chet Holmgren,Under,9.5,-137,2025-11-27,2025-11-26T06:27:51Z
PrizePicks,player_rebounds_assists,Jaylin Williams,Over,7.5,-137,2025-11-27,2025-11-26T06:27:51Z
PrizePicks,player_rebounds_assists,Jaylin Williams,Under,7.5,-137,2025-11-27,2025-11-26T06:27:51Z
PrizePicks,player_rebounds_assists,Ajay Mitchell,Over,7.5,-137,2025-11-27,2025-11-26T06:27:51Z
PrizePicks,player_rebounds_assists,Ajay Mitchell,Under,7.5,-137,2025-11-27,2025-11-26T06:27:51Z
PrizePicks,player_rebounds_assists,Jaden McDaniels,Over,6.5,-137,2025-11-27,2025-11-26T06:27:51Z
PrizePicks,player_rebounds_assists,Jaden McDaniels,Under,6.5,-137,2025-11-27,2025-11-26T06:27:51Z
PrizePicks,player_rebounds_assists,Mike Conley,Over,4.5,-137,2025-11-27,2025-11-26T06:27:51Z
PrizePicks,player_rebounds_assists,Mike Conley,Under,4.5,-137,2025-11-27,2025-11-26T06:27:51Z
PrizePicks,player_rebounds_assists,Vincent Williams Jr,Over,11.5,-137,2025-11-27,2025-11-26T06:27:54Z
PrizePicks,player_rebounds_assists,Vincent Williams Jr,Under,11.5,-137,2025-11-27,2025-11-26T06:27:54Z
PrizePicks,player_rebounds_assists,Cedric Coward,Over,8.5,-137,2025-11-27,2025-11-26T06:27:54Z
PrizePicks,player_rebounds_assists,Cedric Coward,Under,8.5,-137,2025-11-27,2025-11-26T06:27:54Z
PrizePicks,player_rebounds_assists,Yves Missi,Over,8.5,-137,2025-11-27,2025-11-26T06:27:54Z
PrizePicks,player_rebounds_assists,Yves Missi,Under,8.5,-137,2025-11-27,2025-11-26T06:27:54Z
PrizePicks,player_rebounds_assists,Jaren Jackson Jr,Over,8.0,-137,2025-11-27,2025-11-26T06:27:54Z
PrizePicks,player_rebounds_assists,Jaren Jackson Jr,Under,8.0,-137,2025-11-27,2025-11-26T06:27:54Z
PrizePicks,player_rebounds_assists,Saddiq Bey,Over,8.0,-137,2025-11-27,2025-11-26T06:27:54Z
PrizePicks,player_rebounds_assists,Saddiq Bey,Under,8.0,-137,2025-11-27,2025-11-26T06:27:54Z
PrizePicks,player_rebounds_assists,Alperen Sengun,Over,17.5,-137,2025-11-27,2025-11-26T06:27:51Z
PrizePicks,player_rebounds_assists,Alperen Sengun,Under,17.5,-137,2025-11-27,2025-11-26T06:27:51Z
PrizePicks,player_rebounds_assists,Amen Thompson,Over,12.5,-137,2025-11-27,2025-11-26T06:27:51Z
PrizePicks,player_rebounds_assists,Amen Thompson,Under,12.5,-137,2025-11-27,2025-11-26T06:27:51Z
PrizePicks,player_rebounds_assists,Jimmy Butler,Over,10.5,-137,2025-11-27,2025-11-26T06:27:51Z
PrizePicks,player_rebounds_assists,Jimmy Butler,Under,10.5,-137,2025-11-27,2025-11-26T06:27:51Z
PrizePicks,player_rebounds_assists,Stephen Curry,Over,8.0,-137,2025-11-27,2025-11-26T06:27:51Z
PrizePicks,player_rebounds_assists,Stephen Curry,Under,8.0,-137,2025-11-27,2025-11-26T06:27:51Z
PrizePicks,player_rebounds_assists,Josh Okogie,Over,5.5,-137,2025-11-27,2025-11-26T06:27:51Z
PrizePicks,player_rebounds_assists,Josh Okogie,Under,5.5,-137,2025-11-27,2025-11-26T06:27:51Z
PrizePicks,player_rebounds_assists,Russell Westbrook,Over,13.5,-137,2025-11-27,2025-11-26T06:28:00Z
PrizePicks,player_rebounds_assists,Russell Westbrook,Under,13.5,-137,2025-11-27,2025-11-26T06:28:00Z
PrizePicks,player_rebounds_assists,Devin Booker,Over,11.5,-137,2025-11-27,2025-11-26T06:28:00Z
PrizePicks,player_rebounds_assists,Devin Booker,Under,11.5,-137,2025-11-27,2025-11-26T06:28:00Z
PrizePicks,player_rebounds_assists,Mark Williams,Over,10.5,-137,2025-11-27,2025-11-26T06:28:00Z
PrizePicks,player_rebounds_assists,Mark Williams,Under,10.5,-137,2025-11-27,2025-11-26T06:28:00Z
PrizePicks,player_rebounds_assists,Collin Gillespie,Over,9.5,-137,2025-11-27,2025-11-26T06:28:00Z
PrizePicks,player_rebounds_assists,Collin Gillespie,Under,9.5,-137,2025-11-27,2025-11-26T06:28:00Z
PrizePicks,player_rebounds_assists,DeMar DeRozan,Over,7.5,-137,2025-11-27,2025-11-26T06:28:00Z
PrizePicks,player_rebounds_assists,DeMar DeRozan,Under,7.5,-137,2025-11-27,2025-11-26T06:28:00Z
PrizePicks,player_rebounds_assists,Zach LaVine,Over,6.5,-137,2025-11-27,2025-11-26T06:28:00Z
PrizePicks,player_rebounds_assists,Zach LaVine,Under,6.5,-137,2025-11-27,2025-11-26T06:28:00Z
PrizePicks,player_rebounds_assists,Drew Eubanks,Over,5.5,-137,2025-11-27,2025-11-26T06:28:00Z
PrizePicks,player_rebounds_assists,Drew Eubanks,Under,5.5,-137,2025-11-27,2025-11-26T06:28:00Z
PrizePicks,player_rebounds_assists,Donovan Clingan,Over,12.5,-137,2025-11-27,2025-11-26T06:28:26Z
PrizePicks,player_rebounds_assists,Donovan Clingan,Under,12.5,-137,2025-11-27,2025-11-26T06:28:26Z
PrizePicks,player_rebounds_assists,Jeremy Sochan,Over,7.5,-137,2025-11-27,2025-11-26T06:28:26Z
PrizePicks,player_rebounds_assists,Jeremy Sochan,Under,7.5,-137,2025-11-27,2025-11-26T06:28:26Z
PrizePicks,player_rebounds_assists,Jerami Grant,Over,6.5,-137,2025-11-27,2025-11-26T06:28:26Z
PrizePicks,player_rebounds_assists,Jerami Grant,Under,6.5,-137,2025-11-27,2025-11-26T06:28:26Z
PrizePicks,player_rebounds_assists,Dylan Harper,Over,6.5,-137,2025-11-27,2025-11-26T06:28:26Z
PrizePicks,player_rebounds_assists,Dylan Harper,Under,6.5,-137,2025-11-27,2025-11-26T06:28:26Z
PrizePicks,player_rebounds_assists,Julian Champagnie,Over,6.5,-137,2025-11-27,2025-11-26T06:28:26Z
PrizePicks,player_rebounds_assists,Julian Champagnie,Under,6.5,-137,2025-11-27,2025-11-26T06:28:26Z
PrizePicks,player_rebounds_assists,Robert Williams,Over,6.5,-137,2025-11-27,2025-11-26T06:28:26Z
PrizePicks,player_rebounds_assists,Robert Williams,Under,6.5,-137,2025-11-27,2025-11-26T06:28:26Z
PrizePicks,player_rebounds_assists,Kris Murray,Over,5.5,-137,2025-11-27,2025-11-26T06:28:26Z
PrizePicks,player_rebounds_assists,Kris Murray,Under,5.5,-137,2025-11-27,2025-11-26T06:28:26Z
Betr DFS,player_rebounds_assists,Cade Cunningham,Over,14.5,-137,2025-11-26,2025-11-26T06:27:40Z
Betr DFS,player_rebounds_assists,Cade Cunningham,Under,14.5,-137,2025-11-26,2025-11-26T06:27:40Z
Betr DFS,player_rebounds_assists,Jalen Duren,Over,14.5,-137,2025-11-26,2025-11-26T06:27:40Z
Betr DFS,player_rebounds_assists,Jalen Duren,Under,14.5,-137,2025-11-26,2025-11-26T06:27:40Z
Betr DFS,player_rebounds_assists,Ausar Thompson,Over,7.5,-137,2025-11-26,2025-11-26T06:27:40Z
Betr DFS,player_rebounds_assists,Ausar Thompson,Under,7.5,-137,2025-11-26,2025-11-26T06:27:40Z
Betr DFS,player_rebounds_assists,Derrick White,Over,9.0,-137,2025-11-26,2025-11-26T06:27:40Z
Betr DFS,player_rebounds_assists,Derrick White,Under,9.0,-137,2025-11-26,2025-11-26T06:27:40Z
Betr DFS,player_rebounds_assists,Payton Pritchard,Over,8.5,-137,2025-11-26,2025-11-26T06:27:40Z
Betr DFS,player_rebounds_assists,Payton Pritchard,Under,8.5,-137,2025-11-26,2025-11-26T06:27:40Z
Betr DFS,player_rebounds_assists,Luka Garza,Over,7.5,-137,2025-11-26,2025-11-26T06:27:40Z
Betr DFS,player_rebounds_assists,Josh Hart,Over,11.5,-137,2025-11-27,2025-11-26T06:27:23Z
Betr DFS,player_rebounds_assists,Josh Hart,Under,11.5,-137,2025-11-27,2025-11-26T06:27:23Z
Betr DFS,player_rebounds_assists,Mitchell Robinson,Over,7.5,-137,2025-11-27,2025-11-26T06:27:23Z
Betr DFS,player_rebounds_assists,Mitchell Robinson,Under,7.5,-137,2025-11-27,2025-11-26T06:27:23Z
Betr DFS,player_rebounds_assists,Jalen Brunson,Over,9.5,-137,2025-11-27,2025-11-26T06:27:23Z
Betr DFS,player_rebounds_assists,Jalen Brunson,Under,9.5,-137,2025-11-27,2025-11-26T06:27:23Z
Betr DFS,player_rebounds_assists,Mikal Bridges,Over,8.0,-137,2025-11-27,2025-11-26T06:27:23Z
Betr DFS,player_rebounds_assists,Mikal Bridges,Under,8.0,-137,2025-11-27,2025-11-26T06:27:23Z
Betr DFS,player_rebounds_assists,Karl-Anthony Towns,Over,15.5,-137,2025-11-27,2025-11-26T06:27:23Z
Betr DFS,player_rebounds_assists,Karl-Anthony Towns,Under,15.5,-137,2025-11-27,2025-11-26T06:27:23Z
Betr DFS,player_rebounds_assists,LaMelo Ball,Over,11.5,-137,2025-11-27,2025-11-26T06:27:23Z
Betr DFS,player_rebounds_assists,LaMelo Ball,Under,11.5,-137,2025-11-27,2025-11-26T06:27:23Z
Betr DFS,player_rebounds_assists,Miles Bridges,Over,10.5,-137,2025-11-27,2025-11-26T06:27:23Z
Betr DFS,player_rebounds_assists,Ryan Kalkbrenner,Over,7.5,-137,2025-11-27,2025-11-26T06:27:23Z
Betr DFS,player_rebounds_assists,Ryan Kalkbrenner,Under,7.5,-137,2025-11-27,2025-11-26T06:27:23Z
Betr DFS,player_rebounds_assists,Pascal Siakam,Over,10.5,-137,2025-11-27,2025-11-26T06:27:40Z
Betr DFS,player_rebounds_assists,Pascal Siakam,Under,10.5,-137,2025-11-27,2025-11-26T06:27:40Z
Betr DFS,player_rebounds_assists,Bennedict Mathurin,Over,7.5,-137,2025-11-27,2025-11-26T06:27:40Z
Betr DFS,player_rebounds_assists,Bennedict Mathurin,Under,7.5,-137,2025-11-27,2025-11-26T06:27:40Z
Betr DFS,player_rebounds_assists,Andrew Nembhard,Over,8.5,-137,2025-11-27,2025-11-26T06:27:40Z
Betr DFS,player_rebounds_assists,Andrew Nembhard,Under,8.5,-137,2025-11-27,2025-11-26T06:27:40Z
Betr DFS,player_rebounds_assists,Immanuel Quickley,Over,10.5,-137,2025-11-27,2025-11-26T06:27:40Z
Betr DFS,player_rebounds_assists,Jakob Poeltl,Over,11.5,-137,2025-11-27,2025-11-26T06:27:40Z
Betr DFS,player_rebounds_assists,Sandro Mamukelashvili,Over,7.5,-137,2025-11-27,2025-11-26T06:27:40Z
Betr DFS,player_rebounds_assists,Sandro Mamukelashvili,Under,7.5,-137,2025-11-27,2025-11-26T06:27:40Z
Betr DFS,player_rebounds_assists,Jamal Shead,Over,7.5,-137,2025-11-27,2025-11-26T06:27:40Z
Betr DFS,player_rebounds_assists,Jamal Shead,Under,7.5,-137,2025-11-27,2025-11-26T06:27:40Z
Betr DFS,player_rebounds_assists,Myles Turner,Over,8.5,-137,2025-11-27,2025-11-26T06:28:08Z
Betr DFS,player_rebounds_assists,Ryan Rollins,Over,11.5,-137,2025-11-27,2025-11-26T06:28:08Z
Betr DFS,player_rebounds_assists,Ryan Rollins,Under,11.5,-137,2025-11-27,2025-11-26T06:28:08Z
Betr DFS,player_rebounds_assists,Bam Adebayo,Over,11.5,-137,2025-11-27,2025-11-26T06:28:08Z
Betr DFS,player_rebounds_assists,Bam Adebayo,Under,11.5,-137,2025-11-27,2025-11-26T06:28:08Z
Betr DFS,player_rebounds_assists,Tyler Herro,Over,7.5,-137,2025-11-27,2025-11-26T06:28:08Z
Betr DFS,player_rebounds_assists,Tyler Herro,Under,7.5,-137,2025-11-27,2025-11-26T06:28:08Z
Betr DFS,player_rebounds_assists,Kel'el Ware,Over,12.5,-137,2025-11-27,2025-11-26T06:28:08Z
Betr DFS,player_rebounds_assists,Julius Randle,Over,11.5,-137,2025-11-27,2025-11-26T06:28:33Z
Betr DFS,player_rebounds_assists,Julius Randle,Under,11.5,-137,2025-11-27,2025-11-26T06:28:33Z
Betr DFS,player_rebounds_assists,Rudy Gobert,Over,11.5,-137,2025-11-27,2025-11-26T06:28:33Z
Betr DFS,player_rebounds_assists,Rudy Gobert,Under,11.5,-137,2025-11-27,2025-11-26T06:28:33Z
Betr DFS,player_rebounds_assists,Naz Reid,Over,7.5,-137,2025-11-27,2025-11-26T06:28:33Z
Betr DFS,player_rebounds_assists,Anthony Edwards,Over,9.5,-137,2025-11-27,2025-11-26T06:28:33Z
Betr DFS,player_rebounds_assists,Anthony Edwards,Under,9.5,-137,2025-11-27,2025-11-26T06:28:33Z
Betr DFS,player_rebounds_assists,Isaiah Hartenstein,Over,13.0,-137,2025-11-27,2025-11-26T06:28:33Z
Betr DFS,player_rebounds_assists,Isaiah Hartenstein,Under,13.0,-137,2025-11-27,2025-11-26T06:28:33Z
Betr DFS,player_rebounds_assists,Shai Gilgeous-Alexander,Over,11.5,-137,2025-11-27,2025-11-26T06:28:33Z
Betr DFS,player_rebounds_assists,Shai Gilgeous-Alexander,Under,11.5,-137,2025-11-27,2025-11-26T06:28:33Z
Betr DFS,player_rebounds_assists,Chet Holmgren,Over,9.5,-137,2025-11-27,2025-11-26T06:28:33Z
Betr DFS,player_rebounds_assists,Chet Holmgren,Under,9.5,-137,2025-11-27,2025-11-26T06:28:33Z
Betr DFS,player_rebounds_assists,Jaylin Williams,Over,7.5,-137,2025-11-27,2025-11-26T06:28:33Z
Betr DFS,player_rebounds_assists,Jaylin Williams,Under,7.5,-137,2025-11-27,2025-11-26T06:28:33Z
Betr DFS,player_rebounds_assists,Ajay Mitchell,Over,7.5,-137,2025-11-27,2025-11-26T06:28:33Z
Betr DFS,player_rebounds_assists,Ajay Mitchell,Under,7.5,-137,2025-11-27,2025-11-26T06:28:33Z
Betr DFS,player_rebounds_assists,Jaren Jackson Jr,Over,8.0,-137,2025-11-27,2025-11-26T06:27:40Z
Betr DFS,player_rebounds_assists,Jaren Jackson Jr,Under,8.0,-137,2025-11-27,2025-11-26T06:27:40Z
Betr DFS,player_rebounds_assists,Vincent Williams Jr,Over,11.5,-137,2025-11-27,2025-11-26T06:27:40Z
Betr DFS,player_rebounds_assists,Vincent Williams Jr,Under,11.5,-137,2025-11-27,2025-11-26T06:27:40Z
Betr DFS,player_rebounds_assists,Zach Edey,Over,10.0,-137,2025-11-27,2025-11-26T06:27:40Z
Betr DFS,player_rebounds_assists,Zach Edey,Under,10.0,-137,2025-11-27,2025-11-26T06:27:40Z
Betr DFS,player_rebounds_assists,Cedric Coward,Over,8.5,-137,2025-11-27,2025-11-26T06:27:40Z
Betr DFS,player_rebounds_assists,Cedric Coward,Under,8.5,-137,2025-11-27,2025-11-26T06:27:40Z
Betr DFS,player_rebounds_assists,Saddiq Bey,Over,8.0,-137,2025-11-27,2025-11-26T06:27:40Z
Betr DFS,player_rebounds_assists,Saddiq Bey,Under,8.0,-137,2025-11-27,2025-11-26T06:27:40Z
Betr DFS,player_rebounds_assists,Zion Williamson,Over,10.0,-137,2025-11-27,2025-11-26T06:27:40Z
Betr DFS,player_rebounds_assists,Zion Williamson,Under,10.0,-137,2025-11-27,2025-11-26T06:27:40Z
Betr DFS,player_rebounds_assists,Trey Murphy III,Over,9.0,-137,2025-11-27,2025-11-26T06:27:40Z
Betr DFS,player_rebounds_assists,Trey Murphy III,Under,9.0,-137,2025-11-27,2025-11-26T06:27:40Z
Betr DFS,player_rebounds_assists,Yves Missi,Over,8.5,-137,2025-11-27,2025-11-26T06:27:40Z
Betr DFS,player_rebounds_assists,Yves Missi,Under,8.5,-137,2025-11-27,2025-11-26T06:27:40Z
Betr DFS,player_rebounds_assists,Alperen Sengun,Over,17.5,-137,2025-11-27,2025-11-26T06:28:33Z
Betr DFS,player_rebounds_assists,Alperen Sengun,Under,17.5,-137,2025-11-27,2025-11-26T06:28:33Z
Betr DFS,player_rebounds_assists,Jabari Smith Jr,Over,9.5,-137,2025-11-27,2025-11-26T06:28:33Z
Betr DFS,player_rebounds_assists,Amen Thompson,Over,12.5,-137,2025-11-27,2025-11-26T06:28:33Z
Betr DFS,player_rebounds_assists,Amen Thompson,Under,12.5,-137,2025-11-27,2025-11-26T06:28:33Z
Betr DFS,player_rebounds_assists,Jimmy Butler,Over,10.5,-137,2025-11-27,2025-11-26T06:28:33Z
Betr DFS,player_rebounds_assists,Jimmy Butler,Under,10.5,-137,2025-11-27,2025-11-26T06:28:33Z
Betr DFS,player_rebounds_assists,Draymond Green,Over,11.5,-137,2025-11-27,2025-11-26T06:28:33Z
Betr DFS,player_rebounds_assists,Draymond Green,Under,11.5,-137,2025-11-27,2025-11-26T06:28:33Z
Betr DFS,player_rebounds_assists,Brandin Podziemski,Over,7.5,-137,2025-11-27,2025-11-26T06:28:33Z
Betr DFS,player_rebounds_assists,Brandin Podziemski,Under,7.5,-137,2025-11-27,2025-11-26T06:28:33Z
Betr DFS,player_rebounds_assists,Mark Williams,Over,10.5,-137,2025-11-27,2025-11-26T06:28:27Z
Betr DFS,player_rebounds_assists,Mark Williams,Under,10.5,-137,2025-11-27,2025-11-26T06:28:27Z
Betr DFS,player_rebounds_assists,Royce O'Neale,Over,8.5,-137,2025-11-27,2025-11-26T06:28:27Z
Betr DFS,player_rebounds_assists,Royce O'Neale,Under,8.5,-137,2025-11-27,2025-11-26T06:28:27Z
Betr DFS,player_rebounds_assists,Devin Booker,Over,11.5,-137,2025-11-27,2025-11-26T06:28:27Z
Betr DFS,player_rebounds_assists,Devin Booker,Under,11.5,-137,2025-11-27,2025-11-26T06:28:27Z
Betr DFS,player_rebounds_assists,DeMar DeRozan,Over,7.5,-137,2025-11-27,2025-11-26T06:28:27Z
Betr DFS,player_rebounds_assists,DeMar DeRozan,Under,7.5,-137,2025-11-27,2025-11-26T06:28:27Z
Betr DFS,player_rebounds_assists,Russell Westbrook,Over,13.5,-137,2025-11-27,2025-11-26T06:28:27Z
Betr DFS,player_rebounds_assists,Russell Westbrook,Under,13.5,-137,2025-11-27,2025-11-26T06:28:27Z
Betr DFS,player_rebounds_assists,Keegan Murray,Over,8.5,-137,2025-11-27,2025-11-26T06:28:27Z
Betr DFS,player_rebounds_assists,Luke Kornet,Over,8.5,-137,2025-11-27,2025-11-26T06:28:32Z
Betr DFS,player_rebounds_assists,Luke Kornet,Under,8.5,-137,2025-11-27,2025-11-26T06:28:32Z
Betr DFS,player_rebounds_assists,Devin Vassell,Over,7.5,-137,2025-11-27,2025-11-26T06:28:32Z
Betr DFS,player_rebounds_assists,Jeremy Sochan,Over,7.5,-137,2025-11-27,2025-11-26T06:28:32Z
Betr DFS,player_rebounds_assists,Jeremy Sochan,Under,7.5,-137,2025-11-27,2025-11-26T06:28:32Z
Betr DFS,player_rebounds_assists,Deni Avdija,Over,14.5,-137,2025-11-27,2025-11-26T06:28:32Z
Betr DFS,player_rebounds_assists,Donovan Clingan,Over,12.5,-137,2025-11-27,2025-11-26T06:28:32Z
Betr DFS,player_rebounds_assists,Donovan Clingan,Under,12.5,-137,2025-11-27,2025-11-26T06:28:32Z
PrizePicks,player_turnovers,Cade Cunningham,Over,3.5,-137,2025-11-26,2025-11-26T06:28:01Z
PrizePicks,player_turnovers,Cade Cunningham,Under,3.5,-137,2025-11-26,2025-11-26T06:28:01Z
PrizePicks,player_turnovers,Jaylen Brown,Over,3.5,-137,2025-11-26,2025-11-26T06:28:01Z
PrizePicks,player_turnovers,Jaylen Brown,Under,3.5,-137,2025-11-26,2025-11-26T06:28:01Z
PrizePicks,player_turnovers,Anfernee Simons,Over,1.5,-137,2025-11-26,2025-11-26T06:28:01Z
PrizePicks,player_turnovers,Anfernee Simons,Under,1.5,-137,2025-11-26,2025-11-26T06:28:01Z
PrizePicks,player_turnovers,Payton Pritchard,Over,1.5,-137,2025-11-26,2025-11-26T06:28:01Z
PrizePicks,player_turnovers,Payton Pritchard,Under,1.5,-137,2025-11-26,2025-11-26T06:28:01Z
PrizePicks,player_turnovers,Jalen Brunson,Over,2.5,-137,2025-11-27,2025-11-26T06:27:46Z
PrizePicks,player_turnovers,Jalen Brunson,Under,2.5,-137,2025-11-27,2025-11-26T06:27:46Z
PrizePicks,player_turnovers,Josh Hart,Over,1.5,-137,2025-11-27,2025-11-26T06:27:46Z
PrizePicks,player_turnovers,Josh Hart,Under,1.5,-137,2025-11-27,2025-11-26T06:27:46Z
PrizePicks,player_turnovers,Pascal Siakam,Over,2.5,-137,2025-11-27,2025-11-26T06:28:15Z
PrizePicks,player_turnovers,Pascal Siakam,Under,2.5,-137,2025-11-27,2025-11-26T06:28:15Z
PrizePicks,player_turnovers,Immanuel Quickley,Over,1.5,-137,2025-11-27,2025-11-26T06:28:15Z
PrizePicks,player_turnovers,Immanuel Quickley,Under,1.5,-137,2025-11-27,2025-11-26T06:28:15Z
PrizePicks,player_turnovers,T.J. McConnell,Over,1.5,-137,2025-11-27,2025-11-26T06:28:15Z
PrizePicks,player_turnovers,T.J. McConnell,Under,1.5,-137,2025-11-27,2025-11-26T06:28:15Z
PrizePicks,player_turnovers,Ben Sheppard,Over,0.5,-137,2025-11-27,2025-11-26T06:28:15Z
PrizePicks,player_turnovers,Ben Sheppard,Under,0.5,-137,2025-11-27,2025-11-26T06:28:15Z
PrizePicks,player_turnovers,Kyle Kuzma,Over,1.5,-137,2025-11-27,2025-11-26T06:28:16Z
PrizePicks,player_turnovers,Kyle Kuzma,Under,1.5,-137,2025-11-27,2025-11-26T06:28:16Z
PrizePicks,player_turnovers,Naz Reid,Over,1.5,-137,2025-11-27,2025-11-26T06:27:51Z
PrizePicks,player_turnovers,Naz Reid,Under,1.5,-137,2025-11-27,2025-11-26T06:27:51Z
PrizePicks,player_turnovers,Trey Murphy III,Over,1.5,-137,2025-11-27,2025-11-26T06:27:54Z
PrizePicks,player_turnovers,Trey Murphy III,Under,1.5,-137,2025-11-27,2025-11-26T06:27:54Z
PrizePicks,player_turnovers,Zach Edey,Over,1.5,-137,2025-11-27,2025-11-26T06:27:54Z
PrizePicks,player_turnovers,Zach Edey,Under,1.5,-137,2025-11-27,2025-11-26T06:27:54Z
PrizePicks,player_turnovers,Alperen Sengun,Over,3.5,-137,2025-11-27,2025-11-26T06:27:51Z
PrizePicks,player_turnovers,Alperen Sengun,Under,3.5,-137,2025-11-27,2025-11-26T06:27:51Z
PrizePicks,player_turnovers,Jimmy Butler,Over,1.5,-137,2025-11-27,2025-11-26T06:27:51Z
PrizePicks,player_turnovers,Jimmy Butler,Under,1.5,-137,2025-11-27,2025-11-26T06:27:51Z
PrizePicks,player_turnovers,Devin Booker,Over,3.5,-137,2025-11-27,2025-11-26T06:28:00Z
PrizePicks,player_turnovers,Devin Booker,Under,3.5,-137,2025-11-27,2025-11-26T06:28:00Z
PrizePicks,player_turnovers,Dillon Brooks,Over,1.5,-137,2025-11-27,2025-11-26T06:28:00Z
PrizePicks,player_turnovers,Dillon Brooks,Under,1.5,-137,2025-11-27,2025-11-26T06:28:00Z
PrizePicks,player_turnovers,Deni Avdija,Over,3.5,-137,2025-11-27,2025-11-26T06:28:26Z
PrizePicks,player_turnovers,Deni Avdija,Under,3.5,-137,2025-11-27,2025-11-26T06:28:26Z
PrizePicks,player_turnovers,Dylan Harper,Over,1.5,-137,2025-11-27,2025-11-26T06:28:26Z
PrizePicks,player_turnovers,Dylan Harper,Under,1.5,-137,2025-11-27,2025-11-26T06:28:26Z
Betr DFS,player_turnovers,Cade Cunningham,Over,3.5,-137,2025-11-26,2025-11-26T06:27:40Z
Betr DFS,player_turnovers,Jaylen Brown,Over,3.5,-137,2025-11-26,2025-11-26T06:27:40Z
Betr DFS,player_turnovers,Payton Pritchard,Over,1.5,-137,2025-11-26,2025-11-26T06:27:40Z
Betr DFS,player_turnovers,Anfernee Simons,Over,1.5,-137,2025-11-26,2025-11-26T06:27:40Z
Betr DFS,player_turnovers,Josh Hart,Over,1.5,-137,2025-11-27,2025-11-26T06:27:23Z
Betr DFS,player_turnovers,Jalen Brunson,Over,2.5,-137,2025-11-27,2025-11-26T06:27:23Z
Betr DFS,player_turnovers,Karl-Anthony Towns,Over,2.5,-137,2025-11-27,2025-11-26T06:27:23Z
Betr DFS,player_turnovers,LaMelo Ball,Over,3.5,-137,2025-11-27,2025-11-26T06:27:23Z
Betr DFS,player_turnovers,Pascal Siakam,Over,2.5,-137,2025-11-27,2025-11-26T06:27:40Z
Betr DFS,player_turnovers,T.J. McConnell,Over,1.5,-137,2025-11-27,2025-11-26T06:27:40Z
Betr DFS,player_turnovers,Jarace Walker,Over,1.5,-137,2025-11-27,2025-11-26T06:27:40Z
Betr DFS,player_turnovers,Immanuel Quickley,Over,1.5,-137,2025-11-27,2025-11-26T06:27:40Z
Betr DFS,player_turnovers,Kyle Kuzma,Over,1.5,-137,2025-11-27,2025-11-26T06:28:08Z
Betr DFS,player_turnovers,Myles Turner,Over,1.5,-137,2025-11-27,2025-11-26T06:28:08Z
Betr DFS,player_turnovers,Giannis Antetokounmpo,Over,3.5,-137,2025-11-27,2025-11-26T06:28:08Z
Betr DFS,player_turnovers,Bam Adebayo,Over,1.5,-137,2025-11-27,2025-11-26T06:28:08Z
Betr DFS,player_turnovers,Andrew Wiggins,Over,1.5,-137,2025-11-27,2025-11-26T06:28:08Z
Betr DFS,player_turnovers,Norman Powell,Over,1.5,-137,2025-11-27,2025-11-26T06:28:08Z
Betr DFS,player_turnovers,Rudy Gobert,Over,1.5,-137,2025-11-27,2025-11-26T06:28:33Z
Betr DFS,player_turnovers,Naz Reid,Over,1.5,-137,2025-11-27,2025-11-26T06:28:33Z
Betr DFS,player_turnovers,Anthony Edwards,Over,3.5,-137,2025-11-27,2025-11-26T06:28:33Z
Betr DFS,player_turnovers,Shai Gilgeous-Alexander,Over,2.5,-137,2025-11-27,2025-11-26T06:28:33Z
Betr DFS,player_turnovers,Zach Edey,Over,1.5,-137,2025-11-27,2025-11-26T06:27:40Z
Betr DFS,player_turnovers,Cedric Coward,Over,1.5,-137,2025-11-27,2025-11-26T06:27:40Z
Betr DFS,player_turnovers,Zion Williamson,Over,2.5,-137,2025-11-27,2025-11-26T06:27:40Z
Betr DFS,player_turnovers,Trey Murphy III,Over,1.5,-137,2025-11-27,2025-11-26T06:27:40Z
Betr DFS,player_turnovers,Alperen Sengun,Over,3.5,-137,2025-11-27,2025-11-26T06:28:33Z
Betr DFS,player_turnovers,Jabari Smith Jr,Over,1.5,-137,2025-11-27,2025-11-26T06:28:33Z
Betr DFS,player_turnovers,Reed Sheppard,Over,2.5,-137,2025-11-27,2025-11-26T06:28:33Z
Betr DFS,player_turnovers,Jimmy Butler,Over,1.5,-137,2025-11-27,2025-11-26T06:28:33Z
Betr DFS,player_turnovers,Dillon Brooks,Over,1.5,-137,2025-11-27,2025-11-26T06:28:27Z
Betr DFS,player_turnovers,Devin Booker,Over,3.5,-137,2025-11-27,2025-11-26T06:28:27Z
Betr DFS,player_turnovers,DeMar DeRozan,Over,1.5,-137,2025-11-27,2025-11-26T06:28:27Z
Betr DFS,player_turnovers,Zach LaVine,Over,2.5,-137,2025-11-27,2025-11-26T06:28:27Z
Betr DFS,player_turnovers,Devin Vassell,Over,1.5,-137,2025-11-27,2025-11-26T06:28:32Z
Betr DFS,player_turnovers,Deni Avdija,Over,3.5,-137,2025-11-27,2025-11-26T06:28:32Z
PrizePicks,player_blocks_steals,Cade Cunningham,Over,1.5,-137,2025-11-26,2025-11-26T06:28:01Z
PrizePicks,player_blocks_steals,Cade Cunningham,Under,1.5,-137,2025-11-26,2025-11-26T06:28:01Z
PrizePicks,player_blocks_steals,Jalen Duren,Over,1.5,-137,2025-11-26,2025-11-26T06:28:01Z
PrizePicks,player_blocks_steals,Jalen Duren,Under,1.5,-137,2025-11-26,2025-11-26T06:28:01Z
PrizePicks,player_blocks_steals,Jordan Walsh,Over,1.5,-137,2025-11-26,2025-11-26T06:28:01Z
PrizePicks,player_blocks_steals,Jordan Walsh,Under,1.5,-137,2025-11-26,2025-11-26T06:28:01Z
PrizePicks,player_blocks_steals,Mikal Bridges,Over,2.5,-137,2025-11-27,2025-11-26T06:27:46Z
PrizePicks,player_blocks_steals,Mikal Bridges,Under,2.5,-137,2025-11-27,2025-11-26T06:27:46Z
PrizePicks,player_blocks_steals,Karl-Anthony Towns,Over,1.5,-137,2025-11-27,2025-11-26T06:27:46Z
PrizePicks,player_blocks_steals,Karl-Anthony Towns,Under,1.5,-137,2025-11-27,2025-11-26T06:27:46Z
PrizePicks,player_blocks_steals,Mitchell Robinson,Over,1.5,-137,2025-11-27,2025-11-26T06:27:46Z
PrizePicks,player_blocks_steals,Mitchell Robinson,Under,1.5,-137,2025-11-27,2025-11-26T06:27:46Z
PrizePicks,player_blocks_steals,Jordan Clarkson,Over,0.5,-137,2025-11-27,2025-11-26T06:27:46Z
PrizePicks,player_blocks_steals,Jordan Clarkson,Under,0.5,-137,2025-11-27,2025-11-26T06:27:46Z
PrizePicks,player_blocks_steals,Scottie Barnes,Over,2.5,-137,2025-11-27,2025-11-26T06:28:15Z
PrizePicks,player_blocks_steals,Scottie Barnes,Under,2.5,-137,2025-11-27,2025-11-26T06:28:15Z
PrizePicks,player_blocks_steals,Andrew Nembhard,Over,1.5,-137,2025-11-27,2025-11-26T06:28:15Z
PrizePicks,player_blocks_steals,Andrew Nembhard,Under,1.5,-137,2025-11-27,2025-11-26T06:28:15Z
PrizePicks,player_blocks_steals,Brandon Ingram,Over,1.5,-137,2025-11-27,2025-11-26T06:28:15Z
PrizePicks,player_blocks_steals,Brandon Ingram,Under,1.5,-137,2025-11-27,2025-11-26T06:28:15Z
PrizePicks,player_blocks_steals,Isaiah Jackson,Over,1.5,-137,2025-11-27,2025-11-26T06:28:15Z
PrizePicks,player_blocks_steals,Isaiah Jackson,Under,1.5,-137,2025-11-27,2025-11-26T06:28:15Z
PrizePicks,player_blocks_steals,Bam Adebayo,Over,1.5,-137,2025-11-27,2025-11-26T06:28:16Z
PrizePicks,player_blocks_steals,Bam Adebayo,Under,1.5,-137,2025-11-27,2025-11-26T06:28:16Z
PrizePicks,player_blocks_steals,Ryan Rollins,Over,1.5,-137,2025-11-27,2025-11-26T06:28:16Z
PrizePicks,player_blocks_steals,Ryan Rollins,Under,1.5,-137,2025-11-27,2025-11-26T06:28:16Z
PrizePicks,player_blocks_steals,Isaiah Hartenstein,Over,1.5,-137,2025-11-27,2025-11-26T06:27:51Z
PrizePicks,player_blocks_steals,Isaiah Hartenstein,Under,1.5,-137,2025-11-27,2025-11-26T06:27:51Z
PrizePicks,player_blocks_steals,Yves Missi,Over,1.5,-137,2025-11-27,2025-11-26T06:27:54Z
PrizePicks,player_blocks_steals,Yves Missi,Under,1.5,-137,2025-11-27,2025-11-26T06:27:54Z
PrizePicks,player_blocks_steals,Zion Williamson,Over,1.5,-137,2025-11-27,2025-11-26T06:27:54Z
PrizePicks,player_blocks_steals,Zion Williamson,Under,1.5,-137,2025-11-27,2025-11-26T06:27:54Z
PrizePicks,player_blocks_steals,Reed Sheppard,Over,2.5,-137,2025-11-27,2025-11-26T06:27:51Z
PrizePicks,player_blocks_steals,Reed Sheppard,Under,2.5,-137,2025-11-27,2025-11-26T06:27:51Z
PrizePicks,player_blocks_steals,Stephen Curry,Over,1.5,-137,2025-11-27,2025-11-26T06:27:51Z
PrizePicks,player_blocks_steals,Stephen Curry,Under,1.5,-137,2025-11-27,2025-11-26T06:27:51Z
PrizePicks,player_blocks_steals,Dillon Brooks,Over,1.5,-137,2025-11-27,2025-11-26T06:28:00Z
PrizePicks,player_blocks_steals,Dillon Brooks,Under,1.5,-137,2025-11-27,2025-11-26T06:28:00Z
PrizePicks,player_blocks_steals,Keegan Murray,Over,1.5,-137,2025-11-27,2025-11-26T06:28:00Z
PrizePicks,player_blocks_steals,Keegan Murray,Under,1.5,-137,2025-11-27,2025-11-26T06:28:00Z
PrizePicks,player_blocks_steals,De'Aaron Fox,Over,1.5,-137,2025-11-27,2025-11-26T06:28:26Z
PrizePicks,player_blocks_steals,De'Aaron Fox,Under,1.5,-137,2025-11-27,2025-11-26T06:28:26Z
PrizePicks,player_blocks_steals,Harrison Barnes,Over,1.5,-137,2025-11-27,2025-11-26T06:28:26Z
PrizePicks,player_blocks_steals,Harrison Barnes,Under,1.5,-137,2025-11-27,2025-11-26T06:28:26Z
PrizePicks,player_blocks_steals,Toumani Camara,Over,1.5,-137,2025-11-27,2025-11-26T06:28:26Z
PrizePicks,player_blocks_steals,Toumani Camara,Under,1.5,-137,2025-11-27,2025-11-26T06:28:26Z
