BOOKMAKER,CATEGORY,NAME,OVER/UNDER,LINE,ODDS,COMMENCE_TIME,LAST_UPDATE
FanDuel,player_points,Moussa Diabate,Over,7.5,-114,2025-11-23,2025-11-24T00:28:49Z
FanDuel,player_points,Moussa Diabate,Under,7.5,-114,2025-11-23,2025-11-24T00:28:49Z
FanDuel,player_points,Nickeil Alexander-Walker,Over,17.5,100,2025-11-23,2025-11-24T00:28:49Z
FanDuel,player_points,Nickeil Alexander-Walker,Under,17.5,-132,2025-11-23,2025-11-24T00:28:49Z
FanDuel,player_points,Jalen Johnson,Over,25.5,-130,2025-11-23,2025-11-24T00:28:49Z
FanDuel,player_points,Jalen Johnson,Under,25.5,-102,2025-11-23,2025-11-24T00:28:49Z
FanDuel,player_points,Tre Mann,Over,8.5,100,2025-11-23,2025-11-24T00:28:49Z
FanDuel,player_points,Tre Mann,Under,8.5,-132,2025-11-23,2025-11-24T00:28:49Z
FanDuel,player_points,Onyeka Okongwu,Over,24.5,-136,2025-11-23,2025-11-24T00:28:49Z
FanDuel,player_points,Onyeka Okongwu,Under,24.5,102,2025-11-23,2025-11-24T00:28:49Z
FanDuel,player_points,Sion James,Over,9.5,100,2025-11-23,2025-11-24T00:28:49Z
FanDuel,player_points,Sion James,Under,9.5,-132,2025-11-23,2025-11-24T00:28:49Z
FanDuel,player_points,Zaccharie Risacher,Over,8.5,-114,2025-11-23,2025-11-24T00:28:49Z
FanDuel,player_points,Zaccharie Risacher,Under,8.5,-114,2025-11-23,2025-11-24T00:28:49Z
FanDuel,player_points,Dyson Daniels,Over,18.5,-112,2025-11-23,2025-11-24T00:28:49Z
FanDuel,player_points,Dyson Daniels,Under,18.5,-118,2025-11-23,2025-11-24T00:28:49Z
FanDuel,player_points,Vit Krejci,Over,5.5,-132,2025-11-23,2025-11-24T00:28:49Z
FanDuel,player_points,Vit Krejci,Under,5.5,100,2025-11-23,2025-11-24T00:28:49Z
FanDuel,player_points,Miles Bridges,Over,20.5,102,2025-11-23,2025-11-24T00:28:49Z
FanDuel,player_points,Miles Bridges,Under,20.5,-136,2025-11-23,2025-11-24T00:28:49Z
FanDuel,player_points,Kon Knueppel,Over,26.5,-120,2025-11-23,2025-11-24T00:28:49Z
FanDuel,player_points,Kon Knueppel,Under,26.5,-110,2025-11-23,2025-11-24T00:28:49Z
FanDuel,player_points,Liam McNeeley,Over,5.5,110,2025-11-23,2025-11-24T00:28:49Z
FanDuel,player_points,Liam McNeeley,Under,5.5,-146,2025-11-23,2025-11-24T00:28:49Z
FanDuel,player_points,Collin Sexton,Over,22.5,-102,2025-11-23,2025-11-24T00:28:49Z
FanDuel,player_points,Collin Sexton,Under,22.5,-130,2025-11-23,2025-11-24T00:28:49Z
FanDuel,player_points,James Harden,Over,24.5,-118,2025-11-23,2025-11-24T00:27:23Z
FanDuel,player_points,James Harden,Under,24.5,-112,2025-11-23,2025-11-24T00:27:23Z
FanDuel,player_points,Kawhi Leonard,Over,19.5,-125,2025-11-23,2025-11-24T00:27:23Z
FanDuel,player_points,Kawhi Leonard,Under,19.5,-106,2025-11-23,2025-11-24T00:27:23Z
FanDuel,player_points,John Collins,Over,7.5,-136,2025-11-23,2025-11-24T00:27:23Z
FanDuel,player_points,John Collins,Under,7.5,102,2025-11-23,2025-11-24T00:27:23Z
FanDuel,player_points,Kris Dunn,Over,11.5,-114,2025-11-23,2025-11-24T00:27:23Z
FanDuel,player_points,Kris Dunn,Under,11.5,-114,2025-11-23,2025-11-24T00:27:23Z
FanDuel,player_points,Darius Garland,Over,10.5,-136,2025-11-23,2025-11-24T00:27:23Z
FanDuel,player_points,Darius Garland,Under,10.5,102,2025-11-23,2025-11-24T00:27:23Z
FanDuel,player_points,Donovan Mitchell,Over,29.5,-130,2025-11-23,2025-11-24T00:27:23Z
FanDuel,player_points,Donovan Mitchell,Under,29.5,-102,2025-11-23,2025-11-24T00:27:23Z
FanDuel,player_points,Evan Mobley,Over,15.5,-130,2025-11-23,2025-11-24T00:27:23Z
FanDuel,player_points,Evan Mobley,Under,15.5,-102,2025-11-23,2025-11-24T00:27:23Z
FanDuel,player_points,Ivica Zubac,Over,20.5,-130,2025-11-23,2025-11-24T00:27:23Z
FanDuel,player_points,Ivica Zubac,Under,20.5,-102,2025-11-23,2025-11-24T00:27:23Z
FanDuel,player_points,Tristan da Silva,Over,7.5,-125,2025-11-23,2025-11-24T00:28:31Z
FanDuel,player_points,Tristan da Silva,Under,7.5,-106,2025-11-23,2025-11-24T00:28:31Z
FanDuel,player_points,Anthony Black,Over,17.5,-104,2025-11-23,2025-11-24T00:28:31Z
FanDuel,player_points,Anthony Black,Under,17.5,-128,2025-11-23,2025-11-24T00:28:31Z
FanDuel,player_points,Anfernee Simons,Over,22.5,100,2025-11-23,2025-11-24T00:28:31Z
FanDuel,player_points,Anfernee Simons,Under,22.5,-132,2025-11-23,2025-11-24T00:28:31Z
FanDuel,player_points,Payton Pritchard,Over,19.5,-130,2025-11-23,2025-11-24T00:28:31Z
FanDuel,player_points,Payton Pritchard,Under,19.5,-102,2025-11-23,2025-11-24T00:28:31Z
FanDuel,player_points,Sam Hauser,Over,9.5,104,2025-11-23,2025-11-24T00:28:31Z
FanDuel,player_points,Sam Hauser,Under,9.5,-138,2025-11-23,2025-11-24T00:28:31Z
FanDuel,player_points,Jaylen Brown,Over,24.5,-118,2025-11-23,2025-11-24T00:28:31Z
FanDuel,player_points,Jaylen Brown,Under,24.5,-112,2025-11-23,2025-11-24T00:28:31Z
FanDuel,player_points,Desmond Bane,Over,21.5,-108,2025-11-23,2025-11-24T00:28:31Z
FanDuel,player_points,Desmond Bane,Under,21.5,-122,2025-11-23,2025-11-24T00:28:31Z
FanDuel,player_points,Franz Wagner,Over,23.5,-104,2025-11-23,2025-11-24T00:28:31Z
FanDuel,player_points,Franz Wagner,Under,23.5,-128,2025-11-23,2025-11-24T00:28:31Z
FanDuel,player_points,Derrick White,Over,12.5,-114,2025-11-23,2025-11-24T00:28:31Z
FanDuel,player_points,Derrick White,Under,12.5,-114,2025-11-23,2025-11-24T00:28:31Z
FanDuel,player_points,Tyrese Martin,Over,17.5,-118,2025-11-23,2025-11-24T00:28:50Z
FanDuel,player_points,Tyrese Martin,Under,17.5,-112,2025-11-23,2025-11-24T00:28:50Z
FanDuel,player_points,Collin Murray-Boyles,Over,5.5,-122,2025-11-23,2025-11-24T00:28:50Z
FanDuel,player_points,Collin Murray-Boyles,Under,5.5,-108,2025-11-23,2025-11-24T00:28:50Z
FanDuel,player_points,Ziaire Williams,Over,8.5,-125,2025-11-23,2025-11-24T00:28:50Z
FanDuel,player_points,Ziaire Williams,Under,8.5,-106,2025-11-23,2025-11-24T00:28:50Z
FanDuel,player_points,Michael Porter Jr,Over,25.5,-118,2025-11-23,2025-11-24T00:28:50Z
FanDuel,player_points,Michael Porter Jr,Under,25.5,-112,2025-11-23,2025-11-24T00:28:50Z
FanDuel,player_points,Jamal Shead,Over,5.5,-144,2025-11-23,2025-11-24T00:28:50Z
FanDuel,player_points,Jamal Shead,Under,5.5,108,2025-11-23,2025-11-24T00:28:50Z
FanDuel,player_points,Gradey Dick,Over,11.5,106,2025-11-23,2025-11-24T00:28:50Z
FanDuel,player_points,Gradey Dick,Under,11.5,-140,2025-11-23,2025-11-24T00:28:50Z
FanDuel,player_points,Brandon Ingram,Over,16.5,-118,2025-11-23,2025-11-24T00:28:50Z
FanDuel,player_points,Brandon Ingram,Under,16.5,-112,2025-11-23,2025-11-24T00:28:50Z
FanDuel,player_points,Immanuel Quickley,Over,12.5,-120,2025-11-23,2025-11-24T00:28:50Z
FanDuel,player_points,Immanuel Quickley,Under,12.5,-110,2025-11-23,2025-11-24T00:28:50Z
FanDuel,player_points,Sandro Mamukelashvili,Over,11.5,-120,2025-11-23,2025-11-24T00:28:50Z
FanDuel,player_points,Sandro Mamukelashvili,Under,11.5,-110,2025-11-23,2025-11-24T00:28:50Z
FanDuel,player_points,Nicolas Claxton,Over,10.5,-106,2025-11-23,2025-11-24T00:28:50Z
FanDuel,player_points,Nicolas Claxton,Under,10.5,-125,2025-11-23,2025-11-24T00:28:50Z
FanDuel,player_points,R.J. Barrett,Over,21.5,-110,2025-11-23,2025-11-24T00:28:50Z
FanDuel,player_points,R.J. Barrett,Under,21.5,-120,2025-11-23,2025-11-24T00:28:50Z
FanDuel,player_points,Egor Demin,Over,3.5,-122,2025-11-23,2025-11-24T00:28:50Z
FanDuel,player_points,Egor Demin,Under,3.5,-108,2025-11-23,2025-11-24T00:28:50Z
FanDuel,player_points,Noah Clowney,Over,16.5,-112,2025-11-23,2025-11-24T00:28:50Z
FanDuel,player_points,Noah Clowney,Under,16.5,-118,2025-11-23,2025-11-24T00:28:50Z
FanDuel,player_points,Scottie Barnes,Over,18.5,102,2025-11-23,2025-11-24T00:28:50Z
FanDuel,player_points,Scottie Barnes,Under,18.5,-136,2025-11-23,2025-11-24T00:28:50Z
FanDuel,player_points,Terance Mann,Over,7.5,106,2025-11-23,2025-11-24T00:28:50Z
FanDuel,player_points,Terance Mann,Under,7.5,-140,2025-11-23,2025-11-24T00:28:50Z
FanDuel,player_points,Ajay Mitchell,Over,14.5,-102,2025-11-24,2025-11-24T00:28:22Z
FanDuel,player_points,Ajay Mitchell,Under,14.5,-130,2025-11-24,2025-11-24T00:28:22Z
FanDuel,player_points,Donovan Clingan,Over,10.5,-114,2025-11-24,2025-11-24T00:28:22Z
FanDuel,player_points,Donovan Clingan,Under,10.5,-114,2025-11-24,2025-11-24T00:28:22Z
FanDuel,player_points,Kris Murray,Over,5.5,-140,2025-11-24,2025-11-24T00:28:22Z
FanDuel,player_points,Kris Murray,Under,5.5,106,2025-11-24,2025-11-24T00:28:22Z
FanDuel,player_points,Jaylin Williams,Over,6.5,100,2025-11-24,2025-11-24T00:28:22Z
FanDuel,player_points,Jaylin Williams,Under,6.5,-132,2025-11-24,2025-11-24T00:28:22Z
FanDuel,player_points,Toumani Camara,Over,14.5,-118,2025-11-24,2025-11-24T00:28:22Z
FanDuel,player_points,Toumani Camara,Under,14.5,-112,2025-11-24,2025-11-24T00:28:22Z
FanDuel,player_points,Jerami Grant,Over,17.5,-130,2025-11-24,2025-11-24T00:28:22Z
FanDuel,player_points,Jerami Grant,Under,17.5,-102,2025-11-24,2025-11-24T00:28:22Z
FanDuel,player_points,Isaiah Hartenstein,Over,12.5,-132,2025-11-24,2025-11-24T00:28:22Z
FanDuel,player_points,Isaiah Hartenstein,Under,12.5,100,2025-11-24,2025-11-24T00:28:22Z
FanDuel,player_points,Alex Caruso,Over,5.5,-118,2025-11-24,2025-11-24T00:28:22Z
FanDuel,player_points,Alex Caruso,Under,5.5,-112,2025-11-24,2025-11-24T00:28:22Z
FanDuel,player_points,Deni Avdija,Over,20.5,-125,2025-11-24,2025-11-24T00:28:22Z
FanDuel,player_points,Deni Avdija,Under,20.5,-104,2025-11-24,2025-11-24T00:28:22Z
FanDuel,player_points,Isaiah Joe,Over,12.5,-108,2025-11-24,2025-11-24T00:28:22Z
FanDuel,player_points,Isaiah Joe,Under,12.5,-122,2025-11-24,2025-11-24T00:28:22Z
FanDuel,player_points,Shai Gilgeous-Alexander,Over,37.5,-128,2025-11-24,2025-11-24T00:28:22Z
FanDuel,player_points,Shai Gilgeous-Alexander,Under,37.5,-104,2025-11-24,2025-11-24T00:28:22Z
FanDuel,player_points,Cason Wallace,Over,5.5,-132,2025-11-24,2025-11-24T00:28:22Z
FanDuel,player_points,Cason Wallace,Under,5.5,100,2025-11-24,2025-11-24T00:28:22Z
FanDuel,player_points,Luguentz Dort,Over,8.5,-106,2025-11-24,2025-11-24T00:28:22Z
FanDuel,player_points,Luguentz Dort,Under,8.5,-125,2025-11-24,2025-11-24T00:28:22Z
FanDuel,player_points,Lauri Markkanen,Over,26.5,-120,2025-11-24,2025-11-24T00:29:38Z
FanDuel,player_points,Lauri Markkanen,Under,26.5,-106,2025-11-24,2025-11-24T00:29:38Z
FanDuel,player_points,Marcus Smart,Over,6.5,-118,2025-11-24,2025-11-24T00:29:38Z
FanDuel,player_points,Marcus Smart,Under,6.5,-108,2025-11-24,2025-11-24T00:29:38Z
FanDuel,player_points,Deandre Ayton,Over,14.5,-113,2025-11-24,2025-11-24T00:29:38Z
FanDuel,player_points,Deandre Ayton,Under,14.5,-113,2025-11-24,2025-11-24T00:29:38Z
FanDuel,player_points,Kyle Filipowski,Over,8.5,-106,2025-11-24,2025-11-24T00:29:38Z
FanDuel,player_points,Kyle Filipowski,Under,8.5,-120,2025-11-24,2025-11-24T00:29:38Z
FanDuel,player_points,Austin Reaves,Over,22.5,-118,2025-11-24,2025-11-24T00:29:38Z
FanDuel,player_points,Austin Reaves,Under,22.5,-108,2025-11-24,2025-11-24T00:29:38Z
FanDuel,player_points,Jusuf Nurkic,Over,9.5,106,2025-11-24,2025-11-24T00:29:38Z
FanDuel,player_points,Jusuf Nurkic,Under,9.5,-136,2025-11-24,2025-11-24T00:29:38Z
FanDuel,player_points,Jake LaRavia,Over,7.5,-120,2025-11-24,2025-11-24T00:29:38Z
FanDuel,player_points,Jake LaRavia,Under,7.5,-104,2025-11-24,2025-11-24T00:29:38Z
FanDuel,player_points,Isaiah Collier,Over,8.5,104,2025-11-24,2025-11-24T00:29:38Z
FanDuel,player_points,Isaiah Collier,Under,8.5,-132,2025-11-24,2025-11-24T00:29:38Z
FanDuel,player_points,Rui Hachimura,Over,11.5,104,2025-11-24,2025-11-24T00:29:38Z
FanDuel,player_points,Rui Hachimura,Under,11.5,-132,2025-11-24,2025-11-24T00:29:38Z
FanDuel,player_points,Kevin Love,Over,4.5,-120,2025-11-24,2025-11-24T00:29:38Z
FanDuel,player_points,Kevin Love,Under,4.5,-106,2025-11-24,2025-11-24T00:29:38Z
FanDuel,player_points,Keyonte George,Over,20.5,-108,2025-11-24,2025-11-24T00:29:38Z
FanDuel,player_points,Keyonte George,Under,20.5,-118,2025-11-24,2025-11-24T00:29:38Z
FanDuel,player_points,Luka Doncic,Over,32.5,100,2025-11-24,2025-11-24T00:29:38Z
FanDuel,player_points,Luka Doncic,Under,32.5,-128,2025-11-24,2025-11-24T00:29:38Z
FanDuel,player_points,Brice Sensabaugh,Over,8.5,-102,2025-11-24,2025-11-24T00:29:38Z
FanDuel,player_points,Brice Sensabaugh,Under,8.5,-125,2025-11-24,2025-11-24T00:29:38Z
FanDuel,player_points,Gabe Vincent,Over,4.5,106,2025-11-24,2025-11-24T00:29:38Z
FanDuel,player_points,Gabe Vincent,Under,4.5,-136,2025-11-24,2025-11-24T00:29:38Z
FanDuel,player_points,LeBron James,Over,18.5,-122,2025-11-24,2025-11-24T00:29:38Z
FanDuel,player_points,LeBron James,Under,18.5,-104,2025-11-24,2025-11-24T00:29:38Z
FanDuel,player_points,Svi Mykhailiuk,Over,8.5,-104,2025-11-24,2025-11-24T00:29:38Z
FanDuel,player_points,Svi Mykhailiuk,Under,8.5,-122,2025-11-24,2025-11-24T00:29:38Z
FanDuel,player_points,Ace Bailey,Over,11.5,-111,2025-11-24,2025-11-24T00:29:38Z
FanDuel,player_points,Ace Bailey,Under,11.5,-115,2025-11-24,2025-11-24T00:29:38Z
FanDuel,player_points,Devin Vassell,Over,17.5,100,2025-11-24,2025-11-24T00:28:56Z
FanDuel,player_points,Devin Vassell,Under,17.5,-128,2025-11-24,2025-11-24T00:28:56Z
FanDuel,player_points,Dillon Brooks,Over,19.5,-102,2025-11-24,2025-11-24T00:28:56Z
FanDuel,player_points,Dillon Brooks,Under,19.5,-125,2025-11-24,2025-11-24T00:28:56Z
FanDuel,player_points,Julian Champagnie,Over,11.5,-102,2025-11-24,2025-11-24T00:28:56Z
FanDuel,player_points,Julian Champagnie,Under,11.5,-125,2025-11-24,2025-11-24T00:28:56Z
FanDuel,player_points,De'Aaron Fox,Over,23.5,-104,2025-11-24,2025-11-24T00:28:56Z
FanDuel,player_points,De'Aaron Fox,Under,23.5,-122,2025-11-24,2025-11-24T00:28:56Z
FanDuel,player_points,Royce O'Neale,Over,11.5,-111,2025-11-24,2025-11-24T00:28:56Z
FanDuel,player_points,Royce O'Neale,Under,11.5,-115,2025-11-24,2025-11-24T00:28:56Z
FanDuel,player_points,Harrison Barnes,Over,13.5,-122,2025-11-24,2025-11-24T00:28:56Z
FanDuel,player_points,Harrison Barnes,Under,13.5,-104,2025-11-24,2025-11-24T00:28:56Z
FanDuel,player_points,Luke Kornet,Over,9.5,-104,2025-11-24,2025-11-24T00:28:56Z
FanDuel,player_points,Luke Kornet,Under,9.5,-122,2025-11-24,2025-11-24T00:28:56Z
FanDuel,player_points,Jeremy Sochan,Over,8.5,-118,2025-11-24,2025-11-24T00:28:56Z
FanDuel,player_points,Jeremy Sochan,Under,8.5,-108,2025-11-24,2025-11-24T00:28:56Z
FanDuel,player_points,Keldon Johnson,Over,14.5,-128,2025-11-24,2025-11-24T00:28:56Z
FanDuel,player_points,Keldon Johnson,Under,14.5,100,2025-11-24,2025-11-24T00:28:56Z
FanDuel,player_points,Mark Williams,Over,12.5,-115,2025-11-24,2025-11-24T00:28:56Z
FanDuel,player_points,Mark Williams,Under,12.5,-111,2025-11-24,2025-11-24T00:28:56Z
FanDuel,player_points,Collin Gillespie,Over,14.5,-111,2025-11-24,2025-11-24T00:28:56Z
FanDuel,player_points,Collin Gillespie,Under,14.5,-115,2025-11-24,2025-11-24T00:28:56Z
FanDuel,player_points,Devin Booker,Over,29.5,102,2025-11-24,2025-11-24T00:28:56Z
FanDuel,player_points,Devin Booker,Under,29.5,-130,2025-11-24,2025-11-24T00:28:56Z
DraftKings,player_points,Kon Knueppel,Over,27.5,100,2025-11-23,2025-11-24T00:29:15Z
DraftKings,player_points,Kon Knueppel,Under,27.5,-130,2025-11-23,2025-11-24T00:29:15Z
DraftKings,player_points,Onyeka Okongwu,Over,25.5,100,2025-11-23,2025-11-24T00:29:15Z
DraftKings,player_points,Onyeka Okongwu,Under,25.5,-130,2025-11-23,2025-11-24T00:29:15Z
DraftKings,player_points,Jalen Johnson,Over,24.5,-125,2025-11-23,2025-11-24T00:29:15Z
DraftKings,player_points,Jalen Johnson,Under,24.5,-105,2025-11-23,2025-11-24T00:29:15Z
DraftKings,player_points,Collin Sexton,Over,21.5,-135,2025-11-23,2025-11-24T00:29:15Z
DraftKings,player_points,Collin Sexton,Under,21.5,105,2025-11-23,2025-11-24T00:29:15Z
DraftKings,player_points,Dyson Daniels,Over,18.5,-130,2025-11-23,2025-11-24T00:29:15Z
DraftKings,player_points,Dyson Daniels,Under,18.5,100,2025-11-23,2025-11-24T00:29:15Z
DraftKings,player_points,Nickeil Alexander-Walker,Over,16.5,-110,2025-11-23,2025-11-24T00:29:15Z
DraftKings,player_points,Nickeil Alexander-Walker,Under,16.5,-120,2025-11-23,2025-11-24T00:29:15Z
DraftKings,player_points,Sion James,Over,9.5,-125,2025-11-23,2025-11-24T00:29:15Z
DraftKings,player_points,Sion James,Under,9.5,-105,2025-11-23,2025-11-24T00:29:15Z
DraftKings,player_points,Zaccharie Risacher,Over,8.5,-110,2025-11-23,2025-11-24T00:29:15Z
DraftKings,player_points,Zaccharie Risacher,Under,8.5,-120,2025-11-23,2025-11-24T00:29:15Z
DraftKings,player_points,Vit Krejci,Over,5.5,-110,2025-11-23,2025-11-24T00:29:15Z
DraftKings,player_points,Vit Krejci,Under,5.5,-120,2025-11-23,2025-11-24T00:29:15Z
DraftKings,player_points,Donovan Mitchell,Over,28.5,-130,2025-11-23,2025-11-24T00:29:18Z
DraftKings,player_points,Donovan Mitchell,Under,28.5,100,2025-11-23,2025-11-24T00:29:18Z
DraftKings,player_points,De'Andre Hunter,Over,23.5,-110,2025-11-23,2025-11-24T00:29:18Z
DraftKings,player_points,De'Andre Hunter,Under,23.5,-120,2025-11-23,2025-11-24T00:29:18Z
DraftKings,player_points,James Harden,Over,22.5,-125,2025-11-23,2025-11-24T00:29:18Z
DraftKings,player_points,James Harden,Under,22.5,-105,2025-11-23,2025-11-24T00:29:18Z
DraftKings,player_points,Ivica Zubac,Over,20.5,100,2025-11-23,2025-11-24T00:29:18Z
DraftKings,player_points,Ivica Zubac,Under,20.5,-130,2025-11-23,2025-11-24T00:29:18Z
DraftKings,player_points,Evan Mobley,Over,14.5,-130,2025-11-23,2025-11-24T00:29:18Z
DraftKings,player_points,Evan Mobley,Under,14.5,100,2025-11-23,2025-11-24T00:29:18Z
DraftKings,player_points,Kris Dunn,Over,11.5,-110,2025-11-23,2025-11-24T00:29:18Z
DraftKings,player_points,Kris Dunn,Under,11.5,-120,2025-11-23,2025-11-24T00:29:18Z
DraftKings,player_points,Darius Garland,Over,9.5,-130,2025-11-23,2025-11-24T00:29:18Z
DraftKings,player_points,Darius Garland,Under,9.5,100,2025-11-23,2025-11-24T00:29:18Z
DraftKings,player_points,John Collins,Over,7.5,100,2025-11-23,2025-11-24T00:29:18Z
DraftKings,player_points,John Collins,Under,7.5,-130,2025-11-23,2025-11-24T00:29:18Z
DraftKings,player_points,Dean Wade,Over,4.5,-154,2025-11-23,2025-11-24T00:29:18Z
DraftKings,player_points,Dean Wade,Under,4.5,120,2025-11-23,2025-11-24T00:29:18Z
DraftKings,player_points,Jaylen Brown,Over,24.5,-130,2025-11-23,2025-11-24T00:29:03Z
DraftKings,player_points,Jaylen Brown,Under,24.5,100,2025-11-23,2025-11-24T00:29:03Z
DraftKings,player_points,Franz Wagner,Over,23.5,-125,2025-11-23,2025-11-24T00:29:03Z
DraftKings,player_points,Franz Wagner,Under,23.5,-105,2025-11-23,2025-11-24T00:29:03Z
DraftKings,player_points,Anfernee Simons,Over,22.5,-110,2025-11-23,2025-11-24T00:29:03Z
DraftKings,player_points,Anfernee Simons,Under,22.5,-120,2025-11-23,2025-11-24T00:29:03Z
DraftKings,player_points,Desmond Bane,Over,21.5,-115,2025-11-23,2025-11-24T00:29:03Z
DraftKings,player_points,Desmond Bane,Under,21.5,-115,2025-11-23,2025-11-24T00:29:03Z
DraftKings,player_points,Payton Pritchard,Over,19.5,-120,2025-11-23,2025-11-24T00:29:03Z
DraftKings,player_points,Payton Pritchard,Under,19.5,-110,2025-11-23,2025-11-24T00:29:03Z
DraftKings,player_points,Anthony Black,Over,17.5,-105,2025-11-23,2025-11-24T00:29:03Z
DraftKings,player_points,Anthony Black,Under,17.5,-125,2025-11-23,2025-11-24T00:29:03Z
DraftKings,player_points,Derrick White,Over,12.5,-120,2025-11-23,2025-11-24T00:29:03Z
DraftKings,player_points,Derrick White,Under,12.5,-110,2025-11-23,2025-11-24T00:29:03Z
DraftKings,player_points,Tristan da Silva,Over,7.5,-115,2025-11-23,2025-11-24T00:29:03Z
DraftKings,player_points,Tristan da Silva,Under,7.5,-115,2025-11-23,2025-11-24T00:29:03Z
DraftKings,player_points,Michael Porter Jr,Over,25.5,-110,2025-11-23,2025-11-24T00:29:24Z
DraftKings,player_points,Michael Porter Jr,Under,25.5,-120,2025-11-23,2025-11-24T00:29:24Z
DraftKings,player_points,R.J. Barrett,Over,21.5,-120,2025-11-23,2025-11-24T00:29:24Z
DraftKings,player_points,R.J. Barrett,Under,21.5,-110,2025-11-23,2025-11-24T00:29:24Z
DraftKings,player_points,Scottie Barnes,Over,17.5,-125,2025-11-23,2025-11-24T00:29:24Z
DraftKings,player_points,Scottie Barnes,Under,17.5,-105,2025-11-23,2025-11-24T00:29:24Z
DraftKings,player_points,Tyrese Martin,Over,17.5,-110,2025-11-23,2025-11-24T00:29:24Z
DraftKings,player_points,Tyrese Martin,Under,17.5,-120,2025-11-23,2025-11-24T00:29:24Z
DraftKings,player_points,Brandon Ingram,Over,16.5,-115,2025-11-23,2025-11-24T00:29:24Z
DraftKings,player_points,Brandon Ingram,Under,16.5,-115,2025-11-23,2025-11-24T00:29:24Z
DraftKings,player_points,Noah Clowney,Over,16.5,100,2025-11-23,2025-11-24T00:29:24Z
DraftKings,player_points,Noah Clowney,Under,16.5,-130,2025-11-23,2025-11-24T00:29:24Z
DraftKings,player_points,Sandro Mamukelashvili,Over,11.5,-135,2025-11-23,2025-11-24T00:29:24Z
DraftKings,player_points,Sandro Mamukelashvili,Under,11.5,105,2025-11-23,2025-11-24T00:29:24Z
DraftKings,player_points,Immanuel Quickley,Over,11.5,-130,2025-11-23,2025-11-24T00:29:24Z
DraftKings,player_points,Immanuel Quickley,Under,11.5,100,2025-11-23,2025-11-24T00:29:24Z
DraftKings,player_points,Gradey Dick,Over,11.5,-110,2025-11-23,2025-11-24T00:29:24Z
DraftKings,player_points,Gradey Dick,Under,11.5,-120,2025-11-23,2025-11-24T00:29:24Z
DraftKings,player_points,Nicolas Claxton,Over,10.5,-105,2025-11-23,2025-11-24T00:29:24Z
DraftKings,player_points,Nicolas Claxton,Under,10.5,-125,2025-11-23,2025-11-24T00:29:24Z
DraftKings,player_points,Ziaire Williams,Over,8.5,-105,2025-11-23,2025-11-24T00:29:24Z
DraftKings,player_points,Ziaire Williams,Under,8.5,-125,2025-11-23,2025-11-24T00:29:24Z
DraftKings,player_points,Terance Mann,Over,6.5,-130,2025-11-23,2025-11-24T00:29:24Z
DraftKings,player_points,Terance Mann,Under,6.5,100,2025-11-23,2025-11-24T00:29:24Z
DraftKings,player_points,Jamal Shead,Over,6.5,110,2025-11-23,2025-11-24T00:29:24Z
DraftKings,player_points,Jamal Shead,Under,6.5,-140,2025-11-23,2025-11-24T00:29:24Z
DraftKings,player_points,Collin Murray-Boyles,Over,5.5,-140,2025-11-23,2025-11-24T00:29:24Z
DraftKings,player_points,Collin Murray-Boyles,Under,5.5,110,2025-11-23,2025-11-24T00:29:24Z
DraftKings,player_points,Day'Ron Sharpe,Over,4.5,-125,2025-11-23,2025-11-24T00:29:24Z
DraftKings,player_points,Day'Ron Sharpe,Under,4.5,-105,2025-11-23,2025-11-24T00:29:24Z
DraftKings,player_points,Egor Demin,Over,3.5,-105,2025-11-23,2025-11-24T00:29:24Z
DraftKings,player_points,Egor Demin,Under,3.5,-125,2025-11-23,2025-11-24T00:29:24Z
DraftKings,player_points,Shai Gilgeous-Alexander,Over,38.5,-120,2025-11-24,2025-11-24T00:29:09Z
DraftKings,player_points,Shai Gilgeous-Alexander,Under,38.5,-110,2025-11-24,2025-11-24T00:29:09Z
DraftKings,player_points,Deni Avdija,Over,20.5,-120,2025-11-24,2025-11-24T00:29:09Z
DraftKings,player_points,Deni Avdija,Under,20.5,-110,2025-11-24,2025-11-24T00:29:09Z
DraftKings,player_points,Jerami Grant,Over,18.5,-115,2025-11-24,2025-11-24T00:29:09Z
DraftKings,player_points,Jerami Grant,Under,18.5,-115,2025-11-24,2025-11-24T00:29:09Z
DraftKings,player_points,Toumani Camara,Over,14.5,-120,2025-11-24,2025-11-24T00:29:09Z
DraftKings,player_points,Toumani Camara,Under,14.5,-110,2025-11-24,2025-11-24T00:29:09Z
DraftKings,player_points,Chet Holmgren,Over,14.5,-115,2025-11-24,2025-11-24T00:29:09Z
DraftKings,player_points,Chet Holmgren,Under,14.5,-115,2025-11-24,2025-11-24T00:29:09Z
DraftKings,player_points,Ajay Mitchell,Over,14.5,-105,2025-11-24,2025-11-24T00:29:09Z
DraftKings,player_points,Ajay Mitchell,Under,14.5,-125,2025-11-24,2025-11-24T00:29:09Z
DraftKings,player_points,Isaiah Hartenstein,Over,12.5,-110,2025-11-24,2025-11-24T00:29:09Z
DraftKings,player_points,Isaiah Hartenstein,Under,12.5,-120,2025-11-24,2025-11-24T00:29:09Z
DraftKings,player_points,Isaiah Joe,Over,11.5,-125,2025-11-24,2025-11-24T00:29:09Z
DraftKings,player_points,Isaiah Joe,Under,11.5,-105,2025-11-24,2025-11-24T00:29:09Z
DraftKings,player_points,Luguentz Dort,Over,10.5,100,2025-11-24,2025-11-24T00:29:09Z
DraftKings,player_points,Luguentz Dort,Under,10.5,-130,2025-11-24,2025-11-24T00:29:09Z
DraftKings,player_points,Donovan Clingan,Over,8.5,-135,2025-11-24,2025-11-24T00:29:09Z
DraftKings,player_points,Donovan Clingan,Under,8.5,105,2025-11-24,2025-11-24T00:29:09Z
DraftKings,player_points,Kris Murray,Over,7.5,-110,2025-11-24,2025-11-24T00:29:09Z
DraftKings,player_points,Kris Murray,Under,7.5,-120,2025-11-24,2025-11-24T00:29:09Z
DraftKings,player_points,Cason Wallace,Over,6.5,-110,2025-11-24,2025-11-24T00:29:09Z
DraftKings,player_points,Cason Wallace,Under,6.5,-120,2025-11-24,2025-11-24T00:29:09Z
DraftKings,player_points,Alex Caruso,Over,5.5,-135,2025-11-24,2025-11-24T00:29:09Z
DraftKings,player_points,Alex Caruso,Under,5.5,105,2025-11-24,2025-11-24T00:29:09Z
DraftKings,player_points,Jaylin Williams,Over,5.5,-120,2025-11-24,2025-11-24T00:29:09Z
DraftKings,player_points,Jaylin Williams,Under,5.5,-110,2025-11-24,2025-11-24T00:29:09Z
DraftKings,player_points,Luka Doncic,Over,32.5,-106,2025-11-24,2025-11-24T00:29:38Z
DraftKings,player_points,Luka Doncic,Under,32.5,-120,2025-11-24,2025-11-24T00:29:38Z
DraftKings,player_points,Lauri Markkanen,Over,26.5,-118,2025-11-24,2025-11-24T00:29:38Z
DraftKings,player_points,Lauri Markkanen,Under,26.5,-108,2025-11-24,2025-11-24T00:29:38Z
DraftKings,player_points,Austin Reaves,Over,22.5,-119,2025-11-24,2025-11-24T00:29:38Z
DraftKings,player_points,Austin Reaves,Under,22.5,-107,2025-11-24,2025-11-24T00:29:38Z
DraftKings,player_points,Keyonte George,Over,20.5,-111,2025-11-24,2025-11-24T00:29:38Z
DraftKings,player_points,Keyonte George,Under,20.5,-115,2025-11-24,2025-11-24T00:29:38Z
DraftKings,player_points,LeBron James,Over,19.5,-102,2025-11-24,2025-11-24T00:29:38Z
DraftKings,player_points,LeBron James,Under,19.5,-125,2025-11-24,2025-11-24T00:29:38Z
DraftKings,player_points,Deandre Ayton,Over,14.5,-115,2025-11-24,2025-11-24T00:29:38Z
DraftKings,player_points,Deandre Ayton,Under,14.5,-111,2025-11-24,2025-11-24T00:29:38Z
DraftKings,player_points,Ace Bailey,Over,11.5,-110,2025-11-24,2025-11-24T00:29:38Z
DraftKings,player_points,Ace Bailey,Under,11.5,-116,2025-11-24,2025-11-24T00:29:38Z
DraftKings,player_points,Rui Hachimura,Over,11.5,-102,2025-11-24,2025-11-24T00:29:38Z
DraftKings,player_points,Rui Hachimura,Under,11.5,-125,2025-11-24,2025-11-24T00:29:38Z
DraftKings,player_points,Jusuf Nurkic,Over,8.5,-130,2025-11-24,2025-11-24T00:29:38Z
DraftKings,player_points,Jusuf Nurkic,Under,8.5,102,2025-11-24,2025-11-24T00:29:38Z
DraftKings,player_points,Kyle Filipowski,Over,8.5,-122,2025-11-24,2025-11-24T00:29:38Z
DraftKings,player_points,Kyle Filipowski,Under,8.5,-105,2025-11-24,2025-11-24T00:29:38Z
DraftKings,player_points,Isaiah Collier,Over,8.5,-107,2025-11-24,2025-11-24T00:29:38Z
DraftKings,player_points,Isaiah Collier,Under,8.5,-119,2025-11-24,2025-11-24T00:29:38Z
DraftKings,player_points,Svi Mykhailiuk,Over,8.5,-106,2025-11-24,2025-11-24T00:29:38Z
DraftKings,player_points,Svi Mykhailiuk,Under,8.5,-120,2025-11-24,2025-11-24T00:29:38Z
DraftKings,player_points,Brice Sensabaugh,Over,8.5,-101,2025-11-24,2025-11-24T00:29:38Z
DraftKings,player_points,Brice Sensabaugh,Under,8.5,-126,2025-11-24,2025-11-24T00:29:38Z
DraftKings,player_points,Jake LaRavia,Over,7.5,-118,2025-11-24,2025-11-24T00:29:38Z
DraftKings,player_points,Jake LaRavia,Under,7.5,-108,2025-11-24,2025-11-24T00:29:38Z
DraftKings,player_points,Marcus Smart,Over,6.5,-114,2025-11-24,2025-11-24T00:29:38Z
DraftKings,player_points,Marcus Smart,Under,6.5,-112,2025-11-24,2025-11-24T00:29:38Z
DraftKings,player_points,Devin Booker,Over,29.5,-106,2025-11-24,2025-11-24T00:29:31Z
DraftKings,player_points,Devin Booker,Under,29.5,-121,2025-11-24,2025-11-24T00:29:31Z
DraftKings,player_points,De'Aaron Fox,Over,23.5,-111,2025-11-24,2025-11-24T00:29:31Z
DraftKings,player_points,De'Aaron Fox,Under,23.5,-115,2025-11-24,2025-11-24T00:29:31Z
DraftKings,player_points,Dillon Brooks,Over,18.5,-125,2025-11-24,2025-11-24T00:29:31Z
DraftKings,player_points,Dillon Brooks,Under,18.5,-102,2025-11-24,2025-11-24T00:29:31Z
DraftKings,player_points,Devin Vassell,Over,17.5,-106,2025-11-24,2025-11-24T00:29:31Z
DraftKings,player_points,Devin Vassell,Under,17.5,-120,2025-11-24,2025-11-24T00:29:31Z
DraftKings,player_points,Keldon Johnson,Over,14.5,-126,2025-11-24,2025-11-24T00:29:31Z
DraftKings,player_points,Keldon Johnson,Under,14.5,-101,2025-11-24,2025-11-24T00:29:31Z
DraftKings,player_points,Collin Gillespie,Over,14.5,-102,2025-11-24,2025-11-24T00:29:31Z
DraftKings,player_points,Collin Gillespie,Under,14.5,-125,2025-11-24,2025-11-24T00:29:31Z
DraftKings,player_points,Harrison Barnes,Over,13.5,-125,2025-11-24,2025-11-24T00:29:31Z
DraftKings,player_points,Harrison Barnes,Under,13.5,-102,2025-11-24,2025-11-24T00:29:31Z
DraftKings,player_points,Mark Williams,Over,12.5,-111,2025-11-24,2025-11-24T00:29:31Z
DraftKings,player_points,Mark Williams,Under,12.5,-114,2025-11-24,2025-11-24T00:29:31Z
DraftKings,player_points,Julian Champagnie,Over,11.5,-108,2025-11-24,2025-11-24T00:29:31Z
DraftKings,player_points,Julian Champagnie,Under,11.5,-118,2025-11-24,2025-11-24T00:29:31Z
DraftKings,player_points,Royce O'Neale,Over,11.5,-102,2025-11-24,2025-11-24T00:29:31Z
DraftKings,player_points,Royce O'Neale,Under,11.5,-125,2025-11-24,2025-11-24T00:29:31Z
DraftKings,player_points,Luke Kornet,Over,9.5,-109,2025-11-24,2025-11-24T00:29:31Z
DraftKings,player_points,Luke Kornet,Under,9.5,-117,2025-11-24,2025-11-24T00:29:31Z
DraftKings,player_points,Jeremy Sochan,Over,8.5,-119,2025-11-24,2025-11-24T00:29:31Z
DraftKings,player_points,Jeremy Sochan,Under,8.5,-107,2025-11-24,2025-11-24T00:29:31Z
BetOnline.ag,player_points,LeBron James,Over,18.5,-123,2025-11-24,2025-11-24T00:27:38Z
BetOnline.ag,player_points,LeBron James,Under,18.5,-105,2025-11-24,2025-11-24T00:27:38Z
BetOnline.ag,player_points,Lauri Markkanen,Over,26.5,-125,2025-11-24,2025-11-24T00:27:38Z
BetOnline.ag,player_points,Lauri Markkanen,Under,26.5,-103,2025-11-24,2025-11-24T00:27:38Z
BetOnline.ag,player_points,Rui Hachimura,Over,11.5,-103,2025-11-24,2025-11-24T00:27:38Z
BetOnline.ag,player_points,Rui Hachimura,Under,11.5,-125,2025-11-24,2025-11-24T00:27:38Z
BetOnline.ag,player_points,Kyle Filipowski,Over,8.5,-110,2025-11-24,2025-11-24T00:27:38Z
BetOnline.ag,player_points,Kyle Filipowski,Under,8.5,-118,2025-11-24,2025-11-24T00:27:38Z
BetOnline.ag,player_points,Brice Sensabaugh,Over,8.5,-102,2025-11-24,2025-11-24T00:27:38Z
BetOnline.ag,player_points,Brice Sensabaugh,Under,8.5,-127,2025-11-24,2025-11-24T00:27:38Z
BetOnline.ag,player_points,Isaiah Collier,Over,8.5,-101,2025-11-24,2025-11-24T00:27:38Z
BetOnline.ag,player_points,Isaiah Collier,Under,8.5,-128,2025-11-24,2025-11-24T00:27:38Z
BetOnline.ag,player_points,Keyonte George,Over,20.5,-110,2025-11-24,2025-11-24T00:27:38Z
BetOnline.ag,player_points,Keyonte George,Under,20.5,-118,2025-11-24,2025-11-24T00:27:38Z
BetOnline.ag,player_points,Svi Mykhailiuk,Over,8.5,-102,2025-11-24,2025-11-24T00:27:38Z
BetOnline.ag,player_points,Svi Mykhailiuk,Under,8.5,-127,2025-11-24,2025-11-24T00:27:38Z
BetOnline.ag,player_points,Ace Bailey,Over,11.5,-114,2025-11-24,2025-11-24T00:27:38Z
BetOnline.ag,player_points,Ace Bailey,Under,11.5,-114,2025-11-24,2025-11-24T00:27:38Z
BetOnline.ag,player_points,Jake LaRavia,Over,7.5,-123,2025-11-24,2025-11-24T00:27:38Z
BetOnline.ag,player_points,Jake LaRavia,Under,7.5,-105,2025-11-24,2025-11-24T00:27:38Z
BetOnline.ag,player_points,Jusuf Nurkic,Over,9.5,102,2025-11-24,2025-11-24T00:27:38Z
BetOnline.ag,player_points,Jusuf Nurkic,Under,9.5,-132,2025-11-24,2025-11-24T00:27:38Z
BetOnline.ag,player_points,Deandre Ayton,Over,14.5,-116,2025-11-24,2025-11-24T00:27:38Z
BetOnline.ag,player_points,Deandre Ayton,Under,14.5,-111,2025-11-24,2025-11-24T00:27:38Z
BetOnline.ag,player_points,Marcus Smart,Over,6.5,-115,2025-11-24,2025-11-24T00:27:38Z
BetOnline.ag,player_points,Marcus Smart,Under,6.5,-112,2025-11-24,2025-11-24T00:27:38Z
BetOnline.ag,player_points,Austin Reaves,Over,22.5,-119,2025-11-24,2025-11-24T00:27:38Z
BetOnline.ag,player_points,Austin Reaves,Under,22.5,-109,2025-11-24,2025-11-24T00:27:38Z
BetOnline.ag,player_points,Luka Doncic,Over,32.5,-103,2025-11-24,2025-11-24T00:27:38Z
BetOnline.ag,player_points,Luka Doncic,Under,32.5,-125,2025-11-24,2025-11-24T00:27:38Z
BetOnline.ag,player_points,Devin Booker,Over,29.5,-108,2025-11-24,2025-11-24T00:29:46Z
BetOnline.ag,player_points,Devin Booker,Under,29.5,-120,2025-11-24,2025-11-24T00:29:46Z
BetOnline.ag,player_points,Julian Champagnie,Over,11.5,-108,2025-11-24,2025-11-24T00:29:46Z
BetOnline.ag,player_points,Julian Champagnie,Under,11.5,-120,2025-11-24,2025-11-24T00:29:46Z
BetOnline.ag,player_points,Jeremy Sochan,Over,8.5,-116,2025-11-24,2025-11-24T00:29:46Z
BetOnline.ag,player_points,Jeremy Sochan,Under,8.5,-111,2025-11-24,2025-11-24T00:29:46Z
BetOnline.ag,player_points,Royce O'Neale,Over,11.5,-108,2025-11-24,2025-11-24T00:29:46Z
BetOnline.ag,player_points,Royce O'Neale,Under,11.5,-120,2025-11-24,2025-11-24T00:29:46Z
BetOnline.ag,player_points,Harrison Barnes,Over,13.5,-123,2025-11-24,2025-11-24T00:29:46Z
BetOnline.ag,player_points,Harrison Barnes,Under,13.5,-104,2025-11-24,2025-11-24T00:29:46Z
BetOnline.ag,player_points,Dillon Brooks,Over,19.5,-103,2025-11-24,2025-11-24T00:29:46Z
BetOnline.ag,player_points,Dillon Brooks,Under,19.5,-125,2025-11-24,2025-11-24T00:29:46Z
BetOnline.ag,player_points,Luke Kornet,Over,9.5,-108,2025-11-24,2025-11-24T00:29:46Z
BetOnline.ag,player_points,Luke Kornet,Under,9.5,-120,2025-11-24,2025-11-24T00:29:46Z
BetOnline.ag,player_points,Mark Williams,Over,12.5,-114,2025-11-24,2025-11-24T00:29:46Z
BetOnline.ag,player_points,Mark Williams,Under,12.5,-114,2025-11-24,2025-11-24T00:29:46Z
BetOnline.ag,player_points,Keldon Johnson,Over,15.5,-102,2025-11-24,2025-11-24T00:29:46Z
BetOnline.ag,player_points,Keldon Johnson,Under,15.5,-127,2025-11-24,2025-11-24T00:29:46Z
BetOnline.ag,player_points,Devin Vassell,Over,17.5,-103,2025-11-24,2025-11-24T00:29:46Z
BetOnline.ag,player_points,Devin Vassell,Under,17.5,-125,2025-11-24,2025-11-24T00:29:46Z
BetOnline.ag,player_points,De'Aaron Fox,Over,23.5,-111,2025-11-24,2025-11-24T00:29:46Z
BetOnline.ag,player_points,De'Aaron Fox,Under,23.5,-116,2025-11-24,2025-11-24T00:29:46Z
BetOnline.ag,player_points,Ryan Dunn,Over,9.5,122,2025-11-24,2025-11-24T00:29:46Z
BetOnline.ag,player_points,Ryan Dunn,Under,9.5,-159,2025-11-24,2025-11-24T00:29:46Z
BetOnline.ag,player_points,Collin Gillespie,Over,14.5,-110,2025-11-24,2025-11-24T00:29:46Z
BetOnline.ag,player_points,Collin Gillespie,Under,14.5,-119,2025-11-24,2025-11-24T00:29:46Z
BetOnline.ag,player_points,Jordan Goodwin,Over,9.5,-111,2025-11-24,2025-11-24T00:29:46Z
BetOnline.ag,player_points,Jordan Goodwin,Under,9.5,-116,2025-11-24,2025-11-24T00:29:46Z
BetMGM,player_points,Lauri Markkanen,Over,26.5,-115,2025-11-24,2025-11-24T00:29:46Z
BetMGM,player_points,Lauri Markkanen,Under,26.5,-115,2025-11-24,2025-11-24T00:29:46Z
BetMGM,player_points,Austin Reaves,Over,22.5,-120,2025-11-24,2025-11-24T00:29:46Z
BetMGM,player_points,Austin Reaves,Under,22.5,-110,2025-11-24,2025-11-24T00:29:46Z
BetMGM,player_points,Isaiah Collier,Over,7.5,-125,2025-11-24,2025-11-24T00:29:46Z
BetMGM,player_points,Isaiah Collier,Under,7.5,-105,2025-11-24,2025-11-24T00:29:46Z
BetMGM,player_points,Luka Doncic,Over,31.5,-115,2025-11-24,2025-11-24T00:29:46Z
BetMGM,player_points,Luka Doncic,Under,31.5,-118,2025-11-24,2025-11-24T00:29:46Z
BetMGM,player_points,Keyonte George,Over,21.5,-110,2025-11-24,2025-11-24T00:29:46Z
BetMGM,player_points,Keyonte George,Under,21.5,-125,2025-11-24,2025-11-24T00:29:46Z
BetMGM,player_points,LeBron James,Over,18.5,-120,2025-11-24,2025-11-24T00:29:46Z
BetMGM,player_points,LeBron James,Under,18.5,-110,2025-11-24,2025-11-24T00:29:46Z
BetMGM,player_points,Jusuf Nurkic,Over,9.5,-110,2025-11-24,2025-11-24T00:29:46Z
BetMGM,player_points,Jusuf Nurkic,Under,9.5,-120,2025-11-24,2025-11-24T00:29:46Z
BetMGM,player_points,Rui Hachimura,Over,11.5,-115,2025-11-24,2025-11-24T00:29:46Z
BetMGM,player_points,Rui Hachimura,Under,11.5,-115,2025-11-24,2025-11-24T00:29:46Z
BetMGM,player_points,Svi Mykhailiuk,Over,8.5,-105,2025-11-24,2025-11-24T00:29:46Z
BetMGM,player_points,Svi Mykhailiuk,Under,8.5,-130,2025-11-24,2025-11-24T00:29:46Z
BetMGM,player_points,Ace Bailey,Over,11.5,-105,2025-11-24,2025-11-24T00:29:46Z
BetMGM,player_points,Ace Bailey,Under,11.5,-125,2025-11-24,2025-11-24T00:29:46Z
BetMGM,player_points,Brice Sensabaugh,Over,8.5,-105,2025-11-24,2025-11-24T00:29:46Z
BetMGM,player_points,Brice Sensabaugh,Under,8.5,-125,2025-11-24,2025-11-24T00:29:46Z
BetMGM,player_points,Jake LaRavia,Over,7.5,-135,2025-11-24,2025-11-24T00:29:46Z
BetMGM,player_points,Jake LaRavia,Under,7.5,100,2025-11-24,2025-11-24T00:29:46Z
BetMGM,player_points,Kevin Love,Over,4.5,-125,2025-11-24,2025-11-24T00:29:46Z
BetMGM,player_points,Kevin Love,Under,4.5,-105,2025-11-24,2025-11-24T00:29:46Z
BetMGM,player_points,Deandre Ayton,Over,14.5,100,2025-11-24,2025-11-24T00:29:46Z
BetMGM,player_points,Deandre Ayton,Under,14.5,-135,2025-11-24,2025-11-24T00:29:46Z
BetMGM,player_points,Kyle Filipowski,Over,8.5,-130,2025-11-24,2025-11-24T00:29:46Z
BetMGM,player_points,Kyle Filipowski,Under,8.5,-105,2025-11-24,2025-11-24T00:29:46Z
BetMGM,player_points,Marcus Smart,Over,7.5,-105,2025-11-24,2025-11-24T00:29:46Z
BetMGM,player_points,Marcus Smart,Under,7.5,-125,2025-11-24,2025-11-24T00:29:46Z
BetMGM,player_points,Mark Williams,Over,12.5,-115,2025-11-24,2025-11-24T00:29:29Z
BetMGM,player_points,Mark Williams,Under,12.5,-118,2025-11-24,2025-11-24T00:29:29Z
BetMGM,player_points,Royce O'Neale,Over,10.5,-130,2025-11-24,2025-11-24T00:29:29Z
BetMGM,player_points,Royce O'Neale,Under,10.5,100,2025-11-24,2025-11-24T00:29:29Z
BetMGM,player_points,Jeremy Sochan,Over,8.5,-118,2025-11-24,2025-11-24T00:29:29Z
BetMGM,player_points,Jeremy Sochan,Under,8.5,-115,2025-11-24,2025-11-24T00:29:29Z
BetMGM,player_points,Keldon Johnson,Over,15.5,-105,2025-11-24,2025-11-24T00:29:29Z
BetMGM,player_points,Keldon Johnson,Under,15.5,-130,2025-11-24,2025-11-24T00:29:29Z
BetMGM,player_points,Julian Champagnie,Over,11.5,-120,2025-11-24,2025-11-24T00:29:29Z
BetMGM,player_points,Julian Champagnie,Under,11.5,-110,2025-11-24,2025-11-24T00:29:29Z
BetMGM,player_points,Devin Booker,Over,29.5,-120,2025-11-24,2025-11-24T00:29:29Z
BetMGM,player_points,Devin Booker,Under,29.5,-110,2025-11-24,2025-11-24T00:29:29Z
BetMGM,player_points,Harrison Barnes,Over,13.5,-125,2025-11-24,2025-11-24T00:29:29Z
BetMGM,player_points,Harrison Barnes,Under,13.5,-105,2025-11-24,2025-11-24T00:29:29Z
BetMGM,player_points,Dillon Brooks,Over,18.5,-118,2025-11-24,2025-11-24T00:29:29Z
BetMGM,player_points,Dillon Brooks,Under,18.5,-110,2025-11-24,2025-11-24T00:29:29Z
BetMGM,player_points,Luke Kornet,Over,8.5,-125,2025-11-24,2025-11-24T00:29:29Z
BetMGM,player_points,Luke Kornet,Under,8.5,-105,2025-11-24,2025-11-24T00:29:29Z
BetMGM,player_points,Devin Vassell,Over,16.5,-120,2025-11-24,2025-11-24T00:29:29Z
BetMGM,player_points,Devin Vassell,Under,16.5,-110,2025-11-24,2025-11-24T00:29:29Z
BetMGM,player_points,De'Aaron Fox,Over,24.5,105,2025-11-24,2025-11-24T00:29:29Z
BetMGM,player_points,De'Aaron Fox,Under,24.5,-140,2025-11-24,2025-11-24T00:29:29Z
BetMGM,player_points,Jordan Goodwin,Over,9.5,-110,2025-11-24,2025-11-24T00:29:29Z
BetMGM,player_points,Jordan Goodwin,Under,9.5,-120,2025-11-24,2025-11-24T00:29:29Z
BetMGM,player_points,Collin Gillespie,Over,15.5,100,2025-11-24,2025-11-24T00:29:29Z
BetMGM,player_points,Collin Gillespie,Under,15.5,-130,2025-11-24,2025-11-24T00:29:29Z
Bovada,player_points,Ace Bailey,Over,9.5,-240,2025-11-24,2025-11-24T00:29:07Z
Bovada,player_points,Ace Bailey,Under,9.5,175,2025-11-24,2025-11-24T00:29:07Z
Bovada,player_points,Ace Bailey,Over,10.5,-170,2025-11-24,2025-11-24T00:29:07Z
Bovada,player_points,Ace Bailey,Under,10.5,130,2025-11-24,2025-11-24T00:29:07Z
Bovada,player_points,Ace Bailey,Over,11.5,-125,2025-11-24,2025-11-24T00:29:07Z
Bovada,player_points,Ace Bailey,Under,11.5,-105,2025-11-24,2025-11-24T00:29:07Z
Bovada,player_points,Ace Bailey,Over,12.5,105,2025-11-24,2025-11-24T00:29:07Z
Bovada,player_points,Ace Bailey,Under,12.5,-135,2025-11-24,2025-11-24T00:29:07Z
Bovada,player_points,Ace Bailey,Over,13.5,135,2025-11-24,2025-11-24T00:29:07Z
Bovada,player_points,Ace Bailey,Under,13.5,-180,2025-11-24,2025-11-24T00:29:07Z
Bovada,player_points,Ace Bailey,Over,14.5,175,2025-11-24,2025-11-24T00:29:07Z
Bovada,player_points,Ace Bailey,Under,14.5,-240,2025-11-24,2025-11-24T00:29:07Z
Bovada,player_points,Brice Sensabaugh,Over,6.5,-215,2025-11-24,2025-11-24T00:29:07Z
Bovada,player_points,Brice Sensabaugh,Under,6.5,160,2025-11-24,2025-11-24T00:29:07Z
Bovada,player_points,Brice Sensabaugh,Over,7.5,-145,2025-11-24,2025-11-24T00:29:07Z
Bovada,player_points,Brice Sensabaugh,Under,7.5,110,2025-11-24,2025-11-24T00:29:07Z
Bovada,player_points,Brice Sensabaugh,Over,8.5,-105,2025-11-24,2025-11-24T00:29:07Z
Bovada,player_points,Brice Sensabaugh,Under,8.5,-125,2025-11-24,2025-11-24T00:29:07Z
Bovada,player_points,Brice Sensabaugh,Over,9.5,130,2025-11-24,2025-11-24T00:29:07Z
Bovada,player_points,Brice Sensabaugh,Under,9.5,-170,2025-11-24,2025-11-24T00:29:07Z
Bovada,player_points,Brice Sensabaugh,Over,10.5,175,2025-11-24,2025-11-24T00:29:07Z
Bovada,player_points,Brice Sensabaugh,Under,10.5,-240,2025-11-24,2025-11-24T00:29:07Z
Bovada,player_points,Deandre Ayton,Over,12.5,-220,2025-11-24,2025-11-24T00:29:07Z
Bovada,player_points,Deandre Ayton,Under,12.5,165,2025-11-24,2025-11-24T00:29:07Z
Bovada,player_points,Deandre Ayton,Over,13.5,-165,2025-11-24,2025-11-24T00:29:07Z
Bovada,player_points,Deandre Ayton,Under,13.5,125,2025-11-24,2025-11-24T00:29:07Z
Bovada,player_points,Deandre Ayton,Over,14.5,-125,2025-11-24,2025-11-24T00:29:07Z
Bovada,player_points,Deandre Ayton,Under,14.5,-105,2025-11-24,2025-11-24T00:29:07Z
Bovada,player_points,Deandre Ayton,Over,15.5,105,2025-11-24,2025-11-24T00:29:07Z
Bovada,player_points,Deandre Ayton,Under,15.5,-135,2025-11-24,2025-11-24T00:29:07Z
Bovada,player_points,Deandre Ayton,Over,16.5,130,2025-11-24,2025-11-24T00:29:07Z
Bovada,player_points,Deandre Ayton,Under,16.5,-170,2025-11-24,2025-11-24T00:29:07Z
Bovada,player_points,Deandre Ayton,Over,17.5,165,2025-11-24,2025-11-24T00:29:07Z
Bovada,player_points,Deandre Ayton,Under,17.5,-220,2025-11-24,2025-11-24T00:29:07Z
Bovada,player_points,Deandre Ayton,Over,18.5,210,2025-11-24,2025-11-24T00:29:07Z
Bovada,player_points,Deandre Ayton,Under,18.5,-290,2025-11-24,2025-11-24T00:29:07Z
Bovada,player_points,Jusuf Nurkic,Over,7.5,-210,2025-11-24,2025-11-24T00:29:07Z
Bovada,player_points,Jusuf Nurkic,Under,7.5,155,2025-11-24,2025-11-24T00:29:07Z
Bovada,player_points,Jusuf Nurkic,Over,8.5,-145,2025-11-24,2025-11-24T00:29:07Z
Bovada,player_points,Jusuf Nurkic,Under,8.5,110,2025-11-24,2025-11-24T00:29:07Z
Bovada,player_points,Jusuf Nurkic,Over,9.5,-105,2025-11-24,2025-11-24T00:29:07Z
Bovada,player_points,Jusuf Nurkic,Under,9.5,-125,2025-11-24,2025-11-24T00:29:07Z
Bovada,player_points,Jusuf Nurkic,Over,10.5,130,2025-11-24,2025-11-24T00:29:07Z
Bovada,player_points,Jusuf Nurkic,Under,10.5,-170,2025-11-24,2025-11-24T00:29:07Z
Bovada,player_points,Jusuf Nurkic,Over,11.5,170,2025-11-24,2025-11-24T00:29:07Z
Bovada,player_points,Jusuf Nurkic,Under,11.5,-230,2025-11-24,2025-11-24T00:29:07Z
Bovada,player_points,Keyonte George,Over,17.5,-275,2025-11-24,2025-11-24T00:29:07Z
Bovada,player_points,Keyonte George,Under,17.5,200,2025-11-24,2025-11-24T00:29:07Z
Bovada,player_points,Keyonte George,Over,18.5,-210,2025-11-24,2025-11-24T00:29:07Z
Bovada,player_points,Keyonte George,Under,18.5,155,2025-11-24,2025-11-24T00:29:07Z
Bovada,player_points,Keyonte George,Over,19.5,-165,2025-11-24,2025-11-24T00:29:07Z
Bovada,player_points,Keyonte George,Under,19.5,125,2025-11-24,2025-11-24T00:29:07Z
Bovada,player_points,Keyonte George,Over,20.5,-130,2025-11-24,2025-11-24T00:29:07Z
Bovada,player_points,Keyonte George,Under,20.5,100,2025-11-24,2025-11-24T00:29:07Z
Bovada,player_points,Keyonte George,Over,21.5,-105,2025-11-24,2025-11-24T00:29:07Z
Bovada,player_points,Keyonte George,Under,21.5,-125,2025-11-24,2025-11-24T00:29:07Z
Bovada,player_points,Keyonte George,Over,22.5,120,2025-11-24,2025-11-24T00:29:07Z
Bovada,player_points,Keyonte George,Under,22.5,-160,2025-11-24,2025-11-24T00:29:07Z
Bovada,player_points,Keyonte George,Over,23.5,145,2025-11-24,2025-11-24T00:29:07Z
Bovada,player_points,Keyonte George,Under,23.5,-190,2025-11-24,2025-11-24T00:29:07Z
Bovada,player_points,Keyonte George,Over,24.5,175,2025-11-24,2025-11-24T00:29:07Z
Bovada,player_points,Keyonte George,Under,24.5,-240,2025-11-24,2025-11-24T00:29:07Z
Bovada,player_points,Keyonte George,Over,25.5,215,2025-11-24,2025-11-24T00:29:07Z
Bovada,player_points,Keyonte George,Under,25.5,-300,2025-11-24,2025-11-24T00:29:07Z
Bovada,player_points,Kyle Filipowski,Over,5.5,-280,2025-11-24,2025-11-24T00:29:07Z
Bovada,player_points,Kyle Filipowski,Under,5.5,205,2025-11-24,2025-11-24T00:29:07Z
Bovada,player_points,Kyle Filipowski,Over,6.5,-185,2025-11-24,2025-11-24T00:29:07Z
Bovada,player_points,Kyle Filipowski,Under,6.5,140,2025-11-24,2025-11-24T00:29:07Z
Bovada,player_points,Kyle Filipowski,Over,7.5,-125,2025-11-24,2025-11-24T00:29:07Z
Bovada,player_points,Kyle Filipowski,Under,7.5,-105,2025-11-24,2025-11-24T00:29:07Z
Bovada,player_points,Kyle Filipowski,Over,8.5,110,2025-11-24,2025-11-24T00:29:07Z
Bovada,player_points,Kyle Filipowski,Under,8.5,-145,2025-11-24,2025-11-24T00:29:07Z
Bovada,player_points,Kyle Filipowski,Over,9.5,150,2025-11-24,2025-11-24T00:29:07Z
Bovada,player_points,Kyle Filipowski,Under,9.5,-200,2025-11-24,2025-11-24T00:29:07Z
Bovada,player_points,Lauri Markkanen,Over,23.5,-260,2025-11-24,2025-11-24T00:29:07Z
Bovada,player_points,Lauri Markkanen,Under,23.5,190,2025-11-24,2025-11-24T00:29:07Z
Bovada,player_points,Lauri Markkanen,Over,24.5,-210,2025-11-24,2025-11-24T00:29:07Z
Bovada,player_points,Lauri Markkanen,Under,24.5,155,2025-11-24,2025-11-24T00:29:07Z
Bovada,player_points,Lauri Markkanen,Over,25.5,-165,2025-11-24,2025-11-24T00:29:07Z
Bovada,player_points,Lauri Markkanen,Under,25.5,125,2025-11-24,2025-11-24T00:29:07Z
Bovada,player_points,Lauri Markkanen,Over,26.5,-135,2025-11-24,2025-11-24T00:29:07Z
Bovada,player_points,Lauri Markkanen,Under,26.5,105,2025-11-24,2025-11-24T00:29:07Z
Bovada,player_points,Lauri Markkanen,Over,27.5,-115,2025-11-24,2025-11-24T00:29:07Z
Bovada,player_points,Lauri Markkanen,Under,27.5,-115,2025-11-24,2025-11-24T00:29:07Z
Bovada,player_points,Lauri Markkanen,Over,28.5,105,2025-11-24,2025-11-24T00:29:07Z
Bovada,player_points,Lauri Markkanen,Under,28.5,-135,2025-11-24,2025-11-24T00:29:07Z
Bovada,player_points,Lauri Markkanen,Over,29.5,130,2025-11-24,2025-11-24T00:29:07Z
Bovada,player_points,Lauri Markkanen,Under,29.5,-170,2025-11-24,2025-11-24T00:29:07Z
Bovada,player_points,Lauri Markkanen,Over,30.5,155,2025-11-24,2025-11-24T00:29:07Z
Bovada,player_points,Lauri Markkanen,Under,30.5,-210,2025-11-24,2025-11-24T00:29:07Z
Bovada,player_points,Lauri Markkanen,Over,31.5,185,2025-11-24,2025-11-24T00:29:07Z
Bovada,player_points,Lauri Markkanen,Under,31.5,-250,2025-11-24,2025-11-24T00:29:07Z
Bovada,player_points,LeBron James,Over,15.5,-275,2025-11-24,2025-11-24T00:29:07Z
Bovada,player_points,LeBron James,Under,15.5,200,2025-11-24,2025-11-24T00:29:07Z
Bovada,player_points,LeBron James,Over,16.5,-200,2025-11-24,2025-11-24T00:29:07Z
Bovada,player_points,LeBron James,Under,16.5,150,2025-11-24,2025-11-24T00:29:07Z
Bovada,player_points,LeBron James,Over,17.5,-160,2025-11-24,2025-11-24T00:29:07Z
Bovada,player_points,LeBron James,Under,17.5,120,2025-11-24,2025-11-24T00:29:07Z
Bovada,player_points,LeBron James,Over,18.5,-125,2025-11-24,2025-11-24T00:29:07Z
Bovada,player_points,LeBron James,Under,18.5,-105,2025-11-24,2025-11-24T00:29:07Z
Bovada,player_points,LeBron James,Over,19.5,100,2025-11-24,2025-11-24T00:29:07Z
Bovada,player_points,LeBron James,Under,19.5,-130,2025-11-24,2025-11-24T00:29:07Z
Bovada,player_points,LeBron James,Over,20.5,125,2025-11-24,2025-11-24T00:29:07Z
Bovada,player_points,LeBron James,Under,20.5,-165,2025-11-24,2025-11-24T00:29:07Z
Bovada,player_points,LeBron James,Over,21.5,155,2025-11-24,2025-11-24T00:29:07Z
Bovada,player_points,LeBron James,Under,21.5,-210,2025-11-24,2025-11-24T00:29:07Z
Bovada,player_points,LeBron James,Over,22.5,190,2025-11-24,2025-11-24T00:29:07Z
Bovada,player_points,LeBron James,Under,22.5,-260,2025-11-24,2025-11-24T00:29:07Z
Bovada,player_points,Luka Doncic,Over,27.5,-275,2025-11-24,2025-11-24T00:29:07Z
Bovada,player_points,Luka Doncic,Under,27.5,200,2025-11-24,2025-11-24T00:29:07Z
Bovada,player_points,Luka Doncic,Over,28.5,-220,2025-11-24,2025-11-24T00:29:07Z
Bovada,player_points,Luka Doncic,Under,28.5,165,2025-11-24,2025-11-24T00:29:07Z
Bovada,player_points,Luka Doncic,Over,29.5,-180,2025-11-24,2025-11-24T00:29:07Z
Bovada,player_points,Luka Doncic,Under,29.5,135,2025-11-24,2025-11-24T00:29:07Z
Bovada,player_points,Luka Doncic,Over,30.5,-150,2025-11-24,2025-11-24T00:29:07Z
Bovada,player_points,Luka Doncic,Under,30.5,115,2025-11-24,2025-11-24T00:29:07Z
Bovada,player_points,Luka Doncic,Over,31.5,-125,2025-11-24,2025-11-24T00:29:07Z
Bovada,player_points,Luka Doncic,Under,31.5,-105,2025-11-24,2025-11-24T00:29:07Z
Bovada,player_points,Luka Doncic,Over,32.5,-105,2025-11-24,2025-11-24T00:29:07Z
Bovada,player_points,Luka Doncic,Under,32.5,-125,2025-11-24,2025-11-24T00:29:07Z
Bovada,player_points,Luka Doncic,Over,33.5,115,2025-11-24,2025-11-24T00:29:07Z
Bovada,player_points,Luka Doncic,Under,33.5,-150,2025-11-24,2025-11-24T00:29:07Z
Bovada,player_points,Luka Doncic,Over,34.5,135,2025-11-24,2025-11-24T00:29:07Z
Bovada,player_points,Luka Doncic,Under,34.5,-180,2025-11-24,2025-11-24T00:29:07Z
Bovada,player_points,Luka Doncic,Over,35.5,160,2025-11-24,2025-11-24T00:29:07Z
Bovada,player_points,Luka Doncic,Under,35.5,-215,2025-11-24,2025-11-24T00:29:07Z
Bovada,player_points,Luka Doncic,Over,36.5,185,2025-11-24,2025-11-24T00:29:07Z
Bovada,player_points,Luka Doncic,Under,36.5,-250,2025-11-24,2025-11-24T00:29:07Z
Bovada,player_points,Rui Hachimura,Over,8.5,-275,2025-11-24,2025-11-24T00:29:07Z
Bovada,player_points,Rui Hachimura,Under,8.5,200,2025-11-24,2025-11-24T00:29:07Z
Bovada,player_points,Rui Hachimura,Over,9.5,-190,2025-11-24,2025-11-24T00:29:07Z
Bovada,player_points,Rui Hachimura,Under,9.5,145,2025-11-24,2025-11-24T00:29:07Z
Bovada,player_points,Rui Hachimura,Over,10.5,-145,2025-11-24,2025-11-24T00:29:07Z
Bovada,player_points,Rui Hachimura,Under,10.5,110,2025-11-24,2025-11-24T00:29:07Z
Bovada,player_points,Rui Hachimura,Over,11.5,-105,2025-11-24,2025-11-24T00:29:07Z
Bovada,player_points,Rui Hachimura,Under,11.5,-125,2025-11-24,2025-11-24T00:29:07Z
Bovada,player_points,Rui Hachimura,Over,12.5,125,2025-11-24,2025-11-24T00:29:07Z
Bovada,player_points,Rui Hachimura,Under,12.5,-165,2025-11-24,2025-11-24T00:29:07Z
Bovada,player_points,Rui Hachimura,Over,13.5,165,2025-11-24,2025-11-24T00:29:07Z
Bovada,player_points,Rui Hachimura,Under,13.5,-220,2025-11-24,2025-11-24T00:29:07Z
Bovada,player_points,Rui Hachimura,Over,14.5,210,2025-11-24,2025-11-24T00:29:07Z
Bovada,player_points,Rui Hachimura,Under,14.5,-290,2025-11-24,2025-11-24T00:29:07Z
Bovada,player_points,Svi Mykhailiuk,Over,8.5,100,2025-11-24,2025-11-24T00:29:07Z
Bovada,player_points,Svi Mykhailiuk,Under,8.5,-130,2025-11-24,2025-11-24T00:29:07Z
Bovada,player_points,Collin Gillespie,Over,12.5,-230,2025-11-24,2025-11-24T00:29:47Z
Bovada,player_points,Collin Gillespie,Under,12.5,170,2025-11-24,2025-11-24T00:29:47Z
Bovada,player_points,Collin Gillespie,Over,13.5,-170,2025-11-24,2025-11-24T00:29:47Z
Bovada,player_points,Collin Gillespie,Under,13.5,130,2025-11-24,2025-11-24T00:29:47Z
Bovada,player_points,Collin Gillespie,Over,14.5,-130,2025-11-24,2025-11-24T00:29:47Z
Bovada,player_points,Collin Gillespie,Under,14.5,100,2025-11-24,2025-11-24T00:29:47Z
Bovada,player_points,Collin Gillespie,Over,15.5,100,2025-11-24,2025-11-24T00:29:47Z
Bovada,player_points,Collin Gillespie,Under,15.5,-130,2025-11-24,2025-11-24T00:29:47Z
Bovada,player_points,Collin Gillespie,Over,16.5,125,2025-11-24,2025-11-24T00:29:47Z
Bovada,player_points,Collin Gillespie,Under,16.5,-165,2025-11-24,2025-11-24T00:29:47Z
Bovada,player_points,Collin Gillespie,Over,17.5,160,2025-11-24,2025-11-24T00:29:47Z
Bovada,player_points,Collin Gillespie,Under,17.5,-215,2025-11-24,2025-11-24T00:29:47Z
Bovada,player_points,Collin Gillespie,Over,18.5,200,2025-11-24,2025-11-24T00:29:47Z
Bovada,player_points,Collin Gillespie,Under,18.5,-275,2025-11-24,2025-11-24T00:29:47Z
Bovada,player_points,De'Aaron Fox,Over,20.5,-240,2025-11-24,2025-11-24T00:29:47Z
Bovada,player_points,De'Aaron Fox,Under,20.5,175,2025-11-24,2025-11-24T00:29:47Z
Bovada,player_points,De'Aaron Fox,Over,21.5,-190,2025-11-24,2025-11-24T00:29:47Z
Bovada,player_points,De'Aaron Fox,Under,21.5,145,2025-11-24,2025-11-24T00:29:47Z
Bovada,player_points,De'Aaron Fox,Over,22.5,-150,2025-11-24,2025-11-24T00:29:47Z
Bovada,player_points,De'Aaron Fox,Under,22.5,115,2025-11-24,2025-11-24T00:29:47Z
Bovada,player_points,De'Aaron Fox,Over,23.5,-125,2025-11-24,2025-11-24T00:29:47Z
Bovada,player_points,De'Aaron Fox,Under,23.5,-105,2025-11-24,2025-11-24T00:29:47Z
Bovada,player_points,De'Aaron Fox,Over,24.5,100,2025-11-24,2025-11-24T00:29:47Z
Bovada,player_points,De'Aaron Fox,Under,24.5,-130,2025-11-24,2025-11-24T00:29:47Z
Bovada,player_points,De'Aaron Fox,Over,25.5,120,2025-11-24,2025-11-24T00:29:47Z
Bovada,player_points,De'Aaron Fox,Under,25.5,-160,2025-11-24,2025-11-24T00:29:47Z
Bovada,player_points,De'Aaron Fox,Over,26.5,145,2025-11-24,2025-11-24T00:29:47Z
Bovada,player_points,De'Aaron Fox,Under,26.5,-190,2025-11-24,2025-11-24T00:29:47Z
Bovada,player_points,De'Aaron Fox,Over,27.5,175,2025-11-24,2025-11-24T00:29:47Z
Bovada,player_points,De'Aaron Fox,Under,27.5,-240,2025-11-24,2025-11-24T00:29:47Z
Bovada,player_points,De'Aaron Fox,Over,28.5,215,2025-11-24,2025-11-24T00:29:47Z
Bovada,player_points,De'Aaron Fox,Under,28.5,-300,2025-11-24,2025-11-24T00:29:47Z
Bovada,player_points,Devin Booker,Over,25.5,-240,2025-11-24,2025-11-24T00:29:47Z
Bovada,player_points,Devin Booker,Under,25.5,175,2025-11-24,2025-11-24T00:29:47Z
Bovada,player_points,Devin Booker,Over,26.5,-190,2025-11-24,2025-11-24T00:29:47Z
Bovada,player_points,Devin Booker,Under,26.5,145,2025-11-24,2025-11-24T00:29:47Z
Bovada,player_points,Devin Booker,Over,27.5,-160,2025-11-24,2025-11-24T00:29:47Z
Bovada,player_points,Devin Booker,Under,27.5,120,2025-11-24,2025-11-24T00:29:47Z
Bovada,player_points,Devin Booker,Over,28.5,-130,2025-11-24,2025-11-24T00:29:47Z
Bovada,player_points,Devin Booker,Under,28.5,100,2025-11-24,2025-11-24T00:29:47Z
Bovada,player_points,Devin Booker,Over,29.5,-110,2025-11-24,2025-11-24T00:29:47Z
Bovada,player_points,Devin Booker,Under,29.5,-120,2025-11-24,2025-11-24T00:29:47Z
Bovada,player_points,Devin Booker,Over,30.5,110,2025-11-24,2025-11-24T00:29:47Z
Bovada,player_points,Devin Booker,Under,30.5,-145,2025-11-24,2025-11-24T00:29:47Z
Bovada,player_points,Devin Booker,Over,31.5,130,2025-11-24,2025-11-24T00:29:47Z
Bovada,player_points,Devin Booker,Under,31.5,-170,2025-11-24,2025-11-24T00:29:47Z
Bovada,player_points,Devin Booker,Over,32.5,155,2025-11-24,2025-11-24T00:29:47Z
Bovada,player_points,Devin Booker,Under,32.5,-210,2025-11-24,2025-11-24T00:29:47Z
Bovada,player_points,Devin Booker,Over,33.5,185,2025-11-24,2025-11-24T00:29:47Z
Bovada,player_points,Devin Booker,Under,33.5,-250,2025-11-24,2025-11-24T00:29:47Z
Bovada,player_points,Devin Vassell,Over,14.5,-220,2025-11-24,2025-11-24T00:29:47Z
Bovada,player_points,Devin Vassell,Under,14.5,165,2025-11-24,2025-11-24T00:29:47Z
Bovada,player_points,Devin Vassell,Over,15.5,-170,2025-11-24,2025-11-24T00:29:47Z
Bovada,player_points,Devin Vassell,Under,15.5,130,2025-11-24,2025-11-24T00:29:47Z
Bovada,player_points,Devin Vassell,Over,16.5,-130,2025-11-24,2025-11-24T00:29:47Z
Bovada,player_points,Devin Vassell,Under,16.5,100,2025-11-24,2025-11-24T00:29:47Z
Bovada,player_points,Devin Vassell,Over,17.5,-105,2025-11-24,2025-11-24T00:29:47Z
Bovada,player_points,Devin Vassell,Under,17.5,-125,2025-11-24,2025-11-24T00:29:47Z
Bovada,player_points,Devin Vassell,Over,18.5,120,2025-11-24,2025-11-24T00:29:47Z
Bovada,player_points,Devin Vassell,Under,18.5,-160,2025-11-24,2025-11-24T00:29:47Z
Bovada,player_points,Devin Vassell,Over,19.5,150,2025-11-24,2025-11-24T00:29:47Z
Bovada,player_points,Devin Vassell,Under,19.5,-200,2025-11-24,2025-11-24T00:29:47Z
Bovada,player_points,Devin Vassell,Over,20.5,190,2025-11-24,2025-11-24T00:29:47Z
Bovada,player_points,Devin Vassell,Under,20.5,-260,2025-11-24,2025-11-24T00:29:47Z
Bovada,player_points,Dillon Brooks,Over,15.5,-300,2025-11-24,2025-11-24T00:29:47Z
Bovada,player_points,Dillon Brooks,Under,15.5,215,2025-11-24,2025-11-24T00:29:47Z
Bovada,player_points,Dillon Brooks,Over,16.5,-220,2025-11-24,2025-11-24T00:29:47Z
Bovada,player_points,Dillon Brooks,Under,16.5,165,2025-11-24,2025-11-24T00:29:47Z
Bovada,player_points,Dillon Brooks,Over,17.5,-170,2025-11-24,2025-11-24T00:29:47Z
Bovada,player_points,Dillon Brooks,Under,17.5,130,2025-11-24,2025-11-24T00:29:47Z
Bovada,player_points,Dillon Brooks,Over,18.5,-135,2025-11-24,2025-11-24T00:29:47Z
Bovada,player_points,Dillon Brooks,Under,18.5,105,2025-11-24,2025-11-24T00:29:47Z
Bovada,player_points,Dillon Brooks,Over,19.5,-110,2025-11-24,2025-11-24T00:29:47Z
Bovada,player_points,Dillon Brooks,Under,19.5,-120,2025-11-24,2025-11-24T00:29:47Z
Bovada,player_points,Dillon Brooks,Over,20.5,115,2025-11-24,2025-11-24T00:29:47Z
Bovada,player_points,Dillon Brooks,Under,20.5,-150,2025-11-24,2025-11-24T00:29:47Z
Bovada,player_points,Dillon Brooks,Over,21.5,140,2025-11-24,2025-11-24T00:29:47Z
Bovada,player_points,Dillon Brooks,Under,21.5,-185,2025-11-24,2025-11-24T00:29:47Z
Bovada,player_points,Dillon Brooks,Over,22.5,175,2025-11-24,2025-11-24T00:29:47Z
Bovada,player_points,Dillon Brooks,Under,22.5,-240,2025-11-24,2025-11-24T00:29:47Z
Bovada,player_points,Harrison Barnes,Over,11.5,-240,2025-11-24,2025-11-24T00:29:47Z
Bovada,player_points,Harrison Barnes,Under,11.5,175,2025-11-24,2025-11-24T00:29:47Z
Bovada,player_points,Harrison Barnes,Over,12.5,-170,2025-11-24,2025-11-24T00:29:47Z
Bovada,player_points,Harrison Barnes,Under,12.5,130,2025-11-24,2025-11-24T00:29:47Z
Bovada,player_points,Harrison Barnes,Over,13.5,-130,2025-11-24,2025-11-24T00:29:47Z
Bovada,player_points,Harrison Barnes,Under,13.5,100,2025-11-24,2025-11-24T00:29:47Z
Bovada,player_points,Harrison Barnes,Over,14.5,100,2025-11-24,2025-11-24T00:29:47Z
Bovada,player_points,Harrison Barnes,Under,14.5,-130,2025-11-24,2025-11-24T00:29:47Z
Bovada,player_points,Harrison Barnes,Over,15.5,130,2025-11-24,2025-11-24T00:29:47Z
Bovada,player_points,Harrison Barnes,Under,15.5,-170,2025-11-24,2025-11-24T00:29:47Z
Bovada,player_points,Harrison Barnes,Over,16.5,165,2025-11-24,2025-11-24T00:29:47Z
Bovada,player_points,Harrison Barnes,Under,16.5,-220,2025-11-24,2025-11-24T00:29:47Z
Bovada,player_points,Harrison Barnes,Over,17.5,205,2025-11-24,2025-11-24T00:29:47Z
Bovada,player_points,Harrison Barnes,Under,17.5,-280,2025-11-24,2025-11-24T00:29:47Z
Bovada,player_points,Jeremy Sochan,Over,6.5,-240,2025-11-24,2025-11-24T00:29:47Z
Bovada,player_points,Jeremy Sochan,Under,6.5,175,2025-11-24,2025-11-24T00:29:47Z
Bovada,player_points,Jeremy Sochan,Over,7.5,-165,2025-11-24,2025-11-24T00:29:47Z
Bovada,player_points,Jeremy Sochan,Under,7.5,125,2025-11-24,2025-11-24T00:29:47Z
Bovada,player_points,Jeremy Sochan,Over,8.5,-115,2025-11-24,2025-11-24T00:29:47Z
Bovada,player_points,Jeremy Sochan,Under,8.5,-115,2025-11-24,2025-11-24T00:29:47Z
Bovada,player_points,Jeremy Sochan,Over,9.5,120,2025-11-24,2025-11-24T00:29:47Z
Bovada,player_points,Jeremy Sochan,Under,9.5,-160,2025-11-24,2025-11-24T00:29:47Z
Bovada,player_points,Jeremy Sochan,Over,10.5,160,2025-11-24,2025-11-24T00:29:47Z
Bovada,player_points,Jeremy Sochan,Under,10.5,-215,2025-11-24,2025-11-24T00:29:47Z
Bovada,player_points,Jordan Goodwin,Over,7.5,-220,2025-11-24,2025-11-24T00:29:47Z
Bovada,player_points,Jordan Goodwin,Under,7.5,165,2025-11-24,2025-11-24T00:29:47Z
Bovada,player_points,Jordan Goodwin,Over,8.5,-150,2025-11-24,2025-11-24T00:29:47Z
Bovada,player_points,Jordan Goodwin,Under,8.5,115,2025-11-24,2025-11-24T00:29:47Z
Bovada,player_points,Jordan Goodwin,Over,9.5,-110,2025-11-24,2025-11-24T00:29:47Z
Bovada,player_points,Jordan Goodwin,Under,9.5,-120,2025-11-24,2025-11-24T00:29:47Z
Bovada,player_points,Jordan Goodwin,Over,10.5,125,2025-11-24,2025-11-24T00:29:47Z
Bovada,player_points,Jordan Goodwin,Under,10.5,-165,2025-11-24,2025-11-24T00:29:47Z
Bovada,player_points,Jordan Goodwin,Over,11.5,165,2025-11-24,2025-11-24T00:29:47Z
Bovada,player_points,Jordan Goodwin,Under,11.5,-220,2025-11-24,2025-11-24T00:29:47Z
Bovada,player_points,Julian Champagnie,Over,9.5,-215,2025-11-24,2025-11-24T00:29:47Z
Bovada,player_points,Julian Champagnie,Under,9.5,160,2025-11-24,2025-11-24T00:29:47Z
Bovada,player_points,Julian Champagnie,Over,10.5,-150,2025-11-24,2025-11-24T00:29:47Z
Bovada,player_points,Julian Champagnie,Under,10.5,115,2025-11-24,2025-11-24T00:29:47Z
Bovada,player_points,Julian Champagnie,Over,11.5,-115,2025-11-24,2025-11-24T00:29:47Z
Bovada,player_points,Julian Champagnie,Under,11.5,-115,2025-11-24,2025-11-24T00:29:47Z
Bovada,player_points,Julian Champagnie,Over,12.5,115,2025-11-24,2025-11-24T00:29:47Z
Bovada,player_points,Julian Champagnie,Under,12.5,-150,2025-11-24,2025-11-24T00:29:47Z
Bovada,player_points,Julian Champagnie,Over,13.5,150,2025-11-24,2025-11-24T00:29:47Z
Bovada,player_points,Julian Champagnie,Under,13.5,-200,2025-11-24,2025-11-24T00:29:47Z
Bovada,player_points,Julian Champagnie,Over,14.5,190,2025-11-24,2025-11-24T00:29:47Z
Bovada,player_points,Julian Champagnie,Under,14.5,-260,2025-11-24,2025-11-24T00:29:47Z
Bovada,player_points,Keldon Johnson,Over,12.5,-240,2025-11-24,2025-11-24T00:29:47Z
Bovada,player_points,Keldon Johnson,Under,12.5,175,2025-11-24,2025-11-24T00:29:47Z
Bovada,player_points,Keldon Johnson,Over,13.5,-180,2025-11-24,2025-11-24T00:29:47Z
Bovada,player_points,Keldon Johnson,Under,13.5,135,2025-11-24,2025-11-24T00:29:47Z
Bovada,player_points,Keldon Johnson,Over,14.5,-135,2025-11-24,2025-11-24T00:29:47Z
Bovada,player_points,Keldon Johnson,Under,14.5,105,2025-11-24,2025-11-24T00:29:47Z
Bovada,player_points,Keldon Johnson,Over,15.5,-105,2025-11-24,2025-11-24T00:29:47Z
Bovada,player_points,Keldon Johnson,Under,15.5,-125,2025-11-24,2025-11-24T00:29:47Z
Bovada,player_points,Keldon Johnson,Over,16.5,120,2025-11-24,2025-11-24T00:29:47Z
Bovada,player_points,Keldon Johnson,Under,16.5,-160,2025-11-24,2025-11-24T00:29:47Z
Bovada,player_points,Keldon Johnson,Over,17.5,150,2025-11-24,2025-11-24T00:29:47Z
Bovada,player_points,Keldon Johnson,Under,17.5,-200,2025-11-24,2025-11-24T00:29:47Z
Bovada,player_points,Keldon Johnson,Over,18.5,190,2025-11-24,2025-11-24T00:29:47Z
Bovada,player_points,Keldon Johnson,Under,18.5,-260,2025-11-24,2025-11-24T00:29:47Z
Bovada,player_points,Luke Kornet,Over,6.5,-260,2025-11-24,2025-11-24T00:29:47Z
Bovada,player_points,Luke Kornet,Under,6.5,190,2025-11-24,2025-11-24T00:29:47Z
Bovada,player_points,Luke Kornet,Over,7.5,-180,2025-11-24,2025-11-24T00:29:47Z
Bovada,player_points,Luke Kornet,Under,7.5,135,2025-11-24,2025-11-24T00:29:47Z
Bovada,player_points,Luke Kornet,Over,8.5,-125,2025-11-24,2025-11-24T00:29:47Z
Bovada,player_points,Luke Kornet,Under,8.5,-105,2025-11-24,2025-11-24T00:29:47Z
Bovada,player_points,Luke Kornet,Over,9.5,110,2025-11-24,2025-11-24T00:29:47Z
Bovada,player_points,Luke Kornet,Under,9.5,-145,2025-11-24,2025-11-24T00:29:47Z
Bovada,player_points,Luke Kornet,Over,10.5,150,2025-11-24,2025-11-24T00:29:47Z
Bovada,player_points,Luke Kornet,Under,10.5,-200,2025-11-24,2025-11-24T00:29:47Z
Bovada,player_points,Mark Williams,Over,10.5,-210,2025-11-24,2025-11-24T00:29:47Z
Bovada,player_points,Mark Williams,Under,10.5,155,2025-11-24,2025-11-24T00:29:47Z
Bovada,player_points,Mark Williams,Over,11.5,-150,2025-11-24,2025-11-24T00:29:47Z
Bovada,player_points,Mark Williams,Under,11.5,115,2025-11-24,2025-11-24T00:29:47Z
Bovada,player_points,Mark Williams,Over,12.5,-115,2025-11-24,2025-11-24T00:29:47Z
Bovada,player_points,Mark Williams,Under,12.5,-115,2025-11-24,2025-11-24T00:29:47Z
Bovada,player_points,Mark Williams,Over,13.5,115,2025-11-24,2025-11-24T00:29:47Z
Bovada,player_points,Mark Williams,Under,13.5,-150,2025-11-24,2025-11-24T00:29:47Z
Bovada,player_points,Mark Williams,Over,14.5,150,2025-11-24,2025-11-24T00:29:47Z
Bovada,player_points,Mark Williams,Under,14.5,-200,2025-11-24,2025-11-24T00:29:47Z
Bovada,player_points,Mark Williams,Over,15.5,190,2025-11-24,2025-11-24T00:29:47Z
Bovada,player_points,Mark Williams,Under,15.5,-260,2025-11-24,2025-11-24T00:29:47Z
Bovada,player_points,Royce O'Neale,Over,8.5,-290,2025-11-24,2025-11-24T00:29:47Z
Bovada,player_points,Royce O'Neale,Under,8.5,210,2025-11-24,2025-11-24T00:29:47Z
Bovada,player_points,Royce O'Neale,Over,9.5,-200,2025-11-24,2025-11-24T00:29:47Z
Bovada,player_points,Royce O'Neale,Under,9.5,150,2025-11-24,2025-11-24T00:29:47Z
Bovada,player_points,Royce O'Neale,Over,10.5,-145,2025-11-24,2025-11-24T00:29:47Z
Bovada,player_points,Royce O'Neale,Under,10.5,110,2025-11-24,2025-11-24T00:29:47Z
Bovada,player_points,Royce O'Neale,Over,11.5,-110,2025-11-24,2025-11-24T00:29:47Z
Bovada,player_points,Royce O'Neale,Under,11.5,-120,2025-11-24,2025-11-24T00:29:47Z
Bovada,player_points,Royce O'Neale,Over,12.5,120,2025-11-24,2025-11-24T00:29:47Z
Bovada,player_points,Royce O'Neale,Under,12.5,-160,2025-11-24,2025-11-24T00:29:47Z
Bovada,player_points,Royce O'Neale,Over,13.5,160,2025-11-24,2025-11-24T00:29:47Z
Bovada,player_points,Royce O'Neale,Under,13.5,-215,2025-11-24,2025-11-24T00:29:47Z
BetRivers,player_points,Deandre Ayton,Over,15.5,102,2025-11-24,2025-11-24T00:29:49Z
BetRivers,player_points,Deandre Ayton,Under,15.5,-134,2025-11-24,2025-11-24T00:29:49Z
BetRivers,player_points,Jusuf Nurkic,Over,8.5,-122,2025-11-24,2025-11-24T00:29:49Z
BetRivers,player_points,Jusuf Nurkic,Under,8.5,-108,2025-11-24,2025-11-24T00:29:49Z
BetRivers,player_points,Ace Bailey,Over,12.5,110,2025-11-24,2025-11-24T00:29:49Z
BetRivers,player_points,Ace Bailey,Under,12.5,-150,2025-11-24,2025-11-24T00:29:49Z
BetRivers,player_points,Keyonte George,Over,21.5,105,2025-11-24,2025-11-24T00:29:49Z
BetRivers,player_points,Keyonte George,Under,21.5,-141,2025-11-24,2025-11-24T00:29:49Z
BetRivers,player_points,Keyonte George,Over,20.5,-113,2025-11-24,2025-11-24T00:29:49Z
BetRivers,player_points,Keyonte George,Under,20.5,-118,2025-11-24,2025-11-24T00:29:49Z
BetRivers,player_points,Lauri Markkanen,Over,26.5,-114,2025-11-24,2025-11-24T00:29:49Z
BetRivers,player_points,Lauri Markkanen,Under,26.5,-117,2025-11-24,2025-11-24T00:29:49Z
BetRivers,player_points,Svi Mykhailiuk,Over,7.5,-139,2025-11-24,2025-11-24T00:29:49Z
BetRivers,player_points,Svi Mykhailiuk,Under,7.5,104,2025-11-24,2025-11-24T00:29:49Z
BetRivers,player_points,Ace Bailey,Over,11.5,-115,2025-11-24,2025-11-24T00:29:49Z
BetRivers,player_points,Ace Bailey,Under,11.5,-115,2025-11-24,2025-11-24T00:29:49Z
BetRivers,player_points,Lauri Markkanen,Over,25.5,-134,2025-11-24,2025-11-24T00:29:49Z
BetRivers,player_points,Lauri Markkanen,Under,25.5,100,2025-11-24,2025-11-24T00:29:49Z
BetRivers,player_points,Lauri Markkanen,Over,27.5,104,2025-11-24,2025-11-24T00:29:49Z
BetRivers,player_points,Lauri Markkanen,Under,27.5,-137,2025-11-24,2025-11-24T00:29:49Z
BetRivers,player_points,Austin Reaves,Over,24.5,112,2025-11-24,2025-11-24T00:29:49Z
BetRivers,player_points,Austin Reaves,Under,24.5,-155,2025-11-24,2025-11-24T00:29:49Z
BetRivers,player_points,Lauri Markkanen,Over,28.5,120,2025-11-24,2025-11-24T00:29:49Z
BetRivers,player_points,Lauri Markkanen,Under,28.5,-167,2025-11-24,2025-11-24T00:29:49Z
BetRivers,player_points,Keyonte George,Over,18.5,-162,2025-11-24,2025-11-24T00:29:49Z
BetRivers,player_points,Keyonte George,Under,18.5,117,2025-11-24,2025-11-24T00:29:49Z
BetRivers,player_points,Keyonte George,Over,19.5,-132,2025-11-24,2025-11-24T00:29:49Z
BetRivers,player_points,Keyonte George,Under,19.5,100,2025-11-24,2025-11-24T00:29:49Z
BetRivers,player_points,Deandre Ayton,Over,13.5,-167,2025-11-24,2025-11-24T00:29:49Z
BetRivers,player_points,Deandre Ayton,Under,13.5,120,2025-11-24,2025-11-24T00:29:49Z
BetRivers,player_points,LeBron James,Over,18.5,-134,2025-11-24,2025-11-24T00:29:49Z
BetRivers,player_points,LeBron James,Under,18.5,102,2025-11-24,2025-11-24T00:29:49Z
BetRivers,player_points,Luka Doncic,Over,31.5,-137,2025-11-24,2025-11-24T00:29:49Z
BetRivers,player_points,Luka Doncic,Under,31.5,104,2025-11-24,2025-11-24T00:29:49Z
BetRivers,player_points,Deandre Ayton,Over,14.5,-125,2025-11-24,2025-11-24T00:29:49Z
BetRivers,player_points,Deandre Ayton,Under,14.5,-107,2025-11-24,2025-11-24T00:29:49Z
BetRivers,player_points,Rui Hachimura,Over,10.5,-132,2025-11-24,2025-11-24T00:29:49Z
BetRivers,player_points,Rui Hachimura,Under,10.5,100,2025-11-24,2025-11-24T00:29:49Z
BetRivers,player_points,Austin Reaves,Over,22.5,-127,2025-11-24,2025-11-24T00:29:49Z
BetRivers,player_points,Austin Reaves,Under,22.5,-105,2025-11-24,2025-11-24T00:29:49Z
BetRivers,player_points,Austin Reaves,Over,23.5,-106,2025-11-24,2025-11-24T00:29:49Z
BetRivers,player_points,Austin Reaves,Under,23.5,-125,2025-11-24,2025-11-24T00:29:49Z
BetRivers,player_points,Rui Hachimura,Over,11.5,-104,2025-11-24,2025-11-24T00:29:49Z
BetRivers,player_points,Rui Hachimura,Under,11.5,-129,2025-11-24,2025-11-24T00:29:49Z
BetRivers,player_points,Luka Doncic,Over,33.5,107,2025-11-24,2025-11-24T00:29:49Z
BetRivers,player_points,Luka Doncic,Under,33.5,-143,2025-11-24,2025-11-24T00:29:49Z
BetRivers,player_points,LeBron James,Over,20.5,112,2025-11-24,2025-11-24T00:29:49Z
BetRivers,player_points,LeBron James,Under,20.5,-155,2025-11-24,2025-11-24T00:29:49Z
BetRivers,player_points,Svi Mykhailiuk,Over,8.5,-103,2025-11-24,2025-11-24T00:29:49Z
BetRivers,player_points,Svi Mykhailiuk,Under,8.5,-130,2025-11-24,2025-11-24T00:29:49Z
BetRivers,player_points,Jusuf Nurkic,Over,9.5,105,2025-11-24,2025-11-24T00:29:49Z
BetRivers,player_points,Jusuf Nurkic,Under,9.5,-141,2025-11-24,2025-11-24T00:29:49Z
BetRivers,player_points,LeBron James,Over,19.5,-109,2025-11-24,2025-11-24T00:29:49Z
BetRivers,player_points,LeBron James,Under,19.5,-122,2025-11-24,2025-11-24T00:29:49Z
BetRivers,player_points,Luka Doncic,Over,32.5,-114,2025-11-24,2025-11-24T00:29:49Z
BetRivers,player_points,Luka Doncic,Under,32.5,-117,2025-11-24,2025-11-24T00:29:49Z
BetRivers,player_points,Lauri Markkanen,Over,24.5,-159,2025-11-24,2025-11-24T00:29:49Z
BetRivers,player_points,Lauri Markkanen,Under,24.5,116,2025-11-24,2025-11-24T00:29:49Z
BetRivers,player_points,Austin Reaves,Over,21.5,-157,2025-11-24,2025-11-24T00:29:49Z
BetRivers,player_points,Austin Reaves,Under,21.5,114,2025-11-24,2025-11-24T00:29:49Z
BetRivers,player_points,Ace Bailey,Over,10.5,-150,2025-11-24,2025-11-24T00:29:49Z
BetRivers,player_points,Ace Bailey,Under,10.5,110,2025-11-24,2025-11-24T00:29:49Z
BetRivers,player_points,Collin Gillespie,Over,14.5,-113,2025-11-24,2025-11-24T00:29:39Z
BetRivers,player_points,Collin Gillespie,Under,14.5,-118,2025-11-24,2025-11-24T00:29:39Z
BetRivers,player_points,Mark Williams,Over,11.5,-162,2025-11-24,2025-11-24T00:29:39Z
BetRivers,player_points,Mark Williams,Under,11.5,118,2025-11-24,2025-11-24T00:29:39Z
BetRivers,player_points,Devin Vassell,Over,17.5,102,2025-11-24,2025-11-24T00:29:39Z
BetRivers,player_points,Devin Vassell,Under,17.5,-136,2025-11-24,2025-11-24T00:29:39Z
BetRivers,player_points,Keldon Johnson,Over,16.5,118,2025-11-24,2025-11-24T00:29:39Z
BetRivers,player_points,Keldon Johnson,Under,16.5,-165,2025-11-24,2025-11-24T00:29:39Z
BetRivers,player_points,Collin Gillespie,Over,15.5,108,2025-11-24,2025-11-24T00:29:39Z
BetRivers,player_points,Collin Gillespie,Under,15.5,-143,2025-11-24,2025-11-24T00:29:39Z
BetRivers,player_points,Julian Champagnie,Over,11.5,102,2025-11-24,2025-11-24T00:29:39Z
BetRivers,player_points,Julian Champagnie,Under,11.5,-137,2025-11-24,2025-11-24T00:29:39Z
BetRivers,player_points,Keldon Johnson,Over,14.5,-124,2025-11-24,2025-11-24T00:29:39Z
BetRivers,player_points,Keldon Johnson,Under,14.5,-108,2025-11-24,2025-11-24T00:29:39Z
BetRivers,player_points,Harrison Barnes,Over,14.5,104,2025-11-24,2025-11-24T00:29:39Z
BetRivers,player_points,Harrison Barnes,Under,14.5,-137,2025-11-24,2025-11-24T00:29:39Z
BetRivers,player_points,Julian Champagnie,Over,10.5,-121,2025-11-24,2025-11-24T00:29:39Z
BetRivers,player_points,Julian Champagnie,Under,10.5,-110,2025-11-24,2025-11-24T00:29:39Z
BetRivers,player_points,Dillon Brooks,Over,20.5,114,2025-11-24,2025-11-24T00:29:39Z
BetRivers,player_points,Dillon Brooks,Under,20.5,-157,2025-11-24,2025-11-24T00:29:39Z
BetRivers,player_points,Julian Champagnie,Over,9.5,-150,2025-11-24,2025-11-24T00:29:39Z
BetRivers,player_points,Julian Champagnie,Under,9.5,110,2025-11-24,2025-11-24T00:29:39Z
BetRivers,player_points,Keldon Johnson,Over,13.5,-155,2025-11-24,2025-11-24T00:29:39Z
BetRivers,player_points,Keldon Johnson,Under,13.5,112,2025-11-24,2025-11-24T00:29:39Z
BetRivers,player_points,Devin Vassell,Over,15.5,-150,2025-11-24,2025-11-24T00:29:39Z
BetRivers,player_points,Devin Vassell,Under,15.5,110,2025-11-24,2025-11-24T00:29:39Z
BetRivers,player_points,Luke Kornet,Over,10.5,120,2025-11-24,2025-11-24T00:29:39Z
BetRivers,player_points,Luke Kornet,Under,10.5,-167,2025-11-24,2025-11-24T00:29:39Z
BetRivers,player_points,Keldon Johnson,Over,15.5,-103,2025-11-24,2025-11-24T00:29:39Z
BetRivers,player_points,Keldon Johnson,Under,15.5,-130,2025-11-24,2025-11-24T00:29:39Z
BetRivers,player_points,Julian Champagnie,Over,12.5,120,2025-11-24,2025-11-24T00:29:39Z
BetRivers,player_points,Julian Champagnie,Under,12.5,-167,2025-11-24,2025-11-24T00:29:39Z
BetRivers,player_points,Devin Booker,Over,27.5,-150,2025-11-24,2025-11-24T00:29:39Z
BetRivers,player_points,Devin Booker,Under,27.5,110,2025-11-24,2025-11-24T00:29:39Z
BetRivers,player_points,Royce O'Neale,Over,12.5,115,2025-11-24,2025-11-24T00:29:39Z
BetRivers,player_points,Royce O'Neale,Under,12.5,-159,2025-11-24,2025-11-24T00:29:39Z
BetRivers,player_points,Devin Vassell,Over,16.5,-121,2025-11-24,2025-11-24T00:29:39Z
BetRivers,player_points,Devin Vassell,Under,16.5,-110,2025-11-24,2025-11-24T00:29:39Z
BetRivers,player_points,Harrison Barnes,Over,13.5,-122,2025-11-24,2025-11-24T00:29:39Z
BetRivers,player_points,Harrison Barnes,Under,13.5,-109,2025-11-24,2025-11-24T00:29:39Z
BetRivers,player_points,Collin Gillespie,Over,13.5,-139,2025-11-24,2025-11-24T00:29:39Z
BetRivers,player_points,Collin Gillespie,Under,13.5,105,2025-11-24,2025-11-24T00:29:39Z
BetRivers,player_points,Royce O'Neale,Over,11.5,-112,2025-11-24,2025-11-24T00:29:39Z
BetRivers,player_points,Royce O'Neale,Under,11.5,-120,2025-11-24,2025-11-24T00:29:39Z
BetRivers,player_points,Luke Kornet,Over,9.5,-114,2025-11-24,2025-11-24T00:29:39Z
BetRivers,player_points,Luke Kornet,Under,9.5,-117,2025-11-24,2025-11-24T00:29:39Z
BetRivers,player_points,De'Aaron Fox,Over,24.5,110,2025-11-24,2025-11-24T00:29:39Z
BetRivers,player_points,De'Aaron Fox,Under,24.5,-148,2025-11-24,2025-11-24T00:29:39Z
BetRivers,player_points,De'Aaron Fox,Over,23.5,-109,2025-11-24,2025-11-24T00:29:39Z
BetRivers,player_points,De'Aaron Fox,Under,23.5,-122,2025-11-24,2025-11-24T00:29:39Z
BetRivers,player_points,Dillon Brooks,Over,18.5,-124,2025-11-24,2025-11-24T00:29:39Z
BetRivers,player_points,Dillon Brooks,Under,18.5,-108,2025-11-24,2025-11-24T00:29:39Z
BetRivers,player_points,Devin Booker,Over,30.5,112,2025-11-24,2025-11-24T00:29:39Z
BetRivers,player_points,Devin Booker,Under,30.5,-155,2025-11-24,2025-11-24T00:29:39Z
BetRivers,player_points,Royce O'Neale,Over,9.5,-167,2025-11-24,2025-11-24T00:29:39Z
BetRivers,player_points,Royce O'Neale,Under,9.5,120,2025-11-24,2025-11-24T00:29:39Z
BetRivers,player_points,Dillon Brooks,Over,17.5,-148,2025-11-24,2025-11-24T00:29:39Z
BetRivers,player_points,Dillon Brooks,Under,17.5,110,2025-11-24,2025-11-24T00:29:39Z
BetRivers,player_points,Luke Kornet,Over,8.5,-150,2025-11-24,2025-11-24T00:29:39Z
BetRivers,player_points,Luke Kornet,Under,8.5,110,2025-11-24,2025-11-24T00:29:39Z
BetRivers,player_points,Harrison Barnes,Over,12.5,-157,2025-11-24,2025-11-24T00:29:39Z
BetRivers,player_points,Harrison Barnes,Under,12.5,114,2025-11-24,2025-11-24T00:29:39Z
BetRivers,player_points,Dillon Brooks,Over,19.5,-103,2025-11-24,2025-11-24T00:29:39Z
BetRivers,player_points,Dillon Brooks,Under,19.5,-130,2025-11-24,2025-11-24T00:29:39Z
BetRivers,player_points,Mark Williams,Over,13.5,107,2025-11-24,2025-11-24T00:29:39Z
BetRivers,player_points,Mark Williams,Under,13.5,-143,2025-11-24,2025-11-24T00:29:39Z
BetRivers,player_points,De'Aaron Fox,Over,21.5,-157,2025-11-24,2025-11-24T00:29:39Z
BetRivers,player_points,De'Aaron Fox,Under,21.5,115,2025-11-24,2025-11-24T00:29:39Z
BetRivers,player_points,Devin Booker,Over,28.5,-124,2025-11-24,2025-11-24T00:29:39Z
BetRivers,player_points,Devin Booker,Under,28.5,-108,2025-11-24,2025-11-24T00:29:39Z
BetRivers,player_points,Mark Williams,Over,12.5,-115,2025-11-24,2025-11-24T00:29:39Z
BetRivers,player_points,Mark Williams,Under,12.5,-115,2025-11-24,2025-11-24T00:29:39Z
BetRivers,player_points,De'Aaron Fox,Over,22.5,-130,2025-11-24,2025-11-24T00:29:39Z
BetRivers,player_points,De'Aaron Fox,Under,22.5,-103,2025-11-24,2025-11-24T00:29:39Z
BetRivers,player_points,Devin Booker,Over,29.5,-105,2025-11-24,2025-11-24T00:29:39Z
BetRivers,player_points,Devin Booker,Under,29.5,-127,2025-11-24,2025-11-24T00:29:39Z
BetRivers,player_points,Royce O'Neale,Over,10.5,-143,2025-11-24,2025-11-24T00:29:39Z
BetRivers,player_points,Royce O'Neale,Under,10.5,107,2025-11-24,2025-11-24T00:29:39Z
FanDuel,player_rebounds,Onyeka Okongwu,Over,6.5,-146,2025-11-23,2025-11-24T00:28:49Z
FanDuel,player_rebounds,Onyeka Okongwu,Under,6.5,110,2025-11-23,2025-11-24T00:28:49Z
FanDuel,player_rebounds,Moussa Diabate,Over,9.5,-160,2025-11-23,2025-11-24T00:28:49Z
FanDuel,player_rebounds,Moussa Diabate,Under,9.5,120,2025-11-23,2025-11-24T00:28:49Z
FanDuel,player_rebounds,Nickeil Alexander-Walker,Over,4.5,162,2025-11-23,2025-11-24T00:28:49Z
FanDuel,player_rebounds,Nickeil Alexander-Walker,Under,4.5,-220,2025-11-23,2025-11-24T00:28:49Z
FanDuel,player_rebounds,Kon Knueppel,Over,4.5,148,2025-11-23,2025-11-24T00:28:49Z
FanDuel,player_rebounds,Kon Knueppel,Under,4.5,-200,2025-11-23,2025-11-24T00:28:49Z
FanDuel,player_rebounds,Dyson Daniels,Over,7.5,-200,2025-11-23,2025-11-24T00:28:49Z
FanDuel,player_rebounds,Dyson Daniels,Under,7.5,148,2025-11-23,2025-11-24T00:28:49Z
FanDuel,player_rebounds,Jalen Johnson,Over,10.5,114,2025-11-23,2025-11-24T00:28:49Z
FanDuel,player_rebounds,Jalen Johnson,Under,10.5,-152,2025-11-23,2025-11-24T00:28:49Z
FanDuel,player_rebounds,Sion James,Over,5.5,158,2025-11-23,2025-11-24T00:28:49Z
FanDuel,player_rebounds,Sion James,Under,5.5,-215,2025-11-23,2025-11-24T00:28:49Z
FanDuel,player_rebounds,Miles Bridges,Over,5.5,122,2025-11-23,2025-11-24T00:28:49Z
FanDuel,player_rebounds,Miles Bridges,Under,5.5,-162,2025-11-23,2025-11-24T00:28:49Z
FanDuel,player_rebounds,Kawhi Leonard,Over,3.5,-144,2025-11-23,2025-11-24T00:27:23Z
FanDuel,player_rebounds,Kawhi Leonard,Under,3.5,108,2025-11-23,2025-11-24T00:27:23Z
FanDuel,player_rebounds,Kris Dunn,Over,4.5,-230,2025-11-23,2025-11-24T00:27:23Z
FanDuel,player_rebounds,Kris Dunn,Under,4.5,168,2025-11-23,2025-11-24T00:27:23Z
FanDuel,player_rebounds,Ivica Zubac,Over,16.5,-120,2025-11-23,2025-11-24T00:27:23Z
FanDuel,player_rebounds,Ivica Zubac,Under,16.5,-110,2025-11-23,2025-11-24T00:27:23Z
FanDuel,player_rebounds,James Harden,Over,3.5,116,2025-11-23,2025-11-24T00:27:23Z
FanDuel,player_rebounds,James Harden,Under,3.5,-154,2025-11-23,2025-11-24T00:27:23Z
FanDuel,player_rebounds,Darius Garland,Over,1.5,-220,2025-11-23,2025-11-24T00:27:23Z
FanDuel,player_rebounds,Darius Garland,Under,1.5,162,2025-11-23,2025-11-24T00:27:23Z
FanDuel,player_rebounds,John Collins,Over,2.5,-178,2025-11-23,2025-11-24T00:27:23Z
FanDuel,player_rebounds,John Collins,Under,2.5,132,2025-11-23,2025-11-24T00:27:23Z
FanDuel,player_rebounds,Evan Mobley,Over,8.5,-136,2025-11-23,2025-11-24T00:27:23Z
FanDuel,player_rebounds,Evan Mobley,Under,8.5,102,2025-11-23,2025-11-24T00:27:23Z
FanDuel,player_rebounds,Donovan Mitchell,Over,5.5,-188,2025-11-23,2025-11-24T00:27:23Z
FanDuel,player_rebounds,Donovan Mitchell,Under,5.5,140,2025-11-23,2025-11-24T00:27:23Z
FanDuel,player_rebounds,Jaylen Brown,Over,4.5,140,2025-11-23,2025-11-24T00:28:31Z
FanDuel,player_rebounds,Jaylen Brown,Under,4.5,-188,2025-11-23,2025-11-24T00:28:31Z
FanDuel,player_rebounds,Payton Pritchard,Over,4.5,-136,2025-11-23,2025-11-24T00:28:31Z
FanDuel,player_rebounds,Payton Pritchard,Under,4.5,102,2025-11-23,2025-11-24T00:28:31Z
FanDuel,player_rebounds,Desmond Bane,Over,5.5,132,2025-11-23,2025-11-24T00:28:31Z
FanDuel,player_rebounds,Desmond Bane,Under,5.5,-178,2025-11-23,2025-11-24T00:28:31Z
FanDuel,player_rebounds,Jordan Walsh,Over,5.5,138,2025-11-23,2025-11-24T00:28:31Z
FanDuel,player_rebounds,Jordan Walsh,Under,5.5,-186,2025-11-23,2025-11-24T00:28:31Z
FanDuel,player_rebounds,Anfernee Simons,Over,4.5,-210,2025-11-23,2025-11-24T00:28:31Z
FanDuel,player_rebounds,Anfernee Simons,Under,4.5,154,2025-11-23,2025-11-24T00:28:31Z
FanDuel,player_rebounds,Derrick White,Over,4.5,-102,2025-11-23,2025-11-24T00:28:31Z
FanDuel,player_rebounds,Derrick White,Under,4.5,-130,2025-11-23,2025-11-24T00:28:31Z
FanDuel,player_rebounds,Franz Wagner,Over,7.5,-140,2025-11-23,2025-11-24T00:28:31Z
FanDuel,player_rebounds,Franz Wagner,Under,7.5,106,2025-11-23,2025-11-24T00:28:31Z
FanDuel,player_rebounds,Brandon Ingram,Over,6.5,-130,2025-11-23,2025-11-24T00:28:50Z
FanDuel,player_rebounds,Brandon Ingram,Under,6.5,-102,2025-11-23,2025-11-24T00:28:50Z
FanDuel,player_rebounds,Ziaire Williams,Over,4.5,-136,2025-11-23,2025-11-24T00:28:50Z
FanDuel,player_rebounds,Ziaire Williams,Under,4.5,102,2025-11-23,2025-11-24T00:28:50Z
FanDuel,player_rebounds,Day'Ron Sharpe,Over,5.5,-132,2025-11-23,2025-11-24T00:28:50Z
FanDuel,player_rebounds,Day'Ron Sharpe,Under,5.5,100,2025-11-23,2025-11-24T00:28:50Z
FanDuel,player_rebounds,Sandro Mamukelashvili,Over,3.5,-154,2025-11-23,2025-11-24T00:28:50Z
FanDuel,player_rebounds,Sandro Mamukelashvili,Under,3.5,116,2025-11-23,2025-11-24T00:28:50Z
FanDuel,player_rebounds,Michael Porter Jr,Over,4.5,114,2025-11-23,2025-11-24T00:28:50Z
FanDuel,player_rebounds,Michael Porter Jr,Under,4.5,-152,2025-11-23,2025-11-24T00:28:50Z
FanDuel,player_rebounds,Nicolas Claxton,Over,9.5,108,2025-11-23,2025-11-24T00:28:50Z
FanDuel,player_rebounds,Nicolas Claxton,Under,9.5,-144,2025-11-23,2025-11-24T00:28:50Z
FanDuel,player_rebounds,Immanuel Quickley,Over,6.5,126,2025-11-23,2025-11-24T00:28:50Z
FanDuel,player_rebounds,Immanuel Quickley,Under,6.5,-168,2025-11-23,2025-11-24T00:28:50Z
FanDuel,player_rebounds,R.J. Barrett,Over,4.5,-114,2025-11-23,2025-11-24T00:28:50Z
FanDuel,player_rebounds,R.J. Barrett,Under,4.5,-114,2025-11-23,2025-11-24T00:28:50Z
FanDuel,player_rebounds,Scottie Barnes,Over,7.5,-148,2025-11-23,2025-11-24T00:28:50Z
FanDuel,player_rebounds,Scottie Barnes,Under,7.5,112,2025-11-23,2025-11-24T00:28:50Z
FanDuel,player_rebounds,Noah Clowney,Over,3.5,124,2025-11-23,2025-11-24T00:28:50Z
FanDuel,player_rebounds,Noah Clowney,Under,3.5,-166,2025-11-23,2025-11-24T00:28:50Z
FanDuel,player_rebounds,Egor Demin,Over,2.5,-114,2025-11-23,2025-11-24T00:28:50Z
FanDuel,player_rebounds,Egor Demin,Under,2.5,-114,2025-11-23,2025-11-24T00:28:50Z
FanDuel,player_rebounds,Donovan Clingan,Over,10.5,-108,2025-11-24,2025-11-24T00:28:22Z
FanDuel,player_rebounds,Donovan Clingan,Under,10.5,-122,2025-11-24,2025-11-24T00:28:22Z
FanDuel,player_rebounds,Jaylin Williams,Over,4.5,-118,2025-11-24,2025-11-24T00:28:22Z
FanDuel,player_rebounds,Jaylin Williams,Under,4.5,-112,2025-11-24,2025-11-24T00:28:22Z
FanDuel,player_rebounds,Ajay Mitchell,Over,3.5,134,2025-11-24,2025-11-24T00:28:22Z
FanDuel,player_rebounds,Ajay Mitchell,Under,3.5,-180,2025-11-24,2025-11-24T00:28:22Z
FanDuel,player_rebounds,Isaiah Joe,Over,2.5,-132,2025-11-24,2025-11-24T00:28:22Z
FanDuel,player_rebounds,Isaiah Joe,Under,2.5,100,2025-11-24,2025-11-24T00:28:22Z
FanDuel,player_rebounds,Toumani Camara,Over,4.5,-172,2025-11-24,2025-11-24T00:28:22Z
FanDuel,player_rebounds,Toumani Camara,Under,4.5,128,2025-11-24,2025-11-24T00:28:22Z
FanDuel,player_rebounds,Isaiah Hartenstein,Over,10.5,-102,2025-11-24,2025-11-24T00:28:22Z
FanDuel,player_rebounds,Isaiah Hartenstein,Under,10.5,-130,2025-11-24,2025-11-24T00:28:22Z
FanDuel,player_rebounds,Jerami Grant,Over,2.5,-140,2025-11-24,2025-11-24T00:28:22Z
FanDuel,player_rebounds,Jerami Grant,Under,2.5,106,2025-11-24,2025-11-24T00:28:22Z
FanDuel,player_rebounds,Cason Wallace,Over,2.5,-192,2025-11-24,2025-11-24T00:28:22Z
FanDuel,player_rebounds,Cason Wallace,Under,2.5,142,2025-11-24,2025-11-24T00:28:22Z
FanDuel,player_rebounds,Deni Avdija,Over,6.5,100,2025-11-24,2025-11-24T00:28:22Z
FanDuel,player_rebounds,Deni Avdija,Under,6.5,-132,2025-11-24,2025-11-24T00:28:22Z
FanDuel,player_rebounds,Kris Murray,Over,3.5,-144,2025-11-24,2025-11-24T00:28:22Z
FanDuel,player_rebounds,Kris Murray,Under,3.5,108,2025-11-24,2025-11-24T00:28:22Z
FanDuel,player_rebounds,Shai Gilgeous-Alexander,Over,3.5,106,2025-11-24,2025-11-24T00:28:22Z
FanDuel,player_rebounds,Shai Gilgeous-Alexander,Under,3.5,-140,2025-11-24,2025-11-24T00:28:22Z
FanDuel,player_rebounds,Luguentz Dort,Over,2.5,114,2025-11-24,2025-11-24T00:28:22Z
FanDuel,player_rebounds,Luguentz Dort,Under,2.5,-152,2025-11-24,2025-11-24T00:28:22Z
FanDuel,player_rebounds,Luka Doncic,Over,7.5,-130,2025-11-24,2025-11-24T00:29:38Z
FanDuel,player_rebounds,Luka Doncic,Under,7.5,102,2025-11-24,2025-11-24T00:29:38Z
FanDuel,player_rebounds,LeBron James,Over,6.5,100,2025-11-24,2025-11-24T00:29:38Z
FanDuel,player_rebounds,LeBron James,Under,6.5,-128,2025-11-24,2025-11-24T00:29:38Z
FanDuel,player_rebounds,Isaiah Collier,Over,2.5,100,2025-11-24,2025-11-24T00:29:38Z
FanDuel,player_rebounds,Isaiah Collier,Under,2.5,-128,2025-11-24,2025-11-24T00:29:38Z
FanDuel,player_rebounds,Jake LaRavia,Over,3.5,-104,2025-11-24,2025-11-24T00:29:38Z
FanDuel,player_rebounds,Jake LaRavia,Under,3.5,-122,2025-11-24,2025-11-24T00:29:38Z
FanDuel,player_rebounds,Lauri Markkanen,Over,5.5,-108,2025-11-24,2025-11-24T00:29:38Z
FanDuel,player_rebounds,Lauri Markkanen,Under,5.5,-115,2025-11-24,2025-11-24T00:29:38Z
FanDuel,player_rebounds,Rui Hachimura,Over,3.5,-132,2025-11-24,2025-11-24T00:29:38Z
FanDuel,player_rebounds,Rui Hachimura,Under,3.5,104,2025-11-24,2025-11-24T00:29:38Z
FanDuel,player_rebounds,Deandre Ayton,Over,9.5,112,2025-11-24,2025-11-24T00:29:38Z
FanDuel,player_rebounds,Deandre Ayton,Under,9.5,-142,2025-11-24,2025-11-24T00:29:38Z
FanDuel,player_rebounds,Keyonte George,Over,3.5,106,2025-11-24,2025-11-24T00:29:38Z
FanDuel,player_rebounds,Keyonte George,Under,3.5,-136,2025-11-24,2025-11-24T00:29:38Z
FanDuel,player_rebounds,Kevin Love,Over,3.5,-108,2025-11-24,2025-11-24T00:29:38Z
FanDuel,player_rebounds,Kevin Love,Under,3.5,-118,2025-11-24,2025-11-24T00:29:38Z
FanDuel,player_rebounds,Ace Bailey,Over,3.5,-118,2025-11-24,2025-11-24T00:29:38Z
FanDuel,player_rebounds,Ace Bailey,Under,3.5,-108,2025-11-24,2025-11-24T00:29:38Z
FanDuel,player_rebounds,Kyle Filipowski,Over,5.5,-125,2025-11-24,2025-11-24T00:29:38Z
FanDuel,player_rebounds,Kyle Filipowski,Under,5.5,-102,2025-11-24,2025-11-24T00:29:38Z
FanDuel,player_rebounds,Austin Reaves,Over,4.5,134,2025-11-24,2025-11-24T00:29:38Z
FanDuel,player_rebounds,Austin Reaves,Under,4.5,-172,2025-11-24,2025-11-24T00:29:38Z
FanDuel,player_rebounds,Jusuf Nurkic,Over,9.5,-104,2025-11-24,2025-11-24T00:29:38Z
FanDuel,player_rebounds,Jusuf Nurkic,Under,9.5,-122,2025-11-24,2025-11-24T00:29:38Z
FanDuel,player_rebounds,Devin Vassell,Over,3.5,-128,2025-11-24,2025-11-24T00:27:46Z
FanDuel,player_rebounds,Devin Vassell,Under,3.5,100,2025-11-24,2025-11-24T00:27:46Z
FanDuel,player_rebounds,Dillon Brooks,Over,3.5,106,2025-11-24,2025-11-24T00:27:46Z
FanDuel,player_rebounds,Dillon Brooks,Under,3.5,-136,2025-11-24,2025-11-24T00:27:46Z
FanDuel,player_rebounds,Royce O'Neale,Over,5.5,100,2025-11-24,2025-11-24T00:27:46Z
FanDuel,player_rebounds,Royce O'Neale,Under,5.5,-128,2025-11-24,2025-11-24T00:27:46Z
FanDuel,player_rebounds,Julian Champagnie,Over,4.5,-118,2025-11-24,2025-11-24T00:27:46Z
FanDuel,player_rebounds,Julian Champagnie,Under,4.5,-108,2025-11-24,2025-11-24T00:27:46Z
FanDuel,player_rebounds,Jeremy Sochan,Over,4.5,-128,2025-11-24,2025-11-24T00:27:46Z
FanDuel,player_rebounds,Jeremy Sochan,Under,4.5,100,2025-11-24,2025-11-24T00:27:46Z
FanDuel,player_rebounds,Keldon Johnson,Over,6.5,-120,2025-11-24,2025-11-24T00:27:46Z
FanDuel,player_rebounds,Keldon Johnson,Under,6.5,-106,2025-11-24,2025-11-24T00:27:46Z
FanDuel,player_rebounds,Harrison Barnes,Over,3.5,-118,2025-11-24,2025-11-24T00:27:46Z
FanDuel,player_rebounds,Harrison Barnes,Under,3.5,-108,2025-11-24,2025-11-24T00:27:46Z
FanDuel,player_rebounds,Mark Williams,Over,8.5,-102,2025-11-24,2025-11-24T00:27:46Z
FanDuel,player_rebounds,Mark Williams,Under,8.5,-125,2025-11-24,2025-11-24T00:27:46Z
FanDuel,player_rebounds,Luke Kornet,Over,7.5,124,2025-11-24,2025-11-24T00:27:46Z
FanDuel,player_rebounds,Luke Kornet,Under,7.5,-158,2025-11-24,2025-11-24T00:27:46Z
FanDuel,player_rebounds,De'Aaron Fox,Over,3.5,-132,2025-11-24,2025-11-24T00:27:46Z
FanDuel,player_rebounds,De'Aaron Fox,Under,3.5,104,2025-11-24,2025-11-24T00:27:46Z
FanDuel,player_rebounds,Devin Booker,Over,4.5,120,2025-11-24,2025-11-24T00:27:46Z
FanDuel,player_rebounds,Devin Booker,Under,4.5,-154,2025-11-24,2025-11-24T00:27:46Z
FanDuel,player_rebounds,Collin Gillespie,Over,4.5,-108,2025-11-24,2025-11-24T00:27:46Z
FanDuel,player_rebounds,Collin Gillespie,Under,4.5,-118,2025-11-24,2025-11-24T00:27:46Z
DraftKings,player_rebounds,Jalen Johnson,Over,9.5,-120,2025-11-23,2025-11-24T00:29:15Z
DraftKings,player_rebounds,Jalen Johnson,Under,9.5,-110,2025-11-23,2025-11-24T00:29:15Z
DraftKings,player_rebounds,Dyson Daniels,Over,8.5,124,2025-11-23,2025-11-24T00:29:15Z
DraftKings,player_rebounds,Dyson Daniels,Under,8.5,-160,2025-11-23,2025-11-24T00:29:15Z
DraftKings,player_rebounds,Onyeka Okongwu,Over,7.5,120,2025-11-23,2025-11-24T00:29:15Z
DraftKings,player_rebounds,Onyeka Okongwu,Under,7.5,-154,2025-11-23,2025-11-24T00:29:15Z
DraftKings,player_rebounds,Sion James,Over,5.5,145,2025-11-23,2025-11-24T00:29:15Z
DraftKings,player_rebounds,Sion James,Under,5.5,-188,2025-11-23,2025-11-24T00:29:15Z
DraftKings,player_rebounds,Kon Knueppel,Over,4.5,140,2025-11-23,2025-11-24T00:29:15Z
DraftKings,player_rebounds,Kon Knueppel,Under,4.5,-180,2025-11-23,2025-11-24T00:29:15Z
DraftKings,player_rebounds,Nickeil Alexander-Walker,Over,4.5,145,2025-11-23,2025-11-24T00:29:15Z
DraftKings,player_rebounds,Nickeil Alexander-Walker,Under,4.5,-188,2025-11-23,2025-11-24T00:29:15Z
DraftKings,player_rebounds,Zaccharie Risacher,Over,2.5,-166,2025-11-23,2025-11-24T00:29:15Z
DraftKings,player_rebounds,Zaccharie Risacher,Under,2.5,130,2025-11-23,2025-11-24T00:29:15Z
DraftKings,player_rebounds,Vit Krejci,Over,2.5,120,2025-11-23,2025-11-24T00:29:15Z
DraftKings,player_rebounds,Vit Krejci,Under,2.5,-154,2025-11-23,2025-11-24T00:29:15Z
DraftKings,player_rebounds,Collin Sexton,Over,0.5,-160,2025-11-23,2025-11-24T00:29:15Z
DraftKings,player_rebounds,Collin Sexton,Under,0.5,124,2025-11-23,2025-11-24T00:29:15Z
DraftKings,player_rebounds,Ivica Zubac,Over,16.5,114,2025-11-23,2025-11-24T00:29:18Z
DraftKings,player_rebounds,Ivica Zubac,Under,16.5,-145,2025-11-23,2025-11-24T00:29:18Z
DraftKings,player_rebounds,Evan Mobley,Over,8.5,124,2025-11-23,2025-11-24T00:29:18Z
DraftKings,player_rebounds,Evan Mobley,Under,8.5,-160,2025-11-23,2025-11-24T00:29:18Z
DraftKings,player_rebounds,Donovan Mitchell,Over,6.5,-125,2025-11-23,2025-11-24T00:29:18Z
DraftKings,player_rebounds,Donovan Mitchell,Under,6.5,-105,2025-11-23,2025-11-24T00:29:18Z
DraftKings,player_rebounds,Dean Wade,Over,6.5,145,2025-11-23,2025-11-24T00:29:18Z
DraftKings,player_rebounds,Dean Wade,Under,6.5,-188,2025-11-23,2025-11-24T00:29:18Z
DraftKings,player_rebounds,Kris Dunn,Over,4.5,-210,2025-11-23,2025-11-24T00:29:18Z
DraftKings,player_rebounds,Kris Dunn,Under,4.5,160,2025-11-23,2025-11-24T00:29:18Z
DraftKings,player_rebounds,James Harden,Over,2.5,-154,2025-11-23,2025-11-24T00:29:18Z
DraftKings,player_rebounds,James Harden,Under,2.5,120,2025-11-23,2025-11-24T00:29:18Z
DraftKings,player_rebounds,John Collins,Over,2.5,-135,2025-11-23,2025-11-24T00:29:18Z
DraftKings,player_rebounds,John Collins,Under,2.5,105,2025-11-23,2025-11-24T00:29:18Z
DraftKings,player_rebounds,De'Andre Hunter,Over,2.5,100,2025-11-23,2025-11-24T00:29:18Z
DraftKings,player_rebounds,De'Andre Hunter,Under,2.5,-130,2025-11-23,2025-11-24T00:29:18Z
DraftKings,player_rebounds,Franz Wagner,Over,7.5,-145,2025-11-23,2025-11-24T00:29:03Z
DraftKings,player_rebounds,Franz Wagner,Under,7.5,114,2025-11-23,2025-11-24T00:29:03Z
DraftKings,player_rebounds,Desmond Bane,Over,5.5,120,2025-11-23,2025-11-24T00:29:03Z
DraftKings,player_rebounds,Desmond Bane,Under,5.5,-154,2025-11-23,2025-11-24T00:29:03Z
DraftKings,player_rebounds,Jordan Walsh,Over,5.5,124,2025-11-23,2025-11-24T00:29:03Z
DraftKings,player_rebounds,Jordan Walsh,Under,5.5,-160,2025-11-23,2025-11-24T00:29:03Z
DraftKings,player_rebounds,Anfernee Simons,Over,4.5,-230,2025-11-23,2025-11-24T00:29:03Z
DraftKings,player_rebounds,Anfernee Simons,Under,4.5,175,2025-11-23,2025-11-24T00:29:03Z
DraftKings,player_rebounds,Payton Pritchard,Over,4.5,-130,2025-11-23,2025-11-24T00:29:03Z
DraftKings,player_rebounds,Payton Pritchard,Under,4.5,100,2025-11-23,2025-11-24T00:29:03Z
DraftKings,player_rebounds,Derrick White,Over,4.5,-105,2025-11-23,2025-11-24T00:29:03Z
DraftKings,player_rebounds,Derrick White,Under,4.5,-125,2025-11-23,2025-11-24T00:29:03Z
DraftKings,player_rebounds,Jaylen Brown,Over,4.5,124,2025-11-23,2025-11-24T00:29:03Z
DraftKings,player_rebounds,Jaylen Brown,Under,4.5,-160,2025-11-23,2025-11-24T00:29:03Z
DraftKings,player_rebounds,Anthony Black,Over,2.5,-110,2025-11-23,2025-11-24T00:29:03Z
DraftKings,player_rebounds,Anthony Black,Under,2.5,-120,2025-11-23,2025-11-24T00:29:03Z
DraftKings,player_rebounds,Tristan da Silva,Over,2.5,-105,2025-11-23,2025-11-24T00:29:03Z
DraftKings,player_rebounds,Tristan da Silva,Under,2.5,-125,2025-11-23,2025-11-24T00:29:03Z
DraftKings,player_rebounds,Nicolas Claxton,Over,9.5,110,2025-11-23,2025-11-24T00:29:24Z
DraftKings,player_rebounds,Nicolas Claxton,Under,9.5,-140,2025-11-23,2025-11-24T00:29:24Z
DraftKings,player_rebounds,Scottie Barnes,Over,7.5,-135,2025-11-23,2025-11-24T00:29:24Z
DraftKings,player_rebounds,Scottie Barnes,Under,7.5,105,2025-11-23,2025-11-24T00:29:24Z
DraftKings,player_rebounds,Brandon Ingram,Over,6.5,-140,2025-11-23,2025-11-24T00:29:24Z
DraftKings,player_rebounds,Brandon Ingram,Under,6.5,110,2025-11-23,2025-11-24T00:29:24Z
DraftKings,player_rebounds,Immanuel Quickley,Over,5.5,-188,2025-11-23,2025-11-24T00:29:24Z
DraftKings,player_rebounds,Immanuel Quickley,Under,5.5,145,2025-11-23,2025-11-24T00:29:24Z
DraftKings,player_rebounds,Day'Ron Sharpe,Over,5.5,-145,2025-11-23,2025-11-24T00:29:24Z
DraftKings,player_rebounds,Day'Ron Sharpe,Under,5.5,114,2025-11-23,2025-11-24T00:29:24Z
DraftKings,player_rebounds,R.J. Barrett,Over,4.5,-120,2025-11-23,2025-11-24T00:29:24Z
DraftKings,player_rebounds,R.J. Barrett,Under,4.5,-110,2025-11-23,2025-11-24T00:29:24Z
DraftKings,player_rebounds,Ziaire Williams,Over,4.5,-120,2025-11-23,2025-11-24T00:29:24Z
DraftKings,player_rebounds,Ziaire Williams,Under,4.5,-110,2025-11-23,2025-11-24T00:29:24Z
DraftKings,player_rebounds,Michael Porter Jr,Over,3.5,-154,2025-11-23,2025-11-24T00:29:24Z
DraftKings,player_rebounds,Michael Porter Jr,Under,3.5,120,2025-11-23,2025-11-24T00:29:24Z
DraftKings,player_rebounds,Sandro Mamukelashvili,Over,3.5,-154,2025-11-23,2025-11-24T00:29:24Z
DraftKings,player_rebounds,Sandro Mamukelashvili,Under,3.5,120,2025-11-23,2025-11-24T00:29:24Z
DraftKings,player_rebounds,Tyrese Martin,Over,3.5,100,2025-11-23,2025-11-24T00:29:24Z
DraftKings,player_rebounds,Tyrese Martin,Under,3.5,-130,2025-11-23,2025-11-24T00:29:24Z
DraftKings,player_rebounds,Collin Murray-Boyles,Over,3.5,120,2025-11-23,2025-11-24T00:29:24Z
DraftKings,player_rebounds,Collin Murray-Boyles,Under,3.5,-154,2025-11-23,2025-11-24T00:29:24Z
DraftKings,player_rebounds,Noah Clowney,Over,2.5,-166,2025-11-23,2025-11-24T00:29:24Z
DraftKings,player_rebounds,Noah Clowney,Under,2.5,130,2025-11-23,2025-11-24T00:29:24Z
DraftKings,player_rebounds,Terance Mann,Over,2.5,-135,2025-11-23,2025-11-24T00:29:24Z
DraftKings,player_rebounds,Terance Mann,Under,2.5,105,2025-11-23,2025-11-24T00:29:24Z
DraftKings,player_rebounds,Egor Demin,Over,2.5,-110,2025-11-23,2025-11-24T00:29:24Z
DraftKings,player_rebounds,Egor Demin,Under,2.5,-120,2025-11-23,2025-11-24T00:29:24Z
DraftKings,player_rebounds,Drake Powell,Over,2.5,130,2025-11-23,2025-11-24T00:29:24Z
DraftKings,player_rebounds,Drake Powell,Under,2.5,-166,2025-11-23,2025-11-24T00:29:24Z
DraftKings,player_rebounds,Jamal Shead,Over,1.5,-220,2025-11-23,2025-11-24T00:29:24Z
DraftKings,player_rebounds,Jamal Shead,Under,1.5,170,2025-11-23,2025-11-24T00:29:24Z
DraftKings,player_rebounds,Gradey Dick,Over,1.5,140,2025-11-23,2025-11-24T00:29:24Z
DraftKings,player_rebounds,Gradey Dick,Under,1.5,-180,2025-11-23,2025-11-24T00:29:24Z
DraftKings,player_rebounds,Isaiah Hartenstein,Over,10.5,105,2025-11-24,2025-11-24T00:29:09Z
DraftKings,player_rebounds,Isaiah Hartenstein,Under,10.5,-135,2025-11-24,2025-11-24T00:29:09Z
DraftKings,player_rebounds,Donovan Clingan,Over,9.5,110,2025-11-24,2025-11-24T00:29:09Z
DraftKings,player_rebounds,Donovan Clingan,Under,9.5,-140,2025-11-24,2025-11-24T00:29:09Z
DraftKings,player_rebounds,Chet Holmgren,Over,8.5,-135,2025-11-24,2025-11-24T00:29:09Z
DraftKings,player_rebounds,Chet Holmgren,Under,8.5,105,2025-11-24,2025-11-24T00:29:09Z
DraftKings,player_rebounds,Deni Avdija,Over,6.5,100,2025-11-24,2025-11-24T00:29:09Z
DraftKings,player_rebounds,Deni Avdija,Under,6.5,-130,2025-11-24,2025-11-24T00:29:09Z
DraftKings,player_rebounds,Toumani Camara,Over,4.5,-154,2025-11-24,2025-11-24T00:29:09Z
DraftKings,player_rebounds,Toumani Camara,Under,4.5,120,2025-11-24,2025-11-24T00:29:09Z
DraftKings,player_rebounds,Jaylin Williams,Over,4.5,-145,2025-11-24,2025-11-24T00:29:09Z
DraftKings,player_rebounds,Jaylin Williams,Under,4.5,114,2025-11-24,2025-11-24T00:29:09Z
DraftKings,player_rebounds,Kris Murray,Over,3.5,-105,2025-11-24,2025-11-24T00:29:09Z
DraftKings,player_rebounds,Kris Murray,Under,3.5,-125,2025-11-24,2025-11-24T00:29:09Z
DraftKings,player_rebounds,Shai Gilgeous-Alexander,Over,3.5,100,2025-11-24,2025-11-24T00:29:09Z
DraftKings,player_rebounds,Shai Gilgeous-Alexander,Under,3.5,-130,2025-11-24,2025-11-24T00:29:09Z
DraftKings,player_rebounds,Ajay Mitchell,Over,3.5,130,2025-11-24,2025-11-24T00:29:09Z
DraftKings,player_rebounds,Ajay Mitchell,Under,3.5,-166,2025-11-24,2025-11-24T00:29:09Z
DraftKings,player_rebounds,Cason Wallace,Over,2.5,-180,2025-11-24,2025-11-24T00:29:09Z
DraftKings,player_rebounds,Cason Wallace,Under,2.5,140,2025-11-24,2025-11-24T00:29:09Z
DraftKings,player_rebounds,Jerami Grant,Over,2.5,-175,2025-11-24,2025-11-24T00:29:09Z
DraftKings,player_rebounds,Jerami Grant,Under,2.5,135,2025-11-24,2025-11-24T00:29:09Z
DraftKings,player_rebounds,Isaiah Joe,Over,2.5,-140,2025-11-24,2025-11-24T00:29:09Z
DraftKings,player_rebounds,Isaiah Joe,Under,2.5,110,2025-11-24,2025-11-24T00:29:09Z
DraftKings,player_rebounds,Alex Caruso,Over,2.5,130,2025-11-24,2025-11-24T00:29:09Z
DraftKings,player_rebounds,Alex Caruso,Under,2.5,-166,2025-11-24,2025-11-24T00:29:09Z
DraftKings,player_rebounds,Jusuf Nurkic,Over,9.5,-112,2025-11-24,2025-11-24T00:29:38Z
DraftKings,player_rebounds,Jusuf Nurkic,Under,9.5,-118,2025-11-24,2025-11-24T00:29:38Z
DraftKings,player_rebounds,Deandre Ayton,Over,8.5,-131,2025-11-24,2025-11-24T00:29:38Z
DraftKings,player_rebounds,Deandre Ayton,Under,8.5,-101,2025-11-24,2025-11-24T00:29:38Z
DraftKings,player_rebounds,Luka Doncic,Over,7.5,-131,2025-11-24,2025-11-24T00:29:38Z
DraftKings,player_rebounds,Luka Doncic,Under,7.5,100,2025-11-24,2025-11-24T00:29:38Z
DraftKings,player_rebounds,LeBron James,Over,6.5,-103,2025-11-24,2025-11-24T00:29:38Z
DraftKings,player_rebounds,LeBron James,Under,6.5,-128,2025-11-24,2025-11-24T00:29:38Z
DraftKings,player_rebounds,Kyle Filipowski,Over,5.5,-136,2025-11-24,2025-11-24T00:29:38Z
DraftKings,player_rebounds,Kyle Filipowski,Under,5.5,103,2025-11-24,2025-11-24T00:29:38Z
DraftKings,player_rebounds,Lauri Markkanen,Over,5.5,-106,2025-11-24,2025-11-24T00:29:38Z
DraftKings,player_rebounds,Lauri Markkanen,Under,5.5,-124,2025-11-24,2025-11-24T00:29:38Z
DraftKings,player_rebounds,Austin Reaves,Over,4.5,115,2025-11-24,2025-11-24T00:29:38Z
DraftKings,player_rebounds,Austin Reaves,Under,4.5,-151,2025-11-24,2025-11-24T00:29:38Z
DraftKings,player_rebounds,Rui Hachimura,Over,3.5,-133,2025-11-24,2025-11-24T00:29:38Z
DraftKings,player_rebounds,Rui Hachimura,Under,3.5,101,2025-11-24,2025-11-24T00:29:38Z
DraftKings,player_rebounds,Ace Bailey,Over,3.5,-110,2025-11-24,2025-11-24T00:29:38Z
DraftKings,player_rebounds,Ace Bailey,Under,3.5,-120,2025-11-24,2025-11-24T00:29:38Z
DraftKings,player_rebounds,Jake LaRavia,Over,3.5,-106,2025-11-24,2025-11-24T00:29:38Z
DraftKings,player_rebounds,Jake LaRavia,Under,3.5,-124,2025-11-24,2025-11-24T00:29:38Z
DraftKings,player_rebounds,Keyonte George,Over,3.5,114,2025-11-24,2025-11-24T00:29:38Z
DraftKings,player_rebounds,Keyonte George,Under,3.5,-150,2025-11-24,2025-11-24T00:29:38Z
DraftKings,player_rebounds,Isaiah Collier,Over,2.5,101,2025-11-24,2025-11-24T00:29:38Z
DraftKings,player_rebounds,Isaiah Collier,Under,2.5,-133,2025-11-24,2025-11-24T00:29:38Z
DraftKings,player_rebounds,Marcus Smart,Over,1.5,-106,2025-11-24,2025-11-24T00:29:38Z
DraftKings,player_rebounds,Marcus Smart,Under,1.5,-124,2025-11-24,2025-11-24T00:29:38Z
DraftKings,player_rebounds,Mark Williams,Over,8.5,-111,2025-11-24,2025-11-24T00:29:31Z
DraftKings,player_rebounds,Mark Williams,Under,8.5,-118,2025-11-24,2025-11-24T00:29:31Z
DraftKings,player_rebounds,Luke Kornet,Over,7.5,111,2025-11-24,2025-11-24T00:29:31Z
DraftKings,player_rebounds,Luke Kornet,Under,7.5,-146,2025-11-24,2025-11-24T00:29:31Z
DraftKings,player_rebounds,Keldon Johnson,Over,6.5,-134,2025-11-24,2025-11-24T00:29:31Z
DraftKings,player_rebounds,Keldon Johnson,Under,6.5,102,2025-11-24,2025-11-24T00:29:31Z
DraftKings,player_rebounds,Royce O'Neale,Over,5.5,-104,2025-11-24,2025-11-24T00:29:31Z
DraftKings,player_rebounds,Royce O'Neale,Under,5.5,-126,2025-11-24,2025-11-24T00:29:31Z
DraftKings,player_rebounds,Jeremy Sochan,Over,4.5,-148,2025-11-24,2025-11-24T00:29:31Z
DraftKings,player_rebounds,Jeremy Sochan,Under,4.5,112,2025-11-24,2025-11-24T00:29:31Z
DraftKings,player_rebounds,Julian Champagnie,Over,4.5,-121,2025-11-24,2025-11-24T00:29:31Z
DraftKings,player_rebounds,Julian Champagnie,Under,4.5,-108,2025-11-24,2025-11-24T00:29:31Z
DraftKings,player_rebounds,Collin Gillespie,Over,4.5,-111,2025-11-24,2025-11-24T00:29:31Z
DraftKings,player_rebounds,Collin Gillespie,Under,4.5,-118,2025-11-24,2025-11-24T00:29:31Z
DraftKings,player_rebounds,Devin Booker,Over,4.5,120,2025-11-24,2025-11-24T00:29:31Z
DraftKings,player_rebounds,Devin Booker,Under,4.5,-158,2025-11-24,2025-11-24T00:29:31Z
DraftKings,player_rebounds,De'Aaron Fox,Over,3.5,-151,2025-11-24,2025-11-24T00:29:31Z
DraftKings,player_rebounds,De'Aaron Fox,Under,3.5,114,2025-11-24,2025-11-24T00:29:31Z
DraftKings,player_rebounds,Devin Vassell,Over,3.5,-141,2025-11-24,2025-11-24T00:29:31Z
DraftKings,player_rebounds,Devin Vassell,Under,3.5,107,2025-11-24,2025-11-24T00:29:31Z
DraftKings,player_rebounds,Harrison Barnes,Over,3.5,-133,2025-11-24,2025-11-24T00:29:31Z
DraftKings,player_rebounds,Harrison Barnes,Under,3.5,101,2025-11-24,2025-11-24T00:29:31Z
DraftKings,player_rebounds,Dillon Brooks,Over,3.5,100,2025-11-24,2025-11-24T00:29:31Z
DraftKings,player_rebounds,Dillon Brooks,Under,3.5,-131,2025-11-24,2025-11-24T00:29:31Z
BetOnline.ag,player_rebounds,Lauri Markkanen,Over,5.5,-106,2025-11-24,2025-11-24T00:27:38Z
BetOnline.ag,player_rebounds,Lauri Markkanen,Under,5.5,-122,2025-11-24,2025-11-24T00:27:38Z
BetOnline.ag,player_rebounds,Rui Hachimura,Over,3.5,-130,2025-11-24,2025-11-24T00:27:38Z
BetOnline.ag,player_rebounds,Rui Hachimura,Under,3.5,101,2025-11-24,2025-11-24T00:27:38Z
BetOnline.ag,player_rebounds,Isaiah Collier,Over,2.5,100,2025-11-24,2025-11-24T00:27:38Z
BetOnline.ag,player_rebounds,Isaiah Collier,Under,2.5,-130,2025-11-24,2025-11-24T00:27:38Z
BetOnline.ag,player_rebounds,Keyonte George,Over,3.5,109,2025-11-24,2025-11-24T00:27:38Z
BetOnline.ag,player_rebounds,Keyonte George,Under,3.5,-141,2025-11-24,2025-11-24T00:27:38Z
BetOnline.ag,player_rebounds,Kyle Filipowski,Over,5.5,-132,2025-11-24,2025-11-24T00:27:38Z
BetOnline.ag,player_rebounds,Kyle Filipowski,Under,5.5,102,2025-11-24,2025-11-24T00:27:38Z
BetOnline.ag,player_rebounds,Ace Bailey,Over,3.5,-114,2025-11-24,2025-11-24T00:27:38Z
BetOnline.ag,player_rebounds,Ace Bailey,Under,3.5,-114,2025-11-24,2025-11-24T00:27:38Z
BetOnline.ag,player_rebounds,Jusuf Nurkic,Over,9.5,-102,2025-11-24,2025-11-24T00:27:38Z
BetOnline.ag,player_rebounds,Jusuf Nurkic,Under,9.5,-127,2025-11-24,2025-11-24T00:27:38Z
BetOnline.ag,player_rebounds,Luka Doncic,Over,7.5,-133,2025-11-24,2025-11-24T00:27:38Z
BetOnline.ag,player_rebounds,Luka Doncic,Under,7.5,103,2025-11-24,2025-11-24T00:27:38Z
BetOnline.ag,player_rebounds,Austin Reaves,Over,4.5,126,2025-11-24,2025-11-24T00:27:38Z
BetOnline.ag,player_rebounds,Austin Reaves,Under,4.5,-164,2025-11-24,2025-11-24T00:27:38Z
BetOnline.ag,player_rebounds,Jake LaRavia,Over,3.5,-105,2025-11-24,2025-11-24T00:27:38Z
BetOnline.ag,player_rebounds,Jake LaRavia,Under,3.5,-123,2025-11-24,2025-11-24T00:27:38Z
BetOnline.ag,player_rebounds,Marcus Smart,Over,1.5,-105,2025-11-24,2025-11-24T00:27:38Z
BetOnline.ag,player_rebounds,Marcus Smart,Under,1.5,-123,2025-11-24,2025-11-24T00:27:38Z
BetOnline.ag,player_rebounds,Brice Sensabaugh,Over,2.5,130,2025-11-24,2025-11-24T00:27:38Z
BetOnline.ag,player_rebounds,Brice Sensabaugh,Under,2.5,-169,2025-11-24,2025-11-24T00:27:38Z
BetOnline.ag,player_rebounds,Kevin Love,Over,3.5,-119,2025-11-24,2025-11-24T00:27:38Z
BetOnline.ag,player_rebounds,Kevin Love,Under,3.5,-109,2025-11-24,2025-11-24T00:27:38Z
BetOnline.ag,player_rebounds,Deandre Ayton,Over,8.5,-123,2025-11-24,2025-11-24T00:27:38Z
BetOnline.ag,player_rebounds,Deandre Ayton,Under,8.5,-104,2025-11-24,2025-11-24T00:27:38Z
BetOnline.ag,player_rebounds,LeBron James,Over,6.5,102,2025-11-24,2025-11-24T00:27:38Z
BetOnline.ag,player_rebounds,LeBron James,Under,6.5,-132,2025-11-24,2025-11-24T00:27:38Z
BetOnline.ag,player_rebounds,Devin Booker,Over,4.5,120,2025-11-24,2025-11-24T00:29:46Z
BetOnline.ag,player_rebounds,Devin Booker,Under,4.5,-156,2025-11-24,2025-11-24T00:29:46Z
BetOnline.ag,player_rebounds,Keldon Johnson,Over,6.5,-123,2025-11-24,2025-11-24T00:29:46Z
BetOnline.ag,player_rebounds,Keldon Johnson,Under,6.5,-104,2025-11-24,2025-11-24T00:29:46Z
BetOnline.ag,player_rebounds,Jeremy Sochan,Over,4.5,-145,2025-11-24,2025-11-24T00:29:46Z
BetOnline.ag,player_rebounds,Jeremy Sochan,Under,4.5,111,2025-11-24,2025-11-24T00:29:46Z
BetOnline.ag,player_rebounds,Devin Vassell,Over,3.5,-132,2025-11-24,2025-11-24T00:29:46Z
BetOnline.ag,player_rebounds,Devin Vassell,Under,3.5,102,2025-11-24,2025-11-24T00:29:46Z
BetOnline.ag,player_rebounds,Julian Champagnie,Over,4.5,-119,2025-11-24,2025-11-24T00:29:46Z
BetOnline.ag,player_rebounds,Julian Champagnie,Under,4.5,-109,2025-11-24,2025-11-24T00:29:46Z
BetOnline.ag,player_rebounds,Ryan Dunn,Over,4.5,-123,2025-11-24,2025-11-24T00:29:46Z
BetOnline.ag,player_rebounds,Ryan Dunn,Under,4.5,-105,2025-11-24,2025-11-24T00:29:46Z
BetOnline.ag,player_rebounds,Royce O'Neale,Over,5.5,102,2025-11-24,2025-11-24T00:29:46Z
BetOnline.ag,player_rebounds,Royce O'Neale,Under,5.5,-132,2025-11-24,2025-11-24T00:29:46Z
BetOnline.ag,player_rebounds,Dillon Brooks,Over,3.5,102,2025-11-24,2025-11-24T00:29:46Z
BetOnline.ag,player_rebounds,Dillon Brooks,Under,3.5,-132,2025-11-24,2025-11-24T00:29:46Z
BetOnline.ag,player_rebounds,Collin Gillespie,Over,4.5,-110,2025-11-24,2025-11-24T00:29:46Z
BetOnline.ag,player_rebounds,Collin Gillespie,Under,4.5,-118,2025-11-24,2025-11-24T00:29:46Z
BetOnline.ag,player_rebounds,Mark Williams,Over,8.5,-118,2025-11-24,2025-11-24T00:29:46Z
BetOnline.ag,player_rebounds,Mark Williams,Under,8.5,-110,2025-11-24,2025-11-24T00:29:46Z
BetOnline.ag,player_rebounds,Harrison Barnes,Over,3.5,-123,2025-11-24,2025-11-24T00:29:46Z
BetOnline.ag,player_rebounds,Harrison Barnes,Under,3.5,-105,2025-11-24,2025-11-24T00:29:46Z
BetOnline.ag,player_rebounds,De'Aaron Fox,Over,3.5,-139,2025-11-24,2025-11-24T00:29:46Z
BetOnline.ag,player_rebounds,De'Aaron Fox,Under,3.5,107,2025-11-24,2025-11-24T00:29:46Z
BetOnline.ag,player_rebounds,Luke Kornet,Over,7.5,115,2025-11-24,2025-11-24T00:29:46Z
BetOnline.ag,player_rebounds,Luke Kornet,Under,7.5,-149,2025-11-24,2025-11-24T00:29:46Z
BetOnline.ag,player_rebounds,Jordan Goodwin,Over,4.5,-118,2025-11-24,2025-11-24T00:29:46Z
BetOnline.ag,player_rebounds,Jordan Goodwin,Under,4.5,-110,2025-11-24,2025-11-24T00:29:46Z
BetMGM,player_rebounds,Kyle Filipowski,Over,5.5,-135,2025-11-24,2025-11-24T00:29:46Z
BetMGM,player_rebounds,Kyle Filipowski,Under,5.5,100,2025-11-24,2025-11-24T00:29:46Z
BetMGM,player_rebounds,Austin Reaves,Over,4.5,115,2025-11-24,2025-11-24T00:29:46Z
BetMGM,player_rebounds,Austin Reaves,Under,4.5,-155,2025-11-24,2025-11-24T00:29:46Z
BetMGM,player_rebounds,Isaiah Collier,Over,2.5,105,2025-11-24,2025-11-24T00:29:46Z
BetMGM,player_rebounds,Isaiah Collier,Under,2.5,-140,2025-11-24,2025-11-24T00:29:46Z
BetMGM,player_rebounds,Luka Doncic,Over,7.5,-135,2025-11-24,2025-11-24T00:29:46Z
BetMGM,player_rebounds,Luka Doncic,Under,7.5,100,2025-11-24,2025-11-24T00:29:46Z
BetMGM,player_rebounds,Keyonte George,Over,3.5,130,2025-11-24,2025-11-24T00:29:46Z
BetMGM,player_rebounds,Keyonte George,Under,3.5,-175,2025-11-24,2025-11-24T00:29:46Z
BetMGM,player_rebounds,LeBron James,Over,5.5,-150,2025-11-24,2025-11-24T00:29:46Z
BetMGM,player_rebounds,LeBron James,Under,5.5,110,2025-11-24,2025-11-24T00:29:46Z
BetMGM,player_rebounds,Jusuf Nurkic,Over,8.5,-135,2025-11-24,2025-11-24T00:29:46Z
BetMGM,player_rebounds,Jusuf Nurkic,Under,8.5,100,2025-11-24,2025-11-24T00:29:46Z
BetMGM,player_rebounds,Rui Hachimura,Over,3.5,-115,2025-11-24,2025-11-24T00:29:46Z
BetMGM,player_rebounds,Rui Hachimura,Under,3.5,-118,2025-11-24,2025-11-24T00:29:46Z
BetMGM,player_rebounds,Kevin Love,Over,3.5,-110,2025-11-24,2025-11-24T00:29:46Z
BetMGM,player_rebounds,Kevin Love,Under,3.5,-125,2025-11-24,2025-11-24T00:29:46Z
BetMGM,player_rebounds,Deandre Ayton,Over,8.5,-125,2025-11-24,2025-11-24T00:29:46Z
BetMGM,player_rebounds,Deandre Ayton,Under,8.5,-105,2025-11-24,2025-11-24T00:29:46Z
BetMGM,player_rebounds,Svi Mykhailiuk,Over,1.5,-145,2025-11-24,2025-11-24T00:29:46Z
BetMGM,player_rebounds,Svi Mykhailiuk,Under,1.5,110,2025-11-24,2025-11-24T00:29:46Z
BetMGM,player_rebounds,Ace Bailey,Over,3.5,100,2025-11-24,2025-11-24T00:29:46Z
BetMGM,player_rebounds,Ace Bailey,Under,3.5,-130,2025-11-24,2025-11-24T00:29:46Z
BetMGM,player_rebounds,Jake LaRavia,Over,3.5,125,2025-11-24,2025-11-24T00:29:46Z
BetMGM,player_rebounds,Jake LaRavia,Under,3.5,-160,2025-11-24,2025-11-24T00:29:46Z
BetMGM,player_rebounds,Marcus Smart,Over,1.5,-105,2025-11-24,2025-11-24T00:29:46Z
BetMGM,player_rebounds,Marcus Smart,Under,1.5,-125,2025-11-24,2025-11-24T00:29:46Z
BetMGM,player_rebounds,Brice Sensabaugh,Over,2.5,140,2025-11-24,2025-11-24T00:29:46Z
BetMGM,player_rebounds,Brice Sensabaugh,Under,2.5,-190,2025-11-24,2025-11-24T00:29:46Z
BetMGM,player_rebounds,Lauri Markkanen,Over,4.5,-160,2025-11-24,2025-11-24T00:29:46Z
BetMGM,player_rebounds,Lauri Markkanen,Under,4.5,120,2025-11-24,2025-11-24T00:29:46Z
BetMGM,player_rebounds,Mark Williams,Over,8.5,-145,2025-11-24,2025-11-24T00:29:29Z
BetMGM,player_rebounds,Mark Williams,Under,8.5,110,2025-11-24,2025-11-24T00:29:29Z
BetMGM,player_rebounds,Luke Kornet,Over,7.5,-105,2025-11-24,2025-11-24T00:29:29Z
BetMGM,player_rebounds,Luke Kornet,Under,7.5,-125,2025-11-24,2025-11-24T00:29:29Z
BetMGM,player_rebounds,Jeremy Sochan,Over,4.5,-155,2025-11-24,2025-11-24T00:29:29Z
BetMGM,player_rebounds,Jeremy Sochan,Under,4.5,115,2025-11-24,2025-11-24T00:29:29Z
BetMGM,player_rebounds,Keldon Johnson,Over,6.5,-130,2025-11-24,2025-11-24T00:29:29Z
BetMGM,player_rebounds,Keldon Johnson,Under,6.5,-105,2025-11-24,2025-11-24T00:29:29Z
BetMGM,player_rebounds,De'Aaron Fox,Over,3.5,-145,2025-11-24,2025-11-24T00:29:29Z
BetMGM,player_rebounds,De'Aaron Fox,Under,3.5,105,2025-11-24,2025-11-24T00:29:29Z
BetMGM,player_rebounds,Julian Champagnie,Over,4.5,-110,2025-11-24,2025-11-24T00:29:29Z
BetMGM,player_rebounds,Julian Champagnie,Under,4.5,-120,2025-11-24,2025-11-24T00:29:29Z
BetMGM,player_rebounds,Devin Booker,Over,3.5,-165,2025-11-24,2025-11-24T00:29:29Z
BetMGM,player_rebounds,Devin Booker,Under,3.5,125,2025-11-24,2025-11-24T00:29:29Z
BetMGM,player_rebounds,Harrison Barnes,Over,3.5,-155,2025-11-24,2025-11-24T00:29:29Z
BetMGM,player_rebounds,Harrison Barnes,Under,3.5,115,2025-11-24,2025-11-24T00:29:29Z
BetMGM,player_rebounds,Dillon Brooks,Over,3.5,110,2025-11-24,2025-11-24T00:29:29Z
BetMGM,player_rebounds,Dillon Brooks,Under,3.5,-145,2025-11-24,2025-11-24T00:29:29Z
BetMGM,player_rebounds,Devin Vassell,Over,4.5,115,2025-11-24,2025-11-24T00:29:29Z
BetMGM,player_rebounds,Devin Vassell,Under,4.5,-155,2025-11-24,2025-11-24T00:29:29Z
BetMGM,player_rebounds,Collin Gillespie,Over,4.5,-140,2025-11-24,2025-11-24T00:29:29Z
BetMGM,player_rebounds,Collin Gillespie,Under,4.5,105,2025-11-24,2025-11-24T00:29:29Z
BetMGM,player_rebounds,Jordan Goodwin,Over,4.5,-125,2025-11-24,2025-11-24T00:29:29Z
BetMGM,player_rebounds,Jordan Goodwin,Under,4.5,-110,2025-11-24,2025-11-24T00:29:29Z
BetMGM,player_rebounds,Royce O'Neale,Over,5.5,115,2025-11-24,2025-11-24T00:29:29Z
BetMGM,player_rebounds,Royce O'Neale,Under,5.5,-155,2025-11-24,2025-11-24T00:29:29Z
Bovada,player_rebounds,Deandre Ayton,Over,7.5,-200,2025-11-24,2025-11-24T00:29:07Z
Bovada,player_rebounds,Deandre Ayton,Under,7.5,150,2025-11-24,2025-11-24T00:29:07Z
Bovada,player_rebounds,Deandre Ayton,Over,8.5,-120,2025-11-24,2025-11-24T00:29:07Z
Bovada,player_rebounds,Deandre Ayton,Under,8.5,-110,2025-11-24,2025-11-24T00:29:07Z
Bovada,player_rebounds,Deandre Ayton,Over,9.5,135,2025-11-24,2025-11-24T00:29:07Z
Bovada,player_rebounds,Deandre Ayton,Under,9.5,-180,2025-11-24,2025-11-24T00:29:07Z
Bovada,player_rebounds,Deandre Ayton,Over,10.5,215,2025-11-24,2025-11-24T00:29:07Z
Bovada,player_rebounds,Deandre Ayton,Under,10.5,-300,2025-11-24,2025-11-24T00:29:07Z
Bovada,player_rebounds,Jusuf Nurkic,Over,7.5,-250,2025-11-24,2025-11-24T00:29:07Z
Bovada,player_rebounds,Jusuf Nurkic,Under,7.5,185,2025-11-24,2025-11-24T00:29:07Z
Bovada,player_rebounds,Jusuf Nurkic,Over,8.5,-145,2025-11-24,2025-11-24T00:29:07Z
Bovada,player_rebounds,Jusuf Nurkic,Under,8.5,110,2025-11-24,2025-11-24T00:29:07Z
Bovada,player_rebounds,Jusuf Nurkic,Over,9.5,110,2025-11-24,2025-11-24T00:29:07Z
Bovada,player_rebounds,Jusuf Nurkic,Under,9.5,-145,2025-11-24,2025-11-24T00:29:07Z
Bovada,player_rebounds,Jusuf Nurkic,Over,10.5,175,2025-11-24,2025-11-24T00:29:07Z
Bovada,player_rebounds,Jusuf Nurkic,Under,10.5,-240,2025-11-24,2025-11-24T00:29:07Z
Bovada,player_rebounds,Kyle Filipowski,Over,4.5,-275,2025-11-24,2025-11-24T00:29:07Z
Bovada,player_rebounds,Kyle Filipowski,Under,4.5,200,2025-11-24,2025-11-24T00:29:07Z
Bovada,player_rebounds,Kyle Filipowski,Over,5.5,-135,2025-11-24,2025-11-24T00:29:07Z
Bovada,player_rebounds,Kyle Filipowski,Under,5.5,105,2025-11-24,2025-11-24T00:29:07Z
Bovada,player_rebounds,Kyle Filipowski,Over,6.5,130,2025-11-24,2025-11-24T00:29:07Z
Bovada,player_rebounds,Kyle Filipowski,Under,6.5,-170,2025-11-24,2025-11-24T00:29:07Z
Bovada,player_rebounds,Lauri Markkanen,Over,5.5,-105,2025-11-24,2025-11-24T00:29:07Z
Bovada,player_rebounds,Lauri Markkanen,Under,5.5,-125,2025-11-24,2025-11-24T00:29:07Z
Bovada,player_rebounds,LeBron James,Over,5.5,-165,2025-11-24,2025-11-24T00:29:07Z
Bovada,player_rebounds,LeBron James,Under,5.5,125,2025-11-24,2025-11-24T00:29:07Z
Bovada,player_rebounds,LeBron James,Over,6.5,110,2025-11-24,2025-11-24T00:29:07Z
Bovada,player_rebounds,LeBron James,Under,6.5,-145,2025-11-24,2025-11-24T00:29:07Z
Bovada,player_rebounds,LeBron James,Over,7.5,190,2025-11-24,2025-11-24T00:29:07Z
Bovada,player_rebounds,LeBron James,Under,7.5,-260,2025-11-24,2025-11-24T00:29:07Z
Bovada,player_rebounds,Luka Doncic,Over,6.5,-260,2025-11-24,2025-11-24T00:29:07Z
Bovada,player_rebounds,Luka Doncic,Under,6.5,190,2025-11-24,2025-11-24T00:29:07Z
Bovada,player_rebounds,Luka Doncic,Over,7.5,-145,2025-11-24,2025-11-24T00:29:07Z
Bovada,player_rebounds,Luka Doncic,Under,7.5,110,2025-11-24,2025-11-24T00:29:07Z
Bovada,player_rebounds,Luka Doncic,Over,8.5,115,2025-11-24,2025-11-24T00:29:07Z
Bovada,player_rebounds,Luka Doncic,Under,8.5,-150,2025-11-24,2025-11-24T00:29:07Z
Bovada,player_rebounds,Luka Doncic,Over,9.5,185,2025-11-24,2025-11-24T00:29:07Z
Bovada,player_rebounds,Luka Doncic,Under,9.5,-250,2025-11-24,2025-11-24T00:29:07Z
Bovada,player_rebounds,Jeremy Sochan,Over,4.5,-160,2025-11-24,2025-11-24T00:29:47Z
Bovada,player_rebounds,Jeremy Sochan,Under,4.5,120,2025-11-24,2025-11-24T00:29:47Z
Bovada,player_rebounds,Jeremy Sochan,Over,5.5,120,2025-11-24,2025-11-24T00:29:47Z
Bovada,player_rebounds,Jeremy Sochan,Under,5.5,-160,2025-11-24,2025-11-24T00:29:47Z
Bovada,player_rebounds,Keldon Johnson,Over,5.5,-230,2025-11-24,2025-11-24T00:29:47Z
Bovada,player_rebounds,Keldon Johnson,Under,5.5,170,2025-11-24,2025-11-24T00:29:47Z
Bovada,player_rebounds,Keldon Johnson,Over,6.5,-125,2025-11-24,2025-11-24T00:29:47Z
Bovada,player_rebounds,Keldon Johnson,Under,6.5,-105,2025-11-24,2025-11-24T00:29:47Z
Bovada,player_rebounds,Keldon Johnson,Over,7.5,140,2025-11-24,2025-11-24T00:29:47Z
Bovada,player_rebounds,Keldon Johnson,Under,7.5,-185,2025-11-24,2025-11-24T00:29:47Z
Bovada,player_rebounds,Luke Kornet,Over,5.5,-260,2025-11-24,2025-11-24T00:29:47Z
Bovada,player_rebounds,Luke Kornet,Under,5.5,190,2025-11-24,2025-11-24T00:29:47Z
Bovada,player_rebounds,Luke Kornet,Over,6.5,-145,2025-11-24,2025-11-24T00:29:47Z
Bovada,player_rebounds,Luke Kornet,Under,6.5,110,2025-11-24,2025-11-24T00:29:47Z
Bovada,player_rebounds,Luke Kornet,Over,7.5,120,2025-11-24,2025-11-24T00:29:47Z
Bovada,player_rebounds,Luke Kornet,Under,7.5,-160,2025-11-24,2025-11-24T00:29:47Z
Bovada,player_rebounds,Mark Williams,Over,7.5,-230,2025-11-24,2025-11-24T00:29:47Z
Bovada,player_rebounds,Mark Williams,Under,7.5,170,2025-11-24,2025-11-24T00:29:47Z
Bovada,player_rebounds,Mark Williams,Over,8.5,-135,2025-11-24,2025-11-24T00:29:47Z
Bovada,player_rebounds,Mark Williams,Under,8.5,105,2025-11-24,2025-11-24T00:29:47Z
Bovada,player_rebounds,Mark Williams,Over,9.5,120,2025-11-24,2025-11-24T00:29:47Z
Bovada,player_rebounds,Mark Williams,Under,9.5,-160,2025-11-24,2025-11-24T00:29:47Z
Bovada,player_rebounds,Mark Williams,Over,10.5,185,2025-11-24,2025-11-24T00:29:47Z
Bovada,player_rebounds,Mark Williams,Under,10.5,-250,2025-11-24,2025-11-24T00:29:47Z
BetRivers,player_rebounds,Ace Bailey,Over,3.5,-109,2025-11-24,2025-11-24T00:29:49Z
BetRivers,player_rebounds,Ace Bailey,Under,3.5,-122,2025-11-24,2025-11-24T00:29:49Z
BetRivers,player_rebounds,Keyonte George,Over,3.5,114,2025-11-24,2025-11-24T00:29:49Z
BetRivers,player_rebounds,Keyonte George,Under,3.5,-152,2025-11-24,2025-11-24T00:29:49Z
BetRivers,player_rebounds,Luka Doncic,Over,7.5,-137,2025-11-24,2025-11-24T00:29:49Z
BetRivers,player_rebounds,Luka Doncic,Under,7.5,104,2025-11-24,2025-11-24T00:29:49Z
BetRivers,player_rebounds,Deandre Ayton,Over,8.5,-139,2025-11-24,2025-11-24T00:29:49Z
BetRivers,player_rebounds,Deandre Ayton,Under,8.5,105,2025-11-24,2025-11-24T00:29:49Z
BetRivers,player_rebounds,Austin Reaves,Over,4.5,125,2025-11-24,2025-11-24T00:29:49Z
BetRivers,player_rebounds,Austin Reaves,Under,4.5,-167,2025-11-24,2025-11-24T00:29:49Z
BetRivers,player_rebounds,Lauri Markkanen,Over,5.5,-106,2025-11-24,2025-11-24T00:29:49Z
BetRivers,player_rebounds,Lauri Markkanen,Under,5.5,-125,2025-11-24,2025-11-24T00:29:49Z
BetRivers,player_rebounds,Jusuf Nurkic,Over,9.5,-110,2025-11-24,2025-11-24T00:29:49Z
BetRivers,player_rebounds,Jusuf Nurkic,Under,9.5,-121,2025-11-24,2025-11-24T00:29:49Z
BetRivers,player_rebounds,LeBron James,Over,6.5,110,2025-11-24,2025-11-24T00:29:49Z
BetRivers,player_rebounds,LeBron James,Under,6.5,-148,2025-11-24,2025-11-24T00:29:49Z
BetRivers,player_rebounds,Luke Kornet,Over,7.5,105,2025-11-24,2025-11-24T00:29:39Z
BetRivers,player_rebounds,Luke Kornet,Under,7.5,-139,2025-11-24,2025-11-24T00:29:39Z
BetRivers,player_rebounds,De'Aaron Fox,Over,3.5,-137,2025-11-24,2025-11-24T00:29:39Z
BetRivers,player_rebounds,De'Aaron Fox,Under,3.5,102,2025-11-24,2025-11-24T00:29:39Z
BetRivers,player_rebounds,Devin Vassell,Over,3.5,-137,2025-11-24,2025-11-24T00:29:39Z
BetRivers,player_rebounds,Devin Vassell,Under,3.5,102,2025-11-24,2025-11-24T00:29:39Z
BetRivers,player_rebounds,Harrison Barnes,Over,3.5,-139,2025-11-24,2025-11-24T00:29:39Z
BetRivers,player_rebounds,Harrison Barnes,Under,3.5,105,2025-11-24,2025-11-24T00:29:39Z
BetRivers,player_rebounds,Mark Williams,Over,8.5,-110,2025-11-24,2025-11-24T00:29:39Z
BetRivers,player_rebounds,Mark Williams,Under,8.5,-121,2025-11-24,2025-11-24T00:29:39Z
BetRivers,player_rebounds,Royce O'Neale,Over,5.5,-105,2025-11-24,2025-11-24T00:29:39Z
BetRivers,player_rebounds,Royce O'Neale,Under,5.5,-127,2025-11-24,2025-11-24T00:29:39Z
BetRivers,player_rebounds,Julian Champagnie,Over,4.5,-120,2025-11-24,2025-11-24T00:29:39Z
BetRivers,player_rebounds,Julian Champagnie,Under,4.5,-110,2025-11-24,2025-11-24T00:29:39Z
BetRivers,player_rebounds,Keldon Johnson,Over,6.5,-127,2025-11-24,2025-11-24T00:29:39Z
BetRivers,player_rebounds,Keldon Johnson,Under,6.5,-105,2025-11-24,2025-11-24T00:29:39Z
BetRivers,player_rebounds,Devin Booker,Over,3.5,-150,2025-11-24,2025-11-24T00:29:39Z
BetRivers,player_rebounds,Devin Booker,Under,3.5,112,2025-11-24,2025-11-24T00:29:39Z
BetRivers,player_rebounds,Collin Gillespie,Over,4.5,-109,2025-11-24,2025-11-24T00:29:39Z
BetRivers,player_rebounds,Collin Gillespie,Under,4.5,-122,2025-11-24,2025-11-24T00:29:39Z
BetRivers,player_rebounds,Dillon Brooks,Over,3.5,115,2025-11-24,2025-11-24T00:29:39Z
BetRivers,player_rebounds,Dillon Brooks,Under,3.5,-152,2025-11-24,2025-11-24T00:29:39Z
FanDuel,player_assists,Vit Krejci,Over,2.5,-245,2025-11-23,2025-11-24T00:28:49Z
FanDuel,player_assists,Vit Krejci,Under,2.5,178,2025-11-23,2025-11-24T00:28:49Z
FanDuel,player_assists,Nickeil Alexander-Walker,Over,4.5,-122,2025-11-23,2025-11-24T00:28:49Z
FanDuel,player_assists,Nickeil Alexander-Walker,Under,4.5,-108,2025-11-23,2025-11-24T00:28:49Z
FanDuel,player_assists,Collin Sexton,Over,4.5,-118,2025-11-23,2025-11-24T00:28:49Z
FanDuel,player_assists,Collin Sexton,Under,4.5,-112,2025-11-23,2025-11-24T00:28:49Z
FanDuel,player_assists,Onyeka Okongwu,Over,4.5,172,2025-11-23,2025-11-24T00:28:49Z
FanDuel,player_assists,Onyeka Okongwu,Under,4.5,-235,2025-11-23,2025-11-24T00:28:49Z
FanDuel,player_assists,Jalen Johnson,Over,10.5,138,2025-11-23,2025-11-24T00:28:49Z
FanDuel,player_assists,Jalen Johnson,Under,10.5,-186,2025-11-23,2025-11-24T00:28:49Z
FanDuel,player_assists,Miles Bridges,Over,4.5,124,2025-11-23,2025-11-24T00:28:49Z
FanDuel,player_assists,Miles Bridges,Under,4.5,-166,2025-11-23,2025-11-24T00:28:49Z
FanDuel,player_assists,Dyson Daniels,Over,5.5,130,2025-11-23,2025-11-24T00:28:49Z
FanDuel,player_assists,Dyson Daniels,Under,5.5,-174,2025-11-23,2025-11-24T00:28:49Z
FanDuel,player_assists,Darius Garland,Over,8.5,-104,2025-11-23,2025-11-24T00:27:23Z
FanDuel,player_assists,Darius Garland,Under,8.5,-128,2025-11-23,2025-11-24T00:27:23Z
FanDuel,player_assists,Donovan Mitchell,Over,4.5,142,2025-11-23,2025-11-24T00:27:23Z
FanDuel,player_assists,Donovan Mitchell,Under,4.5,-192,2025-11-23,2025-11-24T00:27:23Z
FanDuel,player_assists,James Harden,Over,7.5,-152,2025-11-23,2025-11-24T00:27:23Z
FanDuel,player_assists,James Harden,Under,7.5,114,2025-11-23,2025-11-24T00:27:23Z
FanDuel,player_assists,Anthony Black,Over,3.5,-114,2025-11-23,2025-11-24T00:28:31Z
FanDuel,player_assists,Anthony Black,Under,3.5,-114,2025-11-23,2025-11-24T00:28:31Z
FanDuel,player_assists,Franz Wagner,Over,3.5,-136,2025-11-23,2025-11-24T00:28:31Z
FanDuel,player_assists,Franz Wagner,Under,3.5,102,2025-11-23,2025-11-24T00:28:31Z
FanDuel,player_assists,Desmond Bane,Over,4.5,-174,2025-11-23,2025-11-24T00:28:31Z
FanDuel,player_assists,Desmond Bane,Under,4.5,130,2025-11-23,2025-11-24T00:28:31Z
FanDuel,player_assists,Derrick White,Over,3.5,-166,2025-11-23,2025-11-24T00:28:31Z
FanDuel,player_assists,Derrick White,Under,3.5,124,2025-11-23,2025-11-24T00:28:31Z
FanDuel,player_assists,Payton Pritchard,Over,10.5,154,2025-11-23,2025-11-24T00:28:31Z
FanDuel,player_assists,Payton Pritchard,Under,10.5,-210,2025-11-23,2025-11-24T00:28:31Z
FanDuel,player_assists,Jaylen Brown,Over,7.5,-120,2025-11-23,2025-11-24T00:28:31Z
FanDuel,player_assists,Jaylen Brown,Under,7.5,-110,2025-11-23,2025-11-24T00:28:31Z
FanDuel,player_assists,Brandon Ingram,Over,3.5,-158,2025-11-23,2025-11-24T00:28:50Z
FanDuel,player_assists,Brandon Ingram,Under,3.5,118,2025-11-23,2025-11-24T00:28:50Z
FanDuel,player_assists,Egor Demin,Over,5.5,-178,2025-11-23,2025-11-24T00:28:50Z
FanDuel,player_assists,Egor Demin,Under,5.5,132,2025-11-23,2025-11-24T00:28:50Z
FanDuel,player_assists,Michael Porter Jr,Over,3.5,152,2025-11-23,2025-11-24T00:28:50Z
FanDuel,player_assists,Michael Porter Jr,Under,3.5,-205,2025-11-23,2025-11-24T00:28:50Z
FanDuel,player_assists,Immanuel Quickley,Over,6.5,-172,2025-11-23,2025-11-24T00:28:50Z
FanDuel,player_assists,Immanuel Quickley,Under,6.5,128,2025-11-23,2025-11-24T00:28:50Z
FanDuel,player_assists,R.J. Barrett,Over,2.5,-138,2025-11-23,2025-11-24T00:28:50Z
FanDuel,player_assists,R.J. Barrett,Under,2.5,104,2025-11-23,2025-11-24T00:28:50Z
FanDuel,player_assists,Scottie Barnes,Over,6.5,108,2025-11-23,2025-11-24T00:28:50Z
FanDuel,player_assists,Scottie Barnes,Under,6.5,-144,2025-11-23,2025-11-24T00:28:50Z
FanDuel,player_assists,Ajay Mitchell,Over,3.5,116,2025-11-24,2025-11-24T00:28:22Z
FanDuel,player_assists,Ajay Mitchell,Under,3.5,-154,2025-11-24,2025-11-24T00:28:22Z
FanDuel,player_assists,Donovan Clingan,Over,1.5,116,2025-11-24,2025-11-24T00:28:22Z
FanDuel,player_assists,Donovan Clingan,Under,1.5,-154,2025-11-24,2025-11-24T00:28:22Z
FanDuel,player_assists,Shai Gilgeous-Alexander,Over,5.5,108,2025-11-24,2025-11-24T00:28:22Z
FanDuel,player_assists,Shai Gilgeous-Alexander,Under,5.5,-144,2025-11-24,2025-11-24T00:28:22Z
FanDuel,player_assists,Toumani Camara,Over,2.5,-158,2025-11-24,2025-11-24T00:28:22Z
FanDuel,player_assists,Toumani Camara,Under,2.5,118,2025-11-24,2025-11-24T00:28:22Z
FanDuel,player_assists,Luguentz Dort,Over,0.5,-215,2025-11-24,2025-11-24T00:28:22Z
FanDuel,player_assists,Luguentz Dort,Under,0.5,158,2025-11-24,2025-11-24T00:28:22Z
FanDuel,player_assists,Isaiah Joe,Over,1.5,-162,2025-11-24,2025-11-24T00:28:22Z
FanDuel,player_assists,Isaiah Joe,Under,1.5,122,2025-11-24,2025-11-24T00:28:22Z
FanDuel,player_assists,Deni Avdija,Over,6.5,-102,2025-11-24,2025-11-24T00:28:22Z
FanDuel,player_assists,Deni Avdija,Under,6.5,-130,2025-11-24,2025-11-24T00:28:22Z
FanDuel,player_assists,Isaiah Hartenstein,Over,3.5,-104,2025-11-24,2025-11-24T00:28:22Z
FanDuel,player_assists,Isaiah Hartenstein,Under,3.5,-128,2025-11-24,2025-11-24T00:28:22Z
FanDuel,player_assists,Jerami Grant,Over,2.5,116,2025-11-24,2025-11-24T00:28:22Z
FanDuel,player_assists,Jerami Grant,Under,2.5,-154,2025-11-24,2025-11-24T00:28:22Z
FanDuel,player_assists,LeBron James,Over,7.5,112,2025-11-24,2025-11-24T00:29:38Z
FanDuel,player_assists,LeBron James,Under,7.5,-142,2025-11-24,2025-11-24T00:29:38Z
FanDuel,player_assists,Luka Doncic,Over,8.5,-120,2025-11-24,2025-11-24T00:29:38Z
FanDuel,player_assists,Luka Doncic,Under,8.5,-106,2025-11-24,2025-11-24T00:29:38Z
FanDuel,player_assists,Jusuf Nurkic,Over,3.5,-104,2025-11-24,2025-11-24T00:29:38Z
FanDuel,player_assists,Jusuf Nurkic,Under,3.5,-122,2025-11-24,2025-11-24T00:29:38Z
FanDuel,player_assists,Isaiah Collier,Over,5.5,-132,2025-11-24,2025-11-24T00:29:38Z
FanDuel,player_assists,Isaiah Collier,Under,5.5,104,2025-11-24,2025-11-24T00:29:38Z
FanDuel,player_assists,Keyonte George,Over,6.5,-111,2025-11-24,2025-11-24T00:29:38Z
FanDuel,player_assists,Keyonte George,Under,6.5,-115,2025-11-24,2025-11-24T00:29:38Z
FanDuel,player_assists,Austin Reaves,Over,4.5,-160,2025-11-24,2025-11-24T00:29:38Z
FanDuel,player_assists,Austin Reaves,Under,4.5,124,2025-11-24,2025-11-24T00:29:38Z
FanDuel,player_assists,Collin Gillespie,Over,6.5,114,2025-11-24,2025-11-24T00:28:56Z
FanDuel,player_assists,Collin Gillespie,Under,6.5,-146,2025-11-24,2025-11-24T00:28:56Z
FanDuel,player_assists,Devin Vassell,Over,3.5,100,2025-11-24,2025-11-24T00:28:56Z
FanDuel,player_assists,Devin Vassell,Under,3.5,-128,2025-11-24,2025-11-24T00:28:56Z
FanDuel,player_assists,De'Aaron Fox,Over,7.5,-111,2025-11-24,2025-11-24T00:28:56Z
FanDuel,player_assists,De'Aaron Fox,Under,7.5,-115,2025-11-24,2025-11-24T00:28:56Z
FanDuel,player_assists,Devin Booker,Over,7.5,-108,2025-11-24,2025-11-24T00:28:56Z
FanDuel,player_assists,Devin Booker,Under,7.5,-118,2025-11-24,2025-11-24T00:28:56Z
FanDuel,player_assists,Royce O'Neale,Over,3.5,136,2025-11-24,2025-11-24T00:28:56Z
FanDuel,player_assists,Royce O'Neale,Under,3.5,-174,2025-11-24,2025-11-24T00:28:56Z
FanDuel,player_assists,Dillon Brooks,Over,2.5,162,2025-11-24,2025-11-24T00:28:56Z
FanDuel,player_assists,Dillon Brooks,Under,2.5,-210,2025-11-24,2025-11-24T00:28:56Z
DraftKings,player_assists,Jalen Johnson,Over,10.5,-130,2025-11-23,2025-11-24T00:29:15Z
DraftKings,player_assists,Jalen Johnson,Under,10.5,100,2025-11-23,2025-11-24T00:29:15Z
DraftKings,player_assists,Collin Sexton,Over,5.5,-115,2025-11-23,2025-11-24T00:29:15Z
DraftKings,player_assists,Collin Sexton,Under,5.5,-115,2025-11-23,2025-11-24T00:29:15Z
DraftKings,player_assists,Dyson Daniels,Over,5.5,140,2025-11-23,2025-11-24T00:29:15Z
DraftKings,player_assists,Dyson Daniels,Under,5.5,-180,2025-11-23,2025-11-24T00:29:15Z
DraftKings,player_assists,Nickeil Alexander-Walker,Over,4.5,-120,2025-11-23,2025-11-24T00:29:15Z
DraftKings,player_assists,Nickeil Alexander-Walker,Under,4.5,-110,2025-11-23,2025-11-24T00:29:15Z
DraftKings,player_assists,Kon Knueppel,Over,2.5,140,2025-11-23,2025-11-24T00:29:15Z
DraftKings,player_assists,Kon Knueppel,Under,2.5,-180,2025-11-23,2025-11-24T00:29:15Z
DraftKings,player_assists,Darius Garland,Over,8.5,110,2025-11-23,2025-11-24T00:29:18Z
DraftKings,player_assists,Darius Garland,Under,8.5,-140,2025-11-23,2025-11-24T00:29:18Z
DraftKings,player_assists,James Harden,Over,7.5,-110,2025-11-23,2025-11-24T00:29:18Z
DraftKings,player_assists,James Harden,Under,7.5,-120,2025-11-23,2025-11-24T00:29:18Z
DraftKings,player_assists,Donovan Mitchell,Over,4.5,140,2025-11-23,2025-11-24T00:29:18Z
DraftKings,player_assists,Donovan Mitchell,Under,4.5,-180,2025-11-23,2025-11-24T00:29:18Z
DraftKings,player_assists,Evan Mobley,Over,3.5,114,2025-11-23,2025-11-24T00:29:18Z
DraftKings,player_assists,Evan Mobley,Under,3.5,-145,2025-11-23,2025-11-24T00:29:18Z
DraftKings,player_assists,Payton Pritchard,Over,9.5,-175,2025-11-23,2025-11-24T00:29:03Z
DraftKings,player_assists,Payton Pritchard,Under,9.5,135,2025-11-23,2025-11-24T00:29:03Z
DraftKings,player_assists,Jaylen Brown,Over,7.5,-125,2025-11-23,2025-11-24T00:29:03Z
DraftKings,player_assists,Jaylen Brown,Under,7.5,-105,2025-11-23,2025-11-24T00:29:03Z
DraftKings,player_assists,Desmond Bane,Over,4.5,-180,2025-11-23,2025-11-24T00:29:03Z
DraftKings,player_assists,Desmond Bane,Under,4.5,140,2025-11-23,2025-11-24T00:29:03Z
DraftKings,player_assists,Derrick White,Over,3.5,-180,2025-11-23,2025-11-24T00:29:03Z
DraftKings,player_assists,Derrick White,Under,3.5,140,2025-11-23,2025-11-24T00:29:03Z
DraftKings,player_assists,Franz Wagner,Over,3.5,-130,2025-11-23,2025-11-24T00:29:03Z
DraftKings,player_assists,Franz Wagner,Under,3.5,100,2025-11-23,2025-11-24T00:29:03Z
DraftKings,player_assists,Anthony Black,Over,3.5,110,2025-11-23,2025-11-24T00:29:03Z
DraftKings,player_assists,Anthony Black,Under,3.5,-140,2025-11-23,2025-11-24T00:29:03Z
DraftKings,player_assists,Tristan da Silva,Over,2.5,-140,2025-11-23,2025-11-24T00:29:03Z
DraftKings,player_assists,Tristan da Silva,Under,2.5,110,2025-11-23,2025-11-24T00:29:03Z
DraftKings,player_assists,Immanuel Quickley,Over,6.5,-135,2025-11-23,2025-11-24T00:29:24Z
DraftKings,player_assists,Immanuel Quickley,Under,6.5,105,2025-11-23,2025-11-24T00:29:24Z
DraftKings,player_assists,Scottie Barnes,Over,6.5,124,2025-11-23,2025-11-24T00:29:24Z
DraftKings,player_assists,Scottie Barnes,Under,6.5,-160,2025-11-23,2025-11-24T00:29:24Z
DraftKings,player_assists,Egor Demin,Over,5.5,-145,2025-11-23,2025-11-24T00:29:24Z
DraftKings,player_assists,Egor Demin,Under,5.5,114,2025-11-23,2025-11-24T00:29:24Z
DraftKings,player_assists,Jamal Shead,Over,5.5,130,2025-11-23,2025-11-24T00:29:24Z
DraftKings,player_assists,Jamal Shead,Under,5.5,-166,2025-11-23,2025-11-24T00:29:24Z
DraftKings,player_assists,Brandon Ingram,Over,4.5,145,2025-11-23,2025-11-24T00:29:24Z
DraftKings,player_assists,Brandon Ingram,Under,4.5,-188,2025-11-23,2025-11-24T00:29:24Z
DraftKings,player_assists,Terance Mann,Over,3.5,-125,2025-11-23,2025-11-24T00:29:24Z
DraftKings,player_assists,Terance Mann,Under,3.5,-105,2025-11-23,2025-11-24T00:29:24Z
DraftKings,player_assists,Tyrese Martin,Over,3.5,105,2025-11-23,2025-11-24T00:29:24Z
DraftKings,player_assists,Tyrese Martin,Under,3.5,-135,2025-11-23,2025-11-24T00:29:24Z
DraftKings,player_assists,Michael Porter Jr,Over,3.5,160,2025-11-23,2025-11-24T00:29:24Z
DraftKings,player_assists,Michael Porter Jr,Under,3.5,-210,2025-11-23,2025-11-24T00:29:24Z
DraftKings,player_assists,Nicolas Claxton,Over,2.5,-140,2025-11-23,2025-11-24T00:29:24Z
DraftKings,player_assists,Nicolas Claxton,Under,2.5,110,2025-11-23,2025-11-24T00:29:24Z
DraftKings,player_assists,R.J. Barrett,Over,2.5,-140,2025-11-23,2025-11-24T00:29:24Z
DraftKings,player_assists,R.J. Barrett,Under,2.5,110,2025-11-23,2025-11-24T00:29:24Z
DraftKings,player_assists,Day'Ron Sharpe,Over,1.5,170,2025-11-23,2025-11-24T00:29:24Z
DraftKings,player_assists,Day'Ron Sharpe,Under,1.5,-220,2025-11-23,2025-11-24T00:29:24Z
DraftKings,player_assists,Deni Avdija,Over,6.5,105,2025-11-24,2025-11-24T00:29:09Z
DraftKings,player_assists,Deni Avdija,Under,6.5,-135,2025-11-24,2025-11-24T00:29:09Z
DraftKings,player_assists,Shai Gilgeous-Alexander,Over,4.5,-154,2025-11-24,2025-11-24T00:29:09Z
DraftKings,player_assists,Shai Gilgeous-Alexander,Under,4.5,120,2025-11-24,2025-11-24T00:29:09Z
DraftKings,player_assists,Ajay Mitchell,Over,3.5,100,2025-11-24,2025-11-24T00:29:09Z
DraftKings,player_assists,Ajay Mitchell,Under,3.5,-130,2025-11-24,2025-11-24T00:29:09Z
DraftKings,player_assists,Isaiah Hartenstein,Over,3.5,100,2025-11-24,2025-11-24T00:29:09Z
DraftKings,player_assists,Isaiah Hartenstein,Under,3.5,-130,2025-11-24,2025-11-24T00:29:09Z
DraftKings,player_assists,Jaylin Williams,Over,3.5,135,2025-11-24,2025-11-24T00:29:09Z
DraftKings,player_assists,Jaylin Williams,Under,3.5,-175,2025-11-24,2025-11-24T00:29:09Z
DraftKings,player_assists,Chet Holmgren,Over,3.5,170,2025-11-24,2025-11-24T00:29:09Z
DraftKings,player_assists,Chet Holmgren,Under,3.5,-220,2025-11-24,2025-11-24T00:29:09Z
DraftKings,player_assists,Toumani Camara,Over,2.5,-145,2025-11-24,2025-11-24T00:29:09Z
DraftKings,player_assists,Toumani Camara,Under,2.5,114,2025-11-24,2025-11-24T00:29:09Z
DraftKings,player_assists,Cason Wallace,Over,2.5,-105,2025-11-24,2025-11-24T00:29:09Z
DraftKings,player_assists,Cason Wallace,Under,2.5,-125,2025-11-24,2025-11-24T00:29:09Z
DraftKings,player_assists,Alex Caruso,Over,2.5,120,2025-11-24,2025-11-24T00:29:09Z
DraftKings,player_assists,Alex Caruso,Under,2.5,-154,2025-11-24,2025-11-24T00:29:09Z
DraftKings,player_assists,Jerami Grant,Over,2.5,130,2025-11-24,2025-11-24T00:29:09Z
DraftKings,player_assists,Jerami Grant,Under,2.5,-166,2025-11-24,2025-11-24T00:29:09Z
DraftKings,player_assists,Isaiah Joe,Over,1.5,-120,2025-11-24,2025-11-24T00:29:09Z
DraftKings,player_assists,Isaiah Joe,Under,1.5,-110,2025-11-24,2025-11-24T00:29:09Z
DraftKings,player_assists,Kris Murray,Over,1.5,150,2025-11-24,2025-11-24T00:29:09Z
DraftKings,player_assists,Kris Murray,Under,1.5,-195,2025-11-24,2025-11-24T00:29:09Z
DraftKings,player_assists,Luka Doncic,Over,8.5,-126,2025-11-24,2025-11-24T00:29:38Z
DraftKings,player_assists,Luka Doncic,Under,8.5,-105,2025-11-24,2025-11-24T00:29:38Z
DraftKings,player_assists,LeBron James,Over,7.5,101,2025-11-24,2025-11-24T00:29:38Z
DraftKings,player_assists,LeBron James,Under,7.5,-133,2025-11-24,2025-11-24T00:29:38Z
DraftKings,player_assists,Keyonte George,Over,6.5,-116,2025-11-24,2025-11-24T00:29:38Z
DraftKings,player_assists,Keyonte George,Under,6.5,-114,2025-11-24,2025-11-24T00:29:38Z
DraftKings,player_assists,Isaiah Collier,Over,5.5,-127,2025-11-24,2025-11-24T00:29:38Z
DraftKings,player_assists,Isaiah Collier,Under,5.5,-103,2025-11-24,2025-11-24T00:29:38Z
DraftKings,player_assists,Austin Reaves,Over,4.5,-152,2025-11-24,2025-11-24T00:29:38Z
DraftKings,player_assists,Austin Reaves,Under,4.5,115,2025-11-24,2025-11-24T00:29:38Z
DraftKings,player_assists,Jusuf Nurkic,Over,3.5,-111,2025-11-24,2025-11-24T00:29:38Z
DraftKings,player_assists,Jusuf Nurkic,Under,3.5,-119,2025-11-24,2025-11-24T00:29:38Z
DraftKings,player_assists,Lauri Markkanen,Over,2.5,133,2025-11-24,2025-11-24T00:29:38Z
DraftKings,player_assists,Lauri Markkanen,Under,2.5,-176,2025-11-24,2025-11-24T00:29:38Z
DraftKings,player_assists,Marcus Smart,Over,1.5,-195,2025-11-24,2025-11-24T00:29:38Z
DraftKings,player_assists,Marcus Smart,Under,1.5,147,2025-11-24,2025-11-24T00:29:38Z
DraftKings,player_assists,Devin Booker,Over,7.5,-118,2025-11-24,2025-11-24T00:29:31Z
DraftKings,player_assists,Devin Booker,Under,7.5,-112,2025-11-24,2025-11-24T00:29:31Z
DraftKings,player_assists,De'Aaron Fox,Over,7.5,-111,2025-11-24,2025-11-24T00:29:31Z
DraftKings,player_assists,De'Aaron Fox,Under,7.5,-118,2025-11-24,2025-11-24T00:29:31Z
DraftKings,player_assists,Collin Gillespie,Over,6.5,111,2025-11-24,2025-11-24T00:29:31Z
DraftKings,player_assists,Collin Gillespie,Under,6.5,-146,2025-11-24,2025-11-24T00:29:31Z
DraftKings,player_assists,Devin Vassell,Over,3.5,102,2025-11-24,2025-11-24T00:29:31Z
DraftKings,player_assists,Devin Vassell,Under,3.5,-134,2025-11-24,2025-11-24T00:29:31Z
DraftKings,player_assists,Royce O'Neale,Over,3.5,127,2025-11-24,2025-11-24T00:29:31Z
DraftKings,player_assists,Royce O'Neale,Under,3.5,-168,2025-11-24,2025-11-24T00:29:31Z
DraftKings,player_assists,Jeremy Sochan,Over,2.5,-106,2025-11-24,2025-11-24T00:29:31Z
DraftKings,player_assists,Jeremy Sochan,Under,2.5,-124,2025-11-24,2025-11-24T00:29:31Z
DraftKings,player_assists,Dillon Brooks,Over,2.5,137,2025-11-24,2025-11-24T00:29:31Z
DraftKings,player_assists,Dillon Brooks,Under,2.5,-181,2025-11-24,2025-11-24T00:29:31Z
BetOnline.ag,player_assists,Isaiah Collier,Over,5.5,-128,2025-11-24,2025-11-24T00:27:38Z
BetOnline.ag,player_assists,Isaiah Collier,Under,5.5,-101,2025-11-24,2025-11-24T00:27:38Z
BetOnline.ag,player_assists,Keyonte George,Over,6.5,-110,2025-11-24,2025-11-24T00:27:38Z
BetOnline.ag,player_assists,Keyonte George,Under,6.5,-118,2025-11-24,2025-11-24T00:27:38Z
BetOnline.ag,player_assists,Jusuf Nurkic,Over,3.5,-116,2025-11-24,2025-11-24T00:27:38Z
BetOnline.ag,player_assists,Jusuf Nurkic,Under,3.5,-111,2025-11-24,2025-11-24T00:27:38Z
BetOnline.ag,player_assists,Luka Doncic,Over,8.5,-123,2025-11-24,2025-11-24T00:27:38Z
BetOnline.ag,player_assists,Luka Doncic,Under,8.5,-105,2025-11-24,2025-11-24T00:27:38Z
BetOnline.ag,player_assists,Marcus Smart,Over,2.5,149,2025-11-24,2025-11-24T00:27:38Z
BetOnline.ag,player_assists,Marcus Smart,Under,2.5,-196,2025-11-24,2025-11-24T00:27:38Z
BetOnline.ag,player_assists,Austin Reaves,Over,4.5,-147,2025-11-24,2025-11-24T00:27:38Z
BetOnline.ag,player_assists,Austin Reaves,Under,4.5,113,2025-11-24,2025-11-24T00:27:38Z
BetOnline.ag,player_assists,LeBron James,Over,7.5,109,2025-11-24,2025-11-24T00:27:38Z
BetOnline.ag,player_assists,LeBron James,Under,7.5,-141,2025-11-24,2025-11-24T00:27:38Z
BetOnline.ag,player_assists,Lauri Markkanen,Over,2.5,134,2025-11-24,2025-11-24T00:27:38Z
BetOnline.ag,player_assists,Lauri Markkanen,Under,2.5,-175,2025-11-24,2025-11-24T00:27:38Z
BetOnline.ag,player_assists,Svi Mykhailiuk,Over,2.5,171,2025-11-24,2025-11-24T00:27:38Z
BetOnline.ag,player_assists,Svi Mykhailiuk,Under,2.5,-227,2025-11-24,2025-11-24T00:27:38Z
BetOnline.ag,player_assists,Devin Booker,Over,7.5,-119,2025-11-24,2025-11-24T00:29:46Z
BetOnline.ag,player_assists,Devin Booker,Under,7.5,-109,2025-11-24,2025-11-24T00:29:46Z
BetOnline.ag,player_assists,Devin Vassell,Over,3.5,-105,2025-11-24,2025-11-24T00:29:46Z
BetOnline.ag,player_assists,Devin Vassell,Under,3.5,-123,2025-11-24,2025-11-24T00:29:46Z
BetOnline.ag,player_assists,Jeremy Sochan,Over,2.5,-103,2025-11-24,2025-11-24T00:29:46Z
BetOnline.ag,player_assists,Jeremy Sochan,Under,2.5,-125,2025-11-24,2025-11-24T00:29:46Z
BetOnline.ag,player_assists,Royce O'Neale,Over,3.5,134,2025-11-24,2025-11-24T00:29:46Z
BetOnline.ag,player_assists,Royce O'Neale,Under,3.5,-175,2025-11-24,2025-11-24T00:29:46Z
BetOnline.ag,player_assists,Harrison Barnes,Over,2.5,158,2025-11-24,2025-11-24T00:29:46Z
BetOnline.ag,player_assists,Harrison Barnes,Under,2.5,-208,2025-11-24,2025-11-24T00:29:46Z
BetOnline.ag,player_assists,De'Aaron Fox,Over,7.5,-108,2025-11-24,2025-11-24T00:29:46Z
BetOnline.ag,player_assists,De'Aaron Fox,Under,7.5,-120,2025-11-24,2025-11-24T00:29:46Z
BetOnline.ag,player_assists,Luke Kornet,Over,2.5,164,2025-11-24,2025-11-24T00:29:46Z
BetOnline.ag,player_assists,Luke Kornet,Under,2.5,-217,2025-11-24,2025-11-24T00:29:46Z
BetOnline.ag,player_assists,Dillon Brooks,Over,2.5,155,2025-11-24,2025-11-24T00:29:46Z
BetOnline.ag,player_assists,Dillon Brooks,Under,2.5,-204,2025-11-24,2025-11-24T00:29:46Z
BetOnline.ag,player_assists,Keldon Johnson,Over,2.5,130,2025-11-24,2025-11-24T00:29:46Z
BetOnline.ag,player_assists,Keldon Johnson,Under,2.5,-169,2025-11-24,2025-11-24T00:29:46Z
BetOnline.ag,player_assists,Collin Gillespie,Over,6.5,110,2025-11-24,2025-11-24T00:29:46Z
BetOnline.ag,player_assists,Collin Gillespie,Under,6.5,-143,2025-11-24,2025-11-24T00:29:46Z
BetOnline.ag,player_assists,Jordan Goodwin,Over,2.5,-141,2025-11-24,2025-11-24T00:29:46Z
BetOnline.ag,player_assists,Jordan Goodwin,Under,2.5,109,2025-11-24,2025-11-24T00:29:46Z
BetMGM,player_assists,Kyle Filipowski,Over,1.5,-160,2025-11-24,2025-11-24T00:29:46Z
BetMGM,player_assists,Kyle Filipowski,Under,1.5,120,2025-11-24,2025-11-24T00:29:46Z
BetMGM,player_assists,Lauri Markkanen,Over,2.5,130,2025-11-24,2025-11-24T00:29:46Z
BetMGM,player_assists,Lauri Markkanen,Under,2.5,-175,2025-11-24,2025-11-24T00:29:46Z
BetMGM,player_assists,Austin Reaves,Over,4.5,-150,2025-11-24,2025-11-24T00:29:46Z
BetMGM,player_assists,Austin Reaves,Under,4.5,110,2025-11-24,2025-11-24T00:29:46Z
BetMGM,player_assists,Isaiah Collier,Over,5.5,-130,2025-11-24,2025-11-24T00:29:46Z
BetMGM,player_assists,Isaiah Collier,Under,5.5,-105,2025-11-24,2025-11-24T00:29:46Z
BetMGM,player_assists,Luka Doncic,Over,8.5,-135,2025-11-24,2025-11-24T00:29:46Z
BetMGM,player_assists,Luka Doncic,Under,8.5,100,2025-11-24,2025-11-24T00:29:46Z
BetMGM,player_assists,Keyonte George,Over,6.5,100,2025-11-24,2025-11-24T00:29:46Z
BetMGM,player_assists,Keyonte George,Under,6.5,-135,2025-11-24,2025-11-24T00:29:46Z
BetMGM,player_assists,Jusuf Nurkic,Over,3.5,-135,2025-11-24,2025-11-24T00:29:46Z
BetMGM,player_assists,Jusuf Nurkic,Under,3.5,100,2025-11-24,2025-11-24T00:29:46Z
BetMGM,player_assists,Rui Hachimura,Over,0.5,-155,2025-11-24,2025-11-24T00:29:46Z
BetMGM,player_assists,Rui Hachimura,Under,0.5,115,2025-11-24,2025-11-24T00:29:46Z
BetMGM,player_assists,Kevin Love,Over,1.5,160,2025-11-24,2025-11-24T00:29:46Z
BetMGM,player_assists,Kevin Love,Under,1.5,-220,2025-11-24,2025-11-24T00:29:46Z
BetMGM,player_assists,Deandre Ayton,Over,0.5,-150,2025-11-24,2025-11-24T00:29:46Z
BetMGM,player_assists,Deandre Ayton,Under,0.5,110,2025-11-24,2025-11-24T00:29:46Z
BetMGM,player_assists,Svi Mykhailiuk,Over,1.5,-160,2025-11-24,2025-11-24T00:29:46Z
BetMGM,player_assists,Svi Mykhailiuk,Under,1.5,120,2025-11-24,2025-11-24T00:29:46Z
BetMGM,player_assists,Ace Bailey,Over,1.5,-175,2025-11-24,2025-11-24T00:29:46Z
BetMGM,player_assists,Ace Bailey,Under,1.5,130,2025-11-24,2025-11-24T00:29:46Z
BetMGM,player_assists,Brice Sensabaugh,Over,1.5,140,2025-11-24,2025-11-24T00:29:46Z
BetMGM,player_assists,Brice Sensabaugh,Under,1.5,-185,2025-11-24,2025-11-24T00:29:46Z
BetMGM,player_assists,Jake LaRavia,Over,1.5,-130,2025-11-24,2025-11-24T00:29:46Z
BetMGM,player_assists,Jake LaRavia,Under,1.5,-105,2025-11-24,2025-11-24T00:29:46Z
BetMGM,player_assists,Marcus Smart,Over,1.5,-185,2025-11-24,2025-11-24T00:29:46Z
BetMGM,player_assists,Marcus Smart,Under,1.5,135,2025-11-24,2025-11-24T00:29:46Z
BetMGM,player_assists,LeBron James,Over,7.5,125,2025-11-24,2025-11-24T00:29:46Z
BetMGM,player_assists,LeBron James,Under,7.5,-160,2025-11-24,2025-11-24T00:29:46Z
BetMGM,player_assists,Luke Kornet,Over,1.5,-185,2025-11-24,2025-11-24T00:29:29Z
BetMGM,player_assists,Luke Kornet,Under,1.5,135,2025-11-24,2025-11-24T00:29:29Z
BetMGM,player_assists,Jeremy Sochan,Over,2.5,-110,2025-11-24,2025-11-24T00:29:29Z
BetMGM,player_assists,Jeremy Sochan,Under,2.5,-120,2025-11-24,2025-11-24T00:29:29Z
BetMGM,player_assists,Keldon Johnson,Over,2.5,130,2025-11-24,2025-11-24T00:29:29Z
BetMGM,player_assists,Keldon Johnson,Under,2.5,-175,2025-11-24,2025-11-24T00:29:29Z
BetMGM,player_assists,De'Aaron Fox,Over,7.5,-110,2025-11-24,2025-11-24T00:29:29Z
BetMGM,player_assists,De'Aaron Fox,Under,7.5,-118,2025-11-24,2025-11-24T00:29:29Z
BetMGM,player_assists,Julian Champagnie,Over,1.5,-105,2025-11-24,2025-11-24T00:29:29Z
BetMGM,player_assists,Julian Champagnie,Under,1.5,-125,2025-11-24,2025-11-24T00:29:29Z
BetMGM,player_assists,Harrison Barnes,Over,2.5,135,2025-11-24,2025-11-24T00:29:29Z
BetMGM,player_assists,Harrison Barnes,Under,2.5,-185,2025-11-24,2025-11-24T00:29:29Z
BetMGM,player_assists,Dillon Brooks,Over,1.5,-160,2025-11-24,2025-11-24T00:29:29Z
BetMGM,player_assists,Dillon Brooks,Under,1.5,120,2025-11-24,2025-11-24T00:29:29Z
BetMGM,player_assists,Devin Vassell,Over,3.5,105,2025-11-24,2025-11-24T00:29:29Z
BetMGM,player_assists,Devin Vassell,Under,3.5,-140,2025-11-24,2025-11-24T00:29:29Z
BetMGM,player_assists,Devin Booker,Over,7.5,-135,2025-11-24,2025-11-24T00:29:29Z
BetMGM,player_assists,Devin Booker,Under,7.5,100,2025-11-24,2025-11-24T00:29:29Z
BetMGM,player_assists,Collin Gillespie,Over,5.5,-150,2025-11-24,2025-11-24T00:29:29Z
BetMGM,player_assists,Collin Gillespie,Under,5.5,110,2025-11-24,2025-11-24T00:29:29Z
BetMGM,player_assists,Jordan Goodwin,Over,2.5,-155,2025-11-24,2025-11-24T00:29:29Z
BetMGM,player_assists,Jordan Goodwin,Under,2.5,115,2025-11-24,2025-11-24T00:29:29Z
BetMGM,player_assists,Royce O'Neale,Over,2.5,-175,2025-11-24,2025-11-24T00:29:29Z
BetMGM,player_assists,Royce O'Neale,Under,2.5,130,2025-11-24,2025-11-24T00:29:29Z
BetMGM,player_assists,Mark Williams,Over,0.5,-235,2025-11-24,2025-11-24T00:29:29Z
BetMGM,player_assists,Mark Williams,Under,0.5,170,2025-11-24,2025-11-24T00:29:29Z
Bovada,player_assists,Austin Reaves,Over,4.5,-135,2025-11-24,2025-11-24T00:29:07Z
Bovada,player_assists,Austin Reaves,Under,4.5,105,2025-11-24,2025-11-24T00:29:07Z
Bovada,player_assists,Austin Reaves,Over,5.5,145,2025-11-24,2025-11-24T00:29:07Z
Bovada,player_assists,Austin Reaves,Under,5.5,-190,2025-11-24,2025-11-24T00:29:07Z
Bovada,player_assists,Isaiah Collier,Over,4.5,-275,2025-11-24,2025-11-24T00:29:07Z
Bovada,player_assists,Isaiah Collier,Under,4.5,200,2025-11-24,2025-11-24T00:29:07Z
Bovada,player_assists,Isaiah Collier,Over,5.5,-130,2025-11-24,2025-11-24T00:29:07Z
Bovada,player_assists,Isaiah Collier,Under,5.5,100,2025-11-24,2025-11-24T00:29:07Z
Bovada,player_assists,Isaiah Collier,Over,6.5,140,2025-11-24,2025-11-24T00:29:07Z
Bovada,player_assists,Isaiah Collier,Under,6.5,-185,2025-11-24,2025-11-24T00:29:07Z
Bovada,player_assists,Jusuf Nurkic,Over,3.5,-125,2025-11-24,2025-11-24T00:29:07Z
Bovada,player_assists,Jusuf Nurkic,Under,3.5,-105,2025-11-24,2025-11-24T00:29:07Z
Bovada,player_assists,Jusuf Nurkic,Over,4.5,170,2025-11-24,2025-11-24T00:29:07Z
Bovada,player_assists,Jusuf Nurkic,Under,4.5,-230,2025-11-24,2025-11-24T00:29:07Z
Bovada,player_assists,Keyonte George,Over,5.5,-190,2025-11-24,2025-11-24T00:29:07Z
Bovada,player_assists,Keyonte George,Under,5.5,145,2025-11-24,2025-11-24T00:29:07Z
Bovada,player_assists,Keyonte George,Over,6.5,100,2025-11-24,2025-11-24T00:29:07Z
Bovada,player_assists,Keyonte George,Under,6.5,-130,2025-11-24,2025-11-24T00:29:07Z
Bovada,player_assists,Keyonte George,Over,7.5,180,2025-11-24,2025-11-24T00:29:07Z
Bovada,player_assists,Keyonte George,Under,7.5,-245,2025-11-24,2025-11-24T00:29:07Z
Bovada,player_assists,LeBron James,Over,6.5,-165,2025-11-24,2025-11-24T00:29:07Z
Bovada,player_assists,LeBron James,Under,6.5,125,2025-11-24,2025-11-24T00:29:07Z
Bovada,player_assists,LeBron James,Over,7.5,110,2025-11-24,2025-11-24T00:29:07Z
Bovada,player_assists,LeBron James,Under,7.5,-145,2025-11-24,2025-11-24T00:29:07Z
Bovada,player_assists,LeBron James,Over,8.5,190,2025-11-24,2025-11-24T00:29:07Z
Bovada,player_assists,LeBron James,Under,8.5,-260,2025-11-24,2025-11-24T00:29:07Z
Bovada,player_assists,Luka Doncic,Over,7.5,-220,2025-11-24,2025-11-24T00:29:07Z
Bovada,player_assists,Luka Doncic,Under,7.5,165,2025-11-24,2025-11-24T00:29:07Z
Bovada,player_assists,Luka Doncic,Over,8.5,-125,2025-11-24,2025-11-24T00:29:07Z
Bovada,player_assists,Luka Doncic,Under,8.5,-105,2025-11-24,2025-11-24T00:29:07Z
Bovada,player_assists,Luka Doncic,Over,9.5,135,2025-11-24,2025-11-24T00:29:07Z
Bovada,player_assists,Luka Doncic,Under,9.5,-180,2025-11-24,2025-11-24T00:29:07Z
Bovada,player_assists,Collin Gillespie,Over,5.5,-190,2025-11-24,2025-11-24T00:29:47Z
Bovada,player_assists,Collin Gillespie,Under,5.5,145,2025-11-24,2025-11-24T00:29:47Z
Bovada,player_assists,Collin Gillespie,Over,6.5,100,2025-11-24,2025-11-24T00:29:47Z
Bovada,player_assists,Collin Gillespie,Under,6.5,-130,2025-11-24,2025-11-24T00:29:47Z
Bovada,player_assists,De'Aaron Fox,Over,6.5,-190,2025-11-24,2025-11-24T00:29:47Z
Bovada,player_assists,De'Aaron Fox,Under,6.5,145,2025-11-24,2025-11-24T00:29:47Z
Bovada,player_assists,De'Aaron Fox,Over,7.5,-105,2025-11-24,2025-11-24T00:29:47Z
Bovada,player_assists,De'Aaron Fox,Under,7.5,-125,2025-11-24,2025-11-24T00:29:47Z
Bovada,player_assists,De'Aaron Fox,Over,8.5,165,2025-11-24,2025-11-24T00:29:47Z
Bovada,player_assists,De'Aaron Fox,Under,8.5,-220,2025-11-24,2025-11-24T00:29:47Z
Bovada,player_assists,Devin Booker,Over,6.5,-240,2025-11-24,2025-11-24T00:29:47Z
Bovada,player_assists,Devin Booker,Under,6.5,175,2025-11-24,2025-11-24T00:29:47Z
Bovada,player_assists,Devin Booker,Over,7.5,-130,2025-11-24,2025-11-24T00:29:47Z
Bovada,player_assists,Devin Booker,Under,7.5,100,2025-11-24,2025-11-24T00:29:47Z
Bovada,player_assists,Devin Booker,Over,8.5,130,2025-11-24,2025-11-24T00:29:47Z
Bovada,player_assists,Devin Booker,Under,8.5,-170,2025-11-24,2025-11-24T00:29:47Z
Bovada,player_assists,Devin Vassell,Over,2.5,-220,2025-11-24,2025-11-24T00:29:47Z
Bovada,player_assists,Devin Vassell,Under,2.5,165,2025-11-24,2025-11-24T00:29:47Z
Bovada,player_assists,Devin Vassell,Over,3.5,110,2025-11-24,2025-11-24T00:29:47Z
Bovada,player_assists,Devin Vassell,Under,3.5,-145,2025-11-24,2025-11-24T00:29:47Z
Bovada,player_assists,Royce O'Neale,Over,2.5,-180,2025-11-24,2025-11-24T00:29:47Z
Bovada,player_assists,Royce O'Neale,Under,2.5,135,2025-11-24,2025-11-24T00:29:47Z
Bovada,player_assists,Royce O'Neale,Over,3.5,135,2025-11-24,2025-11-24T00:29:47Z
Bovada,player_assists,Royce O'Neale,Under,3.5,-180,2025-11-24,2025-11-24T00:29:47Z
BetRivers,player_assists,LeBron James,Over,7.5,100,2025-11-24,2025-11-24T00:29:49Z
BetRivers,player_assists,LeBron James,Under,7.5,-134,2025-11-24,2025-11-24T00:29:49Z
BetRivers,player_assists,Jusuf Nurkic,Over,3.5,100,2025-11-24,2025-11-24T00:29:49Z
BetRivers,player_assists,Jusuf Nurkic,Under,3.5,-132,2025-11-24,2025-11-24T00:29:49Z
BetRivers,player_assists,Austin Reaves,Over,5.5,108,2025-11-24,2025-11-24T00:29:49Z
BetRivers,player_assists,Austin Reaves,Under,5.5,-143,2025-11-24,2025-11-24T00:29:49Z
BetRivers,player_assists,Luka Doncic,Over,8.5,-139,2025-11-24,2025-11-24T00:29:49Z
BetRivers,player_assists,Luka Doncic,Under,8.5,104,2025-11-24,2025-11-24T00:29:49Z
BetRivers,player_assists,Keyonte George,Over,6.5,-103,2025-11-24,2025-11-24T00:29:49Z
BetRivers,player_assists,Keyonte George,Under,6.5,-130,2025-11-24,2025-11-24T00:29:49Z
BetRivers,player_assists,Collin Gillespie,Over,6.5,106,2025-11-24,2025-11-24T00:29:39Z
BetRivers,player_assists,Collin Gillespie,Under,6.5,-141,2025-11-24,2025-11-24T00:29:39Z
BetRivers,player_assists,Devin Vassell,Over,3.5,106,2025-11-24,2025-11-24T00:29:39Z
BetRivers,player_assists,Devin Vassell,Under,3.5,-141,2025-11-24,2025-11-24T00:29:39Z
BetRivers,player_assists,Royce O'Neale,Over,2.5,-162,2025-11-24,2025-11-24T00:29:39Z
BetRivers,player_assists,Royce O'Neale,Under,2.5,120,2025-11-24,2025-11-24T00:29:39Z
BetRivers,player_assists,De'Aaron Fox,Over,7.5,-107,2025-11-24,2025-11-24T00:29:39Z
BetRivers,player_assists,De'Aaron Fox,Under,7.5,-124,2025-11-24,2025-11-24T00:29:39Z
BetRivers,player_assists,Devin Booker,Over,7.5,-132,2025-11-24,2025-11-24T00:29:39Z
BetRivers,player_assists,Devin Booker,Under,7.5,100,2025-11-24,2025-11-24T00:29:39Z
FanDuel,player_threes,Miles Bridges,Over,0.5,-198,2025-11-23,2025-11-24T00:28:49Z
FanDuel,player_threes,Miles Bridges,Under,0.5,146,2025-11-23,2025-11-24T00:28:49Z
FanDuel,player_threes,Kon Knueppel,Over,6.5,114,2025-11-23,2025-11-24T00:28:49Z
FanDuel,player_threes,Kon Knueppel,Under,6.5,-152,2025-11-23,2025-11-24T00:28:49Z
FanDuel,player_threes,Jalen Johnson,Over,2.5,114,2025-11-23,2025-11-24T00:28:49Z
FanDuel,player_threes,Jalen Johnson,Under,2.5,-152,2025-11-23,2025-11-24T00:28:49Z
FanDuel,player_threes,Sion James,Over,1.5,168,2025-11-23,2025-11-24T00:28:49Z
FanDuel,player_threes,Sion James,Under,1.5,-230,2025-11-23,2025-11-24T00:28:49Z
FanDuel,player_threes,Onyeka Okongwu,Over,2.5,-114,2025-11-23,2025-11-24T00:28:49Z
FanDuel,player_threes,Onyeka Okongwu,Under,2.5,-114,2025-11-23,2025-11-24T00:28:49Z
FanDuel,player_threes,Zaccharie Risacher,Over,1.5,132,2025-11-23,2025-11-24T00:28:49Z
FanDuel,player_threes,Zaccharie Risacher,Under,1.5,-178,2025-11-23,2025-11-24T00:28:49Z
FanDuel,player_threes,Nickeil Alexander-Walker,Over,1.5,-180,2025-11-23,2025-11-24T00:28:49Z
FanDuel,player_threes,Nickeil Alexander-Walker,Under,1.5,134,2025-11-23,2025-11-24T00:28:49Z
FanDuel,player_threes,Vit Krejci,Over,1.5,162,2025-11-23,2025-11-24T00:28:49Z
FanDuel,player_threes,Vit Krejci,Under,1.5,-220,2025-11-23,2025-11-24T00:28:49Z
FanDuel,player_threes,Collin Sexton,Over,0.5,154,2025-11-23,2025-11-24T00:28:49Z
FanDuel,player_threes,Collin Sexton,Under,0.5,-210,2025-11-23,2025-11-24T00:28:49Z
FanDuel,player_threes,Tre Mann,Over,1.5,-144,2025-11-23,2025-11-24T00:28:49Z
FanDuel,player_threes,Tre Mann,Under,1.5,108,2025-11-23,2025-11-24T00:28:49Z
FanDuel,player_threes,James Harden,Over,1.5,118,2025-11-23,2025-11-24T00:27:23Z
FanDuel,player_threes,James Harden,Under,1.5,-158,2025-11-23,2025-11-24T00:27:23Z
FanDuel,player_threes,Donovan Mitchell,Over,3.5,104,2025-11-23,2025-11-24T00:27:23Z
FanDuel,player_threes,Donovan Mitchell,Under,3.5,-138,2025-11-23,2025-11-24T00:27:23Z
FanDuel,player_threes,Kawhi Leonard,Over,1.5,-130,2025-11-23,2025-11-24T00:27:23Z
FanDuel,player_threes,Kawhi Leonard,Under,1.5,-102,2025-11-23,2025-11-24T00:27:23Z
FanDuel,player_threes,Darius Garland,Over,0.5,-200,2025-11-23,2025-11-24T00:27:23Z
FanDuel,player_threes,Darius Garland,Under,0.5,146,2025-11-23,2025-11-24T00:27:23Z
FanDuel,player_threes,Kris Dunn,Over,1.5,168,2025-11-23,2025-11-24T00:27:23Z
FanDuel,player_threes,Kris Dunn,Under,1.5,-230,2025-11-23,2025-11-24T00:27:23Z
FanDuel,player_threes,Desmond Bane,Over,2.5,174,2025-11-23,2025-11-24T00:28:31Z
FanDuel,player_threes,Desmond Bane,Under,2.5,-240,2025-11-23,2025-11-24T00:28:31Z
FanDuel,player_threes,Payton Pritchard,Over,2.5,140,2025-11-23,2025-11-24T00:28:31Z
FanDuel,player_threes,Payton Pritchard,Under,2.5,-188,2025-11-23,2025-11-24T00:28:31Z
FanDuel,player_threes,Anfernee Simons,Over,3.5,-210,2025-11-23,2025-11-24T00:28:31Z
FanDuel,player_threes,Anfernee Simons,Under,3.5,154,2025-11-23,2025-11-24T00:28:31Z
FanDuel,player_threes,Derrick White,Over,2.5,174,2025-11-23,2025-11-24T00:28:31Z
FanDuel,player_threes,Derrick White,Under,2.5,-240,2025-11-23,2025-11-24T00:28:31Z
FanDuel,player_threes,Tyrese Martin,Over,2.5,-140,2025-11-23,2025-11-24T00:28:50Z
FanDuel,player_threes,Tyrese Martin,Under,2.5,106,2025-11-23,2025-11-24T00:28:50Z
FanDuel,player_threes,Sandro Mamukelashvili,Over,1.5,126,2025-11-23,2025-11-24T00:28:50Z
FanDuel,player_threes,Sandro Mamukelashvili,Under,1.5,-168,2025-11-23,2025-11-24T00:28:50Z
FanDuel,player_threes,R.J. Barrett,Over,2.5,-186,2025-11-23,2025-11-24T00:28:50Z
FanDuel,player_threes,R.J. Barrett,Under,2.5,138,2025-11-23,2025-11-24T00:28:50Z
FanDuel,player_threes,Ziaire Williams,Over,1.5,-210,2025-11-23,2025-11-24T00:28:50Z
FanDuel,player_threes,Ziaire Williams,Under,1.5,154,2025-11-23,2025-11-24T00:28:50Z
FanDuel,player_threes,Brandon Ingram,Over,1.5,-108,2025-11-23,2025-11-24T00:28:50Z
FanDuel,player_threes,Brandon Ingram,Under,1.5,-122,2025-11-23,2025-11-24T00:28:50Z
FanDuel,player_threes,Immanuel Quickley,Over,2.5,162,2025-11-23,2025-11-24T00:28:50Z
FanDuel,player_threes,Immanuel Quickley,Under,2.5,-220,2025-11-23,2025-11-24T00:28:50Z
FanDuel,player_threes,Egor Demin,Over,0.5,-166,2025-11-23,2025-11-24T00:28:50Z
FanDuel,player_threes,Egor Demin,Under,0.5,124,2025-11-23,2025-11-24T00:28:50Z
FanDuel,player_threes,Scottie Barnes,Over,0.5,100,2025-11-23,2025-11-24T00:28:50Z
FanDuel,player_threes,Scottie Barnes,Under,0.5,-132,2025-11-23,2025-11-24T00:28:50Z
FanDuel,player_threes,Michael Porter Jr,Over,4.5,102,2025-11-23,2025-11-24T00:28:50Z
FanDuel,player_threes,Michael Porter Jr,Under,4.5,-136,2025-11-23,2025-11-24T00:28:50Z
FanDuel,player_threes,Noah Clowney,Over,0.5,-240,2025-11-23,2025-11-24T00:28:50Z
FanDuel,player_threes,Noah Clowney,Under,0.5,174,2025-11-23,2025-11-24T00:28:50Z
FanDuel,player_threes,Gradey Dick,Over,1.5,102,2025-11-23,2025-11-24T00:28:50Z
FanDuel,player_threes,Gradey Dick,Under,1.5,-136,2025-11-23,2025-11-24T00:28:50Z
FanDuel,player_threes,Ajay Mitchell,Over,1.5,164,2025-11-24,2025-11-24T00:28:22Z
FanDuel,player_threes,Ajay Mitchell,Under,1.5,-225,2025-11-24,2025-11-24T00:28:22Z
FanDuel,player_threes,Shai Gilgeous-Alexander,Over,1.5,132,2025-11-24,2025-11-24T00:28:22Z
FanDuel,player_threes,Shai Gilgeous-Alexander,Under,1.5,-178,2025-11-24,2025-11-24T00:28:22Z
FanDuel,player_threes,Jaylin Williams,Over,1.5,136,2025-11-24,2025-11-24T00:28:22Z
FanDuel,player_threes,Jaylin Williams,Under,1.5,-182,2025-11-24,2025-11-24T00:28:22Z
FanDuel,player_threes,Toumani Camara,Over,1.5,-158,2025-11-24,2025-11-24T00:28:22Z
FanDuel,player_threes,Toumani Camara,Under,1.5,118,2025-11-24,2025-11-24T00:28:22Z
FanDuel,player_threes,Deni Avdija,Over,1.5,-140,2025-11-24,2025-11-24T00:28:22Z
FanDuel,player_threes,Deni Avdija,Under,1.5,106,2025-11-24,2025-11-24T00:28:22Z
FanDuel,player_threes,Isaiah Joe,Over,2.5,-166,2025-11-24,2025-11-24T00:28:22Z
FanDuel,player_threes,Isaiah Joe,Under,2.5,124,2025-11-24,2025-11-24T00:28:22Z
FanDuel,player_threes,Luguentz Dort,Over,2.5,134,2025-11-24,2025-11-24T00:28:22Z
FanDuel,player_threes,Luguentz Dort,Under,2.5,-180,2025-11-24,2025-11-24T00:28:22Z
FanDuel,player_threes,Alex Caruso,Over,1.5,168,2025-11-24,2025-11-24T00:28:22Z
FanDuel,player_threes,Alex Caruso,Under,1.5,-230,2025-11-24,2025-11-24T00:28:22Z
FanDuel,player_threes,Cason Wallace,Over,1.5,182,2025-11-24,2025-11-24T00:28:22Z
FanDuel,player_threes,Cason Wallace,Under,1.5,-250,2025-11-24,2025-11-24T00:28:22Z
FanDuel,player_threes,Jerami Grant,Over,2.5,-174,2025-11-24,2025-11-24T00:28:22Z
FanDuel,player_threes,Jerami Grant,Under,2.5,130,2025-11-24,2025-11-24T00:28:22Z
FanDuel,player_threes,LeBron James,Over,1.5,-140,2025-11-24,2025-11-24T00:29:38Z
FanDuel,player_threes,LeBron James,Under,1.5,110,2025-11-24,2025-11-24T00:29:38Z
FanDuel,player_threes,Lauri Markkanen,Over,3.5,132,2025-11-24,2025-11-24T00:29:38Z
FanDuel,player_threes,Lauri Markkanen,Under,3.5,-170,2025-11-24,2025-11-24T00:29:38Z
FanDuel,player_threes,Rui Hachimura,Over,1.5,-125,2025-11-24,2025-11-24T00:29:38Z
FanDuel,player_threes,Rui Hachimura,Under,1.5,-102,2025-11-24,2025-11-24T00:29:38Z
FanDuel,player_threes,Jake LaRavia,Over,1.5,200,2025-11-24,2025-11-24T00:29:38Z
FanDuel,player_threes,Jake LaRavia,Under,1.5,-265,2025-11-24,2025-11-24T00:29:38Z
FanDuel,player_threes,Keyonte George,Over,2.5,122,2025-11-24,2025-11-24T00:29:38Z
FanDuel,player_threes,Keyonte George,Under,2.5,-156,2025-11-24,2025-11-24T00:29:38Z
FanDuel,player_threes,Luka Doncic,Over,3.5,-122,2025-11-24,2025-11-24T00:29:38Z
FanDuel,player_threes,Luka Doncic,Under,3.5,-104,2025-11-24,2025-11-24T00:29:38Z
FanDuel,player_threes,Brice Sensabaugh,Over,1.5,-158,2025-11-24,2025-11-24T00:29:38Z
FanDuel,player_threes,Brice Sensabaugh,Under,1.5,124,2025-11-24,2025-11-24T00:29:38Z
FanDuel,player_threes,Marcus Smart,Over,1.5,164,2025-11-24,2025-11-24T00:29:38Z
FanDuel,player_threes,Marcus Smart,Under,1.5,-215,2025-11-24,2025-11-24T00:29:38Z
FanDuel,player_threes,Ace Bailey,Over,1.5,-102,2025-11-24,2025-11-24T00:29:38Z
FanDuel,player_threes,Ace Bailey,Under,1.5,-125,2025-11-24,2025-11-24T00:29:38Z
FanDuel,player_threes,Svi Mykhailiuk,Over,1.5,-148,2025-11-24,2025-11-24T00:29:38Z
FanDuel,player_threes,Svi Mykhailiuk,Under,1.5,116,2025-11-24,2025-11-24T00:29:38Z
FanDuel,player_threes,Austin Reaves,Over,2.5,-142,2025-11-24,2025-11-24T00:29:38Z
FanDuel,player_threes,Austin Reaves,Under,2.5,112,2025-11-24,2025-11-24T00:29:38Z
FanDuel,player_threes,De'Aaron Fox,Over,2.5,112,2025-11-24,2025-11-24T00:28:56Z
FanDuel,player_threes,De'Aaron Fox,Under,2.5,-142,2025-11-24,2025-11-24T00:28:56Z
FanDuel,player_threes,Julian Champagnie,Over,2.5,134,2025-11-24,2025-11-24T00:28:56Z
FanDuel,player_threes,Julian Champagnie,Under,2.5,-172,2025-11-24,2025-11-24T00:28:56Z
FanDuel,player_threes,Dillon Brooks,Over,2.5,-132,2025-11-24,2025-11-24T00:28:56Z
FanDuel,player_threes,Dillon Brooks,Under,2.5,104,2025-11-24,2025-11-24T00:28:56Z
FanDuel,player_threes,Royce O'Neale,Over,2.5,-180,2025-11-24,2025-11-24T00:28:56Z
FanDuel,player_threes,Royce O'Neale,Under,2.5,140,2025-11-24,2025-11-24T00:28:56Z
FanDuel,player_threes,Keldon Johnson,Over,1.5,136,2025-11-24,2025-11-24T00:28:56Z
FanDuel,player_threes,Keldon Johnson,Under,1.5,-174,2025-11-24,2025-11-24T00:28:56Z
FanDuel,player_threes,Collin Gillespie,Over,2.5,-180,2025-11-24,2025-11-24T00:28:56Z
FanDuel,player_threes,Collin Gillespie,Under,2.5,140,2025-11-24,2025-11-24T00:28:56Z
FanDuel,player_threes,Devin Booker,Over,2.5,124,2025-11-24,2025-11-24T00:28:56Z
FanDuel,player_threes,Devin Booker,Under,2.5,-158,2025-11-24,2025-11-24T00:28:56Z
FanDuel,player_threes,Harrison Barnes,Over,2.5,106,2025-11-24,2025-11-24T00:28:56Z
FanDuel,player_threes,Harrison Barnes,Under,2.5,-136,2025-11-24,2025-11-24T00:28:56Z
FanDuel,player_threes,Devin Vassell,Over,2.5,-102,2025-11-24,2025-11-24T00:28:56Z
FanDuel,player_threes,Devin Vassell,Under,2.5,-125,2025-11-24,2025-11-24T00:28:56Z
DraftKings,player_threes,Kon Knueppel,Over,6.5,100,2025-11-23,2025-11-24T00:29:15Z
DraftKings,player_threes,Kon Knueppel,Under,6.5,-130,2025-11-23,2025-11-24T00:29:15Z
DraftKings,player_threes,Onyeka Okongwu,Over,2.5,-120,2025-11-23,2025-11-24T00:29:15Z
DraftKings,player_threes,Onyeka Okongwu,Under,2.5,-110,2025-11-23,2025-11-24T00:29:15Z
DraftKings,player_threes,Jalen Johnson,Over,2.5,120,2025-11-23,2025-11-24T00:29:15Z
DraftKings,player_threes,Jalen Johnson,Under,2.5,-154,2025-11-23,2025-11-24T00:29:15Z
DraftKings,player_threes,Nickeil Alexander-Walker,Over,1.5,-200,2025-11-23,2025-11-24T00:29:15Z
DraftKings,player_threes,Nickeil Alexander-Walker,Under,1.5,154,2025-11-23,2025-11-24T00:29:15Z
DraftKings,player_threes,Sion James,Over,1.5,140,2025-11-23,2025-11-24T00:29:15Z
DraftKings,player_threes,Sion James,Under,1.5,-180,2025-11-23,2025-11-24T00:29:15Z
DraftKings,player_threes,Zaccharie Risacher,Over,1.5,140,2025-11-23,2025-11-24T00:29:15Z
DraftKings,player_threes,Zaccharie Risacher,Under,1.5,-180,2025-11-23,2025-11-24T00:29:15Z
DraftKings,player_threes,Dyson Daniels,Over,1.5,325,2025-11-23,2025-11-24T00:29:15Z
DraftKings,player_threes,Dyson Daniels,Under,1.5,-475,2025-11-23,2025-11-24T00:29:15Z
DraftKings,player_threes,Vit Krejci,Over,0.5,-238,2025-11-23,2025-11-24T00:29:15Z
DraftKings,player_threes,Vit Krejci,Under,0.5,180,2025-11-23,2025-11-24T00:29:15Z
DraftKings,player_threes,Collin Sexton,Over,0.5,120,2025-11-23,2025-11-24T00:29:15Z
DraftKings,player_threes,Collin Sexton,Under,0.5,-154,2025-11-23,2025-11-24T00:29:15Z
DraftKings,player_threes,De'Andre Hunter,Over,4.5,-200,2025-11-23,2025-11-24T00:29:18Z
DraftKings,player_threes,De'Andre Hunter,Under,4.5,154,2025-11-23,2025-11-24T00:29:18Z
DraftKings,player_threes,Donovan Mitchell,Over,3.5,110,2025-11-23,2025-11-24T00:29:18Z
DraftKings,player_threes,Donovan Mitchell,Under,3.5,-140,2025-11-23,2025-11-24T00:29:18Z
DraftKings,player_threes,James Harden,Over,1.5,130,2025-11-23,2025-11-24T00:29:18Z
DraftKings,player_threes,James Harden,Under,1.5,-166,2025-11-23,2025-11-24T00:29:18Z
DraftKings,player_threes,Darius Garland,Over,0.5,-160,2025-11-23,2025-11-24T00:29:18Z
DraftKings,player_threes,Darius Garland,Under,0.5,124,2025-11-23,2025-11-24T00:29:18Z
DraftKings,player_threes,Evan Mobley,Over,0.5,130,2025-11-23,2025-11-24T00:29:18Z
DraftKings,player_threes,Evan Mobley,Under,0.5,-166,2025-11-23,2025-11-24T00:29:18Z
DraftKings,player_threes,Anfernee Simons,Over,3.5,-195,2025-11-23,2025-11-24T00:29:03Z
DraftKings,player_threes,Anfernee Simons,Under,3.5,150,2025-11-23,2025-11-24T00:29:03Z
DraftKings,player_threes,Anthony Black,Over,2.5,135,2025-11-23,2025-11-24T00:29:03Z
DraftKings,player_threes,Anthony Black,Under,2.5,-175,2025-11-23,2025-11-24T00:29:03Z
DraftKings,player_threes,Payton Pritchard,Over,2.5,154,2025-11-23,2025-11-24T00:29:03Z
DraftKings,player_threes,Payton Pritchard,Under,2.5,-200,2025-11-23,2025-11-24T00:29:03Z
DraftKings,player_threes,Derrick White,Over,2.5,180,2025-11-23,2025-11-24T00:29:03Z
DraftKings,player_threes,Derrick White,Under,2.5,-238,2025-11-23,2025-11-24T00:29:03Z
DraftKings,player_threes,Desmond Bane,Over,1.5,-230,2025-11-23,2025-11-24T00:29:03Z
DraftKings,player_threes,Desmond Bane,Under,1.5,175,2025-11-23,2025-11-24T00:29:03Z
DraftKings,player_threes,Franz Wagner,Over,0.5,-154,2025-11-23,2025-11-24T00:29:03Z
DraftKings,player_threes,Franz Wagner,Under,0.5,120,2025-11-23,2025-11-24T00:29:03Z
DraftKings,player_threes,Tristan da Silva,Over,0.5,-145,2025-11-23,2025-11-24T00:29:03Z
DraftKings,player_threes,Tristan da Silva,Under,0.5,114,2025-11-23,2025-11-24T00:29:03Z
DraftKings,player_threes,Jaylen Brown,Over,0.5,-120,2025-11-23,2025-11-24T00:29:03Z
DraftKings,player_threes,Jaylen Brown,Under,0.5,-110,2025-11-23,2025-11-24T00:29:03Z
DraftKings,player_threes,Michael Porter Jr,Over,4.5,-115,2025-11-23,2025-11-24T00:29:24Z
DraftKings,player_threes,Michael Porter Jr,Under,4.5,-115,2025-11-23,2025-11-24T00:29:24Z
DraftKings,player_threes,R.J. Barrett,Over,2.5,-195,2025-11-23,2025-11-24T00:29:24Z
DraftKings,player_threes,R.J. Barrett,Under,2.5,150,2025-11-23,2025-11-24T00:29:24Z
DraftKings,player_threes,Tyrese Martin,Over,2.5,-140,2025-11-23,2025-11-24T00:29:24Z
DraftKings,player_threes,Tyrese Martin,Under,2.5,110,2025-11-23,2025-11-24T00:29:24Z
DraftKings,player_threes,Immanuel Quickley,Over,2.5,165,2025-11-23,2025-11-24T00:29:24Z
DraftKings,player_threes,Immanuel Quickley,Under,2.5,-215,2025-11-23,2025-11-24T00:29:24Z
DraftKings,player_threes,Ziaire Williams,Over,1.5,-215,2025-11-23,2025-11-24T00:29:24Z
DraftKings,player_threes,Ziaire Williams,Under,1.5,165,2025-11-23,2025-11-24T00:29:24Z
DraftKings,player_threes,Brandon Ingram,Over,1.5,-130,2025-11-23,2025-11-24T00:29:24Z
DraftKings,player_threes,Brandon Ingram,Under,1.5,100,2025-11-23,2025-11-24T00:29:24Z
DraftKings,player_threes,Gradey Dick,Over,1.5,-110,2025-11-23,2025-11-24T00:29:24Z
DraftKings,player_threes,Gradey Dick,Under,1.5,-120,2025-11-23,2025-11-24T00:29:24Z
DraftKings,player_threes,Sandro Mamukelashvili,Over,1.5,120,2025-11-23,2025-11-24T00:29:24Z
DraftKings,player_threes,Sandro Mamukelashvili,Under,1.5,-154,2025-11-23,2025-11-24T00:29:24Z
DraftKings,player_threes,Noah Clowney,Over,0.5,-210,2025-11-23,2025-11-24T00:29:24Z
DraftKings,player_threes,Noah Clowney,Under,0.5,160,2025-11-23,2025-11-24T00:29:24Z
DraftKings,player_threes,Egor Demin,Over,0.5,-135,2025-11-23,2025-11-24T00:29:24Z
DraftKings,player_threes,Egor Demin,Under,0.5,105,2025-11-23,2025-11-24T00:29:24Z
DraftKings,player_threes,Jamal Shead,Over,0.5,105,2025-11-23,2025-11-24T00:29:24Z
DraftKings,player_threes,Jamal Shead,Under,0.5,-135,2025-11-23,2025-11-24T00:29:24Z
DraftKings,player_threes,Scottie Barnes,Over,0.5,105,2025-11-23,2025-11-24T00:29:24Z
DraftKings,player_threes,Scottie Barnes,Under,0.5,-135,2025-11-23,2025-11-24T00:29:24Z
DraftKings,player_threes,Terance Mann,Over,0.5,140,2025-11-23,2025-11-24T00:29:24Z
DraftKings,player_threes,Terance Mann,Under,0.5,-180,2025-11-23,2025-11-24T00:29:24Z
DraftKings,player_threes,Drake Powell,Over,0.5,175,2025-11-23,2025-11-24T00:29:24Z
DraftKings,player_threes,Drake Powell,Under,0.5,-230,2025-11-23,2025-11-24T00:29:24Z
DraftKings,player_threes,Collin Murray-Boyles,Over,0.5,240,2025-11-23,2025-11-24T00:29:24Z
DraftKings,player_threes,Collin Murray-Boyles,Under,0.5,-330,2025-11-23,2025-11-24T00:29:24Z
DraftKings,player_threes,Isaiah Joe,Over,2.5,-154,2025-11-24,2025-11-24T00:29:09Z
DraftKings,player_threes,Isaiah Joe,Under,2.5,120,2025-11-24,2025-11-24T00:29:09Z
DraftKings,player_threes,Jerami Grant,Over,2.5,-154,2025-11-24,2025-11-24T00:29:09Z
DraftKings,player_threes,Jerami Grant,Under,2.5,120,2025-11-24,2025-11-24T00:29:09Z
DraftKings,player_threes,Deni Avdija,Over,1.5,-140,2025-11-24,2025-11-24T00:29:09Z
DraftKings,player_threes,Deni Avdija,Under,1.5,110,2025-11-24,2025-11-24T00:29:09Z
DraftKings,player_threes,Toumani Camara,Over,1.5,-135,2025-11-24,2025-11-24T00:29:09Z
DraftKings,player_threes,Toumani Camara,Under,1.5,105,2025-11-24,2025-11-24T00:29:09Z
DraftKings,player_threes,Jaylin Williams,Over,1.5,114,2025-11-24,2025-11-24T00:29:09Z
DraftKings,player_threes,Jaylin Williams,Under,1.5,-145,2025-11-24,2025-11-24T00:29:09Z
DraftKings,player_threes,Shai Gilgeous-Alexander,Over,1.5,120,2025-11-24,2025-11-24T00:29:09Z
DraftKings,player_threes,Shai Gilgeous-Alexander,Under,1.5,-154,2025-11-24,2025-11-24T00:29:09Z
DraftKings,player_threes,Alex Caruso,Over,1.5,165,2025-11-24,2025-11-24T00:29:09Z
DraftKings,player_threes,Alex Caruso,Under,1.5,-215,2025-11-24,2025-11-24T00:29:09Z
DraftKings,player_threes,Chet Holmgren,Over,1.5,180,2025-11-24,2025-11-24T00:29:09Z
DraftKings,player_threes,Chet Holmgren,Under,1.5,-238,2025-11-24,2025-11-24T00:29:09Z
DraftKings,player_threes,Ajay Mitchell,Over,0.5,-230,2025-11-24,2025-11-24T00:29:09Z
DraftKings,player_threes,Ajay Mitchell,Under,0.5,175,2025-11-24,2025-11-24T00:29:09Z
DraftKings,player_threes,Cason Wallace,Over,0.5,-215,2025-11-24,2025-11-24T00:29:09Z
DraftKings,player_threes,Cason Wallace,Under,0.5,165,2025-11-24,2025-11-24T00:29:09Z
DraftKings,player_threes,Kris Murray,Over,0.5,-110,2025-11-24,2025-11-24T00:29:09Z
DraftKings,player_threes,Kris Murray,Under,0.5,-120,2025-11-24,2025-11-24T00:29:09Z
DraftKings,player_threes,Luka Doncic,Over,3.5,-121,2025-11-24,2025-11-24T00:29:38Z
DraftKings,player_threes,Luka Doncic,Under,3.5,-109,2025-11-24,2025-11-24T00:29:38Z
DraftKings,player_threes,Lauri Markkanen,Over,3.5,127,2025-11-24,2025-11-24T00:29:38Z
DraftKings,player_threes,Lauri Markkanen,Under,3.5,-168,2025-11-24,2025-11-24T00:29:38Z
DraftKings,player_threes,Austin Reaves,Over,2.5,-139,2025-11-24,2025-11-24T00:29:38Z
DraftKings,player_threes,Austin Reaves,Under,2.5,106,2025-11-24,2025-11-24T00:29:38Z
DraftKings,player_threes,Keyonte George,Over,2.5,114,2025-11-24,2025-11-24T00:29:38Z
DraftKings,player_threes,Keyonte George,Under,2.5,-150,2025-11-24,2025-11-24T00:29:38Z
DraftKings,player_threes,Brice Sensabaugh,Over,1.5,-163,2025-11-24,2025-11-24T00:29:38Z
DraftKings,player_threes,Brice Sensabaugh,Under,1.5,123,2025-11-24,2025-11-24T00:29:38Z
DraftKings,player_threes,Svi Mykhailiuk,Over,1.5,-154,2025-11-24,2025-11-24T00:29:38Z
DraftKings,player_threes,Svi Mykhailiuk,Under,1.5,116,2025-11-24,2025-11-24T00:29:38Z
DraftKings,player_threes,LeBron James,Over,1.5,-149,2025-11-24,2025-11-24T00:29:38Z
DraftKings,player_threes,LeBron James,Under,1.5,113,2025-11-24,2025-11-24T00:29:38Z
DraftKings,player_threes,Rui Hachimura,Over,1.5,-130,2025-11-24,2025-11-24T00:29:38Z
DraftKings,player_threes,Rui Hachimura,Under,1.5,-101,2025-11-24,2025-11-24T00:29:38Z
DraftKings,player_threes,Ace Bailey,Over,1.5,-113,2025-11-24,2025-11-24T00:29:38Z
DraftKings,player_threes,Ace Bailey,Under,1.5,-117,2025-11-24,2025-11-24T00:29:38Z
DraftKings,player_threes,Marcus Smart,Over,1.5,158,2025-11-24,2025-11-24T00:29:38Z
DraftKings,player_threes,Marcus Smart,Under,1.5,-211,2025-11-24,2025-11-24T00:29:38Z
DraftKings,player_threes,Kevin Love,Over,1.5,173,2025-11-24,2025-11-24T00:29:38Z
DraftKings,player_threes,Kevin Love,Under,1.5,-232,2025-11-24,2025-11-24T00:29:38Z
DraftKings,player_threes,Jake LaRavia,Over,0.5,-225,2025-11-24,2025-11-24T00:29:38Z
DraftKings,player_threes,Jake LaRavia,Under,0.5,168,2025-11-24,2025-11-24T00:29:38Z
DraftKings,player_threes,Royce O'Neale,Over,2.5,-165,2025-11-24,2025-11-24T00:29:31Z
DraftKings,player_threes,Royce O'Neale,Under,2.5,125,2025-11-24,2025-11-24T00:29:31Z
DraftKings,player_threes,Collin Gillespie,Over,2.5,-153,2025-11-24,2025-11-24T00:29:31Z
DraftKings,player_threes,Collin Gillespie,Under,2.5,116,2025-11-24,2025-11-24T00:29:31Z
DraftKings,player_threes,Dillon Brooks,Over,2.5,-130,2025-11-24,2025-11-24T00:29:31Z
DraftKings,player_threes,Dillon Brooks,Under,2.5,-101,2025-11-24,2025-11-24T00:29:31Z
DraftKings,player_threes,Harrison Barnes,Over,2.5,102,2025-11-24,2025-11-24T00:29:31Z
DraftKings,player_threes,Harrison Barnes,Under,2.5,-134,2025-11-24,2025-11-24T00:29:31Z
DraftKings,player_threes,Devin Vassell,Over,2.5,103,2025-11-24,2025-11-24T00:29:31Z
DraftKings,player_threes,Devin Vassell,Under,2.5,-136,2025-11-24,2025-11-24T00:29:31Z
DraftKings,player_threes,De'Aaron Fox,Over,2.5,115,2025-11-24,2025-11-24T00:29:31Z
DraftKings,player_threes,De'Aaron Fox,Under,2.5,-152,2025-11-24,2025-11-24T00:29:31Z
DraftKings,player_threes,Julian Champagnie,Over,2.5,115,2025-11-24,2025-11-24T00:29:31Z
DraftKings,player_threes,Julian Champagnie,Under,2.5,-151,2025-11-24,2025-11-24T00:29:31Z
DraftKings,player_threes,Devin Booker,Over,2.5,117,2025-11-24,2025-11-24T00:29:31Z
DraftKings,player_threes,Devin Booker,Under,2.5,-154,2025-11-24,2025-11-24T00:29:31Z
DraftKings,player_threes,Keldon Johnson,Over,1.5,149,2025-11-24,2025-11-24T00:29:31Z
DraftKings,player_threes,Keldon Johnson,Under,1.5,-198,2025-11-24,2025-11-24T00:29:31Z
BetOnline.ag,player_threes,Austin Reaves,Over,2.5,-152,2025-11-24,2025-11-24T00:27:38Z
BetOnline.ag,player_threes,Austin Reaves,Under,2.5,116,2025-11-24,2025-11-24T00:27:38Z
BetOnline.ag,player_threes,Lauri Markkanen,Over,3.5,132,2025-11-24,2025-11-24T00:27:38Z
BetOnline.ag,player_threes,Lauri Markkanen,Under,3.5,-172,2025-11-24,2025-11-24T00:27:38Z
BetOnline.ag,player_threes,LeBron James,Over,1.5,-132,2025-11-24,2025-11-24T00:27:38Z
BetOnline.ag,player_threes,LeBron James,Under,1.5,102,2025-11-24,2025-11-24T00:27:38Z
BetOnline.ag,player_threes,Rui Hachimura,Over,1.5,-123,2025-11-24,2025-11-24T00:27:38Z
BetOnline.ag,player_threes,Rui Hachimura,Under,1.5,-105,2025-11-24,2025-11-24T00:27:38Z
BetOnline.ag,player_threes,Brice Sensabaugh,Over,1.5,-154,2025-11-24,2025-11-24T00:27:38Z
BetOnline.ag,player_threes,Brice Sensabaugh,Under,1.5,119,2025-11-24,2025-11-24T00:27:38Z
BetOnline.ag,player_threes,Keyonte George,Over,2.5,110,2025-11-24,2025-11-24T00:27:38Z
BetOnline.ag,player_threes,Keyonte George,Under,2.5,-143,2025-11-24,2025-11-24T00:27:38Z
BetOnline.ag,player_threes,Svi Mykhailiuk,Over,1.5,-156,2025-11-24,2025-11-24T00:27:38Z
BetOnline.ag,player_threes,Svi Mykhailiuk,Under,1.5,120,2025-11-24,2025-11-24T00:27:38Z
BetOnline.ag,player_threes,Luka Doncic,Over,3.5,-116,2025-11-24,2025-11-24T00:27:38Z
BetOnline.ag,player_threes,Luka Doncic,Under,3.5,-111,2025-11-24,2025-11-24T00:27:38Z
BetOnline.ag,player_threes,Jake LaRavia,Over,0.5,-217,2025-11-24,2025-11-24T00:27:38Z
BetOnline.ag,player_threes,Jake LaRavia,Under,0.5,164,2025-11-24,2025-11-24T00:27:38Z
BetOnline.ag,player_threes,Ace Bailey,Over,1.5,-105,2025-11-24,2025-11-24T00:27:38Z
BetOnline.ag,player_threes,Ace Bailey,Under,1.5,-123,2025-11-24,2025-11-24T00:27:38Z
BetOnline.ag,player_threes,Marcus Smart,Over,1.5,161,2025-11-24,2025-11-24T00:27:38Z
BetOnline.ag,player_threes,Marcus Smart,Under,1.5,-213,2025-11-24,2025-11-24T00:27:38Z
BetOnline.ag,player_threes,Kevin Love,Over,0.5,-217,2025-11-24,2025-11-24T00:27:38Z
BetOnline.ag,player_threes,Kevin Love,Under,0.5,165,2025-11-24,2025-11-24T00:27:38Z
BetOnline.ag,player_threes,Keldon Johnson,Over,1.5,144,2025-11-24,2025-11-24T00:29:46Z
BetOnline.ag,player_threes,Keldon Johnson,Under,1.5,-189,2025-11-24,2025-11-24T00:29:46Z
BetOnline.ag,player_threes,Devin Vassell,Over,2.5,-102,2025-11-24,2025-11-24T00:29:46Z
BetOnline.ag,player_threes,Devin Vassell,Under,2.5,-127,2025-11-24,2025-11-24T00:29:46Z
BetOnline.ag,player_threes,Devin Booker,Over,2.5,134,2025-11-24,2025-11-24T00:29:46Z
BetOnline.ag,player_threes,Devin Booker,Under,2.5,-175,2025-11-24,2025-11-24T00:29:46Z
BetOnline.ag,player_threes,Royce O'Neale,Over,2.5,-172,2025-11-24,2025-11-24T00:29:46Z
BetOnline.ag,player_threes,Royce O'Neale,Under,2.5,133,2025-11-24,2025-11-24T00:29:46Z
BetOnline.ag,player_threes,Julian Champagnie,Over,2.5,124,2025-11-24,2025-11-24T00:29:46Z
BetOnline.ag,player_threes,Julian Champagnie,Under,2.5,-161,2025-11-24,2025-11-24T00:29:46Z
BetOnline.ag,player_threes,Harrison Barnes,Over,2.5,104,2025-11-24,2025-11-24T00:29:46Z
BetOnline.ag,player_threes,Harrison Barnes,Under,2.5,-135,2025-11-24,2025-11-24T00:29:46Z
BetOnline.ag,player_threes,Collin Gillespie,Over,2.5,-169,2025-11-24,2025-11-24T00:29:46Z
BetOnline.ag,player_threes,Collin Gillespie,Under,2.5,130,2025-11-24,2025-11-24T00:29:46Z
BetOnline.ag,player_threes,De'Aaron Fox,Over,2.5,113,2025-11-24,2025-11-24T00:29:46Z
BetOnline.ag,player_threes,De'Aaron Fox,Under,2.5,-147,2025-11-24,2025-11-24T00:29:46Z
BetOnline.ag,player_threes,Dillon Brooks,Over,2.5,-135,2025-11-24,2025-11-24T00:29:46Z
BetOnline.ag,player_threes,Dillon Brooks,Under,2.5,104,2025-11-24,2025-11-24T00:29:46Z
BetOnline.ag,player_threes,Ryan Dunn,Over,1.5,182,2025-11-24,2025-11-24T00:29:46Z
BetOnline.ag,player_threes,Ryan Dunn,Under,1.5,-244,2025-11-24,2025-11-24T00:29:46Z
BetOnline.ag,player_threes,Jordan Goodwin,Over,1.5,-109,2025-11-24,2025-11-24T00:29:46Z
BetOnline.ag,player_threes,Jordan Goodwin,Under,1.5,-119,2025-11-24,2025-11-24T00:29:46Z
BetMGM,player_threes,Kyle Filipowski,Over,0.5,-210,2025-11-24,2025-11-24T00:29:46Z
BetMGM,player_threes,Kyle Filipowski,Under,0.5,150,2025-11-24,2025-11-24T00:29:46Z
BetMGM,player_threes,Lauri Markkanen,Over,2.5,-165,2025-11-24,2025-11-24T00:29:46Z
BetMGM,player_threes,Lauri Markkanen,Under,2.5,125,2025-11-24,2025-11-24T00:29:46Z
BetMGM,player_threes,Austin Reaves,Over,2.5,-140,2025-11-24,2025-11-24T00:29:46Z
BetMGM,player_threes,Austin Reaves,Under,2.5,105,2025-11-24,2025-11-24T00:29:46Z
BetMGM,player_threes,Isaiah Collier,Over,0.5,190,2025-11-24,2025-11-24T00:29:46Z
BetMGM,player_threes,Isaiah Collier,Under,0.5,-250,2025-11-24,2025-11-24T00:29:46Z
BetMGM,player_threes,Luka Doncic,Over,3.5,-110,2025-11-24,2025-11-24T00:29:46Z
BetMGM,player_threes,Luka Doncic,Under,3.5,-120,2025-11-24,2025-11-24T00:29:46Z
BetMGM,player_threes,Keyonte George,Over,2.5,105,2025-11-24,2025-11-24T00:29:46Z
BetMGM,player_threes,Keyonte George,Under,2.5,-145,2025-11-24,2025-11-24T00:29:46Z
BetMGM,player_threes,LeBron James,Over,1.5,-120,2025-11-24,2025-11-24T00:29:46Z
BetMGM,player_threes,LeBron James,Under,1.5,-110,2025-11-24,2025-11-24T00:29:46Z
BetMGM,player_threes,Jusuf Nurkic,Over,0.5,145,2025-11-24,2025-11-24T00:29:46Z
BetMGM,player_threes,Jusuf Nurkic,Under,0.5,-190,2025-11-24,2025-11-24T00:29:46Z
BetMGM,player_threes,Rui Hachimura,Over,1.5,-118,2025-11-24,2025-11-24T00:29:46Z
BetMGM,player_threes,Rui Hachimura,Under,1.5,-110,2025-11-24,2025-11-24T00:29:46Z
BetMGM,player_threes,Svi Mykhailiuk,Over,1.5,-160,2025-11-24,2025-11-24T00:29:46Z
BetMGM,player_threes,Svi Mykhailiuk,Under,1.5,125,2025-11-24,2025-11-24T00:29:46Z
BetMGM,player_threes,Ace Bailey,Over,1.5,-110,2025-11-24,2025-11-24T00:29:46Z
BetMGM,player_threes,Ace Bailey,Under,1.5,-120,2025-11-24,2025-11-24T00:29:46Z
BetMGM,player_threes,Brice Sensabaugh,Over,1.5,-145,2025-11-24,2025-11-24T00:29:46Z
BetMGM,player_threes,Brice Sensabaugh,Under,1.5,110,2025-11-24,2025-11-24T00:29:46Z
BetMGM,player_threes,Jake LaRavia,Over,1.5,165,2025-11-24,2025-11-24T00:29:46Z
BetMGM,player_threes,Jake LaRavia,Under,1.5,-225,2025-11-24,2025-11-24T00:29:46Z
BetMGM,player_threes,Marcus Smart,Over,1.5,120,2025-11-24,2025-11-24T00:29:46Z
BetMGM,player_threes,Marcus Smart,Under,1.5,-160,2025-11-24,2025-11-24T00:29:46Z
BetMGM,player_threes,Kevin Love,Over,0.5,-220,2025-11-24,2025-11-24T00:29:46Z
BetMGM,player_threes,Kevin Love,Under,0.5,160,2025-11-24,2025-11-24T00:29:46Z
BetMGM,player_threes,Royce O'Neale,Over,2.5,-175,2025-11-24,2025-11-24T00:29:29Z
BetMGM,player_threes,Royce O'Neale,Under,2.5,135,2025-11-24,2025-11-24T00:29:29Z
BetMGM,player_threes,Jeremy Sochan,Over,0.5,-125,2025-11-24,2025-11-24T00:29:29Z
BetMGM,player_threes,Jeremy Sochan,Under,0.5,-105,2025-11-24,2025-11-24T00:29:29Z
BetMGM,player_threes,Keldon Johnson,Over,1.5,135,2025-11-24,2025-11-24T00:29:29Z
BetMGM,player_threes,Keldon Johnson,Under,1.5,-185,2025-11-24,2025-11-24T00:29:29Z
BetMGM,player_threes,De'Aaron Fox,Over,2.5,105,2025-11-24,2025-11-24T00:29:29Z
BetMGM,player_threes,De'Aaron Fox,Under,2.5,-140,2025-11-24,2025-11-24T00:29:29Z
BetMGM,player_threes,Julian Champagnie,Over,2.5,110,2025-11-24,2025-11-24T00:29:29Z
BetMGM,player_threes,Julian Champagnie,Under,2.5,-150,2025-11-24,2025-11-24T00:29:29Z
BetMGM,player_threes,Devin Booker,Over,2.5,150,2025-11-24,2025-11-24T00:29:29Z
BetMGM,player_threes,Devin Booker,Under,2.5,-200,2025-11-24,2025-11-24T00:29:29Z
BetMGM,player_threes,Harrison Barnes,Over,2.5,100,2025-11-24,2025-11-24T00:29:29Z
BetMGM,player_threes,Harrison Barnes,Under,2.5,-135,2025-11-24,2025-11-24T00:29:29Z
BetMGM,player_threes,Dillon Brooks,Over,2.5,-140,2025-11-24,2025-11-24T00:29:29Z
BetMGM,player_threes,Dillon Brooks,Under,2.5,105,2025-11-24,2025-11-24T00:29:29Z
BetMGM,player_threes,Devin Vassell,Over,2.5,-105,2025-11-24,2025-11-24T00:29:29Z
BetMGM,player_threes,Devin Vassell,Under,2.5,-125,2025-11-24,2025-11-24T00:29:29Z
BetMGM,player_threes,Collin Gillespie,Over,2.5,-185,2025-11-24,2025-11-24T00:29:29Z
BetMGM,player_threes,Collin Gillespie,Under,2.5,135,2025-11-24,2025-11-24T00:29:29Z
BetMGM,player_threes,Jordan Goodwin,Over,1.5,-115,2025-11-24,2025-11-24T00:29:29Z
BetMGM,player_threes,Jordan Goodwin,Under,1.5,-118,2025-11-24,2025-11-24T00:29:29Z
Bovada,player_threes,Ace Bailey,Over,1.5,-105,2025-11-24,2025-11-24T00:29:07Z
Bovada,player_threes,Ace Bailey,Under,1.5,-125,2025-11-24,2025-11-24T00:29:07Z
Bovada,player_threes,Austin Reaves,Over,2.5,-170,2025-11-24,2025-11-24T00:29:07Z
Bovada,player_threes,Austin Reaves,Under,2.5,130,2025-11-24,2025-11-24T00:29:07Z
Bovada,player_threes,Austin Reaves,Over,3.5,145,2025-11-24,2025-11-24T00:29:07Z
Bovada,player_threes,Austin Reaves,Under,3.5,-190,2025-11-24,2025-11-24T00:29:07Z
Bovada,player_threes,Brice Sensabaugh,Over,1.5,-150,2025-11-24,2025-11-24T00:29:07Z
Bovada,player_threes,Brice Sensabaugh,Under,1.5,115,2025-11-24,2025-11-24T00:29:07Z
Bovada,player_threes,Kevin Love,Over,0.5,-220,2025-11-24,2025-11-24T00:29:07Z
Bovada,player_threes,Kevin Love,Under,0.5,165,2025-11-24,2025-11-24T00:29:07Z
Bovada,player_threes,Keyonte George,Over,2.5,100,2025-11-24,2025-11-24T00:29:07Z
Bovada,player_threes,Keyonte George,Under,2.5,-130,2025-11-24,2025-11-24T00:29:07Z
Bovada,player_threes,Lauri Markkanen,Over,2.5,-165,2025-11-24,2025-11-24T00:29:07Z
Bovada,player_threes,Lauri Markkanen,Under,2.5,125,2025-11-24,2025-11-24T00:29:07Z
Bovada,player_threes,LeBron James,Over,1.5,-120,2025-11-24,2025-11-24T00:29:07Z
Bovada,player_threes,LeBron James,Under,1.5,-110,2025-11-24,2025-11-24T00:29:07Z
Bovada,player_threes,Luka Doncic,Over,3.5,-105,2025-11-24,2025-11-24T00:29:07Z
Bovada,player_threes,Luka Doncic,Under,3.5,-125,2025-11-24,2025-11-24T00:29:07Z
Bovada,player_threes,Marcus Smart,Over,1.5,145,2025-11-24,2025-11-24T00:29:07Z
Bovada,player_threes,Marcus Smart,Under,1.5,-190,2025-11-24,2025-11-24T00:29:07Z
Bovada,player_threes,Rui Hachimura,Over,1.5,-120,2025-11-24,2025-11-24T00:29:07Z
Bovada,player_threes,Rui Hachimura,Under,1.5,-110,2025-11-24,2025-11-24T00:29:07Z
Bovada,player_threes,Svi Mykhailiuk,Over,1.5,-180,2025-11-24,2025-11-24T00:29:07Z
Bovada,player_threes,Svi Mykhailiuk,Under,1.5,135,2025-11-24,2025-11-24T00:29:07Z
Bovada,player_threes,Svi Mykhailiuk,Over,2.5,170,2025-11-24,2025-11-24T00:29:07Z
Bovada,player_threes,Svi Mykhailiuk,Under,2.5,-230,2025-11-24,2025-11-24T00:29:07Z
Bovada,player_threes,Collin Gillespie,Over,2.5,-185,2025-11-24,2025-11-24T00:29:47Z
Bovada,player_threes,Collin Gillespie,Under,2.5,140,2025-11-24,2025-11-24T00:29:47Z
Bovada,player_threes,Collin Gillespie,Over,3.5,135,2025-11-24,2025-11-24T00:29:47Z
Bovada,player_threes,Collin Gillespie,Under,3.5,-180,2025-11-24,2025-11-24T00:29:47Z
Bovada,player_threes,De'Aaron Fox,Over,2.5,110,2025-11-24,2025-11-24T00:29:47Z
Bovada,player_threes,De'Aaron Fox,Under,2.5,-145,2025-11-24,2025-11-24T00:29:47Z
Bovada,player_threes,Devin Booker,Over,1.5,-210,2025-11-24,2025-11-24T00:29:47Z
Bovada,player_threes,Devin Booker,Under,1.5,155,2025-11-24,2025-11-24T00:29:47Z
Bovada,player_threes,Devin Booker,Over,2.5,145,2025-11-24,2025-11-24T00:29:47Z
Bovada,player_threes,Devin Booker,Under,2.5,-190,2025-11-24,2025-11-24T00:29:47Z
Bovada,player_threes,Devin Vassell,Over,2.5,-105,2025-11-24,2025-11-24T00:29:47Z
Bovada,player_threes,Devin Vassell,Under,2.5,-125,2025-11-24,2025-11-24T00:29:47Z
Bovada,player_threes,Dillon Brooks,Over,2.5,-145,2025-11-24,2025-11-24T00:29:47Z
Bovada,player_threes,Dillon Brooks,Under,2.5,110,2025-11-24,2025-11-24T00:29:47Z
Bovada,player_threes,Dillon Brooks,Over,3.5,170,2025-11-24,2025-11-24T00:29:47Z
Bovada,player_threes,Dillon Brooks,Under,3.5,-230,2025-11-24,2025-11-24T00:29:47Z
Bovada,player_threes,Harrison Barnes,Over,2.5,105,2025-11-24,2025-11-24T00:29:47Z
Bovada,player_threes,Harrison Barnes,Under,2.5,-135,2025-11-24,2025-11-24T00:29:47Z
Bovada,player_threes,Jordan Goodwin,Over,1.5,-115,2025-11-24,2025-11-24T00:29:47Z
Bovada,player_threes,Jordan Goodwin,Under,1.5,-115,2025-11-24,2025-11-24T00:29:47Z
Bovada,player_threes,Julian Champagnie,Over,1.5,-250,2025-11-24,2025-11-24T00:29:47Z
Bovada,player_threes,Julian Champagnie,Under,1.5,185,2025-11-24,2025-11-24T00:29:47Z
Bovada,player_threes,Julian Champagnie,Over,2.5,120,2025-11-24,2025-11-24T00:29:47Z
Bovada,player_threes,Julian Champagnie,Under,2.5,-160,2025-11-24,2025-11-24T00:29:47Z
Bovada,player_threes,Keldon Johnson,Over,1.5,140,2025-11-24,2025-11-24T00:29:47Z
Bovada,player_threes,Keldon Johnson,Under,1.5,-185,2025-11-24,2025-11-24T00:29:47Z
Bovada,player_threes,Royce O'Neale,Over,2.5,-185,2025-11-24,2025-11-24T00:29:47Z
Bovada,player_threes,Royce O'Neale,Under,2.5,140,2025-11-24,2025-11-24T00:29:47Z
Bovada,player_threes,Royce O'Neale,Over,3.5,135,2025-11-24,2025-11-24T00:29:47Z
Bovada,player_threes,Royce O'Neale,Under,3.5,-180,2025-11-24,2025-11-24T00:29:47Z
BetRivers,player_threes,Lauri Markkanen,Over,2.5,-175,2025-11-24,2025-11-24T00:29:49Z
BetRivers,player_threes,Lauri Markkanen,Under,2.5,130,2025-11-24,2025-11-24T00:29:49Z
BetRivers,player_threes,LeBron James,Over,1.5,-139,2025-11-24,2025-11-24T00:29:49Z
BetRivers,player_threes,LeBron James,Under,1.5,106,2025-11-24,2025-11-24T00:29:49Z
BetRivers,player_threes,Ace Bailey,Over,1.5,-113,2025-11-24,2025-11-24T00:29:49Z
BetRivers,player_threes,Ace Bailey,Under,1.5,-118,2025-11-24,2025-11-24T00:29:49Z
BetRivers,player_threes,Luka Doncic,Over,3.5,-104,2025-11-24,2025-11-24T00:29:49Z
BetRivers,player_threes,Luka Doncic,Under,3.5,-129,2025-11-24,2025-11-24T00:29:49Z
BetRivers,player_threes,Rui Hachimura,Over,1.5,-125,2025-11-24,2025-11-24T00:29:49Z
BetRivers,player_threes,Rui Hachimura,Under,1.5,-106,2025-11-24,2025-11-24T00:29:49Z
BetRivers,player_threes,Svi Mykhailiuk,Over,1.5,-139,2025-11-24,2025-11-24T00:29:49Z
BetRivers,player_threes,Svi Mykhailiuk,Under,1.5,105,2025-11-24,2025-11-24T00:29:49Z
BetRivers,player_threes,Keyonte George,Over,2.5,115,2025-11-24,2025-11-24T00:29:49Z
BetRivers,player_threes,Keyonte George,Under,2.5,-152,2025-11-24,2025-11-24T00:29:49Z
BetRivers,player_threes,Austin Reaves,Over,2.5,-136,2025-11-24,2025-11-24T00:29:49Z
BetRivers,player_threes,Austin Reaves,Under,2.5,102,2025-11-24,2025-11-24T00:29:49Z
BetRivers,player_threes,Lauri Markkanen,Over,2.5,-175,2025-11-24,2025-11-24T00:29:49Z
BetRivers,player_threes,Lauri Markkanen,Under,2.5,130,2025-11-24,2025-11-24T00:29:49Z
BetRivers,player_threes,LeBron James,Over,1.5,-139,2025-11-24,2025-11-24T00:29:49Z
BetRivers,player_threes,LeBron James,Under,1.5,106,2025-11-24,2025-11-24T00:29:49Z
BetRivers,player_threes,Ace Bailey,Over,1.5,-113,2025-11-24,2025-11-24T00:29:49Z
BetRivers,player_threes,Ace Bailey,Under,1.5,-118,2025-11-24,2025-11-24T00:29:49Z
BetRivers,player_threes,Luka Doncic,Over,3.5,-104,2025-11-24,2025-11-24T00:29:49Z
BetRivers,player_threes,Luka Doncic,Under,3.5,-129,2025-11-24,2025-11-24T00:29:49Z
BetRivers,player_threes,Rui Hachimura,Over,1.5,-125,2025-11-24,2025-11-24T00:29:49Z
BetRivers,player_threes,Rui Hachimura,Under,1.5,-106,2025-11-24,2025-11-24T00:29:49Z
BetRivers,player_threes,Svi Mykhailiuk,Over,1.5,-139,2025-11-24,2025-11-24T00:29:49Z
BetRivers,player_threes,Svi Mykhailiuk,Under,1.5,105,2025-11-24,2025-11-24T00:29:49Z
BetRivers,player_threes,Keyonte George,Over,2.5,115,2025-11-24,2025-11-24T00:29:49Z
BetRivers,player_threes,Keyonte George,Under,2.5,-152,2025-11-24,2025-11-24T00:29:49Z
BetRivers,player_threes,Austin Reaves,Over,2.5,-136,2025-11-24,2025-11-24T00:29:49Z
BetRivers,player_threes,Austin Reaves,Under,2.5,102,2025-11-24,2025-11-24T00:29:49Z
BetRivers,player_threes,Collin Gillespie,Over,3.5,128,2025-11-24,2025-11-24T00:29:39Z
BetRivers,player_threes,Collin Gillespie,Under,3.5,-167,2025-11-24,2025-11-24T00:29:39Z
BetRivers,player_threes,Devin Vassell,Over,2.5,-107,2025-11-24,2025-11-24T00:29:39Z
BetRivers,player_threes,Devin Vassell,Under,2.5,-125,2025-11-24,2025-11-24T00:29:39Z
BetRivers,player_threes,Julian Champagnie,Over,2.5,118,2025-11-24,2025-11-24T00:29:39Z
BetRivers,player_threes,Julian Champagnie,Under,2.5,-157,2025-11-24,2025-11-24T00:29:39Z
BetRivers,player_threes,Harrison Barnes,Over,2.5,105,2025-11-24,2025-11-24T00:29:39Z
BetRivers,player_threes,Harrison Barnes,Under,2.5,-139,2025-11-24,2025-11-24T00:29:39Z
BetRivers,player_threes,De'Aaron Fox,Over,2.5,104,2025-11-24,2025-11-24T00:29:39Z
BetRivers,player_threes,De'Aaron Fox,Under,2.5,-137,2025-11-24,2025-11-24T00:29:39Z
BetRivers,player_threes,Royce O'Neale,Over,3.5,128,2025-11-24,2025-11-24T00:29:39Z
BetRivers,player_threes,Royce O'Neale,Under,3.5,-167,2025-11-24,2025-11-24T00:29:39Z
BetRivers,player_threes,Devin Booker,Over,2.5,114,2025-11-24,2025-11-24T00:29:39Z
BetRivers,player_threes,Devin Booker,Under,2.5,-152,2025-11-24,2025-11-24T00:29:39Z
BetRivers,player_threes,Dillon Brooks,Over,2.5,-143,2025-11-24,2025-11-24T00:29:39Z
BetRivers,player_threes,Dillon Brooks,Under,2.5,108,2025-11-24,2025-11-24T00:29:39Z
BetRivers,player_threes,Collin Gillespie,Over,3.5,128,2025-11-24,2025-11-24T00:29:39Z
BetRivers,player_threes,Collin Gillespie,Under,3.5,-167,2025-11-24,2025-11-24T00:29:39Z
BetRivers,player_threes,Devin Vassell,Over,2.5,-107,2025-11-24,2025-11-24T00:29:39Z
BetRivers,player_threes,Devin Vassell,Under,2.5,-125,2025-11-24,2025-11-24T00:29:39Z
BetRivers,player_threes,Julian Champagnie,Over,2.5,118,2025-11-24,2025-11-24T00:29:39Z
BetRivers,player_threes,Julian Champagnie,Under,2.5,-157,2025-11-24,2025-11-24T00:29:39Z
BetRivers,player_threes,Harrison Barnes,Over,2.5,105,2025-11-24,2025-11-24T00:29:39Z
BetRivers,player_threes,Harrison Barnes,Under,2.5,-139,2025-11-24,2025-11-24T00:29:39Z
BetRivers,player_threes,De'Aaron Fox,Over,2.5,104,2025-11-24,2025-11-24T00:29:39Z
BetRivers,player_threes,De'Aaron Fox,Under,2.5,-137,2025-11-24,2025-11-24T00:29:39Z
BetRivers,player_threes,Royce O'Neale,Over,3.5,128,2025-11-24,2025-11-24T00:29:39Z
BetRivers,player_threes,Royce O'Neale,Under,3.5,-167,2025-11-24,2025-11-24T00:29:39Z
BetRivers,player_threes,Devin Booker,Over,2.5,114,2025-11-24,2025-11-24T00:29:39Z
BetRivers,player_threes,Devin Booker,Under,2.5,-152,2025-11-24,2025-11-24T00:29:39Z
BetRivers,player_threes,Dillon Brooks,Over,2.5,-143,2025-11-24,2025-11-24T00:29:39Z
BetRivers,player_threes,Dillon Brooks,Under,2.5,108,2025-11-24,2025-11-24T00:29:39Z
DraftKings,player_blocks,Deandre Ayton,Over,0.5,-191,2025-11-24,2025-11-24T00:29:38Z
DraftKings,player_blocks,Deandre Ayton,Under,0.5,143,2025-11-24,2025-11-24T00:29:38Z
DraftKings,player_blocks,Luka Doncic,Over,0.5,-103,2025-11-24,2025-11-24T00:29:38Z
DraftKings,player_blocks,Luka Doncic,Under,0.5,-129,2025-11-24,2025-11-24T00:29:38Z
DraftKings,player_blocks,LeBron James,Over,0.5,103,2025-11-24,2025-11-24T00:29:38Z
DraftKings,player_blocks,LeBron James,Under,0.5,-137,2025-11-24,2025-11-24T00:29:38Z
DraftKings,player_blocks,Ace Bailey,Over,0.5,204,2025-11-24,2025-11-24T00:29:38Z
DraftKings,player_blocks,Ace Bailey,Under,0.5,-278,2025-11-24,2025-11-24T00:29:38Z
DraftKings,player_blocks,Mark Williams,Over,1.5,174,2025-11-24,2025-11-24T00:29:31Z
DraftKings,player_blocks,Mark Williams,Under,1.5,-235,2025-11-24,2025-11-24T00:29:31Z
BetMGM,player_blocks,Lauri Markkanen,Over,0.5,165,2025-11-24,2025-11-24T00:29:46Z
BetMGM,player_blocks,Lauri Markkanen,Under,0.5,-235,2025-11-24,2025-11-24T00:29:46Z
BetMGM,player_blocks,Austin Reaves,Over,0.5,290,2025-11-24,2025-11-24T00:29:46Z
BetMGM,player_blocks,Austin Reaves,Under,0.5,-450,2025-11-24,2025-11-24T00:29:46Z
BetMGM,player_blocks,Luka Doncic,Over,0.5,-105,2025-11-24,2025-11-24T00:29:46Z
BetMGM,player_blocks,Luka Doncic,Under,0.5,-135,2025-11-24,2025-11-24T00:29:46Z
BetMGM,player_blocks,Keyonte George,Over,0.5,375,2025-11-24,2025-11-24T00:29:46Z
BetMGM,player_blocks,Keyonte George,Under,0.5,-700,2025-11-24,2025-11-24T00:29:46Z
BetMGM,player_blocks,LeBron James,Over,0.5,110,2025-11-24,2025-11-24T00:29:46Z
BetMGM,player_blocks,LeBron James,Under,0.5,-150,2025-11-24,2025-11-24T00:29:46Z
BetMGM,player_blocks,Jusuf Nurkic,Over,0.5,130,2025-11-24,2025-11-24T00:29:46Z
BetMGM,player_blocks,Jusuf Nurkic,Under,0.5,-185,2025-11-24,2025-11-24T00:29:46Z
BetMGM,player_blocks,Rui Hachimura,Over,0.5,250,2025-11-24,2025-11-24T00:29:46Z
BetMGM,player_blocks,Rui Hachimura,Under,0.5,-375,2025-11-24,2025-11-24T00:29:46Z
BetMGM,player_blocks,Deandre Ayton,Over,0.5,-190,2025-11-24,2025-11-24T00:29:46Z
BetMGM,player_blocks,Deandre Ayton,Under,0.5,135,2025-11-24,2025-11-24T00:29:46Z
BetMGM,player_blocks,Svi Mykhailiuk,Over,0.5,425,2025-11-24,2025-11-24T00:29:46Z
BetMGM,player_blocks,Svi Mykhailiuk,Under,0.5,-750,2025-11-24,2025-11-24T00:29:46Z
BetMGM,player_blocks,Ace Bailey,Over,0.5,190,2025-11-24,2025-11-24T00:29:46Z
BetMGM,player_blocks,Ace Bailey,Under,0.5,-275,2025-11-24,2025-11-24T00:29:46Z
BetMGM,player_blocks,Mark Williams,Over,1.5,170,2025-11-24,2025-11-24T00:29:29Z
BetMGM,player_blocks,Mark Williams,Under,1.5,-250,2025-11-24,2025-11-24T00:29:29Z
BetMGM,player_blocks,Royce O'Neale,Over,0.5,275,2025-11-24,2025-11-24T00:29:29Z
BetMGM,player_blocks,Royce O'Neale,Under,0.5,-450,2025-11-24,2025-11-24T00:29:29Z
BetMGM,player_blocks,Luke Kornet,Over,0.5,-235,2025-11-24,2025-11-24T00:29:29Z
BetMGM,player_blocks,Luke Kornet,Under,0.5,170,2025-11-24,2025-11-24T00:29:29Z
BetMGM,player_blocks,De'Aaron Fox,Over,0.5,210,2025-11-24,2025-11-24T00:29:29Z
BetMGM,player_blocks,De'Aaron Fox,Under,0.5,-300,2025-11-24,2025-11-24T00:29:29Z
BetMGM,player_blocks,Julian Champagnie,Over,0.5,155,2025-11-24,2025-11-24T00:29:29Z
BetMGM,player_blocks,Julian Champagnie,Under,0.5,-220,2025-11-24,2025-11-24T00:29:29Z
BetMGM,player_blocks,Devin Booker,Over,0.5,260,2025-11-24,2025-11-24T00:29:29Z
BetMGM,player_blocks,Devin Booker,Under,0.5,-400,2025-11-24,2025-11-24T00:29:29Z
BetMGM,player_blocks,Harrison Barnes,Over,0.5,290,2025-11-24,2025-11-24T00:29:29Z
BetMGM,player_blocks,Harrison Barnes,Under,0.5,-500,2025-11-24,2025-11-24T00:29:29Z
BetMGM,player_blocks,Dillon Brooks,Over,0.5,310,2025-11-24,2025-11-24T00:29:29Z
BetMGM,player_blocks,Dillon Brooks,Under,0.5,-500,2025-11-24,2025-11-24T00:29:29Z
BetMGM,player_blocks,Devin Vassell,Over,0.5,200,2025-11-24,2025-11-24T00:29:29Z
BetMGM,player_blocks,Devin Vassell,Under,0.5,-295,2025-11-24,2025-11-24T00:29:29Z
BetMGM,player_blocks,Collin Gillespie,Over,0.5,175,2025-11-24,2025-11-24T00:29:29Z
BetMGM,player_blocks,Collin Gillespie,Under,0.5,-250,2025-11-24,2025-11-24T00:29:29Z
FanDuel,player_blocks,Mark Williams,Over,0.5,-245,2025-11-24,2025-11-24T00:28:56Z
FanDuel,player_blocks,Mark Williams,Under,0.5,174,2025-11-24,2025-11-24T00:28:56Z
DraftKings,player_steals,Sion James,Over,0.5,165,2025-11-23,2025-11-24T00:29:15Z
DraftKings,player_steals,Sion James,Under,0.5,-215,2025-11-23,2025-11-24T00:29:15Z
DraftKings,player_steals,Kon Knueppel,Over,0.5,175,2025-11-23,2025-11-24T00:29:15Z
DraftKings,player_steals,Kon Knueppel,Under,0.5,-230,2025-11-23,2025-11-24T00:29:15Z
DraftKings,player_steals,Collin Sexton,Over,0.5,195,2025-11-23,2025-11-24T00:29:15Z
DraftKings,player_steals,Collin Sexton,Under,0.5,-260,2025-11-23,2025-11-24T00:29:15Z
DraftKings,player_steals,Vit Krejci,Over,0.5,195,2025-11-23,2025-11-24T00:29:15Z
DraftKings,player_steals,Vit Krejci,Under,0.5,-260,2025-11-23,2025-11-24T00:29:15Z
DraftKings,player_steals,Payton Pritchard,Over,2.5,185,2025-11-23,2025-11-24T00:29:03Z
DraftKings,player_steals,Payton Pritchard,Under,2.5,-245,2025-11-23,2025-11-24T00:29:03Z
DraftKings,player_steals,Brandon Ingram,Over,2.5,145,2025-11-23,2025-11-24T00:29:24Z
DraftKings,player_steals,Brandon Ingram,Under,2.5,-188,2025-11-23,2025-11-24T00:29:24Z
DraftKings,player_steals,Tyrese Martin,Over,2.5,220,2025-11-23,2025-11-24T00:29:24Z
DraftKings,player_steals,Tyrese Martin,Under,2.5,-298,2025-11-23,2025-11-24T00:29:24Z
DraftKings,player_steals,R.J. Barrett,Over,1.5,180,2025-11-23,2025-11-24T00:29:24Z
DraftKings,player_steals,R.J. Barrett,Under,1.5,-238,2025-11-23,2025-11-24T00:29:24Z
DraftKings,player_steals,Michael Porter Jr,Over,1.5,185,2025-11-23,2025-11-24T00:29:24Z
DraftKings,player_steals,Michael Porter Jr,Under,1.5,-245,2025-11-23,2025-11-24T00:29:24Z
DraftKings,player_steals,Scottie Barnes,Over,0.5,-115,2025-11-23,2025-11-24T00:29:24Z
DraftKings,player_steals,Scottie Barnes,Under,0.5,-115,2025-11-23,2025-11-24T00:29:24Z
DraftKings,player_steals,Immanuel Quickley,Over,0.5,114,2025-11-23,2025-11-24T00:29:24Z
DraftKings,player_steals,Immanuel Quickley,Under,0.5,-145,2025-11-23,2025-11-24T00:29:24Z
DraftKings,player_steals,Jamal Shead,Over,0.5,140,2025-11-23,2025-11-24T00:29:24Z
DraftKings,player_steals,Jamal Shead,Under,0.5,-180,2025-11-23,2025-11-24T00:29:24Z
DraftKings,player_steals,Ziaire Williams,Over,0.5,170,2025-11-23,2025-11-24T00:29:24Z
DraftKings,player_steals,Ziaire Williams,Under,0.5,-220,2025-11-23,2025-11-24T00:29:24Z
DraftKings,player_steals,Egor Demin,Over,0.5,185,2025-11-23,2025-11-24T00:29:24Z
DraftKings,player_steals,Egor Demin,Under,0.5,-245,2025-11-23,2025-11-24T00:29:24Z
DraftKings,player_steals,Day'Ron Sharpe,Over,0.5,195,2025-11-23,2025-11-24T00:29:24Z
DraftKings,player_steals,Day'Ron Sharpe,Under,0.5,-260,2025-11-23,2025-11-24T00:29:24Z
DraftKings,player_steals,Drake Powell,Over,0.5,200,2025-11-23,2025-11-24T00:29:24Z
DraftKings,player_steals,Drake Powell,Under,0.5,-270,2025-11-23,2025-11-24T00:29:24Z
DraftKings,player_steals,Nicolas Claxton,Over,0.5,200,2025-11-23,2025-11-24T00:29:24Z
DraftKings,player_steals,Nicolas Claxton,Under,0.5,-270,2025-11-23,2025-11-24T00:29:24Z
DraftKings,player_steals,Terance Mann,Over,0.5,200,2025-11-23,2025-11-24T00:29:24Z
DraftKings,player_steals,Terance Mann,Under,0.5,-270,2025-11-23,2025-11-24T00:29:24Z
DraftKings,player_steals,Collin Murray-Boyles,Over,0.5,210,2025-11-23,2025-11-24T00:29:24Z
DraftKings,player_steals,Collin Murray-Boyles,Under,0.5,-280,2025-11-23,2025-11-24T00:29:24Z
DraftKings,player_steals,Noah Clowney,Over,0.5,210,2025-11-23,2025-11-24T00:29:24Z
DraftKings,player_steals,Noah Clowney,Under,0.5,-280,2025-11-23,2025-11-24T00:29:24Z
DraftKings,player_steals,Gradey Dick,Over,0.5,220,2025-11-23,2025-11-24T00:29:24Z
DraftKings,player_steals,Gradey Dick,Under,0.5,-298,2025-11-23,2025-11-24T00:29:24Z
DraftKings,player_steals,Sandro Mamukelashvili,Over,0.5,230,2025-11-23,2025-11-24T00:29:24Z
DraftKings,player_steals,Sandro Mamukelashvili,Under,0.5,-315,2025-11-23,2025-11-24T00:29:24Z
DraftKings,player_steals,Ajay Mitchell,Over,1.5,-115,2025-11-24,2025-11-24T00:29:09Z
DraftKings,player_steals,Ajay Mitchell,Under,1.5,-115,2025-11-24,2025-11-24T00:29:09Z
DraftKings,player_steals,Deni Avdija,Over,1.5,-110,2025-11-24,2025-11-24T00:29:09Z
DraftKings,player_steals,Deni Avdija,Under,1.5,-120,2025-11-24,2025-11-24T00:29:09Z
DraftKings,player_steals,Alex Caruso,Over,1.5,114,2025-11-24,2025-11-24T00:29:09Z
DraftKings,player_steals,Alex Caruso,Under,1.5,-145,2025-11-24,2025-11-24T00:29:09Z
DraftKings,player_steals,Isaiah Joe,Over,0.5,-210,2025-11-24,2025-11-24T00:29:09Z
DraftKings,player_steals,Isaiah Joe,Under,0.5,160,2025-11-24,2025-11-24T00:29:09Z
DraftKings,player_steals,Jaylin Williams,Over,0.5,-160,2025-11-24,2025-11-24T00:29:09Z
DraftKings,player_steals,Jaylin Williams,Under,0.5,124,2025-11-24,2025-11-24T00:29:09Z
DraftKings,player_steals,Toumani Camara,Over,0.5,-154,2025-11-24,2025-11-24T00:29:09Z
DraftKings,player_steals,Toumani Camara,Under,0.5,120,2025-11-24,2025-11-24T00:29:09Z
DraftKings,player_steals,Kris Murray,Over,0.5,-145,2025-11-24,2025-11-24T00:29:09Z
DraftKings,player_steals,Kris Murray,Under,0.5,114,2025-11-24,2025-11-24T00:29:09Z
DraftKings,player_steals,Jerami Grant,Over,0.5,-140,2025-11-24,2025-11-24T00:29:09Z
DraftKings,player_steals,Jerami Grant,Under,0.5,110,2025-11-24,2025-11-24T00:29:09Z
DraftKings,player_steals,Donovan Clingan,Over,0.5,145,2025-11-24,2025-11-24T00:29:09Z
DraftKings,player_steals,Donovan Clingan,Under,0.5,-188,2025-11-24,2025-11-24T00:29:09Z
DraftKings,player_steals,Luka Doncic,Over,1.5,-129,2025-11-24,2025-11-24T00:29:38Z
DraftKings,player_steals,Luka Doncic,Under,1.5,-103,2025-11-24,2025-11-24T00:29:38Z
DraftKings,player_steals,LeBron James,Over,1.5,120,2025-11-24,2025-11-24T00:29:38Z
DraftKings,player_steals,LeBron James,Under,1.5,-160,2025-11-24,2025-11-24T00:29:38Z
DraftKings,player_steals,Keyonte George,Over,1.5,158,2025-11-24,2025-11-24T00:29:38Z
DraftKings,player_steals,Keyonte George,Under,1.5,-213,2025-11-24,2025-11-24T00:29:38Z
DraftKings,player_steals,Austin Reaves,Over,1.5,168,2025-11-24,2025-11-24T00:29:38Z
DraftKings,player_steals,Austin Reaves,Under,1.5,-226,2025-11-24,2025-11-24T00:29:38Z
DraftKings,player_steals,Ace Bailey,Over,0.5,-192,2025-11-24,2025-11-24T00:29:38Z
DraftKings,player_steals,Ace Bailey,Under,0.5,143,2025-11-24,2025-11-24T00:29:38Z
DraftKings,player_steals,Deandre Ayton,Over,0.5,-172,2025-11-24,2025-11-24T00:29:38Z
DraftKings,player_steals,Deandre Ayton,Under,0.5,129,2025-11-24,2025-11-24T00:29:38Z
DraftKings,player_steals,De'Aaron Fox,Over,1.5,130,2025-11-24,2025-11-24T00:29:31Z
DraftKings,player_steals,De'Aaron Fox,Under,1.5,-173,2025-11-24,2025-11-24T00:29:31Z
DraftKings,player_steals,Dillon Brooks,Over,1.5,152,2025-11-24,2025-11-24T00:29:31Z
DraftKings,player_steals,Dillon Brooks,Under,1.5,-204,2025-11-24,2025-11-24T00:29:31Z
DraftKings,player_steals,Devin Vassell,Over,1.5,164,2025-11-24,2025-11-24T00:29:31Z
DraftKings,player_steals,Devin Vassell,Under,1.5,-220,2025-11-24,2025-11-24T00:29:31Z
DraftKings,player_steals,Mark Williams,Over,0.5,-189,2025-11-24,2025-11-24T00:29:31Z
DraftKings,player_steals,Mark Williams,Under,0.5,142,2025-11-24,2025-11-24T00:29:31Z
DraftKings,player_steals,Royce O'Neale,Over,0.5,-183,2025-11-24,2025-11-24T00:29:31Z
DraftKings,player_steals,Royce O'Neale,Under,0.5,137,2025-11-24,2025-11-24T00:29:31Z
DraftKings,player_steals,Devin Booker,Over,0.5,-154,2025-11-24,2025-11-24T00:29:31Z
DraftKings,player_steals,Devin Booker,Under,0.5,115,2025-11-24,2025-11-24T00:29:31Z
FanDuel,player_steals,Dillon Brooks,Over,1.5,162,2025-11-24,2025-11-24T00:28:56Z
FanDuel,player_steals,Dillon Brooks,Under,1.5,-225,2025-11-24,2025-11-24T00:28:56Z
FanDuel,player_steals,De'Aaron Fox,Over,1.5,130,2025-11-24,2025-11-24T00:28:56Z
FanDuel,player_steals,De'Aaron Fox,Under,1.5,-174,2025-11-24,2025-11-24T00:28:56Z
FanDuel,player_steals,Devin Vassell,Over,1.5,148,2025-11-24,2025-11-24T00:28:56Z
FanDuel,player_steals,Devin Vassell,Under,1.5,-200,2025-11-24,2025-11-24T00:28:56Z
FanDuel,player_steals,Royce O'Neale,Over,0.5,-192,2025-11-24,2025-11-24T00:28:56Z
FanDuel,player_steals,Royce O'Neale,Under,0.5,142,2025-11-24,2025-11-24T00:28:56Z
FanDuel,player_steals,Mark Williams,Over,0.5,-198,2025-11-24,2025-11-24T00:28:56Z
FanDuel,player_steals,Mark Williams,Under,0.5,144,2025-11-24,2025-11-24T00:28:56Z
FanDuel,player_steals,Devin Booker,Over,0.5,-158,2025-11-24,2025-11-24T00:28:56Z
FanDuel,player_steals,Devin Booker,Under,0.5,118,2025-11-24,2025-11-24T00:28:56Z
DraftKings,player_points_rebounds_assists,Jalen Johnson,Over,45.5,-120,2025-11-23,2025-11-24T00:29:15Z
DraftKings,player_points_rebounds_assists,Jalen Johnson,Under,45.5,-110,2025-11-23,2025-11-24T00:29:15Z
DraftKings,player_points_rebounds_assists,Onyeka Okongwu,Over,36.5,-115,2025-11-23,2025-11-24T00:29:15Z
DraftKings,player_points_rebounds_assists,Onyeka Okongwu,Under,36.5,-115,2025-11-23,2025-11-24T00:29:15Z
DraftKings,player_points_rebounds_assists,Kon Knueppel,Over,33.5,-125,2025-11-23,2025-11-24T00:29:15Z
DraftKings,player_points_rebounds_assists,Kon Knueppel,Under,33.5,-105,2025-11-23,2025-11-24T00:29:15Z
DraftKings,player_points_rebounds_assists,Dyson Daniels,Over,32.5,-120,2025-11-23,2025-11-24T00:29:15Z
DraftKings,player_points_rebounds_assists,Dyson Daniels,Under,32.5,-110,2025-11-23,2025-11-24T00:29:15Z
DraftKings,player_points_rebounds_assists,Collin Sexton,Over,28.5,-125,2025-11-23,2025-11-24T00:29:15Z
DraftKings,player_points_rebounds_assists,Collin Sexton,Under,28.5,-105,2025-11-23,2025-11-24T00:29:15Z
DraftKings,player_points_rebounds_assists,Nickeil Alexander-Walker,Over,25.5,-120,2025-11-23,2025-11-24T00:29:15Z
DraftKings,player_points_rebounds_assists,Nickeil Alexander-Walker,Under,25.5,-110,2025-11-23,2025-11-24T00:29:15Z
DraftKings,player_points_rebounds_assists,Sion James,Over,18.5,-125,2025-11-23,2025-11-24T00:29:15Z
DraftKings,player_points_rebounds_assists,Sion James,Under,18.5,-105,2025-11-23,2025-11-24T00:29:15Z
DraftKings,player_points_rebounds_assists,Zaccharie Risacher,Over,13.5,-135,2025-11-23,2025-11-24T00:29:15Z
DraftKings,player_points_rebounds_assists,Zaccharie Risacher,Under,13.5,105,2025-11-23,2025-11-24T00:29:15Z
DraftKings,player_points_rebounds_assists,Vit Krejci,Over,10.5,-130,2025-11-23,2025-11-24T00:29:15Z
DraftKings,player_points_rebounds_assists,Vit Krejci,Under,10.5,100,2025-11-23,2025-11-24T00:29:15Z
DraftKings,player_points_rebounds_assists,Donovan Mitchell,Over,40.5,-105,2025-11-23,2025-11-24T00:29:18Z
DraftKings,player_points_rebounds_assists,Donovan Mitchell,Under,40.5,-125,2025-11-23,2025-11-24T00:29:18Z
DraftKings,player_points_rebounds_assists,James Harden,Over,33.5,-115,2025-11-23,2025-11-24T00:29:18Z
DraftKings,player_points_rebounds_assists,James Harden,Under,33.5,-115,2025-11-23,2025-11-24T00:29:18Z
DraftKings,player_points_rebounds_assists,Evan Mobley,Over,26.5,-120,2025-11-23,2025-11-24T00:29:18Z
DraftKings,player_points_rebounds_assists,Evan Mobley,Under,26.5,-110,2025-11-23,2025-11-24T00:29:18Z
DraftKings,player_points_rebounds_assists,Darius Garland,Over,20.5,-105,2025-11-23,2025-11-24T00:29:18Z
DraftKings,player_points_rebounds_assists,Darius Garland,Under,20.5,-125,2025-11-23,2025-11-24T00:29:18Z
DraftKings,player_points_rebounds_assists,Kris Dunn,Over,18.5,-125,2025-11-23,2025-11-24T00:29:18Z
DraftKings,player_points_rebounds_assists,Kris Dunn,Under,18.5,-105,2025-11-23,2025-11-24T00:29:18Z
DraftKings,player_points_rebounds_assists,Jaylen Brown,Over,37.5,100,2025-11-23,2025-11-24T00:29:03Z
DraftKings,player_points_rebounds_assists,Jaylen Brown,Under,37.5,-130,2025-11-23,2025-11-24T00:29:03Z
DraftKings,player_points_rebounds_assists,Franz Wagner,Over,35.5,-120,2025-11-23,2025-11-24T00:29:03Z
DraftKings,player_points_rebounds_assists,Franz Wagner,Under,35.5,-110,2025-11-23,2025-11-24T00:29:03Z
DraftKings,player_points_rebounds_assists,Payton Pritchard,Over,34.5,-115,2025-11-23,2025-11-24T00:29:03Z
DraftKings,player_points_rebounds_assists,Payton Pritchard,Under,34.5,-115,2025-11-23,2025-11-24T00:29:03Z
DraftKings,player_points_rebounds_assists,Desmond Bane,Over,31.5,-125,2025-11-23,2025-11-24T00:29:03Z
DraftKings,player_points_rebounds_assists,Desmond Bane,Under,31.5,-105,2025-11-23,2025-11-24T00:29:03Z
DraftKings,player_points_rebounds_assists,Anfernee Simons,Over,28.5,-125,2025-11-23,2025-11-24T00:29:03Z
DraftKings,player_points_rebounds_assists,Anfernee Simons,Under,28.5,-105,2025-11-23,2025-11-24T00:29:03Z
DraftKings,player_points_rebounds_assists,Anthony Black,Over,23.5,-105,2025-11-23,2025-11-24T00:29:03Z
DraftKings,player_points_rebounds_assists,Anthony Black,Under,23.5,-125,2025-11-23,2025-11-24T00:29:03Z
DraftKings,player_points_rebounds_assists,Derrick White,Over,21.5,-115,2025-11-23,2025-11-24T00:29:03Z
DraftKings,player_points_rebounds_assists,Derrick White,Under,21.5,-115,2025-11-23,2025-11-24T00:29:03Z
DraftKings,player_points_rebounds_assists,Tristan da Silva,Over,12.5,-130,2025-11-23,2025-11-24T00:29:03Z
DraftKings,player_points_rebounds_assists,Tristan da Silva,Under,12.5,100,2025-11-23,2025-11-24T00:29:03Z
DraftKings,player_points_rebounds_assists,Michael Porter Jr,Over,32.5,-115,2025-11-23,2025-11-24T00:29:24Z
DraftKings,player_points_rebounds_assists,Michael Porter Jr,Under,32.5,-115,2025-11-23,2025-11-24T00:29:24Z
DraftKings,player_points_rebounds_assists,Scottie Barnes,Over,32.5,-105,2025-11-23,2025-11-24T00:29:24Z
DraftKings,player_points_rebounds_assists,Scottie Barnes,Under,32.5,-125,2025-11-23,2025-11-24T00:29:24Z
DraftKings,player_points_rebounds_assists,R.J. Barrett,Over,29.5,100,2025-11-23,2025-11-24T00:29:24Z
DraftKings,player_points_rebounds_assists,R.J. Barrett,Under,29.5,-130,2025-11-23,2025-11-24T00:29:24Z
DraftKings,player_points_rebounds_assists,Brandon Ingram,Over,27.5,-115,2025-11-23,2025-11-24T00:29:24Z
DraftKings,player_points_rebounds_assists,Brandon Ingram,Under,27.5,-115,2025-11-23,2025-11-24T00:29:24Z
DraftKings,player_points_rebounds_assists,Immanuel Quickley,Over,25.5,100,2025-11-23,2025-11-24T00:29:24Z
DraftKings,player_points_rebounds_assists,Immanuel Quickley,Under,25.5,-130,2025-11-23,2025-11-24T00:29:24Z
DraftKings,player_points_rebounds_assists,Tyrese Martin,Over,24.5,-115,2025-11-23,2025-11-24T00:29:24Z
DraftKings,player_points_rebounds_assists,Tyrese Martin,Under,24.5,-115,2025-11-23,2025-11-24T00:29:24Z
DraftKings,player_points_rebounds_assists,Nicolas Claxton,Over,22.5,-120,2025-11-23,2025-11-24T00:29:24Z
DraftKings,player_points_rebounds_assists,Nicolas Claxton,Under,22.5,-110,2025-11-23,2025-11-24T00:29:24Z
DraftKings,player_points_rebounds_assists,Noah Clowney,Over,19.5,-130,2025-11-23,2025-11-24T00:29:24Z
DraftKings,player_points_rebounds_assists,Noah Clowney,Under,19.5,100,2025-11-23,2025-11-24T00:29:24Z
DraftKings,player_points_rebounds_assists,Sandro Mamukelashvili,Over,17.5,-130,2025-11-23,2025-11-24T00:29:24Z
DraftKings,player_points_rebounds_assists,Sandro Mamukelashvili,Under,17.5,100,2025-11-23,2025-11-24T00:29:24Z
DraftKings,player_points_rebounds_assists,Gradey Dick,Over,14.5,-110,2025-11-23,2025-11-24T00:29:24Z
DraftKings,player_points_rebounds_assists,Gradey Dick,Under,14.5,-120,2025-11-23,2025-11-24T00:29:24Z
DraftKings,player_points_rebounds_assists,Drake Powell,Over,13.5,-130,2025-11-23,2025-11-24T00:29:24Z
DraftKings,player_points_rebounds_assists,Drake Powell,Under,13.5,100,2025-11-23,2025-11-24T00:29:24Z
DraftKings,player_points_rebounds_assists,Jamal Shead,Over,13.5,-125,2025-11-23,2025-11-24T00:29:24Z
DraftKings,player_points_rebounds_assists,Jamal Shead,Under,13.5,-105,2025-11-23,2025-11-24T00:29:24Z
DraftKings,player_points_rebounds_assists,Ziaire Williams,Over,13.5,-125,2025-11-23,2025-11-24T00:29:24Z
DraftKings,player_points_rebounds_assists,Ziaire Williams,Under,13.5,-105,2025-11-23,2025-11-24T00:29:24Z
DraftKings,player_points_rebounds_assists,Terance Mann,Over,13.5,-115,2025-11-23,2025-11-24T00:29:24Z
DraftKings,player_points_rebounds_assists,Terance Mann,Under,13.5,-115,2025-11-23,2025-11-24T00:29:24Z
DraftKings,player_points_rebounds_assists,Egor Demin,Over,12.5,-110,2025-11-23,2025-11-24T00:29:24Z
DraftKings,player_points_rebounds_assists,Egor Demin,Under,12.5,-120,2025-11-23,2025-11-24T00:29:24Z
DraftKings,player_points_rebounds_assists,Day'Ron Sharpe,Over,12.5,100,2025-11-23,2025-11-24T00:29:24Z
DraftKings,player_points_rebounds_assists,Day'Ron Sharpe,Under,12.5,-130,2025-11-23,2025-11-24T00:29:24Z
DraftKings,player_points_rebounds_assists,Collin Murray-Boyles,Over,10.5,-120,2025-11-23,2025-11-24T00:29:24Z
DraftKings,player_points_rebounds_assists,Collin Murray-Boyles,Under,10.5,-110,2025-11-23,2025-11-24T00:29:24Z
DraftKings,player_points_rebounds_assists,Shai Gilgeous-Alexander,Over,47.5,-105,2025-11-24,2025-11-24T00:29:09Z
DraftKings,player_points_rebounds_assists,Shai Gilgeous-Alexander,Under,47.5,-125,2025-11-24,2025-11-24T00:29:09Z
DraftKings,player_points_rebounds_assists,Deni Avdija,Over,33.5,-115,2025-11-24,2025-11-24T00:29:09Z
DraftKings,player_points_rebounds_assists,Deni Avdija,Under,33.5,-115,2025-11-24,2025-11-24T00:29:09Z
DraftKings,player_points_rebounds_assists,Chet Holmgren,Over,26.5,-115,2025-11-24,2025-11-24T00:29:09Z
DraftKings,player_points_rebounds_assists,Chet Holmgren,Under,26.5,-115,2025-11-24,2025-11-24T00:29:09Z
DraftKings,player_points_rebounds_assists,Isaiah Hartenstein,Over,26.5,-110,2025-11-24,2025-11-24T00:29:09Z
DraftKings,player_points_rebounds_assists,Isaiah Hartenstein,Under,26.5,-120,2025-11-24,2025-11-24T00:29:09Z
DraftKings,player_points_rebounds_assists,Jerami Grant,Over,24.5,-105,2025-11-24,2025-11-24T00:29:09Z
DraftKings,player_points_rebounds_assists,Jerami Grant,Under,24.5,-125,2025-11-24,2025-11-24T00:29:09Z
DraftKings,player_points_rebounds_assists,Toumani Camara,Over,22.5,-120,2025-11-24,2025-11-24T00:29:09Z
DraftKings,player_points_rebounds_assists,Toumani Camara,Under,22.5,-110,2025-11-24,2025-11-24T00:29:09Z
DraftKings,player_points_rebounds_assists,Ajay Mitchell,Over,21.5,-105,2025-11-24,2025-11-24T00:29:09Z
DraftKings,player_points_rebounds_assists,Ajay Mitchell,Under,21.5,-125,2025-11-24,2025-11-24T00:29:09Z
DraftKings,player_points_rebounds_assists,Donovan Clingan,Over,19.5,-105,2025-11-24,2025-11-24T00:29:09Z
DraftKings,player_points_rebounds_assists,Donovan Clingan,Under,19.5,-125,2025-11-24,2025-11-24T00:29:09Z
DraftKings,player_points_rebounds_assists,Isaiah Joe,Over,16.5,-115,2025-11-24,2025-11-24T00:29:09Z
DraftKings,player_points_rebounds_assists,Isaiah Joe,Under,16.5,-115,2025-11-24,2025-11-24T00:29:09Z
DraftKings,player_points_rebounds_assists,Jaylin Williams,Over,13.5,-130,2025-11-24,2025-11-24T00:29:09Z
DraftKings,player_points_rebounds_assists,Jaylin Williams,Under,13.5,100,2025-11-24,2025-11-24T00:29:09Z
DraftKings,player_points_rebounds_assists,Cason Wallace,Over,12.5,-110,2025-11-24,2025-11-24T00:29:09Z
DraftKings,player_points_rebounds_assists,Cason Wallace,Under,12.5,-120,2025-11-24,2025-11-24T00:29:09Z
DraftKings,player_points_rebounds_assists,Kris Murray,Over,12.5,-110,2025-11-24,2025-11-24T00:29:09Z
DraftKings,player_points_rebounds_assists,Kris Murray,Under,12.5,-120,2025-11-24,2025-11-24T00:29:09Z
DraftKings,player_points_rebounds_assists,Alex Caruso,Over,10.5,-120,2025-11-24,2025-11-24T00:29:09Z
DraftKings,player_points_rebounds_assists,Alex Caruso,Under,10.5,-110,2025-11-24,2025-11-24T00:29:09Z
DraftKings,player_points_rebounds_assists,Luka Doncic,Over,49.5,-114,2025-11-24,2025-11-24T00:29:38Z
DraftKings,player_points_rebounds_assists,Luka Doncic,Under,49.5,-116,2025-11-24,2025-11-24T00:29:38Z
DraftKings,player_points_rebounds_assists,Lauri Markkanen,Over,34.5,-122,2025-11-24,2025-11-24T00:29:38Z
DraftKings,player_points_rebounds_assists,Lauri Markkanen,Under,34.5,-108,2025-11-24,2025-11-24T00:29:38Z
DraftKings,player_points_rebounds_assists,LeBron James,Over,33.5,-110,2025-11-24,2025-11-24T00:29:38Z
DraftKings,player_points_rebounds_assists,LeBron James,Under,33.5,-120,2025-11-24,2025-11-24T00:29:38Z
DraftKings,player_points_rebounds_assists,Austin Reaves,Over,32.5,-112,2025-11-24,2025-11-24T00:29:38Z
DraftKings,player_points_rebounds_assists,Austin Reaves,Under,32.5,-117,2025-11-24,2025-11-24T00:29:38Z
DraftKings,player_points_rebounds_assists,Keyonte George,Over,30.5,-118,2025-11-24,2025-11-24T00:29:38Z
DraftKings,player_points_rebounds_assists,Keyonte George,Under,30.5,-112,2025-11-24,2025-11-24T00:29:38Z
DraftKings,player_points_rebounds_assists,Jusuf Nurkic,Over,22.5,-109,2025-11-24,2025-11-24T00:29:38Z
DraftKings,player_points_rebounds_assists,Jusuf Nurkic,Under,22.5,-121,2025-11-24,2025-11-24T00:29:38Z
DraftKings,player_points_rebounds_assists,Isaiah Collier,Over,16.5,-120,2025-11-24,2025-11-24T00:29:38Z
DraftKings,player_points_rebounds_assists,Isaiah Collier,Under,16.5,-109,2025-11-24,2025-11-24T00:29:38Z
DraftKings,player_points_rebounds_assists,Devin Booker,Over,41.5,-113,2025-11-24,2025-11-24T00:29:31Z
DraftKings,player_points_rebounds_assists,Devin Booker,Under,41.5,-117,2025-11-24,2025-11-24T00:29:31Z
DraftKings,player_points_rebounds_assists,De'Aaron Fox,Over,35.5,-110,2025-11-24,2025-11-24T00:29:31Z
DraftKings,player_points_rebounds_assists,De'Aaron Fox,Under,35.5,-120,2025-11-24,2025-11-24T00:29:31Z
DraftKings,player_points_rebounds_assists,Collin Gillespie,Over,25.5,-106,2025-11-24,2025-11-24T00:29:31Z
DraftKings,player_points_rebounds_assists,Collin Gillespie,Under,25.5,-124,2025-11-24,2025-11-24T00:29:31Z
DraftKings,player_points_rebounds_assists,Dillon Brooks,Over,24.5,-122,2025-11-24,2025-11-24T00:29:31Z
DraftKings,player_points_rebounds_assists,Dillon Brooks,Under,24.5,-108,2025-11-24,2025-11-24T00:29:31Z
DraftKings,player_points_rebounds_assists,Devin Vassell,Over,24.5,-121,2025-11-24,2025-11-24T00:29:31Z
DraftKings,player_points_rebounds_assists,Devin Vassell,Under,24.5,-109,2025-11-24,2025-11-24T00:29:31Z
DraftKings,player_points_rebounds_assists,Keldon Johnson,Over,24.5,-110,2025-11-24,2025-11-24T00:29:31Z
DraftKings,player_points_rebounds_assists,Keldon Johnson,Under,24.5,-120,2025-11-24,2025-11-24T00:29:31Z
DraftKings,player_points_rebounds_assists,Royce O'Neale,Over,19.5,-125,2025-11-24,2025-11-24T00:29:31Z
DraftKings,player_points_rebounds_assists,Royce O'Neale,Under,19.5,-105,2025-11-24,2025-11-24T00:29:31Z
DraftKings,player_points_rebounds_assists,Harrison Barnes,Over,19.5,-124,2025-11-24,2025-11-24T00:29:31Z
DraftKings,player_points_rebounds_assists,Harrison Barnes,Under,19.5,-106,2025-11-24,2025-11-24T00:29:31Z
DraftKings,player_points_rebounds_assists,Luke Kornet,Over,18.5,-118,2025-11-24,2025-11-24T00:29:31Z
DraftKings,player_points_rebounds_assists,Luke Kornet,Under,18.5,-111,2025-11-24,2025-11-24T00:29:31Z
DraftKings,player_points_rebounds_assists,Julian Champagnie,Over,17.5,-122,2025-11-24,2025-11-24T00:29:31Z
DraftKings,player_points_rebounds_assists,Julian Champagnie,Under,17.5,-108,2025-11-24,2025-11-24T00:29:31Z
DraftKings,player_points_rebounds_assists,Jeremy Sochan,Over,16.5,-110,2025-11-24,2025-11-24T00:29:31Z
DraftKings,player_points_rebounds_assists,Jeremy Sochan,Under,16.5,-120,2025-11-24,2025-11-24T00:29:31Z
FanDuel,player_points_rebounds_assists,Lauri Markkanen,Over,34.5,-115,2025-11-24,2025-11-24T00:29:38Z
FanDuel,player_points_rebounds_assists,Lauri Markkanen,Under,34.5,-111,2025-11-24,2025-11-24T00:29:38Z
FanDuel,player_points_rebounds_assists,Luka Doncic,Over,49.5,-108,2025-11-24,2025-11-24T00:29:38Z
FanDuel,player_points_rebounds_assists,Luka Doncic,Under,49.5,-118,2025-11-24,2025-11-24T00:29:38Z
FanDuel,player_points_rebounds_assists,Austin Reaves,Over,32.5,-102,2025-11-24,2025-11-24T00:29:38Z
FanDuel,player_points_rebounds_assists,Austin Reaves,Under,32.5,-125,2025-11-24,2025-11-24T00:29:38Z
FanDuel,player_points_rebounds_assists,Jusuf Nurkic,Over,21.5,-125,2025-11-24,2025-11-24T00:29:38Z
FanDuel,player_points_rebounds_assists,Jusuf Nurkic,Under,21.5,-102,2025-11-24,2025-11-24T00:29:38Z
FanDuel,player_points_rebounds_assists,Isaiah Collier,Over,16.5,-122,2025-11-24,2025-11-24T00:29:38Z
FanDuel,player_points_rebounds_assists,Isaiah Collier,Under,16.5,-104,2025-11-24,2025-11-24T00:29:38Z
FanDuel,player_points_rebounds_assists,Keyonte George,Over,30.5,-113,2025-11-24,2025-11-24T00:29:38Z
FanDuel,player_points_rebounds_assists,Keyonte George,Under,30.5,-113,2025-11-24,2025-11-24T00:29:38Z
FanDuel,player_points_rebounds_assists,LeBron James,Over,32.5,-122,2025-11-24,2025-11-24T00:29:38Z
FanDuel,player_points_rebounds_assists,LeBron James,Under,32.5,-104,2025-11-24,2025-11-24T00:29:38Z
FanDuel,player_points_rebounds_assists,Julian Champagnie,Over,17.5,-113,2025-11-24,2025-11-24T00:27:46Z
FanDuel,player_points_rebounds_assists,Julian Champagnie,Under,17.5,-113,2025-11-24,2025-11-24T00:27:46Z
FanDuel,player_points_rebounds_assists,Dillon Brooks,Over,24.5,-122,2025-11-24,2025-11-24T00:27:46Z
FanDuel,player_points_rebounds_assists,Dillon Brooks,Under,24.5,-104,2025-11-24,2025-11-24T00:27:46Z
FanDuel,player_points_rebounds_assists,Jeremy Sochan,Over,16.5,-113,2025-11-24,2025-11-24T00:27:46Z
FanDuel,player_points_rebounds_assists,Jeremy Sochan,Under,16.5,-115,2025-11-24,2025-11-24T00:27:46Z
FanDuel,player_points_rebounds_assists,Collin Gillespie,Over,25.5,-113,2025-11-24,2025-11-24T00:27:46Z
FanDuel,player_points_rebounds_assists,Collin Gillespie,Under,25.5,-113,2025-11-24,2025-11-24T00:27:46Z
FanDuel,player_points_rebounds_assists,Royce O'Neale,Over,20.5,-104,2025-11-24,2025-11-24T00:27:46Z
FanDuel,player_points_rebounds_assists,Royce O'Neale,Under,20.5,-122,2025-11-24,2025-11-24T00:27:46Z
FanDuel,player_points_rebounds_assists,Devin Vassell,Over,24.5,-115,2025-11-24,2025-11-24T00:27:46Z
FanDuel,player_points_rebounds_assists,Devin Vassell,Under,24.5,-111,2025-11-24,2025-11-24T00:27:46Z
FanDuel,player_points_rebounds_assists,De'Aaron Fox,Over,34.5,-120,2025-11-24,2025-11-24T00:27:46Z
FanDuel,player_points_rebounds_assists,De'Aaron Fox,Under,34.5,-106,2025-11-24,2025-11-24T00:27:46Z
FanDuel,player_points_rebounds_assists,Harrison Barnes,Over,19.5,-122,2025-11-24,2025-11-24T00:27:46Z
FanDuel,player_points_rebounds_assists,Harrison Barnes,Under,19.5,-104,2025-11-24,2025-11-24T00:27:46Z
FanDuel,player_points_rebounds_assists,Keldon Johnson,Over,24.5,-111,2025-11-24,2025-11-24T00:27:46Z
FanDuel,player_points_rebounds_assists,Keldon Johnson,Under,24.5,-115,2025-11-24,2025-11-24T00:27:46Z
FanDuel,player_points_rebounds_assists,Luke Kornet,Over,18.5,-128,2025-11-24,2025-11-24T00:27:46Z
FanDuel,player_points_rebounds_assists,Luke Kornet,Under,18.5,100,2025-11-24,2025-11-24T00:27:46Z
FanDuel,player_points_rebounds_assists,Devin Booker,Over,40.5,-122,2025-11-24,2025-11-24T00:27:46Z
FanDuel,player_points_rebounds_assists,Devin Booker,Under,40.5,-104,2025-11-24,2025-11-24T00:27:46Z
BetOnline.ag,player_points_rebounds_assists,Austin Reaves,Over,32.5,-106,2025-11-24,2025-11-24T00:27:38Z
BetOnline.ag,player_points_rebounds_assists,Austin Reaves,Under,32.5,-122,2025-11-24,2025-11-24T00:27:38Z
BetOnline.ag,player_points_rebounds_assists,Lauri Markkanen,Over,34.5,-112,2025-11-24,2025-11-24T00:27:38Z
BetOnline.ag,player_points_rebounds_assists,Lauri Markkanen,Under,34.5,-115,2025-11-24,2025-11-24T00:27:38Z
BetOnline.ag,player_points_rebounds_assists,Keyonte George,Over,30.5,-115,2025-11-24,2025-11-24T00:27:38Z
BetOnline.ag,player_points_rebounds_assists,Keyonte George,Under,30.5,-112,2025-11-24,2025-11-24T00:27:38Z
BetOnline.ag,player_points_rebounds_assists,Luka Doncic,Over,48.5,-118,2025-11-24,2025-11-24T00:27:38Z
BetOnline.ag,player_points_rebounds_assists,Luka Doncic,Under,48.5,-110,2025-11-24,2025-11-24T00:27:38Z
BetOnline.ag,player_points_rebounds_assists,Jusuf Nurkic,Over,22.5,-109,2025-11-24,2025-11-24T00:27:38Z
BetOnline.ag,player_points_rebounds_assists,Jusuf Nurkic,Under,22.5,-119,2025-11-24,2025-11-24T00:27:38Z
BetOnline.ag,player_points_rebounds_assists,LeBron James,Over,32.5,-119,2025-11-24,2025-11-24T00:27:38Z
BetOnline.ag,player_points_rebounds_assists,LeBron James,Under,32.5,-109,2025-11-24,2025-11-24T00:27:38Z
BetOnline.ag,player_points_rebounds_assists,Isaiah Collier,Over,16.5,-118,2025-11-24,2025-11-24T00:27:38Z
BetOnline.ag,player_points_rebounds_assists,Isaiah Collier,Under,16.5,-110,2025-11-24,2025-11-24T00:27:38Z
BetOnline.ag,player_points_rebounds_assists,Deandre Ayton,Over,24.5,-115,2025-11-24,2025-11-24T00:27:38Z
BetOnline.ag,player_points_rebounds_assists,Deandre Ayton,Under,24.5,-112,2025-11-24,2025-11-24T00:27:38Z
BetOnline.ag,player_points_rebounds_assists,Rui Hachimura,Over,15.5,-114,2025-11-24,2025-11-24T00:27:38Z
BetOnline.ag,player_points_rebounds_assists,Rui Hachimura,Under,15.5,-114,2025-11-24,2025-11-24T00:27:38Z
BetOnline.ag,player_points_rebounds_assists,Ace Bailey,Over,17.5,-118,2025-11-24,2025-11-24T00:27:38Z
BetOnline.ag,player_points_rebounds_assists,Ace Bailey,Under,17.5,-110,2025-11-24,2025-11-24T00:27:38Z
BetOnline.ag,player_points_rebounds_assists,Kyle Filipowski,Over,16.5,-118,2025-11-24,2025-11-24T00:27:38Z
BetOnline.ag,player_points_rebounds_assists,Kyle Filipowski,Under,16.5,-110,2025-11-24,2025-11-24T00:27:38Z
BetOnline.ag,player_points_rebounds_assists,Marcus Smart,Over,10.5,-110,2025-11-24,2025-11-24T00:27:38Z
BetOnline.ag,player_points_rebounds_assists,Marcus Smart,Under,10.5,-118,2025-11-24,2025-11-24T00:27:38Z
BetOnline.ag,player_points_rebounds_assists,Svi Mykhailiuk,Over,13.5,-114,2025-11-24,2025-11-24T00:27:38Z
BetOnline.ag,player_points_rebounds_assists,Svi Mykhailiuk,Under,13.5,-114,2025-11-24,2025-11-24T00:27:38Z
BetOnline.ag,player_points_rebounds_assists,Keldon Johnson,Over,24.5,-109,2025-11-24,2025-11-24T00:29:46Z
BetOnline.ag,player_points_rebounds_assists,Keldon Johnson,Under,24.5,-119,2025-11-24,2025-11-24T00:29:46Z
BetOnline.ag,player_points_rebounds_assists,Jeremy Sochan,Over,16.5,-111,2025-11-24,2025-11-24T00:29:46Z
BetOnline.ag,player_points_rebounds_assists,Jeremy Sochan,Under,16.5,-116,2025-11-24,2025-11-24T00:29:46Z
BetOnline.ag,player_points_rebounds_assists,Julian Champagnie,Over,17.5,-118,2025-11-24,2025-11-24T00:29:46Z
BetOnline.ag,player_points_rebounds_assists,Julian Champagnie,Under,17.5,-110,2025-11-24,2025-11-24T00:29:46Z
BetOnline.ag,player_points_rebounds_assists,Harrison Barnes,Over,19.5,-123,2025-11-24,2025-11-24T00:29:46Z
BetOnline.ag,player_points_rebounds_assists,Harrison Barnes,Under,19.5,-105,2025-11-24,2025-11-24T00:29:46Z
BetOnline.ag,player_points_rebounds_assists,Dillon Brooks,Over,24.5,-123,2025-11-24,2025-11-24T00:29:46Z
BetOnline.ag,player_points_rebounds_assists,Dillon Brooks,Under,24.5,-104,2025-11-24,2025-11-24T00:29:46Z
BetOnline.ag,player_points_rebounds_assists,Devin Booker,Over,41.5,-105,2025-11-24,2025-11-24T00:29:46Z
BetOnline.ag,player_points_rebounds_assists,Devin Booker,Under,41.5,-123,2025-11-24,2025-11-24T00:29:46Z
BetOnline.ag,player_points_rebounds_assists,Mark Williams,Over,22.5,-119,2025-11-24,2025-11-24T00:29:46Z
BetOnline.ag,player_points_rebounds_assists,Mark Williams,Under,22.5,-109,2025-11-24,2025-11-24T00:29:46Z
BetOnline.ag,player_points_rebounds_assists,Devin Vassell,Over,24.5,-116,2025-11-24,2025-11-24T00:29:46Z
BetOnline.ag,player_points_rebounds_assists,Devin Vassell,Under,24.5,-111,2025-11-24,2025-11-24T00:29:46Z
BetOnline.ag,player_points_rebounds_assists,Ryan Dunn,Over,15.5,-109,2025-11-24,2025-11-24T00:29:46Z
BetOnline.ag,player_points_rebounds_assists,Ryan Dunn,Under,15.5,-119,2025-11-24,2025-11-24T00:29:46Z
BetOnline.ag,player_points_rebounds_assists,De'Aaron Fox,Over,35.5,-114,2025-11-24,2025-11-24T00:29:46Z
BetOnline.ag,player_points_rebounds_assists,De'Aaron Fox,Under,35.5,-114,2025-11-24,2025-11-24T00:29:46Z
BetOnline.ag,player_points_rebounds_assists,Royce O'Neale,Over,20.5,-103,2025-11-24,2025-11-24T00:29:46Z
BetOnline.ag,player_points_rebounds_assists,Royce O'Neale,Under,20.5,-125,2025-11-24,2025-11-24T00:29:46Z
BetOnline.ag,player_points_rebounds_assists,Jordan Goodwin,Over,17.5,-105,2025-11-24,2025-11-24T00:29:46Z
BetOnline.ag,player_points_rebounds_assists,Jordan Goodwin,Under,17.5,-123,2025-11-24,2025-11-24T00:29:46Z
BetOnline.ag,player_points_rebounds_assists,Collin Gillespie,Over,25.5,-112,2025-11-24,2025-11-24T00:29:46Z
BetOnline.ag,player_points_rebounds_assists,Collin Gillespie,Under,25.5,-115,2025-11-24,2025-11-24T00:29:46Z
BetOnline.ag,player_points_rebounds_assists,Luke Kornet,Over,18.5,-119,2025-11-24,2025-11-24T00:29:46Z
BetOnline.ag,player_points_rebounds_assists,Luke Kornet,Under,18.5,-109,2025-11-24,2025-11-24T00:29:46Z
BetMGM,player_points_rebounds_assists,Lauri Markkanen,Over,33.5,-125,2025-11-24,2025-11-24T00:29:46Z
BetMGM,player_points_rebounds_assists,Lauri Markkanen,Under,33.5,-105,2025-11-24,2025-11-24T00:29:46Z
BetMGM,player_points_rebounds_assists,Isaiah Collier,Over,15.5,-130,2025-11-24,2025-11-24T00:29:46Z
BetMGM,player_points_rebounds_assists,Isaiah Collier,Under,15.5,100,2025-11-24,2025-11-24T00:29:46Z
BetMGM,player_points_rebounds_assists,Luka Doncic,Over,48.5,-115,2025-11-24,2025-11-24T00:29:46Z
BetMGM,player_points_rebounds_assists,Luka Doncic,Under,48.5,-115,2025-11-24,2025-11-24T00:29:46Z
BetMGM,player_points_rebounds_assists,LeBron James,Over,32.5,-110,2025-11-24,2025-11-24T00:29:46Z
BetMGM,player_points_rebounds_assists,LeBron James,Under,32.5,-125,2025-11-24,2025-11-24T00:29:46Z
BetMGM,player_points_rebounds_assists,Jusuf Nurkic,Over,22.5,-110,2025-11-24,2025-11-24T00:29:46Z
BetMGM,player_points_rebounds_assists,Jusuf Nurkic,Under,22.5,-118,2025-11-24,2025-11-24T00:29:46Z
BetMGM,player_points_rebounds_assists,Rui Hachimura,Over,15.5,-120,2025-11-24,2025-11-24T00:29:46Z
BetMGM,player_points_rebounds_assists,Rui Hachimura,Under,15.5,-110,2025-11-24,2025-11-24T00:29:46Z
BetMGM,player_points_rebounds_assists,Deandre Ayton,Over,23.5,-130,2025-11-24,2025-11-24T00:29:46Z
BetMGM,player_points_rebounds_assists,Deandre Ayton,Under,23.5,100,2025-11-24,2025-11-24T00:29:46Z
BetMGM,player_points_rebounds_assists,Svi Mykhailiuk,Over,12.5,-105,2025-11-24,2025-11-24T00:29:46Z
BetMGM,player_points_rebounds_assists,Svi Mykhailiuk,Under,12.5,-130,2025-11-24,2025-11-24T00:29:46Z
BetMGM,player_points_rebounds_assists,Ace Bailey,Over,17.5,-118,2025-11-24,2025-11-24T00:29:46Z
BetMGM,player_points_rebounds_assists,Ace Bailey,Under,17.5,-115,2025-11-24,2025-11-24T00:29:46Z
BetMGM,player_points_rebounds_assists,Brice Sensabaugh,Over,11.5,-130,2025-11-24,2025-11-24T00:29:46Z
BetMGM,player_points_rebounds_assists,Brice Sensabaugh,Under,11.5,-105,2025-11-24,2025-11-24T00:29:46Z
BetMGM,player_points_rebounds_assists,Kevin Love,Over,9.5,-115,2025-11-24,2025-11-24T00:29:46Z
BetMGM,player_points_rebounds_assists,Kevin Love,Under,9.5,-118,2025-11-24,2025-11-24T00:29:46Z
BetMGM,player_points_rebounds_assists,Austin Reaves,Over,32.5,-105,2025-11-24,2025-11-24T00:29:46Z
BetMGM,player_points_rebounds_assists,Austin Reaves,Under,32.5,-125,2025-11-24,2025-11-24T00:29:46Z
BetMGM,player_points_rebounds_assists,Marcus Smart,Over,11.5,-105,2025-11-24,2025-11-24T00:29:46Z
BetMGM,player_points_rebounds_assists,Marcus Smart,Under,11.5,-130,2025-11-24,2025-11-24T00:29:46Z
BetMGM,player_points_rebounds_assists,Kyle Filipowski,Over,16.5,-125,2025-11-24,2025-11-24T00:29:46Z
BetMGM,player_points_rebounds_assists,Kyle Filipowski,Under,16.5,-105,2025-11-24,2025-11-24T00:29:46Z
BetMGM,player_points_rebounds_assists,Jake LaRavia,Over,13.5,-110,2025-11-24,2025-11-24T00:29:46Z
BetMGM,player_points_rebounds_assists,Jake LaRavia,Under,13.5,-118,2025-11-24,2025-11-24T00:29:46Z
BetMGM,player_points_rebounds_assists,Keyonte George,Over,30.5,-125,2025-11-24,2025-11-24T00:29:46Z
BetMGM,player_points_rebounds_assists,Keyonte George,Under,30.5,-105,2025-11-24,2025-11-24T00:29:46Z
BetMGM,player_points_rebounds_assists,Royce O'Neale,Over,19.5,-105,2025-11-24,2025-11-24T00:29:29Z
BetMGM,player_points_rebounds_assists,Royce O'Neale,Under,19.5,-125,2025-11-24,2025-11-24T00:29:29Z
BetMGM,player_points_rebounds_assists,Jeremy Sochan,Over,16.5,-115,2025-11-24,2025-11-24T00:29:29Z
BetMGM,player_points_rebounds_assists,Jeremy Sochan,Under,16.5,-118,2025-11-24,2025-11-24T00:29:29Z
BetMGM,player_points_rebounds_assists,Keldon Johnson,Over,24.5,-110,2025-11-24,2025-11-24T00:29:29Z
BetMGM,player_points_rebounds_assists,Keldon Johnson,Under,24.5,-120,2025-11-24,2025-11-24T00:29:29Z
BetMGM,player_points_rebounds_assists,Harrison Barnes,Over,20.5,-110,2025-11-24,2025-11-24T00:29:29Z
BetMGM,player_points_rebounds_assists,Harrison Barnes,Under,20.5,-120,2025-11-24,2025-11-24T00:29:29Z
BetMGM,player_points_rebounds_assists,Dillon Brooks,Over,24.5,-105,2025-11-24,2025-11-24T00:29:29Z
BetMGM,player_points_rebounds_assists,Dillon Brooks,Under,24.5,-125,2025-11-24,2025-11-24T00:29:29Z
BetMGM,player_points_rebounds_assists,Devin Booker,Over,41.5,-120,2025-11-24,2025-11-24T00:29:29Z
BetMGM,player_points_rebounds_assists,Devin Booker,Under,41.5,-110,2025-11-24,2025-11-24T00:29:29Z
BetMGM,player_points_rebounds_assists,Mark Williams,Over,22.5,-130,2025-11-24,2025-11-24T00:29:29Z
BetMGM,player_points_rebounds_assists,Mark Williams,Under,22.5,-105,2025-11-24,2025-11-24T00:29:29Z
BetMGM,player_points_rebounds_assists,Devin Vassell,Over,24.5,-118,2025-11-24,2025-11-24T00:29:29Z
BetMGM,player_points_rebounds_assists,Devin Vassell,Under,24.5,-110,2025-11-24,2025-11-24T00:29:29Z
BetMGM,player_points_rebounds_assists,De'Aaron Fox,Over,35.5,-120,2025-11-24,2025-11-24T00:29:29Z
BetMGM,player_points_rebounds_assists,De'Aaron Fox,Under,35.5,-110,2025-11-24,2025-11-24T00:29:29Z
BetMGM,player_points_rebounds_assists,Jordan Goodwin,Over,17.5,-105,2025-11-24,2025-11-24T00:29:29Z
BetMGM,player_points_rebounds_assists,Jordan Goodwin,Under,17.5,-125,2025-11-24,2025-11-24T00:29:29Z
BetMGM,player_points_rebounds_assists,Julian Champagnie,Over,18.5,100,2025-11-24,2025-11-24T00:29:29Z
BetMGM,player_points_rebounds_assists,Julian Champagnie,Under,18.5,-130,2025-11-24,2025-11-24T00:29:29Z
BetMGM,player_points_rebounds_assists,Luke Kornet,Over,18.5,-118,2025-11-24,2025-11-24T00:29:29Z
BetMGM,player_points_rebounds_assists,Luke Kornet,Under,18.5,-115,2025-11-24,2025-11-24T00:29:29Z
BetMGM,player_points_rebounds_assists,Collin Gillespie,Over,26.5,-105,2025-11-24,2025-11-24T00:29:29Z
BetMGM,player_points_rebounds_assists,Collin Gillespie,Under,26.5,-125,2025-11-24,2025-11-24T00:29:29Z
Bovada,player_points_rebounds_assists,Ace Bailey,Over,17.5,-120,2025-11-24,2025-11-24T00:29:07Z
Bovada,player_points_rebounds_assists,Ace Bailey,Under,17.5,-110,2025-11-24,2025-11-24T00:29:07Z
Bovada,player_points_rebounds_assists,Austin Reaves,Over,29.5,-170,2025-11-24,2025-11-24T00:29:07Z
Bovada,player_points_rebounds_assists,Austin Reaves,Under,29.5,130,2025-11-24,2025-11-24T00:29:07Z
Bovada,player_points_rebounds_assists,Austin Reaves,Over,30.5,-145,2025-11-24,2025-11-24T00:29:07Z
Bovada,player_points_rebounds_assists,Austin Reaves,Under,30.5,110,2025-11-24,2025-11-24T00:29:07Z
Bovada,player_points_rebounds_assists,Austin Reaves,Over,31.5,-120,2025-11-24,2025-11-24T00:29:07Z
Bovada,player_points_rebounds_assists,Austin Reaves,Under,31.5,-110,2025-11-24,2025-11-24T00:29:07Z
Bovada,player_points_rebounds_assists,Austin Reaves,Over,32.5,100,2025-11-24,2025-11-24T00:29:07Z
Bovada,player_points_rebounds_assists,Austin Reaves,Under,32.5,-130,2025-11-24,2025-11-24T00:29:07Z
Bovada,player_points_rebounds_assists,Austin Reaves,Over,33.5,115,2025-11-24,2025-11-24T00:29:07Z
Bovada,player_points_rebounds_assists,Austin Reaves,Under,33.5,-150,2025-11-24,2025-11-24T00:29:07Z
Bovada,player_points_rebounds_assists,Deandre Ayton,Over,21.5,-220,2025-11-24,2025-11-24T00:29:07Z
Bovada,player_points_rebounds_assists,Deandre Ayton,Under,21.5,165,2025-11-24,2025-11-24T00:29:07Z
Bovada,player_points_rebounds_assists,Deandre Ayton,Over,22.5,-180,2025-11-24,2025-11-24T00:29:07Z
Bovada,player_points_rebounds_assists,Deandre Ayton,Under,22.5,135,2025-11-24,2025-11-24T00:29:07Z
Bovada,player_points_rebounds_assists,Deandre Ayton,Over,23.5,-145,2025-11-24,2025-11-24T00:29:07Z
Bovada,player_points_rebounds_assists,Deandre Ayton,Under,23.5,110,2025-11-24,2025-11-24T00:29:07Z
Bovada,player_points_rebounds_assists,Deandre Ayton,Over,24.5,-120,2025-11-24,2025-11-24T00:29:07Z
Bovada,player_points_rebounds_assists,Deandre Ayton,Under,24.5,-110,2025-11-24,2025-11-24T00:29:07Z
Bovada,player_points_rebounds_assists,Deandre Ayton,Over,25.5,105,2025-11-24,2025-11-24T00:29:07Z
Bovada,player_points_rebounds_assists,Deandre Ayton,Under,25.5,-135,2025-11-24,2025-11-24T00:29:07Z
Bovada,player_points_rebounds_assists,Isaiah Collier,Over,15.5,-130,2025-11-24,2025-11-24T00:29:07Z
Bovada,player_points_rebounds_assists,Isaiah Collier,Under,15.5,100,2025-11-24,2025-11-24T00:29:07Z
Bovada,player_points_rebounds_assists,Jusuf Nurkic,Over,22.5,-115,2025-11-24,2025-11-24T00:29:07Z
Bovada,player_points_rebounds_assists,Jusuf Nurkic,Under,22.5,-115,2025-11-24,2025-11-24T00:29:07Z
Bovada,player_points_rebounds_assists,Keyonte George,Over,28.5,-185,2025-11-24,2025-11-24T00:29:07Z
Bovada,player_points_rebounds_assists,Keyonte George,Under,28.5,140,2025-11-24,2025-11-24T00:29:07Z
Bovada,player_points_rebounds_assists,Keyonte George,Over,29.5,-150,2025-11-24,2025-11-24T00:29:07Z
Bovada,player_points_rebounds_assists,Keyonte George,Under,29.5,115,2025-11-24,2025-11-24T00:29:07Z
Bovada,player_points_rebounds_assists,Keyonte George,Over,30.5,-125,2025-11-24,2025-11-24T00:29:07Z
Bovada,player_points_rebounds_assists,Keyonte George,Under,30.5,-105,2025-11-24,2025-11-24T00:29:07Z
Bovada,player_points_rebounds_assists,Keyonte George,Over,31.5,-105,2025-11-24,2025-11-24T00:29:07Z
Bovada,player_points_rebounds_assists,Keyonte George,Under,31.5,-125,2025-11-24,2025-11-24T00:29:07Z
Bovada,player_points_rebounds_assists,Keyonte George,Over,32.5,110,2025-11-24,2025-11-24T00:29:07Z
Bovada,player_points_rebounds_assists,Keyonte George,Under,32.5,-145,2025-11-24,2025-11-24T00:29:07Z
Bovada,player_points_rebounds_assists,Kyle Filipowski,Over,13.5,-215,2025-11-24,2025-11-24T00:29:07Z
Bovada,player_points_rebounds_assists,Kyle Filipowski,Under,13.5,160,2025-11-24,2025-11-24T00:29:07Z
Bovada,player_points_rebounds_assists,Kyle Filipowski,Over,14.5,-165,2025-11-24,2025-11-24T00:29:07Z
Bovada,player_points_rebounds_assists,Kyle Filipowski,Under,14.5,125,2025-11-24,2025-11-24T00:29:07Z
Bovada,player_points_rebounds_assists,Kyle Filipowski,Over,15.5,-125,2025-11-24,2025-11-24T00:29:07Z
Bovada,player_points_rebounds_assists,Kyle Filipowski,Under,15.5,-105,2025-11-24,2025-11-24T00:29:07Z
Bovada,player_points_rebounds_assists,Kyle Filipowski,Over,16.5,100,2025-11-24,2025-11-24T00:29:07Z
Bovada,player_points_rebounds_assists,Kyle Filipowski,Under,16.5,-130,2025-11-24,2025-11-24T00:29:07Z
Bovada,player_points_rebounds_assists,Kyle Filipowski,Over,17.5,130,2025-11-24,2025-11-24T00:29:07Z
Bovada,player_points_rebounds_assists,Kyle Filipowski,Under,17.5,-170,2025-11-24,2025-11-24T00:29:07Z
Bovada,player_points_rebounds_assists,Lauri Markkanen,Over,31.5,-185,2025-11-24,2025-11-24T00:29:07Z
Bovada,player_points_rebounds_assists,Lauri Markkanen,Under,31.5,140,2025-11-24,2025-11-24T00:29:07Z
Bovada,player_points_rebounds_assists,Lauri Markkanen,Over,32.5,-150,2025-11-24,2025-11-24T00:29:07Z
Bovada,player_points_rebounds_assists,Lauri Markkanen,Under,32.5,115,2025-11-24,2025-11-24T00:29:07Z
Bovada,player_points_rebounds_assists,Lauri Markkanen,Over,33.5,-130,2025-11-24,2025-11-24T00:29:07Z
Bovada,player_points_rebounds_assists,Lauri Markkanen,Under,33.5,100,2025-11-24,2025-11-24T00:29:07Z
Bovada,player_points_rebounds_assists,Lauri Markkanen,Over,34.5,-110,2025-11-24,2025-11-24T00:29:07Z
Bovada,player_points_rebounds_assists,Lauri Markkanen,Under,34.5,-120,2025-11-24,2025-11-24T00:29:07Z
Bovada,player_points_rebounds_assists,Lauri Markkanen,Over,35.5,110,2025-11-24,2025-11-24T00:29:07Z
Bovada,player_points_rebounds_assists,Lauri Markkanen,Under,35.5,-145,2025-11-24,2025-11-24T00:29:07Z
Bovada,player_points_rebounds_assists,LeBron James,Over,29.5,-200,2025-11-24,2025-11-24T00:29:07Z
Bovada,player_points_rebounds_assists,LeBron James,Under,29.5,150,2025-11-24,2025-11-24T00:29:07Z
Bovada,player_points_rebounds_assists,LeBron James,Over,30.5,-165,2025-11-24,2025-11-24T00:29:07Z
Bovada,player_points_rebounds_assists,LeBron James,Under,30.5,125,2025-11-24,2025-11-24T00:29:07Z
Bovada,player_points_rebounds_assists,LeBron James,Over,31.5,-135,2025-11-24,2025-11-24T00:29:07Z
Bovada,player_points_rebounds_assists,LeBron James,Under,31.5,105,2025-11-24,2025-11-24T00:29:07Z
Bovada,player_points_rebounds_assists,LeBron James,Over,32.5,-115,2025-11-24,2025-11-24T00:29:07Z
Bovada,player_points_rebounds_assists,LeBron James,Under,32.5,-115,2025-11-24,2025-11-24T00:29:07Z
Bovada,player_points_rebounds_assists,LeBron James,Over,33.5,105,2025-11-24,2025-11-24T00:29:07Z
Bovada,player_points_rebounds_assists,LeBron James,Under,33.5,-135,2025-11-24,2025-11-24T00:29:07Z
Bovada,player_points_rebounds_assists,Luka Doncic,Over,46.5,-150,2025-11-24,2025-11-24T00:29:07Z
Bovada,player_points_rebounds_assists,Luka Doncic,Under,46.5,115,2025-11-24,2025-11-24T00:29:07Z
Bovada,player_points_rebounds_assists,Luka Doncic,Over,47.5,-130,2025-11-24,2025-11-24T00:29:07Z
Bovada,player_points_rebounds_assists,Luka Doncic,Under,47.5,100,2025-11-24,2025-11-24T00:29:07Z
Bovada,player_points_rebounds_assists,Luka Doncic,Over,48.5,-115,2025-11-24,2025-11-24T00:29:07Z
Bovada,player_points_rebounds_assists,Luka Doncic,Under,48.5,-115,2025-11-24,2025-11-24T00:29:07Z
Bovada,player_points_rebounds_assists,Luka Doncic,Over,49.5,100,2025-11-24,2025-11-24T00:29:07Z
Bovada,player_points_rebounds_assists,Luka Doncic,Under,49.5,-130,2025-11-24,2025-11-24T00:29:07Z
Bovada,player_points_rebounds_assists,Luka Doncic,Over,50.5,115,2025-11-24,2025-11-24T00:29:07Z
Bovada,player_points_rebounds_assists,Luka Doncic,Under,50.5,-150,2025-11-24,2025-11-24T00:29:07Z
Bovada,player_points_rebounds_assists,Rui Hachimura,Over,13.5,-200,2025-11-24,2025-11-24T00:29:07Z
Bovada,player_points_rebounds_assists,Rui Hachimura,Under,13.5,150,2025-11-24,2025-11-24T00:29:07Z
Bovada,player_points_rebounds_assists,Rui Hachimura,Over,14.5,-150,2025-11-24,2025-11-24T00:29:07Z
Bovada,player_points_rebounds_assists,Rui Hachimura,Under,14.5,115,2025-11-24,2025-11-24T00:29:07Z
Bovada,player_points_rebounds_assists,Rui Hachimura,Over,15.5,-115,2025-11-24,2025-11-24T00:29:07Z
Bovada,player_points_rebounds_assists,Rui Hachimura,Under,15.5,-115,2025-11-24,2025-11-24T00:29:07Z
Bovada,player_points_rebounds_assists,Rui Hachimura,Over,16.5,110,2025-11-24,2025-11-24T00:29:07Z
Bovada,player_points_rebounds_assists,Rui Hachimura,Under,16.5,-145,2025-11-24,2025-11-24T00:29:07Z
Bovada,player_points_rebounds_assists,Rui Hachimura,Over,17.5,140,2025-11-24,2025-11-24T00:29:07Z
Bovada,player_points_rebounds_assists,Rui Hachimura,Under,17.5,-185,2025-11-24,2025-11-24T00:29:07Z
Bovada,player_points_rebounds_assists,Collin Gillespie,Over,23.5,-180,2025-11-24,2025-11-24T00:29:47Z
Bovada,player_points_rebounds_assists,Collin Gillespie,Under,23.5,135,2025-11-24,2025-11-24T00:29:47Z
Bovada,player_points_rebounds_assists,Collin Gillespie,Over,24.5,-145,2025-11-24,2025-11-24T00:29:47Z
Bovada,player_points_rebounds_assists,Collin Gillespie,Under,24.5,110,2025-11-24,2025-11-24T00:29:47Z
Bovada,player_points_rebounds_assists,Collin Gillespie,Over,25.5,-120,2025-11-24,2025-11-24T00:29:47Z
Bovada,player_points_rebounds_assists,Collin Gillespie,Under,25.5,-110,2025-11-24,2025-11-24T00:29:47Z
Bovada,player_points_rebounds_assists,Collin Gillespie,Over,26.5,100,2025-11-24,2025-11-24T00:29:47Z
Bovada,player_points_rebounds_assists,Collin Gillespie,Under,26.5,-130,2025-11-24,2025-11-24T00:29:47Z
Bovada,player_points_rebounds_assists,Collin Gillespie,Over,27.5,120,2025-11-24,2025-11-24T00:29:47Z
Bovada,player_points_rebounds_assists,Collin Gillespie,Under,27.5,-160,2025-11-24,2025-11-24T00:29:47Z
Bovada,player_points_rebounds_assists,De'Aaron Fox,Over,33.5,-165,2025-11-24,2025-11-24T00:29:47Z
Bovada,player_points_rebounds_assists,De'Aaron Fox,Under,33.5,125,2025-11-24,2025-11-24T00:29:47Z
Bovada,player_points_rebounds_assists,De'Aaron Fox,Over,34.5,-145,2025-11-24,2025-11-24T00:29:47Z
Bovada,player_points_rebounds_assists,De'Aaron Fox,Under,34.5,110,2025-11-24,2025-11-24T00:29:47Z
Bovada,player_points_rebounds_assists,De'Aaron Fox,Over,35.5,-120,2025-11-24,2025-11-24T00:29:47Z
Bovada,player_points_rebounds_assists,De'Aaron Fox,Under,35.5,-110,2025-11-24,2025-11-24T00:29:47Z
Bovada,player_points_rebounds_assists,De'Aaron Fox,Over,36.5,100,2025-11-24,2025-11-24T00:29:47Z
Bovada,player_points_rebounds_assists,De'Aaron Fox,Under,36.5,-130,2025-11-24,2025-11-24T00:29:47Z
Bovada,player_points_rebounds_assists,De'Aaron Fox,Over,37.5,115,2025-11-24,2025-11-24T00:29:47Z
Bovada,player_points_rebounds_assists,De'Aaron Fox,Under,37.5,-150,2025-11-24,2025-11-24T00:29:47Z
Bovada,player_points_rebounds_assists,Devin Booker,Over,38.5,-165,2025-11-24,2025-11-24T00:29:47Z
Bovada,player_points_rebounds_assists,Devin Booker,Under,38.5,125,2025-11-24,2025-11-24T00:29:47Z
Bovada,player_points_rebounds_assists,Devin Booker,Over,39.5,-145,2025-11-24,2025-11-24T00:29:47Z
Bovada,player_points_rebounds_assists,Devin Booker,Under,39.5,110,2025-11-24,2025-11-24T00:29:47Z
Bovada,player_points_rebounds_assists,Devin Booker,Over,40.5,-125,2025-11-24,2025-11-24T00:29:47Z
Bovada,player_points_rebounds_assists,Devin Booker,Under,40.5,-105,2025-11-24,2025-11-24T00:29:47Z
Bovada,player_points_rebounds_assists,Devin Booker,Over,41.5,-105,2025-11-24,2025-11-24T00:29:47Z
Bovada,player_points_rebounds_assists,Devin Booker,Under,41.5,-125,2025-11-24,2025-11-24T00:29:47Z
Bovada,player_points_rebounds_assists,Devin Booker,Over,42.5,110,2025-11-24,2025-11-24T00:29:47Z
Bovada,player_points_rebounds_assists,Devin Booker,Under,42.5,-145,2025-11-24,2025-11-24T00:29:47Z
Bovada,player_points_rebounds_assists,Devin Vassell,Over,22.5,-180,2025-11-24,2025-11-24T00:29:47Z
Bovada,player_points_rebounds_assists,Devin Vassell,Under,22.5,135,2025-11-24,2025-11-24T00:29:47Z
Bovada,player_points_rebounds_assists,Devin Vassell,Over,23.5,-145,2025-11-24,2025-11-24T00:29:47Z
Bovada,player_points_rebounds_assists,Devin Vassell,Under,23.5,110,2025-11-24,2025-11-24T00:29:47Z
Bovada,player_points_rebounds_assists,Devin Vassell,Over,24.5,-120,2025-11-24,2025-11-24T00:29:47Z
Bovada,player_points_rebounds_assists,Devin Vassell,Under,24.5,-110,2025-11-24,2025-11-24T00:29:47Z
Bovada,player_points_rebounds_assists,Devin Vassell,Over,25.5,100,2025-11-24,2025-11-24T00:29:47Z
Bovada,player_points_rebounds_assists,Devin Vassell,Under,25.5,-130,2025-11-24,2025-11-24T00:29:47Z
Bovada,player_points_rebounds_assists,Devin Vassell,Over,26.5,120,2025-11-24,2025-11-24T00:29:47Z
Bovada,player_points_rebounds_assists,Devin Vassell,Under,26.5,-160,2025-11-24,2025-11-24T00:29:47Z
Bovada,player_points_rebounds_assists,Dillon Brooks,Over,22.5,-220,2025-11-24,2025-11-24T00:29:47Z
Bovada,player_points_rebounds_assists,Dillon Brooks,Under,22.5,165,2025-11-24,2025-11-24T00:29:47Z
Bovada,player_points_rebounds_assists,Dillon Brooks,Over,23.5,-180,2025-11-24,2025-11-24T00:29:47Z
Bovada,player_points_rebounds_assists,Dillon Brooks,Under,23.5,135,2025-11-24,2025-11-24T00:29:47Z
Bovada,player_points_rebounds_assists,Dillon Brooks,Over,24.5,-145,2025-11-24,2025-11-24T00:29:47Z
Bovada,player_points_rebounds_assists,Dillon Brooks,Under,24.5,110,2025-11-24,2025-11-24T00:29:47Z
Bovada,player_points_rebounds_assists,Dillon Brooks,Over,25.5,-120,2025-11-24,2025-11-24T00:29:47Z
Bovada,player_points_rebounds_assists,Dillon Brooks,Under,25.5,-110,2025-11-24,2025-11-24T00:29:47Z
Bovada,player_points_rebounds_assists,Dillon Brooks,Over,26.5,100,2025-11-24,2025-11-24T00:29:47Z
Bovada,player_points_rebounds_assists,Dillon Brooks,Under,26.5,-130,2025-11-24,2025-11-24T00:29:47Z
Bovada,player_points_rebounds_assists,Harrison Barnes,Over,17.5,-220,2025-11-24,2025-11-24T00:29:47Z
Bovada,player_points_rebounds_assists,Harrison Barnes,Under,17.5,165,2025-11-24,2025-11-24T00:29:47Z
Bovada,player_points_rebounds_assists,Harrison Barnes,Over,18.5,-170,2025-11-24,2025-11-24T00:29:47Z
Bovada,player_points_rebounds_assists,Harrison Barnes,Under,18.5,130,2025-11-24,2025-11-24T00:29:47Z
Bovada,player_points_rebounds_assists,Harrison Barnes,Over,19.5,-135,2025-11-24,2025-11-24T00:29:47Z
Bovada,player_points_rebounds_assists,Harrison Barnes,Under,19.5,105,2025-11-24,2025-11-24T00:29:47Z
Bovada,player_points_rebounds_assists,Harrison Barnes,Over,20.5,-110,2025-11-24,2025-11-24T00:29:47Z
Bovada,player_points_rebounds_assists,Harrison Barnes,Under,20.5,-120,2025-11-24,2025-11-24T00:29:47Z
Bovada,player_points_rebounds_assists,Harrison Barnes,Over,21.5,110,2025-11-24,2025-11-24T00:29:47Z
Bovada,player_points_rebounds_assists,Harrison Barnes,Under,21.5,-145,2025-11-24,2025-11-24T00:29:47Z
Bovada,player_points_rebounds_assists,Jeremy Sochan,Over,14.5,-190,2025-11-24,2025-11-24T00:29:47Z
Bovada,player_points_rebounds_assists,Jeremy Sochan,Under,14.5,145,2025-11-24,2025-11-24T00:29:47Z
Bovada,player_points_rebounds_assists,Jeremy Sochan,Over,15.5,-150,2025-11-24,2025-11-24T00:29:47Z
Bovada,player_points_rebounds_assists,Jeremy Sochan,Under,15.5,115,2025-11-24,2025-11-24T00:29:47Z
Bovada,player_points_rebounds_assists,Jeremy Sochan,Over,16.5,-115,2025-11-24,2025-11-24T00:29:47Z
Bovada,player_points_rebounds_assists,Jeremy Sochan,Under,16.5,-115,2025-11-24,2025-11-24T00:29:47Z
Bovada,player_points_rebounds_assists,Jeremy Sochan,Over,17.5,110,2025-11-24,2025-11-24T00:29:47Z
Bovada,player_points_rebounds_assists,Jeremy Sochan,Under,17.5,-145,2025-11-24,2025-11-24T00:29:47Z
Bovada,player_points_rebounds_assists,Jeremy Sochan,Over,18.5,135,2025-11-24,2025-11-24T00:29:47Z
Bovada,player_points_rebounds_assists,Jeremy Sochan,Under,18.5,-180,2025-11-24,2025-11-24T00:29:47Z
Bovada,player_points_rebounds_assists,Jordan Goodwin,Over,14.5,-240,2025-11-24,2025-11-24T00:29:47Z
Bovada,player_points_rebounds_assists,Jordan Goodwin,Under,14.5,175,2025-11-24,2025-11-24T00:29:47Z
Bovada,player_points_rebounds_assists,Jordan Goodwin,Over,15.5,-180,2025-11-24,2025-11-24T00:29:47Z
Bovada,player_points_rebounds_assists,Jordan Goodwin,Under,15.5,135,2025-11-24,2025-11-24T00:29:47Z
Bovada,player_points_rebounds_assists,Jordan Goodwin,Over,16.5,-135,2025-11-24,2025-11-24T00:29:47Z
Bovada,player_points_rebounds_assists,Jordan Goodwin,Under,16.5,105,2025-11-24,2025-11-24T00:29:47Z
Bovada,player_points_rebounds_assists,Jordan Goodwin,Over,17.5,-110,2025-11-24,2025-11-24T00:29:47Z
Bovada,player_points_rebounds_assists,Jordan Goodwin,Under,17.5,-120,2025-11-24,2025-11-24T00:29:47Z
Bovada,player_points_rebounds_assists,Jordan Goodwin,Over,18.5,115,2025-11-24,2025-11-24T00:29:47Z
Bovada,player_points_rebounds_assists,Jordan Goodwin,Under,18.5,-150,2025-11-24,2025-11-24T00:29:47Z
Bovada,player_points_rebounds_assists,Julian Champagnie,Over,15.5,-210,2025-11-24,2025-11-24T00:29:47Z
Bovada,player_points_rebounds_assists,Julian Champagnie,Under,15.5,155,2025-11-24,2025-11-24T00:29:47Z
Bovada,player_points_rebounds_assists,Julian Champagnie,Over,16.5,-160,2025-11-24,2025-11-24T00:29:47Z
Bovada,player_points_rebounds_assists,Julian Champagnie,Under,16.5,120,2025-11-24,2025-11-24T00:29:47Z
Bovada,player_points_rebounds_assists,Julian Champagnie,Over,17.5,-125,2025-11-24,2025-11-24T00:29:47Z
Bovada,player_points_rebounds_assists,Julian Champagnie,Under,17.5,-105,2025-11-24,2025-11-24T00:29:47Z
Bovada,player_points_rebounds_assists,Julian Champagnie,Over,18.5,100,2025-11-24,2025-11-24T00:29:47Z
Bovada,player_points_rebounds_assists,Julian Champagnie,Under,18.5,-130,2025-11-24,2025-11-24T00:29:47Z
Bovada,player_points_rebounds_assists,Julian Champagnie,Over,19.5,125,2025-11-24,2025-11-24T00:29:47Z
Bovada,player_points_rebounds_assists,Julian Champagnie,Under,19.5,-165,2025-11-24,2025-11-24T00:29:47Z
Bovada,player_points_rebounds_assists,Keldon Johnson,Over,21.5,-210,2025-11-24,2025-11-24T00:29:47Z
Bovada,player_points_rebounds_assists,Keldon Johnson,Under,21.5,155,2025-11-24,2025-11-24T00:29:47Z
Bovada,player_points_rebounds_assists,Keldon Johnson,Over,22.5,-170,2025-11-24,2025-11-24T00:29:47Z
Bovada,player_points_rebounds_assists,Keldon Johnson,Under,22.5,130,2025-11-24,2025-11-24T00:29:47Z
Bovada,player_points_rebounds_assists,Keldon Johnson,Over,23.5,-135,2025-11-24,2025-11-24T00:29:47Z
Bovada,player_points_rebounds_assists,Keldon Johnson,Under,23.5,105,2025-11-24,2025-11-24T00:29:47Z
Bovada,player_points_rebounds_assists,Keldon Johnson,Over,24.5,-110,2025-11-24,2025-11-24T00:29:47Z
Bovada,player_points_rebounds_assists,Keldon Johnson,Under,24.5,-120,2025-11-24,2025-11-24T00:29:47Z
Bovada,player_points_rebounds_assists,Keldon Johnson,Over,25.5,110,2025-11-24,2025-11-24T00:29:47Z
Bovada,player_points_rebounds_assists,Keldon Johnson,Under,25.5,-145,2025-11-24,2025-11-24T00:29:47Z
Bovada,player_points_rebounds_assists,Luke Kornet,Over,16.5,-185,2025-11-24,2025-11-24T00:29:47Z
Bovada,player_points_rebounds_assists,Luke Kornet,Under,16.5,140,2025-11-24,2025-11-24T00:29:47Z
Bovada,player_points_rebounds_assists,Luke Kornet,Over,17.5,-145,2025-11-24,2025-11-24T00:29:47Z
Bovada,player_points_rebounds_assists,Luke Kornet,Under,17.5,110,2025-11-24,2025-11-24T00:29:47Z
Bovada,player_points_rebounds_assists,Luke Kornet,Over,18.5,-115,2025-11-24,2025-11-24T00:29:47Z
Bovada,player_points_rebounds_assists,Luke Kornet,Under,18.5,-115,2025-11-24,2025-11-24T00:29:47Z
Bovada,player_points_rebounds_assists,Luke Kornet,Over,19.5,110,2025-11-24,2025-11-24T00:29:47Z
Bovada,player_points_rebounds_assists,Luke Kornet,Under,19.5,-145,2025-11-24,2025-11-24T00:29:47Z
Bovada,player_points_rebounds_assists,Luke Kornet,Over,20.5,135,2025-11-24,2025-11-24T00:29:47Z
Bovada,player_points_rebounds_assists,Luke Kornet,Under,20.5,-180,2025-11-24,2025-11-24T00:29:47Z
Bovada,player_points_rebounds_assists,Mark Williams,Over,20.5,-190,2025-11-24,2025-11-24T00:29:47Z
Bovada,player_points_rebounds_assists,Mark Williams,Under,20.5,145,2025-11-24,2025-11-24T00:29:47Z
Bovada,player_points_rebounds_assists,Mark Williams,Over,21.5,-160,2025-11-24,2025-11-24T00:29:47Z
Bovada,player_points_rebounds_assists,Mark Williams,Under,21.5,120,2025-11-24,2025-11-24T00:29:47Z
Bovada,player_points_rebounds_assists,Mark Williams,Over,22.5,-125,2025-11-24,2025-11-24T00:29:47Z
Bovada,player_points_rebounds_assists,Mark Williams,Under,22.5,-105,2025-11-24,2025-11-24T00:29:47Z
Bovada,player_points_rebounds_assists,Mark Williams,Over,23.5,100,2025-11-24,2025-11-24T00:29:47Z
Bovada,player_points_rebounds_assists,Mark Williams,Under,23.5,-130,2025-11-24,2025-11-24T00:29:47Z
Bovada,player_points_rebounds_assists,Mark Williams,Over,24.5,120,2025-11-24,2025-11-24T00:29:47Z
Bovada,player_points_rebounds_assists,Mark Williams,Under,24.5,-160,2025-11-24,2025-11-24T00:29:47Z
Bovada,player_points_rebounds_assists,Royce O'Neale,Over,17.5,-210,2025-11-24,2025-11-24T00:29:47Z
Bovada,player_points_rebounds_assists,Royce O'Neale,Under,17.5,155,2025-11-24,2025-11-24T00:29:47Z
Bovada,player_points_rebounds_assists,Royce O'Neale,Over,18.5,-165,2025-11-24,2025-11-24T00:29:47Z
Bovada,player_points_rebounds_assists,Royce O'Neale,Under,18.5,125,2025-11-24,2025-11-24T00:29:47Z
Bovada,player_points_rebounds_assists,Royce O'Neale,Over,19.5,-130,2025-11-24,2025-11-24T00:29:47Z
Bovada,player_points_rebounds_assists,Royce O'Neale,Under,19.5,100,2025-11-24,2025-11-24T00:29:47Z
Bovada,player_points_rebounds_assists,Royce O'Neale,Over,20.5,-105,2025-11-24,2025-11-24T00:29:47Z
Bovada,player_points_rebounds_assists,Royce O'Neale,Under,20.5,-125,2025-11-24,2025-11-24T00:29:47Z
Bovada,player_points_rebounds_assists,Royce O'Neale,Over,21.5,115,2025-11-24,2025-11-24T00:29:47Z
Bovada,player_points_rebounds_assists,Royce O'Neale,Under,21.5,-150,2025-11-24,2025-11-24T00:29:47Z
BetRivers,player_points_rebounds_assists,Jusuf Nurkic,Over,22.5,-112,2025-11-24,2025-11-24T00:29:49Z
BetRivers,player_points_rebounds_assists,Jusuf Nurkic,Under,22.5,-120,2025-11-24,2025-11-24T00:29:49Z
BetRivers,player_points_rebounds_assists,Keyonte George,Over,30.5,-117,2025-11-24,2025-11-24T00:29:49Z
BetRivers,player_points_rebounds_assists,Keyonte George,Under,30.5,-114,2025-11-24,2025-11-24T00:29:49Z
BetRivers,player_points_rebounds_assists,Keyonte George,Over,31.5,-103,2025-11-24,2025-11-24T00:29:49Z
BetRivers,player_points_rebounds_assists,Keyonte George,Under,31.5,-130,2025-11-24,2025-11-24T00:29:49Z
BetRivers,player_points_rebounds_assists,Austin Reaves,Over,34.5,110,2025-11-24,2025-11-24T00:29:49Z
BetRivers,player_points_rebounds_assists,Austin Reaves,Under,34.5,-148,2025-11-24,2025-11-24T00:29:49Z
BetRivers,player_points_rebounds_assists,LeBron James,Over,32.5,-139,2025-11-24,2025-11-24T00:29:49Z
BetRivers,player_points_rebounds_assists,LeBron James,Under,32.5,104,2025-11-24,2025-11-24T00:29:49Z
BetRivers,player_points_rebounds_assists,LeBron James,Over,35.5,120,2025-11-24,2025-11-24T00:29:49Z
BetRivers,player_points_rebounds_assists,LeBron James,Under,35.5,-165,2025-11-24,2025-11-24T00:29:49Z
BetRivers,player_points_rebounds_assists,LeBron James,Over,33.5,-117,2025-11-24,2025-11-24T00:29:49Z
BetRivers,player_points_rebounds_assists,LeBron James,Under,33.5,-114,2025-11-24,2025-11-24T00:29:49Z
BetRivers,player_points_rebounds_assists,Luka Doncic,Over,47.5,-167,2025-11-24,2025-11-24T00:29:49Z
BetRivers,player_points_rebounds_assists,Luka Doncic,Under,47.5,120,2025-11-24,2025-11-24T00:29:49Z
BetRivers,player_points_rebounds_assists,Jusuf Nurkic,Over,23.5,107,2025-11-24,2025-11-24T00:29:49Z
BetRivers,player_points_rebounds_assists,Jusuf Nurkic,Under,23.5,-143,2025-11-24,2025-11-24T00:29:49Z
BetRivers,player_points_rebounds_assists,Luka Doncic,Over,50.5,102,2025-11-24,2025-11-24T00:29:49Z
BetRivers,player_points_rebounds_assists,Luka Doncic,Under,50.5,-136,2025-11-24,2025-11-24T00:29:49Z
BetRivers,player_points_rebounds_assists,LeBron James,Over,31.5,-167,2025-11-24,2025-11-24T00:29:49Z
BetRivers,player_points_rebounds_assists,LeBron James,Under,31.5,120,2025-11-24,2025-11-24T00:29:49Z
BetRivers,player_points_rebounds_assists,Luka Doncic,Over,48.5,-137,2025-11-24,2025-11-24T00:29:49Z
BetRivers,player_points_rebounds_assists,Luka Doncic,Under,48.5,104,2025-11-24,2025-11-24T00:29:49Z
BetRivers,player_points_rebounds_assists,Keyonte George,Over,32.5,110,2025-11-24,2025-11-24T00:29:49Z
BetRivers,player_points_rebounds_assists,Keyonte George,Under,32.5,-150,2025-11-24,2025-11-24T00:29:49Z
BetRivers,player_points_rebounds_assists,Keyonte George,Over,28.5,-155,2025-11-24,2025-11-24T00:29:49Z
BetRivers,player_points_rebounds_assists,Keyonte George,Under,28.5,114,2025-11-24,2025-11-24T00:29:49Z
BetRivers,player_points_rebounds_assists,Austin Reaves,Over,31.5,-148,2025-11-24,2025-11-24T00:29:49Z
BetRivers,player_points_rebounds_assists,Austin Reaves,Under,31.5,110,2025-11-24,2025-11-24T00:29:49Z
BetRivers,player_points_rebounds_assists,LeBron James,Over,34.5,102,2025-11-24,2025-11-24T00:29:49Z
BetRivers,player_points_rebounds_assists,LeBron James,Under,34.5,-136,2025-11-24,2025-11-24T00:29:49Z
BetRivers,player_points_rebounds_assists,Luka Doncic,Over,49.5,-115,2025-11-24,2025-11-24T00:29:49Z
BetRivers,player_points_rebounds_assists,Luka Doncic,Under,49.5,-115,2025-11-24,2025-11-24T00:29:49Z
BetRivers,player_points_rebounds_assists,Austin Reaves,Over,33.5,-107,2025-11-24,2025-11-24T00:29:49Z
BetRivers,player_points_rebounds_assists,Austin Reaves,Under,33.5,-124,2025-11-24,2025-11-24T00:29:49Z
BetRivers,player_points_rebounds_assists,Austin Reaves,Over,32.5,-125,2025-11-24,2025-11-24T00:29:49Z
BetRivers,player_points_rebounds_assists,Austin Reaves,Under,32.5,-106,2025-11-24,2025-11-24T00:29:49Z
BetRivers,player_points_rebounds_assists,Jusuf Nurkic,Over,20.5,-165,2025-11-24,2025-11-24T00:29:49Z
BetRivers,player_points_rebounds_assists,Jusuf Nurkic,Under,20.5,118,2025-11-24,2025-11-24T00:29:49Z
BetRivers,player_points_rebounds_assists,Luka Doncic,Over,51.5,118,2025-11-24,2025-11-24T00:29:49Z
BetRivers,player_points_rebounds_assists,Luka Doncic,Under,51.5,-165,2025-11-24,2025-11-24T00:29:49Z
BetRivers,player_points_rebounds_assists,Keyonte George,Over,29.5,-134,2025-11-24,2025-11-24T00:29:49Z
BetRivers,player_points_rebounds_assists,Keyonte George,Under,29.5,100,2025-11-24,2025-11-24T00:29:49Z
BetRivers,player_points_rebounds_assists,Jusuf Nurkic,Over,21.5,-134,2025-11-24,2025-11-24T00:29:49Z
BetRivers,player_points_rebounds_assists,Jusuf Nurkic,Under,21.5,100,2025-11-24,2025-11-24T00:29:49Z
BetRivers,player_points_rebounds_assists,Collin Gillespie,Over,27.5,110,2025-11-24,2025-11-24T00:29:39Z
BetRivers,player_points_rebounds_assists,Collin Gillespie,Under,27.5,-150,2025-11-24,2025-11-24T00:29:39Z
BetRivers,player_points_rebounds_assists,Collin Gillespie,Over,26.5,-105,2025-11-24,2025-11-24T00:29:39Z
BetRivers,player_points_rebounds_assists,Collin Gillespie,Under,26.5,-127,2025-11-24,2025-11-24T00:29:39Z
BetRivers,player_points_rebounds_assists,Devin Vassell,Over,23.5,-136,2025-11-24,2025-11-24T00:29:39Z
BetRivers,player_points_rebounds_assists,Devin Vassell,Under,23.5,102,2025-11-24,2025-11-24T00:29:39Z
BetRivers,player_points_rebounds_assists,Royce O'Neale,Over,22.5,120,2025-11-24,2025-11-24T00:29:39Z
BetRivers,player_points_rebounds_assists,Royce O'Neale,Under,22.5,-167,2025-11-24,2025-11-24T00:29:39Z
BetRivers,player_points_rebounds_assists,Devin Booker,Over,39.5,-159,2025-11-24,2025-11-24T00:29:39Z
BetRivers,player_points_rebounds_assists,Devin Booker,Under,39.5,116,2025-11-24,2025-11-24T00:29:39Z
BetRivers,player_points_rebounds_assists,Royce O'Neale,Over,21.5,105,2025-11-24,2025-11-24T00:29:39Z
BetRivers,player_points_rebounds_assists,Royce O'Neale,Under,21.5,-139,2025-11-24,2025-11-24T00:29:39Z
BetRivers,player_points_rebounds_assists,Devin Vassell,Over,22.5,-165,2025-11-24,2025-11-24T00:29:39Z
BetRivers,player_points_rebounds_assists,Devin Vassell,Under,22.5,118,2025-11-24,2025-11-24T00:29:39Z
BetRivers,player_points_rebounds_assists,Devin Vassell,Over,24.5,-114,2025-11-24,2025-11-24T00:29:39Z
BetRivers,player_points_rebounds_assists,Devin Vassell,Under,24.5,-117,2025-11-24,2025-11-24T00:29:39Z
BetRivers,player_points_rebounds_assists,Royce O'Neale,Over,18.5,-152,2025-11-24,2025-11-24T00:29:39Z
BetRivers,player_points_rebounds_assists,Royce O'Neale,Under,18.5,112,2025-11-24,2025-11-24T00:29:39Z
BetRivers,player_points_rebounds_assists,Devin Vassell,Over,25.5,104,2025-11-24,2025-11-24T00:29:39Z
BetRivers,player_points_rebounds_assists,Devin Vassell,Under,25.5,-137,2025-11-24,2025-11-24T00:29:39Z
BetRivers,player_points_rebounds_assists,Devin Booker,Over,40.5,-134,2025-11-24,2025-11-24T00:29:39Z
BetRivers,player_points_rebounds_assists,Devin Booker,Under,40.5,100,2025-11-24,2025-11-24T00:29:39Z
BetRivers,player_points_rebounds_assists,De'Aaron Fox,Over,37.5,118,2025-11-24,2025-11-24T00:29:39Z
BetRivers,player_points_rebounds_assists,De'Aaron Fox,Under,37.5,-165,2025-11-24,2025-11-24T00:29:39Z
BetRivers,player_points_rebounds_assists,De'Aaron Fox,Over,36.5,104,2025-11-24,2025-11-24T00:29:39Z
BetRivers,player_points_rebounds_assists,De'Aaron Fox,Under,36.5,-139,2025-11-24,2025-11-24T00:29:39Z
BetRivers,player_points_rebounds_assists,Collin Gillespie,Over,24.5,-137,2025-11-24,2025-11-24T00:29:39Z
BetRivers,player_points_rebounds_assists,Collin Gillespie,Under,24.5,104,2025-11-24,2025-11-24T00:29:39Z
BetRivers,player_points_rebounds_assists,Devin Vassell,Over,26.5,120,2025-11-24,2025-11-24T00:29:39Z
BetRivers,player_points_rebounds_assists,Devin Vassell,Under,26.5,-167,2025-11-24,2025-11-24T00:29:39Z
BetRivers,player_points_rebounds_assists,Royce O'Neale,Over,19.5,-129,2025-11-24,2025-11-24T00:29:39Z
BetRivers,player_points_rebounds_assists,Royce O'Neale,Under,19.5,-104,2025-11-24,2025-11-24T00:29:39Z
BetRivers,player_points_rebounds_assists,Royce O'Neale,Over,20.5,-110,2025-11-24,2025-11-24T00:29:39Z
BetRivers,player_points_rebounds_assists,Royce O'Neale,Under,20.5,-121,2025-11-24,2025-11-24T00:29:39Z
BetRivers,player_points_rebounds_assists,Devin Booker,Over,42.5,102,2025-11-24,2025-11-24T00:29:39Z
BetRivers,player_points_rebounds_assists,Devin Booker,Under,42.5,-136,2025-11-24,2025-11-24T00:29:39Z
BetRivers,player_points_rebounds_assists,Devin Booker,Over,43.5,116,2025-11-24,2025-11-24T00:29:39Z
BetRivers,player_points_rebounds_assists,Devin Booker,Under,43.5,-159,2025-11-24,2025-11-24T00:29:39Z
BetRivers,player_points_rebounds_assists,De'Aaron Fox,Over,35.5,-110,2025-11-24,2025-11-24T00:29:39Z
BetRivers,player_points_rebounds_assists,De'Aaron Fox,Under,35.5,-121,2025-11-24,2025-11-24T00:29:39Z
BetRivers,player_points_rebounds_assists,Devin Booker,Over,41.5,-115,2025-11-24,2025-11-24T00:29:39Z
BetRivers,player_points_rebounds_assists,Devin Booker,Under,41.5,-115,2025-11-24,2025-11-24T00:29:39Z
BetRivers,player_points_rebounds_assists,De'Aaron Fox,Over,34.5,-127,2025-11-24,2025-11-24T00:29:39Z
BetRivers,player_points_rebounds_assists,De'Aaron Fox,Under,34.5,-105,2025-11-24,2025-11-24T00:29:39Z
BetRivers,player_points_rebounds_assists,Collin Gillespie,Over,25.5,-120,2025-11-24,2025-11-24T00:29:39Z
BetRivers,player_points_rebounds_assists,Collin Gillespie,Under,25.5,-112,2025-11-24,2025-11-24T00:29:39Z
BetRivers,player_points_rebounds_assists,De'Aaron Fox,Over,33.5,-148,2025-11-24,2025-11-24T00:29:39Z
BetRivers,player_points_rebounds_assists,De'Aaron Fox,Under,33.5,110,2025-11-24,2025-11-24T00:29:39Z
BetRivers,player_points_rebounds_assists,Collin Gillespie,Over,23.5,-162,2025-11-24,2025-11-24T00:29:39Z
BetRivers,player_points_rebounds_assists,Collin Gillespie,Under,23.5,117,2025-11-24,2025-11-24T00:29:39Z
DraftKings,player_points_rebounds,Jalen Johnson,Over,34.5,-120,2025-11-23,2025-11-24T00:29:15Z
DraftKings,player_points_rebounds,Jalen Johnson,Under,34.5,-110,2025-11-23,2025-11-24T00:29:15Z
DraftKings,player_points_rebounds,Onyeka Okongwu,Over,32.5,-110,2025-11-23,2025-11-24T00:29:15Z
DraftKings,player_points_rebounds,Onyeka Okongwu,Under,32.5,-120,2025-11-23,2025-11-24T00:29:15Z
DraftKings,player_points_rebounds,Kon Knueppel,Over,31.5,-115,2025-11-23,2025-11-24T00:29:15Z
DraftKings,player_points_rebounds,Kon Knueppel,Under,31.5,-115,2025-11-23,2025-11-24T00:29:15Z
DraftKings,player_points_rebounds,Dyson Daniels,Over,27.5,-110,2025-11-23,2025-11-24T00:29:15Z
DraftKings,player_points_rebounds,Dyson Daniels,Under,27.5,-120,2025-11-23,2025-11-24T00:29:15Z
DraftKings,player_points_rebounds,Collin Sexton,Over,22.5,-135,2025-11-23,2025-11-24T00:29:15Z
DraftKings,player_points_rebounds,Collin Sexton,Under,22.5,105,2025-11-23,2025-11-24T00:29:15Z
DraftKings,player_points_rebounds,Nickeil Alexander-Walker,Over,20.5,-125,2025-11-23,2025-11-24T00:29:15Z
DraftKings,player_points_rebounds,Nickeil Alexander-Walker,Under,20.5,-105,2025-11-23,2025-11-24T00:29:15Z
DraftKings,player_points_rebounds,Zaccharie Risacher,Over,11.5,-110,2025-11-23,2025-11-24T00:29:15Z
DraftKings,player_points_rebounds,Zaccharie Risacher,Under,11.5,-120,2025-11-23,2025-11-24T00:29:15Z
DraftKings,player_points_rebounds,Vit Krejci,Over,7.5,-125,2025-11-23,2025-11-24T00:29:15Z
DraftKings,player_points_rebounds,Vit Krejci,Under,7.5,-105,2025-11-23,2025-11-24T00:29:15Z
DraftKings,player_points_rebounds,Ivica Zubac,Over,36.5,-115,2025-11-23,2025-11-24T00:29:18Z
DraftKings,player_points_rebounds,Ivica Zubac,Under,36.5,-115,2025-11-23,2025-11-24T00:29:18Z
DraftKings,player_points_rebounds,Donovan Mitchell,Over,35.5,-125,2025-11-23,2025-11-24T00:29:18Z
DraftKings,player_points_rebounds,Donovan Mitchell,Under,35.5,-105,2025-11-23,2025-11-24T00:29:18Z
DraftKings,player_points_rebounds,De'Andre Hunter,Over,26.5,105,2025-11-23,2025-11-24T00:29:18Z
DraftKings,player_points_rebounds,De'Andre Hunter,Under,26.5,-135,2025-11-23,2025-11-24T00:29:18Z
DraftKings,player_points_rebounds,James Harden,Over,25.5,-125,2025-11-23,2025-11-24T00:29:18Z
DraftKings,player_points_rebounds,James Harden,Under,25.5,-105,2025-11-23,2025-11-24T00:29:18Z
DraftKings,player_points_rebounds,Evan Mobley,Over,23.5,100,2025-11-23,2025-11-24T00:29:18Z
DraftKings,player_points_rebounds,Evan Mobley,Under,23.5,-130,2025-11-23,2025-11-24T00:29:18Z
DraftKings,player_points_rebounds,Kris Dunn,Over,16.5,-120,2025-11-23,2025-11-24T00:29:18Z
DraftKings,player_points_rebounds,Kris Dunn,Under,16.5,-110,2025-11-23,2025-11-24T00:29:18Z
DraftKings,player_points_rebounds,Darius Garland,Over,11.5,-125,2025-11-23,2025-11-24T00:29:18Z
DraftKings,player_points_rebounds,Darius Garland,Under,11.5,-105,2025-11-23,2025-11-24T00:29:18Z
DraftKings,player_points_rebounds,Dean Wade,Over,10.5,-135,2025-11-23,2025-11-24T00:29:18Z
DraftKings,player_points_rebounds,Dean Wade,Under,10.5,105,2025-11-23,2025-11-24T00:29:18Z
DraftKings,player_points_rebounds,John Collins,Over,10.5,-105,2025-11-23,2025-11-24T00:29:18Z
DraftKings,player_points_rebounds,John Collins,Under,10.5,-125,2025-11-23,2025-11-24T00:29:18Z
DraftKings,player_points_rebounds,Franz Wagner,Over,31.5,-125,2025-11-23,2025-11-24T00:29:03Z
DraftKings,player_points_rebounds,Franz Wagner,Under,31.5,-105,2025-11-23,2025-11-24T00:29:03Z
DraftKings,player_points_rebounds,Jaylen Brown,Over,29.5,-115,2025-11-23,2025-11-24T00:29:03Z
DraftKings,player_points_rebounds,Jaylen Brown,Under,29.5,-115,2025-11-23,2025-11-24T00:29:03Z
DraftKings,player_points_rebounds,Desmond Bane,Over,26.5,-125,2025-11-23,2025-11-24T00:29:03Z
DraftKings,player_points_rebounds,Desmond Bane,Under,26.5,-105,2025-11-23,2025-11-24T00:29:03Z
DraftKings,player_points_rebounds,Payton Pritchard,Over,24.5,-115,2025-11-23,2025-11-24T00:29:03Z
DraftKings,player_points_rebounds,Payton Pritchard,Under,24.5,-115,2025-11-23,2025-11-24T00:29:03Z
DraftKings,player_points_rebounds,Anthony Black,Over,19.5,-130,2025-11-23,2025-11-24T00:29:03Z
DraftKings,player_points_rebounds,Anthony Black,Under,19.5,100,2025-11-23,2025-11-24T00:29:03Z
DraftKings,player_points_rebounds,Derrick White,Over,17.5,-110,2025-11-23,2025-11-24T00:29:03Z
DraftKings,player_points_rebounds,Derrick White,Under,17.5,-120,2025-11-23,2025-11-24T00:29:03Z
DraftKings,player_points_rebounds,Jordan Walsh,Over,12.5,-120,2025-11-23,2025-11-24T00:29:03Z
DraftKings,player_points_rebounds,Jordan Walsh,Under,12.5,-110,2025-11-23,2025-11-24T00:29:03Z
DraftKings,player_points_rebounds,Tristan da Silva,Over,10.5,100,2025-11-23,2025-11-24T00:29:03Z
DraftKings,player_points_rebounds,Tristan da Silva,Under,10.5,-130,2025-11-23,2025-11-24T00:29:03Z
DraftKings,player_points_rebounds,Michael Porter Jr,Over,29.5,-110,2025-11-23,2025-11-24T00:29:24Z
DraftKings,player_points_rebounds,Michael Porter Jr,Under,29.5,-120,2025-11-23,2025-11-24T00:29:24Z
DraftKings,player_points_rebounds,R.J. Barrett,Over,26.5,-105,2025-11-23,2025-11-24T00:29:24Z
DraftKings,player_points_rebounds,R.J. Barrett,Under,26.5,-125,2025-11-23,2025-11-24T00:29:24Z
DraftKings,player_points_rebounds,Scottie Barnes,Over,25.5,-120,2025-11-23,2025-11-24T00:29:24Z
DraftKings,player_points_rebounds,Scottie Barnes,Under,25.5,-110,2025-11-23,2025-11-24T00:29:24Z
DraftKings,player_points_rebounds,Brandon Ingram,Over,23.5,-115,2025-11-23,2025-11-24T00:29:24Z
DraftKings,player_points_rebounds,Brandon Ingram,Under,23.5,-115,2025-11-23,2025-11-24T00:29:24Z
DraftKings,player_points_rebounds,Tyrese Martin,Over,20.5,-130,2025-11-23,2025-11-24T00:29:24Z
DraftKings,player_points_rebounds,Tyrese Martin,Under,20.5,100,2025-11-23,2025-11-24T00:29:24Z
DraftKings,player_points_rebounds,Nicolas Claxton,Over,19.5,-125,2025-11-23,2025-11-24T00:29:24Z
DraftKings,player_points_rebounds,Nicolas Claxton,Under,19.5,-105,2025-11-23,2025-11-24T00:29:24Z
DraftKings,player_points_rebounds,Noah Clowney,Over,19.5,-105,2025-11-23,2025-11-24T00:29:24Z
DraftKings,player_points_rebounds,Noah Clowney,Under,19.5,-125,2025-11-23,2025-11-24T00:29:24Z
DraftKings,player_points_rebounds,Immanuel Quickley,Over,18.5,100,2025-11-23,2025-11-24T00:29:24Z
DraftKings,player_points_rebounds,Immanuel Quickley,Under,18.5,-130,2025-11-23,2025-11-24T00:29:24Z
DraftKings,player_points_rebounds,Sandro Mamukelashvili,Over,16.5,100,2025-11-23,2025-11-24T00:29:24Z
DraftKings,player_points_rebounds,Sandro Mamukelashvili,Under,16.5,-130,2025-11-23,2025-11-24T00:29:24Z
DraftKings,player_points_rebounds,Ziaire Williams,Over,12.5,-135,2025-11-23,2025-11-24T00:29:24Z
DraftKings,player_points_rebounds,Ziaire Williams,Under,12.5,105,2025-11-23,2025-11-24T00:29:24Z
DraftKings,player_points_rebounds,Gradey Dick,Over,12.5,-130,2025-11-23,2025-11-24T00:29:24Z
DraftKings,player_points_rebounds,Gradey Dick,Under,12.5,100,2025-11-23,2025-11-24T00:29:24Z
DraftKings,player_points_rebounds,Drake Powell,Over,11.5,-125,2025-11-23,2025-11-24T00:29:24Z
DraftKings,player_points_rebounds,Drake Powell,Under,11.5,-105,2025-11-23,2025-11-24T00:29:24Z
DraftKings,player_points_rebounds,Day'Ron Sharpe,Over,10.5,-135,2025-11-23,2025-11-24T00:29:24Z
DraftKings,player_points_rebounds,Day'Ron Sharpe,Under,10.5,105,2025-11-23,2025-11-24T00:29:24Z
DraftKings,player_points_rebounds,Terance Mann,Over,9.5,-125,2025-11-23,2025-11-24T00:29:24Z
DraftKings,player_points_rebounds,Terance Mann,Under,9.5,-105,2025-11-23,2025-11-24T00:29:24Z
DraftKings,player_points_rebounds,Collin Murray-Boyles,Over,9.5,105,2025-11-23,2025-11-24T00:29:24Z
DraftKings,player_points_rebounds,Collin Murray-Boyles,Under,9.5,-135,2025-11-23,2025-11-24T00:29:24Z
DraftKings,player_points_rebounds,Jamal Shead,Over,8.5,-110,2025-11-23,2025-11-24T00:29:24Z
DraftKings,player_points_rebounds,Jamal Shead,Under,8.5,-120,2025-11-23,2025-11-24T00:29:24Z
DraftKings,player_points_rebounds,Egor Demin,Over,6.5,-110,2025-11-23,2025-11-24T00:29:24Z
DraftKings,player_points_rebounds,Egor Demin,Under,6.5,-120,2025-11-23,2025-11-24T00:29:24Z
DraftKings,player_points_rebounds,Shai Gilgeous-Alexander,Over,42.5,-105,2025-11-24,2025-11-24T00:29:09Z
DraftKings,player_points_rebounds,Shai Gilgeous-Alexander,Under,42.5,-125,2025-11-24,2025-11-24T00:29:09Z
DraftKings,player_points_rebounds,Deni Avdija,Over,27.5,-105,2025-11-24,2025-11-24T00:29:09Z
DraftKings,player_points_rebounds,Deni Avdija,Under,27.5,-125,2025-11-24,2025-11-24T00:29:09Z
DraftKings,player_points_rebounds,Chet Holmgren,Over,23.5,-110,2025-11-24,2025-11-24T00:29:09Z
DraftKings,player_points_rebounds,Chet Holmgren,Under,23.5,-120,2025-11-24,2025-11-24T00:29:09Z
DraftKings,player_points_rebounds,Isaiah Hartenstein,Over,22.5,-125,2025-11-24,2025-11-24T00:29:09Z
DraftKings,player_points_rebounds,Isaiah Hartenstein,Under,22.5,-105,2025-11-24,2025-11-24T00:29:09Z
DraftKings,player_points_rebounds,Jerami Grant,Over,21.5,-125,2025-11-24,2025-11-24T00:29:09Z
DraftKings,player_points_rebounds,Jerami Grant,Under,21.5,-105,2025-11-24,2025-11-24T00:29:09Z
DraftKings,player_points_rebounds,Toumani Camara,Over,19.5,-120,2025-11-24,2025-11-24T00:29:09Z
DraftKings,player_points_rebounds,Toumani Camara,Under,19.5,-110,2025-11-24,2025-11-24T00:29:09Z
DraftKings,player_points_rebounds,Donovan Clingan,Over,18.5,100,2025-11-24,2025-11-24T00:29:09Z
DraftKings,player_points_rebounds,Donovan Clingan,Under,18.5,-130,2025-11-24,2025-11-24T00:29:09Z
DraftKings,player_points_rebounds,Ajay Mitchell,Over,17.5,-115,2025-11-24,2025-11-24T00:29:09Z
DraftKings,player_points_rebounds,Ajay Mitchell,Under,17.5,-115,2025-11-24,2025-11-24T00:29:09Z
DraftKings,player_points_rebounds,Isaiah Joe,Over,14.5,-120,2025-11-24,2025-11-24T00:29:09Z
DraftKings,player_points_rebounds,Isaiah Joe,Under,14.5,-110,2025-11-24,2025-11-24T00:29:09Z
DraftKings,player_points_rebounds,Kris Murray,Over,11.5,105,2025-11-24,2025-11-24T00:29:09Z
DraftKings,player_points_rebounds,Kris Murray,Under,11.5,-135,2025-11-24,2025-11-24T00:29:09Z
DraftKings,player_points_rebounds,Jaylin Williams,Over,10.5,-120,2025-11-24,2025-11-24T00:29:09Z
DraftKings,player_points_rebounds,Jaylin Williams,Under,10.5,-110,2025-11-24,2025-11-24T00:29:09Z
DraftKings,player_points_rebounds,Cason Wallace,Over,9.5,-115,2025-11-24,2025-11-24T00:29:09Z
DraftKings,player_points_rebounds,Cason Wallace,Under,9.5,-115,2025-11-24,2025-11-24T00:29:09Z
DraftKings,player_points_rebounds,Alex Caruso,Over,8.5,-110,2025-11-24,2025-11-24T00:29:09Z
DraftKings,player_points_rebounds,Alex Caruso,Under,8.5,-120,2025-11-24,2025-11-24T00:29:09Z
DraftKings,player_points_rebounds,Luka Doncic,Over,40.5,-113,2025-11-24,2025-11-24T00:29:38Z
DraftKings,player_points_rebounds,Luka Doncic,Under,40.5,-116,2025-11-24,2025-11-24T00:29:38Z
DraftKings,player_points_rebounds,Lauri Markkanen,Over,32.5,-112,2025-11-24,2025-11-24T00:29:38Z
DraftKings,player_points_rebounds,Lauri Markkanen,Under,32.5,-117,2025-11-24,2025-11-24T00:29:38Z
DraftKings,player_points_rebounds,Austin Reaves,Over,27.5,-106,2025-11-24,2025-11-24T00:29:38Z
DraftKings,player_points_rebounds,Austin Reaves,Under,27.5,-124,2025-11-24,2025-11-24T00:29:38Z
DraftKings,player_points_rebounds,LeBron James,Over,25.5,-123,2025-11-24,2025-11-24T00:29:38Z
DraftKings,player_points_rebounds,LeBron James,Under,25.5,-107,2025-11-24,2025-11-24T00:29:38Z
DraftKings,player_points_rebounds,Keyonte George,Over,23.5,-124,2025-11-24,2025-11-24T00:29:38Z
DraftKings,player_points_rebounds,Keyonte George,Under,23.5,-106,2025-11-24,2025-11-24T00:29:38Z
DraftKings,player_points_rebounds,Deandre Ayton,Over,23.5,-119,2025-11-24,2025-11-24T00:29:38Z
DraftKings,player_points_rebounds,Deandre Ayton,Under,23.5,-111,2025-11-24,2025-11-24T00:29:38Z
DraftKings,player_points_rebounds,Jusuf Nurkic,Over,18.5,-116,2025-11-24,2025-11-24T00:29:38Z
DraftKings,player_points_rebounds,Jusuf Nurkic,Under,18.5,-113,2025-11-24,2025-11-24T00:29:38Z
DraftKings,player_points_rebounds,Ace Bailey,Over,15.5,-103,2025-11-24,2025-11-24T00:29:38Z
DraftKings,player_points_rebounds,Ace Bailey,Under,15.5,-128,2025-11-24,2025-11-24T00:29:38Z
DraftKings,player_points_rebounds,Rui Hachimura,Over,15.5,-103,2025-11-24,2025-11-24T00:29:38Z
DraftKings,player_points_rebounds,Rui Hachimura,Under,15.5,-128,2025-11-24,2025-11-24T00:29:38Z
DraftKings,player_points_rebounds,Kyle Filipowski,Over,14.5,-127,2025-11-24,2025-11-24T00:29:38Z
DraftKings,player_points_rebounds,Kyle Filipowski,Under,14.5,-104,2025-11-24,2025-11-24T00:29:38Z
DraftKings,player_points_rebounds,Jake LaRavia,Over,11.5,-107,2025-11-24,2025-11-24T00:29:38Z
DraftKings,player_points_rebounds,Jake LaRavia,Under,11.5,-123,2025-11-24,2025-11-24T00:29:38Z
DraftKings,player_points_rebounds,Isaiah Collier,Over,10.5,-129,2025-11-24,2025-11-24T00:29:38Z
DraftKings,player_points_rebounds,Isaiah Collier,Under,10.5,-102,2025-11-24,2025-11-24T00:29:38Z
DraftKings,player_points_rebounds,Devin Booker,Over,33.5,-112,2025-11-24,2025-11-24T00:29:31Z
DraftKings,player_points_rebounds,Devin Booker,Under,33.5,-118,2025-11-24,2025-11-24T00:29:31Z
DraftKings,player_points_rebounds,De'Aaron Fox,Over,27.5,-115,2025-11-24,2025-11-24T00:29:31Z
DraftKings,player_points_rebounds,De'Aaron Fox,Under,27.5,-114,2025-11-24,2025-11-24T00:29:31Z
DraftKings,player_points_rebounds,Dillon Brooks,Over,22.5,-116,2025-11-24,2025-11-24T00:29:31Z
DraftKings,player_points_rebounds,Dillon Brooks,Under,22.5,-113,2025-11-24,2025-11-24T00:29:31Z
DraftKings,player_points_rebounds,Keldon Johnson,Over,21.5,-127,2025-11-24,2025-11-24T00:29:31Z
DraftKings,player_points_rebounds,Keldon Johnson,Under,21.5,-104,2025-11-24,2025-11-24T00:29:31Z
DraftKings,player_points_rebounds,Mark Williams,Over,21.5,-111,2025-11-24,2025-11-24T00:29:31Z
DraftKings,player_points_rebounds,Mark Williams,Under,21.5,-119,2025-11-24,2025-11-24T00:29:31Z
DraftKings,player_points_rebounds,Devin Vassell,Over,21.5,-109,2025-11-24,2025-11-24T00:29:31Z
DraftKings,player_points_rebounds,Devin Vassell,Under,21.5,-121,2025-11-24,2025-11-24T00:29:31Z
DraftKings,player_points_rebounds,Collin Gillespie,Over,18.5,-126,2025-11-24,2025-11-24T00:29:31Z
DraftKings,player_points_rebounds,Collin Gillespie,Under,18.5,-105,2025-11-24,2025-11-24T00:29:31Z
DraftKings,player_points_rebounds,Harrison Barnes,Over,17.5,-120,2025-11-24,2025-11-24T00:29:31Z
DraftKings,player_points_rebounds,Harrison Barnes,Under,17.5,-109,2025-11-24,2025-11-24T00:29:31Z
DraftKings,player_points_rebounds,Luke Kornet,Over,16.5,-117,2025-11-24,2025-11-24T00:29:31Z
DraftKings,player_points_rebounds,Luke Kornet,Under,16.5,-112,2025-11-24,2025-11-24T00:29:31Z
DraftKings,player_points_rebounds,Royce O'Neale,Over,16.5,-115,2025-11-24,2025-11-24T00:29:31Z
DraftKings,player_points_rebounds,Royce O'Neale,Under,16.5,-115,2025-11-24,2025-11-24T00:29:31Z
DraftKings,player_points_rebounds,Julian Champagnie,Over,16.5,-106,2025-11-24,2025-11-24T00:29:31Z
DraftKings,player_points_rebounds,Julian Champagnie,Under,16.5,-124,2025-11-24,2025-11-24T00:29:31Z
DraftKings,player_points_rebounds,Jeremy Sochan,Over,13.5,-123,2025-11-24,2025-11-24T00:29:31Z
DraftKings,player_points_rebounds,Jeremy Sochan,Under,13.5,-107,2025-11-24,2025-11-24T00:29:31Z
FanDuel,player_points_rebounds,Lauri Markkanen,Over,32.5,-113,2025-11-24,2025-11-24T00:29:38Z
FanDuel,player_points_rebounds,Lauri Markkanen,Under,32.5,-113,2025-11-24,2025-11-24T00:29:38Z
FanDuel,player_points_rebounds,Austin Reaves,Over,26.5,-122,2025-11-24,2025-11-24T00:29:38Z
FanDuel,player_points_rebounds,Austin Reaves,Under,26.5,-104,2025-11-24,2025-11-24T00:29:38Z
FanDuel,player_points_rebounds,Kyle Filipowski,Over,14.5,-106,2025-11-24,2025-11-24T00:29:38Z
FanDuel,player_points_rebounds,Kyle Filipowski,Under,14.5,-120,2025-11-24,2025-11-24T00:29:38Z
FanDuel,player_points_rebounds,Jusuf Nurkic,Over,18.5,-108,2025-11-24,2025-11-24T00:29:38Z
FanDuel,player_points_rebounds,Jusuf Nurkic,Under,18.5,-118,2025-11-24,2025-11-24T00:29:38Z
FanDuel,player_points_rebounds,Isaiah Collier,Over,10.5,-122,2025-11-24,2025-11-24T00:29:38Z
FanDuel,player_points_rebounds,Isaiah Collier,Under,10.5,-104,2025-11-24,2025-11-24T00:29:38Z
FanDuel,player_points_rebounds,Jake LaRavia,Over,11.5,-106,2025-11-24,2025-11-24T00:29:38Z
FanDuel,player_points_rebounds,Jake LaRavia,Under,11.5,-120,2025-11-24,2025-11-24T00:29:38Z
FanDuel,player_points_rebounds,Rui Hachimura,Over,14.5,-122,2025-11-24,2025-11-24T00:29:38Z
FanDuel,player_points_rebounds,Rui Hachimura,Under,14.5,-104,2025-11-24,2025-11-24T00:29:38Z
FanDuel,player_points_rebounds,Keyonte George,Over,23.5,-120,2025-11-24,2025-11-24T00:29:38Z
FanDuel,player_points_rebounds,Keyonte George,Under,23.5,-106,2025-11-24,2025-11-24T00:29:38Z
FanDuel,player_points_rebounds,Luka Doncic,Over,40.5,-108,2025-11-24,2025-11-24T00:29:38Z
FanDuel,player_points_rebounds,Luka Doncic,Under,40.5,-118,2025-11-24,2025-11-24T00:29:38Z
FanDuel,player_points_rebounds,LeBron James,Over,25.5,-113,2025-11-24,2025-11-24T00:29:38Z
FanDuel,player_points_rebounds,LeBron James,Under,25.5,-113,2025-11-24,2025-11-24T00:29:38Z
FanDuel,player_points_rebounds,Deandre Ayton,Over,23.5,-113,2025-11-24,2025-11-24T00:29:38Z
FanDuel,player_points_rebounds,Deandre Ayton,Under,23.5,-113,2025-11-24,2025-11-24T00:29:38Z
FanDuel,player_points_rebounds,Ace Bailey,Over,15.5,-108,2025-11-24,2025-11-24T00:29:38Z
FanDuel,player_points_rebounds,Ace Bailey,Under,15.5,-118,2025-11-24,2025-11-24T00:29:38Z
FanDuel,player_points_rebounds,Keldon Johnson,Over,21.5,-125,2025-11-24,2025-11-24T00:27:46Z
FanDuel,player_points_rebounds,Keldon Johnson,Under,21.5,-102,2025-11-24,2025-11-24T00:27:46Z
FanDuel,player_points_rebounds,Julian Champagnie,Over,15.5,-125,2025-11-24,2025-11-24T00:27:46Z
FanDuel,player_points_rebounds,Julian Champagnie,Under,15.5,-102,2025-11-24,2025-11-24T00:27:46Z
FanDuel,player_points_rebounds,Dillon Brooks,Over,22.5,-115,2025-11-24,2025-11-24T00:27:46Z
FanDuel,player_points_rebounds,Dillon Brooks,Under,22.5,-111,2025-11-24,2025-11-24T00:27:46Z
FanDuel,player_points_rebounds,Mark Williams,Over,21.5,-106,2025-11-24,2025-11-24T00:27:46Z
FanDuel,player_points_rebounds,Mark Williams,Under,21.5,-120,2025-11-24,2025-11-24T00:27:46Z
FanDuel,player_points_rebounds,De'Aaron Fox,Over,27.5,100,2025-11-24,2025-11-24T00:27:46Z
FanDuel,player_points_rebounds,De'Aaron Fox,Under,27.5,-128,2025-11-24,2025-11-24T00:27:46Z
FanDuel,player_points_rebounds,Devin Vassell,Over,20.5,-125,2025-11-24,2025-11-24T00:27:46Z
FanDuel,player_points_rebounds,Devin Vassell,Under,20.5,-102,2025-11-24,2025-11-24T00:27:46Z
FanDuel,player_points_rebounds,Royce O'Neale,Over,16.5,-128,2025-11-24,2025-11-24T00:27:46Z
FanDuel,player_points_rebounds,Royce O'Neale,Under,16.5,100,2025-11-24,2025-11-24T00:27:46Z
FanDuel,player_points_rebounds,Jeremy Sochan,Over,13.5,-113,2025-11-24,2025-11-24T00:27:46Z
FanDuel,player_points_rebounds,Jeremy Sochan,Under,13.5,-113,2025-11-24,2025-11-24T00:27:46Z
FanDuel,player_points_rebounds,Luke Kornet,Over,16.5,-115,2025-11-24,2025-11-24T00:27:46Z
FanDuel,player_points_rebounds,Luke Kornet,Under,16.5,-111,2025-11-24,2025-11-24T00:27:46Z
FanDuel,player_points_rebounds,Harrison Barnes,Over,17.5,-113,2025-11-24,2025-11-24T00:27:46Z
FanDuel,player_points_rebounds,Harrison Barnes,Under,17.5,-113,2025-11-24,2025-11-24T00:27:46Z
FanDuel,player_points_rebounds,Devin Booker,Over,33.5,-104,2025-11-24,2025-11-24T00:27:46Z
FanDuel,player_points_rebounds,Devin Booker,Under,33.5,-122,2025-11-24,2025-11-24T00:27:46Z
BetMGM,player_points_rebounds,Lauri Markkanen,Over,31.5,-118,2025-11-24,2025-11-24T00:29:46Z
BetMGM,player_points_rebounds,Lauri Markkanen,Under,31.5,-110,2025-11-24,2025-11-24T00:29:46Z
BetMGM,player_points_rebounds,Luka Doncic,Over,39.5,-115,2025-11-24,2025-11-24T00:29:46Z
BetMGM,player_points_rebounds,Luka Doncic,Under,39.5,-115,2025-11-24,2025-11-24T00:29:46Z
BetMGM,player_points_rebounds,Keyonte George,Over,24.5,-115,2025-11-24,2025-11-24T00:29:46Z
BetMGM,player_points_rebounds,Keyonte George,Under,24.5,-115,2025-11-24,2025-11-24T00:29:46Z
BetMGM,player_points_rebounds,Jusuf Nurkic,Over,18.5,-115,2025-11-24,2025-11-24T00:29:46Z
BetMGM,player_points_rebounds,Jusuf Nurkic,Under,18.5,-118,2025-11-24,2025-11-24T00:29:46Z
BetMGM,player_points_rebounds,Rui Hachimura,Over,14.5,-125,2025-11-24,2025-11-24T00:29:46Z
BetMGM,player_points_rebounds,Rui Hachimura,Under,14.5,-105,2025-11-24,2025-11-24T00:29:46Z
BetMGM,player_points_rebounds,Svi Mykhailiuk,Over,10.5,100,2025-11-24,2025-11-24T00:29:46Z
BetMGM,player_points_rebounds,Svi Mykhailiuk,Under,10.5,-130,2025-11-24,2025-11-24T00:29:46Z
BetMGM,player_points_rebounds,Ace Bailey,Over,15.5,-115,2025-11-24,2025-11-24T00:29:46Z
BetMGM,player_points_rebounds,Ace Bailey,Under,15.5,-118,2025-11-24,2025-11-24T00:29:46Z
BetMGM,player_points_rebounds,LeBron James,Over,24.5,-120,2025-11-24,2025-11-24T00:29:46Z
BetMGM,player_points_rebounds,LeBron James,Under,24.5,-110,2025-11-24,2025-11-24T00:29:46Z
BetMGM,player_points_rebounds,Austin Reaves,Over,27.5,-105,2025-11-24,2025-11-24T00:29:46Z
BetMGM,player_points_rebounds,Austin Reaves,Under,27.5,-125,2025-11-24,2025-11-24T00:29:46Z
BetMGM,player_points_rebounds,Deandre Ayton,Over,23.5,-105,2025-11-24,2025-11-24T00:29:46Z
BetMGM,player_points_rebounds,Deandre Ayton,Under,23.5,-125,2025-11-24,2025-11-24T00:29:46Z
BetMGM,player_points_rebounds,Mark Williams,Over,21.5,-125,2025-11-24,2025-11-24T00:29:29Z
BetMGM,player_points_rebounds,Mark Williams,Under,21.5,-105,2025-11-24,2025-11-24T00:29:29Z
BetMGM,player_points_rebounds,Royce O'Neale,Over,15.5,-130,2025-11-24,2025-11-24T00:29:29Z
BetMGM,player_points_rebounds,Royce O'Neale,Under,15.5,100,2025-11-24,2025-11-24T00:29:29Z
BetMGM,player_points_rebounds,Julian Champagnie,Over,16.5,-110,2025-11-24,2025-11-24T00:29:29Z
BetMGM,player_points_rebounds,Julian Champagnie,Under,16.5,-118,2025-11-24,2025-11-24T00:29:29Z
BetMGM,player_points_rebounds,Devin Booker,Over,33.5,-115,2025-11-24,2025-11-24T00:29:29Z
BetMGM,player_points_rebounds,Devin Booker,Under,33.5,-115,2025-11-24,2025-11-24T00:29:29Z
BetMGM,player_points_rebounds,Harrison Barnes,Over,17.5,-130,2025-11-24,2025-11-24T00:29:29Z
BetMGM,player_points_rebounds,Harrison Barnes,Under,17.5,-105,2025-11-24,2025-11-24T00:29:29Z
BetMGM,player_points_rebounds,Dillon Brooks,Over,22.5,-105,2025-11-24,2025-11-24T00:29:29Z
BetMGM,player_points_rebounds,Dillon Brooks,Under,22.5,-125,2025-11-24,2025-11-24T00:29:29Z
BetMGM,player_points_rebounds,Luke Kornet,Over,16.5,-115,2025-11-24,2025-11-24T00:29:29Z
BetMGM,player_points_rebounds,Luke Kornet,Under,16.5,-115,2025-11-24,2025-11-24T00:29:29Z
BetMGM,player_points_rebounds,Devin Vassell,Over,21.5,-105,2025-11-24,2025-11-24T00:29:29Z
BetMGM,player_points_rebounds,Devin Vassell,Under,21.5,-125,2025-11-24,2025-11-24T00:29:29Z
BetMGM,player_points_rebounds,De'Aaron Fox,Over,28.5,-110,2025-11-24,2025-11-24T00:29:29Z
BetMGM,player_points_rebounds,De'Aaron Fox,Under,28.5,-120,2025-11-24,2025-11-24T00:29:29Z
BetMGM,player_points_rebounds,Collin Gillespie,Over,19.5,-125,2025-11-24,2025-11-24T00:29:29Z
BetMGM,player_points_rebounds,Collin Gillespie,Under,19.5,-105,2025-11-24,2025-11-24T00:29:29Z
Bovada,player_points_rebounds,Ace Bailey,Over,13.5,-185,2025-11-24,2025-11-24T00:29:07Z
Bovada,player_points_rebounds,Ace Bailey,Under,13.5,140,2025-11-24,2025-11-24T00:29:07Z
Bovada,player_points_rebounds,Ace Bailey,Over,14.5,-145,2025-11-24,2025-11-24T00:29:07Z
Bovada,player_points_rebounds,Ace Bailey,Under,14.5,110,2025-11-24,2025-11-24T00:29:07Z
Bovada,player_points_rebounds,Ace Bailey,Over,15.5,-110,2025-11-24,2025-11-24T00:29:07Z
Bovada,player_points_rebounds,Ace Bailey,Under,15.5,-120,2025-11-24,2025-11-24T00:29:07Z
Bovada,player_points_rebounds,Austin Reaves,Over,25.5,-165,2025-11-24,2025-11-24T00:29:07Z
Bovada,player_points_rebounds,Austin Reaves,Under,25.5,125,2025-11-24,2025-11-24T00:29:07Z
Bovada,player_points_rebounds,Austin Reaves,Over,26.5,-135,2025-11-24,2025-11-24T00:29:07Z
Bovada,player_points_rebounds,Austin Reaves,Under,26.5,105,2025-11-24,2025-11-24T00:29:07Z
Bovada,player_points_rebounds,Austin Reaves,Over,27.5,-115,2025-11-24,2025-11-24T00:29:07Z
Bovada,player_points_rebounds,Austin Reaves,Under,27.5,-115,2025-11-24,2025-11-24T00:29:07Z
Bovada,player_points_rebounds,Deandre Ayton,Over,22.5,-160,2025-11-24,2025-11-24T00:29:07Z
Bovada,player_points_rebounds,Deandre Ayton,Under,22.5,120,2025-11-24,2025-11-24T00:29:07Z
Bovada,player_points_rebounds,Deandre Ayton,Over,23.5,-125,2025-11-24,2025-11-24T00:29:07Z
Bovada,player_points_rebounds,Deandre Ayton,Under,23.5,-105,2025-11-24,2025-11-24T00:29:07Z
Bovada,player_points_rebounds,Deandre Ayton,Over,24.5,-105,2025-11-24,2025-11-24T00:29:07Z
Bovada,player_points_rebounds,Deandre Ayton,Under,24.5,-125,2025-11-24,2025-11-24T00:29:07Z
Bovada,player_points_rebounds,Isaiah Collier,Over,9.5,-190,2025-11-24,2025-11-24T00:29:07Z
Bovada,player_points_rebounds,Isaiah Collier,Under,9.5,145,2025-11-24,2025-11-24T00:29:07Z
Bovada,player_points_rebounds,Isaiah Collier,Over,10.5,-135,2025-11-24,2025-11-24T00:29:07Z
Bovada,player_points_rebounds,Isaiah Collier,Under,10.5,105,2025-11-24,2025-11-24T00:29:07Z
Bovada,player_points_rebounds,Isaiah Collier,Over,11.5,100,2025-11-24,2025-11-24T00:29:07Z
Bovada,player_points_rebounds,Isaiah Collier,Under,11.5,-130,2025-11-24,2025-11-24T00:29:07Z
Bovada,player_points_rebounds,Jake LaRavia,Over,9.5,-210,2025-11-24,2025-11-24T00:29:07Z
Bovada,player_points_rebounds,Jake LaRavia,Under,9.5,155,2025-11-24,2025-11-24T00:29:07Z
Bovada,player_points_rebounds,Jake LaRavia,Over,10.5,-150,2025-11-24,2025-11-24T00:29:07Z
Bovada,player_points_rebounds,Jake LaRavia,Under,10.5,115,2025-11-24,2025-11-24T00:29:07Z
Bovada,player_points_rebounds,Jake LaRavia,Over,11.5,-110,2025-11-24,2025-11-24T00:29:07Z
Bovada,player_points_rebounds,Jake LaRavia,Under,11.5,-120,2025-11-24,2025-11-24T00:29:07Z
Bovada,player_points_rebounds,Jusuf Nurkic,Over,16.5,-180,2025-11-24,2025-11-24T00:29:07Z
Bovada,player_points_rebounds,Jusuf Nurkic,Under,16.5,135,2025-11-24,2025-11-24T00:29:07Z
Bovada,player_points_rebounds,Jusuf Nurkic,Over,17.5,-135,2025-11-24,2025-11-24T00:29:07Z
Bovada,player_points_rebounds,Jusuf Nurkic,Under,17.5,105,2025-11-24,2025-11-24T00:29:07Z
Bovada,player_points_rebounds,Jusuf Nurkic,Over,18.5,-110,2025-11-24,2025-11-24T00:29:07Z
Bovada,player_points_rebounds,Jusuf Nurkic,Under,18.5,-120,2025-11-24,2025-11-24T00:29:07Z
Bovada,player_points_rebounds,Keyonte George,Over,22.5,-145,2025-11-24,2025-11-24T00:29:07Z
Bovada,player_points_rebounds,Keyonte George,Under,22.5,110,2025-11-24,2025-11-24T00:29:07Z
Bovada,player_points_rebounds,Keyonte George,Over,23.5,-120,2025-11-24,2025-11-24T00:29:07Z
Bovada,player_points_rebounds,Keyonte George,Under,23.5,-110,2025-11-24,2025-11-24T00:29:07Z
Bovada,player_points_rebounds,Keyonte George,Over,24.5,105,2025-11-24,2025-11-24T00:29:07Z
Bovada,player_points_rebounds,Keyonte George,Under,24.5,-135,2025-11-24,2025-11-24T00:29:07Z
Bovada,player_points_rebounds,Kyle Filipowski,Over,12.5,-190,2025-11-24,2025-11-24T00:29:07Z
Bovada,player_points_rebounds,Kyle Filipowski,Under,12.5,145,2025-11-24,2025-11-24T00:29:07Z
Bovada,player_points_rebounds,Kyle Filipowski,Over,13.5,-145,2025-11-24,2025-11-24T00:29:07Z
Bovada,player_points_rebounds,Kyle Filipowski,Under,13.5,110,2025-11-24,2025-11-24T00:29:07Z
Bovada,player_points_rebounds,Kyle Filipowski,Over,14.5,-110,2025-11-24,2025-11-24T00:29:07Z
Bovada,player_points_rebounds,Kyle Filipowski,Under,14.5,-120,2025-11-24,2025-11-24T00:29:07Z
Bovada,player_points_rebounds,Lauri Markkanen,Over,31.5,-135,2025-11-24,2025-11-24T00:29:07Z
Bovada,player_points_rebounds,Lauri Markkanen,Under,31.5,105,2025-11-24,2025-11-24T00:29:07Z
Bovada,player_points_rebounds,Lauri Markkanen,Over,32.5,-115,2025-11-24,2025-11-24T00:29:07Z
Bovada,player_points_rebounds,Lauri Markkanen,Under,32.5,-115,2025-11-24,2025-11-24T00:29:07Z
Bovada,player_points_rebounds,Lauri Markkanen,Over,33.5,105,2025-11-24,2025-11-24T00:29:07Z
Bovada,player_points_rebounds,Lauri Markkanen,Under,33.5,-135,2025-11-24,2025-11-24T00:29:07Z
Bovada,player_points_rebounds,LeBron James,Over,24.5,-135,2025-11-24,2025-11-24T00:29:07Z
Bovada,player_points_rebounds,LeBron James,Under,24.5,105,2025-11-24,2025-11-24T00:29:07Z
Bovada,player_points_rebounds,LeBron James,Over,25.5,-115,2025-11-24,2025-11-24T00:29:07Z
Bovada,player_points_rebounds,LeBron James,Under,25.5,-115,2025-11-24,2025-11-24T00:29:07Z
Bovada,player_points_rebounds,LeBron James,Over,26.5,105,2025-11-24,2025-11-24T00:29:07Z
Bovada,player_points_rebounds,LeBron James,Under,26.5,-135,2025-11-24,2025-11-24T00:29:07Z
Bovada,player_points_rebounds,Luka Doncic,Over,38.5,-150,2025-11-24,2025-11-24T00:29:07Z
Bovada,player_points_rebounds,Luka Doncic,Under,38.5,115,2025-11-24,2025-11-24T00:29:07Z
Bovada,player_points_rebounds,Luka Doncic,Over,39.5,-130,2025-11-24,2025-11-24T00:29:07Z
Bovada,player_points_rebounds,Luka Doncic,Under,39.5,100,2025-11-24,2025-11-24T00:29:07Z
Bovada,player_points_rebounds,Luka Doncic,Over,40.5,-110,2025-11-24,2025-11-24T00:29:07Z
Bovada,player_points_rebounds,Luka Doncic,Under,40.5,-120,2025-11-24,2025-11-24T00:29:07Z
Bovada,player_points_rebounds,Rui Hachimura,Over,13.5,-180,2025-11-24,2025-11-24T00:29:07Z
Bovada,player_points_rebounds,Rui Hachimura,Under,13.5,135,2025-11-24,2025-11-24T00:29:07Z
Bovada,player_points_rebounds,Rui Hachimura,Over,14.5,-135,2025-11-24,2025-11-24T00:29:07Z
Bovada,player_points_rebounds,Rui Hachimura,Under,14.5,105,2025-11-24,2025-11-24T00:29:07Z
Bovada,player_points_rebounds,Rui Hachimura,Over,15.5,-105,2025-11-24,2025-11-24T00:29:07Z
Bovada,player_points_rebounds,Rui Hachimura,Under,15.5,-125,2025-11-24,2025-11-24T00:29:07Z
Bovada,player_points_rebounds,Collin Gillespie,Over,17.5,-150,2025-11-24,2025-11-24T00:29:47Z
Bovada,player_points_rebounds,Collin Gillespie,Under,17.5,115,2025-11-24,2025-11-24T00:29:47Z
Bovada,player_points_rebounds,Collin Gillespie,Over,18.5,-120,2025-11-24,2025-11-24T00:29:47Z
Bovada,player_points_rebounds,Collin Gillespie,Under,18.5,-110,2025-11-24,2025-11-24T00:29:47Z
Bovada,player_points_rebounds,Collin Gillespie,Over,19.5,105,2025-11-24,2025-11-24T00:29:47Z
Bovada,player_points_rebounds,Collin Gillespie,Under,19.5,-135,2025-11-24,2025-11-24T00:29:47Z
Bovada,player_points_rebounds,De'Aaron Fox,Over,25.5,-150,2025-11-24,2025-11-24T00:29:47Z
Bovada,player_points_rebounds,De'Aaron Fox,Under,25.5,115,2025-11-24,2025-11-24T00:29:47Z
Bovada,player_points_rebounds,De'Aaron Fox,Over,26.5,-120,2025-11-24,2025-11-24T00:29:47Z
Bovada,player_points_rebounds,De'Aaron Fox,Under,26.5,-110,2025-11-24,2025-11-24T00:29:47Z
Bovada,player_points_rebounds,De'Aaron Fox,Over,27.5,100,2025-11-24,2025-11-24T00:29:47Z
Bovada,player_points_rebounds,De'Aaron Fox,Under,27.5,-130,2025-11-24,2025-11-24T00:29:47Z
Bovada,player_points_rebounds,Devin Booker,Over,32.5,-135,2025-11-24,2025-11-24T00:29:47Z
Bovada,player_points_rebounds,Devin Booker,Under,32.5,105,2025-11-24,2025-11-24T00:29:47Z
Bovada,player_points_rebounds,Devin Booker,Over,33.5,-115,2025-11-24,2025-11-24T00:29:47Z
Bovada,player_points_rebounds,Devin Booker,Under,33.5,-115,2025-11-24,2025-11-24T00:29:47Z
Bovada,player_points_rebounds,Devin Booker,Over,34.5,105,2025-11-24,2025-11-24T00:29:47Z
Bovada,player_points_rebounds,Devin Booker,Under,34.5,-135,2025-11-24,2025-11-24T00:29:47Z
Bovada,player_points_rebounds,Devin Vassell,Over,19.5,-170,2025-11-24,2025-11-24T00:29:47Z
Bovada,player_points_rebounds,Devin Vassell,Under,19.5,130,2025-11-24,2025-11-24T00:29:47Z
Bovada,player_points_rebounds,Devin Vassell,Over,20.5,-135,2025-11-24,2025-11-24T00:29:47Z
Bovada,player_points_rebounds,Devin Vassell,Under,20.5,105,2025-11-24,2025-11-24T00:29:47Z
Bovada,player_points_rebounds,Devin Vassell,Over,21.5,-110,2025-11-24,2025-11-24T00:29:47Z
Bovada,player_points_rebounds,Devin Vassell,Under,21.5,-120,2025-11-24,2025-11-24T00:29:47Z
Bovada,player_points_rebounds,Dillon Brooks,Over,21.5,-150,2025-11-24,2025-11-24T00:29:47Z
Bovada,player_points_rebounds,Dillon Brooks,Under,21.5,115,2025-11-24,2025-11-24T00:29:47Z
Bovada,player_points_rebounds,Dillon Brooks,Over,22.5,-120,2025-11-24,2025-11-24T00:29:47Z
Bovada,player_points_rebounds,Dillon Brooks,Under,22.5,-110,2025-11-24,2025-11-24T00:29:47Z
Bovada,player_points_rebounds,Dillon Brooks,Over,23.5,105,2025-11-24,2025-11-24T00:29:47Z
Bovada,player_points_rebounds,Dillon Brooks,Under,23.5,-135,2025-11-24,2025-11-24T00:29:47Z
Bovada,player_points_rebounds,Harrison Barnes,Over,16.5,-150,2025-11-24,2025-11-24T00:29:47Z
Bovada,player_points_rebounds,Harrison Barnes,Under,16.5,115,2025-11-24,2025-11-24T00:29:47Z
Bovada,player_points_rebounds,Harrison Barnes,Over,17.5,-120,2025-11-24,2025-11-24T00:29:47Z
Bovada,player_points_rebounds,Harrison Barnes,Under,17.5,-110,2025-11-24,2025-11-24T00:29:47Z
Bovada,player_points_rebounds,Harrison Barnes,Over,18.5,105,2025-11-24,2025-11-24T00:29:47Z
Bovada,player_points_rebounds,Harrison Barnes,Under,18.5,-135,2025-11-24,2025-11-24T00:29:47Z
Bovada,player_points_rebounds,Jeremy Sochan,Over,12.5,-150,2025-11-24,2025-11-24T00:29:47Z
Bovada,player_points_rebounds,Jeremy Sochan,Under,12.5,115,2025-11-24,2025-11-24T00:29:47Z
Bovada,player_points_rebounds,Jeremy Sochan,Over,13.5,-115,2025-11-24,2025-11-24T00:29:47Z
Bovada,player_points_rebounds,Jeremy Sochan,Under,13.5,-115,2025-11-24,2025-11-24T00:29:47Z
Bovada,player_points_rebounds,Jeremy Sochan,Over,14.5,115,2025-11-24,2025-11-24T00:29:47Z
Bovada,player_points_rebounds,Jeremy Sochan,Under,14.5,-150,2025-11-24,2025-11-24T00:29:47Z
Bovada,player_points_rebounds,Jordan Goodwin,Over,12.5,-165,2025-11-24,2025-11-24T00:29:47Z
Bovada,player_points_rebounds,Jordan Goodwin,Under,12.5,125,2025-11-24,2025-11-24T00:29:47Z
Bovada,player_points_rebounds,Jordan Goodwin,Over,13.5,-125,2025-11-24,2025-11-24T00:29:47Z
Bovada,player_points_rebounds,Jordan Goodwin,Under,13.5,-105,2025-11-24,2025-11-24T00:29:47Z
Bovada,player_points_rebounds,Jordan Goodwin,Over,14.5,105,2025-11-24,2025-11-24T00:29:47Z
Bovada,player_points_rebounds,Jordan Goodwin,Under,14.5,-135,2025-11-24,2025-11-24T00:29:47Z
Bovada,player_points_rebounds,Julian Champagnie,Over,14.5,-160,2025-11-24,2025-11-24T00:29:47Z
Bovada,player_points_rebounds,Julian Champagnie,Under,14.5,120,2025-11-24,2025-11-24T00:29:47Z
Bovada,player_points_rebounds,Julian Champagnie,Over,15.5,-125,2025-11-24,2025-11-24T00:29:47Z
Bovada,player_points_rebounds,Julian Champagnie,Under,15.5,-105,2025-11-24,2025-11-24T00:29:47Z
Bovada,player_points_rebounds,Julian Champagnie,Over,16.5,105,2025-11-24,2025-11-24T00:29:47Z
Bovada,player_points_rebounds,Julian Champagnie,Under,16.5,-135,2025-11-24,2025-11-24T00:29:47Z
Bovada,player_points_rebounds,Keldon Johnson,Over,20.5,-170,2025-11-24,2025-11-24T00:29:47Z
Bovada,player_points_rebounds,Keldon Johnson,Under,20.5,130,2025-11-24,2025-11-24T00:29:47Z
Bovada,player_points_rebounds,Keldon Johnson,Over,21.5,-135,2025-11-24,2025-11-24T00:29:47Z
Bovada,player_points_rebounds,Keldon Johnson,Under,21.5,105,2025-11-24,2025-11-24T00:29:47Z
Bovada,player_points_rebounds,Keldon Johnson,Over,22.5,-110,2025-11-24,2025-11-24T00:29:47Z
Bovada,player_points_rebounds,Keldon Johnson,Under,22.5,-120,2025-11-24,2025-11-24T00:29:47Z
Bovada,player_points_rebounds,Luke Kornet,Over,15.5,-150,2025-11-24,2025-11-24T00:29:47Z
Bovada,player_points_rebounds,Luke Kornet,Under,15.5,115,2025-11-24,2025-11-24T00:29:47Z
Bovada,player_points_rebounds,Luke Kornet,Over,16.5,-115,2025-11-24,2025-11-24T00:29:47Z
Bovada,player_points_rebounds,Luke Kornet,Under,16.5,-115,2025-11-24,2025-11-24T00:29:47Z
Bovada,player_points_rebounds,Luke Kornet,Over,17.5,110,2025-11-24,2025-11-24T00:29:47Z
Bovada,player_points_rebounds,Luke Kornet,Under,17.5,-145,2025-11-24,2025-11-24T00:29:47Z
Bovada,player_points_rebounds,Mark Williams,Over,19.5,-170,2025-11-24,2025-11-24T00:29:47Z
Bovada,player_points_rebounds,Mark Williams,Under,19.5,130,2025-11-24,2025-11-24T00:29:47Z
Bovada,player_points_rebounds,Mark Williams,Over,20.5,-135,2025-11-24,2025-11-24T00:29:47Z
Bovada,player_points_rebounds,Mark Williams,Under,20.5,105,2025-11-24,2025-11-24T00:29:47Z
Bovada,player_points_rebounds,Mark Williams,Over,21.5,-110,2025-11-24,2025-11-24T00:29:47Z
Bovada,player_points_rebounds,Mark Williams,Under,21.5,-120,2025-11-24,2025-11-24T00:29:47Z
Bovada,player_points_rebounds,Royce O'Neale,Over,15.5,-180,2025-11-24,2025-11-24T00:29:47Z
Bovada,player_points_rebounds,Royce O'Neale,Under,15.5,135,2025-11-24,2025-11-24T00:29:47Z
Bovada,player_points_rebounds,Royce O'Neale,Over,16.5,-135,2025-11-24,2025-11-24T00:29:47Z
Bovada,player_points_rebounds,Royce O'Neale,Under,16.5,105,2025-11-24,2025-11-24T00:29:47Z
Bovada,player_points_rebounds,Royce O'Neale,Over,17.5,-110,2025-11-24,2025-11-24T00:29:47Z
Bovada,player_points_rebounds,Royce O'Neale,Under,17.5,-120,2025-11-24,2025-11-24T00:29:47Z
DraftKings,player_points_assists,Jalen Johnson,Over,35.5,-125,2025-11-23,2025-11-24T00:29:15Z
DraftKings,player_points_assists,Jalen Johnson,Under,35.5,-105,2025-11-23,2025-11-24T00:29:15Z
DraftKings,player_points_assists,Kon Knueppel,Over,29.5,-110,2025-11-23,2025-11-24T00:29:15Z
DraftKings,player_points_assists,Kon Knueppel,Under,29.5,-120,2025-11-23,2025-11-24T00:29:15Z
DraftKings,player_points_assists,Onyeka Okongwu,Over,29.5,-105,2025-11-23,2025-11-24T00:29:15Z
DraftKings,player_points_assists,Onyeka Okongwu,Under,29.5,-125,2025-11-23,2025-11-24T00:29:15Z
DraftKings,player_points_assists,Collin Sexton,Over,27.5,-125,2025-11-23,2025-11-24T00:29:15Z
DraftKings,player_points_assists,Collin Sexton,Under,27.5,-105,2025-11-23,2025-11-24T00:29:15Z
DraftKings,player_points_assists,Dyson Daniels,Over,24.5,100,2025-11-23,2025-11-24T00:29:15Z
DraftKings,player_points_assists,Dyson Daniels,Under,24.5,-130,2025-11-23,2025-11-24T00:29:15Z
DraftKings,player_points_assists,Nickeil Alexander-Walker,Over,21.5,-110,2025-11-23,2025-11-24T00:29:15Z
DraftKings,player_points_assists,Nickeil Alexander-Walker,Under,21.5,-120,2025-11-23,2025-11-24T00:29:15Z
DraftKings,player_points_assists,Zaccharie Risacher,Over,11.5,110,2025-11-23,2025-11-24T00:29:15Z
DraftKings,player_points_assists,Zaccharie Risacher,Under,11.5,-140,2025-11-23,2025-11-24T00:29:15Z
DraftKings,player_points_assists,Vit Krejci,Over,8.5,-105,2025-11-23,2025-11-24T00:29:15Z
DraftKings,player_points_assists,Vit Krejci,Under,8.5,-125,2025-11-23,2025-11-24T00:29:15Z
DraftKings,player_points_assists,Donovan Mitchell,Over,33.5,-105,2025-11-23,2025-11-24T00:29:18Z
DraftKings,player_points_assists,Donovan Mitchell,Under,33.5,-125,2025-11-23,2025-11-24T00:29:18Z
DraftKings,player_points_assists,James Harden,Over,30.5,-115,2025-11-23,2025-11-24T00:29:18Z
DraftKings,player_points_assists,James Harden,Under,30.5,-115,2025-11-23,2025-11-24T00:29:18Z
DraftKings,player_points_assists,Evan Mobley,Over,18.5,-115,2025-11-23,2025-11-24T00:29:18Z
DraftKings,player_points_assists,Evan Mobley,Under,18.5,-115,2025-11-23,2025-11-24T00:29:18Z
DraftKings,player_points_assists,Darius Garland,Over,18.5,-110,2025-11-23,2025-11-24T00:29:18Z
DraftKings,player_points_assists,Darius Garland,Under,18.5,-120,2025-11-23,2025-11-24T00:29:18Z
DraftKings,player_points_assists,Kris Dunn,Over,13.5,-115,2025-11-23,2025-11-24T00:29:18Z
DraftKings,player_points_assists,Kris Dunn,Under,13.5,-115,2025-11-23,2025-11-24T00:29:18Z
DraftKings,player_points_assists,Jaylen Brown,Over,32.5,-120,2025-11-23,2025-11-24T00:29:03Z
DraftKings,player_points_assists,Jaylen Brown,Under,32.5,-110,2025-11-23,2025-11-24T00:29:03Z
DraftKings,player_points_assists,Payton Pritchard,Over,29.5,-125,2025-11-23,2025-11-24T00:29:03Z
DraftKings,player_points_assists,Payton Pritchard,Under,29.5,-105,2025-11-23,2025-11-24T00:29:03Z
DraftKings,player_points_assists,Franz Wagner,Over,27.5,-120,2025-11-23,2025-11-24T00:29:03Z
DraftKings,player_points_assists,Franz Wagner,Under,27.5,-110,2025-11-23,2025-11-24T00:29:03Z
DraftKings,player_points_assists,Desmond Bane,Over,26.5,-120,2025-11-23,2025-11-24T00:29:03Z
DraftKings,player_points_assists,Desmond Bane,Under,26.5,-110,2025-11-23,2025-11-24T00:29:03Z
DraftKings,player_points_assists,Anfernee Simons,Over,23.5,-120,2025-11-23,2025-11-24T00:29:03Z
DraftKings,player_points_assists,Anfernee Simons,Under,23.5,-110,2025-11-23,2025-11-24T00:29:03Z
DraftKings,player_points_assists,Anthony Black,Over,20.5,-120,2025-11-23,2025-11-24T00:29:03Z
DraftKings,player_points_assists,Anthony Black,Under,20.5,-110,2025-11-23,2025-11-24T00:29:03Z
DraftKings,player_points_assists,Derrick White,Over,16.5,-125,2025-11-23,2025-11-24T00:29:03Z
DraftKings,player_points_assists,Derrick White,Under,16.5,-105,2025-11-23,2025-11-24T00:29:03Z
DraftKings,player_points_assists,Tristan da Silva,Over,10.5,-110,2025-11-23,2025-11-24T00:29:03Z
DraftKings,player_points_assists,Tristan da Silva,Under,10.5,-120,2025-11-23,2025-11-24T00:29:03Z
DraftKings,player_points_assists,Michael Porter Jr,Over,28.5,-120,2025-11-23,2025-11-24T00:29:24Z
DraftKings,player_points_assists,Michael Porter Jr,Under,28.5,-110,2025-11-23,2025-11-24T00:29:24Z
DraftKings,player_points_assists,R.J. Barrett,Over,24.5,-115,2025-11-23,2025-11-24T00:29:24Z
DraftKings,player_points_assists,R.J. Barrett,Under,24.5,-115,2025-11-23,2025-11-24T00:29:24Z
DraftKings,player_points_assists,Scottie Barnes,Over,24.5,100,2025-11-23,2025-11-24T00:29:24Z
DraftKings,player_points_assists,Scottie Barnes,Under,24.5,-130,2025-11-23,2025-11-24T00:29:24Z
DraftKings,player_points_assists,Tyrese Martin,Over,20.5,-130,2025-11-23,2025-11-24T00:29:24Z
DraftKings,player_points_assists,Tyrese Martin,Under,20.5,100,2025-11-23,2025-11-24T00:29:24Z
DraftKings,player_points_assists,Brandon Ingram,Over,20.5,-125,2025-11-23,2025-11-24T00:29:24Z
DraftKings,player_points_assists,Brandon Ingram,Under,20.5,-105,2025-11-23,2025-11-24T00:29:24Z
DraftKings,player_points_assists,Immanuel Quickley,Over,18.5,-130,2025-11-23,2025-11-24T00:29:24Z
DraftKings,player_points_assists,Immanuel Quickley,Under,18.5,100,2025-11-23,2025-11-24T00:29:24Z
DraftKings,player_points_assists,Noah Clowney,Over,16.5,-130,2025-11-23,2025-11-24T00:29:24Z
DraftKings,player_points_assists,Noah Clowney,Under,16.5,100,2025-11-23,2025-11-24T00:29:24Z
DraftKings,player_points_assists,Sandro Mamukelashvili,Over,13.5,-120,2025-11-23,2025-11-24T00:29:24Z
DraftKings,player_points_assists,Sandro Mamukelashvili,Under,13.5,-110,2025-11-23,2025-11-24T00:29:24Z
DraftKings,player_points_assists,Nicolas Claxton,Over,13.5,-110,2025-11-23,2025-11-24T00:29:24Z
DraftKings,player_points_assists,Nicolas Claxton,Under,13.5,-120,2025-11-23,2025-11-24T00:29:24Z
DraftKings,player_points_assists,Gradey Dick,Over,12.5,-130,2025-11-23,2025-11-24T00:29:24Z
DraftKings,player_points_assists,Gradey Dick,Under,12.5,100,2025-11-23,2025-11-24T00:29:24Z
DraftKings,player_points_assists,Jamal Shead,Over,11.5,-120,2025-11-23,2025-11-24T00:29:24Z
DraftKings,player_points_assists,Jamal Shead,Under,11.5,-110,2025-11-23,2025-11-24T00:29:24Z
DraftKings,player_points_assists,Terance Mann,Over,10.5,-125,2025-11-23,2025-11-24T00:29:24Z
DraftKings,player_points_assists,Terance Mann,Under,10.5,-105,2025-11-23,2025-11-24T00:29:24Z
DraftKings,player_points_assists,Egor Demin,Over,9.5,-115,2025-11-23,2025-11-24T00:29:24Z
DraftKings,player_points_assists,Egor Demin,Under,9.5,-115,2025-11-23,2025-11-24T00:29:24Z
DraftKings,player_points_assists,Ziaire Williams,Over,8.5,-135,2025-11-23,2025-11-24T00:29:24Z
DraftKings,player_points_assists,Ziaire Williams,Under,8.5,105,2025-11-23,2025-11-24T00:29:24Z
DraftKings,player_points_assists,Collin Murray-Boyles,Over,7.5,-105,2025-11-23,2025-11-24T00:29:24Z
DraftKings,player_points_assists,Collin Murray-Boyles,Under,7.5,-125,2025-11-23,2025-11-24T00:29:24Z
DraftKings,player_points_assists,Day'Ron Sharpe,Over,6.5,105,2025-11-23,2025-11-24T00:29:24Z
DraftKings,player_points_assists,Day'Ron Sharpe,Under,6.5,-135,2025-11-23,2025-11-24T00:29:24Z
DraftKings,player_points_assists,Shai Gilgeous-Alexander,Over,43.5,-120,2025-11-24,2025-11-24T00:29:09Z
DraftKings,player_points_assists,Shai Gilgeous-Alexander,Under,43.5,-110,2025-11-24,2025-11-24T00:29:09Z
DraftKings,player_points_assists,Deni Avdija,Over,27.5,-105,2025-11-24,2025-11-24T00:29:09Z
DraftKings,player_points_assists,Deni Avdija,Under,27.5,-125,2025-11-24,2025-11-24T00:29:09Z
DraftKings,player_points_assists,Jerami Grant,Over,20.5,-125,2025-11-24,2025-11-24T00:29:09Z
DraftKings,player_points_assists,Jerami Grant,Under,20.5,-105,2025-11-24,2025-11-24T00:29:09Z
DraftKings,player_points_assists,Ajay Mitchell,Over,17.5,-125,2025-11-24,2025-11-24T00:29:09Z
DraftKings,player_points_assists,Ajay Mitchell,Under,17.5,-105,2025-11-24,2025-11-24T00:29:09Z
DraftKings,player_points_assists,Chet Holmgren,Over,17.5,-120,2025-11-24,2025-11-24T00:29:09Z
DraftKings,player_points_assists,Chet Holmgren,Under,17.5,-110,2025-11-24,2025-11-24T00:29:09Z
DraftKings,player_points_assists,Toumani Camara,Over,17.5,-115,2025-11-24,2025-11-24T00:29:09Z
DraftKings,player_points_assists,Toumani Camara,Under,17.5,-115,2025-11-24,2025-11-24T00:29:09Z
DraftKings,player_points_assists,Isaiah Hartenstein,Over,16.5,100,2025-11-24,2025-11-24T00:29:09Z
DraftKings,player_points_assists,Isaiah Hartenstein,Under,16.5,-130,2025-11-24,2025-11-24T00:29:09Z
DraftKings,player_points_assists,Isaiah Joe,Over,13.5,-115,2025-11-24,2025-11-24T00:29:09Z
DraftKings,player_points_assists,Isaiah Joe,Under,13.5,-115,2025-11-24,2025-11-24T00:29:09Z
DraftKings,player_points_assists,Donovan Clingan,Over,9.5,-130,2025-11-24,2025-11-24T00:29:09Z
DraftKings,player_points_assists,Donovan Clingan,Under,9.5,100,2025-11-24,2025-11-24T00:29:09Z
DraftKings,player_points_assists,Cason Wallace,Over,9.5,105,2025-11-24,2025-11-24T00:29:09Z
DraftKings,player_points_assists,Cason Wallace,Under,9.5,-135,2025-11-24,2025-11-24T00:29:09Z
DraftKings,player_points_assists,Kris Murray,Over,8.5,-125,2025-11-24,2025-11-24T00:29:09Z
DraftKings,player_points_assists,Kris Murray,Under,8.5,-105,2025-11-24,2025-11-24T00:29:09Z
DraftKings,player_points_assists,Jaylin Williams,Over,8.5,-120,2025-11-24,2025-11-24T00:29:09Z
DraftKings,player_points_assists,Jaylin Williams,Under,8.5,-110,2025-11-24,2025-11-24T00:29:09Z
DraftKings,player_points_assists,Alex Caruso,Over,8.5,-110,2025-11-24,2025-11-24T00:29:09Z
DraftKings,player_points_assists,Alex Caruso,Under,8.5,-120,2025-11-24,2025-11-24T00:29:09Z
DraftKings,player_points_assists,Luka Doncic,Over,41.5,-110,2025-11-24,2025-11-24T00:29:38Z
DraftKings,player_points_assists,Luka Doncic,Under,41.5,-119,2025-11-24,2025-11-24T00:29:38Z
DraftKings,player_points_assists,Lauri Markkanen,Over,29.5,-107,2025-11-24,2025-11-24T00:29:38Z
DraftKings,player_points_assists,Lauri Markkanen,Under,29.5,-123,2025-11-24,2025-11-24T00:29:38Z
DraftKings,player_points_assists,Austin Reaves,Over,28.5,-105,2025-11-24,2025-11-24T00:29:38Z
DraftKings,player_points_assists,Austin Reaves,Under,28.5,-125,2025-11-24,2025-11-24T00:29:38Z
DraftKings,player_points_assists,Keyonte George,Over,27.5,-105,2025-11-24,2025-11-24T00:29:38Z
DraftKings,player_points_assists,Keyonte George,Under,27.5,-125,2025-11-24,2025-11-24T00:29:38Z
DraftKings,player_points_assists,LeBron James,Over,26.5,-118,2025-11-24,2025-11-24T00:29:38Z
DraftKings,player_points_assists,LeBron James,Under,26.5,-111,2025-11-24,2025-11-24T00:29:38Z
DraftKings,player_points_assists,Isaiah Collier,Over,14.5,-104,2025-11-24,2025-11-24T00:29:38Z
DraftKings,player_points_assists,Isaiah Collier,Under,14.5,-126,2025-11-24,2025-11-24T00:29:38Z
DraftKings,player_points_assists,Jusuf Nurkic,Over,12.5,-119,2025-11-24,2025-11-24T00:29:38Z
DraftKings,player_points_assists,Jusuf Nurkic,Under,12.5,-110,2025-11-24,2025-11-24T00:29:38Z
DraftKings,player_points_assists,Devin Booker,Over,36.5,-122,2025-11-24,2025-11-24T00:29:31Z
DraftKings,player_points_assists,Devin Booker,Under,36.5,-108,2025-11-24,2025-11-24T00:29:31Z
DraftKings,player_points_assists,De'Aaron Fox,Over,31.5,-107,2025-11-24,2025-11-24T00:29:31Z
DraftKings,player_points_assists,De'Aaron Fox,Under,31.5,-123,2025-11-24,2025-11-24T00:29:31Z
DraftKings,player_points_assists,Dillon Brooks,Over,21.5,-109,2025-11-24,2025-11-24T00:29:31Z
DraftKings,player_points_assists,Dillon Brooks,Under,21.5,-121,2025-11-24,2025-11-24T00:29:31Z
DraftKings,player_points_assists,Devin Vassell,Over,20.5,-121,2025-11-24,2025-11-24T00:29:31Z
DraftKings,player_points_assists,Devin Vassell,Under,20.5,-109,2025-11-24,2025-11-24T00:29:31Z
DraftKings,player_points_assists,Collin Gillespie,Over,20.5,-113,2025-11-24,2025-11-24T00:29:31Z
DraftKings,player_points_assists,Collin Gillespie,Under,20.5,-116,2025-11-24,2025-11-24T00:29:31Z
DraftKings,player_points_assists,Keldon Johnson,Over,17.5,-108,2025-11-24,2025-11-24T00:29:31Z
DraftKings,player_points_assists,Keldon Johnson,Under,17.5,-122,2025-11-24,2025-11-24T00:29:31Z
DraftKings,player_points_assists,Harrison Barnes,Over,15.5,-129,2025-11-24,2025-11-24T00:29:31Z
DraftKings,player_points_assists,Harrison Barnes,Under,15.5,-102,2025-11-24,2025-11-24T00:29:31Z
DraftKings,player_points_assists,Royce O'Neale,Over,14.5,-110,2025-11-24,2025-11-24T00:29:31Z
DraftKings,player_points_assists,Royce O'Neale,Under,14.5,-119,2025-11-24,2025-11-24T00:29:31Z
DraftKings,player_points_assists,Julian Champagnie,Over,13.5,-102,2025-11-24,2025-11-24T00:29:31Z
DraftKings,player_points_assists,Julian Champagnie,Under,13.5,-129,2025-11-24,2025-11-24T00:29:31Z
DraftKings,player_points_assists,Luke Kornet,Over,11.5,-109,2025-11-24,2025-11-24T00:29:31Z
DraftKings,player_points_assists,Luke Kornet,Under,11.5,-121,2025-11-24,2025-11-24T00:29:31Z
DraftKings,player_points_assists,Jeremy Sochan,Over,11.5,-108,2025-11-24,2025-11-24T00:29:31Z
DraftKings,player_points_assists,Jeremy Sochan,Under,11.5,-122,2025-11-24,2025-11-24T00:29:31Z
FanDuel,player_points_assists,Luka Doncic,Over,40.5,-125,2025-11-24,2025-11-24T00:29:38Z
FanDuel,player_points_assists,Luka Doncic,Under,40.5,-106,2025-11-24,2025-11-24T00:29:38Z
FanDuel,player_points_assists,Marcus Smart,Over,8.5,-130,2025-11-24,2025-11-24T00:29:38Z
FanDuel,player_points_assists,Marcus Smart,Under,8.5,-102,2025-11-24,2025-11-24T00:29:38Z
FanDuel,player_points_assists,Keyonte George,Over,27.5,-104,2025-11-24,2025-11-24T00:29:38Z
FanDuel,player_points_assists,Keyonte George,Under,27.5,-128,2025-11-24,2025-11-24T00:29:38Z
FanDuel,player_points_assists,Jusuf Nurkic,Over,12.5,-118,2025-11-24,2025-11-24T00:29:38Z
FanDuel,player_points_assists,Jusuf Nurkic,Under,12.5,-112,2025-11-24,2025-11-24T00:29:38Z
FanDuel,player_points_assists,Austin Reaves,Over,27.5,-125,2025-11-24,2025-11-24T00:29:38Z
FanDuel,player_points_assists,Austin Reaves,Under,27.5,-106,2025-11-24,2025-11-24T00:29:38Z
FanDuel,player_points_assists,Isaiah Collier,Over,14.5,-104,2025-11-24,2025-11-24T00:29:38Z
FanDuel,player_points_assists,Isaiah Collier,Under,14.5,-128,2025-11-24,2025-11-24T00:29:38Z
FanDuel,player_points_assists,LeBron James,Over,26.5,-112,2025-11-24,2025-11-24T00:29:38Z
FanDuel,player_points_assists,LeBron James,Under,26.5,-118,2025-11-24,2025-11-24T00:29:38Z
FanDuel,player_points_assists,Dillon Brooks,Over,21.5,-108,2025-11-24,2025-11-24T00:27:46Z
FanDuel,player_points_assists,Dillon Brooks,Under,21.5,-122,2025-11-24,2025-11-24T00:27:46Z
FanDuel,player_points_assists,Julian Champagnie,Over,12.5,-125,2025-11-24,2025-11-24T00:27:46Z
FanDuel,player_points_assists,Julian Champagnie,Under,12.5,-106,2025-11-24,2025-11-24T00:27:46Z
FanDuel,player_points_assists,Jeremy Sochan,Over,11.5,-114,2025-11-24,2025-11-24T00:27:46Z
FanDuel,player_points_assists,Jeremy Sochan,Under,11.5,-114,2025-11-24,2025-11-24T00:27:46Z
FanDuel,player_points_assists,Collin Gillespie,Over,20.5,-125,2025-11-24,2025-11-24T00:27:46Z
FanDuel,player_points_assists,Collin Gillespie,Under,20.5,-106,2025-11-24,2025-11-24T00:27:46Z
FanDuel,player_points_assists,Devin Vassell,Over,20.5,-118,2025-11-24,2025-11-24T00:27:46Z
FanDuel,player_points_assists,Devin Vassell,Under,20.5,-112,2025-11-24,2025-11-24T00:27:46Z
FanDuel,player_points_assists,Royce O'Neale,Over,14.5,-118,2025-11-24,2025-11-24T00:27:46Z
FanDuel,player_points_assists,Royce O'Neale,Under,14.5,-112,2025-11-24,2025-11-24T00:27:46Z
FanDuel,player_points_assists,De'Aaron Fox,Over,31.5,-104,2025-11-24,2025-11-24T00:27:46Z
FanDuel,player_points_assists,De'Aaron Fox,Under,31.5,-128,2025-11-24,2025-11-24T00:27:46Z
FanDuel,player_points_assists,Keldon Johnson,Over,17.5,-112,2025-11-24,2025-11-24T00:27:46Z
FanDuel,player_points_assists,Keldon Johnson,Under,17.5,-118,2025-11-24,2025-11-24T00:27:46Z
FanDuel,player_points_assists,Luke Kornet,Over,11.5,-120,2025-11-24,2025-11-24T00:27:46Z
FanDuel,player_points_assists,Luke Kornet,Under,11.5,-110,2025-11-24,2025-11-24T00:27:46Z
FanDuel,player_points_assists,Harrison Barnes,Over,16.5,-102,2025-11-24,2025-11-24T00:27:46Z
FanDuel,player_points_assists,Harrison Barnes,Under,16.5,-130,2025-11-24,2025-11-24T00:27:46Z
FanDuel,player_points_assists,Devin Booker,Over,36.5,-118,2025-11-24,2025-11-24T00:27:46Z
FanDuel,player_points_assists,Devin Booker,Under,36.5,-114,2025-11-24,2025-11-24T00:27:46Z
BetMGM,player_points_assists,Lauri Markkanen,Over,28.5,-120,2025-11-24,2025-11-24T00:29:46Z
BetMGM,player_points_assists,Lauri Markkanen,Under,28.5,-110,2025-11-24,2025-11-24T00:29:46Z
BetMGM,player_points_assists,Austin Reaves,Over,27.5,-120,2025-11-24,2025-11-24T00:29:46Z
BetMGM,player_points_assists,Austin Reaves,Under,27.5,-110,2025-11-24,2025-11-24T00:29:46Z
BetMGM,player_points_assists,Luka Doncic,Over,40.5,-115,2025-11-24,2025-11-24T00:29:46Z
BetMGM,player_points_assists,Luka Doncic,Under,40.5,-115,2025-11-24,2025-11-24T00:29:46Z
BetMGM,player_points_assists,LeBron James,Over,26.5,-105,2025-11-24,2025-11-24T00:29:46Z
BetMGM,player_points_assists,LeBron James,Under,26.5,-125,2025-11-24,2025-11-24T00:29:46Z
BetMGM,player_points_assists,Jusuf Nurkic,Over,13.5,-110,2025-11-24,2025-11-24T00:29:46Z
BetMGM,player_points_assists,Jusuf Nurkic,Under,13.5,-120,2025-11-24,2025-11-24T00:29:46Z
BetMGM,player_points_assists,Rui Hachimura,Over,12.5,-110,2025-11-24,2025-11-24T00:29:46Z
BetMGM,player_points_assists,Rui Hachimura,Under,12.5,-120,2025-11-24,2025-11-24T00:29:46Z
BetMGM,player_points_assists,Deandre Ayton,Over,14.5,-135,2025-11-24,2025-11-24T00:29:46Z
BetMGM,player_points_assists,Deandre Ayton,Under,14.5,100,2025-11-24,2025-11-24T00:29:46Z
BetMGM,player_points_assists,Svi Mykhailiuk,Over,10.5,-105,2025-11-24,2025-11-24T00:29:46Z
BetMGM,player_points_assists,Svi Mykhailiuk,Under,10.5,-125,2025-11-24,2025-11-24T00:29:46Z
BetMGM,player_points_assists,Ace Bailey,Over,14.5,-105,2025-11-24,2025-11-24T00:29:46Z
BetMGM,player_points_assists,Ace Bailey,Under,14.5,-130,2025-11-24,2025-11-24T00:29:46Z
BetMGM,player_points_assists,Keyonte George,Over,27.5,-120,2025-11-24,2025-11-24T00:29:46Z
BetMGM,player_points_assists,Keyonte George,Under,27.5,-110,2025-11-24,2025-11-24T00:29:46Z
BetMGM,player_points_assists,Luke Kornet,Over,11.5,100,2025-11-24,2025-11-24T00:29:29Z
BetMGM,player_points_assists,Luke Kornet,Under,11.5,-135,2025-11-24,2025-11-24T00:29:29Z
BetMGM,player_points_assists,Julian Champagnie,Over,13.5,-110,2025-11-24,2025-11-24T00:29:29Z
BetMGM,player_points_assists,Julian Champagnie,Under,13.5,-118,2025-11-24,2025-11-24T00:29:29Z
BetMGM,player_points_assists,Harrison Barnes,Over,16.5,-105,2025-11-24,2025-11-24T00:29:29Z
BetMGM,player_points_assists,Harrison Barnes,Under,16.5,-125,2025-11-24,2025-11-24T00:29:29Z
BetMGM,player_points_assists,Devin Booker,Over,37.5,-115,2025-11-24,2025-11-24T00:29:29Z
BetMGM,player_points_assists,Devin Booker,Under,37.5,-115,2025-11-24,2025-11-24T00:29:29Z
BetMGM,player_points_assists,Royce O'Neale,Over,13.5,-130,2025-11-24,2025-11-24T00:29:29Z
BetMGM,player_points_assists,Royce O'Neale,Under,13.5,-105,2025-11-24,2025-11-24T00:29:29Z
BetMGM,player_points_assists,Dillon Brooks,Over,20.5,-118,2025-11-24,2025-11-24T00:29:29Z
BetMGM,player_points_assists,Dillon Brooks,Under,20.5,-110,2025-11-24,2025-11-24T00:29:29Z
BetMGM,player_points_assists,Mark Williams,Over,13.5,-125,2025-11-24,2025-11-24T00:29:29Z
BetMGM,player_points_assists,Mark Williams,Under,13.5,-105,2025-11-24,2025-11-24T00:29:29Z
BetMGM,player_points_assists,Devin Vassell,Over,20.5,-110,2025-11-24,2025-11-24T00:29:29Z
BetMGM,player_points_assists,Devin Vassell,Under,20.5,-120,2025-11-24,2025-11-24T00:29:29Z
BetMGM,player_points_assists,De'Aaron Fox,Over,31.5,-120,2025-11-24,2025-11-24T00:29:29Z
BetMGM,player_points_assists,De'Aaron Fox,Under,31.5,-110,2025-11-24,2025-11-24T00:29:29Z
BetMGM,player_points_assists,Collin Gillespie,Over,21.5,-105,2025-11-24,2025-11-24T00:29:29Z
BetMGM,player_points_assists,Collin Gillespie,Under,21.5,-125,2025-11-24,2025-11-24T00:29:29Z
Bovada,player_points_assists,Austin Reaves,Over,26.5,-170,2025-11-24,2025-11-24T00:29:07Z
Bovada,player_points_assists,Austin Reaves,Under,26.5,130,2025-11-24,2025-11-24T00:29:07Z
Bovada,player_points_assists,Austin Reaves,Over,27.5,-135,2025-11-24,2025-11-24T00:29:07Z
Bovada,player_points_assists,Austin Reaves,Under,27.5,105,2025-11-24,2025-11-24T00:29:07Z
Bovada,player_points_assists,Austin Reaves,Over,28.5,-115,2025-11-24,2025-11-24T00:29:07Z
Bovada,player_points_assists,Austin Reaves,Under,28.5,-115,2025-11-24,2025-11-24T00:29:07Z
Bovada,player_points_assists,Isaiah Collier,Over,12.5,-170,2025-11-24,2025-11-24T00:29:07Z
Bovada,player_points_assists,Isaiah Collier,Under,12.5,130,2025-11-24,2025-11-24T00:29:07Z
Bovada,player_points_assists,Isaiah Collier,Over,13.5,-125,2025-11-24,2025-11-24T00:29:07Z
Bovada,player_points_assists,Isaiah Collier,Under,13.5,-105,2025-11-24,2025-11-24T00:29:07Z
Bovada,player_points_assists,Isaiah Collier,Over,14.5,105,2025-11-24,2025-11-24T00:29:07Z
Bovada,player_points_assists,Isaiah Collier,Under,14.5,-135,2025-11-24,2025-11-24T00:29:07Z
Bovada,player_points_assists,Jusuf Nurkic,Over,11.5,-165,2025-11-24,2025-11-24T00:29:07Z
Bovada,player_points_assists,Jusuf Nurkic,Under,11.5,125,2025-11-24,2025-11-24T00:29:07Z
Bovada,player_points_assists,Jusuf Nurkic,Over,12.5,-120,2025-11-24,2025-11-24T00:29:07Z
Bovada,player_points_assists,Jusuf Nurkic,Under,12.5,-110,2025-11-24,2025-11-24T00:29:07Z
Bovada,player_points_assists,Jusuf Nurkic,Over,13.5,110,2025-11-24,2025-11-24T00:29:07Z
Bovada,player_points_assists,Jusuf Nurkic,Under,13.5,-145,2025-11-24,2025-11-24T00:29:07Z
Bovada,player_points_assists,Keyonte George,Over,25.5,-145,2025-11-24,2025-11-24T00:29:07Z
Bovada,player_points_assists,Keyonte George,Under,25.5,110,2025-11-24,2025-11-24T00:29:07Z
Bovada,player_points_assists,Keyonte George,Over,26.5,-115,2025-11-24,2025-11-24T00:29:07Z
Bovada,player_points_assists,Keyonte George,Under,26.5,-115,2025-11-24,2025-11-24T00:29:07Z
Bovada,player_points_assists,Keyonte George,Over,27.5,105,2025-11-24,2025-11-24T00:29:07Z
Bovada,player_points_assists,Keyonte George,Under,27.5,-135,2025-11-24,2025-11-24T00:29:07Z
Bovada,player_points_assists,LeBron James,Over,24.5,-165,2025-11-24,2025-11-24T00:29:07Z
Bovada,player_points_assists,LeBron James,Under,24.5,125,2025-11-24,2025-11-24T00:29:07Z
Bovada,player_points_assists,LeBron James,Over,25.5,-135,2025-11-24,2025-11-24T00:29:07Z
Bovada,player_points_assists,LeBron James,Under,25.5,105,2025-11-24,2025-11-24T00:29:07Z
Bovada,player_points_assists,LeBron James,Over,26.5,-110,2025-11-24,2025-11-24T00:29:07Z
Bovada,player_points_assists,LeBron James,Under,26.5,-120,2025-11-24,2025-11-24T00:29:07Z
Bovada,player_points_assists,Luka Doncic,Over,39.5,-160,2025-11-24,2025-11-24T00:29:07Z
Bovada,player_points_assists,Luka Doncic,Under,39.5,120,2025-11-24,2025-11-24T00:29:07Z
Bovada,player_points_assists,Luka Doncic,Over,40.5,-135,2025-11-24,2025-11-24T00:29:07Z
Bovada,player_points_assists,Luka Doncic,Under,40.5,105,2025-11-24,2025-11-24T00:29:07Z
Bovada,player_points_assists,Luka Doncic,Over,41.5,-115,2025-11-24,2025-11-24T00:29:07Z
Bovada,player_points_assists,Luka Doncic,Under,41.5,-115,2025-11-24,2025-11-24T00:29:07Z
Bovada,player_points_assists,Marcus Smart,Over,8.5,-135,2025-11-24,2025-11-24T00:29:07Z
Bovada,player_points_assists,Marcus Smart,Under,8.5,105,2025-11-24,2025-11-24T00:29:07Z
Bovada,player_points_assists,Collin Gillespie,Over,19.5,-170,2025-11-24,2025-11-24T00:29:47Z
Bovada,player_points_assists,Collin Gillespie,Under,19.5,130,2025-11-24,2025-11-24T00:29:47Z
Bovada,player_points_assists,Collin Gillespie,Over,20.5,-135,2025-11-24,2025-11-24T00:29:47Z
Bovada,player_points_assists,Collin Gillespie,Under,20.5,105,2025-11-24,2025-11-24T00:29:47Z
Bovada,player_points_assists,Collin Gillespie,Over,21.5,-110,2025-11-24,2025-11-24T00:29:47Z
Bovada,player_points_assists,Collin Gillespie,Under,21.5,-120,2025-11-24,2025-11-24T00:29:47Z
Bovada,player_points_assists,De'Aaron Fox,Over,29.5,-145,2025-11-24,2025-11-24T00:29:47Z
Bovada,player_points_assists,De'Aaron Fox,Under,29.5,110,2025-11-24,2025-11-24T00:29:47Z
Bovada,player_points_assists,De'Aaron Fox,Over,30.5,-120,2025-11-24,2025-11-24T00:29:47Z
Bovada,player_points_assists,De'Aaron Fox,Under,30.5,-110,2025-11-24,2025-11-24T00:29:47Z
Bovada,player_points_assists,De'Aaron Fox,Over,31.5,100,2025-11-24,2025-11-24T00:29:47Z
Bovada,player_points_assists,De'Aaron Fox,Under,31.5,-130,2025-11-24,2025-11-24T00:29:47Z
Bovada,player_points_assists,Devin Booker,Over,35.5,-145,2025-11-24,2025-11-24T00:29:47Z
Bovada,player_points_assists,Devin Booker,Under,35.5,110,2025-11-24,2025-11-24T00:29:47Z
Bovada,player_points_assists,Devin Booker,Over,36.5,-120,2025-11-24,2025-11-24T00:29:47Z
Bovada,player_points_assists,Devin Booker,Under,36.5,-110,2025-11-24,2025-11-24T00:29:47Z
Bovada,player_points_assists,Devin Booker,Over,37.5,100,2025-11-24,2025-11-24T00:29:47Z
Bovada,player_points_assists,Devin Booker,Under,37.5,-130,2025-11-24,2025-11-24T00:29:47Z
Bovada,player_points_assists,Devin Vassell,Over,19.5,-150,2025-11-24,2025-11-24T00:29:47Z
Bovada,player_points_assists,Devin Vassell,Under,19.5,115,2025-11-24,2025-11-24T00:29:47Z
Bovada,player_points_assists,Devin Vassell,Over,20.5,-120,2025-11-24,2025-11-24T00:29:47Z
Bovada,player_points_assists,Devin Vassell,Under,20.5,-110,2025-11-24,2025-11-24T00:29:47Z
Bovada,player_points_assists,Devin Vassell,Over,21.5,105,2025-11-24,2025-11-24T00:29:47Z
Bovada,player_points_assists,Devin Vassell,Under,21.5,-135,2025-11-24,2025-11-24T00:29:47Z
Bovada,player_points_assists,Dillon Brooks,Over,19.5,-170,2025-11-24,2025-11-24T00:29:47Z
Bovada,player_points_assists,Dillon Brooks,Under,19.5,130,2025-11-24,2025-11-24T00:29:47Z
Bovada,player_points_assists,Dillon Brooks,Over,20.5,-135,2025-11-24,2025-11-24T00:29:47Z
Bovada,player_points_assists,Dillon Brooks,Under,20.5,105,2025-11-24,2025-11-24T00:29:47Z
Bovada,player_points_assists,Dillon Brooks,Over,21.5,-110,2025-11-24,2025-11-24T00:29:47Z
Bovada,player_points_assists,Dillon Brooks,Under,21.5,-120,2025-11-24,2025-11-24T00:29:47Z
Bovada,player_points_assists,Harrison Barnes,Over,14.5,-160,2025-11-24,2025-11-24T00:29:47Z
Bovada,player_points_assists,Harrison Barnes,Under,14.5,120,2025-11-24,2025-11-24T00:29:47Z
Bovada,player_points_assists,Harrison Barnes,Over,15.5,-125,2025-11-24,2025-11-24T00:29:47Z
Bovada,player_points_assists,Harrison Barnes,Under,15.5,-105,2025-11-24,2025-11-24T00:29:47Z
Bovada,player_points_assists,Harrison Barnes,Over,16.5,105,2025-11-24,2025-11-24T00:29:47Z
Bovada,player_points_assists,Harrison Barnes,Under,16.5,-135,2025-11-24,2025-11-24T00:29:47Z
Bovada,player_points_assists,Jeremy Sochan,Over,10.5,-160,2025-11-24,2025-11-24T00:29:47Z
Bovada,player_points_assists,Jeremy Sochan,Under,10.5,120,2025-11-24,2025-11-24T00:29:47Z
Bovada,player_points_assists,Jeremy Sochan,Over,11.5,-115,2025-11-24,2025-11-24T00:29:47Z
Bovada,player_points_assists,Jeremy Sochan,Under,11.5,-115,2025-11-24,2025-11-24T00:29:47Z
Bovada,player_points_assists,Jeremy Sochan,Over,12.5,115,2025-11-24,2025-11-24T00:29:47Z
Bovada,player_points_assists,Jeremy Sochan,Under,12.5,-150,2025-11-24,2025-11-24T00:29:47Z
Bovada,player_points_assists,Jordan Goodwin,Over,11.5,-150,2025-11-24,2025-11-24T00:29:47Z
Bovada,player_points_assists,Jordan Goodwin,Under,11.5,115,2025-11-24,2025-11-24T00:29:47Z
Bovada,player_points_assists,Jordan Goodwin,Over,12.5,-115,2025-11-24,2025-11-24T00:29:47Z
Bovada,player_points_assists,Jordan Goodwin,Under,12.5,-115,2025-11-24,2025-11-24T00:29:47Z
Bovada,player_points_assists,Jordan Goodwin,Over,13.5,115,2025-11-24,2025-11-24T00:29:47Z
Bovada,player_points_assists,Jordan Goodwin,Under,13.5,-150,2025-11-24,2025-11-24T00:29:47Z
Bovada,player_points_assists,Julian Champagnie,Over,11.5,-185,2025-11-24,2025-11-24T00:29:47Z
Bovada,player_points_assists,Julian Champagnie,Under,11.5,140,2025-11-24,2025-11-24T00:29:47Z
Bovada,player_points_assists,Julian Champagnie,Over,12.5,-135,2025-11-24,2025-11-24T00:29:47Z
Bovada,player_points_assists,Julian Champagnie,Under,12.5,105,2025-11-24,2025-11-24T00:29:47Z
Bovada,player_points_assists,Julian Champagnie,Over,13.5,-105,2025-11-24,2025-11-24T00:29:47Z
Bovada,player_points_assists,Julian Champagnie,Under,13.5,-125,2025-11-24,2025-11-24T00:29:47Z
Bovada,player_points_assists,Keldon Johnson,Over,16.5,-145,2025-11-24,2025-11-24T00:29:47Z
Bovada,player_points_assists,Keldon Johnson,Under,16.5,110,2025-11-24,2025-11-24T00:29:47Z
Bovada,player_points_assists,Keldon Johnson,Over,17.5,-115,2025-11-24,2025-11-24T00:29:47Z
Bovada,player_points_assists,Keldon Johnson,Under,17.5,-115,2025-11-24,2025-11-24T00:29:47Z
Bovada,player_points_assists,Keldon Johnson,Over,18.5,110,2025-11-24,2025-11-24T00:29:47Z
Bovada,player_points_assists,Keldon Johnson,Under,18.5,-145,2025-11-24,2025-11-24T00:29:47Z
Bovada,player_points_assists,Luke Kornet,Over,10.5,-160,2025-11-24,2025-11-24T00:29:47Z
Bovada,player_points_assists,Luke Kornet,Under,10.5,120,2025-11-24,2025-11-24T00:29:47Z
Bovada,player_points_assists,Luke Kornet,Over,11.5,-115,2025-11-24,2025-11-24T00:29:47Z
Bovada,player_points_assists,Luke Kornet,Under,11.5,-115,2025-11-24,2025-11-24T00:29:47Z
Bovada,player_points_assists,Luke Kornet,Over,12.5,115,2025-11-24,2025-11-24T00:29:47Z
Bovada,player_points_assists,Luke Kornet,Under,12.5,-150,2025-11-24,2025-11-24T00:29:47Z
Bovada,player_points_assists,Royce O'Neale,Over,13.5,-160,2025-11-24,2025-11-24T00:29:47Z
Bovada,player_points_assists,Royce O'Neale,Under,13.5,120,2025-11-24,2025-11-24T00:29:47Z
Bovada,player_points_assists,Royce O'Neale,Over,14.5,-120,2025-11-24,2025-11-24T00:29:47Z
Bovada,player_points_assists,Royce O'Neale,Under,14.5,-110,2025-11-24,2025-11-24T00:29:47Z
Bovada,player_points_assists,Royce O'Neale,Over,15.5,110,2025-11-24,2025-11-24T00:29:47Z
Bovada,player_points_assists,Royce O'Neale,Under,15.5,-145,2025-11-24,2025-11-24T00:29:47Z
DraftKings,player_rebounds_assists,Jalen Johnson,Over,20.5,-105,2025-11-23,2025-11-24T00:29:15Z
DraftKings,player_rebounds_assists,Jalen Johnson,Under,20.5,-125,2025-11-23,2025-11-24T00:29:15Z
DraftKings,player_rebounds_assists,Dyson Daniels,Over,13.5,-105,2025-11-23,2025-11-24T00:29:15Z
DraftKings,player_rebounds_assists,Dyson Daniels,Under,13.5,-125,2025-11-23,2025-11-24T00:29:15Z
DraftKings,player_rebounds_assists,Onyeka Okongwu,Over,11.5,100,2025-11-23,2025-11-24T00:29:15Z
DraftKings,player_rebounds_assists,Onyeka Okongwu,Under,11.5,-130,2025-11-23,2025-11-24T00:29:15Z
DraftKings,player_rebounds_assists,Sion James,Over,8.5,-175,2025-11-23,2025-11-24T00:29:15Z
DraftKings,player_rebounds_assists,Sion James,Under,8.5,135,2025-11-23,2025-11-24T00:29:15Z
DraftKings,player_rebounds_assists,Nickeil Alexander-Walker,Over,8.5,-154,2025-11-23,2025-11-24T00:29:15Z
DraftKings,player_rebounds_assists,Nickeil Alexander-Walker,Under,8.5,120,2025-11-23,2025-11-24T00:29:15Z
DraftKings,player_rebounds_assists,Collin Sexton,Over,6.5,-110,2025-11-23,2025-11-24T00:29:15Z
DraftKings,player_rebounds_assists,Collin Sexton,Under,6.5,-120,2025-11-23,2025-11-24T00:29:15Z
DraftKings,player_rebounds_assists,Kon Knueppel,Over,6.5,100,2025-11-23,2025-11-24T00:29:15Z
DraftKings,player_rebounds_assists,Kon Knueppel,Under,6.5,-130,2025-11-23,2025-11-24T00:29:15Z
DraftKings,player_rebounds_assists,Vit Krejci,Over,5.5,100,2025-11-23,2025-11-24T00:29:15Z
DraftKings,player_rebounds_assists,Vit Krejci,Under,5.5,-130,2025-11-23,2025-11-24T00:29:15Z
DraftKings,player_rebounds_assists,Zaccharie Risacher,Over,5.5,120,2025-11-23,2025-11-24T00:29:15Z
DraftKings,player_rebounds_assists,Zaccharie Risacher,Under,5.5,-154,2025-11-23,2025-11-24T00:29:15Z
DraftKings,player_rebounds_assists,Evan Mobley,Over,11.5,-120,2025-11-23,2025-11-24T00:29:18Z
DraftKings,player_rebounds_assists,Evan Mobley,Under,11.5,-110,2025-11-23,2025-11-24T00:29:18Z
DraftKings,player_rebounds_assists,Donovan Mitchell,Over,10.5,-145,2025-11-23,2025-11-24T00:29:18Z
DraftKings,player_rebounds_assists,Donovan Mitchell,Under,10.5,114,2025-11-23,2025-11-24T00:29:18Z
DraftKings,player_rebounds_assists,James Harden,Over,10.5,-110,2025-11-23,2025-11-24T00:29:18Z
DraftKings,player_rebounds_assists,James Harden,Under,10.5,-120,2025-11-23,2025-11-24T00:29:18Z
DraftKings,player_rebounds_assists,Darius Garland,Over,10.5,124,2025-11-23,2025-11-24T00:29:18Z
DraftKings,player_rebounds_assists,Darius Garland,Under,10.5,-160,2025-11-23,2025-11-24T00:29:18Z
DraftKings,player_rebounds_assists,Kris Dunn,Over,6.5,-175,2025-11-23,2025-11-24T00:29:18Z
DraftKings,player_rebounds_assists,Kris Dunn,Under,6.5,135,2025-11-23,2025-11-24T00:29:18Z
DraftKings,player_rebounds_assists,Payton Pritchard,Over,14.5,-135,2025-11-23,2025-11-24T00:29:03Z
DraftKings,player_rebounds_assists,Payton Pritchard,Under,14.5,105,2025-11-23,2025-11-24T00:29:03Z
DraftKings,player_rebounds_assists,Jaylen Brown,Over,11.5,-154,2025-11-23,2025-11-24T00:29:03Z
DraftKings,player_rebounds_assists,Jaylen Brown,Under,11.5,120,2025-11-23,2025-11-24T00:29:03Z
DraftKings,player_rebounds_assists,Franz Wagner,Over,11.5,-125,2025-11-23,2025-11-24T00:29:03Z
DraftKings,player_rebounds_assists,Franz Wagner,Under,11.5,-105,2025-11-23,2025-11-24T00:29:03Z
DraftKings,player_rebounds_assists,Desmond Bane,Over,10.5,-105,2025-11-23,2025-11-24T00:29:03Z
DraftKings,player_rebounds_assists,Desmond Bane,Under,10.5,-125,2025-11-23,2025-11-24T00:29:03Z
DraftKings,player_rebounds_assists,Derrick White,Over,8.5,-120,2025-11-23,2025-11-24T00:29:03Z
DraftKings,player_rebounds_assists,Derrick White,Under,8.5,-110,2025-11-23,2025-11-24T00:29:03Z
DraftKings,player_rebounds_assists,Scottie Barnes,Over,14.5,110,2025-11-23,2025-11-24T00:29:24Z
DraftKings,player_rebounds_assists,Scottie Barnes,Under,14.5,-140,2025-11-23,2025-11-24T00:29:24Z
DraftKings,player_rebounds_assists,Immanuel Quickley,Over,12.5,-135,2025-11-23,2025-11-24T00:29:24Z
DraftKings,player_rebounds_assists,Immanuel Quickley,Under,12.5,105,2025-11-23,2025-11-24T00:29:24Z
DraftKings,player_rebounds_assists,Nicolas Claxton,Over,12.5,110,2025-11-23,2025-11-24T00:29:24Z
DraftKings,player_rebounds_assists,Nicolas Claxton,Under,12.5,-140,2025-11-23,2025-11-24T00:29:24Z
DraftKings,player_rebounds_assists,Brandon Ingram,Over,10.5,-145,2025-11-23,2025-11-24T00:29:24Z
DraftKings,player_rebounds_assists,Brandon Ingram,Under,10.5,114,2025-11-23,2025-11-24T00:29:24Z
DraftKings,player_rebounds_assists,Egor Demin,Over,8.5,-105,2025-11-23,2025-11-24T00:29:24Z
DraftKings,player_rebounds_assists,Egor Demin,Under,8.5,-125,2025-11-23,2025-11-24T00:29:24Z
DraftKings,player_rebounds_assists,R.J. Barrett,Over,7.5,-110,2025-11-23,2025-11-24T00:29:24Z
DraftKings,player_rebounds_assists,R.J. Barrett,Under,7.5,-120,2025-11-23,2025-11-24T00:29:24Z
DraftKings,player_rebounds_assists,Jamal Shead,Over,7.5,110,2025-11-23,2025-11-24T00:29:24Z
DraftKings,player_rebounds_assists,Jamal Shead,Under,7.5,-140,2025-11-23,2025-11-24T00:29:24Z
DraftKings,player_rebounds_assists,Michael Porter Jr,Over,7.5,114,2025-11-23,2025-11-24T00:29:24Z
DraftKings,player_rebounds_assists,Michael Porter Jr,Under,7.5,-145,2025-11-23,2025-11-24T00:29:24Z
DraftKings,player_rebounds_assists,Day'Ron Sharpe,Over,7.5,120,2025-11-23,2025-11-24T00:29:24Z
DraftKings,player_rebounds_assists,Day'Ron Sharpe,Under,7.5,-154,2025-11-23,2025-11-24T00:29:24Z
DraftKings,player_rebounds_assists,Tyrese Martin,Over,6.5,-160,2025-11-23,2025-11-24T00:29:24Z
DraftKings,player_rebounds_assists,Tyrese Martin,Under,6.5,124,2025-11-23,2025-11-24T00:29:24Z
DraftKings,player_rebounds_assists,Terance Mann,Over,6.5,-110,2025-11-23,2025-11-24T00:29:24Z
DraftKings,player_rebounds_assists,Terance Mann,Under,6.5,-120,2025-11-23,2025-11-24T00:29:24Z
DraftKings,player_rebounds_assists,Sandro Mamukelashvili,Over,5.5,-130,2025-11-23,2025-11-24T00:29:24Z
DraftKings,player_rebounds_assists,Sandro Mamukelashvili,Under,5.5,100,2025-11-23,2025-11-24T00:29:24Z
DraftKings,player_rebounds_assists,Ziaire Williams,Over,5.5,124,2025-11-23,2025-11-24T00:29:24Z
DraftKings,player_rebounds_assists,Ziaire Williams,Under,5.5,-160,2025-11-23,2025-11-24T00:29:24Z
DraftKings,player_rebounds_assists,Collin Murray-Boyles,Over,4.5,-140,2025-11-23,2025-11-24T00:29:24Z
DraftKings,player_rebounds_assists,Collin Murray-Boyles,Under,4.5,110,2025-11-23,2025-11-24T00:29:24Z
DraftKings,player_rebounds_assists,Drake Powell,Over,4.5,105,2025-11-23,2025-11-24T00:29:24Z
DraftKings,player_rebounds_assists,Drake Powell,Under,4.5,-135,2025-11-23,2025-11-24T00:29:24Z
DraftKings,player_rebounds_assists,Noah Clowney,Over,3.5,-125,2025-11-23,2025-11-24T00:29:24Z
DraftKings,player_rebounds_assists,Noah Clowney,Under,3.5,-105,2025-11-23,2025-11-24T00:29:24Z
DraftKings,player_rebounds_assists,Gradey Dick,Over,2.5,-115,2025-11-23,2025-11-24T00:29:24Z
DraftKings,player_rebounds_assists,Gradey Dick,Under,2.5,-115,2025-11-23,2025-11-24T00:29:24Z
DraftKings,player_rebounds_assists,Isaiah Hartenstein,Over,13.5,-125,2025-11-24,2025-11-24T00:29:09Z
DraftKings,player_rebounds_assists,Isaiah Hartenstein,Under,13.5,-105,2025-11-24,2025-11-24T00:29:09Z
DraftKings,player_rebounds_assists,Deni Avdija,Over,12.5,-125,2025-11-24,2025-11-24T00:29:09Z
DraftKings,player_rebounds_assists,Deni Avdija,Under,12.5,-105,2025-11-24,2025-11-24T00:29:09Z
DraftKings,player_rebounds_assists,Chet Holmgren,Over,11.5,-145,2025-11-24,2025-11-24T00:29:09Z
DraftKings,player_rebounds_assists,Chet Holmgren,Under,11.5,114,2025-11-24,2025-11-24T00:29:09Z
DraftKings,player_rebounds_assists,Donovan Clingan,Over,10.5,105,2025-11-24,2025-11-24T00:29:09Z
DraftKings,player_rebounds_assists,Donovan Clingan,Under,10.5,-135,2025-11-24,2025-11-24T00:29:09Z
DraftKings,player_rebounds_assists,Shai Gilgeous-Alexander,Over,8.5,-110,2025-11-24,2025-11-24T00:29:09Z
DraftKings,player_rebounds_assists,Shai Gilgeous-Alexander,Under,8.5,-120,2025-11-24,2025-11-24T00:29:09Z
DraftKings,player_rebounds_assists,Jaylin Williams,Over,8.5,100,2025-11-24,2025-11-24T00:29:09Z
DraftKings,player_rebounds_assists,Jaylin Williams,Under,8.5,-130,2025-11-24,2025-11-24T00:29:09Z
DraftKings,player_rebounds_assists,Toumani Camara,Over,7.5,-130,2025-11-24,2025-11-24T00:29:09Z
DraftKings,player_rebounds_assists,Toumani Camara,Under,7.5,100,2025-11-24,2025-11-24T00:29:09Z
DraftKings,player_rebounds_assists,Ajay Mitchell,Over,6.5,-120,2025-11-24,2025-11-24T00:29:09Z
DraftKings,player_rebounds_assists,Ajay Mitchell,Under,6.5,-110,2025-11-24,2025-11-24T00:29:09Z
DraftKings,player_rebounds_assists,Cason Wallace,Over,5.5,-120,2025-11-24,2025-11-24T00:29:09Z
DraftKings,player_rebounds_assists,Cason Wallace,Under,5.5,-110,2025-11-24,2025-11-24T00:29:09Z
DraftKings,player_rebounds_assists,Jerami Grant,Over,5.5,105,2025-11-24,2025-11-24T00:29:09Z
DraftKings,player_rebounds_assists,Jerami Grant,Under,5.5,-135,2025-11-24,2025-11-24T00:29:09Z
DraftKings,player_rebounds_assists,Kris Murray,Over,4.5,-130,2025-11-24,2025-11-24T00:29:09Z
DraftKings,player_rebounds_assists,Kris Murray,Under,4.5,100,2025-11-24,2025-11-24T00:29:09Z
DraftKings,player_rebounds_assists,Alex Caruso,Over,4.5,-115,2025-11-24,2025-11-24T00:29:09Z
DraftKings,player_rebounds_assists,Alex Caruso,Under,4.5,-115,2025-11-24,2025-11-24T00:29:09Z
DraftKings,player_rebounds_assists,Isaiah Joe,Over,4.5,-110,2025-11-24,2025-11-24T00:29:09Z
DraftKings,player_rebounds_assists,Isaiah Joe,Under,4.5,-120,2025-11-24,2025-11-24T00:29:09Z
DraftKings,player_rebounds_assists,Luka Doncic,Over,16.5,-125,2025-11-24,2025-11-24T00:29:38Z
DraftKings,player_rebounds_assists,Luka Doncic,Under,16.5,-105,2025-11-24,2025-11-24T00:29:38Z
DraftKings,player_rebounds_assists,LeBron James,Over,13.5,-124,2025-11-24,2025-11-24T00:29:38Z
DraftKings,player_rebounds_assists,LeBron James,Under,13.5,-106,2025-11-24,2025-11-24T00:29:38Z
DraftKings,player_rebounds_assists,Jusuf Nurkic,Over,13.5,104,2025-11-24,2025-11-24T00:29:38Z
DraftKings,player_rebounds_assists,Jusuf Nurkic,Under,13.5,-137,2025-11-24,2025-11-24T00:29:38Z
DraftKings,player_rebounds_assists,Keyonte George,Over,9.5,-134,2025-11-24,2025-11-24T00:29:38Z
DraftKings,player_rebounds_assists,Keyonte George,Under,9.5,102,2025-11-24,2025-11-24T00:29:38Z
DraftKings,player_rebounds_assists,Austin Reaves,Over,9.5,-107,2025-11-24,2025-11-24T00:29:38Z
DraftKings,player_rebounds_assists,Austin Reaves,Under,9.5,-123,2025-11-24,2025-11-24T00:29:38Z
DraftKings,player_rebounds_assists,Isaiah Collier,Over,8.5,102,2025-11-24,2025-11-24T00:29:38Z
DraftKings,player_rebounds_assists,Isaiah Collier,Under,8.5,-135,2025-11-24,2025-11-24T00:29:38Z
DraftKings,player_rebounds_assists,Lauri Markkanen,Over,7.5,-120,2025-11-24,2025-11-24T00:29:38Z
DraftKings,player_rebounds_assists,Lauri Markkanen,Under,7.5,-109,2025-11-24,2025-11-24T00:29:38Z
DraftKings,player_rebounds_assists,Devin Booker,Over,11.5,-133,2025-11-24,2025-11-24T00:29:31Z
DraftKings,player_rebounds_assists,Devin Booker,Under,11.5,101,2025-11-24,2025-11-24T00:29:31Z
DraftKings,player_rebounds_assists,De'Aaron Fox,Over,11.5,-117,2025-11-24,2025-11-24T00:29:31Z
DraftKings,player_rebounds_assists,De'Aaron Fox,Under,11.5,-112,2025-11-24,2025-11-24T00:29:31Z
DraftKings,player_rebounds_assists,Collin Gillespie,Over,10.5,-128,2025-11-24,2025-11-24T00:29:31Z
DraftKings,player_rebounds_assists,Collin Gillespie,Under,10.5,-103,2025-11-24,2025-11-24T00:29:31Z
DraftKings,player_rebounds_assists,Luke Kornet,Over,9.5,102,2025-11-24,2025-11-24T00:29:31Z
DraftKings,player_rebounds_assists,Luke Kornet,Under,9.5,-135,2025-11-24,2025-11-24T00:29:31Z
DraftKings,player_rebounds_assists,Keldon Johnson,Over,9.5,110,2025-11-24,2025-11-24T00:29:31Z
DraftKings,player_rebounds_assists,Keldon Johnson,Under,9.5,-146,2025-11-24,2025-11-24T00:29:31Z
DraftKings,player_rebounds_assists,Royce O'Neale,Over,8.5,-118,2025-11-24,2025-11-24T00:29:31Z
DraftKings,player_rebounds_assists,Royce O'Neale,Under,8.5,-111,2025-11-24,2025-11-24T00:29:31Z
DraftKings,player_rebounds_assists,Devin Vassell,Over,7.5,-101,2025-11-24,2025-11-24T00:29:31Z
DraftKings,player_rebounds_assists,Devin Vassell,Under,7.5,-131,2025-11-24,2025-11-24T00:29:31Z
DraftKings,player_rebounds_assists,Julian Champagnie,Over,6.5,105,2025-11-24,2025-11-24T00:29:31Z
DraftKings,player_rebounds_assists,Julian Champagnie,Under,6.5,-139,2025-11-24,2025-11-24T00:29:31Z
DraftKings,player_rebounds_assists,Harrison Barnes,Over,5.5,-136,2025-11-24,2025-11-24T00:29:31Z
DraftKings,player_rebounds_assists,Harrison Barnes,Under,5.5,103,2025-11-24,2025-11-24T00:29:31Z
DraftKings,player_rebounds_assists,Dillon Brooks,Over,5.5,-122,2025-11-24,2025-11-24T00:29:31Z
DraftKings,player_rebounds_assists,Dillon Brooks,Under,5.5,-108,2025-11-24,2025-11-24T00:29:31Z
FanDuel,player_rebounds_assists,LeBron James,Over,13.5,-122,2025-11-24,2025-11-24T00:29:38Z
FanDuel,player_rebounds_assists,LeBron James,Under,13.5,-104,2025-11-24,2025-11-24T00:29:38Z
FanDuel,player_rebounds_assists,Austin Reaves,Over,9.5,108,2025-11-24,2025-11-24T00:29:38Z
FanDuel,player_rebounds_assists,Austin Reaves,Under,9.5,-138,2025-11-24,2025-11-24T00:29:38Z
FanDuel,player_rebounds_assists,Luka Doncic,Over,16.5,-122,2025-11-24,2025-11-24T00:29:38Z
FanDuel,player_rebounds_assists,Luka Doncic,Under,16.5,-104,2025-11-24,2025-11-24T00:29:38Z
FanDuel,player_rebounds_assists,Jusuf Nurkic,Over,12.5,-125,2025-11-24,2025-11-24T00:29:38Z
FanDuel,player_rebounds_assists,Jusuf Nurkic,Under,12.5,-102,2025-11-24,2025-11-24T00:29:38Z
FanDuel,player_rebounds_assists,Isaiah Collier,Over,8.5,-106,2025-11-24,2025-11-24T00:29:38Z
FanDuel,player_rebounds_assists,Isaiah Collier,Under,8.5,-120,2025-11-24,2025-11-24T00:29:38Z
FanDuel,player_rebounds_assists,Keyonte George,Over,9.5,-138,2025-11-24,2025-11-24T00:29:38Z
FanDuel,player_rebounds_assists,Keyonte George,Under,9.5,108,2025-11-24,2025-11-24T00:29:38Z
FanDuel,player_rebounds_assists,Julian Champagnie,Over,6.5,112,2025-11-24,2025-11-24T00:27:46Z
FanDuel,player_rebounds_assists,Julian Champagnie,Under,6.5,-142,2025-11-24,2025-11-24T00:27:46Z
FanDuel,player_rebounds_assists,Dillon Brooks,Over,5.5,-106,2025-11-24,2025-11-24T00:27:46Z
FanDuel,player_rebounds_assists,Dillon Brooks,Under,5.5,-120,2025-11-24,2025-11-24T00:27:46Z
FanDuel,player_rebounds_assists,Devin Vassell,Over,7.5,104,2025-11-24,2025-11-24T00:27:46Z
FanDuel,player_rebounds_assists,Devin Vassell,Under,7.5,-132,2025-11-24,2025-11-24T00:27:46Z
FanDuel,player_rebounds_assists,Royce O'Neale,Over,8.5,-115,2025-11-24,2025-11-24T00:27:46Z
FanDuel,player_rebounds_assists,Royce O'Neale,Under,8.5,-111,2025-11-24,2025-11-24T00:27:46Z
FanDuel,player_rebounds_assists,Keldon Johnson,Over,9.5,106,2025-11-24,2025-11-24T00:27:46Z
FanDuel,player_rebounds_assists,Keldon Johnson,Under,9.5,-136,2025-11-24,2025-11-24T00:27:46Z
FanDuel,player_rebounds_assists,Harrison Barnes,Over,5.5,-138,2025-11-24,2025-11-24T00:27:46Z
FanDuel,player_rebounds_assists,Harrison Barnes,Under,5.5,108,2025-11-24,2025-11-24T00:27:46Z
FanDuel,player_rebounds_assists,Luke Kornet,Over,9.5,-104,2025-11-24,2025-11-24T00:27:46Z
FanDuel,player_rebounds_assists,Luke Kornet,Under,9.5,-122,2025-11-24,2025-11-24T00:27:46Z
FanDuel,player_rebounds_assists,Devin Booker,Over,11.5,-128,2025-11-24,2025-11-24T00:27:46Z
FanDuel,player_rebounds_assists,Devin Booker,Under,11.5,100,2025-11-24,2025-11-24T00:27:46Z
FanDuel,player_rebounds_assists,De'Aaron Fox,Over,11.5,-106,2025-11-24,2025-11-24T00:27:46Z
FanDuel,player_rebounds_assists,De'Aaron Fox,Under,11.5,-120,2025-11-24,2025-11-24T00:27:46Z
BetMGM,player_rebounds_assists,Lauri Markkanen,Over,7.5,-105,2025-11-24,2025-11-24T00:29:46Z
BetMGM,player_rebounds_assists,Lauri Markkanen,Under,7.5,-130,2025-11-24,2025-11-24T00:29:46Z
BetMGM,player_rebounds_assists,Austin Reaves,Over,9.5,105,2025-11-24,2025-11-24T00:29:46Z
BetMGM,player_rebounds_assists,Austin Reaves,Under,9.5,-140,2025-11-24,2025-11-24T00:29:46Z
BetMGM,player_rebounds_assists,Luka Doncic,Over,16.5,-125,2025-11-24,2025-11-24T00:29:46Z
BetMGM,player_rebounds_assists,Luka Doncic,Under,16.5,-105,2025-11-24,2025-11-24T00:29:46Z
BetMGM,player_rebounds_assists,Keyonte George,Over,9.5,-115,2025-11-24,2025-11-24T00:29:46Z
BetMGM,player_rebounds_assists,Keyonte George,Under,9.5,-115,2025-11-24,2025-11-24T00:29:46Z
BetMGM,player_rebounds_assists,Jusuf Nurkic,Over,12.5,-135,2025-11-24,2025-11-24T00:29:46Z
BetMGM,player_rebounds_assists,Jusuf Nurkic,Under,12.5,100,2025-11-24,2025-11-24T00:29:46Z
BetMGM,player_rebounds_assists,Deandre Ayton,Over,9.5,-115,2025-11-24,2025-11-24T00:29:46Z
BetMGM,player_rebounds_assists,Deandre Ayton,Under,9.5,-115,2025-11-24,2025-11-24T00:29:46Z
BetMGM,player_rebounds_assists,Svi Mykhailiuk,Over,3.5,-125,2025-11-24,2025-11-24T00:29:46Z
BetMGM,player_rebounds_assists,Svi Mykhailiuk,Under,3.5,-105,2025-11-24,2025-11-24T00:29:46Z
BetMGM,player_rebounds_assists,Ace Bailey,Over,5.5,-110,2025-11-24,2025-11-24T00:29:46Z
BetMGM,player_rebounds_assists,Ace Bailey,Under,5.5,-125,2025-11-24,2025-11-24T00:29:46Z
BetMGM,player_rebounds_assists,LeBron James,Over,13.5,-105,2025-11-24,2025-11-24T00:29:46Z
BetMGM,player_rebounds_assists,LeBron James,Under,13.5,-130,2025-11-24,2025-11-24T00:29:46Z
BetMGM,player_rebounds_assists,Rui Hachimura,Over,3.5,-160,2025-11-24,2025-11-24T00:29:46Z
BetMGM,player_rebounds_assists,Rui Hachimura,Under,3.5,120,2025-11-24,2025-11-24T00:29:46Z
BetMGM,player_rebounds_assists,Royce O'Neale,Over,8.5,100,2025-11-24,2025-11-24T00:29:29Z
BetMGM,player_rebounds_assists,Royce O'Neale,Under,8.5,-135,2025-11-24,2025-11-24T00:29:29Z
BetMGM,player_rebounds_assists,De'Aaron Fox,Over,11.5,105,2025-11-24,2025-11-24T00:29:29Z
BetMGM,player_rebounds_assists,De'Aaron Fox,Under,11.5,-140,2025-11-24,2025-11-24T00:29:29Z
BetMGM,player_rebounds_assists,Devin Booker,Over,12.5,105,2025-11-24,2025-11-24T00:29:29Z
BetMGM,player_rebounds_assists,Devin Booker,Under,12.5,-140,2025-11-24,2025-11-24T00:29:29Z
BetMGM,player_rebounds_assists,Harrison Barnes,Over,6.5,110,2025-11-24,2025-11-24T00:29:29Z
BetMGM,player_rebounds_assists,Harrison Barnes,Under,6.5,-150,2025-11-24,2025-11-24T00:29:29Z
BetMGM,player_rebounds_assists,Dillon Brooks,Over,5.5,110,2025-11-24,2025-11-24T00:29:29Z
BetMGM,player_rebounds_assists,Dillon Brooks,Under,5.5,-145,2025-11-24,2025-11-24T00:29:29Z
BetMGM,player_rebounds_assists,Devin Vassell,Over,7.5,-120,2025-11-24,2025-11-24T00:29:29Z
BetMGM,player_rebounds_assists,Devin Vassell,Under,7.5,-110,2025-11-24,2025-11-24T00:29:29Z
BetMGM,player_rebounds_assists,Luke Kornet,Over,9.5,-110,2025-11-24,2025-11-24T00:29:29Z
BetMGM,player_rebounds_assists,Luke Kornet,Under,9.5,-118,2025-11-24,2025-11-24T00:29:29Z
BetMGM,player_rebounds_assists,Julian Champagnie,Over,6.5,115,2025-11-24,2025-11-24T00:29:29Z
BetMGM,player_rebounds_assists,Julian Champagnie,Under,6.5,-150,2025-11-24,2025-11-24T00:29:29Z
BetMGM,player_rebounds_assists,Mark Williams,Over,10.5,105,2025-11-24,2025-11-24T00:29:29Z
BetMGM,player_rebounds_assists,Mark Williams,Under,10.5,-140,2025-11-24,2025-11-24T00:29:29Z
BetMGM,player_rebounds_assists,Collin Gillespie,Over,10.5,-135,2025-11-24,2025-11-24T00:29:29Z
BetMGM,player_rebounds_assists,Collin Gillespie,Under,10.5,100,2025-11-24,2025-11-24T00:29:29Z
Bovada,player_rebounds_assists,Austin Reaves,Over,9.5,110,2025-11-24,2025-11-24T00:29:07Z
Bovada,player_rebounds_assists,Austin Reaves,Under,9.5,-145,2025-11-24,2025-11-24T00:29:07Z
Bovada,player_rebounds_assists,Isaiah Collier,Over,7.5,-180,2025-11-24,2025-11-24T00:29:07Z
Bovada,player_rebounds_assists,Isaiah Collier,Under,7.5,135,2025-11-24,2025-11-24T00:29:07Z
Bovada,player_rebounds_assists,Isaiah Collier,Over,8.5,-110,2025-11-24,2025-11-24T00:29:07Z
Bovada,player_rebounds_assists,Isaiah Collier,Under,8.5,-120,2025-11-24,2025-11-24T00:29:07Z
Bovada,player_rebounds_assists,Isaiah Collier,Over,9.5,145,2025-11-24,2025-11-24T00:29:07Z
Bovada,player_rebounds_assists,Isaiah Collier,Under,9.5,-190,2025-11-24,2025-11-24T00:29:07Z
Bovada,player_rebounds_assists,Jusuf Nurkic,Over,11.5,-210,2025-11-24,2025-11-24T00:29:07Z
Bovada,player_rebounds_assists,Jusuf Nurkic,Under,11.5,155,2025-11-24,2025-11-24T00:29:07Z
Bovada,player_rebounds_assists,Jusuf Nurkic,Over,12.5,-135,2025-11-24,2025-11-24T00:29:07Z
Bovada,player_rebounds_assists,Jusuf Nurkic,Under,12.5,105,2025-11-24,2025-11-24T00:29:07Z
Bovada,player_rebounds_assists,Jusuf Nurkic,Over,13.5,105,2025-11-24,2025-11-24T00:29:07Z
Bovada,player_rebounds_assists,Jusuf Nurkic,Under,13.5,-135,2025-11-24,2025-11-24T00:29:07Z
Bovada,player_rebounds_assists,Keyonte George,Over,8.5,-230,2025-11-24,2025-11-24T00:29:07Z
Bovada,player_rebounds_assists,Keyonte George,Under,8.5,170,2025-11-24,2025-11-24T00:29:07Z
Bovada,player_rebounds_assists,Keyonte George,Over,9.5,-145,2025-11-24,2025-11-24T00:29:07Z
Bovada,player_rebounds_assists,Keyonte George,Under,9.5,110,2025-11-24,2025-11-24T00:29:07Z
Bovada,player_rebounds_assists,Keyonte George,Over,10.5,105,2025-11-24,2025-11-24T00:29:07Z
Bovada,player_rebounds_assists,Keyonte George,Under,10.5,-135,2025-11-24,2025-11-24T00:29:07Z
Bovada,player_rebounds_assists,LeBron James,Over,12.5,-200,2025-11-24,2025-11-24T00:29:07Z
Bovada,player_rebounds_assists,LeBron James,Under,12.5,150,2025-11-24,2025-11-24T00:29:07Z
Bovada,player_rebounds_assists,LeBron James,Over,13.5,-135,2025-11-24,2025-11-24T00:29:07Z
Bovada,player_rebounds_assists,LeBron James,Under,13.5,105,2025-11-24,2025-11-24T00:29:07Z
Bovada,player_rebounds_assists,LeBron James,Over,14.5,105,2025-11-24,2025-11-24T00:29:07Z
Bovada,player_rebounds_assists,LeBron James,Under,14.5,-135,2025-11-24,2025-11-24T00:29:07Z
Bovada,player_rebounds_assists,Luka Doncic,Over,15.5,-190,2025-11-24,2025-11-24T00:29:07Z
Bovada,player_rebounds_assists,Luka Doncic,Under,15.5,145,2025-11-24,2025-11-24T00:29:07Z
Bovada,player_rebounds_assists,Luka Doncic,Over,16.5,-135,2025-11-24,2025-11-24T00:29:07Z
Bovada,player_rebounds_assists,Luka Doncic,Under,16.5,105,2025-11-24,2025-11-24T00:29:07Z
Bovada,player_rebounds_assists,Luka Doncic,Over,17.5,105,2025-11-24,2025-11-24T00:29:07Z
Bovada,player_rebounds_assists,Luka Doncic,Under,17.5,-135,2025-11-24,2025-11-24T00:29:07Z
Bovada,player_rebounds_assists,Collin Gillespie,Over,9.5,-215,2025-11-24,2025-11-24T00:29:47Z
Bovada,player_rebounds_assists,Collin Gillespie,Under,9.5,160,2025-11-24,2025-11-24T00:29:47Z
Bovada,player_rebounds_assists,Collin Gillespie,Over,10.5,-135,2025-11-24,2025-11-24T00:29:47Z
Bovada,player_rebounds_assists,Collin Gillespie,Under,10.5,105,2025-11-24,2025-11-24T00:29:47Z
Bovada,player_rebounds_assists,Collin Gillespie,Over,11.5,110,2025-11-24,2025-11-24T00:29:47Z
Bovada,player_rebounds_assists,Collin Gillespie,Under,11.5,-145,2025-11-24,2025-11-24T00:29:47Z
Bovada,player_rebounds_assists,De'Aaron Fox,Over,10.5,-170,2025-11-24,2025-11-24T00:29:47Z
Bovada,player_rebounds_assists,De'Aaron Fox,Under,10.5,130,2025-11-24,2025-11-24T00:29:47Z
Bovada,player_rebounds_assists,De'Aaron Fox,Over,11.5,-115,2025-11-24,2025-11-24T00:29:47Z
Bovada,player_rebounds_assists,De'Aaron Fox,Under,11.5,-115,2025-11-24,2025-11-24T00:29:47Z
Bovada,player_rebounds_assists,De'Aaron Fox,Over,12.5,130,2025-11-24,2025-11-24T00:29:47Z
Bovada,player_rebounds_assists,De'Aaron Fox,Under,12.5,-170,2025-11-24,2025-11-24T00:29:47Z
Bovada,player_rebounds_assists,Devin Booker,Over,10.5,-220,2025-11-24,2025-11-24T00:29:47Z
Bovada,player_rebounds_assists,Devin Booker,Under,10.5,165,2025-11-24,2025-11-24T00:29:47Z
Bovada,player_rebounds_assists,Devin Booker,Over,11.5,-145,2025-11-24,2025-11-24T00:29:47Z
Bovada,player_rebounds_assists,Devin Booker,Under,11.5,110,2025-11-24,2025-11-24T00:29:47Z
Bovada,player_rebounds_assists,Devin Booker,Over,12.5,105,2025-11-24,2025-11-24T00:29:47Z
Bovada,player_rebounds_assists,Devin Booker,Under,12.5,-135,2025-11-24,2025-11-24T00:29:47Z
Bovada,player_rebounds_assists,Devin Vassell,Over,5.5,-275,2025-11-24,2025-11-24T00:29:47Z
Bovada,player_rebounds_assists,Devin Vassell,Under,5.5,200,2025-11-24,2025-11-24T00:29:47Z
Bovada,player_rebounds_assists,Devin Vassell,Over,6.5,-150,2025-11-24,2025-11-24T00:29:47Z
Bovada,player_rebounds_assists,Devin Vassell,Under,6.5,115,2025-11-24,2025-11-24T00:29:47Z
Bovada,player_rebounds_assists,Devin Vassell,Over,7.5,110,2025-11-24,2025-11-24T00:29:47Z
Bovada,player_rebounds_assists,Devin Vassell,Under,7.5,-145,2025-11-24,2025-11-24T00:29:47Z
Bovada,player_rebounds_assists,Dillon Brooks,Over,4.5,-200,2025-11-24,2025-11-24T00:29:47Z
Bovada,player_rebounds_assists,Dillon Brooks,Under,4.5,150,2025-11-24,2025-11-24T00:29:47Z
Bovada,player_rebounds_assists,Dillon Brooks,Over,5.5,-110,2025-11-24,2025-11-24T00:29:47Z
Bovada,player_rebounds_assists,Dillon Brooks,Under,5.5,-120,2025-11-24,2025-11-24T00:29:47Z
Bovada,player_rebounds_assists,Dillon Brooks,Over,6.5,160,2025-11-24,2025-11-24T00:29:47Z
Bovada,player_rebounds_assists,Dillon Brooks,Under,6.5,-215,2025-11-24,2025-11-24T00:29:47Z
Bovada,player_rebounds_assists,Harrison Barnes,Over,4.5,-275,2025-11-24,2025-11-24T00:29:47Z
Bovada,player_rebounds_assists,Harrison Barnes,Under,4.5,200,2025-11-24,2025-11-24T00:29:47Z
Bovada,player_rebounds_assists,Harrison Barnes,Over,5.5,-145,2025-11-24,2025-11-24T00:29:47Z
Bovada,player_rebounds_assists,Harrison Barnes,Under,5.5,110,2025-11-24,2025-11-24T00:29:47Z
Bovada,player_rebounds_assists,Harrison Barnes,Over,6.5,120,2025-11-24,2025-11-24T00:29:47Z
Bovada,player_rebounds_assists,Harrison Barnes,Under,6.5,-160,2025-11-24,2025-11-24T00:29:47Z
Bovada,player_rebounds_assists,Jordan Goodwin,Over,6.5,-185,2025-11-24,2025-11-24T00:29:47Z
Bovada,player_rebounds_assists,Jordan Goodwin,Under,6.5,140,2025-11-24,2025-11-24T00:29:47Z
Bovada,player_rebounds_assists,Jordan Goodwin,Over,7.5,-110,2025-11-24,2025-11-24T00:29:47Z
Bovada,player_rebounds_assists,Jordan Goodwin,Under,7.5,-120,2025-11-24,2025-11-24T00:29:47Z
Bovada,player_rebounds_assists,Jordan Goodwin,Over,8.5,150,2025-11-24,2025-11-24T00:29:47Z
Bovada,player_rebounds_assists,Jordan Goodwin,Under,8.5,-200,2025-11-24,2025-11-24T00:29:47Z
Bovada,player_rebounds_assists,Julian Champagnie,Over,5.5,-160,2025-11-24,2025-11-24T00:29:47Z
Bovada,player_rebounds_assists,Julian Champagnie,Under,5.5,120,2025-11-24,2025-11-24T00:29:47Z
Bovada,player_rebounds_assists,Julian Champagnie,Over,6.5,110,2025-11-24,2025-11-24T00:29:47Z
Bovada,player_rebounds_assists,Julian Champagnie,Under,6.5,-145,2025-11-24,2025-11-24T00:29:47Z
Bovada,player_rebounds_assists,Julian Champagnie,Over,7.5,185,2025-11-24,2025-11-24T00:29:47Z
Bovada,player_rebounds_assists,Julian Champagnie,Under,7.5,-250,2025-11-24,2025-11-24T00:29:47Z
Bovada,player_rebounds_assists,Keldon Johnson,Over,7.5,-240,2025-11-24,2025-11-24T00:29:47Z
Bovada,player_rebounds_assists,Keldon Johnson,Under,7.5,175,2025-11-24,2025-11-24T00:29:47Z
Bovada,player_rebounds_assists,Keldon Johnson,Over,8.5,-145,2025-11-24,2025-11-24T00:29:47Z
Bovada,player_rebounds_assists,Keldon Johnson,Under,8.5,110,2025-11-24,2025-11-24T00:29:47Z
Bovada,player_rebounds_assists,Keldon Johnson,Over,9.5,110,2025-11-24,2025-11-24T00:29:47Z
Bovada,player_rebounds_assists,Keldon Johnson,Under,9.5,-145,2025-11-24,2025-11-24T00:29:47Z
Bovada,player_rebounds_assists,Luke Kornet,Over,7.5,-250,2025-11-24,2025-11-24T00:29:47Z
Bovada,player_rebounds_assists,Luke Kornet,Under,7.5,185,2025-11-24,2025-11-24T00:29:47Z
Bovada,player_rebounds_assists,Luke Kornet,Over,8.5,-150,2025-11-24,2025-11-24T00:29:47Z
Bovada,player_rebounds_assists,Luke Kornet,Under,8.5,115,2025-11-24,2025-11-24T00:29:47Z
Bovada,player_rebounds_assists,Luke Kornet,Over,9.5,105,2025-11-24,2025-11-24T00:29:47Z
Bovada,player_rebounds_assists,Luke Kornet,Under,9.5,-135,2025-11-24,2025-11-24T00:29:47Z
Bovada,player_rebounds_assists,Royce O'Neale,Over,7.5,-200,2025-11-24,2025-11-24T00:29:47Z
Bovada,player_rebounds_assists,Royce O'Neale,Under,7.5,150,2025-11-24,2025-11-24T00:29:47Z
Bovada,player_rebounds_assists,Royce O'Neale,Over,8.5,-120,2025-11-24,2025-11-24T00:29:47Z
Bovada,player_rebounds_assists,Royce O'Neale,Under,8.5,-110,2025-11-24,2025-11-24T00:29:47Z
Bovada,player_rebounds_assists,Royce O'Neale,Over,9.5,130,2025-11-24,2025-11-24T00:29:47Z
Bovada,player_rebounds_assists,Royce O'Neale,Under,9.5,-170,2025-11-24,2025-11-24T00:29:47Z
DraftKings,player_blocks_steals,Luka Doncic,Over,2.5,114,2025-11-24,2025-11-24T00:29:38Z
DraftKings,player_blocks_steals,Luka Doncic,Under,2.5,-152,2025-11-24,2025-11-24T00:29:38Z
DraftKings,player_blocks_steals,LeBron James,Over,1.5,-167,2025-11-24,2025-11-24T00:29:38Z
DraftKings,player_blocks_steals,LeBron James,Under,1.5,126,2025-11-24,2025-11-24T00:29:38Z
DraftKings,player_blocks_steals,Deandre Ayton,Over,1.5,-145,2025-11-24,2025-11-24T00:29:38Z
DraftKings,player_blocks_steals,Deandre Ayton,Under,1.5,109,2025-11-24,2025-11-24T00:29:38Z
DraftKings,player_blocks_steals,Ace Bailey,Over,1.5,134,2025-11-24,2025-11-24T00:29:38Z
DraftKings,player_blocks_steals,Ace Bailey,Under,1.5,-180,2025-11-24,2025-11-24T00:29:38Z
