BOOKMAKER,CATEGORY,NAME,OVER/UNDER,LINE,ODDS,COMMENCE_TIME,LAST_UPDATE
FanDuel,player_points,Nickeil Alexander-Walker,Over,17.5,-120,2025-11-29,2025-11-28T08:54:17Z
FanDuel,player_points,Nickeil Alexander-Walker,Under,17.5,-110,2025-11-29,2025-11-28T08:54:17Z
FanDuel,player_points,Zaccharie Risacher,Over,10.5,-120,2025-11-29,2025-11-28T08:54:17Z
FanDuel,player_points,Zaccharie Risacher,Under,10.5,-110,2025-11-29,2025-11-28T08:54:17Z
FanDuel,player_points,Kristaps Porzingis,Over,18.5,-120,2025-11-29,2025-11-28T08:54:17Z
FanDuel,player_points,Kristaps Porzingis,Under,18.5,-110,2025-11-29,2025-11-28T08:54:17Z
FanDuel,player_points,De'Andre Hunter,Over,16.5,100,2025-11-29,2025-11-28T08:54:17Z
FanDuel,player_points,De'Andre Hunter,Under,16.5,-132,2025-11-29,2025-11-28T08:54:17Z
FanDuel,player_points,Darius Garland,Over,15.5,-118,2025-11-29,2025-11-28T08:54:17Z
FanDuel,player_points,Darius Garland,Under,15.5,-112,2025-11-29,2025-11-28T08:54:17Z
FanDuel,player_points,Vit Krejci,Over,7.5,-108,2025-11-29,2025-11-28T08:54:17Z
FanDuel,player_points,Vit Krejci,Under,7.5,-122,2025-11-29,2025-11-28T08:54:17Z
FanDuel,player_points,Lonzo Ball,Over,5.5,-114,2025-11-29,2025-11-28T08:54:17Z
FanDuel,player_points,Lonzo Ball,Under,5.5,-114,2025-11-29,2025-11-28T08:54:17Z
FanDuel,player_points,Donovan Mitchell,Over,28.5,-125,2025-11-29,2025-11-28T08:54:17Z
FanDuel,player_points,Donovan Mitchell,Under,28.5,-106,2025-11-29,2025-11-28T08:54:17Z
FanDuel,player_points,Onyeka Okongwu,Over,13.5,100,2025-11-29,2025-11-28T08:54:17Z
FanDuel,player_points,Onyeka Okongwu,Under,13.5,-132,2025-11-29,2025-11-28T08:54:17Z
FanDuel,player_points,Evan Mobley,Over,18.5,-125,2025-11-29,2025-11-28T08:54:17Z
FanDuel,player_points,Evan Mobley,Under,18.5,-106,2025-11-29,2025-11-28T08:54:17Z
FanDuel,player_points,Jarrett Allen,Over,14.5,104,2025-11-29,2025-11-28T08:54:17Z
FanDuel,player_points,Jarrett Allen,Under,14.5,-138,2025-11-29,2025-11-28T08:54:17Z
FanDuel,player_points,Jaylon Tyson,Over,7.5,-114,2025-11-29,2025-11-28T08:54:17Z
FanDuel,player_points,Jaylon Tyson,Under,7.5,-114,2025-11-29,2025-11-28T08:54:17Z
FanDuel,player_points,Dyson Daniels,Over,10.5,-128,2025-11-29,2025-11-28T08:54:17Z
FanDuel,player_points,Dyson Daniels,Under,10.5,-104,2025-11-29,2025-11-28T08:54:17Z
FanDuel,player_points,Jalen Johnson,Over,21.5,102,2025-11-29,2025-11-28T08:54:17Z
FanDuel,player_points,Jalen Johnson,Under,21.5,-136,2025-11-29,2025-11-28T08:54:17Z
FanDuel,player_points,Luke Kennard,Over,5.5,-130,2025-11-29,2025-11-28T08:54:17Z
FanDuel,player_points,Luke Kennard,Under,5.5,-102,2025-11-29,2025-11-28T08:54:17Z
FanDuel,player_points,Justin Edwards,Over,10.5,-102,2025-11-29,2025-11-28T08:53:57Z
FanDuel,player_points,Justin Edwards,Under,10.5,-130,2025-11-29,2025-11-28T08:53:57Z
FanDuel,player_points,Jalen Wilson,Over,7.5,-125,2025-11-29,2025-11-28T08:53:57Z
FanDuel,player_points,Jalen Wilson,Under,7.5,-106,2025-11-29,2025-11-28T08:53:57Z
FanDuel,player_points,Quentin Grimes,Over,17.5,-130,2025-11-29,2025-11-28T08:53:57Z
FanDuel,player_points,Quentin Grimes,Under,17.5,-102,2025-11-29,2025-11-28T08:53:57Z
FanDuel,player_points,Nicolas Claxton,Over,14.5,-114,2025-11-29,2025-11-28T08:53:57Z
FanDuel,player_points,Nicolas Claxton,Under,14.5,-114,2025-11-29,2025-11-28T08:53:57Z
FanDuel,player_points,Tyrese Maxey,Over,31.5,-128,2025-11-29,2025-11-28T08:53:57Z
FanDuel,player_points,Tyrese Maxey,Under,31.5,-104,2025-11-29,2025-11-28T08:53:57Z
FanDuel,player_points,Ziaire Williams,Over,10.5,-122,2025-11-29,2025-11-28T08:53:57Z
FanDuel,player_points,Ziaire Williams,Under,10.5,-108,2025-11-29,2025-11-28T08:53:57Z
FanDuel,player_points,Terance Mann,Over,9.5,-104,2025-11-29,2025-11-28T08:53:57Z
FanDuel,player_points,Terance Mann,Under,9.5,-128,2025-11-29,2025-11-28T08:53:57Z
FanDuel,player_points,Tyrese Martin,Over,12.5,-108,2025-11-29,2025-11-28T08:53:57Z
FanDuel,player_points,Tyrese Martin,Under,12.5,-122,2025-11-29,2025-11-28T08:53:57Z
FanDuel,player_points,Jared McCain,Over,12.5,-128,2025-11-29,2025-11-28T08:53:57Z
FanDuel,player_points,Jared McCain,Under,12.5,-104,2025-11-29,2025-11-28T08:53:57Z
FanDuel,player_points,Andre Drummond,Over,10.5,-128,2025-11-29,2025-11-28T08:53:57Z
FanDuel,player_points,Andre Drummond,Under,10.5,-104,2025-11-29,2025-11-28T08:53:57Z
FanDuel,player_points,Paul George,Over,14.5,-125,2025-11-29,2025-11-28T08:53:57Z
FanDuel,player_points,Paul George,Under,14.5,-106,2025-11-29,2025-11-28T08:53:57Z
FanDuel,player_points,Noah Clowney,Over,17.5,100,2025-11-29,2025-11-28T08:53:57Z
FanDuel,player_points,Noah Clowney,Under,17.5,-132,2025-11-29,2025-11-28T08:53:57Z
FanDuel,player_points,Drake Powell,Over,9.5,-102,2025-11-29,2025-11-28T08:53:57Z
FanDuel,player_points,Drake Powell,Under,9.5,-130,2025-11-29,2025-11-28T08:53:57Z
FanDuel,player_points,Day'Ron Sharpe,Over,7.5,-114,2025-11-29,2025-11-28T08:53:57Z
FanDuel,player_points,Day'Ron Sharpe,Under,7.5,-114,2025-11-29,2025-11-28T08:53:57Z
FanDuel,player_points,Egor Demin,Over,9.5,-114,2025-11-29,2025-11-28T08:53:57Z
FanDuel,player_points,Egor Demin,Under,9.5,-114,2025-11-29,2025-11-28T08:53:57Z
FanDuel,player_points,Sion James,Over,4.5,-130,2025-11-29,2025-11-28T08:54:04Z
FanDuel,player_points,Sion James,Under,4.5,-102,2025-11-29,2025-11-28T08:54:04Z
FanDuel,player_points,Coby White,Over,22.5,-128,2025-11-29,2025-11-28T08:54:04Z
FanDuel,player_points,Coby White,Under,22.5,-104,2025-11-29,2025-11-28T08:54:04Z
FanDuel,player_points,Ayo Dosunmu,Over,14.5,-118,2025-11-29,2025-11-28T08:54:04Z
FanDuel,player_points,Ayo Dosunmu,Under,14.5,-112,2025-11-29,2025-11-28T08:54:04Z
FanDuel,player_points,Nikola Vucevic,Over,18.5,-112,2025-11-29,2025-11-28T08:54:04Z
FanDuel,player_points,Nikola Vucevic,Under,18.5,-118,2025-11-29,2025-11-28T08:54:04Z
FanDuel,player_points,Moussa Diabate,Over,7.5,-122,2025-11-29,2025-11-28T08:54:04Z
FanDuel,player_points,Moussa Diabate,Under,7.5,-108,2025-11-29,2025-11-28T08:54:04Z
FanDuel,player_points,Josh Giddey,Over,20.5,100,2025-11-29,2025-11-28T08:54:04Z
FanDuel,player_points,Josh Giddey,Under,20.5,-132,2025-11-29,2025-11-28T08:54:04Z
FanDuel,player_points,LaMelo Ball,Over,18.5,-114,2025-11-29,2025-11-28T08:54:04Z
FanDuel,player_points,LaMelo Ball,Under,18.5,-114,2025-11-29,2025-11-28T08:54:04Z
FanDuel,player_points,Collin Sexton,Over,13.5,100,2025-11-29,2025-11-28T08:54:04Z
FanDuel,player_points,Collin Sexton,Under,13.5,-132,2025-11-29,2025-11-28T08:54:04Z
FanDuel,player_points,Kon Knueppel,Over,16.5,-128,2025-11-29,2025-11-28T08:54:04Z
FanDuel,player_points,Kon Knueppel,Under,16.5,-104,2025-11-29,2025-11-28T08:54:04Z
FanDuel,player_points,Matas Buzelis,Over,13.5,-102,2025-11-29,2025-11-28T08:54:04Z
FanDuel,player_points,Matas Buzelis,Under,13.5,-130,2025-11-29,2025-11-28T08:54:04Z
FanDuel,player_points,Ryan Kalkbrenner,Over,8.5,100,2025-11-29,2025-11-28T08:54:04Z
FanDuel,player_points,Ryan Kalkbrenner,Under,8.5,-132,2025-11-29,2025-11-28T08:54:04Z
FanDuel,player_points,Kevin Huerter,Over,10.5,-112,2025-11-29,2025-11-28T08:54:04Z
FanDuel,player_points,Kevin Huerter,Under,10.5,-118,2025-11-29,2025-11-28T08:54:04Z
FanDuel,player_points,Brandon Miller,Over,19.5,104,2025-11-29,2025-11-28T08:54:04Z
FanDuel,player_points,Brandon Miller,Under,19.5,-138,2025-11-29,2025-11-28T08:54:04Z
FanDuel,player_points,Isaac Okoro,Over,7.5,-106,2025-11-29,2025-11-28T08:54:04Z
FanDuel,player_points,Isaac Okoro,Under,7.5,-125,2025-11-29,2025-11-28T08:54:04Z
FanDuel,player_points,Miles Bridges,Over,19.5,104,2025-11-29,2025-11-28T08:54:04Z
FanDuel,player_points,Miles Bridges,Under,19.5,-138,2025-11-29,2025-11-28T08:54:04Z
FanDuel,player_points,Tobias Harris,Over,11.5,-130,2025-11-29,2025-11-28T08:54:01Z
FanDuel,player_points,Tobias Harris,Under,11.5,-102,2025-11-29,2025-11-28T08:54:01Z
FanDuel,player_points,Desmond Bane,Over,19.5,-110,2025-11-29,2025-11-28T08:54:01Z
FanDuel,player_points,Desmond Bane,Under,19.5,-122,2025-11-29,2025-11-28T08:54:01Z
FanDuel,player_points,Jaden Ivey,Over,8.5,-114,2025-11-29,2025-11-28T08:54:01Z
FanDuel,player_points,Jaden Ivey,Under,8.5,-114,2025-11-29,2025-11-28T08:54:01Z
FanDuel,player_points,Franz Wagner,Over,23.5,-108,2025-11-29,2025-11-28T08:54:01Z
FanDuel,player_points,Franz Wagner,Under,23.5,-122,2025-11-29,2025-11-28T08:54:01Z
FanDuel,player_points,Jalen Duren,Over,19.5,102,2025-11-29,2025-11-28T08:54:01Z
FanDuel,player_points,Jalen Duren,Under,19.5,-136,2025-11-29,2025-11-28T08:54:01Z
FanDuel,player_points,Isaiah Stewart II,Over,7.5,-118,2025-11-29,2025-11-28T08:54:01Z
FanDuel,player_points,Isaiah Stewart II,Under,7.5,-112,2025-11-29,2025-11-28T08:54:01Z
FanDuel,player_points,Duncan Robinson,Over,9.5,-112,2025-11-29,2025-11-28T08:54:01Z
FanDuel,player_points,Duncan Robinson,Under,9.5,-118,2025-11-29,2025-11-28T08:54:01Z
FanDuel,player_points,Caris LeVert,Over,8.5,102,2025-11-29,2025-11-28T08:54:01Z
FanDuel,player_points,Caris LeVert,Under,8.5,-136,2025-11-29,2025-11-28T08:54:01Z
FanDuel,player_points,Goga Bitadze,Over,5.5,102,2025-11-29,2025-11-28T08:54:01Z
FanDuel,player_points,Goga Bitadze,Under,5.5,-136,2025-11-29,2025-11-28T08:54:01Z
FanDuel,player_points,Wendell Carter Jr,Over,11.5,-130,2025-11-29,2025-11-28T08:54:01Z
FanDuel,player_points,Wendell Carter Jr,Under,11.5,-102,2025-11-29,2025-11-28T08:54:01Z
FanDuel,player_points,Jett Howard,Over,5.5,-118,2025-11-29,2025-11-28T08:54:01Z
FanDuel,player_points,Jett Howard,Under,5.5,-112,2025-11-29,2025-11-28T08:54:01Z
FanDuel,player_points,Ausar Thompson,Over,11.5,102,2025-11-29,2025-11-28T08:54:01Z
FanDuel,player_points,Ausar Thompson,Under,11.5,-136,2025-11-29,2025-11-28T08:54:01Z
FanDuel,player_points,Jalen Suggs,Over,15.5,102,2025-11-29,2025-11-28T08:54:01Z
FanDuel,player_points,Jalen Suggs,Under,15.5,-136,2025-11-29,2025-11-28T08:54:01Z
FanDuel,player_points,Cade Cunningham,Over,28.5,-112,2025-11-29,2025-11-28T08:54:01Z
FanDuel,player_points,Cade Cunningham,Under,28.5,-118,2025-11-29,2025-11-28T08:54:01Z
FanDuel,player_points,Ron Holland,Over,4.5,100,2025-11-29,2025-11-28T08:54:01Z
FanDuel,player_points,Ron Holland,Under,4.5,-132,2025-11-29,2025-11-28T08:54:01Z
FanDuel,player_points,Tristan da Silva,Over,10.5,-125,2025-11-29,2025-11-28T08:54:01Z
FanDuel,player_points,Tristan da Silva,Under,10.5,-106,2025-11-29,2025-11-28T08:54:01Z
FanDuel,player_points,Anthony Black,Over,12.5,-118,2025-11-29,2025-11-28T08:54:01Z
FanDuel,player_points,Anthony Black,Under,12.5,-112,2025-11-29,2025-11-28T08:54:01Z
FanDuel,player_points,C.J. McCollum,Over,17.5,-130,2025-11-29,2025-11-28T08:54:11Z
FanDuel,player_points,C.J. McCollum,Under,17.5,-102,2025-11-29,2025-11-28T08:54:11Z
FanDuel,player_points,Justin Champagnie,Over,5.5,100,2025-11-29,2025-11-28T08:54:11Z
FanDuel,player_points,Justin Champagnie,Under,5.5,-132,2025-11-29,2025-11-28T08:54:11Z
FanDuel,player_points,Ben Sheppard,Over,6.5,-125,2025-11-29,2025-11-28T08:54:11Z
FanDuel,player_points,Ben Sheppard,Under,6.5,-106,2025-11-29,2025-11-28T08:54:11Z
FanDuel,player_points,Carlton Carrington,Over,6.5,-118,2025-11-29,2025-11-28T08:54:11Z
FanDuel,player_points,Carlton Carrington,Under,6.5,-112,2025-11-29,2025-11-28T08:54:11Z
FanDuel,player_points,Isaiah Jackson,Over,7.5,-114,2025-11-29,2025-11-28T08:54:11Z
FanDuel,player_points,Isaiah Jackson,Under,7.5,-114,2025-11-29,2025-11-28T08:54:11Z
FanDuel,player_points,Jarace Walker,Over,10.5,102,2025-11-29,2025-11-28T08:54:11Z
FanDuel,player_points,Jarace Walker,Under,10.5,-136,2025-11-29,2025-11-28T08:54:11Z
FanDuel,player_points,Khris Middleton,Over,9.5,-118,2025-11-29,2025-11-28T08:54:11Z
FanDuel,player_points,Khris Middleton,Under,9.5,-112,2025-11-29,2025-11-28T08:54:11Z
FanDuel,player_points,T.J. McConnell,Over,12.5,-112,2025-11-29,2025-11-28T08:54:11Z
FanDuel,player_points,T.J. McConnell,Under,12.5,-118,2025-11-29,2025-11-28T08:54:11Z
FanDuel,player_points,Bennedict Mathurin,Over,23.5,-108,2025-11-29,2025-11-28T08:54:11Z
FanDuel,player_points,Bennedict Mathurin,Under,23.5,-122,2025-11-29,2025-11-28T08:54:11Z
FanDuel,player_points,Jay Huff,Over,9.5,-130,2025-11-29,2025-11-28T08:54:11Z
FanDuel,player_points,Jay Huff,Under,9.5,-102,2025-11-29,2025-11-28T08:54:11Z
FanDuel,player_points,Cam Whitmore,Over,11.5,-112,2025-11-29,2025-11-28T08:54:11Z
FanDuel,player_points,Cam Whitmore,Under,11.5,-118,2025-11-29,2025-11-28T08:54:11Z
FanDuel,player_points,Pascal Siakam,Over,25.5,-102,2025-11-29,2025-11-28T08:54:11Z
FanDuel,player_points,Pascal Siakam,Under,25.5,-130,2025-11-29,2025-11-28T08:54:11Z
FanDuel,player_points,Kyshawn George,Over,16.5,-110,2025-11-29,2025-11-28T08:54:11Z
FanDuel,player_points,Kyshawn George,Under,16.5,-120,2025-11-29,2025-11-28T08:54:11Z
FanDuel,player_points,Alex Sarr,Over,19.5,-102,2025-11-29,2025-11-28T08:54:11Z
FanDuel,player_points,Alex Sarr,Under,19.5,-130,2025-11-29,2025-11-28T08:54:11Z
FanDuel,player_points,Bilal Coulibaly,Over,9.5,-130,2025-11-29,2025-11-28T08:54:11Z
FanDuel,player_points,Bilal Coulibaly,Under,9.5,-102,2025-11-29,2025-11-28T08:54:11Z
FanDuel,player_points,Andrew Nembhard,Over,17.5,-114,2025-11-29,2025-11-28T08:54:11Z
FanDuel,player_points,Andrew Nembhard,Under,17.5,-114,2025-11-29,2025-11-28T08:54:11Z
FanDuel,player_points,Gary Trent Jr,Over,10.5,100,2025-11-29,2025-11-28T08:53:57Z
FanDuel,player_points,Gary Trent Jr,Under,10.5,-132,2025-11-29,2025-11-28T08:53:57Z
FanDuel,player_points,Mikal Bridges,Over,16.5,-104,2025-11-29,2025-11-28T08:53:57Z
FanDuel,player_points,Mikal Bridges,Under,16.5,-128,2025-11-29,2025-11-28T08:53:57Z
FanDuel,player_points,Myles Turner,Over,14.5,-106,2025-11-29,2025-11-28T08:53:57Z
FanDuel,player_points,Myles Turner,Under,14.5,-125,2025-11-29,2025-11-28T08:53:57Z
FanDuel,player_points,Josh Hart,Over,12.5,-106,2025-11-29,2025-11-28T08:53:57Z
FanDuel,player_points,Josh Hart,Under,12.5,-125,2025-11-29,2025-11-28T08:53:57Z
FanDuel,player_points,Kyle Kuzma,Over,13.5,-110,2025-11-29,2025-11-28T08:53:57Z
FanDuel,player_points,Kyle Kuzma,Under,13.5,-118,2025-11-29,2025-11-28T08:53:57Z
FanDuel,player_points,Mitchell Robinson,Over,3.5,-136,2025-11-29,2025-11-28T08:53:57Z
FanDuel,player_points,Mitchell Robinson,Under,3.5,102,2025-11-29,2025-11-28T08:53:57Z
FanDuel,player_points,Giannis Antetokounmpo,Over,29.5,-112,2025-11-29,2025-11-28T08:53:57Z
FanDuel,player_points,Giannis Antetokounmpo,Under,29.5,-118,2025-11-29,2025-11-28T08:53:57Z
FanDuel,player_points,A.J. Green,Over,10.5,100,2025-11-29,2025-11-28T08:53:57Z
FanDuel,player_points,A.J. Green,Under,10.5,-132,2025-11-29,2025-11-28T08:53:57Z
FanDuel,player_points,Ryan Rollins,Over,18.5,-128,2025-11-29,2025-11-28T08:53:57Z
FanDuel,player_points,Ryan Rollins,Under,18.5,-104,2025-11-29,2025-11-28T08:53:57Z
FanDuel,player_points,Karl-Anthony Towns,Over,24.5,-102,2025-11-29,2025-11-28T08:53:57Z
FanDuel,player_points,Karl-Anthony Towns,Under,24.5,-130,2025-11-29,2025-11-28T08:53:57Z
FanDuel,player_points,Miles McBride,Over,10.5,-130,2025-11-29,2025-11-28T08:53:57Z
FanDuel,player_points,Miles McBride,Under,10.5,-102,2025-11-29,2025-11-28T08:53:57Z
FanDuel,player_points,Jordan Clarkson,Over,11.5,-132,2025-11-29,2025-11-28T08:53:57Z
FanDuel,player_points,Jordan Clarkson,Under,11.5,100,2025-11-29,2025-11-28T08:53:57Z
FanDuel,player_points,Jalen Brunson,Over,30.5,-106,2025-11-29,2025-11-28T08:53:57Z
FanDuel,player_points,Jalen Brunson,Under,30.5,-125,2025-11-29,2025-11-28T08:53:57Z
FanDuel,player_points,Nikola Jokic,Over,30.5,-114,2025-11-29,2025-11-28T08:54:17Z
FanDuel,player_points,Nikola Jokic,Under,30.5,-114,2025-11-29,2025-11-28T08:54:17Z
FanDuel,player_points,Keldon Johnson,Over,13.5,-112,2025-11-29,2025-11-28T08:54:17Z
FanDuel,player_points,Keldon Johnson,Under,13.5,-118,2025-11-29,2025-11-28T08:54:17Z
FanDuel,player_points,Tim Hardaway Jr,Over,11.5,-118,2025-11-29,2025-11-28T08:54:17Z
FanDuel,player_points,Tim Hardaway Jr,Under,11.5,-112,2025-11-29,2025-11-28T08:54:17Z
FanDuel,player_points,Peyton Watson,Over,14.5,102,2025-11-29,2025-11-28T08:54:17Z
FanDuel,player_points,Peyton Watson,Under,14.5,-136,2025-11-29,2025-11-28T08:54:17Z
FanDuel,player_points,Harrison Barnes,Over,13.5,100,2025-11-29,2025-11-28T08:54:17Z
FanDuel,player_points,Harrison Barnes,Under,13.5,-132,2025-11-29,2025-11-28T08:54:17Z
FanDuel,player_points,De'Aaron Fox,Over,24.5,-128,2025-11-29,2025-11-28T08:54:17Z
FanDuel,player_points,De'Aaron Fox,Under,24.5,-104,2025-11-29,2025-11-28T08:54:17Z
FanDuel,player_points,Dylan Harper,Over,11.5,102,2025-11-29,2025-11-28T08:54:17Z
FanDuel,player_points,Dylan Harper,Under,11.5,-136,2025-11-29,2025-11-28T08:54:17Z
FanDuel,player_points,Bruce Brown,Over,8.5,-112,2025-11-29,2025-11-28T08:54:17Z
FanDuel,player_points,Bruce Brown,Under,8.5,-118,2025-11-29,2025-11-28T08:54:17Z
FanDuel,player_points,Jonas Valanciunas,Over,7.5,-114,2025-11-29,2025-11-28T08:54:17Z
FanDuel,player_points,Jonas Valanciunas,Under,7.5,-114,2025-11-29,2025-11-28T08:54:17Z
FanDuel,player_points,Julian Champagnie,Over,11.5,-108,2025-11-29,2025-11-28T08:54:17Z
FanDuel,player_points,Julian Champagnie,Under,11.5,-122,2025-11-29,2025-11-28T08:54:17Z
FanDuel,player_points,Jamal Murray,Over,25.5,100,2025-11-29,2025-11-28T08:54:17Z
FanDuel,player_points,Jamal Murray,Under,25.5,-132,2025-11-29,2025-11-28T08:54:17Z
FanDuel,player_points,Luke Kornet,Over,7.5,-110,2025-11-29,2025-11-28T08:54:17Z
FanDuel,player_points,Luke Kornet,Under,7.5,-120,2025-11-29,2025-11-28T08:54:17Z
FanDuel,player_points,Devin Vassell,Over,15.5,-114,2025-11-29,2025-11-28T08:54:17Z
FanDuel,player_points,Devin Vassell,Under,15.5,-114,2025-11-29,2025-11-28T08:54:17Z
FanDuel,player_points,Kelly Olynyk,Over,4.5,-106,2025-11-29,2025-11-28T08:54:17Z
FanDuel,player_points,Kelly Olynyk,Under,4.5,-125,2025-11-29,2025-11-28T08:54:17Z
FanDuel,player_points,Cameron Johnson,Over,14.5,-112,2025-11-29,2025-11-28T08:54:17Z
FanDuel,player_points,Cameron Johnson,Under,14.5,-118,2025-11-29,2025-11-28T08:54:17Z
FanDuel,player_points,Collin Gillespie,Over,12.5,-112,2025-11-29,2025-11-28T08:54:23Z
FanDuel,player_points,Collin Gillespie,Under,12.5,-118,2025-11-29,2025-11-28T08:54:23Z
FanDuel,player_points,Ajay Mitchell,Over,11.5,-122,2025-11-29,2025-11-28T08:54:23Z
FanDuel,player_points,Ajay Mitchell,Under,11.5,-108,2025-11-29,2025-11-28T08:54:23Z
FanDuel,player_points,Alex Caruso,Over,5.5,-112,2025-11-29,2025-11-28T08:54:23Z
FanDuel,player_points,Alex Caruso,Under,5.5,-118,2025-11-29,2025-11-28T08:54:23Z
FanDuel,player_points,Mark Williams,Over,11.5,100,2025-11-29,2025-11-28T08:54:23Z
FanDuel,player_points,Mark Williams,Under,11.5,-132,2025-11-29,2025-11-28T08:54:23Z
FanDuel,player_points,Jordan Goodwin,Over,7.5,-132,2025-11-29,2025-11-28T08:54:23Z
FanDuel,player_points,Jordan Goodwin,Under,7.5,100,2025-11-29,2025-11-28T08:54:23Z
FanDuel,player_points,Shai Gilgeous-Alexander,Over,30.5,-122,2025-11-29,2025-11-28T08:54:23Z
FanDuel,player_points,Shai Gilgeous-Alexander,Under,30.5,-108,2025-11-29,2025-11-28T08:54:23Z
FanDuel,player_points,Oso Ighodaro,Over,3.5,-130,2025-11-29,2025-11-28T08:54:23Z
FanDuel,player_points,Oso Ighodaro,Under,3.5,-102,2025-11-29,2025-11-28T08:54:23Z
FanDuel,player_points,Luguentz Dort,Over,7.5,102,2025-11-29,2025-11-28T08:54:23Z
FanDuel,player_points,Luguentz Dort,Under,7.5,-136,2025-11-29,2025-11-28T08:54:23Z
FanDuel,player_points,Devin Booker,Over,24.5,-110,2025-11-29,2025-11-28T08:54:23Z
FanDuel,player_points,Devin Booker,Under,24.5,-120,2025-11-29,2025-11-28T08:54:23Z
FanDuel,player_points,Cason Wallace,Over,7.5,-108,2025-11-29,2025-11-28T08:54:23Z
FanDuel,player_points,Cason Wallace,Under,7.5,-122,2025-11-29,2025-11-28T08:54:23Z
FanDuel,player_points,Chet Holmgren,Over,17.5,100,2025-11-29,2025-11-28T08:54:23Z
FanDuel,player_points,Chet Holmgren,Under,17.5,-132,2025-11-29,2025-11-28T08:54:23Z
FanDuel,player_points,Isaiah Hartenstein,Over,10.5,100,2025-11-29,2025-11-28T08:54:23Z
FanDuel,player_points,Isaiah Hartenstein,Under,10.5,-132,2025-11-29,2025-11-28T08:54:23Z
FanDuel,player_points,Isaiah Joe,Over,8.5,-132,2025-11-29,2025-11-28T08:54:23Z
FanDuel,player_points,Isaiah Joe,Under,8.5,100,2025-11-29,2025-11-28T08:54:23Z
FanDuel,player_points,Jalen Williams,Over,13.5,-110,2025-11-29,2025-11-28T08:54:23Z
FanDuel,player_points,Jalen Williams,Under,13.5,-120,2025-11-29,2025-11-28T08:54:23Z
FanDuel,player_points,Royce O'Neale,Over,9.5,-118,2025-11-29,2025-11-28T08:54:23Z
FanDuel,player_points,Royce O'Neale,Under,9.5,-112,2025-11-29,2025-11-28T08:54:23Z
FanDuel,player_points,Dillon Brooks,Over,17.5,-114,2025-11-29,2025-11-28T08:54:23Z
FanDuel,player_points,Dillon Brooks,Under,17.5,-114,2025-11-29,2025-11-28T08:54:23Z
FanDuel,player_points,Keegan Murray,Over,17.5,-110,2025-11-29,2025-11-28T08:54:12Z
FanDuel,player_points,Keegan Murray,Under,17.5,-120,2025-11-29,2025-11-28T08:54:12Z
FanDuel,player_points,Zach LaVine,Over,19.5,-122,2025-11-29,2025-11-28T08:54:12Z
FanDuel,player_points,Zach LaVine,Under,19.5,-108,2025-11-29,2025-11-28T08:54:12Z
FanDuel,player_points,Malik Monk,Over,13.5,-114,2025-11-29,2025-11-28T08:54:12Z
FanDuel,player_points,Malik Monk,Under,13.5,-114,2025-11-29,2025-11-28T08:54:12Z
FanDuel,player_points,Russell Westbrook,Over,14.5,-118,2025-11-29,2025-11-28T08:54:12Z
FanDuel,player_points,Russell Westbrook,Under,14.5,-112,2025-11-29,2025-11-28T08:54:12Z
FanDuel,player_points,Drew Eubanks,Over,6.5,-128,2025-11-29,2025-11-28T08:54:12Z
FanDuel,player_points,Drew Eubanks,Under,6.5,-104,2025-11-29,2025-11-28T08:54:12Z
FanDuel,player_points,Isaiah Collier,Over,8.5,-102,2025-11-29,2025-11-28T08:54:12Z
FanDuel,player_points,Isaiah Collier,Under,8.5,-130,2025-11-29,2025-11-28T08:54:12Z
FanDuel,player_points,DeMar DeRozan,Over,17.5,-130,2025-11-29,2025-11-28T08:54:12Z
FanDuel,player_points,DeMar DeRozan,Under,17.5,-102,2025-11-29,2025-11-28T08:54:12Z
FanDuel,player_points,Precious Achiuwa,Over,7.5,-125,2025-11-29,2025-11-28T08:54:12Z
FanDuel,player_points,Precious Achiuwa,Under,7.5,-106,2025-11-29,2025-11-28T08:54:12Z
FanDuel,player_points,Ace Bailey,Over,12.5,-120,2025-11-29,2025-11-28T08:54:12Z
FanDuel,player_points,Ace Bailey,Under,12.5,-110,2025-11-29,2025-11-28T08:54:12Z
FanDuel,player_points,Walter Clayton Jr.,Over,5.5,100,2025-11-29,2025-11-28T08:54:12Z
FanDuel,player_points,Walter Clayton Jr.,Under,5.5,-132,2025-11-29,2025-11-28T08:54:12Z
FanDuel,player_points,Keyonte George,Over,21.5,-112,2025-11-29,2025-11-28T08:54:12Z
FanDuel,player_points,Keyonte George,Under,21.5,-118,2025-11-29,2025-11-28T08:54:12Z
FanDuel,player_points,Kyle Filipowski,Over,8.5,-130,2025-11-29,2025-11-28T08:54:12Z
FanDuel,player_points,Kyle Filipowski,Under,8.5,-102,2025-11-29,2025-11-28T08:54:12Z
FanDuel,player_points,Lauri Markkanen,Over,26.5,-114,2025-11-29,2025-11-28T08:54:12Z
FanDuel,player_points,Lauri Markkanen,Under,26.5,-114,2025-11-29,2025-11-28T08:54:12Z
FanDuel,player_points,Brice Sensabaugh,Over,8.5,-108,2025-11-29,2025-11-28T08:54:12Z
FanDuel,player_points,Brice Sensabaugh,Under,8.5,-122,2025-11-29,2025-11-28T08:54:12Z
FanDuel,player_points,Dennis Schroder,Over,10.5,-108,2025-11-29,2025-11-28T08:54:12Z
FanDuel,player_points,Dennis Schroder,Under,10.5,-122,2025-11-29,2025-11-28T08:54:12Z
FanDuel,player_points,Jusuf Nurkic,Over,9.5,-112,2025-11-29,2025-11-28T08:54:12Z
FanDuel,player_points,Jusuf Nurkic,Under,9.5,-118,2025-11-29,2025-11-28T08:54:12Z
FanDuel,player_points,Svi Mykhailiuk,Over,7.5,-130,2025-11-29,2025-11-28T08:54:12Z
FanDuel,player_points,Svi Mykhailiuk,Under,7.5,-102,2025-11-29,2025-11-28T08:54:12Z
FanDuel,player_points,Marcus Smart,Over,5.5,-122,2025-11-29,2025-11-28T08:55:05Z
FanDuel,player_points,Marcus Smart,Under,5.5,-108,2025-11-29,2025-11-28T08:55:05Z
FanDuel,player_points,LeBron James,Over,20.5,-122,2025-11-29,2025-11-28T08:55:05Z
FanDuel,player_points,LeBron James,Under,20.5,-108,2025-11-29,2025-11-28T08:55:05Z
FanDuel,player_points,Deandre Ayton,Over,13.5,-120,2025-11-29,2025-11-28T08:55:05Z
FanDuel,player_points,Deandre Ayton,Under,13.5,-110,2025-11-29,2025-11-28T08:55:05Z
FanDuel,player_points,Cooper Flagg,Over,15.5,-104,2025-11-29,2025-11-28T08:55:05Z
FanDuel,player_points,Cooper Flagg,Under,15.5,-128,2025-11-29,2025-11-28T08:55:05Z
FanDuel,player_points,Naji Marshall,Over,9.5,-112,2025-11-29,2025-11-28T08:55:05Z
FanDuel,player_points,Naji Marshall,Under,9.5,-118,2025-11-29,2025-11-28T08:55:05Z
FanDuel,player_points,Klay Thompson,Over,10.5,-104,2025-11-29,2025-11-28T08:55:05Z
FanDuel,player_points,Klay Thompson,Under,10.5,-128,2025-11-29,2025-11-28T08:55:05Z
FanDuel,player_points,Anthony Davis,Over,19.5,-128,2025-11-29,2025-11-28T08:55:05Z
FanDuel,player_points,Anthony Davis,Under,19.5,-104,2025-11-29,2025-11-28T08:55:05Z
FanDuel,player_points,P.J. Washington,Over,15.5,-108,2025-11-29,2025-11-28T08:55:05Z
FanDuel,player_points,P.J. Washington,Under,15.5,-122,2025-11-29,2025-11-28T08:55:05Z
FanDuel,player_points,Luka Doncic,Over,33.5,-112,2025-11-29,2025-11-28T08:55:05Z
FanDuel,player_points,Luka Doncic,Under,33.5,-118,2025-11-29,2025-11-28T08:55:05Z
FanDuel,player_points,Brandon Williams,Over,11.5,-106,2025-11-29,2025-11-28T08:55:05Z
FanDuel,player_points,Brandon Williams,Under,11.5,-125,2025-11-29,2025-11-28T08:55:05Z
FanDuel,player_points,Jake LaRavia,Over,5.5,-106,2025-11-29,2025-11-28T08:55:05Z
FanDuel,player_points,Jake LaRavia,Under,5.5,-125,2025-11-29,2025-11-28T08:55:05Z
FanDuel,player_points,Rui Hachimura,Over,10.5,-122,2025-11-29,2025-11-28T08:55:05Z
FanDuel,player_points,Rui Hachimura,Under,10.5,-108,2025-11-29,2025-11-28T08:55:05Z
FanDuel,player_points,Austin Reaves,Over,21.5,-118,2025-11-29,2025-11-28T08:55:05Z
FanDuel,player_points,Austin Reaves,Under,21.5,-112,2025-11-29,2025-11-28T08:55:05Z
FanDuel,player_points,Daniel Gafford,Over,9.5,-108,2025-11-29,2025-11-28T08:55:05Z
FanDuel,player_points,Daniel Gafford,Under,9.5,-122,2025-11-29,2025-11-28T08:55:05Z
FanDuel,player_points,Max Christie,Over,10.5,-120,2025-11-29,2025-11-28T08:55:05Z
FanDuel,player_points,Max Christie,Under,10.5,-110,2025-11-29,2025-11-28T08:55:05Z
FanDuel,player_points,Jock Landale,Over,8.5,-104,2025-11-29,2025-11-28T08:54:31Z
FanDuel,player_points,Jock Landale,Under,8.5,-128,2025-11-29,2025-11-28T08:54:31Z
FanDuel,player_points,Nicolas Batum,Over,5.5,102,2025-11-29,2025-11-28T08:54:31Z
FanDuel,player_points,Nicolas Batum,Under,5.5,-136,2025-11-29,2025-11-28T08:54:31Z
FanDuel,player_points,Cedric Coward,Over,12.5,-112,2025-11-29,2025-11-28T08:54:31Z
FanDuel,player_points,Cedric Coward,Under,12.5,-118,2025-11-29,2025-11-28T08:54:31Z
FanDuel,player_points,Jaylen Wells,Over,12.5,-114,2025-11-29,2025-11-28T08:54:31Z
FanDuel,player_points,Jaylen Wells,Under,12.5,-114,2025-11-29,2025-11-28T08:54:31Z
FanDuel,player_points,James Harden,Over,26.5,-112,2025-11-29,2025-11-28T08:54:31Z
FanDuel,player_points,James Harden,Under,26.5,-118,2025-11-29,2025-11-28T08:54:31Z
FanDuel,player_points,Ivica Zubac,Over,17.5,-112,2025-11-29,2025-11-28T08:54:31Z
FanDuel,player_points,Ivica Zubac,Under,17.5,-118,2025-11-29,2025-11-28T08:54:31Z
FanDuel,player_points,Jaren Jackson Jr,Over,21.5,-118,2025-11-29,2025-11-28T08:54:31Z
FanDuel,player_points,Jaren Jackson Jr,Under,21.5,-112,2025-11-29,2025-11-28T08:54:31Z
FanDuel,player_points,Kawhi Leonard,Over,21.5,100,2025-11-29,2025-11-28T08:54:31Z
FanDuel,player_points,Kawhi Leonard,Under,21.5,-132,2025-11-29,2025-11-28T08:54:31Z
FanDuel,player_points,Zach Edey,Over,12.5,100,2025-11-29,2025-11-28T08:54:31Z
FanDuel,player_points,Zach Edey,Under,12.5,-132,2025-11-29,2025-11-28T08:54:31Z
FanDuel,player_points,Kris Dunn,Over,8.5,100,2025-11-29,2025-11-28T08:54:31Z
FanDuel,player_points,Kris Dunn,Under,8.5,-132,2025-11-29,2025-11-28T08:54:31Z
FanDuel,player_points,Santi Aldama,Over,12.5,-102,2025-11-29,2025-11-28T08:54:31Z
FanDuel,player_points,Santi Aldama,Under,12.5,-130,2025-11-29,2025-11-28T08:54:31Z
FanDuel,player_points,Vincent Williams Jr,Over,9.5,-102,2025-11-29,2025-11-28T08:54:31Z
FanDuel,player_points,Vincent Williams Jr,Under,9.5,-130,2025-11-29,2025-11-28T08:54:31Z
FanDuel,player_points,John Collins,Over,12.5,-130,2025-11-29,2025-11-28T08:54:31Z
FanDuel,player_points,John Collins,Under,12.5,-102,2025-11-29,2025-11-28T08:54:31Z
FanDuel,player_points,Brook Lopez,Over,5.5,-110,2025-11-29,2025-11-28T08:54:31Z
FanDuel,player_points,Brook Lopez,Under,5.5,-120,2025-11-29,2025-11-28T08:54:31Z
BetRivers,player_points,Zaccharie Risacher,Over,10.5,-129,2025-11-29,2025-11-28T08:52:51Z
BetRivers,player_points,Zaccharie Risacher,Under,10.5,-104,2025-11-29,2025-11-28T08:52:51Z
BetRivers,player_points,Nickeil Alexander-Walker,Over,17.5,-117,2025-11-29,2025-11-28T08:52:51Z
BetRivers,player_points,Nickeil Alexander-Walker,Under,17.5,-114,2025-11-29,2025-11-28T08:52:51Z
BetRivers,player_points,Kristaps Porzingis,Over,18.5,-121,2025-11-29,2025-11-28T08:52:51Z
BetRivers,player_points,Kristaps Porzingis,Under,18.5,-110,2025-11-29,2025-11-28T08:52:51Z
BetRivers,player_points,Onyeka Okongwu,Over,13.5,-108,2025-11-29,2025-11-28T08:52:51Z
BetRivers,player_points,Onyeka Okongwu,Under,13.5,-124,2025-11-29,2025-11-28T08:52:51Z
BetRivers,player_points,Jalen Johnson,Over,20.5,-121,2025-11-29,2025-11-28T08:52:51Z
BetRivers,player_points,Jalen Johnson,Under,20.5,-109,2025-11-29,2025-11-28T08:52:51Z
BetRivers,player_points,Dyson Daniels,Over,10.5,-127,2025-11-29,2025-11-28T08:52:51Z
BetRivers,player_points,Dyson Daniels,Under,10.5,-106,2025-11-29,2025-11-28T08:52:51Z
BetRivers,player_points,Wendell Carter Jr,Over,12.5,-105,2025-11-29,2025-11-28T08:53:47Z
BetRivers,player_points,Wendell Carter Jr,Under,12.5,-127,2025-11-29,2025-11-28T08:53:47Z
BetRivers,player_points,Duncan Robinson,Over,9.5,-114,2025-11-29,2025-11-28T08:53:47Z
BetRivers,player_points,Duncan Robinson,Under,9.5,-117,2025-11-29,2025-11-28T08:53:47Z
BetRivers,player_points,Cade Cunningham,Over,27.5,-124,2025-11-29,2025-11-28T08:53:47Z
BetRivers,player_points,Cade Cunningham,Under,27.5,-108,2025-11-29,2025-11-28T08:53:47Z
BetRivers,player_points,Tobias Harris,Over,11.5,-125,2025-11-29,2025-11-28T08:53:47Z
BetRivers,player_points,Tobias Harris,Under,11.5,-106,2025-11-29,2025-11-28T08:53:47Z
BetRivers,player_points,Desmond Bane,Over,19.5,-121,2025-11-29,2025-11-28T08:53:47Z
BetRivers,player_points,Desmond Bane,Under,19.5,-110,2025-11-29,2025-11-28T08:53:47Z
BetRivers,player_points,Jalen Suggs,Over,15.5,-113,2025-11-29,2025-11-28T08:53:47Z
BetRivers,player_points,Jalen Suggs,Under,15.5,-118,2025-11-29,2025-11-28T08:53:47Z
BetRivers,player_points,Jalen Duren,Over,18.5,-121,2025-11-29,2025-11-28T08:53:47Z
BetRivers,player_points,Jalen Duren,Under,18.5,-110,2025-11-29,2025-11-28T08:53:47Z
BetRivers,player_points,Ausar Thompson,Over,11.5,-112,2025-11-29,2025-11-28T08:53:47Z
BetRivers,player_points,Ausar Thompson,Under,11.5,-120,2025-11-29,2025-11-28T08:53:47Z
BetRivers,player_points,Anthony Black,Over,12.5,-120,2025-11-29,2025-11-28T08:53:47Z
BetRivers,player_points,Anthony Black,Under,12.5,-112,2025-11-29,2025-11-28T08:53:47Z
BetRivers,player_points,Tristan da Silva,Over,11.5,-115,2025-11-29,2025-11-28T08:53:47Z
BetRivers,player_points,Tristan da Silva,Under,11.5,-115,2025-11-29,2025-11-28T08:53:47Z
BetRivers,player_points,Franz Wagner,Over,23.5,-124,2025-11-29,2025-11-28T08:53:47Z
BetRivers,player_points,Franz Wagner,Under,23.5,-107,2025-11-29,2025-11-28T08:53:47Z
BetRivers,player_points,Bennedict Mathurin,Over,22.5,-109,2025-11-29,2025-11-28T08:53:46Z
BetRivers,player_points,Bennedict Mathurin,Under,22.5,-122,2025-11-29,2025-11-28T08:53:46Z
BetRivers,player_points,Jarace Walker,Over,9.5,-121,2025-11-29,2025-11-28T08:53:46Z
BetRivers,player_points,Jarace Walker,Under,9.5,-110,2025-11-29,2025-11-28T08:53:46Z
BetRivers,player_points,Andrew Nembhard,Over,17.5,-107,2025-11-29,2025-11-28T08:53:46Z
BetRivers,player_points,Andrew Nembhard,Under,17.5,-124,2025-11-29,2025-11-28T08:53:46Z
BetRivers,player_points,C.J. McCollum,Over,18.5,-107,2025-11-29,2025-11-28T08:53:46Z
BetRivers,player_points,C.J. McCollum,Under,18.5,-125,2025-11-29,2025-11-28T08:53:46Z
BetRivers,player_points,Alex Sarr,Over,18.5,-115,2025-11-29,2025-11-28T08:53:46Z
BetRivers,player_points,Alex Sarr,Under,18.5,-115,2025-11-29,2025-11-28T08:53:46Z
BetRivers,player_points,Khris Middleton,Over,9.5,-118,2025-11-29,2025-11-28T08:53:46Z
BetRivers,player_points,Khris Middleton,Under,9.5,-113,2025-11-29,2025-11-28T08:53:46Z
BetRivers,player_points,Isaiah Jackson,Over,7.5,-114,2025-11-29,2025-11-28T08:53:46Z
BetRivers,player_points,Isaiah Jackson,Under,7.5,-117,2025-11-29,2025-11-28T08:53:46Z
BetRivers,player_points,Bilal Coulibaly,Over,9.5,-129,2025-11-29,2025-11-28T08:53:46Z
BetRivers,player_points,Bilal Coulibaly,Under,9.5,-104,2025-11-29,2025-11-28T08:53:46Z
BetRivers,player_points,Kyshawn George,Over,16.5,-112,2025-11-29,2025-11-28T08:53:46Z
BetRivers,player_points,Kyshawn George,Under,16.5,-120,2025-11-29,2025-11-28T08:53:46Z
BetRivers,player_points,Pascal Siakam,Over,23.5,-114,2025-11-29,2025-11-28T08:53:46Z
BetRivers,player_points,Pascal Siakam,Under,23.5,-117,2025-11-29,2025-11-28T08:53:46Z
BetRivers,player_points,Miles McBride,Over,10.5,-124,2025-11-29,2025-11-28T08:54:21Z
BetRivers,player_points,Miles McBride,Under,10.5,-108,2025-11-29,2025-11-28T08:54:21Z
BetRivers,player_points,Josh Hart,Over,12.5,-113,2025-11-29,2025-11-28T08:54:21Z
BetRivers,player_points,Josh Hart,Under,12.5,-118,2025-11-29,2025-11-28T08:54:21Z
BetRivers,player_points,Jalen Brunson,Over,30.5,-114,2025-11-29,2025-11-28T08:54:21Z
BetRivers,player_points,Jalen Brunson,Under,30.5,-117,2025-11-29,2025-11-28T08:54:21Z
BetRivers,player_points,Mikal Bridges,Over,16.5,-108,2025-11-29,2025-11-28T08:54:21Z
BetRivers,player_points,Mikal Bridges,Under,16.5,-122,2025-11-29,2025-11-28T08:54:21Z
BetRivers,player_points,Karl-Anthony Towns,Over,24.5,-106,2025-11-29,2025-11-28T08:54:21Z
BetRivers,player_points,Karl-Anthony Towns,Under,24.5,-125,2025-11-29,2025-11-28T08:54:21Z
BetRivers,player_points,A.J. Green,Over,9.5,-120,2025-11-29,2025-11-28T08:54:21Z
BetRivers,player_points,A.J. Green,Under,9.5,-110,2025-11-29,2025-11-28T08:54:21Z
BetRivers,player_points,Myles Turner,Over,14.5,-105,2025-11-29,2025-11-28T08:54:21Z
BetRivers,player_points,Myles Turner,Under,14.5,-127,2025-11-29,2025-11-28T08:54:21Z
BetRivers,player_points,Giannis Antetokounmpo,Over,29.5,-109,2025-11-29,2025-11-28T08:54:21Z
BetRivers,player_points,Giannis Antetokounmpo,Under,29.5,-122,2025-11-29,2025-11-28T08:54:21Z
BetRivers,player_points,Kyle Kuzma,Over,13.5,-124,2025-11-29,2025-11-28T08:54:21Z
BetRivers,player_points,Kyle Kuzma,Under,13.5,-108,2025-11-29,2025-11-28T08:54:21Z
BetRivers,player_points,Ryan Rollins,Over,19.5,-117,2025-11-29,2025-11-28T08:54:21Z
BetRivers,player_points,Ryan Rollins,Under,19.5,-114,2025-11-29,2025-11-28T08:54:21Z
DraftKings,player_points,Donovan Mitchell,Over,29.5,-111,2025-11-29,2025-11-28T08:54:28Z
DraftKings,player_points,Donovan Mitchell,Under,29.5,-114,2025-11-29,2025-11-28T08:54:28Z
DraftKings,player_points,Jalen Johnson,Over,21.5,-105,2025-11-29,2025-11-28T08:54:28Z
DraftKings,player_points,Jalen Johnson,Under,21.5,-121,2025-11-29,2025-11-28T08:54:28Z
DraftKings,player_points,Evan Mobley,Over,18.5,-124,2025-11-29,2025-11-28T08:54:28Z
DraftKings,player_points,Evan Mobley,Under,18.5,-103,2025-11-29,2025-11-28T08:54:28Z
DraftKings,player_points,Kristaps Porzingis,Over,18.5,-112,2025-11-29,2025-11-28T08:54:28Z
DraftKings,player_points,Kristaps Porzingis,Under,18.5,-114,2025-11-29,2025-11-28T08:54:28Z
DraftKings,player_points,Nickeil Alexander-Walker,Over,17.5,-118,2025-11-29,2025-11-28T08:54:28Z
DraftKings,player_points,Nickeil Alexander-Walker,Under,17.5,-108,2025-11-29,2025-11-28T08:54:28Z
DraftKings,player_points,De'Andre Hunter,Over,16.5,-106,2025-11-29,2025-11-28T08:54:28Z
DraftKings,player_points,De'Andre Hunter,Under,16.5,-120,2025-11-29,2025-11-28T08:54:28Z
DraftKings,player_points,Darius Garland,Over,15.5,-114,2025-11-29,2025-11-28T08:54:28Z
DraftKings,player_points,Darius Garland,Under,15.5,-112,2025-11-29,2025-11-28T08:54:28Z
DraftKings,player_points,Jarrett Allen,Over,13.5,-119,2025-11-29,2025-11-28T08:54:28Z
DraftKings,player_points,Jarrett Allen,Under,13.5,-107,2025-11-29,2025-11-28T08:54:28Z
DraftKings,player_points,Onyeka Okongwu,Over,13.5,-106,2025-11-29,2025-11-28T08:54:28Z
DraftKings,player_points,Onyeka Okongwu,Under,13.5,-120,2025-11-29,2025-11-28T08:54:28Z
DraftKings,player_points,Zaccharie Risacher,Over,11.5,100,2025-11-29,2025-11-28T08:54:28Z
DraftKings,player_points,Zaccharie Risacher,Under,11.5,-127,2025-11-29,2025-11-28T08:54:28Z
DraftKings,player_points,Dyson Daniels,Over,10.5,-120,2025-11-29,2025-11-28T08:54:28Z
DraftKings,player_points,Dyson Daniels,Under,10.5,-106,2025-11-29,2025-11-28T08:54:28Z
DraftKings,player_points,Jaylon Tyson,Over,7.5,-120,2025-11-29,2025-11-28T08:54:28Z
DraftKings,player_points,Jaylon Tyson,Under,7.5,-106,2025-11-29,2025-11-28T08:54:28Z
DraftKings,player_points,Vit Krejci,Over,7.5,-115,2025-11-29,2025-11-28T08:54:28Z
DraftKings,player_points,Vit Krejci,Under,7.5,-111,2025-11-29,2025-11-28T08:54:28Z
DraftKings,player_points,Lonzo Ball,Over,6.5,-117,2025-11-29,2025-11-28T08:54:28Z
DraftKings,player_points,Lonzo Ball,Under,6.5,-109,2025-11-29,2025-11-28T08:54:28Z
DraftKings,player_points,Luke Kennard,Over,6.5,-101,2025-11-29,2025-11-28T08:54:28Z
DraftKings,player_points,Luke Kennard,Under,6.5,-127,2025-11-29,2025-11-28T08:54:28Z
DraftKings,player_points,Tyrese Maxey,Over,31.5,-123,2025-11-29,2025-11-28T08:53:53Z
DraftKings,player_points,Tyrese Maxey,Under,31.5,-104,2025-11-29,2025-11-28T08:53:53Z
DraftKings,player_points,Quentin Grimes,Over,18.5,-105,2025-11-29,2025-11-28T08:53:53Z
DraftKings,player_points,Quentin Grimes,Under,18.5,-121,2025-11-29,2025-11-28T08:53:53Z
DraftKings,player_points,Noah Clowney,Over,17.5,-107,2025-11-29,2025-11-28T08:53:53Z
DraftKings,player_points,Noah Clowney,Under,17.5,-119,2025-11-29,2025-11-28T08:53:53Z
DraftKings,player_points,Paul George,Over,14.5,-121,2025-11-29,2025-11-28T08:53:53Z
DraftKings,player_points,Paul George,Under,14.5,-106,2025-11-29,2025-11-28T08:53:53Z
DraftKings,player_points,Nicolas Claxton,Over,14.5,-113,2025-11-29,2025-11-28T08:53:53Z
DraftKings,player_points,Nicolas Claxton,Under,14.5,-113,2025-11-29,2025-11-28T08:53:53Z
DraftKings,player_points,Jared McCain,Over,12.5,-122,2025-11-29,2025-11-28T08:53:53Z
DraftKings,player_points,Jared McCain,Under,12.5,-104,2025-11-29,2025-11-28T08:53:53Z
DraftKings,player_points,Tyrese Martin,Over,12.5,-108,2025-11-29,2025-11-28T08:53:53Z
DraftKings,player_points,Tyrese Martin,Under,12.5,-118,2025-11-29,2025-11-28T08:53:53Z
DraftKings,player_points,Andre Drummond,Over,10.5,-127,2025-11-29,2025-11-28T08:53:53Z
DraftKings,player_points,Andre Drummond,Under,10.5,100,2025-11-29,2025-11-28T08:53:53Z
DraftKings,player_points,Ziaire Williams,Over,10.5,-127,2025-11-29,2025-11-28T08:53:53Z
DraftKings,player_points,Ziaire Williams,Under,10.5,100,2025-11-29,2025-11-28T08:53:53Z
DraftKings,player_points,Justin Edwards,Over,10.5,-120,2025-11-29,2025-11-28T08:53:53Z
DraftKings,player_points,Justin Edwards,Under,10.5,-106,2025-11-29,2025-11-28T08:53:53Z
DraftKings,player_points,Egor Demin,Over,9.5,-116,2025-11-29,2025-11-28T08:53:53Z
DraftKings,player_points,Egor Demin,Under,9.5,-110,2025-11-29,2025-11-28T08:53:53Z
DraftKings,player_points,Terance Mann,Over,9.5,-108,2025-11-29,2025-11-28T08:53:53Z
DraftKings,player_points,Terance Mann,Under,9.5,-118,2025-11-29,2025-11-28T08:53:53Z
DraftKings,player_points,Drake Powell,Over,9.5,-102,2025-11-29,2025-11-28T08:53:53Z
DraftKings,player_points,Drake Powell,Under,9.5,-125,2025-11-29,2025-11-28T08:53:53Z
DraftKings,player_points,Jalen Wilson,Over,7.5,-125,2025-11-29,2025-11-28T08:53:53Z
DraftKings,player_points,Jalen Wilson,Under,7.5,-102,2025-11-29,2025-11-28T08:53:53Z
DraftKings,player_points,Day'Ron Sharpe,Over,7.5,-111,2025-11-29,2025-11-28T08:53:53Z
DraftKings,player_points,Day'Ron Sharpe,Under,7.5,-115,2025-11-29,2025-11-28T08:53:53Z
DraftKings,player_points,Coby White,Over,23.5,-105,2025-11-29,2025-11-28T08:53:29Z
DraftKings,player_points,Coby White,Under,23.5,-121,2025-11-29,2025-11-28T08:53:29Z
DraftKings,player_points,Josh Giddey,Over,20.5,-107,2025-11-29,2025-11-28T08:53:29Z
DraftKings,player_points,Josh Giddey,Under,20.5,-120,2025-11-29,2025-11-28T08:53:29Z
DraftKings,player_points,Brandon Miller,Over,19.5,-102,2025-11-29,2025-11-28T08:53:29Z
DraftKings,player_points,Brandon Miller,Under,19.5,-125,2025-11-29,2025-11-28T08:53:29Z
DraftKings,player_points,Miles Bridges,Over,19.5,-102,2025-11-29,2025-11-28T08:53:29Z
DraftKings,player_points,Miles Bridges,Under,19.5,-125,2025-11-29,2025-11-28T08:53:29Z
DraftKings,player_points,LaMelo Ball,Over,18.5,-111,2025-11-29,2025-11-28T08:53:29Z
DraftKings,player_points,LaMelo Ball,Under,18.5,-114,2025-11-29,2025-11-28T08:53:29Z
DraftKings,player_points,Nikola Vucevic,Over,18.5,-111,2025-11-29,2025-11-28T08:53:29Z
DraftKings,player_points,Nikola Vucevic,Under,18.5,-115,2025-11-29,2025-11-28T08:53:29Z
DraftKings,player_points,Kon Knueppel,Over,17.5,-110,2025-11-29,2025-11-28T08:53:29Z
DraftKings,player_points,Kon Knueppel,Under,17.5,-116,2025-11-29,2025-11-28T08:53:29Z
DraftKings,player_points,Ayo Dosunmu,Over,15.5,-109,2025-11-29,2025-11-28T08:53:29Z
DraftKings,player_points,Ayo Dosunmu,Under,15.5,-117,2025-11-29,2025-11-28T08:53:29Z
DraftKings,player_points,Collin Sexton,Over,13.5,-111,2025-11-29,2025-11-28T08:53:29Z
DraftKings,player_points,Collin Sexton,Under,13.5,-115,2025-11-29,2025-11-28T08:53:29Z
DraftKings,player_points,Matas Buzelis,Over,13.5,101,2025-11-29,2025-11-28T08:53:29Z
DraftKings,player_points,Matas Buzelis,Under,13.5,-128,2025-11-29,2025-11-28T08:53:29Z
DraftKings,player_points,Kevin Huerter,Over,11.5,101,2025-11-29,2025-11-28T08:53:29Z
DraftKings,player_points,Kevin Huerter,Under,11.5,-129,2025-11-29,2025-11-28T08:53:29Z
DraftKings,player_points,Ryan Kalkbrenner,Over,8.5,107,2025-11-29,2025-11-28T08:53:29Z
DraftKings,player_points,Ryan Kalkbrenner,Under,8.5,-136,2025-11-29,2025-11-28T08:53:29Z
DraftKings,player_points,Moussa Diabate,Over,7.5,-119,2025-11-29,2025-11-28T08:53:29Z
DraftKings,player_points,Moussa Diabate,Under,7.5,-107,2025-11-29,2025-11-28T08:53:29Z
DraftKings,player_points,Isaac Okoro,Over,6.5,-128,2025-11-29,2025-11-28T08:53:29Z
DraftKings,player_points,Isaac Okoro,Under,6.5,100,2025-11-29,2025-11-28T08:53:29Z
DraftKings,player_points,Sion James,Over,4.5,-132,2025-11-29,2025-11-28T08:53:29Z
DraftKings,player_points,Sion James,Under,4.5,104,2025-11-29,2025-11-28T08:53:29Z
DraftKings,player_points,Cade Cunningham,Over,28.5,-108,2025-11-29,2025-11-28T08:54:28Z
DraftKings,player_points,Cade Cunningham,Under,28.5,-118,2025-11-29,2025-11-28T08:54:28Z
DraftKings,player_points,Franz Wagner,Over,23.5,-116,2025-11-29,2025-11-28T08:54:28Z
DraftKings,player_points,Franz Wagner,Under,23.5,-110,2025-11-29,2025-11-28T08:54:28Z
DraftKings,player_points,Desmond Bane,Over,19.5,-109,2025-11-29,2025-11-28T08:54:28Z
DraftKings,player_points,Desmond Bane,Under,19.5,-117,2025-11-29,2025-11-28T08:54:28Z
DraftKings,player_points,Jalen Duren,Over,18.5,-116,2025-11-29,2025-11-28T08:54:28Z
DraftKings,player_points,Jalen Duren,Under,18.5,-110,2025-11-29,2025-11-28T08:54:28Z
DraftKings,player_points,Jalen Suggs,Over,15.5,-102,2025-11-29,2025-11-28T08:54:28Z
DraftKings,player_points,Jalen Suggs,Under,15.5,-125,2025-11-29,2025-11-28T08:54:28Z
DraftKings,player_points,Anthony Black,Over,12.5,-124,2025-11-29,2025-11-28T08:54:28Z
DraftKings,player_points,Anthony Black,Under,12.5,-103,2025-11-29,2025-11-28T08:54:28Z
DraftKings,player_points,Wendell Carter Jr,Over,12.5,-108,2025-11-29,2025-11-28T08:54:28Z
DraftKings,player_points,Wendell Carter Jr,Under,12.5,-118,2025-11-29,2025-11-28T08:54:28Z
DraftKings,player_points,Tobias Harris,Over,11.5,-115,2025-11-29,2025-11-28T08:54:28Z
DraftKings,player_points,Tobias Harris,Under,11.5,-111,2025-11-29,2025-11-28T08:54:28Z
DraftKings,player_points,Ausar Thompson,Over,11.5,-102,2025-11-29,2025-11-28T08:54:28Z
DraftKings,player_points,Ausar Thompson,Under,11.5,-126,2025-11-29,2025-11-28T08:54:28Z
DraftKings,player_points,Tristan da Silva,Over,11.5,100,2025-11-29,2025-11-28T08:54:28Z
DraftKings,player_points,Tristan da Silva,Under,11.5,-128,2025-11-29,2025-11-28T08:54:28Z
DraftKings,player_points,Duncan Robinson,Over,9.5,-118,2025-11-29,2025-11-28T08:54:28Z
DraftKings,player_points,Duncan Robinson,Under,9.5,-108,2025-11-29,2025-11-28T08:54:28Z
DraftKings,player_points,Jaden Ivey,Over,9.5,-101,2025-11-29,2025-11-28T08:54:28Z
DraftKings,player_points,Jaden Ivey,Under,9.5,-126,2025-11-29,2025-11-28T08:54:28Z
DraftKings,player_points,Caris LeVert,Over,8.5,-109,2025-11-29,2025-11-28T08:54:28Z
DraftKings,player_points,Caris LeVert,Under,8.5,-117,2025-11-29,2025-11-28T08:54:28Z
DraftKings,player_points,Isaiah Stewart II,Over,7.5,-110,2025-11-29,2025-11-28T08:54:28Z
DraftKings,player_points,Isaiah Stewart II,Under,7.5,-116,2025-11-29,2025-11-28T08:54:28Z
DraftKings,player_points,Goga Bitadze,Over,6.5,100,2025-11-29,2025-11-28T08:54:28Z
DraftKings,player_points,Goga Bitadze,Under,6.5,-127,2025-11-29,2025-11-28T08:54:28Z
DraftKings,player_points,Pascal Siakam,Over,25.5,-103,2025-11-29,2025-11-28T08:54:35Z
DraftKings,player_points,Pascal Siakam,Under,25.5,-124,2025-11-29,2025-11-28T08:54:35Z
DraftKings,player_points,Bennedict Mathurin,Over,23.5,-107,2025-11-29,2025-11-28T08:54:35Z
DraftKings,player_points,Bennedict Mathurin,Under,23.5,-119,2025-11-29,2025-11-28T08:54:35Z
DraftKings,player_points,Alex Sarr,Over,18.5,-125,2025-11-29,2025-11-28T08:54:35Z
DraftKings,player_points,Alex Sarr,Under,18.5,-102,2025-11-29,2025-11-28T08:54:35Z
DraftKings,player_points,C.J. McCollum,Over,17.5,-124,2025-11-29,2025-11-28T08:54:35Z
DraftKings,player_points,C.J. McCollum,Under,17.5,-102,2025-11-29,2025-11-28T08:54:35Z
DraftKings,player_points,Andrew Nembhard,Over,17.5,-119,2025-11-29,2025-11-28T08:54:35Z
DraftKings,player_points,Andrew Nembhard,Under,17.5,-107,2025-11-29,2025-11-28T08:54:35Z
DraftKings,player_points,Kyshawn George,Over,16.5,-104,2025-11-29,2025-11-28T08:54:35Z
DraftKings,player_points,Kyshawn George,Under,16.5,-122,2025-11-29,2025-11-28T08:54:35Z
DraftKings,player_points,T.J. McConnell,Over,12.5,-120,2025-11-29,2025-11-28T08:54:35Z
DraftKings,player_points,T.J. McConnell,Under,12.5,-106,2025-11-29,2025-11-28T08:54:35Z
DraftKings,player_points,Cam Whitmore,Over,11.5,-111,2025-11-29,2025-11-28T08:54:35Z
DraftKings,player_points,Cam Whitmore,Under,11.5,-115,2025-11-29,2025-11-28T08:54:35Z
DraftKings,player_points,Jarace Walker,Over,10.5,-114,2025-11-29,2025-11-28T08:54:35Z
DraftKings,player_points,Jarace Walker,Under,10.5,-112,2025-11-29,2025-11-28T08:54:35Z
DraftKings,player_points,Jay Huff,Over,9.5,-129,2025-11-29,2025-11-28T08:54:35Z
DraftKings,player_points,Jay Huff,Under,9.5,101,2025-11-29,2025-11-28T08:54:35Z
DraftKings,player_points,Bilal Coulibaly,Over,9.5,-124,2025-11-29,2025-11-28T08:54:35Z
DraftKings,player_points,Bilal Coulibaly,Under,9.5,-103,2025-11-29,2025-11-28T08:54:35Z
DraftKings,player_points,Khris Middleton,Over,9.5,-109,2025-11-29,2025-11-28T08:54:35Z
DraftKings,player_points,Khris Middleton,Under,9.5,-117,2025-11-29,2025-11-28T08:54:35Z
DraftKings,player_points,Isaiah Jackson,Over,8.5,104,2025-11-29,2025-11-28T08:54:35Z
DraftKings,player_points,Isaiah Jackson,Under,8.5,-133,2025-11-29,2025-11-28T08:54:35Z
DraftKings,player_points,Ben Sheppard,Over,6.5,-117,2025-11-29,2025-11-28T08:54:35Z
DraftKings,player_points,Ben Sheppard,Under,6.5,-109,2025-11-29,2025-11-28T08:54:35Z
DraftKings,player_points,Carlton Carrington,Over,6.5,-113,2025-11-29,2025-11-28T08:54:35Z
DraftKings,player_points,Carlton Carrington,Under,6.5,-113,2025-11-29,2025-11-28T08:54:35Z
DraftKings,player_points,Justin Champagnie,Over,5.5,107,2025-11-29,2025-11-28T08:54:35Z
DraftKings,player_points,Justin Champagnie,Under,5.5,-136,2025-11-29,2025-11-28T08:54:35Z
DraftKings,player_points,Jalen Brunson,Over,30.5,-104,2025-11-29,2025-11-28T08:54:01Z
DraftKings,player_points,Jalen Brunson,Under,30.5,-123,2025-11-29,2025-11-28T08:54:01Z
DraftKings,player_points,Giannis Antetokounmpo,Over,29.5,-114,2025-11-29,2025-11-28T08:54:01Z
DraftKings,player_points,Giannis Antetokounmpo,Under,29.5,-112,2025-11-29,2025-11-28T08:54:01Z
DraftKings,player_points,Karl-Anthony Towns,Over,23.5,-118,2025-11-29,2025-11-28T08:54:01Z
DraftKings,player_points,Karl-Anthony Towns,Under,23.5,-108,2025-11-29,2025-11-28T08:54:01Z
DraftKings,player_points,Ryan Rollins,Over,18.5,-105,2025-11-29,2025-11-28T08:54:01Z
DraftKings,player_points,Ryan Rollins,Under,18.5,-122,2025-11-29,2025-11-28T08:54:01Z
DraftKings,player_points,Mikal Bridges,Over,16.5,-103,2025-11-29,2025-11-28T08:54:01Z
DraftKings,player_points,Mikal Bridges,Under,16.5,-124,2025-11-29,2025-11-28T08:54:01Z
DraftKings,player_points,Myles Turner,Over,13.5,-127,2025-11-29,2025-11-28T08:54:01Z
DraftKings,player_points,Myles Turner,Under,13.5,-101,2025-11-29,2025-11-28T08:54:01Z
DraftKings,player_points,Kyle Kuzma,Over,13.5,-108,2025-11-29,2025-11-28T08:54:01Z
DraftKings,player_points,Kyle Kuzma,Under,13.5,-118,2025-11-29,2025-11-28T08:54:01Z
DraftKings,player_points,Jordan Clarkson,Over,12.5,-107,2025-11-29,2025-11-28T08:54:01Z
DraftKings,player_points,Jordan Clarkson,Under,12.5,-120,2025-11-29,2025-11-28T08:54:01Z
DraftKings,player_points,Josh Hart,Over,12.5,-107,2025-11-29,2025-11-28T08:54:01Z
DraftKings,player_points,Josh Hart,Under,12.5,-119,2025-11-29,2025-11-28T08:54:01Z
DraftKings,player_points,Miles McBride,Over,10.5,-118,2025-11-29,2025-11-28T08:54:01Z
DraftKings,player_points,Miles McBride,Under,10.5,-108,2025-11-29,2025-11-28T08:54:01Z
DraftKings,player_points,A.J. Green,Over,9.5,-112,2025-11-29,2025-11-28T08:54:01Z
DraftKings,player_points,A.J. Green,Under,9.5,-114,2025-11-29,2025-11-28T08:54:01Z
DraftKings,player_points,Gary Trent Jr,Over,9.5,-108,2025-11-29,2025-11-28T08:54:01Z
DraftKings,player_points,Gary Trent Jr,Under,9.5,-118,2025-11-29,2025-11-28T08:54:01Z
DraftKings,player_points,Mitchell Robinson,Over,4.5,125,2025-11-29,2025-11-28T08:54:01Z
DraftKings,player_points,Mitchell Robinson,Under,4.5,-160,2025-11-29,2025-11-28T08:54:01Z
DraftKings,player_points,Nikola Jokic,Over,30.5,-110,2025-11-29,2025-11-28T08:54:28Z
DraftKings,player_points,Nikola Jokic,Under,30.5,-116,2025-11-29,2025-11-28T08:54:28Z
DraftKings,player_points,De'Aaron Fox,Over,24.5,-119,2025-11-29,2025-11-28T08:54:28Z
DraftKings,player_points,De'Aaron Fox,Under,24.5,-107,2025-11-29,2025-11-28T08:54:28Z
DraftKings,player_points,Jamal Murray,Over,24.5,-108,2025-11-29,2025-11-28T08:54:28Z
DraftKings,player_points,Jamal Murray,Under,24.5,-118,2025-11-29,2025-11-28T08:54:28Z
DraftKings,player_points,Devin Vassell,Over,15.5,-120,2025-11-29,2025-11-28T08:54:28Z
DraftKings,player_points,Devin Vassell,Under,15.5,-106,2025-11-29,2025-11-28T08:54:28Z
DraftKings,player_points,Cameron Johnson,Over,14.5,-101,2025-11-29,2025-11-28T08:54:28Z
DraftKings,player_points,Cameron Johnson,Under,14.5,-126,2025-11-29,2025-11-28T08:54:28Z
DraftKings,player_points,Peyton Watson,Over,13.5,-122,2025-11-29,2025-11-28T08:54:28Z
DraftKings,player_points,Peyton Watson,Under,13.5,-104,2025-11-29,2025-11-28T08:54:28Z
DraftKings,player_points,Keldon Johnson,Over,13.5,-117,2025-11-29,2025-11-28T08:54:28Z
DraftKings,player_points,Keldon Johnson,Under,13.5,-109,2025-11-29,2025-11-28T08:54:28Z
DraftKings,player_points,Harrison Barnes,Over,12.5,-126,2025-11-29,2025-11-28T08:54:28Z
DraftKings,player_points,Harrison Barnes,Under,12.5,-101,2025-11-29,2025-11-28T08:54:28Z
DraftKings,player_points,Julian Champagnie,Over,11.5,-114,2025-11-29,2025-11-28T08:54:28Z
DraftKings,player_points,Julian Champagnie,Under,11.5,-112,2025-11-29,2025-11-28T08:54:28Z
DraftKings,player_points,Tim Hardaway Jr,Over,11.5,-103,2025-11-29,2025-11-28T08:54:28Z
DraftKings,player_points,Tim Hardaway Jr,Under,11.5,-124,2025-11-29,2025-11-28T08:54:28Z
DraftKings,player_points,Dylan Harper,Over,11.5,101,2025-11-29,2025-11-28T08:54:28Z
DraftKings,player_points,Dylan Harper,Under,11.5,-129,2025-11-29,2025-11-28T08:54:28Z
DraftKings,player_points,Bruce Brown,Over,8.5,-121,2025-11-29,2025-11-28T08:54:28Z
DraftKings,player_points,Bruce Brown,Under,8.5,-105,2025-11-29,2025-11-28T08:54:28Z
DraftKings,player_points,Jonas Valanciunas,Over,7.5,-112,2025-11-29,2025-11-28T08:54:28Z
DraftKings,player_points,Jonas Valanciunas,Under,7.5,-114,2025-11-29,2025-11-28T08:54:28Z
DraftKings,player_points,Luke Kornet,Over,7.5,-112,2025-11-29,2025-11-28T08:54:28Z
DraftKings,player_points,Luke Kornet,Under,7.5,-114,2025-11-29,2025-11-28T08:54:28Z
DraftKings,player_points,Kelly Olynyk,Over,4.5,-107,2025-11-29,2025-11-28T08:54:28Z
DraftKings,player_points,Kelly Olynyk,Under,4.5,-119,2025-11-29,2025-11-28T08:54:28Z
DraftKings,player_points,Shai Gilgeous-Alexander,Over,30.5,-117,2025-11-29,2025-11-28T08:54:28Z
DraftKings,player_points,Shai Gilgeous-Alexander,Under,30.5,-109,2025-11-29,2025-11-28T08:54:28Z
DraftKings,player_points,Devin Booker,Over,24.5,-106,2025-11-29,2025-11-28T08:54:28Z
DraftKings,player_points,Devin Booker,Under,24.5,-120,2025-11-29,2025-11-28T08:54:28Z
DraftKings,player_points,Dillon Brooks,Over,17.5,-110,2025-11-29,2025-11-28T08:54:28Z
DraftKings,player_points,Dillon Brooks,Under,17.5,-116,2025-11-29,2025-11-28T08:54:28Z
DraftKings,player_points,Chet Holmgren,Over,16.5,-124,2025-11-29,2025-11-28T08:54:28Z
DraftKings,player_points,Chet Holmgren,Under,16.5,-103,2025-11-29,2025-11-28T08:54:28Z
DraftKings,player_points,Jalen Williams,Over,13.5,-104,2025-11-29,2025-11-28T08:54:28Z
DraftKings,player_points,Jalen Williams,Under,13.5,-122,2025-11-29,2025-11-28T08:54:28Z
DraftKings,player_points,Collin Gillespie,Over,12.5,-109,2025-11-29,2025-11-28T08:54:28Z
DraftKings,player_points,Collin Gillespie,Under,12.5,-117,2025-11-29,2025-11-28T08:54:28Z
DraftKings,player_points,Ajay Mitchell,Over,12.5,-101,2025-11-29,2025-11-28T08:54:28Z
DraftKings,player_points,Ajay Mitchell,Under,12.5,-127,2025-11-29,2025-11-28T08:54:28Z
DraftKings,player_points,Mark Williams,Over,11.5,-104,2025-11-29,2025-11-28T08:54:28Z
DraftKings,player_points,Mark Williams,Under,11.5,-123,2025-11-29,2025-11-28T08:54:28Z
DraftKings,player_points,Isaiah Hartenstein,Over,10.5,106,2025-11-29,2025-11-28T08:54:28Z
DraftKings,player_points,Isaiah Hartenstein,Under,10.5,-136,2025-11-29,2025-11-28T08:54:28Z
DraftKings,player_points,Royce O'Neale,Over,9.5,-107,2025-11-29,2025-11-28T08:54:28Z
DraftKings,player_points,Royce O'Neale,Under,9.5,-119,2025-11-29,2025-11-28T08:54:28Z
DraftKings,player_points,Isaiah Joe,Over,8.5,-123,2025-11-29,2025-11-28T08:54:28Z
DraftKings,player_points,Isaiah Joe,Under,8.5,-104,2025-11-29,2025-11-28T08:54:28Z
DraftKings,player_points,Luguentz Dort,Over,7.5,-103,2025-11-29,2025-11-28T08:54:28Z
DraftKings,player_points,Luguentz Dort,Under,7.5,-123,2025-11-29,2025-11-28T08:54:28Z
DraftKings,player_points,Cason Wallace,Over,7.5,-102,2025-11-29,2025-11-28T08:54:28Z
DraftKings,player_points,Cason Wallace,Under,7.5,-125,2025-11-29,2025-11-28T08:54:28Z
DraftKings,player_points,Alex Caruso,Over,5.5,-110,2025-11-29,2025-11-28T08:54:28Z
DraftKings,player_points,Alex Caruso,Under,5.5,-116,2025-11-29,2025-11-28T08:54:28Z
DraftKings,player_points,Lauri Markkanen,Over,27.5,-109,2025-11-29,2025-11-28T08:54:36Z
DraftKings,player_points,Lauri Markkanen,Under,27.5,-117,2025-11-29,2025-11-28T08:54:36Z
DraftKings,player_points,Keyonte George,Over,21.5,-114,2025-11-29,2025-11-28T08:54:36Z
DraftKings,player_points,Keyonte George,Under,21.5,-111,2025-11-29,2025-11-28T08:54:36Z
DraftKings,player_points,Zach LaVine,Over,19.5,-124,2025-11-29,2025-11-28T08:54:36Z
DraftKings,player_points,Zach LaVine,Under,19.5,-103,2025-11-29,2025-11-28T08:54:36Z
DraftKings,player_points,DeMar DeRozan,Over,18.5,-101,2025-11-29,2025-11-28T08:54:36Z
DraftKings,player_points,DeMar DeRozan,Under,18.5,-126,2025-11-29,2025-11-28T08:54:36Z
DraftKings,player_points,Keegan Murray,Over,17.5,-110,2025-11-29,2025-11-28T08:54:36Z
DraftKings,player_points,Keegan Murray,Under,17.5,-115,2025-11-29,2025-11-28T08:54:36Z
DraftKings,player_points,Russell Westbrook,Over,14.5,-117,2025-11-29,2025-11-28T08:54:36Z
DraftKings,player_points,Russell Westbrook,Under,14.5,-109,2025-11-29,2025-11-28T08:54:36Z
DraftKings,player_points,Malik Monk,Over,13.5,-116,2025-11-29,2025-11-28T08:54:36Z
DraftKings,player_points,Malik Monk,Under,13.5,-110,2025-11-29,2025-11-28T08:54:36Z
DraftKings,player_points,Ace Bailey,Over,12.5,-121,2025-11-29,2025-11-28T08:54:36Z
DraftKings,player_points,Ace Bailey,Under,12.5,-106,2025-11-29,2025-11-28T08:54:36Z
DraftKings,player_points,Dennis Schroder,Over,10.5,-112,2025-11-29,2025-11-28T08:54:36Z
DraftKings,player_points,Dennis Schroder,Under,10.5,-114,2025-11-29,2025-11-28T08:54:36Z
DraftKings,player_points,Jusuf Nurkic,Over,9.5,-117,2025-11-29,2025-11-28T08:54:36Z
DraftKings,player_points,Jusuf Nurkic,Under,9.5,-109,2025-11-29,2025-11-28T08:54:36Z
DraftKings,player_points,Kyle Filipowski,Over,8.5,-128,2025-11-29,2025-11-28T08:54:36Z
DraftKings,player_points,Kyle Filipowski,Under,8.5,100,2025-11-29,2025-11-28T08:54:36Z
DraftKings,player_points,Brice Sensabaugh,Over,8.5,-120,2025-11-29,2025-11-28T08:54:36Z
DraftKings,player_points,Brice Sensabaugh,Under,8.5,-106,2025-11-29,2025-11-28T08:54:36Z
DraftKings,player_points,Isaiah Collier,Over,8.5,-111,2025-11-29,2025-11-28T08:54:36Z
DraftKings,player_points,Isaiah Collier,Under,8.5,-115,2025-11-29,2025-11-28T08:54:36Z
DraftKings,player_points,Precious Achiuwa,Over,7.5,-131,2025-11-29,2025-11-28T08:54:36Z
DraftKings,player_points,Precious Achiuwa,Under,7.5,103,2025-11-29,2025-11-28T08:54:36Z
DraftKings,player_points,Svi Mykhailiuk,Over,7.5,-130,2025-11-29,2025-11-28T08:54:36Z
DraftKings,player_points,Svi Mykhailiuk,Under,7.5,102,2025-11-29,2025-11-28T08:54:36Z
DraftKings,player_points,Drew Eubanks,Over,7.5,-103,2025-11-29,2025-11-28T08:54:36Z
DraftKings,player_points,Drew Eubanks,Under,7.5,-124,2025-11-29,2025-11-28T08:54:36Z
DraftKings,player_points,Walter Clayton Jr.,Over,5.5,-113,2025-11-29,2025-11-28T08:54:36Z
DraftKings,player_points,Walter Clayton Jr.,Under,5.5,-113,2025-11-29,2025-11-28T08:54:36Z
DraftKings,player_points,Luka Doncic,Over,33.5,-117,2025-11-29,2025-11-28T08:54:21Z
DraftKings,player_points,Luka Doncic,Under,33.5,-109,2025-11-29,2025-11-28T08:54:21Z
DraftKings,player_points,Austin Reaves,Over,21.5,-125,2025-11-29,2025-11-28T08:54:21Z
DraftKings,player_points,Austin Reaves,Under,21.5,-102,2025-11-29,2025-11-28T08:54:21Z
DraftKings,player_points,LeBron James,Over,20.5,-120,2025-11-29,2025-11-28T08:54:21Z
DraftKings,player_points,LeBron James,Under,20.5,-106,2025-11-29,2025-11-28T08:54:21Z
DraftKings,player_points,Anthony Davis,Over,19.5,-108,2025-11-29,2025-11-28T08:54:21Z
DraftKings,player_points,Anthony Davis,Under,19.5,-118,2025-11-29,2025-11-28T08:54:21Z
DraftKings,player_points,Cooper Flagg,Over,15.5,-103,2025-11-29,2025-11-28T08:54:21Z
DraftKings,player_points,Cooper Flagg,Under,15.5,-124,2025-11-29,2025-11-28T08:54:21Z
DraftKings,player_points,P.J. Washington,Over,15.5,-103,2025-11-29,2025-11-28T08:54:21Z
DraftKings,player_points,P.J. Washington,Under,15.5,-124,2025-11-29,2025-11-28T08:54:21Z
DraftKings,player_points,Deandre Ayton,Over,13.5,-114,2025-11-29,2025-11-28T08:54:21Z
DraftKings,player_points,Deandre Ayton,Under,13.5,-112,2025-11-29,2025-11-28T08:54:21Z
DraftKings,player_points,Brandon Williams,Over,11.5,-117,2025-11-29,2025-11-28T08:54:21Z
DraftKings,player_points,Brandon Williams,Under,11.5,-109,2025-11-29,2025-11-28T08:54:21Z
DraftKings,player_points,Rui Hachimura,Over,10.5,-121,2025-11-29,2025-11-28T08:54:21Z
DraftKings,player_points,Rui Hachimura,Under,10.5,-106,2025-11-29,2025-11-28T08:54:21Z
DraftKings,player_points,Max Christie,Over,10.5,-119,2025-11-29,2025-11-28T08:54:21Z
DraftKings,player_points,Max Christie,Under,10.5,-107,2025-11-29,2025-11-28T08:54:21Z
DraftKings,player_points,Klay Thompson,Over,10.5,-107,2025-11-29,2025-11-28T08:54:21Z
DraftKings,player_points,Klay Thompson,Under,10.5,-120,2025-11-29,2025-11-28T08:54:21Z
DraftKings,player_points,Naji Marshall,Over,9.5,-123,2025-11-29,2025-11-28T08:54:21Z
DraftKings,player_points,Naji Marshall,Under,9.5,-104,2025-11-29,2025-11-28T08:54:21Z
DraftKings,player_points,Daniel Gafford,Over,9.5,-108,2025-11-29,2025-11-28T08:54:21Z
DraftKings,player_points,Daniel Gafford,Under,9.5,-118,2025-11-29,2025-11-28T08:54:21Z
DraftKings,player_points,Jake LaRavia,Over,5.5,-124,2025-11-29,2025-11-28T08:54:21Z
DraftKings,player_points,Jake LaRavia,Under,5.5,-103,2025-11-29,2025-11-28T08:54:21Z
DraftKings,player_points,Marcus Smart,Over,5.5,-121,2025-11-29,2025-11-28T08:54:21Z
DraftKings,player_points,Marcus Smart,Under,5.5,-105,2025-11-29,2025-11-28T08:54:21Z
DraftKings,player_points,James Harden,Over,26.5,-118,2025-11-29,2025-11-28T08:54:22Z
DraftKings,player_points,James Harden,Under,26.5,-108,2025-11-29,2025-11-28T08:54:22Z
DraftKings,player_points,Jaren Jackson Jr,Over,22.5,-106,2025-11-29,2025-11-28T08:54:22Z
DraftKings,player_points,Jaren Jackson Jr,Under,22.5,-120,2025-11-29,2025-11-28T08:54:22Z
DraftKings,player_points,Kawhi Leonard,Over,21.5,-109,2025-11-29,2025-11-28T08:54:22Z
DraftKings,player_points,Kawhi Leonard,Under,21.5,-117,2025-11-29,2025-11-28T08:54:22Z
DraftKings,player_points,Ivica Zubac,Over,17.5,-113,2025-11-29,2025-11-28T08:54:22Z
DraftKings,player_points,Ivica Zubac,Under,17.5,-113,2025-11-29,2025-11-28T08:54:22Z
DraftKings,player_points,Cedric Coward,Over,13.5,-103,2025-11-29,2025-11-28T08:54:22Z
DraftKings,player_points,Cedric Coward,Under,13.5,-123,2025-11-29,2025-11-28T08:54:22Z
DraftKings,player_points,John Collins,Over,12.5,-117,2025-11-29,2025-11-28T08:54:22Z
DraftKings,player_points,John Collins,Under,12.5,-109,2025-11-29,2025-11-28T08:54:22Z
DraftKings,player_points,Jaylen Wells,Over,12.5,-113,2025-11-29,2025-11-28T08:54:22Z
DraftKings,player_points,Jaylen Wells,Under,12.5,-113,2025-11-29,2025-11-28T08:54:22Z
DraftKings,player_points,Santi Aldama,Over,12.5,-112,2025-11-29,2025-11-28T08:54:22Z
DraftKings,player_points,Santi Aldama,Under,12.5,-113,2025-11-29,2025-11-28T08:54:22Z
DraftKings,player_points,Zach Edey,Over,12.5,-109,2025-11-29,2025-11-28T08:54:22Z
DraftKings,player_points,Zach Edey,Under,12.5,-117,2025-11-29,2025-11-28T08:54:22Z
DraftKings,player_points,Vincent Williams Jr,Over,9.5,-107,2025-11-29,2025-11-28T08:54:22Z
DraftKings,player_points,Vincent Williams Jr,Under,9.5,-119,2025-11-29,2025-11-28T08:54:22Z
DraftKings,player_points,Kris Dunn,Over,8.5,-107,2025-11-29,2025-11-28T08:54:22Z
DraftKings,player_points,Kris Dunn,Under,8.5,-119,2025-11-29,2025-11-28T08:54:22Z
DraftKings,player_points,Jock Landale,Over,8.5,-106,2025-11-29,2025-11-28T08:54:22Z
DraftKings,player_points,Jock Landale,Under,8.5,-120,2025-11-29,2025-11-28T08:54:22Z
DraftKings,player_points,Brook Lopez,Over,5.5,-121,2025-11-29,2025-11-28T08:54:22Z
DraftKings,player_points,Brook Lopez,Under,5.5,-106,2025-11-29,2025-11-28T08:54:22Z
DraftKings,player_points,Nicolas Batum,Over,5.5,-102,2025-11-29,2025-11-28T08:54:22Z
DraftKings,player_points,Nicolas Batum,Under,5.5,-125,2025-11-29,2025-11-28T08:54:22Z
BetOnline.ag,player_points,Onyeka Okongwu,Over,13.5,-102,2025-11-29,2025-11-28T08:54:03Z
BetOnline.ag,player_points,Onyeka Okongwu,Under,13.5,-127,2025-11-29,2025-11-28T08:54:03Z
BetOnline.ag,player_points,Jalen Johnson,Over,20.5,-120,2025-11-29,2025-11-28T08:54:03Z
BetOnline.ag,player_points,Jalen Johnson,Under,20.5,-108,2025-11-29,2025-11-28T08:54:03Z
BetOnline.ag,player_points,Darius Garland,Over,15.5,-116,2025-11-29,2025-11-28T08:54:03Z
BetOnline.ag,player_points,Darius Garland,Under,15.5,-111,2025-11-29,2025-11-28T08:54:03Z
BetOnline.ag,player_points,Jarrett Allen,Over,13.5,-127,2025-11-29,2025-11-28T08:54:03Z
BetOnline.ag,player_points,Jarrett Allen,Under,13.5,-102,2025-11-29,2025-11-28T08:54:03Z
BetOnline.ag,player_points,Evan Mobley,Over,18.5,-122,2025-11-29,2025-11-28T08:54:03Z
BetOnline.ag,player_points,Evan Mobley,Under,18.5,-106,2025-11-29,2025-11-28T08:54:03Z
BetOnline.ag,player_points,Donovan Mitchell,Over,29.5,-109,2025-11-29,2025-11-28T08:54:03Z
BetOnline.ag,player_points,Donovan Mitchell,Under,29.5,-119,2025-11-29,2025-11-28T08:54:03Z
BetOnline.ag,player_points,Dyson Daniels,Over,10.5,-123,2025-11-29,2025-11-28T08:54:03Z
BetOnline.ag,player_points,Dyson Daniels,Under,10.5,-104,2025-11-29,2025-11-28T08:54:03Z
BetOnline.ag,player_points,Vit Krejci,Over,7.5,-110,2025-11-29,2025-11-28T08:54:03Z
BetOnline.ag,player_points,Vit Krejci,Under,7.5,-118,2025-11-29,2025-11-28T08:54:03Z
BetOnline.ag,player_points,Zaccharie Risacher,Over,10.5,-119,2025-11-29,2025-11-28T08:54:03Z
BetOnline.ag,player_points,Zaccharie Risacher,Under,10.5,-109,2025-11-29,2025-11-28T08:54:03Z
BetOnline.ag,player_points,Kristaps Porzingis,Over,18.5,-115,2025-11-29,2025-11-28T08:54:03Z
BetOnline.ag,player_points,Kristaps Porzingis,Under,18.5,-112,2025-11-29,2025-11-28T08:54:03Z
BetOnline.ag,player_points,Nickeil Alexander-Walker,Over,17.5,-120,2025-11-29,2025-11-28T08:54:03Z
BetOnline.ag,player_points,Nickeil Alexander-Walker,Under,17.5,-108,2025-11-29,2025-11-28T08:54:03Z
BetOnline.ag,player_points,Luke Kennard,Over,6.5,-102,2025-11-29,2025-11-28T08:54:03Z
BetOnline.ag,player_points,Luke Kennard,Under,6.5,-127,2025-11-29,2025-11-28T08:54:03Z
BetOnline.ag,player_points,De'Andre Hunter,Over,15.5,-123,2025-11-29,2025-11-28T08:54:03Z
BetOnline.ag,player_points,De'Andre Hunter,Under,15.5,-105,2025-11-29,2025-11-28T08:54:03Z
BetOnline.ag,player_points,Jaylon Tyson,Over,7.5,-115,2025-11-29,2025-11-28T08:54:03Z
BetOnline.ag,player_points,Jaylon Tyson,Under,7.5,-112,2025-11-29,2025-11-28T08:54:03Z
BetOnline.ag,player_points,Lonzo Ball,Over,6.5,-109,2025-11-29,2025-11-28T08:54:03Z
BetOnline.ag,player_points,Lonzo Ball,Under,6.5,-119,2025-11-29,2025-11-28T08:54:03Z
BetOnline.ag,player_points,Justin Edwards,Over,10.5,-110,2025-11-29,2025-11-28T08:54:10Z
BetOnline.ag,player_points,Justin Edwards,Under,10.5,-118,2025-11-29,2025-11-28T08:54:10Z
BetOnline.ag,player_points,Paul George,Over,14.5,-127,2025-11-29,2025-11-28T08:54:10Z
BetOnline.ag,player_points,Paul George,Under,14.5,-102,2025-11-29,2025-11-28T08:54:10Z
BetOnline.ag,player_points,Egor Demin,Over,9.5,-115,2025-11-29,2025-11-28T08:54:10Z
BetOnline.ag,player_points,Egor Demin,Under,9.5,-112,2025-11-29,2025-11-28T08:54:10Z
BetOnline.ag,player_points,Tyrese Maxey,Over,31.5,-114,2025-11-29,2025-11-28T08:54:10Z
BetOnline.ag,player_points,Tyrese Maxey,Under,31.5,-114,2025-11-29,2025-11-28T08:54:10Z
BetOnline.ag,player_points,Nicolas Claxton,Over,14.5,-115,2025-11-29,2025-11-28T08:54:10Z
BetOnline.ag,player_points,Nicolas Claxton,Under,14.5,-112,2025-11-29,2025-11-28T08:54:10Z
BetOnline.ag,player_points,Tyrese Martin,Over,12.5,-114,2025-11-29,2025-11-28T08:54:10Z
BetOnline.ag,player_points,Tyrese Martin,Under,12.5,-114,2025-11-29,2025-11-28T08:54:10Z
BetOnline.ag,player_points,Day'Ron Sharpe,Over,7.5,-112,2025-11-29,2025-11-28T08:54:10Z
BetOnline.ag,player_points,Day'Ron Sharpe,Under,7.5,-115,2025-11-29,2025-11-28T08:54:10Z
BetOnline.ag,player_points,Andre Drummond,Over,10.5,-123,2025-11-29,2025-11-28T08:54:10Z
BetOnline.ag,player_points,Andre Drummond,Under,10.5,-104,2025-11-29,2025-11-28T08:54:10Z
BetOnline.ag,player_points,Drake Powell,Over,9.5,-114,2025-11-29,2025-11-28T08:54:10Z
BetOnline.ag,player_points,Drake Powell,Under,9.5,-114,2025-11-29,2025-11-28T08:54:10Z
BetOnline.ag,player_points,Terance Mann,Over,9.5,-103,2025-11-29,2025-11-28T08:54:10Z
BetOnline.ag,player_points,Terance Mann,Under,9.5,-125,2025-11-29,2025-11-28T08:54:10Z
BetOnline.ag,player_points,Quentin Grimes,Over,18.5,-108,2025-11-29,2025-11-28T08:54:10Z
BetOnline.ag,player_points,Quentin Grimes,Under,18.5,-120,2025-11-29,2025-11-28T08:54:10Z
BetOnline.ag,player_points,Noah Clowney,Over,17.5,-106,2025-11-29,2025-11-28T08:54:10Z
BetOnline.ag,player_points,Noah Clowney,Under,17.5,-122,2025-11-29,2025-11-28T08:54:10Z
BetOnline.ag,player_points,Jared McCain,Over,13.5,-114,2025-11-29,2025-11-28T08:54:10Z
BetOnline.ag,player_points,Jared McCain,Under,13.5,-114,2025-11-29,2025-11-28T08:54:10Z
BetOnline.ag,player_points,Ziaire Williams,Over,10.5,-125,2025-11-29,2025-11-28T08:54:10Z
BetOnline.ag,player_points,Ziaire Williams,Under,10.5,-103,2025-11-29,2025-11-28T08:54:10Z
BetOnline.ag,player_points,Jalen Wilson,Over,7.5,-123,2025-11-29,2025-11-28T08:54:10Z
BetOnline.ag,player_points,Jalen Wilson,Under,7.5,-104,2025-11-29,2025-11-28T08:54:10Z
BetOnline.ag,player_points,Miles Bridges,Over,19.5,103,2025-11-29,2025-11-28T08:51:53Z
BetOnline.ag,player_points,Miles Bridges,Under,19.5,-133,2025-11-29,2025-11-28T08:51:53Z
BetOnline.ag,player_points,Coby White,Over,23.5,-106,2025-11-29,2025-11-28T08:51:53Z
BetOnline.ag,player_points,Coby White,Under,23.5,-122,2025-11-29,2025-11-28T08:51:53Z
BetOnline.ag,player_points,Nikola Vucevic,Over,18.5,-112,2025-11-29,2025-11-28T08:51:53Z
BetOnline.ag,player_points,Nikola Vucevic,Under,18.5,-115,2025-11-29,2025-11-28T08:51:53Z
BetOnline.ag,player_points,Ayo Dosunmu,Over,14.5,-120,2025-11-29,2025-11-28T08:51:53Z
BetOnline.ag,player_points,Ayo Dosunmu,Under,14.5,-108,2025-11-29,2025-11-28T08:51:53Z
BetOnline.ag,player_points,Brandon Miller,Over,19.5,103,2025-11-29,2025-11-28T08:51:53Z
BetOnline.ag,player_points,Brandon Miller,Under,19.5,-133,2025-11-29,2025-11-28T08:51:53Z
BetOnline.ag,player_points,LaMelo Ball,Over,19.5,-112,2025-11-29,2025-11-28T08:51:53Z
BetOnline.ag,player_points,LaMelo Ball,Under,19.5,-115,2025-11-29,2025-11-28T08:51:53Z
BetOnline.ag,player_points,Matas Buzelis,Over,13.5,-101,2025-11-29,2025-11-28T08:51:53Z
BetOnline.ag,player_points,Matas Buzelis,Under,13.5,-128,2025-11-29,2025-11-28T08:51:53Z
BetOnline.ag,player_points,Moussa Diabate,Over,7.5,-122,2025-11-29,2025-11-28T08:51:53Z
BetOnline.ag,player_points,Moussa Diabate,Under,7.5,-106,2025-11-29,2025-11-28T08:51:53Z
BetOnline.ag,player_points,Isaac Okoro,Over,7.5,-103,2025-11-29,2025-11-28T08:51:53Z
BetOnline.ag,player_points,Isaac Okoro,Under,7.5,-125,2025-11-29,2025-11-28T08:51:53Z
BetOnline.ag,player_points,Kon Knueppel,Over,17.5,-112,2025-11-29,2025-11-28T08:51:53Z
BetOnline.ag,player_points,Kon Knueppel,Under,17.5,-115,2025-11-29,2025-11-28T08:51:53Z
BetOnline.ag,player_points,Ryan Kalkbrenner,Over,8.5,102,2025-11-29,2025-11-28T08:51:53Z
BetOnline.ag,player_points,Ryan Kalkbrenner,Under,8.5,-132,2025-11-29,2025-11-28T08:51:53Z
BetOnline.ag,player_points,Josh Giddey,Over,20.5,-102,2025-11-29,2025-11-28T08:51:53Z
BetOnline.ag,player_points,Josh Giddey,Under,20.5,-127,2025-11-29,2025-11-28T08:51:53Z
BetOnline.ag,player_points,Kevin Huerter,Over,10.5,-118,2025-11-29,2025-11-28T08:51:53Z
BetOnline.ag,player_points,Kevin Huerter,Under,10.5,-110,2025-11-29,2025-11-28T08:51:53Z
BetOnline.ag,player_points,Collin Sexton,Over,13.5,-105,2025-11-29,2025-11-28T08:51:53Z
BetOnline.ag,player_points,Collin Sexton,Under,13.5,-123,2025-11-29,2025-11-28T08:51:53Z
BetOnline.ag,player_points,Franz Wagner,Over,23.5,-111,2025-11-29,2025-11-28T08:54:36Z
BetOnline.ag,player_points,Franz Wagner,Under,23.5,-116,2025-11-29,2025-11-28T08:54:36Z
BetOnline.ag,player_points,Tobias Harris,Over,11.5,-123,2025-11-29,2025-11-28T08:54:36Z
BetOnline.ag,player_points,Tobias Harris,Under,11.5,-104,2025-11-29,2025-11-28T08:54:36Z
BetOnline.ag,player_points,Isaiah Stewart II,Over,7.5,-116,2025-11-29,2025-11-28T08:54:36Z
BetOnline.ag,player_points,Isaiah Stewart II,Under,7.5,-111,2025-11-29,2025-11-28T08:54:36Z
BetOnline.ag,player_points,Jaden Ivey,Over,8.5,-116,2025-11-29,2025-11-28T08:54:36Z
BetOnline.ag,player_points,Jaden Ivey,Under,8.5,-111,2025-11-29,2025-11-28T08:54:36Z
BetOnline.ag,player_points,Anthony Black,Over,12.5,-118,2025-11-29,2025-11-28T08:54:36Z
BetOnline.ag,player_points,Anthony Black,Under,12.5,-110,2025-11-29,2025-11-28T08:54:36Z
BetOnline.ag,player_points,Goga Bitadze,Over,6.5,-102,2025-11-29,2025-11-28T08:54:36Z
BetOnline.ag,player_points,Goga Bitadze,Under,6.5,-127,2025-11-29,2025-11-28T08:54:36Z
BetOnline.ag,player_points,Tristan da Silva,Over,10.5,-123,2025-11-29,2025-11-28T08:54:36Z
BetOnline.ag,player_points,Tristan da Silva,Under,10.5,-105,2025-11-29,2025-11-28T08:54:36Z
BetOnline.ag,player_points,Desmond Bane,Over,19.5,-109,2025-11-29,2025-11-28T08:54:36Z
BetOnline.ag,player_points,Desmond Bane,Under,19.5,-119,2025-11-29,2025-11-28T08:54:36Z
BetOnline.ag,player_points,Caris LeVert,Over,8.5,-102,2025-11-29,2025-11-28T08:54:36Z
BetOnline.ag,player_points,Caris LeVert,Under,8.5,-127,2025-11-29,2025-11-28T08:54:36Z
BetOnline.ag,player_points,Jalen Suggs,Over,15.5,-114,2025-11-29,2025-11-28T08:54:36Z
BetOnline.ag,player_points,Jalen Suggs,Under,15.5,-114,2025-11-29,2025-11-28T08:54:36Z
BetOnline.ag,player_points,Duncan Robinson,Over,9.5,-111,2025-11-29,2025-11-28T08:54:36Z
BetOnline.ag,player_points,Duncan Robinson,Under,9.5,-116,2025-11-29,2025-11-28T08:54:36Z
BetOnline.ag,player_points,Wendell Carter Jr,Over,12.5,-108,2025-11-29,2025-11-28T08:54:36Z
BetOnline.ag,player_points,Wendell Carter Jr,Under,12.5,-120,2025-11-29,2025-11-28T08:54:36Z
BetOnline.ag,player_points,Jalen Duren,Over,18.5,-120,2025-11-29,2025-11-28T08:54:36Z
BetOnline.ag,player_points,Jalen Duren,Under,18.5,-108,2025-11-29,2025-11-28T08:54:36Z
BetOnline.ag,player_points,Cade Cunningham,Over,28.5,-125,2025-11-29,2025-11-28T08:54:36Z
BetOnline.ag,player_points,Cade Cunningham,Under,28.5,-103,2025-11-29,2025-11-28T08:54:36Z
BetOnline.ag,player_points,Ausar Thompson,Over,10.5,-130,2025-11-29,2025-11-28T08:54:36Z
BetOnline.ag,player_points,Ausar Thompson,Under,10.5,100,2025-11-29,2025-11-28T08:54:36Z
BetOnline.ag,player_points,Bilal Coulibaly,Over,9.5,-130,2025-11-29,2025-11-28T08:52:40Z
BetOnline.ag,player_points,Bilal Coulibaly,Under,9.5,100,2025-11-29,2025-11-28T08:52:40Z
BetOnline.ag,player_points,Isaiah Jackson,Over,7.5,-116,2025-11-29,2025-11-28T08:52:40Z
BetOnline.ag,player_points,Isaiah Jackson,Under,7.5,-111,2025-11-29,2025-11-28T08:52:40Z
BetOnline.ag,player_points,Kyshawn George,Over,16.5,-109,2025-11-29,2025-11-28T08:52:40Z
BetOnline.ag,player_points,Kyshawn George,Under,16.5,-119,2025-11-29,2025-11-28T08:52:40Z
BetOnline.ag,player_points,Khris Middleton,Over,9.5,-114,2025-11-29,2025-11-28T08:52:40Z
BetOnline.ag,player_points,Khris Middleton,Under,9.5,-114,2025-11-29,2025-11-28T08:52:40Z
BetOnline.ag,player_points,Andrew Nembhard,Over,17.5,-120,2025-11-29,2025-11-28T08:52:40Z
BetOnline.ag,player_points,Andrew Nembhard,Under,17.5,-108,2025-11-29,2025-11-28T08:52:40Z
BetOnline.ag,player_points,C.J. McCollum,Over,18.5,-103,2025-11-29,2025-11-28T08:52:40Z
BetOnline.ag,player_points,C.J. McCollum,Under,18.5,-125,2025-11-29,2025-11-28T08:52:40Z
BetOnline.ag,player_points,Ben Sheppard,Over,6.5,-119,2025-11-29,2025-11-28T08:52:40Z
BetOnline.ag,player_points,Ben Sheppard,Under,6.5,-109,2025-11-29,2025-11-28T08:52:40Z
BetOnline.ag,player_points,Carlton Carrington,Over,6.5,-114,2025-11-29,2025-11-28T08:52:40Z
BetOnline.ag,player_points,Carlton Carrington,Under,6.5,-114,2025-11-29,2025-11-28T08:52:40Z
BetOnline.ag,player_points,Bennedict Mathurin,Over,23.5,-108,2025-11-29,2025-11-28T08:52:40Z
BetOnline.ag,player_points,Bennedict Mathurin,Under,23.5,-120,2025-11-29,2025-11-28T08:52:40Z
BetOnline.ag,player_points,Jay Huff,Over,9.5,-130,2025-11-29,2025-11-28T08:52:40Z
BetOnline.ag,player_points,Jay Huff,Under,9.5,101,2025-11-29,2025-11-28T08:52:40Z
BetOnline.ag,player_points,T.J. McConnell,Over,12.5,-112,2025-11-29,2025-11-28T08:52:40Z
BetOnline.ag,player_points,T.J. McConnell,Under,12.5,-115,2025-11-29,2025-11-28T08:52:40Z
BetOnline.ag,player_points,Jarace Walker,Over,10.5,-102,2025-11-29,2025-11-28T08:52:40Z
BetOnline.ag,player_points,Jarace Walker,Under,10.5,-127,2025-11-29,2025-11-28T08:52:40Z
BetOnline.ag,player_points,Pascal Siakam,Over,25.5,-102,2025-11-29,2025-11-28T08:52:40Z
BetOnline.ag,player_points,Pascal Siakam,Under,25.5,-127,2025-11-29,2025-11-28T08:52:40Z
BetOnline.ag,player_points,Cam Whitmore,Over,11.5,-110,2025-11-29,2025-11-28T08:52:40Z
BetOnline.ag,player_points,Cam Whitmore,Under,11.5,-118,2025-11-29,2025-11-28T08:52:40Z
BetOnline.ag,player_points,Alex Sarr,Over,19.5,-114,2025-11-29,2025-11-28T08:52:40Z
BetOnline.ag,player_points,Alex Sarr,Under,19.5,-114,2025-11-29,2025-11-28T08:52:40Z
BetOnline.ag,player_points,Giannis Antetokounmpo,Over,29.5,-112,2025-11-29,2025-11-28T08:54:49Z
BetOnline.ag,player_points,Giannis Antetokounmpo,Under,29.5,-115,2025-11-29,2025-11-28T08:54:49Z
BetOnline.ag,player_points,Miles McBride,Over,10.5,-123,2025-11-29,2025-11-28T08:54:49Z
BetOnline.ag,player_points,Miles McBride,Under,10.5,-104,2025-11-29,2025-11-28T08:54:49Z
BetOnline.ag,player_points,Josh Hart,Over,12.5,-105,2025-11-29,2025-11-28T08:54:49Z
BetOnline.ag,player_points,Josh Hart,Under,12.5,-123,2025-11-29,2025-11-28T08:54:49Z
BetOnline.ag,player_points,Mikal Bridges,Over,16.5,-103,2025-11-29,2025-11-28T08:54:49Z
BetOnline.ag,player_points,Mikal Bridges,Under,16.5,-125,2025-11-29,2025-11-28T08:54:49Z
BetOnline.ag,player_points,Jalen Brunson,Over,30.5,-106,2025-11-29,2025-11-28T08:54:49Z
BetOnline.ag,player_points,Jalen Brunson,Under,30.5,-122,2025-11-29,2025-11-28T08:54:49Z
BetOnline.ag,player_points,Kyle Kuzma,Over,13.5,-108,2025-11-29,2025-11-28T08:54:49Z
BetOnline.ag,player_points,Kyle Kuzma,Under,13.5,-120,2025-11-29,2025-11-28T08:54:49Z
BetOnline.ag,player_points,Jordan Clarkson,Over,11.5,-119,2025-11-29,2025-11-28T08:54:49Z
BetOnline.ag,player_points,Jordan Clarkson,Under,11.5,-109,2025-11-29,2025-11-28T08:54:49Z
BetOnline.ag,player_points,Myles Turner,Over,14.5,-103,2025-11-29,2025-11-28T08:54:49Z
BetOnline.ag,player_points,Myles Turner,Under,14.5,-125,2025-11-29,2025-11-28T08:54:49Z
BetOnline.ag,player_points,Karl-Anthony Towns,Over,23.5,-119,2025-11-29,2025-11-28T08:54:49Z
BetOnline.ag,player_points,Karl-Anthony Towns,Under,23.5,-109,2025-11-29,2025-11-28T08:54:49Z
BetOnline.ag,player_points,A.J. Green,Over,9.5,-123,2025-11-29,2025-11-28T08:54:49Z
BetOnline.ag,player_points,A.J. Green,Under,9.5,-104,2025-11-29,2025-11-28T08:54:49Z
BetOnline.ag,player_points,Ryan Rollins,Over,18.5,-116,2025-11-29,2025-11-28T08:54:49Z
BetOnline.ag,player_points,Ryan Rollins,Under,18.5,-111,2025-11-29,2025-11-28T08:54:49Z
BetOnline.ag,player_points,Gary Trent Jr,Over,9.5,-122,2025-11-29,2025-11-28T08:54:49Z
BetOnline.ag,player_points,Gary Trent Jr,Under,9.5,-106,2025-11-29,2025-11-28T08:54:49Z
BetOnline.ag,player_points,Devin Vassell,Over,15.5,-116,2025-11-29,2025-11-28T08:54:07Z
BetOnline.ag,player_points,Devin Vassell,Under,15.5,-111,2025-11-29,2025-11-28T08:54:07Z
BetOnline.ag,player_points,Jamal Murray,Over,24.5,-120,2025-11-29,2025-11-28T08:54:07Z
BetOnline.ag,player_points,Jamal Murray,Under,24.5,-108,2025-11-29,2025-11-28T08:54:07Z
BetOnline.ag,player_points,Nikola Jokic,Over,30.5,-112,2025-11-29,2025-11-28T08:54:07Z
BetOnline.ag,player_points,Nikola Jokic,Under,30.5,-115,2025-11-29,2025-11-28T08:54:07Z
BetOnline.ag,player_points,Keldon Johnson,Over,13.5,-115,2025-11-29,2025-11-28T08:54:07Z
BetOnline.ag,player_points,Keldon Johnson,Under,13.5,-112,2025-11-29,2025-11-28T08:54:07Z
BetOnline.ag,player_points,Peyton Watson,Over,13.5,-123,2025-11-29,2025-11-28T08:54:07Z
BetOnline.ag,player_points,Peyton Watson,Under,13.5,-104,2025-11-29,2025-11-28T08:54:07Z
BetOnline.ag,player_points,De'Aaron Fox,Over,24.5,-128,2025-11-29,2025-11-28T08:54:07Z
BetOnline.ag,player_points,De'Aaron Fox,Under,24.5,-101,2025-11-29,2025-11-28T08:54:07Z
BetOnline.ag,player_points,Julian Champagnie,Over,11.5,-110,2025-11-29,2025-11-28T08:54:07Z
BetOnline.ag,player_points,Julian Champagnie,Under,11.5,-118,2025-11-29,2025-11-28T08:54:07Z
BetOnline.ag,player_points,Dylan Harper,Over,11.5,100,2025-11-29,2025-11-28T08:54:07Z
BetOnline.ag,player_points,Dylan Harper,Under,11.5,-130,2025-11-29,2025-11-28T08:54:07Z
BetOnline.ag,player_points,Bruce Brown,Over,8.5,-116,2025-11-29,2025-11-28T08:54:07Z
BetOnline.ag,player_points,Bruce Brown,Under,8.5,-111,2025-11-29,2025-11-28T08:54:07Z
BetOnline.ag,player_points,Cameron Johnson,Over,14.5,-110,2025-11-29,2025-11-28T08:54:07Z
BetOnline.ag,player_points,Cameron Johnson,Under,14.5,-118,2025-11-29,2025-11-28T08:54:07Z
BetOnline.ag,player_points,Luke Kornet,Over,7.5,-109,2025-11-29,2025-11-28T08:54:07Z
BetOnline.ag,player_points,Luke Kornet,Under,7.5,-119,2025-11-29,2025-11-28T08:54:07Z
BetOnline.ag,player_points,Jonas Valanciunas,Over,7.5,-114,2025-11-29,2025-11-28T08:54:07Z
BetOnline.ag,player_points,Jonas Valanciunas,Under,7.5,-114,2025-11-29,2025-11-28T08:54:07Z
BetOnline.ag,player_points,Tim Hardaway Jr,Over,11.5,-112,2025-11-29,2025-11-28T08:54:07Z
BetOnline.ag,player_points,Tim Hardaway Jr,Under,11.5,-115,2025-11-29,2025-11-28T08:54:07Z
BetOnline.ag,player_points,Harrison Barnes,Over,12.5,-114,2025-11-29,2025-11-28T08:54:07Z
BetOnline.ag,player_points,Harrison Barnes,Under,12.5,-114,2025-11-29,2025-11-28T08:54:07Z
BetOnline.ag,player_points,Luguentz Dort,Over,7.5,-103,2025-11-29,2025-11-28T08:54:45Z
BetOnline.ag,player_points,Luguentz Dort,Under,7.5,-125,2025-11-29,2025-11-28T08:54:45Z
BetOnline.ag,player_points,Devin Booker,Over,24.5,-109,2025-11-29,2025-11-28T08:54:45Z
BetOnline.ag,player_points,Devin Booker,Under,24.5,-119,2025-11-29,2025-11-28T08:54:45Z
BetOnline.ag,player_points,Shai Gilgeous-Alexander,Over,30.5,-120,2025-11-29,2025-11-28T08:54:45Z
BetOnline.ag,player_points,Shai Gilgeous-Alexander,Under,30.5,-108,2025-11-29,2025-11-28T08:54:45Z
BetOnline.ag,player_points,Chet Holmgren,Over,17.5,100,2025-11-29,2025-11-28T08:54:45Z
BetOnline.ag,player_points,Chet Holmgren,Under,17.5,-130,2025-11-29,2025-11-28T08:54:45Z
BetOnline.ag,player_points,Isaiah Hartenstein,Over,10.5,102,2025-11-29,2025-11-28T08:54:45Z
BetOnline.ag,player_points,Isaiah Hartenstein,Under,10.5,-132,2025-11-29,2025-11-28T08:54:45Z
BetOnline.ag,player_points,Royce O'Neale,Over,9.5,-114,2025-11-29,2025-11-28T08:54:45Z
BetOnline.ag,player_points,Royce O'Neale,Under,9.5,-114,2025-11-29,2025-11-28T08:54:45Z
BetOnline.ag,player_points,Alex Caruso,Over,6.5,-102,2025-11-29,2025-11-28T08:54:45Z
BetOnline.ag,player_points,Alex Caruso,Under,6.5,-127,2025-11-29,2025-11-28T08:54:45Z
BetOnline.ag,player_points,Mark Williams,Over,11.5,-101,2025-11-29,2025-11-28T08:54:45Z
BetOnline.ag,player_points,Mark Williams,Under,11.5,-128,2025-11-29,2025-11-28T08:54:45Z
BetOnline.ag,player_points,Dillon Brooks,Over,17.5,-112,2025-11-29,2025-11-28T08:54:45Z
BetOnline.ag,player_points,Dillon Brooks,Under,17.5,-115,2025-11-29,2025-11-28T08:54:45Z
BetOnline.ag,player_points,Jalen Williams,Over,13.5,-106,2025-11-29,2025-11-28T08:54:45Z
BetOnline.ag,player_points,Jalen Williams,Under,13.5,-122,2025-11-29,2025-11-28T08:54:45Z
BetOnline.ag,player_points,Collin Gillespie,Over,12.5,-110,2025-11-29,2025-11-28T08:54:45Z
BetOnline.ag,player_points,Collin Gillespie,Under,12.5,-118,2025-11-29,2025-11-28T08:54:45Z
BetOnline.ag,player_points,Cason Wallace,Over,7.5,-105,2025-11-29,2025-11-28T08:54:45Z
BetOnline.ag,player_points,Cason Wallace,Under,7.5,-123,2025-11-29,2025-11-28T08:54:45Z
BetOnline.ag,player_points,Ajay Mitchell,Over,11.5,-123,2025-11-29,2025-11-28T08:54:45Z
BetOnline.ag,player_points,Ajay Mitchell,Under,11.5,-104,2025-11-29,2025-11-28T08:54:45Z
BetOnline.ag,player_points,Isaiah Joe,Over,8.5,-128,2025-11-29,2025-11-28T08:54:45Z
BetOnline.ag,player_points,Isaiah Joe,Under,8.5,-101,2025-11-29,2025-11-28T08:54:45Z
BetOnline.ag,player_points,Jordan Goodwin,Over,7.5,-130,2025-11-29,2025-11-28T08:54:45Z
BetOnline.ag,player_points,Jordan Goodwin,Under,7.5,100,2025-11-29,2025-11-28T08:54:45Z
BetOnline.ag,player_points,Keyonte George,Over,21.5,-115,2025-11-29,2025-11-28T08:54:21Z
BetOnline.ag,player_points,Keyonte George,Under,21.5,-112,2025-11-29,2025-11-28T08:54:21Z
BetOnline.ag,player_points,Lauri Markkanen,Over,26.5,-125,2025-11-29,2025-11-28T08:54:21Z
BetOnline.ag,player_points,Lauri Markkanen,Under,26.5,-103,2025-11-29,2025-11-28T08:54:21Z
BetOnline.ag,player_points,Isaiah Collier,Over,8.5,-105,2025-11-29,2025-11-28T08:54:21Z
BetOnline.ag,player_points,Isaiah Collier,Under,8.5,-123,2025-11-29,2025-11-28T08:54:21Z
BetOnline.ag,player_points,Malik Monk,Over,13.5,-114,2025-11-29,2025-11-28T08:54:21Z
BetOnline.ag,player_points,Malik Monk,Under,13.5,-114,2025-11-29,2025-11-28T08:54:21Z
BetOnline.ag,player_points,Jusuf Nurkic,Over,9.5,-112,2025-11-29,2025-11-28T08:54:21Z
BetOnline.ag,player_points,Jusuf Nurkic,Under,9.5,-115,2025-11-29,2025-11-28T08:54:21Z
BetOnline.ag,player_points,Svi Mykhailiuk,Over,7.5,-130,2025-11-29,2025-11-28T08:54:21Z
BetOnline.ag,player_points,Svi Mykhailiuk,Under,7.5,100,2025-11-29,2025-11-28T08:54:21Z
BetOnline.ag,player_points,Russell Westbrook,Over,14.5,-118,2025-11-29,2025-11-28T08:54:21Z
BetOnline.ag,player_points,Russell Westbrook,Under,14.5,-110,2025-11-29,2025-11-28T08:54:21Z
BetOnline.ag,player_points,Dennis Schroder,Over,10.5,-108,2025-11-29,2025-11-28T08:54:21Z
BetOnline.ag,player_points,Dennis Schroder,Under,10.5,-120,2025-11-29,2025-11-28T08:54:21Z
BetOnline.ag,player_points,Zach LaVine,Over,19.5,-120,2025-11-29,2025-11-28T08:54:21Z
BetOnline.ag,player_points,Zach LaVine,Under,19.5,-108,2025-11-29,2025-11-28T08:54:21Z
BetOnline.ag,player_points,DeMar DeRozan,Over,18.5,-101,2025-11-29,2025-11-28T08:54:21Z
BetOnline.ag,player_points,DeMar DeRozan,Under,18.5,-128,2025-11-29,2025-11-28T08:54:21Z
BetOnline.ag,player_points,Ace Bailey,Over,12.5,-119,2025-11-29,2025-11-28T08:54:21Z
BetOnline.ag,player_points,Ace Bailey,Under,12.5,-109,2025-11-29,2025-11-28T08:54:21Z
BetOnline.ag,player_points,Drew Eubanks,Over,7.5,-105,2025-11-29,2025-11-28T08:54:21Z
BetOnline.ag,player_points,Drew Eubanks,Under,7.5,-123,2025-11-29,2025-11-28T08:54:21Z
BetOnline.ag,player_points,Precious Achiuwa,Over,7.5,-127,2025-11-29,2025-11-28T08:54:21Z
BetOnline.ag,player_points,Precious Achiuwa,Under,7.5,-102,2025-11-29,2025-11-28T08:54:21Z
BetOnline.ag,player_points,Brice Sensabaugh,Over,8.5,-112,2025-11-29,2025-11-28T08:54:21Z
BetOnline.ag,player_points,Brice Sensabaugh,Under,8.5,-115,2025-11-29,2025-11-28T08:54:21Z
BetOnline.ag,player_points,Keegan Murray,Over,17.5,-110,2025-11-29,2025-11-28T08:54:21Z
BetOnline.ag,player_points,Keegan Murray,Under,17.5,-118,2025-11-29,2025-11-28T08:54:21Z
BetOnline.ag,player_points,Kyle Filipowski,Over,8.5,-128,2025-11-29,2025-11-28T08:54:21Z
BetOnline.ag,player_points,Kyle Filipowski,Under,8.5,-101,2025-11-29,2025-11-28T08:54:21Z
BetOnline.ag,player_points,Austin Reaves,Over,22.5,-103,2025-11-29,2025-11-28T08:54:15Z
BetOnline.ag,player_points,Austin Reaves,Under,22.5,-125,2025-11-29,2025-11-28T08:54:15Z
BetOnline.ag,player_points,P.J. Washington,Over,15.5,-106,2025-11-29,2025-11-28T08:54:15Z
BetOnline.ag,player_points,P.J. Washington,Under,15.5,-122,2025-11-29,2025-11-28T08:54:15Z
BetOnline.ag,player_points,Brandon Williams,Over,11.5,-110,2025-11-29,2025-11-28T08:54:15Z
BetOnline.ag,player_points,Brandon Williams,Under,11.5,-118,2025-11-29,2025-11-28T08:54:15Z
BetOnline.ag,player_points,Cooper Flagg,Over,15.5,-106,2025-11-29,2025-11-28T08:54:15Z
BetOnline.ag,player_points,Cooper Flagg,Under,15.5,-122,2025-11-29,2025-11-28T08:54:15Z
BetOnline.ag,player_points,Luka Doncic,Over,33.5,-115,2025-11-29,2025-11-28T08:54:15Z
BetOnline.ag,player_points,Luka Doncic,Under,33.5,-112,2025-11-29,2025-11-28T08:54:15Z
BetOnline.ag,player_points,Anthony Davis,Over,19.5,-123,2025-11-29,2025-11-28T08:54:15Z
BetOnline.ag,player_points,Anthony Davis,Under,19.5,-105,2025-11-29,2025-11-28T08:54:15Z
BetOnline.ag,player_points,Max Christie,Over,10.5,-118,2025-11-29,2025-11-28T08:54:15Z
BetOnline.ag,player_points,Max Christie,Under,10.5,-110,2025-11-29,2025-11-28T08:54:15Z
BetOnline.ag,player_points,Naji Marshall,Over,9.5,-116,2025-11-29,2025-11-28T08:54:15Z
BetOnline.ag,player_points,Naji Marshall,Under,9.5,-111,2025-11-29,2025-11-28T08:54:15Z
BetOnline.ag,player_points,Marcus Smart,Over,6.5,103,2025-11-29,2025-11-28T08:54:15Z
BetOnline.ag,player_points,Marcus Smart,Under,6.5,-133,2025-11-29,2025-11-28T08:54:15Z
BetOnline.ag,player_points,Jake LaRavia,Over,6.5,102,2025-11-29,2025-11-28T08:54:15Z
BetOnline.ag,player_points,Jake LaRavia,Under,6.5,-132,2025-11-29,2025-11-28T08:54:15Z
BetOnline.ag,player_points,Daniel Gafford,Over,9.5,-109,2025-11-29,2025-11-28T08:54:15Z
BetOnline.ag,player_points,Daniel Gafford,Under,9.5,-119,2025-11-29,2025-11-28T08:54:15Z
BetOnline.ag,player_points,LeBron James,Over,20.5,-120,2025-11-29,2025-11-28T08:54:15Z
BetOnline.ag,player_points,LeBron James,Under,20.5,-108,2025-11-29,2025-11-28T08:54:15Z
BetOnline.ag,player_points,Rui Hachimura,Over,10.5,-120,2025-11-29,2025-11-28T08:54:15Z
BetOnline.ag,player_points,Rui Hachimura,Under,10.5,-108,2025-11-29,2025-11-28T08:54:15Z
BetOnline.ag,player_points,Deandre Ayton,Over,13.5,-118,2025-11-29,2025-11-28T08:54:15Z
BetOnline.ag,player_points,Deandre Ayton,Under,13.5,-110,2025-11-29,2025-11-28T08:54:15Z
BetOnline.ag,player_points,Klay Thompson,Over,10.5,-106,2025-11-29,2025-11-28T08:54:15Z
BetOnline.ag,player_points,Klay Thompson,Under,10.5,-122,2025-11-29,2025-11-28T08:54:15Z
BetOnline.ag,player_points,Jaren Jackson Jr,Over,21.5,-119,2025-11-29,2025-11-28T08:54:53Z
BetOnline.ag,player_points,Jaren Jackson Jr,Under,21.5,-109,2025-11-29,2025-11-28T08:54:53Z
BetOnline.ag,player_points,Ivica Zubac,Over,17.5,-112,2025-11-29,2025-11-28T08:54:53Z
BetOnline.ag,player_points,Ivica Zubac,Under,17.5,-115,2025-11-29,2025-11-28T08:54:53Z
BetOnline.ag,player_points,Vincent Williams Jr,Over,9.5,-103,2025-11-29,2025-11-28T08:54:53Z
BetOnline.ag,player_points,Vincent Williams Jr,Under,9.5,-125,2025-11-29,2025-11-28T08:54:53Z
BetOnline.ag,player_points,Santi Aldama,Over,12.5,-108,2025-11-29,2025-11-28T08:54:53Z
BetOnline.ag,player_points,Santi Aldama,Under,12.5,-120,2025-11-29,2025-11-28T08:54:53Z
BetOnline.ag,player_points,James Harden,Over,26.5,-114,2025-11-29,2025-11-28T08:54:53Z
BetOnline.ag,player_points,James Harden,Under,26.5,-114,2025-11-29,2025-11-28T08:54:53Z
BetOnline.ag,player_points,Zach Edey,Over,12.5,-103,2025-11-29,2025-11-28T08:54:53Z
BetOnline.ag,player_points,Zach Edey,Under,12.5,-125,2025-11-29,2025-11-28T08:54:53Z
BetOnline.ag,player_points,Jaylen Wells,Over,12.5,-114,2025-11-29,2025-11-28T08:54:53Z
BetOnline.ag,player_points,Jaylen Wells,Under,12.5,-114,2025-11-29,2025-11-28T08:54:53Z
BetOnline.ag,player_points,Kris Dunn,Over,8.5,-102,2025-11-29,2025-11-28T08:54:53Z
BetOnline.ag,player_points,Kris Dunn,Under,8.5,-127,2025-11-29,2025-11-28T08:54:53Z
BetOnline.ag,player_points,Cedric Coward,Over,12.5,-115,2025-11-29,2025-11-28T08:54:53Z
BetOnline.ag,player_points,Cedric Coward,Under,12.5,-112,2025-11-29,2025-11-28T08:54:53Z
BetOnline.ag,player_points,Jock Landale,Over,8.5,-103,2025-11-29,2025-11-28T08:54:53Z
BetOnline.ag,player_points,Jock Landale,Under,8.5,-125,2025-11-29,2025-11-28T08:54:53Z
BetOnline.ag,player_points,John Collins,Over,12.5,-127,2025-11-29,2025-11-28T08:54:53Z
BetOnline.ag,player_points,John Collins,Under,12.5,-102,2025-11-29,2025-11-28T08:54:53Z
BetOnline.ag,player_points,Bogdan Bogdanovic,Over,7.5,-112,2025-11-29,2025-11-28T08:54:53Z
BetOnline.ag,player_points,Bogdan Bogdanovic,Under,7.5,-115,2025-11-29,2025-11-28T08:54:53Z
BetOnline.ag,player_points,Kawhi Leonard,Over,21.5,-102,2025-11-29,2025-11-28T08:54:53Z
BetOnline.ag,player_points,Kawhi Leonard,Under,21.5,-127,2025-11-29,2025-11-28T08:54:53Z
FanDuel,player_rebounds,De'Andre Hunter,Over,4.5,-102,2025-11-29,2025-11-28T08:54:17Z
FanDuel,player_rebounds,De'Andre Hunter,Under,4.5,-130,2025-11-29,2025-11-28T08:54:17Z
FanDuel,player_rebounds,Nickeil Alexander-Walker,Over,3.5,110,2025-11-29,2025-11-28T08:54:17Z
FanDuel,player_rebounds,Nickeil Alexander-Walker,Under,3.5,-146,2025-11-29,2025-11-28T08:54:17Z
FanDuel,player_rebounds,Jaylon Tyson,Over,3.5,-136,2025-11-29,2025-11-28T08:54:17Z
FanDuel,player_rebounds,Jaylon Tyson,Under,3.5,102,2025-11-29,2025-11-28T08:54:17Z
FanDuel,player_rebounds,Jalen Johnson,Over,9.5,-114,2025-11-29,2025-11-28T08:54:17Z
FanDuel,player_rebounds,Jalen Johnson,Under,9.5,-114,2025-11-29,2025-11-28T08:54:17Z
FanDuel,player_rebounds,Onyeka Okongwu,Over,6.5,124,2025-11-29,2025-11-28T08:54:17Z
FanDuel,player_rebounds,Onyeka Okongwu,Under,6.5,-166,2025-11-29,2025-11-28T08:54:17Z
FanDuel,player_rebounds,Evan Mobley,Over,9.5,114,2025-11-29,2025-11-28T08:54:17Z
FanDuel,player_rebounds,Evan Mobley,Under,9.5,-152,2025-11-29,2025-11-28T08:54:17Z
FanDuel,player_rebounds,Kristaps Porzingis,Over,6.5,100,2025-11-29,2025-11-28T08:54:17Z
FanDuel,player_rebounds,Kristaps Porzingis,Under,6.5,-132,2025-11-29,2025-11-28T08:54:17Z
FanDuel,player_rebounds,Dyson Daniels,Over,5.5,-158,2025-11-29,2025-11-28T08:54:17Z
FanDuel,player_rebounds,Dyson Daniels,Under,5.5,118,2025-11-29,2025-11-28T08:54:17Z
FanDuel,player_rebounds,Donovan Mitchell,Over,4.5,-110,2025-11-29,2025-11-28T08:54:17Z
FanDuel,player_rebounds,Donovan Mitchell,Under,4.5,-120,2025-11-29,2025-11-28T08:54:17Z
FanDuel,player_rebounds,Darius Garland,Over,2.5,110,2025-11-29,2025-11-28T08:54:17Z
FanDuel,player_rebounds,Darius Garland,Under,2.5,-146,2025-11-29,2025-11-28T08:54:17Z
FanDuel,player_rebounds,Zaccharie Risacher,Over,2.5,-182,2025-11-29,2025-11-28T08:54:17Z
FanDuel,player_rebounds,Zaccharie Risacher,Under,2.5,136,2025-11-29,2025-11-28T08:54:17Z
FanDuel,player_rebounds,Jarrett Allen,Over,8.5,118,2025-11-29,2025-11-28T08:54:17Z
FanDuel,player_rebounds,Jarrett Allen,Under,8.5,-158,2025-11-29,2025-11-28T08:54:17Z
FanDuel,player_rebounds,Lonzo Ball,Over,3.5,-125,2025-11-29,2025-11-28T08:54:17Z
FanDuel,player_rebounds,Lonzo Ball,Under,3.5,-106,2025-11-29,2025-11-28T08:54:17Z
FanDuel,player_rebounds,Terance Mann,Over,3.5,-144,2025-11-29,2025-11-28T08:53:57Z
FanDuel,player_rebounds,Terance Mann,Under,3.5,108,2025-11-29,2025-11-28T08:53:57Z
FanDuel,player_rebounds,Day'Ron Sharpe,Over,6.5,-132,2025-11-29,2025-11-28T08:53:57Z
FanDuel,player_rebounds,Day'Ron Sharpe,Under,6.5,100,2025-11-29,2025-11-28T08:53:57Z
FanDuel,player_rebounds,Quentin Grimes,Over,3.5,-125,2025-11-29,2025-11-28T08:53:57Z
FanDuel,player_rebounds,Quentin Grimes,Under,3.5,-104,2025-11-29,2025-11-28T08:53:57Z
FanDuel,player_rebounds,Tyrese Martin,Over,3.5,-114,2025-11-29,2025-11-28T08:53:57Z
FanDuel,player_rebounds,Tyrese Martin,Under,3.5,-114,2025-11-29,2025-11-28T08:53:57Z
FanDuel,player_rebounds,Nicolas Claxton,Over,8.5,-146,2025-11-29,2025-11-28T08:53:57Z
FanDuel,player_rebounds,Nicolas Claxton,Under,8.5,110,2025-11-29,2025-11-28T08:53:57Z
FanDuel,player_rebounds,Noah Clowney,Over,5.5,128,2025-11-29,2025-11-28T08:53:57Z
FanDuel,player_rebounds,Noah Clowney,Under,5.5,-172,2025-11-29,2025-11-28T08:53:57Z
FanDuel,player_rebounds,Tyrese Maxey,Over,3.5,-152,2025-11-29,2025-11-28T08:53:57Z
FanDuel,player_rebounds,Tyrese Maxey,Under,3.5,114,2025-11-29,2025-11-28T08:53:57Z
FanDuel,player_rebounds,Andre Drummond,Over,12.5,-110,2025-11-29,2025-11-28T08:53:57Z
FanDuel,player_rebounds,Andre Drummond,Under,12.5,-120,2025-11-29,2025-11-28T08:53:57Z
FanDuel,player_rebounds,Egor Demin,Over,3.5,-120,2025-11-29,2025-11-28T08:53:57Z
FanDuel,player_rebounds,Egor Demin,Under,3.5,-110,2025-11-29,2025-11-28T08:53:57Z
FanDuel,player_rebounds,Paul George,Over,4.5,-136,2025-11-29,2025-11-28T08:53:57Z
FanDuel,player_rebounds,Paul George,Under,4.5,102,2025-11-29,2025-11-28T08:53:57Z
FanDuel,player_rebounds,Sion James,Over,2.5,-102,2025-11-29,2025-11-28T08:54:04Z
FanDuel,player_rebounds,Sion James,Under,2.5,-130,2025-11-29,2025-11-28T08:54:04Z
FanDuel,player_rebounds,Miles Bridges,Over,6.5,-112,2025-11-29,2025-11-28T08:54:04Z
FanDuel,player_rebounds,Miles Bridges,Under,6.5,-118,2025-11-29,2025-11-28T08:54:04Z
FanDuel,player_rebounds,Matas Buzelis,Over,5.5,114,2025-11-29,2025-11-28T08:54:04Z
FanDuel,player_rebounds,Matas Buzelis,Under,5.5,-152,2025-11-29,2025-11-28T08:54:04Z
FanDuel,player_rebounds,Moussa Diabate,Over,7.5,104,2025-11-29,2025-11-28T08:54:04Z
FanDuel,player_rebounds,Moussa Diabate,Under,7.5,-138,2025-11-29,2025-11-28T08:54:04Z
FanDuel,player_rebounds,Kon Knueppel,Over,5.5,-102,2025-11-29,2025-11-28T08:54:04Z
FanDuel,player_rebounds,Kon Knueppel,Under,5.5,-130,2025-11-29,2025-11-28T08:54:04Z
FanDuel,player_rebounds,Ryan Kalkbrenner,Over,6.5,-136,2025-11-29,2025-11-28T08:54:04Z
FanDuel,player_rebounds,Ryan Kalkbrenner,Under,6.5,102,2025-11-29,2025-11-28T08:54:04Z
FanDuel,player_rebounds,Brandon Miller,Over,3.5,-152,2025-11-29,2025-11-28T08:54:04Z
FanDuel,player_rebounds,Brandon Miller,Under,3.5,114,2025-11-29,2025-11-28T08:54:04Z
FanDuel,player_rebounds,Coby White,Over,3.5,134,2025-11-29,2025-11-28T08:54:04Z
FanDuel,player_rebounds,Coby White,Under,3.5,-180,2025-11-29,2025-11-28T08:54:04Z
FanDuel,player_rebounds,Ayo Dosunmu,Over,2.5,-172,2025-11-29,2025-11-28T08:54:04Z
FanDuel,player_rebounds,Ayo Dosunmu,Under,2.5,128,2025-11-29,2025-11-28T08:54:04Z
FanDuel,player_rebounds,Josh Giddey,Over,8.5,-152,2025-11-29,2025-11-28T08:54:04Z
FanDuel,player_rebounds,Josh Giddey,Under,8.5,114,2025-11-29,2025-11-28T08:54:04Z
FanDuel,player_rebounds,Isaac Okoro,Over,2.5,-140,2025-11-29,2025-11-28T08:54:04Z
FanDuel,player_rebounds,Isaac Okoro,Under,2.5,106,2025-11-29,2025-11-28T08:54:04Z
FanDuel,player_rebounds,Nikola Vucevic,Over,10.5,116,2025-11-29,2025-11-28T08:54:04Z
FanDuel,player_rebounds,Nikola Vucevic,Under,10.5,-154,2025-11-29,2025-11-28T08:54:04Z
FanDuel,player_rebounds,LaMelo Ball,Over,5.5,122,2025-11-29,2025-11-28T08:54:04Z
FanDuel,player_rebounds,LaMelo Ball,Under,5.5,-162,2025-11-29,2025-11-28T08:54:04Z
FanDuel,player_rebounds,Anthony Black,Over,2.5,-174,2025-11-29,2025-11-28T08:54:01Z
FanDuel,player_rebounds,Anthony Black,Under,2.5,130,2025-11-29,2025-11-28T08:54:01Z
FanDuel,player_rebounds,Jalen Suggs,Over,3.5,-125,2025-11-29,2025-11-28T08:54:01Z
FanDuel,player_rebounds,Jalen Suggs,Under,3.5,-106,2025-11-29,2025-11-28T08:54:01Z
FanDuel,player_rebounds,Franz Wagner,Over,5.5,-125,2025-11-29,2025-11-28T08:54:01Z
FanDuel,player_rebounds,Franz Wagner,Under,5.5,-106,2025-11-29,2025-11-28T08:54:01Z
FanDuel,player_rebounds,Isaiah Stewart II,Over,5.5,-114,2025-11-29,2025-11-28T08:54:01Z
FanDuel,player_rebounds,Isaiah Stewart II,Under,5.5,-114,2025-11-29,2025-11-28T08:54:01Z
FanDuel,player_rebounds,Jaden Ivey,Over,3.5,134,2025-11-29,2025-11-28T08:54:01Z
FanDuel,player_rebounds,Jaden Ivey,Under,3.5,-180,2025-11-29,2025-11-28T08:54:01Z
FanDuel,player_rebounds,Wendell Carter Jr,Over,7.5,104,2025-11-29,2025-11-28T08:54:01Z
FanDuel,player_rebounds,Wendell Carter Jr,Under,7.5,-138,2025-11-29,2025-11-28T08:54:01Z
FanDuel,player_rebounds,Tristan da Silva,Over,4.5,114,2025-11-29,2025-11-28T08:54:01Z
FanDuel,player_rebounds,Tristan da Silva,Under,4.5,-152,2025-11-29,2025-11-28T08:54:01Z
FanDuel,player_rebounds,Jalen Duren,Over,11.5,-130,2025-11-29,2025-11-28T08:54:01Z
FanDuel,player_rebounds,Jalen Duren,Under,11.5,-102,2025-11-29,2025-11-28T08:54:01Z
FanDuel,player_rebounds,Duncan Robinson,Over,2.5,-128,2025-11-29,2025-11-28T08:54:01Z
FanDuel,player_rebounds,Duncan Robinson,Under,2.5,-104,2025-11-29,2025-11-28T08:54:01Z
FanDuel,player_rebounds,Ausar Thompson,Over,4.5,-130,2025-11-29,2025-11-28T08:54:01Z
FanDuel,player_rebounds,Ausar Thompson,Under,4.5,-102,2025-11-29,2025-11-28T08:54:01Z
FanDuel,player_rebounds,Tobias Harris,Over,4.5,116,2025-11-29,2025-11-28T08:54:01Z
FanDuel,player_rebounds,Tobias Harris,Under,4.5,-158,2025-11-29,2025-11-28T08:54:01Z
FanDuel,player_rebounds,Cade Cunningham,Over,5.5,-138,2025-11-29,2025-11-28T08:54:01Z
FanDuel,player_rebounds,Cade Cunningham,Under,5.5,104,2025-11-29,2025-11-28T08:54:01Z
FanDuel,player_rebounds,Goga Bitadze,Over,4.5,-152,2025-11-29,2025-11-28T08:54:01Z
FanDuel,player_rebounds,Goga Bitadze,Under,4.5,116,2025-11-29,2025-11-28T08:54:01Z
FanDuel,player_rebounds,Desmond Bane,Over,4.5,108,2025-11-29,2025-11-28T08:54:01Z
FanDuel,player_rebounds,Desmond Bane,Under,4.5,-144,2025-11-29,2025-11-28T08:54:01Z
FanDuel,player_rebounds,Alex Sarr,Over,8.5,-152,2025-11-29,2025-11-28T08:54:11Z
FanDuel,player_rebounds,Alex Sarr,Under,8.5,114,2025-11-29,2025-11-28T08:54:11Z
FanDuel,player_rebounds,Kyshawn George,Over,5.5,-158,2025-11-29,2025-11-28T08:54:11Z
FanDuel,player_rebounds,Kyshawn George,Under,5.5,118,2025-11-29,2025-11-28T08:54:11Z
FanDuel,player_rebounds,Carlton Carrington,Over,3.5,-114,2025-11-29,2025-11-28T08:54:11Z
FanDuel,player_rebounds,Carlton Carrington,Under,3.5,-114,2025-11-29,2025-11-28T08:54:11Z
FanDuel,player_rebounds,Ben Sheppard,Over,3.5,-172,2025-11-29,2025-11-28T08:54:11Z
FanDuel,player_rebounds,Ben Sheppard,Under,3.5,128,2025-11-29,2025-11-28T08:54:11Z
FanDuel,player_rebounds,Bennedict Mathurin,Over,5.5,-114,2025-11-29,2025-11-28T08:54:11Z
FanDuel,player_rebounds,Bennedict Mathurin,Under,5.5,-114,2025-11-29,2025-11-28T08:54:11Z
FanDuel,player_rebounds,Jarace Walker,Over,5.5,110,2025-11-29,2025-11-28T08:54:11Z
FanDuel,player_rebounds,Jarace Walker,Under,5.5,-146,2025-11-29,2025-11-28T08:54:11Z
FanDuel,player_rebounds,Isaiah Jackson,Over,5.5,-148,2025-11-29,2025-11-28T08:54:11Z
FanDuel,player_rebounds,Isaiah Jackson,Under,5.5,112,2025-11-29,2025-11-28T08:54:11Z
FanDuel,player_rebounds,Bilal Coulibaly,Over,4.5,102,2025-11-29,2025-11-28T08:54:11Z
FanDuel,player_rebounds,Bilal Coulibaly,Under,4.5,-136,2025-11-29,2025-11-28T08:54:11Z
FanDuel,player_rebounds,Justin Champagnie,Over,4.5,-136,2025-11-29,2025-11-28T08:54:11Z
FanDuel,player_rebounds,Justin Champagnie,Under,4.5,102,2025-11-29,2025-11-28T08:54:11Z
FanDuel,player_rebounds,Khris Middleton,Over,3.5,-144,2025-11-29,2025-11-28T08:54:11Z
FanDuel,player_rebounds,Khris Middleton,Under,3.5,108,2025-11-29,2025-11-28T08:54:11Z
FanDuel,player_rebounds,Jay Huff,Over,4.5,-136,2025-11-29,2025-11-28T08:54:11Z
FanDuel,player_rebounds,Jay Huff,Under,4.5,102,2025-11-29,2025-11-28T08:54:11Z
FanDuel,player_rebounds,Pascal Siakam,Over,7.5,104,2025-11-29,2025-11-28T08:54:11Z
FanDuel,player_rebounds,Pascal Siakam,Under,7.5,-138,2025-11-29,2025-11-28T08:54:11Z
FanDuel,player_rebounds,Andrew Nembhard,Over,2.5,-114,2025-11-29,2025-11-28T08:54:11Z
FanDuel,player_rebounds,Andrew Nembhard,Under,2.5,-114,2025-11-29,2025-11-28T08:54:11Z
FanDuel,player_rebounds,T.J. McConnell,Over,3.5,-104,2025-11-29,2025-11-28T08:54:11Z
FanDuel,player_rebounds,T.J. McConnell,Under,3.5,-128,2025-11-29,2025-11-28T08:54:11Z
FanDuel,player_rebounds,C.J. McCollum,Over,3.5,-110,2025-11-29,2025-11-28T08:54:11Z
FanDuel,player_rebounds,C.J. McCollum,Under,3.5,-120,2025-11-29,2025-11-28T08:54:11Z
FanDuel,player_rebounds,Karl-Anthony Towns,Over,11.5,-125,2025-11-29,2025-11-28T08:53:57Z
FanDuel,player_rebounds,Karl-Anthony Towns,Under,11.5,-106,2025-11-29,2025-11-28T08:53:57Z
FanDuel,player_rebounds,Josh Hart,Over,8.5,104,2025-11-29,2025-11-28T08:53:57Z
FanDuel,player_rebounds,Josh Hart,Under,8.5,-138,2025-11-29,2025-11-28T08:53:57Z
FanDuel,player_rebounds,Jalen Brunson,Over,3.5,116,2025-11-29,2025-11-28T08:53:57Z
FanDuel,player_rebounds,Jalen Brunson,Under,3.5,-154,2025-11-29,2025-11-28T08:53:57Z
FanDuel,player_rebounds,Kyle Kuzma,Over,4.5,108,2025-11-29,2025-11-28T08:53:57Z
FanDuel,player_rebounds,Kyle Kuzma,Under,4.5,-144,2025-11-29,2025-11-28T08:53:57Z
FanDuel,player_rebounds,Myles Turner,Over,6.5,124,2025-11-29,2025-11-28T08:53:57Z
FanDuel,player_rebounds,Myles Turner,Under,6.5,-166,2025-11-29,2025-11-28T08:53:57Z
FanDuel,player_rebounds,Giannis Antetokounmpo,Over,9.5,-144,2025-11-29,2025-11-28T08:53:57Z
FanDuel,player_rebounds,Giannis Antetokounmpo,Under,9.5,108,2025-11-29,2025-11-28T08:53:57Z
FanDuel,player_rebounds,Mitchell Robinson,Over,6.5,116,2025-11-29,2025-11-28T08:53:57Z
FanDuel,player_rebounds,Mitchell Robinson,Under,6.5,-154,2025-11-29,2025-11-28T08:53:57Z
FanDuel,player_rebounds,Ryan Rollins,Over,3.5,-104,2025-11-29,2025-11-28T08:53:57Z
FanDuel,player_rebounds,Ryan Rollins,Under,3.5,-128,2025-11-29,2025-11-28T08:53:57Z
FanDuel,player_rebounds,A.J. Green,Over,2.5,140,2025-11-29,2025-11-28T08:53:57Z
FanDuel,player_rebounds,A.J. Green,Under,2.5,-188,2025-11-29,2025-11-28T08:53:57Z
FanDuel,player_rebounds,Miles McBride,Over,2.5,-114,2025-11-29,2025-11-28T08:53:57Z
FanDuel,player_rebounds,Miles McBride,Under,2.5,-114,2025-11-29,2025-11-28T08:53:57Z
FanDuel,player_rebounds,Mikal Bridges,Over,3.5,-172,2025-11-29,2025-11-28T08:53:57Z
FanDuel,player_rebounds,Mikal Bridges,Under,3.5,128,2025-11-29,2025-11-28T08:53:57Z
FanDuel,player_rebounds,Devin Vassell,Over,3.5,-136,2025-11-29,2025-11-28T08:54:17Z
FanDuel,player_rebounds,Devin Vassell,Under,3.5,102,2025-11-29,2025-11-28T08:54:17Z
FanDuel,player_rebounds,Keldon Johnson,Over,6.5,100,2025-11-29,2025-11-28T08:54:17Z
FanDuel,player_rebounds,Keldon Johnson,Under,6.5,-132,2025-11-29,2025-11-28T08:54:17Z
FanDuel,player_rebounds,Harrison Barnes,Over,3.5,-144,2025-11-29,2025-11-28T08:54:17Z
FanDuel,player_rebounds,Harrison Barnes,Under,3.5,108,2025-11-29,2025-11-28T08:54:17Z
FanDuel,player_rebounds,Julian Champagnie,Over,5.5,102,2025-11-29,2025-11-28T08:54:17Z
FanDuel,player_rebounds,Julian Champagnie,Under,5.5,-136,2025-11-29,2025-11-28T08:54:17Z
FanDuel,player_rebounds,De'Aaron Fox,Over,3.5,-172,2025-11-29,2025-11-28T08:54:17Z
FanDuel,player_rebounds,De'Aaron Fox,Under,3.5,128,2025-11-29,2025-11-28T08:54:17Z
FanDuel,player_rebounds,Jonas Valanciunas,Over,4.5,-136,2025-11-29,2025-11-28T08:54:17Z
FanDuel,player_rebounds,Jonas Valanciunas,Under,4.5,102,2025-11-29,2025-11-28T08:54:17Z
FanDuel,player_rebounds,Nikola Jokic,Over,12.5,-118,2025-11-29,2025-11-28T08:54:17Z
FanDuel,player_rebounds,Nikola Jokic,Under,12.5,-112,2025-11-29,2025-11-28T08:54:17Z
FanDuel,player_rebounds,Dylan Harper,Over,2.5,-128,2025-11-29,2025-11-28T08:54:17Z
FanDuel,player_rebounds,Dylan Harper,Under,2.5,-104,2025-11-29,2025-11-28T08:54:17Z
FanDuel,player_rebounds,Luke Kornet,Over,6.5,-118,2025-11-29,2025-11-28T08:54:17Z
FanDuel,player_rebounds,Luke Kornet,Under,6.5,-112,2025-11-29,2025-11-28T08:54:17Z
FanDuel,player_rebounds,Peyton Watson,Over,6.5,124,2025-11-29,2025-11-28T08:54:17Z
FanDuel,player_rebounds,Peyton Watson,Under,6.5,-166,2025-11-29,2025-11-28T08:54:17Z
FanDuel,player_rebounds,Kelly Olynyk,Over,3.5,128,2025-11-29,2025-11-28T08:54:17Z
FanDuel,player_rebounds,Kelly Olynyk,Under,3.5,-172,2025-11-29,2025-11-28T08:54:17Z
FanDuel,player_rebounds,Cameron Johnson,Over,4.5,122,2025-11-29,2025-11-28T08:54:17Z
FanDuel,player_rebounds,Cameron Johnson,Under,4.5,-162,2025-11-29,2025-11-28T08:54:17Z
FanDuel,player_rebounds,Bruce Brown,Over,3.5,-104,2025-11-29,2025-11-28T08:54:17Z
FanDuel,player_rebounds,Bruce Brown,Under,3.5,-128,2025-11-29,2025-11-28T08:54:17Z
FanDuel,player_rebounds,Jamal Murray,Over,3.5,-172,2025-11-29,2025-11-28T08:54:17Z
FanDuel,player_rebounds,Jamal Murray,Under,3.5,128,2025-11-29,2025-11-28T08:54:17Z
FanDuel,player_rebounds,Collin Gillespie,Over,4.5,128,2025-11-29,2025-11-28T08:54:23Z
FanDuel,player_rebounds,Collin Gillespie,Under,4.5,-172,2025-11-29,2025-11-28T08:54:23Z
FanDuel,player_rebounds,Mark Williams,Over,8.5,-136,2025-11-29,2025-11-28T08:54:23Z
FanDuel,player_rebounds,Mark Williams,Under,8.5,102,2025-11-29,2025-11-28T08:54:23Z
FanDuel,player_rebounds,Alex Caruso,Over,2.5,130,2025-11-29,2025-11-28T08:54:23Z
FanDuel,player_rebounds,Alex Caruso,Under,2.5,-174,2025-11-29,2025-11-28T08:54:23Z
FanDuel,player_rebounds,Devin Booker,Over,3.5,-158,2025-11-29,2025-11-28T08:54:23Z
FanDuel,player_rebounds,Devin Booker,Under,3.5,118,2025-11-29,2025-11-28T08:54:23Z
FanDuel,player_rebounds,Jordan Goodwin,Over,4.5,-162,2025-11-29,2025-11-28T08:54:23Z
FanDuel,player_rebounds,Jordan Goodwin,Under,4.5,122,2025-11-29,2025-11-28T08:54:23Z
FanDuel,player_rebounds,Royce O'Neale,Over,5.5,110,2025-11-29,2025-11-28T08:54:23Z
FanDuel,player_rebounds,Royce O'Neale,Under,5.5,-146,2025-11-29,2025-11-28T08:54:23Z
FanDuel,player_rebounds,Ajay Mitchell,Over,2.5,-102,2025-11-29,2025-11-28T08:54:23Z
FanDuel,player_rebounds,Ajay Mitchell,Under,2.5,-130,2025-11-29,2025-11-28T08:54:23Z
FanDuel,player_rebounds,Isaiah Hartenstein,Over,9.5,114,2025-11-29,2025-11-28T08:54:23Z
FanDuel,player_rebounds,Isaiah Hartenstein,Under,9.5,-152,2025-11-29,2025-11-28T08:54:23Z
FanDuel,player_rebounds,Isaiah Joe,Over,2.5,140,2025-11-29,2025-11-28T08:54:23Z
FanDuel,player_rebounds,Isaiah Joe,Under,2.5,-188,2025-11-29,2025-11-28T08:54:23Z
FanDuel,player_rebounds,Cason Wallace,Over,2.5,110,2025-11-29,2025-11-28T08:54:23Z
FanDuel,player_rebounds,Cason Wallace,Under,2.5,-146,2025-11-29,2025-11-28T08:54:23Z
FanDuel,player_rebounds,Dillon Brooks,Over,3.5,-110,2025-11-29,2025-11-28T08:54:23Z
FanDuel,player_rebounds,Dillon Brooks,Under,3.5,-120,2025-11-29,2025-11-28T08:54:23Z
FanDuel,player_rebounds,Luguentz Dort,Over,3.5,110,2025-11-29,2025-11-28T08:54:23Z
FanDuel,player_rebounds,Luguentz Dort,Under,3.5,-146,2025-11-29,2025-11-28T08:54:23Z
FanDuel,player_rebounds,Chet Holmgren,Over,7.5,-118,2025-11-29,2025-11-28T08:54:23Z
FanDuel,player_rebounds,Chet Holmgren,Under,7.5,-112,2025-11-29,2025-11-28T08:54:23Z
FanDuel,player_rebounds,Shai Gilgeous-Alexander,Over,4.5,134,2025-11-29,2025-11-28T08:54:23Z
FanDuel,player_rebounds,Shai Gilgeous-Alexander,Under,4.5,-180,2025-11-29,2025-11-28T08:54:23Z
FanDuel,player_rebounds,Oso Ighodaro,Over,2.5,-154,2025-11-29,2025-11-28T08:54:23Z
FanDuel,player_rebounds,Oso Ighodaro,Under,2.5,116,2025-11-29,2025-11-28T08:54:23Z
FanDuel,player_rebounds,Jalen Williams,Over,3.5,128,2025-11-29,2025-11-28T08:54:23Z
FanDuel,player_rebounds,Jalen Williams,Under,3.5,-172,2025-11-29,2025-11-28T08:54:23Z
FanDuel,player_rebounds,DeMar DeRozan,Over,3.5,100,2025-11-29,2025-11-28T08:54:12Z
FanDuel,player_rebounds,DeMar DeRozan,Under,3.5,-132,2025-11-29,2025-11-28T08:54:12Z
FanDuel,player_rebounds,Zach LaVine,Over,3.5,128,2025-11-29,2025-11-28T08:54:12Z
FanDuel,player_rebounds,Zach LaVine,Under,3.5,-172,2025-11-29,2025-11-28T08:54:12Z
FanDuel,player_rebounds,Keyonte George,Over,3.5,-172,2025-11-29,2025-11-28T08:54:12Z
FanDuel,player_rebounds,Keyonte George,Under,3.5,128,2025-11-29,2025-11-28T08:54:12Z
FanDuel,player_rebounds,Kyle Filipowski,Over,6.5,106,2025-11-29,2025-11-28T08:54:12Z
FanDuel,player_rebounds,Kyle Filipowski,Under,6.5,-140,2025-11-29,2025-11-28T08:54:12Z
FanDuel,player_rebounds,Precious Achiuwa,Over,5.5,-114,2025-11-29,2025-11-28T08:54:12Z
FanDuel,player_rebounds,Precious Achiuwa,Under,5.5,-114,2025-11-29,2025-11-28T08:54:12Z
FanDuel,player_rebounds,Russell Westbrook,Over,7.5,-104,2025-11-29,2025-11-28T08:54:12Z
FanDuel,player_rebounds,Russell Westbrook,Under,7.5,-128,2025-11-29,2025-11-28T08:54:12Z
FanDuel,player_rebounds,Keegan Murray,Over,6.5,-102,2025-11-29,2025-11-28T08:54:12Z
FanDuel,player_rebounds,Keegan Murray,Under,6.5,-130,2025-11-29,2025-11-28T08:54:12Z
FanDuel,player_rebounds,Lauri Markkanen,Over,5.5,-158,2025-11-29,2025-11-28T08:54:12Z
FanDuel,player_rebounds,Lauri Markkanen,Under,5.5,118,2025-11-29,2025-11-28T08:54:12Z
FanDuel,player_rebounds,Drew Eubanks,Over,4.5,-102,2025-11-29,2025-11-28T08:54:12Z
FanDuel,player_rebounds,Drew Eubanks,Under,4.5,-130,2025-11-29,2025-11-28T08:54:12Z
FanDuel,player_rebounds,Isaiah Collier,Over,2.5,-154,2025-11-29,2025-11-28T08:54:12Z
FanDuel,player_rebounds,Isaiah Collier,Under,2.5,116,2025-11-29,2025-11-28T08:54:12Z
FanDuel,player_rebounds,Ace Bailey,Over,4.5,108,2025-11-29,2025-11-28T08:54:12Z
FanDuel,player_rebounds,Ace Bailey,Under,4.5,-144,2025-11-29,2025-11-28T08:54:12Z
FanDuel,player_rebounds,Brice Sensabaugh,Over,2.5,-138,2025-11-29,2025-11-28T08:54:12Z
FanDuel,player_rebounds,Brice Sensabaugh,Under,2.5,104,2025-11-29,2025-11-28T08:54:12Z
FanDuel,player_rebounds,Jusuf Nurkic,Over,10.5,-118,2025-11-29,2025-11-28T08:54:12Z
FanDuel,player_rebounds,Jusuf Nurkic,Under,10.5,-112,2025-11-29,2025-11-28T08:54:12Z
FanDuel,player_rebounds,Dennis Schroder,Over,2.5,-128,2025-11-29,2025-11-28T08:54:12Z
FanDuel,player_rebounds,Dennis Schroder,Under,2.5,-104,2025-11-29,2025-11-28T08:54:12Z
FanDuel,player_rebounds,Svi Mykhailiuk,Over,2.5,-114,2025-11-29,2025-11-28T08:54:12Z
FanDuel,player_rebounds,Svi Mykhailiuk,Under,2.5,-114,2025-11-29,2025-11-28T08:54:12Z
FanDuel,player_rebounds,Max Christie,Over,3.5,142,2025-11-29,2025-11-28T08:55:05Z
FanDuel,player_rebounds,Max Christie,Under,3.5,-192,2025-11-29,2025-11-28T08:55:05Z
FanDuel,player_rebounds,Deandre Ayton,Over,8.5,-146,2025-11-29,2025-11-28T08:55:05Z
FanDuel,player_rebounds,Deandre Ayton,Under,8.5,110,2025-11-29,2025-11-28T08:55:05Z
FanDuel,player_rebounds,Jake LaRavia,Over,2.5,102,2025-11-29,2025-11-28T08:55:05Z
FanDuel,player_rebounds,Jake LaRavia,Under,2.5,-136,2025-11-29,2025-11-28T08:55:05Z
FanDuel,player_rebounds,Rui Hachimura,Over,3.5,-104,2025-11-29,2025-11-28T08:55:05Z
FanDuel,player_rebounds,Rui Hachimura,Under,3.5,-128,2025-11-29,2025-11-28T08:55:05Z
FanDuel,player_rebounds,Austin Reaves,Over,4.5,-114,2025-11-29,2025-11-28T08:55:05Z
FanDuel,player_rebounds,Austin Reaves,Under,4.5,-114,2025-11-29,2025-11-28T08:55:05Z
FanDuel,player_rebounds,Anthony Davis,Over,9.5,-108,2025-11-29,2025-11-28T08:55:05Z
FanDuel,player_rebounds,Anthony Davis,Under,9.5,-122,2025-11-29,2025-11-28T08:55:05Z
FanDuel,player_rebounds,Klay Thompson,Over,2.5,154,2025-11-29,2025-11-28T08:55:05Z
FanDuel,player_rebounds,Klay Thompson,Under,2.5,-210,2025-11-29,2025-11-28T08:55:05Z
FanDuel,player_rebounds,LeBron James,Over,5.5,-154,2025-11-29,2025-11-28T08:55:05Z
FanDuel,player_rebounds,LeBron James,Under,5.5,116,2025-11-29,2025-11-28T08:55:05Z
FanDuel,player_rebounds,Luka Doncic,Over,7.5,-154,2025-11-29,2025-11-28T08:55:05Z
FanDuel,player_rebounds,Luka Doncic,Under,7.5,116,2025-11-29,2025-11-28T08:55:05Z
FanDuel,player_rebounds,Naji Marshall,Over,3.5,-172,2025-11-29,2025-11-28T08:55:05Z
FanDuel,player_rebounds,Naji Marshall,Under,3.5,128,2025-11-29,2025-11-28T08:55:05Z
FanDuel,player_rebounds,P.J. Washington,Over,6.5,118,2025-11-29,2025-11-28T08:55:05Z
FanDuel,player_rebounds,P.J. Washington,Under,6.5,-158,2025-11-29,2025-11-28T08:55:05Z
FanDuel,player_rebounds,Cooper Flagg,Over,6.5,116,2025-11-29,2025-11-28T08:55:05Z
FanDuel,player_rebounds,Cooper Flagg,Under,6.5,-154,2025-11-29,2025-11-28T08:55:05Z
FanDuel,player_rebounds,Daniel Gafford,Over,6.5,-132,2025-11-29,2025-11-28T08:55:05Z
FanDuel,player_rebounds,Daniel Gafford,Under,6.5,100,2025-11-29,2025-11-28T08:55:05Z
FanDuel,player_rebounds,Jaylen Wells,Over,2.5,-174,2025-11-29,2025-11-28T08:54:31Z
FanDuel,player_rebounds,Jaylen Wells,Under,2.5,130,2025-11-29,2025-11-28T08:54:31Z
FanDuel,player_rebounds,Nicolas Batum,Over,2.5,-174,2025-11-29,2025-11-28T08:54:31Z
FanDuel,player_rebounds,Nicolas Batum,Under,2.5,128,2025-11-29,2025-11-28T08:54:31Z
FanDuel,player_rebounds,Cedric Coward,Over,5.5,102,2025-11-29,2025-11-28T08:54:31Z
FanDuel,player_rebounds,Cedric Coward,Under,5.5,-136,2025-11-29,2025-11-28T08:54:31Z
FanDuel,player_rebounds,Zach Edey,Over,10.5,-118,2025-11-29,2025-11-28T08:54:31Z
FanDuel,player_rebounds,Zach Edey,Under,10.5,-112,2025-11-29,2025-11-28T08:54:31Z
FanDuel,player_rebounds,John Collins,Over,5.5,114,2025-11-29,2025-11-28T08:54:31Z
FanDuel,player_rebounds,John Collins,Under,5.5,-152,2025-11-29,2025-11-28T08:54:31Z
FanDuel,player_rebounds,James Harden,Over,5.5,122,2025-11-29,2025-11-28T08:54:31Z
FanDuel,player_rebounds,James Harden,Under,5.5,-162,2025-11-29,2025-11-28T08:54:31Z
FanDuel,player_rebounds,Kris Dunn,Over,2.5,-140,2025-11-29,2025-11-28T08:54:31Z
FanDuel,player_rebounds,Kris Dunn,Under,2.5,106,2025-11-29,2025-11-28T08:54:31Z
FanDuel,player_rebounds,Santi Aldama,Over,5.5,-114,2025-11-29,2025-11-28T08:54:31Z
FanDuel,player_rebounds,Santi Aldama,Under,5.5,-114,2025-11-29,2025-11-28T08:54:31Z
FanDuel,player_rebounds,Ivica Zubac,Over,11.5,-125,2025-11-29,2025-11-28T08:54:31Z
FanDuel,player_rebounds,Ivica Zubac,Under,11.5,-106,2025-11-29,2025-11-28T08:54:31Z
FanDuel,player_rebounds,Jaren Jackson Jr,Over,4.5,-136,2025-11-29,2025-11-28T08:54:31Z
FanDuel,player_rebounds,Jaren Jackson Jr,Under,4.5,102,2025-11-29,2025-11-28T08:54:31Z
FanDuel,player_rebounds,Vincent Williams Jr,Over,4.5,-136,2025-11-29,2025-11-28T08:54:31Z
FanDuel,player_rebounds,Vincent Williams Jr,Under,4.5,102,2025-11-29,2025-11-28T08:54:31Z
FanDuel,player_rebounds,Jock Landale,Over,4.5,128,2025-11-29,2025-11-28T08:54:31Z
FanDuel,player_rebounds,Jock Landale,Under,4.5,-172,2025-11-29,2025-11-28T08:54:31Z
FanDuel,player_rebounds,Kawhi Leonard,Over,4.5,-146,2025-11-29,2025-11-28T08:54:31Z
FanDuel,player_rebounds,Kawhi Leonard,Under,4.5,110,2025-11-29,2025-11-28T08:54:31Z
BetRivers,player_rebounds,Onyeka Okongwu,Over,5.5,-148,2025-11-29,2025-11-28T08:52:51Z
BetRivers,player_rebounds,Onyeka Okongwu,Under,5.5,110,2025-11-29,2025-11-28T08:52:51Z
BetRivers,player_rebounds,Kristaps Porzingis,Over,6.5,108,2025-11-29,2025-11-28T08:52:51Z
BetRivers,player_rebounds,Kristaps Porzingis,Under,6.5,-143,2025-11-29,2025-11-28T08:52:51Z
BetRivers,player_rebounds,Dyson Daniels,Over,6.5,108,2025-11-29,2025-11-28T08:52:51Z
BetRivers,player_rebounds,Dyson Daniels,Under,6.5,-143,2025-11-29,2025-11-28T08:52:51Z
BetRivers,player_rebounds,Nickeil Alexander-Walker,Over,3.5,114,2025-11-29,2025-11-28T08:52:51Z
BetRivers,player_rebounds,Nickeil Alexander-Walker,Under,3.5,-150,2025-11-29,2025-11-28T08:52:51Z
BetRivers,player_rebounds,Jalen Johnson,Over,9.5,-108,2025-11-29,2025-11-28T08:52:51Z
BetRivers,player_rebounds,Jalen Johnson,Under,9.5,-124,2025-11-29,2025-11-28T08:52:51Z
BetRivers,player_rebounds,Zaccharie Risacher,Over,3.5,125,2025-11-29,2025-11-28T08:52:51Z
BetRivers,player_rebounds,Zaccharie Risacher,Under,3.5,-167,2025-11-29,2025-11-28T08:52:51Z
BetRivers,player_rebounds,Cade Cunningham,Over,5.5,-120,2025-11-29,2025-11-28T08:53:47Z
BetRivers,player_rebounds,Cade Cunningham,Under,5.5,-112,2025-11-29,2025-11-28T08:53:47Z
BetRivers,player_rebounds,Tristan da Silva,Over,4.5,-108,2025-11-29,2025-11-28T08:53:47Z
BetRivers,player_rebounds,Tristan da Silva,Under,4.5,-124,2025-11-29,2025-11-28T08:53:47Z
BetRivers,player_rebounds,Franz Wagner,Over,5.5,-150,2025-11-29,2025-11-28T08:53:47Z
BetRivers,player_rebounds,Franz Wagner,Under,5.5,112,2025-11-29,2025-11-28T08:53:47Z
BetRivers,player_rebounds,Jalen Suggs,Over,4.5,120,2025-11-29,2025-11-28T08:53:47Z
BetRivers,player_rebounds,Jalen Suggs,Under,4.5,-162,2025-11-29,2025-11-28T08:53:47Z
BetRivers,player_rebounds,Desmond Bane,Over,4.5,105,2025-11-29,2025-11-28T08:53:47Z
BetRivers,player_rebounds,Desmond Bane,Under,4.5,-139,2025-11-29,2025-11-28T08:53:47Z
BetRivers,player_rebounds,Tobias Harris,Over,4.5,118,2025-11-29,2025-11-28T08:53:47Z
BetRivers,player_rebounds,Tobias Harris,Under,4.5,-159,2025-11-29,2025-11-28T08:53:47Z
BetRivers,player_rebounds,Wendell Carter Jr,Over,7.5,105,2025-11-29,2025-11-28T08:53:47Z
BetRivers,player_rebounds,Wendell Carter Jr,Under,7.5,-139,2025-11-29,2025-11-28T08:53:47Z
BetRivers,player_rebounds,Ausar Thompson,Over,4.5,-137,2025-11-29,2025-11-28T08:53:47Z
BetRivers,player_rebounds,Ausar Thompson,Under,4.5,104,2025-11-29,2025-11-28T08:53:47Z
BetRivers,player_rebounds,Jalen Duren,Over,11.5,-118,2025-11-29,2025-11-28T08:53:47Z
BetRivers,player_rebounds,Jalen Duren,Under,11.5,-113,2025-11-29,2025-11-28T08:53:47Z
BetRivers,player_rebounds,Kyshawn George,Over,5.5,-148,2025-11-29,2025-11-28T08:53:46Z
BetRivers,player_rebounds,Kyshawn George,Under,5.5,112,2025-11-29,2025-11-28T08:53:46Z
BetRivers,player_rebounds,C.J. McCollum,Over,3.5,-107,2025-11-29,2025-11-28T08:53:46Z
BetRivers,player_rebounds,C.J. McCollum,Under,3.5,-124,2025-11-29,2025-11-28T08:53:46Z
BetRivers,player_rebounds,Isaiah Jackson,Over,5.5,-148,2025-11-29,2025-11-28T08:53:46Z
BetRivers,player_rebounds,Isaiah Jackson,Under,5.5,112,2025-11-29,2025-11-28T08:53:46Z
BetRivers,player_rebounds,Bennedict Mathurin,Over,5.5,-112,2025-11-29,2025-11-28T08:53:46Z
BetRivers,player_rebounds,Bennedict Mathurin,Under,5.5,-120,2025-11-29,2025-11-28T08:53:46Z
BetRivers,player_rebounds,Pascal Siakam,Over,7.5,104,2025-11-29,2025-11-28T08:53:46Z
BetRivers,player_rebounds,Pascal Siakam,Under,7.5,-139,2025-11-29,2025-11-28T08:53:46Z
BetRivers,player_rebounds,Jarace Walker,Over,5.5,110,2025-11-29,2025-11-28T08:53:46Z
BetRivers,player_rebounds,Jarace Walker,Under,5.5,-148,2025-11-29,2025-11-28T08:53:46Z
BetRivers,player_rebounds,Alex Sarr,Over,8.5,-134,2025-11-29,2025-11-28T08:53:46Z
BetRivers,player_rebounds,Alex Sarr,Under,8.5,100,2025-11-29,2025-11-28T08:53:46Z
BetRivers,player_rebounds,Khris Middleton,Over,3.5,-141,2025-11-29,2025-11-28T08:53:46Z
BetRivers,player_rebounds,Khris Middleton,Under,3.5,106,2025-11-29,2025-11-28T08:53:46Z
BetRivers,player_rebounds,Bilal Coulibaly,Over,4.5,100,2025-11-29,2025-11-28T08:53:46Z
BetRivers,player_rebounds,Bilal Coulibaly,Under,4.5,-134,2025-11-29,2025-11-28T08:53:46Z
BetRivers,player_rebounds,Jalen Brunson,Over,3.5,110,2025-11-29,2025-11-28T08:54:21Z
BetRivers,player_rebounds,Jalen Brunson,Under,3.5,-148,2025-11-29,2025-11-28T08:54:21Z
BetRivers,player_rebounds,Myles Turner,Over,5.5,-148,2025-11-29,2025-11-28T08:54:21Z
BetRivers,player_rebounds,Myles Turner,Under,5.5,110,2025-11-29,2025-11-28T08:54:21Z
BetRivers,player_rebounds,Kyle Kuzma,Over,4.5,105,2025-11-29,2025-11-28T08:54:21Z
BetRivers,player_rebounds,Kyle Kuzma,Under,4.5,-139,2025-11-29,2025-11-28T08:54:21Z
BetRivers,player_rebounds,Karl-Anthony Towns,Over,11.5,-130,2025-11-29,2025-11-28T08:54:21Z
BetRivers,player_rebounds,Karl-Anthony Towns,Under,11.5,-103,2025-11-29,2025-11-28T08:54:21Z
BetRivers,player_rebounds,Mikal Bridges,Over,3.5,-165,2025-11-29,2025-11-28T08:54:21Z
BetRivers,player_rebounds,Mikal Bridges,Under,3.5,123,2025-11-29,2025-11-28T08:54:21Z
BetRivers,player_rebounds,Josh Hart,Over,8.5,102,2025-11-29,2025-11-28T08:54:21Z
BetRivers,player_rebounds,Josh Hart,Under,8.5,-134,2025-11-29,2025-11-28T08:54:21Z
BetRivers,player_rebounds,A.J. Green,Over,2.5,135,2025-11-29,2025-11-28T08:54:21Z
BetRivers,player_rebounds,A.J. Green,Under,2.5,-180,2025-11-29,2025-11-28T08:54:21Z
BetRivers,player_rebounds,Miles McBride,Over,2.5,-117,2025-11-29,2025-11-28T08:54:21Z
BetRivers,player_rebounds,Miles McBride,Under,2.5,-114,2025-11-29,2025-11-28T08:54:21Z
BetRivers,player_rebounds,Giannis Antetokounmpo,Over,9.5,-136,2025-11-29,2025-11-28T08:54:21Z
BetRivers,player_rebounds,Giannis Antetokounmpo,Under,9.5,102,2025-11-29,2025-11-28T08:54:21Z
BetRivers,player_rebounds,Ryan Rollins,Over,3.5,-121,2025-11-29,2025-11-28T08:54:21Z
BetRivers,player_rebounds,Ryan Rollins,Under,3.5,-110,2025-11-29,2025-11-28T08:54:21Z
DraftKings,player_rebounds,Jalen Johnson,Over,9.5,102,2025-11-29,2025-11-28T08:54:28Z
DraftKings,player_rebounds,Jalen Johnson,Under,9.5,-135,2025-11-29,2025-11-28T08:54:28Z
DraftKings,player_rebounds,Evan Mobley,Over,8.5,-133,2025-11-29,2025-11-28T08:54:28Z
DraftKings,player_rebounds,Evan Mobley,Under,8.5,101,2025-11-29,2025-11-28T08:54:28Z
DraftKings,player_rebounds,Jarrett Allen,Over,8.5,105,2025-11-29,2025-11-28T08:54:28Z
DraftKings,player_rebounds,Jarrett Allen,Under,8.5,-139,2025-11-29,2025-11-28T08:54:28Z
DraftKings,player_rebounds,Kristaps Porzingis,Over,6.5,106,2025-11-29,2025-11-28T08:54:28Z
DraftKings,player_rebounds,Kristaps Porzingis,Under,6.5,-140,2025-11-29,2025-11-28T08:54:28Z
DraftKings,player_rebounds,Onyeka Okongwu,Over,5.5,-147,2025-11-29,2025-11-28T08:54:28Z
DraftKings,player_rebounds,Onyeka Okongwu,Under,5.5,112,2025-11-29,2025-11-28T08:54:28Z
DraftKings,player_rebounds,Dyson Daniels,Over,5.5,-137,2025-11-29,2025-11-28T08:54:28Z
DraftKings,player_rebounds,Dyson Daniels,Under,5.5,104,2025-11-29,2025-11-28T08:54:28Z
DraftKings,player_rebounds,Donovan Mitchell,Over,4.5,-127,2025-11-29,2025-11-28T08:54:28Z
DraftKings,player_rebounds,Donovan Mitchell,Under,4.5,-104,2025-11-29,2025-11-28T08:54:28Z
DraftKings,player_rebounds,De'Andre Hunter,Over,4.5,-114,2025-11-29,2025-11-28T08:54:28Z
DraftKings,player_rebounds,De'Andre Hunter,Under,4.5,-115,2025-11-29,2025-11-28T08:54:28Z
DraftKings,player_rebounds,Jaylon Tyson,Over,3.5,-126,2025-11-29,2025-11-28T08:54:28Z
DraftKings,player_rebounds,Jaylon Tyson,Under,3.5,-104,2025-11-29,2025-11-28T08:54:28Z
DraftKings,player_rebounds,Lonzo Ball,Over,3.5,-122,2025-11-29,2025-11-28T08:54:28Z
DraftKings,player_rebounds,Lonzo Ball,Under,3.5,-108,2025-11-29,2025-11-28T08:54:28Z
DraftKings,player_rebounds,Nickeil Alexander-Walker,Over,3.5,121,2025-11-29,2025-11-28T08:54:28Z
DraftKings,player_rebounds,Nickeil Alexander-Walker,Under,3.5,-160,2025-11-29,2025-11-28T08:54:28Z
DraftKings,player_rebounds,Zaccharie Risacher,Over,2.5,-164,2025-11-29,2025-11-28T08:54:28Z
DraftKings,player_rebounds,Zaccharie Risacher,Under,2.5,124,2025-11-29,2025-11-28T08:54:28Z
DraftKings,player_rebounds,Darius Garland,Over,2.5,114,2025-11-29,2025-11-28T08:54:28Z
DraftKings,player_rebounds,Darius Garland,Under,2.5,-151,2025-11-29,2025-11-28T08:54:28Z
DraftKings,player_rebounds,Andre Drummond,Over,12.5,-122,2025-11-29,2025-11-28T08:53:53Z
DraftKings,player_rebounds,Andre Drummond,Under,12.5,-108,2025-11-29,2025-11-28T08:53:53Z
DraftKings,player_rebounds,Nicolas Claxton,Over,8.5,-145,2025-11-29,2025-11-28T08:53:53Z
DraftKings,player_rebounds,Nicolas Claxton,Under,8.5,110,2025-11-29,2025-11-28T08:53:53Z
DraftKings,player_rebounds,Day'Ron Sharpe,Over,6.5,-134,2025-11-29,2025-11-28T08:53:53Z
DraftKings,player_rebounds,Day'Ron Sharpe,Under,6.5,102,2025-11-29,2025-11-28T08:53:53Z
DraftKings,player_rebounds,Noah Clowney,Over,4.5,-155,2025-11-29,2025-11-28T08:53:53Z
DraftKings,player_rebounds,Noah Clowney,Under,4.5,118,2025-11-29,2025-11-28T08:53:53Z
DraftKings,player_rebounds,Paul George,Over,4.5,-148,2025-11-29,2025-11-28T08:53:53Z
DraftKings,player_rebounds,Paul George,Under,4.5,112,2025-11-29,2025-11-28T08:53:53Z
DraftKings,player_rebounds,Terance Mann,Over,3.5,-147,2025-11-29,2025-11-28T08:53:53Z
DraftKings,player_rebounds,Terance Mann,Under,3.5,112,2025-11-29,2025-11-28T08:53:53Z
DraftKings,player_rebounds,Tyrese Maxey,Over,3.5,-144,2025-11-29,2025-11-28T08:53:53Z
DraftKings,player_rebounds,Tyrese Maxey,Under,3.5,109,2025-11-29,2025-11-28T08:53:53Z
DraftKings,player_rebounds,Egor Demin,Over,3.5,-143,2025-11-29,2025-11-28T08:53:53Z
DraftKings,player_rebounds,Egor Demin,Under,3.5,108,2025-11-29,2025-11-28T08:53:53Z
DraftKings,player_rebounds,Justin Edwards,Over,3.5,-136,2025-11-29,2025-11-28T08:53:53Z
DraftKings,player_rebounds,Justin Edwards,Under,3.5,104,2025-11-29,2025-11-28T08:53:53Z
DraftKings,player_rebounds,Tyrese Martin,Over,3.5,-120,2025-11-29,2025-11-28T08:53:53Z
DraftKings,player_rebounds,Tyrese Martin,Under,3.5,-109,2025-11-29,2025-11-28T08:53:53Z
DraftKings,player_rebounds,Quentin Grimes,Over,3.5,-115,2025-11-29,2025-11-28T08:53:53Z
DraftKings,player_rebounds,Quentin Grimes,Under,3.5,-115,2025-11-29,2025-11-28T08:53:53Z
DraftKings,player_rebounds,Drake Powell,Over,2.5,-147,2025-11-29,2025-11-28T08:53:53Z
DraftKings,player_rebounds,Drake Powell,Under,2.5,112,2025-11-29,2025-11-28T08:53:53Z
DraftKings,player_rebounds,Nikola Vucevic,Over,9.5,-130,2025-11-29,2025-11-28T08:53:29Z
DraftKings,player_rebounds,Nikola Vucevic,Under,9.5,-101,2025-11-29,2025-11-28T08:53:29Z
DraftKings,player_rebounds,Josh Giddey,Over,9.5,-109,2025-11-29,2025-11-28T08:53:29Z
DraftKings,player_rebounds,Josh Giddey,Under,9.5,-121,2025-11-29,2025-11-28T08:53:29Z
DraftKings,player_rebounds,Moussa Diabate,Over,7.5,112,2025-11-29,2025-11-28T08:53:29Z
DraftKings,player_rebounds,Moussa Diabate,Under,7.5,-147,2025-11-29,2025-11-28T08:53:29Z
DraftKings,player_rebounds,Ryan Kalkbrenner,Over,6.5,-127,2025-11-29,2025-11-28T08:53:29Z
DraftKings,player_rebounds,Ryan Kalkbrenner,Under,6.5,-104,2025-11-29,2025-11-28T08:53:29Z
DraftKings,player_rebounds,Miles Bridges,Over,6.5,-110,2025-11-29,2025-11-28T08:53:29Z
DraftKings,player_rebounds,Miles Bridges,Under,6.5,-120,2025-11-29,2025-11-28T08:53:29Z
DraftKings,player_rebounds,Kon Knueppel,Over,5.5,111,2025-11-29,2025-11-28T08:53:29Z
DraftKings,player_rebounds,Kon Knueppel,Under,5.5,-146,2025-11-29,2025-11-28T08:53:29Z
DraftKings,player_rebounds,LaMelo Ball,Over,5.5,115,2025-11-29,2025-11-28T08:53:29Z
DraftKings,player_rebounds,LaMelo Ball,Under,5.5,-151,2025-11-29,2025-11-28T08:53:29Z
DraftKings,player_rebounds,Matas Buzelis,Over,4.5,-156,2025-11-29,2025-11-28T08:53:29Z
DraftKings,player_rebounds,Matas Buzelis,Under,4.5,118,2025-11-29,2025-11-28T08:53:29Z
DraftKings,player_rebounds,Brandon Miller,Over,4.5,120,2025-11-29,2025-11-28T08:53:29Z
DraftKings,player_rebounds,Brandon Miller,Under,4.5,-159,2025-11-29,2025-11-28T08:53:29Z
DraftKings,player_rebounds,Coby White,Over,3.5,117,2025-11-29,2025-11-28T08:53:29Z
DraftKings,player_rebounds,Coby White,Under,3.5,-155,2025-11-29,2025-11-28T08:53:29Z
DraftKings,player_rebounds,Ayo Dosunmu,Over,2.5,-164,2025-11-29,2025-11-28T08:53:29Z
DraftKings,player_rebounds,Ayo Dosunmu,Under,2.5,124,2025-11-29,2025-11-28T08:53:29Z
DraftKings,player_rebounds,Kevin Huerter,Over,2.5,-147,2025-11-29,2025-11-28T08:53:29Z
DraftKings,player_rebounds,Kevin Huerter,Under,2.5,112,2025-11-29,2025-11-28T08:53:29Z
DraftKings,player_rebounds,Isaac Okoro,Over,2.5,-125,2025-11-29,2025-11-28T08:53:29Z
DraftKings,player_rebounds,Isaac Okoro,Under,2.5,-106,2025-11-29,2025-11-28T08:53:29Z
DraftKings,player_rebounds,Sion James,Over,2.5,104,2025-11-29,2025-11-28T08:53:29Z
DraftKings,player_rebounds,Sion James,Under,2.5,-137,2025-11-29,2025-11-28T08:53:29Z
DraftKings,player_rebounds,Collin Sexton,Over,1.5,-194,2025-11-29,2025-11-28T08:53:29Z
DraftKings,player_rebounds,Collin Sexton,Under,1.5,146,2025-11-29,2025-11-28T08:53:29Z
DraftKings,player_rebounds,Jalen Duren,Over,11.5,-121,2025-11-29,2025-11-28T08:54:28Z
DraftKings,player_rebounds,Jalen Duren,Under,11.5,-108,2025-11-29,2025-11-28T08:54:28Z
DraftKings,player_rebounds,Wendell Carter Jr,Over,7.5,-116,2025-11-29,2025-11-28T08:54:28Z
DraftKings,player_rebounds,Wendell Carter Jr,Under,7.5,-113,2025-11-29,2025-11-28T08:54:28Z
DraftKings,player_rebounds,Cade Cunningham,Over,5.5,-138,2025-11-29,2025-11-28T08:54:28Z
DraftKings,player_rebounds,Cade Cunningham,Under,5.5,104,2025-11-29,2025-11-28T08:54:28Z
DraftKings,player_rebounds,Franz Wagner,Over,5.5,-135,2025-11-29,2025-11-28T08:54:28Z
DraftKings,player_rebounds,Franz Wagner,Under,5.5,103,2025-11-29,2025-11-28T08:54:28Z
DraftKings,player_rebounds,Isaiah Stewart II,Over,5.5,-117,2025-11-29,2025-11-28T08:54:28Z
DraftKings,player_rebounds,Isaiah Stewart II,Under,5.5,-112,2025-11-29,2025-11-28T08:54:28Z
DraftKings,player_rebounds,Goga Bitadze,Over,5.5,110,2025-11-29,2025-11-28T08:54:28Z
DraftKings,player_rebounds,Goga Bitadze,Under,5.5,-145,2025-11-29,2025-11-28T08:54:28Z
DraftKings,player_rebounds,Ausar Thompson,Over,4.5,-148,2025-11-29,2025-11-28T08:54:28Z
DraftKings,player_rebounds,Ausar Thompson,Under,4.5,112,2025-11-29,2025-11-28T08:54:28Z
DraftKings,player_rebounds,Tobias Harris,Over,4.5,106,2025-11-29,2025-11-28T08:54:28Z
DraftKings,player_rebounds,Tobias Harris,Under,4.5,-140,2025-11-29,2025-11-28T08:54:28Z
DraftKings,player_rebounds,Desmond Bane,Over,4.5,108,2025-11-29,2025-11-28T08:54:28Z
DraftKings,player_rebounds,Desmond Bane,Under,4.5,-142,2025-11-29,2025-11-28T08:54:28Z
DraftKings,player_rebounds,Tristan da Silva,Over,4.5,114,2025-11-29,2025-11-28T08:54:28Z
DraftKings,player_rebounds,Tristan da Silva,Under,4.5,-151,2025-11-29,2025-11-28T08:54:28Z
DraftKings,player_rebounds,Jalen Suggs,Over,3.5,-143,2025-11-29,2025-11-28T08:54:28Z
DraftKings,player_rebounds,Jalen Suggs,Under,3.5,108,2025-11-29,2025-11-28T08:54:28Z
DraftKings,player_rebounds,Anthony Black,Over,3.5,113,2025-11-29,2025-11-28T08:54:28Z
DraftKings,player_rebounds,Anthony Black,Under,3.5,-149,2025-11-29,2025-11-28T08:54:28Z
DraftKings,player_rebounds,Jaden Ivey,Over,2.5,-163,2025-11-29,2025-11-28T08:54:28Z
DraftKings,player_rebounds,Jaden Ivey,Under,2.5,124,2025-11-29,2025-11-28T08:54:28Z
DraftKings,player_rebounds,Duncan Robinson,Over,2.5,-115,2025-11-29,2025-11-28T08:54:28Z
DraftKings,player_rebounds,Duncan Robinson,Under,2.5,-115,2025-11-29,2025-11-28T08:54:28Z
DraftKings,player_rebounds,Caris LeVert,Over,2.5,132,2025-11-29,2025-11-28T08:54:28Z
DraftKings,player_rebounds,Caris LeVert,Under,2.5,-175,2025-11-29,2025-11-28T08:54:28Z
DraftKings,player_rebounds,Alex Sarr,Over,8.5,-142,2025-11-29,2025-11-28T08:54:35Z
DraftKings,player_rebounds,Alex Sarr,Under,8.5,108,2025-11-29,2025-11-28T08:54:35Z
DraftKings,player_rebounds,Pascal Siakam,Over,7.5,114,2025-11-29,2025-11-28T08:54:35Z
DraftKings,player_rebounds,Pascal Siakam,Under,7.5,-150,2025-11-29,2025-11-28T08:54:35Z
DraftKings,player_rebounds,Kyshawn George,Over,6.5,115,2025-11-29,2025-11-28T08:54:35Z
DraftKings,player_rebounds,Kyshawn George,Under,6.5,-151,2025-11-29,2025-11-28T08:54:35Z
DraftKings,player_rebounds,Isaiah Jackson,Over,5.5,-149,2025-11-29,2025-11-28T08:54:35Z
DraftKings,player_rebounds,Isaiah Jackson,Under,5.5,113,2025-11-29,2025-11-28T08:54:35Z
DraftKings,player_rebounds,Bennedict Mathurin,Over,5.5,-123,2025-11-29,2025-11-28T08:54:35Z
DraftKings,player_rebounds,Bennedict Mathurin,Under,5.5,-107,2025-11-29,2025-11-28T08:54:35Z
DraftKings,player_rebounds,Jarace Walker,Over,5.5,105,2025-11-29,2025-11-28T08:54:35Z
DraftKings,player_rebounds,Jarace Walker,Under,5.5,-138,2025-11-29,2025-11-28T08:54:35Z
DraftKings,player_rebounds,Jay Huff,Over,4.5,-141,2025-11-29,2025-11-28T08:54:35Z
DraftKings,player_rebounds,Jay Huff,Under,4.5,107,2025-11-29,2025-11-28T08:54:35Z
DraftKings,player_rebounds,Justin Champagnie,Over,4.5,-137,2025-11-29,2025-11-28T08:54:35Z
DraftKings,player_rebounds,Justin Champagnie,Under,4.5,104,2025-11-29,2025-11-28T08:54:35Z
DraftKings,player_rebounds,Bilal Coulibaly,Over,4.5,104,2025-11-29,2025-11-28T08:54:35Z
DraftKings,player_rebounds,Bilal Coulibaly,Under,4.5,-138,2025-11-29,2025-11-28T08:54:35Z
DraftKings,player_rebounds,Ben Sheppard,Over,3.5,-160,2025-11-29,2025-11-28T08:54:35Z
DraftKings,player_rebounds,Ben Sheppard,Under,3.5,121,2025-11-29,2025-11-28T08:54:35Z
DraftKings,player_rebounds,Khris Middleton,Over,3.5,-154,2025-11-29,2025-11-28T08:54:35Z
DraftKings,player_rebounds,Khris Middleton,Under,3.5,117,2025-11-29,2025-11-28T08:54:35Z
DraftKings,player_rebounds,Carlton Carrington,Over,3.5,-114,2025-11-29,2025-11-28T08:54:35Z
DraftKings,player_rebounds,Carlton Carrington,Under,3.5,-115,2025-11-29,2025-11-28T08:54:35Z
DraftKings,player_rebounds,C.J. McCollum,Over,3.5,-106,2025-11-29,2025-11-28T08:54:35Z
DraftKings,player_rebounds,C.J. McCollum,Under,3.5,-124,2025-11-29,2025-11-28T08:54:35Z
DraftKings,player_rebounds,T.J. McConnell,Over,3.5,108,2025-11-29,2025-11-28T08:54:35Z
DraftKings,player_rebounds,T.J. McConnell,Under,3.5,-142,2025-11-29,2025-11-28T08:54:35Z
DraftKings,player_rebounds,Andrew Nembhard,Over,2.5,-122,2025-11-29,2025-11-28T08:54:35Z
DraftKings,player_rebounds,Andrew Nembhard,Under,2.5,-107,2025-11-29,2025-11-28T08:54:35Z
DraftKings,player_rebounds,Karl-Anthony Towns,Over,11.5,-114,2025-11-29,2025-11-28T08:54:01Z
DraftKings,player_rebounds,Karl-Anthony Towns,Under,11.5,-116,2025-11-29,2025-11-28T08:54:01Z
DraftKings,player_rebounds,Giannis Antetokounmpo,Over,9.5,-138,2025-11-29,2025-11-28T08:54:01Z
DraftKings,player_rebounds,Giannis Antetokounmpo,Under,9.5,104,2025-11-29,2025-11-28T08:54:01Z
DraftKings,player_rebounds,Josh Hart,Over,8.5,102,2025-11-29,2025-11-28T08:54:01Z
DraftKings,player_rebounds,Josh Hart,Under,8.5,-134,2025-11-29,2025-11-28T08:54:01Z
DraftKings,player_rebounds,Mitchell Robinson,Over,6.5,104,2025-11-29,2025-11-28T08:54:01Z
DraftKings,player_rebounds,Mitchell Robinson,Under,6.5,-137,2025-11-29,2025-11-28T08:54:01Z
DraftKings,player_rebounds,Myles Turner,Over,6.5,113,2025-11-29,2025-11-28T08:54:01Z
DraftKings,player_rebounds,Myles Turner,Under,6.5,-149,2025-11-29,2025-11-28T08:54:01Z
DraftKings,player_rebounds,Kyle Kuzma,Over,4.5,113,2025-11-29,2025-11-28T08:54:01Z
DraftKings,player_rebounds,Kyle Kuzma,Under,4.5,-149,2025-11-29,2025-11-28T08:54:01Z
DraftKings,player_rebounds,Mikal Bridges,Over,3.5,-142,2025-11-29,2025-11-28T08:54:01Z
DraftKings,player_rebounds,Mikal Bridges,Under,3.5,108,2025-11-29,2025-11-28T08:54:01Z
DraftKings,player_rebounds,Ryan Rollins,Over,3.5,-111,2025-11-29,2025-11-28T08:54:01Z
DraftKings,player_rebounds,Ryan Rollins,Under,3.5,-119,2025-11-29,2025-11-28T08:54:01Z
DraftKings,player_rebounds,Jalen Brunson,Over,3.5,124,2025-11-29,2025-11-28T08:54:01Z
DraftKings,player_rebounds,Jalen Brunson,Under,3.5,-164,2025-11-29,2025-11-28T08:54:01Z
DraftKings,player_rebounds,Miles McBride,Over,2.5,-119,2025-11-29,2025-11-28T08:54:01Z
DraftKings,player_rebounds,Miles McBride,Under,2.5,-111,2025-11-29,2025-11-28T08:54:01Z
DraftKings,player_rebounds,A.J. Green,Over,2.5,138,2025-11-29,2025-11-28T08:54:01Z
DraftKings,player_rebounds,A.J. Green,Under,2.5,-183,2025-11-29,2025-11-28T08:54:01Z
DraftKings,player_rebounds,Nikola Jokic,Over,12.5,-120,2025-11-29,2025-11-28T08:54:28Z
DraftKings,player_rebounds,Nikola Jokic,Under,12.5,-109,2025-11-29,2025-11-28T08:54:28Z
DraftKings,player_rebounds,Luke Kornet,Over,6.5,-114,2025-11-29,2025-11-28T08:54:28Z
DraftKings,player_rebounds,Luke Kornet,Under,6.5,-115,2025-11-29,2025-11-28T08:54:28Z
DraftKings,player_rebounds,Keldon Johnson,Over,6.5,100,2025-11-29,2025-11-28T08:54:28Z
DraftKings,player_rebounds,Keldon Johnson,Under,6.5,-132,2025-11-29,2025-11-28T08:54:28Z
DraftKings,player_rebounds,Peyton Watson,Over,6.5,107,2025-11-29,2025-11-28T08:54:28Z
DraftKings,player_rebounds,Peyton Watson,Under,6.5,-141,2025-11-29,2025-11-28T08:54:28Z
DraftKings,player_rebounds,Julian Champagnie,Over,5.5,118,2025-11-29,2025-11-28T08:54:28Z
DraftKings,player_rebounds,Julian Champagnie,Under,5.5,-156,2025-11-29,2025-11-28T08:54:28Z
DraftKings,player_rebounds,Jonas Valanciunas,Over,4.5,-135,2025-11-29,2025-11-28T08:54:28Z
DraftKings,player_rebounds,Jonas Valanciunas,Under,4.5,102,2025-11-29,2025-11-28T08:54:28Z
DraftKings,player_rebounds,Cameron Johnson,Over,3.5,-160,2025-11-29,2025-11-28T08:54:28Z
DraftKings,player_rebounds,Cameron Johnson,Under,3.5,121,2025-11-29,2025-11-28T08:54:28Z
DraftKings,player_rebounds,Jamal Murray,Over,3.5,-157,2025-11-29,2025-11-28T08:54:28Z
DraftKings,player_rebounds,Jamal Murray,Under,3.5,119,2025-11-29,2025-11-28T08:54:28Z
DraftKings,player_rebounds,Harrison Barnes,Over,3.5,-152,2025-11-29,2025-11-28T08:54:28Z
DraftKings,player_rebounds,Harrison Barnes,Under,3.5,116,2025-11-29,2025-11-28T08:54:28Z
DraftKings,player_rebounds,De'Aaron Fox,Over,3.5,-149,2025-11-29,2025-11-28T08:54:28Z
DraftKings,player_rebounds,De'Aaron Fox,Under,3.5,113,2025-11-29,2025-11-28T08:54:28Z
DraftKings,player_rebounds,Devin Vassell,Over,3.5,-140,2025-11-29,2025-11-28T08:54:28Z
DraftKings,player_rebounds,Devin Vassell,Under,3.5,106,2025-11-29,2025-11-28T08:54:28Z
DraftKings,player_rebounds,Bruce Brown,Over,3.5,-106,2025-11-29,2025-11-28T08:54:28Z
DraftKings,player_rebounds,Bruce Brown,Under,3.5,-124,2025-11-29,2025-11-28T08:54:28Z
DraftKings,player_rebounds,Kelly Olynyk,Over,2.5,-172,2025-11-29,2025-11-28T08:54:28Z
DraftKings,player_rebounds,Kelly Olynyk,Under,2.5,130,2025-11-29,2025-11-28T08:54:28Z
DraftKings,player_rebounds,Dylan Harper,Over,2.5,-121,2025-11-29,2025-11-28T08:54:28Z
DraftKings,player_rebounds,Dylan Harper,Under,2.5,-109,2025-11-29,2025-11-28T08:54:28Z
DraftKings,player_rebounds,Mark Williams,Over,8.5,-138,2025-11-29,2025-11-28T08:54:28Z
DraftKings,player_rebounds,Mark Williams,Under,8.5,105,2025-11-29,2025-11-28T08:54:28Z
DraftKings,player_rebounds,Isaiah Hartenstein,Over,8.5,-133,2025-11-29,2025-11-28T08:54:28Z
DraftKings,player_rebounds,Isaiah Hartenstein,Under,8.5,101,2025-11-29,2025-11-28T08:54:28Z
DraftKings,player_rebounds,Chet Holmgren,Over,7.5,-113,2025-11-29,2025-11-28T08:54:28Z
DraftKings,player_rebounds,Chet Holmgren,Under,7.5,-117,2025-11-29,2025-11-28T08:54:28Z
DraftKings,player_rebounds,Royce O'Neale,Over,5.5,112,2025-11-29,2025-11-28T08:54:28Z
DraftKings,player_rebounds,Royce O'Neale,Under,5.5,-147,2025-11-29,2025-11-28T08:54:28Z
DraftKings,player_rebounds,Shai Gilgeous-Alexander,Over,4.5,125,2025-11-29,2025-11-28T08:54:28Z
DraftKings,player_rebounds,Shai Gilgeous-Alexander,Under,4.5,-165,2025-11-29,2025-11-28T08:54:28Z
DraftKings,player_rebounds,Collin Gillespie,Over,3.5,-159,2025-11-29,2025-11-28T08:54:28Z
DraftKings,player_rebounds,Collin Gillespie,Under,3.5,120,2025-11-29,2025-11-28T08:54:28Z
DraftKings,player_rebounds,Devin Booker,Over,3.5,-141,2025-11-29,2025-11-28T08:54:28Z
DraftKings,player_rebounds,Devin Booker,Under,3.5,107,2025-11-29,2025-11-28T08:54:28Z
DraftKings,player_rebounds,Dillon Brooks,Over,3.5,103,2025-11-29,2025-11-28T08:54:28Z
DraftKings,player_rebounds,Dillon Brooks,Under,3.5,-135,2025-11-29,2025-11-28T08:54:28Z
DraftKings,player_rebounds,Luguentz Dort,Over,3.5,124,2025-11-29,2025-11-28T08:54:28Z
DraftKings,player_rebounds,Luguentz Dort,Under,3.5,-164,2025-11-29,2025-11-28T08:54:28Z
DraftKings,player_rebounds,Jalen Williams,Over,3.5,128,2025-11-29,2025-11-28T08:54:28Z
DraftKings,player_rebounds,Jalen Williams,Under,3.5,-170,2025-11-29,2025-11-28T08:54:28Z
DraftKings,player_rebounds,Ajay Mitchell,Over,2.5,-107,2025-11-29,2025-11-28T08:54:28Z
DraftKings,player_rebounds,Ajay Mitchell,Under,2.5,-123,2025-11-29,2025-11-28T08:54:28Z
DraftKings,player_rebounds,Cason Wallace,Over,2.5,-104,2025-11-29,2025-11-28T08:54:28Z
DraftKings,player_rebounds,Cason Wallace,Under,2.5,-126,2025-11-29,2025-11-28T08:54:28Z
DraftKings,player_rebounds,Alex Caruso,Over,2.5,118,2025-11-29,2025-11-28T08:54:28Z
DraftKings,player_rebounds,Alex Caruso,Under,2.5,-156,2025-11-29,2025-11-28T08:54:28Z
DraftKings,player_rebounds,Jusuf Nurkic,Over,10.5,-123,2025-11-29,2025-11-28T08:54:36Z
DraftKings,player_rebounds,Jusuf Nurkic,Under,10.5,-107,2025-11-29,2025-11-28T08:54:36Z
DraftKings,player_rebounds,Russell Westbrook,Over,7.5,101,2025-11-29,2025-11-28T08:54:36Z
DraftKings,player_rebounds,Russell Westbrook,Under,7.5,-134,2025-11-29,2025-11-28T08:54:36Z
DraftKings,player_rebounds,Keegan Murray,Over,6.5,-109,2025-11-29,2025-11-28T08:54:36Z
DraftKings,player_rebounds,Keegan Murray,Under,6.5,-121,2025-11-29,2025-11-28T08:54:36Z
DraftKings,player_rebounds,Kyle Filipowski,Over,6.5,101,2025-11-29,2025-11-28T08:54:36Z
DraftKings,player_rebounds,Kyle Filipowski,Under,6.5,-133,2025-11-29,2025-11-28T08:54:36Z
DraftKings,player_rebounds,Lauri Markkanen,Over,6.5,107,2025-11-29,2025-11-28T08:54:36Z
DraftKings,player_rebounds,Lauri Markkanen,Under,6.5,-141,2025-11-29,2025-11-28T08:54:36Z
DraftKings,player_rebounds,Precious Achiuwa,Over,5.5,-112,2025-11-29,2025-11-28T08:54:36Z
DraftKings,player_rebounds,Precious Achiuwa,Under,5.5,-118,2025-11-29,2025-11-28T08:54:36Z
DraftKings,player_rebounds,Ace Bailey,Over,4.5,-104,2025-11-29,2025-11-28T08:54:36Z
DraftKings,player_rebounds,Ace Bailey,Under,4.5,-126,2025-11-29,2025-11-28T08:54:36Z
DraftKings,player_rebounds,Drew Eubanks,Over,4.5,108,2025-11-29,2025-11-28T08:54:36Z
DraftKings,player_rebounds,Drew Eubanks,Under,4.5,-143,2025-11-29,2025-11-28T08:54:36Z
DraftKings,player_rebounds,Keyonte George,Over,4.5,108,2025-11-29,2025-11-28T08:54:36Z
DraftKings,player_rebounds,Keyonte George,Under,4.5,-143,2025-11-29,2025-11-28T08:54:36Z
DraftKings,player_rebounds,DeMar DeRozan,Over,3.5,102,2025-11-29,2025-11-28T08:54:36Z
DraftKings,player_rebounds,DeMar DeRozan,Under,3.5,-134,2025-11-29,2025-11-28T08:54:36Z
DraftKings,player_rebounds,Zach LaVine,Over,3.5,125,2025-11-29,2025-11-28T08:54:36Z
DraftKings,player_rebounds,Zach LaVine,Under,3.5,-166,2025-11-29,2025-11-28T08:54:36Z
DraftKings,player_rebounds,Isaiah Collier,Over,2.5,-163,2025-11-29,2025-11-28T08:54:36Z
DraftKings,player_rebounds,Isaiah Collier,Under,2.5,124,2025-11-29,2025-11-28T08:54:36Z
DraftKings,player_rebounds,Brice Sensabaugh,Over,2.5,-148,2025-11-29,2025-11-28T08:54:36Z
DraftKings,player_rebounds,Brice Sensabaugh,Under,2.5,112,2025-11-29,2025-11-28T08:54:36Z
DraftKings,player_rebounds,Dennis Schroder,Over,2.5,-129,2025-11-29,2025-11-28T08:54:36Z
DraftKings,player_rebounds,Dennis Schroder,Under,2.5,-102,2025-11-29,2025-11-28T08:54:36Z
DraftKings,player_rebounds,Svi Mykhailiuk,Over,2.5,-127,2025-11-29,2025-11-28T08:54:36Z
DraftKings,player_rebounds,Svi Mykhailiuk,Under,2.5,-104,2025-11-29,2025-11-28T08:54:36Z
DraftKings,player_rebounds,Anthony Davis,Over,9.5,-112,2025-11-29,2025-11-28T08:54:21Z
DraftKings,player_rebounds,Anthony Davis,Under,9.5,-118,2025-11-29,2025-11-28T08:54:21Z
DraftKings,player_rebounds,Deandre Ayton,Over,8.5,-146,2025-11-29,2025-11-28T08:54:21Z
DraftKings,player_rebounds,Deandre Ayton,Under,8.5,111,2025-11-29,2025-11-28T08:54:21Z
DraftKings,player_rebounds,Luka Doncic,Over,7.5,-147,2025-11-29,2025-11-28T08:54:21Z
DraftKings,player_rebounds,Luka Doncic,Under,7.5,112,2025-11-29,2025-11-28T08:54:21Z
DraftKings,player_rebounds,Daniel Gafford,Over,6.5,-129,2025-11-29,2025-11-28T08:54:21Z
DraftKings,player_rebounds,Daniel Gafford,Under,6.5,-102,2025-11-29,2025-11-28T08:54:21Z
DraftKings,player_rebounds,LeBron James,Over,6.5,-111,2025-11-29,2025-11-28T08:54:21Z
DraftKings,player_rebounds,LeBron James,Under,6.5,-118,2025-11-29,2025-11-28T08:54:21Z
DraftKings,player_rebounds,P.J. Washington,Over,6.5,109,2025-11-29,2025-11-28T08:54:21Z
DraftKings,player_rebounds,P.J. Washington,Under,6.5,-143,2025-11-29,2025-11-28T08:54:21Z
DraftKings,player_rebounds,Cooper Flagg,Over,6.5,110,2025-11-29,2025-11-28T08:54:21Z
DraftKings,player_rebounds,Cooper Flagg,Under,6.5,-146,2025-11-29,2025-11-28T08:54:21Z
DraftKings,player_rebounds,Austin Reaves,Over,4.5,-111,2025-11-29,2025-11-28T08:54:21Z
DraftKings,player_rebounds,Austin Reaves,Under,4.5,-118,2025-11-29,2025-11-28T08:54:21Z
DraftKings,player_rebounds,Naji Marshall,Over,4.5,121,2025-11-29,2025-11-28T08:54:21Z
DraftKings,player_rebounds,Naji Marshall,Under,4.5,-160,2025-11-29,2025-11-28T08:54:21Z
DraftKings,player_rebounds,Rui Hachimura,Over,3.5,104,2025-11-29,2025-11-28T08:54:21Z
DraftKings,player_rebounds,Rui Hachimura,Under,3.5,-137,2025-11-29,2025-11-28T08:54:21Z
DraftKings,player_rebounds,Max Christie,Over,3.5,128,2025-11-29,2025-11-28T08:54:21Z
DraftKings,player_rebounds,Max Christie,Under,3.5,-169,2025-11-29,2025-11-28T08:54:21Z
DraftKings,player_rebounds,Jake LaRavia,Over,2.5,-106,2025-11-29,2025-11-28T08:54:21Z
DraftKings,player_rebounds,Jake LaRavia,Under,2.5,-124,2025-11-29,2025-11-28T08:54:21Z
DraftKings,player_rebounds,Ivica Zubac,Over,11.5,-125,2025-11-29,2025-11-28T08:54:22Z
DraftKings,player_rebounds,Ivica Zubac,Under,11.5,-105,2025-11-29,2025-11-28T08:54:22Z
DraftKings,player_rebounds,Zach Edey,Over,10.5,-117,2025-11-29,2025-11-28T08:54:22Z
DraftKings,player_rebounds,Zach Edey,Under,10.5,-112,2025-11-29,2025-11-28T08:54:22Z
DraftKings,player_rebounds,Santi Aldama,Over,5.5,-120,2025-11-29,2025-11-28T08:54:22Z
DraftKings,player_rebounds,Santi Aldama,Under,5.5,-109,2025-11-29,2025-11-28T08:54:22Z
DraftKings,player_rebounds,Cedric Coward,Over,5.5,101,2025-11-29,2025-11-28T08:54:22Z
DraftKings,player_rebounds,Cedric Coward,Under,5.5,-133,2025-11-29,2025-11-28T08:54:22Z
DraftKings,player_rebounds,John Collins,Over,5.5,102,2025-11-29,2025-11-28T08:54:22Z
DraftKings,player_rebounds,John Collins,Under,5.5,-134,2025-11-29,2025-11-28T08:54:22Z
DraftKings,player_rebounds,James Harden,Over,5.5,106,2025-11-29,2025-11-28T08:54:22Z
DraftKings,player_rebounds,James Harden,Under,5.5,-139,2025-11-29,2025-11-28T08:54:22Z
DraftKings,player_rebounds,Jaren Jackson Jr,Over,4.5,-154,2025-11-29,2025-11-28T08:54:22Z
DraftKings,player_rebounds,Jaren Jackson Jr,Under,4.5,117,2025-11-29,2025-11-28T08:54:22Z
DraftKings,player_rebounds,Kawhi Leonard,Over,4.5,-147,2025-11-29,2025-11-28T08:54:22Z
DraftKings,player_rebounds,Kawhi Leonard,Under,4.5,111,2025-11-29,2025-11-28T08:54:22Z
DraftKings,player_rebounds,Vincent Williams Jr,Over,4.5,-144,2025-11-29,2025-11-28T08:54:22Z
DraftKings,player_rebounds,Vincent Williams Jr,Under,4.5,110,2025-11-29,2025-11-28T08:54:22Z
DraftKings,player_rebounds,Jock Landale,Over,4.5,118,2025-11-29,2025-11-28T08:54:22Z
DraftKings,player_rebounds,Jock Landale,Under,4.5,-156,2025-11-29,2025-11-28T08:54:22Z
DraftKings,player_rebounds,Jaylen Wells,Over,2.5,-171,2025-11-29,2025-11-28T08:54:22Z
DraftKings,player_rebounds,Jaylen Wells,Under,2.5,129,2025-11-29,2025-11-28T08:54:22Z
DraftKings,player_rebounds,Kris Dunn,Over,2.5,-156,2025-11-29,2025-11-28T08:54:22Z
DraftKings,player_rebounds,Kris Dunn,Under,2.5,118,2025-11-29,2025-11-28T08:54:22Z
BetOnline.ag,player_rebounds,Darius Garland,Over,2.5,112,2025-11-29,2025-11-28T08:54:03Z
BetOnline.ag,player_rebounds,Darius Garland,Under,2.5,-145,2025-11-29,2025-11-28T08:54:03Z
BetOnline.ag,player_rebounds,Onyeka Okongwu,Over,5.5,-145,2025-11-29,2025-11-28T08:54:03Z
BetOnline.ag,player_rebounds,Onyeka Okongwu,Under,5.5,111,2025-11-29,2025-11-28T08:54:03Z
BetOnline.ag,player_rebounds,Evan Mobley,Over,8.5,-127,2025-11-29,2025-11-28T08:54:03Z
BetOnline.ag,player_rebounds,Evan Mobley,Under,8.5,-102,2025-11-29,2025-11-28T08:54:03Z
BetOnline.ag,player_rebounds,Jalen Johnson,Over,9.5,-108,2025-11-29,2025-11-28T08:54:03Z
BetOnline.ag,player_rebounds,Jalen Johnson,Under,9.5,-120,2025-11-29,2025-11-28T08:54:03Z
BetOnline.ag,player_rebounds,De'Andre Hunter,Over,4.5,-105,2025-11-29,2025-11-28T08:54:03Z
BetOnline.ag,player_rebounds,De'Andre Hunter,Under,4.5,-123,2025-11-29,2025-11-28T08:54:03Z
BetOnline.ag,player_rebounds,Zaccharie Risacher,Over,2.5,-169,2025-11-29,2025-11-28T08:54:03Z
BetOnline.ag,player_rebounds,Zaccharie Risacher,Under,2.5,130,2025-11-29,2025-11-28T08:54:03Z
BetOnline.ag,player_rebounds,Dyson Daniels,Over,5.5,-147,2025-11-29,2025-11-28T08:54:03Z
BetOnline.ag,player_rebounds,Dyson Daniels,Under,5.5,113,2025-11-29,2025-11-28T08:54:03Z
BetOnline.ag,player_rebounds,Donovan Mitchell,Over,4.5,-115,2025-11-29,2025-11-28T08:54:03Z
BetOnline.ag,player_rebounds,Donovan Mitchell,Under,4.5,-112,2025-11-29,2025-11-28T08:54:03Z
BetOnline.ag,player_rebounds,Nickeil Alexander-Walker,Over,3.5,115,2025-11-29,2025-11-28T08:54:03Z
BetOnline.ag,player_rebounds,Nickeil Alexander-Walker,Under,3.5,-149,2025-11-29,2025-11-28T08:54:03Z
BetOnline.ag,player_rebounds,Jarrett Allen,Over,8.5,109,2025-11-29,2025-11-28T08:54:03Z
BetOnline.ag,player_rebounds,Jarrett Allen,Under,8.5,-141,2025-11-29,2025-11-28T08:54:03Z
BetOnline.ag,player_rebounds,Kristaps Porzingis,Over,6.5,104,2025-11-29,2025-11-28T08:54:03Z
BetOnline.ag,player_rebounds,Kristaps Porzingis,Under,6.5,-135,2025-11-29,2025-11-28T08:54:03Z
BetOnline.ag,player_rebounds,Jaylon Tyson,Over,3.5,-130,2025-11-29,2025-11-28T08:54:03Z
BetOnline.ag,player_rebounds,Jaylon Tyson,Under,3.5,101,2025-11-29,2025-11-28T08:54:03Z
BetOnline.ag,player_rebounds,Lonzo Ball,Over,3.5,-118,2025-11-29,2025-11-28T08:54:03Z
BetOnline.ag,player_rebounds,Lonzo Ball,Under,3.5,-110,2025-11-29,2025-11-28T08:54:03Z
BetOnline.ag,player_rebounds,Luke Kennard,Over,1.5,-154,2025-11-29,2025-11-28T08:54:03Z
BetOnline.ag,player_rebounds,Luke Kennard,Under,1.5,118,2025-11-29,2025-11-28T08:54:03Z
BetOnline.ag,player_rebounds,Vit Krejci,Over,2.5,136,2025-11-29,2025-11-28T08:54:03Z
BetOnline.ag,player_rebounds,Vit Krejci,Under,2.5,-179,2025-11-29,2025-11-28T08:54:03Z
BetOnline.ag,player_rebounds,Tyrese Maxey,Over,3.5,-145,2025-11-29,2025-11-28T08:54:10Z
BetOnline.ag,player_rebounds,Tyrese Maxey,Under,3.5,111,2025-11-29,2025-11-28T08:54:10Z
BetOnline.ag,player_rebounds,Egor Demin,Over,3.5,-130,2025-11-29,2025-11-28T08:54:10Z
BetOnline.ag,player_rebounds,Egor Demin,Under,3.5,101,2025-11-29,2025-11-28T08:54:10Z
BetOnline.ag,player_rebounds,Paul George,Over,4.5,-141,2025-11-29,2025-11-28T08:54:10Z
BetOnline.ag,player_rebounds,Paul George,Under,4.5,109,2025-11-29,2025-11-28T08:54:10Z
BetOnline.ag,player_rebounds,Terance Mann,Over,3.5,-143,2025-11-29,2025-11-28T08:54:10Z
BetOnline.ag,player_rebounds,Terance Mann,Under,3.5,110,2025-11-29,2025-11-28T08:54:10Z
BetOnline.ag,player_rebounds,Noah Clowney,Over,4.5,-156,2025-11-29,2025-11-28T08:54:10Z
BetOnline.ag,player_rebounds,Noah Clowney,Under,4.5,120,2025-11-29,2025-11-28T08:54:10Z
BetOnline.ag,player_rebounds,Justin Edwards,Over,3.5,-135,2025-11-29,2025-11-28T08:54:10Z
BetOnline.ag,player_rebounds,Justin Edwards,Under,3.5,104,2025-11-29,2025-11-28T08:54:10Z
BetOnline.ag,player_rebounds,Tyrese Martin,Over,3.5,-118,2025-11-29,2025-11-28T08:54:10Z
BetOnline.ag,player_rebounds,Tyrese Martin,Under,3.5,-110,2025-11-29,2025-11-28T08:54:10Z
BetOnline.ag,player_rebounds,Quentin Grimes,Over,3.5,-119,2025-11-29,2025-11-28T08:54:10Z
BetOnline.ag,player_rebounds,Quentin Grimes,Under,3.5,-109,2025-11-29,2025-11-28T08:54:10Z
BetOnline.ag,player_rebounds,Andre Drummond,Over,12.5,-115,2025-11-29,2025-11-28T08:54:10Z
BetOnline.ag,player_rebounds,Andre Drummond,Under,12.5,-112,2025-11-29,2025-11-28T08:54:10Z
BetOnline.ag,player_rebounds,Jared McCain,Over,2.5,102,2025-11-29,2025-11-28T08:54:10Z
BetOnline.ag,player_rebounds,Jared McCain,Under,2.5,-132,2025-11-29,2025-11-28T08:54:10Z
BetOnline.ag,player_rebounds,Day'Ron Sharpe,Over,6.5,-133,2025-11-29,2025-11-28T08:54:10Z
BetOnline.ag,player_rebounds,Day'Ron Sharpe,Under,6.5,103,2025-11-29,2025-11-28T08:54:10Z
BetOnline.ag,player_rebounds,Nicolas Claxton,Over,9.5,107,2025-11-29,2025-11-28T08:54:10Z
BetOnline.ag,player_rebounds,Nicolas Claxton,Under,9.5,-139,2025-11-29,2025-11-28T08:54:10Z
BetOnline.ag,player_rebounds,Drake Powell,Over,2.5,-147,2025-11-29,2025-11-28T08:54:10Z
BetOnline.ag,player_rebounds,Drake Powell,Under,2.5,113,2025-11-29,2025-11-28T08:54:10Z
BetOnline.ag,player_rebounds,Miles Bridges,Over,6.5,-111,2025-11-29,2025-11-28T08:53:16Z
BetOnline.ag,player_rebounds,Miles Bridges,Under,6.5,-116,2025-11-29,2025-11-28T08:53:16Z
BetOnline.ag,player_rebounds,Coby White,Over,3.5,128,2025-11-29,2025-11-28T08:53:16Z
BetOnline.ag,player_rebounds,Coby White,Under,3.5,-167,2025-11-29,2025-11-28T08:53:16Z
BetOnline.ag,player_rebounds,LaMelo Ball,Over,5.5,120,2025-11-29,2025-11-28T08:53:16Z
BetOnline.ag,player_rebounds,LaMelo Ball,Under,5.5,-156,2025-11-29,2025-11-28T08:53:16Z
BetOnline.ag,player_rebounds,Ayo Dosunmu,Over,2.5,-167,2025-11-29,2025-11-28T08:53:16Z
BetOnline.ag,player_rebounds,Ayo Dosunmu,Under,2.5,128,2025-11-29,2025-11-28T08:53:16Z
BetOnline.ag,player_rebounds,Brandon Miller,Over,3.5,-154,2025-11-29,2025-11-28T08:53:16Z
BetOnline.ag,player_rebounds,Brandon Miller,Under,3.5,118,2025-11-29,2025-11-28T08:53:16Z
BetOnline.ag,player_rebounds,Kon Knueppel,Over,5.5,106,2025-11-29,2025-11-28T08:53:16Z
BetOnline.ag,player_rebounds,Kon Knueppel,Under,5.5,-137,2025-11-29,2025-11-28T08:53:16Z
BetOnline.ag,player_rebounds,Ryan Kalkbrenner,Over,6.5,-137,2025-11-29,2025-11-28T08:53:16Z
BetOnline.ag,player_rebounds,Ryan Kalkbrenner,Under,6.5,106,2025-11-29,2025-11-28T08:53:16Z
BetOnline.ag,player_rebounds,Matas Buzelis,Over,5.5,122,2025-11-29,2025-11-28T08:53:16Z
BetOnline.ag,player_rebounds,Matas Buzelis,Under,5.5,-159,2025-11-29,2025-11-28T08:53:16Z
BetOnline.ag,player_rebounds,Josh Giddey,Over,9.5,-106,2025-11-29,2025-11-28T08:53:16Z
BetOnline.ag,player_rebounds,Josh Giddey,Under,9.5,-122,2025-11-29,2025-11-28T08:53:16Z
BetOnline.ag,player_rebounds,Nikola Vucevic,Over,9.5,-132,2025-11-29,2025-11-28T08:53:16Z
BetOnline.ag,player_rebounds,Nikola Vucevic,Under,9.5,102,2025-11-29,2025-11-28T08:53:16Z
BetOnline.ag,player_rebounds,Isaac Okoro,Over,2.5,-135,2025-11-29,2025-11-28T08:53:16Z
BetOnline.ag,player_rebounds,Isaac Okoro,Under,2.5,104,2025-11-29,2025-11-28T08:53:16Z
BetOnline.ag,player_rebounds,Moussa Diabate,Over,7.5,110,2025-11-29,2025-11-28T08:53:16Z
BetOnline.ag,player_rebounds,Moussa Diabate,Under,7.5,-143,2025-11-29,2025-11-28T08:53:16Z
BetOnline.ag,player_rebounds,Collin Sexton,Over,1.5,-192,2025-11-29,2025-11-28T08:53:16Z
BetOnline.ag,player_rebounds,Collin Sexton,Under,1.5,146,2025-11-29,2025-11-28T08:53:16Z
BetOnline.ag,player_rebounds,Kevin Huerter,Over,2.5,-145,2025-11-29,2025-11-28T08:53:16Z
BetOnline.ag,player_rebounds,Kevin Huerter,Under,2.5,111,2025-11-29,2025-11-28T08:53:16Z
BetOnline.ag,player_rebounds,Sion James,Over,2.5,103,2025-11-29,2025-11-28T08:53:16Z
BetOnline.ag,player_rebounds,Sion James,Under,2.5,-133,2025-11-29,2025-11-28T08:53:16Z
BetOnline.ag,player_rebounds,Tobias Harris,Over,4.5,115,2025-11-29,2025-11-28T08:54:36Z
BetOnline.ag,player_rebounds,Tobias Harris,Under,4.5,-149,2025-11-29,2025-11-28T08:54:36Z
BetOnline.ag,player_rebounds,Wendell Carter Jr,Over,7.5,-103,2025-11-29,2025-11-28T08:54:36Z
BetOnline.ag,player_rebounds,Wendell Carter Jr,Under,7.5,-125,2025-11-29,2025-11-28T08:54:36Z
BetOnline.ag,player_rebounds,Isaiah Stewart II,Over,5.5,-114,2025-11-29,2025-11-28T08:54:36Z
BetOnline.ag,player_rebounds,Isaiah Stewart II,Under,5.5,-114,2025-11-29,2025-11-28T08:54:36Z
BetOnline.ag,player_rebounds,Franz Wagner,Over,5.5,-128,2025-11-29,2025-11-28T08:54:36Z
BetOnline.ag,player_rebounds,Franz Wagner,Under,5.5,-101,2025-11-29,2025-11-28T08:54:36Z
BetOnline.ag,player_rebounds,Cade Cunningham,Over,5.5,-133,2025-11-29,2025-11-28T08:54:36Z
BetOnline.ag,player_rebounds,Cade Cunningham,Under,5.5,103,2025-11-29,2025-11-28T08:54:36Z
BetOnline.ag,player_rebounds,Jaden Ivey,Over,2.5,-164,2025-11-29,2025-11-28T08:54:36Z
BetOnline.ag,player_rebounds,Jaden Ivey,Under,2.5,126,2025-11-29,2025-11-28T08:54:36Z
BetOnline.ag,player_rebounds,Jalen Duren,Over,11.5,-123,2025-11-29,2025-11-28T08:54:36Z
BetOnline.ag,player_rebounds,Jalen Duren,Under,11.5,-105,2025-11-29,2025-11-28T08:54:36Z
BetOnline.ag,player_rebounds,Jalen Suggs,Over,3.5,-130,2025-11-29,2025-11-28T08:54:36Z
BetOnline.ag,player_rebounds,Jalen Suggs,Under,3.5,100,2025-11-29,2025-11-28T08:54:36Z
BetOnline.ag,player_rebounds,Tristan da Silva,Over,4.5,113,2025-11-29,2025-11-28T08:54:36Z
BetOnline.ag,player_rebounds,Tristan da Silva,Under,4.5,-147,2025-11-29,2025-11-28T08:54:36Z
BetOnline.ag,player_rebounds,Goga Bitadze,Over,4.5,-154,2025-11-29,2025-11-28T08:54:36Z
BetOnline.ag,player_rebounds,Goga Bitadze,Under,4.5,119,2025-11-29,2025-11-28T08:54:36Z
BetOnline.ag,player_rebounds,Ausar Thompson,Over,4.5,-135,2025-11-29,2025-11-28T08:54:36Z
BetOnline.ag,player_rebounds,Ausar Thompson,Under,4.5,105,2025-11-29,2025-11-28T08:54:36Z
BetOnline.ag,player_rebounds,Desmond Bane,Over,4.5,110,2025-11-29,2025-11-28T08:54:36Z
BetOnline.ag,player_rebounds,Desmond Bane,Under,4.5,-143,2025-11-29,2025-11-28T08:54:36Z
BetOnline.ag,player_rebounds,Duncan Robinson,Over,2.5,-127,2025-11-29,2025-11-28T08:54:36Z
BetOnline.ag,player_rebounds,Duncan Robinson,Under,2.5,-102,2025-11-29,2025-11-28T08:54:36Z
BetOnline.ag,player_rebounds,Caris LeVert,Over,2.5,134,2025-11-29,2025-11-28T08:54:36Z
BetOnline.ag,player_rebounds,Caris LeVert,Under,2.5,-175,2025-11-29,2025-11-28T08:54:36Z
BetOnline.ag,player_rebounds,Anthony Black,Over,3.5,128,2025-11-29,2025-11-28T08:54:36Z
BetOnline.ag,player_rebounds,Anthony Black,Under,3.5,-167,2025-11-29,2025-11-28T08:54:36Z
BetOnline.ag,player_rebounds,Bennedict Mathurin,Over,5.5,-116,2025-11-29,2025-11-28T08:52:40Z
BetOnline.ag,player_rebounds,Bennedict Mathurin,Under,5.5,-111,2025-11-29,2025-11-28T08:52:40Z
BetOnline.ag,player_rebounds,Isaiah Jackson,Over,5.5,-147,2025-11-29,2025-11-28T08:52:40Z
BetOnline.ag,player_rebounds,Isaiah Jackson,Under,5.5,113,2025-11-29,2025-11-28T08:52:40Z
BetOnline.ag,player_rebounds,Bilal Coulibaly,Over,4.5,103,2025-11-29,2025-11-28T08:52:40Z
BetOnline.ag,player_rebounds,Bilal Coulibaly,Under,4.5,-133,2025-11-29,2025-11-28T08:52:40Z
BetOnline.ag,player_rebounds,Andrew Nembhard,Over,2.5,-116,2025-11-29,2025-11-28T08:52:40Z
BetOnline.ag,player_rebounds,Andrew Nembhard,Under,2.5,-111,2025-11-29,2025-11-28T08:52:40Z
BetOnline.ag,player_rebounds,Pascal Siakam,Over,7.5,113,2025-11-29,2025-11-28T08:52:40Z
BetOnline.ag,player_rebounds,Pascal Siakam,Under,7.5,-147,2025-11-29,2025-11-28T08:52:40Z
BetOnline.ag,player_rebounds,Khris Middleton,Over,3.5,-143,2025-11-29,2025-11-28T08:52:40Z
BetOnline.ag,player_rebounds,Khris Middleton,Under,3.5,110,2025-11-29,2025-11-28T08:52:40Z
BetOnline.ag,player_rebounds,C.J. McCollum,Over,3.5,-106,2025-11-29,2025-11-28T08:52:40Z
BetOnline.ag,player_rebounds,C.J. McCollum,Under,3.5,-122,2025-11-29,2025-11-28T08:52:40Z
BetOnline.ag,player_rebounds,Kyshawn George,Over,6.5,115,2025-11-29,2025-11-28T08:52:40Z
BetOnline.ag,player_rebounds,Kyshawn George,Under,6.5,-149,2025-11-29,2025-11-28T08:52:40Z
BetOnline.ag,player_rebounds,Jarace Walker,Over,5.5,110,2025-11-29,2025-11-28T08:52:40Z
BetOnline.ag,player_rebounds,Jarace Walker,Under,5.5,-143,2025-11-29,2025-11-28T08:52:40Z
BetOnline.ag,player_rebounds,Ben Sheppard,Over,3.5,-161,2025-11-29,2025-11-28T08:52:40Z
BetOnline.ag,player_rebounds,Ben Sheppard,Under,3.5,123,2025-11-29,2025-11-28T08:52:40Z
BetOnline.ag,player_rebounds,Carlton Carrington,Over,3.5,-112,2025-11-29,2025-11-28T08:52:40Z
BetOnline.ag,player_rebounds,Carlton Carrington,Under,3.5,-115,2025-11-29,2025-11-28T08:52:40Z
BetOnline.ag,player_rebounds,Jay Huff,Over,4.5,-137,2025-11-29,2025-11-28T08:52:40Z
BetOnline.ag,player_rebounds,Jay Huff,Under,4.5,106,2025-11-29,2025-11-28T08:52:40Z
BetOnline.ag,player_rebounds,T.J. McConnell,Over,3.5,103,2025-11-29,2025-11-28T08:52:40Z
BetOnline.ag,player_rebounds,T.J. McConnell,Under,3.5,-133,2025-11-29,2025-11-28T08:52:40Z
BetOnline.ag,player_rebounds,Alex Sarr,Over,9.5,102,2025-11-29,2025-11-28T08:52:40Z
BetOnline.ag,player_rebounds,Alex Sarr,Under,9.5,-132,2025-11-29,2025-11-28T08:52:40Z
BetOnline.ag,player_rebounds,Justin Champagnie,Over,4.5,-135,2025-11-29,2025-11-28T08:52:40Z
BetOnline.ag,player_rebounds,Justin Champagnie,Under,4.5,105,2025-11-29,2025-11-28T08:52:40Z
BetOnline.ag,player_rebounds,Giannis Antetokounmpo,Over,9.5,-141,2025-11-29,2025-11-28T08:54:49Z
BetOnline.ag,player_rebounds,Giannis Antetokounmpo,Under,9.5,109,2025-11-29,2025-11-28T08:54:49Z
BetOnline.ag,player_rebounds,Miles McBride,Over,2.5,-116,2025-11-29,2025-11-28T08:54:49Z
BetOnline.ag,player_rebounds,Miles McBride,Under,2.5,-111,2025-11-29,2025-11-28T08:54:49Z
BetOnline.ag,player_rebounds,Jalen Brunson,Over,3.5,124,2025-11-29,2025-11-28T08:54:49Z
BetOnline.ag,player_rebounds,Jalen Brunson,Under,3.5,-161,2025-11-29,2025-11-28T08:54:49Z
BetOnline.ag,player_rebounds,Ryan Rollins,Over,3.5,-106,2025-11-29,2025-11-28T08:54:49Z
BetOnline.ag,player_rebounds,Ryan Rollins,Under,3.5,-122,2025-11-29,2025-11-28T08:54:49Z
BetOnline.ag,player_rebounds,A.J. Green,Over,2.5,141,2025-11-29,2025-11-28T08:54:49Z
BetOnline.ag,player_rebounds,A.J. Green,Under,2.5,-185,2025-11-29,2025-11-28T08:54:49Z
BetOnline.ag,player_rebounds,Josh Hart,Over,8.5,104,2025-11-29,2025-11-28T08:54:49Z
BetOnline.ag,player_rebounds,Josh Hart,Under,8.5,-135,2025-11-29,2025-11-28T08:54:49Z
BetOnline.ag,player_rebounds,Kyle Kuzma,Over,4.5,112,2025-11-29,2025-11-28T08:54:49Z
BetOnline.ag,player_rebounds,Kyle Kuzma,Under,4.5,-145,2025-11-29,2025-11-28T08:54:49Z
BetOnline.ag,player_rebounds,Karl-Anthony Towns,Over,11.5,-115,2025-11-29,2025-11-28T08:54:49Z
BetOnline.ag,player_rebounds,Karl-Anthony Towns,Under,11.5,-112,2025-11-29,2025-11-28T08:54:49Z
BetOnline.ag,player_rebounds,Mikal Bridges,Over,3.5,-149,2025-11-29,2025-11-28T08:54:49Z
BetOnline.ag,player_rebounds,Mikal Bridges,Under,3.5,115,2025-11-29,2025-11-28T08:54:49Z
BetOnline.ag,player_rebounds,Myles Turner,Over,6.5,122,2025-11-29,2025-11-28T08:54:49Z
BetOnline.ag,player_rebounds,Myles Turner,Under,6.5,-159,2025-11-29,2025-11-28T08:54:49Z
BetOnline.ag,player_rebounds,Mitchell Robinson,Over,6.5,110,2025-11-29,2025-11-28T08:54:49Z
BetOnline.ag,player_rebounds,Mitchell Robinson,Under,6.5,-143,2025-11-29,2025-11-28T08:54:49Z
BetOnline.ag,player_rebounds,Jordan Clarkson,Over,2.5,134,2025-11-29,2025-11-28T08:54:49Z
BetOnline.ag,player_rebounds,Jordan Clarkson,Under,2.5,-175,2025-11-29,2025-11-28T08:54:49Z
BetOnline.ag,player_rebounds,Devin Vassell,Over,3.5,-135,2025-11-29,2025-11-28T08:54:07Z
BetOnline.ag,player_rebounds,Devin Vassell,Under,3.5,104,2025-11-29,2025-11-28T08:54:07Z
BetOnline.ag,player_rebounds,Keldon Johnson,Over,6.5,100,2025-11-29,2025-11-28T08:54:07Z
BetOnline.ag,player_rebounds,Keldon Johnson,Under,6.5,-130,2025-11-29,2025-11-28T08:54:07Z
BetOnline.ag,player_rebounds,Nikola Jokic,Over,12.5,-118,2025-11-29,2025-11-28T08:54:07Z
BetOnline.ag,player_rebounds,Nikola Jokic,Under,12.5,-110,2025-11-29,2025-11-28T08:54:07Z
BetOnline.ag,player_rebounds,Jamal Murray,Over,3.5,-159,2025-11-29,2025-11-28T08:54:07Z
BetOnline.ag,player_rebounds,Jamal Murray,Under,3.5,122,2025-11-29,2025-11-28T08:54:07Z
BetOnline.ag,player_rebounds,De'Aaron Fox,Over,3.5,-156,2025-11-29,2025-11-28T08:54:07Z
BetOnline.ag,player_rebounds,De'Aaron Fox,Under,3.5,120,2025-11-29,2025-11-28T08:54:07Z
BetOnline.ag,player_rebounds,Bruce Brown,Over,3.5,-103,2025-11-29,2025-11-28T08:54:07Z
BetOnline.ag,player_rebounds,Bruce Brown,Under,3.5,-125,2025-11-29,2025-11-28T08:54:07Z
BetOnline.ag,player_rebounds,Harrison Barnes,Over,3.5,-145,2025-11-29,2025-11-28T08:54:07Z
BetOnline.ag,player_rebounds,Harrison Barnes,Under,3.5,111,2025-11-29,2025-11-28T08:54:07Z
BetOnline.ag,player_rebounds,Jonas Valanciunas,Over,4.5,-135,2025-11-29,2025-11-28T08:54:07Z
BetOnline.ag,player_rebounds,Jonas Valanciunas,Under,4.5,104,2025-11-29,2025-11-28T08:54:07Z
BetOnline.ag,player_rebounds,Cameron Johnson,Over,4.5,126,2025-11-29,2025-11-28T08:54:07Z
BetOnline.ag,player_rebounds,Cameron Johnson,Under,4.5,-164,2025-11-29,2025-11-28T08:54:07Z
BetOnline.ag,player_rebounds,Luke Kornet,Over,6.5,-116,2025-11-29,2025-11-28T08:54:07Z
BetOnline.ag,player_rebounds,Luke Kornet,Under,6.5,-111,2025-11-29,2025-11-28T08:54:07Z
BetOnline.ag,player_rebounds,Peyton Watson,Over,6.5,113,2025-11-29,2025-11-28T08:54:07Z
BetOnline.ag,player_rebounds,Peyton Watson,Under,6.5,-147,2025-11-29,2025-11-28T08:54:07Z
BetOnline.ag,player_rebounds,Dylan Harper,Over,2.5,-127,2025-11-29,2025-11-28T08:54:07Z
BetOnline.ag,player_rebounds,Dylan Harper,Under,2.5,-102,2025-11-29,2025-11-28T08:54:07Z
BetOnline.ag,player_rebounds,Julian Champagnie,Over,5.5,110,2025-11-29,2025-11-28T08:54:07Z
BetOnline.ag,player_rebounds,Julian Champagnie,Under,5.5,-143,2025-11-29,2025-11-28T08:54:07Z
BetOnline.ag,player_rebounds,Kelly Olynyk,Over,3.5,134,2025-11-29,2025-11-28T08:54:07Z
BetOnline.ag,player_rebounds,Kelly Olynyk,Under,3.5,-175,2025-11-29,2025-11-28T08:54:07Z
BetOnline.ag,player_rebounds,Tim Hardaway Jr,Over,2.5,122,2025-11-29,2025-11-28T08:54:07Z
BetOnline.ag,player_rebounds,Tim Hardaway Jr,Under,2.5,-159,2025-11-29,2025-11-28T08:54:07Z
BetOnline.ag,player_rebounds,Devin Booker,Over,3.5,-147,2025-11-29,2025-11-28T08:54:45Z
BetOnline.ag,player_rebounds,Devin Booker,Under,3.5,114,2025-11-29,2025-11-28T08:54:45Z
BetOnline.ag,player_rebounds,Luguentz Dort,Over,3.5,122,2025-11-29,2025-11-28T08:54:45Z
BetOnline.ag,player_rebounds,Luguentz Dort,Under,3.5,-159,2025-11-29,2025-11-28T08:54:45Z
BetOnline.ag,player_rebounds,Chet Holmgren,Over,7.5,-112,2025-11-29,2025-11-28T08:54:45Z
BetOnline.ag,player_rebounds,Chet Holmgren,Under,7.5,-115,2025-11-29,2025-11-28T08:54:45Z
BetOnline.ag,player_rebounds,Shai Gilgeous-Alexander,Over,4.5,126,2025-11-29,2025-11-28T08:54:45Z
BetOnline.ag,player_rebounds,Shai Gilgeous-Alexander,Under,4.5,-164,2025-11-29,2025-11-28T08:54:45Z
BetOnline.ag,player_rebounds,Cason Wallace,Over,2.5,104,2025-11-29,2025-11-28T08:54:45Z
BetOnline.ag,player_rebounds,Cason Wallace,Under,2.5,-135,2025-11-29,2025-11-28T08:54:45Z
BetOnline.ag,player_rebounds,Royce O'Neale,Over,5.5,115,2025-11-29,2025-11-28T08:54:45Z
BetOnline.ag,player_rebounds,Royce O'Neale,Under,5.5,-149,2025-11-29,2025-11-28T08:54:45Z
BetOnline.ag,player_rebounds,Dillon Brooks,Over,3.5,-102,2025-11-29,2025-11-28T08:54:45Z
BetOnline.ag,player_rebounds,Dillon Brooks,Under,3.5,-127,2025-11-29,2025-11-28T08:54:45Z
BetOnline.ag,player_rebounds,Alex Caruso,Over,2.5,126,2025-11-29,2025-11-28T08:54:45Z
BetOnline.ag,player_rebounds,Alex Caruso,Under,2.5,-164,2025-11-29,2025-11-28T08:54:45Z
BetOnline.ag,player_rebounds,Mark Williams,Over,8.5,-133,2025-11-29,2025-11-28T08:54:45Z
BetOnline.ag,player_rebounds,Mark Williams,Under,8.5,103,2025-11-29,2025-11-28T08:54:45Z
BetOnline.ag,player_rebounds,Ajay Mitchell,Over,2.5,-101,2025-11-29,2025-11-28T08:54:45Z
BetOnline.ag,player_rebounds,Ajay Mitchell,Under,2.5,-128,2025-11-29,2025-11-28T08:54:45Z
BetOnline.ag,player_rebounds,Isaiah Joe,Over,2.5,139,2025-11-29,2025-11-28T08:54:45Z
BetOnline.ag,player_rebounds,Isaiah Joe,Under,2.5,-182,2025-11-29,2025-11-28T08:54:45Z
BetOnline.ag,player_rebounds,Jalen Williams,Over,3.5,132,2025-11-29,2025-11-28T08:54:45Z
BetOnline.ag,player_rebounds,Jalen Williams,Under,3.5,-172,2025-11-29,2025-11-28T08:54:45Z
BetOnline.ag,player_rebounds,Isaiah Hartenstein,Over,8.5,-128,2025-11-29,2025-11-28T08:54:45Z
BetOnline.ag,player_rebounds,Isaiah Hartenstein,Under,8.5,-101,2025-11-29,2025-11-28T08:54:45Z
BetOnline.ag,player_rebounds,Jordan Goodwin,Over,4.5,-159,2025-11-29,2025-11-28T08:54:45Z
BetOnline.ag,player_rebounds,Jordan Goodwin,Under,4.5,122,2025-11-29,2025-11-28T08:54:45Z
BetOnline.ag,player_rebounds,Oso Ighodaro,Over,2.5,-156,2025-11-29,2025-11-28T08:54:45Z
BetOnline.ag,player_rebounds,Oso Ighodaro,Under,2.5,120,2025-11-29,2025-11-28T08:54:45Z
BetOnline.ag,player_rebounds,Collin Gillespie,Over,3.5,-161,2025-11-29,2025-11-28T08:54:45Z
BetOnline.ag,player_rebounds,Collin Gillespie,Under,3.5,123,2025-11-29,2025-11-28T08:54:45Z
BetOnline.ag,player_rebounds,Keegan Murray,Over,6.5,-102,2025-11-29,2025-11-28T08:54:21Z
BetOnline.ag,player_rebounds,Keegan Murray,Under,6.5,-127,2025-11-29,2025-11-28T08:54:21Z
BetOnline.ag,player_rebounds,Isaiah Collier,Over,2.5,-156,2025-11-29,2025-11-28T08:54:21Z
BetOnline.ag,player_rebounds,Isaiah Collier,Under,2.5,120,2025-11-29,2025-11-28T08:54:21Z
BetOnline.ag,player_rebounds,Svi Mykhailiuk,Over,2.5,-119,2025-11-29,2025-11-28T08:54:21Z
BetOnline.ag,player_rebounds,Svi Mykhailiuk,Under,2.5,-109,2025-11-29,2025-11-28T08:54:21Z
BetOnline.ag,player_rebounds,DeMar DeRozan,Over,3.5,103,2025-11-29,2025-11-28T08:54:21Z
BetOnline.ag,player_rebounds,DeMar DeRozan,Under,3.5,-133,2025-11-29,2025-11-28T08:54:21Z
BetOnline.ag,player_rebounds,Ace Bailey,Over,4.5,104,2025-11-29,2025-11-28T08:54:21Z
BetOnline.ag,player_rebounds,Ace Bailey,Under,4.5,-135,2025-11-29,2025-11-28T08:54:21Z
BetOnline.ag,player_rebounds,Russell Westbrook,Over,7.5,-101,2025-11-29,2025-11-28T08:54:21Z
BetOnline.ag,player_rebounds,Russell Westbrook,Under,7.5,-128,2025-11-29,2025-11-28T08:54:21Z
BetOnline.ag,player_rebounds,Jusuf Nurkic,Over,10.5,-120,2025-11-29,2025-11-28T08:54:21Z
BetOnline.ag,player_rebounds,Jusuf Nurkic,Under,10.5,-108,2025-11-29,2025-11-28T08:54:21Z
BetOnline.ag,player_rebounds,Drew Eubanks,Over,4.5,104,2025-11-29,2025-11-28T08:54:21Z
BetOnline.ag,player_rebounds,Drew Eubanks,Under,4.5,-135,2025-11-29,2025-11-28T08:54:21Z
BetOnline.ag,player_rebounds,Dennis Schroder,Over,2.5,-130,2025-11-29,2025-11-28T08:54:21Z
BetOnline.ag,player_rebounds,Dennis Schroder,Under,2.5,100,2025-11-29,2025-11-28T08:54:21Z
BetOnline.ag,player_rebounds,Zach LaVine,Over,3.5,130,2025-11-29,2025-11-28T08:54:21Z
BetOnline.ag,player_rebounds,Zach LaVine,Under,3.5,-169,2025-11-29,2025-11-28T08:54:21Z
BetOnline.ag,player_rebounds,Kyle Filipowski,Over,6.5,103,2025-11-29,2025-11-28T08:54:21Z
BetOnline.ag,player_rebounds,Kyle Filipowski,Under,6.5,-133,2025-11-29,2025-11-28T08:54:21Z
BetOnline.ag,player_rebounds,Keyonte George,Over,4.5,118,2025-11-29,2025-11-28T08:54:21Z
BetOnline.ag,player_rebounds,Keyonte George,Under,4.5,-154,2025-11-29,2025-11-28T08:54:21Z
BetOnline.ag,player_rebounds,Lauri Markkanen,Over,6.5,110,2025-11-29,2025-11-28T08:54:21Z
BetOnline.ag,player_rebounds,Lauri Markkanen,Under,6.5,-143,2025-11-29,2025-11-28T08:54:21Z
BetOnline.ag,player_rebounds,Precious Achiuwa,Over,5.5,-111,2025-11-29,2025-11-28T08:54:21Z
BetOnline.ag,player_rebounds,Precious Achiuwa,Under,5.5,-116,2025-11-29,2025-11-28T08:54:21Z
BetOnline.ag,player_rebounds,Brice Sensabaugh,Over,2.5,-141,2025-11-29,2025-11-28T08:54:21Z
BetOnline.ag,player_rebounds,Brice Sensabaugh,Under,2.5,109,2025-11-29,2025-11-28T08:54:21Z
BetOnline.ag,player_rebounds,Malik Monk,Over,2.5,-141,2025-11-29,2025-11-28T08:54:21Z
BetOnline.ag,player_rebounds,Malik Monk,Under,2.5,108,2025-11-29,2025-11-28T08:54:21Z
BetOnline.ag,player_rebounds,LeBron James,Over,6.5,100,2025-11-29,2025-11-28T08:54:15Z
BetOnline.ag,player_rebounds,LeBron James,Under,6.5,-130,2025-11-29,2025-11-28T08:54:15Z
BetOnline.ag,player_rebounds,Rui Hachimura,Over,3.5,103,2025-11-29,2025-11-28T08:54:15Z
BetOnline.ag,player_rebounds,Rui Hachimura,Under,3.5,-133,2025-11-29,2025-11-28T08:54:15Z
BetOnline.ag,player_rebounds,Daniel Gafford,Over,6.5,-132,2025-11-29,2025-11-28T08:54:15Z
BetOnline.ag,player_rebounds,Daniel Gafford,Under,6.5,102,2025-11-29,2025-11-28T08:54:15Z
BetOnline.ag,player_rebounds,P.J. Washington,Over,6.5,115,2025-11-29,2025-11-28T08:54:15Z
BetOnline.ag,player_rebounds,P.J. Washington,Under,6.5,-149,2025-11-29,2025-11-28T08:54:15Z
BetOnline.ag,player_rebounds,Cooper Flagg,Over,6.5,112,2025-11-29,2025-11-28T08:54:15Z
BetOnline.ag,player_rebounds,Cooper Flagg,Under,6.5,-145,2025-11-29,2025-11-28T08:54:15Z
BetOnline.ag,player_rebounds,Max Christie,Over,3.5,141,2025-11-29,2025-11-28T08:54:15Z
BetOnline.ag,player_rebounds,Max Christie,Under,3.5,-185,2025-11-29,2025-11-28T08:54:15Z
BetOnline.ag,player_rebounds,Anthony Davis,Over,9.5,-109,2025-11-29,2025-11-28T08:54:15Z
BetOnline.ag,player_rebounds,Anthony Davis,Under,9.5,-119,2025-11-29,2025-11-28T08:54:15Z
BetOnline.ag,player_rebounds,Jake LaRavia,Over,2.5,100,2025-11-29,2025-11-28T08:54:15Z
BetOnline.ag,player_rebounds,Jake LaRavia,Under,2.5,-130,2025-11-29,2025-11-28T08:54:15Z
BetOnline.ag,player_rebounds,Austin Reaves,Over,4.5,-114,2025-11-29,2025-11-28T08:54:15Z
BetOnline.ag,player_rebounds,Austin Reaves,Under,4.5,-114,2025-11-29,2025-11-28T08:54:15Z
BetOnline.ag,player_rebounds,Brandon Williams,Over,2.5,-103,2025-11-29,2025-11-28T08:54:15Z
BetOnline.ag,player_rebounds,Brandon Williams,Under,2.5,-125,2025-11-29,2025-11-28T08:54:15Z
BetOnline.ag,player_rebounds,Naji Marshall,Over,4.5,122,2025-11-29,2025-11-28T08:54:15Z
BetOnline.ag,player_rebounds,Naji Marshall,Under,4.5,-159,2025-11-29,2025-11-28T08:54:15Z
BetOnline.ag,player_rebounds,Deandre Ayton,Over,9.5,107,2025-11-29,2025-11-28T08:54:15Z
BetOnline.ag,player_rebounds,Deandre Ayton,Under,9.5,-139,2025-11-29,2025-11-28T08:54:15Z
BetOnline.ag,player_rebounds,Klay Thompson,Over,2.5,139,2025-11-29,2025-11-28T08:54:15Z
BetOnline.ag,player_rebounds,Klay Thompson,Under,2.5,-182,2025-11-29,2025-11-28T08:54:15Z
BetOnline.ag,player_rebounds,Luka Doncic,Over,7.5,-147,2025-11-29,2025-11-28T08:54:15Z
BetOnline.ag,player_rebounds,Luka Doncic,Under,7.5,114,2025-11-29,2025-11-28T08:54:15Z
BetOnline.ag,player_rebounds,Jaren Jackson Jr,Over,4.5,-145,2025-11-29,2025-11-28T08:54:53Z
BetOnline.ag,player_rebounds,Jaren Jackson Jr,Under,4.5,111,2025-11-29,2025-11-28T08:54:53Z
BetOnline.ag,player_rebounds,Kawhi Leonard,Over,4.5,-145,2025-11-29,2025-11-28T08:54:53Z
BetOnline.ag,player_rebounds,Kawhi Leonard,Under,4.5,111,2025-11-29,2025-11-28T08:54:53Z
BetOnline.ag,player_rebounds,Ivica Zubac,Over,11.5,-123,2025-11-29,2025-11-28T08:54:53Z
BetOnline.ag,player_rebounds,Ivica Zubac,Under,11.5,-104,2025-11-29,2025-11-28T08:54:53Z
BetOnline.ag,player_rebounds,Santi Aldama,Over,5.5,-116,2025-11-29,2025-11-28T08:54:53Z
BetOnline.ag,player_rebounds,Santi Aldama,Under,5.5,-111,2025-11-29,2025-11-28T08:54:53Z
BetOnline.ag,player_rebounds,Vincent Williams Jr,Over,4.5,-139,2025-11-29,2025-11-28T08:54:53Z
BetOnline.ag,player_rebounds,Vincent Williams Jr,Under,4.5,107,2025-11-29,2025-11-28T08:54:53Z
BetOnline.ag,player_rebounds,Zach Edey,Over,10.5,-115,2025-11-29,2025-11-28T08:54:53Z
BetOnline.ag,player_rebounds,Zach Edey,Under,10.5,-112,2025-11-29,2025-11-28T08:54:53Z
BetOnline.ag,player_rebounds,James Harden,Over,5.5,117,2025-11-29,2025-11-28T08:54:53Z
BetOnline.ag,player_rebounds,James Harden,Under,5.5,-152,2025-11-29,2025-11-28T08:54:53Z
BetOnline.ag,player_rebounds,Jaylen Wells,Over,2.5,-169,2025-11-29,2025-11-28T08:54:53Z
BetOnline.ag,player_rebounds,Jaylen Wells,Under,2.5,129,2025-11-29,2025-11-28T08:54:53Z
BetOnline.ag,player_rebounds,Kris Dunn,Over,2.5,-149,2025-11-29,2025-11-28T08:54:53Z
BetOnline.ag,player_rebounds,Kris Dunn,Under,2.5,115,2025-11-29,2025-11-28T08:54:53Z
BetOnline.ag,player_rebounds,Cedric Coward,Over,5.5,102,2025-11-29,2025-11-28T08:54:53Z
BetOnline.ag,player_rebounds,Cedric Coward,Under,5.5,-132,2025-11-29,2025-11-28T08:54:53Z
BetOnline.ag,player_rebounds,John Collins,Over,5.5,109,2025-11-29,2025-11-28T08:54:53Z
BetOnline.ag,player_rebounds,John Collins,Under,5.5,-141,2025-11-29,2025-11-28T08:54:53Z
BetOnline.ag,player_rebounds,Jock Landale,Over,4.5,124,2025-11-29,2025-11-28T08:54:53Z
BetOnline.ag,player_rebounds,Jock Landale,Under,4.5,-161,2025-11-29,2025-11-28T08:54:53Z
BetOnline.ag,player_rebounds,Nicolas Batum,Over,2.5,-169,2025-11-29,2025-11-28T08:54:53Z
BetOnline.ag,player_rebounds,Nicolas Batum,Under,2.5,130,2025-11-29,2025-11-28T08:54:53Z
FanDuel,player_assists,Jarrett Allen,Over,1.5,-166,2025-11-29,2025-11-28T08:54:17Z
FanDuel,player_assists,Jarrett Allen,Under,1.5,124,2025-11-29,2025-11-28T08:54:17Z
FanDuel,player_assists,Evan Mobley,Over,3.5,-118,2025-11-29,2025-11-28T08:54:17Z
FanDuel,player_assists,Evan Mobley,Under,3.5,-112,2025-11-29,2025-11-28T08:54:17Z
FanDuel,player_assists,De'Andre Hunter,Over,2.5,108,2025-11-29,2025-11-28T08:54:17Z
FanDuel,player_assists,De'Andre Hunter,Under,2.5,-144,2025-11-29,2025-11-28T08:54:17Z
FanDuel,player_assists,Onyeka Okongwu,Over,2.5,140,2025-11-29,2025-11-28T08:54:17Z
FanDuel,player_assists,Onyeka Okongwu,Under,2.5,-188,2025-11-29,2025-11-28T08:54:17Z
FanDuel,player_assists,Donovan Mitchell,Over,5.5,-106,2025-11-29,2025-11-28T08:54:17Z
FanDuel,player_assists,Donovan Mitchell,Under,5.5,-125,2025-11-29,2025-11-28T08:54:17Z
FanDuel,player_assists,Darius Garland,Over,6.5,100,2025-11-29,2025-11-28T08:54:17Z
FanDuel,player_assists,Darius Garland,Under,6.5,-132,2025-11-29,2025-11-28T08:54:17Z
FanDuel,player_assists,Kristaps Porzingis,Over,3.5,142,2025-11-29,2025-11-28T08:54:17Z
FanDuel,player_assists,Kristaps Porzingis,Under,3.5,-192,2025-11-29,2025-11-28T08:54:17Z
FanDuel,player_assists,Luke Kennard,Over,2.5,122,2025-11-29,2025-11-28T08:54:17Z
FanDuel,player_assists,Luke Kennard,Under,2.5,-162,2025-11-29,2025-11-28T08:54:17Z
FanDuel,player_assists,Jalen Johnson,Over,6.5,-154,2025-11-29,2025-11-28T08:54:17Z
FanDuel,player_assists,Jalen Johnson,Under,6.5,116,2025-11-29,2025-11-28T08:54:17Z
FanDuel,player_assists,Nickeil Alexander-Walker,Over,3.5,-110,2025-11-29,2025-11-28T08:54:17Z
FanDuel,player_assists,Nickeil Alexander-Walker,Under,3.5,-120,2025-11-29,2025-11-28T08:54:17Z
FanDuel,player_assists,Lonzo Ball,Over,4.5,134,2025-11-29,2025-11-28T08:54:17Z
FanDuel,player_assists,Lonzo Ball,Under,4.5,-180,2025-11-29,2025-11-28T08:54:17Z
FanDuel,player_assists,Dyson Daniels,Over,5.5,114,2025-11-29,2025-11-28T08:54:17Z
FanDuel,player_assists,Dyson Daniels,Under,5.5,-152,2025-11-29,2025-11-28T08:54:17Z
FanDuel,player_assists,Quentin Grimes,Over,3.5,-138,2025-11-29,2025-11-28T08:53:57Z
FanDuel,player_assists,Quentin Grimes,Under,3.5,104,2025-11-29,2025-11-28T08:53:57Z
FanDuel,player_assists,Tyrese Martin,Over,3.5,-102,2025-11-29,2025-11-28T08:53:57Z
FanDuel,player_assists,Tyrese Martin,Under,3.5,-130,2025-11-29,2025-11-28T08:53:57Z
FanDuel,player_assists,Paul George,Over,3.5,-114,2025-11-29,2025-11-28T08:53:57Z
FanDuel,player_assists,Paul George,Under,3.5,-114,2025-11-29,2025-11-28T08:53:57Z
FanDuel,player_assists,Tyrese Maxey,Over,7.5,-114,2025-11-29,2025-11-28T08:53:57Z
FanDuel,player_assists,Tyrese Maxey,Under,7.5,-114,2025-11-29,2025-11-28T08:53:57Z
FanDuel,player_assists,Nicolas Claxton,Over,3.5,-138,2025-11-29,2025-11-28T08:53:57Z
FanDuel,player_assists,Nicolas Claxton,Under,3.5,104,2025-11-29,2025-11-28T08:53:57Z
FanDuel,player_assists,Terance Mann,Over,3.5,-110,2025-11-29,2025-11-28T08:53:57Z
FanDuel,player_assists,Terance Mann,Under,3.5,-120,2025-11-29,2025-11-28T08:53:57Z
FanDuel,player_assists,Egor Demin,Over,4.5,-102,2025-11-29,2025-11-28T08:53:57Z
FanDuel,player_assists,Egor Demin,Under,4.5,-130,2025-11-29,2025-11-28T08:53:57Z
FanDuel,player_assists,LaMelo Ball,Over,7.5,-118,2025-11-29,2025-11-28T08:54:04Z
FanDuel,player_assists,LaMelo Ball,Under,7.5,-112,2025-11-29,2025-11-28T08:54:04Z
FanDuel,player_assists,Josh Giddey,Over,9.5,-108,2025-11-29,2025-11-28T08:54:04Z
FanDuel,player_assists,Josh Giddey,Under,9.5,-122,2025-11-29,2025-11-28T08:54:04Z
FanDuel,player_assists,Ayo Dosunmu,Over,2.5,-180,2025-11-29,2025-11-28T08:54:04Z
FanDuel,player_assists,Ayo Dosunmu,Under,2.5,134,2025-11-29,2025-11-28T08:54:04Z
FanDuel,player_assists,Kon Knueppel,Over,2.5,-120,2025-11-29,2025-11-28T08:54:04Z
FanDuel,player_assists,Kon Knueppel,Under,2.5,-110,2025-11-29,2025-11-28T08:54:04Z
FanDuel,player_assists,Brandon Miller,Over,3.5,110,2025-11-29,2025-11-28T08:54:04Z
FanDuel,player_assists,Brandon Miller,Under,3.5,-146,2025-11-29,2025-11-28T08:54:04Z
FanDuel,player_assists,Coby White,Over,5.5,118,2025-11-29,2025-11-28T08:54:04Z
FanDuel,player_assists,Coby White,Under,5.5,-158,2025-11-29,2025-11-28T08:54:04Z
FanDuel,player_assists,Collin Sexton,Over,2.5,-172,2025-11-29,2025-11-28T08:54:04Z
FanDuel,player_assists,Collin Sexton,Under,2.5,128,2025-11-29,2025-11-28T08:54:04Z
FanDuel,player_assists,Nikola Vucevic,Over,3.5,128,2025-11-29,2025-11-28T08:54:04Z
FanDuel,player_assists,Nikola Vucevic,Under,3.5,-172,2025-11-29,2025-11-28T08:54:04Z
FanDuel,player_assists,Miles Bridges,Over,3.5,128,2025-11-29,2025-11-28T08:54:04Z
FanDuel,player_assists,Miles Bridges,Under,3.5,-172,2025-11-29,2025-11-28T08:54:04Z
FanDuel,player_assists,Tobias Harris,Over,2.5,122,2025-11-29,2025-11-28T08:54:01Z
FanDuel,player_assists,Tobias Harris,Under,2.5,-162,2025-11-29,2025-11-28T08:54:01Z
FanDuel,player_assists,Jalen Suggs,Over,5.5,-148,2025-11-29,2025-11-28T08:54:01Z
FanDuel,player_assists,Jalen Suggs,Under,5.5,114,2025-11-29,2025-11-28T08:54:01Z
FanDuel,player_assists,Wendell Carter Jr,Over,2.5,148,2025-11-29,2025-11-28T08:54:01Z
FanDuel,player_assists,Wendell Carter Jr,Under,2.5,-200,2025-11-29,2025-11-28T08:54:01Z
FanDuel,player_assists,Jalen Duren,Over,2.5,122,2025-11-29,2025-11-28T08:54:01Z
FanDuel,player_assists,Jalen Duren,Under,2.5,-162,2025-11-29,2025-11-28T08:54:01Z
FanDuel,player_assists,Jaden Ivey,Over,2.5,158,2025-11-29,2025-11-28T08:54:01Z
FanDuel,player_assists,Jaden Ivey,Under,2.5,-215,2025-11-29,2025-11-28T08:54:01Z
FanDuel,player_assists,Desmond Bane,Over,3.5,-172,2025-11-29,2025-11-28T08:54:01Z
FanDuel,player_assists,Desmond Bane,Under,3.5,128,2025-11-29,2025-11-28T08:54:01Z
FanDuel,player_assists,Cade Cunningham,Over,8.5,-104,2025-11-29,2025-11-28T08:54:01Z
FanDuel,player_assists,Cade Cunningham,Under,8.5,-128,2025-11-29,2025-11-28T08:54:01Z
FanDuel,player_assists,Ausar Thompson,Over,2.5,110,2025-11-29,2025-11-28T08:54:01Z
FanDuel,player_assists,Ausar Thompson,Under,2.5,-146,2025-11-29,2025-11-28T08:54:01Z
FanDuel,player_assists,Anthony Black,Over,2.5,-110,2025-11-29,2025-11-28T08:54:01Z
FanDuel,player_assists,Anthony Black,Under,2.5,-120,2025-11-29,2025-11-28T08:54:01Z
FanDuel,player_assists,Franz Wagner,Over,3.5,-158,2025-11-29,2025-11-28T08:54:01Z
FanDuel,player_assists,Franz Wagner,Under,3.5,118,2025-11-29,2025-11-28T08:54:01Z
FanDuel,player_assists,Kyshawn George,Over,4.5,108,2025-11-29,2025-11-28T08:54:11Z
FanDuel,player_assists,Kyshawn George,Under,4.5,-144,2025-11-29,2025-11-28T08:54:11Z
FanDuel,player_assists,Khris Middleton,Over,3.5,128,2025-11-29,2025-11-28T08:54:11Z
FanDuel,player_assists,Khris Middleton,Under,3.5,-172,2025-11-29,2025-11-28T08:54:11Z
FanDuel,player_assists,C.J. McCollum,Over,3.5,-110,2025-11-29,2025-11-28T08:54:11Z
FanDuel,player_assists,C.J. McCollum,Under,3.5,-120,2025-11-29,2025-11-28T08:54:11Z
FanDuel,player_assists,T.J. McConnell,Over,5.5,-106,2025-11-29,2025-11-28T08:54:11Z
FanDuel,player_assists,T.J. McConnell,Under,5.5,-125,2025-11-29,2025-11-28T08:54:11Z
FanDuel,player_assists,Alex Sarr,Over,3.5,122,2025-11-29,2025-11-28T08:54:11Z
FanDuel,player_assists,Alex Sarr,Under,3.5,-162,2025-11-29,2025-11-28T08:54:11Z
FanDuel,player_assists,Pascal Siakam,Over,4.5,-110,2025-11-29,2025-11-28T08:54:11Z
FanDuel,player_assists,Pascal Siakam,Under,4.5,-120,2025-11-29,2025-11-28T08:54:11Z
FanDuel,player_assists,Carlton Carrington,Over,3.5,-158,2025-11-29,2025-11-28T08:54:11Z
FanDuel,player_assists,Carlton Carrington,Under,3.5,118,2025-11-29,2025-11-28T08:54:11Z
FanDuel,player_assists,Jarace Walker,Over,2.5,102,2025-11-29,2025-11-28T08:54:11Z
FanDuel,player_assists,Jarace Walker,Under,2.5,-136,2025-11-29,2025-11-28T08:54:11Z
FanDuel,player_assists,Bilal Coulibaly,Over,3.5,122,2025-11-29,2025-11-28T08:54:11Z
FanDuel,player_assists,Bilal Coulibaly,Under,3.5,-162,2025-11-29,2025-11-28T08:54:11Z
FanDuel,player_assists,Andrew Nembhard,Over,7.5,120,2025-11-29,2025-11-28T08:54:11Z
FanDuel,player_assists,Andrew Nembhard,Under,7.5,-160,2025-11-29,2025-11-28T08:54:11Z
FanDuel,player_assists,Ryan Rollins,Over,6.5,104,2025-11-29,2025-11-28T08:53:57Z
FanDuel,player_assists,Ryan Rollins,Under,6.5,-138,2025-11-29,2025-11-28T08:53:57Z
FanDuel,player_assists,Mikal Bridges,Over,3.5,-158,2025-11-29,2025-11-28T08:53:57Z
FanDuel,player_assists,Mikal Bridges,Under,3.5,118,2025-11-29,2025-11-28T08:53:57Z
FanDuel,player_assists,Jalen Brunson,Over,6.5,108,2025-11-29,2025-11-28T08:53:57Z
FanDuel,player_assists,Jalen Brunson,Under,6.5,-144,2025-11-29,2025-11-28T08:53:57Z
FanDuel,player_assists,Giannis Antetokounmpo,Over,6.5,-125,2025-11-29,2025-11-28T08:53:57Z
FanDuel,player_assists,Giannis Antetokounmpo,Under,6.5,-106,2025-11-29,2025-11-28T08:53:57Z
FanDuel,player_assists,Josh Hart,Over,5.5,110,2025-11-29,2025-11-28T08:53:57Z
FanDuel,player_assists,Josh Hart,Under,5.5,-146,2025-11-29,2025-11-28T08:53:57Z
FanDuel,player_assists,Kyle Kuzma,Over,1.5,-136,2025-11-29,2025-11-28T08:53:57Z
FanDuel,player_assists,Kyle Kuzma,Under,1.5,102,2025-11-29,2025-11-28T08:53:57Z
FanDuel,player_assists,A.J. Green,Over,1.5,-114,2025-11-29,2025-11-28T08:53:57Z
FanDuel,player_assists,A.J. Green,Under,1.5,-114,2025-11-29,2025-11-28T08:53:57Z
FanDuel,player_assists,Karl-Anthony Towns,Over,3.5,142,2025-11-29,2025-11-28T08:53:57Z
FanDuel,player_assists,Karl-Anthony Towns,Under,3.5,-192,2025-11-29,2025-11-28T08:53:57Z
FanDuel,player_assists,Miles McBride,Over,2.5,-114,2025-11-29,2025-11-28T08:53:57Z
FanDuel,player_assists,Miles McBride,Under,2.5,-114,2025-11-29,2025-11-28T08:53:57Z
FanDuel,player_assists,Jordan Clarkson,Over,2.5,154,2025-11-29,2025-11-28T08:53:57Z
FanDuel,player_assists,Jordan Clarkson,Under,2.5,-210,2025-11-29,2025-11-28T08:53:57Z
FanDuel,player_assists,Keldon Johnson,Over,1.5,-200,2025-11-29,2025-11-28T08:54:17Z
FanDuel,player_assists,Keldon Johnson,Under,1.5,148,2025-11-29,2025-11-28T08:54:17Z
FanDuel,player_assists,Cameron Johnson,Over,2.5,-128,2025-11-29,2025-11-28T08:54:17Z
FanDuel,player_assists,Cameron Johnson,Under,2.5,-104,2025-11-29,2025-11-28T08:54:17Z
FanDuel,player_assists,Harrison Barnes,Over,2.5,148,2025-11-29,2025-11-28T08:54:17Z
FanDuel,player_assists,Harrison Barnes,Under,2.5,-200,2025-11-29,2025-11-28T08:54:17Z
FanDuel,player_assists,De'Aaron Fox,Over,6.5,104,2025-11-29,2025-11-28T08:54:17Z
FanDuel,player_assists,De'Aaron Fox,Under,6.5,-138,2025-11-29,2025-11-28T08:54:17Z
FanDuel,player_assists,Devin Vassell,Over,2.5,-172,2025-11-29,2025-11-28T08:54:17Z
FanDuel,player_assists,Devin Vassell,Under,2.5,128,2025-11-29,2025-11-28T08:54:17Z
FanDuel,player_assists,Dylan Harper,Over,2.5,-162,2025-11-29,2025-11-28T08:54:17Z
FanDuel,player_assists,Dylan Harper,Under,2.5,122,2025-11-29,2025-11-28T08:54:17Z
FanDuel,player_assists,Nikola Jokic,Over,10.5,-125,2025-11-29,2025-11-28T08:54:17Z
FanDuel,player_assists,Nikola Jokic,Under,10.5,-106,2025-11-29,2025-11-28T08:54:17Z
FanDuel,player_assists,Jamal Murray,Over,6.5,-128,2025-11-29,2025-11-28T08:54:17Z
FanDuel,player_assists,Jamal Murray,Under,6.5,-104,2025-11-29,2025-11-28T08:54:17Z
FanDuel,player_assists,Alex Caruso,Over,2.5,154,2025-11-29,2025-11-28T08:54:23Z
FanDuel,player_assists,Alex Caruso,Under,2.5,-210,2025-11-29,2025-11-28T08:54:23Z
FanDuel,player_assists,Isaiah Hartenstein,Over,2.5,-128,2025-11-29,2025-11-28T08:54:23Z
FanDuel,player_assists,Isaiah Hartenstein,Under,2.5,-104,2025-11-29,2025-11-28T08:54:23Z
FanDuel,player_assists,Shai Gilgeous-Alexander,Over,6.5,-118,2025-11-29,2025-11-28T08:54:23Z
FanDuel,player_assists,Shai Gilgeous-Alexander,Under,6.5,-112,2025-11-29,2025-11-28T08:54:23Z
FanDuel,player_assists,Devin Booker,Over,6.5,-136,2025-11-29,2025-11-28T08:54:23Z
FanDuel,player_assists,Devin Booker,Under,6.5,102,2025-11-29,2025-11-28T08:54:23Z
FanDuel,player_assists,Ajay Mitchell,Over,2.5,-140,2025-11-29,2025-11-28T08:54:23Z
FanDuel,player_assists,Ajay Mitchell,Under,2.5,106,2025-11-29,2025-11-28T08:54:23Z
FanDuel,player_assists,Jordan Goodwin,Over,2.5,124,2025-11-29,2025-11-28T08:54:23Z
FanDuel,player_assists,Jordan Goodwin,Under,2.5,-166,2025-11-29,2025-11-28T08:54:23Z
FanDuel,player_assists,Royce O'Neale,Over,2.5,110,2025-11-29,2025-11-28T08:54:23Z
FanDuel,player_assists,Royce O'Neale,Under,2.5,-146,2025-11-29,2025-11-28T08:54:23Z
FanDuel,player_assists,Jalen Williams,Over,3.5,142,2025-11-29,2025-11-28T08:54:23Z
FanDuel,player_assists,Jalen Williams,Under,3.5,-192,2025-11-29,2025-11-28T08:54:23Z
FanDuel,player_assists,Zach LaVine,Over,2.5,-174,2025-11-29,2025-11-28T08:54:12Z
FanDuel,player_assists,Zach LaVine,Under,2.5,130,2025-11-29,2025-11-28T08:54:12Z
FanDuel,player_assists,Isaiah Collier,Over,5.5,-106,2025-11-29,2025-11-28T08:54:12Z
FanDuel,player_assists,Isaiah Collier,Under,5.5,-125,2025-11-29,2025-11-28T08:54:12Z
FanDuel,player_assists,Keyonte George,Over,6.5,-152,2025-11-29,2025-11-28T08:54:12Z
FanDuel,player_assists,Keyonte George,Under,6.5,114,2025-11-29,2025-11-28T08:54:12Z
FanDuel,player_assists,Russell Westbrook,Over,7.5,-130,2025-11-29,2025-11-28T08:54:12Z
FanDuel,player_assists,Russell Westbrook,Under,7.5,-102,2025-11-29,2025-11-28T08:54:12Z
FanDuel,player_assists,Dennis Schroder,Over,4.5,-130,2025-11-29,2025-11-28T08:54:12Z
FanDuel,player_assists,Dennis Schroder,Under,4.5,-102,2025-11-29,2025-11-28T08:54:12Z
FanDuel,player_assists,DeMar DeRozan,Over,3.5,-152,2025-11-29,2025-11-28T08:54:12Z
FanDuel,player_assists,DeMar DeRozan,Under,3.5,114,2025-11-29,2025-11-28T08:54:12Z
FanDuel,player_assists,Jusuf Nurkic,Over,3.5,-110,2025-11-29,2025-11-28T08:54:12Z
FanDuel,player_assists,Jusuf Nurkic,Under,3.5,-120,2025-11-29,2025-11-28T08:54:12Z
FanDuel,player_assists,Brandon Williams,Over,4.5,128,2025-11-29,2025-11-28T08:55:05Z
FanDuel,player_assists,Brandon Williams,Under,4.5,-174,2025-11-29,2025-11-28T08:55:05Z
FanDuel,player_assists,P.J. Washington,Over,2.5,124,2025-11-29,2025-11-28T08:55:05Z
FanDuel,player_assists,P.J. Washington,Under,2.5,-166,2025-11-29,2025-11-28T08:55:05Z
FanDuel,player_assists,Cooper Flagg,Over,3.5,-114,2025-11-29,2025-11-28T08:55:05Z
FanDuel,player_assists,Cooper Flagg,Under,3.5,-114,2025-11-29,2025-11-28T08:55:05Z
FanDuel,player_assists,Austin Reaves,Over,4.5,106,2025-11-29,2025-11-28T08:55:05Z
FanDuel,player_assists,Austin Reaves,Under,4.5,-140,2025-11-29,2025-11-28T08:55:05Z
FanDuel,player_assists,LeBron James,Over,6.5,108,2025-11-29,2025-11-28T08:55:05Z
FanDuel,player_assists,LeBron James,Under,6.5,-144,2025-11-29,2025-11-28T08:55:05Z
FanDuel,player_assists,Luka Doncic,Over,8.5,-114,2025-11-29,2025-11-28T08:55:05Z
FanDuel,player_assists,Luka Doncic,Under,8.5,-114,2025-11-29,2025-11-28T08:55:05Z
FanDuel,player_assists,Anthony Davis,Over,2.5,-102,2025-11-29,2025-11-28T08:55:05Z
FanDuel,player_assists,Anthony Davis,Under,2.5,-130,2025-11-29,2025-11-28T08:55:05Z
FanDuel,player_assists,Max Christie,Over,2.5,130,2025-11-29,2025-11-28T08:55:05Z
FanDuel,player_assists,Max Christie,Under,2.5,-174,2025-11-29,2025-11-28T08:55:05Z
FanDuel,player_assists,Naji Marshall,Over,2.5,110,2025-11-29,2025-11-28T08:55:05Z
FanDuel,player_assists,Naji Marshall,Under,2.5,-146,2025-11-29,2025-11-28T08:55:05Z
FanDuel,player_assists,Cedric Coward,Over,2.5,-180,2025-11-29,2025-11-28T08:54:31Z
FanDuel,player_assists,Cedric Coward,Under,2.5,134,2025-11-29,2025-11-28T08:54:31Z
FanDuel,player_assists,Vincent Williams Jr,Over,6.5,-132,2025-11-29,2025-11-28T08:54:31Z
FanDuel,player_assists,Vincent Williams Jr,Under,6.5,100,2025-11-29,2025-11-28T08:54:31Z
FanDuel,player_assists,Kawhi Leonard,Over,2.5,-182,2025-11-29,2025-11-28T08:54:31Z
FanDuel,player_assists,Kawhi Leonard,Under,2.5,136,2025-11-29,2025-11-28T08:54:31Z
FanDuel,player_assists,Kris Dunn,Over,3.5,142,2025-11-29,2025-11-28T08:54:31Z
FanDuel,player_assists,Kris Dunn,Under,3.5,-192,2025-11-29,2025-11-28T08:54:31Z
FanDuel,player_assists,Ivica Zubac,Over,2.5,108,2025-11-29,2025-11-28T08:54:31Z
FanDuel,player_assists,Ivica Zubac,Under,2.5,-144,2025-11-29,2025-11-28T08:54:31Z
FanDuel,player_assists,Santi Aldama,Over,2.5,-172,2025-11-29,2025-11-28T08:54:31Z
FanDuel,player_assists,Santi Aldama,Under,2.5,128,2025-11-29,2025-11-28T08:54:31Z
FanDuel,player_assists,James Harden,Over,8.5,-112,2025-11-29,2025-11-28T08:54:31Z
FanDuel,player_assists,James Harden,Under,8.5,-118,2025-11-29,2025-11-28T08:54:31Z
BetRivers,player_assists,Kristaps Porzingis,Over,2.5,-159,2025-11-29,2025-11-28T08:52:51Z
BetRivers,player_assists,Kristaps Porzingis,Under,2.5,118,2025-11-29,2025-11-28T08:52:51Z
BetRivers,player_assists,Onyeka Okongwu,Over,2.5,143,2025-11-29,2025-11-28T08:52:51Z
BetRivers,player_assists,Onyeka Okongwu,Under,2.5,-195,2025-11-29,2025-11-28T08:52:51Z
BetRivers,player_assists,Nickeil Alexander-Walker,Over,3.5,-108,2025-11-29,2025-11-28T08:52:51Z
BetRivers,player_assists,Nickeil Alexander-Walker,Under,3.5,-122,2025-11-29,2025-11-28T08:52:51Z
BetRivers,player_assists,Dyson Daniels,Over,5.5,107,2025-11-29,2025-11-28T08:52:51Z
BetRivers,player_assists,Dyson Daniels,Under,5.5,-141,2025-11-29,2025-11-28T08:52:51Z
BetRivers,player_assists,Jalen Johnson,Over,7.5,110,2025-11-29,2025-11-28T08:52:51Z
BetRivers,player_assists,Jalen Johnson,Under,7.5,-148,2025-11-29,2025-11-28T08:52:51Z
BetRivers,player_assists,Anthony Black,Over,2.5,-110,2025-11-29,2025-11-28T08:53:47Z
BetRivers,player_assists,Anthony Black,Under,2.5,-120,2025-11-29,2025-11-28T08:53:47Z
BetRivers,player_assists,Jalen Suggs,Over,5.5,-125,2025-11-29,2025-11-28T08:53:47Z
BetRivers,player_assists,Jalen Suggs,Under,5.5,-106,2025-11-29,2025-11-28T08:53:47Z
BetRivers,player_assists,Franz Wagner,Over,4.5,115,2025-11-29,2025-11-28T08:53:47Z
BetRivers,player_assists,Franz Wagner,Under,4.5,-155,2025-11-29,2025-11-28T08:53:47Z
BetRivers,player_assists,Desmond Bane,Over,4.5,117,2025-11-29,2025-11-28T08:53:47Z
BetRivers,player_assists,Desmond Bane,Under,4.5,-157,2025-11-29,2025-11-28T08:53:47Z
BetRivers,player_assists,Cade Cunningham,Over,7.5,-143,2025-11-29,2025-11-28T08:53:47Z
BetRivers,player_assists,Cade Cunningham,Under,7.5,108,2025-11-29,2025-11-28T08:53:47Z
BetRivers,player_assists,Ausar Thompson,Over,2.5,105,2025-11-29,2025-11-28T08:53:47Z
BetRivers,player_assists,Ausar Thompson,Under,2.5,-139,2025-11-29,2025-11-28T08:53:47Z
BetRivers,player_assists,Pascal Siakam,Over,4.5,-107,2025-11-29,2025-11-28T08:53:46Z
BetRivers,player_assists,Pascal Siakam,Under,4.5,-124,2025-11-29,2025-11-28T08:53:46Z
BetRivers,player_assists,Kyshawn George,Over,4.5,107,2025-11-29,2025-11-28T08:53:46Z
BetRivers,player_assists,Kyshawn George,Under,4.5,-141,2025-11-29,2025-11-28T08:53:46Z
BetRivers,player_assists,C.J. McCollum,Over,3.5,-109,2025-11-29,2025-11-28T08:53:46Z
BetRivers,player_assists,C.J. McCollum,Under,3.5,-121,2025-11-29,2025-11-28T08:53:46Z
BetRivers,player_assists,Jarace Walker,Over,2.5,102,2025-11-29,2025-11-28T08:53:46Z
BetRivers,player_assists,Jarace Walker,Under,2.5,-136,2025-11-29,2025-11-28T08:53:46Z
BetRivers,player_assists,Andrew Nembhard,Over,6.5,-143,2025-11-29,2025-11-28T08:53:46Z
BetRivers,player_assists,Andrew Nembhard,Under,6.5,108,2025-11-29,2025-11-28T08:53:46Z
BetRivers,player_assists,Bilal Coulibaly,Over,3.5,118,2025-11-29,2025-11-28T08:53:46Z
BetRivers,player_assists,Bilal Coulibaly,Under,3.5,-159,2025-11-29,2025-11-28T08:53:46Z
BetRivers,player_assists,Alex Sarr,Over,3.5,105,2025-11-29,2025-11-28T08:53:46Z
BetRivers,player_assists,Alex Sarr,Under,3.5,-139,2025-11-29,2025-11-28T08:53:46Z
BetRivers,player_assists,Giannis Antetokounmpo,Over,6.5,-124,2025-11-29,2025-11-28T08:54:21Z
BetRivers,player_assists,Giannis Antetokounmpo,Under,6.5,-108,2025-11-29,2025-11-28T08:54:21Z
BetRivers,player_assists,Mikal Bridges,Over,3.5,-157,2025-11-29,2025-11-28T08:54:21Z
BetRivers,player_assists,Mikal Bridges,Under,3.5,117,2025-11-29,2025-11-28T08:54:21Z
BetRivers,player_assists,Jalen Brunson,Over,6.5,102,2025-11-29,2025-11-28T08:54:21Z
BetRivers,player_assists,Jalen Brunson,Under,6.5,-136,2025-11-29,2025-11-28T08:54:21Z
BetRivers,player_assists,Josh Hart,Over,5.5,110,2025-11-29,2025-11-28T08:54:21Z
BetRivers,player_assists,Josh Hart,Under,5.5,-148,2025-11-29,2025-11-28T08:54:21Z
BetRivers,player_assists,Karl-Anthony Towns,Over,2.5,-175,2025-11-29,2025-11-28T08:54:21Z
BetRivers,player_assists,Karl-Anthony Towns,Under,2.5,128,2025-11-29,2025-11-28T08:54:21Z
BetRivers,player_assists,Kyle Kuzma,Over,1.5,-134,2025-11-29,2025-11-28T08:54:21Z
BetRivers,player_assists,Kyle Kuzma,Under,1.5,100,2025-11-29,2025-11-28T08:54:21Z
BetRivers,player_assists,A.J. Green,Over,1.5,-117,2025-11-29,2025-11-28T08:54:21Z
BetRivers,player_assists,A.J. Green,Under,1.5,-114,2025-11-29,2025-11-28T08:54:21Z
BetRivers,player_assists,Ryan Rollins,Over,6.5,-107,2025-11-29,2025-11-28T08:54:21Z
BetRivers,player_assists,Ryan Rollins,Under,6.5,-124,2025-11-29,2025-11-28T08:54:21Z
DraftKings,player_assists,Jalen Johnson,Over,6.5,-145,2025-11-29,2025-11-28T08:54:28Z
DraftKings,player_assists,Jalen Johnson,Under,6.5,110,2025-11-29,2025-11-28T08:54:28Z
DraftKings,player_assists,Darius Garland,Over,6.5,-107,2025-11-29,2025-11-28T08:54:28Z
DraftKings,player_assists,Darius Garland,Under,6.5,-123,2025-11-29,2025-11-28T08:54:28Z
DraftKings,player_assists,Donovan Mitchell,Over,5.5,-119,2025-11-29,2025-11-28T08:54:28Z
DraftKings,player_assists,Donovan Mitchell,Under,5.5,-110,2025-11-29,2025-11-28T08:54:28Z
DraftKings,player_assists,Dyson Daniels,Over,5.5,117,2025-11-29,2025-11-28T08:54:28Z
DraftKings,player_assists,Dyson Daniels,Under,5.5,-154,2025-11-29,2025-11-28T08:54:28Z
DraftKings,player_assists,Lonzo Ball,Over,3.5,-152,2025-11-29,2025-11-28T08:54:28Z
DraftKings,player_assists,Lonzo Ball,Under,3.5,115,2025-11-29,2025-11-28T08:54:28Z
DraftKings,player_assists,Evan Mobley,Over,3.5,-117,2025-11-29,2025-11-28T08:54:28Z
DraftKings,player_assists,Evan Mobley,Under,3.5,-112,2025-11-29,2025-11-28T08:54:28Z
DraftKings,player_assists,Nickeil Alexander-Walker,Over,3.5,104,2025-11-29,2025-11-28T08:54:28Z
DraftKings,player_assists,Nickeil Alexander-Walker,Under,3.5,-136,2025-11-29,2025-11-28T08:54:28Z
DraftKings,player_assists,Kristaps Porzingis,Over,2.5,-166,2025-11-29,2025-11-28T08:54:28Z
DraftKings,player_assists,Kristaps Porzingis,Under,2.5,126,2025-11-29,2025-11-28T08:54:28Z
DraftKings,player_assists,De'Andre Hunter,Over,2.5,107,2025-11-29,2025-11-28T08:54:28Z
DraftKings,player_assists,De'Andre Hunter,Under,2.5,-141,2025-11-29,2025-11-28T08:54:28Z
DraftKings,player_assists,Luke Kennard,Over,2.5,126,2025-11-29,2025-11-28T08:54:28Z
DraftKings,player_assists,Luke Kennard,Under,2.5,-167,2025-11-29,2025-11-28T08:54:28Z
DraftKings,player_assists,Onyeka Okongwu,Over,2.5,141,2025-11-29,2025-11-28T08:54:28Z
DraftKings,player_assists,Onyeka Okongwu,Under,2.5,-188,2025-11-29,2025-11-28T08:54:28Z
DraftKings,player_assists,Jarrett Allen,Over,1.5,-164,2025-11-29,2025-11-28T08:54:28Z
DraftKings,player_assists,Jarrett Allen,Under,1.5,124,2025-11-29,2025-11-28T08:54:28Z
DraftKings,player_assists,Tyrese Maxey,Over,7.5,-113,2025-11-29,2025-11-28T08:53:53Z
DraftKings,player_assists,Tyrese Maxey,Under,7.5,-117,2025-11-29,2025-11-28T08:53:53Z
DraftKings,player_assists,Egor Demin,Over,4.5,102,2025-11-29,2025-11-28T08:53:53Z
DraftKings,player_assists,Egor Demin,Under,4.5,-134,2025-11-29,2025-11-28T08:53:53Z
DraftKings,player_assists,Quentin Grimes,Over,3.5,-162,2025-11-29,2025-11-28T08:53:53Z
DraftKings,player_assists,Quentin Grimes,Under,3.5,123,2025-11-29,2025-11-28T08:53:53Z
DraftKings,player_assists,Paul George,Over,3.5,-130,2025-11-29,2025-11-28T08:53:53Z
DraftKings,player_assists,Paul George,Under,3.5,-101,2025-11-29,2025-11-28T08:53:53Z
DraftKings,player_assists,Nicolas Claxton,Over,3.5,-118,2025-11-29,2025-11-28T08:53:53Z
DraftKings,player_assists,Nicolas Claxton,Under,3.5,-112,2025-11-29,2025-11-28T08:53:53Z
DraftKings,player_assists,Tyrese Martin,Over,3.5,-106,2025-11-29,2025-11-28T08:53:53Z
DraftKings,player_assists,Tyrese Martin,Under,3.5,-125,2025-11-29,2025-11-28T08:53:53Z
DraftKings,player_assists,Terance Mann,Over,3.5,107,2025-11-29,2025-11-28T08:53:53Z
DraftKings,player_assists,Terance Mann,Under,3.5,-141,2025-11-29,2025-11-28T08:53:53Z
DraftKings,player_assists,Drake Powell,Over,2.5,-135,2025-11-29,2025-11-28T08:53:53Z
DraftKings,player_assists,Drake Powell,Under,2.5,102,2025-11-29,2025-11-28T08:53:53Z
DraftKings,player_assists,Noah Clowney,Over,1.5,-164,2025-11-29,2025-11-28T08:53:53Z
DraftKings,player_assists,Noah Clowney,Under,1.5,124,2025-11-29,2025-11-28T08:53:53Z
DraftKings,player_assists,Josh Giddey,Over,9.5,-108,2025-11-29,2025-11-28T08:53:29Z
DraftKings,player_assists,Josh Giddey,Under,9.5,-121,2025-11-29,2025-11-28T08:53:29Z
DraftKings,player_assists,LaMelo Ball,Over,7.5,-107,2025-11-29,2025-11-28T08:53:29Z
DraftKings,player_assists,LaMelo Ball,Under,7.5,-123,2025-11-29,2025-11-28T08:53:29Z
DraftKings,player_assists,Coby White,Over,5.5,110,2025-11-29,2025-11-28T08:53:29Z
DraftKings,player_assists,Coby White,Under,5.5,-145,2025-11-29,2025-11-28T08:53:29Z
DraftKings,player_assists,Nikola Vucevic,Over,3.5,129,2025-11-29,2025-11-28T08:53:29Z
DraftKings,player_assists,Nikola Vucevic,Under,3.5,-170,2025-11-29,2025-11-28T08:53:29Z
DraftKings,player_assists,Miles Bridges,Over,3.5,130,2025-11-29,2025-11-28T08:53:29Z
DraftKings,player_assists,Miles Bridges,Under,3.5,-172,2025-11-29,2025-11-28T08:53:29Z
DraftKings,player_assists,Brandon Miller,Over,2.5,-176,2025-11-29,2025-11-28T08:53:29Z
DraftKings,player_assists,Brandon Miller,Under,2.5,133,2025-11-29,2025-11-28T08:53:29Z
DraftKings,player_assists,Collin Sexton,Over,2.5,-174,2025-11-29,2025-11-28T08:53:29Z
DraftKings,player_assists,Collin Sexton,Under,2.5,131,2025-11-29,2025-11-28T08:53:29Z
DraftKings,player_assists,Ayo Dosunmu,Over,2.5,-172,2025-11-29,2025-11-28T08:53:29Z
DraftKings,player_assists,Ayo Dosunmu,Under,2.5,130,2025-11-29,2025-11-28T08:53:29Z
DraftKings,player_assists,Kevin Huerter,Over,2.5,-115,2025-11-29,2025-11-28T08:53:29Z
DraftKings,player_assists,Kevin Huerter,Under,2.5,-115,2025-11-29,2025-11-28T08:53:29Z
DraftKings,player_assists,Kon Knueppel,Over,2.5,-105,2025-11-29,2025-11-28T08:53:29Z
DraftKings,player_assists,Kon Knueppel,Under,2.5,-125,2025-11-29,2025-11-28T08:53:29Z
DraftKings,player_assists,Cade Cunningham,Over,8.5,101,2025-11-29,2025-11-28T08:54:28Z
DraftKings,player_assists,Cade Cunningham,Under,8.5,-133,2025-11-29,2025-11-28T08:54:28Z
DraftKings,player_assists,Jalen Suggs,Over,5.5,-144,2025-11-29,2025-11-28T08:54:28Z
DraftKings,player_assists,Jalen Suggs,Under,5.5,109,2025-11-29,2025-11-28T08:54:28Z
DraftKings,player_assists,Desmond Bane,Over,3.5,-161,2025-11-29,2025-11-28T08:54:28Z
DraftKings,player_assists,Desmond Bane,Under,3.5,122,2025-11-29,2025-11-28T08:54:28Z
DraftKings,player_assists,Franz Wagner,Over,3.5,-153,2025-11-29,2025-11-28T08:54:28Z
DraftKings,player_assists,Franz Wagner,Under,3.5,116,2025-11-29,2025-11-28T08:54:28Z
DraftKings,player_assists,Anthony Black,Over,2.5,-120,2025-11-29,2025-11-28T08:54:28Z
DraftKings,player_assists,Anthony Black,Under,2.5,-110,2025-11-29,2025-11-28T08:54:28Z
DraftKings,player_assists,Caris LeVert,Over,2.5,101,2025-11-29,2025-11-28T08:54:28Z
DraftKings,player_assists,Caris LeVert,Under,2.5,-133,2025-11-29,2025-11-28T08:54:28Z
DraftKings,player_assists,Ausar Thompson,Over,2.5,107,2025-11-29,2025-11-28T08:54:28Z
DraftKings,player_assists,Ausar Thompson,Under,2.5,-141,2025-11-29,2025-11-28T08:54:28Z
DraftKings,player_assists,Tobias Harris,Over,2.5,120,2025-11-29,2025-11-28T08:54:28Z
DraftKings,player_assists,Tobias Harris,Under,2.5,-159,2025-11-29,2025-11-28T08:54:28Z
DraftKings,player_assists,Jalen Duren,Over,2.5,126,2025-11-29,2025-11-28T08:54:28Z
DraftKings,player_assists,Jalen Duren,Under,2.5,-166,2025-11-29,2025-11-28T08:54:28Z
DraftKings,player_assists,Jaden Ivey,Over,2.5,145,2025-11-29,2025-11-28T08:54:28Z
DraftKings,player_assists,Jaden Ivey,Under,2.5,-193,2025-11-29,2025-11-28T08:54:28Z
DraftKings,player_assists,Andrew Nembhard,Over,6.5,-146,2025-11-29,2025-11-28T08:54:35Z
DraftKings,player_assists,Andrew Nembhard,Under,6.5,111,2025-11-29,2025-11-28T08:54:35Z
DraftKings,player_assists,T.J. McConnell,Over,5.5,-110,2025-11-29,2025-11-28T08:54:35Z
DraftKings,player_assists,T.J. McConnell,Under,5.5,-119,2025-11-29,2025-11-28T08:54:35Z
DraftKings,player_assists,Pascal Siakam,Over,4.5,-117,2025-11-29,2025-11-28T08:54:35Z
DraftKings,player_assists,Pascal Siakam,Under,4.5,-112,2025-11-29,2025-11-28T08:54:35Z
DraftKings,player_assists,Kyshawn George,Over,4.5,116,2025-11-29,2025-11-28T08:54:35Z
DraftKings,player_assists,Kyshawn George,Under,4.5,-153,2025-11-29,2025-11-28T08:54:35Z
DraftKings,player_assists,Carlton Carrington,Over,3.5,-153,2025-11-29,2025-11-28T08:54:35Z
DraftKings,player_assists,Carlton Carrington,Under,3.5,116,2025-11-29,2025-11-28T08:54:35Z
DraftKings,player_assists,C.J. McCollum,Over,3.5,104,2025-11-29,2025-11-28T08:54:35Z
DraftKings,player_assists,C.J. McCollum,Under,3.5,-138,2025-11-29,2025-11-28T08:54:35Z
DraftKings,player_assists,Alex Sarr,Over,3.5,124,2025-11-29,2025-11-28T08:54:35Z
DraftKings,player_assists,Alex Sarr,Under,3.5,-164,2025-11-29,2025-11-28T08:54:35Z
DraftKings,player_assists,Bilal Coulibaly,Over,3.5,129,2025-11-29,2025-11-28T08:54:35Z
DraftKings,player_assists,Bilal Coulibaly,Under,3.5,-170,2025-11-29,2025-11-28T08:54:35Z
DraftKings,player_assists,Khris Middleton,Over,3.5,130,2025-11-29,2025-11-28T08:54:35Z
DraftKings,player_assists,Khris Middleton,Under,3.5,-172,2025-11-29,2025-11-28T08:54:35Z
DraftKings,player_assists,Jarace Walker,Over,2.5,-102,2025-11-29,2025-11-28T08:54:35Z
DraftKings,player_assists,Jarace Walker,Under,2.5,-129,2025-11-29,2025-11-28T08:54:35Z
DraftKings,player_assists,Bennedict Mathurin,Over,2.5,123,2025-11-29,2025-11-28T08:54:35Z
DraftKings,player_assists,Bennedict Mathurin,Under,2.5,-162,2025-11-29,2025-11-28T08:54:35Z
DraftKings,player_assists,Giannis Antetokounmpo,Over,6.5,-121,2025-11-29,2025-11-28T08:54:01Z
DraftKings,player_assists,Giannis Antetokounmpo,Under,6.5,-108,2025-11-29,2025-11-28T08:54:01Z
DraftKings,player_assists,Jalen Brunson,Over,6.5,103,2025-11-29,2025-11-28T08:54:01Z
DraftKings,player_assists,Jalen Brunson,Under,6.5,-135,2025-11-29,2025-11-28T08:54:01Z
DraftKings,player_assists,Ryan Rollins,Over,6.5,107,2025-11-29,2025-11-28T08:54:01Z
DraftKings,player_assists,Ryan Rollins,Under,6.5,-140,2025-11-29,2025-11-28T08:54:01Z
DraftKings,player_assists,Josh Hart,Over,5.5,100,2025-11-29,2025-11-28T08:54:01Z
DraftKings,player_assists,Josh Hart,Under,5.5,-132,2025-11-29,2025-11-28T08:54:01Z
DraftKings,player_assists,Mikal Bridges,Over,3.5,-168,2025-11-29,2025-11-28T08:54:01Z
DraftKings,player_assists,Mikal Bridges,Under,3.5,127,2025-11-29,2025-11-28T08:54:01Z
DraftKings,player_assists,Karl-Anthony Towns,Over,3.5,126,2025-11-29,2025-11-28T08:54:01Z
DraftKings,player_assists,Karl-Anthony Towns,Under,3.5,-167,2025-11-29,2025-11-28T08:54:01Z
DraftKings,player_assists,Miles McBride,Over,2.5,-114,2025-11-29,2025-11-28T08:54:01Z
DraftKings,player_assists,Miles McBride,Under,2.5,-115,2025-11-29,2025-11-28T08:54:01Z
DraftKings,player_assists,Kyle Kuzma,Over,1.5,-131,2025-11-29,2025-11-28T08:54:01Z
DraftKings,player_assists,Kyle Kuzma,Under,1.5,100,2025-11-29,2025-11-28T08:54:01Z
DraftKings,player_assists,Myles Turner,Over,1.5,-124,2025-11-29,2025-11-28T08:54:01Z
DraftKings,player_assists,Myles Turner,Under,1.5,-106,2025-11-29,2025-11-28T08:54:01Z
DraftKings,player_assists,A.J. Green,Over,1.5,-118,2025-11-29,2025-11-28T08:54:01Z
DraftKings,player_assists,A.J. Green,Under,1.5,-112,2025-11-29,2025-11-28T08:54:01Z
DraftKings,player_assists,Nikola Jokic,Over,10.5,-121,2025-11-29,2025-11-28T08:54:28Z
DraftKings,player_assists,Nikola Jokic,Under,10.5,-109,2025-11-29,2025-11-28T08:54:28Z
DraftKings,player_assists,Jamal Murray,Over,6.5,-119,2025-11-29,2025-11-28T08:54:28Z
DraftKings,player_assists,Jamal Murray,Under,6.5,-111,2025-11-29,2025-11-28T08:54:28Z
DraftKings,player_assists,De'Aaron Fox,Over,6.5,-101,2025-11-29,2025-11-28T08:54:28Z
DraftKings,player_assists,De'Aaron Fox,Under,6.5,-130,2025-11-29,2025-11-28T08:54:28Z
DraftKings,player_assists,Dylan Harper,Over,2.5,-173,2025-11-29,2025-11-28T08:54:28Z
DraftKings,player_assists,Dylan Harper,Under,2.5,131,2025-11-29,2025-11-28T08:54:28Z
DraftKings,player_assists,Devin Vassell,Over,2.5,-166,2025-11-29,2025-11-28T08:54:28Z
DraftKings,player_assists,Devin Vassell,Under,2.5,126,2025-11-29,2025-11-28T08:54:28Z
DraftKings,player_assists,Cameron Johnson,Over,2.5,-130,2025-11-29,2025-11-28T08:54:28Z
DraftKings,player_assists,Cameron Johnson,Under,2.5,-101,2025-11-29,2025-11-28T08:54:28Z
DraftKings,player_assists,Harrison Barnes,Over,2.5,129,2025-11-29,2025-11-28T08:54:28Z
DraftKings,player_assists,Harrison Barnes,Under,2.5,-171,2025-11-29,2025-11-28T08:54:28Z
DraftKings,player_assists,Keldon Johnson,Over,1.5,-182,2025-11-29,2025-11-28T08:54:28Z
DraftKings,player_assists,Keldon Johnson,Under,1.5,137,2025-11-29,2025-11-28T08:54:28Z
DraftKings,player_assists,Devin Booker,Over,6.5,-137,2025-11-29,2025-11-28T08:54:28Z
DraftKings,player_assists,Devin Booker,Under,6.5,104,2025-11-29,2025-11-28T08:54:28Z
DraftKings,player_assists,Shai Gilgeous-Alexander,Over,6.5,-104,2025-11-29,2025-11-28T08:54:28Z
DraftKings,player_assists,Shai Gilgeous-Alexander,Under,6.5,-126,2025-11-29,2025-11-28T08:54:28Z
DraftKings,player_assists,Jalen Williams,Over,2.5,-171,2025-11-29,2025-11-28T08:54:28Z
DraftKings,player_assists,Jalen Williams,Under,2.5,129,2025-11-29,2025-11-28T08:54:28Z
DraftKings,player_assists,Ajay Mitchell,Over,2.5,-142,2025-11-29,2025-11-28T08:54:28Z
DraftKings,player_assists,Ajay Mitchell,Under,2.5,108,2025-11-29,2025-11-28T08:54:28Z
DraftKings,player_assists,Isaiah Hartenstein,Over,2.5,-132,2025-11-29,2025-11-28T08:54:28Z
DraftKings,player_assists,Isaiah Hartenstein,Under,2.5,100,2025-11-29,2025-11-28T08:54:28Z
DraftKings,player_assists,Royce O'Neale,Over,2.5,103,2025-11-29,2025-11-28T08:54:28Z
DraftKings,player_assists,Royce O'Neale,Under,2.5,-135,2025-11-29,2025-11-28T08:54:28Z
DraftKings,player_assists,Alex Caruso,Over,1.5,-175,2025-11-29,2025-11-28T08:54:28Z
DraftKings,player_assists,Alex Caruso,Under,1.5,132,2025-11-29,2025-11-28T08:54:28Z
DraftKings,player_assists,Cason Wallace,Over,1.5,-161,2025-11-29,2025-11-28T08:54:28Z
DraftKings,player_assists,Cason Wallace,Under,1.5,122,2025-11-29,2025-11-28T08:54:28Z
DraftKings,player_assists,Chet Holmgren,Over,1.5,-118,2025-11-29,2025-11-28T08:54:28Z
DraftKings,player_assists,Chet Holmgren,Under,1.5,-112,2025-11-29,2025-11-28T08:54:28Z
DraftKings,player_assists,Russell Westbrook,Over,7.5,-127,2025-11-29,2025-11-28T08:54:36Z
DraftKings,player_assists,Russell Westbrook,Under,7.5,-103,2025-11-29,2025-11-28T08:54:36Z
DraftKings,player_assists,Keyonte George,Over,6.5,-139,2025-11-29,2025-11-28T08:54:36Z
DraftKings,player_assists,Keyonte George,Under,6.5,106,2025-11-29,2025-11-28T08:54:36Z
DraftKings,player_assists,Isaiah Collier,Over,5.5,-103,2025-11-29,2025-11-28T08:54:36Z
DraftKings,player_assists,Isaiah Collier,Under,5.5,-127,2025-11-29,2025-11-28T08:54:36Z
DraftKings,player_assists,Dennis Schroder,Over,4.5,-127,2025-11-29,2025-11-28T08:54:36Z
DraftKings,player_assists,Dennis Schroder,Under,4.5,-104,2025-11-29,2025-11-28T08:54:36Z
DraftKings,player_assists,DeMar DeRozan,Over,3.5,-136,2025-11-29,2025-11-28T08:54:36Z
DraftKings,player_assists,DeMar DeRozan,Under,3.5,103,2025-11-29,2025-11-28T08:54:36Z
DraftKings,player_assists,Jusuf Nurkic,Over,3.5,-113,2025-11-29,2025-11-28T08:54:36Z
DraftKings,player_assists,Jusuf Nurkic,Under,3.5,-116,2025-11-29,2025-11-28T08:54:36Z
DraftKings,player_assists,Zach LaVine,Over,3.5,130,2025-11-29,2025-11-28T08:54:36Z
DraftKings,player_assists,Zach LaVine,Under,3.5,-172,2025-11-29,2025-11-28T08:54:36Z
DraftKings,player_assists,Keegan Murray,Over,1.5,102,2025-11-29,2025-11-28T08:54:36Z
DraftKings,player_assists,Keegan Murray,Under,1.5,-134,2025-11-29,2025-11-28T08:54:36Z
DraftKings,player_assists,Luka Doncic,Over,8.5,-113,2025-11-29,2025-11-28T08:54:21Z
DraftKings,player_assists,Luka Doncic,Under,8.5,-116,2025-11-29,2025-11-28T08:54:21Z
DraftKings,player_assists,LeBron James,Over,6.5,111,2025-11-29,2025-11-28T08:54:21Z
DraftKings,player_assists,LeBron James,Under,6.5,-147,2025-11-29,2025-11-28T08:54:21Z
DraftKings,player_assists,Austin Reaves,Over,4.5,100,2025-11-29,2025-11-28T08:54:21Z
DraftKings,player_assists,Austin Reaves,Under,4.5,-132,2025-11-29,2025-11-28T08:54:21Z
DraftKings,player_assists,Brandon Williams,Over,4.5,112,2025-11-29,2025-11-28T08:54:21Z
DraftKings,player_assists,Brandon Williams,Under,4.5,-148,2025-11-29,2025-11-28T08:54:21Z
DraftKings,player_assists,Cooper Flagg,Over,3.5,-118,2025-11-29,2025-11-28T08:54:21Z
DraftKings,player_assists,Cooper Flagg,Under,3.5,-111,2025-11-29,2025-11-28T08:54:21Z
DraftKings,player_assists,Anthony Davis,Over,2.5,-117,2025-11-29,2025-11-28T08:54:21Z
DraftKings,player_assists,Anthony Davis,Under,2.5,-112,2025-11-29,2025-11-28T08:54:21Z
DraftKings,player_assists,Naji Marshall,Over,2.5,111,2025-11-29,2025-11-28T08:54:21Z
DraftKings,player_assists,Naji Marshall,Under,2.5,-146,2025-11-29,2025-11-28T08:54:21Z
DraftKings,player_assists,P.J. Washington,Over,2.5,118,2025-11-29,2025-11-28T08:54:21Z
DraftKings,player_assists,P.J. Washington,Under,2.5,-156,2025-11-29,2025-11-28T08:54:21Z
DraftKings,player_assists,James Harden,Over,8.5,104,2025-11-29,2025-11-28T08:54:22Z
DraftKings,player_assists,James Harden,Under,8.5,-137,2025-11-29,2025-11-28T08:54:22Z
DraftKings,player_assists,Vincent Williams Jr,Over,6.5,-138,2025-11-29,2025-11-28T08:54:22Z
DraftKings,player_assists,Vincent Williams Jr,Under,6.5,105,2025-11-29,2025-11-28T08:54:22Z
DraftKings,player_assists,Kawhi Leonard,Over,3.5,131,2025-11-29,2025-11-28T08:54:22Z
DraftKings,player_assists,Kawhi Leonard,Under,3.5,-173,2025-11-29,2025-11-28T08:54:22Z
DraftKings,player_assists,Cedric Coward,Over,2.5,-171,2025-11-29,2025-11-28T08:54:22Z
DraftKings,player_assists,Cedric Coward,Under,2.5,129,2025-11-29,2025-11-28T08:54:22Z
DraftKings,player_assists,Santi Aldama,Over,2.5,-169,2025-11-29,2025-11-28T08:54:22Z
DraftKings,player_assists,Santi Aldama,Under,2.5,128,2025-11-29,2025-11-28T08:54:22Z
DraftKings,player_assists,Ivica Zubac,Over,2.5,121,2025-11-29,2025-11-28T08:54:22Z
DraftKings,player_assists,Ivica Zubac,Under,2.5,-160,2025-11-29,2025-11-28T08:54:22Z
BetOnline.ag,player_assists,Darius Garland,Over,6.5,-103,2025-11-29,2025-11-28T08:54:03Z
BetOnline.ag,player_assists,Darius Garland,Under,6.5,-125,2025-11-29,2025-11-28T08:54:03Z
BetOnline.ag,player_assists,Onyeka Okongwu,Over,2.5,141,2025-11-29,2025-11-28T08:54:03Z
BetOnline.ag,player_assists,Onyeka Okongwu,Under,2.5,-185,2025-11-29,2025-11-28T08:54:03Z
BetOnline.ag,player_assists,Evan Mobley,Over,3.5,-114,2025-11-29,2025-11-28T08:54:03Z
BetOnline.ag,player_assists,Evan Mobley,Under,3.5,-114,2025-11-29,2025-11-28T08:54:03Z
BetOnline.ag,player_assists,Donovan Mitchell,Over,5.5,-111,2025-11-29,2025-11-28T08:54:03Z
BetOnline.ag,player_assists,Donovan Mitchell,Under,5.5,-116,2025-11-29,2025-11-28T08:54:03Z
BetOnline.ag,player_assists,De'Andre Hunter,Over,2.5,107,2025-11-29,2025-11-28T08:54:03Z
BetOnline.ag,player_assists,De'Andre Hunter,Under,2.5,-139,2025-11-29,2025-11-28T08:54:03Z
BetOnline.ag,player_assists,Dyson Daniels,Over,5.5,115,2025-11-29,2025-11-28T08:54:03Z
BetOnline.ag,player_assists,Dyson Daniels,Under,5.5,-149,2025-11-29,2025-11-28T08:54:03Z
BetOnline.ag,player_assists,Kristaps Porzingis,Over,2.5,-172,2025-11-29,2025-11-28T08:54:03Z
BetOnline.ag,player_assists,Kristaps Porzingis,Under,2.5,131,2025-11-29,2025-11-28T08:54:03Z
BetOnline.ag,player_assists,Nickeil Alexander-Walker,Over,3.5,-102,2025-11-29,2025-11-28T08:54:03Z
BetOnline.ag,player_assists,Nickeil Alexander-Walker,Under,3.5,-127,2025-11-29,2025-11-28T08:54:03Z
BetOnline.ag,player_assists,Jalen Johnson,Over,6.5,-145,2025-11-29,2025-11-28T08:54:03Z
BetOnline.ag,player_assists,Jalen Johnson,Under,6.5,112,2025-11-29,2025-11-28T08:54:03Z
BetOnline.ag,player_assists,Luke Kennard,Over,2.5,126,2025-11-29,2025-11-28T08:54:03Z
BetOnline.ag,player_assists,Luke Kennard,Under,2.5,-164,2025-11-29,2025-11-28T08:54:03Z
BetOnline.ag,player_assists,Lonzo Ball,Over,3.5,-154,2025-11-29,2025-11-28T08:54:03Z
BetOnline.ag,player_assists,Lonzo Ball,Under,3.5,118,2025-11-29,2025-11-28T08:54:03Z
BetOnline.ag,player_assists,Nicolas Claxton,Over,3.5,-123,2025-11-29,2025-11-28T08:54:10Z
BetOnline.ag,player_assists,Nicolas Claxton,Under,3.5,-104,2025-11-29,2025-11-28T08:54:10Z
BetOnline.ag,player_assists,Tyrese Maxey,Over,7.5,-110,2025-11-29,2025-11-28T08:54:10Z
BetOnline.ag,player_assists,Tyrese Maxey,Under,7.5,-118,2025-11-29,2025-11-28T08:54:10Z
BetOnline.ag,player_assists,Terance Mann,Over,3.5,-101,2025-11-29,2025-11-28T08:54:10Z
BetOnline.ag,player_assists,Terance Mann,Under,3.5,-128,2025-11-29,2025-11-28T08:54:10Z
BetOnline.ag,player_assists,Paul George,Over,3.5,-122,2025-11-29,2025-11-28T08:54:10Z
BetOnline.ag,player_assists,Paul George,Under,3.5,-106,2025-11-29,2025-11-28T08:54:10Z
BetOnline.ag,player_assists,Egor Demin,Over,4.5,100,2025-11-29,2025-11-28T08:54:10Z
BetOnline.ag,player_assists,Egor Demin,Under,4.5,-130,2025-11-29,2025-11-28T08:54:10Z
BetOnline.ag,player_assists,Justin Edwards,Over,2.5,110,2025-11-29,2025-11-28T08:54:10Z
BetOnline.ag,player_assists,Justin Edwards,Under,2.5,-143,2025-11-29,2025-11-28T08:54:10Z
BetOnline.ag,player_assists,Noah Clowney,Over,1.5,-164,2025-11-29,2025-11-28T08:54:10Z
BetOnline.ag,player_assists,Noah Clowney,Under,1.5,125,2025-11-29,2025-11-28T08:54:10Z
BetOnline.ag,player_assists,Tyrese Martin,Over,3.5,-102,2025-11-29,2025-11-28T08:54:10Z
BetOnline.ag,player_assists,Tyrese Martin,Under,3.5,-127,2025-11-29,2025-11-28T08:54:10Z
BetOnline.ag,player_assists,Quentin Grimes,Over,3.5,-145,2025-11-29,2025-11-28T08:54:10Z
BetOnline.ag,player_assists,Quentin Grimes,Under,3.5,112,2025-11-29,2025-11-28T08:54:10Z
BetOnline.ag,player_assists,Jared McCain,Over,2.5,-123,2025-11-29,2025-11-28T08:54:10Z
BetOnline.ag,player_assists,Jared McCain,Under,2.5,-104,2025-11-29,2025-11-28T08:54:10Z
BetOnline.ag,player_assists,Drake Powell,Over,2.5,-127,2025-11-29,2025-11-28T08:54:10Z
BetOnline.ag,player_assists,Drake Powell,Under,2.5,-102,2025-11-29,2025-11-28T08:54:10Z
BetOnline.ag,player_assists,Miles Bridges,Over,3.5,134,2025-11-29,2025-11-28T08:53:16Z
BetOnline.ag,player_assists,Miles Bridges,Under,3.5,-175,2025-11-29,2025-11-28T08:53:16Z
BetOnline.ag,player_assists,Coby White,Over,5.5,120,2025-11-29,2025-11-28T08:53:16Z
BetOnline.ag,player_assists,Coby White,Under,5.5,-156,2025-11-29,2025-11-28T08:53:16Z
BetOnline.ag,player_assists,Nikola Vucevic,Over,3.5,132,2025-11-29,2025-11-28T08:53:16Z
BetOnline.ag,player_assists,Nikola Vucevic,Under,3.5,-172,2025-11-29,2025-11-28T08:53:16Z
BetOnline.ag,player_assists,LaMelo Ball,Over,7.5,-111,2025-11-29,2025-11-28T08:53:16Z
BetOnline.ag,player_assists,LaMelo Ball,Under,7.5,-116,2025-11-29,2025-11-28T08:53:16Z
BetOnline.ag,player_assists,Brandon Miller,Over,3.5,122,2025-11-29,2025-11-28T08:53:16Z
BetOnline.ag,player_assists,Brandon Miller,Under,3.5,-159,2025-11-29,2025-11-28T08:53:16Z
BetOnline.ag,player_assists,Ayo Dosunmu,Over,2.5,-172,2025-11-29,2025-11-28T08:53:16Z
BetOnline.ag,player_assists,Ayo Dosunmu,Under,2.5,133,2025-11-29,2025-11-28T08:53:16Z
BetOnline.ag,player_assists,Kon Knueppel,Over,2.5,-114,2025-11-29,2025-11-28T08:53:16Z
BetOnline.ag,player_assists,Kon Knueppel,Under,2.5,-114,2025-11-29,2025-11-28T08:53:16Z
BetOnline.ag,player_assists,Josh Giddey,Over,9.5,-110,2025-11-29,2025-11-28T08:53:16Z
BetOnline.ag,player_assists,Josh Giddey,Under,9.5,-118,2025-11-29,2025-11-28T08:53:16Z
BetOnline.ag,player_assists,Kevin Huerter,Over,2.5,-112,2025-11-29,2025-11-28T08:53:16Z
BetOnline.ag,player_assists,Kevin Huerter,Under,2.5,-115,2025-11-29,2025-11-28T08:53:16Z
BetOnline.ag,player_assists,Collin Sexton,Over,2.5,-169,2025-11-29,2025-11-28T08:53:16Z
BetOnline.ag,player_assists,Collin Sexton,Under,2.5,129,2025-11-29,2025-11-28T08:53:16Z
BetOnline.ag,player_assists,Sion James,Over,2.5,109,2025-11-29,2025-11-28T08:53:16Z
BetOnline.ag,player_assists,Sion James,Under,2.5,-141,2025-11-29,2025-11-28T08:53:16Z
BetOnline.ag,player_assists,Franz Wagner,Over,3.5,-152,2025-11-29,2025-11-28T08:54:36Z
BetOnline.ag,player_assists,Franz Wagner,Under,3.5,117,2025-11-29,2025-11-28T08:54:36Z
BetOnline.ag,player_assists,Tobias Harris,Over,2.5,124,2025-11-29,2025-11-28T08:54:36Z
BetOnline.ag,player_assists,Tobias Harris,Under,2.5,-161,2025-11-29,2025-11-28T08:54:36Z
BetOnline.ag,player_assists,Cade Cunningham,Over,8.5,-101,2025-11-29,2025-11-28T08:54:36Z
BetOnline.ag,player_assists,Cade Cunningham,Under,8.5,-128,2025-11-29,2025-11-28T08:54:36Z
BetOnline.ag,player_assists,Wendell Carter Jr,Over,2.5,136,2025-11-29,2025-11-28T08:54:36Z
BetOnline.ag,player_assists,Wendell Carter Jr,Under,2.5,-179,2025-11-29,2025-11-28T08:54:36Z
BetOnline.ag,player_assists,Jalen Suggs,Over,5.5,-145,2025-11-29,2025-11-28T08:54:36Z
BetOnline.ag,player_assists,Jalen Suggs,Under,5.5,112,2025-11-29,2025-11-28T08:54:36Z
BetOnline.ag,player_assists,Jalen Duren,Over,2.5,124,2025-11-29,2025-11-28T08:54:36Z
BetOnline.ag,player_assists,Jalen Duren,Under,2.5,-161,2025-11-29,2025-11-28T08:54:36Z
BetOnline.ag,player_assists,Ausar Thompson,Over,2.5,110,2025-11-29,2025-11-28T08:54:36Z
BetOnline.ag,player_assists,Ausar Thompson,Under,2.5,-143,2025-11-29,2025-11-28T08:54:36Z
BetOnline.ag,player_assists,Anthony Black,Over,2.5,-112,2025-11-29,2025-11-28T08:54:36Z
BetOnline.ag,player_assists,Anthony Black,Under,2.5,-115,2025-11-29,2025-11-28T08:54:36Z
BetOnline.ag,player_assists,Desmond Bane,Over,3.5,-164,2025-11-29,2025-11-28T08:54:36Z
BetOnline.ag,player_assists,Desmond Bane,Under,3.5,125,2025-11-29,2025-11-28T08:54:36Z
BetOnline.ag,player_assists,Tristan da Silva,Over,2.5,136,2025-11-29,2025-11-28T08:54:36Z
BetOnline.ag,player_assists,Tristan da Silva,Under,2.5,-179,2025-11-29,2025-11-28T08:54:36Z
BetOnline.ag,player_assists,Caris LeVert,Over,2.5,102,2025-11-29,2025-11-28T08:54:36Z
BetOnline.ag,player_assists,Caris LeVert,Under,2.5,-132,2025-11-29,2025-11-28T08:54:36Z
BetOnline.ag,player_assists,Jaden Ivey,Over,2.5,149,2025-11-29,2025-11-28T08:54:36Z
BetOnline.ag,player_assists,Jaden Ivey,Under,2.5,-196,2025-11-29,2025-11-28T08:54:36Z
BetOnline.ag,player_assists,Bilal Coulibaly,Over,3.5,124,2025-11-29,2025-11-28T08:52:40Z
BetOnline.ag,player_assists,Bilal Coulibaly,Under,3.5,-161,2025-11-29,2025-11-28T08:52:40Z
BetOnline.ag,player_assists,Jarace Walker,Over,2.5,102,2025-11-29,2025-11-28T08:52:40Z
BetOnline.ag,player_assists,Jarace Walker,Under,2.5,-132,2025-11-29,2025-11-28T08:52:40Z
BetOnline.ag,player_assists,Andrew Nembhard,Over,6.5,-167,2025-11-29,2025-11-28T08:52:40Z
BetOnline.ag,player_assists,Andrew Nembhard,Under,6.5,128,2025-11-29,2025-11-28T08:52:40Z
BetOnline.ag,player_assists,Pascal Siakam,Over,4.5,-112,2025-11-29,2025-11-28T08:52:40Z
BetOnline.ag,player_assists,Pascal Siakam,Under,4.5,-115,2025-11-29,2025-11-28T08:52:40Z
BetOnline.ag,player_assists,Alex Sarr,Over,3.5,126,2025-11-29,2025-11-28T08:52:40Z
BetOnline.ag,player_assists,Alex Sarr,Under,3.5,-164,2025-11-29,2025-11-28T08:52:40Z
BetOnline.ag,player_assists,Kyshawn George,Over,4.5,112,2025-11-29,2025-11-28T08:52:40Z
BetOnline.ag,player_assists,Kyshawn George,Under,4.5,-145,2025-11-29,2025-11-28T08:52:40Z
BetOnline.ag,player_assists,Khris Middleton,Over,3.5,132,2025-11-29,2025-11-28T08:52:40Z
BetOnline.ag,player_assists,Khris Middleton,Under,3.5,-172,2025-11-29,2025-11-28T08:52:40Z
BetOnline.ag,player_assists,C.J. McCollum,Over,3.5,-102,2025-11-29,2025-11-28T08:52:40Z
BetOnline.ag,player_assists,C.J. McCollum,Under,3.5,-127,2025-11-29,2025-11-28T08:52:40Z
BetOnline.ag,player_assists,Bennedict Mathurin,Over,2.5,128,2025-11-29,2025-11-28T08:52:40Z
BetOnline.ag,player_assists,Bennedict Mathurin,Under,2.5,-167,2025-11-29,2025-11-28T08:52:40Z
BetOnline.ag,player_assists,Carlton Carrington,Over,3.5,-154,2025-11-29,2025-11-28T08:52:40Z
BetOnline.ag,player_assists,Carlton Carrington,Under,3.5,118,2025-11-29,2025-11-28T08:52:40Z
BetOnline.ag,player_assists,T.J. McConnell,Over,5.5,-106,2025-11-29,2025-11-28T08:52:40Z
BetOnline.ag,player_assists,T.J. McConnell,Under,5.5,-122,2025-11-29,2025-11-28T08:52:40Z
BetOnline.ag,player_assists,Giannis Antetokounmpo,Over,6.5,-127,2025-11-29,2025-11-28T08:54:49Z
BetOnline.ag,player_assists,Giannis Antetokounmpo,Under,6.5,-102,2025-11-29,2025-11-28T08:54:49Z
BetOnline.ag,player_assists,Mikal Bridges,Over,3.5,-159,2025-11-29,2025-11-28T08:54:49Z
BetOnline.ag,player_assists,Mikal Bridges,Under,3.5,122,2025-11-29,2025-11-28T08:54:49Z
BetOnline.ag,player_assists,Ryan Rollins,Over,6.5,104,2025-11-29,2025-11-28T08:54:49Z
BetOnline.ag,player_assists,Ryan Rollins,Under,6.5,-135,2025-11-29,2025-11-28T08:54:49Z
BetOnline.ag,player_assists,Jalen Brunson,Over,6.5,106,2025-11-29,2025-11-28T08:54:49Z
BetOnline.ag,player_assists,Jalen Brunson,Under,6.5,-137,2025-11-29,2025-11-28T08:54:49Z
BetOnline.ag,player_assists,Josh Hart,Over,5.5,103,2025-11-29,2025-11-28T08:54:49Z
BetOnline.ag,player_assists,Josh Hart,Under,5.5,-133,2025-11-29,2025-11-28T08:54:49Z
BetOnline.ag,player_assists,Miles McBride,Over,2.5,-114,2025-11-29,2025-11-28T08:54:49Z
BetOnline.ag,player_assists,Miles McBride,Under,2.5,-114,2025-11-29,2025-11-28T08:54:49Z
BetOnline.ag,player_assists,Karl-Anthony Towns,Over,3.5,136,2025-11-29,2025-11-28T08:54:49Z
BetOnline.ag,player_assists,Karl-Anthony Towns,Under,3.5,-179,2025-11-29,2025-11-28T08:54:49Z
BetOnline.ag,player_assists,Jordan Clarkson,Over,2.5,149,2025-11-29,2025-11-28T08:54:49Z
BetOnline.ag,player_assists,Jordan Clarkson,Under,2.5,-196,2025-11-29,2025-11-28T08:54:49Z
BetOnline.ag,player_assists,Nikola Jokic,Over,10.5,-119,2025-11-29,2025-11-28T08:54:07Z
BetOnline.ag,player_assists,Nikola Jokic,Under,10.5,-109,2025-11-29,2025-11-28T08:54:07Z
BetOnline.ag,player_assists,Devin Vassell,Over,2.5,-167,2025-11-29,2025-11-28T08:54:07Z
BetOnline.ag,player_assists,Devin Vassell,Under,2.5,128,2025-11-29,2025-11-28T08:54:07Z
BetOnline.ag,player_assists,Jamal Murray,Over,6.5,-125,2025-11-29,2025-11-28T08:54:07Z
BetOnline.ag,player_assists,Jamal Murray,Under,6.5,-103,2025-11-29,2025-11-28T08:54:07Z
BetOnline.ag,player_assists,De'Aaron Fox,Over,6.5,103,2025-11-29,2025-11-28T08:54:07Z
BetOnline.ag,player_assists,De'Aaron Fox,Under,6.5,-133,2025-11-29,2025-11-28T08:54:07Z
BetOnline.ag,player_assists,Harrison Barnes,Over,2.5,141,2025-11-29,2025-11-28T08:54:07Z
BetOnline.ag,player_assists,Harrison Barnes,Under,2.5,-185,2025-11-29,2025-11-28T08:54:07Z
BetOnline.ag,player_assists,Cameron Johnson,Over,2.5,-128,2025-11-29,2025-11-28T08:54:07Z
BetOnline.ag,player_assists,Cameron Johnson,Under,2.5,-101,2025-11-29,2025-11-28T08:54:07Z
BetOnline.ag,player_assists,Dylan Harper,Over,2.5,-164,2025-11-29,2025-11-28T08:54:07Z
BetOnline.ag,player_assists,Dylan Harper,Under,2.5,126,2025-11-29,2025-11-28T08:54:07Z
BetOnline.ag,player_assists,Bruce Brown,Over,2.5,152,2025-11-29,2025-11-28T08:54:07Z
BetOnline.ag,player_assists,Bruce Brown,Under,2.5,-200,2025-11-29,2025-11-28T08:54:07Z
BetOnline.ag,player_assists,Luke Kornet,Over,2.5,122,2025-11-29,2025-11-28T08:54:07Z
BetOnline.ag,player_assists,Luke Kornet,Under,2.5,-159,2025-11-29,2025-11-28T08:54:07Z
BetOnline.ag,player_assists,Shai Gilgeous-Alexander,Over,6.5,-114,2025-11-29,2025-11-28T08:54:45Z
BetOnline.ag,player_assists,Shai Gilgeous-Alexander,Under,6.5,-114,2025-11-29,2025-11-28T08:54:45Z
BetOnline.ag,player_assists,Devin Booker,Over,6.5,-135,2025-11-29,2025-11-28T08:54:45Z
BetOnline.ag,player_assists,Devin Booker,Under,6.5,105,2025-11-29,2025-11-28T08:54:45Z
BetOnline.ag,player_assists,Cason Wallace,Over,2.5,152,2025-11-29,2025-11-28T08:54:45Z
BetOnline.ag,player_assists,Cason Wallace,Under,2.5,-200,2025-11-29,2025-11-28T08:54:45Z
BetOnline.ag,player_assists,Isaiah Hartenstein,Over,2.5,-130,2025-11-29,2025-11-28T08:54:45Z
BetOnline.ag,player_assists,Isaiah Hartenstein,Under,2.5,101,2025-11-29,2025-11-28T08:54:45Z
BetOnline.ag,player_assists,Royce O'Neale,Over,2.5,109,2025-11-29,2025-11-28T08:54:45Z
BetOnline.ag,player_assists,Royce O'Neale,Under,2.5,-141,2025-11-29,2025-11-28T08:54:45Z
BetOnline.ag,player_assists,Alex Caruso,Over,2.5,149,2025-11-29,2025-11-28T08:54:45Z
BetOnline.ag,player_assists,Alex Caruso,Under,2.5,-196,2025-11-29,2025-11-28T08:54:45Z
BetOnline.ag,player_assists,Collin Gillespie,Over,4.5,-130,2025-11-29,2025-11-28T08:54:45Z
BetOnline.ag,player_assists,Collin Gillespie,Under,4.5,100,2025-11-29,2025-11-28T08:54:45Z
BetOnline.ag,player_assists,Ajay Mitchell,Over,2.5,-145,2025-11-29,2025-11-28T08:54:45Z
BetOnline.ag,player_assists,Ajay Mitchell,Under,2.5,111,2025-11-29,2025-11-28T08:54:45Z
BetOnline.ag,player_assists,Jordan Goodwin,Over,2.5,103,2025-11-29,2025-11-28T08:54:45Z
BetOnline.ag,player_assists,Jordan Goodwin,Under,2.5,-133,2025-11-29,2025-11-28T08:54:45Z
BetOnline.ag,player_assists,Jalen Williams,Over,2.5,-172,2025-11-29,2025-11-28T08:54:45Z
BetOnline.ag,player_assists,Jalen Williams,Under,2.5,132,2025-11-29,2025-11-28T08:54:45Z
BetOnline.ag,player_assists,Keyonte George,Over,6.5,-147,2025-11-29,2025-11-28T08:54:21Z
BetOnline.ag,player_assists,Keyonte George,Under,6.5,113,2025-11-29,2025-11-28T08:54:21Z
BetOnline.ag,player_assists,Isaiah Collier,Over,5.5,-125,2025-11-29,2025-11-28T08:54:21Z
BetOnline.ag,player_assists,Isaiah Collier,Under,5.5,-103,2025-11-29,2025-11-28T08:54:21Z
BetOnline.ag,player_assists,DeMar DeRozan,Over,3.5,-137,2025-11-29,2025-11-28T08:54:21Z
BetOnline.ag,player_assists,DeMar DeRozan,Under,3.5,106,2025-11-29,2025-11-28T08:54:21Z
BetOnline.ag,player_assists,Zach LaVine,Over,2.5,-172,2025-11-29,2025-11-28T08:54:21Z
BetOnline.ag,player_assists,Zach LaVine,Under,2.5,132,2025-11-29,2025-11-28T08:54:21Z
BetOnline.ag,player_assists,Jusuf Nurkic,Over,3.5,-110,2025-11-29,2025-11-28T08:54:21Z
BetOnline.ag,player_assists,Jusuf Nurkic,Under,3.5,-118,2025-11-29,2025-11-28T08:54:21Z
BetOnline.ag,player_assists,Dennis Schroder,Over,4.5,-130,2025-11-29,2025-11-28T08:54:21Z
BetOnline.ag,player_assists,Dennis Schroder,Under,4.5,100,2025-11-29,2025-11-28T08:54:21Z
BetOnline.ag,player_assists,Russell Westbrook,Over,7.5,-123,2025-11-29,2025-11-28T08:54:21Z
BetOnline.ag,player_assists,Russell Westbrook,Under,7.5,-104,2025-11-29,2025-11-28T08:54:21Z
BetOnline.ag,player_assists,Svi Mykhailiuk,Over,2.5,158,2025-11-29,2025-11-28T08:54:21Z
BetOnline.ag,player_assists,Svi Mykhailiuk,Under,2.5,-208,2025-11-29,2025-11-28T08:54:21Z
BetOnline.ag,player_assists,Ace Bailey,Over,2.5,158,2025-11-29,2025-11-28T08:54:21Z
BetOnline.ag,player_assists,Ace Bailey,Under,2.5,-208,2025-11-29,2025-11-28T08:54:21Z
BetOnline.ag,player_assists,Lauri Markkanen,Over,2.5,161,2025-11-29,2025-11-28T08:54:21Z
BetOnline.ag,player_assists,Lauri Markkanen,Under,2.5,-213,2025-11-29,2025-11-28T08:54:21Z
BetOnline.ag,player_assists,Malik Monk,Over,3.5,118,2025-11-29,2025-11-28T08:54:21Z
BetOnline.ag,player_assists,Malik Monk,Under,3.5,-154,2025-11-29,2025-11-28T08:54:21Z
BetOnline.ag,player_assists,LeBron James,Over,6.5,110,2025-11-29,2025-11-28T08:54:15Z
BetOnline.ag,player_assists,LeBron James,Under,6.5,-143,2025-11-29,2025-11-28T08:54:15Z
BetOnline.ag,player_assists,Austin Reaves,Over,4.5,103,2025-11-29,2025-11-28T08:54:15Z
BetOnline.ag,player_assists,Austin Reaves,Under,4.5,-133,2025-11-29,2025-11-28T08:54:15Z
BetOnline.ag,player_assists,P.J. Washington,Over,2.5,126,2025-11-29,2025-11-28T08:54:15Z
BetOnline.ag,player_assists,P.J. Washington,Under,2.5,-164,2025-11-29,2025-11-28T08:54:15Z
BetOnline.ag,player_assists,Luka Doncic,Over,8.5,-111,2025-11-29,2025-11-28T08:54:15Z
BetOnline.ag,player_assists,Luka Doncic,Under,8.5,-116,2025-11-29,2025-11-28T08:54:15Z
BetOnline.ag,player_assists,Max Christie,Over,2.5,132,2025-11-29,2025-11-28T08:54:15Z
BetOnline.ag,player_assists,Max Christie,Under,2.5,-172,2025-11-29,2025-11-28T08:54:15Z
BetOnline.ag,player_assists,Naji Marshall,Over,2.5,112,2025-11-29,2025-11-28T08:54:15Z
BetOnline.ag,player_assists,Naji Marshall,Under,2.5,-145,2025-11-29,2025-11-28T08:54:15Z
BetOnline.ag,player_assists,Anthony Davis,Over,2.5,-105,2025-11-29,2025-11-28T08:54:15Z
BetOnline.ag,player_assists,Anthony Davis,Under,2.5,-123,2025-11-29,2025-11-28T08:54:15Z
BetOnline.ag,player_assists,Cooper Flagg,Over,3.5,-116,2025-11-29,2025-11-28T08:54:15Z
BetOnline.ag,player_assists,Cooper Flagg,Under,3.5,-111,2025-11-29,2025-11-28T08:54:15Z
BetOnline.ag,player_assists,Brandon Williams,Over,4.5,122,2025-11-29,2025-11-28T08:54:15Z
BetOnline.ag,player_assists,Brandon Williams,Under,4.5,-159,2025-11-29,2025-11-28T08:54:15Z
BetOnline.ag,player_assists,Ivica Zubac,Over,2.5,113,2025-11-29,2025-11-28T08:54:53Z
BetOnline.ag,player_assists,Ivica Zubac,Under,2.5,-147,2025-11-29,2025-11-28T08:54:53Z
BetOnline.ag,player_assists,Kawhi Leonard,Over,2.5,-172,2025-11-29,2025-11-28T08:54:53Z
BetOnline.ag,player_assists,Kawhi Leonard,Under,2.5,132,2025-11-29,2025-11-28T08:54:53Z
BetOnline.ag,player_assists,Vincent Williams Jr,Over,6.5,-135,2025-11-29,2025-11-28T08:54:53Z
BetOnline.ag,player_assists,Vincent Williams Jr,Under,6.5,104,2025-11-29,2025-11-28T08:54:53Z
BetOnline.ag,player_assists,Santi Aldama,Over,2.5,-167,2025-11-29,2025-11-28T08:54:53Z
BetOnline.ag,player_assists,Santi Aldama,Under,2.5,128,2025-11-29,2025-11-28T08:54:53Z
BetOnline.ag,player_assists,James Harden,Over,8.5,-102,2025-11-29,2025-11-28T08:54:53Z
BetOnline.ag,player_assists,James Harden,Under,8.5,-127,2025-11-29,2025-11-28T08:54:53Z
BetOnline.ag,player_assists,Kris Dunn,Over,2.5,-172,2025-11-29,2025-11-28T08:54:53Z
BetOnline.ag,player_assists,Kris Dunn,Under,2.5,131,2025-11-29,2025-11-28T08:54:53Z
BetOnline.ag,player_assists,Cedric Coward,Over,2.5,-172,2025-11-29,2025-11-28T08:54:53Z
BetOnline.ag,player_assists,Cedric Coward,Under,2.5,131,2025-11-29,2025-11-28T08:54:53Z
FanDuel,player_threes,Darius Garland,Over,2.5,124,2025-11-29,2025-11-28T08:54:17Z
FanDuel,player_threes,Darius Garland,Under,2.5,-166,2025-11-29,2025-11-28T08:54:17Z
FanDuel,player_threes,Jalen Johnson,Over,1.5,164,2025-11-29,2025-11-28T08:54:17Z
FanDuel,player_threes,Jalen Johnson,Under,1.5,-225,2025-11-29,2025-11-28T08:54:17Z
FanDuel,player_threes,Vit Krejci,Over,1.5,-146,2025-11-29,2025-11-28T08:54:17Z
FanDuel,player_threes,Vit Krejci,Under,1.5,110,2025-11-29,2025-11-28T08:54:17Z
FanDuel,player_threes,Zaccharie Risacher,Over,1.5,102,2025-11-29,2025-11-28T08:54:17Z
FanDuel,player_threes,Zaccharie Risacher,Under,1.5,-136,2025-11-29,2025-11-28T08:54:17Z
FanDuel,player_threes,De'Andre Hunter,Over,2.5,112,2025-11-29,2025-11-28T08:54:17Z
FanDuel,player_threes,De'Andre Hunter,Under,2.5,-148,2025-11-29,2025-11-28T08:54:17Z
FanDuel,player_threes,Jaylon Tyson,Over,1.5,118,2025-11-29,2025-11-28T08:54:17Z
FanDuel,player_threes,Jaylon Tyson,Under,1.5,-158,2025-11-29,2025-11-28T08:54:17Z
FanDuel,player_threes,Donovan Mitchell,Over,3.5,-140,2025-11-29,2025-11-28T08:54:17Z
FanDuel,player_threes,Donovan Mitchell,Under,3.5,106,2025-11-29,2025-11-28T08:54:17Z
FanDuel,player_threes,Luke Kennard,Over,1.5,164,2025-11-29,2025-11-28T08:54:17Z
FanDuel,player_threes,Luke Kennard,Under,1.5,-225,2025-11-29,2025-11-28T08:54:17Z
FanDuel,player_threes,Onyeka Okongwu,Over,1.5,128,2025-11-29,2025-11-28T08:54:17Z
FanDuel,player_threes,Onyeka Okongwu,Under,1.5,-172,2025-11-29,2025-11-28T08:54:17Z
FanDuel,player_threes,Kristaps Porzingis,Over,1.5,-136,2025-11-29,2025-11-28T08:54:17Z
FanDuel,player_threes,Kristaps Porzingis,Under,1.5,102,2025-11-29,2025-11-28T08:54:17Z
FanDuel,player_threes,Nickeil Alexander-Walker,Over,2.5,140,2025-11-29,2025-11-28T08:54:17Z
FanDuel,player_threes,Nickeil Alexander-Walker,Under,2.5,-188,2025-11-29,2025-11-28T08:54:17Z
FanDuel,player_threes,Evan Mobley,Over,1.5,178,2025-11-29,2025-11-28T08:54:17Z
FanDuel,player_threes,Evan Mobley,Under,1.5,-245,2025-11-29,2025-11-28T08:54:17Z
FanDuel,player_threes,Terance Mann,Over,1.5,164,2025-11-29,2025-11-28T08:53:57Z
FanDuel,player_threes,Terance Mann,Under,1.5,-225,2025-11-29,2025-11-28T08:53:57Z
FanDuel,player_threes,Justin Edwards,Over,1.5,-138,2025-11-29,2025-11-28T08:53:57Z
FanDuel,player_threes,Justin Edwards,Under,1.5,104,2025-11-29,2025-11-28T08:53:57Z
FanDuel,player_threes,Noah Clowney,Over,2.5,-128,2025-11-29,2025-11-28T08:53:57Z
FanDuel,player_threes,Noah Clowney,Under,2.5,-104,2025-11-29,2025-11-28T08:53:57Z
FanDuel,player_threes,Quentin Grimes,Over,2.5,-136,2025-11-29,2025-11-28T08:53:57Z
FanDuel,player_threes,Quentin Grimes,Under,2.5,102,2025-11-29,2025-11-28T08:53:57Z
FanDuel,player_threes,Jalen Wilson,Over,1.5,108,2025-11-29,2025-11-28T08:53:57Z
FanDuel,player_threes,Jalen Wilson,Under,1.5,-144,2025-11-29,2025-11-28T08:53:57Z
FanDuel,player_threes,Ziaire Williams,Over,1.5,-136,2025-11-29,2025-11-28T08:53:57Z
FanDuel,player_threes,Ziaire Williams,Under,1.5,102,2025-11-29,2025-11-28T08:53:57Z
FanDuel,player_threes,Paul George,Over,1.5,-178,2025-11-29,2025-11-28T08:53:57Z
FanDuel,player_threes,Paul George,Under,1.5,132,2025-11-29,2025-11-28T08:53:57Z
FanDuel,player_threes,Jared McCain,Over,1.5,-146,2025-11-29,2025-11-28T08:53:57Z
FanDuel,player_threes,Jared McCain,Under,1.5,110,2025-11-29,2025-11-28T08:53:57Z
FanDuel,player_threes,Tyrese Maxey,Over,3.5,-152,2025-11-29,2025-11-28T08:53:57Z
FanDuel,player_threes,Tyrese Maxey,Under,3.5,114,2025-11-29,2025-11-28T08:53:57Z
FanDuel,player_threes,Tyrese Martin,Over,1.5,-130,2025-11-29,2025-11-28T08:53:57Z
FanDuel,player_threes,Tyrese Martin,Under,1.5,-102,2025-11-29,2025-11-28T08:53:57Z
FanDuel,player_threes,Egor Demin,Over,2.5,158,2025-11-29,2025-11-28T08:53:57Z
FanDuel,player_threes,Egor Demin,Under,2.5,-215,2025-11-29,2025-11-28T08:53:57Z
FanDuel,player_threes,Kon Knueppel,Over,3.5,102,2025-11-29,2025-11-28T08:54:04Z
FanDuel,player_threes,Kon Knueppel,Under,3.5,-136,2025-11-29,2025-11-28T08:54:04Z
FanDuel,player_threes,Coby White,Over,2.5,-182,2025-11-29,2025-11-28T08:54:04Z
FanDuel,player_threes,Coby White,Under,2.5,136,2025-11-29,2025-11-28T08:54:04Z
FanDuel,player_threes,Brandon Miller,Over,2.5,-128,2025-11-29,2025-11-28T08:54:04Z
FanDuel,player_threes,Brandon Miller,Under,2.5,-104,2025-11-29,2025-11-28T08:54:04Z
FanDuel,player_threes,Collin Sexton,Over,1.5,194,2025-11-29,2025-11-28T08:54:04Z
FanDuel,player_threes,Collin Sexton,Under,1.5,-270,2025-11-29,2025-11-28T08:54:04Z
FanDuel,player_threes,Nikola Vucevic,Over,1.5,-188,2025-11-29,2025-11-28T08:54:04Z
FanDuel,player_threes,Nikola Vucevic,Under,1.5,140,2025-11-29,2025-11-28T08:54:04Z
FanDuel,player_threes,Josh Giddey,Over,1.5,100,2025-11-29,2025-11-28T08:54:04Z
FanDuel,player_threes,Josh Giddey,Under,1.5,-132,2025-11-29,2025-11-28T08:54:04Z
FanDuel,player_threes,Miles Bridges,Over,2.5,122,2025-11-29,2025-11-28T08:54:04Z
FanDuel,player_threes,Miles Bridges,Under,2.5,-162,2025-11-29,2025-11-28T08:54:04Z
FanDuel,player_threes,LaMelo Ball,Over,2.5,-125,2025-11-29,2025-11-28T08:54:04Z
FanDuel,player_threes,LaMelo Ball,Under,2.5,-106,2025-11-29,2025-11-28T08:54:04Z
FanDuel,player_threes,Matas Buzelis,Over,1.5,-146,2025-11-29,2025-11-28T08:54:04Z
FanDuel,player_threes,Matas Buzelis,Under,1.5,110,2025-11-29,2025-11-28T08:54:04Z
FanDuel,player_threes,Isaac Okoro,Over,1.5,178,2025-11-29,2025-11-28T08:54:04Z
FanDuel,player_threes,Isaac Okoro,Under,1.5,-245,2025-11-29,2025-11-28T08:54:04Z
FanDuel,player_threes,Ayo Dosunmu,Over,1.5,-146,2025-11-29,2025-11-28T08:54:04Z
FanDuel,player_threes,Ayo Dosunmu,Under,1.5,110,2025-11-29,2025-11-28T08:54:04Z
FanDuel,player_threes,Kevin Huerter,Over,1.5,-106,2025-11-29,2025-11-28T08:54:04Z
FanDuel,player_threes,Kevin Huerter,Under,1.5,-125,2025-11-29,2025-11-28T08:54:04Z
FanDuel,player_threes,Anthony Black,Over,1.5,148,2025-11-29,2025-11-28T08:54:01Z
FanDuel,player_threes,Anthony Black,Under,1.5,-200,2025-11-29,2025-11-28T08:54:01Z
FanDuel,player_threes,Wendell Carter Jr,Over,1.5,148,2025-11-29,2025-11-28T08:54:01Z
FanDuel,player_threes,Wendell Carter Jr,Under,1.5,-200,2025-11-29,2025-11-28T08:54:01Z
FanDuel,player_threes,Jalen Suggs,Over,2.5,130,2025-11-29,2025-11-28T08:54:01Z
FanDuel,player_threes,Jalen Suggs,Under,2.5,-174,2025-11-29,2025-11-28T08:54:01Z
FanDuel,player_threes,Tristan da Silva,Over,1.5,-166,2025-11-29,2025-11-28T08:54:01Z
FanDuel,player_threes,Tristan da Silva,Under,1.5,124,2025-11-29,2025-11-28T08:54:01Z
FanDuel,player_threes,Jaden Ivey,Over,1.5,152,2025-11-29,2025-11-28T08:54:01Z
FanDuel,player_threes,Jaden Ivey,Under,1.5,-205,2025-11-29,2025-11-28T08:54:01Z
FanDuel,player_threes,Desmond Bane,Over,2.5,154,2025-11-29,2025-11-28T08:54:01Z
FanDuel,player_threes,Desmond Bane,Under,2.5,-210,2025-11-29,2025-11-28T08:54:01Z
FanDuel,player_threes,Duncan Robinson,Over,2.5,140,2025-11-29,2025-11-28T08:54:01Z
FanDuel,player_threes,Duncan Robinson,Under,2.5,-188,2025-11-29,2025-11-28T08:54:01Z
FanDuel,player_threes,Franz Wagner,Over,1.5,-108,2025-11-29,2025-11-28T08:54:01Z
FanDuel,player_threes,Franz Wagner,Under,1.5,-122,2025-11-29,2025-11-28T08:54:01Z
FanDuel,player_threes,Tobias Harris,Over,1.5,128,2025-11-29,2025-11-28T08:54:01Z
FanDuel,player_threes,Tobias Harris,Under,1.5,-172,2025-11-29,2025-11-28T08:54:01Z
FanDuel,player_threes,Cade Cunningham,Over,1.5,-188,2025-11-29,2025-11-28T08:54:01Z
FanDuel,player_threes,Cade Cunningham,Under,1.5,140,2025-11-29,2025-11-28T08:54:01Z
FanDuel,player_threes,Caris LeVert,Over,1.5,164,2025-11-29,2025-11-28T08:54:01Z
FanDuel,player_threes,Caris LeVert,Under,1.5,-225,2025-11-29,2025-11-28T08:54:01Z
FanDuel,player_threes,Alex Sarr,Over,1.5,158,2025-11-29,2025-11-28T08:54:11Z
FanDuel,player_threes,Alex Sarr,Under,1.5,-215,2025-11-29,2025-11-28T08:54:11Z
FanDuel,player_threes,C.J. McCollum,Over,2.5,-118,2025-11-29,2025-11-28T08:54:11Z
FanDuel,player_threes,C.J. McCollum,Under,2.5,-112,2025-11-29,2025-11-28T08:54:11Z
FanDuel,player_threes,Jay Huff,Over,1.5,-114,2025-11-29,2025-11-28T08:54:11Z
FanDuel,player_threes,Jay Huff,Under,1.5,-114,2025-11-29,2025-11-28T08:54:11Z
FanDuel,player_threes,Ben Sheppard,Over,1.5,178,2025-11-29,2025-11-28T08:54:11Z
FanDuel,player_threes,Ben Sheppard,Under,1.5,-245,2025-11-29,2025-11-28T08:54:11Z
FanDuel,player_threes,Cam Whitmore,Over,1.5,106,2025-11-29,2025-11-28T08:54:11Z
FanDuel,player_threes,Cam Whitmore,Under,1.5,-140,2025-11-29,2025-11-28T08:54:11Z
FanDuel,player_threes,Carlton Carrington,Over,1.5,124,2025-11-29,2025-11-28T08:54:11Z
FanDuel,player_threes,Carlton Carrington,Under,1.5,-166,2025-11-29,2025-11-28T08:54:11Z
FanDuel,player_threes,Pascal Siakam,Over,1.5,-130,2025-11-29,2025-11-28T08:54:11Z
FanDuel,player_threes,Pascal Siakam,Under,1.5,-102,2025-11-29,2025-11-28T08:54:11Z
FanDuel,player_threes,Andrew Nembhard,Over,1.5,-130,2025-11-29,2025-11-28T08:54:11Z
FanDuel,player_threes,Andrew Nembhard,Under,1.5,-102,2025-11-29,2025-11-28T08:54:11Z
FanDuel,player_threes,Bennedict Mathurin,Over,2.5,116,2025-11-29,2025-11-28T08:54:11Z
FanDuel,player_threes,Bennedict Mathurin,Under,2.5,-154,2025-11-29,2025-11-28T08:54:11Z
FanDuel,player_threes,Kyshawn George,Over,2.5,136,2025-11-29,2025-11-28T08:54:11Z
FanDuel,player_threes,Kyshawn George,Under,2.5,-182,2025-11-29,2025-11-28T08:54:11Z
FanDuel,player_threes,Khris Middleton,Over,0.5,-192,2025-11-29,2025-11-28T08:54:11Z
FanDuel,player_threes,Khris Middleton,Under,0.5,142,2025-11-29,2025-11-28T08:54:11Z
FanDuel,player_threes,Jarace Walker,Over,1.5,108,2025-11-29,2025-11-28T08:54:11Z
FanDuel,player_threes,Jarace Walker,Under,1.5,-144,2025-11-29,2025-11-28T08:54:11Z
FanDuel,player_threes,Gary Trent Jr,Over,2.5,132,2025-11-29,2025-11-28T08:53:57Z
FanDuel,player_threes,Gary Trent Jr,Under,2.5,-178,2025-11-29,2025-11-28T08:53:57Z
FanDuel,player_threes,Jalen Brunson,Over,2.5,-174,2025-11-29,2025-11-28T08:53:57Z
FanDuel,player_threes,Jalen Brunson,Under,2.5,130,2025-11-29,2025-11-28T08:53:57Z
FanDuel,player_threes,Miles McBride,Over,2.5,154,2025-11-29,2025-11-28T08:53:57Z
FanDuel,player_threes,Miles McBride,Under,2.5,-210,2025-11-29,2025-11-28T08:53:57Z
FanDuel,player_threes,Myles Turner,Over,2.5,118,2025-11-29,2025-11-28T08:53:57Z
FanDuel,player_threes,Myles Turner,Under,2.5,-158,2025-11-29,2025-11-28T08:53:57Z
FanDuel,player_threes,Ryan Rollins,Over,2.5,-106,2025-11-29,2025-11-28T08:53:57Z
FanDuel,player_threes,Ryan Rollins,Under,2.5,-125,2025-11-29,2025-11-28T08:53:57Z
FanDuel,player_threes,Karl-Anthony Towns,Over,2.5,138,2025-11-29,2025-11-28T08:53:57Z
FanDuel,player_threes,Karl-Anthony Towns,Under,2.5,-186,2025-11-29,2025-11-28T08:53:57Z
FanDuel,player_threes,Mikal Bridges,Over,1.5,-200,2025-11-29,2025-11-28T08:53:57Z
FanDuel,player_threes,Mikal Bridges,Under,1.5,148,2025-11-29,2025-11-28T08:53:57Z
FanDuel,player_threes,A.J. Green,Over,2.5,-138,2025-11-29,2025-11-28T08:53:57Z
FanDuel,player_threes,A.J. Green,Under,2.5,104,2025-11-29,2025-11-28T08:53:57Z
FanDuel,player_threes,Kyle Kuzma,Over,1.5,164,2025-11-29,2025-11-28T08:53:57Z
FanDuel,player_threes,Kyle Kuzma,Under,1.5,-225,2025-11-29,2025-11-28T08:53:57Z
FanDuel,player_threes,Josh Hart,Over,1.5,126,2025-11-29,2025-11-28T08:53:57Z
FanDuel,player_threes,Josh Hart,Under,1.5,-166,2025-11-29,2025-11-28T08:53:57Z
FanDuel,player_threes,Jordan Clarkson,Over,1.5,-108,2025-11-29,2025-11-28T08:53:57Z
FanDuel,player_threes,Jordan Clarkson,Under,1.5,-122,2025-11-29,2025-11-28T08:53:57Z
FanDuel,player_threes,Peyton Watson,Over,1.5,-146,2025-11-29,2025-11-28T08:54:17Z
FanDuel,player_threes,Peyton Watson,Under,1.5,110,2025-11-29,2025-11-28T08:54:17Z
FanDuel,player_threes,De'Aaron Fox,Over,2.5,132,2025-11-29,2025-11-28T08:54:17Z
FanDuel,player_threes,De'Aaron Fox,Under,2.5,-178,2025-11-29,2025-11-28T08:54:17Z
FanDuel,player_threes,Keldon Johnson,Over,1.5,128,2025-11-29,2025-11-28T08:54:17Z
FanDuel,player_threes,Keldon Johnson,Under,1.5,-172,2025-11-29,2025-11-28T08:54:17Z
FanDuel,player_threes,Harrison Barnes,Over,2.5,132,2025-11-29,2025-11-28T08:54:17Z
FanDuel,player_threes,Harrison Barnes,Under,2.5,-178,2025-11-29,2025-11-28T08:54:17Z
FanDuel,player_threes,Nikola Jokic,Over,1.5,-200,2025-11-29,2025-11-28T08:54:17Z
FanDuel,player_threes,Nikola Jokic,Under,1.5,148,2025-11-29,2025-11-28T08:54:17Z
FanDuel,player_threes,Tim Hardaway Jr,Over,2.5,140,2025-11-29,2025-11-28T08:54:17Z
FanDuel,player_threes,Tim Hardaway Jr,Under,2.5,-188,2025-11-29,2025-11-28T08:54:17Z
FanDuel,player_threes,Jamal Murray,Over,2.5,-132,2025-11-29,2025-11-28T08:54:17Z
FanDuel,player_threes,Jamal Murray,Under,2.5,100,2025-11-29,2025-11-28T08:54:17Z
FanDuel,player_threes,Cameron Johnson,Over,1.5,-200,2025-11-29,2025-11-28T08:54:17Z
FanDuel,player_threes,Cameron Johnson,Under,1.5,148,2025-11-29,2025-11-28T08:54:17Z
FanDuel,player_threes,Devin Vassell,Over,2.5,-108,2025-11-29,2025-11-28T08:54:17Z
FanDuel,player_threes,Devin Vassell,Under,2.5,-122,2025-11-29,2025-11-28T08:54:17Z
FanDuel,player_threes,Julian Champagnie,Over,2.5,-102,2025-11-29,2025-11-28T08:54:17Z
FanDuel,player_threes,Julian Champagnie,Under,2.5,-130,2025-11-29,2025-11-28T08:54:17Z
FanDuel,player_threes,Collin Gillespie,Over,2.5,104,2025-11-29,2025-11-28T08:54:23Z
FanDuel,player_threes,Collin Gillespie,Under,2.5,-138,2025-11-29,2025-11-28T08:54:23Z
FanDuel,player_threes,Ajay Mitchell,Over,0.5,-230,2025-11-29,2025-11-28T08:54:23Z
FanDuel,player_threes,Ajay Mitchell,Under,0.5,168,2025-11-29,2025-11-28T08:54:23Z
FanDuel,player_threes,Alex Caruso,Over,1.5,146,2025-11-29,2025-11-28T08:54:23Z
FanDuel,player_threes,Alex Caruso,Under,1.5,-198,2025-11-29,2025-11-28T08:54:23Z
FanDuel,player_threes,Royce O'Neale,Over,2.5,-114,2025-11-29,2025-11-28T08:54:23Z
FanDuel,player_threes,Royce O'Neale,Under,2.5,-114,2025-11-29,2025-11-28T08:54:23Z
FanDuel,player_threes,Isaiah Joe,Over,1.5,-158,2025-11-29,2025-11-28T08:54:23Z
FanDuel,player_threes,Isaiah Joe,Under,1.5,120,2025-11-29,2025-11-28T08:54:23Z
FanDuel,player_threes,Jordan Goodwin,Over,1.5,138,2025-11-29,2025-11-28T08:54:23Z
FanDuel,player_threes,Jordan Goodwin,Under,1.5,-186,2025-11-29,2025-11-28T08:54:23Z
FanDuel,player_threes,Cason Wallace,Over,1.5,148,2025-11-29,2025-11-28T08:54:23Z
FanDuel,player_threes,Cason Wallace,Under,1.5,-200,2025-11-29,2025-11-28T08:54:23Z
FanDuel,player_threes,Devin Booker,Over,2.5,132,2025-11-29,2025-11-28T08:54:23Z
FanDuel,player_threes,Devin Booker,Under,2.5,-178,2025-11-29,2025-11-28T08:54:23Z
FanDuel,player_threes,Shai Gilgeous-Alexander,Over,1.5,-114,2025-11-29,2025-11-28T08:54:23Z
FanDuel,player_threes,Shai Gilgeous-Alexander,Under,1.5,-114,2025-11-29,2025-11-28T08:54:23Z
FanDuel,player_threes,Luguentz Dort,Over,1.5,-114,2025-11-29,2025-11-28T08:54:23Z
FanDuel,player_threes,Luguentz Dort,Under,1.5,-114,2025-11-29,2025-11-28T08:54:23Z
FanDuel,player_threes,Dillon Brooks,Over,2.5,-108,2025-11-29,2025-11-28T08:54:23Z
FanDuel,player_threes,Dillon Brooks,Under,2.5,-122,2025-11-29,2025-11-28T08:54:23Z
FanDuel,player_threes,Chet Holmgren,Over,1.5,100,2025-11-29,2025-11-28T08:54:23Z
FanDuel,player_threes,Chet Holmgren,Under,1.5,-132,2025-11-29,2025-11-28T08:54:23Z
FanDuel,player_threes,Jalen Williams,Over,1.5,174,2025-11-29,2025-11-28T08:54:23Z
FanDuel,player_threes,Jalen Williams,Under,1.5,-240,2025-11-29,2025-11-28T08:54:23Z
FanDuel,player_threes,Keegan Murray,Over,2.5,102,2025-11-29,2025-11-28T08:54:12Z
FanDuel,player_threes,Keegan Murray,Under,2.5,-136,2025-11-29,2025-11-28T08:54:12Z
FanDuel,player_threes,Dennis Schroder,Over,1.5,162,2025-11-29,2025-11-28T08:54:12Z
FanDuel,player_threes,Dennis Schroder,Under,1.5,-220,2025-11-29,2025-11-28T08:54:12Z
FanDuel,player_threes,Russell Westbrook,Over,1.5,-130,2025-11-29,2025-11-28T08:54:12Z
FanDuel,player_threes,Russell Westbrook,Under,1.5,-102,2025-11-29,2025-11-28T08:54:12Z
FanDuel,player_threes,Zach LaVine,Over,2.5,-110,2025-11-29,2025-11-28T08:54:12Z
FanDuel,player_threes,Zach LaVine,Under,2.5,-120,2025-11-29,2025-11-28T08:54:12Z
FanDuel,player_threes,Keyonte George,Over,2.5,124,2025-11-29,2025-11-28T08:54:12Z
FanDuel,player_threes,Keyonte George,Under,2.5,-166,2025-11-29,2025-11-28T08:54:12Z
FanDuel,player_threes,Malik Monk,Over,1.5,-114,2025-11-29,2025-11-28T08:54:12Z
FanDuel,player_threes,Malik Monk,Under,1.5,-114,2025-11-29,2025-11-28T08:54:12Z
FanDuel,player_threes,Ace Bailey,Over,1.5,102,2025-11-29,2025-11-28T08:54:12Z
FanDuel,player_threes,Ace Bailey,Under,1.5,-136,2025-11-29,2025-11-28T08:54:12Z
FanDuel,player_threes,Lauri Markkanen,Over,3.5,114,2025-11-29,2025-11-28T08:54:12Z
FanDuel,player_threes,Lauri Markkanen,Under,3.5,-152,2025-11-29,2025-11-28T08:54:12Z
FanDuel,player_threes,Brice Sensabaugh,Over,1.5,-128,2025-11-29,2025-11-28T08:54:12Z
FanDuel,player_threes,Brice Sensabaugh,Under,1.5,-104,2025-11-29,2025-11-28T08:54:12Z
FanDuel,player_threes,Svi Mykhailiuk,Over,1.5,-144,2025-11-29,2025-11-28T08:54:12Z
FanDuel,player_threes,Svi Mykhailiuk,Under,1.5,108,2025-11-29,2025-11-28T08:54:12Z
FanDuel,player_threes,Klay Thompson,Over,2.5,-102,2025-11-29,2025-11-28T08:55:05Z
FanDuel,player_threes,Klay Thompson,Under,2.5,-130,2025-11-29,2025-11-28T08:55:05Z
FanDuel,player_threes,Brandon Williams,Over,1.5,178,2025-11-29,2025-11-28T08:55:05Z
FanDuel,player_threes,Brandon Williams,Under,1.5,-245,2025-11-29,2025-11-28T08:55:05Z
FanDuel,player_threes,Cooper Flagg,Over,1.5,154,2025-11-29,2025-11-28T08:55:05Z
FanDuel,player_threes,Cooper Flagg,Under,1.5,-210,2025-11-29,2025-11-28T08:55:05Z
FanDuel,player_threes,Rui Hachimura,Over,1.5,118,2025-11-29,2025-11-28T08:55:05Z
FanDuel,player_threes,Rui Hachimura,Under,1.5,-158,2025-11-29,2025-11-28T08:55:05Z
FanDuel,player_threes,Luka Doncic,Over,3.5,-148,2025-11-29,2025-11-28T08:55:05Z
FanDuel,player_threes,Luka Doncic,Under,3.5,112,2025-11-29,2025-11-28T08:55:05Z
FanDuel,player_threes,Marcus Smart,Over,1.5,194,2025-11-29,2025-11-28T08:55:05Z
FanDuel,player_threes,Marcus Smart,Under,1.5,-270,2025-11-29,2025-11-28T08:55:05Z
FanDuel,player_threes,LeBron James,Over,1.5,-144,2025-11-29,2025-11-28T08:55:05Z
FanDuel,player_threes,LeBron James,Under,1.5,108,2025-11-29,2025-11-28T08:55:05Z
FanDuel,player_threes,Max Christie,Over,2.5,158,2025-11-29,2025-11-28T08:55:05Z
FanDuel,player_threes,Max Christie,Under,2.5,-215,2025-11-29,2025-11-28T08:55:05Z
FanDuel,player_threes,P.J. Washington,Over,1.5,-136,2025-11-29,2025-11-28T08:55:05Z
FanDuel,player_threes,P.J. Washington,Under,1.5,102,2025-11-29,2025-11-28T08:55:05Z
FanDuel,player_threes,Austin Reaves,Over,2.5,-128,2025-11-29,2025-11-28T08:55:05Z
FanDuel,player_threes,Austin Reaves,Under,2.5,-104,2025-11-29,2025-11-28T08:55:05Z
FanDuel,player_threes,Cedric Coward,Over,1.5,-120,2025-11-29,2025-11-28T08:54:31Z
FanDuel,player_threes,Cedric Coward,Under,1.5,-110,2025-11-29,2025-11-28T08:54:31Z
FanDuel,player_threes,John Collins,Over,1.5,174,2025-11-29,2025-11-28T08:54:31Z
FanDuel,player_threes,John Collins,Under,1.5,-240,2025-11-29,2025-11-28T08:54:31Z
FanDuel,player_threes,Jaylen Wells,Over,2.5,158,2025-11-29,2025-11-28T08:54:31Z
FanDuel,player_threes,Jaylen Wells,Under,2.5,-215,2025-11-29,2025-11-28T08:54:31Z
FanDuel,player_threes,Kawhi Leonard,Over,1.5,-158,2025-11-29,2025-11-28T08:54:31Z
FanDuel,player_threes,Kawhi Leonard,Under,1.5,118,2025-11-29,2025-11-28T08:54:31Z
FanDuel,player_threes,Jaren Jackson Jr,Over,2.5,158,2025-11-29,2025-11-28T08:54:31Z
FanDuel,player_threes,Jaren Jackson Jr,Under,2.5,-215,2025-11-29,2025-11-28T08:54:31Z
FanDuel,player_threes,Santi Aldama,Over,1.5,102,2025-11-29,2025-11-28T08:54:31Z
FanDuel,player_threes,Santi Aldama,Under,1.5,-136,2025-11-29,2025-11-28T08:54:31Z
FanDuel,player_threes,James Harden,Over,3.5,100,2025-11-29,2025-11-28T08:54:31Z
FanDuel,player_threes,James Harden,Under,3.5,-132,2025-11-29,2025-11-28T08:54:31Z
FanDuel,player_threes,Vincent Williams Jr,Over,1.5,110,2025-11-29,2025-11-28T08:54:31Z
FanDuel,player_threes,Vincent Williams Jr,Under,1.5,-146,2025-11-29,2025-11-28T08:54:31Z
FanDuel,player_threes,Brook Lopez,Over,0.5,-245,2025-11-29,2025-11-28T08:54:31Z
FanDuel,player_threes,Brook Lopez,Under,0.5,178,2025-11-29,2025-11-28T08:54:31Z
BetRivers,player_threes,Kristaps Porzingis,Over,1.5,-139,2025-11-29,2025-11-28T08:52:51Z
BetRivers,player_threes,Kristaps Porzingis,Under,1.5,105,2025-11-29,2025-11-28T08:52:51Z
BetRivers,player_threes,Onyeka Okongwu,Over,1.5,135,2025-11-29,2025-11-28T08:52:51Z
BetRivers,player_threes,Onyeka Okongwu,Under,1.5,-182,2025-11-29,2025-11-28T08:52:51Z
BetRivers,player_threes,Jalen Johnson,Over,1.5,160,2025-11-29,2025-11-28T08:52:51Z
BetRivers,player_threes,Jalen Johnson,Under,1.5,-220,2025-11-29,2025-11-28T08:52:51Z
BetRivers,player_threes,Nickeil Alexander-Walker,Over,2.5,138,2025-11-29,2025-11-28T08:52:51Z
BetRivers,player_threes,Nickeil Alexander-Walker,Under,2.5,-186,2025-11-29,2025-11-28T08:52:51Z
BetRivers,player_threes,Zaccharie Risacher,Over,1.5,100,2025-11-29,2025-11-28T08:52:51Z
BetRivers,player_threes,Zaccharie Risacher,Under,1.5,-132,2025-11-29,2025-11-28T08:52:51Z
BetRivers,player_threes,Kristaps Porzingis,Over,1.5,-139,2025-11-29,2025-11-28T08:52:51Z
BetRivers,player_threes,Kristaps Porzingis,Under,1.5,105,2025-11-29,2025-11-28T08:52:51Z
BetRivers,player_threes,Onyeka Okongwu,Over,1.5,135,2025-11-29,2025-11-28T08:52:51Z
BetRivers,player_threes,Onyeka Okongwu,Under,1.5,-182,2025-11-29,2025-11-28T08:52:51Z
BetRivers,player_threes,Jalen Johnson,Over,1.5,160,2025-11-29,2025-11-28T08:52:51Z
BetRivers,player_threes,Jalen Johnson,Under,1.5,-220,2025-11-29,2025-11-28T08:52:51Z
BetRivers,player_threes,Nickeil Alexander-Walker,Over,2.5,138,2025-11-29,2025-11-28T08:52:51Z
BetRivers,player_threes,Nickeil Alexander-Walker,Under,2.5,-186,2025-11-29,2025-11-28T08:52:51Z
BetRivers,player_threes,Zaccharie Risacher,Over,1.5,100,2025-11-29,2025-11-28T08:52:51Z
BetRivers,player_threes,Zaccharie Risacher,Under,1.5,-132,2025-11-29,2025-11-28T08:52:51Z
BetRivers,player_threes,Franz Wagner,Over,1.5,-115,2025-11-29,2025-11-28T08:53:47Z
BetRivers,player_threes,Franz Wagner,Under,1.5,-115,2025-11-29,2025-11-28T08:53:47Z
BetRivers,player_threes,Cade Cunningham,Over,1.5,-175,2025-11-29,2025-11-28T08:53:47Z
BetRivers,player_threes,Cade Cunningham,Under,1.5,130,2025-11-29,2025-11-28T08:53:47Z
BetRivers,player_threes,Jalen Suggs,Over,2.5,116,2025-11-29,2025-11-28T08:53:47Z
BetRivers,player_threes,Jalen Suggs,Under,2.5,-155,2025-11-29,2025-11-28T08:53:47Z
BetRivers,player_threes,Tobias Harris,Over,1.5,132,2025-11-29,2025-11-28T08:53:47Z
BetRivers,player_threes,Tobias Harris,Under,1.5,-177,2025-11-29,2025-11-28T08:53:47Z
BetRivers,player_threes,Tristan da Silva,Over,1.5,-182,2025-11-29,2025-11-28T08:53:47Z
BetRivers,player_threes,Tristan da Silva,Under,1.5,138,2025-11-29,2025-11-28T08:53:47Z
BetRivers,player_threes,Duncan Robinson,Over,2.5,135,2025-11-29,2025-11-28T08:53:47Z
BetRivers,player_threes,Duncan Robinson,Under,2.5,-182,2025-11-29,2025-11-28T08:53:47Z
BetRivers,player_threes,Desmond Bane,Over,2.5,128,2025-11-29,2025-11-28T08:53:47Z
BetRivers,player_threes,Desmond Bane,Under,2.5,-175,2025-11-29,2025-11-28T08:53:47Z
BetRivers,player_threes,Franz Wagner,Over,1.5,-115,2025-11-29,2025-11-28T08:53:47Z
BetRivers,player_threes,Franz Wagner,Under,1.5,-115,2025-11-29,2025-11-28T08:53:47Z
BetRivers,player_threes,Cade Cunningham,Over,1.5,-175,2025-11-29,2025-11-28T08:53:47Z
BetRivers,player_threes,Cade Cunningham,Under,1.5,130,2025-11-29,2025-11-28T08:53:47Z
BetRivers,player_threes,Jalen Suggs,Over,2.5,116,2025-11-29,2025-11-28T08:53:47Z
BetRivers,player_threes,Jalen Suggs,Under,2.5,-155,2025-11-29,2025-11-28T08:53:47Z
BetRivers,player_threes,Tobias Harris,Over,1.5,132,2025-11-29,2025-11-28T08:53:47Z
BetRivers,player_threes,Tobias Harris,Under,1.5,-177,2025-11-29,2025-11-28T08:53:47Z
BetRivers,player_threes,Tristan da Silva,Over,1.5,-182,2025-11-29,2025-11-28T08:53:47Z
BetRivers,player_threes,Tristan da Silva,Under,1.5,138,2025-11-29,2025-11-28T08:53:47Z
BetRivers,player_threes,Duncan Robinson,Over,2.5,135,2025-11-29,2025-11-28T08:53:47Z
BetRivers,player_threes,Duncan Robinson,Under,2.5,-182,2025-11-29,2025-11-28T08:53:47Z
BetRivers,player_threes,Desmond Bane,Over,2.5,128,2025-11-29,2025-11-28T08:53:47Z
BetRivers,player_threes,Desmond Bane,Under,2.5,-175,2025-11-29,2025-11-28T08:53:47Z
BetRivers,player_threes,C.J. McCollum,Over,2.5,-120,2025-11-29,2025-11-28T08:53:46Z
BetRivers,player_threes,C.J. McCollum,Under,2.5,-112,2025-11-29,2025-11-28T08:53:46Z
BetRivers,player_threes,Kyshawn George,Over,2.5,140,2025-11-29,2025-11-28T08:53:46Z
BetRivers,player_threes,Kyshawn George,Under,2.5,-190,2025-11-29,2025-11-28T08:53:46Z
BetRivers,player_threes,Bennedict Mathurin,Over,2.5,123,2025-11-29,2025-11-28T08:53:46Z
BetRivers,player_threes,Bennedict Mathurin,Under,2.5,-165,2025-11-29,2025-11-28T08:53:46Z
BetRivers,player_threes,Andrew Nembhard,Over,1.5,-130,2025-11-29,2025-11-28T08:53:46Z
BetRivers,player_threes,Andrew Nembhard,Under,1.5,-103,2025-11-29,2025-11-28T08:53:46Z
BetRivers,player_threes,Jarace Walker,Over,1.5,114,2025-11-29,2025-11-28T08:53:46Z
BetRivers,player_threes,Jarace Walker,Under,1.5,-152,2025-11-29,2025-11-28T08:53:46Z
BetRivers,player_threes,Pascal Siakam,Over,1.5,-130,2025-11-29,2025-11-28T08:53:46Z
BetRivers,player_threes,Pascal Siakam,Under,1.5,-103,2025-11-29,2025-11-28T08:53:46Z
BetRivers,player_threes,Alex Sarr,Over,1.5,160,2025-11-29,2025-11-28T08:53:46Z
BetRivers,player_threes,Alex Sarr,Under,1.5,-215,2025-11-29,2025-11-28T08:53:46Z
BetRivers,player_threes,C.J. McCollum,Over,2.5,-120,2025-11-29,2025-11-28T08:53:46Z
BetRivers,player_threes,C.J. McCollum,Under,2.5,-112,2025-11-29,2025-11-28T08:53:46Z
BetRivers,player_threes,Kyshawn George,Over,2.5,140,2025-11-29,2025-11-28T08:53:46Z
BetRivers,player_threes,Kyshawn George,Under,2.5,-190,2025-11-29,2025-11-28T08:53:46Z
BetRivers,player_threes,Bennedict Mathurin,Over,2.5,123,2025-11-29,2025-11-28T08:53:46Z
BetRivers,player_threes,Bennedict Mathurin,Under,2.5,-165,2025-11-29,2025-11-28T08:53:46Z
BetRivers,player_threes,Andrew Nembhard,Over,1.5,-130,2025-11-29,2025-11-28T08:53:46Z
BetRivers,player_threes,Andrew Nembhard,Under,1.5,-103,2025-11-29,2025-11-28T08:53:46Z
BetRivers,player_threes,Jarace Walker,Over,1.5,114,2025-11-29,2025-11-28T08:53:46Z
BetRivers,player_threes,Jarace Walker,Under,1.5,-152,2025-11-29,2025-11-28T08:53:46Z
BetRivers,player_threes,Pascal Siakam,Over,1.5,-130,2025-11-29,2025-11-28T08:53:46Z
BetRivers,player_threes,Pascal Siakam,Under,1.5,-103,2025-11-29,2025-11-28T08:53:46Z
BetRivers,player_threes,Alex Sarr,Over,1.5,160,2025-11-29,2025-11-28T08:53:46Z
BetRivers,player_threes,Alex Sarr,Under,1.5,-215,2025-11-29,2025-11-28T08:53:46Z
BetRivers,player_threes,Josh Hart,Over,1.5,135,2025-11-29,2025-11-28T08:54:21Z
BetRivers,player_threes,Josh Hart,Under,1.5,-182,2025-11-29,2025-11-28T08:54:21Z
BetRivers,player_threes,Karl-Anthony Towns,Over,2.5,145,2025-11-29,2025-11-28T08:54:21Z
BetRivers,player_threes,Karl-Anthony Towns,Under,2.5,-195,2025-11-29,2025-11-28T08:54:21Z
BetRivers,player_threes,Jalen Brunson,Over,2.5,-177,2025-11-29,2025-11-28T08:54:21Z
BetRivers,player_threes,Jalen Brunson,Under,2.5,130,2025-11-29,2025-11-28T08:54:21Z
BetRivers,player_threes,Ryan Rollins,Over,2.5,-107,2025-11-29,2025-11-28T08:54:21Z
BetRivers,player_threes,Ryan Rollins,Under,2.5,-125,2025-11-29,2025-11-28T08:54:21Z
BetRivers,player_threes,A.J. Green,Over,2.5,-137,2025-11-29,2025-11-28T08:54:21Z
BetRivers,player_threes,A.J. Green,Under,2.5,102,2025-11-29,2025-11-28T08:54:21Z
BetRivers,player_threes,Miles McBride,Over,1.5,-195,2025-11-29,2025-11-28T08:54:21Z
BetRivers,player_threes,Miles McBride,Under,1.5,143,2025-11-29,2025-11-28T08:54:21Z
BetRivers,player_threes,Mikal Bridges,Over,2.5,143,2025-11-29,2025-11-28T08:54:21Z
BetRivers,player_threes,Mikal Bridges,Under,2.5,-195,2025-11-29,2025-11-28T08:54:21Z
BetRivers,player_threes,Myles Turner,Over,2.5,115,2025-11-29,2025-11-28T08:54:21Z
BetRivers,player_threes,Myles Turner,Under,2.5,-155,2025-11-29,2025-11-28T08:54:21Z
BetRivers,player_threes,Kyle Kuzma,Over,1.5,165,2025-11-29,2025-11-28T08:54:21Z
BetRivers,player_threes,Kyle Kuzma,Under,1.5,-225,2025-11-29,2025-11-28T08:54:21Z
BetRivers,player_threes,Josh Hart,Over,1.5,135,2025-11-29,2025-11-28T08:54:21Z
BetRivers,player_threes,Josh Hart,Under,1.5,-182,2025-11-29,2025-11-28T08:54:21Z
BetRivers,player_threes,Karl-Anthony Towns,Over,2.5,145,2025-11-29,2025-11-28T08:54:21Z
BetRivers,player_threes,Karl-Anthony Towns,Under,2.5,-195,2025-11-29,2025-11-28T08:54:21Z
BetRivers,player_threes,Jalen Brunson,Over,2.5,-177,2025-11-29,2025-11-28T08:54:21Z
BetRivers,player_threes,Jalen Brunson,Under,2.5,130,2025-11-29,2025-11-28T08:54:21Z
BetRivers,player_threes,Ryan Rollins,Over,2.5,-107,2025-11-29,2025-11-28T08:54:21Z
BetRivers,player_threes,Ryan Rollins,Under,2.5,-125,2025-11-29,2025-11-28T08:54:21Z
BetRivers,player_threes,A.J. Green,Over,2.5,-137,2025-11-29,2025-11-28T08:54:21Z
BetRivers,player_threes,A.J. Green,Under,2.5,102,2025-11-29,2025-11-28T08:54:21Z
BetRivers,player_threes,Miles McBride,Over,1.5,-195,2025-11-29,2025-11-28T08:54:21Z
BetRivers,player_threes,Miles McBride,Under,1.5,143,2025-11-29,2025-11-28T08:54:21Z
BetRivers,player_threes,Mikal Bridges,Over,2.5,143,2025-11-29,2025-11-28T08:54:21Z
BetRivers,player_threes,Mikal Bridges,Under,2.5,-195,2025-11-29,2025-11-28T08:54:21Z
BetRivers,player_threes,Myles Turner,Over,2.5,115,2025-11-29,2025-11-28T08:54:21Z
BetRivers,player_threes,Myles Turner,Under,2.5,-155,2025-11-29,2025-11-28T08:54:21Z
BetRivers,player_threes,Kyle Kuzma,Over,1.5,165,2025-11-29,2025-11-28T08:54:21Z
BetRivers,player_threes,Kyle Kuzma,Under,1.5,-225,2025-11-29,2025-11-28T08:54:21Z
DraftKings,player_threes,Donovan Mitchell,Over,3.5,-141,2025-11-29,2025-11-28T08:54:28Z
DraftKings,player_threes,Donovan Mitchell,Under,3.5,107,2025-11-29,2025-11-28T08:54:28Z
DraftKings,player_threes,De'Andre Hunter,Over,2.5,115,2025-11-29,2025-11-28T08:54:28Z
DraftKings,player_threes,De'Andre Hunter,Under,2.5,-151,2025-11-29,2025-11-28T08:54:28Z
DraftKings,player_threes,Darius Garland,Over,2.5,116,2025-11-29,2025-11-28T08:54:28Z
DraftKings,player_threes,Darius Garland,Under,2.5,-152,2025-11-29,2025-11-28T08:54:28Z
DraftKings,player_threes,Nickeil Alexander-Walker,Over,2.5,140,2025-11-29,2025-11-28T08:54:28Z
DraftKings,player_threes,Nickeil Alexander-Walker,Under,2.5,-186,2025-11-29,2025-11-28T08:54:28Z
DraftKings,player_threes,Vit Krejci,Over,1.5,-138,2025-11-29,2025-11-28T08:54:28Z
DraftKings,player_threes,Vit Krejci,Under,1.5,105,2025-11-29,2025-11-28T08:54:28Z
DraftKings,player_threes,Kristaps Porzingis,Over,1.5,-132,2025-11-29,2025-11-28T08:54:28Z
DraftKings,player_threes,Kristaps Porzingis,Under,1.5,101,2025-11-29,2025-11-28T08:54:28Z
DraftKings,player_threes,Zaccharie Risacher,Over,1.5,103,2025-11-29,2025-11-28T08:54:28Z
DraftKings,player_threes,Zaccharie Risacher,Under,1.5,-135,2025-11-29,2025-11-28T08:54:28Z
DraftKings,player_threes,Jaylon Tyson,Over,1.5,122,2025-11-29,2025-11-28T08:54:28Z
DraftKings,player_threes,Jaylon Tyson,Under,1.5,-161,2025-11-29,2025-11-28T08:54:28Z
DraftKings,player_threes,Onyeka Okongwu,Over,1.5,124,2025-11-29,2025-11-28T08:54:28Z
DraftKings,player_threes,Onyeka Okongwu,Under,1.5,-164,2025-11-29,2025-11-28T08:54:28Z
DraftKings,player_threes,Evan Mobley,Over,1.5,163,2025-11-29,2025-11-28T08:54:28Z
DraftKings,player_threes,Evan Mobley,Under,1.5,-217,2025-11-29,2025-11-28T08:54:28Z
DraftKings,player_threes,Luke Kennard,Over,1.5,167,2025-11-29,2025-11-28T08:54:28Z
DraftKings,player_threes,Luke Kennard,Under,1.5,-223,2025-11-29,2025-11-28T08:54:28Z
DraftKings,player_threes,Jalen Johnson,Over,1.5,176,2025-11-29,2025-11-28T08:54:28Z
DraftKings,player_threes,Jalen Johnson,Under,1.5,-236,2025-11-29,2025-11-28T08:54:28Z
DraftKings,player_threes,Tyrese Maxey,Over,3.5,-155,2025-11-29,2025-11-28T08:53:53Z
DraftKings,player_threes,Tyrese Maxey,Under,3.5,118,2025-11-29,2025-11-28T08:53:53Z
DraftKings,player_threes,Quentin Grimes,Over,2.5,-158,2025-11-29,2025-11-28T08:53:53Z
DraftKings,player_threes,Quentin Grimes,Under,2.5,120,2025-11-29,2025-11-28T08:53:53Z
DraftKings,player_threes,Noah Clowney,Over,2.5,-126,2025-11-29,2025-11-28T08:53:53Z
DraftKings,player_threes,Noah Clowney,Under,2.5,-105,2025-11-29,2025-11-28T08:53:53Z
DraftKings,player_threes,Egor Demin,Over,2.5,123,2025-11-29,2025-11-28T08:53:53Z
DraftKings,player_threes,Egor Demin,Under,2.5,-162,2025-11-29,2025-11-28T08:53:53Z
DraftKings,player_threes,Paul George,Over,1.5,-194,2025-11-29,2025-11-28T08:53:53Z
DraftKings,player_threes,Paul George,Under,1.5,146,2025-11-29,2025-11-28T08:53:53Z
DraftKings,player_threes,Tyrese Martin,Over,1.5,-149,2025-11-29,2025-11-28T08:53:53Z
DraftKings,player_threes,Tyrese Martin,Under,1.5,113,2025-11-29,2025-11-28T08:53:53Z
DraftKings,player_threes,Justin Edwards,Over,1.5,-145,2025-11-29,2025-11-28T08:53:53Z
DraftKings,player_threes,Justin Edwards,Under,1.5,110,2025-11-29,2025-11-28T08:53:53Z
DraftKings,player_threes,Jared McCain,Over,1.5,-129,2025-11-29,2025-11-28T08:53:53Z
DraftKings,player_threes,Jared McCain,Under,1.5,-102,2025-11-29,2025-11-28T08:53:53Z
DraftKings,player_threes,Ziaire Williams,Over,1.5,-128,2025-11-29,2025-11-28T08:53:53Z
DraftKings,player_threes,Ziaire Williams,Under,1.5,-103,2025-11-29,2025-11-28T08:53:53Z
DraftKings,player_threes,Jalen Wilson,Over,1.5,115,2025-11-29,2025-11-28T08:53:53Z
DraftKings,player_threes,Jalen Wilson,Under,1.5,-151,2025-11-29,2025-11-28T08:53:53Z
DraftKings,player_threes,Terance Mann,Over,1.5,145,2025-11-29,2025-11-28T08:53:53Z
DraftKings,player_threes,Terance Mann,Under,1.5,-193,2025-11-29,2025-11-28T08:53:53Z
DraftKings,player_threes,Kon Knueppel,Over,3.5,100,2025-11-29,2025-11-28T08:53:29Z
DraftKings,player_threes,Kon Knueppel,Under,3.5,-132,2025-11-29,2025-11-28T08:53:29Z
DraftKings,player_threes,Coby White,Over,2.5,-174,2025-11-29,2025-11-28T08:53:29Z
DraftKings,player_threes,Coby White,Under,2.5,132,2025-11-29,2025-11-28T08:53:29Z
DraftKings,player_threes,Brandon Miller,Over,2.5,-138,2025-11-29,2025-11-28T08:53:29Z
DraftKings,player_threes,Brandon Miller,Under,2.5,105,2025-11-29,2025-11-28T08:53:29Z
DraftKings,player_threes,LaMelo Ball,Over,2.5,-125,2025-11-29,2025-11-28T08:53:29Z
DraftKings,player_threes,LaMelo Ball,Under,2.5,-105,2025-11-29,2025-11-28T08:53:29Z
DraftKings,player_threes,Miles Bridges,Over,2.5,123,2025-11-29,2025-11-28T08:53:29Z
DraftKings,player_threes,Miles Bridges,Under,2.5,-163,2025-11-29,2025-11-28T08:53:29Z
DraftKings,player_threes,Nikola Vucevic,Over,1.5,-179,2025-11-29,2025-11-28T08:53:29Z
DraftKings,player_threes,Nikola Vucevic,Under,1.5,135,2025-11-29,2025-11-28T08:53:29Z
DraftKings,player_threes,Ayo Dosunmu,Over,1.5,-145,2025-11-29,2025-11-28T08:53:29Z
DraftKings,player_threes,Ayo Dosunmu,Under,1.5,110,2025-11-29,2025-11-28T08:53:29Z
DraftKings,player_threes,Matas Buzelis,Over,1.5,-141,2025-11-29,2025-11-28T08:53:29Z
DraftKings,player_threes,Matas Buzelis,Under,1.5,107,2025-11-29,2025-11-28T08:53:29Z
DraftKings,player_threes,Kevin Huerter,Over,1.5,-104,2025-11-29,2025-11-28T08:53:29Z
DraftKings,player_threes,Kevin Huerter,Under,1.5,-126,2025-11-29,2025-11-28T08:53:29Z
DraftKings,player_threes,Josh Giddey,Over,1.5,102,2025-11-29,2025-11-28T08:53:29Z
DraftKings,player_threes,Josh Giddey,Under,1.5,-135,2025-11-29,2025-11-28T08:53:29Z
DraftKings,player_threes,Collin Sexton,Over,1.5,179,2025-11-29,2025-11-28T08:53:29Z
DraftKings,player_threes,Collin Sexton,Under,1.5,-240,2025-11-29,2025-11-28T08:53:29Z
DraftKings,player_threes,Isaac Okoro,Over,0.5,-197,2025-11-29,2025-11-28T08:53:29Z
DraftKings,player_threes,Isaac Okoro,Under,0.5,148,2025-11-29,2025-11-28T08:53:29Z
DraftKings,player_threes,Jalen Suggs,Over,2.5,122,2025-11-29,2025-11-28T08:54:28Z
DraftKings,player_threes,Jalen Suggs,Under,2.5,-161,2025-11-29,2025-11-28T08:54:28Z
DraftKings,player_threes,Duncan Robinson,Over,2.5,136,2025-11-29,2025-11-28T08:54:28Z
DraftKings,player_threes,Duncan Robinson,Under,2.5,-181,2025-11-29,2025-11-28T08:54:28Z
DraftKings,player_threes,Desmond Bane,Over,2.5,144,2025-11-29,2025-11-28T08:54:28Z
DraftKings,player_threes,Desmond Bane,Under,2.5,-191,2025-11-29,2025-11-28T08:54:28Z
DraftKings,player_threes,Cade Cunningham,Over,1.5,-197,2025-11-29,2025-11-28T08:54:28Z
DraftKings,player_threes,Cade Cunningham,Under,1.5,148,2025-11-29,2025-11-28T08:54:28Z
DraftKings,player_threes,Tristan da Silva,Over,1.5,-166,2025-11-29,2025-11-28T08:54:28Z
DraftKings,player_threes,Tristan da Silva,Under,1.5,126,2025-11-29,2025-11-28T08:54:28Z
DraftKings,player_threes,Franz Wagner,Over,1.5,-111,2025-11-29,2025-11-28T08:54:28Z
DraftKings,player_threes,Franz Wagner,Under,1.5,-118,2025-11-29,2025-11-28T08:54:28Z
DraftKings,player_threes,Tobias Harris,Over,1.5,137,2025-11-29,2025-11-28T08:54:28Z
DraftKings,player_threes,Tobias Harris,Under,1.5,-181,2025-11-29,2025-11-28T08:54:28Z
DraftKings,player_threes,Anthony Black,Over,1.5,150,2025-11-29,2025-11-28T08:54:28Z
DraftKings,player_threes,Anthony Black,Under,1.5,-200,2025-11-29,2025-11-28T08:54:28Z
DraftKings,player_threes,Jaden Ivey,Over,1.5,159,2025-11-29,2025-11-28T08:54:28Z
DraftKings,player_threes,Jaden Ivey,Under,1.5,-213,2025-11-29,2025-11-28T08:54:28Z
DraftKings,player_threes,Caris LeVert,Over,1.5,166,2025-11-29,2025-11-28T08:54:28Z
DraftKings,player_threes,Caris LeVert,Under,1.5,-221,2025-11-29,2025-11-28T08:54:28Z
DraftKings,player_threes,Wendell Carter Jr,Over,1.5,166,2025-11-29,2025-11-28T08:54:28Z
DraftKings,player_threes,Wendell Carter Jr,Under,1.5,-222,2025-11-29,2025-11-28T08:54:28Z
DraftKings,player_threes,Isaiah Stewart II,Over,0.5,-146,2025-11-29,2025-11-28T08:54:28Z
DraftKings,player_threes,Isaiah Stewart II,Under,0.5,111,2025-11-29,2025-11-28T08:54:28Z
DraftKings,player_threes,C.J. McCollum,Over,2.5,-118,2025-11-29,2025-11-28T08:54:35Z
DraftKings,player_threes,C.J. McCollum,Under,2.5,-112,2025-11-29,2025-11-28T08:54:35Z
DraftKings,player_threes,Bennedict Mathurin,Over,2.5,123,2025-11-29,2025-11-28T08:54:35Z
DraftKings,player_threes,Bennedict Mathurin,Under,2.5,-163,2025-11-29,2025-11-28T08:54:35Z
DraftKings,player_threes,Kyshawn George,Over,2.5,128,2025-11-29,2025-11-28T08:54:35Z
DraftKings,player_threes,Kyshawn George,Under,2.5,-169,2025-11-29,2025-11-28T08:54:35Z
DraftKings,player_threes,Andrew Nembhard,Over,1.5,-129,2025-11-29,2025-11-28T08:54:35Z
DraftKings,player_threes,Andrew Nembhard,Under,1.5,-102,2025-11-29,2025-11-28T08:54:35Z
DraftKings,player_threes,Pascal Siakam,Over,1.5,-127,2025-11-29,2025-11-28T08:54:35Z
DraftKings,player_threes,Pascal Siakam,Under,1.5,-104,2025-11-29,2025-11-28T08:54:35Z
DraftKings,player_threes,Jay Huff,Over,1.5,-113,2025-11-29,2025-11-28T08:54:35Z
DraftKings,player_threes,Jay Huff,Under,1.5,-117,2025-11-29,2025-11-28T08:54:35Z
DraftKings,player_threes,Cam Whitmore,Over,1.5,-105,2025-11-29,2025-11-28T08:54:35Z
DraftKings,player_threes,Cam Whitmore,Under,1.5,-126,2025-11-29,2025-11-28T08:54:35Z
DraftKings,player_threes,Jarace Walker,Over,1.5,103,2025-11-29,2025-11-28T08:54:35Z
DraftKings,player_threes,Jarace Walker,Under,1.5,-135,2025-11-29,2025-11-28T08:54:35Z
DraftKings,player_threes,Carlton Carrington,Over,1.5,120,2025-11-29,2025-11-28T08:54:35Z
DraftKings,player_threes,Carlton Carrington,Under,1.5,-158,2025-11-29,2025-11-28T08:54:35Z
DraftKings,player_threes,Alex Sarr,Over,1.5,146,2025-11-29,2025-11-28T08:54:35Z
DraftKings,player_threes,Alex Sarr,Under,1.5,-195,2025-11-29,2025-11-28T08:54:35Z
DraftKings,player_threes,Ben Sheppard,Over,1.5,168,2025-11-29,2025-11-28T08:54:35Z
DraftKings,player_threes,Ben Sheppard,Under,1.5,-224,2025-11-29,2025-11-28T08:54:35Z
DraftKings,player_threes,Khris Middleton,Over,0.5,-194,2025-11-29,2025-11-28T08:54:35Z
DraftKings,player_threes,Khris Middleton,Under,0.5,146,2025-11-29,2025-11-28T08:54:35Z
DraftKings,player_threes,Jalen Brunson,Over,2.5,-168,2025-11-29,2025-11-28T08:54:01Z
DraftKings,player_threes,Jalen Brunson,Under,2.5,127,2025-11-29,2025-11-28T08:54:01Z
DraftKings,player_threes,A.J. Green,Over,2.5,-134,2025-11-29,2025-11-28T08:54:01Z
DraftKings,player_threes,A.J. Green,Under,2.5,102,2025-11-29,2025-11-28T08:54:01Z
DraftKings,player_threes,Ryan Rollins,Over,2.5,-101,2025-11-29,2025-11-28T08:54:01Z
DraftKings,player_threes,Ryan Rollins,Under,2.5,-131,2025-11-29,2025-11-28T08:54:01Z
DraftKings,player_threes,Myles Turner,Over,2.5,123,2025-11-29,2025-11-28T08:54:01Z
DraftKings,player_threes,Myles Turner,Under,2.5,-163,2025-11-29,2025-11-28T08:54:01Z
DraftKings,player_threes,Karl-Anthony Towns,Over,2.5,135,2025-11-29,2025-11-28T08:54:01Z
DraftKings,player_threes,Karl-Anthony Towns,Under,2.5,-178,2025-11-29,2025-11-28T08:54:01Z
DraftKings,player_threes,Miles McBride,Over,2.5,137,2025-11-29,2025-11-28T08:54:01Z
DraftKings,player_threes,Miles McBride,Under,2.5,-182,2025-11-29,2025-11-28T08:54:01Z
DraftKings,player_threes,Gary Trent Jr,Over,2.5,145,2025-11-29,2025-11-28T08:54:01Z
DraftKings,player_threes,Gary Trent Jr,Under,2.5,-193,2025-11-29,2025-11-28T08:54:01Z
DraftKings,player_threes,Mikal Bridges,Over,1.5,-199,2025-11-29,2025-11-28T08:54:01Z
DraftKings,player_threes,Mikal Bridges,Under,1.5,149,2025-11-29,2025-11-28T08:54:01Z
DraftKings,player_threes,Jordan Clarkson,Over,1.5,-105,2025-11-29,2025-11-28T08:54:01Z
DraftKings,player_threes,Jordan Clarkson,Under,1.5,-125,2025-11-29,2025-11-28T08:54:01Z
DraftKings,player_threes,Josh Hart,Over,1.5,128,2025-11-29,2025-11-28T08:54:01Z
DraftKings,player_threes,Josh Hart,Under,1.5,-169,2025-11-29,2025-11-28T08:54:01Z
DraftKings,player_threes,Kyle Kuzma,Over,1.5,164,2025-11-29,2025-11-28T08:54:01Z
DraftKings,player_threes,Kyle Kuzma,Under,1.5,-219,2025-11-29,2025-11-28T08:54:01Z
DraftKings,player_threes,Jamal Murray,Over,2.5,-134,2025-11-29,2025-11-28T08:54:28Z
DraftKings,player_threes,Jamal Murray,Under,2.5,102,2025-11-29,2025-11-28T08:54:28Z
DraftKings,player_threes,Julian Champagnie,Over,2.5,-114,2025-11-29,2025-11-28T08:54:28Z
DraftKings,player_threes,Julian Champagnie,Under,2.5,-116,2025-11-29,2025-11-28T08:54:28Z
DraftKings,player_threes,Devin Vassell,Over,2.5,-105,2025-11-29,2025-11-28T08:54:28Z
DraftKings,player_threes,Devin Vassell,Under,2.5,-125,2025-11-29,2025-11-28T08:54:28Z
DraftKings,player_threes,De'Aaron Fox,Over,2.5,118,2025-11-29,2025-11-28T08:54:28Z
DraftKings,player_threes,De'Aaron Fox,Under,2.5,-156,2025-11-29,2025-11-28T08:54:28Z
DraftKings,player_threes,Harrison Barnes,Over,2.5,135,2025-11-29,2025-11-28T08:54:28Z
DraftKings,player_threes,Harrison Barnes,Under,2.5,-178,2025-11-29,2025-11-28T08:54:28Z
DraftKings,player_threes,Tim Hardaway Jr,Over,2.5,136,2025-11-29,2025-11-28T08:54:28Z
DraftKings,player_threes,Tim Hardaway Jr,Under,2.5,-180,2025-11-29,2025-11-28T08:54:28Z
DraftKings,player_threes,Cameron Johnson,Over,1.5,-192,2025-11-29,2025-11-28T08:54:28Z
DraftKings,player_threes,Cameron Johnson,Under,1.5,145,2025-11-29,2025-11-28T08:54:28Z
DraftKings,player_threes,Nikola Jokic,Over,1.5,-183,2025-11-29,2025-11-28T08:54:28Z
DraftKings,player_threes,Nikola Jokic,Under,1.5,138,2025-11-29,2025-11-28T08:54:28Z
DraftKings,player_threes,Peyton Watson,Over,1.5,-132,2025-11-29,2025-11-28T08:54:28Z
DraftKings,player_threes,Peyton Watson,Under,1.5,100,2025-11-29,2025-11-28T08:54:28Z
DraftKings,player_threes,Keldon Johnson,Over,1.5,119,2025-11-29,2025-11-28T08:54:28Z
DraftKings,player_threes,Keldon Johnson,Under,1.5,-158,2025-11-29,2025-11-28T08:54:28Z
DraftKings,player_threes,Royce O'Neale,Over,2.5,-124,2025-11-29,2025-11-28T08:54:28Z
DraftKings,player_threes,Royce O'Neale,Under,2.5,-106,2025-11-29,2025-11-28T08:54:28Z
DraftKings,player_threes,Dillon Brooks,Over,2.5,-118,2025-11-29,2025-11-28T08:54:28Z
DraftKings,player_threes,Dillon Brooks,Under,2.5,-112,2025-11-29,2025-11-28T08:54:28Z
DraftKings,player_threes,Collin Gillespie,Over,2.5,-113,2025-11-29,2025-11-28T08:54:28Z
DraftKings,player_threes,Collin Gillespie,Under,2.5,-117,2025-11-29,2025-11-28T08:54:28Z
DraftKings,player_threes,Devin Booker,Over,2.5,124,2025-11-29,2025-11-28T08:54:28Z
DraftKings,player_threes,Devin Booker,Under,2.5,-164,2025-11-29,2025-11-28T08:54:28Z
DraftKings,player_threes,Isaiah Joe,Over,1.5,-153,2025-11-29,2025-11-28T08:54:28Z
DraftKings,player_threes,Isaiah Joe,Under,1.5,116,2025-11-29,2025-11-28T08:54:28Z
DraftKings,player_threes,Shai Gilgeous-Alexander,Over,1.5,-130,2025-11-29,2025-11-28T08:54:28Z
DraftKings,player_threes,Shai Gilgeous-Alexander,Under,1.5,-101,2025-11-29,2025-11-28T08:54:28Z
DraftKings,player_threes,Luguentz Dort,Over,1.5,-122,2025-11-29,2025-11-28T08:54:28Z
DraftKings,player_threes,Luguentz Dort,Under,1.5,-108,2025-11-29,2025-11-28T08:54:28Z
DraftKings,player_threes,Chet Holmgren,Over,1.5,-107,2025-11-29,2025-11-28T08:54:28Z
DraftKings,player_threes,Chet Holmgren,Under,1.5,-123,2025-11-29,2025-11-28T08:54:28Z
DraftKings,player_threes,Cason Wallace,Over,1.5,142,2025-11-29,2025-11-28T08:54:28Z
DraftKings,player_threes,Cason Wallace,Under,1.5,-189,2025-11-29,2025-11-28T08:54:28Z
DraftKings,player_threes,Jalen Williams,Over,1.5,175,2025-11-29,2025-11-28T08:54:28Z
DraftKings,player_threes,Jalen Williams,Under,1.5,-235,2025-11-29,2025-11-28T08:54:28Z
DraftKings,player_threes,Alex Caruso,Over,1.5,178,2025-11-29,2025-11-28T08:54:28Z
DraftKings,player_threes,Alex Caruso,Under,1.5,-239,2025-11-29,2025-11-28T08:54:28Z
DraftKings,player_threes,Ajay Mitchell,Over,0.5,-212,2025-11-29,2025-11-28T08:54:28Z
DraftKings,player_threes,Ajay Mitchell,Under,0.5,159,2025-11-29,2025-11-28T08:54:28Z
DraftKings,player_threes,Lauri Markkanen,Over,3.5,114,2025-11-29,2025-11-28T08:54:36Z
DraftKings,player_threes,Lauri Markkanen,Under,3.5,-150,2025-11-29,2025-11-28T08:54:36Z
DraftKings,player_threes,Keegan Murray,Over,2.5,101,2025-11-29,2025-11-28T08:54:36Z
DraftKings,player_threes,Keegan Murray,Under,2.5,-133,2025-11-29,2025-11-28T08:54:36Z
DraftKings,player_threes,Zach LaVine,Over,2.5,102,2025-11-29,2025-11-28T08:54:36Z
DraftKings,player_threes,Zach LaVine,Under,2.5,-134,2025-11-29,2025-11-28T08:54:36Z
DraftKings,player_threes,Keyonte George,Over,2.5,116,2025-11-29,2025-11-28T08:54:36Z
DraftKings,player_threes,Keyonte George,Under,2.5,-154,2025-11-29,2025-11-28T08:54:36Z
DraftKings,player_threes,Svi Mykhailiuk,Over,1.5,-139,2025-11-29,2025-11-28T08:54:36Z
DraftKings,player_threes,Svi Mykhailiuk,Under,1.5,105,2025-11-29,2025-11-28T08:54:36Z
DraftKings,player_threes,Brice Sensabaugh,Over,1.5,-130,2025-11-29,2025-11-28T08:54:36Z
DraftKings,player_threes,Brice Sensabaugh,Under,1.5,-101,2025-11-29,2025-11-28T08:54:36Z
DraftKings,player_threes,Russell Westbrook,Over,1.5,-118,2025-11-29,2025-11-28T08:54:36Z
DraftKings,player_threes,Russell Westbrook,Under,1.5,-111,2025-11-29,2025-11-28T08:54:36Z
DraftKings,player_threes,Malik Monk,Over,1.5,-105,2025-11-29,2025-11-28T08:54:36Z
DraftKings,player_threes,Malik Monk,Under,1.5,-125,2025-11-29,2025-11-28T08:54:36Z
DraftKings,player_threes,Ace Bailey,Over,1.5,-101,2025-11-29,2025-11-28T08:54:36Z
DraftKings,player_threes,Ace Bailey,Under,1.5,-130,2025-11-29,2025-11-28T08:54:36Z
DraftKings,player_threes,Dennis Schroder,Over,1.5,170,2025-11-29,2025-11-28T08:54:36Z
DraftKings,player_threes,Dennis Schroder,Under,1.5,-227,2025-11-29,2025-11-28T08:54:36Z
DraftKings,player_threes,Luka Doncic,Over,3.5,-149,2025-11-29,2025-11-28T08:54:21Z
DraftKings,player_threes,Luka Doncic,Under,3.5,113,2025-11-29,2025-11-28T08:54:21Z
DraftKings,player_threes,Austin Reaves,Over,2.5,-134,2025-11-29,2025-11-28T08:54:21Z
DraftKings,player_threes,Austin Reaves,Under,2.5,102,2025-11-29,2025-11-28T08:54:21Z
DraftKings,player_threes,Klay Thompson,Over,2.5,-103,2025-11-29,2025-11-28T08:54:21Z
DraftKings,player_threes,Klay Thompson,Under,2.5,-128,2025-11-29,2025-11-28T08:54:21Z
DraftKings,player_threes,Max Christie,Over,1.5,-168,2025-11-29,2025-11-28T08:54:21Z
DraftKings,player_threes,Max Christie,Under,1.5,127,2025-11-29,2025-11-28T08:54:21Z
DraftKings,player_threes,LeBron James,Over,1.5,-136,2025-11-29,2025-11-28T08:54:21Z
DraftKings,player_threes,LeBron James,Under,1.5,103,2025-11-29,2025-11-28T08:54:21Z
DraftKings,player_threes,P.J. Washington,Over,1.5,-135,2025-11-29,2025-11-28T08:54:21Z
DraftKings,player_threes,P.J. Washington,Under,1.5,103,2025-11-29,2025-11-28T08:54:21Z
DraftKings,player_threes,Rui Hachimura,Over,1.5,115,2025-11-29,2025-11-28T08:54:21Z
DraftKings,player_threes,Rui Hachimura,Under,1.5,-151,2025-11-29,2025-11-28T08:54:21Z
DraftKings,player_threes,Cooper Flagg,Over,1.5,156,2025-11-29,2025-11-28T08:54:21Z
DraftKings,player_threes,Cooper Flagg,Under,1.5,-208,2025-11-29,2025-11-28T08:54:21Z
DraftKings,player_threes,Marcus Smart,Over,0.5,-220,2025-11-29,2025-11-28T08:54:21Z
DraftKings,player_threes,Marcus Smart,Under,0.5,164,2025-11-29,2025-11-28T08:54:21Z
DraftKings,player_threes,James Harden,Over,3.5,102,2025-11-29,2025-11-28T08:54:22Z
DraftKings,player_threes,James Harden,Under,3.5,-135,2025-11-29,2025-11-28T08:54:22Z
DraftKings,player_threes,Jaren Jackson Jr,Over,1.5,-166,2025-11-29,2025-11-28T08:54:22Z
DraftKings,player_threes,Jaren Jackson Jr,Under,1.5,125,2025-11-29,2025-11-28T08:54:22Z
DraftKings,player_threes,Jaylen Wells,Over,1.5,-166,2025-11-29,2025-11-28T08:54:22Z
DraftKings,player_threes,Jaylen Wells,Under,1.5,125,2025-11-29,2025-11-28T08:54:22Z
DraftKings,player_threes,Kawhi Leonard,Over,1.5,-163,2025-11-29,2025-11-28T08:54:22Z
DraftKings,player_threes,Kawhi Leonard,Under,1.5,123,2025-11-29,2025-11-28T08:54:22Z
DraftKings,player_threes,Cedric Coward,Over,1.5,-106,2025-11-29,2025-11-28T08:54:22Z
DraftKings,player_threes,Cedric Coward,Under,1.5,-124,2025-11-29,2025-11-28T08:54:22Z
DraftKings,player_threes,Vincent Williams Jr,Over,1.5,121,2025-11-29,2025-11-28T08:54:22Z
DraftKings,player_threes,Vincent Williams Jr,Under,1.5,-160,2025-11-29,2025-11-28T08:54:22Z
DraftKings,player_threes,Santi Aldama,Over,1.5,123,2025-11-29,2025-11-28T08:54:22Z
DraftKings,player_threes,Santi Aldama,Under,1.5,-162,2025-11-29,2025-11-28T08:54:22Z
DraftKings,player_threes,John Collins,Over,1.5,177,2025-11-29,2025-11-28T08:54:22Z
DraftKings,player_threes,John Collins,Under,1.5,-238,2025-11-29,2025-11-28T08:54:22Z
DraftKings,player_threes,Kris Dunn,Over,0.5,-238,2025-11-29,2025-11-28T08:54:22Z
DraftKings,player_threes,Kris Dunn,Under,0.5,178,2025-11-29,2025-11-28T08:54:22Z
DraftKings,player_threes,Brook Lopez,Over,0.5,-235,2025-11-29,2025-11-28T08:54:22Z
DraftKings,player_threes,Brook Lopez,Under,0.5,175,2025-11-29,2025-11-28T08:54:22Z
BetOnline.ag,player_threes,Jalen Johnson,Over,1.5,174,2025-11-29,2025-11-28T08:54:03Z
BetOnline.ag,player_threes,Jalen Johnson,Under,1.5,-233,2025-11-29,2025-11-28T08:54:03Z
BetOnline.ag,player_threes,Onyeka Okongwu,Over,1.5,126,2025-11-29,2025-11-28T08:54:03Z
BetOnline.ag,player_threes,Onyeka Okongwu,Under,1.5,-164,2025-11-29,2025-11-28T08:54:03Z
BetOnline.ag,player_threes,Darius Garland,Over,2.5,124,2025-11-29,2025-11-28T08:54:03Z
BetOnline.ag,player_threes,Darius Garland,Under,2.5,-161,2025-11-29,2025-11-28T08:54:03Z
BetOnline.ag,player_threes,Evan Mobley,Over,1.5,178,2025-11-29,2025-11-28T08:54:03Z
BetOnline.ag,player_threes,Evan Mobley,Under,1.5,-238,2025-11-29,2025-11-28T08:54:03Z
BetOnline.ag,player_threes,Donovan Mitchell,Over,3.5,-137,2025-11-29,2025-11-28T08:54:03Z
BetOnline.ag,player_threes,Donovan Mitchell,Under,3.5,106,2025-11-29,2025-11-28T08:54:03Z
BetOnline.ag,player_threes,Zaccharie Risacher,Over,1.5,103,2025-11-29,2025-11-28T08:54:03Z
BetOnline.ag,player_threes,Zaccharie Risacher,Under,1.5,-133,2025-11-29,2025-11-28T08:54:03Z
BetOnline.ag,player_threes,Vit Krejci,Over,1.5,-145,2025-11-29,2025-11-28T08:54:03Z
BetOnline.ag,player_threes,Vit Krejci,Under,1.5,112,2025-11-29,2025-11-28T08:54:03Z
BetOnline.ag,player_threes,De'Andre Hunter,Over,2.5,113,2025-11-29,2025-11-28T08:54:03Z
BetOnline.ag,player_threes,De'Andre Hunter,Under,2.5,-147,2025-11-29,2025-11-28T08:54:03Z
BetOnline.ag,player_threes,Luke Kennard,Over,1.5,171,2025-11-29,2025-11-28T08:54:03Z
BetOnline.ag,player_threes,Luke Kennard,Under,1.5,-227,2025-11-29,2025-11-28T08:54:03Z
BetOnline.ag,player_threes,Nickeil Alexander-Walker,Over,2.5,144,2025-11-29,2025-11-28T08:54:03Z
BetOnline.ag,player_threes,Nickeil Alexander-Walker,Under,2.5,-189,2025-11-29,2025-11-28T08:54:03Z
BetOnline.ag,player_threes,Kristaps Porzingis,Over,1.5,-137,2025-11-29,2025-11-28T08:54:03Z
BetOnline.ag,player_threes,Kristaps Porzingis,Under,1.5,106,2025-11-29,2025-11-28T08:54:03Z
BetOnline.ag,player_threes,Jaylon Tyson,Over,1.5,120,2025-11-29,2025-11-28T08:54:03Z
BetOnline.ag,player_threes,Jaylon Tyson,Under,1.5,-156,2025-11-29,2025-11-28T08:54:03Z
BetOnline.ag,player_threes,Lonzo Ball,Over,1.5,-139,2025-11-29,2025-11-28T08:54:03Z
BetOnline.ag,player_threes,Lonzo Ball,Under,1.5,107,2025-11-29,2025-11-28T08:54:03Z
BetOnline.ag,player_threes,Dyson Daniels,Over,0.5,-114,2025-11-29,2025-11-28T08:54:03Z
BetOnline.ag,player_threes,Dyson Daniels,Under,0.5,-114,2025-11-29,2025-11-28T08:54:03Z
BetOnline.ag,player_threes,Noah Clowney,Over,2.5,-128,2025-11-29,2025-11-28T08:54:10Z
BetOnline.ag,player_threes,Noah Clowney,Under,2.5,-101,2025-11-29,2025-11-28T08:54:10Z
BetOnline.ag,player_threes,Justin Edwards,Over,1.5,-141,2025-11-29,2025-11-28T08:54:10Z
BetOnline.ag,player_threes,Justin Edwards,Under,1.5,109,2025-11-29,2025-11-28T08:54:10Z
BetOnline.ag,player_threes,Paul George,Over,1.5,-175,2025-11-29,2025-11-28T08:54:10Z
BetOnline.ag,player_threes,Paul George,Under,1.5,134,2025-11-29,2025-11-28T08:54:10Z
BetOnline.ag,player_threes,Terance Mann,Over,1.5,164,2025-11-29,2025-11-28T08:54:10Z
BetOnline.ag,player_threes,Terance Mann,Under,1.5,-217,2025-11-29,2025-11-28T08:54:10Z
BetOnline.ag,player_threes,Egor Demin,Over,2.5,144,2025-11-29,2025-11-28T08:54:10Z
BetOnline.ag,player_threes,Egor Demin,Under,2.5,-189,2025-11-29,2025-11-28T08:54:10Z
BetOnline.ag,player_threes,Tyrese Maxey,Over,3.5,-147,2025-11-29,2025-11-28T08:54:10Z
BetOnline.ag,player_threes,Tyrese Maxey,Under,3.5,113,2025-11-29,2025-11-28T08:54:10Z
BetOnline.ag,player_threes,Tyrese Martin,Over,1.5,-139,2025-11-29,2025-11-28T08:54:10Z
BetOnline.ag,player_threes,Tyrese Martin,Under,1.5,107,2025-11-29,2025-11-28T08:54:10Z
BetOnline.ag,player_threes,Jared McCain,Over,1.5,-139,2025-11-29,2025-11-28T08:54:10Z
BetOnline.ag,player_threes,Jared McCain,Under,1.5,107,2025-11-29,2025-11-28T08:54:10Z
BetOnline.ag,player_threes,Quentin Grimes,Over,2.5,-145,2025-11-29,2025-11-28T08:54:10Z
BetOnline.ag,player_threes,Quentin Grimes,Under,2.5,111,2025-11-29,2025-11-28T08:54:10Z
BetOnline.ag,player_threes,Andre Drummond,Over,0.5,115,2025-11-29,2025-11-28T08:54:10Z
BetOnline.ag,player_threes,Andre Drummond,Under,0.5,-149,2025-11-29,2025-11-28T08:54:10Z
BetOnline.ag,player_threes,Drake Powell,Over,0.5,-204,2025-11-29,2025-11-28T08:54:10Z
BetOnline.ag,player_threes,Drake Powell,Under,0.5,156,2025-11-29,2025-11-28T08:54:10Z
BetOnline.ag,player_threes,Jalen Wilson,Over,1.5,113,2025-11-29,2025-11-28T08:54:10Z
BetOnline.ag,player_threes,Jalen Wilson,Under,1.5,-147,2025-11-29,2025-11-28T08:54:10Z
BetOnline.ag,player_threes,Ziaire Williams,Over,1.5,-135,2025-11-29,2025-11-28T08:54:10Z
BetOnline.ag,player_threes,Ziaire Williams,Under,1.5,104,2025-11-29,2025-11-28T08:54:10Z
BetOnline.ag,player_threes,Miles Bridges,Over,2.5,126,2025-11-29,2025-11-28T08:53:16Z
BetOnline.ag,player_threes,Miles Bridges,Under,2.5,-164,2025-11-29,2025-11-28T08:53:16Z
BetOnline.ag,player_threes,Coby White,Over,3.5,136,2025-11-29,2025-11-28T08:53:16Z
BetOnline.ag,player_threes,Coby White,Under,3.5,-179,2025-11-29,2025-11-28T08:53:16Z
BetOnline.ag,player_threes,Nikola Vucevic,Over,1.5,-175,2025-11-29,2025-11-28T08:53:16Z
BetOnline.ag,player_threes,Nikola Vucevic,Under,1.5,134,2025-11-29,2025-11-28T08:53:16Z
BetOnline.ag,player_threes,LaMelo Ball,Over,2.5,-127,2025-11-29,2025-11-28T08:53:16Z
BetOnline.ag,player_threes,LaMelo Ball,Under,2.5,-102,2025-11-29,2025-11-28T08:53:16Z
BetOnline.ag,player_threes,Ayo Dosunmu,Over,1.5,-147,2025-11-29,2025-11-28T08:53:16Z
BetOnline.ag,player_threes,Ayo Dosunmu,Under,1.5,113,2025-11-29,2025-11-28T08:53:16Z
BetOnline.ag,player_threes,Brandon Miller,Over,2.5,-132,2025-11-29,2025-11-28T08:53:16Z
BetOnline.ag,player_threes,Brandon Miller,Under,2.5,102,2025-11-29,2025-11-28T08:53:16Z
BetOnline.ag,player_threes,Kon Knueppel,Over,3.5,103,2025-11-29,2025-11-28T08:53:16Z
BetOnline.ag,player_threes,Kon Knueppel,Under,3.5,-133,2025-11-29,2025-11-28T08:53:16Z
BetOnline.ag,player_threes,Matas Buzelis,Over,1.5,-145,2025-11-29,2025-11-28T08:53:16Z
BetOnline.ag,player_threes,Matas Buzelis,Under,1.5,111,2025-11-29,2025-11-28T08:53:16Z
BetOnline.ag,player_threes,Josh Giddey,Over,1.5,100,2025-11-29,2025-11-28T08:53:16Z
BetOnline.ag,player_threes,Josh Giddey,Under,1.5,-130,2025-11-29,2025-11-28T08:53:16Z
BetOnline.ag,player_threes,Kevin Huerter,Over,1.5,-102,2025-11-29,2025-11-28T08:53:16Z
BetOnline.ag,player_threes,Kevin Huerter,Under,1.5,-127,2025-11-29,2025-11-28T08:53:16Z
BetOnline.ag,player_threes,Collin Sexton,Over,1.5,190,2025-11-29,2025-11-28T08:53:16Z
BetOnline.ag,player_threes,Collin Sexton,Under,1.5,-256,2025-11-29,2025-11-28T08:53:16Z
BetOnline.ag,player_threes,Isaac Okoro,Over,0.5,-204,2025-11-29,2025-11-28T08:53:16Z
BetOnline.ag,player_threes,Isaac Okoro,Under,0.5,154,2025-11-29,2025-11-28T08:53:16Z
BetOnline.ag,player_threes,Cade Cunningham,Over,1.5,-185,2025-11-29,2025-11-28T08:54:36Z
BetOnline.ag,player_threes,Cade Cunningham,Under,1.5,140,2025-11-29,2025-11-28T08:54:36Z
BetOnline.ag,player_threes,Tobias Harris,Over,1.5,132,2025-11-29,2025-11-28T08:54:36Z
BetOnline.ag,player_threes,Tobias Harris,Under,1.5,-172,2025-11-29,2025-11-28T08:54:36Z
BetOnline.ag,player_threes,Franz Wagner,Over,1.5,-109,2025-11-29,2025-11-28T08:54:36Z
BetOnline.ag,player_threes,Franz Wagner,Under,1.5,-119,2025-11-29,2025-11-28T08:54:36Z
BetOnline.ag,player_threes,Jaden Ivey,Over,1.5,161,2025-11-29,2025-11-28T08:54:36Z
BetOnline.ag,player_threes,Jaden Ivey,Under,1.5,-213,2025-11-29,2025-11-28T08:54:36Z
BetOnline.ag,player_threes,Jalen Suggs,Over,2.5,128,2025-11-29,2025-11-28T08:54:36Z
BetOnline.ag,player_threes,Jalen Suggs,Under,2.5,-167,2025-11-29,2025-11-28T08:54:36Z
BetOnline.ag,player_threes,Anthony Black,Over,1.5,152,2025-11-29,2025-11-28T08:54:36Z
BetOnline.ag,player_threes,Anthony Black,Under,1.5,-200,2025-11-29,2025-11-28T08:54:36Z
BetOnline.ag,player_threes,Tristan da Silva,Over,1.5,-164,2025-11-29,2025-11-28T08:54:36Z
BetOnline.ag,player_threes,Tristan da Silva,Under,1.5,125,2025-11-29,2025-11-28T08:54:36Z
BetOnline.ag,player_threes,Caris LeVert,Over,1.5,171,2025-11-29,2025-11-28T08:54:36Z
BetOnline.ag,player_threes,Caris LeVert,Under,1.5,-227,2025-11-29,2025-11-28T08:54:36Z
BetOnline.ag,player_threes,Duncan Robinson,Over,2.5,158,2025-11-29,2025-11-28T08:54:36Z
BetOnline.ag,player_threes,Duncan Robinson,Under,2.5,-208,2025-11-29,2025-11-28T08:54:36Z
BetOnline.ag,player_threes,Wendell Carter Jr,Over,1.5,161,2025-11-29,2025-11-28T08:54:36Z
BetOnline.ag,player_threes,Wendell Carter Jr,Under,1.5,-213,2025-11-29,2025-11-28T08:54:36Z
BetOnline.ag,player_threes,Desmond Bane,Over,2.5,152,2025-11-29,2025-11-28T08:54:36Z
BetOnline.ag,player_threes,Desmond Bane,Under,2.5,-200,2025-11-29,2025-11-28T08:54:36Z
BetOnline.ag,player_threes,Bennedict Mathurin,Over,2.5,120,2025-11-29,2025-11-28T08:52:40Z
BetOnline.ag,player_threes,Bennedict Mathurin,Under,2.5,-156,2025-11-29,2025-11-28T08:52:40Z
BetOnline.ag,player_threes,Jarace Walker,Over,1.5,107,2025-11-29,2025-11-28T08:52:40Z
BetOnline.ag,player_threes,Jarace Walker,Under,1.5,-139,2025-11-29,2025-11-28T08:52:40Z
BetOnline.ag,player_threes,Andrew Nembhard,Over,1.5,-130,2025-11-29,2025-11-28T08:52:40Z
BetOnline.ag,player_threes,Andrew Nembhard,Under,1.5,101,2025-11-29,2025-11-28T08:52:40Z
BetOnline.ag,player_threes,Kyshawn George,Over,2.5,132,2025-11-29,2025-11-28T08:52:40Z
BetOnline.ag,player_threes,Kyshawn George,Under,2.5,-172,2025-11-29,2025-11-28T08:52:40Z
BetOnline.ag,player_threes,Pascal Siakam,Over,1.5,-130,2025-11-29,2025-11-28T08:52:40Z
BetOnline.ag,player_threes,Pascal Siakam,Under,1.5,100,2025-11-29,2025-11-28T08:52:40Z
BetOnline.ag,player_threes,Alex Sarr,Over,1.5,158,2025-11-29,2025-11-28T08:52:40Z
BetOnline.ag,player_threes,Alex Sarr,Under,1.5,-208,2025-11-29,2025-11-28T08:52:40Z
BetOnline.ag,player_threes,Khris Middleton,Over,0.5,-185,2025-11-29,2025-11-28T08:52:40Z
BetOnline.ag,player_threes,Khris Middleton,Under,0.5,142,2025-11-29,2025-11-28T08:52:40Z
BetOnline.ag,player_threes,C.J. McCollum,Over,2.5,-116,2025-11-29,2025-11-28T08:52:40Z
BetOnline.ag,player_threes,C.J. McCollum,Under,2.5,-111,2025-11-29,2025-11-28T08:52:40Z
BetOnline.ag,player_threes,Carlton Carrington,Over,1.5,124,2025-11-29,2025-11-28T08:52:40Z
BetOnline.ag,player_threes,Carlton Carrington,Under,1.5,-161,2025-11-29,2025-11-28T08:52:40Z
BetOnline.ag,player_threes,Jay Huff,Over,1.5,-114,2025-11-29,2025-11-28T08:52:40Z
BetOnline.ag,player_threes,Jay Huff,Under,1.5,-114,2025-11-29,2025-11-28T08:52:40Z
BetOnline.ag,player_threes,Ben Sheppard,Over,1.5,178,2025-11-29,2025-11-28T08:52:40Z
BetOnline.ag,player_threes,Ben Sheppard,Under,1.5,-238,2025-11-29,2025-11-28T08:52:40Z
BetOnline.ag,player_threes,Cam Whitmore,Over,1.5,103,2025-11-29,2025-11-28T08:52:40Z
BetOnline.ag,player_threes,Cam Whitmore,Under,1.5,-133,2025-11-29,2025-11-28T08:52:40Z
BetOnline.ag,player_threes,T.J. McConnell,Over,0.5,-145,2025-11-29,2025-11-28T08:52:40Z
BetOnline.ag,player_threes,T.J. McConnell,Under,0.5,111,2025-11-29,2025-11-28T08:52:40Z
BetOnline.ag,player_threes,Bilal Coulibaly,Over,1.5,178,2025-11-29,2025-11-28T08:52:40Z
BetOnline.ag,player_threes,Bilal Coulibaly,Under,1.5,-238,2025-11-29,2025-11-28T08:52:40Z
BetOnline.ag,player_threes,Giannis Antetokounmpo,Over,0.5,134,2025-11-29,2025-11-28T08:54:49Z
BetOnline.ag,player_threes,Giannis Antetokounmpo,Under,0.5,-175,2025-11-29,2025-11-28T08:54:49Z
BetOnline.ag,player_threes,A.J. Green,Over,2.5,-135,2025-11-29,2025-11-28T08:54:49Z
BetOnline.ag,player_threes,A.J. Green,Under,2.5,104,2025-11-29,2025-11-28T08:54:49Z
BetOnline.ag,player_threes,Jalen Brunson,Over,2.5,-167,2025-11-29,2025-11-28T08:54:49Z
BetOnline.ag,player_threes,Jalen Brunson,Under,2.5,127,2025-11-29,2025-11-28T08:54:49Z
BetOnline.ag,player_threes,Josh Hart,Over,1.5,130,2025-11-29,2025-11-28T08:54:49Z
BetOnline.ag,player_threes,Josh Hart,Under,1.5,-169,2025-11-29,2025-11-28T08:54:49Z
BetOnline.ag,player_threes,Ryan Rollins,Over,2.5,-102,2025-11-29,2025-11-28T08:54:49Z
BetOnline.ag,player_threes,Ryan Rollins,Under,2.5,-127,2025-11-29,2025-11-28T08:54:49Z
BetOnline.ag,player_threes,Mikal Bridges,Over,1.5,-192,2025-11-29,2025-11-28T08:54:49Z
BetOnline.ag,player_threes,Mikal Bridges,Under,1.5,146,2025-11-29,2025-11-28T08:54:49Z
BetOnline.ag,player_threes,Kyle Kuzma,Over,1.5,167,2025-11-29,2025-11-28T08:54:49Z
BetOnline.ag,player_threes,Kyle Kuzma,Under,1.5,-222,2025-11-29,2025-11-28T08:54:49Z
BetOnline.ag,player_threes,Karl-Anthony Towns,Over,2.5,139,2025-11-29,2025-11-28T08:54:49Z
BetOnline.ag,player_threes,Karl-Anthony Towns,Under,2.5,-182,2025-11-29,2025-11-28T08:54:49Z
BetOnline.ag,player_threes,Jordan Clarkson,Over,1.5,-106,2025-11-29,2025-11-28T08:54:49Z
BetOnline.ag,player_threes,Jordan Clarkson,Under,1.5,-122,2025-11-29,2025-11-28T08:54:49Z
BetOnline.ag,player_threes,Myles Turner,Over,2.5,124,2025-11-29,2025-11-28T08:54:49Z
BetOnline.ag,player_threes,Myles Turner,Under,2.5,-161,2025-11-29,2025-11-28T08:54:49Z
BetOnline.ag,player_threes,Miles McBride,Over,2.5,149,2025-11-29,2025-11-28T08:54:49Z
BetOnline.ag,player_threes,Miles McBride,Under,2.5,-196,2025-11-29,2025-11-28T08:54:49Z
BetOnline.ag,player_threes,Gary Trent Jr,Over,2.5,139,2025-11-29,2025-11-28T08:54:49Z
BetOnline.ag,player_threes,Gary Trent Jr,Under,2.5,-182,2025-11-29,2025-11-28T08:54:49Z
BetOnline.ag,player_threes,Devin Vassell,Over,2.5,-106,2025-11-29,2025-11-28T08:54:07Z
BetOnline.ag,player_threes,Devin Vassell,Under,2.5,-122,2025-11-29,2025-11-28T08:54:07Z
BetOnline.ag,player_threes,Jamal Murray,Over,2.5,-133,2025-11-29,2025-11-28T08:54:07Z
BetOnline.ag,player_threes,Jamal Murray,Under,2.5,103,2025-11-29,2025-11-28T08:54:07Z
BetOnline.ag,player_threes,Peyton Watson,Over,1.5,-141,2025-11-29,2025-11-28T08:54:07Z
BetOnline.ag,player_threes,Peyton Watson,Under,1.5,108,2025-11-29,2025-11-28T08:54:07Z
BetOnline.ag,player_threes,Keldon Johnson,Over,1.5,126,2025-11-29,2025-11-28T08:54:07Z
BetOnline.ag,player_threes,Keldon Johnson,Under,1.5,-164,2025-11-29,2025-11-28T08:54:07Z
BetOnline.ag,player_threes,Nikola Jokic,Over,1.5,-185,2025-11-29,2025-11-28T08:54:07Z
BetOnline.ag,player_threes,Nikola Jokic,Under,1.5,140,2025-11-29,2025-11-28T08:54:07Z
BetOnline.ag,player_threes,Julian Champagnie,Over,2.5,-105,2025-11-29,2025-11-28T08:54:07Z
BetOnline.ag,player_threes,Julian Champagnie,Under,2.5,-123,2025-11-29,2025-11-28T08:54:07Z
BetOnline.ag,player_threes,Harrison Barnes,Over,2.5,134,2025-11-29,2025-11-28T08:54:07Z
BetOnline.ag,player_threes,Harrison Barnes,Under,2.5,-175,2025-11-29,2025-11-28T08:54:07Z
BetOnline.ag,player_threes,De'Aaron Fox,Over,2.5,126,2025-11-29,2025-11-28T08:54:07Z
BetOnline.ag,player_threes,De'Aaron Fox,Under,2.5,-164,2025-11-29,2025-11-28T08:54:07Z
BetOnline.ag,player_threes,Tim Hardaway Jr,Over,2.5,141,2025-11-29,2025-11-28T08:54:07Z
BetOnline.ag,player_threes,Tim Hardaway Jr,Under,2.5,-185,2025-11-29,2025-11-28T08:54:07Z
BetOnline.ag,player_threes,Cameron Johnson,Over,1.5,-185,2025-11-29,2025-11-28T08:54:07Z
BetOnline.ag,player_threes,Cameron Johnson,Under,1.5,141,2025-11-29,2025-11-28T08:54:07Z
BetOnline.ag,player_threes,Bruce Brown,Over,0.5,-152,2025-11-29,2025-11-28T08:54:07Z
BetOnline.ag,player_threes,Bruce Brown,Under,0.5,116,2025-11-29,2025-11-28T08:54:07Z
BetOnline.ag,player_threes,Dylan Harper,Over,0.5,-172,2025-11-29,2025-11-28T08:54:07Z
BetOnline.ag,player_threes,Dylan Harper,Under,0.5,131,2025-11-29,2025-11-28T08:54:07Z
BetOnline.ag,player_threes,Luguentz Dort,Over,1.5,-119,2025-11-29,2025-11-28T08:54:45Z
BetOnline.ag,player_threes,Luguentz Dort,Under,1.5,-109,2025-11-29,2025-11-28T08:54:45Z
BetOnline.ag,player_threes,Shai Gilgeous-Alexander,Over,1.5,-123,2025-11-29,2025-11-28T08:54:45Z
BetOnline.ag,player_threes,Shai Gilgeous-Alexander,Under,1.5,-105,2025-11-29,2025-11-28T08:54:45Z
BetOnline.ag,player_threes,Chet Holmgren,Over,1.5,-102,2025-11-29,2025-11-28T08:54:45Z
BetOnline.ag,player_threes,Chet Holmgren,Under,1.5,-127,2025-11-29,2025-11-28T08:54:45Z
BetOnline.ag,player_threes,Cason Wallace,Over,1.5,149,2025-11-29,2025-11-28T08:54:45Z
BetOnline.ag,player_threes,Cason Wallace,Under,1.5,-196,2025-11-29,2025-11-28T08:54:45Z
BetOnline.ag,player_threes,Royce O'Neale,Over,2.5,-118,2025-11-29,2025-11-28T08:54:45Z
BetOnline.ag,player_threes,Royce O'Neale,Under,2.5,-110,2025-11-29,2025-11-28T08:54:45Z
BetOnline.ag,player_threes,Dillon Brooks,Over,2.5,-112,2025-11-29,2025-11-28T08:54:45Z
BetOnline.ag,player_threes,Dillon Brooks,Under,2.5,-115,2025-11-29,2025-11-28T08:54:45Z
BetOnline.ag,player_threes,Devin Booker,Over,2.5,130,2025-11-29,2025-11-28T08:54:45Z
BetOnline.ag,player_threes,Devin Booker,Under,2.5,-169,2025-11-29,2025-11-28T08:54:45Z
BetOnline.ag,player_threes,Alex Caruso,Over,1.5,161,2025-11-29,2025-11-28T08:54:45Z
BetOnline.ag,player_threes,Alex Caruso,Under,1.5,-213,2025-11-29,2025-11-28T08:54:45Z
BetOnline.ag,player_threes,Ajay Mitchell,Over,0.5,-208,2025-11-29,2025-11-28T08:54:45Z
BetOnline.ag,player_threes,Ajay Mitchell,Under,0.5,159,2025-11-29,2025-11-28T08:54:45Z
BetOnline.ag,player_threes,Collin Gillespie,Over,2.5,-101,2025-11-29,2025-11-28T08:54:45Z
BetOnline.ag,player_threes,Collin Gillespie,Under,2.5,-128,2025-11-29,2025-11-28T08:54:45Z
BetOnline.ag,player_threes,Jalen Williams,Over,1.5,182,2025-11-29,2025-11-28T08:54:45Z
BetOnline.ag,player_threes,Jalen Williams,Under,1.5,-244,2025-11-29,2025-11-28T08:54:45Z
BetOnline.ag,player_threes,Isaiah Joe,Over,1.5,-156,2025-11-29,2025-11-28T08:54:45Z
BetOnline.ag,player_threes,Isaiah Joe,Under,1.5,120,2025-11-29,2025-11-28T08:54:45Z
BetOnline.ag,player_threes,Jordan Goodwin,Over,1.5,128,2025-11-29,2025-11-28T08:54:45Z
BetOnline.ag,player_threes,Jordan Goodwin,Under,1.5,-167,2025-11-29,2025-11-28T08:54:45Z
BetOnline.ag,player_threes,Keegan Murray,Over,2.5,104,2025-11-29,2025-11-28T08:54:21Z
BetOnline.ag,player_threes,Keegan Murray,Under,2.5,-135,2025-11-29,2025-11-28T08:54:21Z
BetOnline.ag,player_threes,Keyonte George,Over,2.5,122,2025-11-29,2025-11-28T08:54:21Z
BetOnline.ag,player_threes,Keyonte George,Under,2.5,-159,2025-11-29,2025-11-28T08:54:21Z
BetOnline.ag,player_threes,Lauri Markkanen,Over,3.5,113,2025-11-29,2025-11-28T08:54:21Z
BetOnline.ag,player_threes,Lauri Markkanen,Under,3.5,-147,2025-11-29,2025-11-28T08:54:21Z
BetOnline.ag,player_threes,Malik Monk,Over,1.5,-111,2025-11-29,2025-11-28T08:54:21Z
BetOnline.ag,player_threes,Malik Monk,Under,1.5,-116,2025-11-29,2025-11-28T08:54:21Z
BetOnline.ag,player_threes,Kyle Filipowski,Over,0.5,-200,2025-11-29,2025-11-28T08:54:21Z
BetOnline.ag,player_threes,Kyle Filipowski,Under,0.5,152,2025-11-29,2025-11-28T08:54:21Z
BetOnline.ag,player_threes,Svi Mykhailiuk,Over,1.5,-141,2025-11-29,2025-11-28T08:54:21Z
BetOnline.ag,player_threes,Svi Mykhailiuk,Under,1.5,109,2025-11-29,2025-11-28T08:54:21Z
BetOnline.ag,player_threes,Zach LaVine,Over,2.5,-105,2025-11-29,2025-11-28T08:54:21Z
BetOnline.ag,player_threes,Zach LaVine,Under,2.5,-123,2025-11-29,2025-11-28T08:54:21Z
BetOnline.ag,player_threes,Ace Bailey,Over,1.5,102,2025-11-29,2025-11-28T08:54:21Z
BetOnline.ag,player_threes,Ace Bailey,Under,1.5,-132,2025-11-29,2025-11-28T08:54:21Z
BetOnline.ag,player_threes,DeMar DeRozan,Over,0.5,-156,2025-11-29,2025-11-28T08:54:21Z
BetOnline.ag,player_threes,DeMar DeRozan,Under,0.5,120,2025-11-29,2025-11-28T08:54:21Z
BetOnline.ag,player_threes,Russell Westbrook,Over,1.5,-128,2025-11-29,2025-11-28T08:54:21Z
BetOnline.ag,player_threes,Russell Westbrook,Under,1.5,-101,2025-11-29,2025-11-28T08:54:21Z
BetOnline.ag,player_threes,Dennis Schroder,Over,1.5,171,2025-11-29,2025-11-28T08:54:21Z
BetOnline.ag,player_threes,Dennis Schroder,Under,1.5,-227,2025-11-29,2025-11-28T08:54:21Z
BetOnline.ag,player_threes,Brice Sensabaugh,Over,1.5,-128,2025-11-29,2025-11-28T08:54:21Z
BetOnline.ag,player_threes,Brice Sensabaugh,Under,1.5,-101,2025-11-29,2025-11-28T08:54:21Z
BetOnline.ag,player_threes,Isaiah Collier,Over,0.5,152,2025-11-29,2025-11-28T08:54:21Z
BetOnline.ag,player_threes,Isaiah Collier,Under,0.5,-200,2025-11-29,2025-11-28T08:54:21Z
BetOnline.ag,player_threes,Jusuf Nurkic,Over,0.5,152,2025-11-29,2025-11-28T08:54:21Z
BetOnline.ag,player_threes,Jusuf Nurkic,Under,0.5,-200,2025-11-29,2025-11-28T08:54:21Z
BetOnline.ag,player_threes,Precious Achiuwa,Over,0.5,209,2025-11-29,2025-11-28T08:54:21Z
BetOnline.ag,player_threes,Precious Achiuwa,Under,0.5,-286,2025-11-29,2025-11-28T08:54:21Z
BetOnline.ag,player_threes,LeBron James,Over,1.5,-139,2025-11-29,2025-11-28T08:54:15Z
BetOnline.ag,player_threes,LeBron James,Under,1.5,107,2025-11-29,2025-11-28T08:54:15Z
BetOnline.ag,player_threes,Austin Reaves,Over,2.5,-133,2025-11-29,2025-11-28T08:54:15Z
BetOnline.ag,player_threes,Austin Reaves,Under,2.5,103,2025-11-29,2025-11-28T08:54:15Z
BetOnline.ag,player_threes,Rui Hachimura,Over,1.5,118,2025-11-29,2025-11-28T08:54:15Z
BetOnline.ag,player_threes,Rui Hachimura,Under,1.5,-154,2025-11-29,2025-11-28T08:54:15Z
BetOnline.ag,player_threes,Brandon Williams,Over,1.5,178,2025-11-29,2025-11-28T08:54:15Z
BetOnline.ag,player_threes,Brandon Williams,Under,1.5,-238,2025-11-29,2025-11-28T08:54:15Z
BetOnline.ag,player_threes,P.J. Washington,Over,1.5,-135,2025-11-29,2025-11-28T08:54:15Z
BetOnline.ag,player_threes,P.J. Washington,Under,1.5,104,2025-11-29,2025-11-28T08:54:15Z
BetOnline.ag,player_threes,Cooper Flagg,Over,1.5,158,2025-11-29,2025-11-28T08:54:15Z
BetOnline.ag,player_threes,Cooper Flagg,Under,1.5,-208,2025-11-29,2025-11-28T08:54:15Z
BetOnline.ag,player_threes,Luka Doncic,Over,3.5,-149,2025-11-29,2025-11-28T08:54:15Z
BetOnline.ag,player_threes,Luka Doncic,Under,3.5,115,2025-11-29,2025-11-28T08:54:15Z
BetOnline.ag,player_threes,Max Christie,Over,1.5,-164,2025-11-29,2025-11-28T08:54:15Z
BetOnline.ag,player_threes,Max Christie,Under,1.5,126,2025-11-29,2025-11-28T08:54:15Z
BetOnline.ag,player_threes,Jake LaRavia,Over,0.5,-143,2025-11-29,2025-11-28T08:54:15Z
BetOnline.ag,player_threes,Jake LaRavia,Under,0.5,110,2025-11-29,2025-11-28T08:54:15Z
BetOnline.ag,player_threes,Marcus Smart,Over,0.5,-213,2025-11-29,2025-11-28T08:54:15Z
BetOnline.ag,player_threes,Marcus Smart,Under,0.5,160,2025-11-29,2025-11-28T08:54:15Z
BetOnline.ag,player_threes,Klay Thompson,Over,2.5,-102,2025-11-29,2025-11-28T08:54:15Z
BetOnline.ag,player_threes,Klay Thompson,Under,2.5,-127,2025-11-29,2025-11-28T08:54:15Z
BetOnline.ag,player_threes,Anthony Davis,Over,0.5,-123,2025-11-29,2025-11-28T08:54:15Z
BetOnline.ag,player_threes,Anthony Davis,Under,0.5,-104,2025-11-29,2025-11-28T08:54:15Z
BetOnline.ag,player_threes,Naji Marshall,Over,0.5,-175,2025-11-29,2025-11-28T08:54:15Z
BetOnline.ag,player_threes,Naji Marshall,Under,0.5,135,2025-11-29,2025-11-28T08:54:15Z
BetOnline.ag,player_threes,Jaren Jackson Jr,Over,1.5,-175,2025-11-29,2025-11-28T08:54:53Z
BetOnline.ag,player_threes,Jaren Jackson Jr,Under,1.5,134,2025-11-29,2025-11-28T08:54:53Z
BetOnline.ag,player_threes,Kawhi Leonard,Over,1.5,-156,2025-11-29,2025-11-28T08:54:53Z
BetOnline.ag,player_threes,Kawhi Leonard,Under,1.5,121,2025-11-29,2025-11-28T08:54:53Z
BetOnline.ag,player_threes,Santi Aldama,Over,1.5,112,2025-11-29,2025-11-28T08:54:53Z
BetOnline.ag,player_threes,Santi Aldama,Under,1.5,-145,2025-11-29,2025-11-28T08:54:53Z
BetOnline.ag,player_threes,Vincent Williams Jr,Over,1.5,115,2025-11-29,2025-11-28T08:54:53Z
BetOnline.ag,player_threes,Vincent Williams Jr,Under,1.5,-149,2025-11-29,2025-11-28T08:54:53Z
BetOnline.ag,player_threes,James Harden,Over,3.5,103,2025-11-29,2025-11-28T08:54:53Z
BetOnline.ag,player_threes,James Harden,Under,3.5,-133,2025-11-29,2025-11-28T08:54:53Z
BetOnline.ag,player_threes,Jaylen Wells,Over,1.5,-172,2025-11-29,2025-11-28T08:54:53Z
BetOnline.ag,player_threes,Jaylen Wells,Under,1.5,131,2025-11-29,2025-11-28T08:54:53Z
BetOnline.ag,player_threes,Bogdan Bogdanovic,Over,1.5,102,2025-11-29,2025-11-28T08:54:53Z
BetOnline.ag,player_threes,Bogdan Bogdanovic,Under,1.5,-132,2025-11-29,2025-11-28T08:54:53Z
BetOnline.ag,player_threes,Cedric Coward,Over,1.5,-114,2025-11-29,2025-11-28T08:54:53Z
BetOnline.ag,player_threes,Cedric Coward,Under,1.5,-114,2025-11-29,2025-11-28T08:54:53Z
BetOnline.ag,player_threes,John Collins,Over,1.5,186,2025-11-29,2025-11-28T08:54:53Z
BetOnline.ag,player_threes,John Collins,Under,1.5,-250,2025-11-29,2025-11-28T08:54:53Z
BetOnline.ag,player_threes,Kris Dunn,Over,0.5,-227,2025-11-29,2025-11-28T08:54:53Z
BetOnline.ag,player_threes,Kris Dunn,Under,0.5,170,2025-11-29,2025-11-28T08:54:53Z
BetOnline.ag,player_threes,Brook Lopez,Over,0.5,-227,2025-11-29,2025-11-28T08:54:53Z
BetOnline.ag,player_threes,Brook Lopez,Under,0.5,169,2025-11-29,2025-11-28T08:54:53Z
FanDuel,player_blocks,Evan Mobley,Over,1.5,108,2025-11-29,2025-11-28T08:54:17Z
FanDuel,player_blocks,Evan Mobley,Under,1.5,-144,2025-11-29,2025-11-28T08:54:17Z
FanDuel,player_blocks,Kristaps Porzingis,Over,1.5,-106,2025-11-29,2025-11-28T08:54:17Z
FanDuel,player_blocks,Kristaps Porzingis,Under,1.5,-125,2025-11-29,2025-11-28T08:54:17Z
FanDuel,player_blocks,Nicolas Claxton,Over,1.5,126,2025-11-29,2025-11-28T08:53:57Z
FanDuel,player_blocks,Nicolas Claxton,Under,1.5,-168,2025-11-29,2025-11-28T08:53:57Z
FanDuel,player_blocks,Ryan Kalkbrenner,Over,1.5,-114,2025-11-29,2025-11-28T08:54:04Z
FanDuel,player_blocks,Ryan Kalkbrenner,Under,1.5,-114,2025-11-29,2025-11-28T08:54:04Z
FanDuel,player_blocks,Matas Buzelis,Over,1.5,116,2025-11-29,2025-11-28T08:54:04Z
FanDuel,player_blocks,Matas Buzelis,Under,1.5,-158,2025-11-29,2025-11-28T08:54:04Z
FanDuel,player_blocks,Goga Bitadze,Over,1.5,178,2025-11-29,2025-11-28T08:54:01Z
FanDuel,player_blocks,Goga Bitadze,Under,1.5,-245,2025-11-29,2025-11-28T08:54:01Z
FanDuel,player_blocks,Isaiah Stewart II,Over,1.5,126,2025-11-29,2025-11-28T08:54:01Z
FanDuel,player_blocks,Isaiah Stewart II,Under,1.5,-168,2025-11-29,2025-11-28T08:54:01Z
FanDuel,player_blocks,Alex Sarr,Over,1.5,-122,2025-11-29,2025-11-28T08:54:11Z
FanDuel,player_blocks,Alex Sarr,Under,1.5,-108,2025-11-29,2025-11-28T08:54:11Z
FanDuel,player_blocks,Myles Turner,Over,1.5,-130,2025-11-29,2025-11-28T08:53:57Z
FanDuel,player_blocks,Myles Turner,Under,1.5,-102,2025-11-29,2025-11-28T08:53:57Z
FanDuel,player_blocks,Giannis Antetokounmpo,Over,0.5,-225,2025-11-29,2025-11-28T08:53:57Z
FanDuel,player_blocks,Giannis Antetokounmpo,Under,0.5,164,2025-11-29,2025-11-28T08:53:57Z
FanDuel,player_blocks,Luke Kornet,Over,1.5,-122,2025-11-29,2025-11-28T08:54:17Z
FanDuel,player_blocks,Luke Kornet,Under,1.5,-108,2025-11-29,2025-11-28T08:54:17Z
FanDuel,player_blocks,Chet Holmgren,Over,1.5,116,2025-11-29,2025-11-28T08:54:23Z
FanDuel,player_blocks,Chet Holmgren,Under,1.5,-158,2025-11-29,2025-11-28T08:54:23Z
FanDuel,player_blocks,Deandre Ayton,Over,0.5,-225,2025-11-29,2025-11-28T08:55:05Z
FanDuel,player_blocks,Deandre Ayton,Under,0.5,164,2025-11-29,2025-11-28T08:55:05Z
FanDuel,player_blocks,Anthony Davis,Over,1.5,162,2025-11-29,2025-11-28T08:55:05Z
FanDuel,player_blocks,Anthony Davis,Under,1.5,-220,2025-11-29,2025-11-28T08:55:05Z
FanDuel,player_blocks,Jaren Jackson Jr,Over,1.5,162,2025-11-29,2025-11-28T08:54:31Z
FanDuel,player_blocks,Jaren Jackson Jr,Under,1.5,-220,2025-11-29,2025-11-28T08:54:31Z
FanDuel,player_blocks,Zach Edey,Over,1.5,138,2025-11-29,2025-11-28T08:54:31Z
FanDuel,player_blocks,Zach Edey,Under,1.5,-186,2025-11-29,2025-11-28T08:54:31Z
DraftKings,player_blocks,Evan Mobley,Over,1.5,112,2025-11-29,2025-11-28T08:54:28Z
DraftKings,player_blocks,Evan Mobley,Under,1.5,-148,2025-11-29,2025-11-28T08:54:28Z
DraftKings,player_blocks,Jarrett Allen,Over,0.5,-133,2025-11-29,2025-11-28T08:54:28Z
DraftKings,player_blocks,Jarrett Allen,Under,0.5,100,2025-11-29,2025-11-28T08:54:28Z
DraftKings,player_blocks,Jalen Johnson,Over,0.5,162,2025-11-29,2025-11-28T08:54:28Z
DraftKings,player_blocks,Jalen Johnson,Under,0.5,-218,2025-11-29,2025-11-28T08:54:28Z
DraftKings,player_blocks,Dyson Daniels,Over,0.5,199,2025-11-29,2025-11-28T08:54:28Z
DraftKings,player_blocks,Dyson Daniels,Under,0.5,-272,2025-11-29,2025-11-28T08:54:28Z
DraftKings,player_blocks,Nicolas Claxton,Over,1.5,120,2025-11-29,2025-11-28T08:53:53Z
DraftKings,player_blocks,Nicolas Claxton,Under,1.5,-160,2025-11-29,2025-11-28T08:53:53Z
DraftKings,player_blocks,Ryan Kalkbrenner,Over,1.5,-124,2025-11-29,2025-11-28T08:53:29Z
DraftKings,player_blocks,Ryan Kalkbrenner,Under,1.5,-107,2025-11-29,2025-11-28T08:53:29Z
DraftKings,player_blocks,Matas Buzelis,Over,1.5,117,2025-11-29,2025-11-28T08:53:29Z
DraftKings,player_blocks,Matas Buzelis,Under,1.5,-156,2025-11-29,2025-11-28T08:53:29Z
DraftKings,player_blocks,Miles Bridges,Over,0.5,115,2025-11-29,2025-11-28T08:53:29Z
DraftKings,player_blocks,Miles Bridges,Under,0.5,-152,2025-11-29,2025-11-28T08:53:29Z
DraftKings,player_blocks,Nikola Vucevic,Over,0.5,155,2025-11-29,2025-11-28T08:53:29Z
DraftKings,player_blocks,Nikola Vucevic,Under,0.5,-208,2025-11-29,2025-11-28T08:53:29Z
DraftKings,player_blocks,Myles Turner,Over,1.5,-121,2025-11-29,2025-11-28T08:54:01Z
DraftKings,player_blocks,Myles Turner,Under,1.5,-110,2025-11-29,2025-11-28T08:54:01Z
DraftKings,player_blocks,Giannis Antetokounmpo,Over,0.5,-208,2025-11-29,2025-11-28T08:54:01Z
DraftKings,player_blocks,Giannis Antetokounmpo,Under,0.5,155,2025-11-29,2025-11-28T08:54:01Z
DraftKings,player_blocks,Mikal Bridges,Over,0.5,-189,2025-11-29,2025-11-28T08:54:01Z
DraftKings,player_blocks,Mikal Bridges,Under,0.5,141,2025-11-29,2025-11-28T08:54:01Z
DraftKings,player_blocks,Mitchell Robinson,Over,0.5,-137,2025-11-29,2025-11-28T08:54:01Z
DraftKings,player_blocks,Mitchell Robinson,Under,0.5,103,2025-11-29,2025-11-28T08:54:01Z
DraftKings,player_blocks,Karl-Anthony Towns,Over,0.5,-111,2025-11-29,2025-11-28T08:54:01Z
DraftKings,player_blocks,Karl-Anthony Towns,Under,0.5,-119,2025-11-29,2025-11-28T08:54:01Z
DraftKings,player_blocks,Nikola Jokic,Over,0.5,-111,2025-11-29,2025-11-28T08:54:28Z
DraftKings,player_blocks,Nikola Jokic,Under,0.5,-120,2025-11-29,2025-11-28T08:54:28Z
DraftKings,player_blocks,Ace Bailey,Over,0.5,146,2025-11-29,2025-11-28T08:54:36Z
DraftKings,player_blocks,Ace Bailey,Under,0.5,-196,2025-11-29,2025-11-28T08:54:36Z
DraftKings,player_blocks,Jaren Jackson Jr,Over,1.5,160,2025-11-29,2025-11-28T08:54:22Z
DraftKings,player_blocks,Jaren Jackson Jr,Under,1.5,-215,2025-11-29,2025-11-28T08:54:22Z
DraftKings,player_blocks,Ivica Zubac,Over,0.5,-193,2025-11-29,2025-11-28T08:54:22Z
DraftKings,player_blocks,Ivica Zubac,Under,0.5,144,2025-11-29,2025-11-28T08:54:22Z
DraftKings,player_blocks,Kawhi Leonard,Over,0.5,152,2025-11-29,2025-11-28T08:54:22Z
DraftKings,player_blocks,Kawhi Leonard,Under,0.5,-204,2025-11-29,2025-11-28T08:54:22Z
FanDuel,player_steals,Dyson Daniels,Over,2.5,-114,2025-11-29,2025-11-28T08:54:17Z
FanDuel,player_steals,Dyson Daniels,Under,2.5,-114,2025-11-29,2025-11-28T08:54:17Z
FanDuel,player_steals,Donovan Mitchell,Over,1.5,178,2025-11-29,2025-11-28T08:54:17Z
FanDuel,player_steals,Donovan Mitchell,Under,1.5,-245,2025-11-29,2025-11-28T08:54:17Z
FanDuel,player_steals,Nicolas Claxton,Over,0.5,-210,2025-11-29,2025-11-28T08:53:57Z
FanDuel,player_steals,Nicolas Claxton,Under,0.5,154,2025-11-29,2025-11-28T08:53:57Z
FanDuel,player_steals,Paul George,Over,1.5,138,2025-11-29,2025-11-28T08:53:57Z
FanDuel,player_steals,Paul George,Under,1.5,-186,2025-11-29,2025-11-28T08:53:57Z
FanDuel,player_steals,Tyrese Maxey,Over,1.5,138,2025-11-29,2025-11-28T08:53:57Z
FanDuel,player_steals,Tyrese Maxey,Under,1.5,-186,2025-11-29,2025-11-28T08:53:57Z
FanDuel,player_steals,Brandon Miller,Over,1.5,194,2025-11-29,2025-11-28T08:54:04Z
FanDuel,player_steals,Brandon Miller,Under,1.5,-270,2025-11-29,2025-11-28T08:54:04Z
FanDuel,player_steals,LaMelo Ball,Over,1.5,162,2025-11-29,2025-11-28T08:54:04Z
FanDuel,player_steals,LaMelo Ball,Under,1.5,-220,2025-11-29,2025-11-28T08:54:04Z
FanDuel,player_steals,Coby White,Over,0.5,-225,2025-11-29,2025-11-28T08:54:04Z
FanDuel,player_steals,Coby White,Under,0.5,164,2025-11-29,2025-11-28T08:54:04Z
FanDuel,player_steals,Josh Giddey,Over,1.5,162,2025-11-29,2025-11-28T08:54:04Z
FanDuel,player_steals,Josh Giddey,Under,1.5,-220,2025-11-29,2025-11-28T08:54:04Z
FanDuel,player_steals,Cade Cunningham,Over,1.5,162,2025-11-29,2025-11-28T08:54:01Z
FanDuel,player_steals,Cade Cunningham,Under,1.5,-220,2025-11-29,2025-11-28T08:54:01Z
FanDuel,player_steals,Jalen Suggs,Over,1.5,-130,2025-11-29,2025-11-28T08:54:01Z
FanDuel,player_steals,Jalen Suggs,Under,1.5,-102,2025-11-29,2025-11-28T08:54:01Z
FanDuel,player_steals,Ausar Thompson,Over,1.5,-122,2025-11-29,2025-11-28T08:54:01Z
FanDuel,player_steals,Ausar Thompson,Under,1.5,-108,2025-11-29,2025-11-28T08:54:01Z
FanDuel,player_steals,Anthony Black,Over,1.5,138,2025-11-29,2025-11-28T08:54:01Z
FanDuel,player_steals,Anthony Black,Under,1.5,-186,2025-11-29,2025-11-28T08:54:01Z
FanDuel,player_steals,Pascal Siakam,Over,1.5,162,2025-11-29,2025-11-28T08:54:11Z
FanDuel,player_steals,Pascal Siakam,Under,1.5,-220,2025-11-29,2025-11-28T08:54:11Z
FanDuel,player_steals,Bilal Coulibaly,Over,1.5,178,2025-11-29,2025-11-28T08:54:11Z
FanDuel,player_steals,Bilal Coulibaly,Under,1.5,-245,2025-11-29,2025-11-28T08:54:11Z
FanDuel,player_steals,Andrew Nembhard,Over,1.5,148,2025-11-29,2025-11-28T08:54:11Z
FanDuel,player_steals,Andrew Nembhard,Under,1.5,-200,2025-11-29,2025-11-28T08:54:11Z
FanDuel,player_steals,Myles Turner,Over,0.5,-225,2025-11-29,2025-11-28T08:53:57Z
FanDuel,player_steals,Myles Turner,Under,0.5,164,2025-11-29,2025-11-28T08:53:57Z
FanDuel,player_steals,Mikal Bridges,Over,1.5,-130,2025-11-29,2025-11-28T08:53:57Z
FanDuel,player_steals,Mikal Bridges,Under,1.5,-102,2025-11-29,2025-11-28T08:53:57Z
FanDuel,player_steals,Josh Hart,Over,1.5,188,2025-11-29,2025-11-28T08:53:57Z
FanDuel,player_steals,Josh Hart,Under,1.5,-250,2025-11-29,2025-11-28T08:53:57Z
FanDuel,player_steals,Ryan Rollins,Over,1.5,126,2025-11-29,2025-11-28T08:53:57Z
FanDuel,player_steals,Ryan Rollins,Under,1.5,-168,2025-11-29,2025-11-28T08:53:57Z
FanDuel,player_steals,Giannis Antetokounmpo,Over,0.5,-210,2025-11-29,2025-11-28T08:53:57Z
FanDuel,player_steals,Giannis Antetokounmpo,Under,0.5,154,2025-11-29,2025-11-28T08:53:57Z
FanDuel,player_steals,Jalen Brunson,Over,0.5,-146,2025-11-29,2025-11-28T08:53:57Z
FanDuel,player_steals,Jalen Brunson,Under,0.5,110,2025-11-29,2025-11-28T08:53:57Z
FanDuel,player_steals,Nikola Jokic,Over,1.5,-122,2025-11-29,2025-11-28T08:54:17Z
FanDuel,player_steals,Nikola Jokic,Under,1.5,-108,2025-11-29,2025-11-28T08:54:17Z
FanDuel,player_steals,De'Aaron Fox,Over,1.5,108,2025-11-29,2025-11-28T08:54:17Z
FanDuel,player_steals,De'Aaron Fox,Under,1.5,-144,2025-11-29,2025-11-28T08:54:17Z
FanDuel,player_steals,Devin Vassell,Over,1.5,194,2025-11-29,2025-11-28T08:54:17Z
FanDuel,player_steals,Devin Vassell,Under,1.5,-270,2025-11-29,2025-11-28T08:54:17Z
FanDuel,player_steals,Dillon Brooks,Over,1.5,162,2025-11-29,2025-11-28T08:54:23Z
FanDuel,player_steals,Dillon Brooks,Under,1.5,-220,2025-11-29,2025-11-28T08:54:23Z
FanDuel,player_steals,Shai Gilgeous-Alexander,Over,1.5,-106,2025-11-29,2025-11-28T08:54:23Z
FanDuel,player_steals,Shai Gilgeous-Alexander,Under,1.5,-125,2025-11-29,2025-11-28T08:54:23Z
FanDuel,player_steals,Cason Wallace,Over,1.5,-146,2025-11-29,2025-11-28T08:54:23Z
FanDuel,player_steals,Cason Wallace,Under,1.5,110,2025-11-29,2025-11-28T08:54:23Z
FanDuel,player_steals,Alex Caruso,Over,1.5,162,2025-11-29,2025-11-28T08:54:23Z
FanDuel,player_steals,Alex Caruso,Under,1.5,-220,2025-11-29,2025-11-28T08:54:23Z
FanDuel,player_steals,Russell Westbrook,Over,1.5,178,2025-11-29,2025-11-28T08:54:12Z
FanDuel,player_steals,Russell Westbrook,Under,1.5,-245,2025-11-29,2025-11-28T08:54:12Z
FanDuel,player_steals,Brandon Williams,Over,1.5,126,2025-11-29,2025-11-28T08:55:05Z
FanDuel,player_steals,Brandon Williams,Under,1.5,-168,2025-11-29,2025-11-28T08:55:05Z
FanDuel,player_steals,Deandre Ayton,Over,0.5,-188,2025-11-29,2025-11-28T08:55:05Z
FanDuel,player_steals,Deandre Ayton,Under,0.5,140,2025-11-29,2025-11-28T08:55:05Z
FanDuel,player_steals,Marcus Smart,Over,1.5,194,2025-11-29,2025-11-28T08:55:05Z
FanDuel,player_steals,Marcus Smart,Under,1.5,-270,2025-11-29,2025-11-28T08:55:05Z
FanDuel,player_steals,LeBron James,Over,0.5,-245,2025-11-29,2025-11-28T08:55:05Z
FanDuel,player_steals,LeBron James,Under,0.5,178,2025-11-29,2025-11-28T08:55:05Z
FanDuel,player_steals,Anthony Davis,Over,1.5,162,2025-11-29,2025-11-28T08:55:05Z
FanDuel,player_steals,Anthony Davis,Under,1.5,-220,2025-11-29,2025-11-28T08:55:05Z
FanDuel,player_steals,Vincent Williams Jr,Over,1.5,194,2025-11-29,2025-11-28T08:54:31Z
FanDuel,player_steals,Vincent Williams Jr,Under,1.5,-270,2025-11-29,2025-11-28T08:54:31Z
FanDuel,player_steals,James Harden,Over,1.5,162,2025-11-29,2025-11-28T08:54:31Z
FanDuel,player_steals,James Harden,Under,1.5,-220,2025-11-29,2025-11-28T08:54:31Z
FanDuel,player_steals,Kris Dunn,Over,1.5,148,2025-11-29,2025-11-28T08:54:31Z
FanDuel,player_steals,Kris Dunn,Under,1.5,-200,2025-11-29,2025-11-28T08:54:31Z
FanDuel,player_steals,Kawhi Leonard,Over,1.5,108,2025-11-29,2025-11-28T08:54:31Z
FanDuel,player_steals,Kawhi Leonard,Under,1.5,-144,2025-11-29,2025-11-28T08:54:31Z
DraftKings,player_steals,Dyson Daniels,Over,2.5,-117,2025-11-29,2025-11-28T08:54:28Z
DraftKings,player_steals,Dyson Daniels,Under,2.5,-114,2025-11-29,2025-11-28T08:54:28Z
DraftKings,player_steals,Donovan Mitchell,Over,1.5,142,2025-11-29,2025-11-28T08:54:28Z
DraftKings,player_steals,Donovan Mitchell,Under,1.5,-191,2025-11-29,2025-11-28T08:54:28Z
DraftKings,player_steals,Evan Mobley,Over,1.5,175,2025-11-29,2025-11-28T08:54:28Z
DraftKings,player_steals,Evan Mobley,Under,1.5,-236,2025-11-29,2025-11-28T08:54:28Z
DraftKings,player_steals,Jalen Johnson,Over,0.5,-242,2025-11-29,2025-11-28T08:54:28Z
DraftKings,player_steals,Jalen Johnson,Under,0.5,178,2025-11-29,2025-11-28T08:54:28Z
DraftKings,player_steals,Darius Garland,Over,0.5,-231,2025-11-29,2025-11-28T08:54:28Z
DraftKings,player_steals,Darius Garland,Under,0.5,171,2025-11-29,2025-11-28T08:54:28Z
DraftKings,player_steals,Kristaps Porzingis,Over,0.5,105,2025-11-29,2025-11-28T08:54:28Z
DraftKings,player_steals,Kristaps Porzingis,Under,0.5,-139,2025-11-29,2025-11-28T08:54:28Z
DraftKings,player_steals,Paul George,Over,1.5,133,2025-11-29,2025-11-28T08:53:53Z
DraftKings,player_steals,Paul George,Under,1.5,-178,2025-11-29,2025-11-28T08:53:53Z
DraftKings,player_steals,Tyrese Maxey,Over,1.5,133,2025-11-29,2025-11-28T08:53:53Z
DraftKings,player_steals,Tyrese Maxey,Under,1.5,-178,2025-11-29,2025-11-28T08:53:53Z
DraftKings,player_steals,Nicolas Claxton,Over,0.5,-214,2025-11-29,2025-11-28T08:53:53Z
DraftKings,player_steals,Nicolas Claxton,Under,0.5,159,2025-11-29,2025-11-28T08:53:53Z
DraftKings,player_steals,Josh Giddey,Over,1.5,158,2025-11-29,2025-11-28T08:53:29Z
DraftKings,player_steals,Josh Giddey,Under,1.5,-212,2025-11-29,2025-11-28T08:53:29Z
DraftKings,player_steals,LaMelo Ball,Over,1.5,165,2025-11-29,2025-11-28T08:53:29Z
DraftKings,player_steals,LaMelo Ball,Under,1.5,-223,2025-11-29,2025-11-28T08:53:29Z
DraftKings,player_steals,Brandon Miller,Over,0.5,-230,2025-11-29,2025-11-28T08:53:29Z
DraftKings,player_steals,Brandon Miller,Under,0.5,170,2025-11-29,2025-11-28T08:53:29Z
DraftKings,player_steals,Coby White,Over,0.5,-224,2025-11-29,2025-11-28T08:53:29Z
DraftKings,player_steals,Coby White,Under,0.5,166,2025-11-29,2025-11-28T08:53:29Z
DraftKings,player_steals,Nikola Vucevic,Over,0.5,-174,2025-11-29,2025-11-28T08:53:29Z
DraftKings,player_steals,Nikola Vucevic,Under,0.5,131,2025-11-29,2025-11-28T08:53:29Z
DraftKings,player_steals,Miles Bridges,Over,0.5,-164,2025-11-29,2025-11-28T08:53:29Z
DraftKings,player_steals,Miles Bridges,Under,0.5,123,2025-11-29,2025-11-28T08:53:29Z
DraftKings,player_steals,Matas Buzelis,Over,0.5,-161,2025-11-29,2025-11-28T08:53:29Z
DraftKings,player_steals,Matas Buzelis,Under,0.5,121,2025-11-29,2025-11-28T08:53:29Z
DraftKings,player_steals,Jalen Suggs,Over,1.5,-134,2025-11-29,2025-11-28T08:54:28Z
DraftKings,player_steals,Jalen Suggs,Under,1.5,101,2025-11-29,2025-11-28T08:54:28Z
DraftKings,player_steals,Mikal Bridges,Over,1.5,-104,2025-11-29,2025-11-28T08:54:01Z
DraftKings,player_steals,Mikal Bridges,Under,1.5,-127,2025-11-29,2025-11-28T08:54:01Z
DraftKings,player_steals,Ryan Rollins,Over,1.5,124,2025-11-29,2025-11-28T08:54:01Z
DraftKings,player_steals,Ryan Rollins,Under,1.5,-165,2025-11-29,2025-11-28T08:54:01Z
DraftKings,player_steals,Josh Hart,Over,0.5,-233,2025-11-29,2025-11-28T08:54:01Z
DraftKings,player_steals,Josh Hart,Under,0.5,172,2025-11-29,2025-11-28T08:54:01Z
DraftKings,player_steals,Giannis Antetokounmpo,Over,0.5,-209,2025-11-29,2025-11-28T08:54:01Z
DraftKings,player_steals,Giannis Antetokounmpo,Under,0.5,155,2025-11-29,2025-11-28T08:54:01Z
DraftKings,player_steals,Gary Trent Jr,Over,0.5,-193,2025-11-29,2025-11-28T08:54:01Z
DraftKings,player_steals,Gary Trent Jr,Under,0.5,144,2025-11-29,2025-11-28T08:54:01Z
DraftKings,player_steals,Karl-Anthony Towns,Over,0.5,-180,2025-11-29,2025-11-28T08:54:01Z
DraftKings,player_steals,Karl-Anthony Towns,Under,0.5,134,2025-11-29,2025-11-28T08:54:01Z
DraftKings,player_steals,Jalen Brunson,Over,0.5,-148,2025-11-29,2025-11-28T08:54:01Z
DraftKings,player_steals,Jalen Brunson,Under,0.5,112,2025-11-29,2025-11-28T08:54:01Z
DraftKings,player_steals,Nikola Jokic,Over,1.5,-117,2025-11-29,2025-11-28T08:54:28Z
DraftKings,player_steals,Nikola Jokic,Under,1.5,-114,2025-11-29,2025-11-28T08:54:28Z
DraftKings,player_steals,De'Aaron Fox,Over,1.5,108,2025-11-29,2025-11-28T08:54:28Z
DraftKings,player_steals,De'Aaron Fox,Under,1.5,-143,2025-11-29,2025-11-28T08:54:28Z
DraftKings,player_steals,Jamal Murray,Over,1.5,176,2025-11-29,2025-11-28T08:54:28Z
DraftKings,player_steals,Jamal Murray,Under,1.5,-238,2025-11-29,2025-11-28T08:54:28Z
DraftKings,player_steals,Devin Vassell,Over,0.5,-246,2025-11-29,2025-11-28T08:54:28Z
DraftKings,player_steals,Devin Vassell,Under,0.5,181,2025-11-29,2025-11-28T08:54:28Z
DraftKings,player_steals,Dylan Harper,Over,0.5,-114,2025-11-29,2025-11-28T08:54:28Z
DraftKings,player_steals,Dylan Harper,Under,0.5,-116,2025-11-29,2025-11-28T08:54:28Z
DraftKings,player_steals,DeMar DeRozan,Over,1.5,175,2025-11-29,2025-11-28T08:54:36Z
DraftKings,player_steals,DeMar DeRozan,Under,1.5,-237,2025-11-29,2025-11-28T08:54:36Z
DraftKings,player_steals,Lauri Markkanen,Over,1.5,175,2025-11-29,2025-11-28T08:54:36Z
DraftKings,player_steals,Lauri Markkanen,Under,1.5,-236,2025-11-29,2025-11-28T08:54:36Z
DraftKings,player_steals,Keyonte George,Over,0.5,-240,2025-11-29,2025-11-28T08:54:36Z
DraftKings,player_steals,Keyonte George,Under,0.5,178,2025-11-29,2025-11-28T08:54:36Z
DraftKings,player_steals,Ace Bailey,Over,0.5,-206,2025-11-29,2025-11-28T08:54:36Z
DraftKings,player_steals,Ace Bailey,Under,0.5,153,2025-11-29,2025-11-28T08:54:36Z
DraftKings,player_steals,Malik Monk,Over,0.5,-206,2025-11-29,2025-11-28T08:54:36Z
DraftKings,player_steals,Malik Monk,Under,0.5,153,2025-11-29,2025-11-28T08:54:36Z
DraftKings,player_steals,Dennis Schroder,Over,0.5,-158,2025-11-29,2025-11-28T08:54:36Z
DraftKings,player_steals,Dennis Schroder,Under,0.5,119,2025-11-29,2025-11-28T08:54:36Z
DraftKings,player_steals,Cooper Flagg,Over,1.5,131,2025-11-29,2025-11-28T08:54:21Z
DraftKings,player_steals,Cooper Flagg,Under,1.5,-175,2025-11-29,2025-11-28T08:54:21Z
DraftKings,player_steals,Anthony Davis,Over,1.5,171,2025-11-29,2025-11-28T08:54:21Z
DraftKings,player_steals,Anthony Davis,Under,1.5,-231,2025-11-29,2025-11-28T08:54:21Z
DraftKings,player_steals,P.J. Washington,Over,0.5,-220,2025-11-29,2025-11-28T08:54:21Z
DraftKings,player_steals,P.J. Washington,Under,0.5,163,2025-11-29,2025-11-28T08:54:21Z
DraftKings,player_steals,Kawhi Leonard,Over,1.5,109,2025-11-29,2025-11-28T08:54:22Z
DraftKings,player_steals,Kawhi Leonard,Under,1.5,-145,2025-11-29,2025-11-28T08:54:22Z
DraftKings,player_steals,James Harden,Over,1.5,165,2025-11-29,2025-11-28T08:54:22Z
DraftKings,player_steals,James Harden,Under,1.5,-223,2025-11-29,2025-11-28T08:54:22Z
DraftKings,player_steals,Ivica Zubac,Over,0.5,-137,2025-11-29,2025-11-28T08:54:22Z
DraftKings,player_steals,Ivica Zubac,Under,0.5,103,2025-11-29,2025-11-28T08:54:22Z
FanDuel,player_points_rebounds_assists,Onyeka Okongwu,Over,21.5,-118,2025-11-29,2025-11-28T08:54:17Z
FanDuel,player_points_rebounds_assists,Onyeka Okongwu,Under,21.5,-112,2025-11-29,2025-11-28T08:54:17Z
FanDuel,player_points_rebounds_assists,Evan Mobley,Over,31.5,-118,2025-11-29,2025-11-28T08:54:17Z
FanDuel,player_points_rebounds_assists,Evan Mobley,Under,31.5,-112,2025-11-29,2025-11-28T08:54:17Z
FanDuel,player_points_rebounds_assists,Jalen Johnson,Over,37.5,-122,2025-11-29,2025-11-28T08:54:17Z
FanDuel,player_points_rebounds_assists,Jalen Johnson,Under,37.5,-108,2025-11-29,2025-11-28T08:54:17Z
FanDuel,player_points_rebounds_assists,Darius Garland,Over,24.5,-118,2025-11-29,2025-11-28T08:54:17Z
FanDuel,player_points_rebounds_assists,Darius Garland,Under,24.5,-110,2025-11-29,2025-11-28T08:54:17Z
FanDuel,player_points_rebounds_assists,Donovan Mitchell,Over,39.5,-110,2025-11-29,2025-11-28T08:54:17Z
FanDuel,player_points_rebounds_assists,Donovan Mitchell,Under,39.5,-120,2025-11-29,2025-11-28T08:54:17Z
FanDuel,player_points_rebounds_assists,De'Andre Hunter,Over,23.5,-102,2025-11-29,2025-11-28T08:54:17Z
FanDuel,player_points_rebounds_assists,De'Andre Hunter,Under,23.5,-130,2025-11-29,2025-11-28T08:54:17Z
FanDuel,player_points_rebounds_assists,Lonzo Ball,Over,13.5,-120,2025-11-29,2025-11-28T08:54:17Z
FanDuel,player_points_rebounds_assists,Lonzo Ball,Under,13.5,-110,2025-11-29,2025-11-28T08:54:17Z
FanDuel,player_points_rebounds_assists,Nickeil Alexander-Walker,Over,24.5,-122,2025-11-29,2025-11-28T08:54:17Z
FanDuel,player_points_rebounds_assists,Nickeil Alexander-Walker,Under,24.5,-108,2025-11-29,2025-11-28T08:54:17Z
FanDuel,player_points_rebounds_assists,Kristaps Porzingis,Over,28.5,-114,2025-11-29,2025-11-28T08:54:17Z
FanDuel,player_points_rebounds_assists,Kristaps Porzingis,Under,28.5,-114,2025-11-29,2025-11-28T08:54:17Z
FanDuel,player_points_rebounds_assists,Jarrett Allen,Over,24.5,-106,2025-11-29,2025-11-28T08:54:17Z
FanDuel,player_points_rebounds_assists,Jarrett Allen,Under,24.5,-125,2025-11-29,2025-11-28T08:54:17Z
FanDuel,player_points_rebounds_assists,Dyson Daniels,Over,22.5,-112,2025-11-29,2025-11-28T08:54:17Z
FanDuel,player_points_rebounds_assists,Dyson Daniels,Under,22.5,-118,2025-11-29,2025-11-28T08:54:17Z
FanDuel,player_points_rebounds_assists,Tyrese Martin,Over,19.5,-118,2025-11-29,2025-11-28T08:53:57Z
FanDuel,player_points_rebounds_assists,Tyrese Martin,Under,19.5,-110,2025-11-29,2025-11-28T08:53:57Z
FanDuel,player_points_rebounds_assists,Quentin Grimes,Over,25.5,-120,2025-11-29,2025-11-28T08:53:57Z
FanDuel,player_points_rebounds_assists,Quentin Grimes,Under,25.5,-110,2025-11-29,2025-11-28T08:53:57Z
FanDuel,player_points_rebounds_assists,Paul George,Over,23.5,-114,2025-11-29,2025-11-28T08:53:57Z
FanDuel,player_points_rebounds_assists,Paul George,Under,23.5,-114,2025-11-29,2025-11-28T08:53:57Z
FanDuel,player_points_rebounds_assists,Tyrese Maxey,Over,43.5,-120,2025-11-29,2025-11-28T08:53:57Z
FanDuel,player_points_rebounds_assists,Tyrese Maxey,Under,43.5,-110,2025-11-29,2025-11-28T08:53:57Z
FanDuel,player_points_rebounds_assists,Nicolas Claxton,Over,27.5,-118,2025-11-29,2025-11-28T08:53:57Z
FanDuel,player_points_rebounds_assists,Nicolas Claxton,Under,27.5,-112,2025-11-29,2025-11-28T08:53:57Z
FanDuel,player_points_rebounds_assists,Terance Mann,Over,16.5,-130,2025-11-29,2025-11-28T08:53:57Z
FanDuel,player_points_rebounds_assists,Terance Mann,Under,16.5,-102,2025-11-29,2025-11-28T08:53:57Z
FanDuel,player_points_rebounds_assists,Egor Demin,Over,18.5,-104,2025-11-29,2025-11-28T08:53:57Z
FanDuel,player_points_rebounds_assists,Egor Demin,Under,18.5,-128,2025-11-29,2025-11-28T08:53:57Z
FanDuel,player_points_rebounds_assists,LaMelo Ball,Over,31.5,-118,2025-11-29,2025-11-28T08:54:04Z
FanDuel,player_points_rebounds_assists,LaMelo Ball,Under,31.5,-112,2025-11-29,2025-11-28T08:54:04Z
FanDuel,player_points_rebounds_assists,Miles Bridges,Over,28.5,-120,2025-11-29,2025-11-28T08:54:04Z
FanDuel,player_points_rebounds_assists,Miles Bridges,Under,28.5,-110,2025-11-29,2025-11-28T08:54:04Z
FanDuel,player_points_rebounds_assists,Collin Sexton,Over,18.5,-110,2025-11-29,2025-11-28T08:54:04Z
FanDuel,player_points_rebounds_assists,Collin Sexton,Under,18.5,-120,2025-11-29,2025-11-28T08:54:04Z
FanDuel,player_points_rebounds_assists,Coby White,Over,31.5,-114,2025-11-29,2025-11-28T08:54:04Z
FanDuel,player_points_rebounds_assists,Coby White,Under,31.5,-114,2025-11-29,2025-11-28T08:54:04Z
FanDuel,player_points_rebounds_assists,Nikola Vucevic,Over,31.5,-122,2025-11-29,2025-11-28T08:54:04Z
FanDuel,player_points_rebounds_assists,Nikola Vucevic,Under,31.5,-108,2025-11-29,2025-11-28T08:54:04Z
FanDuel,player_points_rebounds_assists,Kon Knueppel,Over,25.5,-108,2025-11-29,2025-11-28T08:54:04Z
FanDuel,player_points_rebounds_assists,Kon Knueppel,Under,25.5,-122,2025-11-29,2025-11-28T08:54:04Z
FanDuel,player_points_rebounds_assists,Brandon Miller,Over,26.5,-108,2025-11-29,2025-11-28T08:54:04Z
FanDuel,player_points_rebounds_assists,Brandon Miller,Under,26.5,-122,2025-11-29,2025-11-28T08:54:04Z
FanDuel,player_points_rebounds_assists,Josh Giddey,Over,38.5,-118,2025-11-29,2025-11-28T08:54:04Z
FanDuel,player_points_rebounds_assists,Josh Giddey,Under,38.5,-112,2025-11-29,2025-11-28T08:54:04Z
FanDuel,player_points_rebounds_assists,Ayo Dosunmu,Over,20.5,-125,2025-11-29,2025-11-28T08:54:04Z
FanDuel,player_points_rebounds_assists,Ayo Dosunmu,Under,20.5,-106,2025-11-29,2025-11-28T08:54:04Z
FanDuel,player_points_rebounds_assists,Jaden Ivey,Over,13.5,-130,2025-11-29,2025-11-28T08:54:01Z
FanDuel,player_points_rebounds_assists,Jaden Ivey,Under,13.5,-102,2025-11-29,2025-11-28T08:54:01Z
FanDuel,player_points_rebounds_assists,Ausar Thompson,Over,18.5,-110,2025-11-29,2025-11-28T08:54:01Z
FanDuel,player_points_rebounds_assists,Ausar Thompson,Under,18.5,-120,2025-11-29,2025-11-28T08:54:01Z
FanDuel,player_points_rebounds_assists,Jalen Duren,Over,33.5,-106,2025-11-29,2025-11-28T08:54:01Z
FanDuel,player_points_rebounds_assists,Jalen Duren,Under,33.5,-125,2025-11-29,2025-11-28T08:54:01Z
FanDuel,player_points_rebounds_assists,Tristan da Silva,Over,17.5,-112,2025-11-29,2025-11-28T08:54:01Z
FanDuel,player_points_rebounds_assists,Tristan da Silva,Under,17.5,-118,2025-11-29,2025-11-28T08:54:01Z
FanDuel,player_points_rebounds_assists,Desmond Bane,Over,27.5,-130,2025-11-29,2025-11-28T08:54:01Z
FanDuel,player_points_rebounds_assists,Desmond Bane,Under,27.5,-102,2025-11-29,2025-11-28T08:54:01Z
FanDuel,player_points_rebounds_assists,Tobias Harris,Over,18.5,-114,2025-11-29,2025-11-28T08:54:01Z
FanDuel,player_points_rebounds_assists,Tobias Harris,Under,18.5,-114,2025-11-29,2025-11-28T08:54:01Z
FanDuel,player_points_rebounds_assists,Franz Wagner,Over,33.5,-106,2025-11-29,2025-11-28T08:54:01Z
FanDuel,player_points_rebounds_assists,Franz Wagner,Under,33.5,-125,2025-11-29,2025-11-28T08:54:01Z
FanDuel,player_points_rebounds_assists,Jalen Suggs,Over,24.5,-128,2025-11-29,2025-11-28T08:54:01Z
FanDuel,player_points_rebounds_assists,Jalen Suggs,Under,24.5,-104,2025-11-29,2025-11-28T08:54:01Z
FanDuel,player_points_rebounds_assists,Cade Cunningham,Over,43.5,-110,2025-11-29,2025-11-28T08:54:01Z
FanDuel,player_points_rebounds_assists,Cade Cunningham,Under,43.5,-120,2025-11-29,2025-11-28T08:54:01Z
FanDuel,player_points_rebounds_assists,Wendell Carter Jr,Over,21.5,-114,2025-11-29,2025-11-28T08:54:01Z
FanDuel,player_points_rebounds_assists,Wendell Carter Jr,Under,21.5,-114,2025-11-29,2025-11-28T08:54:01Z
FanDuel,player_points_rebounds_assists,Anthony Black,Over,18.5,-112,2025-11-29,2025-11-28T08:54:01Z
FanDuel,player_points_rebounds_assists,Anthony Black,Under,18.5,-118,2025-11-29,2025-11-28T08:54:01Z
FanDuel,player_points_rebounds_assists,Bilal Coulibaly,Over,17.5,-125,2025-11-29,2025-11-28T08:54:11Z
FanDuel,player_points_rebounds_assists,Bilal Coulibaly,Under,17.5,-106,2025-11-29,2025-11-28T08:54:11Z
FanDuel,player_points_rebounds_assists,Alex Sarr,Over,31.5,-125,2025-11-29,2025-11-28T08:54:11Z
FanDuel,player_points_rebounds_assists,Alex Sarr,Under,31.5,-106,2025-11-29,2025-11-28T08:54:11Z
FanDuel,player_points_rebounds_assists,Carlton Carrington,Over,14.5,-118,2025-11-29,2025-11-28T08:54:11Z
FanDuel,player_points_rebounds_assists,Carlton Carrington,Under,14.5,-112,2025-11-29,2025-11-28T08:54:11Z
FanDuel,player_points_rebounds_assists,Andrew Nembhard,Over,27.5,-114,2025-11-29,2025-11-28T08:54:11Z
FanDuel,player_points_rebounds_assists,Andrew Nembhard,Under,27.5,-114,2025-11-29,2025-11-28T08:54:11Z
FanDuel,player_points_rebounds_assists,Khris Middleton,Over,16.5,-130,2025-11-29,2025-11-28T08:54:11Z
FanDuel,player_points_rebounds_assists,Khris Middleton,Under,16.5,-102,2025-11-29,2025-11-28T08:54:11Z
FanDuel,player_points_rebounds_assists,Kyshawn George,Over,26.5,-128,2025-11-29,2025-11-28T08:54:11Z
FanDuel,player_points_rebounds_assists,Kyshawn George,Under,26.5,-104,2025-11-29,2025-11-28T08:54:11Z
FanDuel,player_points_rebounds_assists,T.J. McConnell,Over,21.5,-122,2025-11-29,2025-11-28T08:54:11Z
FanDuel,player_points_rebounds_assists,T.J. McConnell,Under,21.5,-108,2025-11-29,2025-11-28T08:54:11Z
FanDuel,player_points_rebounds_assists,Pascal Siakam,Over,36.5,-125,2025-11-29,2025-11-28T08:54:11Z
FanDuel,player_points_rebounds_assists,Pascal Siakam,Under,36.5,-106,2025-11-29,2025-11-28T08:54:11Z
FanDuel,player_points_rebounds_assists,Bennedict Mathurin,Over,31.5,-112,2025-11-29,2025-11-28T08:54:11Z
FanDuel,player_points_rebounds_assists,Bennedict Mathurin,Under,31.5,-118,2025-11-29,2025-11-28T08:54:11Z
FanDuel,player_points_rebounds_assists,Jarace Walker,Over,18.5,-102,2025-11-29,2025-11-28T08:54:11Z
FanDuel,player_points_rebounds_assists,Jarace Walker,Under,18.5,-130,2025-11-29,2025-11-28T08:54:11Z
FanDuel,player_points_rebounds_assists,C.J. McCollum,Over,25.5,-110,2025-11-29,2025-11-28T08:54:11Z
FanDuel,player_points_rebounds_assists,C.J. McCollum,Under,25.5,-120,2025-11-29,2025-11-28T08:54:11Z
FanDuel,player_points_rebounds_assists,Myles Turner,Over,22.5,-108,2025-11-29,2025-11-28T08:53:57Z
FanDuel,player_points_rebounds_assists,Myles Turner,Under,22.5,-122,2025-11-29,2025-11-28T08:53:57Z
FanDuel,player_points_rebounds_assists,Giannis Antetokounmpo,Over,46.5,-112,2025-11-29,2025-11-28T08:53:57Z
FanDuel,player_points_rebounds_assists,Giannis Antetokounmpo,Under,46.5,-118,2025-11-29,2025-11-28T08:53:57Z
FanDuel,player_points_rebounds_assists,Josh Hart,Over,26.5,-108,2025-11-29,2025-11-28T08:53:57Z
FanDuel,player_points_rebounds_assists,Josh Hart,Under,26.5,-122,2025-11-29,2025-11-28T08:53:57Z
FanDuel,player_points_rebounds_assists,Karl-Anthony Towns,Over,38.5,-125,2025-11-29,2025-11-28T08:53:57Z
FanDuel,player_points_rebounds_assists,Karl-Anthony Towns,Under,38.5,-106,2025-11-29,2025-11-28T08:53:57Z
FanDuel,player_points_rebounds_assists,A.J. Green,Over,13.5,-130,2025-11-29,2025-11-28T08:53:57Z
FanDuel,player_points_rebounds_assists,A.J. Green,Under,13.5,-102,2025-11-29,2025-11-28T08:53:57Z
FanDuel,player_points_rebounds_assists,Miles McBride,Over,16.5,-108,2025-11-29,2025-11-28T08:53:57Z
FanDuel,player_points_rebounds_assists,Miles McBride,Under,16.5,-122,2025-11-29,2025-11-28T08:53:57Z
FanDuel,player_points_rebounds_assists,Jalen Brunson,Over,40.5,-106,2025-11-29,2025-11-28T08:53:57Z
FanDuel,player_points_rebounds_assists,Jalen Brunson,Under,40.5,-125,2025-11-29,2025-11-28T08:53:57Z
FanDuel,player_points_rebounds_assists,Mikal Bridges,Over,24.5,-112,2025-11-29,2025-11-28T08:53:57Z
FanDuel,player_points_rebounds_assists,Mikal Bridges,Under,24.5,-118,2025-11-29,2025-11-28T08:53:57Z
FanDuel,player_points_rebounds_assists,Ryan Rollins,Over,28.5,-125,2025-11-29,2025-11-28T08:53:57Z
FanDuel,player_points_rebounds_assists,Ryan Rollins,Under,28.5,-106,2025-11-29,2025-11-28T08:53:57Z
FanDuel,player_points_rebounds_assists,Kyle Kuzma,Over,19.5,-118,2025-11-29,2025-11-28T08:53:57Z
FanDuel,player_points_rebounds_assists,Kyle Kuzma,Under,19.5,-112,2025-11-29,2025-11-28T08:53:57Z
FanDuel,player_points_rebounds_assists,Dylan Harper,Over,16.5,-130,2025-11-29,2025-11-28T08:54:17Z
FanDuel,player_points_rebounds_assists,Dylan Harper,Under,16.5,-102,2025-11-29,2025-11-28T08:54:17Z
FanDuel,player_points_rebounds_assists,Keldon Johnson,Over,22.5,-110,2025-11-29,2025-11-28T08:54:17Z
FanDuel,player_points_rebounds_assists,Keldon Johnson,Under,22.5,-120,2025-11-29,2025-11-28T08:54:17Z
FanDuel,player_points_rebounds_assists,Devin Vassell,Over,22.5,-114,2025-11-29,2025-11-28T08:54:17Z
FanDuel,player_points_rebounds_assists,Devin Vassell,Under,22.5,-114,2025-11-29,2025-11-28T08:54:17Z
FanDuel,player_points_rebounds_assists,De'Aaron Fox,Over,35.5,-122,2025-11-29,2025-11-28T08:54:17Z
FanDuel,player_points_rebounds_assists,De'Aaron Fox,Under,35.5,-108,2025-11-29,2025-11-28T08:54:17Z
FanDuel,player_points_rebounds_assists,Harrison Barnes,Over,19.5,-106,2025-11-29,2025-11-28T08:54:17Z
FanDuel,player_points_rebounds_assists,Harrison Barnes,Under,19.5,-125,2025-11-29,2025-11-28T08:54:17Z
FanDuel,player_points_rebounds_assists,Jamal Murray,Over,36.5,-106,2025-11-29,2025-11-28T08:54:17Z
FanDuel,player_points_rebounds_assists,Jamal Murray,Under,36.5,-125,2025-11-29,2025-11-28T08:54:17Z
FanDuel,player_points_rebounds_assists,Cameron Johnson,Over,21.5,-118,2025-11-29,2025-11-28T08:54:17Z
FanDuel,player_points_rebounds_assists,Cameron Johnson,Under,21.5,-112,2025-11-29,2025-11-28T08:54:17Z
FanDuel,player_points_rebounds_assists,Nikola Jokic,Over,53.5,-122,2025-11-29,2025-11-28T08:54:17Z
FanDuel,player_points_rebounds_assists,Nikola Jokic,Under,53.5,-108,2025-11-29,2025-11-28T08:54:17Z
FanDuel,player_points_rebounds_assists,Ajay Mitchell,Over,17.5,-108,2025-11-29,2025-11-28T08:54:23Z
FanDuel,player_points_rebounds_assists,Ajay Mitchell,Under,17.5,-122,2025-11-29,2025-11-28T08:54:23Z
FanDuel,player_points_rebounds_assists,Jordan Goodwin,Over,15.5,-118,2025-11-29,2025-11-28T08:54:23Z
FanDuel,player_points_rebounds_assists,Jordan Goodwin,Under,15.5,-112,2025-11-29,2025-11-28T08:54:23Z
FanDuel,player_points_rebounds_assists,Isaiah Hartenstein,Over,21.5,-128,2025-11-29,2025-11-28T08:54:23Z
FanDuel,player_points_rebounds_assists,Isaiah Hartenstein,Under,21.5,-104,2025-11-29,2025-11-28T08:54:23Z
FanDuel,player_points_rebounds_assists,Cason Wallace,Over,12.5,100,2025-11-29,2025-11-28T08:54:23Z
FanDuel,player_points_rebounds_assists,Cason Wallace,Under,12.5,-132,2025-11-29,2025-11-28T08:54:23Z
FanDuel,player_points_rebounds_assists,Royce O'Neale,Over,17.5,-120,2025-11-29,2025-11-28T08:54:23Z
FanDuel,player_points_rebounds_assists,Royce O'Neale,Under,17.5,-110,2025-11-29,2025-11-28T08:54:23Z
FanDuel,player_points_rebounds_assists,Devin Booker,Over,35.5,-114,2025-11-29,2025-11-28T08:54:23Z
FanDuel,player_points_rebounds_assists,Devin Booker,Under,35.5,-114,2025-11-29,2025-11-28T08:54:23Z
FanDuel,player_points_rebounds_assists,Chet Holmgren,Over,26.5,-118,2025-11-29,2025-11-28T08:54:23Z
FanDuel,player_points_rebounds_assists,Chet Holmgren,Under,26.5,-112,2025-11-29,2025-11-28T08:54:23Z
FanDuel,player_points_rebounds_assists,Jalen Williams,Over,19.5,-122,2025-11-29,2025-11-28T08:54:23Z
FanDuel,player_points_rebounds_assists,Jalen Williams,Under,19.5,-108,2025-11-29,2025-11-28T08:54:23Z
FanDuel,player_points_rebounds_assists,Shai Gilgeous-Alexander,Over,41.5,-118,2025-11-29,2025-11-28T08:54:23Z
FanDuel,player_points_rebounds_assists,Shai Gilgeous-Alexander,Under,41.5,-112,2025-11-29,2025-11-28T08:54:23Z
FanDuel,player_points_rebounds_assists,Alex Caruso,Over,9.5,-130,2025-11-29,2025-11-28T08:54:23Z
FanDuel,player_points_rebounds_assists,Alex Caruso,Under,9.5,-102,2025-11-29,2025-11-28T08:54:23Z
FanDuel,player_points_rebounds_assists,Zach LaVine,Over,26.5,-106,2025-11-29,2025-11-28T08:54:12Z
FanDuel,player_points_rebounds_assists,Zach LaVine,Under,26.5,-125,2025-11-29,2025-11-28T08:54:12Z
FanDuel,player_points_rebounds_assists,Dennis Schroder,Over,18.5,-102,2025-11-29,2025-11-28T08:54:12Z
FanDuel,player_points_rebounds_assists,Dennis Schroder,Under,18.5,-130,2025-11-29,2025-11-28T08:54:12Z
FanDuel,player_points_rebounds_assists,Lauri Markkanen,Over,34.5,-122,2025-11-29,2025-11-28T08:54:12Z
FanDuel,player_points_rebounds_assists,Lauri Markkanen,Under,34.5,-108,2025-11-29,2025-11-28T08:54:12Z
FanDuel,player_points_rebounds_assists,Svi Mykhailiuk,Over,12.5,-112,2025-11-29,2025-11-28T08:54:12Z
FanDuel,player_points_rebounds_assists,Svi Mykhailiuk,Under,12.5,-118,2025-11-29,2025-11-28T08:54:12Z
FanDuel,player_points_rebounds_assists,Ace Bailey,Over,19.5,-106,2025-11-29,2025-11-28T08:54:12Z
FanDuel,player_points_rebounds_assists,Ace Bailey,Under,19.5,-125,2025-11-29,2025-11-28T08:54:12Z
FanDuel,player_points_rebounds_assists,Isaiah Collier,Over,16.5,-130,2025-11-29,2025-11-28T08:54:12Z
FanDuel,player_points_rebounds_assists,Isaiah Collier,Under,16.5,-102,2025-11-29,2025-11-28T08:54:12Z
FanDuel,player_points_rebounds_assists,DeMar DeRozan,Over,25.5,-114,2025-11-29,2025-11-28T08:54:12Z
FanDuel,player_points_rebounds_assists,DeMar DeRozan,Under,25.5,-114,2025-11-29,2025-11-28T08:54:12Z
FanDuel,player_points_rebounds_assists,Keyonte George,Over,32.5,-122,2025-11-29,2025-11-28T08:54:12Z
FanDuel,player_points_rebounds_assists,Keyonte George,Under,32.5,-108,2025-11-29,2025-11-28T08:54:12Z
FanDuel,player_points_rebounds_assists,Russell Westbrook,Over,30.5,-114,2025-11-29,2025-11-28T08:54:12Z
FanDuel,player_points_rebounds_assists,Russell Westbrook,Under,30.5,-118,2025-11-29,2025-11-28T08:54:12Z
FanDuel,player_points_rebounds_assists,Jusuf Nurkic,Over,23.5,-128,2025-11-29,2025-11-28T08:54:12Z
FanDuel,player_points_rebounds_assists,Jusuf Nurkic,Under,23.5,-104,2025-11-29,2025-11-28T08:54:12Z
FanDuel,player_points_rebounds_assists,Luka Doncic,Over,50.5,-118,2025-11-29,2025-11-28T08:55:05Z
FanDuel,player_points_rebounds_assists,Luka Doncic,Under,50.5,-112,2025-11-29,2025-11-28T08:55:05Z
FanDuel,player_points_rebounds_assists,Max Christie,Over,16.5,-102,2025-11-29,2025-11-28T08:55:05Z
FanDuel,player_points_rebounds_assists,Max Christie,Under,16.5,-130,2025-11-29,2025-11-28T08:55:05Z
FanDuel,player_points_rebounds_assists,P.J. Washington,Over,24.5,-102,2025-11-29,2025-11-28T08:55:05Z
FanDuel,player_points_rebounds_assists,P.J. Washington,Under,24.5,-130,2025-11-29,2025-11-28T08:55:05Z
FanDuel,player_points_rebounds_assists,Brandon Williams,Over,18.5,-102,2025-11-29,2025-11-28T08:55:05Z
FanDuel,player_points_rebounds_assists,Brandon Williams,Under,18.5,-130,2025-11-29,2025-11-28T08:55:05Z
FanDuel,player_points_rebounds_assists,Anthony Davis,Over,31.5,-122,2025-11-29,2025-11-28T08:55:05Z
FanDuel,player_points_rebounds_assists,Anthony Davis,Under,31.5,-108,2025-11-29,2025-11-28T08:55:05Z
FanDuel,player_points_rebounds_assists,Austin Reaves,Over,30.5,-122,2025-11-29,2025-11-28T08:55:05Z
FanDuel,player_points_rebounds_assists,Austin Reaves,Under,30.5,-108,2025-11-29,2025-11-28T08:55:05Z
FanDuel,player_points_rebounds_assists,LeBron James,Over,33.5,-108,2025-11-29,2025-11-28T08:55:05Z
FanDuel,player_points_rebounds_assists,LeBron James,Under,33.5,-122,2025-11-29,2025-11-28T08:55:05Z
FanDuel,player_points_rebounds_assists,Naji Marshall,Over,16.5,-106,2025-11-29,2025-11-28T08:55:05Z
FanDuel,player_points_rebounds_assists,Naji Marshall,Under,16.5,-125,2025-11-29,2025-11-28T08:55:05Z
FanDuel,player_points_rebounds_assists,Cooper Flagg,Over,25.5,-110,2025-11-29,2025-11-28T08:55:05Z
FanDuel,player_points_rebounds_assists,Cooper Flagg,Under,25.5,-120,2025-11-29,2025-11-28T08:55:05Z
FanDuel,player_points_rebounds_assists,Kris Dunn,Over,14.5,-106,2025-11-29,2025-11-28T08:54:31Z
FanDuel,player_points_rebounds_assists,Kris Dunn,Under,14.5,-125,2025-11-29,2025-11-28T08:54:31Z
FanDuel,player_points_rebounds_assists,Ivica Zubac,Over,31.5,-120,2025-11-29,2025-11-28T08:54:31Z
FanDuel,player_points_rebounds_assists,Ivica Zubac,Under,31.5,-110,2025-11-29,2025-11-28T08:54:31Z
FanDuel,player_points_rebounds_assists,Cedric Coward,Over,21.5,-108,2025-11-29,2025-11-28T08:54:31Z
FanDuel,player_points_rebounds_assists,Cedric Coward,Under,21.5,-122,2025-11-29,2025-11-28T08:54:31Z
FanDuel,player_points_rebounds_assists,James Harden,Over,40.5,-114,2025-11-29,2025-11-28T08:54:31Z
FanDuel,player_points_rebounds_assists,James Harden,Under,40.5,-114,2025-11-29,2025-11-28T08:54:31Z
FanDuel,player_points_rebounds_assists,Vincent Williams Jr,Over,21.5,-106,2025-11-29,2025-11-28T08:54:31Z
FanDuel,player_points_rebounds_assists,Vincent Williams Jr,Under,21.5,-125,2025-11-29,2025-11-28T08:54:31Z
FanDuel,player_points_rebounds_assists,Kawhi Leonard,Over,29.5,-110,2025-11-29,2025-11-28T08:54:31Z
FanDuel,player_points_rebounds_assists,Kawhi Leonard,Under,29.5,-120,2025-11-29,2025-11-28T08:54:31Z
FanDuel,player_points_rebounds_assists,Santi Aldama,Over,21.5,-106,2025-11-29,2025-11-28T08:54:31Z
FanDuel,player_points_rebounds_assists,Santi Aldama,Under,21.5,-125,2025-11-29,2025-11-28T08:54:31Z
BetRivers,player_points_rebounds_assists,Kristaps Porzingis,Over,28.5,-114,2025-11-29,2025-11-28T08:52:51Z
BetRivers,player_points_rebounds_assists,Kristaps Porzingis,Under,28.5,-117,2025-11-29,2025-11-28T08:52:51Z
BetRivers,player_points_rebounds_assists,Onyeka Okongwu,Over,21.5,-122,2025-11-29,2025-11-28T08:52:51Z
BetRivers,player_points_rebounds_assists,Onyeka Okongwu,Under,21.5,-109,2025-11-29,2025-11-28T08:52:51Z
BetRivers,player_points_rebounds_assists,Dyson Daniels,Over,22.5,-125,2025-11-29,2025-11-28T08:52:51Z
BetRivers,player_points_rebounds_assists,Dyson Daniels,Under,22.5,-106,2025-11-29,2025-11-28T08:52:51Z
BetRivers,player_points_rebounds_assists,Nickeil Alexander-Walker,Over,24.5,-122,2025-11-29,2025-11-28T08:52:51Z
BetRivers,player_points_rebounds_assists,Nickeil Alexander-Walker,Under,24.5,-109,2025-11-29,2025-11-28T08:52:51Z
BetRivers,player_points_rebounds_assists,Jalen Johnson,Over,38.5,-110,2025-11-29,2025-11-28T08:52:51Z
BetRivers,player_points_rebounds_assists,Jalen Johnson,Under,38.5,-121,2025-11-29,2025-11-28T08:52:51Z
BetRivers,player_points_rebounds_assists,Cade Cunningham,Over,42.5,-117,2025-11-29,2025-11-28T08:53:47Z
BetRivers,player_points_rebounds_assists,Cade Cunningham,Under,42.5,-114,2025-11-29,2025-11-28T08:53:47Z
BetRivers,player_points_rebounds_assists,Anthony Black,Over,19.5,-115,2025-11-29,2025-11-28T08:53:47Z
BetRivers,player_points_rebounds_assists,Anthony Black,Under,19.5,-115,2025-11-29,2025-11-28T08:53:47Z
BetRivers,player_points_rebounds_assists,Franz Wagner,Over,34.5,-122,2025-11-29,2025-11-28T08:53:47Z
BetRivers,player_points_rebounds_assists,Franz Wagner,Under,34.5,-109,2025-11-29,2025-11-28T08:53:47Z
BetRivers,player_points_rebounds_assists,Ausar Thompson,Over,19.5,-108,2025-11-29,2025-11-28T08:53:47Z
BetRivers,player_points_rebounds_assists,Ausar Thompson,Under,19.5,-124,2025-11-29,2025-11-28T08:53:47Z
BetRivers,player_points_rebounds_assists,Desmond Bane,Over,28.5,-121,2025-11-29,2025-11-28T08:53:47Z
BetRivers,player_points_rebounds_assists,Desmond Bane,Under,28.5,-109,2025-11-29,2025-11-28T08:53:47Z
BetRivers,player_points_rebounds_assists,Jalen Suggs,Over,25.5,-122,2025-11-29,2025-11-28T08:53:47Z
BetRivers,player_points_rebounds_assists,Jalen Suggs,Under,25.5,-108,2025-11-29,2025-11-28T08:53:47Z
BetRivers,player_points_rebounds_assists,Kyshawn George,Over,27.5,-113,2025-11-29,2025-11-28T08:54:49Z
BetRivers,player_points_rebounds_assists,Kyshawn George,Under,27.5,-118,2025-11-29,2025-11-28T08:54:49Z
BetRivers,player_points_rebounds_assists,Pascal Siakam,Over,35.5,-122,2025-11-29,2025-11-28T08:54:49Z
BetRivers,player_points_rebounds_assists,Pascal Siakam,Under,35.5,-109,2025-11-29,2025-11-28T08:54:49Z
BetRivers,player_points_rebounds_assists,C.J. McCollum,Over,25.5,-118,2025-11-29,2025-11-28T08:54:49Z
BetRivers,player_points_rebounds_assists,C.J. McCollum,Under,25.5,-113,2025-11-29,2025-11-28T08:54:49Z
BetRivers,player_points_rebounds_assists,Alex Sarr,Over,31.5,-114,2025-11-29,2025-11-28T08:54:49Z
BetRivers,player_points_rebounds_assists,Alex Sarr,Under,31.5,-117,2025-11-29,2025-11-28T08:54:49Z
BetRivers,player_points_rebounds_assists,Bilal Coulibaly,Over,17.5,-125,2025-11-29,2025-11-28T08:54:49Z
BetRivers,player_points_rebounds_assists,Bilal Coulibaly,Under,17.5,-107,2025-11-29,2025-11-28T08:54:49Z
BetRivers,player_points_rebounds_assists,Jarace Walker,Over,17.5,-120,2025-11-29,2025-11-28T08:54:49Z
BetRivers,player_points_rebounds_assists,Jarace Walker,Under,17.5,-112,2025-11-29,2025-11-28T08:54:49Z
BetRivers,player_points_rebounds_assists,Kyle Kuzma,Over,20.5,-113,2025-11-29,2025-11-28T08:54:21Z
BetRivers,player_points_rebounds_assists,Kyle Kuzma,Under,20.5,-118,2025-11-29,2025-11-28T08:54:21Z
BetRivers,player_points_rebounds_assists,Mikal Bridges,Over,24.5,-122,2025-11-29,2025-11-28T08:54:21Z
BetRivers,player_points_rebounds_assists,Mikal Bridges,Under,24.5,-109,2025-11-29,2025-11-28T08:54:21Z
BetRivers,player_points_rebounds_assists,Giannis Antetokounmpo,Over,46.5,-120,2025-11-29,2025-11-28T08:54:21Z
BetRivers,player_points_rebounds_assists,Giannis Antetokounmpo,Under,46.5,-112,2025-11-29,2025-11-28T08:54:21Z
BetRivers,player_points_rebounds_assists,Josh Hart,Over,26.5,-117,2025-11-29,2025-11-28T08:54:21Z
BetRivers,player_points_rebounds_assists,Josh Hart,Under,26.5,-114,2025-11-29,2025-11-28T08:54:21Z
BetRivers,player_points_rebounds_assists,Jalen Brunson,Over,40.5,-121,2025-11-29,2025-11-28T08:54:21Z
BetRivers,player_points_rebounds_assists,Jalen Brunson,Under,40.5,-110,2025-11-29,2025-11-28T08:54:21Z
BetRivers,player_points_rebounds_assists,Karl-Anthony Towns,Over,39.5,-121,2025-11-29,2025-11-28T08:54:21Z
BetRivers,player_points_rebounds_assists,Karl-Anthony Towns,Under,39.5,-110,2025-11-29,2025-11-28T08:54:21Z
BetRivers,player_points_rebounds_assists,Ryan Rollins,Over,30.5,-113,2025-11-29,2025-11-28T08:54:21Z
BetRivers,player_points_rebounds_assists,Ryan Rollins,Under,30.5,-118,2025-11-29,2025-11-28T08:54:21Z
BetRivers,player_points_rebounds_assists,A.J. Green,Over,14.5,-106,2025-11-29,2025-11-28T08:54:21Z
BetRivers,player_points_rebounds_assists,A.J. Green,Under,14.5,-125,2025-11-29,2025-11-28T08:54:21Z
DraftKings,player_points_rebounds_assists,Donovan Mitchell,Over,40.5,-111,2025-11-29,2025-11-28T08:54:28Z
DraftKings,player_points_rebounds_assists,Donovan Mitchell,Under,40.5,-118,2025-11-29,2025-11-28T08:54:28Z
DraftKings,player_points_rebounds_assists,Jalen Johnson,Over,37.5,-120,2025-11-29,2025-11-28T08:54:28Z
DraftKings,player_points_rebounds_assists,Jalen Johnson,Under,37.5,-109,2025-11-29,2025-11-28T08:54:28Z
DraftKings,player_points_rebounds_assists,Evan Mobley,Over,31.5,-121,2025-11-29,2025-11-28T08:54:28Z
DraftKings,player_points_rebounds_assists,Evan Mobley,Under,31.5,-108,2025-11-29,2025-11-28T08:54:28Z
DraftKings,player_points_rebounds_assists,Kristaps Porzingis,Over,27.5,-125,2025-11-29,2025-11-28T08:54:28Z
DraftKings,player_points_rebounds_assists,Kristaps Porzingis,Under,27.5,-105,2025-11-29,2025-11-28T08:54:28Z
DraftKings,player_points_rebounds_assists,Darius Garland,Over,24.5,-117,2025-11-29,2025-11-28T08:54:28Z
DraftKings,player_points_rebounds_assists,Darius Garland,Under,24.5,-112,2025-11-29,2025-11-28T08:54:28Z
DraftKings,player_points_rebounds_assists,Nickeil Alexander-Walker,Over,24.5,-111,2025-11-29,2025-11-28T08:54:28Z
DraftKings,player_points_rebounds_assists,Nickeil Alexander-Walker,Under,24.5,-118,2025-11-29,2025-11-28T08:54:28Z
DraftKings,player_points_rebounds_assists,Jarrett Allen,Over,23.5,-127,2025-11-29,2025-11-28T08:54:28Z
DraftKings,player_points_rebounds_assists,Jarrett Allen,Under,23.5,-104,2025-11-29,2025-11-28T08:54:28Z
DraftKings,player_points_rebounds_assists,De'Andre Hunter,Over,23.5,-117,2025-11-29,2025-11-28T08:54:28Z
DraftKings,player_points_rebounds_assists,De'Andre Hunter,Under,23.5,-112,2025-11-29,2025-11-28T08:54:28Z
DraftKings,player_points_rebounds_assists,Dyson Daniels,Over,22.5,-104,2025-11-29,2025-11-28T08:54:28Z
DraftKings,player_points_rebounds_assists,Dyson Daniels,Under,22.5,-127,2025-11-29,2025-11-28T08:54:28Z
DraftKings,player_points_rebounds_assists,Onyeka Okongwu,Over,21.5,-116,2025-11-29,2025-11-28T08:54:28Z
DraftKings,player_points_rebounds_assists,Onyeka Okongwu,Under,21.5,-114,2025-11-29,2025-11-28T08:54:28Z
DraftKings,player_points_rebounds_assists,Tyrese Maxey,Over,43.5,-122,2025-11-29,2025-11-28T08:53:53Z
DraftKings,player_points_rebounds_assists,Tyrese Maxey,Under,43.5,-108,2025-11-29,2025-11-28T08:53:53Z
DraftKings,player_points_rebounds_assists,Nicolas Claxton,Over,27.5,-116,2025-11-29,2025-11-28T08:53:53Z
DraftKings,player_points_rebounds_assists,Nicolas Claxton,Under,27.5,-113,2025-11-29,2025-11-28T08:53:53Z
DraftKings,player_points_rebounds_assists,Quentin Grimes,Over,26.5,-106,2025-11-29,2025-11-28T08:53:53Z
DraftKings,player_points_rebounds_assists,Quentin Grimes,Under,26.5,-125,2025-11-29,2025-11-28T08:53:53Z
DraftKings,player_points_rebounds_assists,Noah Clowney,Over,24.5,-114,2025-11-29,2025-11-28T08:53:53Z
DraftKings,player_points_rebounds_assists,Noah Clowney,Under,24.5,-115,2025-11-29,2025-11-28T08:53:53Z
DraftKings,player_points_rebounds_assists,Paul George,Over,23.5,-119,2025-11-29,2025-11-28T08:53:53Z
DraftKings,player_points_rebounds_assists,Paul George,Under,23.5,-111,2025-11-29,2025-11-28T08:53:53Z
DraftKings,player_points_rebounds_assists,Tyrese Martin,Over,19.5,-120,2025-11-29,2025-11-28T08:53:53Z
DraftKings,player_points_rebounds_assists,Tyrese Martin,Under,19.5,-110,2025-11-29,2025-11-28T08:53:53Z
DraftKings,player_points_rebounds_assists,Egor Demin,Over,18.5,-105,2025-11-29,2025-11-28T08:53:53Z
DraftKings,player_points_rebounds_assists,Egor Demin,Under,18.5,-126,2025-11-29,2025-11-28T08:53:53Z
DraftKings,player_points_rebounds_assists,Terance Mann,Over,16.5,-124,2025-11-29,2025-11-28T08:53:53Z
DraftKings,player_points_rebounds_assists,Terance Mann,Under,16.5,-106,2025-11-29,2025-11-28T08:53:53Z
DraftKings,player_points_rebounds_assists,Josh Giddey,Over,39.5,-115,2025-11-29,2025-11-28T08:53:29Z
DraftKings,player_points_rebounds_assists,Josh Giddey,Under,39.5,-114,2025-11-29,2025-11-28T08:53:29Z
DraftKings,player_points_rebounds_assists,Nikola Vucevic,Over,31.5,-123,2025-11-29,2025-11-28T08:53:29Z
DraftKings,player_points_rebounds_assists,Nikola Vucevic,Under,31.5,-107,2025-11-29,2025-11-28T08:53:29Z
DraftKings,player_points_rebounds_assists,Coby White,Over,31.5,-120,2025-11-29,2025-11-28T08:53:29Z
DraftKings,player_points_rebounds_assists,Coby White,Under,31.5,-110,2025-11-29,2025-11-28T08:53:29Z
DraftKings,player_points_rebounds_assists,LaMelo Ball,Over,31.5,-111,2025-11-29,2025-11-28T08:53:29Z
DraftKings,player_points_rebounds_assists,LaMelo Ball,Under,31.5,-118,2025-11-29,2025-11-28T08:53:29Z
DraftKings,player_points_rebounds_assists,Miles Bridges,Over,29.5,-105,2025-11-29,2025-11-28T08:53:29Z
DraftKings,player_points_rebounds_assists,Miles Bridges,Under,29.5,-126,2025-11-29,2025-11-28T08:53:29Z
DraftKings,player_points_rebounds_assists,Brandon Miller,Over,26.5,-115,2025-11-29,2025-11-28T08:53:29Z
DraftKings,player_points_rebounds_assists,Brandon Miller,Under,26.5,-114,2025-11-29,2025-11-28T08:53:29Z
DraftKings,player_points_rebounds_assists,Kon Knueppel,Over,25.5,-112,2025-11-29,2025-11-28T08:53:29Z
DraftKings,player_points_rebounds_assists,Kon Knueppel,Under,25.5,-118,2025-11-29,2025-11-28T08:53:29Z
DraftKings,player_points_rebounds_assists,Ayo Dosunmu,Over,21.5,-119,2025-11-29,2025-11-28T08:53:29Z
DraftKings,player_points_rebounds_assists,Ayo Dosunmu,Under,21.5,-111,2025-11-29,2025-11-28T08:53:29Z
DraftKings,player_points_rebounds_assists,Collin Sexton,Over,18.5,-123,2025-11-29,2025-11-28T08:53:29Z
DraftKings,player_points_rebounds_assists,Collin Sexton,Under,18.5,-107,2025-11-29,2025-11-28T08:53:29Z
DraftKings,player_points_rebounds_assists,Kevin Huerter,Over,16.5,-117,2025-11-29,2025-11-28T08:53:29Z
DraftKings,player_points_rebounds_assists,Kevin Huerter,Under,16.5,-113,2025-11-29,2025-11-28T08:53:29Z
DraftKings,player_points_rebounds_assists,Cade Cunningham,Over,42.5,-123,2025-11-29,2025-11-28T08:54:28Z
DraftKings,player_points_rebounds_assists,Cade Cunningham,Under,42.5,-107,2025-11-29,2025-11-28T08:54:28Z
DraftKings,player_points_rebounds_assists,Franz Wagner,Over,33.5,-119,2025-11-29,2025-11-28T08:54:28Z
DraftKings,player_points_rebounds_assists,Franz Wagner,Under,33.5,-110,2025-11-29,2025-11-28T08:54:28Z
DraftKings,player_points_rebounds_assists,Jalen Duren,Over,32.5,-124,2025-11-29,2025-11-28T08:54:28Z
DraftKings,player_points_rebounds_assists,Jalen Duren,Under,32.5,-106,2025-11-29,2025-11-28T08:54:28Z
DraftKings,player_points_rebounds_assists,Desmond Bane,Over,28.5,-106,2025-11-29,2025-11-28T08:54:28Z
DraftKings,player_points_rebounds_assists,Desmond Bane,Under,28.5,-125,2025-11-29,2025-11-28T08:54:28Z
DraftKings,player_points_rebounds_assists,Jalen Suggs,Over,25.5,-104,2025-11-29,2025-11-28T08:54:28Z
DraftKings,player_points_rebounds_assists,Jalen Suggs,Under,25.5,-126,2025-11-29,2025-11-28T08:54:28Z
DraftKings,player_points_rebounds_assists,Anthony Black,Over,18.5,-126,2025-11-29,2025-11-28T08:54:28Z
DraftKings,player_points_rebounds_assists,Anthony Black,Under,18.5,-104,2025-11-29,2025-11-28T08:54:28Z
DraftKings,player_points_rebounds_assists,Ausar Thompson,Over,18.5,-120,2025-11-29,2025-11-28T08:54:28Z
DraftKings,player_points_rebounds_assists,Ausar Thompson,Under,18.5,-110,2025-11-29,2025-11-28T08:54:28Z
DraftKings,player_points_rebounds_assists,Tobias Harris,Over,18.5,-109,2025-11-29,2025-11-28T08:54:28Z
DraftKings,player_points_rebounds_assists,Tobias Harris,Under,18.5,-121,2025-11-29,2025-11-28T08:54:28Z
DraftKings,player_points_rebounds_assists,Jaden Ivey,Over,14.5,-113,2025-11-29,2025-11-28T08:54:28Z
DraftKings,player_points_rebounds_assists,Jaden Ivey,Under,14.5,-117,2025-11-29,2025-11-28T08:54:28Z
DraftKings,player_points_rebounds_assists,Caris LeVert,Over,13.5,-109,2025-11-29,2025-11-28T08:54:28Z
DraftKings,player_points_rebounds_assists,Caris LeVert,Under,13.5,-121,2025-11-29,2025-11-28T08:54:28Z
DraftKings,player_points_rebounds_assists,Pascal Siakam,Over,37.5,-110,2025-11-29,2025-11-28T08:54:35Z
DraftKings,player_points_rebounds_assists,Pascal Siakam,Under,37.5,-120,2025-11-29,2025-11-28T08:54:35Z
DraftKings,player_points_rebounds_assists,Alex Sarr,Over,31.5,-115,2025-11-29,2025-11-28T08:54:35Z
DraftKings,player_points_rebounds_assists,Alex Sarr,Under,31.5,-114,2025-11-29,2025-11-28T08:54:35Z
DraftKings,player_points_rebounds_assists,Bennedict Mathurin,Over,31.5,-115,2025-11-29,2025-11-28T08:54:35Z
DraftKings,player_points_rebounds_assists,Bennedict Mathurin,Under,31.5,-115,2025-11-29,2025-11-28T08:54:35Z
DraftKings,player_points_rebounds_assists,Andrew Nembhard,Over,27.5,-118,2025-11-29,2025-11-28T08:54:35Z
DraftKings,player_points_rebounds_assists,Andrew Nembhard,Under,27.5,-111,2025-11-29,2025-11-28T08:54:35Z
DraftKings,player_points_rebounds_assists,Kyshawn George,Over,26.5,-120,2025-11-29,2025-11-28T08:54:35Z
DraftKings,player_points_rebounds_assists,Kyshawn George,Under,26.5,-109,2025-11-29,2025-11-28T08:54:35Z
DraftKings,player_points_rebounds_assists,C.J. McCollum,Over,25.5,-107,2025-11-29,2025-11-28T08:54:35Z
DraftKings,player_points_rebounds_assists,C.J. McCollum,Under,25.5,-123,2025-11-29,2025-11-28T08:54:35Z
DraftKings,player_points_rebounds_assists,T.J. McConnell,Over,21.5,-123,2025-11-29,2025-11-28T08:54:35Z
DraftKings,player_points_rebounds_assists,T.J. McConnell,Under,21.5,-107,2025-11-29,2025-11-28T08:54:35Z
DraftKings,player_points_rebounds_assists,Jarace Walker,Over,18.5,-115,2025-11-29,2025-11-28T08:54:35Z
DraftKings,player_points_rebounds_assists,Jarace Walker,Under,18.5,-114,2025-11-29,2025-11-28T08:54:35Z
DraftKings,player_points_rebounds_assists,Bilal Coulibaly,Over,17.5,-116,2025-11-29,2025-11-28T08:54:35Z
DraftKings,player_points_rebounds_assists,Bilal Coulibaly,Under,17.5,-113,2025-11-29,2025-11-28T08:54:35Z
DraftKings,player_points_rebounds_assists,Khris Middleton,Over,16.5,-119,2025-11-29,2025-11-28T08:54:35Z
DraftKings,player_points_rebounds_assists,Khris Middleton,Under,16.5,-111,2025-11-29,2025-11-28T08:54:35Z
DraftKings,player_points_rebounds_assists,Carlton Carrington,Over,14.5,-111,2025-11-29,2025-11-28T08:54:35Z
DraftKings,player_points_rebounds_assists,Carlton Carrington,Under,14.5,-119,2025-11-29,2025-11-28T08:54:35Z
DraftKings,player_points_rebounds_assists,Giannis Antetokounmpo,Over,46.5,-117,2025-11-29,2025-11-28T08:54:01Z
DraftKings,player_points_rebounds_assists,Giannis Antetokounmpo,Under,46.5,-113,2025-11-29,2025-11-28T08:54:01Z
DraftKings,player_points_rebounds_assists,Jalen Brunson,Over,39.5,-119,2025-11-29,2025-11-28T08:54:01Z
DraftKings,player_points_rebounds_assists,Jalen Brunson,Under,39.5,-111,2025-11-29,2025-11-28T08:54:01Z
DraftKings,player_points_rebounds_assists,Karl-Anthony Towns,Over,38.5,-121,2025-11-29,2025-11-28T08:54:01Z
DraftKings,player_points_rebounds_assists,Karl-Anthony Towns,Under,38.5,-109,2025-11-29,2025-11-28T08:54:01Z
DraftKings,player_points_rebounds_assists,Ryan Rollins,Over,28.5,-111,2025-11-29,2025-11-28T08:54:01Z
DraftKings,player_points_rebounds_assists,Ryan Rollins,Under,28.5,-119,2025-11-29,2025-11-28T08:54:01Z
DraftKings,player_points_rebounds_assists,Josh Hart,Over,26.5,-111,2025-11-29,2025-11-28T08:54:01Z
DraftKings,player_points_rebounds_assists,Josh Hart,Under,26.5,-119,2025-11-29,2025-11-28T08:54:01Z
DraftKings,player_points_rebounds_assists,Mikal Bridges,Over,24.5,-110,2025-11-29,2025-11-28T08:54:01Z
DraftKings,player_points_rebounds_assists,Mikal Bridges,Under,24.5,-120,2025-11-29,2025-11-28T08:54:01Z
DraftKings,player_points_rebounds_assists,Myles Turner,Over,21.5,-127,2025-11-29,2025-11-28T08:54:01Z
DraftKings,player_points_rebounds_assists,Myles Turner,Under,21.5,-104,2025-11-29,2025-11-28T08:54:01Z
DraftKings,player_points_rebounds_assists,Kyle Kuzma,Over,19.5,-112,2025-11-29,2025-11-28T08:54:01Z
DraftKings,player_points_rebounds_assists,Kyle Kuzma,Under,19.5,-117,2025-11-29,2025-11-28T08:54:01Z
DraftKings,player_points_rebounds_assists,Miles McBride,Over,16.5,-105,2025-11-29,2025-11-28T08:54:01Z
DraftKings,player_points_rebounds_assists,Miles McBride,Under,16.5,-126,2025-11-29,2025-11-28T08:54:01Z
DraftKings,player_points_rebounds_assists,A.J. Green,Over,13.5,-119,2025-11-29,2025-11-28T08:54:01Z
DraftKings,player_points_rebounds_assists,A.J. Green,Under,13.5,-110,2025-11-29,2025-11-28T08:54:01Z
DraftKings,player_points_rebounds_assists,Mitchell Robinson,Over,11.5,-102,2025-11-29,2025-11-28T08:54:01Z
DraftKings,player_points_rebounds_assists,Mitchell Robinson,Under,11.5,-129,2025-11-29,2025-11-28T08:54:01Z
DraftKings,player_points_rebounds_assists,Nikola Jokic,Over,54.5,-108,2025-11-29,2025-11-28T08:54:28Z
DraftKings,player_points_rebounds_assists,Nikola Jokic,Under,54.5,-122,2025-11-29,2025-11-28T08:54:28Z
DraftKings,player_points_rebounds_assists,De'Aaron Fox,Over,35.5,-114,2025-11-29,2025-11-28T08:54:28Z
DraftKings,player_points_rebounds_assists,De'Aaron Fox,Under,35.5,-116,2025-11-29,2025-11-28T08:54:28Z
DraftKings,player_points_rebounds_assists,Jamal Murray,Over,35.5,-109,2025-11-29,2025-11-28T08:54:28Z
DraftKings,player_points_rebounds_assists,Jamal Murray,Under,35.5,-120,2025-11-29,2025-11-28T08:54:28Z
DraftKings,player_points_rebounds_assists,Devin Vassell,Over,22.5,-125,2025-11-29,2025-11-28T08:54:28Z
DraftKings,player_points_rebounds_assists,Devin Vassell,Under,22.5,-105,2025-11-29,2025-11-28T08:54:28Z
DraftKings,player_points_rebounds_assists,Keldon Johnson,Over,22.5,-108,2025-11-29,2025-11-28T08:54:28Z
DraftKings,player_points_rebounds_assists,Keldon Johnson,Under,22.5,-122,2025-11-29,2025-11-28T08:54:28Z
DraftKings,player_points_rebounds_assists,Cameron Johnson,Over,21.5,-102,2025-11-29,2025-11-28T08:54:28Z
DraftKings,player_points_rebounds_assists,Cameron Johnson,Under,21.5,-129,2025-11-29,2025-11-28T08:54:28Z
DraftKings,player_points_rebounds_assists,Harrison Barnes,Over,19.5,-110,2025-11-29,2025-11-28T08:54:28Z
DraftKings,player_points_rebounds_assists,Harrison Barnes,Under,19.5,-120,2025-11-29,2025-11-28T08:54:28Z
DraftKings,player_points_rebounds_assists,Dylan Harper,Over,16.5,-123,2025-11-29,2025-11-28T08:54:28Z
DraftKings,player_points_rebounds_assists,Dylan Harper,Under,16.5,-107,2025-11-29,2025-11-28T08:54:28Z
DraftKings,player_points_rebounds_assists,Shai Gilgeous-Alexander,Over,41.5,-118,2025-11-29,2025-11-28T08:54:28Z
DraftKings,player_points_rebounds_assists,Shai Gilgeous-Alexander,Under,41.5,-111,2025-11-29,2025-11-28T08:54:28Z
DraftKings,player_points_rebounds_assists,Devin Booker,Over,35.5,-108,2025-11-29,2025-11-28T08:54:28Z
DraftKings,player_points_rebounds_assists,Devin Booker,Under,35.5,-122,2025-11-29,2025-11-28T08:54:28Z
DraftKings,player_points_rebounds_assists,Chet Holmgren,Over,26.5,-110,2025-11-29,2025-11-28T08:54:28Z
DraftKings,player_points_rebounds_assists,Chet Holmgren,Under,26.5,-120,2025-11-29,2025-11-28T08:54:28Z
DraftKings,player_points_rebounds_assists,Isaiah Hartenstein,Over,21.5,-128,2025-11-29,2025-11-28T08:54:28Z
DraftKings,player_points_rebounds_assists,Isaiah Hartenstein,Under,21.5,-102,2025-11-29,2025-11-28T08:54:28Z
DraftKings,player_points_rebounds_assists,Jalen Williams,Over,19.5,-114,2025-11-29,2025-11-28T08:54:28Z
DraftKings,player_points_rebounds_assists,Jalen Williams,Under,19.5,-115,2025-11-29,2025-11-28T08:54:28Z
DraftKings,player_points_rebounds_assists,Ajay Mitchell,Over,17.5,-116,2025-11-29,2025-11-28T08:54:28Z
DraftKings,player_points_rebounds_assists,Ajay Mitchell,Under,17.5,-113,2025-11-29,2025-11-28T08:54:28Z
DraftKings,player_points_rebounds_assists,Royce O'Neale,Over,17.5,-116,2025-11-29,2025-11-28T08:54:28Z
DraftKings,player_points_rebounds_assists,Royce O'Neale,Under,17.5,-114,2025-11-29,2025-11-28T08:54:28Z
DraftKings,player_points_rebounds_assists,Cason Wallace,Over,11.5,-122,2025-11-29,2025-11-28T08:54:28Z
DraftKings,player_points_rebounds_assists,Cason Wallace,Under,11.5,-108,2025-11-29,2025-11-28T08:54:28Z
DraftKings,player_points_rebounds_assists,Alex Caruso,Over,9.5,-131,2025-11-29,2025-11-28T08:54:28Z
DraftKings,player_points_rebounds_assists,Alex Caruso,Under,9.5,-101,2025-11-29,2025-11-28T08:54:28Z
DraftKings,player_points_rebounds_assists,Lauri Markkanen,Over,35.5,-124,2025-11-29,2025-11-28T08:54:36Z
DraftKings,player_points_rebounds_assists,Lauri Markkanen,Under,35.5,-106,2025-11-29,2025-11-28T08:54:36Z
DraftKings,player_points_rebounds_assists,Keyonte George,Over,33.5,-107,2025-11-29,2025-11-28T08:54:36Z
DraftKings,player_points_rebounds_assists,Keyonte George,Under,33.5,-123,2025-11-29,2025-11-28T08:54:36Z
DraftKings,player_points_rebounds_assists,Russell Westbrook,Over,30.5,-106,2025-11-29,2025-11-28T08:54:36Z
DraftKings,player_points_rebounds_assists,Russell Westbrook,Under,30.5,-124,2025-11-29,2025-11-28T08:54:36Z
DraftKings,player_points_rebounds_assists,Zach LaVine,Over,26.5,-115,2025-11-29,2025-11-28T08:54:36Z
DraftKings,player_points_rebounds_assists,Zach LaVine,Under,26.5,-115,2025-11-29,2025-11-28T08:54:36Z
DraftKings,player_points_rebounds_assists,Keegan Murray,Over,25.5,-114,2025-11-29,2025-11-28T08:54:36Z
DraftKings,player_points_rebounds_assists,Keegan Murray,Under,25.5,-116,2025-11-29,2025-11-28T08:54:36Z
DraftKings,player_points_rebounds_assists,DeMar DeRozan,Over,25.5,-113,2025-11-29,2025-11-28T08:54:36Z
DraftKings,player_points_rebounds_assists,DeMar DeRozan,Under,25.5,-116,2025-11-29,2025-11-28T08:54:36Z
DraftKings,player_points_rebounds_assists,Jusuf Nurkic,Over,24.5,-107,2025-11-29,2025-11-28T08:54:36Z
DraftKings,player_points_rebounds_assists,Jusuf Nurkic,Under,24.5,-123,2025-11-29,2025-11-28T08:54:36Z
DraftKings,player_points_rebounds_assists,Ace Bailey,Over,19.5,-110,2025-11-29,2025-11-28T08:54:36Z
DraftKings,player_points_rebounds_assists,Ace Bailey,Under,19.5,-120,2025-11-29,2025-11-28T08:54:36Z
DraftKings,player_points_rebounds_assists,Dennis Schroder,Over,18.5,-108,2025-11-29,2025-11-28T08:54:36Z
DraftKings,player_points_rebounds_assists,Dennis Schroder,Under,18.5,-122,2025-11-29,2025-11-28T08:54:36Z
DraftKings,player_points_rebounds_assists,Isaiah Collier,Over,17.5,-103,2025-11-29,2025-11-28T08:54:36Z
DraftKings,player_points_rebounds_assists,Isaiah Collier,Under,17.5,-128,2025-11-29,2025-11-28T08:54:36Z
DraftKings,player_points_rebounds_assists,Svi Mykhailiuk,Over,12.5,-120,2025-11-29,2025-11-28T08:54:36Z
DraftKings,player_points_rebounds_assists,Svi Mykhailiuk,Under,12.5,-110,2025-11-29,2025-11-28T08:54:36Z
DraftKings,player_points_rebounds_assists,Luka Doncic,Over,50.5,-122,2025-11-29,2025-11-28T08:54:21Z
DraftKings,player_points_rebounds_assists,Luka Doncic,Under,50.5,-108,2025-11-29,2025-11-28T08:54:21Z
DraftKings,player_points_rebounds_assists,LeBron James,Over,33.5,-125,2025-11-29,2025-11-28T08:54:21Z
DraftKings,player_points_rebounds_assists,LeBron James,Under,33.5,-106,2025-11-29,2025-11-28T08:54:21Z
DraftKings,player_points_rebounds_assists,Anthony Davis,Over,31.5,-118,2025-11-29,2025-11-28T08:54:21Z
DraftKings,player_points_rebounds_assists,Anthony Davis,Under,31.5,-111,2025-11-29,2025-11-28T08:54:21Z
DraftKings,player_points_rebounds_assists,Austin Reaves,Over,31.5,-116,2025-11-29,2025-11-28T08:54:21Z
DraftKings,player_points_rebounds_assists,Austin Reaves,Under,31.5,-114,2025-11-29,2025-11-28T08:54:21Z
DraftKings,player_points_rebounds_assists,Cooper Flagg,Over,25.5,-108,2025-11-29,2025-11-28T08:54:21Z
DraftKings,player_points_rebounds_assists,Cooper Flagg,Under,25.5,-122,2025-11-29,2025-11-28T08:54:21Z
DraftKings,player_points_rebounds_assists,P.J. Washington,Over,23.5,-122,2025-11-29,2025-11-28T08:54:21Z
DraftKings,player_points_rebounds_assists,P.J. Washington,Under,23.5,-108,2025-11-29,2025-11-28T08:54:21Z
DraftKings,player_points_rebounds_assists,Naji Marshall,Over,16.5,-112,2025-11-29,2025-11-28T08:54:21Z
DraftKings,player_points_rebounds_assists,Naji Marshall,Under,16.5,-117,2025-11-29,2025-11-28T08:54:21Z
DraftKings,player_points_rebounds_assists,James Harden,Over,40.5,-117,2025-11-29,2025-11-28T08:54:22Z
DraftKings,player_points_rebounds_assists,James Harden,Under,40.5,-112,2025-11-29,2025-11-28T08:54:22Z
DraftKings,player_points_rebounds_assists,Ivica Zubac,Over,31.5,-120,2025-11-29,2025-11-28T08:54:22Z
DraftKings,player_points_rebounds_assists,Ivica Zubac,Under,31.5,-110,2025-11-29,2025-11-28T08:54:22Z
DraftKings,player_points_rebounds_assists,Kawhi Leonard,Over,29.5,-116,2025-11-29,2025-11-28T08:54:22Z
DraftKings,player_points_rebounds_assists,Kawhi Leonard,Under,29.5,-114,2025-11-29,2025-11-28T08:54:22Z
DraftKings,player_points_rebounds_assists,Cedric Coward,Over,21.5,-122,2025-11-29,2025-11-28T08:54:22Z
DraftKings,player_points_rebounds_assists,Cedric Coward,Under,21.5,-108,2025-11-29,2025-11-28T08:54:22Z
DraftKings,player_points_rebounds_assists,Vincent Williams Jr,Over,21.5,-115,2025-11-29,2025-11-28T08:54:22Z
DraftKings,player_points_rebounds_assists,Vincent Williams Jr,Under,21.5,-114,2025-11-29,2025-11-28T08:54:22Z
DraftKings,player_points_rebounds_assists,Santi Aldama,Over,21.5,-114,2025-11-29,2025-11-28T08:54:22Z
DraftKings,player_points_rebounds_assists,Santi Aldama,Under,21.5,-116,2025-11-29,2025-11-28T08:54:22Z
BetOnline.ag,player_points_rebounds_assists,Jalen Johnson,Over,38.5,-114,2025-11-29,2025-11-28T08:54:03Z
BetOnline.ag,player_points_rebounds_assists,Jalen Johnson,Under,38.5,-114,2025-11-29,2025-11-28T08:54:03Z
BetOnline.ag,player_points_rebounds_assists,Jarrett Allen,Over,24.5,-106,2025-11-29,2025-11-28T08:54:03Z
BetOnline.ag,player_points_rebounds_assists,Jarrett Allen,Under,24.5,-122,2025-11-29,2025-11-28T08:54:03Z
BetOnline.ag,player_points_rebounds_assists,Onyeka Okongwu,Over,21.5,-115,2025-11-29,2025-11-28T08:54:03Z
BetOnline.ag,player_points_rebounds_assists,Onyeka Okongwu,Under,21.5,-112,2025-11-29,2025-11-28T08:54:03Z
BetOnline.ag,player_points_rebounds_assists,Darius Garland,Over,24.5,-116,2025-11-29,2025-11-28T08:54:03Z
BetOnline.ag,player_points_rebounds_assists,Darius Garland,Under,24.5,-111,2025-11-29,2025-11-28T08:54:03Z
BetOnline.ag,player_points_rebounds_assists,Evan Mobley,Over,31.5,-115,2025-11-29,2025-11-28T08:54:03Z
BetOnline.ag,player_points_rebounds_assists,Evan Mobley,Under,31.5,-112,2025-11-29,2025-11-28T08:54:03Z
BetOnline.ag,player_points_rebounds_assists,Dyson Daniels,Over,22.5,-109,2025-11-29,2025-11-28T08:54:03Z
BetOnline.ag,player_points_rebounds_assists,Dyson Daniels,Under,22.5,-119,2025-11-29,2025-11-28T08:54:03Z
BetOnline.ag,player_points_rebounds_assists,Donovan Mitchell,Over,39.5,-114,2025-11-29,2025-11-28T08:54:03Z
BetOnline.ag,player_points_rebounds_assists,Donovan Mitchell,Under,39.5,-114,2025-11-29,2025-11-28T08:54:03Z
BetOnline.ag,player_points_rebounds_assists,Nickeil Alexander-Walker,Over,24.5,-116,2025-11-29,2025-11-28T08:54:03Z
BetOnline.ag,player_points_rebounds_assists,Nickeil Alexander-Walker,Under,24.5,-111,2025-11-29,2025-11-28T08:54:03Z
BetOnline.ag,player_points_rebounds_assists,Kristaps Porzingis,Over,28.5,-109,2025-11-29,2025-11-28T08:54:03Z
BetOnline.ag,player_points_rebounds_assists,Kristaps Porzingis,Under,28.5,-119,2025-11-29,2025-11-28T08:54:03Z
BetOnline.ag,player_points_rebounds_assists,De'Andre Hunter,Over,23.5,-105,2025-11-29,2025-11-28T08:54:03Z
BetOnline.ag,player_points_rebounds_assists,De'Andre Hunter,Under,23.5,-123,2025-11-29,2025-11-28T08:54:03Z
BetOnline.ag,player_points_rebounds_assists,Lonzo Ball,Over,14.5,-111,2025-11-29,2025-11-28T08:54:03Z
BetOnline.ag,player_points_rebounds_assists,Lonzo Ball,Under,14.5,-116,2025-11-29,2025-11-28T08:54:03Z
BetOnline.ag,player_points_rebounds_assists,Jaylon Tyson,Over,13.5,-108,2025-11-29,2025-11-28T08:54:03Z
BetOnline.ag,player_points_rebounds_assists,Jaylon Tyson,Under,13.5,-120,2025-11-29,2025-11-28T08:54:03Z
BetOnline.ag,player_points_rebounds_assists,Luke Kennard,Over,10.5,-114,2025-11-29,2025-11-28T08:54:03Z
BetOnline.ag,player_points_rebounds_assists,Luke Kennard,Under,10.5,-114,2025-11-29,2025-11-28T08:54:03Z
BetOnline.ag,player_points_rebounds_assists,Zaccharie Risacher,Over,15.5,-115,2025-11-29,2025-11-28T08:54:03Z
BetOnline.ag,player_points_rebounds_assists,Zaccharie Risacher,Under,15.5,-112,2025-11-29,2025-11-28T08:54:03Z
BetOnline.ag,player_points_rebounds_assists,Vit Krejci,Over,11.5,-123,2025-11-29,2025-11-28T08:54:03Z
BetOnline.ag,player_points_rebounds_assists,Vit Krejci,Under,11.5,-105,2025-11-29,2025-11-28T08:54:03Z
BetOnline.ag,player_points_rebounds_assists,Tyrese Maxey,Over,43.5,-120,2025-11-29,2025-11-28T08:54:10Z
BetOnline.ag,player_points_rebounds_assists,Tyrese Maxey,Under,43.5,-108,2025-11-29,2025-11-28T08:54:10Z
BetOnline.ag,player_points_rebounds_assists,Paul George,Over,23.5,-116,2025-11-29,2025-11-28T08:54:10Z
BetOnline.ag,player_points_rebounds_assists,Paul George,Under,23.5,-111,2025-11-29,2025-11-28T08:54:10Z
BetOnline.ag,player_points_rebounds_assists,Noah Clowney,Over,24.5,-112,2025-11-29,2025-11-28T08:54:10Z
BetOnline.ag,player_points_rebounds_assists,Noah Clowney,Under,24.5,-115,2025-11-29,2025-11-28T08:54:10Z
BetOnline.ag,player_points_rebounds_assists,Nicolas Claxton,Over,27.5,-115,2025-11-29,2025-11-28T08:54:10Z
BetOnline.ag,player_points_rebounds_assists,Nicolas Claxton,Under,27.5,-112,2025-11-29,2025-11-28T08:54:10Z
BetOnline.ag,player_points_rebounds_assists,Terance Mann,Over,16.5,-123,2025-11-29,2025-11-28T08:54:10Z
BetOnline.ag,player_points_rebounds_assists,Terance Mann,Under,16.5,-104,2025-11-29,2025-11-28T08:54:10Z
BetOnline.ag,player_points_rebounds_assists,Tyrese Martin,Over,19.5,-118,2025-11-29,2025-11-28T08:54:10Z
BetOnline.ag,player_points_rebounds_assists,Tyrese Martin,Under,19.5,-110,2025-11-29,2025-11-28T08:54:10Z
BetOnline.ag,player_points_rebounds_assists,Andre Drummond,Over,25.5,-120,2025-11-29,2025-11-28T08:54:10Z
BetOnline.ag,player_points_rebounds_assists,Andre Drummond,Under,25.5,-108,2025-11-29,2025-11-28T08:54:10Z
BetOnline.ag,player_points_rebounds_assists,Day'Ron Sharpe,Over,16.5,-110,2025-11-29,2025-11-28T08:54:10Z
BetOnline.ag,player_points_rebounds_assists,Day'Ron Sharpe,Under,16.5,-118,2025-11-29,2025-11-28T08:54:10Z
BetOnline.ag,player_points_rebounds_assists,Drake Powell,Over,15.5,-102,2025-11-29,2025-11-28T08:54:10Z
BetOnline.ag,player_points_rebounds_assists,Drake Powell,Under,15.5,-127,2025-11-29,2025-11-28T08:54:10Z
BetOnline.ag,player_points_rebounds_assists,Jared McCain,Over,18.5,-111,2025-11-29,2025-11-28T08:54:10Z
BetOnline.ag,player_points_rebounds_assists,Jared McCain,Under,18.5,-116,2025-11-29,2025-11-28T08:54:10Z
BetOnline.ag,player_points_rebounds_assists,Egor Demin,Over,19.5,-111,2025-11-29,2025-11-28T08:54:10Z
BetOnline.ag,player_points_rebounds_assists,Egor Demin,Under,19.5,-116,2025-11-29,2025-11-28T08:54:10Z
BetOnline.ag,player_points_rebounds_assists,Justin Edwards,Over,17.5,-102,2025-11-29,2025-11-28T08:54:10Z
BetOnline.ag,player_points_rebounds_assists,Justin Edwards,Under,17.5,-127,2025-11-29,2025-11-28T08:54:10Z
BetOnline.ag,player_points_rebounds_assists,Quentin Grimes,Over,26.5,-106,2025-11-29,2025-11-28T08:54:10Z
BetOnline.ag,player_points_rebounds_assists,Quentin Grimes,Under,26.5,-122,2025-11-29,2025-11-28T08:54:10Z
BetOnline.ag,player_points_rebounds_assists,Nikola Vucevic,Over,31.5,-122,2025-11-29,2025-11-28T08:53:16Z
BetOnline.ag,player_points_rebounds_assists,Nikola Vucevic,Under,31.5,-106,2025-11-29,2025-11-28T08:53:16Z
BetOnline.ag,player_points_rebounds_assists,Brandon Miller,Over,26.5,-110,2025-11-29,2025-11-28T08:53:16Z
BetOnline.ag,player_points_rebounds_assists,Brandon Miller,Under,26.5,-118,2025-11-29,2025-11-28T08:53:16Z
BetOnline.ag,player_points_rebounds_assists,Miles Bridges,Over,29.5,102,2025-11-29,2025-11-28T08:53:16Z
BetOnline.ag,player_points_rebounds_assists,Miles Bridges,Under,29.5,-132,2025-11-29,2025-11-28T08:53:16Z
BetOnline.ag,player_points_rebounds_assists,LaMelo Ball,Over,31.5,-112,2025-11-29,2025-11-28T08:53:16Z
BetOnline.ag,player_points_rebounds_assists,LaMelo Ball,Under,31.5,-115,2025-11-29,2025-11-28T08:53:16Z
BetOnline.ag,player_points_rebounds_assists,Ryan Kalkbrenner,Over,16.5,-109,2025-11-29,2025-11-28T08:53:16Z
BetOnline.ag,player_points_rebounds_assists,Ryan Kalkbrenner,Under,16.5,-119,2025-11-29,2025-11-28T08:53:16Z
BetOnline.ag,player_points_rebounds_assists,Coby White,Over,31.5,-116,2025-11-29,2025-11-28T08:53:16Z
BetOnline.ag,player_points_rebounds_assists,Coby White,Under,31.5,-111,2025-11-29,2025-11-28T08:53:16Z
BetOnline.ag,player_points_rebounds_assists,Ayo Dosunmu,Over,21.5,-116,2025-11-29,2025-11-28T08:53:16Z
BetOnline.ag,player_points_rebounds_assists,Ayo Dosunmu,Under,21.5,-111,2025-11-29,2025-11-28T08:53:16Z
BetOnline.ag,player_points_rebounds_assists,Josh Giddey,Over,39.5,-114,2025-11-29,2025-11-28T08:53:16Z
BetOnline.ag,player_points_rebounds_assists,Josh Giddey,Under,39.5,-114,2025-11-29,2025-11-28T08:53:16Z
BetOnline.ag,player_points_rebounds_assists,Kevin Huerter,Over,16.5,-114,2025-11-29,2025-11-28T08:53:16Z
BetOnline.ag,player_points_rebounds_assists,Kevin Huerter,Under,16.5,-114,2025-11-29,2025-11-28T08:53:16Z
BetOnline.ag,player_points_rebounds_assists,Kon Knueppel,Over,25.5,-114,2025-11-29,2025-11-28T08:53:16Z
BetOnline.ag,player_points_rebounds_assists,Kon Knueppel,Under,25.5,-114,2025-11-29,2025-11-28T08:53:16Z
BetOnline.ag,player_points_rebounds_assists,Collin Sexton,Over,18.5,-103,2025-11-29,2025-11-28T08:53:16Z
BetOnline.ag,player_points_rebounds_assists,Collin Sexton,Under,18.5,-125,2025-11-29,2025-11-28T08:53:16Z
BetOnline.ag,player_points_rebounds_assists,Tobias Harris,Over,18.5,-111,2025-11-29,2025-11-28T08:54:36Z
BetOnline.ag,player_points_rebounds_assists,Tobias Harris,Under,18.5,-116,2025-11-29,2025-11-28T08:54:36Z
BetOnline.ag,player_points_rebounds_assists,Jalen Duren,Over,33.5,-103,2025-11-29,2025-11-28T08:54:36Z
BetOnline.ag,player_points_rebounds_assists,Jalen Duren,Under,33.5,-125,2025-11-29,2025-11-28T08:54:36Z
BetOnline.ag,player_points_rebounds_assists,Franz Wagner,Over,33.5,-111,2025-11-29,2025-11-28T08:54:36Z
BetOnline.ag,player_points_rebounds_assists,Franz Wagner,Under,33.5,-116,2025-11-29,2025-11-28T08:54:36Z
BetOnline.ag,player_points_rebounds_assists,Jaden Ivey,Over,14.5,-108,2025-11-29,2025-11-28T08:54:36Z
BetOnline.ag,player_points_rebounds_assists,Jaden Ivey,Under,14.5,-120,2025-11-29,2025-11-28T08:54:36Z
BetOnline.ag,player_points_rebounds_assists,Tristan da Silva,Over,17.5,-112,2025-11-29,2025-11-28T08:54:36Z
BetOnline.ag,player_points_rebounds_assists,Tristan da Silva,Under,17.5,-115,2025-11-29,2025-11-28T08:54:36Z
BetOnline.ag,player_points_rebounds_assists,Anthony Black,Over,18.5,-116,2025-11-29,2025-11-28T08:54:36Z
BetOnline.ag,player_points_rebounds_assists,Anthony Black,Under,18.5,-111,2025-11-29,2025-11-28T08:54:36Z
BetOnline.ag,player_points_rebounds_assists,Desmond Bane,Over,28.5,-102,2025-11-29,2025-11-28T08:54:36Z
BetOnline.ag,player_points_rebounds_assists,Desmond Bane,Under,28.5,-127,2025-11-29,2025-11-28T08:54:36Z
BetOnline.ag,player_points_rebounds_assists,Jalen Suggs,Over,25.5,-103,2025-11-29,2025-11-28T08:54:36Z
BetOnline.ag,player_points_rebounds_assists,Jalen Suggs,Under,25.5,-125,2025-11-29,2025-11-28T08:54:36Z
BetOnline.ag,player_points_rebounds_assists,Duncan Robinson,Over,14.5,102,2025-11-29,2025-11-28T08:54:36Z
BetOnline.ag,player_points_rebounds_assists,Duncan Robinson,Under,14.5,-132,2025-11-29,2025-11-28T08:54:36Z
BetOnline.ag,player_points_rebounds_assists,Isaiah Stewart II,Over,14.5,-109,2025-11-29,2025-11-28T08:54:36Z
BetOnline.ag,player_points_rebounds_assists,Isaiah Stewart II,Under,14.5,-119,2025-11-29,2025-11-28T08:54:36Z
BetOnline.ag,player_points_rebounds_assists,Caris LeVert,Over,13.5,-103,2025-11-29,2025-11-28T08:54:36Z
BetOnline.ag,player_points_rebounds_assists,Caris LeVert,Under,13.5,-125,2025-11-29,2025-11-28T08:54:36Z
BetOnline.ag,player_points_rebounds_assists,Goga Bitadze,Over,13.5,-105,2025-11-29,2025-11-28T08:54:36Z
BetOnline.ag,player_points_rebounds_assists,Goga Bitadze,Under,13.5,-123,2025-11-29,2025-11-28T08:54:36Z
BetOnline.ag,player_points_rebounds_assists,Cade Cunningham,Over,43.5,-108,2025-11-29,2025-11-28T08:54:36Z
BetOnline.ag,player_points_rebounds_assists,Cade Cunningham,Under,43.5,-120,2025-11-29,2025-11-28T08:54:36Z
BetOnline.ag,player_points_rebounds_assists,Ausar Thompson,Over,18.5,-112,2025-11-29,2025-11-28T08:54:36Z
BetOnline.ag,player_points_rebounds_assists,Ausar Thompson,Under,18.5,-115,2025-11-29,2025-11-28T08:54:36Z
BetOnline.ag,player_points_rebounds_assists,Wendell Carter Jr,Over,22.5,-110,2025-11-29,2025-11-28T08:54:36Z
BetOnline.ag,player_points_rebounds_assists,Wendell Carter Jr,Under,22.5,-118,2025-11-29,2025-11-28T08:54:36Z
BetOnline.ag,player_points_rebounds_assists,Bilal Coulibaly,Over,17.5,-119,2025-11-29,2025-11-28T08:52:40Z
BetOnline.ag,player_points_rebounds_assists,Bilal Coulibaly,Under,17.5,-109,2025-11-29,2025-11-28T08:52:40Z
BetOnline.ag,player_points_rebounds_assists,Khris Middleton,Over,16.5,-122,2025-11-29,2025-11-28T08:52:40Z
BetOnline.ag,player_points_rebounds_assists,Khris Middleton,Under,16.5,-106,2025-11-29,2025-11-28T08:52:40Z
BetOnline.ag,player_points_rebounds_assists,C.J. McCollum,Over,25.5,-109,2025-11-29,2025-11-28T08:52:40Z
BetOnline.ag,player_points_rebounds_assists,C.J. McCollum,Under,25.5,-119,2025-11-29,2025-11-28T08:52:40Z
BetOnline.ag,player_points_rebounds_assists,Alex Sarr,Over,31.5,-118,2025-11-29,2025-11-28T08:52:40Z
BetOnline.ag,player_points_rebounds_assists,Alex Sarr,Under,31.5,-110,2025-11-29,2025-11-28T08:52:40Z
BetOnline.ag,player_points_rebounds_assists,Carlton Carrington,Over,14.5,-111,2025-11-29,2025-11-28T08:52:40Z
BetOnline.ag,player_points_rebounds_assists,Carlton Carrington,Under,14.5,-116,2025-11-29,2025-11-28T08:52:40Z
BetOnline.ag,player_points_rebounds_assists,Kyshawn George,Over,26.5,-122,2025-11-29,2025-11-28T08:52:40Z
BetOnline.ag,player_points_rebounds_assists,Kyshawn George,Under,26.5,-106,2025-11-29,2025-11-28T08:52:40Z
BetOnline.ag,player_points_rebounds_assists,Pascal Siakam,Over,37.5,-106,2025-11-29,2025-11-28T08:52:40Z
BetOnline.ag,player_points_rebounds_assists,Pascal Siakam,Under,37.5,-122,2025-11-29,2025-11-28T08:52:40Z
BetOnline.ag,player_points_rebounds_assists,Bennedict Mathurin,Over,31.5,-111,2025-11-29,2025-11-28T08:52:40Z
BetOnline.ag,player_points_rebounds_assists,Bennedict Mathurin,Under,31.5,-116,2025-11-29,2025-11-28T08:52:40Z
BetOnline.ag,player_points_rebounds_assists,T.J. McConnell,Over,21.5,-103,2025-11-29,2025-11-28T08:52:40Z
BetOnline.ag,player_points_rebounds_assists,T.J. McConnell,Under,21.5,-125,2025-11-29,2025-11-28T08:52:40Z
BetOnline.ag,player_points_rebounds_assists,Jarace Walker,Over,18.5,-114,2025-11-29,2025-11-28T08:52:40Z
BetOnline.ag,player_points_rebounds_assists,Jarace Walker,Under,18.5,-114,2025-11-29,2025-11-28T08:52:40Z
BetOnline.ag,player_points_rebounds_assists,Andrew Nembhard,Over,27.5,-114,2025-11-29,2025-11-28T08:52:40Z
BetOnline.ag,player_points_rebounds_assists,Andrew Nembhard,Under,27.5,-114,2025-11-29,2025-11-28T08:52:40Z
BetOnline.ag,player_points_rebounds_assists,Josh Hart,Over,26.5,-108,2025-11-29,2025-11-28T08:54:49Z
BetOnline.ag,player_points_rebounds_assists,Josh Hart,Under,26.5,-120,2025-11-29,2025-11-28T08:54:49Z
BetOnline.ag,player_points_rebounds_assists,A.J. Green,Over,13.5,-123,2025-11-29,2025-11-28T08:54:49Z
BetOnline.ag,player_points_rebounds_assists,A.J. Green,Under,13.5,-105,2025-11-29,2025-11-28T08:54:49Z
BetOnline.ag,player_points_rebounds_assists,Mikal Bridges,Over,24.5,-110,2025-11-29,2025-11-28T08:54:49Z
BetOnline.ag,player_points_rebounds_assists,Mikal Bridges,Under,24.5,-118,2025-11-29,2025-11-28T08:54:49Z
BetOnline.ag,player_points_rebounds_assists,Myles Turner,Over,22.5,-105,2025-11-29,2025-11-28T08:54:49Z
BetOnline.ag,player_points_rebounds_assists,Myles Turner,Under,22.5,-123,2025-11-29,2025-11-28T08:54:49Z
BetOnline.ag,player_points_rebounds_assists,Giannis Antetokounmpo,Over,46.5,-112,2025-11-29,2025-11-28T08:54:49Z
BetOnline.ag,player_points_rebounds_assists,Giannis Antetokounmpo,Under,46.5,-115,2025-11-29,2025-11-28T08:54:49Z
BetOnline.ag,player_points_rebounds_assists,Miles McBride,Over,16.5,-105,2025-11-29,2025-11-28T08:54:49Z
BetOnline.ag,player_points_rebounds_assists,Miles McBride,Under,16.5,-123,2025-11-29,2025-11-28T08:54:49Z
BetOnline.ag,player_points_rebounds_assists,Kyle Kuzma,Over,19.5,-112,2025-11-29,2025-11-28T08:54:49Z
BetOnline.ag,player_points_rebounds_assists,Kyle Kuzma,Under,19.5,-115,2025-11-29,2025-11-28T08:54:49Z
BetOnline.ag,player_points_rebounds_assists,Jordan Clarkson,Over,16.5,-103,2025-11-29,2025-11-28T08:54:49Z
BetOnline.ag,player_points_rebounds_assists,Jordan Clarkson,Under,16.5,-125,2025-11-29,2025-11-28T08:54:49Z
BetOnline.ag,player_points_rebounds_assists,Mitchell Robinson,Over,11.5,-101,2025-11-29,2025-11-28T08:54:49Z
BetOnline.ag,player_points_rebounds_assists,Mitchell Robinson,Under,11.5,-128,2025-11-29,2025-11-28T08:54:49Z
BetOnline.ag,player_points_rebounds_assists,Gary Trent Jr,Over,12.5,-114,2025-11-29,2025-11-28T08:54:49Z
BetOnline.ag,player_points_rebounds_assists,Gary Trent Jr,Under,12.5,-114,2025-11-29,2025-11-28T08:54:49Z
BetOnline.ag,player_points_rebounds_assists,Jalen Brunson,Over,39.5,-116,2025-11-29,2025-11-28T08:54:49Z
BetOnline.ag,player_points_rebounds_assists,Jalen Brunson,Under,39.5,-111,2025-11-29,2025-11-28T08:54:49Z
BetOnline.ag,player_points_rebounds_assists,Karl-Anthony Towns,Over,38.5,-122,2025-11-29,2025-11-28T08:54:49Z
BetOnline.ag,player_points_rebounds_assists,Karl-Anthony Towns,Under,38.5,-106,2025-11-29,2025-11-28T08:54:49Z
BetOnline.ag,player_points_rebounds_assists,Ryan Rollins,Over,28.5,-116,2025-11-29,2025-11-28T08:54:49Z
BetOnline.ag,player_points_rebounds_assists,Ryan Rollins,Under,28.5,-111,2025-11-29,2025-11-28T08:54:49Z
BetOnline.ag,player_points_rebounds_assists,Keldon Johnson,Over,22.5,-109,2025-11-29,2025-11-28T08:54:07Z
BetOnline.ag,player_points_rebounds_assists,Keldon Johnson,Under,22.5,-119,2025-11-29,2025-11-28T08:54:07Z
BetOnline.ag,player_points_rebounds_assists,Jamal Murray,Over,35.5,-112,2025-11-29,2025-11-28T08:54:07Z
BetOnline.ag,player_points_rebounds_assists,Jamal Murray,Under,35.5,-115,2025-11-29,2025-11-28T08:54:07Z
BetOnline.ag,player_points_rebounds_assists,Nikola Jokic,Over,54.5,-108,2025-11-29,2025-11-28T08:54:07Z
BetOnline.ag,player_points_rebounds_assists,Nikola Jokic,Under,54.5,-120,2025-11-29,2025-11-28T08:54:07Z
BetOnline.ag,player_points_rebounds_assists,De'Aaron Fox,Over,35.5,-116,2025-11-29,2025-11-28T08:54:07Z
BetOnline.ag,player_points_rebounds_assists,De'Aaron Fox,Under,35.5,-111,2025-11-29,2025-11-28T08:54:07Z
BetOnline.ag,player_points_rebounds_assists,Harrison Barnes,Over,19.5,-106,2025-11-29,2025-11-28T08:54:07Z
BetOnline.ag,player_points_rebounds_assists,Harrison Barnes,Under,19.5,-122,2025-11-29,2025-11-28T08:54:07Z
BetOnline.ag,player_points_rebounds_assists,Cameron Johnson,Over,21.5,-110,2025-11-29,2025-11-28T08:54:07Z
BetOnline.ag,player_points_rebounds_assists,Cameron Johnson,Under,21.5,-118,2025-11-29,2025-11-28T08:54:07Z
BetOnline.ag,player_points_rebounds_assists,Julian Champagnie,Over,18.5,-109,2025-11-29,2025-11-28T08:54:07Z
BetOnline.ag,player_points_rebounds_assists,Julian Champagnie,Under,18.5,-119,2025-11-29,2025-11-28T08:54:07Z
BetOnline.ag,player_points_rebounds_assists,Luke Kornet,Over,16.5,-114,2025-11-29,2025-11-28T08:54:07Z
BetOnline.ag,player_points_rebounds_assists,Luke Kornet,Under,16.5,-114,2025-11-29,2025-11-28T08:54:07Z
BetOnline.ag,player_points_rebounds_assists,Devin Vassell,Over,22.5,-118,2025-11-29,2025-11-28T08:54:07Z
BetOnline.ag,player_points_rebounds_assists,Devin Vassell,Under,22.5,-110,2025-11-29,2025-11-28T08:54:07Z
BetOnline.ag,player_points_rebounds_assists,Dylan Harper,Over,17.5,100,2025-11-29,2025-11-28T08:54:07Z
BetOnline.ag,player_points_rebounds_assists,Dylan Harper,Under,17.5,-130,2025-11-29,2025-11-28T08:54:07Z
BetOnline.ag,player_points_rebounds_assists,Peyton Watson,Over,21.5,-103,2025-11-29,2025-11-28T08:54:07Z
BetOnline.ag,player_points_rebounds_assists,Peyton Watson,Under,21.5,-125,2025-11-29,2025-11-28T08:54:07Z
BetOnline.ag,player_points_rebounds_assists,Bruce Brown,Over,14.5,-111,2025-11-29,2025-11-28T08:54:07Z
BetOnline.ag,player_points_rebounds_assists,Bruce Brown,Under,14.5,-116,2025-11-29,2025-11-28T08:54:07Z
BetOnline.ag,player_points_rebounds_assists,Jonas Valanciunas,Over,14.5,-106,2025-11-29,2025-11-28T08:54:07Z
BetOnline.ag,player_points_rebounds_assists,Jonas Valanciunas,Under,14.5,-122,2025-11-29,2025-11-28T08:54:07Z
BetOnline.ag,player_points_rebounds_assists,Tim Hardaway Jr,Over,15.5,-108,2025-11-29,2025-11-28T08:54:07Z
BetOnline.ag,player_points_rebounds_assists,Tim Hardaway Jr,Under,15.5,-120,2025-11-29,2025-11-28T08:54:07Z
BetOnline.ag,player_points_rebounds_assists,Devin Booker,Over,35.5,-110,2025-11-29,2025-11-28T08:54:45Z
BetOnline.ag,player_points_rebounds_assists,Devin Booker,Under,35.5,-118,2025-11-29,2025-11-28T08:54:45Z
BetOnline.ag,player_points_rebounds_assists,Mark Williams,Over,21.5,-119,2025-11-29,2025-11-28T08:54:45Z
BetOnline.ag,player_points_rebounds_assists,Mark Williams,Under,21.5,-109,2025-11-29,2025-11-28T08:54:45Z
BetOnline.ag,player_points_rebounds_assists,Shai Gilgeous-Alexander,Over,41.5,-116,2025-11-29,2025-11-28T08:54:45Z
BetOnline.ag,player_points_rebounds_assists,Shai Gilgeous-Alexander,Under,41.5,-111,2025-11-29,2025-11-28T08:54:45Z
BetOnline.ag,player_points_rebounds_assists,Chet Holmgren,Over,26.5,-112,2025-11-29,2025-11-28T08:54:45Z
BetOnline.ag,player_points_rebounds_assists,Chet Holmgren,Under,26.5,-115,2025-11-29,2025-11-28T08:54:45Z
BetOnline.ag,player_points_rebounds_assists,Jalen Williams,Over,19.5,-116,2025-11-29,2025-11-28T08:54:45Z
BetOnline.ag,player_points_rebounds_assists,Jalen Williams,Under,19.5,-111,2025-11-29,2025-11-28T08:54:45Z
BetOnline.ag,player_points_rebounds_assists,Luguentz Dort,Over,11.5,-108,2025-11-29,2025-11-28T08:54:45Z
BetOnline.ag,player_points_rebounds_assists,Luguentz Dort,Under,11.5,-120,2025-11-29,2025-11-28T08:54:45Z
BetOnline.ag,player_points_rebounds_assists,Collin Gillespie,Over,21.5,-114,2025-11-29,2025-11-28T08:54:45Z
BetOnline.ag,player_points_rebounds_assists,Collin Gillespie,Under,21.5,-114,2025-11-29,2025-11-28T08:54:45Z
BetOnline.ag,player_points_rebounds_assists,Dillon Brooks,Over,22.5,-110,2025-11-29,2025-11-28T08:54:45Z
BetOnline.ag,player_points_rebounds_assists,Dillon Brooks,Under,22.5,-118,2025-11-29,2025-11-28T08:54:45Z
BetOnline.ag,player_points_rebounds_assists,Cason Wallace,Over,12.5,103,2025-11-29,2025-11-28T08:54:45Z
BetOnline.ag,player_points_rebounds_assists,Cason Wallace,Under,12.5,-133,2025-11-29,2025-11-28T08:54:45Z
BetOnline.ag,player_points_rebounds_assists,Alex Caruso,Over,9.5,-128,2025-11-29,2025-11-28T08:54:45Z
BetOnline.ag,player_points_rebounds_assists,Alex Caruso,Under,9.5,-101,2025-11-29,2025-11-28T08:54:45Z
BetOnline.ag,player_points_rebounds_assists,Ajay Mitchell,Over,17.5,-111,2025-11-29,2025-11-28T08:54:45Z
BetOnline.ag,player_points_rebounds_assists,Ajay Mitchell,Under,17.5,-116,2025-11-29,2025-11-28T08:54:45Z
BetOnline.ag,player_points_rebounds_assists,Isaiah Hartenstein,Over,21.5,-123,2025-11-29,2025-11-28T08:54:45Z
BetOnline.ag,player_points_rebounds_assists,Isaiah Hartenstein,Under,21.5,-104,2025-11-29,2025-11-28T08:54:45Z
BetOnline.ag,player_points_rebounds_assists,Isaiah Joe,Over,12.5,-108,2025-11-29,2025-11-28T08:54:45Z
BetOnline.ag,player_points_rebounds_assists,Isaiah Joe,Under,12.5,-120,2025-11-29,2025-11-28T08:54:45Z
BetOnline.ag,player_points_rebounds_assists,Jordan Goodwin,Over,16.5,-108,2025-11-29,2025-11-28T08:54:45Z
BetOnline.ag,player_points_rebounds_assists,Jordan Goodwin,Under,16.5,-120,2025-11-29,2025-11-28T08:54:45Z
BetOnline.ag,player_points_rebounds_assists,Royce O'Neale,Over,17.5,-116,2025-11-29,2025-11-28T08:54:45Z
BetOnline.ag,player_points_rebounds_assists,Royce O'Neale,Under,17.5,-111,2025-11-29,2025-11-28T08:54:45Z
BetOnline.ag,player_points_rebounds_assists,Keyonte George,Over,32.5,-122,2025-11-29,2025-11-28T08:54:21Z
BetOnline.ag,player_points_rebounds_assists,Keyonte George,Under,32.5,-106,2025-11-29,2025-11-28T08:54:21Z
BetOnline.ag,player_points_rebounds_assists,Isaiah Collier,Over,17.5,-101,2025-11-29,2025-11-28T08:54:21Z
BetOnline.ag,player_points_rebounds_assists,Isaiah Collier,Under,17.5,-128,2025-11-29,2025-11-28T08:54:21Z
BetOnline.ag,player_points_rebounds_assists,Svi Mykhailiuk,Over,12.5,-114,2025-11-29,2025-11-28T08:54:21Z
BetOnline.ag,player_points_rebounds_assists,Svi Mykhailiuk,Under,12.5,-114,2025-11-29,2025-11-28T08:54:21Z
BetOnline.ag,player_points_rebounds_assists,DeMar DeRozan,Over,25.5,-114,2025-11-29,2025-11-28T08:54:21Z
BetOnline.ag,player_points_rebounds_assists,DeMar DeRozan,Under,25.5,-114,2025-11-29,2025-11-28T08:54:21Z
BetOnline.ag,player_points_rebounds_assists,Dennis Schroder,Over,18.5,-102,2025-11-29,2025-11-28T08:54:21Z
BetOnline.ag,player_points_rebounds_assists,Dennis Schroder,Under,18.5,-127,2025-11-29,2025-11-28T08:54:21Z
BetOnline.ag,player_points_rebounds_assists,Russell Westbrook,Over,30.5,-108,2025-11-29,2025-11-28T08:54:21Z
BetOnline.ag,player_points_rebounds_assists,Russell Westbrook,Under,30.5,-120,2025-11-29,2025-11-28T08:54:21Z
BetOnline.ag,player_points_rebounds_assists,Jusuf Nurkic,Over,24.5,-105,2025-11-29,2025-11-28T08:54:21Z
BetOnline.ag,player_points_rebounds_assists,Jusuf Nurkic,Under,24.5,-123,2025-11-29,2025-11-28T08:54:21Z
BetOnline.ag,player_points_rebounds_assists,Ace Bailey,Over,19.5,-109,2025-11-29,2025-11-28T08:54:21Z
BetOnline.ag,player_points_rebounds_assists,Ace Bailey,Under,19.5,-119,2025-11-29,2025-11-28T08:54:21Z
BetOnline.ag,player_points_rebounds_assists,Lauri Markkanen,Over,35.5,-115,2025-11-29,2025-11-28T08:54:21Z
BetOnline.ag,player_points_rebounds_assists,Lauri Markkanen,Under,35.5,-112,2025-11-29,2025-11-28T08:54:21Z
BetOnline.ag,player_points_rebounds_assists,Zach LaVine,Over,26.5,-108,2025-11-29,2025-11-28T08:54:21Z
BetOnline.ag,player_points_rebounds_assists,Zach LaVine,Under,26.5,-120,2025-11-29,2025-11-28T08:54:21Z
BetOnline.ag,player_points_rebounds_assists,Keegan Murray,Over,25.5,-111,2025-11-29,2025-11-28T08:54:21Z
BetOnline.ag,player_points_rebounds_assists,Keegan Murray,Under,25.5,-116,2025-11-29,2025-11-28T08:54:21Z
BetOnline.ag,player_points_rebounds_assists,Malik Monk,Over,19.5,-120,2025-11-29,2025-11-28T08:54:21Z
BetOnline.ag,player_points_rebounds_assists,Malik Monk,Under,19.5,-108,2025-11-29,2025-11-28T08:54:21Z
BetOnline.ag,player_points_rebounds_assists,Brice Sensabaugh,Over,13.5,-112,2025-11-29,2025-11-28T08:54:21Z
BetOnline.ag,player_points_rebounds_assists,Brice Sensabaugh,Under,13.5,-115,2025-11-29,2025-11-28T08:54:21Z
BetOnline.ag,player_points_rebounds_assists,Max Christie,Over,16.5,-102,2025-11-29,2025-11-28T08:54:15Z
BetOnline.ag,player_points_rebounds_assists,Max Christie,Under,16.5,-127,2025-11-29,2025-11-28T08:54:15Z
BetOnline.ag,player_points_rebounds_assists,Naji Marshall,Over,16.5,-108,2025-11-29,2025-11-28T08:54:15Z
BetOnline.ag,player_points_rebounds_assists,Naji Marshall,Under,16.5,-120,2025-11-29,2025-11-28T08:54:15Z
BetOnline.ag,player_points_rebounds_assists,Cooper Flagg,Over,25.5,-106,2025-11-29,2025-11-28T08:54:15Z
BetOnline.ag,player_points_rebounds_assists,Cooper Flagg,Under,25.5,-119,2025-11-29,2025-11-28T08:54:15Z
BetOnline.ag,player_points_rebounds_assists,Luka Doncic,Over,50.5,-116,2025-11-29,2025-11-28T08:54:15Z
BetOnline.ag,player_points_rebounds_assists,Luka Doncic,Under,50.5,-111,2025-11-29,2025-11-28T08:54:15Z
BetOnline.ag,player_points_rebounds_assists,Anthony Davis,Over,31.5,-118,2025-11-29,2025-11-28T08:54:15Z
BetOnline.ag,player_points_rebounds_assists,Anthony Davis,Under,31.5,-110,2025-11-29,2025-11-28T08:54:15Z
BetOnline.ag,player_points_rebounds_assists,P.J. Washington,Over,23.5,-119,2025-11-29,2025-11-28T08:54:15Z
BetOnline.ag,player_points_rebounds_assists,P.J. Washington,Under,23.5,-109,2025-11-29,2025-11-28T08:54:15Z
BetOnline.ag,player_points_rebounds_assists,Brandon Williams,Over,18.5,-103,2025-11-29,2025-11-28T08:54:15Z
BetOnline.ag,player_points_rebounds_assists,Brandon Williams,Under,18.5,-125,2025-11-29,2025-11-28T08:54:15Z
BetOnline.ag,player_points_rebounds_assists,Daniel Gafford,Over,17.5,-120,2025-11-29,2025-11-28T08:54:15Z
BetOnline.ag,player_points_rebounds_assists,Daniel Gafford,Under,17.5,-108,2025-11-29,2025-11-28T08:54:15Z
BetOnline.ag,player_points_rebounds_assists,Rui Hachimura,Over,15.5,-106,2025-11-29,2025-11-28T08:54:15Z
BetOnline.ag,player_points_rebounds_assists,Rui Hachimura,Under,15.5,-122,2025-11-29,2025-11-28T08:54:15Z
BetOnline.ag,player_points_rebounds_assists,LeBron James,Over,33.5,-114,2025-11-29,2025-11-28T08:54:15Z
BetOnline.ag,player_points_rebounds_assists,LeBron James,Under,33.5,-114,2025-11-29,2025-11-28T08:54:15Z
BetOnline.ag,player_points_rebounds_assists,Austin Reaves,Over,31.5,-114,2025-11-29,2025-11-28T08:54:15Z
BetOnline.ag,player_points_rebounds_assists,Austin Reaves,Under,31.5,-114,2025-11-29,2025-11-28T08:54:15Z
BetOnline.ag,player_points_rebounds_assists,Ivica Zubac,Over,31.5,-118,2025-11-29,2025-11-28T08:54:53Z
BetOnline.ag,player_points_rebounds_assists,Ivica Zubac,Under,31.5,-110,2025-11-29,2025-11-28T08:54:53Z
BetOnline.ag,player_points_rebounds_assists,Vincent Williams Jr,Over,21.5,-108,2025-11-29,2025-11-28T08:54:53Z
BetOnline.ag,player_points_rebounds_assists,Vincent Williams Jr,Under,21.5,-120,2025-11-29,2025-11-28T08:54:53Z
BetOnline.ag,player_points_rebounds_assists,Santi Aldama,Over,21.5,-109,2025-11-29,2025-11-28T08:54:53Z
BetOnline.ag,player_points_rebounds_assists,Santi Aldama,Under,21.5,-119,2025-11-29,2025-11-28T08:54:53Z
BetOnline.ag,player_points_rebounds_assists,James Harden,Over,40.5,-114,2025-11-29,2025-11-28T08:54:53Z
BetOnline.ag,player_points_rebounds_assists,James Harden,Under,40.5,-114,2025-11-29,2025-11-28T08:54:53Z
BetOnline.ag,player_points_rebounds_assists,Kris Dunn,Over,14.5,-109,2025-11-29,2025-11-28T08:54:53Z
BetOnline.ag,player_points_rebounds_assists,Kris Dunn,Under,14.5,-119,2025-11-29,2025-11-28T08:54:53Z
BetOnline.ag,player_points_rebounds_assists,Cedric Coward,Over,21.5,-114,2025-11-29,2025-11-28T08:54:53Z
BetOnline.ag,player_points_rebounds_assists,Cedric Coward,Under,21.5,-114,2025-11-29,2025-11-28T08:54:53Z
BetOnline.ag,player_points_rebounds_assists,Jaren Jackson Jr,Over,29.5,-115,2025-11-29,2025-11-28T08:54:53Z
BetOnline.ag,player_points_rebounds_assists,Jaren Jackson Jr,Under,29.5,-112,2025-11-29,2025-11-28T08:54:53Z
BetOnline.ag,player_points_rebounds_assists,John Collins,Over,19.5,-125,2025-11-29,2025-11-28T08:54:53Z
BetOnline.ag,player_points_rebounds_assists,John Collins,Under,19.5,-103,2025-11-29,2025-11-28T08:54:53Z
BetOnline.ag,player_points_rebounds_assists,Kawhi Leonard,Over,29.5,-111,2025-11-29,2025-11-28T08:54:53Z
BetOnline.ag,player_points_rebounds_assists,Kawhi Leonard,Under,29.5,-116,2025-11-29,2025-11-28T08:54:53Z
BetOnline.ag,player_points_rebounds_assists,Zach Edey,Over,24.5,-108,2025-11-29,2025-11-28T08:54:53Z
BetOnline.ag,player_points_rebounds_assists,Zach Edey,Under,24.5,-120,2025-11-29,2025-11-28T08:54:53Z
BetOnline.ag,player_points_rebounds_assists,Jaylen Wells,Over,18.5,-103,2025-11-29,2025-11-28T08:54:53Z
BetOnline.ag,player_points_rebounds_assists,Jaylen Wells,Under,18.5,-125,2025-11-29,2025-11-28T08:54:53Z
FanDuel,player_points_rebounds,Donovan Mitchell,Over,33.5,-114,2025-11-29,2025-11-28T08:54:17Z
FanDuel,player_points_rebounds,Donovan Mitchell,Under,33.5,-114,2025-11-29,2025-11-28T08:54:17Z
FanDuel,player_points_rebounds,Jarrett Allen,Over,22.5,-104,2025-11-29,2025-11-28T08:54:17Z
FanDuel,player_points_rebounds,Jarrett Allen,Under,22.5,-125,2025-11-29,2025-11-28T08:54:17Z
FanDuel,player_points_rebounds,Zaccharie Risacher,Over,13.5,-130,2025-11-29,2025-11-28T08:54:17Z
FanDuel,player_points_rebounds,Zaccharie Risacher,Under,13.5,-102,2025-11-29,2025-11-28T08:54:17Z
FanDuel,player_points_rebounds,Nickeil Alexander-Walker,Over,21.5,-106,2025-11-29,2025-11-28T08:54:17Z
FanDuel,player_points_rebounds,Nickeil Alexander-Walker,Under,21.5,-125,2025-11-29,2025-11-28T08:54:17Z
FanDuel,player_points_rebounds,Dyson Daniels,Over,16.5,-130,2025-11-29,2025-11-28T08:54:17Z
FanDuel,player_points_rebounds,Dyson Daniels,Under,16.5,-102,2025-11-29,2025-11-28T08:54:17Z
FanDuel,player_points_rebounds,Onyeka Okongwu,Over,19.5,-110,2025-11-29,2025-11-28T08:54:17Z
FanDuel,player_points_rebounds,Onyeka Okongwu,Under,19.5,-120,2025-11-29,2025-11-28T08:54:17Z
FanDuel,player_points_rebounds,Jalen Johnson,Over,30.5,-112,2025-11-29,2025-11-28T08:54:17Z
FanDuel,player_points_rebounds,Jalen Johnson,Under,30.5,-118,2025-11-29,2025-11-28T08:54:17Z
FanDuel,player_points_rebounds,De'Andre Hunter,Over,20.5,-114,2025-11-29,2025-11-28T08:54:17Z
FanDuel,player_points_rebounds,De'Andre Hunter,Under,20.5,-114,2025-11-29,2025-11-28T08:54:17Z
FanDuel,player_points_rebounds,Jaylon Tyson,Over,11.5,-114,2025-11-29,2025-11-28T08:54:17Z
FanDuel,player_points_rebounds,Jaylon Tyson,Under,11.5,-118,2025-11-29,2025-11-28T08:54:17Z
FanDuel,player_points_rebounds,Evan Mobley,Over,27.5,-125,2025-11-29,2025-11-28T08:54:17Z
FanDuel,player_points_rebounds,Evan Mobley,Under,27.5,-106,2025-11-29,2025-11-28T08:54:17Z
FanDuel,player_points_rebounds,Kristaps Porzingis,Over,25.5,-110,2025-11-29,2025-11-28T08:54:17Z
FanDuel,player_points_rebounds,Kristaps Porzingis,Under,25.5,-120,2025-11-29,2025-11-28T08:54:17Z
FanDuel,player_points_rebounds,Tyrese Maxey,Over,35.5,-125,2025-11-29,2025-11-28T08:53:57Z
FanDuel,player_points_rebounds,Tyrese Maxey,Under,35.5,-106,2025-11-29,2025-11-28T08:53:57Z
FanDuel,player_points_rebounds,Tyrese Martin,Over,16.5,-102,2025-11-29,2025-11-28T08:53:57Z
FanDuel,player_points_rebounds,Tyrese Martin,Under,16.5,-130,2025-11-29,2025-11-28T08:53:57Z
FanDuel,player_points_rebounds,Noah Clowney,Over,22.5,-104,2025-11-29,2025-11-28T08:53:57Z
FanDuel,player_points_rebounds,Noah Clowney,Under,22.5,-128,2025-11-29,2025-11-28T08:53:57Z
FanDuel,player_points_rebounds,Terance Mann,Over,13.5,-104,2025-11-29,2025-11-28T08:53:57Z
FanDuel,player_points_rebounds,Terance Mann,Under,13.5,-128,2025-11-29,2025-11-28T08:53:57Z
FanDuel,player_points_rebounds,Paul George,Over,19.5,-118,2025-11-29,2025-11-28T08:53:57Z
FanDuel,player_points_rebounds,Paul George,Under,19.5,-112,2025-11-29,2025-11-28T08:53:57Z
FanDuel,player_points_rebounds,Egor Demin,Over,13.5,-112,2025-11-29,2025-11-28T08:53:57Z
FanDuel,player_points_rebounds,Egor Demin,Under,13.5,-118,2025-11-29,2025-11-28T08:53:57Z
FanDuel,player_points_rebounds,Day'Ron Sharpe,Over,14.5,-114,2025-11-29,2025-11-28T08:53:57Z
FanDuel,player_points_rebounds,Day'Ron Sharpe,Under,14.5,-114,2025-11-29,2025-11-28T08:53:57Z
FanDuel,player_points_rebounds,Nicolas Claxton,Over,23.5,-120,2025-11-29,2025-11-28T08:53:57Z
FanDuel,player_points_rebounds,Nicolas Claxton,Under,23.5,-110,2025-11-29,2025-11-28T08:53:57Z
FanDuel,player_points_rebounds,Andre Drummond,Over,23.5,-112,2025-11-29,2025-11-28T08:53:57Z
FanDuel,player_points_rebounds,Andre Drummond,Under,23.5,-118,2025-11-29,2025-11-28T08:53:57Z
FanDuel,player_points_rebounds,Brandon Miller,Over,22.5,-120,2025-11-29,2025-11-28T08:54:04Z
FanDuel,player_points_rebounds,Brandon Miller,Under,22.5,-110,2025-11-29,2025-11-28T08:54:04Z
FanDuel,player_points_rebounds,Kon Knueppel,Over,22.5,-114,2025-11-29,2025-11-28T08:54:04Z
FanDuel,player_points_rebounds,Kon Knueppel,Under,22.5,-114,2025-11-29,2025-11-28T08:54:04Z
FanDuel,player_points_rebounds,Ayo Dosunmu,Over,17.5,-120,2025-11-29,2025-11-28T08:54:04Z
FanDuel,player_points_rebounds,Ayo Dosunmu,Under,17.5,-110,2025-11-29,2025-11-28T08:54:04Z
FanDuel,player_points_rebounds,Josh Giddey,Over,29.5,-108,2025-11-29,2025-11-28T08:54:04Z
FanDuel,player_points_rebounds,Josh Giddey,Under,29.5,-122,2025-11-29,2025-11-28T08:54:04Z
FanDuel,player_points_rebounds,Miles Bridges,Over,25.5,-112,2025-11-29,2025-11-28T08:54:04Z
FanDuel,player_points_rebounds,Miles Bridges,Under,25.5,-118,2025-11-29,2025-11-28T08:54:04Z
FanDuel,player_points_rebounds,Nikola Vucevic,Over,28.5,-114,2025-11-29,2025-11-28T08:54:04Z
FanDuel,player_points_rebounds,Nikola Vucevic,Under,28.5,-114,2025-11-29,2025-11-28T08:54:04Z
FanDuel,player_points_rebounds,LaMelo Ball,Over,23.5,-122,2025-11-29,2025-11-28T08:54:04Z
FanDuel,player_points_rebounds,LaMelo Ball,Under,23.5,-108,2025-11-29,2025-11-28T08:54:04Z
FanDuel,player_points_rebounds,Matas Buzelis,Over,18.5,-114,2025-11-29,2025-11-28T08:54:04Z
FanDuel,player_points_rebounds,Matas Buzelis,Under,18.5,-114,2025-11-29,2025-11-28T08:54:04Z
FanDuel,player_points_rebounds,Ryan Kalkbrenner,Over,15.5,-108,2025-11-29,2025-11-28T08:54:04Z
FanDuel,player_points_rebounds,Ryan Kalkbrenner,Under,15.5,-122,2025-11-29,2025-11-28T08:54:04Z
FanDuel,player_points_rebounds,Moussa Diabate,Over,15.5,-102,2025-11-29,2025-11-28T08:54:04Z
FanDuel,player_points_rebounds,Moussa Diabate,Under,15.5,-130,2025-11-29,2025-11-28T08:54:04Z
FanDuel,player_points_rebounds,Coby White,Over,26.5,-106,2025-11-29,2025-11-28T08:54:04Z
FanDuel,player_points_rebounds,Coby White,Under,26.5,-125,2025-11-29,2025-11-28T08:54:04Z
FanDuel,player_points_rebounds,Jalen Suggs,Over,18.5,-122,2025-11-29,2025-11-28T08:54:01Z
FanDuel,player_points_rebounds,Jalen Suggs,Under,18.5,-108,2025-11-29,2025-11-28T08:54:01Z
FanDuel,player_points_rebounds,Isaiah Stewart II,Over,13.5,-108,2025-11-29,2025-11-28T08:54:01Z
FanDuel,player_points_rebounds,Isaiah Stewart II,Under,13.5,-122,2025-11-29,2025-11-28T08:54:01Z
FanDuel,player_points_rebounds,Ausar Thompson,Over,15.5,-128,2025-11-29,2025-11-28T08:54:01Z
FanDuel,player_points_rebounds,Ausar Thompson,Under,15.5,-104,2025-11-29,2025-11-28T08:54:01Z
FanDuel,player_points_rebounds,Desmond Bane,Over,23.5,-122,2025-11-29,2025-11-28T08:54:01Z
FanDuel,player_points_rebounds,Desmond Bane,Under,23.5,-108,2025-11-29,2025-11-28T08:54:01Z
FanDuel,player_points_rebounds,Jalen Duren,Over,30.5,-118,2025-11-29,2025-11-28T08:54:01Z
FanDuel,player_points_rebounds,Jalen Duren,Under,30.5,-112,2025-11-29,2025-11-28T08:54:01Z
FanDuel,player_points_rebounds,Tristan da Silva,Over,15.5,-104,2025-11-29,2025-11-28T08:54:01Z
FanDuel,player_points_rebounds,Tristan da Silva,Under,15.5,-128,2025-11-29,2025-11-28T08:54:01Z
FanDuel,player_points_rebounds,Cade Cunningham,Over,34.5,-114,2025-11-29,2025-11-28T08:54:01Z
FanDuel,player_points_rebounds,Cade Cunningham,Under,34.5,-114,2025-11-29,2025-11-28T08:54:01Z
FanDuel,player_points_rebounds,Wendell Carter Jr,Over,19.5,-110,2025-11-29,2025-11-28T08:54:01Z
FanDuel,player_points_rebounds,Wendell Carter Jr,Under,19.5,-120,2025-11-29,2025-11-28T08:54:01Z
FanDuel,player_points_rebounds,Anthony Black,Over,15.5,-125,2025-11-29,2025-11-28T08:54:01Z
FanDuel,player_points_rebounds,Anthony Black,Under,15.5,-106,2025-11-29,2025-11-28T08:54:01Z
FanDuel,player_points_rebounds,Duncan Robinson,Over,12.5,-106,2025-11-29,2025-11-28T08:54:01Z
FanDuel,player_points_rebounds,Duncan Robinson,Under,12.5,-125,2025-11-29,2025-11-28T08:54:01Z
FanDuel,player_points_rebounds,Tobias Harris,Over,16.5,-104,2025-11-29,2025-11-28T08:54:01Z
FanDuel,player_points_rebounds,Tobias Harris,Under,16.5,-125,2025-11-29,2025-11-28T08:54:01Z
FanDuel,player_points_rebounds,Franz Wagner,Over,29.5,-104,2025-11-29,2025-11-28T08:54:01Z
FanDuel,player_points_rebounds,Franz Wagner,Under,29.5,-128,2025-11-29,2025-11-28T08:54:01Z
FanDuel,player_points_rebounds,C.J. McCollum,Over,21.5,-118,2025-11-29,2025-11-28T08:54:11Z
FanDuel,player_points_rebounds,C.J. McCollum,Under,21.5,-112,2025-11-29,2025-11-28T08:54:11Z
FanDuel,player_points_rebounds,Andrew Nembhard,Over,20.5,-104,2025-11-29,2025-11-28T08:54:11Z
FanDuel,player_points_rebounds,Andrew Nembhard,Under,20.5,-128,2025-11-29,2025-11-28T08:54:11Z
FanDuel,player_points_rebounds,Ben Sheppard,Over,10.5,-132,2025-11-29,2025-11-28T08:54:11Z
FanDuel,player_points_rebounds,Ben Sheppard,Under,10.5,100,2025-11-29,2025-11-28T08:54:11Z
FanDuel,player_points_rebounds,Bennedict Mathurin,Over,28.5,-125,2025-11-29,2025-11-28T08:54:11Z
FanDuel,player_points_rebounds,Bennedict Mathurin,Under,28.5,-106,2025-11-29,2025-11-28T08:54:11Z
FanDuel,player_points_rebounds,Jarace Walker,Over,15.5,-114,2025-11-29,2025-11-28T08:54:11Z
FanDuel,player_points_rebounds,Jarace Walker,Under,15.5,-114,2025-11-29,2025-11-28T08:54:11Z
FanDuel,player_points_rebounds,Bilal Coulibaly,Over,14.5,-114,2025-11-29,2025-11-28T08:54:11Z
FanDuel,player_points_rebounds,Bilal Coulibaly,Under,14.5,-114,2025-11-29,2025-11-28T08:54:11Z
FanDuel,player_points_rebounds,Khris Middleton,Over,13.5,-114,2025-11-29,2025-11-28T08:54:11Z
FanDuel,player_points_rebounds,Khris Middleton,Under,13.5,-114,2025-11-29,2025-11-28T08:54:11Z
FanDuel,player_points_rebounds,Kyshawn George,Over,22.5,-114,2025-11-29,2025-11-28T08:54:11Z
FanDuel,player_points_rebounds,Kyshawn George,Under,22.5,-114,2025-11-29,2025-11-28T08:54:11Z
FanDuel,player_points_rebounds,Alex Sarr,Over,28.5,-114,2025-11-29,2025-11-28T08:54:11Z
FanDuel,player_points_rebounds,Alex Sarr,Under,28.5,-114,2025-11-29,2025-11-28T08:54:11Z
FanDuel,player_points_rebounds,Jay Huff,Over,14.5,-122,2025-11-29,2025-11-28T08:54:11Z
FanDuel,player_points_rebounds,Jay Huff,Under,14.5,-108,2025-11-29,2025-11-28T08:54:11Z
FanDuel,player_points_rebounds,Isaiah Jackson,Over,13.5,-120,2025-11-29,2025-11-28T08:54:11Z
FanDuel,player_points_rebounds,Isaiah Jackson,Under,13.5,-110,2025-11-29,2025-11-28T08:54:11Z
FanDuel,player_points_rebounds,Pascal Siakam,Over,32.5,-112,2025-11-29,2025-11-28T08:54:11Z
FanDuel,player_points_rebounds,Pascal Siakam,Under,32.5,-118,2025-11-29,2025-11-28T08:54:11Z
FanDuel,player_points_rebounds,Miles McBride,Over,13.5,-114,2025-11-29,2025-11-28T08:53:57Z
FanDuel,player_points_rebounds,Miles McBride,Under,13.5,-114,2025-11-29,2025-11-28T08:53:57Z
FanDuel,player_points_rebounds,Josh Hart,Over,20.5,-122,2025-11-29,2025-11-28T08:53:57Z
FanDuel,player_points_rebounds,Josh Hart,Under,20.5,-108,2025-11-29,2025-11-28T08:53:57Z
FanDuel,player_points_rebounds,Myles Turner,Over,20.5,-112,2025-11-29,2025-11-28T08:53:57Z
FanDuel,player_points_rebounds,Myles Turner,Under,20.5,-118,2025-11-29,2025-11-28T08:53:57Z
FanDuel,player_points_rebounds,A.J. Green,Over,12.5,-104,2025-11-29,2025-11-28T08:53:57Z
FanDuel,player_points_rebounds,A.J. Green,Under,12.5,-128,2025-11-29,2025-11-28T08:53:57Z
FanDuel,player_points_rebounds,Mikal Bridges,Over,20.5,-110,2025-11-29,2025-11-28T08:53:57Z
FanDuel,player_points_rebounds,Mikal Bridges,Under,20.5,-120,2025-11-29,2025-11-28T08:53:57Z
FanDuel,player_points_rebounds,Kyle Kuzma,Over,17.5,-122,2025-11-29,2025-11-28T08:53:57Z
FanDuel,player_points_rebounds,Kyle Kuzma,Under,17.5,-106,2025-11-29,2025-11-28T08:53:57Z
FanDuel,player_points_rebounds,Jalen Brunson,Over,33.5,-114,2025-11-29,2025-11-28T08:53:57Z
FanDuel,player_points_rebounds,Jalen Brunson,Under,33.5,-114,2025-11-29,2025-11-28T08:53:57Z
FanDuel,player_points_rebounds,Mitchell Robinson,Over,10.5,102,2025-11-29,2025-11-28T08:53:57Z
FanDuel,player_points_rebounds,Mitchell Robinson,Under,10.5,-136,2025-11-29,2025-11-28T08:53:57Z
FanDuel,player_points_rebounds,Giannis Antetokounmpo,Over,39.5,-112,2025-11-29,2025-11-28T08:53:57Z
FanDuel,player_points_rebounds,Giannis Antetokounmpo,Under,39.5,-118,2025-11-29,2025-11-28T08:53:57Z
FanDuel,player_points_rebounds,Karl-Anthony Towns,Over,35.5,-122,2025-11-29,2025-11-28T08:53:57Z
FanDuel,player_points_rebounds,Karl-Anthony Towns,Under,35.5,-108,2025-11-29,2025-11-28T08:53:57Z
FanDuel,player_points_rebounds,Ryan Rollins,Over,22.5,-114,2025-11-29,2025-11-28T08:53:57Z
FanDuel,player_points_rebounds,Ryan Rollins,Under,22.5,-114,2025-11-29,2025-11-28T08:53:57Z
FanDuel,player_points_rebounds,Julian Champagnie,Over,16.5,-125,2025-11-29,2025-11-28T08:54:17Z
FanDuel,player_points_rebounds,Julian Champagnie,Under,16.5,-106,2025-11-29,2025-11-28T08:54:17Z
FanDuel,player_points_rebounds,Peyton Watson,Over,20.5,-104,2025-11-29,2025-11-28T08:54:17Z
FanDuel,player_points_rebounds,Peyton Watson,Under,20.5,-128,2025-11-29,2025-11-28T08:54:17Z
FanDuel,player_points_rebounds,Harrison Barnes,Over,16.5,-130,2025-11-29,2025-11-28T08:54:17Z
FanDuel,player_points_rebounds,Harrison Barnes,Under,16.5,-102,2025-11-29,2025-11-28T08:54:17Z
FanDuel,player_points_rebounds,Cameron Johnson,Over,18.5,-122,2025-11-29,2025-11-28T08:54:17Z
FanDuel,player_points_rebounds,Cameron Johnson,Under,18.5,-108,2025-11-29,2025-11-28T08:54:17Z
FanDuel,player_points_rebounds,De'Aaron Fox,Over,29.5,-108,2025-11-29,2025-11-28T08:54:17Z
FanDuel,player_points_rebounds,De'Aaron Fox,Under,29.5,-122,2025-11-29,2025-11-28T08:54:17Z
FanDuel,player_points_rebounds,Nikola Jokic,Over,43.5,-108,2025-11-29,2025-11-28T08:54:17Z
FanDuel,player_points_rebounds,Nikola Jokic,Under,43.5,-122,2025-11-29,2025-11-28T08:54:17Z
FanDuel,player_points_rebounds,Jamal Murray,Over,29.5,-102,2025-11-29,2025-11-28T08:54:17Z
FanDuel,player_points_rebounds,Jamal Murray,Under,29.5,-130,2025-11-29,2025-11-28T08:54:17Z
FanDuel,player_points_rebounds,Bruce Brown,Over,12.5,-102,2025-11-29,2025-11-28T08:54:17Z
FanDuel,player_points_rebounds,Bruce Brown,Under,12.5,-130,2025-11-29,2025-11-28T08:54:17Z
FanDuel,player_points_rebounds,Keldon Johnson,Over,20.5,-102,2025-11-29,2025-11-28T08:54:17Z
FanDuel,player_points_rebounds,Keldon Johnson,Under,20.5,-130,2025-11-29,2025-11-28T08:54:17Z
FanDuel,player_points_rebounds,Dylan Harper,Over,13.5,-122,2025-11-29,2025-11-28T08:54:17Z
FanDuel,player_points_rebounds,Dylan Harper,Under,13.5,-108,2025-11-29,2025-11-28T08:54:17Z
FanDuel,player_points_rebounds,Devin Vassell,Over,19.5,-112,2025-11-29,2025-11-28T08:54:17Z
FanDuel,player_points_rebounds,Devin Vassell,Under,19.5,-118,2025-11-29,2025-11-28T08:54:17Z
FanDuel,player_points_rebounds,Luke Kornet,Over,14.5,-102,2025-11-29,2025-11-28T08:54:17Z
FanDuel,player_points_rebounds,Luke Kornet,Under,14.5,-130,2025-11-29,2025-11-28T08:54:17Z
FanDuel,player_points_rebounds,Chet Holmgren,Over,24.5,-128,2025-11-29,2025-11-28T08:54:23Z
FanDuel,player_points_rebounds,Chet Holmgren,Under,24.5,-104,2025-11-29,2025-11-28T08:54:23Z
FanDuel,player_points_rebounds,Royce O'Neale,Over,15.5,-106,2025-11-29,2025-11-28T08:54:23Z
FanDuel,player_points_rebounds,Royce O'Neale,Under,15.5,-122,2025-11-29,2025-11-28T08:54:23Z
FanDuel,player_points_rebounds,Mark Williams,Over,20.5,-108,2025-11-29,2025-11-28T08:54:23Z
FanDuel,player_points_rebounds,Mark Williams,Under,20.5,-122,2025-11-29,2025-11-28T08:54:23Z
FanDuel,player_points_rebounds,Shai Gilgeous-Alexander,Over,34.5,-122,2025-11-29,2025-11-28T08:54:23Z
FanDuel,player_points_rebounds,Shai Gilgeous-Alexander,Under,34.5,-108,2025-11-29,2025-11-28T08:54:23Z
FanDuel,player_points_rebounds,Isaiah Hartenstein,Over,19.5,-102,2025-11-29,2025-11-28T08:54:23Z
FanDuel,player_points_rebounds,Isaiah Hartenstein,Under,19.5,-130,2025-11-29,2025-11-28T08:54:23Z
FanDuel,player_points_rebounds,Cason Wallace,Over,9.5,-130,2025-11-29,2025-11-28T08:54:23Z
FanDuel,player_points_rebounds,Cason Wallace,Under,9.5,-102,2025-11-29,2025-11-28T08:54:23Z
FanDuel,player_points_rebounds,Alex Caruso,Over,7.5,-125,2025-11-29,2025-11-28T08:54:23Z
FanDuel,player_points_rebounds,Alex Caruso,Under,7.5,-106,2025-11-29,2025-11-28T08:54:23Z
FanDuel,player_points_rebounds,Ajay Mitchell,Over,14.5,-110,2025-11-29,2025-11-28T08:54:23Z
FanDuel,player_points_rebounds,Ajay Mitchell,Under,14.5,-120,2025-11-29,2025-11-28T08:54:23Z
FanDuel,player_points_rebounds,Devin Booker,Over,28.5,-112,2025-11-29,2025-11-28T08:54:23Z
FanDuel,player_points_rebounds,Devin Booker,Under,28.5,-118,2025-11-29,2025-11-28T08:54:23Z
FanDuel,player_points_rebounds,Dillon Brooks,Over,21.5,-104,2025-11-29,2025-11-28T08:54:23Z
FanDuel,player_points_rebounds,Dillon Brooks,Under,21.5,-128,2025-11-29,2025-11-28T08:54:23Z
FanDuel,player_points_rebounds,Luguentz Dort,Over,10.5,-110,2025-11-29,2025-11-28T08:54:23Z
FanDuel,player_points_rebounds,Luguentz Dort,Under,10.5,-120,2025-11-29,2025-11-28T08:54:23Z
FanDuel,player_points_rebounds,Zach LaVine,Over,23.5,-102,2025-11-29,2025-11-28T08:54:12Z
FanDuel,player_points_rebounds,Zach LaVine,Under,23.5,-130,2025-11-29,2025-11-28T08:54:12Z
FanDuel,player_points_rebounds,Keegan Murray,Over,23.5,-130,2025-11-29,2025-11-28T08:54:12Z
FanDuel,player_points_rebounds,Keegan Murray,Under,23.5,-102,2025-11-29,2025-11-28T08:54:12Z
FanDuel,player_points_rebounds,Lauri Markkanen,Over,32.5,-118,2025-11-29,2025-11-28T08:54:12Z
FanDuel,player_points_rebounds,Lauri Markkanen,Under,32.5,-112,2025-11-29,2025-11-28T08:54:12Z
FanDuel,player_points_rebounds,Svi Mykhailiuk,Over,10.5,-112,2025-11-29,2025-11-28T08:54:12Z
FanDuel,player_points_rebounds,Svi Mykhailiuk,Under,10.5,-118,2025-11-29,2025-11-28T08:54:12Z
FanDuel,player_points_rebounds,Isaiah Collier,Over,11.5,-104,2025-11-29,2025-11-28T08:54:12Z
FanDuel,player_points_rebounds,Isaiah Collier,Under,11.5,-128,2025-11-29,2025-11-28T08:54:12Z
FanDuel,player_points_rebounds,Drew Eubanks,Over,11.5,-112,2025-11-29,2025-11-28T08:54:12Z
FanDuel,player_points_rebounds,Drew Eubanks,Under,11.5,-118,2025-11-29,2025-11-28T08:54:12Z
FanDuel,player_points_rebounds,DeMar DeRozan,Over,21.5,-112,2025-11-29,2025-11-28T08:54:12Z
FanDuel,player_points_rebounds,DeMar DeRozan,Under,21.5,-118,2025-11-29,2025-11-28T08:54:12Z
FanDuel,player_points_rebounds,Ace Bailey,Over,17.5,-104,2025-11-29,2025-11-28T08:54:12Z
FanDuel,player_points_rebounds,Ace Bailey,Under,17.5,-128,2025-11-29,2025-11-28T08:54:12Z
FanDuel,player_points_rebounds,Russell Westbrook,Over,22.5,-112,2025-11-29,2025-11-28T08:54:12Z
FanDuel,player_points_rebounds,Russell Westbrook,Under,22.5,-118,2025-11-29,2025-11-28T08:54:12Z
FanDuel,player_points_rebounds,Keyonte George,Over,25.5,-118,2025-11-29,2025-11-28T08:54:12Z
FanDuel,player_points_rebounds,Keyonte George,Under,25.5,-112,2025-11-29,2025-11-28T08:54:12Z
FanDuel,player_points_rebounds,Kyle Filipowski,Over,15.5,-108,2025-11-29,2025-11-28T08:54:12Z
FanDuel,player_points_rebounds,Kyle Filipowski,Under,15.5,-122,2025-11-29,2025-11-28T08:54:12Z
FanDuel,player_points_rebounds,Jusuf Nurkic,Over,20.5,-106,2025-11-29,2025-11-28T08:54:12Z
FanDuel,player_points_rebounds,Jusuf Nurkic,Under,20.5,-125,2025-11-29,2025-11-28T08:54:12Z
FanDuel,player_points_rebounds,Luka Doncic,Over,41.5,-122,2025-11-29,2025-11-28T08:55:05Z
FanDuel,player_points_rebounds,Luka Doncic,Under,41.5,-110,2025-11-29,2025-11-28T08:55:05Z
FanDuel,player_points_rebounds,Anthony Davis,Over,29.5,-110,2025-11-29,2025-11-28T08:55:05Z
FanDuel,player_points_rebounds,Anthony Davis,Under,29.5,-120,2025-11-29,2025-11-28T08:55:05Z
FanDuel,player_points_rebounds,Naji Marshall,Over,13.5,-120,2025-11-29,2025-11-28T08:55:05Z
FanDuel,player_points_rebounds,Naji Marshall,Under,13.5,-110,2025-11-29,2025-11-28T08:55:05Z
FanDuel,player_points_rebounds,P.J. Washington,Over,21.5,-118,2025-11-29,2025-11-28T08:55:05Z
FanDuel,player_points_rebounds,P.J. Washington,Under,21.5,-112,2025-11-29,2025-11-28T08:55:05Z
FanDuel,player_points_rebounds,Jake LaRavia,Over,7.5,-136,2025-11-29,2025-11-28T08:55:05Z
FanDuel,player_points_rebounds,Jake LaRavia,Under,7.5,102,2025-11-29,2025-11-28T08:55:05Z
FanDuel,player_points_rebounds,Brandon Williams,Over,13.5,-120,2025-11-29,2025-11-28T08:55:05Z
FanDuel,player_points_rebounds,Brandon Williams,Under,13.5,-110,2025-11-29,2025-11-28T08:55:05Z
FanDuel,player_points_rebounds,Rui Hachimura,Over,14.5,-106,2025-11-29,2025-11-28T08:55:05Z
FanDuel,player_points_rebounds,Rui Hachimura,Under,14.5,-125,2025-11-29,2025-11-28T08:55:05Z
FanDuel,player_points_rebounds,Austin Reaves,Over,26.5,-110,2025-11-29,2025-11-28T08:55:05Z
FanDuel,player_points_rebounds,Austin Reaves,Under,26.5,-120,2025-11-29,2025-11-28T08:55:05Z
FanDuel,player_points_rebounds,LeBron James,Over,26.5,-122,2025-11-29,2025-11-28T08:55:05Z
FanDuel,player_points_rebounds,LeBron James,Under,26.5,-108,2025-11-29,2025-11-28T08:55:05Z
FanDuel,player_points_rebounds,Max Christie,Over,13.5,-122,2025-11-29,2025-11-28T08:55:05Z
FanDuel,player_points_rebounds,Max Christie,Under,13.5,-108,2025-11-29,2025-11-28T08:55:05Z
FanDuel,player_points_rebounds,Cooper Flagg,Over,21.5,-114,2025-11-29,2025-11-28T08:55:05Z
FanDuel,player_points_rebounds,Cooper Flagg,Under,21.5,-114,2025-11-29,2025-11-28T08:55:05Z
FanDuel,player_points_rebounds,Daniel Gafford,Over,16.5,-112,2025-11-29,2025-11-28T08:55:05Z
FanDuel,player_points_rebounds,Daniel Gafford,Under,16.5,-118,2025-11-29,2025-11-28T08:55:05Z
FanDuel,player_points_rebounds,Jock Landale,Over,12.5,-112,2025-11-29,2025-11-28T08:54:31Z
FanDuel,player_points_rebounds,Jock Landale,Under,12.5,-118,2025-11-29,2025-11-28T08:54:31Z
FanDuel,player_points_rebounds,Vincent Williams Jr,Over,14.5,-102,2025-11-29,2025-11-28T08:54:31Z
FanDuel,player_points_rebounds,Vincent Williams Jr,Under,14.5,-130,2025-11-29,2025-11-28T08:54:31Z
FanDuel,player_points_rebounds,John Collins,Over,18.5,-106,2025-11-29,2025-11-28T08:54:31Z
FanDuel,player_points_rebounds,John Collins,Under,18.5,-125,2025-11-29,2025-11-28T08:54:31Z
FanDuel,player_points_rebounds,Cedric Coward,Over,17.5,-130,2025-11-29,2025-11-28T08:54:31Z
FanDuel,player_points_rebounds,Cedric Coward,Under,17.5,-102,2025-11-29,2025-11-28T08:54:31Z
FanDuel,player_points_rebounds,James Harden,Over,31.5,-118,2025-11-29,2025-11-28T08:54:31Z
FanDuel,player_points_rebounds,James Harden,Under,31.5,-112,2025-11-29,2025-11-28T08:54:31Z
FanDuel,player_points_rebounds,Santi Aldama,Over,17.5,-128,2025-11-29,2025-11-28T08:54:31Z
FanDuel,player_points_rebounds,Santi Aldama,Under,17.5,-104,2025-11-29,2025-11-28T08:54:31Z
FanDuel,player_points_rebounds,Jaylen Wells,Over,15.5,-118,2025-11-29,2025-11-28T08:54:31Z
FanDuel,player_points_rebounds,Jaylen Wells,Under,15.5,-112,2025-11-29,2025-11-28T08:54:31Z
FanDuel,player_points_rebounds,Ivica Zubac,Over,29.5,-108,2025-11-29,2025-11-28T08:54:31Z
FanDuel,player_points_rebounds,Ivica Zubac,Under,29.5,-122,2025-11-29,2025-11-28T08:54:31Z
FanDuel,player_points_rebounds,Jaren Jackson Jr,Over,26.5,-114,2025-11-29,2025-11-28T08:54:31Z
FanDuel,player_points_rebounds,Jaren Jackson Jr,Under,26.5,-114,2025-11-29,2025-11-28T08:54:31Z
FanDuel,player_points_rebounds,Kris Dunn,Over,11.5,100,2025-11-29,2025-11-28T08:54:31Z
FanDuel,player_points_rebounds,Kris Dunn,Under,11.5,-132,2025-11-29,2025-11-28T08:54:31Z
FanDuel,player_points_rebounds,Kawhi Leonard,Over,26.5,-106,2025-11-29,2025-11-28T08:54:31Z
FanDuel,player_points_rebounds,Kawhi Leonard,Under,26.5,-125,2025-11-29,2025-11-28T08:54:31Z
FanDuel,player_points_rebounds,Zach Edey,Over,22.5,-122,2025-11-29,2025-11-28T08:54:31Z
FanDuel,player_points_rebounds,Zach Edey,Under,22.5,-108,2025-11-29,2025-11-28T08:54:31Z
DraftKings,player_points_rebounds,Donovan Mitchell,Over,34.5,-113,2025-11-29,2025-11-28T08:54:28Z
DraftKings,player_points_rebounds,Donovan Mitchell,Under,34.5,-116,2025-11-29,2025-11-28T08:54:28Z
DraftKings,player_points_rebounds,Jalen Johnson,Over,30.5,-117,2025-11-29,2025-11-28T08:54:28Z
DraftKings,player_points_rebounds,Jalen Johnson,Under,30.5,-112,2025-11-29,2025-11-28T08:54:28Z
DraftKings,player_points_rebounds,Evan Mobley,Over,28.5,-106,2025-11-29,2025-11-28T08:54:28Z
DraftKings,player_points_rebounds,Evan Mobley,Under,28.5,-124,2025-11-29,2025-11-28T08:54:28Z
DraftKings,player_points_rebounds,Kristaps Porzingis,Over,24.5,-124,2025-11-29,2025-11-28T08:54:28Z
DraftKings,player_points_rebounds,Kristaps Porzingis,Under,24.5,-106,2025-11-29,2025-11-28T08:54:28Z
DraftKings,player_points_rebounds,Jarrett Allen,Over,21.5,-127,2025-11-29,2025-11-28T08:54:28Z
DraftKings,player_points_rebounds,Jarrett Allen,Under,21.5,-104,2025-11-29,2025-11-28T08:54:28Z
DraftKings,player_points_rebounds,De'Andre Hunter,Over,21.5,-105,2025-11-29,2025-11-28T08:54:28Z
DraftKings,player_points_rebounds,De'Andre Hunter,Under,21.5,-126,2025-11-29,2025-11-28T08:54:28Z
DraftKings,player_points_rebounds,Nickeil Alexander-Walker,Over,20.5,-125,2025-11-29,2025-11-28T08:54:28Z
DraftKings,player_points_rebounds,Nickeil Alexander-Walker,Under,20.5,-105,2025-11-29,2025-11-28T08:54:28Z
DraftKings,player_points_rebounds,Onyeka Okongwu,Over,19.5,-113,2025-11-29,2025-11-28T08:54:28Z
DraftKings,player_points_rebounds,Onyeka Okongwu,Under,19.5,-116,2025-11-29,2025-11-28T08:54:28Z
DraftKings,player_points_rebounds,Darius Garland,Over,17.5,-124,2025-11-29,2025-11-28T08:54:28Z
DraftKings,player_points_rebounds,Darius Garland,Under,17.5,-106,2025-11-29,2025-11-28T08:54:28Z
DraftKings,player_points_rebounds,Dyson Daniels,Over,16.5,-123,2025-11-29,2025-11-28T08:54:28Z
DraftKings,player_points_rebounds,Dyson Daniels,Under,16.5,-107,2025-11-29,2025-11-28T08:54:28Z
DraftKings,player_points_rebounds,Zaccharie Risacher,Over,14.5,-107,2025-11-29,2025-11-28T08:54:28Z
DraftKings,player_points_rebounds,Zaccharie Risacher,Under,14.5,-123,2025-11-29,2025-11-28T08:54:28Z
DraftKings,player_points_rebounds,Jaylon Tyson,Over,11.5,-115,2025-11-29,2025-11-28T08:54:28Z
DraftKings,player_points_rebounds,Jaylon Tyson,Under,11.5,-115,2025-11-29,2025-11-28T08:54:28Z
DraftKings,player_points_rebounds,Tyrese Maxey,Over,36.5,-106,2025-11-29,2025-11-28T08:53:53Z
DraftKings,player_points_rebounds,Tyrese Maxey,Under,36.5,-124,2025-11-29,2025-11-28T08:53:53Z
DraftKings,player_points_rebounds,Andre Drummond,Over,23.5,-124,2025-11-29,2025-11-28T08:53:53Z
DraftKings,player_points_rebounds,Andre Drummond,Under,23.5,-106,2025-11-29,2025-11-28T08:53:53Z
DraftKings,player_points_rebounds,Nicolas Claxton,Over,23.5,-121,2025-11-29,2025-11-28T08:53:53Z
DraftKings,player_points_rebounds,Nicolas Claxton,Under,23.5,-108,2025-11-29,2025-11-28T08:53:53Z
DraftKings,player_points_rebounds,Noah Clowney,Over,22.5,-117,2025-11-29,2025-11-28T08:53:53Z
DraftKings,player_points_rebounds,Noah Clowney,Under,22.5,-112,2025-11-29,2025-11-28T08:53:53Z
DraftKings,player_points_rebounds,Quentin Grimes,Over,21.5,-123,2025-11-29,2025-11-28T08:53:53Z
DraftKings,player_points_rebounds,Quentin Grimes,Under,21.5,-107,2025-11-29,2025-11-28T08:53:53Z
DraftKings,player_points_rebounds,Paul George,Over,19.5,-124,2025-11-29,2025-11-28T08:53:53Z
DraftKings,player_points_rebounds,Paul George,Under,19.5,-106,2025-11-29,2025-11-28T08:53:53Z
DraftKings,player_points_rebounds,Tyrese Martin,Over,16.5,-106,2025-11-29,2025-11-28T08:53:53Z
DraftKings,player_points_rebounds,Tyrese Martin,Under,16.5,-125,2025-11-29,2025-11-28T08:53:53Z
DraftKings,player_points_rebounds,Justin Edwards,Over,14.5,-119,2025-11-29,2025-11-28T08:53:53Z
DraftKings,player_points_rebounds,Justin Edwards,Under,14.5,-111,2025-11-29,2025-11-28T08:53:53Z
DraftKings,player_points_rebounds,Day'Ron Sharpe,Over,14.5,-114,2025-11-29,2025-11-28T08:53:53Z
DraftKings,player_points_rebounds,Day'Ron Sharpe,Under,14.5,-115,2025-11-29,2025-11-28T08:53:53Z
DraftKings,player_points_rebounds,Egor Demin,Over,13.5,-120,2025-11-29,2025-11-28T08:53:53Z
DraftKings,player_points_rebounds,Egor Demin,Under,13.5,-109,2025-11-29,2025-11-28T08:53:53Z
DraftKings,player_points_rebounds,Terance Mann,Over,13.5,-111,2025-11-29,2025-11-28T08:53:53Z
DraftKings,player_points_rebounds,Terance Mann,Under,13.5,-119,2025-11-29,2025-11-28T08:53:53Z
DraftKings,player_points_rebounds,Drake Powell,Over,12.5,-106,2025-11-29,2025-11-28T08:53:53Z
DraftKings,player_points_rebounds,Drake Powell,Under,12.5,-125,2025-11-29,2025-11-28T08:53:53Z
DraftKings,player_points_rebounds,Josh Giddey,Over,29.5,-123,2025-11-29,2025-11-28T08:53:29Z
DraftKings,player_points_rebounds,Josh Giddey,Under,29.5,-107,2025-11-29,2025-11-28T08:53:29Z
DraftKings,player_points_rebounds,Nikola Vucevic,Over,28.5,-117,2025-11-29,2025-11-28T08:53:29Z
DraftKings,player_points_rebounds,Nikola Vucevic,Under,28.5,-112,2025-11-29,2025-11-28T08:53:29Z
DraftKings,player_points_rebounds,Coby White,Over,26.5,-117,2025-11-29,2025-11-28T08:53:29Z
DraftKings,player_points_rebounds,Coby White,Under,26.5,-113,2025-11-29,2025-11-28T08:53:29Z
DraftKings,player_points_rebounds,Miles Bridges,Over,25.5,-124,2025-11-29,2025-11-28T08:53:29Z
DraftKings,player_points_rebounds,Miles Bridges,Under,25.5,-106,2025-11-29,2025-11-28T08:53:29Z
DraftKings,player_points_rebounds,LaMelo Ball,Over,23.5,-120,2025-11-29,2025-11-28T08:53:29Z
DraftKings,player_points_rebounds,LaMelo Ball,Under,23.5,-110,2025-11-29,2025-11-28T08:53:29Z
DraftKings,player_points_rebounds,Brandon Miller,Over,23.5,-111,2025-11-29,2025-11-28T08:53:29Z
DraftKings,player_points_rebounds,Brandon Miller,Under,23.5,-118,2025-11-29,2025-11-28T08:53:29Z
DraftKings,player_points_rebounds,Kon Knueppel,Over,22.5,-121,2025-11-29,2025-11-28T08:53:29Z
DraftKings,player_points_rebounds,Kon Knueppel,Under,22.5,-109,2025-11-29,2025-11-28T08:53:29Z
DraftKings,player_points_rebounds,Ayo Dosunmu,Over,18.5,-113,2025-11-29,2025-11-28T08:53:29Z
DraftKings,player_points_rebounds,Ayo Dosunmu,Under,18.5,-116,2025-11-29,2025-11-28T08:53:29Z
DraftKings,player_points_rebounds,Matas Buzelis,Over,18.5,-108,2025-11-29,2025-11-28T08:53:29Z
DraftKings,player_points_rebounds,Matas Buzelis,Under,18.5,-122,2025-11-29,2025-11-28T08:53:29Z
DraftKings,player_points_rebounds,Collin Sexton,Over,15.5,-120,2025-11-29,2025-11-28T08:53:29Z
DraftKings,player_points_rebounds,Collin Sexton,Under,15.5,-110,2025-11-29,2025-11-28T08:53:29Z
DraftKings,player_points_rebounds,Ryan Kalkbrenner,Over,15.5,-102,2025-11-29,2025-11-28T08:53:29Z
DraftKings,player_points_rebounds,Ryan Kalkbrenner,Under,15.5,-130,2025-11-29,2025-11-28T08:53:29Z
DraftKings,player_points_rebounds,Moussa Diabate,Over,14.5,-124,2025-11-29,2025-11-28T08:53:29Z
DraftKings,player_points_rebounds,Moussa Diabate,Under,14.5,-106,2025-11-29,2025-11-28T08:53:29Z
DraftKings,player_points_rebounds,Kevin Huerter,Over,13.5,-128,2025-11-29,2025-11-28T08:53:29Z
DraftKings,player_points_rebounds,Kevin Huerter,Under,13.5,-103,2025-11-29,2025-11-28T08:53:29Z
DraftKings,player_points_rebounds,Cade Cunningham,Over,34.5,-113,2025-11-29,2025-11-28T08:54:28Z
DraftKings,player_points_rebounds,Cade Cunningham,Under,34.5,-116,2025-11-29,2025-11-28T08:54:28Z
DraftKings,player_points_rebounds,Jalen Duren,Over,30.5,-115,2025-11-29,2025-11-28T08:54:28Z
DraftKings,player_points_rebounds,Jalen Duren,Under,30.5,-114,2025-11-29,2025-11-28T08:54:28Z
DraftKings,player_points_rebounds,Franz Wagner,Over,29.5,-117,2025-11-29,2025-11-28T08:54:28Z
DraftKings,player_points_rebounds,Franz Wagner,Under,29.5,-112,2025-11-29,2025-11-28T08:54:28Z
DraftKings,player_points_rebounds,Desmond Bane,Over,23.5,-123,2025-11-29,2025-11-28T08:54:28Z
DraftKings,player_points_rebounds,Desmond Bane,Under,23.5,-107,2025-11-29,2025-11-28T08:54:28Z
DraftKings,player_points_rebounds,Wendell Carter Jr,Over,20.5,-107,2025-11-29,2025-11-28T08:54:28Z
DraftKings,player_points_rebounds,Wendell Carter Jr,Under,20.5,-124,2025-11-29,2025-11-28T08:54:28Z
DraftKings,player_points_rebounds,Jalen Suggs,Over,19.5,-106,2025-11-29,2025-11-28T08:54:28Z
DraftKings,player_points_rebounds,Jalen Suggs,Under,19.5,-124,2025-11-29,2025-11-28T08:54:28Z
DraftKings,player_points_rebounds,Ausar Thompson,Over,16.5,-106,2025-11-29,2025-11-28T08:54:28Z
DraftKings,player_points_rebounds,Ausar Thompson,Under,16.5,-124,2025-11-29,2025-11-28T08:54:28Z
DraftKings,player_points_rebounds,Anthony Black,Over,16.5,-105,2025-11-29,2025-11-28T08:54:28Z
DraftKings,player_points_rebounds,Anthony Black,Under,16.5,-126,2025-11-29,2025-11-28T08:54:28Z
DraftKings,player_points_rebounds,Tobias Harris,Over,15.5,-129,2025-11-29,2025-11-28T08:54:28Z
DraftKings,player_points_rebounds,Tobias Harris,Under,15.5,-102,2025-11-29,2025-11-28T08:54:28Z
DraftKings,player_points_rebounds,Tristan da Silva,Over,15.5,-110,2025-11-29,2025-11-28T08:54:28Z
DraftKings,player_points_rebounds,Tristan da Silva,Under,15.5,-119,2025-11-29,2025-11-28T08:54:28Z
DraftKings,player_points_rebounds,Isaiah Stewart II,Over,13.5,-106,2025-11-29,2025-11-28T08:54:28Z
DraftKings,player_points_rebounds,Isaiah Stewart II,Under,13.5,-124,2025-11-29,2025-11-28T08:54:28Z
DraftKings,player_points_rebounds,Duncan Robinson,Over,12.5,-109,2025-11-29,2025-11-28T08:54:28Z
DraftKings,player_points_rebounds,Duncan Robinson,Under,12.5,-121,2025-11-29,2025-11-28T08:54:28Z
DraftKings,player_points_rebounds,Jaden Ivey,Over,12.5,-107,2025-11-29,2025-11-28T08:54:28Z
DraftKings,player_points_rebounds,Jaden Ivey,Under,12.5,-123,2025-11-29,2025-11-28T08:54:28Z
DraftKings,player_points_rebounds,Caris LeVert,Over,10.5,-121,2025-11-29,2025-11-28T08:54:28Z
DraftKings,player_points_rebounds,Caris LeVert,Under,10.5,-109,2025-11-29,2025-11-28T08:54:28Z
DraftKings,player_points_rebounds,Pascal Siakam,Over,32.5,-112,2025-11-29,2025-11-28T08:54:35Z
DraftKings,player_points_rebounds,Pascal Siakam,Under,32.5,-117,2025-11-29,2025-11-28T08:54:35Z
DraftKings,player_points_rebounds,Bennedict Mathurin,Over,29.5,-106,2025-11-29,2025-11-28T08:54:35Z
DraftKings,player_points_rebounds,Bennedict Mathurin,Under,29.5,-124,2025-11-29,2025-11-28T08:54:35Z
DraftKings,player_points_rebounds,Alex Sarr,Over,28.5,-110,2025-11-29,2025-11-28T08:54:35Z
DraftKings,player_points_rebounds,Alex Sarr,Under,28.5,-119,2025-11-29,2025-11-28T08:54:35Z
DraftKings,player_points_rebounds,Kyshawn George,Over,22.5,-117,2025-11-29,2025-11-28T08:54:35Z
DraftKings,player_points_rebounds,Kyshawn George,Under,22.5,-113,2025-11-29,2025-11-28T08:54:35Z
DraftKings,player_points_rebounds,C.J. McCollum,Over,21.5,-121,2025-11-29,2025-11-28T08:54:35Z
DraftKings,player_points_rebounds,C.J. McCollum,Under,21.5,-109,2025-11-29,2025-11-28T08:54:35Z
DraftKings,player_points_rebounds,Andrew Nembhard,Over,20.5,-115,2025-11-29,2025-11-28T08:54:35Z
DraftKings,player_points_rebounds,Andrew Nembhard,Under,20.5,-115,2025-11-29,2025-11-28T08:54:35Z
DraftKings,player_points_rebounds,T.J. McConnell,Over,16.5,-105,2025-11-29,2025-11-28T08:54:35Z
DraftKings,player_points_rebounds,T.J. McConnell,Under,16.5,-125,2025-11-29,2025-11-28T08:54:35Z
DraftKings,player_points_rebounds,Jarace Walker,Over,15.5,-128,2025-11-29,2025-11-28T08:54:35Z
DraftKings,player_points_rebounds,Jarace Walker,Under,15.5,-103,2025-11-29,2025-11-28T08:54:35Z
DraftKings,player_points_rebounds,Jay Huff,Over,15.5,-103,2025-11-29,2025-11-28T08:54:35Z
DraftKings,player_points_rebounds,Jay Huff,Under,15.5,-127,2025-11-29,2025-11-28T08:54:35Z
DraftKings,player_points_rebounds,Bilal Coulibaly,Over,14.5,-112,2025-11-29,2025-11-28T08:54:35Z
DraftKings,player_points_rebounds,Bilal Coulibaly,Under,14.5,-117,2025-11-29,2025-11-28T08:54:35Z
DraftKings,player_points_rebounds,Isaiah Jackson,Over,14.5,-109,2025-11-29,2025-11-28T08:54:35Z
DraftKings,player_points_rebounds,Isaiah Jackson,Under,14.5,-121,2025-11-29,2025-11-28T08:54:35Z
DraftKings,player_points_rebounds,Khris Middleton,Over,13.5,-111,2025-11-29,2025-11-28T08:54:35Z
DraftKings,player_points_rebounds,Khris Middleton,Under,13.5,-118,2025-11-29,2025-11-28T08:54:35Z
DraftKings,player_points_rebounds,Ben Sheppard,Over,10.5,-127,2025-11-29,2025-11-28T08:54:35Z
DraftKings,player_points_rebounds,Ben Sheppard,Under,10.5,-104,2025-11-29,2025-11-28T08:54:35Z
DraftKings,player_points_rebounds,Carlton Carrington,Over,10.5,-109,2025-11-29,2025-11-28T08:54:35Z
DraftKings,player_points_rebounds,Carlton Carrington,Under,10.5,-121,2025-11-29,2025-11-28T08:54:35Z
DraftKings,player_points_rebounds,Giannis Antetokounmpo,Over,39.5,-121,2025-11-29,2025-11-28T08:54:01Z
DraftKings,player_points_rebounds,Giannis Antetokounmpo,Under,39.5,-109,2025-11-29,2025-11-28T08:54:01Z
DraftKings,player_points_rebounds,Karl-Anthony Towns,Over,35.5,-115,2025-11-29,2025-11-28T08:54:01Z
DraftKings,player_points_rebounds,Karl-Anthony Towns,Under,35.5,-114,2025-11-29,2025-11-28T08:54:01Z
DraftKings,player_points_rebounds,Jalen Brunson,Over,33.5,-111,2025-11-29,2025-11-28T08:54:01Z
DraftKings,player_points_rebounds,Jalen Brunson,Under,33.5,-119,2025-11-29,2025-11-28T08:54:01Z
DraftKings,player_points_rebounds,Ryan Rollins,Over,21.5,-126,2025-11-29,2025-11-28T08:54:01Z
DraftKings,player_points_rebounds,Ryan Rollins,Under,21.5,-104,2025-11-29,2025-11-28T08:54:01Z
DraftKings,player_points_rebounds,Josh Hart,Over,20.5,-122,2025-11-29,2025-11-28T08:54:01Z
DraftKings,player_points_rebounds,Josh Hart,Under,20.5,-108,2025-11-29,2025-11-28T08:54:01Z
DraftKings,player_points_rebounds,Myles Turner,Over,20.5,-110,2025-11-29,2025-11-28T08:54:01Z
DraftKings,player_points_rebounds,Myles Turner,Under,20.5,-120,2025-11-29,2025-11-28T08:54:01Z
DraftKings,player_points_rebounds,Mikal Bridges,Over,20.5,-103,2025-11-29,2025-11-28T08:54:01Z
DraftKings,player_points_rebounds,Mikal Bridges,Under,20.5,-128,2025-11-29,2025-11-28T08:54:01Z
DraftKings,player_points_rebounds,Kyle Kuzma,Over,17.5,-116,2025-11-29,2025-11-28T08:54:01Z
DraftKings,player_points_rebounds,Kyle Kuzma,Under,17.5,-113,2025-11-29,2025-11-28T08:54:01Z
DraftKings,player_points_rebounds,Miles McBride,Over,13.5,-112,2025-11-29,2025-11-28T08:54:01Z
DraftKings,player_points_rebounds,Miles McBride,Under,13.5,-117,2025-11-29,2025-11-28T08:54:01Z
DraftKings,player_points_rebounds,A.J. Green,Over,12.5,-101,2025-11-29,2025-11-28T08:54:01Z
DraftKings,player_points_rebounds,A.J. Green,Under,12.5,-130,2025-11-29,2025-11-28T08:54:01Z
DraftKings,player_points_rebounds,Mitchell Robinson,Over,10.5,-110,2025-11-29,2025-11-28T08:54:01Z
DraftKings,player_points_rebounds,Mitchell Robinson,Under,10.5,-119,2025-11-29,2025-11-28T08:54:01Z
DraftKings,player_points_rebounds,Nikola Jokic,Over,43.5,-110,2025-11-29,2025-11-28T08:54:28Z
DraftKings,player_points_rebounds,Nikola Jokic,Under,43.5,-120,2025-11-29,2025-11-28T08:54:28Z
DraftKings,player_points_rebounds,De'Aaron Fox,Over,28.5,-124,2025-11-29,2025-11-28T08:54:28Z
DraftKings,player_points_rebounds,De'Aaron Fox,Under,28.5,-106,2025-11-29,2025-11-28T08:54:28Z
DraftKings,player_points_rebounds,Jamal Murray,Over,28.5,-116,2025-11-29,2025-11-28T08:54:28Z
DraftKings,player_points_rebounds,Jamal Murray,Under,28.5,-113,2025-11-29,2025-11-28T08:54:28Z
DraftKings,player_points_rebounds,Peyton Watson,Over,20.5,-108,2025-11-29,2025-11-28T08:54:28Z
DraftKings,player_points_rebounds,Peyton Watson,Under,20.5,-122,2025-11-29,2025-11-28T08:54:28Z
DraftKings,player_points_rebounds,Keldon Johnson,Over,20.5,-105,2025-11-29,2025-11-28T08:54:28Z
DraftKings,player_points_rebounds,Keldon Johnson,Under,20.5,-125,2025-11-29,2025-11-28T08:54:28Z
DraftKings,player_points_rebounds,Devin Vassell,Over,19.5,-120,2025-11-29,2025-11-28T08:54:28Z
DraftKings,player_points_rebounds,Devin Vassell,Under,19.5,-109,2025-11-29,2025-11-28T08:54:28Z
DraftKings,player_points_rebounds,Cameron Johnson,Over,18.5,-109,2025-11-29,2025-11-28T08:54:28Z
DraftKings,player_points_rebounds,Cameron Johnson,Under,18.5,-121,2025-11-29,2025-11-28T08:54:28Z
DraftKings,player_points_rebounds,Harrison Barnes,Over,17.5,-103,2025-11-29,2025-11-28T08:54:28Z
DraftKings,player_points_rebounds,Harrison Barnes,Under,17.5,-128,2025-11-29,2025-11-28T08:54:28Z
DraftKings,player_points_rebounds,Julian Champagnie,Over,16.5,-122,2025-11-29,2025-11-28T08:54:28Z
DraftKings,player_points_rebounds,Julian Champagnie,Under,16.5,-108,2025-11-29,2025-11-28T08:54:28Z
DraftKings,player_points_rebounds,Luke Kornet,Over,14.5,101,2025-11-29,2025-11-28T08:54:28Z
DraftKings,player_points_rebounds,Luke Kornet,Under,14.5,-133,2025-11-29,2025-11-28T08:54:28Z
DraftKings,player_points_rebounds,Dylan Harper,Over,13.5,-123,2025-11-29,2025-11-28T08:54:28Z
DraftKings,player_points_rebounds,Dylan Harper,Under,13.5,-107,2025-11-29,2025-11-28T08:54:28Z
DraftKings,player_points_rebounds,Jonas Valanciunas,Over,12.5,-113,2025-11-29,2025-11-28T08:54:28Z
DraftKings,player_points_rebounds,Jonas Valanciunas,Under,12.5,-117,2025-11-29,2025-11-28T08:54:28Z
DraftKings,player_points_rebounds,Bruce Brown,Over,12.5,-106,2025-11-29,2025-11-28T08:54:28Z
DraftKings,player_points_rebounds,Bruce Brown,Under,12.5,-124,2025-11-29,2025-11-28T08:54:28Z
DraftKings,player_points_rebounds,Kelly Olynyk,Over,7.5,-116,2025-11-29,2025-11-28T08:54:28Z
DraftKings,player_points_rebounds,Kelly Olynyk,Under,7.5,-114,2025-11-29,2025-11-28T08:54:28Z
DraftKings,player_points_rebounds,Shai Gilgeous-Alexander,Over,35.5,-105,2025-11-29,2025-11-28T08:54:28Z
DraftKings,player_points_rebounds,Shai Gilgeous-Alexander,Under,35.5,-125,2025-11-29,2025-11-28T08:54:28Z
DraftKings,player_points_rebounds,Devin Booker,Over,28.5,-109,2025-11-29,2025-11-28T08:54:28Z
DraftKings,player_points_rebounds,Devin Booker,Under,28.5,-120,2025-11-29,2025-11-28T08:54:28Z
DraftKings,player_points_rebounds,Chet Holmgren,Over,24.5,-117,2025-11-29,2025-11-28T08:54:28Z
DraftKings,player_points_rebounds,Chet Holmgren,Under,24.5,-112,2025-11-29,2025-11-28T08:54:28Z
DraftKings,player_points_rebounds,Dillon Brooks,Over,20.5,-125,2025-11-29,2025-11-28T08:54:28Z
DraftKings,player_points_rebounds,Dillon Brooks,Under,20.5,-105,2025-11-29,2025-11-28T08:54:28Z
DraftKings,player_points_rebounds,Mark Williams,Over,20.5,-110,2025-11-29,2025-11-28T08:54:28Z
DraftKings,player_points_rebounds,Mark Williams,Under,20.5,-120,2025-11-29,2025-11-28T08:54:28Z
DraftKings,player_points_rebounds,Isaiah Hartenstein,Over,19.5,-106,2025-11-29,2025-11-28T08:54:28Z
DraftKings,player_points_rebounds,Isaiah Hartenstein,Under,19.5,-124,2025-11-29,2025-11-28T08:54:28Z
DraftKings,player_points_rebounds,Collin Gillespie,Over,16.5,-115,2025-11-29,2025-11-28T08:54:28Z
DraftKings,player_points_rebounds,Collin Gillespie,Under,16.5,-114,2025-11-29,2025-11-28T08:54:28Z
DraftKings,player_points_rebounds,Jalen Williams,Over,16.5,-109,2025-11-29,2025-11-28T08:54:28Z
DraftKings,player_points_rebounds,Jalen Williams,Under,16.5,-120,2025-11-29,2025-11-28T08:54:28Z
DraftKings,player_points_rebounds,Royce O'Neale,Over,15.5,-103,2025-11-29,2025-11-28T08:54:28Z
DraftKings,player_points_rebounds,Royce O'Neale,Under,15.5,-128,2025-11-29,2025-11-28T08:54:28Z
DraftKings,player_points_rebounds,Ajay Mitchell,Over,14.5,-121,2025-11-29,2025-11-28T08:54:28Z
DraftKings,player_points_rebounds,Ajay Mitchell,Under,14.5,-109,2025-11-29,2025-11-28T08:54:28Z
DraftKings,player_points_rebounds,Luguentz Dort,Over,10.5,-110,2025-11-29,2025-11-28T08:54:28Z
DraftKings,player_points_rebounds,Luguentz Dort,Under,10.5,-120,2025-11-29,2025-11-28T08:54:28Z
DraftKings,player_points_rebounds,Cason Wallace,Over,9.5,-126,2025-11-29,2025-11-28T08:54:28Z
DraftKings,player_points_rebounds,Cason Wallace,Under,9.5,-105,2025-11-29,2025-11-28T08:54:28Z
DraftKings,player_points_rebounds,Alex Caruso,Over,7.5,-130,2025-11-29,2025-11-28T08:54:28Z
DraftKings,player_points_rebounds,Alex Caruso,Under,7.5,-101,2025-11-29,2025-11-28T08:54:28Z
DraftKings,player_points_rebounds,Lauri Markkanen,Over,33.5,-122,2025-11-29,2025-11-28T08:54:36Z
DraftKings,player_points_rebounds,Lauri Markkanen,Under,33.5,-108,2025-11-29,2025-11-28T08:54:36Z
DraftKings,player_points_rebounds,Keyonte George,Over,25.5,-126,2025-11-29,2025-11-28T08:54:36Z
DraftKings,player_points_rebounds,Keyonte George,Under,25.5,-105,2025-11-29,2025-11-28T08:54:36Z
DraftKings,player_points_rebounds,Keegan Murray,Over,23.5,-124,2025-11-29,2025-11-28T08:54:36Z
DraftKings,player_points_rebounds,Keegan Murray,Under,23.5,-106,2025-11-29,2025-11-28T08:54:36Z
DraftKings,player_points_rebounds,Zach LaVine,Over,23.5,-110,2025-11-29,2025-11-28T08:54:36Z
DraftKings,player_points_rebounds,Zach LaVine,Under,23.5,-120,2025-11-29,2025-11-28T08:54:36Z
DraftKings,player_points_rebounds,Russell Westbrook,Over,22.5,-107,2025-11-29,2025-11-28T08:54:36Z
DraftKings,player_points_rebounds,Russell Westbrook,Under,22.5,-123,2025-11-29,2025-11-28T08:54:36Z
DraftKings,player_points_rebounds,DeMar DeRozan,Over,21.5,-118,2025-11-29,2025-11-28T08:54:36Z
DraftKings,player_points_rebounds,DeMar DeRozan,Under,21.5,-111,2025-11-29,2025-11-28T08:54:36Z
DraftKings,player_points_rebounds,Jusuf Nurkic,Over,20.5,-116,2025-11-29,2025-11-28T08:54:36Z
DraftKings,player_points_rebounds,Jusuf Nurkic,Under,20.5,-113,2025-11-29,2025-11-28T08:54:36Z
DraftKings,player_points_rebounds,Ace Bailey,Over,17.5,-106,2025-11-29,2025-11-28T08:54:36Z
DraftKings,player_points_rebounds,Ace Bailey,Under,17.5,-124,2025-11-29,2025-11-28T08:54:36Z
DraftKings,player_points_rebounds,Kyle Filipowski,Over,15.5,-113,2025-11-29,2025-11-28T08:54:36Z
DraftKings,player_points_rebounds,Kyle Filipowski,Under,15.5,-117,2025-11-29,2025-11-28T08:54:36Z
DraftKings,player_points_rebounds,Dennis Schroder,Over,13.5,-112,2025-11-29,2025-11-28T08:54:36Z
DraftKings,player_points_rebounds,Dennis Schroder,Under,13.5,-118,2025-11-29,2025-11-28T08:54:36Z
DraftKings,player_points_rebounds,Brice Sensabaugh,Over,11.5,-123,2025-11-29,2025-11-28T08:54:36Z
DraftKings,player_points_rebounds,Brice Sensabaugh,Under,11.5,-107,2025-11-29,2025-11-28T08:54:36Z
DraftKings,player_points_rebounds,Drew Eubanks,Over,11.5,-114,2025-11-29,2025-11-28T08:54:36Z
DraftKings,player_points_rebounds,Drew Eubanks,Under,11.5,-116,2025-11-29,2025-11-28T08:54:36Z
DraftKings,player_points_rebounds,Isaiah Collier,Over,11.5,-112,2025-11-29,2025-11-28T08:54:36Z
DraftKings,player_points_rebounds,Isaiah Collier,Under,11.5,-117,2025-11-29,2025-11-28T08:54:36Z
DraftKings,player_points_rebounds,Svi Mykhailiuk,Over,10.5,-117,2025-11-29,2025-11-28T08:54:36Z
DraftKings,player_points_rebounds,Svi Mykhailiuk,Under,10.5,-113,2025-11-29,2025-11-28T08:54:36Z
DraftKings,player_points_rebounds,Luka Doncic,Over,42.5,-108,2025-11-29,2025-11-28T08:54:21Z
DraftKings,player_points_rebounds,Luka Doncic,Under,42.5,-122,2025-11-29,2025-11-28T08:54:21Z
DraftKings,player_points_rebounds,Anthony Davis,Over,28.5,-123,2025-11-29,2025-11-28T08:54:21Z
DraftKings,player_points_rebounds,Anthony Davis,Under,28.5,-107,2025-11-29,2025-11-28T08:54:21Z
DraftKings,player_points_rebounds,LeBron James,Over,27.5,-118,2025-11-29,2025-11-28T08:54:21Z
DraftKings,player_points_rebounds,LeBron James,Under,27.5,-112,2025-11-29,2025-11-28T08:54:21Z
DraftKings,player_points_rebounds,Austin Reaves,Over,26.5,-125,2025-11-29,2025-11-28T08:54:21Z
DraftKings,player_points_rebounds,Austin Reaves,Under,26.5,-105,2025-11-29,2025-11-28T08:54:21Z
DraftKings,player_points_rebounds,Deandre Ayton,Over,22.5,-125,2025-11-29,2025-11-28T08:54:21Z
DraftKings,player_points_rebounds,Deandre Ayton,Under,22.5,-105,2025-11-29,2025-11-28T08:54:21Z
DraftKings,player_points_rebounds,P.J. Washington,Over,21.5,-114,2025-11-29,2025-11-28T08:54:21Z
DraftKings,player_points_rebounds,P.J. Washington,Under,21.5,-115,2025-11-29,2025-11-28T08:54:21Z
DraftKings,player_points_rebounds,Cooper Flagg,Over,21.5,-113,2025-11-29,2025-11-28T08:54:21Z
DraftKings,player_points_rebounds,Cooper Flagg,Under,21.5,-116,2025-11-29,2025-11-28T08:54:21Z
DraftKings,player_points_rebounds,Daniel Gafford,Over,16.5,-106,2025-11-29,2025-11-28T08:54:21Z
DraftKings,player_points_rebounds,Daniel Gafford,Under,16.5,-124,2025-11-29,2025-11-28T08:54:21Z
DraftKings,player_points_rebounds,Rui Hachimura,Over,14.5,-103,2025-11-29,2025-11-28T08:54:21Z
DraftKings,player_points_rebounds,Rui Hachimura,Under,14.5,-127,2025-11-29,2025-11-28T08:54:21Z
DraftKings,player_points_rebounds,Naji Marshall,Over,14.5,-102,2025-11-29,2025-11-28T08:54:21Z
DraftKings,player_points_rebounds,Naji Marshall,Under,14.5,-129,2025-11-29,2025-11-28T08:54:21Z
DraftKings,player_points_rebounds,Max Christie,Over,13.5,-129,2025-11-29,2025-11-28T08:54:21Z
DraftKings,player_points_rebounds,Max Christie,Under,13.5,-102,2025-11-29,2025-11-28T08:54:21Z
DraftKings,player_points_rebounds,Jake LaRavia,Over,8.5,-113,2025-11-29,2025-11-28T08:54:21Z
DraftKings,player_points_rebounds,Jake LaRavia,Under,8.5,-116,2025-11-29,2025-11-28T08:54:21Z
DraftKings,player_points_rebounds,James Harden,Over,32.5,-110,2025-11-29,2025-11-28T08:54:22Z
DraftKings,player_points_rebounds,James Harden,Under,32.5,-120,2025-11-29,2025-11-28T08:54:22Z
DraftKings,player_points_rebounds,Ivica Zubac,Over,29.5,-112,2025-11-29,2025-11-28T08:54:22Z
DraftKings,player_points_rebounds,Ivica Zubac,Under,29.5,-118,2025-11-29,2025-11-28T08:54:22Z
DraftKings,player_points_rebounds,Jaren Jackson Jr,Over,27.5,-113,2025-11-29,2025-11-28T08:54:22Z
DraftKings,player_points_rebounds,Jaren Jackson Jr,Under,27.5,-116,2025-11-29,2025-11-28T08:54:22Z
DraftKings,player_points_rebounds,Kawhi Leonard,Over,26.5,-114,2025-11-29,2025-11-28T08:54:22Z
DraftKings,player_points_rebounds,Kawhi Leonard,Under,26.5,-115,2025-11-29,2025-11-28T08:54:22Z
DraftKings,player_points_rebounds,Zach Edey,Over,23.5,-108,2025-11-29,2025-11-28T08:54:22Z
DraftKings,player_points_rebounds,Zach Edey,Under,23.5,-122,2025-11-29,2025-11-28T08:54:22Z
DraftKings,player_points_rebounds,Cedric Coward,Over,18.5,-119,2025-11-29,2025-11-28T08:54:22Z
DraftKings,player_points_rebounds,Cedric Coward,Under,18.5,-111,2025-11-29,2025-11-28T08:54:22Z
DraftKings,player_points_rebounds,Santi Aldama,Over,18.5,-110,2025-11-29,2025-11-28T08:54:22Z
DraftKings,player_points_rebounds,Santi Aldama,Under,18.5,-120,2025-11-29,2025-11-28T08:54:22Z
DraftKings,player_points_rebounds,John Collins,Over,18.5,-105,2025-11-29,2025-11-28T08:54:22Z
DraftKings,player_points_rebounds,John Collins,Under,18.5,-125,2025-11-29,2025-11-28T08:54:22Z
DraftKings,player_points_rebounds,Jaylen Wells,Over,15.5,-122,2025-11-29,2025-11-28T08:54:22Z
DraftKings,player_points_rebounds,Jaylen Wells,Under,15.5,-108,2025-11-29,2025-11-28T08:54:22Z
DraftKings,player_points_rebounds,Vincent Williams Jr,Over,14.5,-117,2025-11-29,2025-11-28T08:54:22Z
DraftKings,player_points_rebounds,Vincent Williams Jr,Under,14.5,-113,2025-11-29,2025-11-28T08:54:22Z
DraftKings,player_points_rebounds,Jock Landale,Over,12.5,-117,2025-11-29,2025-11-28T08:54:22Z
DraftKings,player_points_rebounds,Jock Landale,Under,12.5,-112,2025-11-29,2025-11-28T08:54:22Z
DraftKings,player_points_rebounds,Kris Dunn,Over,11.5,-111,2025-11-29,2025-11-28T08:54:22Z
DraftKings,player_points_rebounds,Kris Dunn,Under,11.5,-118,2025-11-29,2025-11-28T08:54:22Z
FanDuel,player_points_assists,Jalen Johnson,Over,28.5,-110,2025-11-29,2025-11-28T08:54:17Z
FanDuel,player_points_assists,Jalen Johnson,Under,28.5,-122,2025-11-29,2025-11-28T08:54:17Z
FanDuel,player_points_assists,Donovan Mitchell,Over,34.5,-118,2025-11-29,2025-11-28T08:54:17Z
FanDuel,player_points_assists,Donovan Mitchell,Under,34.5,-112,2025-11-29,2025-11-28T08:54:17Z
FanDuel,player_points_assists,Lonzo Ball,Over,9.5,-130,2025-11-29,2025-11-28T08:54:17Z
FanDuel,player_points_assists,Lonzo Ball,Under,9.5,-102,2025-11-29,2025-11-28T08:54:17Z
FanDuel,player_points_assists,Kristaps Porzingis,Over,21.5,-130,2025-11-29,2025-11-28T08:54:17Z
FanDuel,player_points_assists,Kristaps Porzingis,Under,21.5,-102,2025-11-29,2025-11-28T08:54:17Z
FanDuel,player_points_assists,Dyson Daniels,Over,16.5,-104,2025-11-29,2025-11-28T08:54:17Z
FanDuel,player_points_assists,Dyson Daniels,Under,16.5,-128,2025-11-29,2025-11-28T08:54:17Z
FanDuel,player_points_assists,Nickeil Alexander-Walker,Over,21.5,-110,2025-11-29,2025-11-28T08:54:17Z
FanDuel,player_points_assists,Nickeil Alexander-Walker,Under,21.5,-120,2025-11-29,2025-11-28T08:54:17Z
FanDuel,player_points_assists,Evan Mobley,Over,22.5,-118,2025-11-29,2025-11-28T08:54:17Z
FanDuel,player_points_assists,Evan Mobley,Under,22.5,-112,2025-11-29,2025-11-28T08:54:17Z
FanDuel,player_points_assists,Darius Garland,Over,22.5,-108,2025-11-29,2025-11-28T08:54:17Z
FanDuel,player_points_assists,Darius Garland,Under,22.5,-122,2025-11-29,2025-11-28T08:54:17Z
FanDuel,player_points_assists,Vit Krejci,Over,9.5,-114,2025-11-29,2025-11-28T08:54:17Z
FanDuel,player_points_assists,Vit Krejci,Under,9.5,-114,2025-11-29,2025-11-28T08:54:17Z
FanDuel,player_points_assists,Luke Kennard,Over,8.5,-106,2025-11-29,2025-11-28T08:54:17Z
FanDuel,player_points_assists,Luke Kennard,Under,8.5,-125,2025-11-29,2025-11-28T08:54:17Z
FanDuel,player_points_assists,Terance Mann,Over,12.5,-132,2025-11-29,2025-11-28T08:53:57Z
FanDuel,player_points_assists,Terance Mann,Under,12.5,100,2025-11-29,2025-11-28T08:53:57Z
FanDuel,player_points_assists,Paul George,Over,18.5,-112,2025-11-29,2025-11-28T08:53:57Z
FanDuel,player_points_assists,Paul George,Under,18.5,-118,2025-11-29,2025-11-28T08:53:57Z
FanDuel,player_points_assists,Tyrese Martin,Over,15.5,-130,2025-11-29,2025-11-28T08:53:57Z
FanDuel,player_points_assists,Tyrese Martin,Under,15.5,-102,2025-11-29,2025-11-28T08:53:57Z
FanDuel,player_points_assists,Quentin Grimes,Over,21.5,-125,2025-11-29,2025-11-28T08:53:57Z
FanDuel,player_points_assists,Quentin Grimes,Under,21.5,-106,2025-11-29,2025-11-28T08:53:57Z
FanDuel,player_points_assists,Tyrese Maxey,Over,39.5,-120,2025-11-29,2025-11-28T08:53:57Z
FanDuel,player_points_assists,Tyrese Maxey,Under,39.5,-110,2025-11-29,2025-11-28T08:53:57Z
FanDuel,player_points_assists,Nicolas Claxton,Over,18.5,-112,2025-11-29,2025-11-28T08:53:57Z
FanDuel,player_points_assists,Nicolas Claxton,Under,18.5,-118,2025-11-29,2025-11-28T08:53:57Z
FanDuel,player_points_assists,Egor Demin,Over,14.5,-108,2025-11-29,2025-11-28T08:53:57Z
FanDuel,player_points_assists,Egor Demin,Under,14.5,-122,2025-11-29,2025-11-28T08:53:57Z
FanDuel,player_points_assists,Miles Bridges,Over,22.5,-104,2025-11-29,2025-11-28T08:54:04Z
FanDuel,player_points_assists,Miles Bridges,Under,22.5,-128,2025-11-29,2025-11-28T08:54:04Z
FanDuel,player_points_assists,Coby White,Over,28.5,-112,2025-11-29,2025-11-28T08:54:04Z
FanDuel,player_points_assists,Coby White,Under,28.5,-118,2025-11-29,2025-11-28T08:54:04Z
FanDuel,player_points_assists,LaMelo Ball,Over,26.5,-112,2025-11-29,2025-11-28T08:54:04Z
FanDuel,player_points_assists,LaMelo Ball,Under,26.5,-118,2025-11-29,2025-11-28T08:54:04Z
FanDuel,player_points_assists,Kon Knueppel,Over,19.5,-118,2025-11-29,2025-11-28T08:54:04Z
FanDuel,player_points_assists,Kon Knueppel,Under,19.5,-112,2025-11-29,2025-11-28T08:54:04Z
FanDuel,player_points_assists,Collin Sexton,Over,16.5,-106,2025-11-29,2025-11-28T08:54:04Z
FanDuel,player_points_assists,Collin Sexton,Under,16.5,-125,2025-11-29,2025-11-28T08:54:04Z
FanDuel,player_points_assists,Josh Giddey,Over,29.5,-110,2025-11-29,2025-11-28T08:54:04Z
FanDuel,player_points_assists,Josh Giddey,Under,29.5,-120,2025-11-29,2025-11-28T08:54:04Z
FanDuel,player_points_assists,Ayo Dosunmu,Over,17.5,-122,2025-11-29,2025-11-28T08:54:04Z
FanDuel,player_points_assists,Ayo Dosunmu,Under,17.5,-108,2025-11-29,2025-11-28T08:54:04Z
FanDuel,player_points_assists,Brandon Miller,Over,22.5,-108,2025-11-29,2025-11-28T08:54:04Z
FanDuel,player_points_assists,Brandon Miller,Under,22.5,-122,2025-11-29,2025-11-28T08:54:04Z
FanDuel,player_points_assists,Nikola Vucevic,Over,21.5,-118,2025-11-29,2025-11-28T08:54:04Z
FanDuel,player_points_assists,Nikola Vucevic,Under,21.5,-112,2025-11-29,2025-11-28T08:54:04Z
FanDuel,player_points_assists,Cade Cunningham,Over,37.5,-108,2025-11-29,2025-11-28T08:54:01Z
FanDuel,player_points_assists,Cade Cunningham,Under,37.5,-122,2025-11-29,2025-11-28T08:54:01Z
FanDuel,player_points_assists,Jaden Ivey,Over,10.5,-125,2025-11-29,2025-11-28T08:54:01Z
FanDuel,player_points_assists,Jaden Ivey,Under,10.5,-106,2025-11-29,2025-11-28T08:54:01Z
FanDuel,player_points_assists,Franz Wagner,Over,27.5,-108,2025-11-29,2025-11-28T08:54:01Z
FanDuel,player_points_assists,Franz Wagner,Under,27.5,-122,2025-11-29,2025-11-28T08:54:01Z
FanDuel,player_points_assists,Ausar Thompson,Over,13.5,-114,2025-11-29,2025-11-28T08:54:01Z
FanDuel,player_points_assists,Ausar Thompson,Under,13.5,-114,2025-11-29,2025-11-28T08:54:01Z
FanDuel,player_points_assists,Tobias Harris,Over,14.5,-106,2025-11-29,2025-11-28T08:54:01Z
FanDuel,player_points_assists,Tobias Harris,Under,14.5,-125,2025-11-29,2025-11-28T08:54:01Z
FanDuel,player_points_assists,Desmond Bane,Over,23.5,-114,2025-11-29,2025-11-28T08:54:01Z
FanDuel,player_points_assists,Desmond Bane,Under,23.5,-114,2025-11-29,2025-11-28T08:54:01Z
FanDuel,player_points_assists,Tristan da Silva,Over,12.5,-136,2025-11-29,2025-11-28T08:54:01Z
FanDuel,player_points_assists,Tristan da Silva,Under,12.5,102,2025-11-29,2025-11-28T08:54:01Z
FanDuel,player_points_assists,Jalen Suggs,Over,21.5,-102,2025-11-29,2025-11-28T08:54:01Z
FanDuel,player_points_assists,Jalen Suggs,Under,21.5,-130,2025-11-29,2025-11-28T08:54:01Z
FanDuel,player_points_assists,Jalen Duren,Over,21.5,-110,2025-11-29,2025-11-28T08:54:01Z
FanDuel,player_points_assists,Jalen Duren,Under,21.5,-120,2025-11-29,2025-11-28T08:54:01Z
FanDuel,player_points_assists,Wendell Carter Jr,Over,14.5,100,2025-11-29,2025-11-28T08:54:01Z
FanDuel,player_points_assists,Wendell Carter Jr,Under,14.5,-132,2025-11-29,2025-11-28T08:54:01Z
FanDuel,player_points_assists,Anthony Black,Over,15.5,-108,2025-11-29,2025-11-28T08:54:01Z
FanDuel,player_points_assists,Anthony Black,Under,15.5,-122,2025-11-29,2025-11-28T08:54:01Z
FanDuel,player_points_assists,Bilal Coulibaly,Over,13.5,-106,2025-11-29,2025-11-28T08:54:11Z
FanDuel,player_points_assists,Bilal Coulibaly,Under,13.5,-125,2025-11-29,2025-11-28T08:54:11Z
FanDuel,player_points_assists,Carlton Carrington,Over,10.5,-130,2025-11-29,2025-11-28T08:54:11Z
FanDuel,player_points_assists,Carlton Carrington,Under,10.5,-102,2025-11-29,2025-11-28T08:54:11Z
FanDuel,player_points_assists,Jarace Walker,Over,12.5,-120,2025-11-29,2025-11-28T08:54:11Z
FanDuel,player_points_assists,Jarace Walker,Under,12.5,-110,2025-11-29,2025-11-28T08:54:11Z
FanDuel,player_points_assists,Pascal Siakam,Over,29.5,-118,2025-11-29,2025-11-28T08:54:11Z
FanDuel,player_points_assists,Pascal Siakam,Under,29.5,-112,2025-11-29,2025-11-28T08:54:11Z
FanDuel,player_points_assists,Andrew Nembhard,Over,24.5,-122,2025-11-29,2025-11-28T08:54:11Z
FanDuel,player_points_assists,Andrew Nembhard,Under,24.5,-108,2025-11-29,2025-11-28T08:54:11Z
FanDuel,player_points_assists,C.J. McCollum,Over,21.5,-118,2025-11-29,2025-11-28T08:54:11Z
FanDuel,player_points_assists,C.J. McCollum,Under,21.5,-112,2025-11-29,2025-11-28T08:54:11Z
FanDuel,player_points_assists,Kyshawn George,Over,20.5,-125,2025-11-29,2025-11-28T08:54:11Z
FanDuel,player_points_assists,Kyshawn George,Under,20.5,-106,2025-11-29,2025-11-28T08:54:11Z
FanDuel,player_points_assists,Khris Middleton,Over,12.5,-136,2025-11-29,2025-11-28T08:54:11Z
FanDuel,player_points_assists,Khris Middleton,Under,12.5,102,2025-11-29,2025-11-28T08:54:11Z
FanDuel,player_points_assists,Alex Sarr,Over,22.5,-114,2025-11-29,2025-11-28T08:54:11Z
FanDuel,player_points_assists,Alex Sarr,Under,22.5,-114,2025-11-29,2025-11-28T08:54:11Z
FanDuel,player_points_assists,T.J. McConnell,Over,18.5,-104,2025-11-29,2025-11-28T08:54:11Z
FanDuel,player_points_assists,T.J. McConnell,Under,18.5,-128,2025-11-29,2025-11-28T08:54:11Z
FanDuel,player_points_assists,Karl-Anthony Towns,Over,27.5,-104,2025-11-29,2025-11-28T08:53:57Z
FanDuel,player_points_assists,Karl-Anthony Towns,Under,27.5,-128,2025-11-29,2025-11-28T08:53:57Z
FanDuel,player_points_assists,Josh Hart,Over,17.5,-122,2025-11-29,2025-11-28T08:53:57Z
FanDuel,player_points_assists,Josh Hart,Under,17.5,-108,2025-11-29,2025-11-28T08:53:57Z
FanDuel,player_points_assists,Ryan Rollins,Over,25.5,-112,2025-11-29,2025-11-28T08:53:57Z
FanDuel,player_points_assists,Ryan Rollins,Under,25.5,-118,2025-11-29,2025-11-28T08:53:57Z
FanDuel,player_points_assists,Mikal Bridges,Over,20.5,-106,2025-11-29,2025-11-28T08:53:57Z
FanDuel,player_points_assists,Mikal Bridges,Under,20.5,-125,2025-11-29,2025-11-28T08:53:57Z
FanDuel,player_points_assists,Giannis Antetokounmpo,Over,36.5,-114,2025-11-29,2025-11-28T08:53:57Z
FanDuel,player_points_assists,Giannis Antetokounmpo,Under,36.5,-114,2025-11-29,2025-11-28T08:53:57Z
FanDuel,player_points_assists,Miles McBride,Over,13.5,-114,2025-11-29,2025-11-28T08:53:57Z
FanDuel,player_points_assists,Miles McBride,Under,13.5,-114,2025-11-29,2025-11-28T08:53:57Z
FanDuel,player_points_assists,Kyle Kuzma,Over,15.5,-108,2025-11-29,2025-11-28T08:53:57Z
FanDuel,player_points_assists,Kyle Kuzma,Under,15.5,-122,2025-11-29,2025-11-28T08:53:57Z
FanDuel,player_points_assists,A.J. Green,Over,11.5,-118,2025-11-29,2025-11-28T08:53:57Z
FanDuel,player_points_assists,A.J. Green,Under,11.5,-112,2025-11-29,2025-11-28T08:53:57Z
FanDuel,player_points_assists,Jalen Brunson,Over,36.5,-118,2025-11-29,2025-11-28T08:53:57Z
FanDuel,player_points_assists,Jalen Brunson,Under,36.5,-112,2025-11-29,2025-11-28T08:53:57Z
FanDuel,player_points_assists,Jordan Clarkson,Over,14.5,-106,2025-11-29,2025-11-28T08:53:57Z
FanDuel,player_points_assists,Jordan Clarkson,Under,14.5,-125,2025-11-29,2025-11-28T08:53:57Z
FanDuel,player_points_assists,Myles Turner,Over,15.5,-132,2025-11-29,2025-11-28T08:53:57Z
FanDuel,player_points_assists,Myles Turner,Under,15.5,100,2025-11-29,2025-11-28T08:53:57Z
FanDuel,player_points_assists,Dylan Harper,Over,14.5,-102,2025-11-29,2025-11-28T08:54:17Z
FanDuel,player_points_assists,Dylan Harper,Under,14.5,-130,2025-11-29,2025-11-28T08:54:17Z
FanDuel,player_points_assists,Harrison Barnes,Over,15.5,-108,2025-11-29,2025-11-28T08:54:17Z
FanDuel,player_points_assists,Harrison Barnes,Under,15.5,-122,2025-11-29,2025-11-28T08:54:17Z
FanDuel,player_points_assists,Keldon Johnson,Over,15.5,-122,2025-11-29,2025-11-28T08:54:17Z
FanDuel,player_points_assists,Keldon Johnson,Under,15.5,-108,2025-11-29,2025-11-28T08:54:17Z
FanDuel,player_points_assists,Cameron Johnson,Over,17.5,-104,2025-11-29,2025-11-28T08:54:17Z
FanDuel,player_points_assists,Cameron Johnson,Under,17.5,-128,2025-11-29,2025-11-28T08:54:17Z
FanDuel,player_points_assists,Devin Vassell,Over,18.5,-114,2025-11-29,2025-11-28T08:54:17Z
FanDuel,player_points_assists,Devin Vassell,Under,18.5,-114,2025-11-29,2025-11-28T08:54:17Z
FanDuel,player_points_assists,Nikola Jokic,Over,41.5,-108,2025-11-29,2025-11-28T08:54:17Z
FanDuel,player_points_assists,Nikola Jokic,Under,41.5,-122,2025-11-29,2025-11-28T08:54:17Z
FanDuel,player_points_assists,Jamal Murray,Over,31.5,-125,2025-11-29,2025-11-28T08:54:17Z
FanDuel,player_points_assists,Jamal Murray,Under,31.5,-106,2025-11-29,2025-11-28T08:54:17Z
FanDuel,player_points_assists,De'Aaron Fox,Over,31.5,-114,2025-11-29,2025-11-28T08:54:17Z
FanDuel,player_points_assists,De'Aaron Fox,Under,31.5,-114,2025-11-29,2025-11-28T08:54:17Z
FanDuel,player_points_assists,Ajay Mitchell,Over,14.5,-120,2025-11-29,2025-11-28T08:54:23Z
FanDuel,player_points_assists,Ajay Mitchell,Under,14.5,-110,2025-11-29,2025-11-28T08:54:23Z
FanDuel,player_points_assists,Shai Gilgeous-Alexander,Over,37.5,-114,2025-11-29,2025-11-28T08:54:23Z
FanDuel,player_points_assists,Shai Gilgeous-Alexander,Under,37.5,-114,2025-11-29,2025-11-28T08:54:23Z
FanDuel,player_points_assists,Royce O'Neale,Over,12.5,-106,2025-11-29,2025-11-28T08:54:23Z
FanDuel,player_points_assists,Royce O'Neale,Under,12.5,-122,2025-11-29,2025-11-28T08:54:23Z
FanDuel,player_points_assists,Cason Wallace,Over,9.5,-114,2025-11-29,2025-11-28T08:54:23Z
FanDuel,player_points_assists,Cason Wallace,Under,9.5,-114,2025-11-29,2025-11-28T08:54:23Z
FanDuel,player_points_assists,Jordan Goodwin,Over,10.5,-106,2025-11-29,2025-11-28T08:54:23Z
FanDuel,player_points_assists,Jordan Goodwin,Under,10.5,-125,2025-11-29,2025-11-28T08:54:23Z
FanDuel,player_points_assists,Devin Booker,Over,31.5,-114,2025-11-29,2025-11-28T08:54:23Z
FanDuel,player_points_assists,Devin Booker,Under,31.5,-114,2025-11-29,2025-11-28T08:54:23Z
FanDuel,player_points_assists,Alex Caruso,Over,7.5,-114,2025-11-29,2025-11-28T08:54:23Z
FanDuel,player_points_assists,Alex Caruso,Under,7.5,-114,2025-11-29,2025-11-28T08:54:23Z
FanDuel,player_points_assists,Isaiah Hartenstein,Over,12.5,-130,2025-11-29,2025-11-28T08:54:23Z
FanDuel,player_points_assists,Isaiah Hartenstein,Under,12.5,-102,2025-11-29,2025-11-28T08:54:23Z
FanDuel,player_points_assists,Jalen Williams,Over,16.5,-112,2025-11-29,2025-11-28T08:54:23Z
FanDuel,player_points_assists,Jalen Williams,Under,16.5,-118,2025-11-29,2025-11-28T08:54:23Z
FanDuel,player_points_assists,Zach LaVine,Over,22.5,-125,2025-11-29,2025-11-28T08:54:12Z
FanDuel,player_points_assists,Zach LaVine,Under,22.5,-106,2025-11-29,2025-11-28T08:54:12Z
FanDuel,player_points_assists,Dennis Schroder,Over,15.5,-108,2025-11-29,2025-11-28T08:54:12Z
FanDuel,player_points_assists,Dennis Schroder,Under,15.5,-122,2025-11-29,2025-11-28T08:54:12Z
FanDuel,player_points_assists,Isaiah Collier,Over,13.5,-130,2025-11-29,2025-11-28T08:54:12Z
FanDuel,player_points_assists,Isaiah Collier,Under,13.5,-102,2025-11-29,2025-11-28T08:54:12Z
FanDuel,player_points_assists,Ace Bailey,Over,14.5,-125,2025-11-29,2025-11-28T08:54:12Z
FanDuel,player_points_assists,Ace Bailey,Under,14.5,-106,2025-11-29,2025-11-28T08:54:12Z
FanDuel,player_points_assists,DeMar DeRozan,Over,21.5,-130,2025-11-29,2025-11-28T08:54:12Z
FanDuel,player_points_assists,DeMar DeRozan,Under,21.5,-102,2025-11-29,2025-11-28T08:54:12Z
FanDuel,player_points_assists,Russell Westbrook,Over,22.5,-122,2025-11-29,2025-11-28T08:54:12Z
FanDuel,player_points_assists,Russell Westbrook,Under,22.5,-108,2025-11-29,2025-11-28T08:54:12Z
FanDuel,player_points_assists,Lauri Markkanen,Over,28.5,-118,2025-11-29,2025-11-28T08:54:12Z
FanDuel,player_points_assists,Lauri Markkanen,Under,28.5,-112,2025-11-29,2025-11-28T08:54:12Z
FanDuel,player_points_assists,Keyonte George,Over,28.5,-114,2025-11-29,2025-11-28T08:54:12Z
FanDuel,player_points_assists,Keyonte George,Under,28.5,-114,2025-11-29,2025-11-28T08:54:12Z
FanDuel,player_points_assists,Svi Mykhailiuk,Over,9.5,-122,2025-11-29,2025-11-28T08:54:12Z
FanDuel,player_points_assists,Svi Mykhailiuk,Under,9.5,-106,2025-11-29,2025-11-28T08:54:12Z
FanDuel,player_points_assists,Jusuf Nurkic,Over,13.5,-102,2025-11-29,2025-11-28T08:54:12Z
FanDuel,player_points_assists,Jusuf Nurkic,Under,13.5,-130,2025-11-29,2025-11-28T08:54:12Z
FanDuel,player_points_assists,LeBron James,Over,27.5,-104,2025-11-29,2025-11-28T08:55:05Z
FanDuel,player_points_assists,LeBron James,Under,27.5,-128,2025-11-29,2025-11-28T08:55:05Z
FanDuel,player_points_assists,P.J. Washington,Over,17.5,-120,2025-11-29,2025-11-28T08:55:05Z
FanDuel,player_points_assists,P.J. Washington,Under,17.5,-110,2025-11-29,2025-11-28T08:55:05Z
FanDuel,player_points_assists,Cooper Flagg,Over,18.5,-130,2025-11-29,2025-11-28T08:55:05Z
FanDuel,player_points_assists,Cooper Flagg,Under,18.5,-102,2025-11-29,2025-11-28T08:55:05Z
FanDuel,player_points_assists,Max Christie,Over,12.5,-136,2025-11-29,2025-11-28T08:55:05Z
FanDuel,player_points_assists,Max Christie,Under,12.5,102,2025-11-29,2025-11-28T08:55:05Z
FanDuel,player_points_assists,Brandon Williams,Over,15.5,-120,2025-11-29,2025-11-28T08:55:05Z
FanDuel,player_points_assists,Brandon Williams,Under,15.5,-110,2025-11-29,2025-11-28T08:55:05Z
FanDuel,player_points_assists,Luka Doncic,Over,42.5,-110,2025-11-29,2025-11-28T08:55:05Z
FanDuel,player_points_assists,Luka Doncic,Under,42.5,-120,2025-11-29,2025-11-28T08:55:05Z
FanDuel,player_points_assists,Anthony Davis,Over,22.5,-112,2025-11-29,2025-11-28T08:55:05Z
FanDuel,player_points_assists,Anthony Davis,Under,22.5,-118,2025-11-29,2025-11-28T08:55:05Z
FanDuel,player_points_assists,Austin Reaves,Over,26.5,-106,2025-11-29,2025-11-28T08:55:05Z
FanDuel,player_points_assists,Austin Reaves,Under,26.5,-125,2025-11-29,2025-11-28T08:55:05Z
FanDuel,player_points_assists,Naji Marshall,Over,11.5,-136,2025-11-29,2025-11-28T08:55:05Z
FanDuel,player_points_assists,Naji Marshall,Under,11.5,102,2025-11-29,2025-11-28T08:55:05Z
FanDuel,player_points_assists,Ivica Zubac,Over,20.5,-102,2025-11-29,2025-11-28T08:54:31Z
FanDuel,player_points_assists,Ivica Zubac,Under,20.5,-130,2025-11-29,2025-11-28T08:54:31Z
FanDuel,player_points_assists,James Harden,Over,35.5,-108,2025-11-29,2025-11-28T08:54:31Z
FanDuel,player_points_assists,James Harden,Under,35.5,-122,2025-11-29,2025-11-28T08:54:31Z
FanDuel,player_points_assists,Cedric Coward,Over,15.5,-120,2025-11-29,2025-11-28T08:54:31Z
FanDuel,player_points_assists,Cedric Coward,Under,15.5,-110,2025-11-29,2025-11-28T08:54:31Z
FanDuel,player_points_assists,Kawhi Leonard,Over,24.5,-108,2025-11-29,2025-11-28T08:54:31Z
FanDuel,player_points_assists,Kawhi Leonard,Under,24.5,-122,2025-11-29,2025-11-28T08:54:31Z
FanDuel,player_points_assists,Vincent Williams Jr,Over,16.5,-106,2025-11-29,2025-11-28T08:54:31Z
FanDuel,player_points_assists,Vincent Williams Jr,Under,16.5,-125,2025-11-29,2025-11-28T08:54:31Z
FanDuel,player_points_assists,Santi Aldama,Over,15.5,-108,2025-11-29,2025-11-28T08:54:31Z
FanDuel,player_points_assists,Santi Aldama,Under,15.5,-122,2025-11-29,2025-11-28T08:54:31Z
FanDuel,player_points_assists,Kris Dunn,Over,11.5,-106,2025-11-29,2025-11-28T08:54:31Z
FanDuel,player_points_assists,Kris Dunn,Under,11.5,-125,2025-11-29,2025-11-28T08:54:31Z
DraftKings,player_points_assists,Donovan Mitchell,Over,35.5,-113,2025-11-29,2025-11-28T08:54:28Z
DraftKings,player_points_assists,Donovan Mitchell,Under,35.5,-117,2025-11-29,2025-11-28T08:54:28Z
DraftKings,player_points_assists,Jalen Johnson,Over,28.5,-114,2025-11-29,2025-11-28T08:54:28Z
DraftKings,player_points_assists,Jalen Johnson,Under,28.5,-116,2025-11-29,2025-11-28T08:54:28Z
DraftKings,player_points_assists,Evan Mobley,Over,22.5,-119,2025-11-29,2025-11-28T08:54:28Z
DraftKings,player_points_assists,Evan Mobley,Under,22.5,-110,2025-11-29,2025-11-28T08:54:28Z
DraftKings,player_points_assists,Darius Garland,Over,22.5,-106,2025-11-29,2025-11-28T08:54:28Z
DraftKings,player_points_assists,Darius Garland,Under,22.5,-125,2025-11-29,2025-11-28T08:54:28Z
DraftKings,player_points_assists,Kristaps Porzingis,Over,21.5,-116,2025-11-29,2025-11-28T08:54:28Z
DraftKings,player_points_assists,Kristaps Porzingis,Under,21.5,-113,2025-11-29,2025-11-28T08:54:28Z
DraftKings,player_points_assists,Nickeil Alexander-Walker,Over,21.5,-106,2025-11-29,2025-11-28T08:54:28Z
DraftKings,player_points_assists,Nickeil Alexander-Walker,Under,21.5,-124,2025-11-29,2025-11-28T08:54:28Z
DraftKings,player_points_assists,De'Andre Hunter,Over,18.5,-124,2025-11-29,2025-11-28T08:54:28Z
DraftKings,player_points_assists,De'Andre Hunter,Under,18.5,-106,2025-11-29,2025-11-28T08:54:28Z
DraftKings,player_points_assists,Dyson Daniels,Over,16.5,-103,2025-11-29,2025-11-28T08:54:28Z
DraftKings,player_points_assists,Dyson Daniels,Under,16.5,-128,2025-11-29,2025-11-28T08:54:28Z
DraftKings,player_points_assists,Jarrett Allen,Over,15.5,-117,2025-11-29,2025-11-28T08:54:28Z
DraftKings,player_points_assists,Jarrett Allen,Under,15.5,-112,2025-11-29,2025-11-28T08:54:28Z
DraftKings,player_points_assists,Onyeka Okongwu,Over,15.5,-113,2025-11-29,2025-11-28T08:54:28Z
DraftKings,player_points_assists,Onyeka Okongwu,Under,15.5,-117,2025-11-29,2025-11-28T08:54:28Z
DraftKings,player_points_assists,Luke Kennard,Over,8.5,-116,2025-11-29,2025-11-28T08:54:28Z
DraftKings,player_points_assists,Luke Kennard,Under,8.5,-113,2025-11-29,2025-11-28T08:54:28Z
DraftKings,player_points_assists,Tyrese Maxey,Over,39.5,-117,2025-11-29,2025-11-28T08:53:53Z
DraftKings,player_points_assists,Tyrese Maxey,Under,39.5,-112,2025-11-29,2025-11-28T08:53:53Z
DraftKings,player_points_assists,Quentin Grimes,Over,22.5,-114,2025-11-29,2025-11-28T08:53:53Z
DraftKings,player_points_assists,Quentin Grimes,Under,22.5,-116,2025-11-29,2025-11-28T08:53:53Z
DraftKings,player_points_assists,Noah Clowney,Over,19.5,-109,2025-11-29,2025-11-28T08:53:53Z
DraftKings,player_points_assists,Noah Clowney,Under,19.5,-120,2025-11-29,2025-11-28T08:53:53Z
DraftKings,player_points_assists,Paul George,Over,18.5,-119,2025-11-29,2025-11-28T08:53:53Z
DraftKings,player_points_assists,Paul George,Under,18.5,-110,2025-11-29,2025-11-28T08:53:53Z
DraftKings,player_points_assists,Nicolas Claxton,Over,18.5,-111,2025-11-29,2025-11-28T08:53:53Z
DraftKings,player_points_assists,Nicolas Claxton,Under,18.5,-118,2025-11-29,2025-11-28T08:53:53Z
DraftKings,player_points_assists,Tyrese Martin,Over,15.5,-127,2025-11-29,2025-11-28T08:53:53Z
DraftKings,player_points_assists,Tyrese Martin,Under,15.5,-104,2025-11-29,2025-11-28T08:53:53Z
DraftKings,player_points_assists,Egor Demin,Over,14.5,-103,2025-11-29,2025-11-28T08:53:53Z
DraftKings,player_points_assists,Egor Demin,Under,14.5,-128,2025-11-29,2025-11-28T08:53:53Z
DraftKings,player_points_assists,Terance Mann,Over,12.5,-123,2025-11-29,2025-11-28T08:53:53Z
DraftKings,player_points_assists,Terance Mann,Under,12.5,-107,2025-11-29,2025-11-28T08:53:53Z
DraftKings,player_points_assists,Josh Giddey,Over,29.5,-124,2025-11-29,2025-11-28T08:54:42Z
DraftKings,player_points_assists,Josh Giddey,Under,29.5,-106,2025-11-29,2025-11-28T08:54:42Z
DraftKings,player_points_assists,Coby White,Over,28.5,-114,2025-11-29,2025-11-28T08:54:42Z
DraftKings,player_points_assists,Coby White,Under,28.5,-116,2025-11-29,2025-11-28T08:54:42Z
DraftKings,player_points_assists,LaMelo Ball,Over,26.5,-105,2025-11-29,2025-11-28T08:54:42Z
DraftKings,player_points_assists,LaMelo Ball,Under,26.5,-126,2025-11-29,2025-11-28T08:54:42Z
DraftKings,player_points_assists,Miles Bridges,Over,22.5,-110,2025-11-29,2025-11-28T08:54:42Z
DraftKings,player_points_assists,Miles Bridges,Under,22.5,-120,2025-11-29,2025-11-28T08:54:42Z
DraftKings,player_points_assists,Brandon Miller,Over,22.5,-109,2025-11-29,2025-11-28T08:54:42Z
DraftKings,player_points_assists,Brandon Miller,Under,22.5,-121,2025-11-29,2025-11-28T08:54:42Z
DraftKings,player_points_assists,Nikola Vucevic,Over,21.5,-117,2025-11-29,2025-11-28T08:54:42Z
DraftKings,player_points_assists,Nikola Vucevic,Under,21.5,-112,2025-11-29,2025-11-28T08:54:42Z
DraftKings,player_points_assists,Kon Knueppel,Over,20.5,-104,2025-11-29,2025-11-28T08:54:42Z
DraftKings,player_points_assists,Kon Knueppel,Under,20.5,-126,2025-11-29,2025-11-28T08:54:42Z
DraftKings,player_points_assists,Ayo Dosunmu,Over,18.5,-114,2025-11-29,2025-11-28T08:54:42Z
DraftKings,player_points_assists,Ayo Dosunmu,Under,18.5,-116,2025-11-29,2025-11-28T08:54:42Z
DraftKings,player_points_assists,Collin Sexton,Over,16.5,-118,2025-11-29,2025-11-28T08:54:42Z
DraftKings,player_points_assists,Collin Sexton,Under,16.5,-112,2025-11-29,2025-11-28T08:54:42Z
DraftKings,player_points_assists,Kevin Huerter,Over,13.5,-119,2025-11-29,2025-11-28T08:54:42Z
DraftKings,player_points_assists,Kevin Huerter,Under,13.5,-111,2025-11-29,2025-11-28T08:54:42Z
DraftKings,player_points_assists,Cade Cunningham,Over,36.5,-120,2025-11-29,2025-11-28T08:54:28Z
DraftKings,player_points_assists,Cade Cunningham,Under,36.5,-109,2025-11-29,2025-11-28T08:54:28Z
DraftKings,player_points_assists,Franz Wagner,Over,27.5,-121,2025-11-29,2025-11-28T08:54:28Z
DraftKings,player_points_assists,Franz Wagner,Under,27.5,-108,2025-11-29,2025-11-28T08:54:28Z
DraftKings,player_points_assists,Desmond Bane,Over,23.5,-113,2025-11-29,2025-11-28T08:54:28Z
DraftKings,player_points_assists,Desmond Bane,Under,23.5,-116,2025-11-29,2025-11-28T08:54:28Z
DraftKings,player_points_assists,Jalen Suggs,Over,21.5,-105,2025-11-29,2025-11-28T08:54:28Z
DraftKings,player_points_assists,Jalen Suggs,Under,21.5,-125,2025-11-29,2025-11-28T08:54:28Z
DraftKings,player_points_assists,Jalen Duren,Over,20.5,-128,2025-11-29,2025-11-28T08:54:28Z
DraftKings,player_points_assists,Jalen Duren,Under,20.5,-103,2025-11-29,2025-11-28T08:54:28Z
DraftKings,player_points_assists,Anthony Black,Over,15.5,-116,2025-11-29,2025-11-28T08:54:28Z
DraftKings,player_points_assists,Anthony Black,Under,15.5,-113,2025-11-29,2025-11-28T08:54:28Z
DraftKings,player_points_assists,Tobias Harris,Over,13.5,-125,2025-11-29,2025-11-28T08:54:28Z
DraftKings,player_points_assists,Tobias Harris,Under,13.5,-105,2025-11-29,2025-11-28T08:54:28Z
DraftKings,player_points_assists,Ausar Thompson,Over,13.5,-116,2025-11-29,2025-11-28T08:54:28Z
DraftKings,player_points_assists,Ausar Thompson,Under,13.5,-113,2025-11-29,2025-11-28T08:54:28Z
DraftKings,player_points_assists,Jaden Ivey,Over,11.5,-109,2025-11-29,2025-11-28T08:54:28Z
DraftKings,player_points_assists,Jaden Ivey,Under,11.5,-121,2025-11-29,2025-11-28T08:54:28Z
DraftKings,player_points_assists,Caris LeVert,Over,10.5,-128,2025-11-29,2025-11-28T08:54:28Z
DraftKings,player_points_assists,Caris LeVert,Under,10.5,-103,2025-11-29,2025-11-28T08:54:28Z
DraftKings,player_points_assists,Pascal Siakam,Over,29.5,-122,2025-11-29,2025-11-28T08:54:35Z
DraftKings,player_points_assists,Pascal Siakam,Under,29.5,-108,2025-11-29,2025-11-28T08:54:35Z
DraftKings,player_points_assists,Bennedict Mathurin,Over,25.5,-117,2025-11-29,2025-11-28T08:54:35Z
DraftKings,player_points_assists,Bennedict Mathurin,Under,25.5,-112,2025-11-29,2025-11-28T08:54:35Z
DraftKings,player_points_assists,Andrew Nembhard,Over,24.5,-123,2025-11-29,2025-11-28T08:54:35Z
DraftKings,player_points_assists,Andrew Nembhard,Under,24.5,-107,2025-11-29,2025-11-28T08:54:35Z
DraftKings,player_points_assists,Alex Sarr,Over,22.5,-110,2025-11-29,2025-11-28T08:54:35Z
DraftKings,player_points_assists,Alex Sarr,Under,22.5,-119,2025-11-29,2025-11-28T08:54:35Z
DraftKings,player_points_assists,C.J. McCollum,Over,21.5,-113,2025-11-29,2025-11-28T08:54:35Z
DraftKings,player_points_assists,C.J. McCollum,Under,21.5,-116,2025-11-29,2025-11-28T08:54:35Z
DraftKings,player_points_assists,Kyshawn George,Over,20.5,-114,2025-11-29,2025-11-28T08:54:35Z
DraftKings,player_points_assists,Kyshawn George,Under,20.5,-115,2025-11-29,2025-11-28T08:54:35Z
DraftKings,player_points_assists,T.J. McConnell,Over,18.5,-110,2025-11-29,2025-11-28T08:54:35Z
DraftKings,player_points_assists,T.J. McConnell,Under,18.5,-120,2025-11-29,2025-11-28T08:54:35Z
DraftKings,player_points_assists,Bilal Coulibaly,Over,13.5,-102,2025-11-29,2025-11-28T08:54:35Z
DraftKings,player_points_assists,Bilal Coulibaly,Under,13.5,-129,2025-11-29,2025-11-28T08:54:35Z
DraftKings,player_points_assists,Jarace Walker,Over,13.5,-101,2025-11-29,2025-11-28T08:54:35Z
DraftKings,player_points_assists,Jarace Walker,Under,13.5,-130,2025-11-29,2025-11-28T08:54:35Z
DraftKings,player_points_assists,Khris Middleton,Over,12.5,-114,2025-11-29,2025-11-28T08:54:35Z
DraftKings,player_points_assists,Khris Middleton,Under,12.5,-116,2025-11-29,2025-11-28T08:54:35Z
DraftKings,player_points_assists,Carlton Carrington,Over,10.5,-117,2025-11-29,2025-11-28T08:54:35Z
DraftKings,player_points_assists,Carlton Carrington,Under,10.5,-112,2025-11-29,2025-11-28T08:54:35Z
DraftKings,player_points_assists,Giannis Antetokounmpo,Over,36.5,-114,2025-11-29,2025-11-28T08:54:01Z
DraftKings,player_points_assists,Giannis Antetokounmpo,Under,36.5,-115,2025-11-29,2025-11-28T08:54:01Z
DraftKings,player_points_assists,Jalen Brunson,Over,36.5,-112,2025-11-29,2025-11-28T08:54:01Z
DraftKings,player_points_assists,Jalen Brunson,Under,36.5,-118,2025-11-29,2025-11-28T08:54:01Z
DraftKings,player_points_assists,Karl-Anthony Towns,Over,26.5,-125,2025-11-29,2025-11-28T08:54:01Z
DraftKings,player_points_assists,Karl-Anthony Towns,Under,26.5,-105,2025-11-29,2025-11-28T08:54:01Z
DraftKings,player_points_assists,Ryan Rollins,Over,24.5,-119,2025-11-29,2025-11-28T08:54:01Z
DraftKings,player_points_assists,Ryan Rollins,Under,24.5,-110,2025-11-29,2025-11-28T08:54:01Z
DraftKings,player_points_assists,Mikal Bridges,Over,20.5,-107,2025-11-29,2025-11-28T08:54:01Z
DraftKings,player_points_assists,Mikal Bridges,Under,20.5,-122,2025-11-29,2025-11-28T08:54:01Z
DraftKings,player_points_assists,Josh Hart,Over,17.5,-123,2025-11-29,2025-11-28T08:54:01Z
DraftKings,player_points_assists,Josh Hart,Under,17.5,-107,2025-11-29,2025-11-28T08:54:01Z
DraftKings,player_points_assists,Myles Turner,Over,15.5,-121,2025-11-29,2025-11-28T08:54:01Z
DraftKings,player_points_assists,Myles Turner,Under,15.5,-109,2025-11-29,2025-11-28T08:54:01Z
DraftKings,player_points_assists,Kyle Kuzma,Over,15.5,-104,2025-11-29,2025-11-28T08:54:01Z
DraftKings,player_points_assists,Kyle Kuzma,Under,15.5,-126,2025-11-29,2025-11-28T08:54:01Z
DraftKings,player_points_assists,Miles McBride,Over,13.5,-110,2025-11-29,2025-11-28T08:54:01Z
DraftKings,player_points_assists,Miles McBride,Under,13.5,-119,2025-11-29,2025-11-28T08:54:01Z
DraftKings,player_points_assists,A.J. Green,Over,11.5,-112,2025-11-29,2025-11-28T08:54:01Z
DraftKings,player_points_assists,A.J. Green,Under,11.5,-117,2025-11-29,2025-11-28T08:54:01Z
DraftKings,player_points_assists,Nikola Jokic,Over,41.5,-108,2025-11-29,2025-11-28T08:54:28Z
DraftKings,player_points_assists,Nikola Jokic,Under,41.5,-122,2025-11-29,2025-11-28T08:54:28Z
DraftKings,player_points_assists,De'Aaron Fox,Over,31.5,-113,2025-11-29,2025-11-28T08:54:28Z
DraftKings,player_points_assists,De'Aaron Fox,Under,31.5,-117,2025-11-29,2025-11-28T08:54:28Z
DraftKings,player_points_assists,Jamal Murray,Over,31.5,-105,2025-11-29,2025-11-28T08:54:28Z
DraftKings,player_points_assists,Jamal Murray,Under,31.5,-125,2025-11-29,2025-11-28T08:54:28Z
DraftKings,player_points_assists,Devin Vassell,Over,18.5,-125,2025-11-29,2025-11-28T08:54:28Z
DraftKings,player_points_assists,Devin Vassell,Under,18.5,-105,2025-11-29,2025-11-28T08:54:28Z
DraftKings,player_points_assists,Cameron Johnson,Over,16.5,-122,2025-11-29,2025-11-28T08:54:28Z
DraftKings,player_points_assists,Cameron Johnson,Under,16.5,-108,2025-11-29,2025-11-28T08:54:28Z
DraftKings,player_points_assists,Keldon Johnson,Over,15.5,-121,2025-11-29,2025-11-28T08:54:28Z
DraftKings,player_points_assists,Keldon Johnson,Under,15.5,-109,2025-11-29,2025-11-28T08:54:28Z
DraftKings,player_points_assists,Harrison Barnes,Over,15.5,-105,2025-11-29,2025-11-28T08:54:28Z
DraftKings,player_points_assists,Harrison Barnes,Under,15.5,-125,2025-11-29,2025-11-28T08:54:28Z
DraftKings,player_points_assists,Dylan Harper,Over,14.5,-105,2025-11-29,2025-11-28T08:54:28Z
DraftKings,player_points_assists,Dylan Harper,Under,14.5,-125,2025-11-29,2025-11-28T08:54:28Z
DraftKings,player_points_assists,Shai Gilgeous-Alexander,Over,37.5,-114,2025-11-29,2025-11-28T08:54:28Z
DraftKings,player_points_assists,Shai Gilgeous-Alexander,Under,37.5,-116,2025-11-29,2025-11-28T08:54:28Z
DraftKings,player_points_assists,Devin Booker,Over,31.5,-106,2025-11-29,2025-11-28T08:54:28Z
DraftKings,player_points_assists,Devin Booker,Under,31.5,-124,2025-11-29,2025-11-28T08:54:28Z
DraftKings,player_points_assists,Chet Holmgren,Over,18.5,-117,2025-11-29,2025-11-28T08:54:28Z
DraftKings,player_points_assists,Chet Holmgren,Under,18.5,-112,2025-11-29,2025-11-28T08:54:28Z
DraftKings,player_points_assists,Jalen Williams,Over,16.5,-108,2025-11-29,2025-11-28T08:54:28Z
DraftKings,player_points_assists,Jalen Williams,Under,16.5,-122,2025-11-29,2025-11-28T08:54:28Z
DraftKings,player_points_assists,Ajay Mitchell,Over,14.5,-129,2025-11-29,2025-11-28T08:54:28Z
DraftKings,player_points_assists,Ajay Mitchell,Under,14.5,-102,2025-11-29,2025-11-28T08:54:28Z
DraftKings,player_points_assists,Isaiah Hartenstein,Over,12.5,-134,2025-11-29,2025-11-28T08:54:28Z
DraftKings,player_points_assists,Isaiah Hartenstein,Under,12.5,101,2025-11-29,2025-11-28T08:54:28Z
DraftKings,player_points_assists,Royce O'Neale,Over,12.5,-103,2025-11-29,2025-11-28T08:54:28Z
DraftKings,player_points_assists,Royce O'Neale,Under,12.5,-128,2025-11-29,2025-11-28T08:54:28Z
DraftKings,player_points_assists,Cason Wallace,Over,9.5,-103,2025-11-29,2025-11-28T08:54:28Z
DraftKings,player_points_assists,Cason Wallace,Under,9.5,-128,2025-11-29,2025-11-28T08:54:28Z
DraftKings,player_points_assists,Alex Caruso,Over,7.5,-115,2025-11-29,2025-11-28T08:54:28Z
DraftKings,player_points_assists,Alex Caruso,Under,7.5,-114,2025-11-29,2025-11-28T08:54:28Z
DraftKings,player_points_assists,Lauri Markkanen,Over,29.5,-113,2025-11-29,2025-11-28T08:54:36Z
DraftKings,player_points_assists,Lauri Markkanen,Under,29.5,-116,2025-11-29,2025-11-28T08:54:36Z
DraftKings,player_points_assists,Keyonte George,Over,28.5,-118,2025-11-29,2025-11-28T08:54:36Z
DraftKings,player_points_assists,Keyonte George,Under,28.5,-112,2025-11-29,2025-11-28T08:54:36Z
DraftKings,player_points_assists,Zach LaVine,Over,23.5,-112,2025-11-29,2025-11-28T08:54:36Z
DraftKings,player_points_assists,Zach LaVine,Under,23.5,-118,2025-11-29,2025-11-28T08:54:36Z
DraftKings,player_points_assists,Russell Westbrook,Over,22.5,-115,2025-11-29,2025-11-28T08:54:36Z
DraftKings,player_points_assists,Russell Westbrook,Under,22.5,-114,2025-11-29,2025-11-28T08:54:36Z
DraftKings,player_points_assists,DeMar DeRozan,Over,22.5,-103,2025-11-29,2025-11-28T08:54:36Z
DraftKings,player_points_assists,DeMar DeRozan,Under,22.5,-127,2025-11-29,2025-11-28T08:54:36Z
DraftKings,player_points_assists,Keegan Murray,Over,18.5,-124,2025-11-29,2025-11-28T08:54:36Z
DraftKings,player_points_assists,Keegan Murray,Under,18.5,-106,2025-11-29,2025-11-28T08:54:36Z
DraftKings,player_points_assists,Dennis Schroder,Over,15.5,-112,2025-11-29,2025-11-28T08:54:36Z
DraftKings,player_points_assists,Dennis Schroder,Under,15.5,-118,2025-11-29,2025-11-28T08:54:36Z
DraftKings,player_points_assists,Ace Bailey,Over,14.5,-125,2025-11-29,2025-11-28T08:54:36Z
DraftKings,player_points_assists,Ace Bailey,Under,14.5,-105,2025-11-29,2025-11-28T08:54:36Z
DraftKings,player_points_assists,Isaiah Collier,Over,13.5,-128,2025-11-29,2025-11-28T08:54:36Z
DraftKings,player_points_assists,Isaiah Collier,Under,13.5,-103,2025-11-29,2025-11-28T08:54:36Z
DraftKings,player_points_assists,Jusuf Nurkic,Over,13.5,-111,2025-11-29,2025-11-28T08:54:36Z
DraftKings,player_points_assists,Jusuf Nurkic,Under,13.5,-119,2025-11-29,2025-11-28T08:54:36Z
DraftKings,player_points_assists,Svi Mykhailiuk,Over,9.5,-129,2025-11-29,2025-11-28T08:54:36Z
DraftKings,player_points_assists,Svi Mykhailiuk,Under,9.5,-102,2025-11-29,2025-11-28T08:54:36Z
DraftKings,player_points_assists,Luka Doncic,Over,42.5,-116,2025-11-29,2025-11-28T08:54:21Z
DraftKings,player_points_assists,Luka Doncic,Under,42.5,-113,2025-11-29,2025-11-28T08:54:21Z
DraftKings,player_points_assists,LeBron James,Over,27.5,-107,2025-11-29,2025-11-28T08:54:21Z
DraftKings,player_points_assists,LeBron James,Under,27.5,-123,2025-11-29,2025-11-28T08:54:21Z
DraftKings,player_points_assists,Austin Reaves,Over,26.5,-119,2025-11-29,2025-11-28T08:54:21Z
DraftKings,player_points_assists,Austin Reaves,Under,26.5,-111,2025-11-29,2025-11-28T08:54:21Z
DraftKings,player_points_assists,Anthony Davis,Over,22.5,-105,2025-11-29,2025-11-28T08:54:21Z
DraftKings,player_points_assists,Anthony Davis,Under,22.5,-126,2025-11-29,2025-11-28T08:54:21Z
DraftKings,player_points_assists,Cooper Flagg,Over,18.5,-123,2025-11-29,2025-11-28T08:54:21Z
DraftKings,player_points_assists,Cooper Flagg,Under,18.5,-107,2025-11-29,2025-11-28T08:54:21Z
DraftKings,player_points_assists,P.J. Washington,Over,17.5,-115,2025-11-29,2025-11-28T08:54:21Z
DraftKings,player_points_assists,P.J. Washington,Under,17.5,-114,2025-11-29,2025-11-28T08:54:21Z
DraftKings,player_points_assists,Brandon Williams,Over,15.5,-128,2025-11-29,2025-11-28T08:54:21Z
DraftKings,player_points_assists,Brandon Williams,Under,15.5,-103,2025-11-29,2025-11-28T08:54:21Z
DraftKings,player_points_assists,Naji Marshall,Over,12.5,-104,2025-11-29,2025-11-28T08:54:21Z
DraftKings,player_points_assists,Naji Marshall,Under,12.5,-127,2025-11-29,2025-11-28T08:54:21Z
DraftKings,player_points_assists,James Harden,Over,35.5,-108,2025-11-29,2025-11-28T08:54:22Z
DraftKings,player_points_assists,James Harden,Under,35.5,-122,2025-11-29,2025-11-28T08:54:22Z
DraftKings,player_points_assists,Kawhi Leonard,Over,24.5,-118,2025-11-29,2025-11-28T08:54:22Z
DraftKings,player_points_assists,Kawhi Leonard,Under,24.5,-112,2025-11-29,2025-11-28T08:54:22Z
DraftKings,player_points_assists,Ivica Zubac,Over,19.5,-121,2025-11-29,2025-11-28T08:54:22Z
DraftKings,player_points_assists,Ivica Zubac,Under,19.5,-109,2025-11-29,2025-11-28T08:54:22Z
DraftKings,player_points_assists,Cedric Coward,Over,16.5,-110,2025-11-29,2025-11-28T08:54:22Z
DraftKings,player_points_assists,Cedric Coward,Under,16.5,-119,2025-11-29,2025-11-28T08:54:22Z
DraftKings,player_points_assists,Vincent Williams Jr,Over,16.5,-110,2025-11-29,2025-11-28T08:54:22Z
DraftKings,player_points_assists,Vincent Williams Jr,Under,16.5,-119,2025-11-29,2025-11-28T08:54:22Z
DraftKings,player_points_assists,Santi Aldama,Over,15.5,-119,2025-11-29,2025-11-28T08:54:22Z
DraftKings,player_points_assists,Santi Aldama,Under,15.5,-111,2025-11-29,2025-11-28T08:54:22Z
FanDuel,player_rebounds_assists,Donovan Mitchell,Over,10.5,110,2025-11-29,2025-11-28T08:54:17Z
FanDuel,player_rebounds_assists,Donovan Mitchell,Under,10.5,-146,2025-11-29,2025-11-28T08:54:17Z
FanDuel,player_rebounds_assists,Evan Mobley,Over,12.5,-120,2025-11-29,2025-11-28T08:54:17Z
FanDuel,player_rebounds_assists,Evan Mobley,Under,12.5,-110,2025-11-29,2025-11-28T08:54:17Z
FanDuel,player_rebounds_assists,Jalen Johnson,Over,16.5,-114,2025-11-29,2025-11-28T08:54:17Z
FanDuel,player_rebounds_assists,Jalen Johnson,Under,16.5,-114,2025-11-29,2025-11-28T08:54:17Z
FanDuel,player_rebounds_assists,Dyson Daniels,Over,11.5,-102,2025-11-29,2025-11-28T08:54:17Z
FanDuel,player_rebounds_assists,Dyson Daniels,Under,11.5,-130,2025-11-29,2025-11-28T08:54:17Z
FanDuel,player_rebounds_assists,Quentin Grimes,Over,7.5,-112,2025-11-29,2025-11-28T08:53:57Z
FanDuel,player_rebounds_assists,Quentin Grimes,Under,7.5,-118,2025-11-29,2025-11-28T08:53:57Z
FanDuel,player_rebounds_assists,Tyrese Maxey,Over,11.5,-114,2025-11-29,2025-11-28T08:53:57Z
FanDuel,player_rebounds_assists,Tyrese Maxey,Under,11.5,-114,2025-11-29,2025-11-28T08:53:57Z
FanDuel,player_rebounds_assists,Egor Demin,Over,8.5,108,2025-11-29,2025-11-28T08:53:57Z
FanDuel,player_rebounds_assists,Egor Demin,Under,8.5,-144,2025-11-29,2025-11-28T08:53:57Z
FanDuel,player_rebounds_assists,Terance Mann,Over,7.5,-110,2025-11-29,2025-11-28T08:53:57Z
FanDuel,player_rebounds_assists,Terance Mann,Under,7.5,-120,2025-11-29,2025-11-28T08:53:57Z
FanDuel,player_rebounds_assists,Nicolas Claxton,Over,13.5,104,2025-11-29,2025-11-28T08:53:57Z
FanDuel,player_rebounds_assists,Nicolas Claxton,Under,13.5,-138,2025-11-29,2025-11-28T08:53:57Z
FanDuel,player_rebounds_assists,Paul George,Over,8.5,-108,2025-11-29,2025-11-28T08:53:57Z
FanDuel,player_rebounds_assists,Paul George,Under,8.5,-122,2025-11-29,2025-11-28T08:53:57Z
FanDuel,player_rebounds_assists,Kon Knueppel,Over,8.5,108,2025-11-29,2025-11-28T08:54:04Z
FanDuel,player_rebounds_assists,Kon Knueppel,Under,8.5,-144,2025-11-29,2025-11-28T08:54:04Z
FanDuel,player_rebounds_assists,Ayo Dosunmu,Over,6.5,114,2025-11-29,2025-11-28T08:54:04Z
FanDuel,player_rebounds_assists,Ayo Dosunmu,Under,6.5,-152,2025-11-29,2025-11-28T08:54:04Z
FanDuel,player_rebounds_assists,Nikola Vucevic,Over,13.5,100,2025-11-29,2025-11-28T08:54:04Z
FanDuel,player_rebounds_assists,Nikola Vucevic,Under,13.5,-132,2025-11-29,2025-11-28T08:54:04Z
FanDuel,player_rebounds_assists,LaMelo Ball,Over,12.5,-132,2025-11-29,2025-11-28T08:54:04Z
FanDuel,player_rebounds_assists,LaMelo Ball,Under,12.5,100,2025-11-29,2025-11-28T08:54:04Z
FanDuel,player_rebounds_assists,Brandon Miller,Over,7.5,100,2025-11-29,2025-11-28T08:54:04Z
FanDuel,player_rebounds_assists,Brandon Miller,Under,7.5,-132,2025-11-29,2025-11-28T08:54:04Z
FanDuel,player_rebounds_assists,Miles Bridges,Over,9.5,-128,2025-11-29,2025-11-28T08:54:04Z
FanDuel,player_rebounds_assists,Miles Bridges,Under,9.5,-104,2025-11-29,2025-11-28T08:54:04Z
FanDuel,player_rebounds_assists,Josh Giddey,Over,18.5,-106,2025-11-29,2025-11-28T08:54:04Z
FanDuel,player_rebounds_assists,Josh Giddey,Under,18.5,-125,2025-11-29,2025-11-28T08:54:04Z
FanDuel,player_rebounds_assists,Coby White,Over,8.5,-102,2025-11-29,2025-11-28T08:54:04Z
FanDuel,player_rebounds_assists,Coby White,Under,8.5,-130,2025-11-29,2025-11-28T08:54:04Z
FanDuel,player_rebounds_assists,Desmond Bane,Over,8.5,-108,2025-11-29,2025-11-28T08:54:01Z
FanDuel,player_rebounds_assists,Desmond Bane,Under,8.5,-122,2025-11-29,2025-11-28T08:54:01Z
FanDuel,player_rebounds_assists,Wendell Carter Jr,Over,9.5,-110,2025-11-29,2025-11-28T08:54:01Z
FanDuel,player_rebounds_assists,Wendell Carter Jr,Under,9.5,-120,2025-11-29,2025-11-28T08:54:01Z
FanDuel,player_rebounds_assists,Jalen Suggs,Over,9.5,-128,2025-11-29,2025-11-28T08:54:01Z
FanDuel,player_rebounds_assists,Jalen Suggs,Under,9.5,-104,2025-11-29,2025-11-28T08:54:01Z
FanDuel,player_rebounds_assists,Jalen Duren,Over,14.5,104,2025-11-29,2025-11-28T08:54:01Z
FanDuel,player_rebounds_assists,Jalen Duren,Under,14.5,-138,2025-11-29,2025-11-28T08:54:01Z
FanDuel,player_rebounds_assists,Tobias Harris,Over,6.5,-114,2025-11-29,2025-11-28T08:54:01Z
FanDuel,player_rebounds_assists,Tobias Harris,Under,6.5,-114,2025-11-29,2025-11-28T08:54:01Z
FanDuel,player_rebounds_assists,Ausar Thompson,Over,7.5,110,2025-11-29,2025-11-28T08:54:01Z
FanDuel,player_rebounds_assists,Ausar Thompson,Under,7.5,-146,2025-11-29,2025-11-28T08:54:01Z
FanDuel,player_rebounds_assists,Cade Cunningham,Over,14.5,-112,2025-11-29,2025-11-28T08:54:01Z
FanDuel,player_rebounds_assists,Cade Cunningham,Under,14.5,-118,2025-11-29,2025-11-28T08:54:01Z
FanDuel,player_rebounds_assists,Franz Wagner,Over,9.5,-125,2025-11-29,2025-11-28T08:54:01Z
FanDuel,player_rebounds_assists,Franz Wagner,Under,9.5,-106,2025-11-29,2025-11-28T08:54:01Z
FanDuel,player_rebounds_assists,C.J. McCollum,Over,7.5,112,2025-11-29,2025-11-28T08:54:11Z
FanDuel,player_rebounds_assists,C.J. McCollum,Under,7.5,-148,2025-11-29,2025-11-28T08:54:11Z
FanDuel,player_rebounds_assists,Khris Middleton,Over,7.5,116,2025-11-29,2025-11-28T08:54:11Z
FanDuel,player_rebounds_assists,Khris Middleton,Under,7.5,-152,2025-11-29,2025-11-28T08:54:11Z
FanDuel,player_rebounds_assists,Andrew Nembhard,Over,9.5,-122,2025-11-29,2025-11-28T08:54:11Z
FanDuel,player_rebounds_assists,Andrew Nembhard,Under,9.5,-108,2025-11-29,2025-11-28T08:54:11Z
FanDuel,player_rebounds_assists,Bilal Coulibaly,Over,7.5,-122,2025-11-29,2025-11-28T08:54:11Z
FanDuel,player_rebounds_assists,Bilal Coulibaly,Under,7.5,-108,2025-11-29,2025-11-28T08:54:11Z
FanDuel,player_rebounds_assists,Jarace Walker,Over,7.5,-130,2025-11-29,2025-11-28T08:54:11Z
FanDuel,player_rebounds_assists,Jarace Walker,Under,7.5,-102,2025-11-29,2025-11-28T08:54:11Z
FanDuel,player_rebounds_assists,Kyshawn George,Over,10.5,-112,2025-11-29,2025-11-28T08:54:11Z
FanDuel,player_rebounds_assists,Kyshawn George,Under,10.5,-118,2025-11-29,2025-11-28T08:54:11Z
FanDuel,player_rebounds_assists,Bennedict Mathurin,Over,7.5,-140,2025-11-29,2025-11-28T08:54:11Z
FanDuel,player_rebounds_assists,Bennedict Mathurin,Under,7.5,106,2025-11-29,2025-11-28T08:54:11Z
FanDuel,player_rebounds_assists,Pascal Siakam,Over,11.5,-136,2025-11-29,2025-11-28T08:54:11Z
FanDuel,player_rebounds_assists,Pascal Siakam,Under,11.5,102,2025-11-29,2025-11-28T08:54:11Z
FanDuel,player_rebounds_assists,Alex Sarr,Over,12.5,-118,2025-11-29,2025-11-28T08:54:11Z
FanDuel,player_rebounds_assists,Alex Sarr,Under,12.5,-112,2025-11-29,2025-11-28T08:54:11Z
FanDuel,player_rebounds_assists,Jalen Brunson,Over,9.5,-122,2025-11-29,2025-11-28T08:53:57Z
FanDuel,player_rebounds_assists,Jalen Brunson,Under,9.5,-108,2025-11-29,2025-11-28T08:53:57Z
FanDuel,player_rebounds_assists,Myles Turner,Over,7.5,-132,2025-11-29,2025-11-28T08:53:57Z
FanDuel,player_rebounds_assists,Myles Turner,Under,7.5,100,2025-11-29,2025-11-28T08:53:57Z
FanDuel,player_rebounds_assists,Giannis Antetokounmpo,Over,16.5,-120,2025-11-29,2025-11-28T08:53:57Z
FanDuel,player_rebounds_assists,Giannis Antetokounmpo,Under,16.5,-110,2025-11-29,2025-11-28T08:53:57Z
FanDuel,player_rebounds_assists,Kyle Kuzma,Over,6.5,116,2025-11-29,2025-11-28T08:53:57Z
FanDuel,player_rebounds_assists,Kyle Kuzma,Under,6.5,-154,2025-11-29,2025-11-28T08:53:57Z
FanDuel,player_rebounds_assists,Josh Hart,Over,13.5,-122,2025-11-29,2025-11-28T08:53:57Z
FanDuel,player_rebounds_assists,Josh Hart,Under,13.5,-108,2025-11-29,2025-11-28T08:53:57Z
FanDuel,player_rebounds_assists,Ryan Rollins,Over,9.5,-136,2025-11-29,2025-11-28T08:53:57Z
FanDuel,player_rebounds_assists,Ryan Rollins,Under,9.5,102,2025-11-29,2025-11-28T08:53:57Z
FanDuel,player_rebounds_assists,Karl-Anthony Towns,Over,14.5,-132,2025-11-29,2025-11-28T08:53:57Z
FanDuel,player_rebounds_assists,Karl-Anthony Towns,Under,14.5,100,2025-11-29,2025-11-28T08:53:57Z
FanDuel,player_rebounds_assists,A.J. Green,Over,3.5,-144,2025-11-29,2025-11-28T08:53:57Z
FanDuel,player_rebounds_assists,A.J. Green,Under,3.5,108,2025-11-29,2025-11-28T08:53:57Z
FanDuel,player_rebounds_assists,Mikal Bridges,Over,7.5,-154,2025-11-29,2025-11-28T08:53:57Z
FanDuel,player_rebounds_assists,Mikal Bridges,Under,7.5,116,2025-11-29,2025-11-28T08:53:57Z
FanDuel,player_rebounds_assists,Harrison Barnes,Over,5.5,-154,2025-11-29,2025-11-28T08:54:17Z
FanDuel,player_rebounds_assists,Harrison Barnes,Under,5.5,116,2025-11-29,2025-11-28T08:54:17Z
FanDuel,player_rebounds_assists,Keldon Johnson,Over,8.5,-112,2025-11-29,2025-11-28T08:54:17Z
FanDuel,player_rebounds_assists,Keldon Johnson,Under,8.5,-118,2025-11-29,2025-11-28T08:54:17Z
FanDuel,player_rebounds_assists,De'Aaron Fox,Over,10.5,-114,2025-11-29,2025-11-28T08:54:17Z
FanDuel,player_rebounds_assists,De'Aaron Fox,Under,10.5,-118,2025-11-29,2025-11-28T08:54:17Z
FanDuel,player_rebounds_assists,Jamal Murray,Over,10.5,-132,2025-11-29,2025-11-28T08:54:17Z
FanDuel,player_rebounds_assists,Jamal Murray,Under,10.5,100,2025-11-29,2025-11-28T08:54:17Z
FanDuel,player_rebounds_assists,Nikola Jokic,Over,23.5,-106,2025-11-29,2025-11-28T08:54:17Z
FanDuel,player_rebounds_assists,Nikola Jokic,Under,23.5,-125,2025-11-29,2025-11-28T08:54:17Z
FanDuel,player_rebounds_assists,Devin Vassell,Over,6.5,-136,2025-11-29,2025-11-28T08:54:17Z
FanDuel,player_rebounds_assists,Devin Vassell,Under,6.5,102,2025-11-29,2025-11-28T08:54:17Z
FanDuel,player_rebounds_assists,Cameron Johnson,Over,6.5,-148,2025-11-29,2025-11-28T08:54:17Z
FanDuel,player_rebounds_assists,Cameron Johnson,Under,6.5,112,2025-11-29,2025-11-28T08:54:17Z
FanDuel,player_rebounds_assists,Dylan Harper,Over,5.5,-130,2025-11-29,2025-11-28T08:54:17Z
FanDuel,player_rebounds_assists,Dylan Harper,Under,5.5,-102,2025-11-29,2025-11-28T08:54:17Z
FanDuel,player_rebounds_assists,Ajay Mitchell,Over,5.5,100,2025-11-29,2025-11-28T08:54:23Z
FanDuel,player_rebounds_assists,Ajay Mitchell,Under,5.5,-132,2025-11-29,2025-11-28T08:54:23Z
FanDuel,player_rebounds_assists,Alex Caruso,Over,4.5,104,2025-11-29,2025-11-28T08:54:23Z
FanDuel,player_rebounds_assists,Alex Caruso,Under,4.5,-138,2025-11-29,2025-11-28T08:54:23Z
FanDuel,player_rebounds_assists,Isaiah Hartenstein,Over,11.5,-118,2025-11-29,2025-11-28T08:54:23Z
FanDuel,player_rebounds_assists,Isaiah Hartenstein,Under,11.5,-112,2025-11-29,2025-11-28T08:54:23Z
FanDuel,player_rebounds_assists,Royce O'Neale,Over,7.5,-128,2025-11-29,2025-11-28T08:54:23Z
FanDuel,player_rebounds_assists,Royce O'Neale,Under,7.5,-104,2025-11-29,2025-11-28T08:54:23Z
FanDuel,player_rebounds_assists,Devin Booker,Over,10.5,-130,2025-11-29,2025-11-28T08:54:23Z
FanDuel,player_rebounds_assists,Devin Booker,Under,10.5,-102,2025-11-29,2025-11-28T08:54:23Z
FanDuel,player_rebounds_assists,Cason Wallace,Over,4.5,-110,2025-11-29,2025-11-28T08:54:23Z
FanDuel,player_rebounds_assists,Cason Wallace,Under,4.5,-120,2025-11-29,2025-11-28T08:54:23Z
FanDuel,player_rebounds_assists,Shai Gilgeous-Alexander,Over,10.5,-128,2025-11-29,2025-11-28T08:54:23Z
FanDuel,player_rebounds_assists,Shai Gilgeous-Alexander,Under,10.5,-104,2025-11-29,2025-11-28T08:54:23Z
FanDuel,player_rebounds_assists,Zach LaVine,Over,6.5,108,2025-11-29,2025-11-28T08:54:12Z
FanDuel,player_rebounds_assists,Zach LaVine,Under,6.5,-144,2025-11-29,2025-11-28T08:54:12Z
FanDuel,player_rebounds_assists,Jusuf Nurkic,Over,14.5,102,2025-11-29,2025-11-28T08:54:12Z
FanDuel,player_rebounds_assists,Jusuf Nurkic,Under,14.5,-136,2025-11-29,2025-11-28T08:54:12Z
FanDuel,player_rebounds_assists,Isaiah Collier,Over,8.5,-112,2025-11-29,2025-11-28T08:54:12Z
FanDuel,player_rebounds_assists,Isaiah Collier,Under,8.5,-118,2025-11-29,2025-11-28T08:54:12Z
FanDuel,player_rebounds_assists,DeMar DeRozan,Over,7.5,-106,2025-11-29,2025-11-28T08:54:12Z
FanDuel,player_rebounds_assists,DeMar DeRozan,Under,7.5,-125,2025-11-29,2025-11-28T08:54:12Z
FanDuel,player_rebounds_assists,Ace Bailey,Over,6.5,102,2025-11-29,2025-11-28T08:54:12Z
FanDuel,player_rebounds_assists,Ace Bailey,Under,6.5,-136,2025-11-29,2025-11-28T08:54:12Z
FanDuel,player_rebounds_assists,Keyonte George,Over,11.5,104,2025-11-29,2025-11-28T08:54:12Z
FanDuel,player_rebounds_assists,Keyonte George,Under,11.5,-138,2025-11-29,2025-11-28T08:54:12Z
FanDuel,player_rebounds_assists,Russell Westbrook,Over,15.5,-112,2025-11-29,2025-11-28T08:54:12Z
FanDuel,player_rebounds_assists,Russell Westbrook,Under,15.5,-118,2025-11-29,2025-11-28T08:54:12Z
FanDuel,player_rebounds_assists,Lauri Markkanen,Over,8.5,112,2025-11-29,2025-11-28T08:54:12Z
FanDuel,player_rebounds_assists,Lauri Markkanen,Under,8.5,-148,2025-11-29,2025-11-28T08:54:12Z
FanDuel,player_rebounds_assists,Svi Mykhailiuk,Over,4.5,-114,2025-11-29,2025-11-28T08:54:12Z
FanDuel,player_rebounds_assists,Svi Mykhailiuk,Under,4.5,-114,2025-11-29,2025-11-28T08:54:12Z
FanDuel,player_rebounds_assists,LeBron James,Over,12.5,-108,2025-11-29,2025-11-28T08:55:05Z
FanDuel,player_rebounds_assists,LeBron James,Under,12.5,-122,2025-11-29,2025-11-28T08:55:05Z
FanDuel,player_rebounds_assists,Luka Doncic,Over,16.5,-132,2025-11-29,2025-11-28T08:55:05Z
FanDuel,player_rebounds_assists,Luka Doncic,Under,16.5,100,2025-11-29,2025-11-28T08:55:05Z
FanDuel,player_rebounds_assists,Cooper Flagg,Over,9.5,-130,2025-11-29,2025-11-28T08:55:05Z
FanDuel,player_rebounds_assists,Cooper Flagg,Under,9.5,-102,2025-11-29,2025-11-28T08:55:05Z
FanDuel,player_rebounds_assists,P.J. Washington,Over,8.5,-110,2025-11-29,2025-11-28T08:55:05Z
FanDuel,player_rebounds_assists,P.J. Washington,Under,8.5,-120,2025-11-29,2025-11-28T08:55:05Z
FanDuel,player_rebounds_assists,Max Christie,Over,5.5,102,2025-11-29,2025-11-28T08:55:05Z
FanDuel,player_rebounds_assists,Max Christie,Under,5.5,-136,2025-11-29,2025-11-28T08:55:05Z
FanDuel,player_rebounds_assists,Brandon Williams,Over,6.5,-104,2025-11-29,2025-11-28T08:55:05Z
FanDuel,player_rebounds_assists,Brandon Williams,Under,6.5,-128,2025-11-29,2025-11-28T08:55:05Z
FanDuel,player_rebounds_assists,Austin Reaves,Over,8.5,-146,2025-11-29,2025-11-28T08:55:05Z
FanDuel,player_rebounds_assists,Austin Reaves,Under,8.5,110,2025-11-29,2025-11-28T08:55:05Z
FanDuel,player_rebounds_assists,Anthony Davis,Over,11.5,-132,2025-11-29,2025-11-28T08:55:05Z
FanDuel,player_rebounds_assists,Anthony Davis,Under,11.5,100,2025-11-29,2025-11-28T08:55:05Z
FanDuel,player_rebounds_assists,Naji Marshall,Over,6.5,-112,2025-11-29,2025-11-28T08:55:05Z
FanDuel,player_rebounds_assists,Naji Marshall,Under,6.5,-118,2025-11-29,2025-11-28T08:55:05Z
FanDuel,player_rebounds_assists,Kawhi Leonard,Over,7.5,-154,2025-11-29,2025-11-28T08:54:31Z
FanDuel,player_rebounds_assists,Kawhi Leonard,Under,7.5,116,2025-11-29,2025-11-28T08:54:31Z
FanDuel,player_rebounds_assists,Vincent Williams Jr,Over,11.5,-120,2025-11-29,2025-11-28T08:54:31Z
FanDuel,player_rebounds_assists,Vincent Williams Jr,Under,11.5,-110,2025-11-29,2025-11-28T08:54:31Z
FanDuel,player_rebounds_assists,Kris Dunn,Over,5.5,-144,2025-11-29,2025-11-28T08:54:31Z
FanDuel,player_rebounds_assists,Kris Dunn,Under,5.5,108,2025-11-29,2025-11-28T08:54:31Z
FanDuel,player_rebounds_assists,James Harden,Over,13.5,-130,2025-11-29,2025-11-28T08:54:31Z
FanDuel,player_rebounds_assists,James Harden,Under,13.5,-102,2025-11-29,2025-11-28T08:54:31Z
FanDuel,player_rebounds_assists,Ivica Zubac,Over,14.5,102,2025-11-29,2025-11-28T08:54:31Z
FanDuel,player_rebounds_assists,Ivica Zubac,Under,14.5,-136,2025-11-29,2025-11-28T08:54:31Z
FanDuel,player_rebounds_assists,Cedric Coward,Over,8.5,-112,2025-11-29,2025-11-28T08:54:31Z
FanDuel,player_rebounds_assists,Cedric Coward,Under,8.5,-118,2025-11-29,2025-11-28T08:54:31Z
DraftKings,player_rebounds_assists,Jalen Johnson,Over,16.5,-110,2025-11-29,2025-11-28T08:54:28Z
DraftKings,player_rebounds_assists,Jalen Johnson,Under,16.5,-119,2025-11-29,2025-11-28T08:54:28Z
DraftKings,player_rebounds_assists,Evan Mobley,Over,12.5,-118,2025-11-29,2025-11-28T08:54:28Z
DraftKings,player_rebounds_assists,Evan Mobley,Under,12.5,-111,2025-11-29,2025-11-28T08:54:28Z
DraftKings,player_rebounds_assists,Dyson Daniels,Over,11.5,101,2025-11-29,2025-11-28T08:54:28Z
DraftKings,player_rebounds_assists,Dyson Daniels,Under,11.5,-133,2025-11-29,2025-11-28T08:54:28Z
DraftKings,player_rebounds_assists,Donovan Mitchell,Over,10.5,-113,2025-11-29,2025-11-28T08:54:28Z
DraftKings,player_rebounds_assists,Donovan Mitchell,Under,10.5,-116,2025-11-29,2025-11-28T08:54:28Z
DraftKings,player_rebounds_assists,Jarrett Allen,Over,10.5,101,2025-11-29,2025-11-28T08:54:28Z
DraftKings,player_rebounds_assists,Jarrett Allen,Under,10.5,-133,2025-11-29,2025-11-28T08:54:28Z
DraftKings,player_rebounds_assists,Kristaps Porzingis,Over,9.5,-103,2025-11-29,2025-11-28T08:54:28Z
DraftKings,player_rebounds_assists,Kristaps Porzingis,Under,9.5,-128,2025-11-29,2025-11-28T08:54:28Z
DraftKings,player_rebounds_assists,Darius Garland,Over,8.5,-131,2025-11-29,2025-11-28T08:54:28Z
DraftKings,player_rebounds_assists,Darius Garland,Under,8.5,-101,2025-11-29,2025-11-28T08:54:28Z
DraftKings,player_rebounds_assists,Onyeka Okongwu,Over,8.5,105,2025-11-29,2025-11-28T08:54:28Z
DraftKings,player_rebounds_assists,Onyeka Okongwu,Under,8.5,-139,2025-11-29,2025-11-28T08:54:28Z
DraftKings,player_rebounds_assists,De'Andre Hunter,Over,7.5,114,2025-11-29,2025-11-28T08:54:28Z
DraftKings,player_rebounds_assists,De'Andre Hunter,Under,7.5,-151,2025-11-29,2025-11-28T08:54:28Z
DraftKings,player_rebounds_assists,Nickeil Alexander-Walker,Over,6.5,-117,2025-11-29,2025-11-28T08:54:28Z
DraftKings,player_rebounds_assists,Nickeil Alexander-Walker,Under,6.5,-112,2025-11-29,2025-11-28T08:54:28Z
DraftKings,player_rebounds_assists,Nicolas Claxton,Over,12.5,-130,2025-11-29,2025-11-28T08:53:53Z
DraftKings,player_rebounds_assists,Nicolas Claxton,Under,12.5,-101,2025-11-29,2025-11-28T08:53:53Z
DraftKings,player_rebounds_assists,Tyrese Maxey,Over,11.5,-116,2025-11-29,2025-11-28T08:53:53Z
DraftKings,player_rebounds_assists,Tyrese Maxey,Under,11.5,-114,2025-11-29,2025-11-28T08:53:53Z
DraftKings,player_rebounds_assists,Paul George,Over,8.5,-127,2025-11-29,2025-11-28T08:53:53Z
DraftKings,player_rebounds_assists,Paul George,Under,8.5,-103,2025-11-29,2025-11-28T08:53:53Z
DraftKings,player_rebounds_assists,Egor Demin,Over,8.5,100,2025-11-29,2025-11-28T08:53:53Z
DraftKings,player_rebounds_assists,Egor Demin,Under,8.5,-131,2025-11-29,2025-11-28T08:53:53Z
DraftKings,player_rebounds_assists,Quentin Grimes,Over,7.5,-123,2025-11-29,2025-11-28T08:53:53Z
DraftKings,player_rebounds_assists,Quentin Grimes,Under,7.5,-107,2025-11-29,2025-11-28T08:53:53Z
DraftKings,player_rebounds_assists,Terance Mann,Over,7.5,-101,2025-11-29,2025-11-28T08:53:53Z
DraftKings,player_rebounds_assists,Terance Mann,Under,7.5,-130,2025-11-29,2025-11-28T08:53:53Z
DraftKings,player_rebounds_assists,Tyrese Martin,Over,7.5,103,2025-11-29,2025-11-28T08:53:53Z
DraftKings,player_rebounds_assists,Tyrese Martin,Under,7.5,-136,2025-11-29,2025-11-28T08:53:53Z
DraftKings,player_rebounds_assists,Noah Clowney,Over,6.5,-145,2025-11-29,2025-11-28T08:53:53Z
DraftKings,player_rebounds_assists,Noah Clowney,Under,6.5,110,2025-11-29,2025-11-28T08:53:53Z
DraftKings,player_rebounds_assists,Josh Giddey,Over,18.5,-133,2025-11-29,2025-11-28T08:54:42Z
DraftKings,player_rebounds_assists,Josh Giddey,Under,18.5,101,2025-11-29,2025-11-28T08:54:42Z
DraftKings,player_rebounds_assists,Nikola Vucevic,Over,13.5,101,2025-11-29,2025-11-28T08:54:42Z
DraftKings,player_rebounds_assists,Nikola Vucevic,Under,13.5,-133,2025-11-29,2025-11-28T08:54:42Z
DraftKings,player_rebounds_assists,LaMelo Ball,Over,12.5,-120,2025-11-29,2025-11-28T08:54:42Z
DraftKings,player_rebounds_assists,LaMelo Ball,Under,12.5,-110,2025-11-29,2025-11-28T08:54:42Z
DraftKings,player_rebounds_assists,Miles Bridges,Over,9.5,-123,2025-11-29,2025-11-28T08:54:42Z
DraftKings,player_rebounds_assists,Miles Bridges,Under,9.5,-107,2025-11-29,2025-11-28T08:54:42Z
DraftKings,player_rebounds_assists,Coby White,Over,8.5,-113,2025-11-29,2025-11-28T08:54:42Z
DraftKings,player_rebounds_assists,Coby White,Under,8.5,-117,2025-11-29,2025-11-28T08:54:42Z
DraftKings,player_rebounds_assists,Kon Knueppel,Over,7.5,-126,2025-11-29,2025-11-28T08:54:42Z
DraftKings,player_rebounds_assists,Kon Knueppel,Under,7.5,-104,2025-11-29,2025-11-28T08:54:42Z
DraftKings,player_rebounds_assists,Brandon Miller,Over,7.5,103,2025-11-29,2025-11-28T08:54:42Z
DraftKings,player_rebounds_assists,Brandon Miller,Under,7.5,-135,2025-11-29,2025-11-28T08:54:42Z
DraftKings,player_rebounds_assists,Ayo Dosunmu,Over,6.5,112,2025-11-29,2025-11-28T08:54:42Z
DraftKings,player_rebounds_assists,Ayo Dosunmu,Under,6.5,-148,2025-11-29,2025-11-28T08:54:42Z
DraftKings,player_rebounds_assists,Kevin Huerter,Over,5.5,-111,2025-11-29,2025-11-28T08:54:42Z
DraftKings,player_rebounds_assists,Kevin Huerter,Under,5.5,-118,2025-11-29,2025-11-28T08:54:42Z
DraftKings,player_rebounds_assists,Collin Sexton,Over,5.5,109,2025-11-29,2025-11-28T08:54:42Z
DraftKings,player_rebounds_assists,Collin Sexton,Under,5.5,-144,2025-11-29,2025-11-28T08:54:42Z
DraftKings,player_rebounds_assists,Cade Cunningham,Over,14.5,-104,2025-11-29,2025-11-28T08:54:28Z
DraftKings,player_rebounds_assists,Cade Cunningham,Under,14.5,-127,2025-11-29,2025-11-28T08:54:28Z
DraftKings,player_rebounds_assists,Jalen Duren,Over,13.5,-134,2025-11-29,2025-11-28T08:54:28Z
DraftKings,player_rebounds_assists,Jalen Duren,Under,13.5,101,2025-11-29,2025-11-28T08:54:28Z
DraftKings,player_rebounds_assists,Franz Wagner,Over,9.5,-133,2025-11-29,2025-11-28T08:54:28Z
DraftKings,player_rebounds_assists,Franz Wagner,Under,9.5,101,2025-11-29,2025-11-28T08:54:28Z
DraftKings,player_rebounds_assists,Jalen Suggs,Over,9.5,-131,2025-11-29,2025-11-28T08:54:28Z
DraftKings,player_rebounds_assists,Jalen Suggs,Under,9.5,-101,2025-11-29,2025-11-28T08:54:28Z
DraftKings,player_rebounds_assists,Desmond Bane,Over,8.5,-105,2025-11-29,2025-11-28T08:54:28Z
DraftKings,player_rebounds_assists,Desmond Bane,Under,8.5,-126,2025-11-29,2025-11-28T08:54:28Z
DraftKings,player_rebounds_assists,Ausar Thompson,Over,7.5,-108,2025-11-29,2025-11-28T08:54:28Z
DraftKings,player_rebounds_assists,Ausar Thompson,Under,7.5,-122,2025-11-29,2025-11-28T08:54:28Z
DraftKings,player_rebounds_assists,Tobias Harris,Over,6.5,-120,2025-11-29,2025-11-28T08:54:28Z
DraftKings,player_rebounds_assists,Tobias Harris,Under,6.5,-110,2025-11-29,2025-11-28T08:54:28Z
DraftKings,player_rebounds_assists,Anthony Black,Over,5.5,-149,2025-11-29,2025-11-28T08:54:28Z
DraftKings,player_rebounds_assists,Anthony Black,Under,5.5,113,2025-11-29,2025-11-28T08:54:28Z
DraftKings,player_rebounds_assists,Jaden Ivey,Over,5.5,115,2025-11-29,2025-11-28T08:54:28Z
DraftKings,player_rebounds_assists,Jaden Ivey,Under,5.5,-152,2025-11-29,2025-11-28T08:54:28Z
DraftKings,player_rebounds_assists,Caris LeVert,Over,4.5,-118,2025-11-29,2025-11-28T08:54:28Z
DraftKings,player_rebounds_assists,Caris LeVert,Under,4.5,-112,2025-11-29,2025-11-28T08:54:28Z
DraftKings,player_rebounds_assists,Alex Sarr,Over,12.5,-103,2025-11-29,2025-11-28T08:54:35Z
DraftKings,player_rebounds_assists,Alex Sarr,Under,12.5,-128,2025-11-29,2025-11-28T08:54:35Z
DraftKings,player_rebounds_assists,Pascal Siakam,Over,11.5,-128,2025-11-29,2025-11-28T08:54:35Z
DraftKings,player_rebounds_assists,Pascal Siakam,Under,11.5,-102,2025-11-29,2025-11-28T08:54:35Z
DraftKings,player_rebounds_assists,Kyshawn George,Over,10.5,-106,2025-11-29,2025-11-28T08:54:35Z
DraftKings,player_rebounds_assists,Kyshawn George,Under,10.5,-124,2025-11-29,2025-11-28T08:54:35Z
DraftKings,player_rebounds_assists,Andrew Nembhard,Over,9.5,-121,2025-11-29,2025-11-28T08:54:35Z
DraftKings,player_rebounds_assists,Andrew Nembhard,Under,9.5,-108,2025-11-29,2025-11-28T08:54:35Z
DraftKings,player_rebounds_assists,T.J. McConnell,Over,8.5,-136,2025-11-29,2025-11-28T08:54:35Z
DraftKings,player_rebounds_assists,T.J. McConnell,Under,8.5,103,2025-11-29,2025-11-28T08:54:35Z
DraftKings,player_rebounds_assists,Bennedict Mathurin,Over,7.5,-148,2025-11-29,2025-11-28T08:54:35Z
DraftKings,player_rebounds_assists,Bennedict Mathurin,Under,7.5,112,2025-11-29,2025-11-28T08:54:35Z
DraftKings,player_rebounds_assists,Jarace Walker,Over,7.5,-136,2025-11-29,2025-11-28T08:54:35Z
DraftKings,player_rebounds_assists,Jarace Walker,Under,7.5,103,2025-11-29,2025-11-28T08:54:35Z
DraftKings,player_rebounds_assists,Carlton Carrington,Over,7.5,-116,2025-11-29,2025-11-28T08:54:35Z
DraftKings,player_rebounds_assists,Carlton Carrington,Under,7.5,-113,2025-11-29,2025-11-28T08:54:35Z
DraftKings,player_rebounds_assists,Bilal Coulibaly,Over,7.5,-111,2025-11-29,2025-11-28T08:54:35Z
DraftKings,player_rebounds_assists,Bilal Coulibaly,Under,7.5,-119,2025-11-29,2025-11-28T08:54:35Z
DraftKings,player_rebounds_assists,Khris Middleton,Over,7.5,109,2025-11-29,2025-11-28T08:54:35Z
DraftKings,player_rebounds_assists,Khris Middleton,Under,7.5,-143,2025-11-29,2025-11-28T08:54:35Z
DraftKings,player_rebounds_assists,C.J. McCollum,Over,6.5,-144,2025-11-29,2025-11-28T08:54:35Z
DraftKings,player_rebounds_assists,C.J. McCollum,Under,6.5,109,2025-11-29,2025-11-28T08:54:35Z
DraftKings,player_rebounds_assists,Giannis Antetokounmpo,Over,16.5,-120,2025-11-29,2025-11-28T08:54:01Z
DraftKings,player_rebounds_assists,Giannis Antetokounmpo,Under,16.5,-110,2025-11-29,2025-11-28T08:54:01Z
DraftKings,player_rebounds_assists,Karl-Anthony Towns,Over,14.5,-125,2025-11-29,2025-11-28T08:54:01Z
DraftKings,player_rebounds_assists,Karl-Anthony Towns,Under,14.5,-105,2025-11-29,2025-11-28T08:54:01Z
DraftKings,player_rebounds_assists,Josh Hart,Over,13.5,-123,2025-11-29,2025-11-28T08:54:01Z
DraftKings,player_rebounds_assists,Josh Hart,Under,13.5,-107,2025-11-29,2025-11-28T08:54:01Z
DraftKings,player_rebounds_assists,Ryan Rollins,Over,9.5,-130,2025-11-29,2025-11-28T08:54:01Z
DraftKings,player_rebounds_assists,Ryan Rollins,Under,9.5,-101,2025-11-29,2025-11-28T08:54:01Z
DraftKings,player_rebounds_assists,Jalen Brunson,Over,9.5,-112,2025-11-29,2025-11-28T08:54:01Z
DraftKings,player_rebounds_assists,Jalen Brunson,Under,9.5,-118,2025-11-29,2025-11-28T08:54:01Z
DraftKings,player_rebounds_assists,Mikal Bridges,Over,7.5,-141,2025-11-29,2025-11-28T08:54:01Z
DraftKings,player_rebounds_assists,Mikal Bridges,Under,7.5,107,2025-11-29,2025-11-28T08:54:01Z
DraftKings,player_rebounds_assists,Myles Turner,Over,7.5,-131,2025-11-29,2025-11-28T08:54:01Z
DraftKings,player_rebounds_assists,Myles Turner,Under,7.5,-101,2025-11-29,2025-11-28T08:54:01Z
DraftKings,player_rebounds_assists,Kyle Kuzma,Over,5.5,-147,2025-11-29,2025-11-28T08:54:01Z
DraftKings,player_rebounds_assists,Kyle Kuzma,Under,5.5,111,2025-11-29,2025-11-28T08:54:01Z
DraftKings,player_rebounds_assists,Miles McBride,Over,5.5,104,2025-11-29,2025-11-28T08:54:01Z
DraftKings,player_rebounds_assists,Miles McBride,Under,5.5,-138,2025-11-29,2025-11-28T08:54:01Z
DraftKings,player_rebounds_assists,Nikola Jokic,Over,23.5,-111,2025-11-29,2025-11-28T08:54:28Z
DraftKings,player_rebounds_assists,Nikola Jokic,Under,23.5,-119,2025-11-29,2025-11-28T08:54:28Z
DraftKings,player_rebounds_assists,Jamal Murray,Over,10.5,-123,2025-11-29,2025-11-28T08:54:28Z
DraftKings,player_rebounds_assists,Jamal Murray,Under,10.5,-107,2025-11-29,2025-11-28T08:54:28Z
DraftKings,player_rebounds_assists,De'Aaron Fox,Over,10.5,-109,2025-11-29,2025-11-28T08:54:28Z
DraftKings,player_rebounds_assists,De'Aaron Fox,Under,10.5,-121,2025-11-29,2025-11-28T08:54:28Z
DraftKings,player_rebounds_assists,Keldon Johnson,Over,8.5,-105,2025-11-29,2025-11-28T08:54:28Z
DraftKings,player_rebounds_assists,Keldon Johnson,Under,8.5,-125,2025-11-29,2025-11-28T08:54:28Z
DraftKings,player_rebounds_assists,Devin Vassell,Over,6.5,-137,2025-11-29,2025-11-28T08:54:28Z
DraftKings,player_rebounds_assists,Devin Vassell,Under,6.5,104,2025-11-29,2025-11-28T08:54:28Z
DraftKings,player_rebounds_assists,Cameron Johnson,Over,6.5,-130,2025-11-29,2025-11-28T08:54:28Z
DraftKings,player_rebounds_assists,Cameron Johnson,Under,6.5,-101,2025-11-29,2025-11-28T08:54:28Z
DraftKings,player_rebounds_assists,Harrison Barnes,Over,6.5,110,2025-11-29,2025-11-28T08:54:28Z
DraftKings,player_rebounds_assists,Harrison Barnes,Under,6.5,-144,2025-11-29,2025-11-28T08:54:28Z
DraftKings,player_rebounds_assists,Dylan Harper,Over,5.5,-128,2025-11-29,2025-11-28T08:54:28Z
DraftKings,player_rebounds_assists,Dylan Harper,Under,5.5,-103,2025-11-29,2025-11-28T08:54:28Z
DraftKings,player_rebounds_assists,Isaiah Hartenstein,Over,11.5,-122,2025-11-29,2025-11-28T08:54:28Z
DraftKings,player_rebounds_assists,Isaiah Hartenstein,Under,11.5,-108,2025-11-29,2025-11-28T08:54:28Z
DraftKings,player_rebounds_assists,Devin Booker,Over,10.5,-128,2025-11-29,2025-11-28T08:54:28Z
DraftKings,player_rebounds_assists,Devin Booker,Under,10.5,-102,2025-11-29,2025-11-28T08:54:28Z
DraftKings,player_rebounds_assists,Shai Gilgeous-Alexander,Over,10.5,-116,2025-11-29,2025-11-28T08:54:28Z
DraftKings,player_rebounds_assists,Shai Gilgeous-Alexander,Under,10.5,-113,2025-11-29,2025-11-28T08:54:28Z
DraftKings,player_rebounds_assists,Chet Holmgren,Over,9.5,103,2025-11-29,2025-11-28T08:54:28Z
DraftKings,player_rebounds_assists,Chet Holmgren,Under,9.5,-136,2025-11-29,2025-11-28T08:54:28Z
DraftKings,player_rebounds_assists,Royce O'Neale,Over,7.5,-122,2025-11-29,2025-11-28T08:54:28Z
DraftKings,player_rebounds_assists,Royce O'Neale,Under,7.5,-108,2025-11-29,2025-11-28T08:54:28Z
DraftKings,player_rebounds_assists,Jalen Williams,Over,6.5,101,2025-11-29,2025-11-28T08:54:28Z
DraftKings,player_rebounds_assists,Jalen Williams,Under,6.5,-133,2025-11-29,2025-11-28T08:54:28Z
DraftKings,player_rebounds_assists,Ajay Mitchell,Over,5.5,-102,2025-11-29,2025-11-28T08:54:28Z
DraftKings,player_rebounds_assists,Ajay Mitchell,Under,5.5,-129,2025-11-29,2025-11-28T08:54:28Z
DraftKings,player_rebounds_assists,Cason Wallace,Over,4.5,-108,2025-11-29,2025-11-28T08:54:28Z
DraftKings,player_rebounds_assists,Cason Wallace,Under,4.5,-122,2025-11-29,2025-11-28T08:54:28Z
DraftKings,player_rebounds_assists,Alex Caruso,Over,4.5,102,2025-11-29,2025-11-28T08:54:28Z
DraftKings,player_rebounds_assists,Alex Caruso,Under,4.5,-134,2025-11-29,2025-11-28T08:54:28Z
DraftKings,player_rebounds_assists,Russell Westbrook,Over,15.5,101,2025-11-29,2025-11-28T08:54:36Z
DraftKings,player_rebounds_assists,Russell Westbrook,Under,15.5,-133,2025-11-29,2025-11-28T08:54:36Z
DraftKings,player_rebounds_assists,Jusuf Nurkic,Over,14.5,-108,2025-11-29,2025-11-28T08:54:36Z
DraftKings,player_rebounds_assists,Jusuf Nurkic,Under,14.5,-122,2025-11-29,2025-11-28T08:54:36Z
DraftKings,player_rebounds_assists,Keyonte George,Over,11.5,-104,2025-11-29,2025-11-28T08:54:36Z
DraftKings,player_rebounds_assists,Keyonte George,Under,11.5,-126,2025-11-29,2025-11-28T08:54:36Z
DraftKings,player_rebounds_assists,Isaiah Collier,Over,8.5,-109,2025-11-29,2025-11-28T08:54:36Z
DraftKings,player_rebounds_assists,Isaiah Collier,Under,8.5,-121,2025-11-29,2025-11-28T08:54:36Z
DraftKings,player_rebounds_assists,Lauri Markkanen,Over,8.5,-101,2025-11-29,2025-11-28T08:54:36Z
DraftKings,player_rebounds_assists,Lauri Markkanen,Under,8.5,-131,2025-11-29,2025-11-28T08:54:36Z
DraftKings,player_rebounds_assists,Keegan Murray,Over,8.5,110,2025-11-29,2025-11-28T08:54:36Z
DraftKings,player_rebounds_assists,Keegan Murray,Under,8.5,-145,2025-11-29,2025-11-28T08:54:36Z
DraftKings,player_rebounds_assists,Dennis Schroder,Over,7.5,-110,2025-11-29,2025-11-28T08:54:36Z
DraftKings,player_rebounds_assists,Dennis Schroder,Under,7.5,-120,2025-11-29,2025-11-28T08:54:36Z
DraftKings,player_rebounds_assists,DeMar DeRozan,Over,7.5,103,2025-11-29,2025-11-28T08:54:36Z
DraftKings,player_rebounds_assists,DeMar DeRozan,Under,7.5,-136,2025-11-29,2025-11-28T08:54:36Z
DraftKings,player_rebounds_assists,Ace Bailey,Over,6.5,-112,2025-11-29,2025-11-28T08:54:36Z
DraftKings,player_rebounds_assists,Ace Bailey,Under,6.5,-118,2025-11-29,2025-11-28T08:54:36Z
DraftKings,player_rebounds_assists,Zach LaVine,Over,6.5,-101,2025-11-29,2025-11-28T08:54:36Z
DraftKings,player_rebounds_assists,Zach LaVine,Under,6.5,-131,2025-11-29,2025-11-28T08:54:36Z
DraftKings,player_rebounds_assists,Svi Mykhailiuk,Over,4.5,-127,2025-11-29,2025-11-28T08:54:36Z
DraftKings,player_rebounds_assists,Svi Mykhailiuk,Under,4.5,-104,2025-11-29,2025-11-28T08:54:36Z
DraftKings,player_rebounds_assists,Luka Doncic,Over,16.5,-123,2025-11-29,2025-11-28T08:54:21Z
DraftKings,player_rebounds_assists,Luka Doncic,Under,16.5,-107,2025-11-29,2025-11-28T08:54:21Z
DraftKings,player_rebounds_assists,LeBron James,Over,12.5,-125,2025-11-29,2025-11-28T08:54:21Z
DraftKings,player_rebounds_assists,LeBron James,Under,12.5,-105,2025-11-29,2025-11-28T08:54:21Z
DraftKings,player_rebounds_assists,Anthony Davis,Over,12.5,100,2025-11-29,2025-11-28T08:54:21Z
DraftKings,player_rebounds_assists,Anthony Davis,Under,12.5,-132,2025-11-29,2025-11-28T08:54:21Z
DraftKings,player_rebounds_assists,Cooper Flagg,Over,9.5,-133,2025-11-29,2025-11-28T08:54:21Z
DraftKings,player_rebounds_assists,Cooper Flagg,Under,9.5,101,2025-11-29,2025-11-28T08:54:21Z
DraftKings,player_rebounds_assists,Austin Reaves,Over,9.5,108,2025-11-29,2025-11-28T08:54:21Z
DraftKings,player_rebounds_assists,Austin Reaves,Under,9.5,-142,2025-11-29,2025-11-28T08:54:21Z
DraftKings,player_rebounds_assists,P.J. Washington,Over,8.5,-115,2025-11-29,2025-11-28T08:54:21Z
DraftKings,player_rebounds_assists,P.J. Washington,Under,8.5,-114,2025-11-29,2025-11-28T08:54:21Z
DraftKings,player_rebounds_assists,Naji Marshall,Over,6.5,-110,2025-11-29,2025-11-28T08:54:21Z
DraftKings,player_rebounds_assists,Naji Marshall,Under,6.5,-119,2025-11-29,2025-11-28T08:54:21Z
DraftKings,player_rebounds_assists,Ivica Zubac,Over,14.5,100,2025-11-29,2025-11-28T08:54:22Z
DraftKings,player_rebounds_assists,Ivica Zubac,Under,14.5,-131,2025-11-29,2025-11-28T08:54:22Z
DraftKings,player_rebounds_assists,James Harden,Over,13.5,-118,2025-11-29,2025-11-28T08:54:22Z
DraftKings,player_rebounds_assists,James Harden,Under,13.5,-111,2025-11-29,2025-11-28T08:54:22Z
DraftKings,player_rebounds_assists,Vincent Williams Jr,Over,11.5,-135,2025-11-29,2025-11-28T08:54:22Z
DraftKings,player_rebounds_assists,Vincent Williams Jr,Under,11.5,103,2025-11-29,2025-11-28T08:54:22Z
DraftKings,player_rebounds_assists,Santi Aldama,Over,8.5,-129,2025-11-29,2025-11-28T08:54:22Z
DraftKings,player_rebounds_assists,Santi Aldama,Under,8.5,-102,2025-11-29,2025-11-28T08:54:22Z
DraftKings,player_rebounds_assists,Cedric Coward,Over,8.5,-108,2025-11-29,2025-11-28T08:54:22Z
DraftKings,player_rebounds_assists,Cedric Coward,Under,8.5,-122,2025-11-29,2025-11-28T08:54:22Z
DraftKings,player_rebounds_assists,Kawhi Leonard,Over,8.5,109,2025-11-29,2025-11-28T08:54:22Z
DraftKings,player_rebounds_assists,Kawhi Leonard,Under,8.5,-143,2025-11-29,2025-11-28T08:54:22Z
DraftKings,player_blocks_steals,Dyson Daniels,Over,2.5,-158,2025-11-29,2025-11-28T08:54:28Z
DraftKings,player_blocks_steals,Dyson Daniels,Under,2.5,119,2025-11-29,2025-11-28T08:54:28Z
DraftKings,player_blocks_steals,Evan Mobley,Over,2.5,-113,2025-11-29,2025-11-28T08:54:28Z
DraftKings,player_blocks_steals,Evan Mobley,Under,2.5,-117,2025-11-29,2025-11-28T08:54:28Z
DraftKings,player_blocks_steals,Jalen Johnson,Over,1.5,102,2025-11-29,2025-11-28T08:54:28Z
DraftKings,player_blocks_steals,Jalen Johnson,Under,1.5,-135,2025-11-29,2025-11-28T08:54:28Z
DraftKings,player_blocks_steals,Nicolas Claxton,Over,2.5,106,2025-11-29,2025-11-28T08:53:53Z
DraftKings,player_blocks_steals,Nicolas Claxton,Under,2.5,-141,2025-11-29,2025-11-28T08:53:53Z
DraftKings,player_blocks_steals,Matas Buzelis,Over,2.5,125,2025-11-29,2025-11-28T08:54:42Z
DraftKings,player_blocks_steals,Matas Buzelis,Under,2.5,-166,2025-11-29,2025-11-28T08:54:42Z
DraftKings,player_blocks_steals,Miles Bridges,Over,1.5,120,2025-11-29,2025-11-28T08:54:42Z
DraftKings,player_blocks_steals,Miles Bridges,Under,1.5,-159,2025-11-29,2025-11-28T08:54:42Z
DraftKings,player_blocks_steals,Nikola Vucevic,Over,1.5,130,2025-11-29,2025-11-28T08:54:42Z
DraftKings,player_blocks_steals,Nikola Vucevic,Under,1.5,-174,2025-11-29,2025-11-28T08:54:42Z
DraftKings,player_blocks_steals,Mikal Bridges,Over,2.5,-104,2025-11-29,2025-11-28T08:54:01Z
DraftKings,player_blocks_steals,Mikal Bridges,Under,2.5,-128,2025-11-29,2025-11-28T08:54:01Z
DraftKings,player_blocks_steals,Giannis Antetokounmpo,Over,1.5,-182,2025-11-29,2025-11-28T08:54:01Z
DraftKings,player_blocks_steals,Giannis Antetokounmpo,Under,1.5,136,2025-11-29,2025-11-28T08:54:01Z
DraftKings,player_blocks_steals,Karl-Anthony Towns,Over,1.5,-107,2025-11-29,2025-11-28T08:54:01Z
DraftKings,player_blocks_steals,Karl-Anthony Towns,Under,1.5,-124,2025-11-29,2025-11-28T08:54:01Z
DraftKings,player_blocks_steals,Nikola Jokic,Over,2.5,119,2025-11-29,2025-11-28T08:54:28Z
DraftKings,player_blocks_steals,Nikola Jokic,Under,2.5,-158,2025-11-29,2025-11-28T08:54:28Z
DraftKings,player_blocks_steals,Ace Bailey,Over,1.5,110,2025-11-29,2025-11-28T08:54:36Z
DraftKings,player_blocks_steals,Ace Bailey,Under,1.5,-147,2025-11-29,2025-11-28T08:54:36Z
DraftKings,player_blocks_steals,Kawhi Leonard,Over,1.5,-157,2025-11-29,2025-11-28T08:54:22Z
DraftKings,player_blocks_steals,Kawhi Leonard,Under,1.5,118,2025-11-29,2025-11-28T08:54:22Z
DraftKings,player_blocks_steals,Ivica Zubac,Over,1.5,-130,2025-11-29,2025-11-28T08:54:22Z
DraftKings,player_blocks_steals,Ivica Zubac,Under,1.5,-102,2025-11-29,2025-11-28T08:54:22Z
