BOOKMAKER,CATEGORY,NAME,OVER/UNDER,LINE,ODDS,COMMENCE_TIME,LAST_UPDATE
FanDuel,player_points,C.J. McCollum,Over,17.5,-122,2025-11-26,2025-11-25T18:32:47Z
FanDuel,player_points,C.J. McCollum,Under,17.5,-108,2025-11-26,2025-11-25T18:32:47Z
FanDuel,player_points,Bilal Coulibaly,Over,10.5,100,2025-11-26,2025-11-25T18:32:47Z
FanDuel,player_points,Bilal Coulibaly,Under,10.5,-132,2025-11-26,2025-11-25T18:32:47Z
FanDuel,player_points,Alex Sarr,Over,17.5,-112,2025-11-26,2025-11-25T18:32:47Z
FanDuel,player_points,Alex Sarr,Under,17.5,-118,2025-11-26,2025-11-25T18:32:47Z
FanDuel,player_points,Corey Kispert,Over,8.5,104,2025-11-26,2025-11-25T18:32:47Z
FanDuel,player_points,Corey Kispert,Under,8.5,-138,2025-11-26,2025-11-25T18:32:47Z
FanDuel,player_points,Kyshawn George,Over,14.5,-114,2025-11-26,2025-11-25T18:32:47Z
FanDuel,player_points,Kyshawn George,Under,14.5,-114,2025-11-26,2025-11-25T18:32:47Z
FanDuel,player_points,Cam Whitmore,Over,11.5,-102,2025-11-26,2025-11-25T18:32:47Z
FanDuel,player_points,Cam Whitmore,Under,11.5,-130,2025-11-26,2025-11-25T18:32:47Z
FanDuel,player_points,Khris Middleton,Over,9.5,102,2025-11-26,2025-11-25T18:32:47Z
FanDuel,player_points,Khris Middleton,Under,9.5,-136,2025-11-26,2025-11-25T18:32:47Z
FanDuel,player_points,Nickeil Alexander-Walker,Over,18.5,-106,2025-11-26,2025-11-25T18:32:47Z
FanDuel,player_points,Nickeil Alexander-Walker,Under,18.5,-125,2025-11-26,2025-11-25T18:32:47Z
FanDuel,player_points,Jalen Johnson,Over,23.5,-118,2025-11-26,2025-11-25T18:32:47Z
FanDuel,player_points,Jalen Johnson,Under,23.5,-112,2025-11-26,2025-11-25T18:32:47Z
FanDuel,player_points,Dyson Daniels,Over,11.5,-125,2025-11-26,2025-11-25T18:32:47Z
FanDuel,player_points,Dyson Daniels,Under,11.5,-106,2025-11-26,2025-11-25T18:32:47Z
FanDuel,player_points,Onyeka Okongwu,Over,14.5,-122,2025-11-26,2025-11-25T18:32:47Z
FanDuel,player_points,Onyeka Okongwu,Under,14.5,-108,2025-11-26,2025-11-25T18:32:47Z
FanDuel,player_points,Kristaps Porzingis,Over,18.5,-132,2025-11-26,2025-11-25T18:32:47Z
FanDuel,player_points,Kristaps Porzingis,Under,18.5,100,2025-11-26,2025-11-25T18:32:47Z
FanDuel,player_points,Carlton Carrington,Over,7.5,-102,2025-11-26,2025-11-25T18:32:47Z
FanDuel,player_points,Carlton Carrington,Under,7.5,-130,2025-11-26,2025-11-25T18:32:47Z
FanDuel,player_points,Zaccharie Risacher,Over,11.5,100,2025-11-26,2025-11-25T18:32:47Z
FanDuel,player_points,Zaccharie Risacher,Under,11.5,-132,2025-11-26,2025-11-25T18:32:47Z
FanDuel,player_points,Vit Krejci,Over,9.5,-114,2025-11-26,2025-11-25T18:32:47Z
FanDuel,player_points,Vit Krejci,Under,9.5,-114,2025-11-26,2025-11-25T18:32:47Z
FanDuel,player_points,Franz Wagner,Over,24.5,-112,2025-11-26,2025-11-25T18:32:43Z
FanDuel,player_points,Franz Wagner,Under,24.5,-118,2025-11-26,2025-11-25T18:32:43Z
FanDuel,player_points,Goga Bitadze,Over,5.5,-104,2025-11-26,2025-11-25T18:32:43Z
FanDuel,player_points,Goga Bitadze,Under,5.5,-128,2025-11-26,2025-11-25T18:32:43Z
FanDuel,player_points,Jalen Suggs,Over,16.5,-114,2025-11-26,2025-11-25T18:32:43Z
FanDuel,player_points,Jalen Suggs,Under,16.5,-114,2025-11-26,2025-11-25T18:32:43Z
FanDuel,player_points,Tyrese Maxey,Over,32.5,-102,2025-11-26,2025-11-25T18:32:43Z
FanDuel,player_points,Tyrese Maxey,Under,32.5,-130,2025-11-26,2025-11-25T18:32:43Z
FanDuel,player_points,Anthony Black,Over,12.5,-125,2025-11-26,2025-11-25T18:32:43Z
FanDuel,player_points,Anthony Black,Under,12.5,-106,2025-11-26,2025-11-25T18:32:43Z
FanDuel,player_points,Tristan da Silva,Over,12.5,-106,2025-11-26,2025-11-25T18:32:43Z
FanDuel,player_points,Tristan da Silva,Under,12.5,-125,2025-11-26,2025-11-25T18:32:43Z
FanDuel,player_points,Quentin Grimes,Over,16.5,-125,2025-11-26,2025-11-25T18:32:43Z
FanDuel,player_points,Quentin Grimes,Under,16.5,-106,2025-11-26,2025-11-25T18:32:43Z
FanDuel,player_points,Jared McCain,Over,13.5,-118,2025-11-26,2025-11-25T18:32:43Z
FanDuel,player_points,Jared McCain,Under,13.5,-112,2025-11-26,2025-11-25T18:32:43Z
FanDuel,player_points,Justin Edwards,Over,10.5,-102,2025-11-26,2025-11-25T18:32:43Z
FanDuel,player_points,Justin Edwards,Under,10.5,-130,2025-11-26,2025-11-25T18:32:43Z
FanDuel,player_points,Trendon Watford,Over,9.5,-102,2025-11-26,2025-11-25T18:32:43Z
FanDuel,player_points,Trendon Watford,Under,9.5,-130,2025-11-26,2025-11-25T18:32:43Z
FanDuel,player_points,Andre Drummond,Over,11.5,-108,2025-11-26,2025-11-25T18:32:43Z
FanDuel,player_points,Andre Drummond,Under,11.5,-122,2025-11-26,2025-11-25T18:32:43Z
FanDuel,player_points,Wendell Carter Jr,Over,11.5,-102,2025-11-26,2025-11-25T18:32:43Z
FanDuel,player_points,Wendell Carter Jr,Under,11.5,-130,2025-11-26,2025-11-25T18:32:43Z
FanDuel,player_points,Desmond Bane,Over,20.5,-130,2025-11-26,2025-11-25T18:32:43Z
FanDuel,player_points,Desmond Bane,Under,20.5,-102,2025-11-26,2025-11-25T18:32:43Z
FanDuel,player_points,Jake LaRavia,Over,7.5,-104,2025-11-26,2025-11-25T18:32:06Z
FanDuel,player_points,Jake LaRavia,Under,7.5,-128,2025-11-26,2025-11-25T18:32:06Z
FanDuel,player_points,John Collins,Over,11.5,-130,2025-11-26,2025-11-25T18:32:06Z
FanDuel,player_points,John Collins,Under,11.5,-102,2025-11-26,2025-11-25T18:32:06Z
FanDuel,player_points,Luka Doncic,Over,32.5,-118,2025-11-26,2025-11-25T18:32:06Z
FanDuel,player_points,Luka Doncic,Under,32.5,-112,2025-11-26,2025-11-25T18:32:06Z
FanDuel,player_points,Kris Dunn,Over,6.5,-125,2025-11-26,2025-11-25T18:32:06Z
FanDuel,player_points,Kris Dunn,Under,6.5,-106,2025-11-26,2025-11-25T18:32:06Z
FanDuel,player_points,Austin Reaves,Over,22.5,-108,2025-11-26,2025-11-25T18:32:06Z
FanDuel,player_points,Austin Reaves,Under,22.5,-122,2025-11-26,2025-11-25T18:32:06Z
FanDuel,player_points,Ivica Zubac,Over,17.5,-102,2025-11-26,2025-11-25T18:32:06Z
FanDuel,player_points,Ivica Zubac,Under,17.5,-130,2025-11-26,2025-11-25T18:32:06Z
FanDuel,player_points,Brook Lopez,Over,5.5,-112,2025-11-26,2025-11-25T18:32:06Z
FanDuel,player_points,Brook Lopez,Under,5.5,-118,2025-11-26,2025-11-25T18:32:06Z
FanDuel,player_points,Nicolas Batum,Over,5.5,102,2025-11-26,2025-11-25T18:32:06Z
FanDuel,player_points,Nicolas Batum,Under,5.5,-136,2025-11-26,2025-11-25T18:32:06Z
FanDuel,player_points,Bogdan Bogdanovic,Over,8.5,-122,2025-11-26,2025-11-25T18:32:06Z
FanDuel,player_points,Bogdan Bogdanovic,Under,8.5,-108,2025-11-26,2025-11-25T18:32:06Z
FanDuel,player_points,James Harden,Over,24.5,-102,2025-11-26,2025-11-25T18:32:06Z
FanDuel,player_points,James Harden,Under,24.5,-130,2025-11-26,2025-11-25T18:32:06Z
FanDuel,player_points,Rui Hachimura,Over,11.5,-106,2025-11-26,2025-11-25T18:32:06Z
FanDuel,player_points,Rui Hachimura,Under,11.5,-125,2025-11-26,2025-11-25T18:32:06Z
FanDuel,player_points,Jaxson Hayes,Over,7.5,-108,2025-11-26,2025-11-25T18:32:06Z
FanDuel,player_points,Jaxson Hayes,Under,7.5,-122,2025-11-26,2025-11-25T18:32:06Z
FanDuel,player_points,LeBron James,Over,20.5,-102,2025-11-26,2025-11-25T18:32:06Z
FanDuel,player_points,LeBron James,Under,20.5,-130,2025-11-26,2025-11-25T18:32:06Z
FanDuel,player_points,Kawhi Leonard,Over,20.5,-118,2025-11-26,2025-11-25T18:32:06Z
FanDuel,player_points,Kawhi Leonard,Under,20.5,-112,2025-11-26,2025-11-25T18:32:06Z
FanDuel,player_points,Marcus Smart,Over,6.5,-112,2025-11-26,2025-11-25T18:32:06Z
FanDuel,player_points,Marcus Smart,Under,6.5,-118,2025-11-26,2025-11-25T18:32:06Z
BetOnline.ag,player_points,Kyshawn George,Over,14.5,-111,2025-11-26,2025-11-25T18:32:24Z
BetOnline.ag,player_points,Kyshawn George,Under,14.5,-116,2025-11-26,2025-11-25T18:32:24Z
BetOnline.ag,player_points,Bilal Coulibaly,Over,10.5,-105,2025-11-26,2025-11-25T18:32:24Z
BetOnline.ag,player_points,Bilal Coulibaly,Under,10.5,-123,2025-11-26,2025-11-25T18:32:24Z
BetOnline.ag,player_points,Onyeka Okongwu,Over,14.5,-118,2025-11-26,2025-11-25T18:32:24Z
BetOnline.ag,player_points,Onyeka Okongwu,Under,14.5,-110,2025-11-26,2025-11-25T18:32:24Z
BetOnline.ag,player_points,Jalen Johnson,Over,23.5,-114,2025-11-26,2025-11-25T18:32:24Z
BetOnline.ag,player_points,Jalen Johnson,Under,23.5,-114,2025-11-26,2025-11-25T18:32:24Z
BetOnline.ag,player_points,Zaccharie Risacher,Over,11.5,-102,2025-11-26,2025-11-25T18:32:24Z
BetOnline.ag,player_points,Zaccharie Risacher,Under,11.5,-127,2025-11-26,2025-11-25T18:32:24Z
BetOnline.ag,player_points,Dyson Daniels,Over,11.5,-127,2025-11-26,2025-11-25T18:32:24Z
BetOnline.ag,player_points,Dyson Daniels,Under,11.5,-102,2025-11-26,2025-11-25T18:32:24Z
BetOnline.ag,player_points,Nickeil Alexander-Walker,Over,18.5,-110,2025-11-26,2025-11-25T18:32:24Z
BetOnline.ag,player_points,Nickeil Alexander-Walker,Under,18.5,-118,2025-11-26,2025-11-25T18:32:24Z
BetOnline.ag,player_points,Cam Whitmore,Over,11.5,-103,2025-11-26,2025-11-25T18:32:24Z
BetOnline.ag,player_points,Cam Whitmore,Under,11.5,-125,2025-11-26,2025-11-25T18:32:24Z
BetOnline.ag,player_points,Corey Kispert,Over,8.5,102,2025-11-26,2025-11-25T18:32:24Z
BetOnline.ag,player_points,Corey Kispert,Under,8.5,-132,2025-11-26,2025-11-25T18:32:24Z
BetOnline.ag,player_points,C.J. McCollum,Over,17.5,-119,2025-11-26,2025-11-25T18:32:24Z
BetOnline.ag,player_points,C.J. McCollum,Under,17.5,-109,2025-11-26,2025-11-25T18:32:24Z
BetOnline.ag,player_points,Vit Krejci,Over,9.5,-114,2025-11-26,2025-11-25T18:32:24Z
BetOnline.ag,player_points,Vit Krejci,Under,9.5,-114,2025-11-26,2025-11-25T18:32:24Z
BetOnline.ag,player_points,Khris Middleton,Over,9.5,110,2025-11-26,2025-11-25T18:32:24Z
BetOnline.ag,player_points,Khris Middleton,Under,9.5,-143,2025-11-26,2025-11-25T18:32:24Z
BetOnline.ag,player_points,Marvin Bagley III,Over,7.5,103,2025-11-26,2025-11-25T18:32:24Z
BetOnline.ag,player_points,Marvin Bagley III,Under,7.5,-133,2025-11-26,2025-11-25T18:32:24Z
BetOnline.ag,player_points,Alex Sarr,Over,18.5,-105,2025-11-26,2025-11-25T18:32:24Z
BetOnline.ag,player_points,Alex Sarr,Under,18.5,-123,2025-11-26,2025-11-25T18:32:24Z
BetOnline.ag,player_points,Kristaps Porzingis,Over,19.5,-102,2025-11-26,2025-11-25T18:32:24Z
BetOnline.ag,player_points,Kristaps Porzingis,Under,19.5,-127,2025-11-26,2025-11-25T18:32:24Z
BetOnline.ag,player_points,Carlton Carrington,Over,7.5,-114,2025-11-26,2025-11-25T18:32:24Z
BetOnline.ag,player_points,Carlton Carrington,Under,7.5,-114,2025-11-26,2025-11-25T18:32:24Z
BetOnline.ag,player_points,Franz Wagner,Over,24.5,-110,2025-11-26,2025-11-25T18:32:47Z
BetOnline.ag,player_points,Franz Wagner,Under,24.5,-118,2025-11-26,2025-11-25T18:32:47Z
BetOnline.ag,player_points,Wendell Carter Jr,Over,11.5,-105,2025-11-26,2025-11-25T18:32:47Z
BetOnline.ag,player_points,Wendell Carter Jr,Under,11.5,-123,2025-11-26,2025-11-25T18:32:47Z
BetOnline.ag,player_points,Anthony Black,Over,12.5,-116,2025-11-26,2025-11-25T18:32:47Z
BetOnline.ag,player_points,Anthony Black,Under,12.5,-111,2025-11-26,2025-11-25T18:32:47Z
BetOnline.ag,player_points,Tristan da Silva,Over,13.5,110,2025-11-26,2025-11-25T18:32:47Z
BetOnline.ag,player_points,Tristan da Silva,Under,13.5,-143,2025-11-26,2025-11-25T18:32:47Z
BetOnline.ag,player_points,Desmond Bane,Over,20.5,-123,2025-11-26,2025-11-25T18:32:47Z
BetOnline.ag,player_points,Desmond Bane,Under,20.5,-104,2025-11-26,2025-11-25T18:32:47Z
BetOnline.ag,player_points,Jalen Suggs,Over,16.5,-118,2025-11-26,2025-11-25T18:32:47Z
BetOnline.ag,player_points,Jalen Suggs,Under,16.5,-110,2025-11-26,2025-11-25T18:32:47Z
BetOnline.ag,player_points,Quentin Grimes,Over,17.5,100,2025-11-26,2025-11-25T18:32:47Z
BetOnline.ag,player_points,Quentin Grimes,Under,17.5,-130,2025-11-26,2025-11-25T18:32:47Z
BetOnline.ag,player_points,Andre Drummond,Over,11.5,-105,2025-11-26,2025-11-25T18:32:47Z
BetOnline.ag,player_points,Andre Drummond,Under,11.5,-123,2025-11-26,2025-11-25T18:32:47Z
BetOnline.ag,player_points,Justin Edwards,Over,10.5,-101,2025-11-26,2025-11-25T18:32:47Z
BetOnline.ag,player_points,Justin Edwards,Under,10.5,-128,2025-11-26,2025-11-25T18:32:47Z
BetOnline.ag,player_points,Trendon Watford,Over,9.5,-105,2025-11-26,2025-11-25T18:32:47Z
BetOnline.ag,player_points,Trendon Watford,Under,9.5,-123,2025-11-26,2025-11-25T18:32:47Z
BetOnline.ag,player_points,Tyrese Maxey,Over,32.5,-112,2025-11-26,2025-11-25T18:32:47Z
BetOnline.ag,player_points,Tyrese Maxey,Under,32.5,-115,2025-11-26,2025-11-25T18:32:47Z
BetOnline.ag,player_points,Jared McCain,Over,13.5,-114,2025-11-26,2025-11-25T18:32:47Z
BetOnline.ag,player_points,Jared McCain,Under,13.5,-114,2025-11-26,2025-11-25T18:32:47Z
BetOnline.ag,player_points,LeBron James,Over,20.5,-115,2025-11-26,2025-11-25T18:31:40Z
BetOnline.ag,player_points,LeBron James,Under,20.5,-112,2025-11-26,2025-11-25T18:31:40Z
BetOnline.ag,player_points,Jaxson Hayes,Over,7.5,-110,2025-11-26,2025-11-25T18:31:40Z
BetOnline.ag,player_points,Jaxson Hayes,Under,7.5,-118,2025-11-26,2025-11-25T18:31:40Z
BetOnline.ag,player_points,Rui Hachimura,Over,11.5,-103,2025-11-26,2025-11-25T18:31:40Z
BetOnline.ag,player_points,Rui Hachimura,Under,11.5,-125,2025-11-26,2025-11-25T18:31:40Z
BetOnline.ag,player_points,Kris Dunn,Over,6.5,-123,2025-11-26,2025-11-25T18:31:40Z
BetOnline.ag,player_points,Kris Dunn,Under,6.5,-104,2025-11-26,2025-11-25T18:31:40Z
BetOnline.ag,player_points,Bogdan Bogdanovic,Over,8.5,-114,2025-11-26,2025-11-25T18:31:40Z
BetOnline.ag,player_points,Bogdan Bogdanovic,Under,8.5,-114,2025-11-26,2025-11-25T18:31:40Z
BetOnline.ag,player_points,Jake LaRavia,Over,7.5,100,2025-11-26,2025-11-25T18:31:40Z
BetOnline.ag,player_points,Jake LaRavia,Under,7.5,-130,2025-11-26,2025-11-25T18:31:40Z
BetOnline.ag,player_points,Luka Doncic,Over,32.5,-115,2025-11-26,2025-11-25T18:31:40Z
BetOnline.ag,player_points,Luka Doncic,Under,32.5,-112,2025-11-26,2025-11-25T18:31:40Z
BetOnline.ag,player_points,Marcus Smart,Over,6.5,-110,2025-11-26,2025-11-25T18:31:40Z
BetOnline.ag,player_points,Marcus Smart,Under,6.5,-118,2025-11-26,2025-11-25T18:31:40Z
BetOnline.ag,player_points,John Collins,Over,12.5,-105,2025-11-26,2025-11-25T18:31:40Z
BetOnline.ag,player_points,John Collins,Under,12.5,-123,2025-11-26,2025-11-25T18:31:40Z
BetOnline.ag,player_points,Austin Reaves,Over,22.5,-109,2025-11-26,2025-11-25T18:31:40Z
BetOnline.ag,player_points,Austin Reaves,Under,22.5,-119,2025-11-26,2025-11-25T18:31:40Z
BetOnline.ag,player_points,Kawhi Leonard,Over,20.5,-120,2025-11-26,2025-11-25T18:31:40Z
BetOnline.ag,player_points,Kawhi Leonard,Under,20.5,-108,2025-11-26,2025-11-25T18:31:40Z
BetOnline.ag,player_points,Ivica Zubac,Over,16.5,-125,2025-11-26,2025-11-25T18:31:40Z
BetOnline.ag,player_points,Ivica Zubac,Under,16.5,-103,2025-11-26,2025-11-25T18:31:40Z
BetOnline.ag,player_points,Brook Lopez,Over,5.5,-114,2025-11-26,2025-11-25T18:31:40Z
BetOnline.ag,player_points,Brook Lopez,Under,5.5,-114,2025-11-26,2025-11-25T18:31:40Z
BetOnline.ag,player_points,Nicolas Batum,Over,5.5,-103,2025-11-26,2025-11-25T18:31:40Z
BetOnline.ag,player_points,Nicolas Batum,Under,5.5,-125,2025-11-26,2025-11-25T18:31:40Z
BetOnline.ag,player_points,James Harden,Over,23.5,-122,2025-11-26,2025-11-25T18:31:40Z
BetOnline.ag,player_points,James Harden,Under,23.5,-106,2025-11-26,2025-11-25T18:31:40Z
DraftKings,player_points,Jalen Johnson,Over,23.5,-120,2025-11-26,2025-11-25T18:32:46Z
DraftKings,player_points,Jalen Johnson,Under,23.5,-107,2025-11-26,2025-11-25T18:32:46Z
DraftKings,player_points,Kristaps Porzingis,Over,18.5,-122,2025-11-26,2025-11-25T18:32:46Z
DraftKings,player_points,Kristaps Porzingis,Under,18.5,-104,2025-11-26,2025-11-25T18:32:46Z
DraftKings,player_points,Nickeil Alexander-Walker,Over,18.5,-114,2025-11-26,2025-11-25T18:32:46Z
DraftKings,player_points,Nickeil Alexander-Walker,Under,18.5,-112,2025-11-26,2025-11-25T18:32:46Z
DraftKings,player_points,Alex Sarr,Over,17.5,-121,2025-11-26,2025-11-25T18:32:46Z
DraftKings,player_points,Alex Sarr,Under,17.5,-105,2025-11-26,2025-11-25T18:32:46Z
DraftKings,player_points,C.J. McCollum,Over,17.5,-110,2025-11-26,2025-11-25T18:32:46Z
DraftKings,player_points,C.J. McCollum,Under,17.5,-116,2025-11-26,2025-11-25T18:32:46Z
DraftKings,player_points,Kyshawn George,Over,14.5,-125,2025-11-26,2025-11-25T18:32:46Z
DraftKings,player_points,Kyshawn George,Under,14.5,-102,2025-11-26,2025-11-25T18:32:46Z
DraftKings,player_points,Onyeka Okongwu,Over,14.5,-118,2025-11-26,2025-11-25T18:32:46Z
DraftKings,player_points,Onyeka Okongwu,Under,14.5,-108,2025-11-26,2025-11-25T18:32:46Z
DraftKings,player_points,Dyson Daniels,Over,11.5,-128,2025-11-26,2025-11-25T18:32:46Z
DraftKings,player_points,Dyson Daniels,Under,11.5,100,2025-11-26,2025-11-25T18:32:46Z
DraftKings,player_points,Cam Whitmore,Over,11.5,-104,2025-11-26,2025-11-25T18:32:46Z
DraftKings,player_points,Cam Whitmore,Under,11.5,-123,2025-11-26,2025-11-25T18:32:46Z
DraftKings,player_points,Zaccharie Risacher,Over,11.5,-101,2025-11-26,2025-11-25T18:32:46Z
DraftKings,player_points,Zaccharie Risacher,Under,11.5,-127,2025-11-26,2025-11-25T18:32:46Z
DraftKings,player_points,Bilal Coulibaly,Over,10.5,-101,2025-11-26,2025-11-25T18:32:46Z
DraftKings,player_points,Bilal Coulibaly,Under,10.5,-126,2025-11-26,2025-11-25T18:32:46Z
DraftKings,player_points,Vit Krejci,Over,9.5,-112,2025-11-26,2025-11-25T18:32:46Z
DraftKings,player_points,Vit Krejci,Under,9.5,-114,2025-11-26,2025-11-25T18:32:46Z
DraftKings,player_points,Khris Middleton,Over,9.5,102,2025-11-26,2025-11-25T18:32:46Z
DraftKings,player_points,Khris Middleton,Under,9.5,-131,2025-11-26,2025-11-25T18:32:46Z
DraftKings,player_points,Corey Kispert,Over,8.5,-104,2025-11-26,2025-11-25T18:32:46Z
DraftKings,player_points,Corey Kispert,Under,8.5,-123,2025-11-26,2025-11-25T18:32:46Z
DraftKings,player_points,Carlton Carrington,Over,7.5,-111,2025-11-26,2025-11-25T18:32:46Z
DraftKings,player_points,Carlton Carrington,Under,7.5,-115,2025-11-26,2025-11-25T18:32:46Z
DraftKings,player_points,Tyrese Maxey,Over,32.5,-110,2025-11-26,2025-11-25T18:32:00Z
DraftKings,player_points,Tyrese Maxey,Under,32.5,-116,2025-11-26,2025-11-25T18:32:00Z
DraftKings,player_points,Franz Wagner,Over,24.5,-104,2025-11-26,2025-11-25T18:32:00Z
DraftKings,player_points,Franz Wagner,Under,24.5,-122,2025-11-26,2025-11-25T18:32:00Z
DraftKings,player_points,Desmond Bane,Over,20.5,-116,2025-11-26,2025-11-25T18:32:00Z
DraftKings,player_points,Desmond Bane,Under,20.5,-110,2025-11-26,2025-11-25T18:32:00Z
DraftKings,player_points,Quentin Grimes,Over,17.5,-107,2025-11-26,2025-11-25T18:32:00Z
DraftKings,player_points,Quentin Grimes,Under,17.5,-119,2025-11-26,2025-11-25T18:32:00Z
DraftKings,player_points,Jalen Suggs,Over,16.5,-116,2025-11-26,2025-11-25T18:32:00Z
DraftKings,player_points,Jalen Suggs,Under,16.5,-110,2025-11-26,2025-11-25T18:32:00Z
DraftKings,player_points,Jared McCain,Over,13.5,-111,2025-11-26,2025-11-25T18:32:00Z
DraftKings,player_points,Jared McCain,Under,13.5,-115,2025-11-26,2025-11-25T18:32:00Z
DraftKings,player_points,Anthony Black,Over,12.5,-118,2025-11-26,2025-11-25T18:32:00Z
DraftKings,player_points,Anthony Black,Under,12.5,-108,2025-11-26,2025-11-25T18:32:00Z
DraftKings,player_points,Tristan da Silva,Over,11.5,-116,2025-11-26,2025-11-25T18:32:00Z
DraftKings,player_points,Tristan da Silva,Under,11.5,-110,2025-11-26,2025-11-25T18:32:00Z
DraftKings,player_points,Wendell Carter Jr,Over,11.5,-109,2025-11-26,2025-11-25T18:32:00Z
DraftKings,player_points,Wendell Carter Jr,Under,11.5,-117,2025-11-26,2025-11-25T18:32:00Z
DraftKings,player_points,Andre Drummond,Over,11.5,-106,2025-11-26,2025-11-25T18:32:00Z
DraftKings,player_points,Andre Drummond,Under,11.5,-121,2025-11-26,2025-11-25T18:32:00Z
DraftKings,player_points,Justin Edwards,Over,10.5,-102,2025-11-26,2025-11-25T18:32:00Z
DraftKings,player_points,Justin Edwards,Under,10.5,-125,2025-11-26,2025-11-25T18:32:00Z
DraftKings,player_points,Trendon Watford,Over,9.5,-110,2025-11-26,2025-11-25T18:32:00Z
DraftKings,player_points,Trendon Watford,Under,9.5,-116,2025-11-26,2025-11-25T18:32:00Z
DraftKings,player_points,Goga Bitadze,Over,5.5,-109,2025-11-26,2025-11-25T18:32:00Z
DraftKings,player_points,Goga Bitadze,Under,5.5,-117,2025-11-26,2025-11-25T18:32:00Z
DraftKings,player_points,Luka Doncic,Over,32.5,-119,2025-11-26,2025-11-25T18:32:34Z
DraftKings,player_points,Luka Doncic,Under,32.5,-107,2025-11-26,2025-11-25T18:32:34Z
DraftKings,player_points,James Harden,Over,23.5,-120,2025-11-26,2025-11-25T18:32:34Z
DraftKings,player_points,James Harden,Under,23.5,-106,2025-11-26,2025-11-25T18:32:34Z
DraftKings,player_points,Austin Reaves,Over,22.5,-110,2025-11-26,2025-11-25T18:32:34Z
DraftKings,player_points,Austin Reaves,Under,22.5,-116,2025-11-26,2025-11-25T18:32:34Z
DraftKings,player_points,LeBron James,Over,21.5,-103,2025-11-26,2025-11-25T18:32:34Z
DraftKings,player_points,LeBron James,Under,21.5,-124,2025-11-26,2025-11-25T18:32:34Z
DraftKings,player_points,Kawhi Leonard,Over,20.5,-125,2025-11-26,2025-11-25T18:32:34Z
DraftKings,player_points,Kawhi Leonard,Under,20.5,-102,2025-11-26,2025-11-25T18:32:34Z
DraftKings,player_points,Ivica Zubac,Over,16.5,-108,2025-11-26,2025-11-25T18:32:34Z
DraftKings,player_points,Ivica Zubac,Under,16.5,-118,2025-11-26,2025-11-25T18:32:34Z
DraftKings,player_points,John Collins,Over,11.5,-119,2025-11-26,2025-11-25T18:32:34Z
DraftKings,player_points,John Collins,Under,11.5,-107,2025-11-26,2025-11-25T18:32:34Z
DraftKings,player_points,Rui Hachimura,Over,11.5,-106,2025-11-26,2025-11-25T18:32:34Z
DraftKings,player_points,Rui Hachimura,Under,11.5,-120,2025-11-26,2025-11-25T18:32:34Z
DraftKings,player_points,Bogdan Bogdanovic,Over,8.5,-117,2025-11-26,2025-11-25T18:32:34Z
DraftKings,player_points,Bogdan Bogdanovic,Under,8.5,-109,2025-11-26,2025-11-25T18:32:34Z
DraftKings,player_points,Jaxson Hayes,Over,7.5,-110,2025-11-26,2025-11-25T18:32:34Z
DraftKings,player_points,Jaxson Hayes,Under,7.5,-115,2025-11-26,2025-11-25T18:32:34Z
DraftKings,player_points,Jake LaRavia,Over,7.5,-104,2025-11-26,2025-11-25T18:32:34Z
DraftKings,player_points,Jake LaRavia,Under,7.5,-123,2025-11-26,2025-11-25T18:32:34Z
DraftKings,player_points,Kris Dunn,Over,6.5,-126,2025-11-26,2025-11-25T18:32:34Z
DraftKings,player_points,Kris Dunn,Under,6.5,-102,2025-11-26,2025-11-25T18:32:34Z
DraftKings,player_points,Marcus Smart,Over,6.5,-107,2025-11-26,2025-11-25T18:32:34Z
DraftKings,player_points,Marcus Smart,Under,6.5,-119,2025-11-26,2025-11-25T18:32:34Z
DraftKings,player_points,Brook Lopez,Over,5.5,-113,2025-11-26,2025-11-25T18:32:34Z
DraftKings,player_points,Brook Lopez,Under,5.5,-113,2025-11-26,2025-11-25T18:32:34Z
DraftKings,player_points,Nicolas Batum,Over,5.5,-103,2025-11-26,2025-11-25T18:32:34Z
DraftKings,player_points,Nicolas Batum,Under,5.5,-124,2025-11-26,2025-11-25T18:32:34Z
BetMGM,player_points,Jalen Johnson,Over,23.5,-115,2025-11-26,2025-11-25T18:32:30Z
BetMGM,player_points,Jalen Johnson,Under,23.5,-118,2025-11-26,2025-11-25T18:32:30Z
BetMGM,player_points,Dyson Daniels,Over,11.5,-130,2025-11-26,2025-11-25T18:32:30Z
BetMGM,player_points,Dyson Daniels,Under,11.5,100,2025-11-26,2025-11-25T18:32:30Z
BetMGM,player_points,Zaccharie Risacher,Over,11.5,-110,2025-11-26,2025-11-25T18:32:30Z
BetMGM,player_points,Zaccharie Risacher,Under,11.5,-120,2025-11-26,2025-11-25T18:32:30Z
BetMGM,player_points,Alex Sarr,Over,18.5,-105,2025-11-26,2025-11-25T18:32:30Z
BetMGM,player_points,Alex Sarr,Under,18.5,-125,2025-11-26,2025-11-25T18:32:30Z
BetMGM,player_points,Marvin Bagley III,Over,7.5,-105,2025-11-26,2025-11-25T18:32:30Z
BetMGM,player_points,Marvin Bagley III,Under,7.5,-125,2025-11-26,2025-11-25T18:32:30Z
BetMGM,player_points,Cam Whitmore,Over,10.5,-135,2025-11-26,2025-11-25T18:32:30Z
BetMGM,player_points,Cam Whitmore,Under,10.5,100,2025-11-26,2025-11-25T18:32:30Z
BetMGM,player_points,C.J. McCollum,Over,17.5,-125,2025-11-26,2025-11-25T18:32:30Z
BetMGM,player_points,C.J. McCollum,Under,17.5,-105,2025-11-26,2025-11-25T18:32:30Z
BetMGM,player_points,Nickeil Alexander-Walker,Over,18.5,-115,2025-11-26,2025-11-25T18:32:30Z
BetMGM,player_points,Nickeil Alexander-Walker,Under,18.5,-115,2025-11-26,2025-11-25T18:32:30Z
BetMGM,player_points,Bilal Coulibaly,Over,10.5,-115,2025-11-26,2025-11-25T18:32:30Z
BetMGM,player_points,Bilal Coulibaly,Under,10.5,-118,2025-11-26,2025-11-25T18:32:30Z
BetMGM,player_points,Carlton Carrington,Over,8.5,100,2025-11-26,2025-11-25T18:32:30Z
BetMGM,player_points,Carlton Carrington,Under,8.5,-135,2025-11-26,2025-11-25T18:32:30Z
BetMGM,player_points,Kristaps Porzingis,Over,18.5,-115,2025-11-26,2025-11-25T18:32:30Z
BetMGM,player_points,Kristaps Porzingis,Under,18.5,-115,2025-11-26,2025-11-25T18:32:30Z
BetMGM,player_points,Khris Middleton,Over,8.5,-135,2025-11-26,2025-11-25T18:32:30Z
BetMGM,player_points,Khris Middleton,Under,8.5,100,2025-11-26,2025-11-25T18:32:30Z
BetMGM,player_points,Onyeka Okongwu,Over,14.5,-110,2025-11-26,2025-11-25T18:32:30Z
BetMGM,player_points,Onyeka Okongwu,Under,14.5,-118,2025-11-26,2025-11-25T18:32:30Z
BetMGM,player_points,Kyshawn George,Over,13.5,-125,2025-11-26,2025-11-25T18:32:30Z
BetMGM,player_points,Kyshawn George,Under,13.5,-105,2025-11-26,2025-11-25T18:32:30Z
BetMGM,player_points,Vit Krejci,Over,9.5,-125,2025-11-26,2025-11-25T18:32:30Z
BetMGM,player_points,Vit Krejci,Under,9.5,-105,2025-11-26,2025-11-25T18:32:30Z
BetMGM,player_points,Corey Kispert,Over,8.5,100,2025-11-26,2025-11-25T18:32:30Z
BetMGM,player_points,Corey Kispert,Under,8.5,-135,2025-11-26,2025-11-25T18:32:30Z
BetMGM,player_points,Anthony Black,Over,12.5,-110,2025-11-26,2025-11-25T18:32:19Z
BetMGM,player_points,Anthony Black,Under,12.5,-120,2025-11-26,2025-11-25T18:32:19Z
BetMGM,player_points,Desmond Bane,Over,20.5,-120,2025-11-26,2025-11-25T18:32:19Z
BetMGM,player_points,Desmond Bane,Under,20.5,-110,2025-11-26,2025-11-25T18:32:19Z
BetMGM,player_points,Wendell Carter Jr,Over,11.5,-110,2025-11-26,2025-11-25T18:32:19Z
BetMGM,player_points,Wendell Carter Jr,Under,11.5,-120,2025-11-26,2025-11-25T18:32:19Z
BetMGM,player_points,Tristan da Silva,Over,12.5,-120,2025-11-26,2025-11-25T18:32:19Z
BetMGM,player_points,Tristan da Silva,Under,12.5,-110,2025-11-26,2025-11-25T18:32:19Z
BetMGM,player_points,Franz Wagner,Over,24.5,-110,2025-11-26,2025-11-25T18:32:19Z
BetMGM,player_points,Franz Wagner,Under,24.5,-120,2025-11-26,2025-11-25T18:32:19Z
BetMGM,player_points,Jalen Suggs,Over,16.5,-110,2025-11-26,2025-11-25T18:32:19Z
BetMGM,player_points,Jalen Suggs,Under,16.5,-118,2025-11-26,2025-11-25T18:32:19Z
BetMGM,player_points,Goga Bitadze,Over,5.5,100,2025-11-26,2025-11-25T18:32:19Z
BetMGM,player_points,Goga Bitadze,Under,5.5,-135,2025-11-26,2025-11-25T18:32:19Z
BetMGM,player_points,Trendon Watford,Over,9.5,-110,2025-11-26,2025-11-25T18:32:19Z
BetMGM,player_points,Trendon Watford,Under,9.5,-118,2025-11-26,2025-11-25T18:32:19Z
BetMGM,player_points,Quentin Grimes,Over,17.5,-125,2025-11-26,2025-11-25T18:32:19Z
BetMGM,player_points,Quentin Grimes,Under,17.5,-105,2025-11-26,2025-11-25T18:32:19Z
BetMGM,player_points,Andre Drummond,Over,10.5,-130,2025-11-26,2025-11-25T18:32:19Z
BetMGM,player_points,Andre Drummond,Under,10.5,-105,2025-11-26,2025-11-25T18:32:19Z
BetMGM,player_points,Tyrese Maxey,Over,32.5,-110,2025-11-26,2025-11-25T18:32:19Z
BetMGM,player_points,Tyrese Maxey,Under,32.5,-120,2025-11-26,2025-11-25T18:32:19Z
BetMGM,player_points,Justin Edwards,Over,10.5,100,2025-11-26,2025-11-25T18:32:19Z
BetMGM,player_points,Justin Edwards,Under,10.5,-135,2025-11-26,2025-11-25T18:32:19Z
BetMGM,player_points,Austin Reaves,Over,22.5,-110,2025-11-26,2025-11-25T18:32:32Z
BetMGM,player_points,Austin Reaves,Under,22.5,-120,2025-11-26,2025-11-25T18:32:32Z
BetMGM,player_points,Luka Doncic,Over,32.5,-118,2025-11-26,2025-11-25T18:32:32Z
BetMGM,player_points,Luka Doncic,Under,32.5,-115,2025-11-26,2025-11-25T18:32:32Z
BetMGM,player_points,Brook Lopez,Over,5.5,-130,2025-11-26,2025-11-25T18:32:32Z
BetMGM,player_points,Brook Lopez,Under,5.5,100,2025-11-26,2025-11-25T18:32:32Z
BetMGM,player_points,Kawhi Leonard,Over,20.5,-115,2025-11-26,2025-11-25T18:32:32Z
BetMGM,player_points,Kawhi Leonard,Under,20.5,-118,2025-11-26,2025-11-25T18:32:32Z
BetMGM,player_points,Bogdan Bogdanovic,Over,7.5,-135,2025-11-26,2025-11-25T18:32:32Z
BetMGM,player_points,Bogdan Bogdanovic,Under,7.5,100,2025-11-26,2025-11-25T18:32:32Z
BetMGM,player_points,James Harden,Over,24.5,-115,2025-11-26,2025-11-25T18:32:32Z
BetMGM,player_points,James Harden,Under,24.5,-115,2025-11-26,2025-11-25T18:32:32Z
BetMGM,player_points,Rui Hachimura,Over,11.5,-105,2025-11-26,2025-11-25T18:32:32Z
BetMGM,player_points,Rui Hachimura,Under,11.5,-125,2025-11-26,2025-11-25T18:32:32Z
BetMGM,player_points,Gabe Vincent,Over,4.5,-130,2025-11-26,2025-11-25T18:32:32Z
BetMGM,player_points,Gabe Vincent,Under,4.5,-105,2025-11-26,2025-11-25T18:32:32Z
BetMGM,player_points,Jaxson Hayes,Over,6.5,-145,2025-11-26,2025-11-25T18:32:32Z
BetMGM,player_points,Jaxson Hayes,Under,6.5,105,2025-11-26,2025-11-25T18:32:32Z
BetMGM,player_points,John Collins,Over,11.5,-115,2025-11-26,2025-11-25T18:32:32Z
BetMGM,player_points,John Collins,Under,11.5,-115,2025-11-26,2025-11-25T18:32:32Z
BetMGM,player_points,Jake LaRavia,Over,7.5,-110,2025-11-26,2025-11-25T18:32:32Z
BetMGM,player_points,Jake LaRavia,Under,7.5,-120,2025-11-26,2025-11-25T18:32:32Z
BetMGM,player_points,Marcus Smart,Over,6.5,-105,2025-11-26,2025-11-25T18:32:32Z
BetMGM,player_points,Marcus Smart,Under,6.5,-130,2025-11-26,2025-11-25T18:32:32Z
BetMGM,player_points,Nicolas Batum,Over,5.5,100,2025-11-26,2025-11-25T18:32:32Z
BetMGM,player_points,Nicolas Batum,Under,5.5,-130,2025-11-26,2025-11-25T18:32:32Z
BetMGM,player_points,LeBron James,Over,21.5,-105,2025-11-26,2025-11-25T18:32:32Z
BetMGM,player_points,LeBron James,Under,21.5,-125,2025-11-26,2025-11-25T18:32:32Z
BetMGM,player_points,Kris Dunn,Over,6.5,100,2025-11-26,2025-11-25T18:32:32Z
BetMGM,player_points,Kris Dunn,Under,6.5,-135,2025-11-26,2025-11-25T18:32:32Z
BetMGM,player_points,Ivica Zubac,Over,16.5,-125,2025-11-26,2025-11-25T18:32:32Z
BetMGM,player_points,Ivica Zubac,Under,16.5,-105,2025-11-26,2025-11-25T18:32:32Z
BetRivers,player_points,Cam Whitmore,Over,10.5,-127,2025-11-26,2025-11-25T18:31:52Z
BetRivers,player_points,Cam Whitmore,Under,10.5,-105,2025-11-26,2025-11-25T18:31:52Z
BetRivers,player_points,Khris Middleton,Over,8.5,-125,2025-11-26,2025-11-25T18:31:52Z
BetRivers,player_points,Khris Middleton,Under,8.5,-106,2025-11-26,2025-11-25T18:31:52Z
BetRivers,player_points,Cam Whitmore,Over,11.5,-103,2025-11-26,2025-11-25T18:31:52Z
BetRivers,player_points,Cam Whitmore,Under,11.5,-130,2025-11-26,2025-11-25T18:31:52Z
BetRivers,player_points,Jalen Johnson,Over,24.5,104,2025-11-26,2025-11-25T18:31:52Z
BetRivers,player_points,Jalen Johnson,Under,24.5,-137,2025-11-26,2025-11-25T18:31:52Z
BetRivers,player_points,Onyeka Okongwu,Over,14.5,-118,2025-11-26,2025-11-25T18:31:52Z
BetRivers,player_points,Onyeka Okongwu,Under,14.5,-113,2025-11-26,2025-11-25T18:31:52Z
BetRivers,player_points,Dyson Daniels,Over,10.5,-143,2025-11-26,2025-11-25T18:31:52Z
BetRivers,player_points,Dyson Daniels,Under,10.5,108,2025-11-26,2025-11-25T18:31:52Z
BetRivers,player_points,Alex Sarr,Over,17.5,-127,2025-11-26,2025-11-25T18:31:52Z
BetRivers,player_points,Alex Sarr,Under,17.5,-106,2025-11-26,2025-11-25T18:31:52Z
BetRivers,player_points,Dyson Daniels,Over,11.5,-109,2025-11-26,2025-11-25T18:31:52Z
BetRivers,player_points,Dyson Daniels,Under,11.5,-122,2025-11-26,2025-11-25T18:31:52Z
BetRivers,player_points,C.J. McCollum,Over,16.5,-159,2025-11-26,2025-11-25T18:31:52Z
BetRivers,player_points,C.J. McCollum,Under,16.5,115,2025-11-26,2025-11-25T18:31:52Z
BetRivers,player_points,Zaccharie Risacher,Over,10.5,-125,2025-11-26,2025-11-25T18:31:52Z
BetRivers,player_points,Zaccharie Risacher,Under,10.5,-107,2025-11-26,2025-11-25T18:31:52Z
BetRivers,player_points,Kristaps Porzingis,Over,19.5,-107,2025-11-26,2025-11-25T18:31:52Z
BetRivers,player_points,Kristaps Porzingis,Under,19.5,-125,2025-11-26,2025-11-25T18:31:52Z
BetRivers,player_points,C.J. McCollum,Over,19.5,112,2025-11-26,2025-11-25T18:31:52Z
BetRivers,player_points,C.J. McCollum,Under,19.5,-155,2025-11-26,2025-11-25T18:31:52Z
BetRivers,player_points,Kristaps Porzingis,Over,20.5,110,2025-11-26,2025-11-25T18:31:52Z
BetRivers,player_points,Kristaps Porzingis,Under,20.5,-150,2025-11-26,2025-11-25T18:31:52Z
BetRivers,player_points,Onyeka Okongwu,Over,15.5,105,2025-11-26,2025-11-25T18:31:52Z
BetRivers,player_points,Onyeka Okongwu,Under,15.5,-141,2025-11-26,2025-11-25T18:31:52Z
BetRivers,player_points,Bilal Coulibaly,Over,9.5,-139,2025-11-26,2025-11-25T18:31:52Z
BetRivers,player_points,Bilal Coulibaly,Under,9.5,105,2025-11-26,2025-11-25T18:31:52Z
BetRivers,player_points,Dyson Daniels,Over,12.5,117,2025-11-26,2025-11-25T18:31:52Z
BetRivers,player_points,Dyson Daniels,Under,12.5,-162,2025-11-26,2025-11-25T18:31:52Z
BetRivers,player_points,Nickeil Alexander-Walker,Over,16.5,-162,2025-11-26,2025-11-25T18:31:52Z
BetRivers,player_points,Nickeil Alexander-Walker,Under,16.5,117,2025-11-26,2025-11-25T18:31:52Z
BetRivers,player_points,Nickeil Alexander-Walker,Over,17.5,-130,2025-11-26,2025-11-25T18:31:52Z
BetRivers,player_points,Nickeil Alexander-Walker,Under,17.5,-103,2025-11-26,2025-11-25T18:31:52Z
BetRivers,player_points,Bilal Coulibaly,Over,10.5,-106,2025-11-26,2025-11-25T18:31:52Z
BetRivers,player_points,Bilal Coulibaly,Under,10.5,-127,2025-11-26,2025-11-25T18:31:52Z
BetRivers,player_points,C.J. McCollum,Over,17.5,-129,2025-11-26,2025-11-25T18:31:52Z
BetRivers,player_points,C.J. McCollum,Under,17.5,-105,2025-11-26,2025-11-25T18:31:52Z
BetRivers,player_points,Nickeil Alexander-Walker,Over,19.5,112,2025-11-26,2025-11-25T18:31:52Z
BetRivers,player_points,Nickeil Alexander-Walker,Under,19.5,-155,2025-11-26,2025-11-25T18:31:52Z
BetRivers,player_points,Kristaps Porzingis,Over,17.5,-155,2025-11-26,2025-11-25T18:31:52Z
BetRivers,player_points,Kristaps Porzingis,Under,17.5,114,2025-11-26,2025-11-25T18:31:52Z
BetRivers,player_points,Cam Whitmore,Over,9.5,-165,2025-11-26,2025-11-25T18:31:52Z
BetRivers,player_points,Cam Whitmore,Under,9.5,118,2025-11-26,2025-11-25T18:31:52Z
BetRivers,player_points,Kyshawn George,Over,14.5,-118,2025-11-26,2025-11-25T18:31:52Z
BetRivers,player_points,Kyshawn George,Under,14.5,-113,2025-11-26,2025-11-25T18:31:52Z
BetRivers,player_points,Kyshawn George,Over,15.5,104,2025-11-26,2025-11-25T18:31:52Z
BetRivers,player_points,Kyshawn George,Under,15.5,-139,2025-11-26,2025-11-25T18:31:52Z
BetRivers,player_points,Alex Sarr,Over,18.5,-104,2025-11-26,2025-11-25T18:31:52Z
BetRivers,player_points,Alex Sarr,Under,18.5,-129,2025-11-26,2025-11-25T18:31:52Z
BetRivers,player_points,Zaccharie Risacher,Over,11.5,102,2025-11-26,2025-11-25T18:31:52Z
BetRivers,player_points,Zaccharie Risacher,Under,11.5,-137,2025-11-26,2025-11-25T18:31:52Z
BetRivers,player_points,Alex Sarr,Over,16.5,-157,2025-11-26,2025-11-25T18:31:52Z
BetRivers,player_points,Alex Sarr,Under,16.5,114,2025-11-26,2025-11-25T18:31:52Z
BetRivers,player_points,Cam Whitmore,Over,12.5,118,2025-11-26,2025-11-25T18:31:52Z
BetRivers,player_points,Cam Whitmore,Under,12.5,-165,2025-11-26,2025-11-25T18:31:52Z
BetRivers,player_points,Onyeka Okongwu,Over,13.5,-150,2025-11-26,2025-11-25T18:31:52Z
BetRivers,player_points,Onyeka Okongwu,Under,13.5,110,2025-11-26,2025-11-25T18:31:52Z
BetRivers,player_points,Bilal Coulibaly,Over,11.5,120,2025-11-26,2025-11-25T18:31:52Z
BetRivers,player_points,Bilal Coulibaly,Under,11.5,-167,2025-11-26,2025-11-25T18:31:52Z
BetRivers,player_points,Kyshawn George,Over,13.5,-148,2025-11-26,2025-11-25T18:31:52Z
BetRivers,player_points,Kyshawn George,Under,13.5,108,2025-11-26,2025-11-25T18:31:52Z
BetRivers,player_points,Alex Sarr,Over,19.5,115,2025-11-26,2025-11-25T18:31:52Z
BetRivers,player_points,Alex Sarr,Under,19.5,-159,2025-11-26,2025-11-25T18:31:52Z
BetRivers,player_points,Kristaps Porzingis,Over,18.5,-127,2025-11-26,2025-11-25T18:31:52Z
BetRivers,player_points,Kristaps Porzingis,Under,18.5,-105,2025-11-26,2025-11-25T18:31:52Z
BetRivers,player_points,C.J. McCollum,Over,18.5,-107,2025-11-26,2025-11-25T18:31:52Z
BetRivers,player_points,C.J. McCollum,Under,18.5,-125,2025-11-26,2025-11-25T18:31:52Z
BetRivers,player_points,Jalen Johnson,Over,25.5,123,2025-11-26,2025-11-25T18:31:52Z
BetRivers,player_points,Jalen Johnson,Under,25.5,-167,2025-11-26,2025-11-25T18:31:52Z
BetRivers,player_points,Zaccharie Risacher,Over,9.5,-167,2025-11-26,2025-11-25T18:31:52Z
BetRivers,player_points,Zaccharie Risacher,Under,9.5,120,2025-11-26,2025-11-25T18:31:52Z
BetRivers,player_points,Jalen Johnson,Over,23.5,-115,2025-11-26,2025-11-25T18:31:52Z
BetRivers,player_points,Jalen Johnson,Under,23.5,-115,2025-11-26,2025-11-25T18:31:52Z
BetRivers,player_points,Nickeil Alexander-Walker,Over,18.5,-107,2025-11-26,2025-11-25T18:31:52Z
BetRivers,player_points,Nickeil Alexander-Walker,Under,18.5,-125,2025-11-26,2025-11-25T18:31:52Z
BetRivers,player_points,Jalen Johnson,Over,22.5,-139,2025-11-26,2025-11-25T18:31:52Z
BetRivers,player_points,Jalen Johnson,Under,22.5,105,2025-11-26,2025-11-25T18:31:52Z
BetRivers,player_points,Khris Middleton,Over,9.5,105,2025-11-26,2025-11-25T18:31:52Z
BetRivers,player_points,Khris Middleton,Under,9.5,-141,2025-11-26,2025-11-25T18:31:52Z
BetRivers,player_points,Franz Wagner,Over,23.5,-137,2025-11-26,2025-11-25T18:32:01Z
BetRivers,player_points,Franz Wagner,Under,23.5,102,2025-11-26,2025-11-25T18:32:01Z
BetRivers,player_points,Quentin Grimes,Over,16.5,-109,2025-11-26,2025-11-25T18:32:01Z
BetRivers,player_points,Quentin Grimes,Under,16.5,-122,2025-11-26,2025-11-25T18:32:01Z
BetRivers,player_points,Tyrese Maxey,Over,31.5,100,2025-11-26,2025-11-25T18:32:01Z
BetRivers,player_points,Tyrese Maxey,Under,31.5,-132,2025-11-26,2025-11-25T18:32:01Z
BetRivers,player_points,Wendell Carter Jr,Over,10.5,-137,2025-11-26,2025-11-25T18:32:01Z
BetRivers,player_points,Wendell Carter Jr,Under,10.5,104,2025-11-26,2025-11-25T18:32:01Z
BetRivers,player_points,Tyrese Maxey,Over,29.5,-148,2025-11-26,2025-11-25T18:32:01Z
BetRivers,player_points,Tyrese Maxey,Under,29.5,108,2025-11-26,2025-11-25T18:32:01Z
BetRivers,player_points,Quentin Grimes,Over,17.5,112,2025-11-26,2025-11-25T18:32:01Z
BetRivers,player_points,Quentin Grimes,Under,17.5,-152,2025-11-26,2025-11-25T18:32:01Z
BetRivers,player_points,Tyrese Maxey,Over,32.5,118,2025-11-26,2025-11-25T18:32:01Z
BetRivers,player_points,Tyrese Maxey,Under,32.5,-162,2025-11-26,2025-11-25T18:32:01Z
BetRivers,player_points,Desmond Bane,Over,22.5,108,2025-11-26,2025-11-25T18:32:01Z
BetRivers,player_points,Desmond Bane,Under,22.5,-148,2025-11-26,2025-11-25T18:32:01Z
BetRivers,player_points,Jalen Suggs,Over,18.5,118,2025-11-26,2025-11-25T18:32:01Z
BetRivers,player_points,Jalen Suggs,Under,18.5,-165,2025-11-26,2025-11-25T18:32:01Z
BetRivers,player_points,Desmond Bane,Over,21.5,-110,2025-11-26,2025-11-25T18:32:01Z
BetRivers,player_points,Desmond Bane,Under,21.5,-121,2025-11-26,2025-11-25T18:32:01Z
BetRivers,player_points,Jalen Suggs,Over,15.5,-150,2025-11-26,2025-11-25T18:32:01Z
BetRivers,player_points,Jalen Suggs,Under,15.5,110,2025-11-26,2025-11-25T18:32:01Z
BetRivers,player_points,Jalen Suggs,Over,17.5,100,2025-11-26,2025-11-25T18:32:01Z
BetRivers,player_points,Jalen Suggs,Under,17.5,-132,2025-11-26,2025-11-25T18:32:01Z
BetRivers,player_points,Wendell Carter Jr,Over,11.5,-107,2025-11-26,2025-11-25T18:32:01Z
BetRivers,player_points,Wendell Carter Jr,Under,11.5,-125,2025-11-26,2025-11-25T18:32:01Z
BetRivers,player_points,Franz Wagner,Over,22.5,-167,2025-11-26,2025-11-25T18:32:01Z
BetRivers,player_points,Franz Wagner,Under,22.5,120,2025-11-26,2025-11-25T18:32:01Z
BetRivers,player_points,Tristan da Silva,Over,13.5,110,2025-11-26,2025-11-25T18:32:01Z
BetRivers,player_points,Tristan da Silva,Under,13.5,-150,2025-11-26,2025-11-25T18:32:01Z
BetRivers,player_points,Tristan da Silva,Over,12.5,-113,2025-11-26,2025-11-25T18:32:01Z
BetRivers,player_points,Tristan da Silva,Under,12.5,-118,2025-11-26,2025-11-25T18:32:01Z
BetRivers,player_points,Tyrese Maxey,Over,30.5,-121,2025-11-26,2025-11-25T18:32:01Z
BetRivers,player_points,Tyrese Maxey,Under,30.5,-110,2025-11-26,2025-11-25T18:32:01Z
BetRivers,player_points,Franz Wagner,Over,24.5,-114,2025-11-26,2025-11-25T18:32:01Z
BetRivers,player_points,Franz Wagner,Under,24.5,-117,2025-11-26,2025-11-25T18:32:01Z
BetRivers,player_points,Wendell Carter Jr,Over,12.5,120,2025-11-26,2025-11-25T18:32:01Z
BetRivers,player_points,Wendell Carter Jr,Under,12.5,-165,2025-11-26,2025-11-25T18:32:01Z
BetRivers,player_points,Tristan da Silva,Over,11.5,-141,2025-11-26,2025-11-25T18:32:01Z
BetRivers,player_points,Tristan da Silva,Under,11.5,106,2025-11-26,2025-11-25T18:32:01Z
BetRivers,player_points,Anthony Black,Over,11.5,-159,2025-11-26,2025-11-25T18:32:01Z
BetRivers,player_points,Anthony Black,Under,11.5,116,2025-11-26,2025-11-25T18:32:01Z
BetRivers,player_points,Justin Edwards,Over,9.5,-127,2025-11-26,2025-11-25T18:32:01Z
BetRivers,player_points,Justin Edwards,Under,9.5,-105,2025-11-26,2025-11-25T18:32:01Z
BetRivers,player_points,Justin Edwards,Over,10.5,102,2025-11-26,2025-11-25T18:32:01Z
BetRivers,player_points,Justin Edwards,Under,10.5,-134,2025-11-26,2025-11-25T18:32:01Z
BetRivers,player_points,Desmond Bane,Over,19.5,-162,2025-11-26,2025-11-25T18:32:01Z
BetRivers,player_points,Desmond Bane,Under,19.5,117,2025-11-26,2025-11-25T18:32:01Z
BetRivers,player_points,Anthony Black,Over,13.5,100,2025-11-26,2025-11-25T18:32:01Z
BetRivers,player_points,Anthony Black,Under,13.5,-134,2025-11-26,2025-11-25T18:32:01Z
BetRivers,player_points,Anthony Black,Over,12.5,-124,2025-11-26,2025-11-25T18:32:01Z
BetRivers,player_points,Anthony Black,Under,12.5,-107,2025-11-26,2025-11-25T18:32:01Z
BetRivers,player_points,Desmond Bane,Over,20.5,-132,2025-11-26,2025-11-25T18:32:01Z
BetRivers,player_points,Desmond Bane,Under,20.5,100,2025-11-26,2025-11-25T18:32:01Z
BetRivers,player_points,Quentin Grimes,Over,15.5,-134,2025-11-26,2025-11-25T18:32:01Z
BetRivers,player_points,Quentin Grimes,Under,15.5,102,2025-11-26,2025-11-25T18:32:01Z
BetRivers,player_points,Franz Wagner,Over,25.5,104,2025-11-26,2025-11-25T18:32:01Z
BetRivers,player_points,Franz Wagner,Under,25.5,-139,2025-11-26,2025-11-25T18:32:01Z
BetRivers,player_points,Jalen Suggs,Over,16.5,-121,2025-11-26,2025-11-25T18:32:01Z
BetRivers,player_points,Jalen Suggs,Under,16.5,-109,2025-11-26,2025-11-25T18:32:01Z
BetRivers,player_points,John Collins,Over,10.5,-167,2025-11-26,2025-11-25T18:32:48Z
BetRivers,player_points,John Collins,Under,10.5,120,2025-11-26,2025-11-25T18:32:48Z
BetRivers,player_points,Kris Dunn,Over,5.5,-159,2025-11-26,2025-11-25T18:32:48Z
BetRivers,player_points,Kris Dunn,Under,5.5,116,2025-11-26,2025-11-25T18:32:48Z
BetRivers,player_points,Jaxson Hayes,Over,6.5,-132,2025-11-26,2025-11-25T18:32:48Z
BetRivers,player_points,Jaxson Hayes,Under,6.5,100,2025-11-26,2025-11-25T18:32:48Z
BetRivers,player_points,Marcus Smart,Over,5.5,-152,2025-11-26,2025-11-25T18:32:48Z
BetRivers,player_points,Marcus Smart,Under,5.5,112,2025-11-26,2025-11-25T18:32:48Z
BetRivers,player_points,Austin Reaves,Over,21.5,-136,2025-11-26,2025-11-25T18:32:48Z
BetRivers,player_points,Austin Reaves,Under,21.5,102,2025-11-26,2025-11-25T18:32:48Z
BetRivers,player_points,LeBron James,Over,18.5,-162,2025-11-26,2025-11-25T18:32:48Z
BetRivers,player_points,LeBron James,Under,18.5,118,2025-11-26,2025-11-25T18:32:48Z
BetRivers,player_points,James Harden,Over,22.5,-157,2025-11-26,2025-11-25T18:32:48Z
BetRivers,player_points,James Harden,Under,22.5,115,2025-11-26,2025-11-25T18:32:48Z
BetRivers,player_points,Luka Doncic,Over,33.5,108,2025-11-26,2025-11-25T18:32:48Z
BetRivers,player_points,Luka Doncic,Under,33.5,-148,2025-11-26,2025-11-25T18:32:48Z
BetRivers,player_points,Kawhi Leonard,Over,21.5,106,2025-11-26,2025-11-25T18:32:48Z
BetRivers,player_points,Kawhi Leonard,Under,21.5,-141,2025-11-26,2025-11-25T18:32:48Z
BetRivers,player_points,Rui Hachimura,Over,12.5,114,2025-11-26,2025-11-25T18:32:48Z
BetRivers,player_points,Rui Hachimura,Under,12.5,-157,2025-11-26,2025-11-25T18:32:48Z
BetRivers,player_points,John Collins,Over,13.5,118,2025-11-26,2025-11-25T18:32:48Z
BetRivers,player_points,John Collins,Under,13.5,-162,2025-11-26,2025-11-25T18:32:48Z
BetRivers,player_points,Ivica Zubac,Over,18.5,120,2025-11-26,2025-11-25T18:32:48Z
BetRivers,player_points,Ivica Zubac,Under,18.5,-167,2025-11-26,2025-11-25T18:32:48Z
BetRivers,player_points,LeBron James,Over,19.5,-129,2025-11-26,2025-11-25T18:32:48Z
BetRivers,player_points,LeBron James,Under,19.5,-104,2025-11-26,2025-11-25T18:32:48Z
BetRivers,player_points,Luka Doncic,Over,32.5,-112,2025-11-26,2025-11-25T18:32:48Z
BetRivers,player_points,Luka Doncic,Under,32.5,-120,2025-11-26,2025-11-25T18:32:48Z
BetRivers,player_points,Marcus Smart,Over,6.5,-105,2025-11-26,2025-11-25T18:32:48Z
BetRivers,player_points,Marcus Smart,Under,6.5,-127,2025-11-26,2025-11-25T18:32:48Z
BetRivers,player_points,Kawhi Leonard,Over,19.5,-134,2025-11-26,2025-11-25T18:32:48Z
BetRivers,player_points,Kawhi Leonard,Under,19.5,102,2025-11-26,2025-11-25T18:32:48Z
BetRivers,player_points,James Harden,Over,23.5,-130,2025-11-26,2025-11-25T18:32:48Z
BetRivers,player_points,James Harden,Under,23.5,-103,2025-11-26,2025-11-25T18:32:48Z
BetRivers,player_points,John Collins,Over,12.5,-105,2025-11-26,2025-11-25T18:32:48Z
BetRivers,player_points,John Collins,Under,12.5,-127,2025-11-26,2025-11-25T18:32:48Z
BetRivers,player_points,Jaxson Hayes,Over,7.5,-108,2025-11-26,2025-11-25T18:32:48Z
BetRivers,player_points,Jaxson Hayes,Under,7.5,-122,2025-11-26,2025-11-25T18:32:48Z
BetRivers,player_points,Ivica Zubac,Over,16.5,-125,2025-11-26,2025-11-25T18:32:48Z
BetRivers,player_points,Ivica Zubac,Under,16.5,-106,2025-11-26,2025-11-25T18:32:48Z
BetRivers,player_points,Ivica Zubac,Over,17.5,-105,2025-11-26,2025-11-25T18:32:48Z
BetRivers,player_points,Ivica Zubac,Under,17.5,-127,2025-11-26,2025-11-25T18:32:48Z
BetRivers,player_points,LeBron James,Over,20.5,-105,2025-11-26,2025-11-25T18:32:48Z
BetRivers,player_points,LeBron James,Under,20.5,-127,2025-11-26,2025-11-25T18:32:48Z
BetRivers,player_points,Kris Dunn,Over,7.5,120,2025-11-26,2025-11-25T18:32:48Z
BetRivers,player_points,Kris Dunn,Under,7.5,-167,2025-11-26,2025-11-25T18:32:48Z
BetRivers,player_points,Luka Doncic,Over,30.5,-167,2025-11-26,2025-11-25T18:32:48Z
BetRivers,player_points,Luka Doncic,Under,30.5,120,2025-11-26,2025-11-25T18:32:48Z
BetRivers,player_points,LeBron James,Over,21.5,116,2025-11-26,2025-11-25T18:32:48Z
BetRivers,player_points,LeBron James,Under,21.5,-159,2025-11-26,2025-11-25T18:32:48Z
BetRivers,player_points,Kawhi Leonard,Over,20.5,-113,2025-11-26,2025-11-25T18:32:48Z
BetRivers,player_points,Kawhi Leonard,Under,20.5,-118,2025-11-26,2025-11-25T18:32:48Z
BetRivers,player_points,Bogdan Bogdanovic,Over,9.5,104,2025-11-26,2025-11-25T18:32:48Z
BetRivers,player_points,Bogdan Bogdanovic,Under,9.5,-137,2025-11-26,2025-11-25T18:32:48Z
BetRivers,player_points,Rui Hachimura,Over,10.5,-143,2025-11-26,2025-11-25T18:32:48Z
BetRivers,player_points,Rui Hachimura,Under,10.5,107,2025-11-26,2025-11-25T18:32:48Z
BetRivers,player_points,James Harden,Over,24.5,-110,2025-11-26,2025-11-25T18:32:48Z
BetRivers,player_points,James Harden,Under,24.5,-121,2025-11-26,2025-11-25T18:32:48Z
BetRivers,player_points,Austin Reaves,Over,23.5,106,2025-11-26,2025-11-25T18:32:48Z
BetRivers,player_points,Austin Reaves,Under,23.5,-143,2025-11-26,2025-11-25T18:32:48Z
BetRivers,player_points,Kawhi Leonard,Over,18.5,-165,2025-11-26,2025-11-25T18:32:48Z
BetRivers,player_points,Kawhi Leonard,Under,18.5,118,2025-11-26,2025-11-25T18:32:48Z
BetRivers,player_points,Bogdan Bogdanovic,Over,8.5,-125,2025-11-26,2025-11-25T18:32:48Z
BetRivers,player_points,Bogdan Bogdanovic,Under,8.5,-107,2025-11-26,2025-11-25T18:32:48Z
BetRivers,player_points,Ivica Zubac,Over,15.5,-167,2025-11-26,2025-11-25T18:32:48Z
BetRivers,player_points,Ivica Zubac,Under,15.5,120,2025-11-26,2025-11-25T18:32:48Z
BetRivers,player_points,James Harden,Over,25.5,108,2025-11-26,2025-11-25T18:32:48Z
BetRivers,player_points,James Harden,Under,25.5,-148,2025-11-26,2025-11-25T18:32:48Z
BetRivers,player_points,Luka Doncic,Over,31.5,-134,2025-11-26,2025-11-25T18:32:48Z
BetRivers,player_points,Luka Doncic,Under,31.5,100,2025-11-26,2025-11-25T18:32:48Z
BetRivers,player_points,Rui Hachimura,Over,11.5,-110,2025-11-26,2025-11-25T18:32:48Z
BetRivers,player_points,Rui Hachimura,Under,11.5,-121,2025-11-26,2025-11-25T18:32:48Z
BetRivers,player_points,Kris Dunn,Over,6.5,-114,2025-11-26,2025-11-25T18:32:48Z
BetRivers,player_points,Kris Dunn,Under,6.5,-117,2025-11-26,2025-11-25T18:32:48Z
BetRivers,player_points,John Collins,Over,11.5,-130,2025-11-26,2025-11-25T18:32:48Z
BetRivers,player_points,John Collins,Under,11.5,-103,2025-11-26,2025-11-25T18:32:48Z
BetRivers,player_points,Austin Reaves,Over,22.5,-113,2025-11-26,2025-11-25T18:32:48Z
BetRivers,player_points,Austin Reaves,Under,22.5,-118,2025-11-26,2025-11-25T18:32:48Z
Bovada,player_points,Alex Sarr,Over,14.5,-290,2025-11-26,2025-11-25T18:32:50Z
Bovada,player_points,Alex Sarr,Under,14.5,210,2025-11-26,2025-11-25T18:32:50Z
Bovada,player_points,Alex Sarr,Over,15.5,-220,2025-11-26,2025-11-25T18:32:50Z
Bovada,player_points,Alex Sarr,Under,15.5,165,2025-11-26,2025-11-25T18:32:50Z
Bovada,player_points,Alex Sarr,Over,16.5,-170,2025-11-26,2025-11-25T18:32:50Z
Bovada,player_points,Alex Sarr,Under,16.5,130,2025-11-26,2025-11-25T18:32:50Z
Bovada,player_points,Alex Sarr,Over,17.5,-130,2025-11-26,2025-11-25T18:32:50Z
Bovada,player_points,Alex Sarr,Under,17.5,100,2025-11-26,2025-11-25T18:32:50Z
Bovada,player_points,Alex Sarr,Over,18.5,-105,2025-11-26,2025-11-25T18:32:50Z
Bovada,player_points,Alex Sarr,Under,18.5,-125,2025-11-26,2025-11-25T18:32:50Z
Bovada,player_points,Alex Sarr,Over,19.5,120,2025-11-26,2025-11-25T18:32:50Z
Bovada,player_points,Alex Sarr,Under,19.5,-160,2025-11-26,2025-11-25T18:32:50Z
Bovada,player_points,Alex Sarr,Over,20.5,150,2025-11-26,2025-11-25T18:32:50Z
Bovada,player_points,Alex Sarr,Under,20.5,-200,2025-11-26,2025-11-25T18:32:50Z
Bovada,player_points,Alex Sarr,Over,21.5,185,2025-11-26,2025-11-25T18:32:50Z
Bovada,player_points,Alex Sarr,Under,21.5,-250,2025-11-26,2025-11-25T18:32:50Z
Bovada,player_points,Bilal Coulibaly,Over,8.5,-210,2025-11-26,2025-11-25T18:32:50Z
Bovada,player_points,Bilal Coulibaly,Under,8.5,155,2025-11-26,2025-11-25T18:32:50Z
Bovada,player_points,Bilal Coulibaly,Over,9.5,-150,2025-11-26,2025-11-25T18:32:50Z
Bovada,player_points,Bilal Coulibaly,Under,9.5,115,2025-11-26,2025-11-25T18:32:50Z
Bovada,player_points,Bilal Coulibaly,Over,10.5,-110,2025-11-26,2025-11-25T18:32:50Z
Bovada,player_points,Bilal Coulibaly,Under,10.5,-120,2025-11-26,2025-11-25T18:32:50Z
Bovada,player_points,Bilal Coulibaly,Over,11.5,120,2025-11-26,2025-11-25T18:32:50Z
Bovada,player_points,Bilal Coulibaly,Under,11.5,-160,2025-11-26,2025-11-25T18:32:50Z
Bovada,player_points,Bilal Coulibaly,Over,12.5,160,2025-11-26,2025-11-25T18:32:50Z
Bovada,player_points,Bilal Coulibaly,Under,12.5,-215,2025-11-26,2025-11-25T18:32:50Z
Bovada,player_points,Bilal Coulibaly,Over,13.5,210,2025-11-26,2025-11-25T18:32:50Z
Bovada,player_points,Bilal Coulibaly,Under,13.5,-290,2025-11-26,2025-11-25T18:32:50Z
Bovada,player_points,Carlton Carrington,Over,5.5,-280,2025-11-26,2025-11-25T18:32:50Z
Bovada,player_points,Carlton Carrington,Under,5.5,205,2025-11-26,2025-11-25T18:32:50Z
Bovada,player_points,Carlton Carrington,Over,6.5,-185,2025-11-26,2025-11-25T18:32:50Z
Bovada,player_points,Carlton Carrington,Under,6.5,140,2025-11-26,2025-11-25T18:32:50Z
Bovada,player_points,Carlton Carrington,Over,7.5,-125,2025-11-26,2025-11-25T18:32:50Z
Bovada,player_points,Carlton Carrington,Under,7.5,-105,2025-11-26,2025-11-25T18:32:50Z
Bovada,player_points,Carlton Carrington,Over,8.5,110,2025-11-26,2025-11-25T18:32:50Z
Bovada,player_points,Carlton Carrington,Under,8.5,-145,2025-11-26,2025-11-25T18:32:50Z
Bovada,player_points,Carlton Carrington,Over,9.5,150,2025-11-26,2025-11-25T18:32:50Z
Bovada,player_points,Carlton Carrington,Under,9.5,-200,2025-11-26,2025-11-25T18:32:50Z
Bovada,player_points,Cam Whitmore,Over,8.5,-260,2025-11-26,2025-11-25T18:32:50Z
Bovada,player_points,Cam Whitmore,Under,8.5,190,2025-11-26,2025-11-25T18:32:50Z
Bovada,player_points,Cam Whitmore,Over,9.5,-180,2025-11-26,2025-11-25T18:32:50Z
Bovada,player_points,Cam Whitmore,Under,9.5,135,2025-11-26,2025-11-25T18:32:50Z
Bovada,player_points,Cam Whitmore,Over,10.5,-130,2025-11-26,2025-11-25T18:32:50Z
Bovada,player_points,Cam Whitmore,Under,10.5,100,2025-11-26,2025-11-25T18:32:50Z
Bovada,player_points,Cam Whitmore,Over,11.5,105,2025-11-26,2025-11-25T18:32:50Z
Bovada,player_points,Cam Whitmore,Under,11.5,-135,2025-11-26,2025-11-25T18:32:50Z
Bovada,player_points,Cam Whitmore,Over,12.5,135,2025-11-26,2025-11-25T18:32:50Z
Bovada,player_points,Cam Whitmore,Under,12.5,-180,2025-11-26,2025-11-25T18:32:50Z
Bovada,player_points,Cam Whitmore,Over,13.5,175,2025-11-26,2025-11-25T18:32:50Z
Bovada,player_points,Cam Whitmore,Under,13.5,-240,2025-11-26,2025-11-25T18:32:50Z
Bovada,player_points,C.J. McCollum,Over,14.5,-275,2025-11-26,2025-11-25T18:32:50Z
Bovada,player_points,C.J. McCollum,Under,14.5,200,2025-11-26,2025-11-25T18:32:50Z
Bovada,player_points,C.J. McCollum,Over,15.5,-210,2025-11-26,2025-11-25T18:32:50Z
Bovada,player_points,C.J. McCollum,Under,15.5,155,2025-11-26,2025-11-25T18:32:50Z
Bovada,player_points,C.J. McCollum,Over,16.5,-160,2025-11-26,2025-11-25T18:32:50Z
Bovada,player_points,C.J. McCollum,Under,16.5,120,2025-11-26,2025-11-25T18:32:50Z
Bovada,player_points,C.J. McCollum,Over,17.5,-125,2025-11-26,2025-11-25T18:32:50Z
Bovada,player_points,C.J. McCollum,Under,17.5,-105,2025-11-26,2025-11-25T18:32:50Z
Bovada,player_points,C.J. McCollum,Over,18.5,100,2025-11-26,2025-11-25T18:32:50Z
Bovada,player_points,C.J. McCollum,Under,18.5,-130,2025-11-26,2025-11-25T18:32:50Z
Bovada,player_points,C.J. McCollum,Over,19.5,125,2025-11-26,2025-11-25T18:32:50Z
Bovada,player_points,C.J. McCollum,Under,19.5,-165,2025-11-26,2025-11-25T18:32:50Z
Bovada,player_points,C.J. McCollum,Over,20.5,155,2025-11-26,2025-11-25T18:32:50Z
Bovada,player_points,C.J. McCollum,Under,20.5,-210,2025-11-26,2025-11-25T18:32:50Z
Bovada,player_points,C.J. McCollum,Over,21.5,190,2025-11-26,2025-11-25T18:32:50Z
Bovada,player_points,C.J. McCollum,Under,21.5,-260,2025-11-26,2025-11-25T18:32:50Z
Bovada,player_points,Corey Kispert,Over,6.5,-200,2025-11-26,2025-11-25T18:32:50Z
Bovada,player_points,Corey Kispert,Under,6.5,150,2025-11-26,2025-11-25T18:32:50Z
Bovada,player_points,Corey Kispert,Over,7.5,-135,2025-11-26,2025-11-25T18:32:50Z
Bovada,player_points,Corey Kispert,Under,7.5,105,2025-11-26,2025-11-25T18:32:50Z
Bovada,player_points,Corey Kispert,Over,8.5,105,2025-11-26,2025-11-25T18:32:50Z
Bovada,player_points,Corey Kispert,Under,8.5,-135,2025-11-26,2025-11-25T18:32:50Z
Bovada,player_points,Corey Kispert,Over,9.5,145,2025-11-26,2025-11-25T18:32:50Z
Bovada,player_points,Corey Kispert,Under,9.5,-190,2025-11-26,2025-11-25T18:32:50Z
Bovada,player_points,Corey Kispert,Over,10.5,190,2025-11-26,2025-11-25T18:32:50Z
Bovada,player_points,Corey Kispert,Under,10.5,-260,2025-11-26,2025-11-25T18:32:50Z
Bovada,player_points,Dyson Daniels,Over,9.5,-240,2025-11-26,2025-11-25T18:32:50Z
Bovada,player_points,Dyson Daniels,Under,9.5,175,2025-11-26,2025-11-25T18:32:50Z
Bovada,player_points,Dyson Daniels,Over,10.5,-170,2025-11-26,2025-11-25T18:32:50Z
Bovada,player_points,Dyson Daniels,Under,10.5,130,2025-11-26,2025-11-25T18:32:50Z
Bovada,player_points,Dyson Daniels,Over,11.5,-125,2025-11-26,2025-11-25T18:32:50Z
Bovada,player_points,Dyson Daniels,Under,11.5,-105,2025-11-26,2025-11-25T18:32:50Z
Bovada,player_points,Dyson Daniels,Over,12.5,105,2025-11-26,2025-11-25T18:32:50Z
Bovada,player_points,Dyson Daniels,Under,12.5,-135,2025-11-26,2025-11-25T18:32:50Z
Bovada,player_points,Dyson Daniels,Over,13.5,135,2025-11-26,2025-11-25T18:32:50Z
Bovada,player_points,Dyson Daniels,Under,13.5,-180,2025-11-26,2025-11-25T18:32:50Z
Bovada,player_points,Dyson Daniels,Over,14.5,175,2025-11-26,2025-11-25T18:32:50Z
Bovada,player_points,Dyson Daniels,Under,14.5,-240,2025-11-26,2025-11-25T18:32:50Z
Bovada,player_points,Jalen Johnson,Over,19.5,-275,2025-11-26,2025-11-25T18:32:50Z
Bovada,player_points,Jalen Johnson,Under,19.5,200,2025-11-26,2025-11-25T18:32:50Z
Bovada,player_points,Jalen Johnson,Over,20.5,-210,2025-11-26,2025-11-25T18:32:50Z
Bovada,player_points,Jalen Johnson,Under,20.5,155,2025-11-26,2025-11-25T18:32:50Z
Bovada,player_points,Jalen Johnson,Over,21.5,-165,2025-11-26,2025-11-25T18:32:50Z
Bovada,player_points,Jalen Johnson,Under,21.5,125,2025-11-26,2025-11-25T18:32:50Z
Bovada,player_points,Jalen Johnson,Over,22.5,-135,2025-11-26,2025-11-25T18:32:50Z
Bovada,player_points,Jalen Johnson,Under,22.5,105,2025-11-26,2025-11-25T18:32:50Z
Bovada,player_points,Jalen Johnson,Over,23.5,-110,2025-11-26,2025-11-25T18:32:50Z
Bovada,player_points,Jalen Johnson,Under,23.5,-120,2025-11-26,2025-11-25T18:32:50Z
Bovada,player_points,Jalen Johnson,Over,24.5,110,2025-11-26,2025-11-25T18:32:50Z
Bovada,player_points,Jalen Johnson,Under,24.5,-145,2025-11-26,2025-11-25T18:32:50Z
Bovada,player_points,Jalen Johnson,Over,25.5,135,2025-11-26,2025-11-25T18:32:50Z
Bovada,player_points,Jalen Johnson,Under,25.5,-180,2025-11-26,2025-11-25T18:32:50Z
Bovada,player_points,Jalen Johnson,Over,26.5,165,2025-11-26,2025-11-25T18:32:50Z
Bovada,player_points,Jalen Johnson,Under,26.5,-220,2025-11-26,2025-11-25T18:32:50Z
Bovada,player_points,Jalen Johnson,Over,27.5,200,2025-11-26,2025-11-25T18:32:50Z
Bovada,player_points,Jalen Johnson,Under,27.5,-275,2025-11-26,2025-11-25T18:32:50Z
Bovada,player_points,Khris Middleton,Over,6.5,-280,2025-11-26,2025-11-25T18:32:50Z
Bovada,player_points,Khris Middleton,Under,6.5,205,2025-11-26,2025-11-25T18:32:50Z
Bovada,player_points,Khris Middleton,Over,7.5,-185,2025-11-26,2025-11-25T18:32:50Z
Bovada,player_points,Khris Middleton,Under,7.5,140,2025-11-26,2025-11-25T18:32:50Z
Bovada,player_points,Khris Middleton,Over,8.5,-130,2025-11-26,2025-11-25T18:32:50Z
Bovada,player_points,Khris Middleton,Under,8.5,100,2025-11-26,2025-11-25T18:32:50Z
Bovada,player_points,Khris Middleton,Over,9.5,105,2025-11-26,2025-11-25T18:32:50Z
Bovada,player_points,Khris Middleton,Under,9.5,-135,2025-11-26,2025-11-25T18:32:50Z
Bovada,player_points,Khris Middleton,Over,10.5,145,2025-11-26,2025-11-25T18:32:50Z
Bovada,player_points,Khris Middleton,Under,10.5,-190,2025-11-26,2025-11-25T18:32:50Z
Bovada,player_points,Khris Middleton,Over,11.5,190,2025-11-26,2025-11-25T18:32:50Z
Bovada,player_points,Khris Middleton,Under,11.5,-260,2025-11-26,2025-11-25T18:32:50Z
Bovada,player_points,Kristaps Porzingis,Over,15.5,-275,2025-11-26,2025-11-25T18:32:50Z
Bovada,player_points,Kristaps Porzingis,Under,15.5,200,2025-11-26,2025-11-25T18:32:50Z
Bovada,player_points,Kristaps Porzingis,Over,16.5,-200,2025-11-26,2025-11-25T18:32:50Z
Bovada,player_points,Kristaps Porzingis,Under,16.5,150,2025-11-26,2025-11-25T18:32:50Z
Bovada,player_points,Kristaps Porzingis,Over,17.5,-160,2025-11-26,2025-11-25T18:32:50Z
Bovada,player_points,Kristaps Porzingis,Under,17.5,120,2025-11-26,2025-11-25T18:32:50Z
Bovada,player_points,Kristaps Porzingis,Over,18.5,-125,2025-11-26,2025-11-25T18:32:50Z
Bovada,player_points,Kristaps Porzingis,Under,18.5,-105,2025-11-26,2025-11-25T18:32:50Z
Bovada,player_points,Kristaps Porzingis,Over,19.5,100,2025-11-26,2025-11-25T18:32:50Z
Bovada,player_points,Kristaps Porzingis,Under,19.5,-130,2025-11-26,2025-11-25T18:32:50Z
Bovada,player_points,Kristaps Porzingis,Over,20.5,125,2025-11-26,2025-11-25T18:32:50Z
Bovada,player_points,Kristaps Porzingis,Under,20.5,-165,2025-11-26,2025-11-25T18:32:50Z
Bovada,player_points,Kristaps Porzingis,Over,21.5,155,2025-11-26,2025-11-25T18:32:50Z
Bovada,player_points,Kristaps Porzingis,Under,21.5,-210,2025-11-26,2025-11-25T18:32:50Z
Bovada,player_points,Kristaps Porzingis,Over,22.5,190,2025-11-26,2025-11-25T18:32:50Z
Bovada,player_points,Kristaps Porzingis,Under,22.5,-260,2025-11-26,2025-11-25T18:32:50Z
Bovada,player_points,Kyshawn George,Over,11.5,-240,2025-11-26,2025-11-25T18:32:50Z
Bovada,player_points,Kyshawn George,Under,11.5,175,2025-11-26,2025-11-25T18:32:50Z
Bovada,player_points,Kyshawn George,Over,12.5,-170,2025-11-26,2025-11-25T18:32:50Z
Bovada,player_points,Kyshawn George,Under,12.5,130,2025-11-26,2025-11-25T18:32:50Z
Bovada,player_points,Kyshawn George,Over,13.5,-130,2025-11-26,2025-11-25T18:32:50Z
Bovada,player_points,Kyshawn George,Under,13.5,100,2025-11-26,2025-11-25T18:32:50Z
Bovada,player_points,Kyshawn George,Over,14.5,100,2025-11-26,2025-11-25T18:32:50Z
Bovada,player_points,Kyshawn George,Under,14.5,-130,2025-11-26,2025-11-25T18:32:50Z
Bovada,player_points,Kyshawn George,Over,15.5,130,2025-11-26,2025-11-25T18:32:50Z
Bovada,player_points,Kyshawn George,Under,15.5,-170,2025-11-26,2025-11-25T18:32:50Z
Bovada,player_points,Kyshawn George,Over,16.5,165,2025-11-26,2025-11-25T18:32:50Z
Bovada,player_points,Kyshawn George,Under,16.5,-220,2025-11-26,2025-11-25T18:32:50Z
Bovada,player_points,Kyshawn George,Over,17.5,205,2025-11-26,2025-11-25T18:32:50Z
Bovada,player_points,Kyshawn George,Under,17.5,-280,2025-11-26,2025-11-25T18:32:50Z
Bovada,player_points,Nickeil Alexander-Walker,Over,15.5,-245,2025-11-26,2025-11-25T18:32:50Z
Bovada,player_points,Nickeil Alexander-Walker,Under,15.5,180,2025-11-26,2025-11-25T18:32:50Z
Bovada,player_points,Nickeil Alexander-Walker,Over,16.5,-185,2025-11-26,2025-11-25T18:32:50Z
Bovada,player_points,Nickeil Alexander-Walker,Under,16.5,140,2025-11-26,2025-11-25T18:32:50Z
Bovada,player_points,Nickeil Alexander-Walker,Over,17.5,-145,2025-11-26,2025-11-25T18:32:50Z
Bovada,player_points,Nickeil Alexander-Walker,Under,17.5,110,2025-11-26,2025-11-25T18:32:50Z
Bovada,player_points,Nickeil Alexander-Walker,Over,18.5,-115,2025-11-26,2025-11-25T18:32:50Z
Bovada,player_points,Nickeil Alexander-Walker,Under,18.5,-115,2025-11-26,2025-11-25T18:32:50Z
Bovada,player_points,Nickeil Alexander-Walker,Over,19.5,110,2025-11-26,2025-11-25T18:32:50Z
Bovada,player_points,Nickeil Alexander-Walker,Under,19.5,-145,2025-11-26,2025-11-25T18:32:50Z
Bovada,player_points,Nickeil Alexander-Walker,Over,20.5,135,2025-11-26,2025-11-25T18:32:50Z
Bovada,player_points,Nickeil Alexander-Walker,Under,20.5,-180,2025-11-26,2025-11-25T18:32:50Z
Bovada,player_points,Nickeil Alexander-Walker,Over,21.5,170,2025-11-26,2025-11-25T18:32:50Z
Bovada,player_points,Nickeil Alexander-Walker,Under,21.5,-230,2025-11-26,2025-11-25T18:32:50Z
Bovada,player_points,Nickeil Alexander-Walker,Over,22.5,205,2025-11-26,2025-11-25T18:32:50Z
Bovada,player_points,Nickeil Alexander-Walker,Under,22.5,-280,2025-11-26,2025-11-25T18:32:50Z
Bovada,player_points,Onyeka Okongwu,Over,11.5,-260,2025-11-26,2025-11-25T18:32:50Z
Bovada,player_points,Onyeka Okongwu,Under,11.5,190,2025-11-26,2025-11-25T18:32:50Z
Bovada,player_points,Onyeka Okongwu,Over,12.5,-190,2025-11-26,2025-11-25T18:32:50Z
Bovada,player_points,Onyeka Okongwu,Under,12.5,145,2025-11-26,2025-11-25T18:32:50Z
Bovada,player_points,Onyeka Okongwu,Over,13.5,-145,2025-11-26,2025-11-25T18:32:50Z
Bovada,player_points,Onyeka Okongwu,Under,13.5,110,2025-11-26,2025-11-25T18:32:50Z
Bovada,player_points,Onyeka Okongwu,Over,14.5,-110,2025-11-26,2025-11-25T18:32:50Z
Bovada,player_points,Onyeka Okongwu,Under,14.5,-120,2025-11-26,2025-11-25T18:32:50Z
Bovada,player_points,Onyeka Okongwu,Over,15.5,115,2025-11-26,2025-11-25T18:32:50Z
Bovada,player_points,Onyeka Okongwu,Under,15.5,-150,2025-11-26,2025-11-25T18:32:50Z
Bovada,player_points,Onyeka Okongwu,Over,16.5,150,2025-11-26,2025-11-25T18:32:50Z
Bovada,player_points,Onyeka Okongwu,Under,16.5,-200,2025-11-26,2025-11-25T18:32:50Z
Bovada,player_points,Onyeka Okongwu,Over,17.5,185,2025-11-26,2025-11-25T18:32:50Z
Bovada,player_points,Onyeka Okongwu,Under,17.5,-250,2025-11-26,2025-11-25T18:32:50Z
Bovada,player_points,Vit Krejci,Over,7.5,-210,2025-11-26,2025-11-25T18:32:50Z
Bovada,player_points,Vit Krejci,Under,7.5,155,2025-11-26,2025-11-25T18:32:50Z
Bovada,player_points,Vit Krejci,Over,8.5,-145,2025-11-26,2025-11-25T18:32:50Z
Bovada,player_points,Vit Krejci,Under,8.5,110,2025-11-26,2025-11-25T18:32:50Z
Bovada,player_points,Vit Krejci,Over,9.5,-105,2025-11-26,2025-11-25T18:32:50Z
Bovada,player_points,Vit Krejci,Under,9.5,-125,2025-11-26,2025-11-25T18:32:50Z
Bovada,player_points,Vit Krejci,Over,10.5,130,2025-11-26,2025-11-25T18:32:50Z
Bovada,player_points,Vit Krejci,Under,10.5,-170,2025-11-26,2025-11-25T18:32:50Z
Bovada,player_points,Vit Krejci,Over,11.5,170,2025-11-26,2025-11-25T18:32:50Z
Bovada,player_points,Vit Krejci,Under,11.5,-230,2025-11-26,2025-11-25T18:32:50Z
Bovada,player_points,Zaccharie Risacher,Over,8.5,-275,2025-11-26,2025-11-25T18:32:50Z
Bovada,player_points,Zaccharie Risacher,Under,8.5,200,2025-11-26,2025-11-25T18:32:50Z
Bovada,player_points,Zaccharie Risacher,Over,9.5,-190,2025-11-26,2025-11-25T18:32:50Z
Bovada,player_points,Zaccharie Risacher,Under,9.5,145,2025-11-26,2025-11-25T18:32:50Z
Bovada,player_points,Zaccharie Risacher,Over,10.5,-145,2025-11-26,2025-11-25T18:32:50Z
Bovada,player_points,Zaccharie Risacher,Under,10.5,110,2025-11-26,2025-11-25T18:32:50Z
Bovada,player_points,Zaccharie Risacher,Over,11.5,-105,2025-11-26,2025-11-25T18:32:50Z
Bovada,player_points,Zaccharie Risacher,Under,11.5,-125,2025-11-26,2025-11-25T18:32:50Z
Bovada,player_points,Zaccharie Risacher,Over,12.5,125,2025-11-26,2025-11-25T18:32:50Z
Bovada,player_points,Zaccharie Risacher,Under,12.5,-165,2025-11-26,2025-11-25T18:32:50Z
Bovada,player_points,Zaccharie Risacher,Over,13.5,165,2025-11-26,2025-11-25T18:32:50Z
Bovada,player_points,Zaccharie Risacher,Under,13.5,-220,2025-11-26,2025-11-25T18:32:50Z
Bovada,player_points,Zaccharie Risacher,Over,14.5,210,2025-11-26,2025-11-25T18:32:50Z
Bovada,player_points,Zaccharie Risacher,Under,14.5,-290,2025-11-26,2025-11-25T18:32:50Z
Bovada,player_points,Anthony Black,Over,9.5,-280,2025-11-26,2025-11-25T18:31:59Z
Bovada,player_points,Anthony Black,Under,9.5,205,2025-11-26,2025-11-25T18:31:59Z
Bovada,player_points,Anthony Black,Over,10.5,-200,2025-11-26,2025-11-25T18:31:59Z
Bovada,player_points,Anthony Black,Under,10.5,150,2025-11-26,2025-11-25T18:31:59Z
Bovada,player_points,Anthony Black,Over,11.5,-145,2025-11-26,2025-11-25T18:31:59Z
Bovada,player_points,Anthony Black,Under,11.5,110,2025-11-26,2025-11-25T18:31:59Z
Bovada,player_points,Anthony Black,Over,12.5,-110,2025-11-26,2025-11-25T18:31:59Z
Bovada,player_points,Anthony Black,Under,12.5,-120,2025-11-26,2025-11-25T18:31:59Z
Bovada,player_points,Anthony Black,Over,13.5,120,2025-11-26,2025-11-25T18:31:59Z
Bovada,player_points,Anthony Black,Under,13.5,-160,2025-11-26,2025-11-25T18:31:59Z
Bovada,player_points,Anthony Black,Over,14.5,155,2025-11-26,2025-11-25T18:31:59Z
Bovada,player_points,Anthony Black,Under,14.5,-210,2025-11-26,2025-11-25T18:31:59Z
Bovada,player_points,Anthony Black,Over,15.5,200,2025-11-26,2025-11-25T18:31:59Z
Bovada,player_points,Anthony Black,Under,15.5,-275,2025-11-26,2025-11-25T18:31:59Z
Bovada,player_points,Desmond Bane,Over,17.5,-275,2025-11-26,2025-11-25T18:31:59Z
Bovada,player_points,Desmond Bane,Under,17.5,200,2025-11-26,2025-11-25T18:31:59Z
Bovada,player_points,Desmond Bane,Over,18.5,-210,2025-11-26,2025-11-25T18:31:59Z
Bovada,player_points,Desmond Bane,Under,18.5,155,2025-11-26,2025-11-25T18:31:59Z
Bovada,player_points,Desmond Bane,Over,19.5,-165,2025-11-26,2025-11-25T18:31:59Z
Bovada,player_points,Desmond Bane,Under,19.5,125,2025-11-26,2025-11-25T18:31:59Z
Bovada,player_points,Desmond Bane,Over,20.5,-130,2025-11-26,2025-11-25T18:31:59Z
Bovada,player_points,Desmond Bane,Under,20.5,100,2025-11-26,2025-11-25T18:31:59Z
Bovada,player_points,Desmond Bane,Over,21.5,-105,2025-11-26,2025-11-25T18:31:59Z
Bovada,player_points,Desmond Bane,Under,21.5,-125,2025-11-26,2025-11-25T18:31:59Z
Bovada,player_points,Desmond Bane,Over,22.5,115,2025-11-26,2025-11-25T18:31:59Z
Bovada,player_points,Desmond Bane,Under,22.5,-150,2025-11-26,2025-11-25T18:31:59Z
Bovada,player_points,Desmond Bane,Over,23.5,145,2025-11-26,2025-11-25T18:31:59Z
Bovada,player_points,Desmond Bane,Under,23.5,-190,2025-11-26,2025-11-25T18:31:59Z
Bovada,player_points,Desmond Bane,Over,24.5,175,2025-11-26,2025-11-25T18:31:59Z
Bovada,player_points,Desmond Bane,Under,24.5,-240,2025-11-26,2025-11-25T18:31:59Z
Bovada,player_points,Desmond Bane,Over,25.5,215,2025-11-26,2025-11-25T18:31:59Z
Bovada,player_points,Desmond Bane,Under,25.5,-300,2025-11-26,2025-11-25T18:31:59Z
Bovada,player_points,Franz Wagner,Over,20.5,-275,2025-11-26,2025-11-25T18:31:59Z
Bovada,player_points,Franz Wagner,Under,20.5,200,2025-11-26,2025-11-25T18:31:59Z
Bovada,player_points,Franz Wagner,Over,21.5,-220,2025-11-26,2025-11-25T18:31:59Z
Bovada,player_points,Franz Wagner,Under,21.5,165,2025-11-26,2025-11-25T18:31:59Z
Bovada,player_points,Franz Wagner,Over,22.5,-170,2025-11-26,2025-11-25T18:31:59Z
Bovada,player_points,Franz Wagner,Under,22.5,130,2025-11-26,2025-11-25T18:31:59Z
Bovada,player_points,Franz Wagner,Over,23.5,-145,2025-11-26,2025-11-25T18:31:59Z
Bovada,player_points,Franz Wagner,Under,23.5,110,2025-11-26,2025-11-25T18:31:59Z
Bovada,player_points,Franz Wagner,Over,24.5,-115,2025-11-26,2025-11-25T18:31:59Z
Bovada,player_points,Franz Wagner,Under,24.5,-115,2025-11-26,2025-11-25T18:31:59Z
Bovada,player_points,Franz Wagner,Over,25.5,105,2025-11-26,2025-11-25T18:31:59Z
Bovada,player_points,Franz Wagner,Under,25.5,-135,2025-11-26,2025-11-25T18:31:59Z
Bovada,player_points,Franz Wagner,Over,26.5,130,2025-11-26,2025-11-25T18:31:59Z
Bovada,player_points,Franz Wagner,Under,26.5,-170,2025-11-26,2025-11-25T18:31:59Z
Bovada,player_points,Franz Wagner,Over,27.5,155,2025-11-26,2025-11-25T18:31:59Z
Bovada,player_points,Franz Wagner,Under,27.5,-210,2025-11-26,2025-11-25T18:31:59Z
Bovada,player_points,Franz Wagner,Over,28.5,185,2025-11-26,2025-11-25T18:31:59Z
Bovada,player_points,Franz Wagner,Under,28.5,-250,2025-11-26,2025-11-25T18:31:59Z
Bovada,player_points,Jalen Suggs,Over,13.5,-280,2025-11-26,2025-11-25T18:31:59Z
Bovada,player_points,Jalen Suggs,Under,13.5,205,2025-11-26,2025-11-25T18:31:59Z
Bovada,player_points,Jalen Suggs,Over,14.5,-210,2025-11-26,2025-11-25T18:31:59Z
Bovada,player_points,Jalen Suggs,Under,14.5,155,2025-11-26,2025-11-25T18:31:59Z
Bovada,player_points,Jalen Suggs,Over,15.5,-160,2025-11-26,2025-11-25T18:31:59Z
Bovada,player_points,Jalen Suggs,Under,15.5,120,2025-11-26,2025-11-25T18:31:59Z
Bovada,player_points,Jalen Suggs,Over,16.5,-125,2025-11-26,2025-11-25T18:31:59Z
Bovada,player_points,Jalen Suggs,Under,16.5,-105,2025-11-26,2025-11-25T18:31:59Z
Bovada,player_points,Jalen Suggs,Over,17.5,100,2025-11-26,2025-11-25T18:31:59Z
Bovada,player_points,Jalen Suggs,Under,17.5,-130,2025-11-26,2025-11-25T18:31:59Z
Bovada,player_points,Jalen Suggs,Over,18.5,130,2025-11-26,2025-11-25T18:31:59Z
Bovada,player_points,Jalen Suggs,Under,18.5,-170,2025-11-26,2025-11-25T18:31:59Z
Bovada,player_points,Jalen Suggs,Over,19.5,160,2025-11-26,2025-11-25T18:31:59Z
Bovada,player_points,Jalen Suggs,Under,19.5,-215,2025-11-26,2025-11-25T18:31:59Z
Bovada,player_points,Jalen Suggs,Over,20.5,200,2025-11-26,2025-11-25T18:31:59Z
Bovada,player_points,Jalen Suggs,Under,20.5,-275,2025-11-26,2025-11-25T18:31:59Z
Bovada,player_points,Quentin Grimes,Over,14.5,-275,2025-11-26,2025-11-25T18:31:59Z
Bovada,player_points,Quentin Grimes,Under,14.5,200,2025-11-26,2025-11-25T18:31:59Z
Bovada,player_points,Quentin Grimes,Over,15.5,-210,2025-11-26,2025-11-25T18:31:59Z
Bovada,player_points,Quentin Grimes,Under,15.5,155,2025-11-26,2025-11-25T18:31:59Z
Bovada,player_points,Quentin Grimes,Over,16.5,-160,2025-11-26,2025-11-25T18:31:59Z
Bovada,player_points,Quentin Grimes,Under,16.5,120,2025-11-26,2025-11-25T18:31:59Z
Bovada,player_points,Quentin Grimes,Over,17.5,-125,2025-11-26,2025-11-25T18:31:59Z
Bovada,player_points,Quentin Grimes,Under,17.5,-105,2025-11-26,2025-11-25T18:31:59Z
Bovada,player_points,Quentin Grimes,Over,18.5,100,2025-11-26,2025-11-25T18:31:59Z
Bovada,player_points,Quentin Grimes,Under,18.5,-130,2025-11-26,2025-11-25T18:31:59Z
Bovada,player_points,Quentin Grimes,Over,19.5,125,2025-11-26,2025-11-25T18:31:59Z
Bovada,player_points,Quentin Grimes,Under,19.5,-165,2025-11-26,2025-11-25T18:31:59Z
Bovada,player_points,Quentin Grimes,Over,20.5,155,2025-11-26,2025-11-25T18:31:59Z
Bovada,player_points,Quentin Grimes,Under,20.5,-210,2025-11-26,2025-11-25T18:31:59Z
Bovada,player_points,Trendon Watford,Over,7.5,-220,2025-11-26,2025-11-25T18:31:59Z
Bovada,player_points,Trendon Watford,Under,7.5,165,2025-11-26,2025-11-25T18:31:59Z
Bovada,player_points,Trendon Watford,Over,8.5,-150,2025-11-26,2025-11-25T18:31:59Z
Bovada,player_points,Trendon Watford,Under,8.5,115,2025-11-26,2025-11-25T18:31:59Z
Bovada,player_points,Trendon Watford,Over,9.5,-110,2025-11-26,2025-11-25T18:31:59Z
Bovada,player_points,Trendon Watford,Under,9.5,-120,2025-11-26,2025-11-25T18:31:59Z
Bovada,player_points,Trendon Watford,Over,10.5,125,2025-11-26,2025-11-25T18:31:59Z
Bovada,player_points,Trendon Watford,Under,10.5,-165,2025-11-26,2025-11-25T18:31:59Z
Bovada,player_points,Trendon Watford,Over,11.5,165,2025-11-26,2025-11-25T18:31:59Z
Bovada,player_points,Trendon Watford,Under,11.5,-220,2025-11-26,2025-11-25T18:31:59Z
Bovada,player_points,Tristan da Silva,Over,9.5,-260,2025-11-26,2025-11-25T18:31:59Z
Bovada,player_points,Tristan da Silva,Under,9.5,190,2025-11-26,2025-11-25T18:31:59Z
Bovada,player_points,Tristan da Silva,Over,10.5,-190,2025-11-26,2025-11-25T18:31:59Z
Bovada,player_points,Tristan da Silva,Under,10.5,145,2025-11-26,2025-11-25T18:31:59Z
Bovada,player_points,Tristan da Silva,Over,11.5,-135,2025-11-26,2025-11-25T18:31:59Z
Bovada,player_points,Tristan da Silva,Under,11.5,105,2025-11-26,2025-11-25T18:31:59Z
Bovada,player_points,Tristan da Silva,Over,12.5,-105,2025-11-26,2025-11-25T18:31:59Z
Bovada,player_points,Tristan da Silva,Under,12.5,-125,2025-11-26,2025-11-25T18:31:59Z
Bovada,player_points,Tristan da Silva,Over,13.5,125,2025-11-26,2025-11-25T18:31:59Z
Bovada,player_points,Tristan da Silva,Under,13.5,-165,2025-11-26,2025-11-25T18:31:59Z
Bovada,player_points,Tristan da Silva,Over,14.5,160,2025-11-26,2025-11-25T18:31:59Z
Bovada,player_points,Tristan da Silva,Under,14.5,-215,2025-11-26,2025-11-25T18:31:59Z
Bovada,player_points,Tristan da Silva,Over,15.5,205,2025-11-26,2025-11-25T18:31:59Z
Bovada,player_points,Tristan da Silva,Under,15.5,-280,2025-11-26,2025-11-25T18:31:59Z
Bovada,player_points,Tyrese Maxey,Over,28.5,-245,2025-11-26,2025-11-25T18:31:59Z
Bovada,player_points,Tyrese Maxey,Under,28.5,180,2025-11-26,2025-11-25T18:31:59Z
Bovada,player_points,Tyrese Maxey,Over,29.5,-200,2025-11-26,2025-11-25T18:31:59Z
Bovada,player_points,Tyrese Maxey,Under,29.5,150,2025-11-26,2025-11-25T18:31:59Z
Bovada,player_points,Tyrese Maxey,Over,30.5,-165,2025-11-26,2025-11-25T18:31:59Z
Bovada,player_points,Tyrese Maxey,Under,30.5,125,2025-11-26,2025-11-25T18:31:59Z
Bovada,player_points,Tyrese Maxey,Over,31.5,-135,2025-11-26,2025-11-25T18:31:59Z
Bovada,player_points,Tyrese Maxey,Under,31.5,105,2025-11-26,2025-11-25T18:31:59Z
Bovada,player_points,Tyrese Maxey,Over,32.5,-115,2025-11-26,2025-11-25T18:31:59Z
Bovada,player_points,Tyrese Maxey,Under,32.5,-115,2025-11-26,2025-11-25T18:31:59Z
Bovada,player_points,Tyrese Maxey,Over,33.5,105,2025-11-26,2025-11-25T18:31:59Z
Bovada,player_points,Tyrese Maxey,Under,33.5,-135,2025-11-26,2025-11-25T18:31:59Z
Bovada,player_points,Tyrese Maxey,Over,34.5,120,2025-11-26,2025-11-25T18:31:59Z
Bovada,player_points,Tyrese Maxey,Under,34.5,-160,2025-11-26,2025-11-25T18:31:59Z
Bovada,player_points,Tyrese Maxey,Over,35.5,145,2025-11-26,2025-11-25T18:31:59Z
Bovada,player_points,Tyrese Maxey,Under,35.5,-190,2025-11-26,2025-11-25T18:31:59Z
Bovada,player_points,Tyrese Maxey,Over,36.5,170,2025-11-26,2025-11-25T18:31:59Z
Bovada,player_points,Tyrese Maxey,Under,36.5,-230,2025-11-26,2025-11-25T18:31:59Z
Bovada,player_points,Tyrese Maxey,Over,37.5,200,2025-11-26,2025-11-25T18:31:59Z
Bovada,player_points,Tyrese Maxey,Under,37.5,-275,2025-11-26,2025-11-25T18:31:59Z
Bovada,player_points,Wendell Carter Jr,Over,8.5,-290,2025-11-26,2025-11-25T18:31:59Z
Bovada,player_points,Wendell Carter Jr,Under,8.5,210,2025-11-26,2025-11-25T18:31:59Z
Bovada,player_points,Wendell Carter Jr,Over,9.5,-200,2025-11-26,2025-11-25T18:31:59Z
Bovada,player_points,Wendell Carter Jr,Under,9.5,150,2025-11-26,2025-11-25T18:31:59Z
Bovada,player_points,Wendell Carter Jr,Over,10.5,-150,2025-11-26,2025-11-25T18:31:59Z
Bovada,player_points,Wendell Carter Jr,Under,10.5,115,2025-11-26,2025-11-25T18:31:59Z
Bovada,player_points,Wendell Carter Jr,Over,11.5,-110,2025-11-26,2025-11-25T18:31:59Z
Bovada,player_points,Wendell Carter Jr,Under,11.5,-120,2025-11-26,2025-11-25T18:31:59Z
Bovada,player_points,Wendell Carter Jr,Over,12.5,120,2025-11-26,2025-11-25T18:31:59Z
Bovada,player_points,Wendell Carter Jr,Under,12.5,-160,2025-11-26,2025-11-25T18:31:59Z
Bovada,player_points,Wendell Carter Jr,Over,13.5,155,2025-11-26,2025-11-25T18:31:59Z
Bovada,player_points,Wendell Carter Jr,Under,13.5,-210,2025-11-26,2025-11-25T18:31:59Z
Bovada,player_points,Wendell Carter Jr,Over,14.5,200,2025-11-26,2025-11-25T18:31:59Z
Bovada,player_points,Wendell Carter Jr,Under,14.5,-275,2025-11-26,2025-11-25T18:31:59Z
Bovada,player_points,Austin Reaves,Over,18.5,-275,2025-11-26,2025-11-25T18:32:00Z
Bovada,player_points,Austin Reaves,Under,18.5,200,2025-11-26,2025-11-25T18:32:00Z
Bovada,player_points,Austin Reaves,Over,19.5,-215,2025-11-26,2025-11-25T18:32:00Z
Bovada,player_points,Austin Reaves,Under,19.5,160,2025-11-26,2025-11-25T18:32:00Z
Bovada,player_points,Austin Reaves,Over,20.5,-170,2025-11-26,2025-11-25T18:32:00Z
Bovada,player_points,Austin Reaves,Under,20.5,130,2025-11-26,2025-11-25T18:32:00Z
Bovada,player_points,Austin Reaves,Over,21.5,-135,2025-11-26,2025-11-25T18:32:00Z
Bovada,player_points,Austin Reaves,Under,21.5,105,2025-11-26,2025-11-25T18:32:00Z
Bovada,player_points,Austin Reaves,Over,22.5,-110,2025-11-26,2025-11-25T18:32:00Z
Bovada,player_points,Austin Reaves,Under,22.5,-120,2025-11-26,2025-11-25T18:32:00Z
Bovada,player_points,Austin Reaves,Over,23.5,110,2025-11-26,2025-11-25T18:32:00Z
Bovada,player_points,Austin Reaves,Under,23.5,-145,2025-11-26,2025-11-25T18:32:00Z
Bovada,player_points,Austin Reaves,Over,24.5,135,2025-11-26,2025-11-25T18:32:00Z
Bovada,player_points,Austin Reaves,Under,24.5,-180,2025-11-26,2025-11-25T18:32:00Z
Bovada,player_points,Austin Reaves,Over,25.5,165,2025-11-26,2025-11-25T18:32:00Z
Bovada,player_points,Austin Reaves,Under,25.5,-220,2025-11-26,2025-11-25T18:32:00Z
Bovada,player_points,Austin Reaves,Over,26.5,200,2025-11-26,2025-11-25T18:32:00Z
Bovada,player_points,Austin Reaves,Under,26.5,-275,2025-11-26,2025-11-25T18:32:00Z
Bovada,player_points,Bogdan Bogdanovic,Over,6.5,-215,2025-11-26,2025-11-25T18:32:00Z
Bovada,player_points,Bogdan Bogdanovic,Under,6.5,160,2025-11-26,2025-11-25T18:32:00Z
Bovada,player_points,Bogdan Bogdanovic,Over,7.5,-145,2025-11-26,2025-11-25T18:32:00Z
Bovada,player_points,Bogdan Bogdanovic,Under,7.5,110,2025-11-26,2025-11-25T18:32:00Z
Bovada,player_points,Bogdan Bogdanovic,Over,8.5,-105,2025-11-26,2025-11-25T18:32:00Z
Bovada,player_points,Bogdan Bogdanovic,Under,8.5,-125,2025-11-26,2025-11-25T18:32:00Z
Bovada,player_points,Bogdan Bogdanovic,Over,9.5,135,2025-11-26,2025-11-25T18:32:00Z
Bovada,player_points,Bogdan Bogdanovic,Under,9.5,-180,2025-11-26,2025-11-25T18:32:00Z
Bovada,player_points,Bogdan Bogdanovic,Over,10.5,180,2025-11-26,2025-11-25T18:32:00Z
Bovada,player_points,Bogdan Bogdanovic,Under,10.5,-245,2025-11-26,2025-11-25T18:32:00Z
Bovada,player_points,Brook Lopez,Over,4.5,-180,2025-11-26,2025-11-25T18:32:00Z
Bovada,player_points,Brook Lopez,Under,4.5,135,2025-11-26,2025-11-25T18:32:00Z
Bovada,player_points,Brook Lopez,Over,5.5,-115,2025-11-26,2025-11-25T18:32:00Z
Bovada,player_points,Brook Lopez,Under,5.5,-115,2025-11-26,2025-11-25T18:32:00Z
Bovada,player_points,Brook Lopez,Over,6.5,130,2025-11-26,2025-11-25T18:32:00Z
Bovada,player_points,Brook Lopez,Under,6.5,-170,2025-11-26,2025-11-25T18:32:00Z
Bovada,player_points,Brook Lopez,Over,7.5,200,2025-11-26,2025-11-25T18:32:00Z
Bovada,player_points,Brook Lopez,Under,7.5,-275,2025-11-26,2025-11-25T18:32:00Z
Bovada,player_points,Ivica Zubac,Over,13.5,-260,2025-11-26,2025-11-25T18:32:00Z
Bovada,player_points,Ivica Zubac,Under,13.5,190,2025-11-26,2025-11-25T18:32:00Z
Bovada,player_points,Ivica Zubac,Over,14.5,-190,2025-11-26,2025-11-25T18:32:00Z
Bovada,player_points,Ivica Zubac,Under,14.5,145,2025-11-26,2025-11-25T18:32:00Z
Bovada,player_points,Ivica Zubac,Over,15.5,-150,2025-11-26,2025-11-25T18:32:00Z
Bovada,player_points,Ivica Zubac,Under,15.5,115,2025-11-26,2025-11-25T18:32:00Z
Bovada,player_points,Ivica Zubac,Over,16.5,-115,2025-11-26,2025-11-25T18:32:00Z
Bovada,player_points,Ivica Zubac,Under,16.5,-115,2025-11-26,2025-11-25T18:32:00Z
Bovada,player_points,Ivica Zubac,Over,17.5,110,2025-11-26,2025-11-25T18:32:00Z
Bovada,player_points,Ivica Zubac,Under,17.5,-145,2025-11-26,2025-11-25T18:32:00Z
Bovada,player_points,Ivica Zubac,Over,18.5,135,2025-11-26,2025-11-25T18:32:00Z
Bovada,player_points,Ivica Zubac,Under,18.5,-180,2025-11-26,2025-11-25T18:32:00Z
Bovada,player_points,Ivica Zubac,Over,19.5,170,2025-11-26,2025-11-25T18:32:00Z
Bovada,player_points,Ivica Zubac,Under,19.5,-230,2025-11-26,2025-11-25T18:32:00Z
Bovada,player_points,Ivica Zubac,Over,20.5,215,2025-11-26,2025-11-25T18:32:00Z
Bovada,player_points,Ivica Zubac,Under,20.5,-300,2025-11-26,2025-11-25T18:32:00Z
Bovada,player_points,James Harden,Over,20.5,-240,2025-11-26,2025-11-25T18:32:00Z
Bovada,player_points,James Harden,Under,20.5,175,2025-11-26,2025-11-25T18:32:00Z
Bovada,player_points,James Harden,Over,21.5,-190,2025-11-26,2025-11-25T18:32:00Z
Bovada,player_points,James Harden,Under,21.5,145,2025-11-26,2025-11-25T18:32:00Z
Bovada,player_points,James Harden,Over,22.5,-150,2025-11-26,2025-11-25T18:32:00Z
Bovada,player_points,James Harden,Under,22.5,115,2025-11-26,2025-11-25T18:32:00Z
Bovada,player_points,James Harden,Over,23.5,-125,2025-11-26,2025-11-25T18:32:00Z
Bovada,player_points,James Harden,Under,23.5,-105,2025-11-26,2025-11-25T18:32:00Z
Bovada,player_points,James Harden,Over,24.5,100,2025-11-26,2025-11-25T18:32:00Z
Bovada,player_points,James Harden,Under,24.5,-130,2025-11-26,2025-11-25T18:32:00Z
Bovada,player_points,James Harden,Over,25.5,120,2025-11-26,2025-11-25T18:32:00Z
Bovada,player_points,James Harden,Under,25.5,-160,2025-11-26,2025-11-25T18:32:00Z
Bovada,player_points,James Harden,Over,26.5,145,2025-11-26,2025-11-25T18:32:00Z
Bovada,player_points,James Harden,Under,26.5,-190,2025-11-26,2025-11-25T18:32:00Z
Bovada,player_points,James Harden,Over,27.5,175,2025-11-26,2025-11-25T18:32:00Z
Bovada,player_points,James Harden,Under,27.5,-240,2025-11-26,2025-11-25T18:32:00Z
Bovada,player_points,James Harden,Over,28.5,215,2025-11-26,2025-11-25T18:32:00Z
Bovada,player_points,James Harden,Under,28.5,-300,2025-11-26,2025-11-25T18:32:00Z
Bovada,player_points,John Collins,Over,9.5,-215,2025-11-26,2025-11-25T18:32:00Z
Bovada,player_points,John Collins,Under,9.5,160,2025-11-26,2025-11-25T18:32:00Z
Bovada,player_points,John Collins,Over,10.5,-150,2025-11-26,2025-11-25T18:32:00Z
Bovada,player_points,John Collins,Under,10.5,115,2025-11-26,2025-11-25T18:32:00Z
Bovada,player_points,John Collins,Over,11.5,-115,2025-11-26,2025-11-25T18:32:00Z
Bovada,player_points,John Collins,Under,11.5,-115,2025-11-26,2025-11-25T18:32:00Z
Bovada,player_points,John Collins,Over,12.5,115,2025-11-26,2025-11-25T18:32:00Z
Bovada,player_points,John Collins,Under,12.5,-150,2025-11-26,2025-11-25T18:32:00Z
Bovada,player_points,John Collins,Over,13.5,150,2025-11-26,2025-11-25T18:32:00Z
Bovada,player_points,John Collins,Under,13.5,-200,2025-11-26,2025-11-25T18:32:00Z
Bovada,player_points,John Collins,Over,14.5,190,2025-11-26,2025-11-25T18:32:00Z
Bovada,player_points,John Collins,Under,14.5,-260,2025-11-26,2025-11-25T18:32:00Z
Bovada,player_points,Kawhi Leonard,Over,17.5,-245,2025-11-26,2025-11-25T18:32:00Z
Bovada,player_points,Kawhi Leonard,Under,17.5,180,2025-11-26,2025-11-25T18:32:00Z
Bovada,player_points,Kawhi Leonard,Over,18.5,-190,2025-11-26,2025-11-25T18:32:00Z
Bovada,player_points,Kawhi Leonard,Under,18.5,145,2025-11-26,2025-11-25T18:32:00Z
Bovada,player_points,Kawhi Leonard,Over,19.5,-150,2025-11-26,2025-11-25T18:32:00Z
Bovada,player_points,Kawhi Leonard,Under,19.5,115,2025-11-26,2025-11-25T18:32:00Z
Bovada,player_points,Kawhi Leonard,Over,20.5,-120,2025-11-26,2025-11-25T18:32:00Z
Bovada,player_points,Kawhi Leonard,Under,20.5,-110,2025-11-26,2025-11-25T18:32:00Z
Bovada,player_points,Kawhi Leonard,Over,21.5,105,2025-11-26,2025-11-25T18:32:00Z
Bovada,player_points,Kawhi Leonard,Under,21.5,-135,2025-11-26,2025-11-25T18:32:00Z
Bovada,player_points,Kawhi Leonard,Over,22.5,130,2025-11-26,2025-11-25T18:32:00Z
Bovada,player_points,Kawhi Leonard,Under,22.5,-170,2025-11-26,2025-11-25T18:32:00Z
Bovada,player_points,Kawhi Leonard,Over,23.5,155,2025-11-26,2025-11-25T18:32:00Z
Bovada,player_points,Kawhi Leonard,Under,23.5,-210,2025-11-26,2025-11-25T18:32:00Z
Bovada,player_points,Kawhi Leonard,Over,24.5,190,2025-11-26,2025-11-25T18:32:00Z
Bovada,player_points,Kawhi Leonard,Under,24.5,-260,2025-11-26,2025-11-25T18:32:00Z
Bovada,player_points,LeBron James,Over,17.5,-245,2025-11-26,2025-11-25T18:32:00Z
Bovada,player_points,LeBron James,Under,17.5,180,2025-11-26,2025-11-25T18:32:00Z
Bovada,player_points,LeBron James,Over,18.5,-190,2025-11-26,2025-11-25T18:32:00Z
Bovada,player_points,LeBron James,Under,18.5,145,2025-11-26,2025-11-25T18:32:00Z
Bovada,player_points,LeBron James,Over,19.5,-150,2025-11-26,2025-11-25T18:32:00Z
Bovada,player_points,LeBron James,Under,19.5,115,2025-11-26,2025-11-25T18:32:00Z
Bovada,player_points,LeBron James,Over,20.5,-120,2025-11-26,2025-11-25T18:32:00Z
Bovada,player_points,LeBron James,Under,20.5,-110,2025-11-26,2025-11-25T18:32:00Z
Bovada,player_points,LeBron James,Over,21.5,105,2025-11-26,2025-11-25T18:32:00Z
Bovada,player_points,LeBron James,Under,21.5,-135,2025-11-26,2025-11-25T18:32:00Z
Bovada,player_points,LeBron James,Over,22.5,130,2025-11-26,2025-11-25T18:32:00Z
Bovada,player_points,LeBron James,Under,22.5,-170,2025-11-26,2025-11-25T18:32:00Z
Bovada,player_points,LeBron James,Over,23.5,155,2025-11-26,2025-11-25T18:32:00Z
Bovada,player_points,LeBron James,Under,23.5,-210,2025-11-26,2025-11-25T18:32:00Z
Bovada,player_points,LeBron James,Over,24.5,190,2025-11-26,2025-11-25T18:32:00Z
Bovada,player_points,LeBron James,Under,24.5,-260,2025-11-26,2025-11-25T18:32:00Z
Bovada,player_points,Luka Doncic,Over,28.5,-245,2025-11-26,2025-11-25T18:32:00Z
Bovada,player_points,Luka Doncic,Under,28.5,180,2025-11-26,2025-11-25T18:32:00Z
Bovada,player_points,Luka Doncic,Over,29.5,-200,2025-11-26,2025-11-25T18:32:00Z
Bovada,player_points,Luka Doncic,Under,29.5,150,2025-11-26,2025-11-25T18:32:00Z
Bovada,player_points,Luka Doncic,Over,30.5,-165,2025-11-26,2025-11-25T18:32:00Z
Bovada,player_points,Luka Doncic,Under,30.5,125,2025-11-26,2025-11-25T18:32:00Z
Bovada,player_points,Luka Doncic,Over,31.5,-135,2025-11-26,2025-11-25T18:32:00Z
Bovada,player_points,Luka Doncic,Under,31.5,105,2025-11-26,2025-11-25T18:32:00Z
Bovada,player_points,Luka Doncic,Over,32.5,-115,2025-11-26,2025-11-25T18:32:00Z
Bovada,player_points,Luka Doncic,Under,32.5,-115,2025-11-26,2025-11-25T18:32:00Z
Bovada,player_points,Luka Doncic,Over,33.5,105,2025-11-26,2025-11-25T18:32:00Z
Bovada,player_points,Luka Doncic,Under,33.5,-135,2025-11-26,2025-11-25T18:32:00Z
Bovada,player_points,Luka Doncic,Over,34.5,120,2025-11-26,2025-11-25T18:32:00Z
Bovada,player_points,Luka Doncic,Under,34.5,-160,2025-11-26,2025-11-25T18:32:00Z
Bovada,player_points,Luka Doncic,Over,35.5,145,2025-11-26,2025-11-25T18:32:00Z
Bovada,player_points,Luka Doncic,Under,35.5,-190,2025-11-26,2025-11-25T18:32:00Z
Bovada,player_points,Luka Doncic,Over,36.5,170,2025-11-26,2025-11-25T18:32:00Z
Bovada,player_points,Luka Doncic,Under,36.5,-230,2025-11-26,2025-11-25T18:32:00Z
Bovada,player_points,Luka Doncic,Over,37.5,200,2025-11-26,2025-11-25T18:32:00Z
Bovada,player_points,Luka Doncic,Under,37.5,-275,2025-11-26,2025-11-25T18:32:00Z
Bovada,player_points,Rui Hachimura,Over,8.5,-275,2025-11-26,2025-11-25T18:32:00Z
Bovada,player_points,Rui Hachimura,Under,8.5,200,2025-11-26,2025-11-25T18:32:00Z
Bovada,player_points,Rui Hachimura,Over,9.5,-190,2025-11-26,2025-11-25T18:32:00Z
Bovada,player_points,Rui Hachimura,Under,9.5,145,2025-11-26,2025-11-25T18:32:00Z
Bovada,player_points,Rui Hachimura,Over,10.5,-145,2025-11-26,2025-11-25T18:32:00Z
Bovada,player_points,Rui Hachimura,Under,10.5,110,2025-11-26,2025-11-25T18:32:00Z
Bovada,player_points,Rui Hachimura,Over,11.5,-105,2025-11-26,2025-11-25T18:32:00Z
Bovada,player_points,Rui Hachimura,Under,11.5,-125,2025-11-26,2025-11-25T18:32:00Z
Bovada,player_points,Rui Hachimura,Over,12.5,125,2025-11-26,2025-11-25T18:32:00Z
Bovada,player_points,Rui Hachimura,Under,12.5,-165,2025-11-26,2025-11-25T18:32:00Z
Bovada,player_points,Rui Hachimura,Over,13.5,165,2025-11-26,2025-11-25T18:32:00Z
Bovada,player_points,Rui Hachimura,Under,13.5,-220,2025-11-26,2025-11-25T18:32:00Z
FanDuel,player_rebounds,Jalen Johnson,Over,9.5,-148,2025-11-26,2025-11-25T18:32:47Z
FanDuel,player_rebounds,Jalen Johnson,Under,9.5,112,2025-11-26,2025-11-25T18:32:47Z
FanDuel,player_rebounds,C.J. McCollum,Over,3.5,122,2025-11-26,2025-11-25T18:32:47Z
FanDuel,player_rebounds,C.J. McCollum,Under,3.5,-162,2025-11-26,2025-11-25T18:32:47Z
FanDuel,player_rebounds,Vit Krejci,Over,2.5,-120,2025-11-26,2025-11-25T18:32:47Z
FanDuel,player_rebounds,Vit Krejci,Under,2.5,-110,2025-11-26,2025-11-25T18:32:47Z
FanDuel,player_rebounds,Khris Middleton,Over,4.5,134,2025-11-26,2025-11-25T18:32:47Z
FanDuel,player_rebounds,Khris Middleton,Under,4.5,-180,2025-11-26,2025-11-25T18:32:47Z
FanDuel,player_rebounds,Kristaps Porzingis,Over,6.5,108,2025-11-26,2025-11-25T18:32:47Z
FanDuel,player_rebounds,Kristaps Porzingis,Under,6.5,-144,2025-11-26,2025-11-25T18:32:47Z
FanDuel,player_rebounds,Zaccharie Risacher,Over,2.5,-132,2025-11-26,2025-11-25T18:32:47Z
FanDuel,player_rebounds,Zaccharie Risacher,Under,2.5,100,2025-11-26,2025-11-25T18:32:47Z
FanDuel,player_rebounds,Cam Whitmore,Over,3.5,116,2025-11-26,2025-11-25T18:32:47Z
FanDuel,player_rebounds,Cam Whitmore,Under,3.5,-154,2025-11-26,2025-11-25T18:32:47Z
FanDuel,player_rebounds,Kyshawn George,Over,5.5,110,2025-11-26,2025-11-25T18:32:47Z
FanDuel,player_rebounds,Kyshawn George,Under,5.5,-146,2025-11-26,2025-11-25T18:32:47Z
FanDuel,player_rebounds,Nickeil Alexander-Walker,Over,3.5,-110,2025-11-26,2025-11-25T18:32:47Z
FanDuel,player_rebounds,Nickeil Alexander-Walker,Under,3.5,-120,2025-11-26,2025-11-25T18:32:47Z
FanDuel,player_rebounds,Dyson Daniels,Over,6.5,108,2025-11-26,2025-11-25T18:32:47Z
FanDuel,player_rebounds,Dyson Daniels,Under,6.5,-144,2025-11-26,2025-11-25T18:32:47Z
FanDuel,player_rebounds,Alex Sarr,Over,8.5,-108,2025-11-26,2025-11-25T18:32:47Z
FanDuel,player_rebounds,Alex Sarr,Under,8.5,-122,2025-11-26,2025-11-25T18:32:47Z
FanDuel,player_rebounds,Bilal Coulibaly,Over,3.5,-162,2025-11-26,2025-11-25T18:32:47Z
FanDuel,player_rebounds,Bilal Coulibaly,Under,3.5,122,2025-11-26,2025-11-25T18:32:47Z
FanDuel,player_rebounds,Onyeka Okongwu,Over,6.5,-152,2025-11-26,2025-11-25T18:32:47Z
FanDuel,player_rebounds,Onyeka Okongwu,Under,6.5,114,2025-11-26,2025-11-25T18:32:47Z
FanDuel,player_rebounds,Anthony Black,Over,3.5,-114,2025-11-26,2025-11-25T18:32:43Z
FanDuel,player_rebounds,Anthony Black,Under,3.5,-114,2025-11-26,2025-11-25T18:32:43Z
FanDuel,player_rebounds,Jalen Suggs,Over,4.5,122,2025-11-26,2025-11-25T18:32:43Z
FanDuel,player_rebounds,Jalen Suggs,Under,4.5,-162,2025-11-26,2025-11-25T18:32:43Z
FanDuel,player_rebounds,Andre Drummond,Over,13.5,102,2025-11-26,2025-11-25T18:32:43Z
FanDuel,player_rebounds,Andre Drummond,Under,13.5,-136,2025-11-26,2025-11-25T18:32:43Z
FanDuel,player_rebounds,Justin Edwards,Over,3.5,120,2025-11-26,2025-11-25T18:32:43Z
FanDuel,player_rebounds,Justin Edwards,Under,3.5,-160,2025-11-26,2025-11-25T18:32:43Z
FanDuel,player_rebounds,Tristan da Silva,Over,5.5,128,2025-11-26,2025-11-25T18:32:43Z
FanDuel,player_rebounds,Tristan da Silva,Under,5.5,-172,2025-11-26,2025-11-25T18:32:43Z
FanDuel,player_rebounds,Wendell Carter Jr,Over,7.5,-106,2025-11-26,2025-11-25T18:32:43Z
FanDuel,player_rebounds,Wendell Carter Jr,Under,7.5,-125,2025-11-26,2025-11-25T18:32:43Z
FanDuel,player_rebounds,Tyrese Maxey,Over,4.5,128,2025-11-26,2025-11-25T18:32:43Z
FanDuel,player_rebounds,Tyrese Maxey,Under,4.5,-172,2025-11-26,2025-11-25T18:32:43Z
FanDuel,player_rebounds,Quentin Grimes,Over,3.5,-125,2025-11-26,2025-11-25T18:32:43Z
FanDuel,player_rebounds,Quentin Grimes,Under,3.5,-106,2025-11-26,2025-11-25T18:32:43Z
FanDuel,player_rebounds,Franz Wagner,Over,6.5,-102,2025-11-26,2025-11-25T18:32:43Z
FanDuel,player_rebounds,Franz Wagner,Under,6.5,-130,2025-11-26,2025-11-25T18:32:43Z
FanDuel,player_rebounds,Desmond Bane,Over,5.5,128,2025-11-26,2025-11-25T18:32:43Z
FanDuel,player_rebounds,Desmond Bane,Under,5.5,-172,2025-11-26,2025-11-25T18:32:43Z
FanDuel,player_rebounds,Goga Bitadze,Over,4.5,-130,2025-11-26,2025-11-25T18:32:43Z
FanDuel,player_rebounds,Goga Bitadze,Under,4.5,-102,2025-11-26,2025-11-25T18:32:43Z
FanDuel,player_rebounds,Trendon Watford,Over,4.5,108,2025-11-26,2025-11-25T18:32:43Z
FanDuel,player_rebounds,Trendon Watford,Under,4.5,-144,2025-11-26,2025-11-25T18:32:43Z
FanDuel,player_rebounds,LeBron James,Over,6.5,-122,2025-11-26,2025-11-25T18:32:06Z
FanDuel,player_rebounds,LeBron James,Under,6.5,-108,2025-11-26,2025-11-25T18:32:06Z
FanDuel,player_rebounds,Austin Reaves,Over,4.5,-106,2025-11-26,2025-11-25T18:32:06Z
FanDuel,player_rebounds,Austin Reaves,Under,4.5,-125,2025-11-26,2025-11-25T18:32:06Z
FanDuel,player_rebounds,John Collins,Over,5.5,102,2025-11-26,2025-11-25T18:32:06Z
FanDuel,player_rebounds,John Collins,Under,5.5,-136,2025-11-26,2025-11-25T18:32:06Z
FanDuel,player_rebounds,Kawhi Leonard,Over,4.5,-110,2025-11-26,2025-11-25T18:32:06Z
FanDuel,player_rebounds,Kawhi Leonard,Under,4.5,-120,2025-11-26,2025-11-25T18:32:06Z
FanDuel,player_rebounds,Luka Doncic,Over,8.5,-122,2025-11-26,2025-11-25T18:32:06Z
FanDuel,player_rebounds,Luka Doncic,Under,8.5,-108,2025-11-26,2025-11-25T18:32:06Z
FanDuel,player_rebounds,Jake LaRavia,Over,3.5,-110,2025-11-26,2025-11-25T18:32:06Z
FanDuel,player_rebounds,Jake LaRavia,Under,3.5,-120,2025-11-26,2025-11-25T18:32:06Z
FanDuel,player_rebounds,James Harden,Over,4.5,-138,2025-11-26,2025-11-25T18:32:06Z
FanDuel,player_rebounds,James Harden,Under,4.5,104,2025-11-26,2025-11-25T18:32:06Z
FanDuel,player_rebounds,Rui Hachimura,Over,3.5,-162,2025-11-26,2025-11-25T18:32:06Z
FanDuel,player_rebounds,Rui Hachimura,Under,3.5,122,2025-11-26,2025-11-25T18:32:06Z
FanDuel,player_rebounds,Jaxson Hayes,Over,5.5,110,2025-11-26,2025-11-25T18:32:06Z
FanDuel,player_rebounds,Jaxson Hayes,Under,5.5,-146,2025-11-26,2025-11-25T18:32:06Z
FanDuel,player_rebounds,Ivica Zubac,Over,10.5,-144,2025-11-26,2025-11-25T18:32:06Z
FanDuel,player_rebounds,Ivica Zubac,Under,10.5,108,2025-11-26,2025-11-25T18:32:06Z
FanDuel,player_rebounds,Nicolas Batum,Over,3.5,142,2025-11-26,2025-11-25T18:32:06Z
FanDuel,player_rebounds,Nicolas Batum,Under,3.5,-192,2025-11-26,2025-11-25T18:32:06Z
BetOnline.ag,player_rebounds,Kyshawn George,Over,5.5,-106,2025-11-26,2025-11-25T18:32:24Z
BetOnline.ag,player_rebounds,Kyshawn George,Under,5.5,-122,2025-11-26,2025-11-25T18:32:24Z
BetOnline.ag,player_rebounds,Jalen Johnson,Over,9.5,-143,2025-11-26,2025-11-25T18:32:24Z
BetOnline.ag,player_rebounds,Jalen Johnson,Under,9.5,110,2025-11-26,2025-11-25T18:32:24Z
BetOnline.ag,player_rebounds,Zaccharie Risacher,Over,2.5,-135,2025-11-26,2025-11-25T18:32:24Z
BetOnline.ag,player_rebounds,Zaccharie Risacher,Under,2.5,104,2025-11-26,2025-11-25T18:32:24Z
BetOnline.ag,player_rebounds,Alex Sarr,Over,8.5,-106,2025-11-26,2025-11-25T18:32:24Z
BetOnline.ag,player_rebounds,Alex Sarr,Under,8.5,-122,2025-11-26,2025-11-25T18:32:24Z
BetOnline.ag,player_rebounds,Dyson Daniels,Over,6.5,104,2025-11-26,2025-11-25T18:32:24Z
BetOnline.ag,player_rebounds,Dyson Daniels,Under,6.5,-135,2025-11-26,2025-11-25T18:32:24Z
BetOnline.ag,player_rebounds,Nickeil Alexander-Walker,Over,3.5,-103,2025-11-26,2025-11-25T18:32:24Z
BetOnline.ag,player_rebounds,Nickeil Alexander-Walker,Under,3.5,-125,2025-11-26,2025-11-25T18:32:24Z
BetOnline.ag,player_rebounds,Khris Middleton,Over,3.5,-156,2025-11-26,2025-11-25T18:32:24Z
BetOnline.ag,player_rebounds,Khris Middleton,Under,3.5,120,2025-11-26,2025-11-25T18:32:24Z
BetOnline.ag,player_rebounds,C.J. McCollum,Over,3.5,124,2025-11-26,2025-11-25T18:32:24Z
BetOnline.ag,player_rebounds,C.J. McCollum,Under,3.5,-161,2025-11-26,2025-11-25T18:32:24Z
BetOnline.ag,player_rebounds,Cam Whitmore,Over,3.5,130,2025-11-26,2025-11-25T18:32:24Z
BetOnline.ag,player_rebounds,Cam Whitmore,Under,3.5,-169,2025-11-26,2025-11-25T18:32:24Z
BetOnline.ag,player_rebounds,Vit Krejci,Over,2.5,-116,2025-11-26,2025-11-25T18:32:24Z
BetOnline.ag,player_rebounds,Vit Krejci,Under,2.5,-111,2025-11-26,2025-11-25T18:32:24Z
BetOnline.ag,player_rebounds,Onyeka Okongwu,Over,7.5,113,2025-11-26,2025-11-25T18:32:24Z
BetOnline.ag,player_rebounds,Onyeka Okongwu,Under,7.5,-147,2025-11-26,2025-11-25T18:32:24Z
BetOnline.ag,player_rebounds,Bilal Coulibaly,Over,3.5,-156,2025-11-26,2025-11-25T18:32:24Z
BetOnline.ag,player_rebounds,Bilal Coulibaly,Under,3.5,121,2025-11-26,2025-11-25T18:32:24Z
BetOnline.ag,player_rebounds,Marvin Bagley III,Over,4.5,-130,2025-11-26,2025-11-25T18:32:24Z
BetOnline.ag,player_rebounds,Marvin Bagley III,Under,4.5,100,2025-11-26,2025-11-25T18:32:24Z
BetOnline.ag,player_rebounds,Carlton Carrington,Over,2.5,-169,2025-11-26,2025-11-25T18:32:24Z
BetOnline.ag,player_rebounds,Carlton Carrington,Under,2.5,129,2025-11-26,2025-11-25T18:32:24Z
BetOnline.ag,player_rebounds,Kristaps Porzingis,Over,6.5,104,2025-11-26,2025-11-25T18:32:24Z
BetOnline.ag,player_rebounds,Kristaps Porzingis,Under,6.5,-135,2025-11-26,2025-11-25T18:32:24Z
BetOnline.ag,player_rebounds,Corey Kispert,Over,2.5,106,2025-11-26,2025-11-25T18:32:24Z
BetOnline.ag,player_rebounds,Corey Kispert,Under,2.5,-137,2025-11-26,2025-11-25T18:32:24Z
BetOnline.ag,player_rebounds,Tyrese Maxey,Over,3.5,-156,2025-11-26,2025-11-25T18:32:47Z
BetOnline.ag,player_rebounds,Tyrese Maxey,Under,3.5,120,2025-11-26,2025-11-25T18:32:47Z
BetOnline.ag,player_rebounds,Wendell Carter Jr,Over,7.5,-108,2025-11-26,2025-11-25T18:32:47Z
BetOnline.ag,player_rebounds,Wendell Carter Jr,Under,7.5,-120,2025-11-26,2025-11-25T18:32:47Z
BetOnline.ag,player_rebounds,Franz Wagner,Over,6.5,-103,2025-11-26,2025-11-25T18:32:47Z
BetOnline.ag,player_rebounds,Franz Wagner,Under,6.5,-125,2025-11-26,2025-11-25T18:32:47Z
BetOnline.ag,player_rebounds,Anthony Black,Over,3.5,-110,2025-11-26,2025-11-25T18:32:47Z
BetOnline.ag,player_rebounds,Anthony Black,Under,3.5,-118,2025-11-26,2025-11-25T18:32:47Z
BetOnline.ag,player_rebounds,Jalen Suggs,Over,4.5,126,2025-11-26,2025-11-25T18:32:47Z
BetOnline.ag,player_rebounds,Jalen Suggs,Under,4.5,-164,2025-11-26,2025-11-25T18:32:47Z
BetOnline.ag,player_rebounds,Tristan da Silva,Over,5.5,128,2025-11-26,2025-11-25T18:32:47Z
BetOnline.ag,player_rebounds,Tristan da Silva,Under,5.5,-167,2025-11-26,2025-11-25T18:32:47Z
BetOnline.ag,player_rebounds,Quentin Grimes,Over,3.5,-123,2025-11-26,2025-11-25T18:32:47Z
BetOnline.ag,player_rebounds,Quentin Grimes,Under,3.5,-104,2025-11-26,2025-11-25T18:32:47Z
BetOnline.ag,player_rebounds,Desmond Bane,Over,4.5,-152,2025-11-26,2025-11-25T18:32:47Z
BetOnline.ag,player_rebounds,Desmond Bane,Under,4.5,117,2025-11-26,2025-11-25T18:32:47Z
BetOnline.ag,player_rebounds,Justin Edwards,Over,3.5,118,2025-11-26,2025-11-25T18:32:47Z
BetOnline.ag,player_rebounds,Justin Edwards,Under,3.5,-154,2025-11-26,2025-11-25T18:32:47Z
BetOnline.ag,player_rebounds,Trendon Watford,Over,4.5,109,2025-11-26,2025-11-25T18:32:47Z
BetOnline.ag,player_rebounds,Trendon Watford,Under,4.5,-141,2025-11-26,2025-11-25T18:32:47Z
BetOnline.ag,player_rebounds,Andre Drummond,Over,13.5,100,2025-11-26,2025-11-25T18:32:47Z
BetOnline.ag,player_rebounds,Andre Drummond,Under,13.5,-130,2025-11-26,2025-11-25T18:32:47Z
BetOnline.ag,player_rebounds,Goga Bitadze,Over,4.5,-130,2025-11-26,2025-11-25T18:32:47Z
BetOnline.ag,player_rebounds,Goga Bitadze,Under,4.5,101,2025-11-26,2025-11-25T18:32:47Z
BetOnline.ag,player_rebounds,LeBron James,Over,6.5,-119,2025-11-26,2025-11-25T18:31:40Z
BetOnline.ag,player_rebounds,LeBron James,Under,6.5,-109,2025-11-26,2025-11-25T18:31:40Z
BetOnline.ag,player_rebounds,Ivica Zubac,Over,10.5,-135,2025-11-26,2025-11-25T18:31:40Z
BetOnline.ag,player_rebounds,Ivica Zubac,Under,10.5,105,2025-11-26,2025-11-25T18:31:40Z
BetOnline.ag,player_rebounds,Kawhi Leonard,Over,4.5,100,2025-11-26,2025-11-25T18:31:40Z
BetOnline.ag,player_rebounds,Kawhi Leonard,Under,4.5,-130,2025-11-26,2025-11-25T18:31:40Z
BetOnline.ag,player_rebounds,Austin Reaves,Over,4.5,100,2025-11-26,2025-11-25T18:31:40Z
BetOnline.ag,player_rebounds,Austin Reaves,Under,4.5,-130,2025-11-26,2025-11-25T18:31:40Z
BetOnline.ag,player_rebounds,Nicolas Batum,Over,2.5,-167,2025-11-26,2025-11-25T18:31:40Z
BetOnline.ag,player_rebounds,Nicolas Batum,Under,2.5,128,2025-11-26,2025-11-25T18:31:40Z
BetOnline.ag,player_rebounds,Jaxson Hayes,Over,5.5,112,2025-11-26,2025-11-25T18:31:40Z
BetOnline.ag,player_rebounds,Jaxson Hayes,Under,5.5,-145,2025-11-26,2025-11-25T18:31:40Z
BetOnline.ag,player_rebounds,James Harden,Over,4.5,-130,2025-11-26,2025-11-25T18:31:40Z
BetOnline.ag,player_rebounds,James Harden,Under,4.5,100,2025-11-26,2025-11-25T18:31:40Z
BetOnline.ag,player_rebounds,Luka Doncic,Over,8.5,-125,2025-11-26,2025-11-25T18:31:40Z
BetOnline.ag,player_rebounds,Luka Doncic,Under,8.5,-103,2025-11-26,2025-11-25T18:31:40Z
BetOnline.ag,player_rebounds,Jake LaRavia,Over,3.5,-103,2025-11-26,2025-11-25T18:31:40Z
BetOnline.ag,player_rebounds,Jake LaRavia,Under,3.5,-125,2025-11-26,2025-11-25T18:31:40Z
BetOnline.ag,player_rebounds,John Collins,Over,5.5,109,2025-11-26,2025-11-25T18:31:40Z
BetOnline.ag,player_rebounds,John Collins,Under,5.5,-141,2025-11-26,2025-11-25T18:31:40Z
BetOnline.ag,player_rebounds,Marcus Smart,Over,1.5,-135,2025-11-26,2025-11-25T18:31:40Z
BetOnline.ag,player_rebounds,Marcus Smart,Under,1.5,105,2025-11-26,2025-11-25T18:31:40Z
BetOnline.ag,player_rebounds,Bogdan Bogdanovic,Over,2.5,124,2025-11-26,2025-11-25T18:31:40Z
BetOnline.ag,player_rebounds,Bogdan Bogdanovic,Under,2.5,-161,2025-11-26,2025-11-25T18:31:40Z
BetOnline.ag,player_rebounds,Kris Dunn,Over,2.5,122,2025-11-26,2025-11-25T18:31:40Z
BetOnline.ag,player_rebounds,Kris Dunn,Under,2.5,-159,2025-11-26,2025-11-25T18:31:40Z
BetOnline.ag,player_rebounds,Brook Lopez,Over,1.5,-164,2025-11-26,2025-11-25T18:31:40Z
BetOnline.ag,player_rebounds,Brook Lopez,Under,1.5,125,2025-11-26,2025-11-25T18:31:40Z
BetOnline.ag,player_rebounds,Gabe Vincent,Over,1.5,134,2025-11-26,2025-11-25T18:31:40Z
BetOnline.ag,player_rebounds,Gabe Vincent,Under,1.5,-175,2025-11-26,2025-11-25T18:31:40Z
BetOnline.ag,player_rebounds,Rui Hachimura,Over,4.5,120,2025-11-26,2025-11-25T18:31:40Z
BetOnline.ag,player_rebounds,Rui Hachimura,Under,4.5,-156,2025-11-26,2025-11-25T18:31:40Z
DraftKings,player_rebounds,Jalen Johnson,Over,9.5,-143,2025-11-26,2025-11-25T18:32:46Z
DraftKings,player_rebounds,Jalen Johnson,Under,9.5,108,2025-11-26,2025-11-25T18:32:46Z
DraftKings,player_rebounds,Alex Sarr,Over,8.5,-103,2025-11-26,2025-11-25T18:32:46Z
DraftKings,player_rebounds,Alex Sarr,Under,8.5,-128,2025-11-26,2025-11-25T18:32:46Z
DraftKings,player_rebounds,Onyeka Okongwu,Over,7.5,106,2025-11-26,2025-11-25T18:32:46Z
DraftKings,player_rebounds,Onyeka Okongwu,Under,7.5,-140,2025-11-26,2025-11-25T18:32:46Z
DraftKings,player_rebounds,Dyson Daniels,Over,6.5,100,2025-11-26,2025-11-25T18:32:46Z
DraftKings,player_rebounds,Dyson Daniels,Under,6.5,-131,2025-11-26,2025-11-25T18:32:46Z
DraftKings,player_rebounds,Kristaps Porzingis,Over,6.5,109,2025-11-26,2025-11-25T18:32:46Z
DraftKings,player_rebounds,Kristaps Porzingis,Under,6.5,-143,2025-11-26,2025-11-25T18:32:46Z
DraftKings,player_rebounds,Kyshawn George,Over,5.5,-108,2025-11-26,2025-11-25T18:32:46Z
DraftKings,player_rebounds,Kyshawn George,Under,5.5,-122,2025-11-26,2025-11-25T18:32:46Z
DraftKings,player_rebounds,Khris Middleton,Over,3.5,-160,2025-11-26,2025-11-25T18:32:46Z
DraftKings,player_rebounds,Khris Middleton,Under,3.5,121,2025-11-26,2025-11-25T18:32:46Z
DraftKings,player_rebounds,Bilal Coulibaly,Over,3.5,-159,2025-11-26,2025-11-25T18:32:46Z
DraftKings,player_rebounds,Bilal Coulibaly,Under,3.5,121,2025-11-26,2025-11-25T18:32:46Z
DraftKings,player_rebounds,Nickeil Alexander-Walker,Over,3.5,-101,2025-11-26,2025-11-25T18:32:46Z
DraftKings,player_rebounds,Nickeil Alexander-Walker,Under,3.5,-130,2025-11-26,2025-11-25T18:32:46Z
DraftKings,player_rebounds,C.J. McCollum,Over,3.5,117,2025-11-26,2025-11-25T18:32:46Z
DraftKings,player_rebounds,C.J. McCollum,Under,3.5,-154,2025-11-26,2025-11-25T18:32:46Z
DraftKings,player_rebounds,Carlton Carrington,Over,2.5,-174,2025-11-26,2025-11-25T18:32:46Z
DraftKings,player_rebounds,Carlton Carrington,Under,2.5,132,2025-11-26,2025-11-25T18:32:46Z
DraftKings,player_rebounds,Cam Whitmore,Over,2.5,-169,2025-11-26,2025-11-25T18:32:46Z
DraftKings,player_rebounds,Cam Whitmore,Under,2.5,128,2025-11-26,2025-11-25T18:32:46Z
DraftKings,player_rebounds,Zaccharie Risacher,Over,2.5,-128,2025-11-26,2025-11-25T18:32:46Z
DraftKings,player_rebounds,Zaccharie Risacher,Under,2.5,-103,2025-11-26,2025-11-25T18:32:46Z
DraftKings,player_rebounds,Vit Krejci,Over,2.5,-111,2025-11-26,2025-11-25T18:32:46Z
DraftKings,player_rebounds,Vit Krejci,Under,2.5,-118,2025-11-26,2025-11-25T18:32:46Z
DraftKings,player_rebounds,Andre Drummond,Over,13.5,-104,2025-11-26,2025-11-25T18:32:00Z
DraftKings,player_rebounds,Andre Drummond,Under,13.5,-126,2025-11-26,2025-11-25T18:32:00Z
DraftKings,player_rebounds,Wendell Carter Jr,Over,7.5,-111,2025-11-26,2025-11-25T18:32:00Z
DraftKings,player_rebounds,Wendell Carter Jr,Under,7.5,-119,2025-11-26,2025-11-25T18:32:00Z
DraftKings,player_rebounds,Franz Wagner,Over,6.5,-109,2025-11-26,2025-11-25T18:32:00Z
DraftKings,player_rebounds,Franz Wagner,Under,6.5,-121,2025-11-26,2025-11-25T18:32:00Z
DraftKings,player_rebounds,Tristan da Silva,Over,4.5,-156,2025-11-26,2025-11-25T18:32:00Z
DraftKings,player_rebounds,Tristan da Silva,Under,4.5,118,2025-11-26,2025-11-25T18:32:00Z
DraftKings,player_rebounds,Desmond Bane,Over,4.5,-151,2025-11-26,2025-11-25T18:32:00Z
DraftKings,player_rebounds,Desmond Bane,Under,4.5,115,2025-11-26,2025-11-25T18:32:00Z
DraftKings,player_rebounds,Goga Bitadze,Over,4.5,-137,2025-11-26,2025-11-25T18:32:00Z
DraftKings,player_rebounds,Goga Bitadze,Under,4.5,104,2025-11-26,2025-11-25T18:32:00Z
DraftKings,player_rebounds,Trendon Watford,Over,4.5,105,2025-11-26,2025-11-25T18:32:00Z
DraftKings,player_rebounds,Trendon Watford,Under,4.5,-138,2025-11-26,2025-11-25T18:32:00Z
DraftKings,player_rebounds,Jalen Suggs,Over,4.5,122,2025-11-26,2025-11-25T18:32:00Z
DraftKings,player_rebounds,Jalen Suggs,Under,4.5,-161,2025-11-26,2025-11-25T18:32:00Z
DraftKings,player_rebounds,Tyrese Maxey,Over,3.5,-150,2025-11-26,2025-11-25T18:32:00Z
DraftKings,player_rebounds,Tyrese Maxey,Under,3.5,114,2025-11-26,2025-11-25T18:32:00Z
DraftKings,player_rebounds,Quentin Grimes,Over,3.5,-129,2025-11-26,2025-11-25T18:32:00Z
DraftKings,player_rebounds,Quentin Grimes,Under,3.5,-102,2025-11-26,2025-11-25T18:32:00Z
DraftKings,player_rebounds,Anthony Black,Over,3.5,-111,2025-11-26,2025-11-25T18:32:00Z
DraftKings,player_rebounds,Anthony Black,Under,3.5,-119,2025-11-26,2025-11-25T18:32:00Z
DraftKings,player_rebounds,Justin Edwards,Over,3.5,115,2025-11-26,2025-11-25T18:32:00Z
DraftKings,player_rebounds,Justin Edwards,Under,3.5,-152,2025-11-26,2025-11-25T18:32:00Z
DraftKings,player_rebounds,Ivica Zubac,Over,10.5,-138,2025-11-26,2025-11-25T18:32:34Z
DraftKings,player_rebounds,Ivica Zubac,Under,10.5,105,2025-11-26,2025-11-25T18:32:34Z
DraftKings,player_rebounds,Luka Doncic,Over,8.5,-122,2025-11-26,2025-11-25T18:32:34Z
DraftKings,player_rebounds,Luka Doncic,Under,8.5,-108,2025-11-26,2025-11-25T18:32:34Z
DraftKings,player_rebounds,LeBron James,Over,6.5,-117,2025-11-26,2025-11-25T18:32:34Z
DraftKings,player_rebounds,LeBron James,Under,6.5,-113,2025-11-26,2025-11-25T18:32:34Z
DraftKings,player_rebounds,Jaxson Hayes,Over,5.5,109,2025-11-26,2025-11-25T18:32:34Z
DraftKings,player_rebounds,Jaxson Hayes,Under,5.5,-143,2025-11-26,2025-11-25T18:32:34Z
DraftKings,player_rebounds,John Collins,Over,5.5,113,2025-11-26,2025-11-25T18:32:34Z
DraftKings,player_rebounds,John Collins,Under,5.5,-149,2025-11-26,2025-11-25T18:32:34Z
DraftKings,player_rebounds,James Harden,Over,4.5,-114,2025-11-26,2025-11-25T18:32:34Z
DraftKings,player_rebounds,James Harden,Under,4.5,-116,2025-11-26,2025-11-25T18:32:34Z
DraftKings,player_rebounds,Kawhi Leonard,Over,4.5,-104,2025-11-26,2025-11-25T18:32:34Z
DraftKings,player_rebounds,Kawhi Leonard,Under,4.5,-127,2025-11-26,2025-11-25T18:32:34Z
DraftKings,player_rebounds,Austin Reaves,Over,4.5,100,2025-11-26,2025-11-25T18:32:34Z
DraftKings,player_rebounds,Austin Reaves,Under,4.5,-132,2025-11-26,2025-11-25T18:32:34Z
DraftKings,player_rebounds,Rui Hachimura,Over,4.5,108,2025-11-26,2025-11-25T18:32:34Z
DraftKings,player_rebounds,Rui Hachimura,Under,4.5,-142,2025-11-26,2025-11-25T18:32:34Z
DraftKings,player_rebounds,Jake LaRavia,Over,3.5,-108,2025-11-26,2025-11-25T18:32:34Z
DraftKings,player_rebounds,Jake LaRavia,Under,3.5,-121,2025-11-26,2025-11-25T18:32:34Z
DraftKings,player_rebounds,Nicolas Batum,Over,3.5,128,2025-11-26,2025-11-25T18:32:34Z
DraftKings,player_rebounds,Nicolas Batum,Under,3.5,-169,2025-11-26,2025-11-25T18:32:34Z
DraftKings,player_rebounds,Kris Dunn,Over,2.5,108,2025-11-26,2025-11-25T18:32:34Z
DraftKings,player_rebounds,Kris Dunn,Under,2.5,-142,2025-11-26,2025-11-25T18:32:34Z
BetMGM,player_rebounds,Jalen Johnson,Over,9.5,-135,2025-11-26,2025-11-25T18:32:30Z
BetMGM,player_rebounds,Jalen Johnson,Under,9.5,100,2025-11-26,2025-11-25T18:32:30Z
BetMGM,player_rebounds,Dyson Daniels,Over,6.5,100,2025-11-26,2025-11-25T18:32:30Z
BetMGM,player_rebounds,Dyson Daniels,Under,6.5,-135,2025-11-26,2025-11-25T18:32:30Z
BetMGM,player_rebounds,Zaccharie Risacher,Over,2.5,-120,2025-11-26,2025-11-25T18:32:30Z
BetMGM,player_rebounds,Zaccharie Risacher,Under,2.5,-110,2025-11-26,2025-11-25T18:32:30Z
BetMGM,player_rebounds,Alex Sarr,Over,8.5,-110,2025-11-26,2025-11-25T18:32:30Z
BetMGM,player_rebounds,Alex Sarr,Under,8.5,-120,2025-11-26,2025-11-25T18:32:30Z
BetMGM,player_rebounds,Marvin Bagley III,Over,4.5,-140,2025-11-26,2025-11-25T18:32:30Z
BetMGM,player_rebounds,Marvin Bagley III,Under,4.5,105,2025-11-26,2025-11-25T18:32:30Z
BetMGM,player_rebounds,Cam Whitmore,Over,3.5,105,2025-11-26,2025-11-25T18:32:30Z
BetMGM,player_rebounds,Cam Whitmore,Under,3.5,-145,2025-11-26,2025-11-25T18:32:30Z
BetMGM,player_rebounds,C.J. McCollum,Over,3.5,120,2025-11-26,2025-11-25T18:32:30Z
BetMGM,player_rebounds,C.J. McCollum,Under,3.5,-160,2025-11-26,2025-11-25T18:32:30Z
BetMGM,player_rebounds,Nickeil Alexander-Walker,Over,3.5,-105,2025-11-26,2025-11-25T18:32:30Z
BetMGM,player_rebounds,Nickeil Alexander-Walker,Under,3.5,-125,2025-11-26,2025-11-25T18:32:30Z
BetMGM,player_rebounds,Bilal Coulibaly,Over,4.5,110,2025-11-26,2025-11-25T18:32:30Z
BetMGM,player_rebounds,Bilal Coulibaly,Under,4.5,-145,2025-11-26,2025-11-25T18:32:30Z
BetMGM,player_rebounds,Carlton Carrington,Over,3.5,120,2025-11-26,2025-11-25T18:32:30Z
BetMGM,player_rebounds,Carlton Carrington,Under,3.5,-160,2025-11-26,2025-11-25T18:32:30Z
BetMGM,player_rebounds,Onyeka Okongwu,Over,7.5,110,2025-11-26,2025-11-25T18:32:30Z
BetMGM,player_rebounds,Onyeka Okongwu,Under,7.5,-150,2025-11-26,2025-11-25T18:32:30Z
BetMGM,player_rebounds,Kyshawn George,Over,5.5,-110,2025-11-26,2025-11-25T18:32:30Z
BetMGM,player_rebounds,Kyshawn George,Under,5.5,-120,2025-11-26,2025-11-25T18:32:30Z
BetMGM,player_rebounds,Kristaps Porzingis,Over,6.5,105,2025-11-26,2025-11-25T18:32:30Z
BetMGM,player_rebounds,Kristaps Porzingis,Under,6.5,-140,2025-11-26,2025-11-25T18:32:30Z
BetMGM,player_rebounds,Khris Middleton,Over,3.5,-140,2025-11-26,2025-11-25T18:32:30Z
BetMGM,player_rebounds,Khris Middleton,Under,3.5,105,2025-11-26,2025-11-25T18:32:30Z
BetMGM,player_rebounds,Vit Krejci,Over,2.5,-140,2025-11-26,2025-11-25T18:32:30Z
BetMGM,player_rebounds,Vit Krejci,Under,2.5,105,2025-11-26,2025-11-25T18:32:30Z
BetMGM,player_rebounds,Corey Kispert,Over,2.5,105,2025-11-26,2025-11-25T18:32:30Z
BetMGM,player_rebounds,Corey Kispert,Under,2.5,-140,2025-11-26,2025-11-25T18:32:30Z
BetMGM,player_rebounds,Anthony Black,Over,3.5,-105,2025-11-26,2025-11-25T18:32:19Z
BetMGM,player_rebounds,Anthony Black,Under,3.5,-130,2025-11-26,2025-11-25T18:32:19Z
BetMGM,player_rebounds,Tyrese Maxey,Over,3.5,-140,2025-11-26,2025-11-25T18:32:19Z
BetMGM,player_rebounds,Tyrese Maxey,Under,3.5,105,2025-11-26,2025-11-25T18:32:19Z
BetMGM,player_rebounds,Justin Edwards,Over,2.5,-150,2025-11-26,2025-11-25T18:32:19Z
BetMGM,player_rebounds,Justin Edwards,Under,2.5,115,2025-11-26,2025-11-25T18:32:19Z
BetMGM,player_rebounds,Quentin Grimes,Over,3.5,100,2025-11-26,2025-11-25T18:32:19Z
BetMGM,player_rebounds,Quentin Grimes,Under,3.5,-130,2025-11-26,2025-11-25T18:32:19Z
BetMGM,player_rebounds,Desmond Bane,Over,4.5,-155,2025-11-26,2025-11-25T18:32:19Z
BetMGM,player_rebounds,Desmond Bane,Under,4.5,115,2025-11-26,2025-11-25T18:32:19Z
BetMGM,player_rebounds,Wendell Carter Jr,Over,7.5,-115,2025-11-26,2025-11-25T18:32:19Z
BetMGM,player_rebounds,Wendell Carter Jr,Under,7.5,-118,2025-11-26,2025-11-25T18:32:19Z
BetMGM,player_rebounds,Tristan da Silva,Over,5.5,125,2025-11-26,2025-11-25T18:32:19Z
BetMGM,player_rebounds,Tristan da Silva,Under,5.5,-165,2025-11-26,2025-11-25T18:32:19Z
BetMGM,player_rebounds,Franz Wagner,Over,6.5,-110,2025-11-26,2025-11-25T18:32:19Z
BetMGM,player_rebounds,Franz Wagner,Under,6.5,-125,2025-11-26,2025-11-25T18:32:19Z
BetMGM,player_rebounds,Jalen Suggs,Over,3.5,-160,2025-11-26,2025-11-25T18:32:19Z
BetMGM,player_rebounds,Jalen Suggs,Under,3.5,120,2025-11-26,2025-11-25T18:32:19Z
BetMGM,player_rebounds,Goga Bitadze,Over,4.5,-125,2025-11-26,2025-11-25T18:32:19Z
BetMGM,player_rebounds,Goga Bitadze,Under,4.5,-105,2025-11-26,2025-11-25T18:32:19Z
BetMGM,player_rebounds,Trendon Watford,Over,4.5,-118,2025-11-26,2025-11-25T18:32:19Z
BetMGM,player_rebounds,Trendon Watford,Under,4.5,-115,2025-11-26,2025-11-25T18:32:19Z
BetMGM,player_rebounds,Andre Drummond,Over,13.5,-110,2025-11-26,2025-11-25T18:32:19Z
BetMGM,player_rebounds,Andre Drummond,Under,13.5,-118,2025-11-26,2025-11-25T18:32:19Z
BetMGM,player_rebounds,Austin Reaves,Over,4.5,105,2025-11-26,2025-11-25T18:32:32Z
BetMGM,player_rebounds,Austin Reaves,Under,4.5,-140,2025-11-26,2025-11-25T18:32:32Z
BetMGM,player_rebounds,LeBron James,Over,6.5,-135,2025-11-26,2025-11-25T18:32:32Z
BetMGM,player_rebounds,LeBron James,Under,6.5,100,2025-11-26,2025-11-25T18:32:32Z
BetMGM,player_rebounds,Ivica Zubac,Over,10.5,-140,2025-11-26,2025-11-25T18:32:32Z
BetMGM,player_rebounds,Ivica Zubac,Under,10.5,105,2025-11-26,2025-11-25T18:32:32Z
BetMGM,player_rebounds,Kawhi Leonard,Over,3.5,-160,2025-11-26,2025-11-25T18:32:32Z
BetMGM,player_rebounds,Kawhi Leonard,Under,3.5,120,2025-11-26,2025-11-25T18:32:32Z
BetMGM,player_rebounds,Bogdan Bogdanovic,Over,2.5,130,2025-11-26,2025-11-25T18:32:32Z
BetMGM,player_rebounds,Bogdan Bogdanovic,Under,2.5,-175,2025-11-26,2025-11-25T18:32:32Z
BetMGM,player_rebounds,James Harden,Over,4.5,-140,2025-11-26,2025-11-25T18:32:32Z
BetMGM,player_rebounds,James Harden,Under,4.5,105,2025-11-26,2025-11-25T18:32:32Z
BetMGM,player_rebounds,Rui Hachimura,Over,3.5,-145,2025-11-26,2025-11-25T18:32:32Z
BetMGM,player_rebounds,Rui Hachimura,Under,3.5,110,2025-11-26,2025-11-25T18:32:32Z
BetMGM,player_rebounds,Gabe Vincent,Over,1.5,165,2025-11-26,2025-11-25T18:32:32Z
BetMGM,player_rebounds,Gabe Vincent,Under,1.5,-225,2025-11-26,2025-11-25T18:32:32Z
BetMGM,player_rebounds,Jaxson Hayes,Over,5.5,105,2025-11-26,2025-11-25T18:32:32Z
BetMGM,player_rebounds,Jaxson Hayes,Under,5.5,-145,2025-11-26,2025-11-25T18:32:32Z
BetMGM,player_rebounds,John Collins,Over,4.5,-130,2025-11-26,2025-11-25T18:32:32Z
BetMGM,player_rebounds,John Collins,Under,4.5,-105,2025-11-26,2025-11-25T18:32:32Z
BetMGM,player_rebounds,Jake LaRavia,Over,3.5,-110,2025-11-26,2025-11-25T18:32:32Z
BetMGM,player_rebounds,Jake LaRavia,Under,3.5,-118,2025-11-26,2025-11-25T18:32:32Z
BetMGM,player_rebounds,Marcus Smart,Over,1.5,-145,2025-11-26,2025-11-25T18:32:32Z
BetMGM,player_rebounds,Marcus Smart,Under,1.5,110,2025-11-26,2025-11-25T18:32:32Z
BetMGM,player_rebounds,Kris Dunn,Over,1.5,-190,2025-11-26,2025-11-25T18:32:32Z
BetMGM,player_rebounds,Kris Dunn,Under,1.5,140,2025-11-26,2025-11-25T18:32:32Z
BetMGM,player_rebounds,Nicolas Batum,Over,3.5,130,2025-11-26,2025-11-25T18:32:32Z
BetMGM,player_rebounds,Nicolas Batum,Under,3.5,-175,2025-11-26,2025-11-25T18:32:32Z
BetMGM,player_rebounds,Brook Lopez,Over,1.5,-190,2025-11-26,2025-11-25T18:32:32Z
BetMGM,player_rebounds,Brook Lopez,Under,1.5,140,2025-11-26,2025-11-25T18:32:32Z
BetMGM,player_rebounds,Luka Doncic,Over,8.5,100,2025-11-26,2025-11-25T18:32:32Z
BetMGM,player_rebounds,Luka Doncic,Under,8.5,-135,2025-11-26,2025-11-25T18:32:32Z
BetRivers,player_rebounds,Kyshawn George,Over,5.5,-106,2025-11-26,2025-11-25T18:31:52Z
BetRivers,player_rebounds,Kyshawn George,Under,5.5,-125,2025-11-26,2025-11-25T18:31:52Z
BetRivers,player_rebounds,Cam Whitmore,Over,3.5,120,2025-11-26,2025-11-25T18:31:52Z
BetRivers,player_rebounds,Cam Whitmore,Under,3.5,-159,2025-11-26,2025-11-25T18:31:52Z
BetRivers,player_rebounds,Alex Sarr,Over,8.5,-117,2025-11-26,2025-11-25T18:31:52Z
BetRivers,player_rebounds,Alex Sarr,Under,8.5,-114,2025-11-26,2025-11-25T18:31:52Z
BetRivers,player_rebounds,Jalen Johnson,Over,10.5,-103,2025-11-26,2025-11-25T18:31:52Z
BetRivers,player_rebounds,Jalen Johnson,Under,10.5,-130,2025-11-26,2025-11-25T18:31:52Z
BetRivers,player_rebounds,Kristaps Porzingis,Over,6.5,100,2025-11-26,2025-11-25T18:31:52Z
BetRivers,player_rebounds,Kristaps Porzingis,Under,6.5,-134,2025-11-26,2025-11-25T18:31:52Z
BetRivers,player_rebounds,Bilal Coulibaly,Over,4.5,120,2025-11-26,2025-11-25T18:31:52Z
BetRivers,player_rebounds,Bilal Coulibaly,Under,4.5,-159,2025-11-26,2025-11-25T18:31:52Z
BetRivers,player_rebounds,Nickeil Alexander-Walker,Over,3.5,-104,2025-11-26,2025-11-25T18:31:52Z
BetRivers,player_rebounds,Nickeil Alexander-Walker,Under,3.5,-129,2025-11-26,2025-11-25T18:31:52Z
BetRivers,player_rebounds,Zaccharie Risacher,Over,2.5,-129,2025-11-26,2025-11-25T18:31:52Z
BetRivers,player_rebounds,Zaccharie Risacher,Under,2.5,-104,2025-11-26,2025-11-25T18:31:52Z
BetRivers,player_rebounds,Onyeka Okongwu,Over,7.5,108,2025-11-26,2025-11-25T18:31:52Z
BetRivers,player_rebounds,Onyeka Okongwu,Under,7.5,-143,2025-11-26,2025-11-25T18:31:52Z
BetRivers,player_rebounds,Khris Middleton,Over,3.5,-150,2025-11-26,2025-11-25T18:31:52Z
BetRivers,player_rebounds,Khris Middleton,Under,3.5,112,2025-11-26,2025-11-25T18:31:52Z
BetRivers,player_rebounds,Dyson Daniels,Over,6.5,-105,2025-11-26,2025-11-25T18:31:52Z
BetRivers,player_rebounds,Dyson Daniels,Under,6.5,-127,2025-11-26,2025-11-25T18:31:52Z
BetRivers,player_rebounds,C.J. McCollum,Over,3.5,114,2025-11-26,2025-11-25T18:31:52Z
BetRivers,player_rebounds,C.J. McCollum,Under,3.5,-152,2025-11-26,2025-11-25T18:31:52Z
BetRivers,player_rebounds,Wendell Carter Jr,Over,7.5,-107,2025-11-26,2025-11-25T18:32:01Z
BetRivers,player_rebounds,Wendell Carter Jr,Under,7.5,-124,2025-11-26,2025-11-25T18:32:01Z
BetRivers,player_rebounds,Jalen Suggs,Over,3.5,-159,2025-11-26,2025-11-25T18:32:01Z
BetRivers,player_rebounds,Jalen Suggs,Under,3.5,118,2025-11-26,2025-11-25T18:32:01Z
BetRivers,player_rebounds,Anthony Black,Over,3.5,-127,2025-11-26,2025-11-25T18:32:01Z
BetRivers,player_rebounds,Anthony Black,Under,3.5,-105,2025-11-26,2025-11-25T18:32:01Z
BetRivers,player_rebounds,Tyrese Maxey,Over,4.5,106,2025-11-26,2025-11-25T18:32:01Z
BetRivers,player_rebounds,Tyrese Maxey,Under,4.5,-141,2025-11-26,2025-11-25T18:32:01Z
BetRivers,player_rebounds,Quentin Grimes,Over,3.5,-124,2025-11-26,2025-11-25T18:32:01Z
BetRivers,player_rebounds,Quentin Grimes,Under,3.5,-108,2025-11-26,2025-11-25T18:32:01Z
BetRivers,player_rebounds,Tristan da Silva,Over,4.5,-130,2025-11-26,2025-11-25T18:32:01Z
BetRivers,player_rebounds,Tristan da Silva,Under,4.5,-103,2025-11-26,2025-11-25T18:32:01Z
BetRivers,player_rebounds,Franz Wagner,Over,6.5,-104,2025-11-26,2025-11-25T18:32:01Z
BetRivers,player_rebounds,Franz Wagner,Under,6.5,-129,2025-11-26,2025-11-25T18:32:01Z
BetRivers,player_rebounds,Justin Edwards,Over,3.5,120,2025-11-26,2025-11-25T18:32:01Z
BetRivers,player_rebounds,Justin Edwards,Under,3.5,-162,2025-11-26,2025-11-25T18:32:01Z
BetRivers,player_rebounds,Desmond Bane,Over,4.5,-143,2025-11-26,2025-11-25T18:32:01Z
BetRivers,player_rebounds,Desmond Bane,Under,4.5,110,2025-11-26,2025-11-25T18:32:01Z
BetRivers,player_rebounds,LeBron James,Over,6.5,-136,2025-11-26,2025-11-25T18:32:48Z
BetRivers,player_rebounds,LeBron James,Under,6.5,102,2025-11-26,2025-11-25T18:32:48Z
BetRivers,player_rebounds,Jaxson Hayes,Over,4.5,-150,2025-11-26,2025-11-25T18:32:48Z
BetRivers,player_rebounds,Jaxson Hayes,Under,4.5,112,2025-11-26,2025-11-25T18:32:48Z
BetRivers,player_rebounds,Luka Doncic,Over,8.5,-107,2025-11-26,2025-11-25T18:32:48Z
BetRivers,player_rebounds,Luka Doncic,Under,8.5,-124,2025-11-26,2025-11-25T18:32:48Z
BetRivers,player_rebounds,Marcus Smart,Over,1.5,-148,2025-11-26,2025-11-25T18:32:48Z
BetRivers,player_rebounds,Marcus Smart,Under,1.5,110,2025-11-26,2025-11-25T18:32:48Z
BetRivers,player_rebounds,Bogdan Bogdanovic,Over,2.5,128,2025-11-26,2025-11-25T18:32:48Z
BetRivers,player_rebounds,Bogdan Bogdanovic,Under,2.5,-175,2025-11-26,2025-11-25T18:32:48Z
BetRivers,player_rebounds,James Harden,Over,4.5,-136,2025-11-26,2025-11-25T18:32:48Z
BetRivers,player_rebounds,James Harden,Under,4.5,102,2025-11-26,2025-11-25T18:32:48Z
BetRivers,player_rebounds,John Collins,Over,5.5,112,2025-11-26,2025-11-25T18:32:48Z
BetRivers,player_rebounds,John Collins,Under,5.5,-150,2025-11-26,2025-11-25T18:32:48Z
BetRivers,player_rebounds,Kawhi Leonard,Over,4.5,-109,2025-11-26,2025-11-25T18:32:48Z
BetRivers,player_rebounds,Kawhi Leonard,Under,4.5,-122,2025-11-26,2025-11-25T18:32:48Z
BetRivers,player_rebounds,Rui Hachimura,Over,3.5,-159,2025-11-26,2025-11-25T18:32:48Z
BetRivers,player_rebounds,Rui Hachimura,Under,3.5,118,2025-11-26,2025-11-25T18:32:48Z
BetRivers,player_rebounds,Ivica Zubac,Over,10.5,-137,2025-11-26,2025-11-25T18:32:48Z
BetRivers,player_rebounds,Ivica Zubac,Under,10.5,104,2025-11-26,2025-11-25T18:32:48Z
BetRivers,player_rebounds,Kris Dunn,Over,2.5,140,2025-11-26,2025-11-25T18:32:48Z
BetRivers,player_rebounds,Kris Dunn,Under,2.5,-190,2025-11-26,2025-11-25T18:32:48Z
BetRivers,player_rebounds,Austin Reaves,Over,4.5,108,2025-11-26,2025-11-25T18:32:48Z
BetRivers,player_rebounds,Austin Reaves,Under,4.5,-143,2025-11-26,2025-11-25T18:32:48Z
Bovada,player_rebounds,Alex Sarr,Over,7.5,-185,2025-11-26,2025-11-25T18:32:50Z
Bovada,player_rebounds,Alex Sarr,Under,7.5,140,2025-11-26,2025-11-25T18:32:50Z
Bovada,player_rebounds,Alex Sarr,Over,8.5,-110,2025-11-26,2025-11-25T18:32:50Z
Bovada,player_rebounds,Alex Sarr,Under,8.5,-120,2025-11-26,2025-11-25T18:32:50Z
Bovada,player_rebounds,Alex Sarr,Over,9.5,150,2025-11-26,2025-11-25T18:32:50Z
Bovada,player_rebounds,Alex Sarr,Under,9.5,-200,2025-11-26,2025-11-25T18:32:50Z
Bovada,player_rebounds,Dyson Daniels,Over,5.5,-180,2025-11-26,2025-11-25T18:32:50Z
Bovada,player_rebounds,Dyson Daniels,Under,5.5,135,2025-11-26,2025-11-25T18:32:50Z
Bovada,player_rebounds,Dyson Daniels,Over,6.5,100,2025-11-26,2025-11-25T18:32:50Z
Bovada,player_rebounds,Dyson Daniels,Under,6.5,-130,2025-11-26,2025-11-25T18:32:50Z
Bovada,player_rebounds,Dyson Daniels,Over,7.5,170,2025-11-26,2025-11-25T18:32:50Z
Bovada,player_rebounds,Dyson Daniels,Under,7.5,-230,2025-11-26,2025-11-25T18:32:50Z
Bovada,player_rebounds,Jalen Johnson,Over,8.5,-240,2025-11-26,2025-11-25T18:32:50Z
Bovada,player_rebounds,Jalen Johnson,Under,8.5,175,2025-11-26,2025-11-25T18:32:50Z
Bovada,player_rebounds,Jalen Johnson,Over,9.5,-145,2025-11-26,2025-11-25T18:32:50Z
Bovada,player_rebounds,Jalen Johnson,Under,9.5,110,2025-11-26,2025-11-25T18:32:50Z
Bovada,player_rebounds,Jalen Johnson,Over,10.5,110,2025-11-26,2025-11-25T18:32:50Z
Bovada,player_rebounds,Jalen Johnson,Under,10.5,-145,2025-11-26,2025-11-25T18:32:50Z
Bovada,player_rebounds,Jalen Johnson,Over,11.5,170,2025-11-26,2025-11-25T18:32:50Z
Bovada,player_rebounds,Jalen Johnson,Under,11.5,-230,2025-11-26,2025-11-25T18:32:50Z
Bovada,player_rebounds,Kristaps Porzingis,Over,5.5,-190,2025-11-26,2025-11-25T18:32:50Z
Bovada,player_rebounds,Kristaps Porzingis,Under,5.5,145,2025-11-26,2025-11-25T18:32:50Z
Bovada,player_rebounds,Kristaps Porzingis,Over,6.5,-105,2025-11-26,2025-11-25T18:32:50Z
Bovada,player_rebounds,Kristaps Porzingis,Under,6.5,-125,2025-11-26,2025-11-25T18:32:50Z
Bovada,player_rebounds,Kristaps Porzingis,Over,7.5,165,2025-11-26,2025-11-25T18:32:50Z
Bovada,player_rebounds,Kristaps Porzingis,Under,7.5,-220,2025-11-26,2025-11-25T18:32:50Z
Bovada,player_rebounds,Kyshawn George,Over,4.5,-220,2025-11-26,2025-11-25T18:32:50Z
Bovada,player_rebounds,Kyshawn George,Under,4.5,165,2025-11-26,2025-11-25T18:32:50Z
Bovada,player_rebounds,Kyshawn George,Over,5.5,-115,2025-11-26,2025-11-25T18:32:50Z
Bovada,player_rebounds,Kyshawn George,Under,5.5,-115,2025-11-26,2025-11-25T18:32:50Z
Bovada,player_rebounds,Kyshawn George,Over,6.5,155,2025-11-26,2025-11-25T18:32:50Z
Bovada,player_rebounds,Kyshawn George,Under,6.5,-210,2025-11-26,2025-11-25T18:32:50Z
Bovada,player_rebounds,Onyeka Okongwu,Over,5.5,-280,2025-11-26,2025-11-25T18:32:50Z
Bovada,player_rebounds,Onyeka Okongwu,Under,5.5,205,2025-11-26,2025-11-25T18:32:50Z
Bovada,player_rebounds,Onyeka Okongwu,Over,6.5,-150,2025-11-26,2025-11-25T18:32:50Z
Bovada,player_rebounds,Onyeka Okongwu,Under,6.5,115,2025-11-26,2025-11-25T18:32:50Z
Bovada,player_rebounds,Onyeka Okongwu,Over,7.5,115,2025-11-26,2025-11-25T18:32:50Z
Bovada,player_rebounds,Onyeka Okongwu,Under,7.5,-150,2025-11-26,2025-11-25T18:32:50Z
Bovada,player_rebounds,Onyeka Okongwu,Over,8.5,190,2025-11-26,2025-11-25T18:32:50Z
Bovada,player_rebounds,Onyeka Okongwu,Under,8.5,-260,2025-11-26,2025-11-25T18:32:50Z
Bovada,player_rebounds,Franz Wagner,Over,5.5,-190,2025-11-26,2025-11-25T18:31:59Z
Bovada,player_rebounds,Franz Wagner,Under,5.5,145,2025-11-26,2025-11-25T18:31:59Z
Bovada,player_rebounds,Franz Wagner,Over,6.5,-105,2025-11-26,2025-11-25T18:31:59Z
Bovada,player_rebounds,Franz Wagner,Under,6.5,-125,2025-11-26,2025-11-25T18:31:59Z
Bovada,player_rebounds,Franz Wagner,Over,7.5,165,2025-11-26,2025-11-25T18:31:59Z
Bovada,player_rebounds,Franz Wagner,Under,7.5,-220,2025-11-26,2025-11-25T18:31:59Z
Bovada,player_rebounds,Tristan da Silva,Over,4.5,-150,2025-11-26,2025-11-25T18:31:59Z
Bovada,player_rebounds,Tristan da Silva,Under,4.5,115,2025-11-26,2025-11-25T18:31:59Z
Bovada,player_rebounds,Tristan da Silva,Over,5.5,125,2025-11-26,2025-11-25T18:31:59Z
Bovada,player_rebounds,Tristan da Silva,Under,5.5,-165,2025-11-26,2025-11-25T18:31:59Z
Bovada,player_rebounds,Wendell Carter Jr,Over,6.5,-200,2025-11-26,2025-11-25T18:31:59Z
Bovada,player_rebounds,Wendell Carter Jr,Under,6.5,150,2025-11-26,2025-11-25T18:31:59Z
Bovada,player_rebounds,Wendell Carter Jr,Over,7.5,-115,2025-11-26,2025-11-25T18:31:59Z
Bovada,player_rebounds,Wendell Carter Jr,Under,7.5,-115,2025-11-26,2025-11-25T18:31:59Z
Bovada,player_rebounds,Wendell Carter Jr,Over,8.5,145,2025-11-26,2025-11-25T18:31:59Z
Bovada,player_rebounds,Wendell Carter Jr,Under,8.5,-190,2025-11-26,2025-11-25T18:31:59Z
Bovada,player_rebounds,Ivica Zubac,Over,9.5,-220,2025-11-26,2025-11-25T18:32:00Z
Bovada,player_rebounds,Ivica Zubac,Under,9.5,165,2025-11-26,2025-11-25T18:32:00Z
Bovada,player_rebounds,Ivica Zubac,Over,10.5,-135,2025-11-26,2025-11-25T18:32:00Z
Bovada,player_rebounds,Ivica Zubac,Under,10.5,105,2025-11-26,2025-11-25T18:32:00Z
Bovada,player_rebounds,Ivica Zubac,Over,11.5,115,2025-11-26,2025-11-25T18:32:00Z
Bovada,player_rebounds,Ivica Zubac,Under,11.5,-150,2025-11-26,2025-11-25T18:32:00Z
Bovada,player_rebounds,Ivica Zubac,Over,12.5,170,2025-11-26,2025-11-25T18:32:00Z
Bovada,player_rebounds,Ivica Zubac,Under,12.5,-230,2025-11-26,2025-11-25T18:32:00Z
Bovada,player_rebounds,Jaxson Hayes,Over,4.5,-170,2025-11-26,2025-11-25T18:32:00Z
Bovada,player_rebounds,Jaxson Hayes,Under,4.5,130,2025-11-26,2025-11-25T18:32:00Z
Bovada,player_rebounds,Jaxson Hayes,Over,5.5,110,2025-11-26,2025-11-25T18:32:00Z
Bovada,player_rebounds,Jaxson Hayes,Under,5.5,-145,2025-11-26,2025-11-25T18:32:00Z
Bovada,player_rebounds,Jaxson Hayes,Over,6.5,200,2025-11-26,2025-11-25T18:32:00Z
Bovada,player_rebounds,Jaxson Hayes,Under,6.5,-275,2025-11-26,2025-11-25T18:32:00Z
Bovada,player_rebounds,LeBron James,Over,5.5,-230,2025-11-26,2025-11-25T18:32:00Z
Bovada,player_rebounds,LeBron James,Under,5.5,170,2025-11-26,2025-11-25T18:32:00Z
Bovada,player_rebounds,LeBron James,Over,6.5,-125,2025-11-26,2025-11-25T18:32:00Z
Bovada,player_rebounds,LeBron James,Under,6.5,-105,2025-11-26,2025-11-25T18:32:00Z
Bovada,player_rebounds,LeBron James,Over,7.5,140,2025-11-26,2025-11-25T18:32:00Z
Bovada,player_rebounds,LeBron James,Under,7.5,-185,2025-11-26,2025-11-25T18:32:00Z
Bovada,player_rebounds,Luka Doncic,Over,7.5,-185,2025-11-26,2025-11-25T18:32:00Z
Bovada,player_rebounds,Luka Doncic,Under,7.5,140,2025-11-26,2025-11-25T18:32:00Z
Bovada,player_rebounds,Luka Doncic,Over,8.5,100,2025-11-26,2025-11-25T18:32:00Z
Bovada,player_rebounds,Luka Doncic,Under,8.5,-130,2025-11-26,2025-11-25T18:32:00Z
Bovada,player_rebounds,Luka Doncic,Over,9.5,160,2025-11-26,2025-11-25T18:32:00Z
Bovada,player_rebounds,Luka Doncic,Under,9.5,-215,2025-11-26,2025-11-25T18:32:00Z
FanDuel,player_assists,Jalen Johnson,Over,8.5,100,2025-11-26,2025-11-25T18:32:47Z
FanDuel,player_assists,Jalen Johnson,Under,8.5,-132,2025-11-26,2025-11-25T18:32:47Z
FanDuel,player_assists,Khris Middleton,Over,2.5,-180,2025-11-26,2025-11-25T18:32:47Z
FanDuel,player_assists,Khris Middleton,Under,2.5,134,2025-11-26,2025-11-25T18:32:47Z
FanDuel,player_assists,Kyshawn George,Over,4.5,108,2025-11-26,2025-11-25T18:32:47Z
FanDuel,player_assists,Kyshawn George,Under,4.5,-144,2025-11-26,2025-11-25T18:32:47Z
FanDuel,player_assists,Alex Sarr,Over,3.5,104,2025-11-26,2025-11-25T18:32:47Z
FanDuel,player_assists,Alex Sarr,Under,3.5,-138,2025-11-26,2025-11-25T18:32:47Z
FanDuel,player_assists,C.J. McCollum,Over,3.5,-104,2025-11-26,2025-11-25T18:32:47Z
FanDuel,player_assists,C.J. McCollum,Under,3.5,-128,2025-11-26,2025-11-25T18:32:47Z
FanDuel,player_assists,Bilal Coulibaly,Over,3.5,134,2025-11-26,2025-11-25T18:32:47Z
FanDuel,player_assists,Bilal Coulibaly,Under,3.5,-180,2025-11-26,2025-11-25T18:32:47Z
FanDuel,player_assists,Nickeil Alexander-Walker,Over,3.5,-158,2025-11-26,2025-11-25T18:32:47Z
FanDuel,player_assists,Nickeil Alexander-Walker,Under,3.5,118,2025-11-26,2025-11-25T18:32:47Z
FanDuel,player_assists,Kristaps Porzingis,Over,3.5,128,2025-11-26,2025-11-25T18:32:47Z
FanDuel,player_assists,Kristaps Porzingis,Under,3.5,-172,2025-11-26,2025-11-25T18:32:47Z
FanDuel,player_assists,Dyson Daniels,Over,5.5,-132,2025-11-26,2025-11-25T18:32:47Z
FanDuel,player_assists,Dyson Daniels,Under,5.5,100,2025-11-26,2025-11-25T18:32:47Z
FanDuel,player_assists,Wendell Carter Jr,Over,2.5,130,2025-11-26,2025-11-25T18:32:43Z
FanDuel,player_assists,Wendell Carter Jr,Under,2.5,-174,2025-11-26,2025-11-25T18:32:43Z
FanDuel,player_assists,Anthony Black,Over,3.5,122,2025-11-26,2025-11-25T18:32:43Z
FanDuel,player_assists,Anthony Black,Under,3.5,-162,2025-11-26,2025-11-25T18:32:43Z
FanDuel,player_assists,Franz Wagner,Over,4.5,106,2025-11-26,2025-11-25T18:32:43Z
FanDuel,player_assists,Franz Wagner,Under,4.5,-140,2025-11-26,2025-11-25T18:32:43Z
FanDuel,player_assists,Tyrese Maxey,Over,7.5,-104,2025-11-26,2025-11-25T18:32:43Z
FanDuel,player_assists,Tyrese Maxey,Under,7.5,-128,2025-11-26,2025-11-25T18:32:43Z
FanDuel,player_assists,Desmond Bane,Over,4.5,-114,2025-11-26,2025-11-25T18:32:43Z
FanDuel,player_assists,Desmond Bane,Under,4.5,-114,2025-11-26,2025-11-25T18:32:43Z
FanDuel,player_assists,Quentin Grimes,Over,4.5,118,2025-11-26,2025-11-25T18:32:43Z
FanDuel,player_assists,Quentin Grimes,Under,4.5,-158,2025-11-26,2025-11-25T18:32:43Z
FanDuel,player_assists,Jalen Suggs,Over,5.5,118,2025-11-26,2025-11-25T18:32:43Z
FanDuel,player_assists,Jalen Suggs,Under,5.5,-158,2025-11-26,2025-11-25T18:32:43Z
FanDuel,player_assists,LeBron James,Over,7.5,114,2025-11-26,2025-11-25T18:32:06Z
FanDuel,player_assists,LeBron James,Under,7.5,-152,2025-11-26,2025-11-25T18:32:06Z
FanDuel,player_assists,Kawhi Leonard,Over,2.5,-140,2025-11-26,2025-11-25T18:32:06Z
FanDuel,player_assists,Kawhi Leonard,Under,2.5,106,2025-11-26,2025-11-25T18:32:06Z
FanDuel,player_assists,James Harden,Over,8.5,118,2025-11-26,2025-11-25T18:32:06Z
FanDuel,player_assists,James Harden,Under,8.5,-158,2025-11-26,2025-11-25T18:32:06Z
FanDuel,player_assists,Luka Doncic,Over,7.5,-136,2025-11-26,2025-11-25T18:32:06Z
FanDuel,player_assists,Luka Doncic,Under,7.5,102,2025-11-26,2025-11-25T18:32:06Z
FanDuel,player_assists,Austin Reaves,Over,4.5,102,2025-11-26,2025-11-25T18:32:06Z
FanDuel,player_assists,Austin Reaves,Under,4.5,-136,2025-11-26,2025-11-25T18:32:06Z
BetOnline.ag,player_assists,Onyeka Okongwu,Over,2.5,130,2025-11-26,2025-11-25T18:32:24Z
BetOnline.ag,player_assists,Onyeka Okongwu,Under,2.5,-169,2025-11-26,2025-11-25T18:32:24Z
BetOnline.ag,player_assists,Jalen Johnson,Over,8.5,110,2025-11-26,2025-11-25T18:32:24Z
BetOnline.ag,player_assists,Jalen Johnson,Under,8.5,-143,2025-11-26,2025-11-25T18:32:24Z
BetOnline.ag,player_assists,Kyshawn George,Over,4.5,112,2025-11-26,2025-11-25T18:32:24Z
BetOnline.ag,player_assists,Kyshawn George,Under,4.5,-145,2025-11-26,2025-11-25T18:32:24Z
BetOnline.ag,player_assists,Alex Sarr,Over,3.5,-103,2025-11-26,2025-11-25T18:32:24Z
BetOnline.ag,player_assists,Alex Sarr,Under,3.5,-125,2025-11-26,2025-11-25T18:32:24Z
BetOnline.ag,player_assists,Dyson Daniels,Over,5.5,-123,2025-11-26,2025-11-25T18:32:24Z
BetOnline.ag,player_assists,Dyson Daniels,Under,5.5,-105,2025-11-26,2025-11-25T18:32:24Z
BetOnline.ag,player_assists,Khris Middleton,Over,2.5,-167,2025-11-26,2025-11-25T18:32:24Z
BetOnline.ag,player_assists,Khris Middleton,Under,2.5,127,2025-11-26,2025-11-25T18:32:24Z
BetOnline.ag,player_assists,Nickeil Alexander-Walker,Over,3.5,-156,2025-11-26,2025-11-25T18:32:24Z
BetOnline.ag,player_assists,Nickeil Alexander-Walker,Under,3.5,120,2025-11-26,2025-11-25T18:32:24Z
BetOnline.ag,player_assists,C.J. McCollum,Over,3.5,-105,2025-11-26,2025-11-25T18:32:24Z
BetOnline.ag,player_assists,C.J. McCollum,Under,3.5,-123,2025-11-26,2025-11-25T18:32:24Z
BetOnline.ag,player_assists,Bilal Coulibaly,Over,3.5,136,2025-11-26,2025-11-25T18:32:24Z
BetOnline.ag,player_assists,Bilal Coulibaly,Under,3.5,-179,2025-11-26,2025-11-25T18:32:24Z
BetOnline.ag,player_assists,Carlton Carrington,Over,3.5,-154,2025-11-26,2025-11-25T18:32:24Z
BetOnline.ag,player_assists,Carlton Carrington,Under,3.5,118,2025-11-26,2025-11-25T18:32:24Z
BetOnline.ag,player_assists,Kristaps Porzingis,Over,3.5,136,2025-11-26,2025-11-25T18:32:24Z
BetOnline.ag,player_assists,Kristaps Porzingis,Under,3.5,-179,2025-11-26,2025-11-25T18:32:24Z
BetOnline.ag,player_assists,Vit Krejci,Over,2.5,126,2025-11-26,2025-11-25T18:32:24Z
BetOnline.ag,player_assists,Vit Krejci,Under,2.5,-164,2025-11-26,2025-11-25T18:32:24Z
BetOnline.ag,player_assists,Tyrese Maxey,Over,7.5,100,2025-11-26,2025-11-25T18:32:47Z
BetOnline.ag,player_assists,Tyrese Maxey,Under,7.5,-130,2025-11-26,2025-11-25T18:32:47Z
BetOnline.ag,player_assists,Wendell Carter Jr,Over,2.5,141,2025-11-26,2025-11-25T18:32:47Z
BetOnline.ag,player_assists,Wendell Carter Jr,Under,2.5,-185,2025-11-26,2025-11-25T18:32:47Z
BetOnline.ag,player_assists,Franz Wagner,Over,4.5,107,2025-11-26,2025-11-25T18:32:47Z
BetOnline.ag,player_assists,Franz Wagner,Under,4.5,-139,2025-11-26,2025-11-25T18:32:47Z
BetOnline.ag,player_assists,Anthony Black,Over,3.5,126,2025-11-26,2025-11-25T18:32:47Z
BetOnline.ag,player_assists,Anthony Black,Under,3.5,-164,2025-11-26,2025-11-25T18:32:47Z
BetOnline.ag,player_assists,Desmond Bane,Over,4.5,-114,2025-11-26,2025-11-25T18:32:47Z
BetOnline.ag,player_assists,Desmond Bane,Under,4.5,-114,2025-11-26,2025-11-25T18:32:47Z
BetOnline.ag,player_assists,Jalen Suggs,Over,5.5,122,2025-11-26,2025-11-25T18:32:47Z
BetOnline.ag,player_assists,Jalen Suggs,Under,5.5,-159,2025-11-26,2025-11-25T18:32:47Z
BetOnline.ag,player_assists,Trendon Watford,Over,2.5,-135,2025-11-26,2025-11-25T18:32:47Z
BetOnline.ag,player_assists,Trendon Watford,Under,2.5,105,2025-11-26,2025-11-25T18:32:47Z
BetOnline.ag,player_assists,Quentin Grimes,Over,4.5,120,2025-11-26,2025-11-25T18:32:47Z
BetOnline.ag,player_assists,Quentin Grimes,Under,4.5,-156,2025-11-26,2025-11-25T18:32:47Z
BetOnline.ag,player_assists,Kawhi Leonard,Over,2.5,-143,2025-11-26,2025-11-25T18:31:40Z
BetOnline.ag,player_assists,Kawhi Leonard,Under,2.5,110,2025-11-26,2025-11-25T18:31:40Z
BetOnline.ag,player_assists,Ivica Zubac,Over,2.5,136,2025-11-26,2025-11-25T18:31:40Z
BetOnline.ag,player_assists,Ivica Zubac,Under,2.5,-179,2025-11-26,2025-11-25T18:31:40Z
BetOnline.ag,player_assists,LeBron James,Over,7.5,110,2025-11-26,2025-11-25T18:31:40Z
BetOnline.ag,player_assists,LeBron James,Under,7.5,-143,2025-11-26,2025-11-25T18:31:40Z
BetOnline.ag,player_assists,Austin Reaves,Over,4.5,-101,2025-11-26,2025-11-25T18:31:40Z
BetOnline.ag,player_assists,Austin Reaves,Under,4.5,-128,2025-11-26,2025-11-25T18:31:40Z
BetOnline.ag,player_assists,Kris Dunn,Over,2.5,102,2025-11-26,2025-11-25T18:31:40Z
BetOnline.ag,player_assists,Kris Dunn,Under,2.5,-132,2025-11-26,2025-11-25T18:31:40Z
BetOnline.ag,player_assists,James Harden,Over,8.5,113,2025-11-26,2025-11-25T18:31:40Z
BetOnline.ag,player_assists,James Harden,Under,8.5,-147,2025-11-26,2025-11-25T18:31:40Z
BetOnline.ag,player_assists,Luka Doncic,Over,8.5,109,2025-11-26,2025-11-25T18:31:40Z
BetOnline.ag,player_assists,Luka Doncic,Under,8.5,-141,2025-11-26,2025-11-25T18:31:40Z
BetOnline.ag,player_assists,Bogdan Bogdanovic,Over,2.5,132,2025-11-26,2025-11-25T18:31:40Z
BetOnline.ag,player_assists,Bogdan Bogdanovic,Under,2.5,-172,2025-11-26,2025-11-25T18:31:40Z
DraftKings,player_assists,Jalen Johnson,Over,8.5,107,2025-11-26,2025-11-25T18:32:46Z
DraftKings,player_assists,Jalen Johnson,Under,8.5,-141,2025-11-26,2025-11-25T18:32:46Z
DraftKings,player_assists,Dyson Daniels,Over,5.5,-131,2025-11-26,2025-11-25T18:32:46Z
DraftKings,player_assists,Dyson Daniels,Under,5.5,100,2025-11-26,2025-11-25T18:32:46Z
DraftKings,player_assists,Kyshawn George,Over,4.5,-104,2025-11-26,2025-11-25T18:32:46Z
DraftKings,player_assists,Kyshawn George,Under,4.5,-127,2025-11-26,2025-11-25T18:32:46Z
DraftKings,player_assists,Carlton Carrington,Over,3.5,-159,2025-11-26,2025-11-25T18:32:46Z
DraftKings,player_assists,Carlton Carrington,Under,3.5,121,2025-11-26,2025-11-25T18:32:46Z
DraftKings,player_assists,Nickeil Alexander-Walker,Over,3.5,-150,2025-11-26,2025-11-25T18:32:46Z
DraftKings,player_assists,Nickeil Alexander-Walker,Under,3.5,113,2025-11-26,2025-11-25T18:32:46Z
DraftKings,player_assists,C.J. McCollum,Over,3.5,-101,2025-11-26,2025-11-25T18:32:46Z
DraftKings,player_assists,C.J. McCollum,Under,3.5,-131,2025-11-26,2025-11-25T18:32:46Z
DraftKings,player_assists,Alex Sarr,Over,3.5,100,2025-11-26,2025-11-25T18:32:46Z
DraftKings,player_assists,Alex Sarr,Under,3.5,-131,2025-11-26,2025-11-25T18:32:46Z
DraftKings,player_assists,Bilal Coulibaly,Over,3.5,131,2025-11-26,2025-11-25T18:32:46Z
DraftKings,player_assists,Bilal Coulibaly,Under,3.5,-173,2025-11-26,2025-11-25T18:32:46Z
DraftKings,player_assists,Kristaps Porzingis,Over,2.5,-174,2025-11-26,2025-11-25T18:32:46Z
DraftKings,player_assists,Kristaps Porzingis,Under,2.5,131,2025-11-26,2025-11-25T18:32:46Z
DraftKings,player_assists,Khris Middleton,Over,2.5,-162,2025-11-26,2025-11-25T18:32:46Z
DraftKings,player_assists,Khris Middleton,Under,2.5,122,2025-11-26,2025-11-25T18:32:46Z
DraftKings,player_assists,Onyeka Okongwu,Over,2.5,125,2025-11-26,2025-11-25T18:32:46Z
DraftKings,player_assists,Onyeka Okongwu,Under,2.5,-166,2025-11-26,2025-11-25T18:32:46Z
DraftKings,player_assists,Tyrese Maxey,Over,7.5,105,2025-11-26,2025-11-25T18:32:00Z
DraftKings,player_assists,Tyrese Maxey,Under,7.5,-138,2025-11-26,2025-11-25T18:32:00Z
DraftKings,player_assists,Jalen Suggs,Over,5.5,120,2025-11-26,2025-11-25T18:32:00Z
DraftKings,player_assists,Jalen Suggs,Under,5.5,-158,2025-11-26,2025-11-25T18:32:00Z
DraftKings,player_assists,Desmond Bane,Over,4.5,-111,2025-11-26,2025-11-25T18:32:00Z
DraftKings,player_assists,Desmond Bane,Under,4.5,-118,2025-11-26,2025-11-25T18:32:00Z
DraftKings,player_assists,Franz Wagner,Over,4.5,100,2025-11-26,2025-11-25T18:32:00Z
DraftKings,player_assists,Franz Wagner,Under,4.5,-131,2025-11-26,2025-11-25T18:32:00Z
DraftKings,player_assists,Quentin Grimes,Over,4.5,121,2025-11-26,2025-11-25T18:32:00Z
DraftKings,player_assists,Quentin Grimes,Under,4.5,-160,2025-11-26,2025-11-25T18:32:00Z
DraftKings,player_assists,Anthony Black,Over,2.5,-173,2025-11-26,2025-11-25T18:32:00Z
DraftKings,player_assists,Anthony Black,Under,2.5,130,2025-11-26,2025-11-25T18:32:00Z
DraftKings,player_assists,Wendell Carter Jr,Over,2.5,143,2025-11-26,2025-11-25T18:32:00Z
DraftKings,player_assists,Wendell Carter Jr,Under,2.5,-189,2025-11-26,2025-11-25T18:32:00Z
DraftKings,player_assists,James Harden,Over,8.5,109,2025-11-26,2025-11-25T18:32:34Z
DraftKings,player_assists,James Harden,Under,8.5,-143,2025-11-26,2025-11-25T18:32:34Z
DraftKings,player_assists,Luka Doncic,Over,8.5,113,2025-11-26,2025-11-25T18:32:34Z
DraftKings,player_assists,Luka Doncic,Under,8.5,-149,2025-11-26,2025-11-25T18:32:34Z
DraftKings,player_assists,LeBron James,Over,7.5,108,2025-11-26,2025-11-25T18:32:34Z
DraftKings,player_assists,LeBron James,Under,7.5,-143,2025-11-26,2025-11-25T18:32:34Z
DraftKings,player_assists,Austin Reaves,Over,4.5,-104,2025-11-26,2025-11-25T18:32:34Z
DraftKings,player_assists,Austin Reaves,Under,4.5,-127,2025-11-26,2025-11-25T18:32:34Z
DraftKings,player_assists,Kawhi Leonard,Over,2.5,-137,2025-11-26,2025-11-25T18:32:34Z
DraftKings,player_assists,Kawhi Leonard,Under,2.5,104,2025-11-26,2025-11-25T18:32:34Z
DraftKings,player_assists,Kris Dunn,Over,2.5,102,2025-11-26,2025-11-25T18:32:34Z
DraftKings,player_assists,Kris Dunn,Under,2.5,-134,2025-11-26,2025-11-25T18:32:34Z
DraftKings,player_assists,Ivica Zubac,Over,2.5,142,2025-11-26,2025-11-25T18:32:34Z
DraftKings,player_assists,Ivica Zubac,Under,2.5,-188,2025-11-26,2025-11-25T18:32:34Z
BetMGM,player_assists,Jalen Johnson,Over,8.5,115,2025-11-26,2025-11-25T18:32:30Z
BetMGM,player_assists,Jalen Johnson,Under,8.5,-155,2025-11-26,2025-11-25T18:32:30Z
BetMGM,player_assists,Dyson Daniels,Over,5.5,-115,2025-11-26,2025-11-25T18:32:30Z
BetMGM,player_assists,Dyson Daniels,Under,5.5,-118,2025-11-26,2025-11-25T18:32:30Z
BetMGM,player_assists,Zaccharie Risacher,Over,1.5,115,2025-11-26,2025-11-25T18:32:30Z
BetMGM,player_assists,Zaccharie Risacher,Under,1.5,-155,2025-11-26,2025-11-25T18:32:30Z
BetMGM,player_assists,Alex Sarr,Over,3.5,100,2025-11-26,2025-11-25T18:32:30Z
BetMGM,player_assists,Alex Sarr,Under,3.5,-130,2025-11-26,2025-11-25T18:32:30Z
BetMGM,player_assists,Marvin Bagley III,Over,1.5,155,2025-11-26,2025-11-25T18:32:30Z
BetMGM,player_assists,Marvin Bagley III,Under,1.5,-210,2025-11-26,2025-11-25T18:32:30Z
BetMGM,player_assists,C.J. McCollum,Over,3.5,105,2025-11-26,2025-11-25T18:32:30Z
BetMGM,player_assists,C.J. McCollum,Under,3.5,-140,2025-11-26,2025-11-25T18:32:30Z
BetMGM,player_assists,Nickeil Alexander-Walker,Over,3.5,-160,2025-11-26,2025-11-25T18:32:30Z
BetMGM,player_assists,Nickeil Alexander-Walker,Under,3.5,120,2025-11-26,2025-11-25T18:32:30Z
BetMGM,player_assists,Bilal Coulibaly,Over,3.5,125,2025-11-26,2025-11-25T18:32:30Z
BetMGM,player_assists,Bilal Coulibaly,Under,3.5,-165,2025-11-26,2025-11-25T18:32:30Z
BetMGM,player_assists,Carlton Carrington,Over,3.5,-150,2025-11-26,2025-11-25T18:32:30Z
BetMGM,player_assists,Carlton Carrington,Under,3.5,110,2025-11-26,2025-11-25T18:32:30Z
BetMGM,player_assists,Onyeka Okongwu,Over,2.5,125,2025-11-26,2025-11-25T18:32:30Z
BetMGM,player_assists,Onyeka Okongwu,Under,2.5,-160,2025-11-26,2025-11-25T18:32:30Z
BetMGM,player_assists,Kyshawn George,Over,4.5,125,2025-11-26,2025-11-25T18:32:30Z
BetMGM,player_assists,Kyshawn George,Under,4.5,-165,2025-11-26,2025-11-25T18:32:30Z
BetMGM,player_assists,Kristaps Porzingis,Over,2.5,-160,2025-11-26,2025-11-25T18:32:30Z
BetMGM,player_assists,Kristaps Porzingis,Under,2.5,120,2025-11-26,2025-11-25T18:32:30Z
BetMGM,player_assists,Khris Middleton,Over,2.5,-175,2025-11-26,2025-11-25T18:32:30Z
BetMGM,player_assists,Khris Middleton,Under,2.5,130,2025-11-26,2025-11-25T18:32:30Z
BetMGM,player_assists,Cam Whitmore,Over,1.5,170,2025-11-26,2025-11-25T18:32:30Z
BetMGM,player_assists,Cam Whitmore,Under,1.5,-225,2025-11-26,2025-11-25T18:32:30Z
BetMGM,player_assists,Vit Krejci,Over,2.5,115,2025-11-26,2025-11-25T18:32:30Z
BetMGM,player_assists,Vit Krejci,Under,2.5,-155,2025-11-26,2025-11-25T18:32:30Z
BetMGM,player_assists,Corey Kispert,Over,1.5,-140,2025-11-26,2025-11-25T18:32:30Z
BetMGM,player_assists,Corey Kispert,Under,1.5,105,2025-11-26,2025-11-25T18:32:30Z
BetMGM,player_assists,Anthony Black,Over,3.5,115,2025-11-26,2025-11-25T18:32:19Z
BetMGM,player_assists,Anthony Black,Under,3.5,-155,2025-11-26,2025-11-25T18:32:19Z
BetMGM,player_assists,Tyrese Maxey,Over,7.5,115,2025-11-26,2025-11-25T18:32:19Z
BetMGM,player_assists,Tyrese Maxey,Under,7.5,-155,2025-11-26,2025-11-25T18:32:19Z
BetMGM,player_assists,Justin Edwards,Over,1.5,-185,2025-11-26,2025-11-25T18:32:19Z
BetMGM,player_assists,Justin Edwards,Under,1.5,135,2025-11-26,2025-11-25T18:32:19Z
BetMGM,player_assists,Desmond Bane,Over,4.5,-135,2025-11-26,2025-11-25T18:32:19Z
BetMGM,player_assists,Desmond Bane,Under,4.5,100,2025-11-26,2025-11-25T18:32:19Z
BetMGM,player_assists,Wendell Carter Jr,Over,2.5,135,2025-11-26,2025-11-25T18:32:19Z
BetMGM,player_assists,Wendell Carter Jr,Under,2.5,-185,2025-11-26,2025-11-25T18:32:19Z
BetMGM,player_assists,Tristan da Silva,Over,1.5,-135,2025-11-26,2025-11-25T18:32:19Z
BetMGM,player_assists,Tristan da Silva,Under,1.5,100,2025-11-26,2025-11-25T18:32:19Z
BetMGM,player_assists,Franz Wagner,Over,4.5,-105,2025-11-26,2025-11-25T18:32:19Z
BetMGM,player_assists,Franz Wagner,Under,4.5,-130,2025-11-26,2025-11-25T18:32:19Z
BetMGM,player_assists,Jalen Suggs,Over,5.5,105,2025-11-26,2025-11-25T18:32:19Z
BetMGM,player_assists,Jalen Suggs,Under,5.5,-140,2025-11-26,2025-11-25T18:32:19Z
BetMGM,player_assists,Goga Bitadze,Over,1.5,125,2025-11-26,2025-11-25T18:32:19Z
BetMGM,player_assists,Goga Bitadze,Under,1.5,-165,2025-11-26,2025-11-25T18:32:19Z
BetMGM,player_assists,Trendon Watford,Over,2.5,-160,2025-11-26,2025-11-25T18:32:19Z
BetMGM,player_assists,Trendon Watford,Under,2.5,120,2025-11-26,2025-11-25T18:32:19Z
BetMGM,player_assists,Quentin Grimes,Over,4.5,105,2025-11-26,2025-11-25T18:32:19Z
BetMGM,player_assists,Quentin Grimes,Under,4.5,-140,2025-11-26,2025-11-25T18:32:19Z
BetMGM,player_assists,Andre Drummond,Over,0.5,105,2025-11-26,2025-11-25T18:32:19Z
BetMGM,player_assists,Andre Drummond,Under,0.5,-140,2025-11-26,2025-11-25T18:32:19Z
BetMGM,player_assists,Austin Reaves,Over,4.5,-105,2025-11-26,2025-11-25T18:32:32Z
BetMGM,player_assists,Austin Reaves,Under,4.5,-130,2025-11-26,2025-11-25T18:32:32Z
BetMGM,player_assists,Luka Doncic,Over,8.5,110,2025-11-26,2025-11-25T18:32:32Z
BetMGM,player_assists,Luka Doncic,Under,8.5,-150,2025-11-26,2025-11-25T18:32:32Z
BetMGM,player_assists,LeBron James,Over,7.5,120,2025-11-26,2025-11-25T18:32:32Z
BetMGM,player_assists,LeBron James,Under,7.5,-160,2025-11-26,2025-11-25T18:32:32Z
BetMGM,player_assists,Ivica Zubac,Over,1.5,-250,2025-11-26,2025-11-25T18:32:32Z
BetMGM,player_assists,Ivica Zubac,Under,1.5,180,2025-11-26,2025-11-25T18:32:32Z
BetMGM,player_assists,Brook Lopez,Over,0.5,115,2025-11-26,2025-11-25T18:32:32Z
BetMGM,player_assists,Brook Lopez,Under,0.5,-155,2025-11-26,2025-11-25T18:32:32Z
BetMGM,player_assists,Kawhi Leonard,Over,2.5,-135,2025-11-26,2025-11-25T18:32:32Z
BetMGM,player_assists,Kawhi Leonard,Under,2.5,100,2025-11-26,2025-11-25T18:32:32Z
BetMGM,player_assists,Bogdan Bogdanovic,Over,2.5,135,2025-11-26,2025-11-25T18:32:32Z
BetMGM,player_assists,Bogdan Bogdanovic,Under,2.5,-185,2025-11-26,2025-11-25T18:32:32Z
BetMGM,player_assists,Rui Hachimura,Over,0.5,-135,2025-11-26,2025-11-25T18:32:32Z
BetMGM,player_assists,Rui Hachimura,Under,0.5,100,2025-11-26,2025-11-25T18:32:32Z
BetMGM,player_assists,Kris Dunn,Over,2.5,100,2025-11-26,2025-11-25T18:32:32Z
BetMGM,player_assists,Kris Dunn,Under,2.5,-135,2025-11-26,2025-11-25T18:32:32Z
BetMGM,player_assists,Gabe Vincent,Over,0.5,-120,2025-11-26,2025-11-25T18:32:32Z
BetMGM,player_assists,Gabe Vincent,Under,0.5,-110,2025-11-26,2025-11-25T18:32:32Z
BetMGM,player_assists,Jaxson Hayes,Over,0.5,-130,2025-11-26,2025-11-25T18:32:32Z
BetMGM,player_assists,Jaxson Hayes,Under,0.5,100,2025-11-26,2025-11-25T18:32:32Z
BetMGM,player_assists,John Collins,Over,0.5,115,2025-11-26,2025-11-25T18:32:32Z
BetMGM,player_assists,John Collins,Under,0.5,-155,2025-11-26,2025-11-25T18:32:32Z
BetMGM,player_assists,Jake LaRavia,Over,1.5,140,2025-11-26,2025-11-25T18:32:32Z
BetMGM,player_assists,Jake LaRavia,Under,1.5,-190,2025-11-26,2025-11-25T18:32:32Z
BetMGM,player_assists,Marcus Smart,Over,1.5,125,2025-11-26,2025-11-25T18:32:32Z
BetMGM,player_assists,Marcus Smart,Under,1.5,-165,2025-11-26,2025-11-25T18:32:32Z
BetMGM,player_assists,Nicolas Batum,Over,1.5,180,2025-11-26,2025-11-25T18:32:32Z
BetMGM,player_assists,Nicolas Batum,Under,1.5,-250,2025-11-26,2025-11-25T18:32:32Z
BetMGM,player_assists,James Harden,Over,8.5,110,2025-11-26,2025-11-25T18:32:32Z
BetMGM,player_assists,James Harden,Under,8.5,-150,2025-11-26,2025-11-25T18:32:32Z
BetRivers,player_assists,Khris Middleton,Over,2.5,-152,2025-11-26,2025-11-25T18:31:52Z
BetRivers,player_assists,Khris Middleton,Under,2.5,114,2025-11-26,2025-11-25T18:31:52Z
BetRivers,player_assists,Dyson Daniels,Over,5.5,-120,2025-11-26,2025-11-25T18:31:52Z
BetRivers,player_assists,Dyson Daniels,Under,5.5,-112,2025-11-26,2025-11-25T18:31:52Z
BetRivers,player_assists,Bilal Coulibaly,Over,2.5,-175,2025-11-26,2025-11-25T18:31:52Z
BetRivers,player_assists,Bilal Coulibaly,Under,2.5,128,2025-11-26,2025-11-25T18:31:52Z
BetRivers,player_assists,Nickeil Alexander-Walker,Over,3.5,-150,2025-11-26,2025-11-25T18:31:52Z
BetRivers,player_assists,Nickeil Alexander-Walker,Under,3.5,112,2025-11-26,2025-11-25T18:31:52Z
BetRivers,player_assists,Alex Sarr,Over,3.5,107,2025-11-26,2025-11-25T18:31:52Z
BetRivers,player_assists,Alex Sarr,Under,3.5,-141,2025-11-26,2025-11-25T18:31:52Z
BetRivers,player_assists,Jalen Johnson,Over,7.5,-143,2025-11-26,2025-11-25T18:31:52Z
BetRivers,player_assists,Jalen Johnson,Under,7.5,108,2025-11-26,2025-11-25T18:31:52Z
BetRivers,player_assists,Kristaps Porzingis,Over,3.5,123,2025-11-26,2025-11-25T18:31:52Z
BetRivers,player_assists,Kristaps Porzingis,Under,3.5,-165,2025-11-26,2025-11-25T18:31:52Z
BetRivers,player_assists,Kyshawn George,Over,4.5,120,2025-11-26,2025-11-25T18:31:52Z
BetRivers,player_assists,Kyshawn George,Under,4.5,-159,2025-11-26,2025-11-25T18:31:52Z
BetRivers,player_assists,C.J. McCollum,Over,3.5,106,2025-11-26,2025-11-25T18:31:52Z
BetRivers,player_assists,C.J. McCollum,Under,3.5,-141,2025-11-26,2025-11-25T18:31:52Z
BetRivers,player_assists,Quentin Grimes,Over,4.5,120,2025-11-26,2025-11-25T18:32:01Z
BetRivers,player_assists,Quentin Grimes,Under,4.5,-159,2025-11-26,2025-11-25T18:32:01Z
BetRivers,player_assists,Anthony Black,Over,3.5,117,2025-11-26,2025-11-25T18:32:01Z
BetRivers,player_assists,Anthony Black,Under,3.5,-157,2025-11-26,2025-11-25T18:32:01Z
BetRivers,player_assists,Desmond Bane,Over,4.5,-114,2025-11-26,2025-11-25T18:32:01Z
BetRivers,player_assists,Desmond Bane,Under,4.5,-117,2025-11-26,2025-11-25T18:32:01Z
BetRivers,player_assists,Jalen Suggs,Over,4.5,-157,2025-11-26,2025-11-25T18:32:01Z
BetRivers,player_assists,Jalen Suggs,Under,4.5,117,2025-11-26,2025-11-25T18:32:01Z
BetRivers,player_assists,Tyrese Maxey,Over,7.5,-106,2025-11-26,2025-11-25T18:32:01Z
BetRivers,player_assists,Tyrese Maxey,Under,7.5,-125,2025-11-26,2025-11-25T18:32:01Z
BetRivers,player_assists,Franz Wagner,Over,4.5,104,2025-11-26,2025-11-25T18:32:01Z
BetRivers,player_assists,Franz Wagner,Under,4.5,-139,2025-11-26,2025-11-25T18:32:01Z
BetRivers,player_assists,Marcus Smart,Over,1.5,123,2025-11-26,2025-11-25T18:32:48Z
BetRivers,player_assists,Marcus Smart,Under,1.5,-162,2025-11-26,2025-11-25T18:32:48Z
BetRivers,player_assists,Kawhi Leonard,Over,2.5,-125,2025-11-26,2025-11-25T18:32:48Z
BetRivers,player_assists,Kawhi Leonard,Under,2.5,-107,2025-11-26,2025-11-25T18:32:48Z
BetRivers,player_assists,LeBron James,Over,7.5,-103,2025-11-26,2025-11-25T18:32:48Z
BetRivers,player_assists,LeBron James,Under,7.5,-130,2025-11-26,2025-11-25T18:32:48Z
BetRivers,player_assists,Kris Dunn,Over,2.5,112,2025-11-26,2025-11-25T18:32:48Z
BetRivers,player_assists,Kris Dunn,Under,2.5,-150,2025-11-26,2025-11-25T18:32:48Z
BetRivers,player_assists,Bogdan Bogdanovic,Over,2.5,125,2025-11-26,2025-11-25T18:32:48Z
BetRivers,player_assists,Bogdan Bogdanovic,Under,2.5,-167,2025-11-26,2025-11-25T18:32:48Z
BetRivers,player_assists,Austin Reaves,Over,4.5,115,2025-11-26,2025-11-25T18:32:48Z
BetRivers,player_assists,Austin Reaves,Under,4.5,-155,2025-11-26,2025-11-25T18:32:48Z
BetRivers,player_assists,Ivica Zubac,Over,2.5,140,2025-11-26,2025-11-25T18:32:48Z
BetRivers,player_assists,Ivica Zubac,Under,2.5,-190,2025-11-26,2025-11-25T18:32:48Z
BetRivers,player_assists,Luka Doncic,Over,8.5,104,2025-11-26,2025-11-25T18:32:48Z
BetRivers,player_assists,Luka Doncic,Under,8.5,-137,2025-11-26,2025-11-25T18:32:48Z
BetRivers,player_assists,James Harden,Over,8.5,106,2025-11-26,2025-11-25T18:32:48Z
BetRivers,player_assists,James Harden,Under,8.5,-141,2025-11-26,2025-11-25T18:32:48Z
Bovada,player_assists,Alex Sarr,Over,3.5,-120,2025-11-26,2025-11-25T18:32:50Z
Bovada,player_assists,Alex Sarr,Under,3.5,-110,2025-11-26,2025-11-25T18:32:50Z
Bovada,player_assists,Alex Sarr,Over,4.5,180,2025-11-26,2025-11-25T18:32:50Z
Bovada,player_assists,Alex Sarr,Under,4.5,-245,2025-11-26,2025-11-25T18:32:50Z
Bovada,player_assists,Bilal Coulibaly,Over,2.5,-180,2025-11-26,2025-11-25T18:32:50Z
Bovada,player_assists,Bilal Coulibaly,Under,2.5,135,2025-11-26,2025-11-25T18:32:50Z
Bovada,player_assists,Bilal Coulibaly,Over,3.5,135,2025-11-26,2025-11-25T18:32:50Z
Bovada,player_assists,Bilal Coulibaly,Under,3.5,-180,2025-11-26,2025-11-25T18:32:50Z
Bovada,player_assists,Carlton Carrington,Over,3.5,-150,2025-11-26,2025-11-25T18:32:50Z
Bovada,player_assists,Carlton Carrington,Under,3.5,115,2025-11-26,2025-11-25T18:32:50Z
Bovada,player_assists,Carlton Carrington,Over,4.5,145,2025-11-26,2025-11-25T18:32:50Z
Bovada,player_assists,Carlton Carrington,Under,4.5,-190,2025-11-26,2025-11-25T18:32:50Z
Bovada,player_assists,C.J. McCollum,Over,2.5,-250,2025-11-26,2025-11-25T18:32:50Z
Bovada,player_assists,C.J. McCollum,Under,2.5,185,2025-11-26,2025-11-25T18:32:50Z
Bovada,player_assists,C.J. McCollum,Over,3.5,100,2025-11-26,2025-11-25T18:32:50Z
Bovada,player_assists,C.J. McCollum,Under,3.5,-130,2025-11-26,2025-11-25T18:32:50Z
Bovada,player_assists,Dyson Daniels,Over,4.5,-230,2025-11-26,2025-11-25T18:32:50Z
Bovada,player_assists,Dyson Daniels,Under,4.5,170,2025-11-26,2025-11-25T18:32:50Z
Bovada,player_assists,Dyson Daniels,Over,5.5,-115,2025-11-26,2025-11-25T18:32:50Z
Bovada,player_assists,Dyson Daniels,Under,5.5,-115,2025-11-26,2025-11-25T18:32:50Z
Bovada,player_assists,Dyson Daniels,Over,6.5,165,2025-11-26,2025-11-25T18:32:50Z
Bovada,player_assists,Dyson Daniels,Under,6.5,-220,2025-11-26,2025-11-25T18:32:50Z
Bovada,player_assists,Jalen Johnson,Over,6.5,-245,2025-11-26,2025-11-25T18:32:50Z
Bovada,player_assists,Jalen Johnson,Under,6.5,180,2025-11-26,2025-11-25T18:32:50Z
Bovada,player_assists,Jalen Johnson,Over,7.5,-135,2025-11-26,2025-11-25T18:32:50Z
Bovada,player_assists,Jalen Johnson,Under,7.5,105,2025-11-26,2025-11-25T18:32:50Z
Bovada,player_assists,Jalen Johnson,Over,8.5,130,2025-11-26,2025-11-25T18:32:50Z
Bovada,player_assists,Jalen Johnson,Under,8.5,-170,2025-11-26,2025-11-25T18:32:50Z
Bovada,player_assists,Khris Middleton,Over,2.5,-170,2025-11-26,2025-11-25T18:32:50Z
Bovada,player_assists,Khris Middleton,Under,2.5,130,2025-11-26,2025-11-25T18:32:50Z
Bovada,player_assists,Khris Middleton,Over,3.5,140,2025-11-26,2025-11-25T18:32:50Z
Bovada,player_assists,Khris Middleton,Under,3.5,-185,2025-11-26,2025-11-25T18:32:50Z
Bovada,player_assists,Kyshawn George,Over,3.5,-180,2025-11-26,2025-11-25T18:32:50Z
Bovada,player_assists,Kyshawn George,Under,3.5,135,2025-11-26,2025-11-25T18:32:50Z
Bovada,player_assists,Kyshawn George,Over,4.5,120,2025-11-26,2025-11-25T18:32:50Z
Bovada,player_assists,Kyshawn George,Under,4.5,-160,2025-11-26,2025-11-25T18:32:50Z
Bovada,player_assists,Nickeil Alexander-Walker,Over,3.5,-165,2025-11-26,2025-11-25T18:32:50Z
Bovada,player_assists,Nickeil Alexander-Walker,Under,3.5,125,2025-11-26,2025-11-25T18:32:50Z
Bovada,player_assists,Nickeil Alexander-Walker,Over,4.5,130,2025-11-26,2025-11-25T18:32:50Z
Bovada,player_assists,Nickeil Alexander-Walker,Under,4.5,-170,2025-11-26,2025-11-25T18:32:50Z
Bovada,player_assists,Anthony Black,Over,2.5,-200,2025-11-26,2025-11-25T18:31:59Z
Bovada,player_assists,Anthony Black,Under,2.5,150,2025-11-26,2025-11-25T18:31:59Z
Bovada,player_assists,Anthony Black,Over,3.5,120,2025-11-26,2025-11-25T18:31:59Z
Bovada,player_assists,Anthony Black,Under,3.5,-160,2025-11-26,2025-11-25T18:31:59Z
Bovada,player_assists,Desmond Bane,Over,3.5,-260,2025-11-26,2025-11-25T18:31:59Z
Bovada,player_assists,Desmond Bane,Under,3.5,190,2025-11-26,2025-11-25T18:31:59Z
Bovada,player_assists,Desmond Bane,Over,4.5,-120,2025-11-26,2025-11-25T18:31:59Z
Bovada,player_assists,Desmond Bane,Under,4.5,-110,2025-11-26,2025-11-25T18:31:59Z
Bovada,player_assists,Desmond Bane,Over,5.5,165,2025-11-26,2025-11-25T18:31:59Z
Bovada,player_assists,Desmond Bane,Under,5.5,-220,2025-11-26,2025-11-25T18:31:59Z
Bovada,player_assists,Franz Wagner,Over,3.5,-200,2025-11-26,2025-11-25T18:31:59Z
Bovada,player_assists,Franz Wagner,Under,3.5,150,2025-11-26,2025-11-25T18:31:59Z
Bovada,player_assists,Franz Wagner,Over,4.5,110,2025-11-26,2025-11-25T18:31:59Z
Bovada,player_assists,Franz Wagner,Under,4.5,-145,2025-11-26,2025-11-25T18:31:59Z
Bovada,player_assists,Franz Wagner,Over,5.5,210,2025-11-26,2025-11-25T18:31:59Z
Bovada,player_assists,Franz Wagner,Under,5.5,-290,2025-11-26,2025-11-25T18:31:59Z
Bovada,player_assists,Jalen Suggs,Over,4.5,-170,2025-11-26,2025-11-25T18:31:59Z
Bovada,player_assists,Jalen Suggs,Under,4.5,130,2025-11-26,2025-11-25T18:31:59Z
Bovada,player_assists,Jalen Suggs,Over,5.5,115,2025-11-26,2025-11-25T18:31:59Z
Bovada,player_assists,Jalen Suggs,Under,5.5,-150,2025-11-26,2025-11-25T18:31:59Z
Bovada,player_assists,Quentin Grimes,Over,3.5,-190,2025-11-26,2025-11-25T18:31:59Z
Bovada,player_assists,Quentin Grimes,Under,3.5,145,2025-11-26,2025-11-25T18:31:59Z
Bovada,player_assists,Quentin Grimes,Over,4.5,115,2025-11-26,2025-11-25T18:31:59Z
Bovada,player_assists,Quentin Grimes,Under,4.5,-150,2025-11-26,2025-11-25T18:31:59Z
Bovada,player_assists,Tyrese Maxey,Over,6.5,-190,2025-11-26,2025-11-25T18:31:59Z
Bovada,player_assists,Tyrese Maxey,Under,6.5,145,2025-11-26,2025-11-25T18:31:59Z
Bovada,player_assists,Tyrese Maxey,Over,7.5,-105,2025-11-26,2025-11-25T18:31:59Z
Bovada,player_assists,Tyrese Maxey,Under,7.5,-125,2025-11-26,2025-11-25T18:31:59Z
Bovada,player_assists,Tyrese Maxey,Over,8.5,165,2025-11-26,2025-11-25T18:31:59Z
Bovada,player_assists,Tyrese Maxey,Under,8.5,-220,2025-11-26,2025-11-25T18:31:59Z
Bovada,player_assists,Austin Reaves,Over,3.5,-230,2025-11-26,2025-11-25T18:32:00Z
Bovada,player_assists,Austin Reaves,Under,3.5,170,2025-11-26,2025-11-25T18:32:00Z
Bovada,player_assists,Austin Reaves,Over,4.5,-105,2025-11-26,2025-11-25T18:32:00Z
Bovada,player_assists,Austin Reaves,Under,4.5,-125,2025-11-26,2025-11-25T18:32:00Z
Bovada,player_assists,James Harden,Over,6.5,-280,2025-11-26,2025-11-25T18:32:00Z
Bovada,player_assists,James Harden,Under,6.5,205,2025-11-26,2025-11-25T18:32:00Z
Bovada,player_assists,James Harden,Over,7.5,-150,2025-11-26,2025-11-25T18:32:00Z
Bovada,player_assists,James Harden,Under,7.5,115,2025-11-26,2025-11-25T18:32:00Z
Bovada,player_assists,James Harden,Over,8.5,115,2025-11-26,2025-11-25T18:32:00Z
Bovada,player_assists,James Harden,Under,8.5,-150,2025-11-26,2025-11-25T18:32:00Z
Bovada,player_assists,LeBron James,Over,6.5,-170,2025-11-26,2025-11-25T18:32:00Z
Bovada,player_assists,LeBron James,Under,6.5,130,2025-11-26,2025-11-25T18:32:00Z
Bovada,player_assists,LeBron James,Over,7.5,105,2025-11-26,2025-11-25T18:32:00Z
Bovada,player_assists,LeBron James,Under,7.5,-135,2025-11-26,2025-11-25T18:32:00Z
Bovada,player_assists,LeBron James,Over,8.5,180,2025-11-26,2025-11-25T18:32:00Z
Bovada,player_assists,LeBron James,Under,8.5,-245,2025-11-26,2025-11-25T18:32:00Z
Bovada,player_assists,Luka Doncic,Over,7.5,-165,2025-11-26,2025-11-25T18:32:00Z
Bovada,player_assists,Luka Doncic,Under,7.5,125,2025-11-26,2025-11-25T18:32:00Z
Bovada,player_assists,Luka Doncic,Over,8.5,105,2025-11-26,2025-11-25T18:32:00Z
Bovada,player_assists,Luka Doncic,Under,8.5,-135,2025-11-26,2025-11-25T18:32:00Z
Bovada,player_assists,Luka Doncic,Over,9.5,175,2025-11-26,2025-11-25T18:32:00Z
Bovada,player_assists,Luka Doncic,Under,9.5,-240,2025-11-26,2025-11-25T18:32:00Z
FanDuel,player_threes,Vit Krejci,Over,2.5,108,2025-11-26,2025-11-25T18:32:47Z
FanDuel,player_threes,Vit Krejci,Under,2.5,-144,2025-11-26,2025-11-25T18:32:47Z
FanDuel,player_threes,Alex Sarr,Over,1.5,140,2025-11-26,2025-11-25T18:32:47Z
FanDuel,player_threes,Alex Sarr,Under,1.5,-188,2025-11-26,2025-11-25T18:32:47Z
FanDuel,player_threes,Onyeka Okongwu,Over,1.5,-110,2025-11-26,2025-11-25T18:32:47Z
FanDuel,player_threes,Onyeka Okongwu,Under,1.5,-120,2025-11-26,2025-11-25T18:32:47Z
FanDuel,player_threes,C.J. McCollum,Over,2.5,-132,2025-11-26,2025-11-25T18:32:47Z
FanDuel,player_threes,C.J. McCollum,Under,2.5,100,2025-11-26,2025-11-25T18:32:47Z
FanDuel,player_threes,Corey Kispert,Over,1.5,-114,2025-11-26,2025-11-25T18:32:47Z
FanDuel,player_threes,Corey Kispert,Under,1.5,-114,2025-11-26,2025-11-25T18:32:47Z
FanDuel,player_threes,Zaccharie Risacher,Over,1.5,-122,2025-11-26,2025-11-25T18:32:47Z
FanDuel,player_threes,Zaccharie Risacher,Under,1.5,-106,2025-11-26,2025-11-25T18:32:47Z
FanDuel,player_threes,Nickeil Alexander-Walker,Over,2.5,108,2025-11-26,2025-11-25T18:32:47Z
FanDuel,player_threes,Nickeil Alexander-Walker,Under,2.5,-144,2025-11-26,2025-11-25T18:32:47Z
FanDuel,player_threes,Kyshawn George,Over,2.5,140,2025-11-26,2025-11-25T18:32:47Z
FanDuel,player_threes,Kyshawn George,Under,2.5,-188,2025-11-26,2025-11-25T18:32:47Z
FanDuel,player_threes,Jalen Johnson,Over,1.5,100,2025-11-26,2025-11-25T18:32:47Z
FanDuel,player_threes,Jalen Johnson,Under,1.5,-132,2025-11-26,2025-11-25T18:32:47Z
FanDuel,player_threes,Kristaps Porzingis,Over,1.5,-146,2025-11-26,2025-11-25T18:32:47Z
FanDuel,player_threes,Kristaps Porzingis,Under,1.5,110,2025-11-26,2025-11-25T18:32:47Z
FanDuel,player_threes,Bilal Coulibaly,Over,0.5,-245,2025-11-26,2025-11-25T18:32:47Z
FanDuel,player_threes,Bilal Coulibaly,Under,0.5,178,2025-11-26,2025-11-25T18:32:47Z
FanDuel,player_threes,Justin Edwards,Over,1.5,106,2025-11-26,2025-11-25T18:32:43Z
FanDuel,player_threes,Justin Edwards,Under,1.5,-140,2025-11-26,2025-11-25T18:32:43Z
FanDuel,player_threes,Quentin Grimes,Over,2.5,-136,2025-11-26,2025-11-25T18:32:43Z
FanDuel,player_threes,Quentin Grimes,Under,2.5,102,2025-11-26,2025-11-25T18:32:43Z
FanDuel,player_threes,Tristan da Silva,Over,1.5,-178,2025-11-26,2025-11-25T18:32:43Z
FanDuel,player_threes,Tristan da Silva,Under,1.5,132,2025-11-26,2025-11-25T18:32:43Z
FanDuel,player_threes,Desmond Bane,Over,2.5,130,2025-11-26,2025-11-25T18:32:43Z
FanDuel,player_threes,Desmond Bane,Under,2.5,-174,2025-11-26,2025-11-25T18:32:43Z
FanDuel,player_threes,Franz Wagner,Over,1.5,-122,2025-11-26,2025-11-25T18:32:43Z
FanDuel,player_threes,Franz Wagner,Under,1.5,-108,2025-11-26,2025-11-25T18:32:43Z
FanDuel,player_threes,Jalen Suggs,Over,2.5,104,2025-11-26,2025-11-25T18:32:43Z
FanDuel,player_threes,Jalen Suggs,Under,2.5,-138,2025-11-26,2025-11-25T18:32:43Z
FanDuel,player_threes,Tyrese Maxey,Over,3.5,-152,2025-11-26,2025-11-25T18:32:43Z
FanDuel,player_threes,Tyrese Maxey,Under,3.5,114,2025-11-26,2025-11-25T18:32:43Z
FanDuel,player_threes,Jared McCain,Over,1.5,-166,2025-11-26,2025-11-25T18:32:43Z
FanDuel,player_threes,Jared McCain,Under,1.5,124,2025-11-26,2025-11-25T18:32:43Z
FanDuel,player_threes,John Collins,Over,0.5,-245,2025-11-26,2025-11-25T18:32:06Z
FanDuel,player_threes,John Collins,Under,0.5,178,2025-11-26,2025-11-25T18:32:06Z
FanDuel,player_threes,Luka Doncic,Over,3.5,-132,2025-11-26,2025-11-25T18:32:06Z
FanDuel,player_threes,Luka Doncic,Under,3.5,100,2025-11-26,2025-11-25T18:32:06Z
FanDuel,player_threes,James Harden,Over,3.5,136,2025-11-26,2025-11-25T18:32:06Z
FanDuel,player_threes,James Harden,Under,3.5,-182,2025-11-26,2025-11-25T18:32:06Z
FanDuel,player_threes,Rui Hachimura,Over,1.5,108,2025-11-26,2025-11-25T18:32:06Z
FanDuel,player_threes,Rui Hachimura,Under,1.5,-144,2025-11-26,2025-11-25T18:32:06Z
FanDuel,player_threes,LeBron James,Over,1.5,-138,2025-11-26,2025-11-25T18:32:06Z
FanDuel,player_threes,LeBron James,Under,1.5,104,2025-11-26,2025-11-25T18:32:06Z
FanDuel,player_threes,Brook Lopez,Over,0.5,-245,2025-11-26,2025-11-25T18:32:06Z
FanDuel,player_threes,Brook Lopez,Under,0.5,178,2025-11-26,2025-11-25T18:32:06Z
FanDuel,player_threes,Austin Reaves,Over,2.5,-132,2025-11-26,2025-11-25T18:32:06Z
FanDuel,player_threes,Austin Reaves,Under,2.5,100,2025-11-26,2025-11-25T18:32:06Z
FanDuel,player_threes,Jake LaRavia,Over,0.5,-225,2025-11-26,2025-11-25T18:32:06Z
FanDuel,player_threes,Jake LaRavia,Under,0.5,164,2025-11-26,2025-11-25T18:32:06Z
FanDuel,player_threes,Kawhi Leonard,Over,1.5,-172,2025-11-26,2025-11-25T18:32:06Z
FanDuel,player_threes,Kawhi Leonard,Under,1.5,128,2025-11-26,2025-11-25T18:32:06Z
FanDuel,player_threes,Marcus Smart,Over,1.5,124,2025-11-26,2025-11-25T18:32:06Z
FanDuel,player_threes,Marcus Smart,Under,1.5,-166,2025-11-26,2025-11-25T18:32:06Z
FanDuel,player_threes,Bogdan Bogdanovic,Over,1.5,118,2025-11-26,2025-11-25T18:32:06Z
FanDuel,player_threes,Bogdan Bogdanovic,Under,1.5,-158,2025-11-26,2025-11-25T18:32:06Z
BetOnline.ag,player_threes,Onyeka Okongwu,Over,1.5,-108,2025-11-26,2025-11-25T18:32:24Z
BetOnline.ag,player_threes,Onyeka Okongwu,Under,1.5,-120,2025-11-26,2025-11-25T18:32:24Z
BetOnline.ag,player_threes,Bilal Coulibaly,Over,0.5,-227,2025-11-26,2025-11-25T18:32:24Z
BetOnline.ag,player_threes,Bilal Coulibaly,Under,0.5,169,2025-11-26,2025-11-25T18:32:24Z
BetOnline.ag,player_threes,Jalen Johnson,Over,1.5,106,2025-11-26,2025-11-25T18:32:24Z
BetOnline.ag,player_threes,Jalen Johnson,Under,1.5,-137,2025-11-26,2025-11-25T18:32:24Z
BetOnline.ag,player_threes,Alex Sarr,Over,1.5,136,2025-11-26,2025-11-25T18:32:24Z
BetOnline.ag,player_threes,Alex Sarr,Under,1.5,-179,2025-11-26,2025-11-25T18:32:24Z
BetOnline.ag,player_threes,Dyson Daniels,Over,0.5,103,2025-11-26,2025-11-25T18:32:24Z
BetOnline.ag,player_threes,Dyson Daniels,Under,0.5,-133,2025-11-26,2025-11-25T18:32:24Z
BetOnline.ag,player_threes,Zaccharie Risacher,Over,1.5,-106,2025-11-26,2025-11-25T18:32:24Z
BetOnline.ag,player_threes,Zaccharie Risacher,Under,1.5,-122,2025-11-26,2025-11-25T18:32:24Z
BetOnline.ag,player_threes,Khris Middleton,Over,0.5,-208,2025-11-26,2025-11-25T18:32:24Z
BetOnline.ag,player_threes,Khris Middleton,Under,0.5,159,2025-11-26,2025-11-25T18:32:24Z
BetOnline.ag,player_threes,C.J. McCollum,Over,2.5,-118,2025-11-26,2025-11-25T18:32:24Z
BetOnline.ag,player_threes,C.J. McCollum,Under,2.5,-110,2025-11-26,2025-11-25T18:32:24Z
BetOnline.ag,player_threes,Nickeil Alexander-Walker,Over,2.5,109,2025-11-26,2025-11-25T18:32:24Z
BetOnline.ag,player_threes,Nickeil Alexander-Walker,Under,2.5,-141,2025-11-26,2025-11-25T18:32:24Z
BetOnline.ag,player_threes,Cam Whitmore,Over,1.5,152,2025-11-26,2025-11-25T18:32:24Z
BetOnline.ag,player_threes,Cam Whitmore,Under,1.5,-200,2025-11-26,2025-11-25T18:32:24Z
BetOnline.ag,player_threes,Corey Kispert,Over,1.5,-109,2025-11-26,2025-11-25T18:32:24Z
BetOnline.ag,player_threes,Corey Kispert,Under,1.5,-119,2025-11-26,2025-11-25T18:32:24Z
BetOnline.ag,player_threes,Vit Krejci,Over,2.5,100,2025-11-26,2025-11-25T18:32:24Z
BetOnline.ag,player_threes,Vit Krejci,Under,2.5,-130,2025-11-26,2025-11-25T18:32:24Z
BetOnline.ag,player_threes,Carlton Carrington,Over,1.5,136,2025-11-26,2025-11-25T18:32:24Z
BetOnline.ag,player_threes,Carlton Carrington,Under,1.5,-179,2025-11-26,2025-11-25T18:32:24Z
BetOnline.ag,player_threes,Kristaps Porzingis,Over,1.5,-152,2025-11-26,2025-11-25T18:32:24Z
BetOnline.ag,player_threes,Kristaps Porzingis,Under,1.5,116,2025-11-26,2025-11-25T18:32:24Z
BetOnline.ag,player_threes,Kyshawn George,Over,1.5,-182,2025-11-26,2025-11-25T18:32:24Z
BetOnline.ag,player_threes,Kyshawn George,Under,1.5,138,2025-11-26,2025-11-25T18:32:24Z
BetOnline.ag,player_threes,Tyrese Maxey,Over,3.5,-141,2025-11-26,2025-11-25T18:32:47Z
BetOnline.ag,player_threes,Tyrese Maxey,Under,3.5,108,2025-11-26,2025-11-25T18:32:47Z
BetOnline.ag,player_threes,Wendell Carter Jr,Over,0.5,-204,2025-11-26,2025-11-25T18:32:47Z
BetOnline.ag,player_threes,Wendell Carter Jr,Under,0.5,154,2025-11-26,2025-11-25T18:32:47Z
BetOnline.ag,player_threes,Franz Wagner,Over,1.5,-106,2025-11-26,2025-11-25T18:32:47Z
BetOnline.ag,player_threes,Franz Wagner,Under,1.5,-122,2025-11-26,2025-11-25T18:32:47Z
BetOnline.ag,player_threes,Justin Edwards,Over,1.5,106,2025-11-26,2025-11-25T18:32:47Z
BetOnline.ag,player_threes,Justin Edwards,Under,1.5,-137,2025-11-26,2025-11-25T18:32:47Z
BetOnline.ag,player_threes,Tristan da Silva,Over,1.5,-167,2025-11-26,2025-11-25T18:32:47Z
BetOnline.ag,player_threes,Tristan da Silva,Under,1.5,127,2025-11-26,2025-11-25T18:32:47Z
BetOnline.ag,player_threes,Jalen Suggs,Over,2.5,106,2025-11-26,2025-11-25T18:32:47Z
BetOnline.ag,player_threes,Jalen Suggs,Under,2.5,-137,2025-11-26,2025-11-25T18:32:47Z
BetOnline.ag,player_threes,Quentin Grimes,Over,2.5,-132,2025-11-26,2025-11-25T18:32:47Z
BetOnline.ag,player_threes,Quentin Grimes,Under,2.5,102,2025-11-26,2025-11-25T18:32:47Z
BetOnline.ag,player_threes,Desmond Bane,Over,2.5,132,2025-11-26,2025-11-25T18:32:47Z
BetOnline.ag,player_threes,Desmond Bane,Under,2.5,-172,2025-11-26,2025-11-25T18:32:47Z
BetOnline.ag,player_threes,Anthony Black,Over,1.5,178,2025-11-26,2025-11-25T18:32:47Z
BetOnline.ag,player_threes,Anthony Black,Under,1.5,-238,2025-11-26,2025-11-25T18:32:47Z
BetOnline.ag,player_threes,Andre Drummond,Over,0.5,100,2025-11-26,2025-11-25T18:32:47Z
BetOnline.ag,player_threes,Andre Drummond,Under,0.5,-130,2025-11-26,2025-11-25T18:32:47Z
BetOnline.ag,player_threes,Kawhi Leonard,Over,1.5,-172,2025-11-26,2025-11-25T18:33:03Z
BetOnline.ag,player_threes,Kawhi Leonard,Under,1.5,132,2025-11-26,2025-11-25T18:33:03Z
BetOnline.ag,player_threes,LeBron James,Over,1.5,-133,2025-11-26,2025-11-25T18:33:03Z
BetOnline.ag,player_threes,LeBron James,Under,1.5,103,2025-11-26,2025-11-25T18:33:03Z
BetOnline.ag,player_threes,Austin Reaves,Over,2.5,-130,2025-11-26,2025-11-25T18:33:03Z
BetOnline.ag,player_threes,Austin Reaves,Under,2.5,100,2025-11-26,2025-11-25T18:33:03Z
BetOnline.ag,player_threes,Kris Dunn,Over,0.5,-182,2025-11-26,2025-11-25T18:33:03Z
BetOnline.ag,player_threes,Kris Dunn,Under,0.5,138,2025-11-26,2025-11-25T18:33:03Z
BetOnline.ag,player_threes,Rui Hachimura,Over,1.5,115,2025-11-26,2025-11-25T18:33:03Z
BetOnline.ag,player_threes,Rui Hachimura,Under,1.5,-149,2025-11-26,2025-11-25T18:33:03Z
BetOnline.ag,player_threes,James Harden,Over,3.5,126,2025-11-26,2025-11-25T18:33:03Z
BetOnline.ag,player_threes,James Harden,Under,3.5,-164,2025-11-26,2025-11-25T18:33:03Z
BetOnline.ag,player_threes,Jake LaRavia,Over,0.5,-204,2025-11-26,2025-11-25T18:33:03Z
BetOnline.ag,player_threes,Jake LaRavia,Under,0.5,156,2025-11-26,2025-11-25T18:33:03Z
BetOnline.ag,player_threes,Brook Lopez,Over,0.5,-222,2025-11-26,2025-11-25T18:33:03Z
BetOnline.ag,player_threes,Brook Lopez,Under,0.5,168,2025-11-26,2025-11-25T18:33:03Z
BetOnline.ag,player_threes,Luka Doncic,Over,3.5,-130,2025-11-26,2025-11-25T18:33:03Z
BetOnline.ag,player_threes,Luka Doncic,Under,3.5,100,2025-11-26,2025-11-25T18:33:03Z
BetOnline.ag,player_threes,Bogdan Bogdanovic,Over,1.5,115,2025-11-26,2025-11-25T18:33:03Z
BetOnline.ag,player_threes,Bogdan Bogdanovic,Under,1.5,-149,2025-11-26,2025-11-25T18:33:03Z
BetOnline.ag,player_threes,Marcus Smart,Over,1.5,144,2025-11-26,2025-11-25T18:33:03Z
BetOnline.ag,player_threes,Marcus Smart,Under,1.5,-189,2025-11-26,2025-11-25T18:33:03Z
BetOnline.ag,player_threes,John Collins,Over,0.5,-217,2025-11-26,2025-11-25T18:33:03Z
BetOnline.ag,player_threes,John Collins,Under,0.5,165,2025-11-26,2025-11-25T18:33:03Z
BetOnline.ag,player_threes,Gabe Vincent,Over,1.5,141,2025-11-26,2025-11-25T18:33:03Z
BetOnline.ag,player_threes,Gabe Vincent,Under,1.5,-185,2025-11-26,2025-11-25T18:33:03Z
BetOnline.ag,player_threes,Nicolas Batum,Over,1.5,117,2025-11-26,2025-11-25T18:33:03Z
BetOnline.ag,player_threes,Nicolas Batum,Under,1.5,-152,2025-11-26,2025-11-25T18:33:03Z
DraftKings,player_threes,C.J. McCollum,Over,2.5,-114,2025-11-26,2025-11-25T18:32:46Z
DraftKings,player_threes,C.J. McCollum,Under,2.5,-116,2025-11-26,2025-11-25T18:32:46Z
DraftKings,player_threes,Nickeil Alexander-Walker,Over,2.5,106,2025-11-26,2025-11-25T18:32:46Z
DraftKings,player_threes,Nickeil Alexander-Walker,Under,2.5,-140,2025-11-26,2025-11-25T18:32:46Z
DraftKings,player_threes,Vit Krejci,Over,2.5,111,2025-11-26,2025-11-25T18:32:46Z
DraftKings,player_threes,Vit Krejci,Under,2.5,-147,2025-11-26,2025-11-25T18:32:46Z
DraftKings,player_threes,Kyshawn George,Over,2.5,147,2025-11-26,2025-11-25T18:32:46Z
DraftKings,player_threes,Kyshawn George,Under,2.5,-195,2025-11-26,2025-11-25T18:32:46Z
DraftKings,player_threes,Kristaps Porzingis,Over,1.5,-161,2025-11-26,2025-11-25T18:32:46Z
DraftKings,player_threes,Kristaps Porzingis,Under,1.5,122,2025-11-26,2025-11-25T18:32:46Z
DraftKings,player_threes,Corey Kispert,Over,1.5,-111,2025-11-26,2025-11-25T18:32:46Z
DraftKings,player_threes,Corey Kispert,Under,1.5,-118,2025-11-26,2025-11-25T18:32:46Z
DraftKings,player_threes,Onyeka Okongwu,Over,1.5,-111,2025-11-26,2025-11-25T18:32:46Z
DraftKings,player_threes,Onyeka Okongwu,Under,1.5,-118,2025-11-26,2025-11-25T18:32:46Z
DraftKings,player_threes,Zaccharie Risacher,Over,1.5,-106,2025-11-26,2025-11-25T18:32:46Z
DraftKings,player_threes,Zaccharie Risacher,Under,1.5,-124,2025-11-26,2025-11-25T18:32:46Z
DraftKings,player_threes,Jalen Johnson,Over,1.5,107,2025-11-26,2025-11-25T18:32:46Z
DraftKings,player_threes,Jalen Johnson,Under,1.5,-141,2025-11-26,2025-11-25T18:32:46Z
DraftKings,player_threes,Carlton Carrington,Over,1.5,130,2025-11-26,2025-11-25T18:32:46Z
DraftKings,player_threes,Carlton Carrington,Under,1.5,-172,2025-11-26,2025-11-25T18:32:46Z
DraftKings,player_threes,Alex Sarr,Over,1.5,142,2025-11-26,2025-11-25T18:32:46Z
DraftKings,player_threes,Alex Sarr,Under,1.5,-188,2025-11-26,2025-11-25T18:32:46Z
DraftKings,player_threes,Cam Whitmore,Over,1.5,146,2025-11-26,2025-11-25T18:32:46Z
DraftKings,player_threes,Cam Whitmore,Under,1.5,-195,2025-11-26,2025-11-25T18:32:46Z
DraftKings,player_threes,Bilal Coulibaly,Over,0.5,-236,2025-11-26,2025-11-25T18:32:46Z
DraftKings,player_threes,Bilal Coulibaly,Under,0.5,176,2025-11-26,2025-11-25T18:32:46Z
DraftKings,player_threes,Khris Middleton,Over,0.5,-223,2025-11-26,2025-11-25T18:32:46Z
DraftKings,player_threes,Khris Middleton,Under,0.5,166,2025-11-26,2025-11-25T18:32:46Z
DraftKings,player_threes,Tyrese Maxey,Over,3.5,-124,2025-11-26,2025-11-25T18:32:00Z
DraftKings,player_threes,Tyrese Maxey,Under,3.5,-106,2025-11-26,2025-11-25T18:32:00Z
DraftKings,player_threes,Quentin Grimes,Over,2.5,-130,2025-11-26,2025-11-25T18:32:00Z
DraftKings,player_threes,Quentin Grimes,Under,2.5,-101,2025-11-26,2025-11-25T18:32:00Z
DraftKings,player_threes,Jalen Suggs,Over,2.5,117,2025-11-26,2025-11-25T18:32:00Z
DraftKings,player_threes,Jalen Suggs,Under,2.5,-155,2025-11-26,2025-11-25T18:32:00Z
DraftKings,player_threes,Desmond Bane,Over,2.5,121,2025-11-26,2025-11-25T18:32:00Z
DraftKings,player_threes,Desmond Bane,Under,2.5,-160,2025-11-26,2025-11-25T18:32:00Z
DraftKings,player_threes,Tristan da Silva,Over,1.5,-151,2025-11-26,2025-11-25T18:32:00Z
DraftKings,player_threes,Tristan da Silva,Under,1.5,115,2025-11-26,2025-11-25T18:32:00Z
DraftKings,player_threes,Franz Wagner,Over,1.5,-109,2025-11-26,2025-11-25T18:32:00Z
DraftKings,player_threes,Franz Wagner,Under,1.5,-120,2025-11-26,2025-11-25T18:32:00Z
DraftKings,player_threes,Justin Edwards,Over,1.5,-108,2025-11-26,2025-11-25T18:32:00Z
DraftKings,player_threes,Justin Edwards,Under,1.5,-122,2025-11-26,2025-11-25T18:32:00Z
DraftKings,player_threes,Wendell Carter Jr,Over,0.5,-215,2025-11-26,2025-11-25T18:32:00Z
DraftKings,player_threes,Wendell Carter Jr,Under,0.5,161,2025-11-26,2025-11-25T18:32:00Z
DraftKings,player_threes,Luka Doncic,Over,3.5,-127,2025-11-26,2025-11-25T18:32:34Z
DraftKings,player_threes,Luka Doncic,Under,3.5,-104,2025-11-26,2025-11-25T18:32:34Z
DraftKings,player_threes,James Harden,Over,3.5,127,2025-11-26,2025-11-25T18:32:34Z
DraftKings,player_threes,James Harden,Under,3.5,-168,2025-11-26,2025-11-25T18:32:34Z
DraftKings,player_threes,Austin Reaves,Over,2.5,-133,2025-11-26,2025-11-25T18:32:34Z
DraftKings,player_threes,Austin Reaves,Under,2.5,101,2025-11-26,2025-11-25T18:32:34Z
DraftKings,player_threes,Kawhi Leonard,Over,1.5,-175,2025-11-26,2025-11-25T18:32:34Z
DraftKings,player_threes,Kawhi Leonard,Under,1.5,132,2025-11-26,2025-11-25T18:32:34Z
DraftKings,player_threes,LeBron James,Over,1.5,-127,2025-11-26,2025-11-25T18:32:34Z
DraftKings,player_threes,LeBron James,Under,1.5,-103,2025-11-26,2025-11-25T18:32:34Z
DraftKings,player_threes,Rui Hachimura,Over,1.5,113,2025-11-26,2025-11-25T18:32:34Z
DraftKings,player_threes,Rui Hachimura,Under,1.5,-149,2025-11-26,2025-11-25T18:32:34Z
DraftKings,player_threes,Nicolas Batum,Over,1.5,115,2025-11-26,2025-11-25T18:32:34Z
DraftKings,player_threes,Nicolas Batum,Under,1.5,-152,2025-11-26,2025-11-25T18:32:34Z
DraftKings,player_threes,Bogdan Bogdanovic,Over,1.5,116,2025-11-26,2025-11-25T18:32:34Z
DraftKings,player_threes,Bogdan Bogdanovic,Under,1.5,-154,2025-11-26,2025-11-25T18:32:34Z
DraftKings,player_threes,Marcus Smart,Over,1.5,130,2025-11-26,2025-11-25T18:32:34Z
DraftKings,player_threes,Marcus Smart,Under,1.5,-172,2025-11-26,2025-11-25T18:32:34Z
DraftKings,player_threes,Gabe Vincent,Over,1.5,134,2025-11-26,2025-11-25T18:32:34Z
DraftKings,player_threes,Gabe Vincent,Under,1.5,-177,2025-11-26,2025-11-25T18:32:34Z
DraftKings,player_threes,Brook Lopez,Over,0.5,-226,2025-11-26,2025-11-25T18:32:34Z
DraftKings,player_threes,Brook Lopez,Under,0.5,169,2025-11-26,2025-11-25T18:32:34Z
DraftKings,player_threes,Jake LaRavia,Over,0.5,-218,2025-11-26,2025-11-25T18:32:34Z
DraftKings,player_threes,Jake LaRavia,Under,0.5,163,2025-11-26,2025-11-25T18:32:34Z
DraftKings,player_threes,John Collins,Over,0.5,-209,2025-11-26,2025-11-25T18:32:34Z
DraftKings,player_threes,John Collins,Under,0.5,157,2025-11-26,2025-11-25T18:32:34Z
BetMGM,player_threes,Jalen Johnson,Over,1.5,-110,2025-11-26,2025-11-25T18:32:30Z
BetMGM,player_threes,Jalen Johnson,Under,1.5,-118,2025-11-26,2025-11-25T18:32:30Z
BetMGM,player_threes,Dyson Daniels,Over,0.5,110,2025-11-26,2025-11-25T18:32:30Z
BetMGM,player_threes,Dyson Daniels,Under,0.5,-145,2025-11-26,2025-11-25T18:32:30Z
BetMGM,player_threes,Zaccharie Risacher,Over,1.5,100,2025-11-26,2025-11-25T18:32:30Z
BetMGM,player_threes,Zaccharie Risacher,Under,1.5,-130,2025-11-26,2025-11-25T18:32:30Z
BetMGM,player_threes,Alex Sarr,Over,1.5,140,2025-11-26,2025-11-25T18:32:30Z
BetMGM,player_threes,Alex Sarr,Under,1.5,-190,2025-11-26,2025-11-25T18:32:30Z
BetMGM,player_threes,Cam Whitmore,Over,1.5,135,2025-11-26,2025-11-25T18:32:30Z
BetMGM,player_threes,Cam Whitmore,Under,1.5,-185,2025-11-26,2025-11-25T18:32:30Z
BetMGM,player_threes,C.J. McCollum,Over,2.5,-118,2025-11-26,2025-11-25T18:32:30Z
BetMGM,player_threes,C.J. McCollum,Under,2.5,-110,2025-11-26,2025-11-25T18:32:30Z
BetMGM,player_threes,Nickeil Alexander-Walker,Over,2.5,115,2025-11-26,2025-11-25T18:32:30Z
BetMGM,player_threes,Nickeil Alexander-Walker,Under,2.5,-155,2025-11-26,2025-11-25T18:32:30Z
BetMGM,player_threes,Bilal Coulibaly,Over,0.5,-235,2025-11-26,2025-11-25T18:32:30Z
BetMGM,player_threes,Bilal Coulibaly,Under,0.5,170,2025-11-26,2025-11-25T18:32:30Z
BetMGM,player_threes,Carlton Carrington,Over,1.5,135,2025-11-26,2025-11-25T18:32:30Z
BetMGM,player_threes,Carlton Carrington,Under,1.5,-175,2025-11-26,2025-11-25T18:32:30Z
BetMGM,player_threes,Onyeka Okongwu,Over,1.5,-120,2025-11-26,2025-11-25T18:32:30Z
BetMGM,player_threes,Onyeka Okongwu,Under,1.5,-110,2025-11-26,2025-11-25T18:32:30Z
BetMGM,player_threes,Kyshawn George,Over,1.5,-175,2025-11-26,2025-11-25T18:32:30Z
BetMGM,player_threes,Kyshawn George,Under,1.5,130,2025-11-26,2025-11-25T18:32:30Z
BetMGM,player_threes,Kristaps Porzingis,Over,1.5,-150,2025-11-26,2025-11-25T18:32:30Z
BetMGM,player_threes,Kristaps Porzingis,Under,1.5,110,2025-11-26,2025-11-25T18:32:30Z
BetMGM,player_threes,Khris Middleton,Over,0.5,-200,2025-11-26,2025-11-25T18:32:30Z
BetMGM,player_threes,Khris Middleton,Under,0.5,145,2025-11-26,2025-11-25T18:32:30Z
BetMGM,player_threes,Vit Krejci,Over,2.5,125,2025-11-26,2025-11-25T18:32:30Z
BetMGM,player_threes,Vit Krejci,Under,2.5,-165,2025-11-26,2025-11-25T18:32:30Z
BetMGM,player_threes,Corey Kispert,Over,1.5,-105,2025-11-26,2025-11-25T18:32:30Z
BetMGM,player_threes,Corey Kispert,Under,1.5,-125,2025-11-26,2025-11-25T18:32:30Z
BetMGM,player_threes,Anthony Black,Over,1.5,165,2025-11-26,2025-11-25T18:32:19Z
BetMGM,player_threes,Anthony Black,Under,1.5,-225,2025-11-26,2025-11-25T18:32:19Z
BetMGM,player_threes,Tyrese Maxey,Over,3.5,-150,2025-11-26,2025-11-25T18:32:19Z
BetMGM,player_threes,Tyrese Maxey,Under,3.5,110,2025-11-26,2025-11-25T18:32:19Z
BetMGM,player_threes,Justin Edwards,Over,1.5,-105,2025-11-26,2025-11-25T18:32:19Z
BetMGM,player_threes,Justin Edwards,Under,1.5,-130,2025-11-26,2025-11-25T18:32:19Z
BetMGM,player_threes,Quentin Grimes,Over,2.5,-140,2025-11-26,2025-11-25T18:32:19Z
BetMGM,player_threes,Quentin Grimes,Under,2.5,105,2025-11-26,2025-11-25T18:32:19Z
BetMGM,player_threes,Desmond Bane,Over,2.5,130,2025-11-26,2025-11-25T18:32:19Z
BetMGM,player_threes,Desmond Bane,Under,2.5,-175,2025-11-26,2025-11-25T18:32:19Z
BetMGM,player_threes,Wendell Carter Jr,Over,0.5,-190,2025-11-26,2025-11-25T18:32:19Z
BetMGM,player_threes,Wendell Carter Jr,Under,0.5,140,2025-11-26,2025-11-25T18:32:19Z
BetMGM,player_threes,Franz Wagner,Over,1.5,100,2025-11-26,2025-11-25T18:32:19Z
BetMGM,player_threes,Franz Wagner,Under,1.5,-135,2025-11-26,2025-11-25T18:32:19Z
BetMGM,player_threes,Jalen Suggs,Over,2.5,100,2025-11-26,2025-11-25T18:32:19Z
BetMGM,player_threes,Jalen Suggs,Under,2.5,-135,2025-11-26,2025-11-25T18:32:19Z
BetMGM,player_threes,Tristan da Silva,Over,1.5,-190,2025-11-26,2025-11-25T18:32:19Z
BetMGM,player_threes,Tristan da Silva,Under,1.5,140,2025-11-26,2025-11-25T18:32:19Z
BetMGM,player_threes,Trendon Watford,Over,0.5,105,2025-11-26,2025-11-25T18:32:19Z
BetMGM,player_threes,Trendon Watford,Under,0.5,-140,2025-11-26,2025-11-25T18:32:19Z
BetMGM,player_threes,Andre Drummond,Over,0.5,105,2025-11-26,2025-11-25T18:32:19Z
BetMGM,player_threes,Andre Drummond,Under,0.5,-140,2025-11-26,2025-11-25T18:32:19Z
BetMGM,player_threes,Austin Reaves,Over,2.5,-130,2025-11-26,2025-11-25T18:32:32Z
BetMGM,player_threes,Austin Reaves,Under,2.5,100,2025-11-26,2025-11-25T18:32:32Z
BetMGM,player_threes,Luka Doncic,Over,3.5,-115,2025-11-26,2025-11-25T18:32:32Z
BetMGM,player_threes,Luka Doncic,Under,3.5,-118,2025-11-26,2025-11-25T18:32:32Z
BetMGM,player_threes,LeBron James,Over,1.5,-145,2025-11-26,2025-11-25T18:32:32Z
BetMGM,player_threes,LeBron James,Under,1.5,105,2025-11-26,2025-11-25T18:32:32Z
BetMGM,player_threes,Brook Lopez,Over,0.5,-210,2025-11-26,2025-11-25T18:32:32Z
BetMGM,player_threes,Brook Lopez,Under,0.5,155,2025-11-26,2025-11-25T18:32:32Z
BetMGM,player_threes,Kawhi Leonard,Over,1.5,-185,2025-11-26,2025-11-25T18:32:32Z
BetMGM,player_threes,Kawhi Leonard,Under,1.5,135,2025-11-26,2025-11-25T18:32:32Z
BetMGM,player_threes,Bogdan Bogdanovic,Over,1.5,105,2025-11-26,2025-11-25T18:32:32Z
BetMGM,player_threes,Bogdan Bogdanovic,Under,1.5,-140,2025-11-26,2025-11-25T18:32:32Z
BetMGM,player_threes,James Harden,Over,3.5,115,2025-11-26,2025-11-25T18:32:32Z
BetMGM,player_threes,James Harden,Under,3.5,-155,2025-11-26,2025-11-25T18:32:32Z
BetMGM,player_threes,Rui Hachimura,Over,1.5,115,2025-11-26,2025-11-25T18:32:32Z
BetMGM,player_threes,Rui Hachimura,Under,1.5,-155,2025-11-26,2025-11-25T18:32:32Z
BetMGM,player_threes,Kris Dunn,Over,0.5,-155,2025-11-26,2025-11-25T18:32:32Z
BetMGM,player_threes,Kris Dunn,Under,0.5,115,2025-11-26,2025-11-25T18:32:32Z
BetMGM,player_threes,Gabe Vincent,Over,1.5,135,2025-11-26,2025-11-25T18:32:32Z
BetMGM,player_threes,Gabe Vincent,Under,1.5,-185,2025-11-26,2025-11-25T18:32:32Z
BetMGM,player_threes,John Collins,Over,0.5,-175,2025-11-26,2025-11-25T18:32:32Z
BetMGM,player_threes,John Collins,Under,0.5,135,2025-11-26,2025-11-25T18:32:32Z
BetMGM,player_threes,Jake LaRavia,Over,0.5,-200,2025-11-26,2025-11-25T18:32:32Z
BetMGM,player_threes,Jake LaRavia,Under,0.5,145,2025-11-26,2025-11-25T18:32:32Z
BetMGM,player_threes,Marcus Smart,Over,1.5,155,2025-11-26,2025-11-25T18:32:32Z
BetMGM,player_threes,Marcus Smart,Under,1.5,-210,2025-11-26,2025-11-25T18:32:32Z
BetMGM,player_threes,Nicolas Batum,Over,1.5,115,2025-11-26,2025-11-25T18:32:32Z
BetMGM,player_threes,Nicolas Batum,Under,1.5,-155,2025-11-26,2025-11-25T18:32:32Z
BetRivers,player_threes,Nickeil Alexander-Walker,Over,2.5,105,2025-11-26,2025-11-25T18:31:52Z
BetRivers,player_threes,Nickeil Alexander-Walker,Under,2.5,-139,2025-11-26,2025-11-25T18:31:52Z
BetRivers,player_threes,Zaccharie Risacher,Over,1.5,-125,2025-11-26,2025-11-25T18:31:52Z
BetRivers,player_threes,Zaccharie Risacher,Under,1.5,-106,2025-11-26,2025-11-25T18:31:52Z
BetRivers,player_threes,C.J. McCollum,Over,2.5,-134,2025-11-26,2025-11-25T18:31:52Z
BetRivers,player_threes,C.J. McCollum,Under,2.5,102,2025-11-26,2025-11-25T18:31:52Z
BetRivers,player_threes,Alex Sarr,Over,1.5,140,2025-11-26,2025-11-25T18:31:52Z
BetRivers,player_threes,Alex Sarr,Under,1.5,-190,2025-11-26,2025-11-25T18:31:52Z
BetRivers,player_threes,Onyeka Okongwu,Over,1.5,117,2025-11-26,2025-11-25T18:31:52Z
BetRivers,player_threes,Onyeka Okongwu,Under,1.5,-157,2025-11-26,2025-11-25T18:31:52Z
BetRivers,player_threes,Kyshawn George,Over,2.5,138,2025-11-26,2025-11-25T18:31:52Z
BetRivers,player_threes,Kyshawn George,Under,2.5,-186,2025-11-26,2025-11-25T18:31:52Z
BetRivers,player_threes,Kristaps Porzingis,Over,1.5,-143,2025-11-26,2025-11-25T18:31:52Z
BetRivers,player_threes,Kristaps Porzingis,Under,1.5,108,2025-11-26,2025-11-25T18:31:52Z
BetRivers,player_threes,Jalen Johnson,Over,1.5,100,2025-11-26,2025-11-25T18:31:52Z
BetRivers,player_threes,Jalen Johnson,Under,1.5,-132,2025-11-26,2025-11-25T18:31:52Z
BetRivers,player_threes,Nickeil Alexander-Walker,Over,2.5,105,2025-11-26,2025-11-25T18:31:52Z
BetRivers,player_threes,Nickeil Alexander-Walker,Under,2.5,-139,2025-11-26,2025-11-25T18:31:52Z
BetRivers,player_threes,Zaccharie Risacher,Over,1.5,-125,2025-11-26,2025-11-25T18:31:52Z
BetRivers,player_threes,Zaccharie Risacher,Under,1.5,-106,2025-11-26,2025-11-25T18:31:52Z
BetRivers,player_threes,C.J. McCollum,Over,2.5,-134,2025-11-26,2025-11-25T18:31:52Z
BetRivers,player_threes,C.J. McCollum,Under,2.5,102,2025-11-26,2025-11-25T18:31:52Z
BetRivers,player_threes,Alex Sarr,Over,1.5,140,2025-11-26,2025-11-25T18:31:52Z
BetRivers,player_threes,Alex Sarr,Under,1.5,-190,2025-11-26,2025-11-25T18:31:52Z
BetRivers,player_threes,Onyeka Okongwu,Over,1.5,117,2025-11-26,2025-11-25T18:31:52Z
BetRivers,player_threes,Onyeka Okongwu,Under,1.5,-157,2025-11-26,2025-11-25T18:31:52Z
BetRivers,player_threes,Kyshawn George,Over,2.5,138,2025-11-26,2025-11-25T18:31:52Z
BetRivers,player_threes,Kyshawn George,Under,2.5,-186,2025-11-26,2025-11-25T18:31:52Z
BetRivers,player_threes,Kristaps Porzingis,Over,1.5,-143,2025-11-26,2025-11-25T18:31:52Z
BetRivers,player_threes,Kristaps Porzingis,Under,1.5,108,2025-11-26,2025-11-25T18:31:52Z
BetRivers,player_threes,Jalen Johnson,Over,1.5,100,2025-11-26,2025-11-25T18:31:52Z
BetRivers,player_threes,Jalen Johnson,Under,1.5,-132,2025-11-26,2025-11-25T18:31:52Z
BetRivers,player_threes,Justin Edwards,Over,1.5,125,2025-11-26,2025-11-25T18:32:01Z
BetRivers,player_threes,Justin Edwards,Under,1.5,-167,2025-11-26,2025-11-25T18:32:01Z
BetRivers,player_threes,Quentin Grimes,Over,2.5,-105,2025-11-26,2025-11-25T18:32:01Z
BetRivers,player_threes,Quentin Grimes,Under,2.5,-127,2025-11-26,2025-11-25T18:32:01Z
BetRivers,player_threes,Desmond Bane,Over,2.5,115,2025-11-26,2025-11-25T18:32:01Z
BetRivers,player_threes,Desmond Bane,Under,2.5,-155,2025-11-26,2025-11-25T18:32:01Z
BetRivers,player_threes,Jalen Suggs,Over,2.5,102,2025-11-26,2025-11-25T18:32:01Z
BetRivers,player_threes,Jalen Suggs,Under,2.5,-136,2025-11-26,2025-11-25T18:32:01Z
BetRivers,player_threes,Franz Wagner,Over,1.5,-130,2025-11-26,2025-11-25T18:32:01Z
BetRivers,player_threes,Franz Wagner,Under,1.5,-103,2025-11-26,2025-11-25T18:32:01Z
BetRivers,player_threes,Tristan da Silva,Over,1.5,-186,2025-11-26,2025-11-25T18:32:01Z
BetRivers,player_threes,Tristan da Silva,Under,1.5,140,2025-11-26,2025-11-25T18:32:01Z
BetRivers,player_threes,Tyrese Maxey,Over,3.5,-148,2025-11-26,2025-11-25T18:32:01Z
BetRivers,player_threes,Tyrese Maxey,Under,3.5,112,2025-11-26,2025-11-25T18:32:01Z
BetRivers,player_threes,Justin Edwards,Over,1.5,125,2025-11-26,2025-11-25T18:32:01Z
BetRivers,player_threes,Justin Edwards,Under,1.5,-167,2025-11-26,2025-11-25T18:32:01Z
BetRivers,player_threes,Quentin Grimes,Over,2.5,-105,2025-11-26,2025-11-25T18:32:01Z
BetRivers,player_threes,Quentin Grimes,Under,2.5,-127,2025-11-26,2025-11-25T18:32:01Z
BetRivers,player_threes,Desmond Bane,Over,2.5,115,2025-11-26,2025-11-25T18:32:01Z
BetRivers,player_threes,Desmond Bane,Under,2.5,-155,2025-11-26,2025-11-25T18:32:01Z
BetRivers,player_threes,Jalen Suggs,Over,2.5,102,2025-11-26,2025-11-25T18:32:01Z
BetRivers,player_threes,Jalen Suggs,Under,2.5,-136,2025-11-26,2025-11-25T18:32:01Z
BetRivers,player_threes,Franz Wagner,Over,1.5,-130,2025-11-26,2025-11-25T18:32:01Z
BetRivers,player_threes,Franz Wagner,Under,1.5,-103,2025-11-26,2025-11-25T18:32:01Z
BetRivers,player_threes,Tristan da Silva,Over,1.5,-186,2025-11-26,2025-11-25T18:32:01Z
BetRivers,player_threes,Tristan da Silva,Under,1.5,140,2025-11-26,2025-11-25T18:32:01Z
BetRivers,player_threes,Tyrese Maxey,Over,3.5,-148,2025-11-26,2025-11-25T18:32:01Z
BetRivers,player_threes,Tyrese Maxey,Under,3.5,112,2025-11-26,2025-11-25T18:32:01Z
BetRivers,player_threes,James Harden,Over,2.5,-175,2025-11-26,2025-11-25T18:32:48Z
BetRivers,player_threes,James Harden,Under,2.5,130,2025-11-26,2025-11-25T18:32:48Z
BetRivers,player_threes,Rui Hachimura,Over,1.5,104,2025-11-26,2025-11-25T18:32:48Z
BetRivers,player_threes,Rui Hachimura,Under,1.5,-137,2025-11-26,2025-11-25T18:32:48Z
BetRivers,player_threes,Kawhi Leonard,Over,1.5,-152,2025-11-26,2025-11-25T18:32:48Z
BetRivers,player_threes,Kawhi Leonard,Under,1.5,115,2025-11-26,2025-11-25T18:32:48Z
BetRivers,player_threes,Bogdan Bogdanovic,Over,1.5,110,2025-11-26,2025-11-25T18:32:48Z
BetRivers,player_threes,Bogdan Bogdanovic,Under,1.5,-148,2025-11-26,2025-11-25T18:32:48Z
BetRivers,player_threes,Austin Reaves,Over,2.5,-130,2025-11-26,2025-11-25T18:32:48Z
BetRivers,player_threes,Austin Reaves,Under,2.5,-103,2025-11-26,2025-11-25T18:32:48Z
BetRivers,player_threes,Marcus Smart,Over,1.5,133,2025-11-26,2025-11-25T18:32:48Z
BetRivers,player_threes,Marcus Smart,Under,1.5,-180,2025-11-26,2025-11-25T18:32:48Z
BetRivers,player_threes,Luka Doncic,Over,3.5,-112,2025-11-26,2025-11-25T18:32:48Z
BetRivers,player_threes,Luka Doncic,Under,3.5,-120,2025-11-26,2025-11-25T18:32:48Z
BetRivers,player_threes,LeBron James,Over,1.5,-130,2025-11-26,2025-11-25T18:32:48Z
BetRivers,player_threes,LeBron James,Under,1.5,-103,2025-11-26,2025-11-25T18:32:48Z
BetRivers,player_threes,James Harden,Over,2.5,-175,2025-11-26,2025-11-25T18:32:48Z
BetRivers,player_threes,James Harden,Under,2.5,130,2025-11-26,2025-11-25T18:32:48Z
BetRivers,player_threes,Rui Hachimura,Over,1.5,104,2025-11-26,2025-11-25T18:32:48Z
BetRivers,player_threes,Rui Hachimura,Under,1.5,-137,2025-11-26,2025-11-25T18:32:48Z
BetRivers,player_threes,Kawhi Leonard,Over,1.5,-152,2025-11-26,2025-11-25T18:32:48Z
BetRivers,player_threes,Kawhi Leonard,Under,1.5,115,2025-11-26,2025-11-25T18:32:48Z
BetRivers,player_threes,Bogdan Bogdanovic,Over,1.5,110,2025-11-26,2025-11-25T18:32:48Z
BetRivers,player_threes,Bogdan Bogdanovic,Under,1.5,-148,2025-11-26,2025-11-25T18:32:48Z
BetRivers,player_threes,Austin Reaves,Over,2.5,-130,2025-11-26,2025-11-25T18:32:48Z
BetRivers,player_threes,Austin Reaves,Under,2.5,-103,2025-11-26,2025-11-25T18:32:48Z
BetRivers,player_threes,Marcus Smart,Over,1.5,133,2025-11-26,2025-11-25T18:32:48Z
BetRivers,player_threes,Marcus Smart,Under,1.5,-180,2025-11-26,2025-11-25T18:32:48Z
BetRivers,player_threes,Luka Doncic,Over,3.5,-112,2025-11-26,2025-11-25T18:32:48Z
BetRivers,player_threes,Luka Doncic,Under,3.5,-120,2025-11-26,2025-11-25T18:32:48Z
BetRivers,player_threes,LeBron James,Over,1.5,-130,2025-11-26,2025-11-25T18:32:48Z
BetRivers,player_threes,LeBron James,Under,1.5,-103,2025-11-26,2025-11-25T18:32:48Z
Bovada,player_threes,Alex Sarr,Over,1.5,120,2025-11-26,2025-11-25T18:32:50Z
Bovada,player_threes,Alex Sarr,Under,1.5,-160,2025-11-26,2025-11-25T18:32:50Z
Bovada,player_threes,Carlton Carrington,Over,1.5,140,2025-11-26,2025-11-25T18:32:50Z
Bovada,player_threes,Carlton Carrington,Under,1.5,-185,2025-11-26,2025-11-25T18:32:50Z
Bovada,player_threes,Cam Whitmore,Over,1.5,140,2025-11-26,2025-11-25T18:32:50Z
Bovada,player_threes,Cam Whitmore,Under,1.5,-185,2025-11-26,2025-11-25T18:32:50Z
Bovada,player_threes,C.J. McCollum,Over,2.5,-120,2025-11-26,2025-11-25T18:32:50Z
Bovada,player_threes,C.J. McCollum,Under,2.5,-110,2025-11-26,2025-11-25T18:32:50Z
Bovada,player_threes,C.J. McCollum,Over,3.5,210,2025-11-26,2025-11-25T18:32:50Z
Bovada,player_threes,C.J. McCollum,Under,3.5,-290,2025-11-26,2025-11-25T18:32:50Z
Bovada,player_threes,Corey Kispert,Over,1.5,-105,2025-11-26,2025-11-25T18:32:50Z
Bovada,player_threes,Corey Kispert,Under,1.5,-125,2025-11-26,2025-11-25T18:32:50Z
Bovada,player_threes,Jalen Johnson,Over,1.5,105,2025-11-26,2025-11-25T18:32:50Z
Bovada,player_threes,Jalen Johnson,Under,1.5,-135,2025-11-26,2025-11-25T18:32:50Z
Bovada,player_threes,Kristaps Porzingis,Over,1.5,-145,2025-11-26,2025-11-25T18:32:50Z
Bovada,player_threes,Kristaps Porzingis,Under,1.5,110,2025-11-26,2025-11-25T18:32:50Z
Bovada,player_threes,Kyshawn George,Over,1.5,-180,2025-11-26,2025-11-25T18:32:50Z
Bovada,player_threes,Kyshawn George,Under,1.5,135,2025-11-26,2025-11-25T18:32:50Z
Bovada,player_threes,Kyshawn George,Over,2.5,170,2025-11-26,2025-11-25T18:32:50Z
Bovada,player_threes,Kyshawn George,Under,2.5,-230,2025-11-26,2025-11-25T18:32:50Z
Bovada,player_threes,Nickeil Alexander-Walker,Over,2.5,105,2025-11-26,2025-11-25T18:32:50Z
Bovada,player_threes,Nickeil Alexander-Walker,Under,2.5,-135,2025-11-26,2025-11-25T18:32:50Z
Bovada,player_threes,Onyeka Okongwu,Over,1.5,-105,2025-11-26,2025-11-25T18:32:50Z
Bovada,player_threes,Onyeka Okongwu,Under,1.5,-125,2025-11-26,2025-11-25T18:32:50Z
Bovada,player_threes,Vit Krejci,Over,1.5,-240,2025-11-26,2025-11-25T18:32:50Z
Bovada,player_threes,Vit Krejci,Under,1.5,175,2025-11-26,2025-11-25T18:32:50Z
Bovada,player_threes,Vit Krejci,Over,2.5,130,2025-11-26,2025-11-25T18:32:50Z
Bovada,player_threes,Vit Krejci,Under,2.5,-170,2025-11-26,2025-11-25T18:32:50Z
Bovada,player_threes,Zaccharie Risacher,Over,1.5,100,2025-11-26,2025-11-25T18:32:50Z
Bovada,player_threes,Zaccharie Risacher,Under,1.5,-130,2025-11-26,2025-11-25T18:32:50Z
Bovada,player_threes,Anthony Black,Over,0.5,-275,2025-11-26,2025-11-25T18:31:59Z
Bovada,player_threes,Anthony Black,Under,0.5,200,2025-11-26,2025-11-25T18:31:59Z
Bovada,player_threes,Desmond Bane,Over,1.5,-220,2025-11-26,2025-11-25T18:31:59Z
Bovada,player_threes,Desmond Bane,Under,1.5,165,2025-11-26,2025-11-25T18:31:59Z
Bovada,player_threes,Desmond Bane,Over,2.5,135,2025-11-26,2025-11-25T18:31:59Z
Bovada,player_threes,Desmond Bane,Under,2.5,-180,2025-11-26,2025-11-25T18:31:59Z
Bovada,player_threes,Justin Edwards,Over,1.5,105,2025-11-26,2025-11-25T18:31:59Z
Bovada,player_threes,Justin Edwards,Under,1.5,-135,2025-11-26,2025-11-25T18:31:59Z
Bovada,player_threes,Tristan da Silva,Over,1.5,-180,2025-11-26,2025-11-25T18:31:59Z
Bovada,player_threes,Tristan da Silva,Under,1.5,135,2025-11-26,2025-11-25T18:31:59Z
Bovada,player_threes,Tristan da Silva,Over,2.5,170,2025-11-26,2025-11-25T18:31:59Z
Bovada,player_threes,Tristan da Silva,Under,2.5,-230,2025-11-26,2025-11-25T18:31:59Z
Bovada,player_threes,Tyrese Maxey,Over,3.5,-145,2025-11-26,2025-11-25T18:31:59Z
Bovada,player_threes,Tyrese Maxey,Under,3.5,110,2025-11-26,2025-11-25T18:31:59Z
Bovada,player_threes,Tyrese Maxey,Over,4.5,150,2025-11-26,2025-11-25T18:31:59Z
Bovada,player_threes,Tyrese Maxey,Under,4.5,-200,2025-11-26,2025-11-25T18:31:59Z
Bovada,player_threes,Austin Reaves,Over,2.5,-130,2025-11-26,2025-11-25T18:32:00Z
Bovada,player_threes,Austin Reaves,Under,2.5,100,2025-11-26,2025-11-25T18:32:00Z
Bovada,player_threes,Austin Reaves,Over,3.5,190,2025-11-26,2025-11-25T18:32:00Z
Bovada,player_threes,Austin Reaves,Under,3.5,-260,2025-11-26,2025-11-25T18:32:00Z
Bovada,player_threes,Bogdan Bogdanovic,Over,1.5,110,2025-11-26,2025-11-25T18:32:00Z
Bovada,player_threes,Bogdan Bogdanovic,Under,1.5,-145,2025-11-26,2025-11-25T18:32:00Z
Bovada,player_threes,Brook Lopez,Over,0.5,-245,2025-11-26,2025-11-25T18:32:00Z
Bovada,player_threes,Brook Lopez,Under,0.5,180,2025-11-26,2025-11-25T18:32:00Z
Bovada,player_threes,Brook Lopez,Over,1.5,190,2025-11-26,2025-11-25T18:32:00Z
Bovada,player_threes,Brook Lopez,Under,1.5,-260,2025-11-26,2025-11-25T18:32:00Z
Bovada,player_threes,Gabe Vincent,Over,1.5,145,2025-11-26,2025-11-25T18:32:00Z
Bovada,player_threes,Gabe Vincent,Under,1.5,-190,2025-11-26,2025-11-25T18:32:00Z
Bovada,player_threes,Jake LaRavia,Over,0.5,-220,2025-11-26,2025-11-25T18:32:00Z
Bovada,player_threes,Jake LaRavia,Under,0.5,165,2025-11-26,2025-11-25T18:32:00Z
Bovada,player_threes,Jake LaRavia,Over,1.5,210,2025-11-26,2025-11-25T18:32:00Z
Bovada,player_threes,Jake LaRavia,Under,1.5,-290,2025-11-26,2025-11-25T18:32:00Z
Bovada,player_threes,James Harden,Over,2.5,-220,2025-11-26,2025-11-25T18:32:00Z
Bovada,player_threes,James Harden,Under,2.5,165,2025-11-26,2025-11-25T18:32:00Z
Bovada,player_threes,James Harden,Over,3.5,115,2025-11-26,2025-11-25T18:32:00Z
Bovada,player_threes,James Harden,Under,3.5,-150,2025-11-26,2025-11-25T18:32:00Z
Bovada,player_threes,John Collins,Over,0.5,-245,2025-11-26,2025-11-25T18:32:00Z
Bovada,player_threes,John Collins,Under,0.5,180,2025-11-26,2025-11-25T18:32:00Z
Bovada,player_threes,John Collins,Over,1.5,190,2025-11-26,2025-11-25T18:32:00Z
Bovada,player_threes,John Collins,Under,1.5,-260,2025-11-26,2025-11-25T18:32:00Z
Bovada,player_threes,Kawhi Leonard,Over,1.5,-185,2025-11-26,2025-11-25T18:32:00Z
Bovada,player_threes,Kawhi Leonard,Under,1.5,140,2025-11-26,2025-11-25T18:32:00Z
Bovada,player_threes,Kawhi Leonard,Over,2.5,165,2025-11-26,2025-11-25T18:32:00Z
Bovada,player_threes,Kawhi Leonard,Under,2.5,-220,2025-11-26,2025-11-25T18:32:00Z
Bovada,player_threes,Kobe Sanders,Over,0.5,-245,2025-11-26,2025-11-25T18:32:00Z
Bovada,player_threes,Kobe Sanders,Under,0.5,180,2025-11-26,2025-11-25T18:32:00Z
Bovada,player_threes,Kobe Sanders,Over,1.5,190,2025-11-26,2025-11-25T18:32:00Z
Bovada,player_threes,Kobe Sanders,Under,1.5,-260,2025-11-26,2025-11-25T18:32:00Z
Bovada,player_threes,LeBron James,Over,1.5,-135,2025-11-26,2025-11-25T18:32:00Z
Bovada,player_threes,LeBron James,Under,1.5,105,2025-11-26,2025-11-25T18:32:00Z
Bovada,player_threes,Luka Doncic,Over,3.5,-130,2025-11-26,2025-11-25T18:32:00Z
Bovada,player_threes,Luka Doncic,Under,3.5,100,2025-11-26,2025-11-25T18:32:00Z
Bovada,player_threes,Luka Doncic,Over,4.5,170,2025-11-26,2025-11-25T18:32:00Z
Bovada,player_threes,Luka Doncic,Under,4.5,-230,2025-11-26,2025-11-25T18:32:00Z
Bovada,player_threes,Marcus Smart,Over,0.5,-300,2025-11-26,2025-11-25T18:32:00Z
Bovada,player_threes,Marcus Smart,Under,0.5,215,2025-11-26,2025-11-25T18:32:00Z
Bovada,player_threes,Marcus Smart,Over,1.5,160,2025-11-26,2025-11-25T18:32:00Z
Bovada,player_threes,Marcus Smart,Under,1.5,-215,2025-11-26,2025-11-25T18:32:00Z
Bovada,player_threes,Rui Hachimura,Over,1.5,115,2025-11-26,2025-11-25T18:32:00Z
Bovada,player_threes,Rui Hachimura,Under,1.5,-150,2025-11-26,2025-11-25T18:32:00Z
FanDuel,player_blocks,Alex Sarr,Over,1.5,-138,2025-11-26,2025-11-25T18:32:47Z
FanDuel,player_blocks,Alex Sarr,Under,1.5,104,2025-11-26,2025-11-25T18:32:47Z
FanDuel,player_blocks,Kristaps Porzingis,Over,1.5,108,2025-11-26,2025-11-25T18:32:47Z
FanDuel,player_blocks,Kristaps Porzingis,Under,1.5,-144,2025-11-26,2025-11-25T18:32:47Z
DraftKings,player_blocks,Alex Sarr,Over,1.5,-148,2025-11-26,2025-11-25T18:32:46Z
DraftKings,player_blocks,Alex Sarr,Under,1.5,112,2025-11-26,2025-11-25T18:32:46Z
DraftKings,player_blocks,Kristaps Porzingis,Over,1.5,122,2025-11-26,2025-11-25T18:32:46Z
DraftKings,player_blocks,Kristaps Porzingis,Under,1.5,-163,2025-11-26,2025-11-25T18:32:46Z
DraftKings,player_blocks,Jalen Johnson,Over,0.5,119,2025-11-26,2025-11-25T18:32:46Z
DraftKings,player_blocks,Jalen Johnson,Under,0.5,-158,2025-11-26,2025-11-25T18:32:46Z
DraftKings,player_blocks,Dyson Daniels,Over,0.5,155,2025-11-26,2025-11-25T18:32:46Z
DraftKings,player_blocks,Dyson Daniels,Under,0.5,-208,2025-11-26,2025-11-25T18:32:46Z
DraftKings,player_blocks,Wendell Carter Jr,Over,0.5,-142,2025-11-26,2025-11-25T18:32:00Z
DraftKings,player_blocks,Wendell Carter Jr,Under,0.5,107,2025-11-26,2025-11-25T18:32:00Z
DraftKings,player_blocks,Franz Wagner,Over,0.5,153,2025-11-26,2025-11-25T18:32:00Z
DraftKings,player_blocks,Franz Wagner,Under,0.5,-206,2025-11-26,2025-11-25T18:32:00Z
DraftKings,player_blocks,Ivica Zubac,Over,0.5,-109,2025-11-26,2025-11-25T18:32:34Z
DraftKings,player_blocks,Ivica Zubac,Under,0.5,-122,2025-11-26,2025-11-25T18:32:34Z
DraftKings,player_blocks,LeBron James,Over,0.5,124,2025-11-26,2025-11-25T18:32:34Z
DraftKings,player_blocks,LeBron James,Under,0.5,-165,2025-11-26,2025-11-25T18:32:34Z
DraftKings,player_blocks,Luka Doncic,Over,0.5,151,2025-11-26,2025-11-25T18:32:34Z
DraftKings,player_blocks,Luka Doncic,Under,0.5,-203,2025-11-26,2025-11-25T18:32:34Z
DraftKings,player_blocks,Kawhi Leonard,Over,0.5,173,2025-11-26,2025-11-25T18:32:34Z
DraftKings,player_blocks,Kawhi Leonard,Under,0.5,-233,2025-11-26,2025-11-25T18:32:34Z
DraftKings,player_blocks,James Harden,Over,0.5,188,2025-11-26,2025-11-25T18:32:34Z
DraftKings,player_blocks,James Harden,Under,0.5,-256,2025-11-26,2025-11-25T18:32:34Z
BetMGM,player_blocks,Jalen Johnson,Over,0.5,155,2025-11-26,2025-11-25T18:32:30Z
BetMGM,player_blocks,Jalen Johnson,Under,0.5,-220,2025-11-26,2025-11-25T18:32:30Z
BetMGM,player_blocks,Dyson Daniels,Over,0.5,150,2025-11-26,2025-11-25T18:32:30Z
BetMGM,player_blocks,Dyson Daniels,Under,0.5,-210,2025-11-26,2025-11-25T18:32:30Z
BetMGM,player_blocks,Zaccharie Risacher,Over,0.5,115,2025-11-26,2025-11-25T18:32:30Z
BetMGM,player_blocks,Zaccharie Risacher,Under,0.5,-160,2025-11-26,2025-11-25T18:32:30Z
BetMGM,player_blocks,Alex Sarr,Over,1.5,-125,2025-11-26,2025-11-25T18:32:30Z
BetMGM,player_blocks,Alex Sarr,Under,1.5,-110,2025-11-26,2025-11-25T18:32:30Z
BetMGM,player_blocks,C.J. McCollum,Over,0.5,290,2025-11-26,2025-11-25T18:32:30Z
BetMGM,player_blocks,C.J. McCollum,Under,0.5,-500,2025-11-26,2025-11-25T18:32:30Z
BetMGM,player_blocks,Nickeil Alexander-Walker,Over,0.5,-200,2025-11-26,2025-11-25T18:32:30Z
BetMGM,player_blocks,Nickeil Alexander-Walker,Under,0.5,145,2025-11-26,2025-11-25T18:32:30Z
BetMGM,player_blocks,Bilal Coulibaly,Over,0.5,110,2025-11-26,2025-11-25T18:32:30Z
BetMGM,player_blocks,Bilal Coulibaly,Under,0.5,-155,2025-11-26,2025-11-25T18:32:30Z
BetMGM,player_blocks,Kyshawn George,Over,0.5,-135,2025-11-26,2025-11-25T18:32:30Z
BetMGM,player_blocks,Kyshawn George,Under,0.5,-105,2025-11-26,2025-11-25T18:32:30Z
BetMGM,player_blocks,Kristaps Porzingis,Over,1.5,110,2025-11-26,2025-11-25T18:32:30Z
BetMGM,player_blocks,Kristaps Porzingis,Under,1.5,-155,2025-11-26,2025-11-25T18:32:30Z
BetMGM,player_blocks,Khris Middleton,Over,0.5,280,2025-11-26,2025-11-25T18:32:30Z
BetMGM,player_blocks,Khris Middleton,Under,0.5,-450,2025-11-26,2025-11-25T18:32:30Z
BetMGM,player_blocks,Tyrese Maxey,Over,0.5,100,2025-11-26,2025-11-25T18:32:19Z
BetMGM,player_blocks,Tyrese Maxey,Under,0.5,-145,2025-11-26,2025-11-25T18:32:19Z
BetMGM,player_blocks,Justin Edwards,Over,0.5,135,2025-11-26,2025-11-25T18:32:19Z
BetMGM,player_blocks,Justin Edwards,Under,0.5,-190,2025-11-26,2025-11-25T18:32:19Z
BetMGM,player_blocks,Quentin Grimes,Over,0.5,115,2025-11-26,2025-11-25T18:32:19Z
BetMGM,player_blocks,Quentin Grimes,Under,0.5,-160,2025-11-26,2025-11-25T18:32:19Z
BetMGM,player_blocks,Desmond Bane,Over,0.5,230,2025-11-26,2025-11-25T18:32:19Z
BetMGM,player_blocks,Desmond Bane,Under,0.5,-350,2025-11-26,2025-11-25T18:32:19Z
BetMGM,player_blocks,Wendell Carter Jr,Over,0.5,-145,2025-11-26,2025-11-25T18:32:19Z
BetMGM,player_blocks,Wendell Carter Jr,Under,0.5,105,2025-11-26,2025-11-25T18:32:19Z
BetMGM,player_blocks,Tristan da Silva,Over,0.5,220,2025-11-26,2025-11-25T18:32:19Z
BetMGM,player_blocks,Tristan da Silva,Under,0.5,-325,2025-11-26,2025-11-25T18:32:19Z
BetMGM,player_blocks,Franz Wagner,Over,0.5,170,2025-11-26,2025-11-25T18:32:19Z
BetMGM,player_blocks,Franz Wagner,Under,0.5,-250,2025-11-26,2025-11-25T18:32:19Z
BetMGM,player_blocks,Jalen Suggs,Over,0.5,-120,2025-11-26,2025-11-25T18:32:19Z
BetMGM,player_blocks,Jalen Suggs,Under,0.5,-115,2025-11-26,2025-11-25T18:32:19Z
BetMGM,player_blocks,Andre Drummond,Over,0.5,-220,2025-11-26,2025-11-25T18:32:19Z
BetMGM,player_blocks,Andre Drummond,Under,0.5,155,2025-11-26,2025-11-25T18:32:19Z
BetMGM,player_blocks,Austin Reaves,Over,0.5,300,2025-11-26,2025-11-25T18:32:32Z
BetMGM,player_blocks,Austin Reaves,Under,0.5,-500,2025-11-26,2025-11-25T18:32:32Z
BetMGM,player_blocks,Luka Doncic,Over,0.5,150,2025-11-26,2025-11-25T18:32:32Z
BetMGM,player_blocks,Luka Doncic,Under,0.5,-220,2025-11-26,2025-11-25T18:32:32Z
BetMGM,player_blocks,LeBron James,Over,0.5,135,2025-11-26,2025-11-25T18:32:32Z
BetMGM,player_blocks,LeBron James,Under,0.5,-190,2025-11-26,2025-11-25T18:32:32Z
BetMGM,player_blocks,Ivica Zubac,Over,0.5,-110,2025-11-26,2025-11-25T18:32:32Z
BetMGM,player_blocks,Ivica Zubac,Under,0.5,-125,2025-11-26,2025-11-25T18:32:32Z
BetMGM,player_blocks,Kawhi Leonard,Over,0.5,190,2025-11-26,2025-11-25T18:32:32Z
BetMGM,player_blocks,Kawhi Leonard,Under,0.5,-275,2025-11-26,2025-11-25T18:32:32Z
BetMGM,player_blocks,James Harden,Over,0.5,200,2025-11-26,2025-11-25T18:32:32Z
BetMGM,player_blocks,James Harden,Under,0.5,-295,2025-11-26,2025-11-25T18:32:32Z
BetMGM,player_blocks,Rui Hachimura,Over,0.5,250,2025-11-26,2025-11-25T18:32:32Z
BetMGM,player_blocks,Rui Hachimura,Under,0.5,-375,2025-11-26,2025-11-25T18:32:32Z
BetMGM,player_blocks,Kris Dunn,Over,0.5,250,2025-11-26,2025-11-25T18:32:32Z
BetMGM,player_blocks,Kris Dunn,Under,0.5,-400,2025-11-26,2025-11-25T18:32:32Z
BetMGM,player_blocks,Jaxson Hayes,Over,0.5,-140,2025-11-26,2025-11-25T18:32:32Z
BetMGM,player_blocks,Jaxson Hayes,Under,0.5,100,2025-11-26,2025-11-25T18:32:32Z
BetMGM,player_blocks,John Collins,Over,0.5,115,2025-11-26,2025-11-25T18:32:32Z
BetMGM,player_blocks,John Collins,Under,0.5,-160,2025-11-26,2025-11-25T18:32:32Z
FanDuel,player_steals,Jalen Johnson,Over,1.5,-122,2025-11-26,2025-11-25T18:32:47Z
FanDuel,player_steals,Jalen Johnson,Under,1.5,-108,2025-11-26,2025-11-25T18:32:47Z
FanDuel,player_steals,Dyson Daniels,Over,2.5,-140,2025-11-26,2025-11-25T18:32:47Z
FanDuel,player_steals,Dyson Daniels,Under,2.5,106,2025-11-26,2025-11-25T18:32:47Z
FanDuel,player_steals,Franz Wagner,Over,1.5,194,2025-11-26,2025-11-25T18:32:43Z
FanDuel,player_steals,Franz Wagner,Under,1.5,-270,2025-11-26,2025-11-25T18:32:43Z
FanDuel,player_steals,Jalen Suggs,Over,1.5,118,2025-11-26,2025-11-25T18:32:43Z
FanDuel,player_steals,Jalen Suggs,Under,1.5,-158,2025-11-26,2025-11-25T18:32:43Z
FanDuel,player_steals,Tyrese Maxey,Over,1.5,126,2025-11-26,2025-11-25T18:32:43Z
FanDuel,player_steals,Tyrese Maxey,Under,1.5,-168,2025-11-26,2025-11-25T18:32:43Z
FanDuel,player_steals,Quentin Grimes,Over,1.5,168,2025-11-26,2025-11-25T18:32:43Z
FanDuel,player_steals,Quentin Grimes,Under,1.5,-230,2025-11-26,2025-11-25T18:32:43Z
FanDuel,player_steals,James Harden,Over,1.5,162,2025-11-26,2025-11-25T18:32:06Z
FanDuel,player_steals,James Harden,Under,1.5,-220,2025-11-26,2025-11-25T18:32:06Z
FanDuel,player_steals,Austin Reaves,Over,0.5,-245,2025-11-26,2025-11-25T18:32:06Z
FanDuel,player_steals,Austin Reaves,Under,0.5,178,2025-11-26,2025-11-25T18:32:06Z
FanDuel,player_steals,Kris Dunn,Over,1.5,116,2025-11-26,2025-11-25T18:32:06Z
FanDuel,player_steals,Kris Dunn,Under,1.5,-158,2025-11-26,2025-11-25T18:32:06Z
FanDuel,player_steals,Kawhi Leonard,Over,1.5,-106,2025-11-26,2025-11-25T18:32:06Z
FanDuel,player_steals,Kawhi Leonard,Under,1.5,-125,2025-11-26,2025-11-25T18:32:06Z
FanDuel,player_steals,Luka Doncic,Over,1.5,-122,2025-11-26,2025-11-25T18:32:06Z
FanDuel,player_steals,Luka Doncic,Under,1.5,-108,2025-11-26,2025-11-25T18:32:06Z
FanDuel,player_steals,Marcus Smart,Over,1.5,162,2025-11-26,2025-11-25T18:32:06Z
FanDuel,player_steals,Marcus Smart,Under,1.5,-220,2025-11-26,2025-11-25T18:32:06Z
DraftKings,player_steals,Dyson Daniels,Over,2.5,-136,2025-11-26,2025-11-25T18:32:46Z
DraftKings,player_steals,Dyson Daniels,Under,2.5,102,2025-11-26,2025-11-25T18:32:46Z
DraftKings,player_steals,Jalen Johnson,Over,1.5,-119,2025-11-26,2025-11-25T18:32:46Z
DraftKings,player_steals,Jalen Johnson,Under,1.5,-112,2025-11-26,2025-11-25T18:32:46Z
DraftKings,player_steals,Kyshawn George,Over,0.5,-244,2025-11-26,2025-11-25T18:32:46Z
DraftKings,player_steals,Kyshawn George,Under,0.5,180,2025-11-26,2025-11-25T18:32:46Z
DraftKings,player_steals,Bilal Coulibaly,Over,0.5,-231,2025-11-26,2025-11-25T18:32:46Z
DraftKings,player_steals,Bilal Coulibaly,Under,0.5,171,2025-11-26,2025-11-25T18:32:46Z
DraftKings,player_steals,C.J. McCollum,Over,0.5,-166,2025-11-26,2025-11-25T18:32:46Z
DraftKings,player_steals,C.J. McCollum,Under,0.5,125,2025-11-26,2025-11-25T18:32:46Z
DraftKings,player_steals,Kristaps Porzingis,Over,0.5,-165,2025-11-26,2025-11-25T18:32:46Z
DraftKings,player_steals,Kristaps Porzingis,Under,0.5,124,2025-11-26,2025-11-25T18:32:46Z
DraftKings,player_steals,Alex Sarr,Over,0.5,-149,2025-11-26,2025-11-25T18:32:46Z
DraftKings,player_steals,Alex Sarr,Under,0.5,112,2025-11-26,2025-11-25T18:32:46Z
DraftKings,player_steals,Jalen Suggs,Over,1.5,113,2025-11-26,2025-11-25T18:32:00Z
DraftKings,player_steals,Jalen Suggs,Under,1.5,-150,2025-11-26,2025-11-25T18:32:00Z
DraftKings,player_steals,Tyrese Maxey,Over,1.5,119,2025-11-26,2025-11-25T18:32:00Z
DraftKings,player_steals,Tyrese Maxey,Under,1.5,-158,2025-11-26,2025-11-25T18:32:00Z
DraftKings,player_steals,Quentin Grimes,Over,1.5,165,2025-11-26,2025-11-25T18:32:00Z
DraftKings,player_steals,Quentin Grimes,Under,1.5,-223,2025-11-26,2025-11-25T18:32:00Z
DraftKings,player_steals,Franz Wagner,Over,1.5,171,2025-11-26,2025-11-25T18:32:00Z
DraftKings,player_steals,Franz Wagner,Under,1.5,-231,2025-11-26,2025-11-25T18:32:00Z
DraftKings,player_steals,Desmond Bane,Over,0.5,-161,2025-11-26,2025-11-25T18:32:00Z
DraftKings,player_steals,Desmond Bane,Under,0.5,121,2025-11-26,2025-11-25T18:32:00Z
DraftKings,player_steals,Luka Doncic,Over,1.5,-126,2025-11-26,2025-11-25T18:32:34Z
DraftKings,player_steals,Luka Doncic,Under,1.5,-105,2025-11-26,2025-11-25T18:32:34Z
DraftKings,player_steals,Kawhi Leonard,Over,1.5,-114,2025-11-26,2025-11-25T18:32:34Z
DraftKings,player_steals,Kawhi Leonard,Under,1.5,-116,2025-11-26,2025-11-25T18:32:34Z
DraftKings,player_steals,LeBron James,Over,1.5,141,2025-11-26,2025-11-25T18:32:34Z
DraftKings,player_steals,LeBron James,Under,1.5,-189,2025-11-26,2025-11-25T18:32:34Z
DraftKings,player_steals,James Harden,Over,1.5,156,2025-11-26,2025-11-25T18:32:34Z
DraftKings,player_steals,James Harden,Under,1.5,-209,2025-11-26,2025-11-25T18:32:34Z
DraftKings,player_steals,Austin Reaves,Over,0.5,-248,2025-11-26,2025-11-25T18:32:34Z
DraftKings,player_steals,Austin Reaves,Under,0.5,182,2025-11-26,2025-11-25T18:32:34Z
DraftKings,player_steals,Ivica Zubac,Over,0.5,-121,2025-11-26,2025-11-25T18:32:34Z
DraftKings,player_steals,Ivica Zubac,Under,0.5,-109,2025-11-26,2025-11-25T18:32:34Z
FanDuel,player_points_rebounds_assists,C.J. McCollum,Over,24.5,-120,2025-11-26,2025-11-25T18:32:47Z
FanDuel,player_points_rebounds_assists,C.J. McCollum,Under,24.5,-110,2025-11-26,2025-11-25T18:32:47Z
FanDuel,player_points_rebounds_assists,Bilal Coulibaly,Over,17.5,-112,2025-11-26,2025-11-25T18:32:47Z
FanDuel,player_points_rebounds_assists,Bilal Coulibaly,Under,17.5,-118,2025-11-26,2025-11-25T18:32:47Z
FanDuel,player_points_rebounds_assists,Zaccharie Risacher,Over,15.5,-114,2025-11-26,2025-11-25T18:32:47Z
FanDuel,player_points_rebounds_assists,Zaccharie Risacher,Under,15.5,-114,2025-11-26,2025-11-25T18:32:47Z
FanDuel,player_points_rebounds_assists,Jalen Johnson,Over,41.5,-128,2025-11-26,2025-11-25T18:32:47Z
FanDuel,player_points_rebounds_assists,Jalen Johnson,Under,41.5,-104,2025-11-26,2025-11-25T18:32:47Z
FanDuel,player_points_rebounds_assists,Nickeil Alexander-Walker,Over,25.5,-125,2025-11-26,2025-11-25T18:32:47Z
FanDuel,player_points_rebounds_assists,Nickeil Alexander-Walker,Under,25.5,-104,2025-11-26,2025-11-25T18:32:47Z
FanDuel,player_points_rebounds_assists,Alex Sarr,Over,29.5,-118,2025-11-26,2025-11-25T18:32:47Z
FanDuel,player_points_rebounds_assists,Alex Sarr,Under,29.5,-112,2025-11-26,2025-11-25T18:32:47Z
FanDuel,player_points_rebounds_assists,Khris Middleton,Over,16.5,-112,2025-11-26,2025-11-25T18:32:47Z
FanDuel,player_points_rebounds_assists,Khris Middleton,Under,16.5,-118,2025-11-26,2025-11-25T18:32:47Z
FanDuel,player_points_rebounds_assists,Dyson Daniels,Over,24.5,-104,2025-11-26,2025-11-25T18:32:47Z
FanDuel,player_points_rebounds_assists,Dyson Daniels,Under,24.5,-128,2025-11-26,2025-11-25T18:32:47Z
FanDuel,player_points_rebounds_assists,Onyeka Okongwu,Over,24.5,-114,2025-11-26,2025-11-25T18:32:47Z
FanDuel,player_points_rebounds_assists,Onyeka Okongwu,Under,24.5,-114,2025-11-26,2025-11-25T18:32:47Z
FanDuel,player_points_rebounds_assists,Kyshawn George,Over,24.5,-110,2025-11-26,2025-11-25T18:32:47Z
FanDuel,player_points_rebounds_assists,Kyshawn George,Under,24.5,-120,2025-11-26,2025-11-25T18:32:47Z
FanDuel,player_points_rebounds_assists,Kristaps Porzingis,Over,28.5,-122,2025-11-26,2025-11-25T18:32:47Z
FanDuel,player_points_rebounds_assists,Kristaps Porzingis,Under,28.5,-108,2025-11-26,2025-11-25T18:32:47Z
FanDuel,player_points_rebounds_assists,Tyrese Maxey,Over,43.5,-120,2025-11-26,2025-11-25T18:32:43Z
FanDuel,player_points_rebounds_assists,Tyrese Maxey,Under,43.5,-110,2025-11-26,2025-11-25T18:32:43Z
FanDuel,player_points_rebounds_assists,Desmond Bane,Over,30.5,-125,2025-11-26,2025-11-25T18:32:43Z
FanDuel,player_points_rebounds_assists,Desmond Bane,Under,30.5,-106,2025-11-26,2025-11-25T18:32:43Z
FanDuel,player_points_rebounds_assists,Anthony Black,Over,19.5,-130,2025-11-26,2025-11-25T18:32:43Z
FanDuel,player_points_rebounds_assists,Anthony Black,Under,19.5,-102,2025-11-26,2025-11-25T18:32:43Z
FanDuel,player_points_rebounds_assists,Jalen Suggs,Over,26.5,-104,2025-11-26,2025-11-25T18:32:43Z
FanDuel,player_points_rebounds_assists,Jalen Suggs,Under,26.5,-128,2025-11-26,2025-11-25T18:32:43Z
FanDuel,player_points_rebounds_assists,Wendell Carter Jr,Over,21.5,-102,2025-11-26,2025-11-25T18:32:43Z
FanDuel,player_points_rebounds_assists,Wendell Carter Jr,Under,21.5,-130,2025-11-26,2025-11-25T18:32:43Z
FanDuel,player_points_rebounds_assists,Quentin Grimes,Over,25.5,-104,2025-11-26,2025-11-25T18:32:43Z
FanDuel,player_points_rebounds_assists,Quentin Grimes,Under,25.5,-128,2025-11-26,2025-11-25T18:32:43Z
FanDuel,player_points_rebounds_assists,Franz Wagner,Over,35.5,-114,2025-11-26,2025-11-25T18:32:43Z
FanDuel,player_points_rebounds_assists,Franz Wagner,Under,35.5,-114,2025-11-26,2025-11-25T18:32:43Z
FanDuel,player_points_rebounds_assists,Austin Reaves,Over,31.5,-112,2025-11-26,2025-11-25T18:32:06Z
FanDuel,player_points_rebounds_assists,Austin Reaves,Under,31.5,-118,2025-11-26,2025-11-25T18:32:06Z
FanDuel,player_points_rebounds_assists,Ivica Zubac,Over,30.5,-112,2025-11-26,2025-11-25T18:32:06Z
FanDuel,player_points_rebounds_assists,Ivica Zubac,Under,30.5,-118,2025-11-26,2025-11-25T18:32:06Z
FanDuel,player_points_rebounds_assists,Rui Hachimura,Over,16.5,-118,2025-11-26,2025-11-25T18:32:06Z
FanDuel,player_points_rebounds_assists,Rui Hachimura,Under,16.5,-112,2025-11-26,2025-11-25T18:32:06Z
FanDuel,player_points_rebounds_assists,Kawhi Leonard,Over,28.5,-110,2025-11-26,2025-11-25T18:32:06Z
FanDuel,player_points_rebounds_assists,Kawhi Leonard,Under,28.5,-120,2025-11-26,2025-11-25T18:32:06Z
FanDuel,player_points_rebounds_assists,Kris Dunn,Over,11.5,-128,2025-11-26,2025-11-25T18:32:06Z
FanDuel,player_points_rebounds_assists,Kris Dunn,Under,11.5,-104,2025-11-26,2025-11-25T18:32:06Z
FanDuel,player_points_rebounds_assists,James Harden,Over,37.5,-112,2025-11-26,2025-11-25T18:32:06Z
FanDuel,player_points_rebounds_assists,James Harden,Under,37.5,-118,2025-11-26,2025-11-25T18:32:06Z
FanDuel,player_points_rebounds_assists,LeBron James,Over,34.5,-114,2025-11-26,2025-11-25T18:32:06Z
FanDuel,player_points_rebounds_assists,LeBron James,Under,34.5,-114,2025-11-26,2025-11-25T18:32:06Z
FanDuel,player_points_rebounds_assists,Luka Doncic,Over,49.5,-120,2025-11-26,2025-11-25T18:32:06Z
FanDuel,player_points_rebounds_assists,Luka Doncic,Under,49.5,-110,2025-11-26,2025-11-25T18:32:06Z
BetOnline.ag,player_points_rebounds_assists,Bilal Coulibaly,Over,17.5,-118,2025-11-26,2025-11-25T18:32:24Z
BetOnline.ag,player_points_rebounds_assists,Bilal Coulibaly,Under,17.5,-110,2025-11-26,2025-11-25T18:32:24Z
BetOnline.ag,player_points_rebounds_assists,Kyshawn George,Over,24.5,-110,2025-11-26,2025-11-25T18:32:24Z
BetOnline.ag,player_points_rebounds_assists,Kyshawn George,Under,24.5,-118,2025-11-26,2025-11-25T18:32:24Z
BetOnline.ag,player_points_rebounds_assists,Onyeka Okongwu,Over,24.5,-109,2025-11-26,2025-11-25T18:32:24Z
BetOnline.ag,player_points_rebounds_assists,Onyeka Okongwu,Under,24.5,-119,2025-11-26,2025-11-25T18:32:24Z
BetOnline.ag,player_points_rebounds_assists,Zaccharie Risacher,Over,15.5,-112,2025-11-26,2025-11-25T18:32:24Z
BetOnline.ag,player_points_rebounds_assists,Zaccharie Risacher,Under,15.5,-115,2025-11-26,2025-11-25T18:32:24Z
BetOnline.ag,player_points_rebounds_assists,Alex Sarr,Over,29.5,-118,2025-11-26,2025-11-25T18:32:24Z
BetOnline.ag,player_points_rebounds_assists,Alex Sarr,Under,29.5,-110,2025-11-26,2025-11-25T18:32:24Z
BetOnline.ag,player_points_rebounds_assists,C.J. McCollum,Over,24.5,-115,2025-11-26,2025-11-25T18:32:24Z
BetOnline.ag,player_points_rebounds_assists,C.J. McCollum,Under,24.5,-112,2025-11-26,2025-11-25T18:32:24Z
BetOnline.ag,player_points_rebounds_assists,Cam Whitmore,Over,15.5,-116,2025-11-26,2025-11-25T18:32:24Z
BetOnline.ag,player_points_rebounds_assists,Cam Whitmore,Under,15.5,-111,2025-11-26,2025-11-25T18:32:24Z
BetOnline.ag,player_points_rebounds_assists,Dyson Daniels,Over,24.5,-105,2025-11-26,2025-11-25T18:32:24Z
BetOnline.ag,player_points_rebounds_assists,Dyson Daniels,Under,24.5,-123,2025-11-26,2025-11-25T18:32:24Z
BetOnline.ag,player_points_rebounds_assists,Jalen Johnson,Over,42.5,-106,2025-11-26,2025-11-25T18:32:24Z
BetOnline.ag,player_points_rebounds_assists,Jalen Johnson,Under,42.5,-122,2025-11-26,2025-11-25T18:32:24Z
BetOnline.ag,player_points_rebounds_assists,Nickeil Alexander-Walker,Over,26.5,-106,2025-11-26,2025-11-25T18:32:24Z
BetOnline.ag,player_points_rebounds_assists,Nickeil Alexander-Walker,Under,26.5,-122,2025-11-26,2025-11-25T18:32:24Z
BetOnline.ag,player_points_rebounds_assists,Khris Middleton,Over,16.5,-118,2025-11-26,2025-11-25T18:32:24Z
BetOnline.ag,player_points_rebounds_assists,Khris Middleton,Under,16.5,-110,2025-11-26,2025-11-25T18:32:24Z
BetOnline.ag,player_points_rebounds_assists,Kristaps Porzingis,Over,28.5,-110,2025-11-26,2025-11-25T18:32:24Z
BetOnline.ag,player_points_rebounds_assists,Kristaps Porzingis,Under,28.5,-118,2025-11-26,2025-11-25T18:32:24Z
BetOnline.ag,player_points_rebounds_assists,Carlton Carrington,Over,14.5,-111,2025-11-26,2025-11-25T18:32:24Z
BetOnline.ag,player_points_rebounds_assists,Carlton Carrington,Under,14.5,-116,2025-11-26,2025-11-25T18:32:24Z
BetOnline.ag,player_points_rebounds_assists,Marvin Bagley III,Over,12.5,-114,2025-11-26,2025-11-25T18:32:24Z
BetOnline.ag,player_points_rebounds_assists,Marvin Bagley III,Under,12.5,-114,2025-11-26,2025-11-25T18:32:24Z
BetOnline.ag,player_points_rebounds_assists,Vit Krejci,Over,15.5,-103,2025-11-26,2025-11-25T18:32:24Z
BetOnline.ag,player_points_rebounds_assists,Vit Krejci,Under,15.5,-125,2025-11-26,2025-11-25T18:32:24Z
BetOnline.ag,player_points_rebounds_assists,Franz Wagner,Over,35.5,-109,2025-11-26,2025-11-25T18:32:47Z
BetOnline.ag,player_points_rebounds_assists,Franz Wagner,Under,35.5,-119,2025-11-26,2025-11-25T18:32:47Z
BetOnline.ag,player_points_rebounds_assists,Wendell Carter Jr,Over,21.5,-106,2025-11-26,2025-11-25T18:32:47Z
BetOnline.ag,player_points_rebounds_assists,Wendell Carter Jr,Under,21.5,-122,2025-11-26,2025-11-25T18:32:47Z
BetOnline.ag,player_points_rebounds_assists,Anthony Black,Over,19.5,-111,2025-11-26,2025-11-25T18:32:47Z
BetOnline.ag,player_points_rebounds_assists,Anthony Black,Under,19.5,-116,2025-11-26,2025-11-25T18:32:47Z
BetOnline.ag,player_points_rebounds_assists,Jalen Suggs,Over,26.5,-103,2025-11-26,2025-11-25T18:32:47Z
BetOnline.ag,player_points_rebounds_assists,Jalen Suggs,Under,26.5,-125,2025-11-26,2025-11-25T18:32:47Z
BetOnline.ag,player_points_rebounds_assists,Desmond Bane,Over,30.5,-118,2025-11-26,2025-11-25T18:32:47Z
BetOnline.ag,player_points_rebounds_assists,Desmond Bane,Under,30.5,-110,2025-11-26,2025-11-25T18:32:47Z
BetOnline.ag,player_points_rebounds_assists,Tyrese Maxey,Over,43.5,-119,2025-11-26,2025-11-25T18:32:47Z
BetOnline.ag,player_points_rebounds_assists,Tyrese Maxey,Under,43.5,-109,2025-11-26,2025-11-25T18:32:47Z
BetOnline.ag,player_points_rebounds_assists,Tristan da Silva,Over,19.5,-102,2025-11-26,2025-11-25T18:32:47Z
BetOnline.ag,player_points_rebounds_assists,Tristan da Silva,Under,19.5,-127,2025-11-26,2025-11-25T18:32:47Z
BetOnline.ag,player_points_rebounds_assists,Quentin Grimes,Over,25.5,-109,2025-11-26,2025-11-25T18:32:47Z
BetOnline.ag,player_points_rebounds_assists,Quentin Grimes,Under,25.5,-119,2025-11-26,2025-11-25T18:32:47Z
BetOnline.ag,player_points_rebounds_assists,Justin Edwards,Over,15.5,-111,2025-11-26,2025-11-25T18:32:47Z
BetOnline.ag,player_points_rebounds_assists,Justin Edwards,Under,15.5,-116,2025-11-26,2025-11-25T18:32:47Z
BetOnline.ag,player_points_rebounds_assists,Andre Drummond,Over,25.5,-109,2025-11-26,2025-11-25T18:32:47Z
BetOnline.ag,player_points_rebounds_assists,Andre Drummond,Under,25.5,-119,2025-11-26,2025-11-25T18:32:47Z
BetOnline.ag,player_points_rebounds_assists,Ivica Zubac,Over,30.5,-111,2025-11-26,2025-11-25T18:33:03Z
BetOnline.ag,player_points_rebounds_assists,Ivica Zubac,Under,30.5,-116,2025-11-26,2025-11-25T18:33:03Z
BetOnline.ag,player_points_rebounds_assists,James Harden,Over,37.5,-108,2025-11-26,2025-11-25T18:33:03Z
BetOnline.ag,player_points_rebounds_assists,James Harden,Under,37.5,-120,2025-11-26,2025-11-25T18:33:03Z
BetOnline.ag,player_points_rebounds_assists,Kris Dunn,Over,11.5,-123,2025-11-26,2025-11-25T18:33:03Z
BetOnline.ag,player_points_rebounds_assists,Kris Dunn,Under,11.5,-104,2025-11-26,2025-11-25T18:33:03Z
BetOnline.ag,player_points_rebounds_assists,Luka Doncic,Over,49.5,-120,2025-11-26,2025-11-25T18:33:03Z
BetOnline.ag,player_points_rebounds_assists,Luka Doncic,Under,49.5,-108,2025-11-26,2025-11-25T18:33:03Z
BetOnline.ag,player_points_rebounds_assists,Austin Reaves,Over,31.5,-111,2025-11-26,2025-11-25T18:33:03Z
BetOnline.ag,player_points_rebounds_assists,Austin Reaves,Under,31.5,-116,2025-11-26,2025-11-25T18:33:03Z
BetOnline.ag,player_points_rebounds_assists,LeBron James,Over,35.5,-105,2025-11-26,2025-11-25T18:33:03Z
BetOnline.ag,player_points_rebounds_assists,LeBron James,Under,35.5,-123,2025-11-26,2025-11-25T18:33:03Z
BetOnline.ag,player_points_rebounds_assists,Rui Hachimura,Over,16.5,-118,2025-11-26,2025-11-25T18:33:03Z
BetOnline.ag,player_points_rebounds_assists,Rui Hachimura,Under,16.5,-110,2025-11-26,2025-11-25T18:33:03Z
BetOnline.ag,player_points_rebounds_assists,John Collins,Over,17.5,-103,2025-11-26,2025-11-25T18:33:03Z
BetOnline.ag,player_points_rebounds_assists,John Collins,Under,17.5,-125,2025-11-26,2025-11-25T18:33:03Z
BetOnline.ag,player_points_rebounds_assists,Kawhi Leonard,Over,28.5,-110,2025-11-26,2025-11-25T18:33:03Z
BetOnline.ag,player_points_rebounds_assists,Kawhi Leonard,Under,28.5,-118,2025-11-26,2025-11-25T18:33:03Z
DraftKings,player_points_rebounds_assists,Jalen Johnson,Over,42.5,-114,2025-11-26,2025-11-25T18:32:46Z
DraftKings,player_points_rebounds_assists,Jalen Johnson,Under,42.5,-115,2025-11-26,2025-11-25T18:32:46Z
DraftKings,player_points_rebounds_assists,Alex Sarr,Over,29.5,-124,2025-11-26,2025-11-25T18:32:46Z
DraftKings,player_points_rebounds_assists,Alex Sarr,Under,29.5,-106,2025-11-26,2025-11-25T18:32:46Z
DraftKings,player_points_rebounds_assists,Kristaps Porzingis,Over,28.5,-108,2025-11-26,2025-11-25T18:32:46Z
DraftKings,player_points_rebounds_assists,Kristaps Porzingis,Under,28.5,-121,2025-11-26,2025-11-25T18:32:46Z
DraftKings,player_points_rebounds_assists,Nickeil Alexander-Walker,Over,26.5,-106,2025-11-26,2025-11-25T18:32:46Z
DraftKings,player_points_rebounds_assists,Nickeil Alexander-Walker,Under,26.5,-124,2025-11-26,2025-11-25T18:32:46Z
DraftKings,player_points_rebounds_assists,Kyshawn George,Over,25.5,-108,2025-11-26,2025-11-25T18:32:46Z
DraftKings,player_points_rebounds_assists,Kyshawn George,Under,25.5,-122,2025-11-26,2025-11-25T18:32:46Z
DraftKings,player_points_rebounds_assists,C.J. McCollum,Over,24.5,-110,2025-11-26,2025-11-25T18:32:46Z
DraftKings,player_points_rebounds_assists,C.J. McCollum,Under,24.5,-120,2025-11-26,2025-11-25T18:32:46Z
DraftKings,player_points_rebounds_assists,Dyson Daniels,Over,24.5,-109,2025-11-26,2025-11-25T18:32:46Z
DraftKings,player_points_rebounds_assists,Dyson Daniels,Under,24.5,-121,2025-11-26,2025-11-25T18:32:46Z
DraftKings,player_points_rebounds_assists,Onyeka Okongwu,Over,24.5,-109,2025-11-26,2025-11-25T18:32:46Z
DraftKings,player_points_rebounds_assists,Onyeka Okongwu,Under,24.5,-121,2025-11-26,2025-11-25T18:32:46Z
DraftKings,player_points_rebounds_assists,Bilal Coulibaly,Over,17.5,-111,2025-11-26,2025-11-25T18:32:46Z
DraftKings,player_points_rebounds_assists,Bilal Coulibaly,Under,17.5,-118,2025-11-26,2025-11-25T18:32:46Z
DraftKings,player_points_rebounds_assists,Khris Middleton,Over,16.5,-107,2025-11-26,2025-11-25T18:32:46Z
DraftKings,player_points_rebounds_assists,Khris Middleton,Under,16.5,-122,2025-11-26,2025-11-25T18:32:46Z
DraftKings,player_points_rebounds_assists,Carlton Carrington,Over,14.5,-120,2025-11-26,2025-11-25T18:32:46Z
DraftKings,player_points_rebounds_assists,Carlton Carrington,Under,14.5,-110,2025-11-26,2025-11-25T18:32:46Z
DraftKings,player_points_rebounds_assists,Tyrese Maxey,Over,43.5,-121,2025-11-26,2025-11-25T18:32:00Z
DraftKings,player_points_rebounds_assists,Tyrese Maxey,Under,43.5,-109,2025-11-26,2025-11-25T18:32:00Z
DraftKings,player_points_rebounds_assists,Franz Wagner,Over,35.5,-111,2025-11-26,2025-11-25T18:32:00Z
DraftKings,player_points_rebounds_assists,Franz Wagner,Under,35.5,-118,2025-11-26,2025-11-25T18:32:00Z
DraftKings,player_points_rebounds_assists,Desmond Bane,Over,30.5,-114,2025-11-26,2025-11-25T18:32:00Z
DraftKings,player_points_rebounds_assists,Desmond Bane,Under,30.5,-115,2025-11-26,2025-11-25T18:32:00Z
DraftKings,player_points_rebounds_assists,Jalen Suggs,Over,26.5,-106,2025-11-26,2025-11-25T18:32:00Z
DraftKings,player_points_rebounds_assists,Jalen Suggs,Under,26.5,-125,2025-11-26,2025-11-25T18:32:00Z
DraftKings,player_points_rebounds_assists,Quentin Grimes,Over,25.5,-112,2025-11-26,2025-11-25T18:32:00Z
DraftKings,player_points_rebounds_assists,Quentin Grimes,Under,25.5,-117,2025-11-26,2025-11-25T18:32:00Z
DraftKings,player_points_rebounds_assists,Wendell Carter Jr,Over,21.5,-110,2025-11-26,2025-11-25T18:32:00Z
DraftKings,player_points_rebounds_assists,Wendell Carter Jr,Under,21.5,-119,2025-11-26,2025-11-25T18:32:00Z
DraftKings,player_points_rebounds_assists,Anthony Black,Over,19.5,-112,2025-11-26,2025-11-25T18:32:00Z
DraftKings,player_points_rebounds_assists,Anthony Black,Under,19.5,-118,2025-11-26,2025-11-25T18:32:00Z
DraftKings,player_points_rebounds_assists,Justin Edwards,Over,15.5,-113,2025-11-26,2025-11-25T18:32:00Z
DraftKings,player_points_rebounds_assists,Justin Edwards,Under,15.5,-116,2025-11-26,2025-11-25T18:32:00Z
DraftKings,player_points_rebounds_assists,Luka Doncic,Over,50.5,-109,2025-11-26,2025-11-25T18:32:34Z
DraftKings,player_points_rebounds_assists,Luka Doncic,Under,50.5,-121,2025-11-26,2025-11-25T18:32:34Z
DraftKings,player_points_rebounds_assists,James Harden,Over,36.5,-121,2025-11-26,2025-11-25T18:32:34Z
DraftKings,player_points_rebounds_assists,James Harden,Under,36.5,-109,2025-11-26,2025-11-25T18:32:34Z
DraftKings,player_points_rebounds_assists,LeBron James,Over,35.5,-108,2025-11-26,2025-11-25T18:32:34Z
DraftKings,player_points_rebounds_assists,LeBron James,Under,35.5,-122,2025-11-26,2025-11-25T18:32:34Z
DraftKings,player_points_rebounds_assists,Austin Reaves,Over,31.5,-116,2025-11-26,2025-11-25T18:32:34Z
DraftKings,player_points_rebounds_assists,Austin Reaves,Under,31.5,-114,2025-11-26,2025-11-25T18:32:34Z
DraftKings,player_points_rebounds_assists,Ivica Zubac,Over,29.5,-125,2025-11-26,2025-11-25T18:32:34Z
DraftKings,player_points_rebounds_assists,Ivica Zubac,Under,29.5,-105,2025-11-26,2025-11-25T18:32:34Z
DraftKings,player_points_rebounds_assists,Kawhi Leonard,Over,28.5,-116,2025-11-26,2025-11-25T18:32:34Z
DraftKings,player_points_rebounds_assists,Kawhi Leonard,Under,28.5,-113,2025-11-26,2025-11-25T18:32:34Z
DraftKings,player_points_rebounds_assists,Kris Dunn,Over,11.5,-126,2025-11-26,2025-11-25T18:32:34Z
DraftKings,player_points_rebounds_assists,Kris Dunn,Under,11.5,-104,2025-11-26,2025-11-25T18:32:34Z
BetMGM,player_points_rebounds_assists,Jalen Johnson,Over,41.5,-120,2025-11-26,2025-11-25T18:32:30Z
BetMGM,player_points_rebounds_assists,Jalen Johnson,Under,41.5,-110,2025-11-26,2025-11-25T18:32:30Z
BetMGM,player_points_rebounds_assists,Zaccharie Risacher,Over,15.5,-118,2025-11-26,2025-11-25T18:32:30Z
BetMGM,player_points_rebounds_assists,Zaccharie Risacher,Under,15.5,-115,2025-11-26,2025-11-25T18:32:30Z
BetMGM,player_points_rebounds_assists,Alex Sarr,Over,30.5,-110,2025-11-26,2025-11-25T18:32:30Z
BetMGM,player_points_rebounds_assists,Alex Sarr,Under,30.5,-120,2025-11-26,2025-11-25T18:32:30Z
BetMGM,player_points_rebounds_assists,Marvin Bagley III,Over,13.5,-118,2025-11-26,2025-11-25T18:32:30Z
BetMGM,player_points_rebounds_assists,Marvin Bagley III,Under,13.5,-115,2025-11-26,2025-11-25T18:32:30Z
BetMGM,player_points_rebounds_assists,Cam Whitmore,Over,15.5,-118,2025-11-26,2025-11-25T18:32:30Z
BetMGM,player_points_rebounds_assists,Cam Whitmore,Under,15.5,-110,2025-11-26,2025-11-25T18:32:30Z
BetMGM,player_points_rebounds_assists,C.J. McCollum,Over,24.5,-118,2025-11-26,2025-11-25T18:32:30Z
BetMGM,player_points_rebounds_assists,C.J. McCollum,Under,24.5,-110,2025-11-26,2025-11-25T18:32:30Z
BetMGM,player_points_rebounds_assists,Nickeil Alexander-Walker,Over,26.5,-110,2025-11-26,2025-11-25T18:32:30Z
BetMGM,player_points_rebounds_assists,Nickeil Alexander-Walker,Under,26.5,-120,2025-11-26,2025-11-25T18:32:30Z
BetMGM,player_points_rebounds_assists,Carlton Carrington,Over,15.5,-118,2025-11-26,2025-11-25T18:32:30Z
BetMGM,player_points_rebounds_assists,Carlton Carrington,Under,15.5,-110,2025-11-26,2025-11-25T18:32:30Z
BetMGM,player_points_rebounds_assists,Kyshawn George,Over,24.5,-110,2025-11-26,2025-11-25T18:32:30Z
BetMGM,player_points_rebounds_assists,Kyshawn George,Under,24.5,-120,2025-11-26,2025-11-25T18:32:30Z
BetMGM,player_points_rebounds_assists,Bilal Coulibaly,Over,18.5,-105,2025-11-26,2025-11-25T18:32:30Z
BetMGM,player_points_rebounds_assists,Bilal Coulibaly,Under,18.5,-130,2025-11-26,2025-11-25T18:32:30Z
BetMGM,player_points_rebounds_assists,Khris Middleton,Over,16.5,-105,2025-11-26,2025-11-25T18:32:30Z
BetMGM,player_points_rebounds_assists,Khris Middleton,Under,16.5,-125,2025-11-26,2025-11-25T18:32:30Z
BetMGM,player_points_rebounds_assists,Vit Krejci,Over,14.5,-115,2025-11-26,2025-11-25T18:32:30Z
BetMGM,player_points_rebounds_assists,Vit Krejci,Under,14.5,-115,2025-11-26,2025-11-25T18:32:30Z
BetMGM,player_points_rebounds_assists,Corey Kispert,Over,12.5,-110,2025-11-26,2025-11-25T18:32:30Z
BetMGM,player_points_rebounds_assists,Corey Kispert,Under,12.5,-118,2025-11-26,2025-11-25T18:32:30Z
BetMGM,player_points_rebounds_assists,Dyson Daniels,Over,24.5,-105,2025-11-26,2025-11-25T18:32:30Z
BetMGM,player_points_rebounds_assists,Dyson Daniels,Under,24.5,-125,2025-11-26,2025-11-25T18:32:30Z
BetMGM,player_points_rebounds_assists,Kristaps Porzingis,Over,28.5,-110,2025-11-26,2025-11-25T18:32:30Z
BetMGM,player_points_rebounds_assists,Kristaps Porzingis,Under,28.5,-120,2025-11-26,2025-11-25T18:32:30Z
BetMGM,player_points_rebounds_assists,Onyeka Okongwu,Over,23.5,-125,2025-11-26,2025-11-25T18:32:30Z
BetMGM,player_points_rebounds_assists,Onyeka Okongwu,Under,23.5,-105,2025-11-26,2025-11-25T18:32:30Z
BetMGM,player_points_rebounds_assists,Desmond Bane,Over,30.5,-115,2025-11-26,2025-11-25T18:32:19Z
BetMGM,player_points_rebounds_assists,Desmond Bane,Under,30.5,-115,2025-11-26,2025-11-25T18:32:19Z
BetMGM,player_points_rebounds_assists,Franz Wagner,Over,35.5,-110,2025-11-26,2025-11-25T18:32:19Z
BetMGM,player_points_rebounds_assists,Franz Wagner,Under,35.5,-118,2025-11-26,2025-11-25T18:32:19Z
BetMGM,player_points_rebounds_assists,Jalen Suggs,Over,26.5,-105,2025-11-26,2025-11-25T18:32:19Z
BetMGM,player_points_rebounds_assists,Jalen Suggs,Under,26.5,-125,2025-11-26,2025-11-25T18:32:19Z
BetMGM,player_points_rebounds_assists,Goga Bitadze,Over,11.5,-110,2025-11-26,2025-11-25T18:32:19Z
BetMGM,player_points_rebounds_assists,Goga Bitadze,Under,11.5,-120,2025-11-26,2025-11-25T18:32:19Z
BetMGM,player_points_rebounds_assists,Tristan da Silva,Over,19.5,-120,2025-11-26,2025-11-25T18:32:19Z
BetMGM,player_points_rebounds_assists,Tristan da Silva,Under,19.5,-110,2025-11-26,2025-11-25T18:32:19Z
BetMGM,player_points_rebounds_assists,Quentin Grimes,Over,25.5,-120,2025-11-26,2025-11-25T18:32:19Z
BetMGM,player_points_rebounds_assists,Quentin Grimes,Under,25.5,-110,2025-11-26,2025-11-25T18:32:19Z
BetMGM,player_points_rebounds_assists,Trendon Watford,Over,17.5,-105,2025-11-26,2025-11-25T18:32:19Z
BetMGM,player_points_rebounds_assists,Trendon Watford,Under,17.5,-125,2025-11-26,2025-11-25T18:32:19Z
BetMGM,player_points_rebounds_assists,Wendell Carter Jr,Over,21.5,-110,2025-11-26,2025-11-25T18:32:19Z
BetMGM,player_points_rebounds_assists,Wendell Carter Jr,Under,21.5,-120,2025-11-26,2025-11-25T18:32:19Z
BetMGM,player_points_rebounds_assists,Andre Drummond,Over,25.5,-110,2025-11-26,2025-11-25T18:32:19Z
BetMGM,player_points_rebounds_assists,Andre Drummond,Under,25.5,-120,2025-11-26,2025-11-25T18:32:19Z
BetMGM,player_points_rebounds_assists,Anthony Black,Over,19.5,-105,2025-11-26,2025-11-25T18:32:19Z
BetMGM,player_points_rebounds_assists,Anthony Black,Under,19.5,-125,2025-11-26,2025-11-25T18:32:19Z
BetMGM,player_points_rebounds_assists,Justin Edwards,Over,15.5,-105,2025-11-26,2025-11-25T18:32:19Z
BetMGM,player_points_rebounds_assists,Justin Edwards,Under,15.5,-130,2025-11-26,2025-11-25T18:32:19Z
BetMGM,player_points_rebounds_assists,Tyrese Maxey,Over,43.5,-125,2025-11-26,2025-11-25T18:32:19Z
BetMGM,player_points_rebounds_assists,Tyrese Maxey,Under,43.5,-105,2025-11-26,2025-11-25T18:32:19Z
BetMGM,player_points_rebounds_assists,Austin Reaves,Over,30.5,-130,2025-11-26,2025-11-25T18:32:32Z
BetMGM,player_points_rebounds_assists,Austin Reaves,Under,30.5,-105,2025-11-26,2025-11-25T18:32:32Z
BetMGM,player_points_rebounds_assists,Ivica Zubac,Over,30.5,-110,2025-11-26,2025-11-25T18:32:32Z
BetMGM,player_points_rebounds_assists,Ivica Zubac,Under,30.5,-120,2025-11-26,2025-11-25T18:32:32Z
BetMGM,player_points_rebounds_assists,Brook Lopez,Over,8.5,-120,2025-11-26,2025-11-25T18:32:32Z
BetMGM,player_points_rebounds_assists,Brook Lopez,Under,8.5,-110,2025-11-26,2025-11-25T18:32:32Z
BetMGM,player_points_rebounds_assists,Kawhi Leonard,Over,27.5,-110,2025-11-26,2025-11-25T18:32:32Z
BetMGM,player_points_rebounds_assists,Kawhi Leonard,Under,27.5,-120,2025-11-26,2025-11-25T18:32:32Z
BetMGM,player_points_rebounds_assists,Bogdan Bogdanovic,Over,12.5,-115,2025-11-26,2025-11-25T18:32:32Z
BetMGM,player_points_rebounds_assists,Bogdan Bogdanovic,Under,12.5,-115,2025-11-26,2025-11-25T18:32:32Z
BetMGM,player_points_rebounds_assists,James Harden,Over,37.5,-115,2025-11-26,2025-11-25T18:32:32Z
BetMGM,player_points_rebounds_assists,James Harden,Under,37.5,-118,2025-11-26,2025-11-25T18:32:32Z
BetMGM,player_points_rebounds_assists,Rui Hachimura,Over,15.5,-130,2025-11-26,2025-11-25T18:32:32Z
BetMGM,player_points_rebounds_assists,Rui Hachimura,Under,15.5,-105,2025-11-26,2025-11-25T18:32:32Z
BetMGM,player_points_rebounds_assists,Kris Dunn,Over,10.5,-135,2025-11-26,2025-11-25T18:32:32Z
BetMGM,player_points_rebounds_assists,Kris Dunn,Under,10.5,100,2025-11-26,2025-11-25T18:32:32Z
BetMGM,player_points_rebounds_assists,Gabe Vincent,Over,6.5,-118,2025-11-26,2025-11-25T18:32:32Z
BetMGM,player_points_rebounds_assists,Gabe Vincent,Under,6.5,-110,2025-11-26,2025-11-25T18:32:32Z
BetMGM,player_points_rebounds_assists,Jaxson Hayes,Over,12.5,-130,2025-11-26,2025-11-25T18:32:32Z
BetMGM,player_points_rebounds_assists,Jaxson Hayes,Under,12.5,100,2025-11-26,2025-11-25T18:32:32Z
BetMGM,player_points_rebounds_assists,Jake LaRavia,Over,12.5,-118,2025-11-26,2025-11-25T18:32:32Z
BetMGM,player_points_rebounds_assists,Jake LaRavia,Under,12.5,-115,2025-11-26,2025-11-25T18:32:32Z
BetMGM,player_points_rebounds_assists,Marcus Smart,Over,9.5,-118,2025-11-26,2025-11-25T18:32:32Z
BetMGM,player_points_rebounds_assists,Marcus Smart,Under,9.5,-115,2025-11-26,2025-11-25T18:32:32Z
BetMGM,player_points_rebounds_assists,Nicolas Batum,Over,9.5,-110,2025-11-26,2025-11-25T18:32:32Z
BetMGM,player_points_rebounds_assists,Nicolas Batum,Under,9.5,-120,2025-11-26,2025-11-25T18:32:32Z
BetMGM,player_points_rebounds_assists,John Collins,Over,16.5,-125,2025-11-26,2025-11-25T18:32:32Z
BetMGM,player_points_rebounds_assists,John Collins,Under,16.5,-110,2025-11-26,2025-11-25T18:32:32Z
BetMGM,player_points_rebounds_assists,LeBron James,Over,35.5,-105,2025-11-26,2025-11-25T18:32:32Z
BetMGM,player_points_rebounds_assists,LeBron James,Under,35.5,-125,2025-11-26,2025-11-25T18:32:32Z
BetMGM,player_points_rebounds_assists,Luka Doncic,Over,49.5,-120,2025-11-26,2025-11-25T18:32:32Z
BetMGM,player_points_rebounds_assists,Luka Doncic,Under,49.5,-110,2025-11-26,2025-11-25T18:32:32Z
BetRivers,player_points_rebounds_assists,Kyshawn George,Over,24.5,-121,2025-11-26,2025-11-25T18:31:52Z
BetRivers,player_points_rebounds_assists,Kyshawn George,Under,24.5,-110,2025-11-26,2025-11-25T18:31:52Z
BetRivers,player_points_rebounds_assists,Khris Middleton,Over,16.5,-108,2025-11-26,2025-11-25T18:31:52Z
BetRivers,player_points_rebounds_assists,Khris Middleton,Under,16.5,-122,2025-11-26,2025-11-25T18:31:52Z
BetRivers,player_points_rebounds_assists,Bilal Coulibaly,Over,19.5,120,2025-11-26,2025-11-25T18:31:52Z
BetRivers,player_points_rebounds_assists,Bilal Coulibaly,Under,19.5,-167,2025-11-26,2025-11-25T18:31:52Z
BetRivers,player_points_rebounds_assists,Jalen Johnson,Over,43.5,-107,2025-11-26,2025-11-25T18:31:52Z
BetRivers,player_points_rebounds_assists,Jalen Johnson,Under,43.5,-125,2025-11-26,2025-11-25T18:31:52Z
BetRivers,player_points_rebounds_assists,Jalen Johnson,Over,45.5,120,2025-11-26,2025-11-25T18:31:52Z
BetRivers,player_points_rebounds_assists,Jalen Johnson,Under,45.5,-165,2025-11-26,2025-11-25T18:31:52Z
BetRivers,player_points_rebounds_assists,Kyshawn George,Over,26.5,112,2025-11-26,2025-11-25T18:31:52Z
BetRivers,player_points_rebounds_assists,Kyshawn George,Under,26.5,-155,2025-11-26,2025-11-25T18:31:52Z
BetRivers,player_points_rebounds_assists,Bilal Coulibaly,Over,18.5,100,2025-11-26,2025-11-25T18:31:52Z
BetRivers,player_points_rebounds_assists,Bilal Coulibaly,Under,18.5,-134,2025-11-26,2025-11-25T18:31:52Z
BetRivers,player_points_rebounds_assists,Kristaps Porzingis,Over,29.5,-110,2025-11-26,2025-11-25T18:31:52Z
BetRivers,player_points_rebounds_assists,Kristaps Porzingis,Under,29.5,-121,2025-11-26,2025-11-25T18:31:52Z
BetRivers,player_points_rebounds_assists,Jalen Johnson,Over,40.5,-157,2025-11-26,2025-11-25T18:31:52Z
BetRivers,player_points_rebounds_assists,Jalen Johnson,Under,40.5,115,2025-11-26,2025-11-25T18:31:52Z
BetRivers,player_points_rebounds_assists,Alex Sarr,Over,28.5,-157,2025-11-26,2025-11-25T18:31:52Z
BetRivers,player_points_rebounds_assists,Alex Sarr,Under,28.5,114,2025-11-26,2025-11-25T18:31:52Z
BetRivers,player_points_rebounds_assists,C.J. McCollum,Over,26.5,107,2025-11-26,2025-11-25T18:31:52Z
BetRivers,player_points_rebounds_assists,C.J. McCollum,Under,26.5,-143,2025-11-26,2025-11-25T18:31:52Z
BetRivers,player_points_rebounds_assists,Khris Middleton,Over,17.5,112,2025-11-26,2025-11-25T18:31:52Z
BetRivers,player_points_rebounds_assists,Khris Middleton,Under,17.5,-152,2025-11-26,2025-11-25T18:31:52Z
BetRivers,player_points_rebounds_assists,Alex Sarr,Over,32.5,112,2025-11-26,2025-11-25T18:31:52Z
BetRivers,player_points_rebounds_assists,Alex Sarr,Under,32.5,-152,2025-11-26,2025-11-25T18:31:52Z
BetRivers,player_points_rebounds_assists,Khris Middleton,Over,14.5,-167,2025-11-26,2025-11-25T18:31:52Z
BetRivers,player_points_rebounds_assists,Khris Middleton,Under,14.5,120,2025-11-26,2025-11-25T18:31:52Z
BetRivers,player_points_rebounds_assists,Alex Sarr,Over,31.5,-103,2025-11-26,2025-11-25T18:31:52Z
BetRivers,player_points_rebounds_assists,Alex Sarr,Under,31.5,-130,2025-11-26,2025-11-25T18:31:52Z
BetRivers,player_points_rebounds_assists,C.J. McCollum,Over,23.5,-152,2025-11-26,2025-11-25T18:31:52Z
BetRivers,player_points_rebounds_assists,C.J. McCollum,Under,23.5,112,2025-11-26,2025-11-25T18:31:52Z
BetRivers,player_points_rebounds_assists,Kristaps Porzingis,Over,27.5,-143,2025-11-26,2025-11-25T18:31:52Z
BetRivers,player_points_rebounds_assists,Kristaps Porzingis,Under,27.5,107,2025-11-26,2025-11-25T18:31:52Z
BetRivers,player_points_rebounds_assists,Khris Middleton,Over,15.5,-134,2025-11-26,2025-11-25T18:31:52Z
BetRivers,player_points_rebounds_assists,Khris Middleton,Under,15.5,100,2025-11-26,2025-11-25T18:31:52Z
BetRivers,player_points_rebounds_assists,Bilal Coulibaly,Over,17.5,-122,2025-11-26,2025-11-25T18:31:52Z
BetRivers,player_points_rebounds_assists,Bilal Coulibaly,Under,17.5,-109,2025-11-26,2025-11-25T18:31:52Z
BetRivers,player_points_rebounds_assists,Alex Sarr,Over,29.5,-134,2025-11-26,2025-11-25T18:31:52Z
BetRivers,player_points_rebounds_assists,Alex Sarr,Under,29.5,102,2025-11-26,2025-11-25T18:31:52Z
BetRivers,player_points_rebounds_assists,Nickeil Alexander-Walker,Over,27.5,108,2025-11-26,2025-11-25T18:31:52Z
BetRivers,player_points_rebounds_assists,Nickeil Alexander-Walker,Under,27.5,-148,2025-11-26,2025-11-25T18:31:52Z
BetRivers,player_points_rebounds_assists,Dyson Daniels,Over,23.5,-127,2025-11-26,2025-11-25T18:31:52Z
BetRivers,player_points_rebounds_assists,Dyson Daniels,Under,23.5,-105,2025-11-26,2025-11-25T18:31:52Z
BetRivers,player_points_rebounds_assists,C.J. McCollum,Over,24.5,-127,2025-11-26,2025-11-25T18:31:52Z
BetRivers,player_points_rebounds_assists,C.J. McCollum,Under,24.5,-105,2025-11-26,2025-11-25T18:31:52Z
BetRivers,player_points_rebounds_assists,Kyshawn George,Over,25.5,-104,2025-11-26,2025-11-25T18:31:52Z
BetRivers,player_points_rebounds_assists,Kyshawn George,Under,25.5,-129,2025-11-26,2025-11-25T18:31:52Z
BetRivers,player_points_rebounds_assists,C.J. McCollum,Over,25.5,-109,2025-11-26,2025-11-25T18:31:52Z
BetRivers,player_points_rebounds_assists,C.J. McCollum,Under,25.5,-122,2025-11-26,2025-11-25T18:31:52Z
BetRivers,player_points_rebounds_assists,Kristaps Porzingis,Over,28.5,-125,2025-11-26,2025-11-25T18:31:52Z
BetRivers,player_points_rebounds_assists,Kristaps Porzingis,Under,28.5,-107,2025-11-26,2025-11-25T18:31:52Z
BetRivers,player_points_rebounds_assists,Nickeil Alexander-Walker,Over,26.5,-108,2025-11-26,2025-11-25T18:31:52Z
BetRivers,player_points_rebounds_assists,Nickeil Alexander-Walker,Under,26.5,-122,2025-11-26,2025-11-25T18:31:52Z
BetRivers,player_points_rebounds_assists,Jalen Johnson,Over,41.5,-137,2025-11-26,2025-11-25T18:31:52Z
BetRivers,player_points_rebounds_assists,Jalen Johnson,Under,41.5,104,2025-11-26,2025-11-25T18:31:52Z
BetRivers,player_points_rebounds_assists,Nickeil Alexander-Walker,Over,25.5,-127,2025-11-26,2025-11-25T18:31:52Z
BetRivers,player_points_rebounds_assists,Nickeil Alexander-Walker,Under,25.5,-106,2025-11-26,2025-11-25T18:31:52Z
BetRivers,player_points_rebounds_assists,Kristaps Porzingis,Over,31.5,116,2025-11-26,2025-11-25T18:31:52Z
BetRivers,player_points_rebounds_assists,Kristaps Porzingis,Under,31.5,-159,2025-11-26,2025-11-25T18:31:52Z
BetRivers,player_points_rebounds_assists,Nickeil Alexander-Walker,Over,24.5,-150,2025-11-26,2025-11-25T18:31:52Z
BetRivers,player_points_rebounds_assists,Nickeil Alexander-Walker,Under,24.5,110,2025-11-26,2025-11-25T18:31:52Z
BetRivers,player_points_rebounds_assists,Kyshawn George,Over,23.5,-139,2025-11-26,2025-11-25T18:31:52Z
BetRivers,player_points_rebounds_assists,Kyshawn George,Under,23.5,105,2025-11-26,2025-11-25T18:31:52Z
BetRivers,player_points_rebounds_assists,Bilal Coulibaly,Over,16.5,-155,2025-11-26,2025-11-25T18:31:52Z
BetRivers,player_points_rebounds_assists,Bilal Coulibaly,Under,16.5,112,2025-11-26,2025-11-25T18:31:52Z
BetRivers,player_points_rebounds_assists,Kristaps Porzingis,Over,30.5,104,2025-11-26,2025-11-25T18:31:52Z
BetRivers,player_points_rebounds_assists,Kristaps Porzingis,Under,30.5,-137,2025-11-26,2025-11-25T18:31:52Z
BetRivers,player_points_rebounds_assists,Jalen Johnson,Over,44.5,107,2025-11-26,2025-11-25T18:31:52Z
BetRivers,player_points_rebounds_assists,Jalen Johnson,Under,44.5,-143,2025-11-26,2025-11-25T18:31:52Z
BetRivers,player_points_rebounds_assists,Kyshawn George,Over,22.5,-167,2025-11-26,2025-11-25T18:31:52Z
BetRivers,player_points_rebounds_assists,Kyshawn George,Under,22.5,120,2025-11-26,2025-11-25T18:31:52Z
BetRivers,player_points_rebounds_assists,Kristaps Porzingis,Over,26.5,-167,2025-11-26,2025-11-25T18:31:52Z
BetRivers,player_points_rebounds_assists,Kristaps Porzingis,Under,26.5,120,2025-11-26,2025-11-25T18:31:52Z
BetRivers,player_points_rebounds_assists,Dyson Daniels,Over,25.5,112,2025-11-26,2025-11-25T18:31:52Z
BetRivers,player_points_rebounds_assists,Dyson Daniels,Under,25.5,-152,2025-11-26,2025-11-25T18:31:52Z
BetRivers,player_points_rebounds_assists,Dyson Daniels,Over,24.5,-106,2025-11-26,2025-11-25T18:31:52Z
BetRivers,player_points_rebounds_assists,Dyson Daniels,Under,24.5,-125,2025-11-26,2025-11-25T18:31:52Z
BetRivers,player_points_rebounds_assists,Dyson Daniels,Over,22.5,-157,2025-11-26,2025-11-25T18:31:52Z
BetRivers,player_points_rebounds_assists,Dyson Daniels,Under,22.5,114,2025-11-26,2025-11-25T18:31:52Z
BetRivers,player_points_rebounds_assists,Jalen Johnson,Over,42.5,-121,2025-11-26,2025-11-25T18:31:52Z
BetRivers,player_points_rebounds_assists,Jalen Johnson,Under,42.5,-110,2025-11-26,2025-11-25T18:31:52Z
BetRivers,player_points_rebounds_assists,Alex Sarr,Over,30.5,-117,2025-11-26,2025-11-25T18:31:52Z
BetRivers,player_points_rebounds_assists,Alex Sarr,Under,30.5,-114,2025-11-26,2025-11-25T18:31:52Z
BetRivers,player_points_rebounds_assists,Franz Wagner,Over,35.5,-122,2025-11-26,2025-11-25T18:32:01Z
BetRivers,player_points_rebounds_assists,Franz Wagner,Under,35.5,-108,2025-11-26,2025-11-25T18:32:01Z
BetRivers,player_points_rebounds_assists,Desmond Bane,Over,30.5,-134,2025-11-26,2025-11-25T18:32:01Z
BetRivers,player_points_rebounds_assists,Desmond Bane,Under,30.5,100,2025-11-26,2025-11-25T18:32:01Z
BetRivers,player_points_rebounds_assists,Quentin Grimes,Over,26.5,116,2025-11-26,2025-11-25T18:32:01Z
BetRivers,player_points_rebounds_assists,Quentin Grimes,Under,26.5,-159,2025-11-26,2025-11-25T18:32:01Z
BetRivers,player_points_rebounds_assists,Tyrese Maxey,Over,41.5,-143,2025-11-26,2025-11-25T18:32:01Z
BetRivers,player_points_rebounds_assists,Tyrese Maxey,Under,41.5,108,2025-11-26,2025-11-25T18:32:01Z
BetRivers,player_points_rebounds_assists,Franz Wagner,Over,33.5,-167,2025-11-26,2025-11-25T18:32:01Z
BetRivers,player_points_rebounds_assists,Franz Wagner,Under,33.5,123,2025-11-26,2025-11-25T18:32:01Z
BetRivers,player_points_rebounds_assists,Quentin Grimes,Over,25.5,100,2025-11-26,2025-11-25T18:32:01Z
BetRivers,player_points_rebounds_assists,Quentin Grimes,Under,25.5,-132,2025-11-26,2025-11-25T18:32:01Z
BetRivers,player_points_rebounds_assists,Jalen Suggs,Over,24.5,-165,2025-11-26,2025-11-25T18:32:01Z
BetRivers,player_points_rebounds_assists,Jalen Suggs,Under,24.5,118,2025-11-26,2025-11-25T18:32:01Z
BetRivers,player_points_rebounds_assists,Tyrese Maxey,Over,44.5,114,2025-11-26,2025-11-25T18:32:01Z
BetRivers,player_points_rebounds_assists,Tyrese Maxey,Under,44.5,-157,2025-11-26,2025-11-25T18:32:01Z
BetRivers,player_points_rebounds_assists,Jalen Suggs,Over,28.5,115,2025-11-26,2025-11-25T18:32:01Z
BetRivers,player_points_rebounds_assists,Jalen Suggs,Under,28.5,-157,2025-11-26,2025-11-25T18:32:01Z
BetRivers,player_points_rebounds_assists,Franz Wagner,Over,34.5,-143,2025-11-26,2025-11-25T18:32:01Z
BetRivers,player_points_rebounds_assists,Franz Wagner,Under,34.5,107,2025-11-26,2025-11-25T18:32:01Z
BetRivers,player_points_rebounds_assists,Jalen Suggs,Over,26.5,-118,2025-11-26,2025-11-25T18:32:01Z
BetRivers,player_points_rebounds_assists,Jalen Suggs,Under,26.5,-113,2025-11-26,2025-11-25T18:32:01Z
BetRivers,player_points_rebounds_assists,Desmond Bane,Over,31.5,-115,2025-11-26,2025-11-25T18:32:01Z
BetRivers,player_points_rebounds_assists,Desmond Bane,Under,31.5,-115,2025-11-26,2025-11-25T18:32:01Z
BetRivers,player_points_rebounds_assists,Jalen Suggs,Over,27.5,100,2025-11-26,2025-11-25T18:32:01Z
BetRivers,player_points_rebounds_assists,Jalen Suggs,Under,27.5,-132,2025-11-26,2025-11-25T18:32:01Z
BetRivers,player_points_rebounds_assists,Tyrese Maxey,Over,43.5,-103,2025-11-26,2025-11-25T18:32:01Z
BetRivers,player_points_rebounds_assists,Tyrese Maxey,Under,43.5,-130,2025-11-26,2025-11-25T18:32:01Z
BetRivers,player_points_rebounds_assists,Franz Wagner,Over,36.5,-107,2025-11-26,2025-11-25T18:32:01Z
BetRivers,player_points_rebounds_assists,Franz Wagner,Under,36.5,-124,2025-11-26,2025-11-25T18:32:01Z
BetRivers,player_points_rebounds_assists,Anthony Black,Over,19.5,-132,2025-11-26,2025-11-25T18:32:01Z
BetRivers,player_points_rebounds_assists,Anthony Black,Under,19.5,100,2025-11-26,2025-11-25T18:32:01Z
BetRivers,player_points_rebounds_assists,Desmond Bane,Over,32.5,100,2025-11-26,2025-11-25T18:32:01Z
BetRivers,player_points_rebounds_assists,Desmond Bane,Under,32.5,-134,2025-11-26,2025-11-25T18:32:01Z
BetRivers,player_points_rebounds_assists,Anthony Black,Over,18.5,-159,2025-11-26,2025-11-25T18:32:01Z
BetRivers,player_points_rebounds_assists,Anthony Black,Under,18.5,116,2025-11-26,2025-11-25T18:32:01Z
BetRivers,player_points_rebounds_assists,Desmond Bane,Over,29.5,-157,2025-11-26,2025-11-25T18:32:01Z
BetRivers,player_points_rebounds_assists,Desmond Bane,Under,29.5,115,2025-11-26,2025-11-25T18:32:01Z
BetRivers,player_points_rebounds_assists,Desmond Bane,Over,33.5,115,2025-11-26,2025-11-25T18:32:01Z
BetRivers,player_points_rebounds_assists,Desmond Bane,Under,33.5,-159,2025-11-26,2025-11-25T18:32:01Z
BetRivers,player_points_rebounds_assists,Anthony Black,Over,21.5,106,2025-11-26,2025-11-25T18:32:01Z
BetRivers,player_points_rebounds_assists,Anthony Black,Under,21.5,-141,2025-11-26,2025-11-25T18:32:01Z
BetRivers,player_points_rebounds_assists,Jalen Suggs,Over,25.5,-137,2025-11-26,2025-11-25T18:32:01Z
BetRivers,player_points_rebounds_assists,Jalen Suggs,Under,25.5,104,2025-11-26,2025-11-25T18:32:01Z
BetRivers,player_points_rebounds_assists,Anthony Black,Over,20.5,-112,2025-11-26,2025-11-25T18:32:01Z
BetRivers,player_points_rebounds_assists,Anthony Black,Under,20.5,-120,2025-11-26,2025-11-25T18:32:01Z
BetRivers,player_points_rebounds_assists,Franz Wagner,Over,37.5,108,2025-11-26,2025-11-25T18:32:01Z
BetRivers,player_points_rebounds_assists,Franz Wagner,Under,37.5,-148,2025-11-26,2025-11-25T18:32:01Z
BetRivers,player_points_rebounds_assists,Quentin Grimes,Over,23.5,-141,2025-11-26,2025-11-25T18:32:01Z
BetRivers,player_points_rebounds_assists,Quentin Grimes,Under,23.5,106,2025-11-26,2025-11-25T18:32:01Z
BetRivers,player_points_rebounds_assists,Tyrese Maxey,Over,42.5,-121,2025-11-26,2025-11-25T18:32:01Z
BetRivers,player_points_rebounds_assists,Tyrese Maxey,Under,42.5,-110,2025-11-26,2025-11-25T18:32:01Z
BetRivers,player_points_rebounds_assists,Quentin Grimes,Over,24.5,-120,2025-11-26,2025-11-25T18:32:01Z
BetRivers,player_points_rebounds_assists,Quentin Grimes,Under,24.5,-112,2025-11-26,2025-11-25T18:32:01Z
BetRivers,player_points_rebounds_assists,Luka Doncic,Over,50.5,105,2025-11-26,2025-11-25T18:32:48Z
BetRivers,player_points_rebounds_assists,Luka Doncic,Under,50.5,-141,2025-11-26,2025-11-25T18:32:48Z
BetRivers,player_points_rebounds_assists,Ivica Zubac,Over,32.5,110,2025-11-26,2025-11-25T18:32:48Z
BetRivers,player_points_rebounds_assists,Ivica Zubac,Under,32.5,-150,2025-11-26,2025-11-25T18:32:48Z
BetRivers,player_points_rebounds_assists,LeBron James,Over,36.5,107,2025-11-26,2025-11-25T18:32:48Z
BetRivers,player_points_rebounds_assists,LeBron James,Under,36.5,-143,2025-11-26,2025-11-25T18:32:48Z
BetRivers,player_points_rebounds_assists,Bogdan Bogdanovic,Over,12.5,-148,2025-11-26,2025-11-25T18:32:48Z
BetRivers,player_points_rebounds_assists,Bogdan Bogdanovic,Under,12.5,108,2025-11-26,2025-11-25T18:32:48Z
BetRivers,player_points_rebounds_assists,Bogdan Bogdanovic,Over,14.5,105,2025-11-26,2025-11-25T18:32:48Z
BetRivers,player_points_rebounds_assists,Bogdan Bogdanovic,Under,14.5,-141,2025-11-26,2025-11-25T18:32:48Z
BetRivers,player_points_rebounds_assists,Austin Reaves,Over,33.5,118,2025-11-26,2025-11-25T18:32:48Z
BetRivers,player_points_rebounds_assists,Austin Reaves,Under,33.5,-165,2025-11-26,2025-11-25T18:32:48Z
BetRivers,player_points_rebounds_assists,LeBron James,Over,33.5,-152,2025-11-26,2025-11-25T18:32:48Z
BetRivers,player_points_rebounds_assists,LeBron James,Under,33.5,112,2025-11-26,2025-11-25T18:32:48Z
BetRivers,player_points_rebounds_assists,Austin Reaves,Over,29.5,-165,2025-11-26,2025-11-25T18:32:48Z
BetRivers,player_points_rebounds_assists,Austin Reaves,Under,29.5,118,2025-11-26,2025-11-25T18:32:48Z
BetRivers,player_points_rebounds_assists,Kawhi Leonard,Over,27.5,-127,2025-11-26,2025-11-25T18:32:48Z
BetRivers,player_points_rebounds_assists,Kawhi Leonard,Under,27.5,-105,2025-11-26,2025-11-25T18:32:48Z
BetRivers,player_points_rebounds_assists,Kawhi Leonard,Over,30.5,120,2025-11-26,2025-11-25T18:32:48Z
BetRivers,player_points_rebounds_assists,Kawhi Leonard,Under,30.5,-167,2025-11-26,2025-11-25T18:32:48Z
BetRivers,player_points_rebounds_assists,Marcus Smart,Over,9.5,-122,2025-11-26,2025-11-25T18:32:48Z
BetRivers,player_points_rebounds_assists,Marcus Smart,Under,9.5,-109,2025-11-26,2025-11-25T18:32:48Z
BetRivers,player_points_rebounds_assists,Luka Doncic,Over,49.5,-112,2025-11-26,2025-11-25T18:32:48Z
BetRivers,player_points_rebounds_assists,Luka Doncic,Under,49.5,-118,2025-11-26,2025-11-25T18:32:48Z
BetRivers,player_points_rebounds_assists,LeBron James,Over,35.5,-109,2025-11-26,2025-11-25T18:32:48Z
BetRivers,player_points_rebounds_assists,LeBron James,Under,35.5,-122,2025-11-26,2025-11-25T18:32:48Z
BetRivers,player_points_rebounds_assists,LeBron James,Over,34.5,-127,2025-11-26,2025-11-25T18:32:48Z
BetRivers,player_points_rebounds_assists,LeBron James,Under,34.5,-105,2025-11-26,2025-11-25T18:32:48Z
BetRivers,player_points_rebounds_assists,James Harden,Over,37.5,-125,2025-11-26,2025-11-25T18:32:48Z
BetRivers,player_points_rebounds_assists,James Harden,Under,37.5,-106,2025-11-26,2025-11-25T18:32:48Z
BetRivers,player_points_rebounds_assists,Kris Dunn,Over,11.5,-108,2025-11-26,2025-11-25T18:32:48Z
BetRivers,player_points_rebounds_assists,Kris Dunn,Under,11.5,-124,2025-11-26,2025-11-25T18:32:48Z
BetRivers,player_points_rebounds_assists,Ivica Zubac,Over,30.5,-121,2025-11-26,2025-11-25T18:32:48Z
BetRivers,player_points_rebounds_assists,Ivica Zubac,Under,30.5,-110,2025-11-26,2025-11-25T18:32:48Z
BetRivers,player_points_rebounds_assists,Bogdan Bogdanovic,Over,13.5,-117,2025-11-26,2025-11-25T18:32:48Z
BetRivers,player_points_rebounds_assists,Bogdan Bogdanovic,Under,13.5,-114,2025-11-26,2025-11-25T18:32:48Z
BetRivers,player_points_rebounds_assists,Kris Dunn,Over,12.5,116,2025-11-26,2025-11-25T18:32:48Z
BetRivers,player_points_rebounds_assists,Kris Dunn,Under,12.5,-159,2025-11-26,2025-11-25T18:32:48Z
BetRivers,player_points_rebounds_assists,Marcus Smart,Over,10.5,106,2025-11-26,2025-11-25T18:32:48Z
BetRivers,player_points_rebounds_assists,Marcus Smart,Under,10.5,-141,2025-11-26,2025-11-25T18:32:48Z
BetRivers,player_points_rebounds_assists,Kris Dunn,Over,10.5,-136,2025-11-26,2025-11-25T18:32:48Z
BetRivers,player_points_rebounds_assists,Kris Dunn,Under,10.5,102,2025-11-26,2025-11-25T18:32:48Z
BetRivers,player_points_rebounds_assists,James Harden,Over,38.5,-109,2025-11-26,2025-11-25T18:32:48Z
BetRivers,player_points_rebounds_assists,James Harden,Under,38.5,-122,2025-11-26,2025-11-25T18:32:48Z
BetRivers,player_points_rebounds_assists,Ivica Zubac,Over,28.5,-165,2025-11-26,2025-11-25T18:32:48Z
BetRivers,player_points_rebounds_assists,Ivica Zubac,Under,28.5,120,2025-11-26,2025-11-25T18:32:48Z
BetRivers,player_points_rebounds_assists,Kawhi Leonard,Over,28.5,-109,2025-11-26,2025-11-25T18:32:48Z
BetRivers,player_points_rebounds_assists,Kawhi Leonard,Under,28.5,-122,2025-11-26,2025-11-25T18:32:48Z
BetRivers,player_points_rebounds_assists,Marcus Smart,Over,8.5,-165,2025-11-26,2025-11-25T18:32:48Z
BetRivers,player_points_rebounds_assists,Marcus Smart,Under,8.5,120,2025-11-26,2025-11-25T18:32:48Z
BetRivers,player_points_rebounds_assists,Austin Reaves,Over,30.5,-137,2025-11-26,2025-11-25T18:32:48Z
BetRivers,player_points_rebounds_assists,Austin Reaves,Under,30.5,102,2025-11-26,2025-11-25T18:32:48Z
BetRivers,player_points_rebounds_assists,Kawhi Leonard,Over,29.5,106,2025-11-26,2025-11-25T18:32:48Z
BetRivers,player_points_rebounds_assists,Kawhi Leonard,Under,29.5,-141,2025-11-26,2025-11-25T18:32:48Z
BetRivers,player_points_rebounds_assists,Luka Doncic,Over,47.5,-159,2025-11-26,2025-11-25T18:32:48Z
BetRivers,player_points_rebounds_assists,Luka Doncic,Under,47.5,116,2025-11-26,2025-11-25T18:32:48Z
BetRivers,player_points_rebounds_assists,Ivica Zubac,Over,31.5,-105,2025-11-26,2025-11-25T18:32:48Z
BetRivers,player_points_rebounds_assists,Ivica Zubac,Under,31.5,-127,2025-11-26,2025-11-25T18:32:48Z
BetRivers,player_points_rebounds_assists,James Harden,Over,36.5,-148,2025-11-26,2025-11-25T18:32:48Z
BetRivers,player_points_rebounds_assists,James Harden,Under,36.5,108,2025-11-26,2025-11-25T18:32:48Z
BetRivers,player_points_rebounds_assists,Austin Reaves,Over,31.5,-115,2025-11-26,2025-11-25T18:32:48Z
BetRivers,player_points_rebounds_assists,Austin Reaves,Under,31.5,-115,2025-11-26,2025-11-25T18:32:48Z
BetRivers,player_points_rebounds_assists,Luka Doncic,Over,48.5,-132,2025-11-26,2025-11-25T18:32:48Z
BetRivers,player_points_rebounds_assists,Luka Doncic,Under,48.5,100,2025-11-26,2025-11-25T18:32:48Z
BetRivers,player_points_rebounds_assists,Austin Reaves,Over,32.5,102,2025-11-26,2025-11-25T18:32:48Z
BetRivers,player_points_rebounds_assists,Austin Reaves,Under,32.5,-136,2025-11-26,2025-11-25T18:32:48Z
BetRivers,player_points_rebounds_assists,Ivica Zubac,Over,29.5,-139,2025-11-26,2025-11-25T18:32:48Z
BetRivers,player_points_rebounds_assists,Ivica Zubac,Under,29.5,104,2025-11-26,2025-11-25T18:32:48Z
BetRivers,player_points_rebounds_assists,James Harden,Over,39.5,106,2025-11-26,2025-11-25T18:32:48Z
BetRivers,player_points_rebounds_assists,James Harden,Under,39.5,-141,2025-11-26,2025-11-25T18:32:48Z
BetRivers,player_points_rebounds_assists,Kawhi Leonard,Over,26.5,-150,2025-11-26,2025-11-25T18:32:48Z
BetRivers,player_points_rebounds_assists,Kawhi Leonard,Under,26.5,110,2025-11-26,2025-11-25T18:32:48Z
BetRivers,player_points_rebounds_assists,James Harden,Over,40.5,120,2025-11-26,2025-11-25T18:32:48Z
BetRivers,player_points_rebounds_assists,James Harden,Under,40.5,-167,2025-11-26,2025-11-25T18:32:48Z
Bovada,player_points_rebounds_assists,Alex Sarr,Over,27.5,-190,2025-11-26,2025-11-25T18:32:50Z
Bovada,player_points_rebounds_assists,Alex Sarr,Under,27.5,145,2025-11-26,2025-11-25T18:32:50Z
Bovada,player_points_rebounds_assists,Alex Sarr,Over,28.5,-160,2025-11-26,2025-11-25T18:32:50Z
Bovada,player_points_rebounds_assists,Alex Sarr,Under,28.5,120,2025-11-26,2025-11-25T18:32:50Z
Bovada,player_points_rebounds_assists,Alex Sarr,Over,29.5,-130,2025-11-26,2025-11-25T18:32:50Z
Bovada,player_points_rebounds_assists,Alex Sarr,Under,29.5,100,2025-11-26,2025-11-25T18:32:50Z
Bovada,player_points_rebounds_assists,Alex Sarr,Over,30.5,-110,2025-11-26,2025-11-25T18:32:50Z
Bovada,player_points_rebounds_assists,Alex Sarr,Under,30.5,-120,2025-11-26,2025-11-25T18:32:50Z
Bovada,player_points_rebounds_assists,Alex Sarr,Over,31.5,110,2025-11-26,2025-11-25T18:32:50Z
Bovada,player_points_rebounds_assists,Alex Sarr,Under,31.5,-145,2025-11-26,2025-11-25T18:32:50Z
Bovada,player_points_rebounds_assists,Bilal Coulibaly,Over,15.5,-210,2025-11-26,2025-11-25T18:32:50Z
Bovada,player_points_rebounds_assists,Bilal Coulibaly,Under,15.5,155,2025-11-26,2025-11-25T18:32:50Z
Bovada,player_points_rebounds_assists,Bilal Coulibaly,Over,16.5,-160,2025-11-26,2025-11-25T18:32:50Z
Bovada,player_points_rebounds_assists,Bilal Coulibaly,Under,16.5,120,2025-11-26,2025-11-25T18:32:50Z
Bovada,player_points_rebounds_assists,Bilal Coulibaly,Over,17.5,-125,2025-11-26,2025-11-25T18:32:50Z
Bovada,player_points_rebounds_assists,Bilal Coulibaly,Under,17.5,-105,2025-11-26,2025-11-25T18:32:50Z
Bovada,player_points_rebounds_assists,Bilal Coulibaly,Over,18.5,100,2025-11-26,2025-11-25T18:32:50Z
Bovada,player_points_rebounds_assists,Bilal Coulibaly,Under,18.5,-130,2025-11-26,2025-11-25T18:32:50Z
Bovada,player_points_rebounds_assists,Bilal Coulibaly,Over,19.5,125,2025-11-26,2025-11-25T18:32:50Z
Bovada,player_points_rebounds_assists,Bilal Coulibaly,Under,19.5,-165,2025-11-26,2025-11-25T18:32:50Z
Bovada,player_points_rebounds_assists,Carlton Carrington,Over,13.5,-200,2025-11-26,2025-11-25T18:32:50Z
Bovada,player_points_rebounds_assists,Carlton Carrington,Under,13.5,150,2025-11-26,2025-11-25T18:32:50Z
Bovada,player_points_rebounds_assists,Carlton Carrington,Over,14.5,-150,2025-11-26,2025-11-25T18:32:50Z
Bovada,player_points_rebounds_assists,Carlton Carrington,Under,14.5,115,2025-11-26,2025-11-25T18:32:50Z
Bovada,player_points_rebounds_assists,Carlton Carrington,Over,15.5,-115,2025-11-26,2025-11-25T18:32:50Z
Bovada,player_points_rebounds_assists,Carlton Carrington,Under,15.5,-115,2025-11-26,2025-11-25T18:32:50Z
Bovada,player_points_rebounds_assists,Carlton Carrington,Over,16.5,110,2025-11-26,2025-11-25T18:32:50Z
Bovada,player_points_rebounds_assists,Carlton Carrington,Under,16.5,-145,2025-11-26,2025-11-25T18:32:50Z
Bovada,player_points_rebounds_assists,Carlton Carrington,Over,17.5,140,2025-11-26,2025-11-25T18:32:50Z
Bovada,player_points_rebounds_assists,Carlton Carrington,Under,17.5,-185,2025-11-26,2025-11-25T18:32:50Z
Bovada,player_points_rebounds_assists,Cam Whitmore,Over,13.5,-200,2025-11-26,2025-11-25T18:32:50Z
Bovada,player_points_rebounds_assists,Cam Whitmore,Under,13.5,150,2025-11-26,2025-11-25T18:32:50Z
Bovada,player_points_rebounds_assists,Cam Whitmore,Over,14.5,-150,2025-11-26,2025-11-25T18:32:50Z
Bovada,player_points_rebounds_assists,Cam Whitmore,Under,14.5,115,2025-11-26,2025-11-25T18:32:50Z
Bovada,player_points_rebounds_assists,Cam Whitmore,Over,15.5,-120,2025-11-26,2025-11-25T18:32:50Z
Bovada,player_points_rebounds_assists,Cam Whitmore,Under,15.5,-110,2025-11-26,2025-11-25T18:32:50Z
Bovada,player_points_rebounds_assists,Cam Whitmore,Over,16.5,105,2025-11-26,2025-11-25T18:32:50Z
Bovada,player_points_rebounds_assists,Cam Whitmore,Under,16.5,-135,2025-11-26,2025-11-25T18:32:50Z
Bovada,player_points_rebounds_assists,Cam Whitmore,Over,17.5,135,2025-11-26,2025-11-25T18:32:50Z
Bovada,player_points_rebounds_assists,Cam Whitmore,Under,17.5,-180,2025-11-26,2025-11-25T18:32:50Z
Bovada,player_points_rebounds_assists,C.J. McCollum,Over,22.5,-180,2025-11-26,2025-11-25T18:32:50Z
Bovada,player_points_rebounds_assists,C.J. McCollum,Under,22.5,135,2025-11-26,2025-11-25T18:32:50Z
Bovada,player_points_rebounds_assists,C.J. McCollum,Over,23.5,-145,2025-11-26,2025-11-25T18:32:50Z
Bovada,player_points_rebounds_assists,C.J. McCollum,Under,23.5,110,2025-11-26,2025-11-25T18:32:50Z
Bovada,player_points_rebounds_assists,C.J. McCollum,Over,24.5,-120,2025-11-26,2025-11-25T18:32:50Z
Bovada,player_points_rebounds_assists,C.J. McCollum,Under,24.5,-110,2025-11-26,2025-11-25T18:32:50Z
Bovada,player_points_rebounds_assists,C.J. McCollum,Over,25.5,100,2025-11-26,2025-11-25T18:32:50Z
Bovada,player_points_rebounds_assists,C.J. McCollum,Under,25.5,-130,2025-11-26,2025-11-25T18:32:50Z
Bovada,player_points_rebounds_assists,C.J. McCollum,Over,26.5,120,2025-11-26,2025-11-25T18:32:50Z
Bovada,player_points_rebounds_assists,C.J. McCollum,Under,26.5,-160,2025-11-26,2025-11-25T18:32:50Z
Bovada,player_points_rebounds_assists,Dyson Daniels,Over,21.5,-190,2025-11-26,2025-11-25T18:32:50Z
Bovada,player_points_rebounds_assists,Dyson Daniels,Under,21.5,145,2025-11-26,2025-11-25T18:32:50Z
Bovada,player_points_rebounds_assists,Dyson Daniels,Over,22.5,-160,2025-11-26,2025-11-25T18:32:50Z
Bovada,player_points_rebounds_assists,Dyson Daniels,Under,22.5,120,2025-11-26,2025-11-25T18:32:50Z
Bovada,player_points_rebounds_assists,Dyson Daniels,Over,23.5,-130,2025-11-26,2025-11-25T18:32:50Z
Bovada,player_points_rebounds_assists,Dyson Daniels,Under,23.5,100,2025-11-26,2025-11-25T18:32:50Z
Bovada,player_points_rebounds_assists,Dyson Daniels,Over,24.5,-105,2025-11-26,2025-11-25T18:32:50Z
Bovada,player_points_rebounds_assists,Dyson Daniels,Under,24.5,-125,2025-11-26,2025-11-25T18:32:50Z
Bovada,player_points_rebounds_assists,Dyson Daniels,Over,25.5,115,2025-11-26,2025-11-25T18:32:50Z
Bovada,player_points_rebounds_assists,Dyson Daniels,Under,25.5,-150,2025-11-26,2025-11-25T18:32:50Z
Bovada,player_points_rebounds_assists,Jalen Johnson,Over,39.5,-165,2025-11-26,2025-11-25T18:32:50Z
Bovada,player_points_rebounds_assists,Jalen Johnson,Under,39.5,125,2025-11-26,2025-11-25T18:32:50Z
Bovada,player_points_rebounds_assists,Jalen Johnson,Over,40.5,-135,2025-11-26,2025-11-25T18:32:50Z
Bovada,player_points_rebounds_assists,Jalen Johnson,Under,40.5,105,2025-11-26,2025-11-25T18:32:50Z
Bovada,player_points_rebounds_assists,Jalen Johnson,Over,41.5,-120,2025-11-26,2025-11-25T18:32:50Z
Bovada,player_points_rebounds_assists,Jalen Johnson,Under,41.5,-110,2025-11-26,2025-11-25T18:32:50Z
Bovada,player_points_rebounds_assists,Jalen Johnson,Over,42.5,-105,2025-11-26,2025-11-25T18:32:50Z
Bovada,player_points_rebounds_assists,Jalen Johnson,Under,42.5,-125,2025-11-26,2025-11-25T18:32:50Z
Bovada,player_points_rebounds_assists,Jalen Johnson,Over,43.5,110,2025-11-26,2025-11-25T18:32:50Z
Bovada,player_points_rebounds_assists,Jalen Johnson,Under,43.5,-145,2025-11-26,2025-11-25T18:32:50Z
Bovada,player_points_rebounds_assists,Khris Middleton,Over,13.5,-240,2025-11-26,2025-11-25T18:32:50Z
Bovada,player_points_rebounds_assists,Khris Middleton,Under,13.5,175,2025-11-26,2025-11-25T18:32:50Z
Bovada,player_points_rebounds_assists,Khris Middleton,Over,14.5,-180,2025-11-26,2025-11-25T18:32:50Z
Bovada,player_points_rebounds_assists,Khris Middleton,Under,14.5,135,2025-11-26,2025-11-25T18:32:50Z
Bovada,player_points_rebounds_assists,Khris Middleton,Over,15.5,-135,2025-11-26,2025-11-25T18:32:50Z
Bovada,player_points_rebounds_assists,Khris Middleton,Under,15.5,105,2025-11-26,2025-11-25T18:32:50Z
Bovada,player_points_rebounds_assists,Khris Middleton,Over,16.5,-110,2025-11-26,2025-11-25T18:32:50Z
Bovada,player_points_rebounds_assists,Khris Middleton,Under,16.5,-120,2025-11-26,2025-11-25T18:32:50Z
Bovada,player_points_rebounds_assists,Khris Middleton,Over,17.5,115,2025-11-26,2025-11-25T18:32:50Z
Bovada,player_points_rebounds_assists,Khris Middleton,Under,17.5,-150,2025-11-26,2025-11-25T18:32:50Z
Bovada,player_points_rebounds_assists,Kristaps Porzingis,Over,25.5,-190,2025-11-26,2025-11-25T18:32:50Z
Bovada,player_points_rebounds_assists,Kristaps Porzingis,Under,25.5,145,2025-11-26,2025-11-25T18:32:50Z
Bovada,player_points_rebounds_assists,Kristaps Porzingis,Over,26.5,-160,2025-11-26,2025-11-25T18:32:50Z
Bovada,player_points_rebounds_assists,Kristaps Porzingis,Under,26.5,120,2025-11-26,2025-11-25T18:32:50Z
Bovada,player_points_rebounds_assists,Kristaps Porzingis,Over,27.5,-130,2025-11-26,2025-11-25T18:32:50Z
Bovada,player_points_rebounds_assists,Kristaps Porzingis,Under,27.5,100,2025-11-26,2025-11-25T18:32:50Z
Bovada,player_points_rebounds_assists,Kristaps Porzingis,Over,28.5,-110,2025-11-26,2025-11-25T18:32:50Z
Bovada,player_points_rebounds_assists,Kristaps Porzingis,Under,28.5,-120,2025-11-26,2025-11-25T18:32:50Z
Bovada,player_points_rebounds_assists,Kristaps Porzingis,Over,29.5,110,2025-11-26,2025-11-25T18:32:50Z
Bovada,player_points_rebounds_assists,Kristaps Porzingis,Under,29.5,-145,2025-11-26,2025-11-25T18:32:50Z
Bovada,player_points_rebounds_assists,Kyshawn George,Over,21.5,-190,2025-11-26,2025-11-25T18:32:50Z
Bovada,player_points_rebounds_assists,Kyshawn George,Under,21.5,145,2025-11-26,2025-11-25T18:32:50Z
Bovada,player_points_rebounds_assists,Kyshawn George,Over,22.5,-160,2025-11-26,2025-11-25T18:32:50Z
Bovada,player_points_rebounds_assists,Kyshawn George,Under,22.5,120,2025-11-26,2025-11-25T18:32:50Z
Bovada,player_points_rebounds_assists,Kyshawn George,Over,23.5,-130,2025-11-26,2025-11-25T18:32:50Z
Bovada,player_points_rebounds_assists,Kyshawn George,Under,23.5,100,2025-11-26,2025-11-25T18:32:50Z
Bovada,player_points_rebounds_assists,Kyshawn George,Over,24.5,-105,2025-11-26,2025-11-25T18:32:50Z
Bovada,player_points_rebounds_assists,Kyshawn George,Under,24.5,-125,2025-11-26,2025-11-25T18:32:50Z
Bovada,player_points_rebounds_assists,Kyshawn George,Over,25.5,115,2025-11-26,2025-11-25T18:32:50Z
Bovada,player_points_rebounds_assists,Kyshawn George,Under,25.5,-150,2025-11-26,2025-11-25T18:32:50Z
Bovada,player_points_rebounds_assists,Marvin Bagley III,Over,11.5,-210,2025-11-26,2025-11-25T18:32:50Z
Bovada,player_points_rebounds_assists,Marvin Bagley III,Under,11.5,155,2025-11-26,2025-11-25T18:32:50Z
Bovada,player_points_rebounds_assists,Marvin Bagley III,Over,12.5,-150,2025-11-26,2025-11-25T18:32:50Z
Bovada,player_points_rebounds_assists,Marvin Bagley III,Under,12.5,115,2025-11-26,2025-11-25T18:32:50Z
Bovada,player_points_rebounds_assists,Marvin Bagley III,Over,13.5,-115,2025-11-26,2025-11-25T18:32:50Z
Bovada,player_points_rebounds_assists,Marvin Bagley III,Under,13.5,-115,2025-11-26,2025-11-25T18:32:50Z
Bovada,player_points_rebounds_assists,Marvin Bagley III,Over,14.5,110,2025-11-26,2025-11-25T18:32:50Z
Bovada,player_points_rebounds_assists,Marvin Bagley III,Under,14.5,-145,2025-11-26,2025-11-25T18:32:50Z
Bovada,player_points_rebounds_assists,Marvin Bagley III,Over,15.5,145,2025-11-26,2025-11-25T18:32:50Z
Bovada,player_points_rebounds_assists,Marvin Bagley III,Under,15.5,-190,2025-11-26,2025-11-25T18:32:50Z
Bovada,player_points_rebounds_assists,Nickeil Alexander-Walker,Over,23.5,-200,2025-11-26,2025-11-25T18:32:50Z
Bovada,player_points_rebounds_assists,Nickeil Alexander-Walker,Under,23.5,150,2025-11-26,2025-11-25T18:32:50Z
Bovada,player_points_rebounds_assists,Nickeil Alexander-Walker,Over,24.5,-160,2025-11-26,2025-11-25T18:32:50Z
Bovada,player_points_rebounds_assists,Nickeil Alexander-Walker,Under,24.5,120,2025-11-26,2025-11-25T18:32:50Z
Bovada,player_points_rebounds_assists,Nickeil Alexander-Walker,Over,25.5,-130,2025-11-26,2025-11-25T18:32:50Z
Bovada,player_points_rebounds_assists,Nickeil Alexander-Walker,Under,25.5,100,2025-11-26,2025-11-25T18:32:50Z
Bovada,player_points_rebounds_assists,Nickeil Alexander-Walker,Over,26.5,-110,2025-11-26,2025-11-25T18:32:50Z
Bovada,player_points_rebounds_assists,Nickeil Alexander-Walker,Under,26.5,-120,2025-11-26,2025-11-25T18:32:50Z
Bovada,player_points_rebounds_assists,Nickeil Alexander-Walker,Over,27.5,110,2025-11-26,2025-11-25T18:32:50Z
Bovada,player_points_rebounds_assists,Nickeil Alexander-Walker,Under,27.5,-145,2025-11-26,2025-11-25T18:32:50Z
Bovada,player_points_rebounds_assists,Onyeka Okongwu,Over,21.5,-190,2025-11-26,2025-11-25T18:32:50Z
Bovada,player_points_rebounds_assists,Onyeka Okongwu,Under,21.5,145,2025-11-26,2025-11-25T18:32:50Z
Bovada,player_points_rebounds_assists,Onyeka Okongwu,Over,22.5,-150,2025-11-26,2025-11-25T18:32:50Z
Bovada,player_points_rebounds_assists,Onyeka Okongwu,Under,22.5,115,2025-11-26,2025-11-25T18:32:50Z
Bovada,player_points_rebounds_assists,Onyeka Okongwu,Over,23.5,-125,2025-11-26,2025-11-25T18:32:50Z
Bovada,player_points_rebounds_assists,Onyeka Okongwu,Under,23.5,-105,2025-11-26,2025-11-25T18:32:50Z
Bovada,player_points_rebounds_assists,Onyeka Okongwu,Over,24.5,-105,2025-11-26,2025-11-25T18:32:50Z
Bovada,player_points_rebounds_assists,Onyeka Okongwu,Under,24.5,-125,2025-11-26,2025-11-25T18:32:50Z
Bovada,player_points_rebounds_assists,Onyeka Okongwu,Over,25.5,120,2025-11-26,2025-11-25T18:32:50Z
Bovada,player_points_rebounds_assists,Onyeka Okongwu,Under,25.5,-160,2025-11-26,2025-11-25T18:32:50Z
Bovada,player_points_rebounds_assists,Vit Krejci,Over,12.5,-200,2025-11-26,2025-11-25T18:32:50Z
Bovada,player_points_rebounds_assists,Vit Krejci,Under,12.5,150,2025-11-26,2025-11-25T18:32:50Z
Bovada,player_points_rebounds_assists,Vit Krejci,Over,13.5,-150,2025-11-26,2025-11-25T18:32:50Z
Bovada,player_points_rebounds_assists,Vit Krejci,Under,13.5,115,2025-11-26,2025-11-25T18:32:50Z
Bovada,player_points_rebounds_assists,Vit Krejci,Over,14.5,-115,2025-11-26,2025-11-25T18:32:50Z
Bovada,player_points_rebounds_assists,Vit Krejci,Under,14.5,-115,2025-11-26,2025-11-25T18:32:50Z
Bovada,player_points_rebounds_assists,Vit Krejci,Over,15.5,110,2025-11-26,2025-11-25T18:32:50Z
Bovada,player_points_rebounds_assists,Vit Krejci,Under,15.5,-145,2025-11-26,2025-11-25T18:32:50Z
Bovada,player_points_rebounds_assists,Vit Krejci,Over,16.5,140,2025-11-26,2025-11-25T18:32:50Z
Bovada,player_points_rebounds_assists,Vit Krejci,Under,16.5,-185,2025-11-26,2025-11-25T18:32:50Z
Bovada,player_points_rebounds_assists,Zaccharie Risacher,Over,13.5,-200,2025-11-26,2025-11-25T18:32:50Z
Bovada,player_points_rebounds_assists,Zaccharie Risacher,Under,13.5,150,2025-11-26,2025-11-25T18:32:50Z
Bovada,player_points_rebounds_assists,Zaccharie Risacher,Over,14.5,-150,2025-11-26,2025-11-25T18:32:50Z
Bovada,player_points_rebounds_assists,Zaccharie Risacher,Under,14.5,115,2025-11-26,2025-11-25T18:32:50Z
Bovada,player_points_rebounds_assists,Zaccharie Risacher,Over,15.5,-115,2025-11-26,2025-11-25T18:32:50Z
Bovada,player_points_rebounds_assists,Zaccharie Risacher,Under,15.5,-115,2025-11-26,2025-11-25T18:32:50Z
Bovada,player_points_rebounds_assists,Zaccharie Risacher,Over,16.5,110,2025-11-26,2025-11-25T18:32:50Z
Bovada,player_points_rebounds_assists,Zaccharie Risacher,Under,16.5,-145,2025-11-26,2025-11-25T18:32:50Z
Bovada,player_points_rebounds_assists,Zaccharie Risacher,Over,17.5,140,2025-11-26,2025-11-25T18:32:50Z
Bovada,player_points_rebounds_assists,Zaccharie Risacher,Under,17.5,-185,2025-11-26,2025-11-25T18:32:50Z
Bovada,player_points_rebounds_assists,Anthony Black,Over,16.5,-215,2025-11-26,2025-11-25T18:31:59Z
Bovada,player_points_rebounds_assists,Anthony Black,Under,16.5,160,2025-11-26,2025-11-25T18:31:59Z
Bovada,player_points_rebounds_assists,Anthony Black,Over,17.5,-165,2025-11-26,2025-11-25T18:31:59Z
Bovada,player_points_rebounds_assists,Anthony Black,Under,17.5,125,2025-11-26,2025-11-25T18:31:59Z
Bovada,player_points_rebounds_assists,Anthony Black,Over,18.5,-130,2025-11-26,2025-11-25T18:31:59Z
Bovada,player_points_rebounds_assists,Anthony Black,Under,18.5,100,2025-11-26,2025-11-25T18:31:59Z
Bovada,player_points_rebounds_assists,Anthony Black,Over,19.5,-105,2025-11-26,2025-11-25T18:31:59Z
Bovada,player_points_rebounds_assists,Anthony Black,Under,19.5,-125,2025-11-26,2025-11-25T18:31:59Z
Bovada,player_points_rebounds_assists,Anthony Black,Over,20.5,120,2025-11-26,2025-11-25T18:31:59Z
Bovada,player_points_rebounds_assists,Anthony Black,Under,20.5,-160,2025-11-26,2025-11-25T18:31:59Z
Bovada,player_points_rebounds_assists,Desmond Bane,Over,28.5,-170,2025-11-26,2025-11-25T18:31:59Z
Bovada,player_points_rebounds_assists,Desmond Bane,Under,28.5,130,2025-11-26,2025-11-25T18:31:59Z
Bovada,player_points_rebounds_assists,Desmond Bane,Over,29.5,-145,2025-11-26,2025-11-25T18:31:59Z
Bovada,player_points_rebounds_assists,Desmond Bane,Under,29.5,110,2025-11-26,2025-11-25T18:31:59Z
Bovada,player_points_rebounds_assists,Desmond Bane,Over,30.5,-120,2025-11-26,2025-11-25T18:31:59Z
Bovada,player_points_rebounds_assists,Desmond Bane,Under,30.5,-110,2025-11-26,2025-11-25T18:31:59Z
Bovada,player_points_rebounds_assists,Desmond Bane,Over,31.5,100,2025-11-26,2025-11-25T18:31:59Z
Bovada,player_points_rebounds_assists,Desmond Bane,Under,31.5,-130,2025-11-26,2025-11-25T18:31:59Z
Bovada,player_points_rebounds_assists,Desmond Bane,Over,32.5,120,2025-11-26,2025-11-25T18:31:59Z
Bovada,player_points_rebounds_assists,Desmond Bane,Under,32.5,-160,2025-11-26,2025-11-25T18:31:59Z
Bovada,player_points_rebounds_assists,Franz Wagner,Over,32.5,-185,2025-11-26,2025-11-25T18:31:59Z
Bovada,player_points_rebounds_assists,Franz Wagner,Under,32.5,140,2025-11-26,2025-11-25T18:31:59Z
Bovada,player_points_rebounds_assists,Franz Wagner,Over,33.5,-150,2025-11-26,2025-11-25T18:31:59Z
Bovada,player_points_rebounds_assists,Franz Wagner,Under,33.5,115,2025-11-26,2025-11-25T18:31:59Z
Bovada,player_points_rebounds_assists,Franz Wagner,Over,34.5,-130,2025-11-26,2025-11-25T18:31:59Z
Bovada,player_points_rebounds_assists,Franz Wagner,Under,34.5,100,2025-11-26,2025-11-25T18:31:59Z
Bovada,player_points_rebounds_assists,Franz Wagner,Over,35.5,-110,2025-11-26,2025-11-25T18:31:59Z
Bovada,player_points_rebounds_assists,Franz Wagner,Under,35.5,-120,2025-11-26,2025-11-25T18:31:59Z
Bovada,player_points_rebounds_assists,Franz Wagner,Over,36.5,105,2025-11-26,2025-11-25T18:31:59Z
Bovada,player_points_rebounds_assists,Franz Wagner,Under,36.5,-135,2025-11-26,2025-11-25T18:31:59Z
Bovada,player_points_rebounds_assists,Jalen Suggs,Over,23.5,-190,2025-11-26,2025-11-25T18:31:59Z
Bovada,player_points_rebounds_assists,Jalen Suggs,Under,23.5,145,2025-11-26,2025-11-25T18:31:59Z
Bovada,player_points_rebounds_assists,Jalen Suggs,Over,24.5,-160,2025-11-26,2025-11-25T18:31:59Z
Bovada,player_points_rebounds_assists,Jalen Suggs,Under,24.5,120,2025-11-26,2025-11-25T18:31:59Z
Bovada,player_points_rebounds_assists,Jalen Suggs,Over,25.5,-125,2025-11-26,2025-11-25T18:31:59Z
Bovada,player_points_rebounds_assists,Jalen Suggs,Under,25.5,-105,2025-11-26,2025-11-25T18:31:59Z
Bovada,player_points_rebounds_assists,Jalen Suggs,Over,26.5,-105,2025-11-26,2025-11-25T18:31:59Z
Bovada,player_points_rebounds_assists,Jalen Suggs,Under,26.5,-125,2025-11-26,2025-11-25T18:31:59Z
Bovada,player_points_rebounds_assists,Jalen Suggs,Over,27.5,115,2025-11-26,2025-11-25T18:31:59Z
Bovada,player_points_rebounds_assists,Jalen Suggs,Under,27.5,-150,2025-11-26,2025-11-25T18:31:59Z
Bovada,player_points_rebounds_assists,Quentin Grimes,Over,23.5,-180,2025-11-26,2025-11-25T18:31:59Z
Bovada,player_points_rebounds_assists,Quentin Grimes,Under,23.5,135,2025-11-26,2025-11-25T18:31:59Z
Bovada,player_points_rebounds_assists,Quentin Grimes,Over,24.5,-145,2025-11-26,2025-11-25T18:31:59Z
Bovada,player_points_rebounds_assists,Quentin Grimes,Under,24.5,110,2025-11-26,2025-11-25T18:31:59Z
Bovada,player_points_rebounds_assists,Quentin Grimes,Over,25.5,-120,2025-11-26,2025-11-25T18:31:59Z
Bovada,player_points_rebounds_assists,Quentin Grimes,Under,25.5,-110,2025-11-26,2025-11-25T18:31:59Z
Bovada,player_points_rebounds_assists,Quentin Grimes,Over,26.5,100,2025-11-26,2025-11-25T18:31:59Z
Bovada,player_points_rebounds_assists,Quentin Grimes,Under,26.5,-130,2025-11-26,2025-11-25T18:31:59Z
Bovada,player_points_rebounds_assists,Quentin Grimes,Over,27.5,120,2025-11-26,2025-11-25T18:31:59Z
Bovada,player_points_rebounds_assists,Quentin Grimes,Under,27.5,-160,2025-11-26,2025-11-25T18:31:59Z
Bovada,player_points_rebounds_assists,Trendon Watford,Over,14.5,-230,2025-11-26,2025-11-25T18:31:59Z
Bovada,player_points_rebounds_assists,Trendon Watford,Under,14.5,170,2025-11-26,2025-11-25T18:31:59Z
Bovada,player_points_rebounds_assists,Trendon Watford,Over,15.5,-170,2025-11-26,2025-11-25T18:31:59Z
Bovada,player_points_rebounds_assists,Trendon Watford,Under,15.5,130,2025-11-26,2025-11-25T18:31:59Z
Bovada,player_points_rebounds_assists,Trendon Watford,Over,16.5,-135,2025-11-26,2025-11-25T18:31:59Z
Bovada,player_points_rebounds_assists,Trendon Watford,Under,16.5,105,2025-11-26,2025-11-25T18:31:59Z
Bovada,player_points_rebounds_assists,Trendon Watford,Over,17.5,-105,2025-11-26,2025-11-25T18:31:59Z
Bovada,player_points_rebounds_assists,Trendon Watford,Under,17.5,-125,2025-11-26,2025-11-25T18:31:59Z
Bovada,player_points_rebounds_assists,Trendon Watford,Over,18.5,120,2025-11-26,2025-11-25T18:31:59Z
Bovada,player_points_rebounds_assists,Trendon Watford,Under,18.5,-160,2025-11-26,2025-11-25T18:31:59Z
Bovada,player_points_rebounds_assists,Tristan da Silva,Over,16.5,-215,2025-11-26,2025-11-25T18:31:59Z
Bovada,player_points_rebounds_assists,Tristan da Silva,Under,16.5,160,2025-11-26,2025-11-25T18:31:59Z
Bovada,player_points_rebounds_assists,Tristan da Silva,Over,17.5,-165,2025-11-26,2025-11-25T18:31:59Z
Bovada,player_points_rebounds_assists,Tristan da Silva,Under,17.5,125,2025-11-26,2025-11-25T18:31:59Z
Bovada,player_points_rebounds_assists,Tristan da Silva,Over,18.5,-130,2025-11-26,2025-11-25T18:31:59Z
Bovada,player_points_rebounds_assists,Tristan da Silva,Under,18.5,100,2025-11-26,2025-11-25T18:31:59Z
Bovada,player_points_rebounds_assists,Tristan da Silva,Over,19.5,-105,2025-11-26,2025-11-25T18:31:59Z
Bovada,player_points_rebounds_assists,Tristan da Silva,Under,19.5,-125,2025-11-26,2025-11-25T18:31:59Z
Bovada,player_points_rebounds_assists,Tristan da Silva,Over,20.5,120,2025-11-26,2025-11-25T18:31:59Z
Bovada,player_points_rebounds_assists,Tristan da Silva,Under,20.5,-160,2025-11-26,2025-11-25T18:31:59Z
Bovada,player_points_rebounds_assists,Tyrese Maxey,Over,41.5,-170,2025-11-26,2025-11-25T18:31:59Z
Bovada,player_points_rebounds_assists,Tyrese Maxey,Under,41.5,130,2025-11-26,2025-11-25T18:31:59Z
Bovada,player_points_rebounds_assists,Tyrese Maxey,Over,42.5,-145,2025-11-26,2025-11-25T18:31:59Z
Bovada,player_points_rebounds_assists,Tyrese Maxey,Under,42.5,110,2025-11-26,2025-11-25T18:31:59Z
Bovada,player_points_rebounds_assists,Tyrese Maxey,Over,43.5,-125,2025-11-26,2025-11-25T18:31:59Z
Bovada,player_points_rebounds_assists,Tyrese Maxey,Under,43.5,-105,2025-11-26,2025-11-25T18:31:59Z
Bovada,player_points_rebounds_assists,Tyrese Maxey,Over,44.5,-110,2025-11-26,2025-11-25T18:31:59Z
Bovada,player_points_rebounds_assists,Tyrese Maxey,Under,44.5,-120,2025-11-26,2025-11-25T18:31:59Z
Bovada,player_points_rebounds_assists,Tyrese Maxey,Over,45.5,105,2025-11-26,2025-11-25T18:31:59Z
Bovada,player_points_rebounds_assists,Tyrese Maxey,Under,45.5,-135,2025-11-26,2025-11-25T18:31:59Z
Bovada,player_points_rebounds_assists,Wendell Carter Jr,Over,18.5,-215,2025-11-26,2025-11-25T18:31:59Z
Bovada,player_points_rebounds_assists,Wendell Carter Jr,Under,18.5,160,2025-11-26,2025-11-25T18:31:59Z
Bovada,player_points_rebounds_assists,Wendell Carter Jr,Over,19.5,-170,2025-11-26,2025-11-25T18:31:59Z
Bovada,player_points_rebounds_assists,Wendell Carter Jr,Under,19.5,130,2025-11-26,2025-11-25T18:31:59Z
Bovada,player_points_rebounds_assists,Wendell Carter Jr,Over,20.5,-135,2025-11-26,2025-11-25T18:31:59Z
Bovada,player_points_rebounds_assists,Wendell Carter Jr,Under,20.5,105,2025-11-26,2025-11-25T18:31:59Z
Bovada,player_points_rebounds_assists,Wendell Carter Jr,Over,21.5,-110,2025-11-26,2025-11-25T18:31:59Z
Bovada,player_points_rebounds_assists,Wendell Carter Jr,Under,21.5,-120,2025-11-26,2025-11-25T18:31:59Z
Bovada,player_points_rebounds_assists,Wendell Carter Jr,Over,22.5,110,2025-11-26,2025-11-25T18:31:59Z
Bovada,player_points_rebounds_assists,Wendell Carter Jr,Under,22.5,-145,2025-11-26,2025-11-25T18:31:59Z
Bovada,player_points_rebounds_assists,Austin Reaves,Over,28.5,-180,2025-11-26,2025-11-25T18:32:00Z
Bovada,player_points_rebounds_assists,Austin Reaves,Under,28.5,135,2025-11-26,2025-11-25T18:32:00Z
Bovada,player_points_rebounds_assists,Austin Reaves,Over,29.5,-150,2025-11-26,2025-11-25T18:32:00Z
Bovada,player_points_rebounds_assists,Austin Reaves,Under,29.5,115,2025-11-26,2025-11-25T18:32:00Z
Bovada,player_points_rebounds_assists,Austin Reaves,Over,30.5,-125,2025-11-26,2025-11-25T18:32:00Z
Bovada,player_points_rebounds_assists,Austin Reaves,Under,30.5,-105,2025-11-26,2025-11-25T18:32:00Z
Bovada,player_points_rebounds_assists,Austin Reaves,Over,31.5,-105,2025-11-26,2025-11-25T18:32:00Z
Bovada,player_points_rebounds_assists,Austin Reaves,Under,31.5,-125,2025-11-26,2025-11-25T18:32:00Z
Bovada,player_points_rebounds_assists,Austin Reaves,Over,32.5,115,2025-11-26,2025-11-25T18:32:00Z
Bovada,player_points_rebounds_assists,Austin Reaves,Under,32.5,-150,2025-11-26,2025-11-25T18:32:00Z
Bovada,player_points_rebounds_assists,Ivica Zubac,Over,28.5,-180,2025-11-26,2025-11-25T18:32:00Z
Bovada,player_points_rebounds_assists,Ivica Zubac,Under,28.5,135,2025-11-26,2025-11-25T18:32:00Z
Bovada,player_points_rebounds_assists,Ivica Zubac,Over,29.5,-150,2025-11-26,2025-11-25T18:32:00Z
Bovada,player_points_rebounds_assists,Ivica Zubac,Under,29.5,115,2025-11-26,2025-11-25T18:32:00Z
Bovada,player_points_rebounds_assists,Ivica Zubac,Over,30.5,-125,2025-11-26,2025-11-25T18:32:00Z
Bovada,player_points_rebounds_assists,Ivica Zubac,Under,30.5,-105,2025-11-26,2025-11-25T18:32:00Z
Bovada,player_points_rebounds_assists,Ivica Zubac,Over,31.5,-105,2025-11-26,2025-11-25T18:32:00Z
Bovada,player_points_rebounds_assists,Ivica Zubac,Under,31.5,-125,2025-11-26,2025-11-25T18:32:00Z
Bovada,player_points_rebounds_assists,Ivica Zubac,Over,32.5,115,2025-11-26,2025-11-25T18:32:00Z
Bovada,player_points_rebounds_assists,Ivica Zubac,Under,32.5,-150,2025-11-26,2025-11-25T18:32:00Z
Bovada,player_points_rebounds_assists,James Harden,Over,35.5,-160,2025-11-26,2025-11-25T18:32:00Z
Bovada,player_points_rebounds_assists,James Harden,Under,35.5,120,2025-11-26,2025-11-25T18:32:00Z
Bovada,player_points_rebounds_assists,James Harden,Over,36.5,-135,2025-11-26,2025-11-25T18:32:00Z
Bovada,player_points_rebounds_assists,James Harden,Under,36.5,105,2025-11-26,2025-11-25T18:32:00Z
Bovada,player_points_rebounds_assists,James Harden,Over,37.5,-115,2025-11-26,2025-11-25T18:32:00Z
Bovada,player_points_rebounds_assists,James Harden,Under,37.5,-115,2025-11-26,2025-11-25T18:32:00Z
Bovada,player_points_rebounds_assists,James Harden,Over,38.5,100,2025-11-26,2025-11-25T18:32:00Z
Bovada,player_points_rebounds_assists,James Harden,Under,38.5,-130,2025-11-26,2025-11-25T18:32:00Z
Bovada,player_points_rebounds_assists,James Harden,Over,39.5,120,2025-11-26,2025-11-25T18:32:00Z
Bovada,player_points_rebounds_assists,James Harden,Under,39.5,-160,2025-11-26,2025-11-25T18:32:00Z
Bovada,player_points_rebounds_assists,John Collins,Over,14.5,-220,2025-11-26,2025-11-25T18:32:00Z
Bovada,player_points_rebounds_assists,John Collins,Under,14.5,165,2025-11-26,2025-11-25T18:32:00Z
Bovada,player_points_rebounds_assists,John Collins,Over,15.5,-165,2025-11-26,2025-11-25T18:32:00Z
Bovada,player_points_rebounds_assists,John Collins,Under,15.5,125,2025-11-26,2025-11-25T18:32:00Z
Bovada,player_points_rebounds_assists,John Collins,Over,16.5,-130,2025-11-26,2025-11-25T18:32:00Z
Bovada,player_points_rebounds_assists,John Collins,Under,16.5,100,2025-11-26,2025-11-25T18:32:00Z
Bovada,player_points_rebounds_assists,John Collins,Over,17.5,-105,2025-11-26,2025-11-25T18:32:00Z
Bovada,player_points_rebounds_assists,John Collins,Under,17.5,-125,2025-11-26,2025-11-25T18:32:00Z
Bovada,player_points_rebounds_assists,John Collins,Over,18.5,120,2025-11-26,2025-11-25T18:32:00Z
Bovada,player_points_rebounds_assists,John Collins,Under,18.5,-160,2025-11-26,2025-11-25T18:32:00Z
Bovada,player_points_rebounds_assists,Kawhi Leonard,Over,24.5,-200,2025-11-26,2025-11-25T18:32:00Z
Bovada,player_points_rebounds_assists,Kawhi Leonard,Under,24.5,150,2025-11-26,2025-11-25T18:32:00Z
Bovada,player_points_rebounds_assists,Kawhi Leonard,Over,25.5,-160,2025-11-26,2025-11-25T18:32:00Z
Bovada,player_points_rebounds_assists,Kawhi Leonard,Under,25.5,120,2025-11-26,2025-11-25T18:32:00Z
Bovada,player_points_rebounds_assists,Kawhi Leonard,Over,26.5,-130,2025-11-26,2025-11-25T18:32:00Z
Bovada,player_points_rebounds_assists,Kawhi Leonard,Under,26.5,100,2025-11-26,2025-11-25T18:32:00Z
Bovada,player_points_rebounds_assists,Kawhi Leonard,Over,27.5,-110,2025-11-26,2025-11-25T18:32:00Z
Bovada,player_points_rebounds_assists,Kawhi Leonard,Under,27.5,-120,2025-11-26,2025-11-25T18:32:00Z
Bovada,player_points_rebounds_assists,Kawhi Leonard,Over,28.5,110,2025-11-26,2025-11-25T18:32:00Z
Bovada,player_points_rebounds_assists,Kawhi Leonard,Under,28.5,-145,2025-11-26,2025-11-25T18:32:00Z
Bovada,player_points_rebounds_assists,LeBron James,Over,32.5,-170,2025-11-26,2025-11-25T18:32:00Z
Bovada,player_points_rebounds_assists,LeBron James,Under,32.5,130,2025-11-26,2025-11-25T18:32:00Z
Bovada,player_points_rebounds_assists,LeBron James,Over,33.5,-145,2025-11-26,2025-11-25T18:32:00Z
Bovada,player_points_rebounds_assists,LeBron James,Under,33.5,110,2025-11-26,2025-11-25T18:32:00Z
Bovada,player_points_rebounds_assists,LeBron James,Over,34.5,-125,2025-11-26,2025-11-25T18:32:00Z
Bovada,player_points_rebounds_assists,LeBron James,Under,34.5,-105,2025-11-26,2025-11-25T18:32:00Z
Bovada,player_points_rebounds_assists,LeBron James,Over,35.5,-105,2025-11-26,2025-11-25T18:32:00Z
Bovada,player_points_rebounds_assists,LeBron James,Under,35.5,-125,2025-11-26,2025-11-25T18:32:00Z
Bovada,player_points_rebounds_assists,LeBron James,Over,36.5,110,2025-11-26,2025-11-25T18:32:00Z
Bovada,player_points_rebounds_assists,LeBron James,Under,36.5,-145,2025-11-26,2025-11-25T18:32:00Z
Bovada,player_points_rebounds_assists,Luka Doncic,Over,47.5,-150,2025-11-26,2025-11-25T18:32:00Z
Bovada,player_points_rebounds_assists,Luka Doncic,Under,47.5,115,2025-11-26,2025-11-25T18:32:00Z
Bovada,player_points_rebounds_assists,Luka Doncic,Over,48.5,-130,2025-11-26,2025-11-25T18:32:00Z
Bovada,player_points_rebounds_assists,Luka Doncic,Under,48.5,100,2025-11-26,2025-11-25T18:32:00Z
Bovada,player_points_rebounds_assists,Luka Doncic,Over,49.5,-115,2025-11-26,2025-11-25T18:32:00Z
Bovada,player_points_rebounds_assists,Luka Doncic,Under,49.5,-115,2025-11-26,2025-11-25T18:32:00Z
Bovada,player_points_rebounds_assists,Luka Doncic,Over,50.5,100,2025-11-26,2025-11-25T18:32:00Z
Bovada,player_points_rebounds_assists,Luka Doncic,Under,50.5,-130,2025-11-26,2025-11-25T18:32:00Z
Bovada,player_points_rebounds_assists,Luka Doncic,Over,51.5,115,2025-11-26,2025-11-25T18:32:00Z
Bovada,player_points_rebounds_assists,Luka Doncic,Under,51.5,-150,2025-11-26,2025-11-25T18:32:00Z
Bovada,player_points_rebounds_assists,Rui Hachimura,Over,13.5,-215,2025-11-26,2025-11-25T18:32:00Z
Bovada,player_points_rebounds_assists,Rui Hachimura,Under,13.5,160,2025-11-26,2025-11-25T18:32:00Z
Bovada,player_points_rebounds_assists,Rui Hachimura,Over,14.5,-160,2025-11-26,2025-11-25T18:32:00Z
Bovada,player_points_rebounds_assists,Rui Hachimura,Under,14.5,120,2025-11-26,2025-11-25T18:32:00Z
Bovada,player_points_rebounds_assists,Rui Hachimura,Over,15.5,-125,2025-11-26,2025-11-25T18:32:00Z
Bovada,player_points_rebounds_assists,Rui Hachimura,Under,15.5,-105,2025-11-26,2025-11-25T18:32:00Z
Bovada,player_points_rebounds_assists,Rui Hachimura,Over,16.5,100,2025-11-26,2025-11-25T18:32:00Z
Bovada,player_points_rebounds_assists,Rui Hachimura,Under,16.5,-130,2025-11-26,2025-11-25T18:32:00Z
Bovada,player_points_rebounds_assists,Rui Hachimura,Over,17.5,130,2025-11-26,2025-11-25T18:32:00Z
Bovada,player_points_rebounds_assists,Rui Hachimura,Under,17.5,-170,2025-11-26,2025-11-25T18:32:00Z
FanDuel,player_points_rebounds,C.J. McCollum,Over,21.5,-102,2025-11-26,2025-11-25T18:32:47Z
FanDuel,player_points_rebounds,C.J. McCollum,Under,21.5,-130,2025-11-26,2025-11-25T18:32:47Z
FanDuel,player_points_rebounds,Kristaps Porzingis,Over,25.5,-114,2025-11-26,2025-11-25T18:32:47Z
FanDuel,player_points_rebounds,Kristaps Porzingis,Under,25.5,-114,2025-11-26,2025-11-25T18:32:47Z
FanDuel,player_points_rebounds,Cam Whitmore,Over,14.5,-114,2025-11-26,2025-11-25T18:32:47Z
FanDuel,player_points_rebounds,Cam Whitmore,Under,14.5,-114,2025-11-26,2025-11-25T18:32:47Z
FanDuel,player_points_rebounds,Nickeil Alexander-Walker,Over,21.5,-130,2025-11-26,2025-11-25T18:32:47Z
FanDuel,player_points_rebounds,Nickeil Alexander-Walker,Under,21.5,-102,2025-11-26,2025-11-25T18:32:47Z
FanDuel,player_points_rebounds,Onyeka Okongwu,Over,22.5,-104,2025-11-26,2025-11-25T18:32:47Z
FanDuel,player_points_rebounds,Onyeka Okongwu,Under,22.5,-128,2025-11-26,2025-11-25T18:32:47Z
FanDuel,player_points_rebounds,Kyshawn George,Over,19.5,-125,2025-11-26,2025-11-25T18:32:47Z
FanDuel,player_points_rebounds,Kyshawn George,Under,19.5,-106,2025-11-26,2025-11-25T18:32:47Z
FanDuel,player_points_rebounds,Dyson Daniels,Over,18.5,-104,2025-11-26,2025-11-25T18:32:47Z
FanDuel,player_points_rebounds,Dyson Daniels,Under,18.5,-128,2025-11-26,2025-11-25T18:32:47Z
FanDuel,player_points_rebounds,Jalen Johnson,Over,33.5,-114,2025-11-26,2025-11-25T18:32:47Z
FanDuel,player_points_rebounds,Jalen Johnson,Under,33.5,-114,2025-11-26,2025-11-25T18:32:47Z
FanDuel,player_points_rebounds,Alex Sarr,Over,26.5,-106,2025-11-26,2025-11-25T18:32:47Z
FanDuel,player_points_rebounds,Alex Sarr,Under,26.5,-125,2025-11-26,2025-11-25T18:32:47Z
FanDuel,player_points_rebounds,Bilal Coulibaly,Over,14.5,-102,2025-11-26,2025-11-25T18:32:47Z
FanDuel,player_points_rebounds,Bilal Coulibaly,Under,14.5,-130,2025-11-26,2025-11-25T18:32:47Z
FanDuel,player_points_rebounds,Khris Middleton,Over,13.5,-106,2025-11-26,2025-11-25T18:32:47Z
FanDuel,player_points_rebounds,Khris Middleton,Under,13.5,-125,2025-11-26,2025-11-25T18:32:47Z
FanDuel,player_points_rebounds,Franz Wagner,Over,30.5,-128,2025-11-26,2025-11-25T18:32:43Z
FanDuel,player_points_rebounds,Franz Wagner,Under,30.5,-104,2025-11-26,2025-11-25T18:32:43Z
FanDuel,player_points_rebounds,Anthony Black,Over,16.5,-114,2025-11-26,2025-11-25T18:32:43Z
FanDuel,player_points_rebounds,Anthony Black,Under,16.5,-114,2025-11-26,2025-11-25T18:32:43Z
FanDuel,player_points_rebounds,Tyrese Maxey,Over,36.5,-106,2025-11-26,2025-11-25T18:32:43Z
FanDuel,player_points_rebounds,Tyrese Maxey,Under,36.5,-125,2025-11-26,2025-11-25T18:32:43Z
FanDuel,player_points_rebounds,Quentin Grimes,Over,20.5,-118,2025-11-26,2025-11-25T18:32:43Z
FanDuel,player_points_rebounds,Quentin Grimes,Under,20.5,-112,2025-11-26,2025-11-25T18:32:43Z
FanDuel,player_points_rebounds,Wendell Carter Jr,Over,18.5,-122,2025-11-26,2025-11-25T18:32:43Z
FanDuel,player_points_rebounds,Wendell Carter Jr,Under,18.5,-108,2025-11-26,2025-11-25T18:32:43Z
FanDuel,player_points_rebounds,Tristan da Silva,Over,17.5,-114,2025-11-26,2025-11-25T18:32:43Z
FanDuel,player_points_rebounds,Tristan da Silva,Under,17.5,-114,2025-11-26,2025-11-25T18:32:43Z
FanDuel,player_points_rebounds,Justin Edwards,Over,13.5,-114,2025-11-26,2025-11-25T18:32:43Z
FanDuel,player_points_rebounds,Justin Edwards,Under,13.5,-114,2025-11-26,2025-11-25T18:32:43Z
FanDuel,player_points_rebounds,Desmond Bane,Over,26.5,-106,2025-11-26,2025-11-25T18:32:43Z
FanDuel,player_points_rebounds,Desmond Bane,Under,26.5,-125,2025-11-26,2025-11-25T18:32:43Z
FanDuel,player_points_rebounds,Jalen Suggs,Over,20.5,-120,2025-11-26,2025-11-25T18:32:43Z
FanDuel,player_points_rebounds,Jalen Suggs,Under,20.5,-110,2025-11-26,2025-11-25T18:32:43Z
FanDuel,player_points_rebounds,John Collins,Over,17.5,-108,2025-11-26,2025-11-25T18:32:06Z
FanDuel,player_points_rebounds,John Collins,Under,17.5,-122,2025-11-26,2025-11-25T18:32:06Z
FanDuel,player_points_rebounds,Jake LaRavia,Over,10.5,-132,2025-11-26,2025-11-25T18:32:06Z
FanDuel,player_points_rebounds,Jake LaRavia,Under,10.5,100,2025-11-26,2025-11-25T18:32:06Z
FanDuel,player_points_rebounds,Nicolas Batum,Over,8.5,-102,2025-11-26,2025-11-25T18:32:06Z
FanDuel,player_points_rebounds,Nicolas Batum,Under,8.5,-130,2025-11-26,2025-11-25T18:32:06Z
FanDuel,player_points_rebounds,Ivica Zubac,Over,28.5,-104,2025-11-26,2025-11-25T18:32:06Z
FanDuel,player_points_rebounds,Ivica Zubac,Under,28.5,-128,2025-11-26,2025-11-25T18:32:06Z
FanDuel,player_points_rebounds,Austin Reaves,Over,26.5,-122,2025-11-26,2025-11-25T18:32:06Z
FanDuel,player_points_rebounds,Austin Reaves,Under,26.5,-108,2025-11-26,2025-11-25T18:32:06Z
FanDuel,player_points_rebounds,Kawhi Leonard,Over,25.5,-114,2025-11-26,2025-11-25T18:32:06Z
FanDuel,player_points_rebounds,Kawhi Leonard,Under,25.5,-114,2025-11-26,2025-11-25T18:32:06Z
FanDuel,player_points_rebounds,Kris Dunn,Over,9.5,100,2025-11-26,2025-11-25T18:32:06Z
FanDuel,player_points_rebounds,Kris Dunn,Under,9.5,-132,2025-11-26,2025-11-25T18:32:06Z
FanDuel,player_points_rebounds,James Harden,Over,28.5,-125,2025-11-26,2025-11-25T18:32:06Z
FanDuel,player_points_rebounds,James Harden,Under,28.5,-106,2025-11-26,2025-11-25T18:32:06Z
FanDuel,player_points_rebounds,Jaxson Hayes,Over,12.5,-125,2025-11-26,2025-11-25T18:32:06Z
FanDuel,player_points_rebounds,Jaxson Hayes,Under,12.5,-106,2025-11-26,2025-11-25T18:32:06Z
FanDuel,player_points_rebounds,LeBron James,Over,26.5,-128,2025-11-26,2025-11-25T18:32:06Z
FanDuel,player_points_rebounds,LeBron James,Under,26.5,-104,2025-11-26,2025-11-25T18:32:06Z
FanDuel,player_points_rebounds,Rui Hachimura,Over,15.5,-108,2025-11-26,2025-11-25T18:32:06Z
FanDuel,player_points_rebounds,Rui Hachimura,Under,15.5,-122,2025-11-26,2025-11-25T18:32:06Z
FanDuel,player_points_rebounds,Luka Doncic,Over,41.5,-118,2025-11-26,2025-11-25T18:32:06Z
FanDuel,player_points_rebounds,Luka Doncic,Under,41.5,-112,2025-11-26,2025-11-25T18:32:06Z
DraftKings,player_points_rebounds,Jalen Johnson,Over,34.5,-106,2025-11-26,2025-11-25T18:32:46Z
DraftKings,player_points_rebounds,Jalen Johnson,Under,34.5,-124,2025-11-26,2025-11-25T18:32:46Z
DraftKings,player_points_rebounds,Alex Sarr,Over,26.5,-110,2025-11-26,2025-11-25T18:32:46Z
DraftKings,player_points_rebounds,Alex Sarr,Under,26.5,-120,2025-11-26,2025-11-25T18:32:46Z
DraftKings,player_points_rebounds,Kristaps Porzingis,Over,25.5,-108,2025-11-26,2025-11-25T18:32:46Z
DraftKings,player_points_rebounds,Kristaps Porzingis,Under,25.5,-122,2025-11-26,2025-11-25T18:32:46Z
DraftKings,player_points_rebounds,Nickeil Alexander-Walker,Over,22.5,-104,2025-11-26,2025-11-25T18:32:46Z
DraftKings,player_points_rebounds,Nickeil Alexander-Walker,Under,22.5,-126,2025-11-26,2025-11-25T18:32:46Z
DraftKings,player_points_rebounds,Onyeka Okongwu,Over,21.5,-126,2025-11-26,2025-11-25T18:32:46Z
DraftKings,player_points_rebounds,Onyeka Okongwu,Under,21.5,-104,2025-11-26,2025-11-25T18:32:46Z
DraftKings,player_points_rebounds,C.J. McCollum,Over,20.5,-121,2025-11-26,2025-11-25T18:32:46Z
DraftKings,player_points_rebounds,C.J. McCollum,Under,20.5,-109,2025-11-26,2025-11-25T18:32:46Z
DraftKings,player_points_rebounds,Kyshawn George,Over,20.5,-116,2025-11-26,2025-11-25T18:32:46Z
DraftKings,player_points_rebounds,Kyshawn George,Under,20.5,-114,2025-11-26,2025-11-25T18:32:46Z
DraftKings,player_points_rebounds,Dyson Daniels,Over,18.5,-109,2025-11-26,2025-11-25T18:32:46Z
DraftKings,player_points_rebounds,Dyson Daniels,Under,18.5,-121,2025-11-26,2025-11-25T18:32:46Z
DraftKings,player_points_rebounds,Cam Whitmore,Over,14.5,-112,2025-11-26,2025-11-25T18:32:46Z
DraftKings,player_points_rebounds,Cam Whitmore,Under,14.5,-117,2025-11-26,2025-11-25T18:32:46Z
DraftKings,player_points_rebounds,Bilal Coulibaly,Over,14.5,-106,2025-11-26,2025-11-25T18:32:46Z
DraftKings,player_points_rebounds,Bilal Coulibaly,Under,14.5,-124,2025-11-26,2025-11-25T18:32:46Z
DraftKings,player_points_rebounds,Zaccharie Risacher,Over,13.5,-129,2025-11-26,2025-11-25T18:32:46Z
DraftKings,player_points_rebounds,Zaccharie Risacher,Under,13.5,-102,2025-11-26,2025-11-25T18:32:46Z
DraftKings,player_points_rebounds,Khris Middleton,Over,13.5,-106,2025-11-26,2025-11-25T18:32:46Z
DraftKings,player_points_rebounds,Khris Middleton,Under,13.5,-124,2025-11-26,2025-11-25T18:32:46Z
DraftKings,player_points_rebounds,Vit Krejci,Over,12.5,-108,2025-11-26,2025-11-25T18:32:46Z
DraftKings,player_points_rebounds,Vit Krejci,Under,12.5,-122,2025-11-26,2025-11-25T18:32:46Z
DraftKings,player_points_rebounds,Carlton Carrington,Over,10.5,-115,2025-11-26,2025-11-25T18:32:46Z
DraftKings,player_points_rebounds,Carlton Carrington,Under,10.5,-115,2025-11-26,2025-11-25T18:32:46Z
DraftKings,player_points_rebounds,Tyrese Maxey,Over,36.5,-116,2025-11-26,2025-11-25T18:32:00Z
DraftKings,player_points_rebounds,Tyrese Maxey,Under,36.5,-114,2025-11-26,2025-11-25T18:32:00Z
DraftKings,player_points_rebounds,Franz Wagner,Over,30.5,-120,2025-11-26,2025-11-25T18:32:00Z
DraftKings,player_points_rebounds,Franz Wagner,Under,30.5,-110,2025-11-26,2025-11-25T18:32:00Z
DraftKings,player_points_rebounds,Desmond Bane,Over,25.5,-121,2025-11-26,2025-11-25T18:32:00Z
DraftKings,player_points_rebounds,Desmond Bane,Under,25.5,-109,2025-11-26,2025-11-25T18:32:00Z
DraftKings,player_points_rebounds,Andre Drummond,Over,24.5,-119,2025-11-26,2025-11-25T18:32:00Z
DraftKings,player_points_rebounds,Andre Drummond,Under,24.5,-110,2025-11-26,2025-11-25T18:32:00Z
DraftKings,player_points_rebounds,Quentin Grimes,Over,21.5,-107,2025-11-26,2025-11-25T18:32:00Z
DraftKings,player_points_rebounds,Quentin Grimes,Under,21.5,-123,2025-11-26,2025-11-25T18:32:00Z
DraftKings,player_points_rebounds,Jalen Suggs,Over,20.5,-121,2025-11-26,2025-11-25T18:32:00Z
DraftKings,player_points_rebounds,Jalen Suggs,Under,20.5,-109,2025-11-26,2025-11-25T18:32:00Z
DraftKings,player_points_rebounds,Wendell Carter Jr,Over,18.5,-130,2025-11-26,2025-11-25T18:32:00Z
DraftKings,player_points_rebounds,Wendell Carter Jr,Under,18.5,-102,2025-11-26,2025-11-25T18:32:00Z
DraftKings,player_points_rebounds,Tristan da Silva,Over,16.5,-120,2025-11-26,2025-11-25T18:32:00Z
DraftKings,player_points_rebounds,Tristan da Silva,Under,16.5,-109,2025-11-26,2025-11-25T18:32:00Z
DraftKings,player_points_rebounds,Anthony Black,Over,16.5,-108,2025-11-26,2025-11-25T18:32:00Z
DraftKings,player_points_rebounds,Anthony Black,Under,16.5,-122,2025-11-26,2025-11-25T18:32:00Z
DraftKings,player_points_rebounds,Trendon Watford,Over,13.5,-128,2025-11-26,2025-11-25T18:32:00Z
DraftKings,player_points_rebounds,Trendon Watford,Under,13.5,-103,2025-11-26,2025-11-25T18:32:00Z
DraftKings,player_points_rebounds,Justin Edwards,Over,13.5,-113,2025-11-26,2025-11-25T18:32:00Z
DraftKings,player_points_rebounds,Justin Edwards,Under,13.5,-117,2025-11-26,2025-11-25T18:32:00Z
DraftKings,player_points_rebounds,Goga Bitadze,Over,10.5,-110,2025-11-26,2025-11-25T18:32:00Z
DraftKings,player_points_rebounds,Goga Bitadze,Under,10.5,-120,2025-11-26,2025-11-25T18:32:00Z
DraftKings,player_points_rebounds,Luka Doncic,Over,41.5,-123,2025-11-26,2025-11-25T18:32:34Z
DraftKings,player_points_rebounds,Luka Doncic,Under,41.5,-107,2025-11-26,2025-11-25T18:32:34Z
DraftKings,player_points_rebounds,James Harden,Over,28.5,-115,2025-11-26,2025-11-25T18:32:34Z
DraftKings,player_points_rebounds,James Harden,Under,28.5,-115,2025-11-26,2025-11-25T18:32:34Z
DraftKings,player_points_rebounds,LeBron James,Over,27.5,-124,2025-11-26,2025-11-25T18:32:34Z
DraftKings,player_points_rebounds,LeBron James,Under,27.5,-106,2025-11-26,2025-11-25T18:32:34Z
DraftKings,player_points_rebounds,Ivica Zubac,Over,27.5,-120,2025-11-26,2025-11-25T18:32:34Z
DraftKings,player_points_rebounds,Ivica Zubac,Under,27.5,-109,2025-11-26,2025-11-25T18:32:34Z
DraftKings,player_points_rebounds,Austin Reaves,Over,27.5,-105,2025-11-26,2025-11-25T18:32:34Z
DraftKings,player_points_rebounds,Austin Reaves,Under,27.5,-125,2025-11-26,2025-11-25T18:32:34Z
DraftKings,player_points_rebounds,Kawhi Leonard,Over,25.5,-118,2025-11-26,2025-11-25T18:32:34Z
DraftKings,player_points_rebounds,Kawhi Leonard,Under,25.5,-112,2025-11-26,2025-11-25T18:32:34Z
DraftKings,player_points_rebounds,John Collins,Over,16.5,-125,2025-11-26,2025-11-25T18:32:34Z
DraftKings,player_points_rebounds,John Collins,Under,16.5,-106,2025-11-26,2025-11-25T18:32:34Z
DraftKings,player_points_rebounds,Rui Hachimura,Over,15.5,-119,2025-11-26,2025-11-25T18:32:34Z
DraftKings,player_points_rebounds,Rui Hachimura,Under,15.5,-110,2025-11-26,2025-11-25T18:32:34Z
DraftKings,player_points_rebounds,Jaxson Hayes,Over,12.5,-122,2025-11-26,2025-11-25T18:32:34Z
DraftKings,player_points_rebounds,Jaxson Hayes,Under,12.5,-107,2025-11-26,2025-11-25T18:32:34Z
DraftKings,player_points_rebounds,Jake LaRavia,Over,10.5,-130,2025-11-26,2025-11-25T18:32:34Z
DraftKings,player_points_rebounds,Jake LaRavia,Under,10.5,-101,2025-11-26,2025-11-25T18:32:34Z
DraftKings,player_points_rebounds,Kris Dunn,Over,9.5,-107,2025-11-26,2025-11-25T18:32:34Z
DraftKings,player_points_rebounds,Kris Dunn,Under,9.5,-123,2025-11-26,2025-11-25T18:32:34Z
DraftKings,player_points_rebounds,Nicolas Batum,Over,8.5,-104,2025-11-26,2025-11-25T18:32:34Z
DraftKings,player_points_rebounds,Nicolas Batum,Under,8.5,-126,2025-11-26,2025-11-25T18:32:34Z
BetMGM,player_points_rebounds,Jalen Johnson,Over,33.5,-118,2025-11-26,2025-11-25T18:32:30Z
BetMGM,player_points_rebounds,Jalen Johnson,Under,33.5,-115,2025-11-26,2025-11-25T18:32:30Z
BetMGM,player_points_rebounds,Dyson Daniels,Over,18.5,-115,2025-11-26,2025-11-25T18:32:30Z
BetMGM,player_points_rebounds,Dyson Daniels,Under,18.5,-115,2025-11-26,2025-11-25T18:32:30Z
BetMGM,player_points_rebounds,Zaccharie Risacher,Over,14.5,100,2025-11-26,2025-11-25T18:32:30Z
BetMGM,player_points_rebounds,Zaccharie Risacher,Under,14.5,-130,2025-11-26,2025-11-25T18:32:30Z
BetMGM,player_points_rebounds,C.J. McCollum,Over,21.5,-110,2025-11-26,2025-11-25T18:32:30Z
BetMGM,player_points_rebounds,C.J. McCollum,Under,21.5,-120,2025-11-26,2025-11-25T18:32:30Z
BetMGM,player_points_rebounds,Bilal Coulibaly,Over,14.5,-125,2025-11-26,2025-11-25T18:32:30Z
BetMGM,player_points_rebounds,Bilal Coulibaly,Under,14.5,-105,2025-11-26,2025-11-25T18:32:30Z
BetMGM,player_points_rebounds,Kyshawn George,Over,19.5,-125,2025-11-26,2025-11-25T18:32:30Z
BetMGM,player_points_rebounds,Kyshawn George,Under,19.5,-105,2025-11-26,2025-11-25T18:32:30Z
BetMGM,player_points_rebounds,Khris Middleton,Over,12.5,-130,2025-11-26,2025-11-25T18:32:30Z
BetMGM,player_points_rebounds,Khris Middleton,Under,12.5,-105,2025-11-26,2025-11-25T18:32:30Z
BetMGM,player_points_rebounds,Alex Sarr,Over,27.5,-105,2025-11-26,2025-11-25T18:32:30Z
BetMGM,player_points_rebounds,Alex Sarr,Under,27.5,-125,2025-11-26,2025-11-25T18:32:30Z
BetMGM,player_points_rebounds,Kristaps Porzingis,Over,25.5,-105,2025-11-26,2025-11-25T18:32:30Z
BetMGM,player_points_rebounds,Kristaps Porzingis,Under,25.5,-125,2025-11-26,2025-11-25T18:32:30Z
BetMGM,player_points_rebounds,Nickeil Alexander-Walker,Over,21.5,-130,2025-11-26,2025-11-25T18:32:30Z
BetMGM,player_points_rebounds,Nickeil Alexander-Walker,Under,21.5,-105,2025-11-26,2025-11-25T18:32:30Z
BetMGM,player_points_rebounds,Desmond Bane,Over,25.5,-120,2025-11-26,2025-11-25T18:32:19Z
BetMGM,player_points_rebounds,Desmond Bane,Under,25.5,-110,2025-11-26,2025-11-25T18:32:19Z
BetMGM,player_points_rebounds,Wendell Carter Jr,Over,18.5,-130,2025-11-26,2025-11-25T18:32:19Z
BetMGM,player_points_rebounds,Wendell Carter Jr,Under,18.5,-105,2025-11-26,2025-11-25T18:32:19Z
BetMGM,player_points_rebounds,Franz Wagner,Over,30.5,-125,2025-11-26,2025-11-25T18:32:19Z
BetMGM,player_points_rebounds,Franz Wagner,Under,30.5,-105,2025-11-26,2025-11-25T18:32:19Z
BetMGM,player_points_rebounds,Jalen Suggs,Over,20.5,-125,2025-11-26,2025-11-25T18:32:19Z
BetMGM,player_points_rebounds,Jalen Suggs,Under,20.5,-105,2025-11-26,2025-11-25T18:32:19Z
BetMGM,player_points_rebounds,Tristan da Silva,Over,17.5,-125,2025-11-26,2025-11-25T18:32:19Z
BetMGM,player_points_rebounds,Tristan da Silva,Under,17.5,-105,2025-11-26,2025-11-25T18:32:19Z
BetMGM,player_points_rebounds,Quentin Grimes,Over,21.5,-110,2025-11-26,2025-11-25T18:32:19Z
BetMGM,player_points_rebounds,Quentin Grimes,Under,21.5,-118,2025-11-26,2025-11-25T18:32:19Z
BetMGM,player_points_rebounds,Tyrese Maxey,Over,36.5,-105,2025-11-26,2025-11-25T18:32:19Z
BetMGM,player_points_rebounds,Tyrese Maxey,Under,36.5,-125,2025-11-26,2025-11-25T18:32:19Z
BetMGM,player_points_rebounds,Justin Edwards,Over,13.5,100,2025-11-26,2025-11-25T18:32:19Z
BetMGM,player_points_rebounds,Justin Edwards,Under,13.5,-130,2025-11-26,2025-11-25T18:32:19Z
BetMGM,player_points_rebounds,Andre Drummond,Over,24.5,-118,2025-11-26,2025-11-25T18:32:19Z
BetMGM,player_points_rebounds,Andre Drummond,Under,24.5,-110,2025-11-26,2025-11-25T18:32:19Z
BetMGM,player_points_rebounds,Austin Reaves,Over,26.5,-120,2025-11-26,2025-11-25T18:32:32Z
BetMGM,player_points_rebounds,Austin Reaves,Under,26.5,-110,2025-11-26,2025-11-25T18:32:32Z
BetMGM,player_points_rebounds,Ivica Zubac,Over,28.5,-105,2025-11-26,2025-11-25T18:32:32Z
BetMGM,player_points_rebounds,Ivica Zubac,Under,28.5,-125,2025-11-26,2025-11-25T18:32:32Z
BetMGM,player_points_rebounds,Kawhi Leonard,Over,24.5,-118,2025-11-26,2025-11-25T18:32:32Z
BetMGM,player_points_rebounds,Kawhi Leonard,Under,24.5,-110,2025-11-26,2025-11-25T18:32:32Z
BetMGM,player_points_rebounds,James Harden,Over,29.5,-105,2025-11-26,2025-11-25T18:32:32Z
BetMGM,player_points_rebounds,James Harden,Under,29.5,-125,2025-11-26,2025-11-25T18:32:32Z
BetMGM,player_points_rebounds,Rui Hachimura,Over,15.5,-105,2025-11-26,2025-11-25T18:32:32Z
BetMGM,player_points_rebounds,Rui Hachimura,Under,15.5,-125,2025-11-26,2025-11-25T18:32:32Z
BetMGM,player_points_rebounds,Kris Dunn,Over,8.5,-105,2025-11-26,2025-11-25T18:32:32Z
BetMGM,player_points_rebounds,Kris Dunn,Under,8.5,-125,2025-11-26,2025-11-25T18:32:32Z
BetMGM,player_points_rebounds,John Collins,Over,16.5,-110,2025-11-26,2025-11-25T18:32:32Z
BetMGM,player_points_rebounds,John Collins,Under,16.5,-125,2025-11-26,2025-11-25T18:32:32Z
BetMGM,player_points_rebounds,LeBron James,Over,27.5,-125,2025-11-26,2025-11-25T18:32:32Z
BetMGM,player_points_rebounds,LeBron James,Under,27.5,-105,2025-11-26,2025-11-25T18:32:32Z
BetMGM,player_points_rebounds,Jaxson Hayes,Over,12.5,-105,2025-11-26,2025-11-25T18:32:32Z
BetMGM,player_points_rebounds,Jaxson Hayes,Under,12.5,-130,2025-11-26,2025-11-25T18:32:32Z
BetMGM,player_points_rebounds,Luka Doncic,Over,41.5,-105,2025-11-26,2025-11-25T18:32:32Z
BetMGM,player_points_rebounds,Luka Doncic,Under,41.5,-125,2025-11-26,2025-11-25T18:32:32Z
Bovada,player_points_rebounds,Alex Sarr,Over,24.5,-145,2025-11-26,2025-11-25T18:32:50Z
Bovada,player_points_rebounds,Alex Sarr,Under,24.5,110,2025-11-26,2025-11-25T18:32:50Z
Bovada,player_points_rebounds,Alex Sarr,Over,25.5,-120,2025-11-26,2025-11-25T18:32:50Z
Bovada,player_points_rebounds,Alex Sarr,Under,25.5,-110,2025-11-26,2025-11-25T18:32:50Z
Bovada,player_points_rebounds,Alex Sarr,Over,26.5,105,2025-11-26,2025-11-25T18:32:50Z
Bovada,player_points_rebounds,Alex Sarr,Under,26.5,-135,2025-11-26,2025-11-25T18:32:50Z
Bovada,player_points_rebounds,Bilal Coulibaly,Over,12.5,-165,2025-11-26,2025-11-25T18:32:50Z
Bovada,player_points_rebounds,Bilal Coulibaly,Under,12.5,125,2025-11-26,2025-11-25T18:32:50Z
Bovada,player_points_rebounds,Bilal Coulibaly,Over,13.5,-125,2025-11-26,2025-11-25T18:32:50Z
Bovada,player_points_rebounds,Bilal Coulibaly,Under,13.5,-105,2025-11-26,2025-11-25T18:32:50Z
Bovada,player_points_rebounds,Bilal Coulibaly,Over,14.5,105,2025-11-26,2025-11-25T18:32:50Z
Bovada,player_points_rebounds,Bilal Coulibaly,Under,14.5,-135,2025-11-26,2025-11-25T18:32:50Z
Bovada,player_points_rebounds,Cam Whitmore,Over,13.5,-150,2025-11-26,2025-11-25T18:32:50Z
Bovada,player_points_rebounds,Cam Whitmore,Under,13.5,115,2025-11-26,2025-11-25T18:32:50Z
Bovada,player_points_rebounds,Cam Whitmore,Over,14.5,-115,2025-11-26,2025-11-25T18:32:50Z
Bovada,player_points_rebounds,Cam Whitmore,Under,14.5,-115,2025-11-26,2025-11-25T18:32:50Z
Bovada,player_points_rebounds,Cam Whitmore,Over,15.5,110,2025-11-26,2025-11-25T18:32:50Z
Bovada,player_points_rebounds,Cam Whitmore,Under,15.5,-145,2025-11-26,2025-11-25T18:32:50Z
Bovada,player_points_rebounds,C.J. McCollum,Over,19.5,-150,2025-11-26,2025-11-25T18:32:50Z
Bovada,player_points_rebounds,C.J. McCollum,Under,19.5,115,2025-11-26,2025-11-25T18:32:50Z
Bovada,player_points_rebounds,C.J. McCollum,Over,20.5,-120,2025-11-26,2025-11-25T18:32:50Z
Bovada,player_points_rebounds,C.J. McCollum,Under,20.5,-110,2025-11-26,2025-11-25T18:32:50Z
Bovada,player_points_rebounds,C.J. McCollum,Over,21.5,105,2025-11-26,2025-11-25T18:32:50Z
Bovada,player_points_rebounds,C.J. McCollum,Under,21.5,-135,2025-11-26,2025-11-25T18:32:50Z
Bovada,player_points_rebounds,Dyson Daniels,Over,16.5,-160,2025-11-26,2025-11-25T18:32:50Z
Bovada,player_points_rebounds,Dyson Daniels,Under,16.5,120,2025-11-26,2025-11-25T18:32:50Z
Bovada,player_points_rebounds,Dyson Daniels,Over,17.5,-120,2025-11-26,2025-11-25T18:32:50Z
Bovada,player_points_rebounds,Dyson Daniels,Under,17.5,-110,2025-11-26,2025-11-25T18:32:50Z
Bovada,player_points_rebounds,Dyson Daniels,Over,18.5,105,2025-11-26,2025-11-25T18:32:50Z
Bovada,player_points_rebounds,Dyson Daniels,Under,18.5,-135,2025-11-26,2025-11-25T18:32:50Z
Bovada,player_points_rebounds,Jalen Johnson,Over,32.5,-135,2025-11-26,2025-11-25T18:32:50Z
Bovada,player_points_rebounds,Jalen Johnson,Under,32.5,105,2025-11-26,2025-11-25T18:32:50Z
Bovada,player_points_rebounds,Jalen Johnson,Over,33.5,-115,2025-11-26,2025-11-25T18:32:50Z
Bovada,player_points_rebounds,Jalen Johnson,Under,33.5,-115,2025-11-26,2025-11-25T18:32:50Z
Bovada,player_points_rebounds,Jalen Johnson,Over,34.5,105,2025-11-26,2025-11-25T18:32:50Z
Bovada,player_points_rebounds,Jalen Johnson,Under,34.5,-135,2025-11-26,2025-11-25T18:32:50Z
Bovada,player_points_rebounds,Khris Middleton,Over,11.5,-170,2025-11-26,2025-11-25T18:32:50Z
Bovada,player_points_rebounds,Khris Middleton,Under,11.5,130,2025-11-26,2025-11-25T18:32:50Z
Bovada,player_points_rebounds,Khris Middleton,Over,12.5,-125,2025-11-26,2025-11-25T18:32:50Z
Bovada,player_points_rebounds,Khris Middleton,Under,12.5,-105,2025-11-26,2025-11-25T18:32:50Z
Bovada,player_points_rebounds,Khris Middleton,Over,13.5,105,2025-11-26,2025-11-25T18:32:50Z
Bovada,player_points_rebounds,Khris Middleton,Under,13.5,-135,2025-11-26,2025-11-25T18:32:50Z
Bovada,player_points_rebounds,Kristaps Porzingis,Over,24.5,-135,2025-11-26,2025-11-25T18:32:50Z
Bovada,player_points_rebounds,Kristaps Porzingis,Under,24.5,105,2025-11-26,2025-11-25T18:32:50Z
Bovada,player_points_rebounds,Kristaps Porzingis,Over,25.5,-115,2025-11-26,2025-11-25T18:32:50Z
Bovada,player_points_rebounds,Kristaps Porzingis,Under,25.5,-115,2025-11-26,2025-11-25T18:32:50Z
Bovada,player_points_rebounds,Kristaps Porzingis,Over,26.5,105,2025-11-26,2025-11-25T18:32:50Z
Bovada,player_points_rebounds,Kristaps Porzingis,Under,26.5,-135,2025-11-26,2025-11-25T18:32:50Z
Bovada,player_points_rebounds,Kyshawn George,Over,18.5,-170,2025-11-26,2025-11-25T18:32:50Z
Bovada,player_points_rebounds,Kyshawn George,Under,18.5,130,2025-11-26,2025-11-25T18:32:50Z
Bovada,player_points_rebounds,Kyshawn George,Over,19.5,-135,2025-11-26,2025-11-25T18:32:50Z
Bovada,player_points_rebounds,Kyshawn George,Under,19.5,105,2025-11-26,2025-11-25T18:32:50Z
Bovada,player_points_rebounds,Kyshawn George,Over,20.5,-110,2025-11-26,2025-11-25T18:32:50Z
Bovada,player_points_rebounds,Kyshawn George,Under,20.5,-120,2025-11-26,2025-11-25T18:32:50Z
Bovada,player_points_rebounds,Nickeil Alexander-Walker,Over,20.5,-170,2025-11-26,2025-11-25T18:32:50Z
Bovada,player_points_rebounds,Nickeil Alexander-Walker,Under,20.5,130,2025-11-26,2025-11-25T18:32:50Z
Bovada,player_points_rebounds,Nickeil Alexander-Walker,Over,21.5,-135,2025-11-26,2025-11-25T18:32:50Z
Bovada,player_points_rebounds,Nickeil Alexander-Walker,Under,21.5,105,2025-11-26,2025-11-25T18:32:50Z
Bovada,player_points_rebounds,Nickeil Alexander-Walker,Over,22.5,-110,2025-11-26,2025-11-25T18:32:50Z
Bovada,player_points_rebounds,Nickeil Alexander-Walker,Under,22.5,-120,2025-11-26,2025-11-25T18:32:50Z
Bovada,player_points_rebounds,Onyeka Okongwu,Over,20.5,-150,2025-11-26,2025-11-25T18:32:50Z
Bovada,player_points_rebounds,Onyeka Okongwu,Under,20.5,115,2025-11-26,2025-11-25T18:32:50Z
Bovada,player_points_rebounds,Onyeka Okongwu,Over,21.5,-120,2025-11-26,2025-11-25T18:32:50Z
Bovada,player_points_rebounds,Onyeka Okongwu,Under,21.5,-110,2025-11-26,2025-11-25T18:32:50Z
Bovada,player_points_rebounds,Onyeka Okongwu,Over,22.5,105,2025-11-26,2025-11-25T18:32:50Z
Bovada,player_points_rebounds,Onyeka Okongwu,Under,22.5,-135,2025-11-26,2025-11-25T18:32:50Z
Bovada,player_points_rebounds,Andre Drummond,Over,23.5,-150,2025-11-26,2025-11-25T18:31:59Z
Bovada,player_points_rebounds,Andre Drummond,Under,23.5,115,2025-11-26,2025-11-25T18:31:59Z
Bovada,player_points_rebounds,Andre Drummond,Over,24.5,-120,2025-11-26,2025-11-25T18:31:59Z
Bovada,player_points_rebounds,Andre Drummond,Under,24.5,-110,2025-11-26,2025-11-25T18:31:59Z
Bovada,player_points_rebounds,Andre Drummond,Over,25.5,100,2025-11-26,2025-11-25T18:31:59Z
Bovada,player_points_rebounds,Andre Drummond,Under,25.5,-130,2025-11-26,2025-11-25T18:31:59Z
Bovada,player_points_rebounds,Anthony Black,Over,15.5,-150,2025-11-26,2025-11-25T18:31:59Z
Bovada,player_points_rebounds,Anthony Black,Under,15.5,115,2025-11-26,2025-11-25T18:31:59Z
Bovada,player_points_rebounds,Anthony Black,Over,16.5,-115,2025-11-26,2025-11-25T18:31:59Z
Bovada,player_points_rebounds,Anthony Black,Under,16.5,-115,2025-11-26,2025-11-25T18:31:59Z
Bovada,player_points_rebounds,Anthony Black,Over,17.5,110,2025-11-26,2025-11-25T18:31:59Z
Bovada,player_points_rebounds,Anthony Black,Under,17.5,-145,2025-11-26,2025-11-25T18:31:59Z
Bovada,player_points_rebounds,Desmond Bane,Over,24.5,-145,2025-11-26,2025-11-25T18:31:59Z
Bovada,player_points_rebounds,Desmond Bane,Under,24.5,110,2025-11-26,2025-11-25T18:31:59Z
Bovada,player_points_rebounds,Desmond Bane,Over,25.5,-120,2025-11-26,2025-11-25T18:31:59Z
Bovada,player_points_rebounds,Desmond Bane,Under,25.5,-110,2025-11-26,2025-11-25T18:31:59Z
Bovada,player_points_rebounds,Desmond Bane,Over,26.5,105,2025-11-26,2025-11-25T18:31:59Z
Bovada,player_points_rebounds,Desmond Bane,Under,26.5,-135,2025-11-26,2025-11-25T18:31:59Z
Bovada,player_points_rebounds,Franz Wagner,Over,29.5,-165,2025-11-26,2025-11-25T18:31:59Z
Bovada,player_points_rebounds,Franz Wagner,Under,29.5,125,2025-11-26,2025-11-25T18:31:59Z
Bovada,player_points_rebounds,Franz Wagner,Over,30.5,-135,2025-11-26,2025-11-25T18:31:59Z
Bovada,player_points_rebounds,Franz Wagner,Under,30.5,105,2025-11-26,2025-11-25T18:31:59Z
Bovada,player_points_rebounds,Franz Wagner,Over,31.5,-115,2025-11-26,2025-11-25T18:31:59Z
Bovada,player_points_rebounds,Franz Wagner,Under,31.5,-115,2025-11-26,2025-11-25T18:31:59Z
Bovada,player_points_rebounds,Jalen Suggs,Over,19.5,-150,2025-11-26,2025-11-25T18:31:59Z
Bovada,player_points_rebounds,Jalen Suggs,Under,19.5,115,2025-11-26,2025-11-25T18:31:59Z
Bovada,player_points_rebounds,Jalen Suggs,Over,20.5,-120,2025-11-26,2025-11-25T18:31:59Z
Bovada,player_points_rebounds,Jalen Suggs,Under,20.5,-110,2025-11-26,2025-11-25T18:31:59Z
Bovada,player_points_rebounds,Jalen Suggs,Over,21.5,105,2025-11-26,2025-11-25T18:31:59Z
Bovada,player_points_rebounds,Jalen Suggs,Under,21.5,-135,2025-11-26,2025-11-25T18:31:59Z
Bovada,player_points_rebounds,Justin Edwards,Over,12.5,-150,2025-11-26,2025-11-25T18:31:59Z
Bovada,player_points_rebounds,Justin Edwards,Under,12.5,115,2025-11-26,2025-11-25T18:31:59Z
Bovada,player_points_rebounds,Justin Edwards,Over,13.5,-115,2025-11-26,2025-11-25T18:31:59Z
Bovada,player_points_rebounds,Justin Edwards,Under,13.5,-115,2025-11-26,2025-11-25T18:31:59Z
Bovada,player_points_rebounds,Justin Edwards,Over,14.5,115,2025-11-26,2025-11-25T18:31:59Z
Bovada,player_points_rebounds,Justin Edwards,Under,14.5,-150,2025-11-26,2025-11-25T18:31:59Z
Bovada,player_points_rebounds,Quentin Grimes,Over,19.5,-150,2025-11-26,2025-11-25T18:31:59Z
Bovada,player_points_rebounds,Quentin Grimes,Under,19.5,115,2025-11-26,2025-11-25T18:31:59Z
Bovada,player_points_rebounds,Quentin Grimes,Over,20.5,-120,2025-11-26,2025-11-25T18:31:59Z
Bovada,player_points_rebounds,Quentin Grimes,Under,20.5,-110,2025-11-26,2025-11-25T18:31:59Z
Bovada,player_points_rebounds,Quentin Grimes,Over,21.5,105,2025-11-26,2025-11-25T18:31:59Z
Bovada,player_points_rebounds,Quentin Grimes,Under,21.5,-135,2025-11-26,2025-11-25T18:31:59Z
Bovada,player_points_rebounds,Trendon Watford,Over,12.5,-150,2025-11-26,2025-11-25T18:31:59Z
Bovada,player_points_rebounds,Trendon Watford,Under,12.5,115,2025-11-26,2025-11-25T18:31:59Z
Bovada,player_points_rebounds,Trendon Watford,Over,13.5,-115,2025-11-26,2025-11-25T18:31:59Z
Bovada,player_points_rebounds,Trendon Watford,Under,13.5,-115,2025-11-26,2025-11-25T18:31:59Z
Bovada,player_points_rebounds,Trendon Watford,Over,14.5,115,2025-11-26,2025-11-25T18:31:59Z
Bovada,player_points_rebounds,Trendon Watford,Under,14.5,-150,2025-11-26,2025-11-25T18:31:59Z
Bovada,player_points_rebounds,Tristan da Silva,Over,16.5,-145,2025-11-26,2025-11-25T18:31:59Z
Bovada,player_points_rebounds,Tristan da Silva,Under,16.5,110,2025-11-26,2025-11-25T18:31:59Z
Bovada,player_points_rebounds,Tristan da Silva,Over,17.5,-115,2025-11-26,2025-11-25T18:31:59Z
Bovada,player_points_rebounds,Tristan da Silva,Under,17.5,-115,2025-11-26,2025-11-25T18:31:59Z
Bovada,player_points_rebounds,Tristan da Silva,Over,18.5,110,2025-11-26,2025-11-25T18:31:59Z
Bovada,player_points_rebounds,Tristan da Silva,Under,18.5,-145,2025-11-26,2025-11-25T18:31:59Z
Bovada,player_points_rebounds,Tyrese Maxey,Over,34.5,-135,2025-11-26,2025-11-25T18:31:59Z
Bovada,player_points_rebounds,Tyrese Maxey,Under,34.5,105,2025-11-26,2025-11-25T18:31:59Z
Bovada,player_points_rebounds,Tyrese Maxey,Over,35.5,-115,2025-11-26,2025-11-25T18:31:59Z
Bovada,player_points_rebounds,Tyrese Maxey,Under,35.5,-115,2025-11-26,2025-11-25T18:31:59Z
Bovada,player_points_rebounds,Tyrese Maxey,Over,36.5,105,2025-11-26,2025-11-25T18:31:59Z
Bovada,player_points_rebounds,Tyrese Maxey,Under,36.5,-135,2025-11-26,2025-11-25T18:31:59Z
Bovada,player_points_rebounds,Wendell Carter Jr,Over,17.5,-150,2025-11-26,2025-11-25T18:31:59Z
Bovada,player_points_rebounds,Wendell Carter Jr,Under,17.5,115,2025-11-26,2025-11-25T18:31:59Z
Bovada,player_points_rebounds,Wendell Carter Jr,Over,18.5,-120,2025-11-26,2025-11-25T18:31:59Z
Bovada,player_points_rebounds,Wendell Carter Jr,Under,18.5,-110,2025-11-26,2025-11-25T18:31:59Z
Bovada,player_points_rebounds,Wendell Carter Jr,Over,19.5,105,2025-11-26,2025-11-25T18:31:59Z
Bovada,player_points_rebounds,Wendell Carter Jr,Under,19.5,-135,2025-11-26,2025-11-25T18:31:59Z
Bovada,player_points_rebounds,Austin Reaves,Over,25.5,-145,2025-11-26,2025-11-25T18:32:00Z
Bovada,player_points_rebounds,Austin Reaves,Under,25.5,110,2025-11-26,2025-11-25T18:32:00Z
Bovada,player_points_rebounds,Austin Reaves,Over,26.5,-115,2025-11-26,2025-11-25T18:32:00Z
Bovada,player_points_rebounds,Austin Reaves,Under,26.5,-115,2025-11-26,2025-11-25T18:32:00Z
Bovada,player_points_rebounds,Austin Reaves,Over,27.5,105,2025-11-26,2025-11-25T18:32:00Z
Bovada,player_points_rebounds,Austin Reaves,Under,27.5,-135,2025-11-26,2025-11-25T18:32:00Z
Bovada,player_points_rebounds,Ivica Zubac,Over,26.5,-145,2025-11-26,2025-11-25T18:32:00Z
Bovada,player_points_rebounds,Ivica Zubac,Under,26.5,110,2025-11-26,2025-11-25T18:32:00Z
Bovada,player_points_rebounds,Ivica Zubac,Over,27.5,-115,2025-11-26,2025-11-25T18:32:00Z
Bovada,player_points_rebounds,Ivica Zubac,Under,27.5,-115,2025-11-26,2025-11-25T18:32:00Z
Bovada,player_points_rebounds,Ivica Zubac,Over,28.5,105,2025-11-26,2025-11-25T18:32:00Z
Bovada,player_points_rebounds,Ivica Zubac,Under,28.5,-135,2025-11-26,2025-11-25T18:32:00Z
Bovada,player_points_rebounds,Jake LaRavia,Over,9.5,-190,2025-11-26,2025-11-25T18:32:00Z
Bovada,player_points_rebounds,Jake LaRavia,Under,9.5,145,2025-11-26,2025-11-25T18:32:00Z
Bovada,player_points_rebounds,Jake LaRavia,Over,10.5,-135,2025-11-26,2025-11-25T18:32:00Z
Bovada,player_points_rebounds,Jake LaRavia,Under,10.5,105,2025-11-26,2025-11-25T18:32:00Z
Bovada,player_points_rebounds,Jake LaRavia,Over,11.5,100,2025-11-26,2025-11-25T18:32:00Z
Bovada,player_points_rebounds,Jake LaRavia,Under,11.5,-130,2025-11-26,2025-11-25T18:32:00Z
Bovada,player_points_rebounds,James Harden,Over,27.5,-145,2025-11-26,2025-11-25T18:32:00Z
Bovada,player_points_rebounds,James Harden,Under,27.5,110,2025-11-26,2025-11-25T18:32:00Z
Bovada,player_points_rebounds,James Harden,Over,28.5,-120,2025-11-26,2025-11-25T18:32:00Z
Bovada,player_points_rebounds,James Harden,Under,28.5,-110,2025-11-26,2025-11-25T18:32:00Z
Bovada,player_points_rebounds,James Harden,Over,29.5,100,2025-11-26,2025-11-25T18:32:00Z
Bovada,player_points_rebounds,James Harden,Under,29.5,-130,2025-11-26,2025-11-25T18:32:00Z
Bovada,player_points_rebounds,Jaxson Hayes,Over,11.5,-185,2025-11-26,2025-11-25T18:32:00Z
Bovada,player_points_rebounds,Jaxson Hayes,Under,11.5,140,2025-11-26,2025-11-25T18:32:00Z
Bovada,player_points_rebounds,Jaxson Hayes,Over,12.5,-135,2025-11-26,2025-11-25T18:32:00Z
Bovada,player_points_rebounds,Jaxson Hayes,Under,12.5,105,2025-11-26,2025-11-25T18:32:00Z
Bovada,player_points_rebounds,Jaxson Hayes,Over,13.5,-105,2025-11-26,2025-11-25T18:32:00Z
Bovada,player_points_rebounds,Jaxson Hayes,Under,13.5,-125,2025-11-26,2025-11-25T18:32:00Z
Bovada,player_points_rebounds,John Collins,Over,16.5,-160,2025-11-26,2025-11-25T18:32:00Z
Bovada,player_points_rebounds,John Collins,Under,16.5,120,2025-11-26,2025-11-25T18:32:00Z
Bovada,player_points_rebounds,John Collins,Over,17.5,-135,2025-11-26,2025-11-25T18:32:00Z
Bovada,player_points_rebounds,John Collins,Under,17.5,105,2025-11-26,2025-11-25T18:32:00Z
Bovada,player_points_rebounds,John Collins,Over,18.5,-110,2025-11-26,2025-11-25T18:32:00Z
Bovada,player_points_rebounds,John Collins,Under,18.5,-120,2025-11-26,2025-11-25T18:32:00Z
Bovada,player_points_rebounds,Kawhi Leonard,Over,23.5,-165,2025-11-26,2025-11-25T18:32:00Z
Bovada,player_points_rebounds,Kawhi Leonard,Under,23.5,125,2025-11-26,2025-11-25T18:32:00Z
Bovada,player_points_rebounds,Kawhi Leonard,Over,24.5,-135,2025-11-26,2025-11-25T18:32:00Z
Bovada,player_points_rebounds,Kawhi Leonard,Under,24.5,105,2025-11-26,2025-11-25T18:32:00Z
Bovada,player_points_rebounds,Kawhi Leonard,Over,25.5,-110,2025-11-26,2025-11-25T18:32:00Z
Bovada,player_points_rebounds,Kawhi Leonard,Under,25.5,-120,2025-11-26,2025-11-25T18:32:00Z
Bovada,player_points_rebounds,Kris Dunn,Over,7.5,-190,2025-11-26,2025-11-25T18:32:00Z
Bovada,player_points_rebounds,Kris Dunn,Under,7.5,145,2025-11-26,2025-11-25T18:32:00Z
Bovada,player_points_rebounds,Kris Dunn,Over,8.5,-135,2025-11-26,2025-11-25T18:32:00Z
Bovada,player_points_rebounds,Kris Dunn,Under,8.5,105,2025-11-26,2025-11-25T18:32:00Z
Bovada,player_points_rebounds,Kris Dunn,Over,9.5,105,2025-11-26,2025-11-25T18:32:00Z
Bovada,player_points_rebounds,Kris Dunn,Under,9.5,-135,2025-11-26,2025-11-25T18:32:00Z
Bovada,player_points_rebounds,LeBron James,Over,25.5,-165,2025-11-26,2025-11-25T18:32:00Z
Bovada,player_points_rebounds,LeBron James,Under,25.5,125,2025-11-26,2025-11-25T18:32:00Z
Bovada,player_points_rebounds,LeBron James,Over,26.5,-135,2025-11-26,2025-11-25T18:32:00Z
Bovada,player_points_rebounds,LeBron James,Under,26.5,105,2025-11-26,2025-11-25T18:32:00Z
Bovada,player_points_rebounds,LeBron James,Over,27.5,-115,2025-11-26,2025-11-25T18:32:00Z
Bovada,player_points_rebounds,LeBron James,Under,27.5,-115,2025-11-26,2025-11-25T18:32:00Z
Bovada,player_points_rebounds,Luka Doncic,Over,40.5,-135,2025-11-26,2025-11-25T18:32:00Z
Bovada,player_points_rebounds,Luka Doncic,Under,40.5,105,2025-11-26,2025-11-25T18:32:00Z
Bovada,player_points_rebounds,Luka Doncic,Over,41.5,-115,2025-11-26,2025-11-25T18:32:00Z
Bovada,player_points_rebounds,Luka Doncic,Under,41.5,-115,2025-11-26,2025-11-25T18:32:00Z
Bovada,player_points_rebounds,Luka Doncic,Over,42.5,100,2025-11-26,2025-11-25T18:32:00Z
Bovada,player_points_rebounds,Luka Doncic,Under,42.5,-130,2025-11-26,2025-11-25T18:32:00Z
Bovada,player_points_rebounds,Nicolas Batum,Over,6.5,-200,2025-11-26,2025-11-25T18:32:00Z
Bovada,player_points_rebounds,Nicolas Batum,Under,6.5,150,2025-11-26,2025-11-25T18:32:00Z
Bovada,player_points_rebounds,Nicolas Batum,Over,7.5,-135,2025-11-26,2025-11-25T18:32:00Z
Bovada,player_points_rebounds,Nicolas Batum,Under,7.5,105,2025-11-26,2025-11-25T18:32:00Z
Bovada,player_points_rebounds,Nicolas Batum,Over,8.5,105,2025-11-26,2025-11-25T18:32:00Z
Bovada,player_points_rebounds,Nicolas Batum,Under,8.5,-135,2025-11-26,2025-11-25T18:32:00Z
Bovada,player_points_rebounds,Rui Hachimura,Over,13.5,-185,2025-11-26,2025-11-25T18:32:00Z
Bovada,player_points_rebounds,Rui Hachimura,Under,13.5,140,2025-11-26,2025-11-25T18:32:00Z
Bovada,player_points_rebounds,Rui Hachimura,Over,14.5,-145,2025-11-26,2025-11-25T18:32:00Z
Bovada,player_points_rebounds,Rui Hachimura,Under,14.5,110,2025-11-26,2025-11-25T18:32:00Z
Bovada,player_points_rebounds,Rui Hachimura,Over,15.5,-110,2025-11-26,2025-11-25T18:32:00Z
Bovada,player_points_rebounds,Rui Hachimura,Under,15.5,-120,2025-11-26,2025-11-25T18:32:00Z
FanDuel,player_points_assists,Alex Sarr,Over,20.5,-130,2025-11-26,2025-11-25T18:32:47Z
FanDuel,player_points_assists,Alex Sarr,Under,20.5,-102,2025-11-26,2025-11-25T18:32:47Z
FanDuel,player_points_assists,Kyshawn George,Over,18.5,-130,2025-11-26,2025-11-25T18:32:47Z
FanDuel,player_points_assists,Kyshawn George,Under,18.5,-102,2025-11-26,2025-11-25T18:32:47Z
FanDuel,player_points_assists,C.J. McCollum,Over,21.5,-110,2025-11-26,2025-11-25T18:32:47Z
FanDuel,player_points_assists,C.J. McCollum,Under,21.5,-120,2025-11-26,2025-11-25T18:32:47Z
FanDuel,player_points_assists,Bilal Coulibaly,Over,13.5,-108,2025-11-26,2025-11-25T18:32:47Z
FanDuel,player_points_assists,Bilal Coulibaly,Under,13.5,-122,2025-11-26,2025-11-25T18:32:47Z
FanDuel,player_points_assists,Jalen Johnson,Over,32.5,-106,2025-11-26,2025-11-25T18:32:47Z
FanDuel,player_points_assists,Jalen Johnson,Under,32.5,-125,2025-11-26,2025-11-25T18:32:47Z
FanDuel,player_points_assists,Dyson Daniels,Over,17.5,-122,2025-11-26,2025-11-25T18:32:47Z
FanDuel,player_points_assists,Dyson Daniels,Under,17.5,-108,2025-11-26,2025-11-25T18:32:47Z
FanDuel,player_points_assists,Khris Middleton,Over,12.5,-104,2025-11-26,2025-11-25T18:32:47Z
FanDuel,player_points_assists,Khris Middleton,Under,12.5,-128,2025-11-26,2025-11-25T18:32:47Z
FanDuel,player_points_assists,Kristaps Porzingis,Over,22.5,-112,2025-11-26,2025-11-25T18:32:47Z
FanDuel,player_points_assists,Kristaps Porzingis,Under,22.5,-118,2025-11-26,2025-11-25T18:32:47Z
FanDuel,player_points_assists,Nickeil Alexander-Walker,Over,22.5,-106,2025-11-26,2025-11-25T18:32:47Z
FanDuel,player_points_assists,Nickeil Alexander-Walker,Under,22.5,-125,2025-11-26,2025-11-25T18:32:47Z
FanDuel,player_points_assists,Jalen Suggs,Over,21.5,-125,2025-11-26,2025-11-25T18:32:43Z
FanDuel,player_points_assists,Jalen Suggs,Under,21.5,-106,2025-11-26,2025-11-25T18:32:43Z
FanDuel,player_points_assists,Quentin Grimes,Over,21.5,-108,2025-11-26,2025-11-25T18:32:43Z
FanDuel,player_points_assists,Quentin Grimes,Under,21.5,-122,2025-11-26,2025-11-25T18:32:43Z
FanDuel,player_points_assists,Wendell Carter Jr,Over,13.5,-112,2025-11-26,2025-11-25T18:32:43Z
FanDuel,player_points_assists,Wendell Carter Jr,Under,13.5,-118,2025-11-26,2025-11-25T18:32:43Z
FanDuel,player_points_assists,Anthony Black,Over,16.5,-104,2025-11-26,2025-11-25T18:32:43Z
FanDuel,player_points_assists,Anthony Black,Under,16.5,-128,2025-11-26,2025-11-25T18:32:43Z
FanDuel,player_points_assists,Tyrese Maxey,Over,39.5,-118,2025-11-26,2025-11-25T18:32:43Z
FanDuel,player_points_assists,Tyrese Maxey,Under,39.5,-112,2025-11-26,2025-11-25T18:32:43Z
FanDuel,player_points_assists,Franz Wagner,Over,28.5,-128,2025-11-26,2025-11-25T18:32:43Z
FanDuel,player_points_assists,Franz Wagner,Under,28.5,-104,2025-11-26,2025-11-25T18:32:43Z
FanDuel,player_points_assists,Desmond Bane,Over,25.5,-120,2025-11-26,2025-11-25T18:32:43Z
FanDuel,player_points_assists,Desmond Bane,Under,25.5,-110,2025-11-26,2025-11-25T18:32:43Z
FanDuel,player_points_assists,Austin Reaves,Over,26.5,-122,2025-11-26,2025-11-25T18:32:06Z
FanDuel,player_points_assists,Austin Reaves,Under,26.5,-108,2025-11-26,2025-11-25T18:32:06Z
FanDuel,player_points_assists,James Harden,Over,32.5,-112,2025-11-26,2025-11-25T18:32:06Z
FanDuel,player_points_assists,James Harden,Under,32.5,-118,2025-11-26,2025-11-25T18:32:06Z
FanDuel,player_points_assists,LeBron James,Over,27.5,-114,2025-11-26,2025-11-25T18:32:06Z
FanDuel,player_points_assists,LeBron James,Under,27.5,-114,2025-11-26,2025-11-25T18:32:06Z
FanDuel,player_points_assists,Luka Doncic,Over,40.5,-120,2025-11-26,2025-11-25T18:32:06Z
FanDuel,player_points_assists,Luka Doncic,Under,40.5,-110,2025-11-26,2025-11-25T18:32:06Z
FanDuel,player_points_assists,Kawhi Leonard,Over,23.5,-114,2025-11-26,2025-11-25T18:32:06Z
FanDuel,player_points_assists,Kawhi Leonard,Under,23.5,-114,2025-11-26,2025-11-25T18:32:06Z
DraftKings,player_points_assists,Jalen Johnson,Over,32.5,-110,2025-11-26,2025-11-25T18:32:46Z
DraftKings,player_points_assists,Jalen Johnson,Under,32.5,-120,2025-11-26,2025-11-25T18:32:46Z
DraftKings,player_points_assists,Nickeil Alexander-Walker,Over,22.5,-116,2025-11-26,2025-11-25T18:32:46Z
DraftKings,player_points_assists,Nickeil Alexander-Walker,Under,22.5,-114,2025-11-26,2025-11-25T18:32:46Z
DraftKings,player_points_assists,Kristaps Porzingis,Over,21.5,-127,2025-11-26,2025-11-25T18:32:46Z
DraftKings,player_points_assists,Kristaps Porzingis,Under,21.5,-104,2025-11-26,2025-11-25T18:32:46Z
DraftKings,player_points_assists,Alex Sarr,Over,21.5,-111,2025-11-26,2025-11-25T18:32:46Z
DraftKings,player_points_assists,Alex Sarr,Under,21.5,-118,2025-11-26,2025-11-25T18:32:46Z
DraftKings,player_points_assists,C.J. McCollum,Over,20.5,-127,2025-11-26,2025-11-25T18:32:46Z
DraftKings,player_points_assists,C.J. McCollum,Under,20.5,-104,2025-11-26,2025-11-25T18:32:46Z
DraftKings,player_points_assists,Kyshawn George,Over,19.5,-114,2025-11-26,2025-11-25T18:32:46Z
DraftKings,player_points_assists,Kyshawn George,Under,19.5,-115,2025-11-26,2025-11-25T18:32:46Z
DraftKings,player_points_assists,Dyson Daniels,Over,17.5,-121,2025-11-26,2025-11-25T18:32:46Z
DraftKings,player_points_assists,Dyson Daniels,Under,17.5,-108,2025-11-26,2025-11-25T18:32:46Z
DraftKings,player_points_assists,Onyeka Okongwu,Over,16.5,-126,2025-11-26,2025-11-25T18:32:46Z
DraftKings,player_points_assists,Onyeka Okongwu,Under,16.5,-104,2025-11-26,2025-11-25T18:32:46Z
DraftKings,player_points_assists,Bilal Coulibaly,Over,13.5,-110,2025-11-26,2025-11-25T18:32:46Z
DraftKings,player_points_assists,Bilal Coulibaly,Under,13.5,-119,2025-11-26,2025-11-25T18:32:46Z
DraftKings,player_points_assists,Khris Middleton,Over,12.5,-102,2025-11-26,2025-11-25T18:32:46Z
DraftKings,player_points_assists,Khris Middleton,Under,12.5,-129,2025-11-26,2025-11-25T18:32:46Z
DraftKings,player_points_assists,Carlton Carrington,Over,11.5,-115,2025-11-26,2025-11-25T18:32:46Z
DraftKings,player_points_assists,Carlton Carrington,Under,11.5,-115,2025-11-26,2025-11-25T18:32:46Z
DraftKings,player_points_assists,Tyrese Maxey,Over,39.5,-117,2025-11-26,2025-11-25T18:32:00Z
DraftKings,player_points_assists,Tyrese Maxey,Under,39.5,-113,2025-11-26,2025-11-25T18:32:00Z
DraftKings,player_points_assists,Franz Wagner,Over,28.5,-118,2025-11-26,2025-11-25T18:32:00Z
DraftKings,player_points_assists,Franz Wagner,Under,28.5,-111,2025-11-26,2025-11-25T18:32:00Z
DraftKings,player_points_assists,Desmond Bane,Over,25.5,-111,2025-11-26,2025-11-25T18:32:00Z
DraftKings,player_points_assists,Desmond Bane,Under,25.5,-119,2025-11-26,2025-11-25T18:32:00Z
DraftKings,player_points_assists,Jalen Suggs,Over,21.5,-121,2025-11-26,2025-11-25T18:32:00Z
DraftKings,player_points_assists,Jalen Suggs,Under,21.5,-109,2025-11-26,2025-11-25T18:32:00Z
DraftKings,player_points_assists,Quentin Grimes,Over,21.5,-114,2025-11-26,2025-11-25T18:32:00Z
DraftKings,player_points_assists,Quentin Grimes,Under,21.5,-115,2025-11-26,2025-11-25T18:32:00Z
DraftKings,player_points_assists,Anthony Black,Over,15.5,-122,2025-11-26,2025-11-25T18:32:00Z
DraftKings,player_points_assists,Anthony Black,Under,15.5,-108,2025-11-26,2025-11-25T18:32:00Z
DraftKings,player_points_assists,Wendell Carter Jr,Over,13.5,-119,2025-11-26,2025-11-25T18:32:00Z
DraftKings,player_points_assists,Wendell Carter Jr,Under,13.5,-110,2025-11-26,2025-11-25T18:32:00Z
DraftKings,player_points_assists,Justin Edwards,Over,12.5,-105,2025-11-26,2025-11-25T18:32:00Z
DraftKings,player_points_assists,Justin Edwards,Under,12.5,-126,2025-11-26,2025-11-25T18:32:00Z
DraftKings,player_points_assists,Luka Doncic,Over,41.5,-110,2025-11-26,2025-11-25T18:32:34Z
DraftKings,player_points_assists,Luka Doncic,Under,41.5,-119,2025-11-26,2025-11-25T18:32:34Z
DraftKings,player_points_assists,James Harden,Over,32.5,-106,2025-11-26,2025-11-25T18:32:34Z
DraftKings,player_points_assists,James Harden,Under,32.5,-124,2025-11-26,2025-11-25T18:32:34Z
DraftKings,player_points_assists,LeBron James,Over,28.5,-111,2025-11-26,2025-11-25T18:32:34Z
DraftKings,player_points_assists,LeBron James,Under,28.5,-118,2025-11-26,2025-11-25T18:32:34Z
DraftKings,player_points_assists,Austin Reaves,Over,27.5,-107,2025-11-26,2025-11-25T18:32:34Z
DraftKings,player_points_assists,Austin Reaves,Under,27.5,-123,2025-11-26,2025-11-25T18:32:34Z
DraftKings,player_points_assists,Kawhi Leonard,Over,23.5,-123,2025-11-26,2025-11-25T18:32:34Z
DraftKings,player_points_assists,Kawhi Leonard,Under,23.5,-107,2025-11-26,2025-11-25T18:32:34Z
DraftKings,player_points_assists,Ivica Zubac,Over,18.5,-121,2025-11-26,2025-11-25T18:32:34Z
DraftKings,player_points_assists,Ivica Zubac,Under,18.5,-109,2025-11-26,2025-11-25T18:32:34Z
DraftKings,player_points_assists,Kris Dunn,Over,9.5,-106,2025-11-26,2025-11-25T18:32:34Z
DraftKings,player_points_assists,Kris Dunn,Under,9.5,-124,2025-11-26,2025-11-25T18:32:34Z
BetMGM,player_points_assists,Jalen Johnson,Over,31.5,-120,2025-11-26,2025-11-25T18:32:30Z
BetMGM,player_points_assists,Jalen Johnson,Under,31.5,-110,2025-11-26,2025-11-25T18:32:30Z
BetMGM,player_points_assists,Dyson Daniels,Over,17.5,-118,2025-11-26,2025-11-25T18:32:30Z
BetMGM,player_points_assists,Dyson Daniels,Under,17.5,-110,2025-11-26,2025-11-25T18:32:30Z
BetMGM,player_points_assists,Zaccharie Risacher,Over,12.5,-125,2025-11-26,2025-11-25T18:32:30Z
BetMGM,player_points_assists,Zaccharie Risacher,Under,12.5,-110,2025-11-26,2025-11-25T18:32:30Z
BetMGM,player_points_assists,Alex Sarr,Over,21.5,-118,2025-11-26,2025-11-25T18:32:30Z
BetMGM,player_points_assists,Alex Sarr,Under,21.5,-115,2025-11-26,2025-11-25T18:32:30Z
BetMGM,player_points_assists,C.J. McCollum,Over,21.5,-110,2025-11-26,2025-11-25T18:32:30Z
BetMGM,player_points_assists,C.J. McCollum,Under,21.5,-118,2025-11-26,2025-11-25T18:32:30Z
BetMGM,player_points_assists,Nickeil Alexander-Walker,Over,22.5,-118,2025-11-26,2025-11-25T18:32:30Z
BetMGM,player_points_assists,Nickeil Alexander-Walker,Under,22.5,-115,2025-11-26,2025-11-25T18:32:30Z
BetMGM,player_points_assists,Bilal Coulibaly,Over,13.5,-120,2025-11-26,2025-11-25T18:32:30Z
BetMGM,player_points_assists,Bilal Coulibaly,Under,13.5,-110,2025-11-26,2025-11-25T18:32:30Z
BetMGM,player_points_assists,Kyshawn George,Over,18.5,-135,2025-11-26,2025-11-25T18:32:30Z
BetMGM,player_points_assists,Kyshawn George,Under,18.5,100,2025-11-26,2025-11-25T18:32:30Z
BetMGM,player_points_assists,Kristaps Porzingis,Over,21.5,-120,2025-11-26,2025-11-25T18:32:30Z
BetMGM,player_points_assists,Kristaps Porzingis,Under,21.5,-110,2025-11-26,2025-11-25T18:32:30Z
BetMGM,player_points_assists,Khris Middleton,Over,12.5,-105,2025-11-26,2025-11-25T18:32:30Z
BetMGM,player_points_assists,Khris Middleton,Under,12.5,-130,2025-11-26,2025-11-25T18:32:30Z
BetMGM,player_points_assists,Desmond Bane,Over,25.5,-115,2025-11-26,2025-11-25T18:32:19Z
BetMGM,player_points_assists,Desmond Bane,Under,25.5,-118,2025-11-26,2025-11-25T18:32:19Z
BetMGM,player_points_assists,Wendell Carter Jr,Over,13.5,-120,2025-11-26,2025-11-25T18:32:19Z
BetMGM,player_points_assists,Wendell Carter Jr,Under,13.5,-110,2025-11-26,2025-11-25T18:32:19Z
BetMGM,player_points_assists,Tristan da Silva,Over,14.5,-115,2025-11-26,2025-11-25T18:32:19Z
BetMGM,player_points_assists,Tristan da Silva,Under,14.5,-118,2025-11-26,2025-11-25T18:32:19Z
BetMGM,player_points_assists,Franz Wagner,Over,28.5,-120,2025-11-26,2025-11-25T18:32:19Z
BetMGM,player_points_assists,Franz Wagner,Under,28.5,-110,2025-11-26,2025-11-25T18:32:19Z
BetMGM,player_points_assists,Jalen Suggs,Over,22.5,-110,2025-11-26,2025-11-25T18:32:19Z
BetMGM,player_points_assists,Jalen Suggs,Under,22.5,-120,2025-11-26,2025-11-25T18:32:19Z
BetMGM,player_points_assists,Quentin Grimes,Over,22.5,-110,2025-11-26,2025-11-25T18:32:19Z
BetMGM,player_points_assists,Quentin Grimes,Under,22.5,-120,2025-11-26,2025-11-25T18:32:19Z
BetMGM,player_points_assists,Tyrese Maxey,Over,40.5,-110,2025-11-26,2025-11-25T18:32:19Z
BetMGM,player_points_assists,Tyrese Maxey,Under,40.5,-125,2025-11-26,2025-11-25T18:32:19Z
BetMGM,player_points_assists,Justin Edwards,Over,12.5,100,2025-11-26,2025-11-25T18:32:19Z
BetMGM,player_points_assists,Justin Edwards,Under,12.5,-130,2025-11-26,2025-11-25T18:32:19Z
BetMGM,player_points_assists,Andre Drummond,Over,11.5,-115,2025-11-26,2025-11-25T18:32:19Z
BetMGM,player_points_assists,Andre Drummond,Under,11.5,-115,2025-11-26,2025-11-25T18:32:19Z
BetMGM,player_points_assists,Austin Reaves,Over,26.5,-118,2025-11-26,2025-11-25T18:32:32Z
BetMGM,player_points_assists,Austin Reaves,Under,26.5,-110,2025-11-26,2025-11-25T18:32:32Z
BetMGM,player_points_assists,Ivica Zubac,Over,19.5,-105,2025-11-26,2025-11-25T18:32:32Z
BetMGM,player_points_assists,Ivica Zubac,Under,19.5,-130,2025-11-26,2025-11-25T18:32:32Z
BetMGM,player_points_assists,Kawhi Leonard,Over,23.5,-105,2025-11-26,2025-11-25T18:32:32Z
BetMGM,player_points_assists,Kawhi Leonard,Under,23.5,-130,2025-11-26,2025-11-25T18:32:32Z
BetMGM,player_points_assists,James Harden,Over,32.5,-120,2025-11-26,2025-11-25T18:32:32Z
BetMGM,player_points_assists,James Harden,Under,32.5,-110,2025-11-26,2025-11-25T18:32:32Z
BetMGM,player_points_assists,Kris Dunn,Over,8.5,-135,2025-11-26,2025-11-25T18:32:32Z
BetMGM,player_points_assists,Kris Dunn,Under,8.5,100,2025-11-26,2025-11-25T18:32:32Z
BetMGM,player_points_assists,Jaxson Hayes,Over,7.5,-120,2025-11-26,2025-11-25T18:32:32Z
BetMGM,player_points_assists,Jaxson Hayes,Under,7.5,-110,2025-11-26,2025-11-25T18:32:32Z
BetMGM,player_points_assists,John Collins,Over,12.5,-105,2025-11-26,2025-11-25T18:32:32Z
BetMGM,player_points_assists,John Collins,Under,12.5,-130,2025-11-26,2025-11-25T18:32:32Z
BetMGM,player_points_assists,Rui Hachimura,Over,11.5,-130,2025-11-26,2025-11-25T18:32:32Z
BetMGM,player_points_assists,Rui Hachimura,Under,11.5,100,2025-11-26,2025-11-25T18:32:32Z
BetMGM,player_points_assists,LeBron James,Over,28.5,-110,2025-11-26,2025-11-25T18:32:32Z
BetMGM,player_points_assists,LeBron James,Under,28.5,-120,2025-11-26,2025-11-25T18:32:32Z
BetMGM,player_points_assists,Luka Doncic,Over,41.5,-110,2025-11-26,2025-11-25T18:32:32Z
BetMGM,player_points_assists,Luka Doncic,Under,41.5,-118,2025-11-26,2025-11-25T18:32:32Z
Bovada,player_points_assists,Alex Sarr,Over,19.5,-170,2025-11-26,2025-11-25T18:32:50Z
Bovada,player_points_assists,Alex Sarr,Under,19.5,130,2025-11-26,2025-11-25T18:32:50Z
Bovada,player_points_assists,Alex Sarr,Over,20.5,-135,2025-11-26,2025-11-25T18:32:50Z
Bovada,player_points_assists,Alex Sarr,Under,20.5,105,2025-11-26,2025-11-25T18:32:50Z
Bovada,player_points_assists,Alex Sarr,Over,21.5,-110,2025-11-26,2025-11-25T18:32:50Z
Bovada,player_points_assists,Alex Sarr,Under,21.5,-120,2025-11-26,2025-11-25T18:32:50Z
Bovada,player_points_assists,Bilal Coulibaly,Over,11.5,-200,2025-11-26,2025-11-25T18:32:50Z
Bovada,player_points_assists,Bilal Coulibaly,Under,11.5,150,2025-11-26,2025-11-25T18:32:50Z
Bovada,player_points_assists,Bilal Coulibaly,Over,12.5,-145,2025-11-26,2025-11-25T18:32:50Z
Bovada,player_points_assists,Bilal Coulibaly,Under,12.5,110,2025-11-26,2025-11-25T18:32:50Z
Bovada,player_points_assists,Bilal Coulibaly,Over,13.5,-110,2025-11-26,2025-11-25T18:32:50Z
Bovada,player_points_assists,Bilal Coulibaly,Under,13.5,-120,2025-11-26,2025-11-25T18:32:50Z
Bovada,player_points_assists,C.J. McCollum,Over,19.5,-170,2025-11-26,2025-11-25T18:32:50Z
Bovada,player_points_assists,C.J. McCollum,Under,19.5,130,2025-11-26,2025-11-25T18:32:50Z
Bovada,player_points_assists,C.J. McCollum,Over,20.5,-135,2025-11-26,2025-11-25T18:32:50Z
Bovada,player_points_assists,C.J. McCollum,Under,20.5,105,2025-11-26,2025-11-25T18:32:50Z
Bovada,player_points_assists,C.J. McCollum,Over,21.5,-110,2025-11-26,2025-11-25T18:32:50Z
Bovada,player_points_assists,C.J. McCollum,Under,21.5,-120,2025-11-26,2025-11-25T18:32:50Z
Bovada,player_points_assists,Dyson Daniels,Over,16.5,-150,2025-11-26,2025-11-25T18:32:50Z
Bovada,player_points_assists,Dyson Daniels,Under,16.5,115,2025-11-26,2025-11-25T18:32:50Z
Bovada,player_points_assists,Dyson Daniels,Over,17.5,-120,2025-11-26,2025-11-25T18:32:50Z
Bovada,player_points_assists,Dyson Daniels,Under,17.5,-110,2025-11-26,2025-11-25T18:32:50Z
Bovada,player_points_assists,Dyson Daniels,Over,18.5,105,2025-11-26,2025-11-25T18:32:50Z
Bovada,player_points_assists,Dyson Daniels,Under,18.5,-135,2025-11-26,2025-11-25T18:32:50Z
Bovada,player_points_assists,Jalen Johnson,Over,30.5,-135,2025-11-26,2025-11-25T18:32:50Z
Bovada,player_points_assists,Jalen Johnson,Under,30.5,105,2025-11-26,2025-11-25T18:32:50Z
Bovada,player_points_assists,Jalen Johnson,Over,31.5,-115,2025-11-26,2025-11-25T18:32:50Z
Bovada,player_points_assists,Jalen Johnson,Under,31.5,-115,2025-11-26,2025-11-25T18:32:50Z
Bovada,player_points_assists,Jalen Johnson,Over,32.5,105,2025-11-26,2025-11-25T18:32:50Z
Bovada,player_points_assists,Jalen Johnson,Under,32.5,-135,2025-11-26,2025-11-25T18:32:50Z
Bovada,player_points_assists,Khris Middleton,Over,10.5,-180,2025-11-26,2025-11-25T18:32:50Z
Bovada,player_points_assists,Khris Middleton,Under,10.5,135,2025-11-26,2025-11-25T18:32:50Z
Bovada,player_points_assists,Khris Middleton,Over,11.5,-130,2025-11-26,2025-11-25T18:32:50Z
Bovada,player_points_assists,Khris Middleton,Under,11.5,100,2025-11-26,2025-11-25T18:32:50Z
Bovada,player_points_assists,Khris Middleton,Over,12.5,105,2025-11-26,2025-11-25T18:32:50Z
Bovada,player_points_assists,Khris Middleton,Under,12.5,-135,2025-11-26,2025-11-25T18:32:50Z
Bovada,player_points_assists,Kristaps Porzingis,Over,20.5,-170,2025-11-26,2025-11-25T18:32:50Z
Bovada,player_points_assists,Kristaps Porzingis,Under,20.5,130,2025-11-26,2025-11-25T18:32:50Z
Bovada,player_points_assists,Kristaps Porzingis,Over,21.5,-135,2025-11-26,2025-11-25T18:32:50Z
Bovada,player_points_assists,Kristaps Porzingis,Under,21.5,105,2025-11-26,2025-11-25T18:32:50Z
Bovada,player_points_assists,Kristaps Porzingis,Over,22.5,-110,2025-11-26,2025-11-25T18:32:50Z
Bovada,player_points_assists,Kristaps Porzingis,Under,22.5,-120,2025-11-26,2025-11-25T18:32:50Z
Bovada,player_points_assists,Kyshawn George,Over,17.5,-190,2025-11-26,2025-11-25T18:32:50Z
Bovada,player_points_assists,Kyshawn George,Under,17.5,145,2025-11-26,2025-11-25T18:32:50Z
Bovada,player_points_assists,Kyshawn George,Over,18.5,-150,2025-11-26,2025-11-25T18:32:50Z
Bovada,player_points_assists,Kyshawn George,Under,18.5,115,2025-11-26,2025-11-25T18:32:50Z
Bovada,player_points_assists,Kyshawn George,Over,19.5,-120,2025-11-26,2025-11-25T18:32:50Z
Bovada,player_points_assists,Kyshawn George,Under,19.5,-110,2025-11-26,2025-11-25T18:32:50Z
Bovada,player_points_assists,Nickeil Alexander-Walker,Over,20.5,-150,2025-11-26,2025-11-25T18:32:50Z
Bovada,player_points_assists,Nickeil Alexander-Walker,Under,20.5,115,2025-11-26,2025-11-25T18:32:50Z
Bovada,player_points_assists,Nickeil Alexander-Walker,Over,21.5,-120,2025-11-26,2025-11-25T18:32:50Z
Bovada,player_points_assists,Nickeil Alexander-Walker,Under,21.5,-110,2025-11-26,2025-11-25T18:32:50Z
Bovada,player_points_assists,Nickeil Alexander-Walker,Over,22.5,105,2025-11-26,2025-11-25T18:32:50Z
Bovada,player_points_assists,Nickeil Alexander-Walker,Under,22.5,-135,2025-11-26,2025-11-25T18:32:50Z
Bovada,player_points_assists,Anthony Black,Over,14.5,-160,2025-11-26,2025-11-25T18:31:59Z
Bovada,player_points_assists,Anthony Black,Under,14.5,120,2025-11-26,2025-11-25T18:31:59Z
Bovada,player_points_assists,Anthony Black,Over,15.5,-125,2025-11-26,2025-11-25T18:31:59Z
Bovada,player_points_assists,Anthony Black,Under,15.5,-105,2025-11-26,2025-11-25T18:31:59Z
Bovada,player_points_assists,Anthony Black,Over,16.5,105,2025-11-26,2025-11-25T18:31:59Z
Bovada,player_points_assists,Anthony Black,Under,16.5,-135,2025-11-26,2025-11-25T18:31:59Z
Bovada,player_points_assists,Desmond Bane,Over,24.5,-145,2025-11-26,2025-11-25T18:31:59Z
Bovada,player_points_assists,Desmond Bane,Under,24.5,110,2025-11-26,2025-11-25T18:31:59Z
Bovada,player_points_assists,Desmond Bane,Over,25.5,-120,2025-11-26,2025-11-25T18:31:59Z
Bovada,player_points_assists,Desmond Bane,Under,25.5,-110,2025-11-26,2025-11-25T18:31:59Z
Bovada,player_points_assists,Desmond Bane,Over,26.5,100,2025-11-26,2025-11-25T18:31:59Z
Bovada,player_points_assists,Desmond Bane,Under,26.5,-130,2025-11-26,2025-11-25T18:31:59Z
Bovada,player_points_assists,Franz Wagner,Over,27.5,-165,2025-11-26,2025-11-25T18:31:59Z
Bovada,player_points_assists,Franz Wagner,Under,27.5,125,2025-11-26,2025-11-25T18:31:59Z
Bovada,player_points_assists,Franz Wagner,Over,28.5,-135,2025-11-26,2025-11-25T18:31:59Z
Bovada,player_points_assists,Franz Wagner,Under,28.5,105,2025-11-26,2025-11-25T18:31:59Z
Bovada,player_points_assists,Franz Wagner,Over,29.5,-115,2025-11-26,2025-11-25T18:31:59Z
Bovada,player_points_assists,Franz Wagner,Under,29.5,-115,2025-11-26,2025-11-25T18:31:59Z
Bovada,player_points_assists,Jalen Suggs,Over,20.5,-170,2025-11-26,2025-11-25T18:31:59Z
Bovada,player_points_assists,Jalen Suggs,Under,20.5,130,2025-11-26,2025-11-25T18:31:59Z
Bovada,player_points_assists,Jalen Suggs,Over,21.5,-135,2025-11-26,2025-11-25T18:31:59Z
Bovada,player_points_assists,Jalen Suggs,Under,21.5,105,2025-11-26,2025-11-25T18:31:59Z
Bovada,player_points_assists,Jalen Suggs,Over,22.5,-110,2025-11-26,2025-11-25T18:31:59Z
Bovada,player_points_assists,Jalen Suggs,Under,22.5,-120,2025-11-26,2025-11-25T18:31:59Z
Bovada,player_points_assists,Quentin Grimes,Over,19.5,-170,2025-11-26,2025-11-25T18:31:59Z
Bovada,player_points_assists,Quentin Grimes,Under,19.5,130,2025-11-26,2025-11-25T18:31:59Z
Bovada,player_points_assists,Quentin Grimes,Over,20.5,-135,2025-11-26,2025-11-25T18:31:59Z
Bovada,player_points_assists,Quentin Grimes,Under,20.5,105,2025-11-26,2025-11-25T18:31:59Z
Bovada,player_points_assists,Quentin Grimes,Over,21.5,-110,2025-11-26,2025-11-25T18:31:59Z
Bovada,player_points_assists,Quentin Grimes,Under,21.5,-120,2025-11-26,2025-11-25T18:31:59Z
Bovada,player_points_assists,Tyrese Maxey,Over,38.5,-135,2025-11-26,2025-11-25T18:31:59Z
Bovada,player_points_assists,Tyrese Maxey,Under,38.5,105,2025-11-26,2025-11-25T18:31:59Z
Bovada,player_points_assists,Tyrese Maxey,Over,39.5,-115,2025-11-26,2025-11-25T18:31:59Z
Bovada,player_points_assists,Tyrese Maxey,Under,39.5,-115,2025-11-26,2025-11-25T18:31:59Z
Bovada,player_points_assists,Tyrese Maxey,Over,40.5,105,2025-11-26,2025-11-25T18:31:59Z
Bovada,player_points_assists,Tyrese Maxey,Under,40.5,-135,2025-11-26,2025-11-25T18:31:59Z
Bovada,player_points_assists,Wendell Carter Jr,Over,11.5,-200,2025-11-26,2025-11-25T18:31:59Z
Bovada,player_points_assists,Wendell Carter Jr,Under,11.5,150,2025-11-26,2025-11-25T18:31:59Z
Bovada,player_points_assists,Wendell Carter Jr,Over,12.5,-145,2025-11-26,2025-11-25T18:31:59Z
Bovada,player_points_assists,Wendell Carter Jr,Under,12.5,110,2025-11-26,2025-11-25T18:31:59Z
Bovada,player_points_assists,Wendell Carter Jr,Over,13.5,-110,2025-11-26,2025-11-25T18:31:59Z
Bovada,player_points_assists,Wendell Carter Jr,Under,13.5,-120,2025-11-26,2025-11-25T18:31:59Z
Bovada,player_points_assists,Austin Reaves,Over,25.5,-165,2025-11-26,2025-11-25T18:32:00Z
Bovada,player_points_assists,Austin Reaves,Under,25.5,125,2025-11-26,2025-11-25T18:32:00Z
Bovada,player_points_assists,Austin Reaves,Over,26.5,-135,2025-11-26,2025-11-25T18:32:00Z
Bovada,player_points_assists,Austin Reaves,Under,26.5,105,2025-11-26,2025-11-25T18:32:00Z
Bovada,player_points_assists,Austin Reaves,Over,27.5,-115,2025-11-26,2025-11-25T18:32:00Z
Bovada,player_points_assists,Austin Reaves,Under,27.5,-115,2025-11-26,2025-11-25T18:32:00Z
Bovada,player_points_assists,James Harden,Over,30.5,-160,2025-11-26,2025-11-25T18:32:00Z
Bovada,player_points_assists,James Harden,Under,30.5,120,2025-11-26,2025-11-25T18:32:00Z
Bovada,player_points_assists,James Harden,Over,31.5,-130,2025-11-26,2025-11-25T18:32:00Z
Bovada,player_points_assists,James Harden,Under,31.5,100,2025-11-26,2025-11-25T18:32:00Z
Bovada,player_points_assists,James Harden,Over,32.5,-110,2025-11-26,2025-11-25T18:32:00Z
Bovada,player_points_assists,James Harden,Under,32.5,-120,2025-11-26,2025-11-25T18:32:00Z
Bovada,player_points_assists,Kawhi Leonard,Over,22.5,-145,2025-11-26,2025-11-25T18:32:00Z
Bovada,player_points_assists,Kawhi Leonard,Under,22.5,110,2025-11-26,2025-11-25T18:32:00Z
Bovada,player_points_assists,Kawhi Leonard,Over,23.5,-115,2025-11-26,2025-11-25T18:32:00Z
Bovada,player_points_assists,Kawhi Leonard,Under,23.5,-115,2025-11-26,2025-11-25T18:32:00Z
Bovada,player_points_assists,Kawhi Leonard,Over,24.5,110,2025-11-26,2025-11-25T18:32:00Z
Bovada,player_points_assists,Kawhi Leonard,Under,24.5,-145,2025-11-26,2025-11-25T18:32:00Z
Bovada,player_points_assists,LeBron James,Over,26.5,-135,2025-11-26,2025-11-25T18:32:00Z
Bovada,player_points_assists,LeBron James,Under,26.5,105,2025-11-26,2025-11-25T18:32:00Z
Bovada,player_points_assists,LeBron James,Over,27.5,-115,2025-11-26,2025-11-25T18:32:00Z
Bovada,player_points_assists,LeBron James,Under,27.5,-115,2025-11-26,2025-11-25T18:32:00Z
Bovada,player_points_assists,LeBron James,Over,28.5,105,2025-11-26,2025-11-25T18:32:00Z
Bovada,player_points_assists,LeBron James,Under,28.5,-135,2025-11-26,2025-11-25T18:32:00Z
Bovada,player_points_assists,Luka Doncic,Over,39.5,-145,2025-11-26,2025-11-25T18:32:00Z
Bovada,player_points_assists,Luka Doncic,Under,39.5,110,2025-11-26,2025-11-25T18:32:00Z
Bovada,player_points_assists,Luka Doncic,Over,40.5,-120,2025-11-26,2025-11-25T18:32:00Z
Bovada,player_points_assists,Luka Doncic,Under,40.5,-110,2025-11-26,2025-11-25T18:32:00Z
Bovada,player_points_assists,Luka Doncic,Over,41.5,100,2025-11-26,2025-11-25T18:32:00Z
Bovada,player_points_assists,Luka Doncic,Under,41.5,-130,2025-11-26,2025-11-25T18:32:00Z
FanDuel,player_rebounds_assists,Kristaps Porzingis,Over,9.5,-112,2025-11-26,2025-11-25T18:32:47Z
FanDuel,player_rebounds_assists,Kristaps Porzingis,Under,9.5,-118,2025-11-26,2025-11-25T18:32:47Z
FanDuel,player_rebounds_assists,Alex Sarr,Over,12.5,104,2025-11-26,2025-11-25T18:32:47Z
FanDuel,player_rebounds_assists,Alex Sarr,Under,12.5,-138,2025-11-26,2025-11-25T18:32:47Z
FanDuel,player_rebounds_assists,Bilal Coulibaly,Over,7.5,110,2025-11-26,2025-11-25T18:32:47Z
FanDuel,player_rebounds_assists,Bilal Coulibaly,Under,7.5,-146,2025-11-26,2025-11-25T18:32:47Z
FanDuel,player_rebounds_assists,Jalen Johnson,Over,17.5,-136,2025-11-26,2025-11-25T18:32:47Z
FanDuel,player_rebounds_assists,Jalen Johnson,Under,17.5,102,2025-11-26,2025-11-25T18:32:47Z
FanDuel,player_rebounds_assists,Nickeil Alexander-Walker,Over,7.5,-112,2025-11-26,2025-11-25T18:32:47Z
FanDuel,player_rebounds_assists,Nickeil Alexander-Walker,Under,7.5,-118,2025-11-26,2025-11-25T18:32:47Z
FanDuel,player_rebounds_assists,Kyshawn George,Over,9.5,-120,2025-11-26,2025-11-25T18:32:47Z
FanDuel,player_rebounds_assists,Kyshawn George,Under,9.5,-110,2025-11-26,2025-11-25T18:32:47Z
FanDuel,player_rebounds_assists,Dyson Daniels,Over,12.5,102,2025-11-26,2025-11-25T18:32:47Z
FanDuel,player_rebounds_assists,Dyson Daniels,Under,12.5,-136,2025-11-26,2025-11-25T18:32:47Z
FanDuel,player_rebounds_assists,Jalen Suggs,Over,9.5,-106,2025-11-26,2025-11-25T18:32:43Z
FanDuel,player_rebounds_assists,Jalen Suggs,Under,9.5,-125,2025-11-26,2025-11-25T18:32:43Z
FanDuel,player_rebounds_assists,Quentin Grimes,Over,7.5,-146,2025-11-26,2025-11-25T18:32:43Z
FanDuel,player_rebounds_assists,Quentin Grimes,Under,7.5,110,2025-11-26,2025-11-25T18:32:43Z
FanDuel,player_rebounds_assists,Wendell Carter Jr,Over,9.5,-132,2025-11-26,2025-11-25T18:32:43Z
FanDuel,player_rebounds_assists,Wendell Carter Jr,Under,9.5,100,2025-11-26,2025-11-25T18:32:43Z
FanDuel,player_rebounds_assists,Tyrese Maxey,Over,11.5,-118,2025-11-26,2025-11-25T18:32:43Z
FanDuel,player_rebounds_assists,Tyrese Maxey,Under,11.5,-112,2025-11-26,2025-11-25T18:32:43Z
FanDuel,player_rebounds_assists,Desmond Bane,Over,9.5,-128,2025-11-26,2025-11-25T18:32:43Z
FanDuel,player_rebounds_assists,Desmond Bane,Under,9.5,-104,2025-11-26,2025-11-25T18:32:43Z
FanDuel,player_rebounds_assists,Franz Wagner,Over,10.5,-136,2025-11-26,2025-11-25T18:32:43Z
FanDuel,player_rebounds_assists,Franz Wagner,Under,10.5,102,2025-11-26,2025-11-25T18:32:43Z
FanDuel,player_rebounds_assists,Anthony Black,Over,6.5,-144,2025-11-26,2025-11-25T18:32:43Z
FanDuel,player_rebounds_assists,Anthony Black,Under,6.5,108,2025-11-26,2025-11-25T18:32:43Z
FanDuel,player_rebounds_assists,Luka Doncic,Over,16.5,-125,2025-11-26,2025-11-25T18:32:06Z
FanDuel,player_rebounds_assists,Luka Doncic,Under,16.5,-106,2025-11-26,2025-11-25T18:32:06Z
FanDuel,player_rebounds_assists,Austin Reaves,Over,8.5,-144,2025-11-26,2025-11-25T18:32:06Z
FanDuel,player_rebounds_assists,Austin Reaves,Under,8.5,108,2025-11-26,2025-11-25T18:32:06Z
FanDuel,player_rebounds_assists,LeBron James,Over,13.5,-136,2025-11-26,2025-11-25T18:32:06Z
FanDuel,player_rebounds_assists,LeBron James,Under,13.5,102,2025-11-26,2025-11-25T18:32:06Z
FanDuel,player_rebounds_assists,James Harden,Over,12.5,-138,2025-11-26,2025-11-25T18:32:06Z
FanDuel,player_rebounds_assists,James Harden,Under,12.5,104,2025-11-26,2025-11-25T18:32:06Z
FanDuel,player_rebounds_assists,Kawhi Leonard,Over,7.5,-104,2025-11-26,2025-11-25T18:32:06Z
FanDuel,player_rebounds_assists,Kawhi Leonard,Under,7.5,-128,2025-11-26,2025-11-25T18:32:06Z
DraftKings,player_rebounds_assists,Jalen Johnson,Over,18.5,-108,2025-11-26,2025-11-25T18:32:46Z
DraftKings,player_rebounds_assists,Jalen Johnson,Under,18.5,-122,2025-11-26,2025-11-25T18:32:46Z
DraftKings,player_rebounds_assists,Dyson Daniels,Over,12.5,100,2025-11-26,2025-11-25T18:32:46Z
DraftKings,player_rebounds_assists,Dyson Daniels,Under,12.5,-132,2025-11-26,2025-11-25T18:32:46Z
DraftKings,player_rebounds_assists,Alex Sarr,Over,11.5,-131,2025-11-26,2025-11-25T18:32:46Z
DraftKings,player_rebounds_assists,Alex Sarr,Under,11.5,100,2025-11-26,2025-11-25T18:32:46Z
DraftKings,player_rebounds_assists,Kyshawn George,Over,10.5,108,2025-11-26,2025-11-25T18:32:46Z
DraftKings,player_rebounds_assists,Kyshawn George,Under,10.5,-142,2025-11-26,2025-11-25T18:32:46Z
DraftKings,player_rebounds_assists,Onyeka Okongwu,Over,9.5,-110,2025-11-26,2025-11-25T18:32:46Z
DraftKings,player_rebounds_assists,Onyeka Okongwu,Under,9.5,-120,2025-11-26,2025-11-25T18:32:46Z
DraftKings,player_rebounds_assists,Kristaps Porzingis,Over,9.5,-102,2025-11-26,2025-11-25T18:32:46Z
DraftKings,player_rebounds_assists,Kristaps Porzingis,Under,9.5,-129,2025-11-26,2025-11-25T18:32:46Z
DraftKings,player_rebounds_assists,Nickeil Alexander-Walker,Over,7.5,-106,2025-11-26,2025-11-25T18:32:46Z
DraftKings,player_rebounds_assists,Nickeil Alexander-Walker,Under,7.5,-124,2025-11-26,2025-11-25T18:32:46Z
DraftKings,player_rebounds_assists,Bilal Coulibaly,Over,7.5,108,2025-11-26,2025-11-25T18:32:46Z
DraftKings,player_rebounds_assists,Bilal Coulibaly,Under,7.5,-142,2025-11-26,2025-11-25T18:32:46Z
DraftKings,player_rebounds_assists,Carlton Carrington,Over,7.5,114,2025-11-26,2025-11-25T18:32:46Z
DraftKings,player_rebounds_assists,Carlton Carrington,Under,7.5,-151,2025-11-26,2025-11-25T18:32:46Z
DraftKings,player_rebounds_assists,Khris Middleton,Over,7.5,114,2025-11-26,2025-11-25T18:32:46Z
DraftKings,player_rebounds_assists,Khris Middleton,Under,7.5,-150,2025-11-26,2025-11-25T18:32:46Z
DraftKings,player_rebounds_assists,C.J. McCollum,Over,6.5,-126,2025-11-26,2025-11-25T18:32:46Z
DraftKings,player_rebounds_assists,C.J. McCollum,Under,6.5,-105,2025-11-26,2025-11-25T18:32:46Z
DraftKings,player_rebounds_assists,Tyrese Maxey,Over,11.5,-106,2025-11-26,2025-11-25T18:32:00Z
DraftKings,player_rebounds_assists,Tyrese Maxey,Under,11.5,-124,2025-11-26,2025-11-25T18:32:00Z
DraftKings,player_rebounds_assists,Franz Wagner,Over,10.5,-138,2025-11-26,2025-11-25T18:32:00Z
DraftKings,player_rebounds_assists,Franz Wagner,Under,10.5,105,2025-11-26,2025-11-25T18:32:00Z
DraftKings,player_rebounds_assists,Desmond Bane,Over,9.5,-119,2025-11-26,2025-11-25T18:32:00Z
DraftKings,player_rebounds_assists,Desmond Bane,Under,9.5,-110,2025-11-26,2025-11-25T18:32:00Z
DraftKings,player_rebounds_assists,Wendell Carter Jr,Over,9.5,-119,2025-11-26,2025-11-25T18:32:00Z
DraftKings,player_rebounds_assists,Wendell Carter Jr,Under,9.5,-110,2025-11-26,2025-11-25T18:32:00Z
DraftKings,player_rebounds_assists,Jalen Suggs,Over,9.5,-102,2025-11-26,2025-11-25T18:32:00Z
DraftKings,player_rebounds_assists,Jalen Suggs,Under,9.5,-129,2025-11-26,2025-11-25T18:32:00Z
DraftKings,player_rebounds_assists,Quentin Grimes,Over,7.5,-139,2025-11-26,2025-11-25T18:32:00Z
DraftKings,player_rebounds_assists,Quentin Grimes,Under,7.5,105,2025-11-26,2025-11-25T18:32:00Z
DraftKings,player_rebounds_assists,Anthony Black,Over,6.5,-124,2025-11-26,2025-11-25T18:32:00Z
DraftKings,player_rebounds_assists,Anthony Black,Under,6.5,-106,2025-11-26,2025-11-25T18:32:00Z
DraftKings,player_rebounds_assists,Justin Edwards,Over,5.5,106,2025-11-26,2025-11-25T18:32:00Z
DraftKings,player_rebounds_assists,Justin Edwards,Under,5.5,-140,2025-11-26,2025-11-25T18:32:00Z
DraftKings,player_rebounds_assists,Luka Doncic,Over,16.5,-130,2025-11-26,2025-11-25T18:32:34Z
DraftKings,player_rebounds_assists,Luka Doncic,Under,16.5,-101,2025-11-26,2025-11-25T18:32:34Z
DraftKings,player_rebounds_assists,LeBron James,Over,13.5,-131,2025-11-26,2025-11-25T18:32:34Z
DraftKings,player_rebounds_assists,LeBron James,Under,13.5,-101,2025-11-26,2025-11-25T18:32:34Z
DraftKings,player_rebounds_assists,Ivica Zubac,Over,13.5,-120,2025-11-26,2025-11-25T18:32:34Z
DraftKings,player_rebounds_assists,Ivica Zubac,Under,13.5,-109,2025-11-26,2025-11-25T18:32:34Z
DraftKings,player_rebounds_assists,James Harden,Over,12.5,-123,2025-11-26,2025-11-25T18:32:34Z
DraftKings,player_rebounds_assists,James Harden,Under,12.5,-107,2025-11-26,2025-11-25T18:32:34Z
DraftKings,player_rebounds_assists,Austin Reaves,Over,8.5,-136,2025-11-26,2025-11-25T18:32:34Z
DraftKings,player_rebounds_assists,Austin Reaves,Under,8.5,103,2025-11-26,2025-11-25T18:32:34Z
DraftKings,player_rebounds_assists,Kawhi Leonard,Over,7.5,100,2025-11-26,2025-11-25T18:32:34Z
DraftKings,player_rebounds_assists,Kawhi Leonard,Under,7.5,-132,2025-11-26,2025-11-25T18:32:34Z
DraftKings,player_rebounds_assists,Kris Dunn,Over,4.5,-141,2025-11-26,2025-11-25T18:32:34Z
DraftKings,player_rebounds_assists,Kris Dunn,Under,4.5,107,2025-11-26,2025-11-25T18:32:34Z
BetMGM,player_rebounds_assists,Jalen Johnson,Over,17.5,-175,2025-11-26,2025-11-25T18:32:30Z
BetMGM,player_rebounds_assists,Jalen Johnson,Under,17.5,130,2025-11-26,2025-11-25T18:32:30Z
BetMGM,player_rebounds_assists,Dyson Daniels,Over,12.5,100,2025-11-26,2025-11-25T18:32:30Z
BetMGM,player_rebounds_assists,Dyson Daniels,Under,12.5,-135,2025-11-26,2025-11-25T18:32:30Z
BetMGM,player_rebounds_assists,Alex Sarr,Over,12.5,105,2025-11-26,2025-11-25T18:32:30Z
BetMGM,player_rebounds_assists,Alex Sarr,Under,12.5,-140,2025-11-26,2025-11-25T18:32:30Z
BetMGM,player_rebounds_assists,C.J. McCollum,Over,6.5,-118,2025-11-26,2025-11-25T18:32:30Z
BetMGM,player_rebounds_assists,C.J. McCollum,Under,6.5,-115,2025-11-26,2025-11-25T18:32:30Z
BetMGM,player_rebounds_assists,Nickeil Alexander-Walker,Over,7.5,100,2025-11-26,2025-11-25T18:32:30Z
BetMGM,player_rebounds_assists,Nickeil Alexander-Walker,Under,7.5,-130,2025-11-26,2025-11-25T18:32:30Z
BetMGM,player_rebounds_assists,Bilal Coulibaly,Over,7.5,100,2025-11-26,2025-11-25T18:32:30Z
BetMGM,player_rebounds_assists,Bilal Coulibaly,Under,7.5,-135,2025-11-26,2025-11-25T18:32:30Z
BetMGM,player_rebounds_assists,Kyshawn George,Over,9.5,-125,2025-11-26,2025-11-25T18:32:30Z
BetMGM,player_rebounds_assists,Kyshawn George,Under,9.5,-105,2025-11-26,2025-11-25T18:32:30Z
BetMGM,player_rebounds_assists,Kristaps Porzingis,Over,9.5,-105,2025-11-26,2025-11-25T18:32:30Z
BetMGM,player_rebounds_assists,Kristaps Porzingis,Under,9.5,-130,2025-11-26,2025-11-25T18:32:30Z
BetMGM,player_rebounds_assists,Khris Middleton,Over,6.5,-140,2025-11-26,2025-11-25T18:32:30Z
BetMGM,player_rebounds_assists,Khris Middleton,Under,6.5,105,2025-11-26,2025-11-25T18:32:30Z
BetMGM,player_rebounds_assists,Zaccharie Risacher,Over,4.5,120,2025-11-26,2025-11-25T18:32:30Z
BetMGM,player_rebounds_assists,Zaccharie Risacher,Under,4.5,-160,2025-11-26,2025-11-25T18:32:30Z
BetMGM,player_rebounds_assists,Justin Edwards,Over,4.5,-150,2025-11-26,2025-11-25T18:32:19Z
BetMGM,player_rebounds_assists,Justin Edwards,Under,4.5,110,2025-11-26,2025-11-25T18:32:19Z
BetMGM,player_rebounds_assists,Quentin Grimes,Over,7.5,-125,2025-11-26,2025-11-25T18:32:19Z
BetMGM,player_rebounds_assists,Quentin Grimes,Under,7.5,-105,2025-11-26,2025-11-25T18:32:19Z
BetMGM,player_rebounds_assists,Desmond Bane,Over,9.5,-120,2025-11-26,2025-11-25T18:32:19Z
BetMGM,player_rebounds_assists,Desmond Bane,Under,9.5,-110,2025-11-26,2025-11-25T18:32:19Z
BetMGM,player_rebounds_assists,Wendell Carter Jr,Over,9.5,-135,2025-11-26,2025-11-25T18:32:19Z
BetMGM,player_rebounds_assists,Wendell Carter Jr,Under,9.5,100,2025-11-26,2025-11-25T18:32:19Z
BetMGM,player_rebounds_assists,Tristan da Silva,Over,6.5,-140,2025-11-26,2025-11-25T18:32:19Z
BetMGM,player_rebounds_assists,Tristan da Silva,Under,6.5,105,2025-11-26,2025-11-25T18:32:19Z
BetMGM,player_rebounds_assists,Franz Wagner,Over,10.5,-155,2025-11-26,2025-11-25T18:32:19Z
BetMGM,player_rebounds_assists,Franz Wagner,Under,10.5,120,2025-11-26,2025-11-25T18:32:19Z
BetMGM,player_rebounds_assists,Tyrese Maxey,Over,11.5,-110,2025-11-26,2025-11-25T18:32:19Z
BetMGM,player_rebounds_assists,Tyrese Maxey,Under,11.5,-120,2025-11-26,2025-11-25T18:32:19Z
BetMGM,player_rebounds_assists,Jalen Suggs,Over,8.5,-145,2025-11-26,2025-11-25T18:32:19Z
BetMGM,player_rebounds_assists,Jalen Suggs,Under,8.5,110,2025-11-26,2025-11-25T18:32:19Z
BetMGM,player_rebounds_assists,Andre Drummond,Over,14.5,100,2025-11-26,2025-11-25T18:32:19Z
BetMGM,player_rebounds_assists,Andre Drummond,Under,14.5,-135,2025-11-26,2025-11-25T18:32:19Z
BetMGM,player_rebounds_assists,Austin Reaves,Over,8.5,-118,2025-11-26,2025-11-25T18:32:32Z
BetMGM,player_rebounds_assists,Austin Reaves,Under,8.5,-110,2025-11-26,2025-11-25T18:32:32Z
BetMGM,player_rebounds_assists,Luka Doncic,Over,16.5,-135,2025-11-26,2025-11-25T18:32:32Z
BetMGM,player_rebounds_assists,Luka Doncic,Under,16.5,100,2025-11-26,2025-11-25T18:32:32Z
BetMGM,player_rebounds_assists,LeBron James,Over,13.5,-160,2025-11-26,2025-11-25T18:32:32Z
BetMGM,player_rebounds_assists,LeBron James,Under,13.5,120,2025-11-26,2025-11-25T18:32:32Z
BetMGM,player_rebounds_assists,Ivica Zubac,Over,12.5,-140,2025-11-26,2025-11-25T18:32:32Z
BetMGM,player_rebounds_assists,Ivica Zubac,Under,12.5,105,2025-11-26,2025-11-25T18:32:32Z
BetMGM,player_rebounds_assists,Kawhi Leonard,Over,6.5,-120,2025-11-26,2025-11-25T18:32:32Z
BetMGM,player_rebounds_assists,Kawhi Leonard,Under,6.5,-110,2025-11-26,2025-11-25T18:32:32Z
BetMGM,player_rebounds_assists,James Harden,Over,12.5,-118,2025-11-26,2025-11-25T18:32:32Z
BetMGM,player_rebounds_assists,James Harden,Under,12.5,-110,2025-11-26,2025-11-25T18:32:32Z
BetMGM,player_rebounds_assists,Rui Hachimura,Over,4.5,-120,2025-11-26,2025-11-25T18:32:32Z
BetMGM,player_rebounds_assists,Rui Hachimura,Under,4.5,-110,2025-11-26,2025-11-25T18:32:32Z
BetMGM,player_rebounds_assists,Kris Dunn,Over,4.5,-115,2025-11-26,2025-11-25T18:32:32Z
BetMGM,player_rebounds_assists,Kris Dunn,Under,4.5,-115,2025-11-26,2025-11-25T18:32:32Z
BetMGM,player_rebounds_assists,Jaxson Hayes,Over,5.5,-150,2025-11-26,2025-11-25T18:32:32Z
BetMGM,player_rebounds_assists,Jaxson Hayes,Under,5.5,110,2025-11-26,2025-11-25T18:32:32Z
BetMGM,player_rebounds_assists,John Collins,Over,5.5,100,2025-11-26,2025-11-25T18:32:32Z
BetMGM,player_rebounds_assists,John Collins,Under,5.5,-135,2025-11-26,2025-11-25T18:32:32Z
Bovada,player_rebounds_assists,Alex Sarr,Over,10.5,-210,2025-11-26,2025-11-25T18:32:50Z
Bovada,player_rebounds_assists,Alex Sarr,Under,10.5,155,2025-11-26,2025-11-25T18:32:50Z
Bovada,player_rebounds_assists,Alex Sarr,Over,11.5,-135,2025-11-26,2025-11-25T18:32:50Z
Bovada,player_rebounds_assists,Alex Sarr,Under,11.5,105,2025-11-26,2025-11-25T18:32:50Z
Bovada,player_rebounds_assists,Alex Sarr,Over,12.5,110,2025-11-26,2025-11-25T18:32:50Z
Bovada,player_rebounds_assists,Alex Sarr,Under,12.5,-145,2025-11-26,2025-11-25T18:32:50Z
Bovada,player_rebounds_assists,Bilal Coulibaly,Over,5.5,-275,2025-11-26,2025-11-25T18:32:50Z
Bovada,player_rebounds_assists,Bilal Coulibaly,Under,5.5,200,2025-11-26,2025-11-25T18:32:50Z
Bovada,player_rebounds_assists,Bilal Coulibaly,Over,6.5,-150,2025-11-26,2025-11-25T18:32:50Z
Bovada,player_rebounds_assists,Bilal Coulibaly,Under,6.5,115,2025-11-26,2025-11-25T18:32:50Z
Bovada,player_rebounds_assists,Bilal Coulibaly,Over,7.5,110,2025-11-26,2025-11-25T18:32:50Z
Bovada,player_rebounds_assists,Bilal Coulibaly,Under,7.5,-145,2025-11-26,2025-11-25T18:32:50Z
Bovada,player_rebounds_assists,Dyson Daniels,Over,10.5,-210,2025-11-26,2025-11-25T18:32:50Z
Bovada,player_rebounds_assists,Dyson Daniels,Under,10.5,155,2025-11-26,2025-11-25T18:32:50Z
Bovada,player_rebounds_assists,Dyson Daniels,Over,11.5,-135,2025-11-26,2025-11-25T18:32:50Z
Bovada,player_rebounds_assists,Dyson Daniels,Under,11.5,105,2025-11-26,2025-11-25T18:32:50Z
Bovada,player_rebounds_assists,Dyson Daniels,Over,12.5,110,2025-11-26,2025-11-25T18:32:50Z
Bovada,player_rebounds_assists,Dyson Daniels,Under,12.5,-145,2025-11-26,2025-11-25T18:32:50Z
Bovada,player_rebounds_assists,Jalen Johnson,Over,16.5,-210,2025-11-26,2025-11-25T18:32:50Z
Bovada,player_rebounds_assists,Jalen Johnson,Under,16.5,155,2025-11-26,2025-11-25T18:32:50Z
Bovada,player_rebounds_assists,Jalen Johnson,Over,17.5,-145,2025-11-26,2025-11-25T18:32:50Z
Bovada,player_rebounds_assists,Jalen Johnson,Under,17.5,110,2025-11-26,2025-11-25T18:32:50Z
Bovada,player_rebounds_assists,Jalen Johnson,Over,18.5,-105,2025-11-26,2025-11-25T18:32:50Z
Bovada,player_rebounds_assists,Jalen Johnson,Under,18.5,-125,2025-11-26,2025-11-25T18:32:50Z
Bovada,player_rebounds_assists,Khris Middleton,Over,5.5,-275,2025-11-26,2025-11-25T18:32:50Z
Bovada,player_rebounds_assists,Khris Middleton,Under,5.5,200,2025-11-26,2025-11-25T18:32:50Z
Bovada,player_rebounds_assists,Khris Middleton,Over,6.5,-150,2025-11-26,2025-11-25T18:32:50Z
Bovada,player_rebounds_assists,Khris Middleton,Under,6.5,115,2025-11-26,2025-11-25T18:32:50Z
Bovada,player_rebounds_assists,Khris Middleton,Over,7.5,110,2025-11-26,2025-11-25T18:32:50Z
Bovada,player_rebounds_assists,Khris Middleton,Under,7.5,-145,2025-11-26,2025-11-25T18:32:50Z
Bovada,player_rebounds_assists,Kristaps Porzingis,Over,7.5,-300,2025-11-26,2025-11-25T18:32:50Z
Bovada,player_rebounds_assists,Kristaps Porzingis,Under,7.5,215,2025-11-26,2025-11-25T18:32:50Z
Bovada,player_rebounds_assists,Kristaps Porzingis,Over,8.5,-170,2025-11-26,2025-11-25T18:32:50Z
Bovada,player_rebounds_assists,Kristaps Porzingis,Under,8.5,130,2025-11-26,2025-11-25T18:32:50Z
Bovada,player_rebounds_assists,Kristaps Porzingis,Over,9.5,-110,2025-11-26,2025-11-25T18:32:50Z
Bovada,player_rebounds_assists,Kristaps Porzingis,Under,9.5,-120,2025-11-26,2025-11-25T18:32:50Z
Bovada,player_rebounds_assists,Kyshawn George,Over,8.5,-190,2025-11-26,2025-11-25T18:32:50Z
Bovada,player_rebounds_assists,Kyshawn George,Under,8.5,145,2025-11-26,2025-11-25T18:32:50Z
Bovada,player_rebounds_assists,Kyshawn George,Over,9.5,-120,2025-11-26,2025-11-25T18:32:50Z
Bovada,player_rebounds_assists,Kyshawn George,Under,9.5,-110,2025-11-26,2025-11-25T18:32:50Z
Bovada,player_rebounds_assists,Kyshawn George,Over,10.5,130,2025-11-26,2025-11-25T18:32:50Z
Bovada,player_rebounds_assists,Kyshawn George,Under,10.5,-170,2025-11-26,2025-11-25T18:32:50Z
Bovada,player_rebounds_assists,Nickeil Alexander-Walker,Over,6.5,-215,2025-11-26,2025-11-25T18:32:50Z
Bovada,player_rebounds_assists,Nickeil Alexander-Walker,Under,6.5,160,2025-11-26,2025-11-25T18:32:50Z
Bovada,player_rebounds_assists,Nickeil Alexander-Walker,Over,7.5,-125,2025-11-26,2025-11-25T18:32:50Z
Bovada,player_rebounds_assists,Nickeil Alexander-Walker,Under,7.5,-105,2025-11-26,2025-11-25T18:32:50Z
Bovada,player_rebounds_assists,Nickeil Alexander-Walker,Over,8.5,130,2025-11-26,2025-11-25T18:32:50Z
Bovada,player_rebounds_assists,Nickeil Alexander-Walker,Under,8.5,-170,2025-11-26,2025-11-25T18:32:50Z
Bovada,player_rebounds_assists,Desmond Bane,Over,8.5,-220,2025-11-26,2025-11-25T18:31:59Z
Bovada,player_rebounds_assists,Desmond Bane,Under,8.5,165,2025-11-26,2025-11-25T18:31:59Z
Bovada,player_rebounds_assists,Desmond Bane,Over,9.5,-135,2025-11-26,2025-11-25T18:31:59Z
Bovada,player_rebounds_assists,Desmond Bane,Under,9.5,105,2025-11-26,2025-11-25T18:31:59Z
Bovada,player_rebounds_assists,Desmond Bane,Over,10.5,115,2025-11-26,2025-11-25T18:31:59Z
Bovada,player_rebounds_assists,Desmond Bane,Under,10.5,-150,2025-11-26,2025-11-25T18:31:59Z
Bovada,player_rebounds_assists,Franz Wagner,Over,9.5,-215,2025-11-26,2025-11-25T18:31:59Z
Bovada,player_rebounds_assists,Franz Wagner,Under,9.5,160,2025-11-26,2025-11-25T18:31:59Z
Bovada,player_rebounds_assists,Franz Wagner,Over,10.5,-135,2025-11-26,2025-11-25T18:31:59Z
Bovada,player_rebounds_assists,Franz Wagner,Under,10.5,105,2025-11-26,2025-11-25T18:31:59Z
Bovada,player_rebounds_assists,Franz Wagner,Over,11.5,110,2025-11-26,2025-11-25T18:31:59Z
Bovada,player_rebounds_assists,Franz Wagner,Under,11.5,-145,2025-11-26,2025-11-25T18:31:59Z
Bovada,player_rebounds_assists,Jalen Suggs,Over,7.5,-250,2025-11-26,2025-11-25T18:31:59Z
Bovada,player_rebounds_assists,Jalen Suggs,Under,7.5,185,2025-11-26,2025-11-25T18:31:59Z
Bovada,player_rebounds_assists,Jalen Suggs,Over,8.5,-150,2025-11-26,2025-11-25T18:31:59Z
Bovada,player_rebounds_assists,Jalen Suggs,Under,8.5,115,2025-11-26,2025-11-25T18:31:59Z
Bovada,player_rebounds_assists,Jalen Suggs,Over,9.5,105,2025-11-26,2025-11-25T18:31:59Z
Bovada,player_rebounds_assists,Jalen Suggs,Under,9.5,-135,2025-11-26,2025-11-25T18:31:59Z
Bovada,player_rebounds_assists,Quentin Grimes,Over,6.5,-250,2025-11-26,2025-11-25T18:31:59Z
Bovada,player_rebounds_assists,Quentin Grimes,Under,6.5,185,2025-11-26,2025-11-25T18:31:59Z
Bovada,player_rebounds_assists,Quentin Grimes,Over,7.5,-145,2025-11-26,2025-11-25T18:31:59Z
Bovada,player_rebounds_assists,Quentin Grimes,Under,7.5,110,2025-11-26,2025-11-25T18:31:59Z
Bovada,player_rebounds_assists,Quentin Grimes,Over,8.5,110,2025-11-26,2025-11-25T18:31:59Z
Bovada,player_rebounds_assists,Quentin Grimes,Under,8.5,-145,2025-11-26,2025-11-25T18:31:59Z
Bovada,player_rebounds_assists,Tyrese Maxey,Over,10.5,-180,2025-11-26,2025-11-25T18:31:59Z
Bovada,player_rebounds_assists,Tyrese Maxey,Under,10.5,135,2025-11-26,2025-11-25T18:31:59Z
Bovada,player_rebounds_assists,Tyrese Maxey,Over,11.5,-120,2025-11-26,2025-11-25T18:31:59Z
Bovada,player_rebounds_assists,Tyrese Maxey,Under,11.5,-110,2025-11-26,2025-11-25T18:31:59Z
Bovada,player_rebounds_assists,Tyrese Maxey,Over,12.5,125,2025-11-26,2025-11-25T18:31:59Z
Bovada,player_rebounds_assists,Tyrese Maxey,Under,12.5,-165,2025-11-26,2025-11-25T18:31:59Z
Bovada,player_rebounds_assists,Wendell Carter Jr,Over,8.5,-220,2025-11-26,2025-11-25T18:31:59Z
Bovada,player_rebounds_assists,Wendell Carter Jr,Under,8.5,165,2025-11-26,2025-11-25T18:31:59Z
Bovada,player_rebounds_assists,Wendell Carter Jr,Over,9.5,-135,2025-11-26,2025-11-25T18:31:59Z
Bovada,player_rebounds_assists,Wendell Carter Jr,Under,9.5,105,2025-11-26,2025-11-25T18:31:59Z
Bovada,player_rebounds_assists,Wendell Carter Jr,Over,10.5,115,2025-11-26,2025-11-25T18:31:59Z
Bovada,player_rebounds_assists,Wendell Carter Jr,Under,10.5,-150,2025-11-26,2025-11-25T18:31:59Z
Bovada,player_rebounds_assists,Austin Reaves,Over,7.5,-240,2025-11-26,2025-11-25T18:32:00Z
Bovada,player_rebounds_assists,Austin Reaves,Under,7.5,175,2025-11-26,2025-11-25T18:32:00Z
Bovada,player_rebounds_assists,Austin Reaves,Over,8.5,-145,2025-11-26,2025-11-25T18:32:00Z
Bovada,player_rebounds_assists,Austin Reaves,Under,8.5,110,2025-11-26,2025-11-25T18:32:00Z
Bovada,player_rebounds_assists,Austin Reaves,Over,9.5,110,2025-11-26,2025-11-25T18:32:00Z
Bovada,player_rebounds_assists,Austin Reaves,Under,9.5,-145,2025-11-26,2025-11-25T18:32:00Z
Bovada,player_rebounds_assists,James Harden,Over,11.5,-220,2025-11-26,2025-11-25T18:32:00Z
Bovada,player_rebounds_assists,James Harden,Under,11.5,165,2025-11-26,2025-11-25T18:32:00Z
Bovada,player_rebounds_assists,James Harden,Over,12.5,-145,2025-11-26,2025-11-25T18:32:00Z
Bovada,player_rebounds_assists,James Harden,Under,12.5,110,2025-11-26,2025-11-25T18:32:00Z
Bovada,player_rebounds_assists,James Harden,Over,13.5,100,2025-11-26,2025-11-25T18:32:00Z
Bovada,player_rebounds_assists,James Harden,Under,13.5,-130,2025-11-26,2025-11-25T18:32:00Z
Bovada,player_rebounds_assists,Kawhi Leonard,Over,5.5,-290,2025-11-26,2025-11-25T18:32:00Z
Bovada,player_rebounds_assists,Kawhi Leonard,Under,5.5,210,2025-11-26,2025-11-25T18:32:00Z
Bovada,player_rebounds_assists,Kawhi Leonard,Over,6.5,-160,2025-11-26,2025-11-25T18:32:00Z
Bovada,player_rebounds_assists,Kawhi Leonard,Under,6.5,120,2025-11-26,2025-11-25T18:32:00Z
Bovada,player_rebounds_assists,Kawhi Leonard,Over,7.5,105,2025-11-26,2025-11-25T18:32:00Z
Bovada,player_rebounds_assists,Kawhi Leonard,Under,7.5,-135,2025-11-26,2025-11-25T18:32:00Z
Bovada,player_rebounds_assists,LeBron James,Over,12.5,-200,2025-11-26,2025-11-25T18:32:00Z
Bovada,player_rebounds_assists,LeBron James,Under,12.5,150,2025-11-26,2025-11-25T18:32:00Z
Bovada,player_rebounds_assists,LeBron James,Over,13.5,-135,2025-11-26,2025-11-25T18:32:00Z
Bovada,player_rebounds_assists,LeBron James,Under,13.5,105,2025-11-26,2025-11-25T18:32:00Z
Bovada,player_rebounds_assists,LeBron James,Over,14.5,105,2025-11-26,2025-11-25T18:32:00Z
Bovada,player_rebounds_assists,LeBron James,Under,14.5,-135,2025-11-26,2025-11-25T18:32:00Z
Bovada,player_rebounds_assists,Luka Doncic,Over,15.5,-170,2025-11-26,2025-11-25T18:32:00Z
Bovada,player_rebounds_assists,Luka Doncic,Under,15.5,130,2025-11-26,2025-11-25T18:32:00Z
Bovada,player_rebounds_assists,Luka Doncic,Over,16.5,-120,2025-11-26,2025-11-25T18:32:00Z
Bovada,player_rebounds_assists,Luka Doncic,Under,16.5,-110,2025-11-26,2025-11-25T18:32:00Z
Bovada,player_rebounds_assists,Luka Doncic,Over,17.5,115,2025-11-26,2025-11-25T18:32:00Z
Bovada,player_rebounds_assists,Luka Doncic,Under,17.5,-150,2025-11-26,2025-11-25T18:32:00Z
DraftKings,player_blocks_steals,Dyson Daniels,Over,3.5,122,2025-11-26,2025-11-25T18:32:46Z
DraftKings,player_blocks_steals,Dyson Daniels,Under,3.5,-163,2025-11-26,2025-11-25T18:32:46Z
DraftKings,player_blocks_steals,Alex Sarr,Over,2.5,-122,2025-11-26,2025-11-25T18:32:46Z
DraftKings,player_blocks_steals,Alex Sarr,Under,2.5,-109,2025-11-26,2025-11-25T18:32:46Z
DraftKings,player_blocks_steals,Kristaps Porzingis,Over,2.5,125,2025-11-26,2025-11-25T18:32:46Z
DraftKings,player_blocks_steals,Kristaps Porzingis,Under,2.5,-167,2025-11-26,2025-11-25T18:32:46Z
DraftKings,player_blocks_steals,Jalen Johnson,Over,2.5,135,2025-11-26,2025-11-25T18:32:46Z
DraftKings,player_blocks_steals,Jalen Johnson,Under,2.5,-180,2025-11-26,2025-11-25T18:32:46Z
DraftKings,player_blocks_steals,Franz Wagner,Over,1.5,-109,2025-11-26,2025-11-25T18:32:00Z
DraftKings,player_blocks_steals,Franz Wagner,Under,1.5,-121,2025-11-26,2025-11-25T18:32:00Z
DraftKings,player_blocks_steals,Luka Doncic,Over,2.5,139,2025-11-26,2025-11-25T18:32:34Z
DraftKings,player_blocks_steals,Luka Doncic,Under,2.5,-185,2025-11-26,2025-11-25T18:32:34Z
DraftKings,player_blocks_steals,Kawhi Leonard,Over,1.5,-181,2025-11-26,2025-11-25T18:32:34Z
DraftKings,player_blocks_steals,Kawhi Leonard,Under,1.5,135,2025-11-26,2025-11-25T18:32:34Z
DraftKings,player_blocks_steals,LeBron James,Over,1.5,-139,2025-11-26,2025-11-25T18:32:34Z
DraftKings,player_blocks_steals,LeBron James,Under,1.5,105,2025-11-26,2025-11-25T18:32:34Z
DraftKings,player_blocks_steals,James Harden,Over,1.5,-106,2025-11-26,2025-11-25T18:32:34Z
DraftKings,player_blocks_steals,James Harden,Under,1.5,-126,2025-11-26,2025-11-25T18:32:34Z
DraftKings,player_blocks_steals,Ivica Zubac,Over,1.5,126,2025-11-26,2025-11-25T18:32:34Z
DraftKings,player_blocks_steals,Ivica Zubac,Under,1.5,-169,2025-11-26,2025-11-25T18:32:34Z
