BOOKMAKER,CATEGORY,NAME,OVER/UNDER,LINE,ODDS,COMMENCE_TIME,LAST_UPDATE
Underdog,player_points,Anthony Edwards,Over,28.5,-137,2025-11-29,2025-11-29T20:54:13Z
Underdog,player_points,Anthony Edwards,Under,28.5,-137,2025-11-29,2025-11-29T20:54:13Z
Underdog,player_points,Anfernee Simons,Over,12.5,-137,2025-11-29,2025-11-29T20:54:13Z
Underdog,player_points,Anfernee Simons,Under,12.5,-137,2025-11-29,2025-11-29T20:54:13Z
Underdog,player_points,Jaylen Brown,Over,26.5,-137,2025-11-29,2025-11-29T20:54:13Z
Underdog,player_points,Jaylen Brown,Under,26.5,-137,2025-11-29,2025-11-29T20:54:13Z
Underdog,player_points,Julius Randle,Over,20.5,-137,2025-11-29,2025-11-29T20:54:13Z
Underdog,player_points,Julius Randle,Under,20.5,-137,2025-11-29,2025-11-29T20:54:13Z
Underdog,player_points,Derrick White,Over,17.5,-137,2025-11-29,2025-11-29T20:54:13Z
Underdog,player_points,Derrick White,Under,17.5,-137,2025-11-29,2025-11-29T20:54:13Z
Underdog,player_points,Donte DiVincenzo,Over,12.5,-137,2025-11-29,2025-11-29T20:54:13Z
Underdog,player_points,Donte DiVincenzo,Under,12.5,-137,2025-11-29,2025-11-29T20:54:13Z
Underdog,player_points,Payton Pritchard,Over,16.5,-137,2025-11-29,2025-11-29T20:54:13Z
Underdog,player_points,Payton Pritchard,Under,16.5,-137,2025-11-29,2025-11-29T20:54:13Z
Underdog,player_points,Jordan Walsh,Over,5.5,-137,2025-11-29,2025-11-29T20:54:13Z
Underdog,player_points,Jordan Walsh,Under,5.5,-137,2025-11-29,2025-11-29T20:54:13Z
Underdog,player_points,Sam Hauser,Over,5.5,-137,2025-11-29,2025-11-29T20:54:13Z
Underdog,player_points,Sam Hauser,Under,5.5,-137,2025-11-29,2025-11-29T20:54:13Z
Underdog,player_points,Scottie Barnes,Over,19.5,-137,2025-11-29,2025-11-29T20:53:38Z
Underdog,player_points,Scottie Barnes,Under,19.5,-137,2025-11-29,2025-11-29T20:53:38Z
Underdog,player_points,LaMelo Ball,Over,17.5,-137,2025-11-29,2025-11-29T20:53:38Z
Underdog,player_points,LaMelo Ball,Under,17.5,-137,2025-11-29,2025-11-29T20:53:38Z
Underdog,player_points,Brandon Ingram,Over,24.5,-137,2025-11-29,2025-11-29T20:53:38Z
Underdog,player_points,Brandon Ingram,Under,24.5,-137,2025-11-29,2025-11-29T20:53:38Z
Underdog,player_points,Brandon Miller,Over,18.5,-137,2025-11-29,2025-11-29T20:53:38Z
Underdog,player_points,Brandon Miller,Under,18.5,-137,2025-11-29,2025-11-29T20:53:38Z
Underdog,player_points,Miles Bridges,Over,19.5,-137,2025-11-29,2025-11-29T20:53:38Z
Underdog,player_points,Miles Bridges,Under,19.5,-137,2025-11-29,2025-11-29T20:53:38Z
Underdog,player_points,Immanuel Quickley,Over,17.5,-137,2025-11-29,2025-11-29T20:53:38Z
Underdog,player_points,Immanuel Quickley,Under,17.5,-137,2025-11-29,2025-11-29T20:53:38Z
Underdog,player_points,Collin Sexton,Over,12.5,-137,2025-11-29,2025-11-29T20:53:38Z
Underdog,player_points,Collin Sexton,Under,12.5,-137,2025-11-29,2025-11-29T20:53:38Z
Underdog,player_points,Ja'Kobe Walter,Over,8.5,-137,2025-11-29,2025-11-29T20:53:38Z
Underdog,player_points,Ja'Kobe Walter,Under,8.5,-137,2025-11-29,2025-11-29T20:53:38Z
Underdog,player_points,Kon Knueppel,Over,16.5,-137,2025-11-29,2025-11-29T20:53:38Z
Underdog,player_points,Kon Knueppel,Under,16.5,-137,2025-11-29,2025-11-29T20:53:38Z
Underdog,player_points,Sandro Mamukelashvili,Over,10.5,-137,2025-11-29,2025-11-29T20:53:38Z
Underdog,player_points,Sandro Mamukelashvili,Under,10.5,-137,2025-11-29,2025-11-29T20:53:38Z
Underdog,player_points,Moussa Diabate,Over,5.5,-137,2025-11-29,2025-11-29T20:53:38Z
Underdog,player_points,Moussa Diabate,Under,5.5,-137,2025-11-29,2025-11-29T20:53:38Z
Underdog,player_points,Ryan Kalkbrenner,Over,6.5,-137,2025-11-29,2025-11-29T20:53:38Z
Underdog,player_points,Ryan Kalkbrenner,Under,6.5,-137,2025-11-29,2025-11-29T20:53:38Z
Underdog,player_points,Pascal Siakam,Over,24.5,-137,2025-11-30,2025-11-29T20:54:39Z
Underdog,player_points,Pascal Siakam,Under,24.5,-137,2025-11-30,2025-11-29T20:54:39Z
Underdog,player_points,Coby White,Over,22.5,-137,2025-11-30,2025-11-29T20:54:39Z
Underdog,player_points,Coby White,Under,22.5,-137,2025-11-30,2025-11-29T20:54:39Z
Underdog,player_points,Nikola Vucevic,Over,18.5,-137,2025-11-30,2025-11-29T20:54:39Z
Underdog,player_points,Nikola Vucevic,Under,18.5,-137,2025-11-30,2025-11-29T20:54:39Z
Underdog,player_points,Josh Giddey,Over,19.5,-137,2025-11-30,2025-11-29T20:54:39Z
Underdog,player_points,Josh Giddey,Under,19.5,-137,2025-11-30,2025-11-29T20:54:39Z
Underdog,player_points,Matas Buzelis,Over,13.5,-137,2025-11-30,2025-11-29T20:54:39Z
Underdog,player_points,Matas Buzelis,Under,13.5,-137,2025-11-30,2025-11-29T20:54:39Z
Underdog,player_points,Andrew Nembhard,Over,17.5,-137,2025-11-30,2025-11-29T20:54:39Z
Underdog,player_points,Andrew Nembhard,Under,17.5,-137,2025-11-30,2025-11-29T20:54:39Z
Underdog,player_points,Ayo Dosunmu,Over,13.5,-137,2025-11-30,2025-11-29T20:54:39Z
Underdog,player_points,Ayo Dosunmu,Under,13.5,-137,2025-11-30,2025-11-29T20:54:39Z
Underdog,player_points,Bennedict Mathurin,Over,23.5,-137,2025-11-30,2025-11-29T20:54:39Z
Underdog,player_points,Bennedict Mathurin,Under,23.5,-137,2025-11-30,2025-11-29T20:54:39Z
Underdog,player_points,Kevin Huerter,Over,11.5,-137,2025-11-30,2025-11-29T20:54:39Z
Underdog,player_points,Kevin Huerter,Under,11.5,-137,2025-11-30,2025-11-29T20:54:39Z
Underdog,player_points,Giannis Antetokounmpo,Over,28.5,-137,2025-11-30,2025-11-29T20:53:54Z
Underdog,player_points,Giannis Antetokounmpo,Under,28.5,-137,2025-11-30,2025-11-29T20:53:54Z
Underdog,player_points,Kyle Kuzma,Over,12.5,-137,2025-11-30,2025-11-29T20:53:54Z
Underdog,player_points,Kyle Kuzma,Under,12.5,-137,2025-11-30,2025-11-29T20:53:54Z
Underdog,player_points,Myles Turner,Over,13.5,-137,2025-11-30,2025-11-29T20:53:54Z
Underdog,player_points,Myles Turner,Under,13.5,-137,2025-11-30,2025-11-29T20:53:54Z
Underdog,player_points,Nicolas Claxton,Over,15.5,-137,2025-11-30,2025-11-29T20:53:54Z
Underdog,player_points,Nicolas Claxton,Under,15.5,-137,2025-11-30,2025-11-29T20:53:54Z
Underdog,player_points,Terance Mann,Over,11.5,-137,2025-11-30,2025-11-29T20:53:54Z
Underdog,player_points,Terance Mann,Under,11.5,-137,2025-11-30,2025-11-29T20:53:54Z
Underdog,player_points,Ryan Rollins,Over,16.5,-137,2025-11-30,2025-11-29T20:53:54Z
Underdog,player_points,Ryan Rollins,Under,16.5,-137,2025-11-30,2025-11-29T20:53:54Z
Underdog,player_points,Noah Clowney,Over,18.5,-137,2025-11-30,2025-11-29T20:53:54Z
Underdog,player_points,Noah Clowney,Under,18.5,-137,2025-11-30,2025-11-29T20:53:54Z
Underdog,player_points,Ziaire Williams,Over,11.5,-137,2025-11-30,2025-11-29T20:53:54Z
Underdog,player_points,Ziaire Williams,Under,11.5,-137,2025-11-30,2025-11-29T20:53:54Z
Underdog,player_points,Cade Cunningham,Over,29.5,-137,2025-11-30,2025-11-29T20:54:18Z
Underdog,player_points,Cade Cunningham,Under,29.5,-137,2025-11-30,2025-11-29T20:54:18Z
Underdog,player_points,Bam Adebayo,Over,18.5,-137,2025-11-30,2025-11-29T20:54:18Z
Underdog,player_points,Bam Adebayo,Under,18.5,-137,2025-11-30,2025-11-29T20:54:18Z
Underdog,player_points,Tyler Herro,Over,21.5,-137,2025-11-30,2025-11-29T20:54:18Z
Underdog,player_points,Tyler Herro,Under,21.5,-137,2025-11-30,2025-11-29T20:54:18Z
Underdog,player_points,Andrew Wiggins,Over,15.5,-137,2025-11-30,2025-11-29T20:54:18Z
Underdog,player_points,Andrew Wiggins,Under,15.5,-137,2025-11-30,2025-11-29T20:54:18Z
Underdog,player_points,Jaden Ivey,Over,8.5,-137,2025-11-30,2025-11-29T20:54:18Z
Underdog,player_points,Jaden Ivey,Under,8.5,-137,2025-11-30,2025-11-29T20:54:18Z
Underdog,player_points,Tobias Harris,Over,13.5,-137,2025-11-30,2025-11-29T20:54:18Z
Underdog,player_points,Tobias Harris,Under,13.5,-137,2025-11-30,2025-11-29T20:54:18Z
Underdog,player_points,Norman Powell,Over,18.5,-137,2025-11-30,2025-11-29T20:54:18Z
Underdog,player_points,Norman Powell,Under,18.5,-137,2025-11-30,2025-11-29T20:54:18Z
Underdog,player_points,Isaiah Stewart II,Over,10.5,-137,2025-11-30,2025-11-29T20:54:18Z
Underdog,player_points,Isaiah Stewart II,Under,10.5,-137,2025-11-30,2025-11-29T20:54:18Z
Underdog,player_points,Caris LeVert,Over,9.5,-137,2025-11-30,2025-11-29T20:54:18Z
Underdog,player_points,Caris LeVert,Under,9.5,-137,2025-11-30,2025-11-29T20:54:18Z
Underdog,player_points,Davion Mitchell,Over,8.5,-137,2025-11-30,2025-11-29T20:54:18Z
Underdog,player_points,Davion Mitchell,Under,8.5,-137,2025-11-30,2025-11-29T20:54:18Z
Underdog,player_points,Duncan Robinson,Over,12.5,-137,2025-11-30,2025-11-29T20:54:18Z
Underdog,player_points,Duncan Robinson,Under,12.5,-137,2025-11-30,2025-11-29T20:54:18Z
Underdog,player_points,Kel'el Ware,Over,10.5,-137,2025-11-30,2025-11-29T20:54:18Z
Underdog,player_points,Kel'el Ware,Under,10.5,-137,2025-11-30,2025-11-29T20:54:18Z
Underdog,player_points,Zion Williamson,Over,21.5,-137,2025-11-30,2025-11-29T20:54:13Z
Underdog,player_points,Zion Williamson,Under,21.5,-137,2025-11-30,2025-11-29T20:54:13Z
Underdog,player_points,Jimmy Butler,Over,21.5,-137,2025-11-30,2025-11-29T20:54:13Z
Underdog,player_points,Jimmy Butler,Under,21.5,-137,2025-11-30,2025-11-29T20:54:13Z
Underdog,player_points,Brandin Podziemski,Over,14.5,-137,2025-11-30,2025-11-29T20:54:13Z
Underdog,player_points,Brandin Podziemski,Under,14.5,-137,2025-11-30,2025-11-29T20:54:13Z
Underdog,player_points,Jose Alvarado,Over,9.5,-137,2025-11-30,2025-11-29T20:54:13Z
Underdog,player_points,Jose Alvarado,Under,9.5,-137,2025-11-30,2025-11-29T20:54:13Z
Underdog,player_points,Trey Murphy III,Over,18.5,-137,2025-11-30,2025-11-29T20:54:13Z
Underdog,player_points,Trey Murphy III,Under,18.5,-137,2025-11-30,2025-11-29T20:54:13Z
Underdog,player_points,Saddiq Bey,Over,14.5,-137,2025-11-30,2025-11-29T20:54:13Z
Underdog,player_points,Saddiq Bey,Under,14.5,-137,2025-11-30,2025-11-29T20:54:13Z
Underdog,player_points,Moses Moody,Over,14.5,-137,2025-11-30,2025-11-29T20:54:13Z
Underdog,player_points,Moses Moody,Under,14.5,-137,2025-11-30,2025-11-29T20:54:13Z
Underdog,player_points,Jeremiah Fears,Over,13.5,-137,2025-11-30,2025-11-29T20:54:13Z
Underdog,player_points,Jeremiah Fears,Under,13.5,-137,2025-11-30,2025-11-29T20:54:13Z
Underdog,player_points,Derik Queen,Over,12.5,-137,2025-11-30,2025-11-29T20:54:13Z
Underdog,player_points,Derik Queen,Under,12.5,-137,2025-11-30,2025-11-29T20:54:13Z
Underdog,player_points,Will Richard,Over,9.5,-137,2025-11-30,2025-11-29T20:54:13Z
Underdog,player_points,Will Richard,Under,9.5,-137,2025-11-30,2025-11-29T20:54:13Z
Underdog,player_points,Quinten Post,Over,8.5,-137,2025-11-30,2025-11-29T20:54:13Z
Underdog,player_points,Quinten Post,Under,8.5,-137,2025-11-30,2025-11-29T20:54:13Z
Underdog,player_points,Nikola Jokic,Over,30.5,-137,2025-11-30,2025-11-29T20:54:34Z
Underdog,player_points,Nikola Jokic,Under,30.5,-137,2025-11-30,2025-11-29T20:54:34Z
Underdog,player_points,Devin Booker,Over,25.5,-137,2025-11-30,2025-11-29T20:54:34Z
Underdog,player_points,Devin Booker,Under,25.5,-137,2025-11-30,2025-11-29T20:54:34Z
Underdog,player_points,Jamal Murray,Over,24.5,-137,2025-11-30,2025-11-29T20:54:34Z
Underdog,player_points,Jamal Murray,Under,24.5,-137,2025-11-30,2025-11-29T20:54:34Z
Underdog,player_points,Dillon Brooks,Over,19.5,-137,2025-11-30,2025-11-29T20:54:34Z
Underdog,player_points,Dillon Brooks,Under,19.5,-137,2025-11-30,2025-11-29T20:54:34Z
Underdog,player_points,Cameron Johnson,Over,14.5,-137,2025-11-30,2025-11-29T20:54:34Z
Underdog,player_points,Cameron Johnson,Under,14.5,-137,2025-11-30,2025-11-29T20:54:34Z
Underdog,player_points,Mark Williams,Over,11.5,-137,2025-11-30,2025-11-29T20:54:34Z
Underdog,player_points,Mark Williams,Under,11.5,-137,2025-11-30,2025-11-29T20:54:34Z
Underdog,player_points,Royce O'Neale,Over,11.5,-137,2025-11-30,2025-11-29T20:54:34Z
Underdog,player_points,Royce O'Neale,Under,11.5,-137,2025-11-30,2025-11-29T20:54:34Z
Underdog,player_points,Tim Hardaway Jr,Over,11.5,-137,2025-11-30,2025-11-29T20:54:34Z
Underdog,player_points,Tim Hardaway Jr,Under,11.5,-137,2025-11-30,2025-11-29T20:54:34Z
Underdog,player_points,Oso Ighodaro,Over,6.5,-137,2025-11-30,2025-11-29T20:54:34Z
Underdog,player_points,Oso Ighodaro,Under,6.5,-137,2025-11-30,2025-11-29T20:54:34Z
Underdog,player_points,Spencer Jones,Over,4.5,-137,2025-11-30,2025-11-29T20:54:34Z
Underdog,player_points,Spencer Jones,Under,4.5,-137,2025-11-30,2025-11-29T20:54:34Z
Underdog,player_points,Collin Gillespie,Over,14.5,-137,2025-11-30,2025-11-29T20:54:34Z
Underdog,player_points,Collin Gillespie,Under,14.5,-137,2025-11-30,2025-11-29T20:54:34Z
Underdog,player_points,Kawhi Leonard,Over,21.5,-137,2025-11-30,2025-11-29T20:54:39Z
Underdog,player_points,Kawhi Leonard,Under,21.5,-137,2025-11-30,2025-11-29T20:54:39Z
Underdog,player_points,Cooper Flagg,Over,16.5,-137,2025-11-30,2025-11-29T20:54:39Z
Underdog,player_points,Cooper Flagg,Under,16.5,-137,2025-11-30,2025-11-29T20:54:39Z
Underdog,player_points,James Harden,Over,26.5,-137,2025-11-30,2025-11-29T20:54:39Z
Underdog,player_points,James Harden,Under,26.5,-137,2025-11-30,2025-11-29T20:54:39Z
Underdog,player_points,Ivica Zubac,Over,18.5,-137,2025-11-30,2025-11-29T20:54:39Z
Underdog,player_points,Ivica Zubac,Under,18.5,-137,2025-11-30,2025-11-29T20:54:39Z
Underdog,player_points,P.J. Washington,Over,17.5,-137,2025-11-30,2025-11-29T20:54:39Z
Underdog,player_points,P.J. Washington,Under,17.5,-137,2025-11-30,2025-11-29T20:54:39Z
Underdog,player_points,Max Christie,Over,11.5,-137,2025-11-30,2025-11-29T20:54:39Z
Underdog,player_points,Max Christie,Under,11.5,-137,2025-11-30,2025-11-29T20:54:39Z
Underdog,player_points,Kris Dunn,Over,8.5,-137,2025-11-30,2025-11-29T20:54:39Z
Underdog,player_points,Kris Dunn,Under,8.5,-137,2025-11-30,2025-11-29T20:54:39Z
Underdog,player_points,Brandon Williams,Over,11.5,-137,2025-11-30,2025-11-29T20:54:39Z
Underdog,player_points,Brandon Williams,Under,11.5,-137,2025-11-30,2025-11-29T20:54:39Z
PrizePicks,player_points,Anthony Edwards,Over,28.5,-137,2025-11-29,2025-11-29T20:53:24Z
PrizePicks,player_points,Anthony Edwards,Under,28.5,-137,2025-11-29,2025-11-29T20:53:24Z
PrizePicks,player_points,Jaylen Brown,Over,26.5,-137,2025-11-29,2025-11-29T20:53:24Z
PrizePicks,player_points,Jaylen Brown,Under,26.5,-137,2025-11-29,2025-11-29T20:53:24Z
PrizePicks,player_points,Julius Randle,Over,20.5,-137,2025-11-29,2025-11-29T20:53:24Z
PrizePicks,player_points,Julius Randle,Under,20.5,-137,2025-11-29,2025-11-29T20:53:24Z
PrizePicks,player_points,Derrick White,Over,17.5,-137,2025-11-29,2025-11-29T20:53:24Z
PrizePicks,player_points,Derrick White,Under,17.5,-137,2025-11-29,2025-11-29T20:53:24Z
PrizePicks,player_points,Payton Pritchard,Over,16.5,-137,2025-11-29,2025-11-29T20:53:24Z
PrizePicks,player_points,Payton Pritchard,Under,16.5,-137,2025-11-29,2025-11-29T20:53:24Z
PrizePicks,player_points,Jaden McDaniels,Over,13.5,-137,2025-11-29,2025-11-29T20:53:24Z
PrizePicks,player_points,Jaden McDaniels,Under,13.5,-137,2025-11-29,2025-11-29T20:53:24Z
PrizePicks,player_points,Donte DiVincenzo,Over,12.5,-137,2025-11-29,2025-11-29T20:53:24Z
PrizePicks,player_points,Donte DiVincenzo,Under,12.5,-137,2025-11-29,2025-11-29T20:53:24Z
PrizePicks,player_points,Naz Reid,Over,12.5,-137,2025-11-29,2025-11-29T20:53:24Z
PrizePicks,player_points,Naz Reid,Under,12.5,-137,2025-11-29,2025-11-29T20:53:24Z
PrizePicks,player_points,Anfernee Simons,Over,12.5,-137,2025-11-29,2025-11-29T20:53:24Z
PrizePicks,player_points,Anfernee Simons,Under,12.5,-137,2025-11-29,2025-11-29T20:53:24Z
PrizePicks,player_points,Neemias Queta,Over,9.0,-137,2025-11-29,2025-11-29T20:53:24Z
PrizePicks,player_points,Neemias Queta,Under,9.0,-137,2025-11-29,2025-11-29T20:53:24Z
PrizePicks,player_points,Jordan Walsh,Over,5.5,-137,2025-11-29,2025-11-29T20:53:24Z
PrizePicks,player_points,Jordan Walsh,Under,5.5,-137,2025-11-29,2025-11-29T20:53:24Z
PrizePicks,player_points,Mike Conley,Over,3.5,-137,2025-11-29,2025-11-29T20:53:24Z
PrizePicks,player_points,Mike Conley,Under,3.5,-137,2025-11-29,2025-11-29T20:53:24Z
PrizePicks,player_points,Brandon Ingram,Over,24.5,-137,2025-11-29,2025-11-29T20:53:43Z
PrizePicks,player_points,Brandon Ingram,Under,24.5,-137,2025-11-29,2025-11-29T20:53:43Z
PrizePicks,player_points,Miles Bridges,Over,19.5,-137,2025-11-29,2025-11-29T20:53:43Z
PrizePicks,player_points,Miles Bridges,Under,19.5,-137,2025-11-29,2025-11-29T20:53:43Z
PrizePicks,player_points,Scottie Barnes,Over,19.5,-137,2025-11-29,2025-11-29T20:53:43Z
PrizePicks,player_points,Scottie Barnes,Under,19.5,-137,2025-11-29,2025-11-29T20:53:43Z
PrizePicks,player_points,Brandon Miller,Over,18.5,-137,2025-11-29,2025-11-29T20:53:43Z
PrizePicks,player_points,Brandon Miller,Under,18.5,-137,2025-11-29,2025-11-29T20:53:43Z
PrizePicks,player_points,Immanuel Quickley,Over,17.5,-137,2025-11-29,2025-11-29T20:53:43Z
PrizePicks,player_points,Immanuel Quickley,Under,17.5,-137,2025-11-29,2025-11-29T20:53:43Z
PrizePicks,player_points,LaMelo Ball,Over,17.5,-137,2025-11-29,2025-11-29T20:53:43Z
PrizePicks,player_points,LaMelo Ball,Under,17.5,-137,2025-11-29,2025-11-29T20:53:43Z
PrizePicks,player_points,Kon Knueppel,Over,16.5,-137,2025-11-29,2025-11-29T20:53:43Z
PrizePicks,player_points,Kon Knueppel,Under,16.5,-137,2025-11-29,2025-11-29T20:53:43Z
PrizePicks,player_points,Collin Sexton,Over,12.5,-137,2025-11-29,2025-11-29T20:53:43Z
PrizePicks,player_points,Collin Sexton,Under,12.5,-137,2025-11-29,2025-11-29T20:53:43Z
PrizePicks,player_points,Jakob Poeltl,Over,12.5,-137,2025-11-29,2025-11-29T20:53:43Z
PrizePicks,player_points,Jakob Poeltl,Under,12.5,-137,2025-11-29,2025-11-29T20:53:43Z
PrizePicks,player_points,Sandro Mamukelashvili,Over,10.5,-137,2025-11-29,2025-11-29T20:53:43Z
PrizePicks,player_points,Sandro Mamukelashvili,Under,10.5,-137,2025-11-29,2025-11-29T20:53:43Z
PrizePicks,player_points,Ja'Kobe Walter,Over,8.5,-137,2025-11-29,2025-11-29T20:53:43Z
PrizePicks,player_points,Ja'Kobe Walter,Under,8.5,-137,2025-11-29,2025-11-29T20:53:43Z
PrizePicks,player_points,Moussa Diabate,Over,6.5,-137,2025-11-29,2025-11-29T20:53:43Z
PrizePicks,player_points,Moussa Diabate,Under,6.5,-137,2025-11-29,2025-11-29T20:53:43Z
PrizePicks,player_points,Jamal Shead,Over,6.5,-137,2025-11-29,2025-11-29T20:53:43Z
PrizePicks,player_points,Jamal Shead,Under,6.5,-137,2025-11-29,2025-11-29T20:53:43Z
PrizePicks,player_points,Ryan Kalkbrenner,Over,6.5,-137,2025-11-29,2025-11-29T20:53:43Z
PrizePicks,player_points,Ryan Kalkbrenner,Under,6.5,-137,2025-11-29,2025-11-29T20:53:43Z
PrizePicks,player_points,Pascal Siakam,Over,24.5,-137,2025-11-30,2025-11-29T20:53:55Z
PrizePicks,player_points,Pascal Siakam,Under,24.5,-137,2025-11-30,2025-11-29T20:53:55Z
PrizePicks,player_points,Bennedict Mathurin,Over,23.5,-137,2025-11-30,2025-11-29T20:53:55Z
PrizePicks,player_points,Bennedict Mathurin,Under,23.5,-137,2025-11-30,2025-11-29T20:53:55Z
PrizePicks,player_points,Coby White,Over,22.5,-137,2025-11-30,2025-11-29T20:53:55Z
PrizePicks,player_points,Coby White,Under,22.5,-137,2025-11-30,2025-11-29T20:53:55Z
PrizePicks,player_points,Josh Giddey,Over,19.5,-137,2025-11-30,2025-11-29T20:53:55Z
PrizePicks,player_points,Josh Giddey,Under,19.5,-137,2025-11-30,2025-11-29T20:53:55Z
PrizePicks,player_points,Nikola Vucevic,Over,18.5,-137,2025-11-30,2025-11-29T20:53:55Z
PrizePicks,player_points,Nikola Vucevic,Under,18.5,-137,2025-11-30,2025-11-29T20:53:55Z
PrizePicks,player_points,Andrew Nembhard,Over,17.5,-137,2025-11-30,2025-11-29T20:53:55Z
PrizePicks,player_points,Andrew Nembhard,Under,17.5,-137,2025-11-30,2025-11-29T20:53:55Z
PrizePicks,player_points,Matas Buzelis,Over,13.5,-137,2025-11-30,2025-11-29T20:53:55Z
PrizePicks,player_points,Matas Buzelis,Under,13.5,-137,2025-11-30,2025-11-29T20:53:55Z
PrizePicks,player_points,Ayo Dosunmu,Over,13.5,-137,2025-11-30,2025-11-29T20:53:55Z
PrizePicks,player_points,Ayo Dosunmu,Under,13.5,-137,2025-11-30,2025-11-29T20:53:55Z
PrizePicks,player_points,Kevin Huerter,Over,11.5,-137,2025-11-30,2025-11-29T20:53:55Z
PrizePicks,player_points,Kevin Huerter,Under,11.5,-137,2025-11-30,2025-11-29T20:53:55Z
PrizePicks,player_points,Tre Jones,Over,10.5,-137,2025-11-30,2025-11-29T20:53:55Z
PrizePicks,player_points,Tre Jones,Under,10.5,-137,2025-11-30,2025-11-29T20:53:55Z
PrizePicks,player_points,Ben Sheppard,Over,7.5,-137,2025-11-30,2025-11-29T20:53:55Z
PrizePicks,player_points,Ben Sheppard,Under,7.5,-137,2025-11-30,2025-11-29T20:53:55Z
PrizePicks,player_points,Giannis Antetokounmpo,Over,28.5,-137,2025-11-30,2025-11-29T20:54:01Z
PrizePicks,player_points,Giannis Antetokounmpo,Under,28.5,-137,2025-11-30,2025-11-29T20:54:01Z
PrizePicks,player_points,Noah Clowney,Over,18.5,-137,2025-11-30,2025-11-29T20:54:01Z
PrizePicks,player_points,Noah Clowney,Under,18.5,-137,2025-11-30,2025-11-29T20:54:01Z
PrizePicks,player_points,Ryan Rollins,Over,16.5,-137,2025-11-30,2025-11-29T20:54:01Z
PrizePicks,player_points,Ryan Rollins,Under,16.5,-137,2025-11-30,2025-11-29T20:54:01Z
PrizePicks,player_points,Nicolas Claxton,Over,15.0,-137,2025-11-30,2025-11-29T20:54:01Z
PrizePicks,player_points,Nicolas Claxton,Under,15.0,-137,2025-11-30,2025-11-29T20:54:01Z
PrizePicks,player_points,Myles Turner,Over,13.5,-137,2025-11-30,2025-11-29T20:54:01Z
PrizePicks,player_points,Myles Turner,Under,13.5,-137,2025-11-30,2025-11-29T20:54:01Z
PrizePicks,player_points,Kyle Kuzma,Over,12.5,-137,2025-11-30,2025-11-29T20:54:01Z
PrizePicks,player_points,Kyle Kuzma,Under,12.5,-137,2025-11-30,2025-11-29T20:54:01Z
PrizePicks,player_points,Tyrese Martin,Over,12.5,-137,2025-11-30,2025-11-29T20:54:01Z
PrizePicks,player_points,Tyrese Martin,Under,12.5,-137,2025-11-30,2025-11-29T20:54:01Z
PrizePicks,player_points,A.J. Green,Over,11.5,-137,2025-11-30,2025-11-29T20:54:01Z
PrizePicks,player_points,A.J. Green,Under,11.5,-137,2025-11-30,2025-11-29T20:54:01Z
PrizePicks,player_points,Terance Mann,Over,11.5,-137,2025-11-30,2025-11-29T20:54:01Z
PrizePicks,player_points,Terance Mann,Under,11.5,-137,2025-11-30,2025-11-29T20:54:01Z
PrizePicks,player_points,Ziaire Williams,Over,11.5,-137,2025-11-30,2025-11-29T20:54:01Z
PrizePicks,player_points,Ziaire Williams,Under,11.5,-137,2025-11-30,2025-11-29T20:54:01Z
PrizePicks,player_points,Bobby Portis,Over,9.5,-137,2025-11-30,2025-11-29T20:54:01Z
PrizePicks,player_points,Bobby Portis,Under,9.5,-137,2025-11-30,2025-11-29T20:54:01Z
PrizePicks,player_points,Gary Trent Jr,Over,8.5,-137,2025-11-30,2025-11-29T20:54:01Z
PrizePicks,player_points,Gary Trent Jr,Under,8.5,-137,2025-11-30,2025-11-29T20:54:01Z
PrizePicks,player_points,Gary Harris,Over,3.5,-137,2025-11-30,2025-11-29T20:54:01Z
PrizePicks,player_points,Gary Harris,Under,3.5,-137,2025-11-30,2025-11-29T20:54:01Z
PrizePicks,player_points,Cade Cunningham,Over,28.5,-137,2025-11-30,2025-11-29T20:53:45Z
PrizePicks,player_points,Cade Cunningham,Under,28.5,-137,2025-11-30,2025-11-29T20:53:45Z
PrizePicks,player_points,Tyler Herro,Over,21.5,-137,2025-11-30,2025-11-29T20:53:45Z
PrizePicks,player_points,Tyler Herro,Under,21.5,-137,2025-11-30,2025-11-29T20:53:45Z
PrizePicks,player_points,Bam Adebayo,Over,18.5,-137,2025-11-30,2025-11-29T20:53:45Z
PrizePicks,player_points,Bam Adebayo,Under,18.5,-137,2025-11-30,2025-11-29T20:53:45Z
PrizePicks,player_points,Norman Powell,Over,18.5,-137,2025-11-30,2025-11-29T20:53:45Z
PrizePicks,player_points,Norman Powell,Under,18.5,-137,2025-11-30,2025-11-29T20:53:45Z
PrizePicks,player_points,Andrew Wiggins,Over,15.5,-137,2025-11-30,2025-11-29T20:53:45Z
PrizePicks,player_points,Andrew Wiggins,Under,15.5,-137,2025-11-30,2025-11-29T20:53:45Z
PrizePicks,player_points,Tobias Harris,Over,13.5,-137,2025-11-30,2025-11-29T20:53:45Z
PrizePicks,player_points,Tobias Harris,Under,13.5,-137,2025-11-30,2025-11-29T20:53:45Z
PrizePicks,player_points,Duncan Robinson,Over,12.5,-137,2025-11-30,2025-11-29T20:53:45Z
PrizePicks,player_points,Duncan Robinson,Under,12.5,-137,2025-11-30,2025-11-29T20:53:45Z
PrizePicks,player_points,Ausar Thompson,Over,12.0,-137,2025-11-30,2025-11-29T20:53:45Z
PrizePicks,player_points,Ausar Thompson,Under,12.0,-137,2025-11-30,2025-11-29T20:53:45Z
PrizePicks,player_points,Kel'el Ware,Over,10.5,-137,2025-11-30,2025-11-29T20:53:45Z
PrizePicks,player_points,Kel'el Ware,Under,10.5,-137,2025-11-30,2025-11-29T20:53:45Z
PrizePicks,player_points,Caris LeVert,Over,9.5,-137,2025-11-30,2025-11-29T20:53:45Z
PrizePicks,player_points,Caris LeVert,Under,9.5,-137,2025-11-30,2025-11-29T20:53:45Z
PrizePicks,player_points,Jaden Ivey,Over,9.5,-137,2025-11-30,2025-11-29T20:53:45Z
PrizePicks,player_points,Jaden Ivey,Under,9.5,-137,2025-11-30,2025-11-29T20:53:45Z
PrizePicks,player_points,Davion Mitchell,Over,8.5,-137,2025-11-30,2025-11-29T20:53:45Z
PrizePicks,player_points,Davion Mitchell,Under,8.5,-137,2025-11-30,2025-11-29T20:53:45Z
PrizePicks,player_points,Jimmy Butler,Over,21.5,-137,2025-11-30,2025-11-29T20:53:59Z
PrizePicks,player_points,Jimmy Butler,Under,21.5,-137,2025-11-30,2025-11-29T20:53:59Z
PrizePicks,player_points,Zion Williamson,Over,21.5,-137,2025-11-30,2025-11-29T20:53:59Z
PrizePicks,player_points,Zion Williamson,Under,21.5,-137,2025-11-30,2025-11-29T20:53:59Z
PrizePicks,player_points,Trey Murphy III,Over,18.5,-137,2025-11-30,2025-11-29T20:53:59Z
PrizePicks,player_points,Trey Murphy III,Under,18.5,-137,2025-11-30,2025-11-29T20:53:59Z
PrizePicks,player_points,Jonathan Kuminga,Over,15.5,-137,2025-11-30,2025-11-29T20:53:59Z
PrizePicks,player_points,Jonathan Kuminga,Under,15.5,-137,2025-11-30,2025-11-29T20:53:59Z
PrizePicks,player_points,Brandin Podziemski,Over,14.5,-137,2025-11-30,2025-11-29T20:53:59Z
PrizePicks,player_points,Brandin Podziemski,Under,14.5,-137,2025-11-30,2025-11-29T20:53:59Z
PrizePicks,player_points,Moses Moody,Over,14.5,-137,2025-11-30,2025-11-29T20:53:59Z
PrizePicks,player_points,Moses Moody,Under,14.5,-137,2025-11-30,2025-11-29T20:53:59Z
PrizePicks,player_points,Jeremiah Fears,Over,13.5,-137,2025-11-30,2025-11-29T20:53:59Z
PrizePicks,player_points,Jeremiah Fears,Under,13.5,-137,2025-11-30,2025-11-29T20:53:59Z
PrizePicks,player_points,Saddiq Bey,Over,13.5,-137,2025-11-30,2025-11-29T20:53:59Z
PrizePicks,player_points,Saddiq Bey,Under,13.5,-137,2025-11-30,2025-11-29T20:53:59Z
PrizePicks,player_points,Derik Queen,Over,12.5,-137,2025-11-30,2025-11-29T20:53:59Z
PrizePicks,player_points,Derik Queen,Under,12.5,-137,2025-11-30,2025-11-29T20:53:59Z
PrizePicks,player_points,Buddy Hield,Over,10.5,-137,2025-11-30,2025-11-29T20:53:59Z
PrizePicks,player_points,Buddy Hield,Under,10.5,-137,2025-11-30,2025-11-29T20:53:59Z
PrizePicks,player_points,Jose Alvarado,Over,10.5,-137,2025-11-30,2025-11-29T20:53:59Z
PrizePicks,player_points,Jose Alvarado,Under,10.5,-137,2025-11-30,2025-11-29T20:53:59Z
PrizePicks,player_points,Draymond Green,Over,9.5,-137,2025-11-30,2025-11-29T20:53:59Z
PrizePicks,player_points,Draymond Green,Under,9.5,-137,2025-11-30,2025-11-29T20:53:59Z
PrizePicks,player_points,Will Richard,Over,9.5,-137,2025-11-30,2025-11-29T20:53:59Z
PrizePicks,player_points,Will Richard,Under,9.5,-137,2025-11-30,2025-11-29T20:53:59Z
PrizePicks,player_points,Quinten Post,Over,8.5,-137,2025-11-30,2025-11-29T20:53:59Z
PrizePicks,player_points,Quinten Post,Under,8.5,-137,2025-11-30,2025-11-29T20:53:59Z
PrizePicks,player_points,Yves Missi,Over,6.5,-137,2025-11-30,2025-11-29T20:53:59Z
PrizePicks,player_points,Yves Missi,Under,6.5,-137,2025-11-30,2025-11-29T20:53:59Z
PrizePicks,player_points,Nikola Jokic,Over,30.5,-137,2025-11-30,2025-11-29T20:53:35Z
PrizePicks,player_points,Nikola Jokic,Under,30.5,-137,2025-11-30,2025-11-29T20:53:35Z
PrizePicks,player_points,Devin Booker,Over,25.5,-137,2025-11-30,2025-11-29T20:53:35Z
PrizePicks,player_points,Devin Booker,Under,25.5,-137,2025-11-30,2025-11-29T20:53:35Z
PrizePicks,player_points,Jamal Murray,Over,24.5,-137,2025-11-30,2025-11-29T20:53:35Z
PrizePicks,player_points,Jamal Murray,Under,24.5,-137,2025-11-30,2025-11-29T20:53:35Z
PrizePicks,player_points,Dillon Brooks,Over,19.5,-137,2025-11-30,2025-11-29T20:53:35Z
PrizePicks,player_points,Dillon Brooks,Under,19.5,-137,2025-11-30,2025-11-29T20:53:35Z
PrizePicks,player_points,Cameron Johnson,Over,14.5,-137,2025-11-30,2025-11-29T20:53:35Z
PrizePicks,player_points,Cameron Johnson,Under,14.5,-137,2025-11-30,2025-11-29T20:53:35Z
PrizePicks,player_points,Collin Gillespie,Over,14.5,-137,2025-11-30,2025-11-29T20:53:35Z
PrizePicks,player_points,Collin Gillespie,Under,14.5,-137,2025-11-30,2025-11-29T20:53:35Z
PrizePicks,player_points,Peyton Watson,Over,13.5,-137,2025-11-30,2025-11-29T20:53:35Z
PrizePicks,player_points,Peyton Watson,Under,13.5,-137,2025-11-30,2025-11-29T20:53:35Z
PrizePicks,player_points,Royce O'Neale,Over,11.5,-137,2025-11-30,2025-11-29T20:53:35Z
PrizePicks,player_points,Royce O'Neale,Under,11.5,-137,2025-11-30,2025-11-29T20:53:35Z
PrizePicks,player_points,Tim Hardaway Jr,Over,11.5,-137,2025-11-30,2025-11-29T20:53:35Z
PrizePicks,player_points,Tim Hardaway Jr,Under,11.5,-137,2025-11-30,2025-11-29T20:53:35Z
PrizePicks,player_points,Bruce Brown,Over,7.5,-137,2025-11-30,2025-11-29T20:53:35Z
PrizePicks,player_points,Bruce Brown,Under,7.5,-137,2025-11-30,2025-11-29T20:53:35Z
PrizePicks,player_points,Nick Richards,Over,6.5,-137,2025-11-30,2025-11-29T20:53:35Z
PrizePicks,player_points,Nick Richards,Under,6.5,-137,2025-11-30,2025-11-29T20:53:35Z
PrizePicks,player_points,Oso Ighodaro,Over,6.5,-137,2025-11-30,2025-11-29T20:53:35Z
PrizePicks,player_points,Oso Ighodaro,Under,6.5,-137,2025-11-30,2025-11-29T20:53:35Z
PrizePicks,player_points,James Harden,Over,26.5,-137,2025-11-30,2025-11-29T20:53:24Z
PrizePicks,player_points,James Harden,Under,26.5,-137,2025-11-30,2025-11-29T20:53:24Z
PrizePicks,player_points,Kawhi Leonard,Over,21.5,-137,2025-11-30,2025-11-29T20:53:24Z
PrizePicks,player_points,Kawhi Leonard,Under,21.5,-137,2025-11-30,2025-11-29T20:53:24Z
PrizePicks,player_points,Ivica Zubac,Over,18.5,-137,2025-11-30,2025-11-29T20:53:24Z
PrizePicks,player_points,Ivica Zubac,Under,18.5,-137,2025-11-30,2025-11-29T20:53:24Z
PrizePicks,player_points,Cooper Flagg,Over,16.5,-137,2025-11-30,2025-11-29T20:53:24Z
PrizePicks,player_points,Cooper Flagg,Under,16.5,-137,2025-11-30,2025-11-29T20:53:24Z
PrizePicks,player_points,P.J. Washington,Over,16.5,-137,2025-11-30,2025-11-29T20:53:24Z
PrizePicks,player_points,P.J. Washington,Under,16.5,-137,2025-11-30,2025-11-29T20:53:24Z
PrizePicks,player_points,John Collins,Over,12.5,-137,2025-11-30,2025-11-29T20:53:24Z
PrizePicks,player_points,John Collins,Under,12.5,-137,2025-11-30,2025-11-29T20:53:24Z
PrizePicks,player_points,Max Christie,Over,11.5,-137,2025-11-30,2025-11-29T20:53:24Z
PrizePicks,player_points,Max Christie,Under,11.5,-137,2025-11-30,2025-11-29T20:53:24Z
PrizePicks,player_points,Brandon Williams,Over,11.5,-137,2025-11-30,2025-11-29T20:53:24Z
PrizePicks,player_points,Brandon Williams,Under,11.5,-137,2025-11-30,2025-11-29T20:53:24Z
PrizePicks,player_points,Naji Marshall,Over,10.5,-137,2025-11-30,2025-11-29T20:53:24Z
PrizePicks,player_points,Naji Marshall,Under,10.5,-137,2025-11-30,2025-11-29T20:53:24Z
PrizePicks,player_points,Kris Dunn,Over,8.5,-137,2025-11-30,2025-11-29T20:53:24Z
PrizePicks,player_points,Kris Dunn,Under,8.5,-137,2025-11-30,2025-11-29T20:53:24Z
Betr DFS,player_points,Jaylen Brown,Over,26.5,-137,2025-11-29,2025-11-29T20:54:00Z
Betr DFS,player_points,Jaylen Brown,Under,26.5,-137,2025-11-29,2025-11-29T20:54:00Z
Betr DFS,player_points,Derrick White,Over,17.5,-137,2025-11-29,2025-11-29T20:54:00Z
Betr DFS,player_points,Derrick White,Under,17.5,-137,2025-11-29,2025-11-29T20:54:00Z
Betr DFS,player_points,Payton Pritchard,Over,16.5,-137,2025-11-29,2025-11-29T20:54:00Z
Betr DFS,player_points,Payton Pritchard,Under,16.5,-137,2025-11-29,2025-11-29T20:54:00Z
Betr DFS,player_points,Anfernee Simons,Over,12.5,-137,2025-11-29,2025-11-29T20:54:00Z
Betr DFS,player_points,Anfernee Simons,Under,12.5,-137,2025-11-29,2025-11-29T20:54:00Z
Betr DFS,player_points,Julius Randle,Over,20.5,-137,2025-11-29,2025-11-29T20:54:00Z
Betr DFS,player_points,Julius Randle,Under,20.5,-137,2025-11-29,2025-11-29T20:54:00Z
Betr DFS,player_points,Rudy Gobert,Over,10.5,-137,2025-11-29,2025-11-29T20:54:00Z
Betr DFS,player_points,Anthony Edwards,Over,28.5,-137,2025-11-29,2025-11-29T20:54:00Z
Betr DFS,player_points,Anthony Edwards,Under,28.5,-137,2025-11-29,2025-11-29T20:54:00Z
Betr DFS,player_points,Jaden McDaniels,Over,13.5,-137,2025-11-29,2025-11-29T20:54:00Z
Betr DFS,player_points,Jaden McDaniels,Under,13.5,-137,2025-11-29,2025-11-29T20:54:00Z
Betr DFS,player_points,Donte DiVincenzo,Over,12.5,-137,2025-11-29,2025-11-29T20:54:00Z
Betr DFS,player_points,Donte DiVincenzo,Under,12.5,-137,2025-11-29,2025-11-29T20:54:00Z
Betr DFS,player_points,Immanuel Quickley,Over,17.5,-137,2025-11-29,2025-11-29T20:54:21Z
Betr DFS,player_points,Immanuel Quickley,Under,17.5,-137,2025-11-29,2025-11-29T20:54:21Z
Betr DFS,player_points,Jakob Poeltl,Over,12.5,-137,2025-11-29,2025-11-29T20:54:21Z
Betr DFS,player_points,Jakob Poeltl,Under,12.5,-137,2025-11-29,2025-11-29T20:54:21Z
Betr DFS,player_points,Scottie Barnes,Over,19.5,-137,2025-11-29,2025-11-29T20:54:21Z
Betr DFS,player_points,Scottie Barnes,Under,19.5,-137,2025-11-29,2025-11-29T20:54:21Z
Betr DFS,player_points,Brandon Ingram,Over,25.5,-137,2025-11-29,2025-11-29T20:54:21Z
Betr DFS,player_points,Brandon Ingram,Under,25.5,-137,2025-11-29,2025-11-29T20:54:21Z
Betr DFS,player_points,Sandro Mamukelashvili,Over,10.5,-137,2025-11-29,2025-11-29T20:54:21Z
Betr DFS,player_points,Sandro Mamukelashvili,Under,10.5,-137,2025-11-29,2025-11-29T20:54:21Z
Betr DFS,player_points,LaMelo Ball,Over,17.5,-137,2025-11-29,2025-11-29T20:54:21Z
Betr DFS,player_points,LaMelo Ball,Under,17.5,-137,2025-11-29,2025-11-29T20:54:21Z
Betr DFS,player_points,Collin Sexton,Over,12.5,-137,2025-11-29,2025-11-29T20:54:21Z
Betr DFS,player_points,Collin Sexton,Under,12.5,-137,2025-11-29,2025-11-29T20:54:21Z
Betr DFS,player_points,Brandon Miller,Over,18.5,-137,2025-11-29,2025-11-29T20:54:21Z
Betr DFS,player_points,Brandon Miller,Under,18.5,-137,2025-11-29,2025-11-29T20:54:21Z
Betr DFS,player_points,Miles Bridges,Over,19.5,-137,2025-11-29,2025-11-29T20:54:21Z
Betr DFS,player_points,Miles Bridges,Under,19.5,-137,2025-11-29,2025-11-29T20:54:21Z
Betr DFS,player_points,Kon Knueppel,Over,16.5,-137,2025-11-29,2025-11-29T20:54:21Z
Betr DFS,player_points,Kon Knueppel,Under,16.5,-137,2025-11-29,2025-11-29T20:54:21Z
Betr DFS,player_points,Nikola Vucevic,Over,18.5,-137,2025-11-30,2025-11-29T20:54:02Z
Betr DFS,player_points,Nikola Vucevic,Under,18.5,-137,2025-11-30,2025-11-29T20:54:02Z
Betr DFS,player_points,Coby White,Over,22.5,-137,2025-11-30,2025-11-29T20:54:02Z
Betr DFS,player_points,Coby White,Under,22.5,-137,2025-11-30,2025-11-29T20:54:02Z
Betr DFS,player_points,Ayo Dosunmu,Over,13.5,-137,2025-11-30,2025-11-29T20:54:02Z
Betr DFS,player_points,Ayo Dosunmu,Under,13.5,-137,2025-11-30,2025-11-29T20:54:02Z
Betr DFS,player_points,Josh Giddey,Over,19.5,-137,2025-11-30,2025-11-29T20:54:02Z
Betr DFS,player_points,Josh Giddey,Under,19.5,-137,2025-11-30,2025-11-29T20:54:02Z
Betr DFS,player_points,Kevin Huerter,Over,11.5,-137,2025-11-30,2025-11-29T20:54:02Z
Betr DFS,player_points,Kevin Huerter,Under,11.5,-137,2025-11-30,2025-11-29T20:54:02Z
Betr DFS,player_points,Matas Buzelis,Over,13.5,-137,2025-11-30,2025-11-29T20:54:02Z
Betr DFS,player_points,Matas Buzelis,Under,13.5,-137,2025-11-30,2025-11-29T20:54:02Z
Betr DFS,player_points,Pascal Siakam,Over,24.5,-137,2025-11-30,2025-11-29T20:54:02Z
Betr DFS,player_points,Pascal Siakam,Under,24.5,-137,2025-11-30,2025-11-29T20:54:02Z
Betr DFS,player_points,Bennedict Mathurin,Over,24.5,-137,2025-11-30,2025-11-29T20:54:02Z
Betr DFS,player_points,Bennedict Mathurin,Under,24.5,-137,2025-11-30,2025-11-29T20:54:02Z
Betr DFS,player_points,Andrew Nembhard,Over,17.5,-137,2025-11-30,2025-11-29T20:54:02Z
Betr DFS,player_points,Andrew Nembhard,Under,17.5,-137,2025-11-30,2025-11-29T20:54:02Z
Betr DFS,player_points,Tyrese Martin,Over,12.5,-137,2025-11-30,2025-11-29T20:54:02Z
Betr DFS,player_points,Tyrese Martin,Under,12.5,-137,2025-11-30,2025-11-29T20:54:02Z
Betr DFS,player_points,Nicolas Claxton,Over,15.5,-137,2025-11-30,2025-11-29T20:54:02Z
Betr DFS,player_points,Nicolas Claxton,Under,15.5,-137,2025-11-30,2025-11-29T20:54:02Z
Betr DFS,player_points,Ziaire Williams,Over,11.5,-137,2025-11-30,2025-11-29T20:54:02Z
Betr DFS,player_points,Ziaire Williams,Under,11.5,-137,2025-11-30,2025-11-29T20:54:02Z
Betr DFS,player_points,Noah Clowney,Over,18.5,-137,2025-11-30,2025-11-29T20:54:02Z
Betr DFS,player_points,Noah Clowney,Under,18.5,-137,2025-11-30,2025-11-29T20:54:02Z
Betr DFS,player_points,Kyle Kuzma,Over,12.5,-137,2025-11-30,2025-11-29T20:54:02Z
Betr DFS,player_points,Kyle Kuzma,Under,12.5,-137,2025-11-30,2025-11-29T20:54:02Z
Betr DFS,player_points,Gary Trent Jr,Over,8.5,-137,2025-11-30,2025-11-29T20:54:02Z
Betr DFS,player_points,Gary Trent Jr,Under,8.5,-137,2025-11-30,2025-11-29T20:54:02Z
Betr DFS,player_points,Myles Turner,Over,13.5,-137,2025-11-30,2025-11-29T20:54:02Z
Betr DFS,player_points,Myles Turner,Under,13.5,-137,2025-11-30,2025-11-29T20:54:02Z
Betr DFS,player_points,Giannis Antetokounmpo,Over,28.5,-137,2025-11-30,2025-11-29T20:54:02Z
Betr DFS,player_points,Giannis Antetokounmpo,Under,28.5,-137,2025-11-30,2025-11-29T20:54:02Z
Betr DFS,player_points,A.J. Green,Over,11.5,-137,2025-11-30,2025-11-29T20:54:02Z
Betr DFS,player_points,A.J. Green,Under,11.5,-137,2025-11-30,2025-11-29T20:54:02Z
Betr DFS,player_points,Ryan Rollins,Over,16.5,-137,2025-11-30,2025-11-29T20:54:02Z
Betr DFS,player_points,Ryan Rollins,Under,16.5,-137,2025-11-30,2025-11-29T20:54:02Z
Betr DFS,player_points,Duncan Robinson,Over,12.5,-137,2025-11-30,2025-11-29T20:54:45Z
Betr DFS,player_points,Duncan Robinson,Under,12.5,-137,2025-11-30,2025-11-29T20:54:45Z
Betr DFS,player_points,Tobias Harris,Over,13.5,-137,2025-11-30,2025-11-29T20:54:45Z
Betr DFS,player_points,Tobias Harris,Under,13.5,-137,2025-11-30,2025-11-29T20:54:45Z
Betr DFS,player_points,Caris LeVert,Over,9.5,-137,2025-11-30,2025-11-29T20:54:45Z
Betr DFS,player_points,Caris LeVert,Under,9.5,-137,2025-11-30,2025-11-29T20:54:45Z
Betr DFS,player_points,Isaiah Stewart II,Over,10.5,-137,2025-11-30,2025-11-29T20:54:45Z
Betr DFS,player_points,Isaiah Stewart II,Under,10.5,-137,2025-11-30,2025-11-29T20:54:45Z
Betr DFS,player_points,Cade Cunningham,Over,28.5,-137,2025-11-30,2025-11-29T20:54:45Z
Betr DFS,player_points,Cade Cunningham,Under,28.5,-137,2025-11-30,2025-11-29T20:54:45Z
Betr DFS,player_points,Ausar Thompson,Over,12.5,-137,2025-11-30,2025-11-29T20:54:45Z
Betr DFS,player_points,Ausar Thompson,Under,12.5,-137,2025-11-30,2025-11-29T20:54:45Z
Betr DFS,player_points,Bam Adebayo,Over,18.5,-137,2025-11-30,2025-11-29T20:54:45Z
Betr DFS,player_points,Bam Adebayo,Under,18.5,-137,2025-11-30,2025-11-29T20:54:45Z
Betr DFS,player_points,Tyler Herro,Over,21.5,-137,2025-11-30,2025-11-29T20:54:45Z
Betr DFS,player_points,Tyler Herro,Under,21.5,-137,2025-11-30,2025-11-29T20:54:45Z
Betr DFS,player_points,Andrew Wiggins,Over,15.5,-137,2025-11-30,2025-11-29T20:54:45Z
Betr DFS,player_points,Andrew Wiggins,Under,15.5,-137,2025-11-30,2025-11-29T20:54:45Z
Betr DFS,player_points,Norman Powell,Over,18.5,-137,2025-11-30,2025-11-29T20:54:45Z
Betr DFS,player_points,Norman Powell,Under,18.5,-137,2025-11-30,2025-11-29T20:54:45Z
Betr DFS,player_points,Davion Mitchell,Over,8.5,-137,2025-11-30,2025-11-29T20:54:45Z
Betr DFS,player_points,Davion Mitchell,Under,8.5,-137,2025-11-30,2025-11-29T20:54:45Z
Betr DFS,player_points,Kel'el Ware,Over,10.5,-137,2025-11-30,2025-11-29T20:54:45Z
Betr DFS,player_points,Kel'el Ware,Under,10.5,-137,2025-11-30,2025-11-29T20:54:45Z
Betr DFS,player_points,Zion Williamson,Over,21.5,-137,2025-11-30,2025-11-29T20:54:57Z
Betr DFS,player_points,Zion Williamson,Under,21.5,-137,2025-11-30,2025-11-29T20:54:57Z
Betr DFS,player_points,Trey Murphy III,Over,18.5,-137,2025-11-30,2025-11-29T20:54:57Z
Betr DFS,player_points,Trey Murphy III,Under,18.5,-137,2025-11-30,2025-11-29T20:54:57Z
Betr DFS,player_points,Jose Alvarado,Over,9.5,-137,2025-11-30,2025-11-29T20:54:57Z
Betr DFS,player_points,Jose Alvarado,Under,9.5,-137,2025-11-30,2025-11-29T20:54:57Z
Betr DFS,player_points,Jeremiah Fears,Over,13.5,-137,2025-11-30,2025-11-29T20:54:57Z
Betr DFS,player_points,Jeremiah Fears,Under,13.5,-137,2025-11-30,2025-11-29T20:54:57Z
Betr DFS,player_points,Derik Queen,Over,12.5,-137,2025-11-30,2025-11-29T20:54:57Z
Betr DFS,player_points,Derik Queen,Under,12.5,-137,2025-11-30,2025-11-29T20:54:57Z
Betr DFS,player_points,Jimmy Butler,Over,21.5,-137,2025-11-30,2025-11-29T20:54:57Z
Betr DFS,player_points,Jimmy Butler,Under,21.5,-137,2025-11-30,2025-11-29T20:54:57Z
Betr DFS,player_points,Buddy Hield,Over,10.5,-137,2025-11-30,2025-11-29T20:54:57Z
Betr DFS,player_points,Buddy Hield,Under,10.5,-137,2025-11-30,2025-11-29T20:54:57Z
Betr DFS,player_points,Draymond Green,Over,9.5,-137,2025-11-30,2025-11-29T20:54:57Z
Betr DFS,player_points,Draymond Green,Under,9.5,-137,2025-11-30,2025-11-29T20:54:57Z
Betr DFS,player_points,Moses Moody,Over,14.5,-137,2025-11-30,2025-11-29T20:54:57Z
Betr DFS,player_points,Moses Moody,Under,14.5,-137,2025-11-30,2025-11-29T20:54:57Z
Betr DFS,player_points,Brandin Podziemski,Over,14.5,-137,2025-11-30,2025-11-29T20:54:57Z
Betr DFS,player_points,Brandin Podziemski,Under,14.5,-137,2025-11-30,2025-11-29T20:54:57Z
Betr DFS,player_points,Quinten Post,Over,8.5,-137,2025-11-30,2025-11-29T20:54:57Z
Betr DFS,player_points,Quinten Post,Under,8.5,-137,2025-11-30,2025-11-29T20:54:57Z
Betr DFS,player_points,Will Richard,Over,9.5,-137,2025-11-30,2025-11-29T20:54:57Z
Betr DFS,player_points,Will Richard,Under,9.5,-137,2025-11-30,2025-11-29T20:54:57Z
Betr DFS,player_points,Cameron Johnson,Over,14.5,-137,2025-11-30,2025-11-29T20:54:52Z
Betr DFS,player_points,Cameron Johnson,Under,14.5,-137,2025-11-30,2025-11-29T20:54:52Z
Betr DFS,player_points,Nikola Jokic,Over,30.5,-137,2025-11-30,2025-11-29T20:54:52Z
Betr DFS,player_points,Nikola Jokic,Under,30.5,-137,2025-11-30,2025-11-29T20:54:52Z
Betr DFS,player_points,Jamal Murray,Over,24.5,-137,2025-11-30,2025-11-29T20:54:52Z
Betr DFS,player_points,Jamal Murray,Under,24.5,-137,2025-11-30,2025-11-29T20:54:52Z
Betr DFS,player_points,Bruce Brown,Over,7.5,-137,2025-11-30,2025-11-29T20:54:52Z
Betr DFS,player_points,Bruce Brown,Under,7.5,-137,2025-11-30,2025-11-29T20:54:52Z
Betr DFS,player_points,Peyton Watson,Over,13.5,-137,2025-11-30,2025-11-29T20:54:52Z
Betr DFS,player_points,Peyton Watson,Under,13.5,-137,2025-11-30,2025-11-29T20:54:52Z
Betr DFS,player_points,Tim Hardaway Jr,Over,11.5,-137,2025-11-30,2025-11-29T20:54:52Z
Betr DFS,player_points,Tim Hardaway Jr,Under,11.5,-137,2025-11-30,2025-11-29T20:54:52Z
Betr DFS,player_points,Mark Williams,Over,11.5,-137,2025-11-30,2025-11-29T20:54:52Z
Betr DFS,player_points,Mark Williams,Under,11.5,-137,2025-11-30,2025-11-29T20:54:52Z
Betr DFS,player_points,Royce O'Neale,Over,11.5,-137,2025-11-30,2025-11-29T20:54:52Z
Betr DFS,player_points,Royce O'Neale,Under,11.5,-137,2025-11-30,2025-11-29T20:54:52Z
Betr DFS,player_points,Collin Gillespie,Over,14.5,-137,2025-11-30,2025-11-29T20:54:52Z
Betr DFS,player_points,Collin Gillespie,Under,14.5,-137,2025-11-30,2025-11-29T20:54:52Z
Betr DFS,player_points,Dillon Brooks,Over,19.5,-137,2025-11-30,2025-11-29T20:54:52Z
Betr DFS,player_points,Dillon Brooks,Under,19.5,-137,2025-11-30,2025-11-29T20:54:52Z
Betr DFS,player_points,Devin Booker,Over,25.5,-137,2025-11-30,2025-11-29T20:54:52Z
Betr DFS,player_points,Devin Booker,Under,25.5,-137,2025-11-30,2025-11-29T20:54:52Z
Betr DFS,player_points,P.J. Washington,Over,17.5,-137,2025-11-30,2025-11-29T20:54:52Z
Betr DFS,player_points,P.J. Washington,Under,17.5,-137,2025-11-30,2025-11-29T20:54:52Z
Betr DFS,player_points,Naji Marshall,Over,10.5,-137,2025-11-30,2025-11-29T20:54:52Z
Betr DFS,player_points,Naji Marshall,Under,10.5,-137,2025-11-30,2025-11-29T20:54:52Z
Betr DFS,player_points,Max Christie,Over,11.5,-137,2025-11-30,2025-11-29T20:54:52Z
Betr DFS,player_points,Max Christie,Under,11.5,-137,2025-11-30,2025-11-29T20:54:52Z
Betr DFS,player_points,Brandon Williams,Over,11.5,-137,2025-11-30,2025-11-29T20:54:52Z
Betr DFS,player_points,Brandon Williams,Under,11.5,-137,2025-11-30,2025-11-29T20:54:52Z
Betr DFS,player_points,Cooper Flagg,Over,16.5,-137,2025-11-30,2025-11-29T20:54:52Z
Betr DFS,player_points,Cooper Flagg,Under,16.5,-137,2025-11-30,2025-11-29T20:54:52Z
Betr DFS,player_points,John Collins,Over,11.5,-137,2025-11-30,2025-11-29T20:54:52Z
Betr DFS,player_points,John Collins,Under,11.5,-137,2025-11-30,2025-11-29T20:54:52Z
Betr DFS,player_points,James Harden,Over,26.5,-137,2025-11-30,2025-11-29T20:54:52Z
Betr DFS,player_points,James Harden,Under,26.5,-137,2025-11-30,2025-11-29T20:54:52Z
Betr DFS,player_points,Kris Dunn,Over,8.5,-137,2025-11-30,2025-11-29T20:54:52Z
Betr DFS,player_points,Kris Dunn,Under,8.5,-137,2025-11-30,2025-11-29T20:54:52Z
Betr DFS,player_points,Kawhi Leonard,Over,21.5,-137,2025-11-30,2025-11-29T20:54:52Z
Betr DFS,player_points,Kawhi Leonard,Under,21.5,-137,2025-11-30,2025-11-29T20:54:52Z
Betr DFS,player_points,Ivica Zubac,Over,18.5,-137,2025-11-30,2025-11-29T20:54:52Z
Betr DFS,player_points,Ivica Zubac,Under,18.5,-137,2025-11-30,2025-11-29T20:54:52Z
DraftKings Pick6,player_points,Anthony Edwards,Over,27.5,-137,2025-11-29,2025-11-29T20:53:36Z
DraftKings Pick6,player_points,Anthony Edwards,Under,27.5,-137,2025-11-29,2025-11-29T20:53:36Z
DraftKings Pick6,player_points,Julius Randle,Over,20.5,-137,2025-11-29,2025-11-29T20:53:36Z
DraftKings Pick6,player_points,Julius Randle,Under,20.5,-137,2025-11-29,2025-11-29T20:53:36Z
DraftKings Pick6,player_points,Payton Pritchard,Over,16.5,-137,2025-11-29,2025-11-29T20:53:36Z
DraftKings Pick6,player_points,Payton Pritchard,Under,16.5,-137,2025-11-29,2025-11-29T20:53:36Z
DraftKings Pick6,player_points,Derrick White,Over,16.5,-137,2025-11-29,2025-11-29T20:53:36Z
DraftKings Pick6,player_points,Derrick White,Under,16.5,-137,2025-11-29,2025-11-29T20:53:36Z
DraftKings Pick6,player_points,Jaden McDaniels,Over,13.5,-137,2025-11-29,2025-11-29T20:53:36Z
DraftKings Pick6,player_points,Jaden McDaniels,Under,13.5,-137,2025-11-29,2025-11-29T20:53:36Z
DraftKings Pick6,player_points,Donte DiVincenzo,Over,12.5,-137,2025-11-29,2025-11-29T20:53:36Z
DraftKings Pick6,player_points,Donte DiVincenzo,Under,12.5,-137,2025-11-29,2025-11-29T20:53:36Z
DraftKings Pick6,player_points,Naz Reid,Over,12.5,-137,2025-11-29,2025-11-29T20:53:36Z
DraftKings Pick6,player_points,Naz Reid,Under,12.5,-137,2025-11-29,2025-11-29T20:53:36Z
DraftKings Pick6,player_points,Anfernee Simons,Over,12.5,-137,2025-11-29,2025-11-29T20:53:36Z
DraftKings Pick6,player_points,Anfernee Simons,Under,12.5,-137,2025-11-29,2025-11-29T20:53:36Z
DraftKings Pick6,player_points,Rudy Gobert,Over,10.5,-137,2025-11-29,2025-11-29T20:53:36Z
DraftKings Pick6,player_points,Rudy Gobert,Under,10.5,-137,2025-11-29,2025-11-29T20:53:36Z
DraftKings Pick6,player_points,Brandon Ingram,Over,25.5,-137,2025-11-29,2025-11-29T20:54:05Z
DraftKings Pick6,player_points,Brandon Ingram,Under,25.5,-137,2025-11-29,2025-11-29T20:54:05Z
DraftKings Pick6,player_points,Scottie Barnes,Over,19.5,-137,2025-11-29,2025-11-29T20:54:05Z
DraftKings Pick6,player_points,Scottie Barnes,Under,19.5,-137,2025-11-29,2025-11-29T20:54:05Z
DraftKings Pick6,player_points,Miles Bridges,Over,19.5,-137,2025-11-29,2025-11-29T20:54:05Z
DraftKings Pick6,player_points,Miles Bridges,Under,19.5,-137,2025-11-29,2025-11-29T20:54:05Z
DraftKings Pick6,player_points,Brandon Miller,Over,18.5,-137,2025-11-29,2025-11-29T20:54:05Z
DraftKings Pick6,player_points,Brandon Miller,Under,18.5,-137,2025-11-29,2025-11-29T20:54:05Z
DraftKings Pick6,player_points,LaMelo Ball,Over,17.5,-137,2025-11-29,2025-11-29T20:54:05Z
DraftKings Pick6,player_points,LaMelo Ball,Under,17.5,-137,2025-11-29,2025-11-29T20:54:05Z
DraftKings Pick6,player_points,Immanuel Quickley,Over,17.5,-137,2025-11-29,2025-11-29T20:54:05Z
DraftKings Pick6,player_points,Immanuel Quickley,Under,17.5,-137,2025-11-29,2025-11-29T20:54:05Z
DraftKings Pick6,player_points,Kon Knueppel,Over,16.5,-137,2025-11-29,2025-11-29T20:54:05Z
DraftKings Pick6,player_points,Kon Knueppel,Under,16.5,-137,2025-11-29,2025-11-29T20:54:05Z
DraftKings Pick6,player_points,Collin Sexton,Over,12.5,-137,2025-11-29,2025-11-29T20:54:05Z
DraftKings Pick6,player_points,Collin Sexton,Under,12.5,-137,2025-11-29,2025-11-29T20:54:05Z
DraftKings Pick6,player_points,Sandro Mamukelashvili,Over,10.5,-137,2025-11-29,2025-11-29T20:54:05Z
DraftKings Pick6,player_points,Sandro Mamukelashvili,Under,10.5,-137,2025-11-29,2025-11-29T20:54:05Z
DraftKings Pick6,player_points,Ryan Kalkbrenner,Over,6.5,-137,2025-11-29,2025-11-29T20:54:05Z
DraftKings Pick6,player_points,Ryan Kalkbrenner,Under,6.5,-137,2025-11-29,2025-11-29T20:54:05Z
DraftKings Pick6,player_points,Jamal Shead,Over,6.5,-137,2025-11-29,2025-11-29T20:54:05Z
DraftKings Pick6,player_points,Jamal Shead,Under,6.5,-137,2025-11-29,2025-11-29T20:54:05Z
DraftKings Pick6,player_points,Brandon Miller,Over,19.5,-137,2025-11-29,2025-11-29T20:54:05Z
DraftKings Pick6,player_points,Bennedict Mathurin,Over,24.5,-137,2025-11-30,2025-11-29T20:54:03Z
DraftKings Pick6,player_points,Bennedict Mathurin,Under,24.5,-137,2025-11-30,2025-11-29T20:54:03Z
DraftKings Pick6,player_points,Pascal Siakam,Over,24.5,-137,2025-11-30,2025-11-29T20:54:03Z
DraftKings Pick6,player_points,Pascal Siakam,Under,24.5,-137,2025-11-30,2025-11-29T20:54:03Z
DraftKings Pick6,player_points,Josh Giddey,Over,19.5,-137,2025-11-30,2025-11-29T20:54:03Z
DraftKings Pick6,player_points,Josh Giddey,Under,19.5,-137,2025-11-30,2025-11-29T20:54:03Z
DraftKings Pick6,player_points,Nikola Vucevic,Over,18.5,-137,2025-11-30,2025-11-29T20:54:03Z
DraftKings Pick6,player_points,Nikola Vucevic,Under,18.5,-137,2025-11-30,2025-11-29T20:54:03Z
DraftKings Pick6,player_points,Matas Buzelis,Over,13.5,-137,2025-11-30,2025-11-29T20:54:03Z
DraftKings Pick6,player_points,Matas Buzelis,Under,13.5,-137,2025-11-30,2025-11-29T20:54:03Z
DraftKings Pick6,player_points,Kevin Huerter,Over,11.5,-137,2025-11-30,2025-11-29T20:54:03Z
DraftKings Pick6,player_points,Kevin Huerter,Under,11.5,-137,2025-11-30,2025-11-29T20:54:03Z
DraftKings Pick6,player_points,Tre Jones,Over,10.5,-137,2025-11-30,2025-11-29T20:54:03Z
DraftKings Pick6,player_points,Tre Jones,Under,10.5,-137,2025-11-30,2025-11-29T20:54:03Z
DraftKings Pick6,player_points,Ben Sheppard,Over,7.5,-137,2025-11-30,2025-11-29T20:54:03Z
DraftKings Pick6,player_points,Ben Sheppard,Under,7.5,-137,2025-11-30,2025-11-29T20:54:03Z
DraftKings Pick6,player_points,Nikola Vucevic,Over,19.5,-137,2025-11-30,2025-11-29T20:54:03Z
DraftKings Pick6,player_points,Giannis Antetokounmpo,Over,28.5,-137,2025-11-30,2025-11-29T20:53:48Z
DraftKings Pick6,player_points,Giannis Antetokounmpo,Under,28.5,-137,2025-11-30,2025-11-29T20:53:48Z
DraftKings Pick6,player_points,Noah Clowney,Over,18.5,-137,2025-11-30,2025-11-29T20:53:48Z
DraftKings Pick6,player_points,Noah Clowney,Under,18.5,-137,2025-11-30,2025-11-29T20:53:48Z
DraftKings Pick6,player_points,Ryan Rollins,Over,16.5,-137,2025-11-30,2025-11-29T20:53:48Z
DraftKings Pick6,player_points,Ryan Rollins,Under,16.5,-137,2025-11-30,2025-11-29T20:53:48Z
DraftKings Pick6,player_points,Nicolas Claxton,Over,15.5,-137,2025-11-30,2025-11-29T20:53:48Z
DraftKings Pick6,player_points,Nicolas Claxton,Under,15.5,-137,2025-11-30,2025-11-29T20:53:48Z
DraftKings Pick6,player_points,Myles Turner,Over,13.5,-137,2025-11-30,2025-11-29T20:53:48Z
DraftKings Pick6,player_points,Myles Turner,Under,13.5,-137,2025-11-30,2025-11-29T20:53:48Z
DraftKings Pick6,player_points,Kyle Kuzma,Over,12.5,-137,2025-11-30,2025-11-29T20:53:48Z
DraftKings Pick6,player_points,Kyle Kuzma,Under,12.5,-137,2025-11-30,2025-11-29T20:53:48Z
DraftKings Pick6,player_points,Ziaire Williams,Over,11.5,-137,2025-11-30,2025-11-29T20:53:48Z
DraftKings Pick6,player_points,Ziaire Williams,Under,11.5,-137,2025-11-30,2025-11-29T20:53:48Z
DraftKings Pick6,player_points,Bobby Portis,Over,9.5,-137,2025-11-30,2025-11-29T20:53:48Z
DraftKings Pick6,player_points,Bobby Portis,Under,9.5,-137,2025-11-30,2025-11-29T20:53:48Z
DraftKings Pick6,player_points,Gary Trent Jr,Over,8.5,-137,2025-11-30,2025-11-29T20:53:48Z
DraftKings Pick6,player_points,Gary Trent Jr,Under,8.5,-137,2025-11-30,2025-11-29T20:53:48Z
DraftKings Pick6,player_points,Gary Harris,Over,3.5,-137,2025-11-30,2025-11-29T20:53:48Z
DraftKings Pick6,player_points,Gary Harris,Under,3.5,-137,2025-11-30,2025-11-29T20:53:48Z
DraftKings Pick6,player_points,Noah Clowney,Over,19.5,-137,2025-11-30,2025-11-29T20:53:48Z
DraftKings Pick6,player_points,Cade Cunningham,Over,28.5,-137,2025-11-30,2025-11-29T20:54:43Z
DraftKings Pick6,player_points,Cade Cunningham,Under,28.5,-137,2025-11-30,2025-11-29T20:54:43Z
DraftKings Pick6,player_points,Tyler Herro,Over,21.5,-137,2025-11-30,2025-11-29T20:54:43Z
DraftKings Pick6,player_points,Tyler Herro,Under,21.5,-137,2025-11-30,2025-11-29T20:54:43Z
DraftKings Pick6,player_points,Bam Adebayo,Over,18.5,-137,2025-11-30,2025-11-29T20:54:43Z
DraftKings Pick6,player_points,Bam Adebayo,Under,18.5,-137,2025-11-30,2025-11-29T20:54:43Z
DraftKings Pick6,player_points,Andrew Wiggins,Over,15.5,-137,2025-11-30,2025-11-29T20:54:43Z
DraftKings Pick6,player_points,Andrew Wiggins,Under,15.5,-137,2025-11-30,2025-11-29T20:54:43Z
DraftKings Pick6,player_points,Tobias Harris,Over,13.5,-137,2025-11-30,2025-11-29T20:54:43Z
DraftKings Pick6,player_points,Tobias Harris,Under,13.5,-137,2025-11-30,2025-11-29T20:54:43Z
DraftKings Pick6,player_points,Duncan Robinson,Over,12.5,-137,2025-11-30,2025-11-29T20:54:43Z
DraftKings Pick6,player_points,Duncan Robinson,Under,12.5,-137,2025-11-30,2025-11-29T20:54:43Z
DraftKings Pick6,player_points,Ausar Thompson,Over,12.5,-137,2025-11-30,2025-11-29T20:54:43Z
DraftKings Pick6,player_points,Ausar Thompson,Under,12.5,-137,2025-11-30,2025-11-29T20:54:43Z
DraftKings Pick6,player_points,Kel'el Ware,Over,10.5,-137,2025-11-30,2025-11-29T20:54:43Z
DraftKings Pick6,player_points,Kel'el Ware,Under,10.5,-137,2025-11-30,2025-11-29T20:54:43Z
DraftKings Pick6,player_points,Jaden Ivey,Over,8.5,-137,2025-11-30,2025-11-29T20:54:43Z
DraftKings Pick6,player_points,Jaden Ivey,Under,8.5,-137,2025-11-30,2025-11-29T20:54:43Z
DraftKings Pick6,player_points,Davion Mitchell,Over,8.5,-137,2025-11-30,2025-11-29T20:54:43Z
DraftKings Pick6,player_points,Davion Mitchell,Under,8.5,-137,2025-11-30,2025-11-29T20:54:43Z
DraftKings Pick6,player_points,Bam Adebayo,Over,19.5,-137,2025-11-30,2025-11-29T20:54:43Z
DraftKings Pick6,player_points,Norman Powell,Over,19.5,-137,2025-11-30,2025-11-29T20:54:43Z
DraftKings Pick6,player_points,Jimmy Butler,Over,21.5,-137,2025-11-30,2025-11-29T20:54:49Z
DraftKings Pick6,player_points,Jimmy Butler,Under,21.5,-137,2025-11-30,2025-11-29T20:54:49Z
DraftKings Pick6,player_points,Zion Williamson,Over,21.5,-137,2025-11-30,2025-11-29T20:54:49Z
DraftKings Pick6,player_points,Zion Williamson,Under,21.5,-137,2025-11-30,2025-11-29T20:54:49Z
DraftKings Pick6,player_points,Saddiq Bey,Over,14.5,-137,2025-11-30,2025-11-29T20:54:49Z
DraftKings Pick6,player_points,Saddiq Bey,Under,14.5,-137,2025-11-30,2025-11-29T20:54:49Z
DraftKings Pick6,player_points,Moses Moody,Over,14.5,-137,2025-11-30,2025-11-29T20:54:49Z
DraftKings Pick6,player_points,Moses Moody,Under,14.5,-137,2025-11-30,2025-11-29T20:54:49Z
DraftKings Pick6,player_points,Brandin Podziemski,Over,14.5,-137,2025-11-30,2025-11-29T20:54:49Z
DraftKings Pick6,player_points,Brandin Podziemski,Under,14.5,-137,2025-11-30,2025-11-29T20:54:49Z
DraftKings Pick6,player_points,Jeremiah Fears,Over,13.5,-137,2025-11-30,2025-11-29T20:54:49Z
DraftKings Pick6,player_points,Jeremiah Fears,Under,13.5,-137,2025-11-30,2025-11-29T20:54:49Z
DraftKings Pick6,player_points,Derik Queen,Over,12.5,-137,2025-11-30,2025-11-29T20:54:49Z
DraftKings Pick6,player_points,Derik Queen,Under,12.5,-137,2025-11-30,2025-11-29T20:54:49Z
DraftKings Pick6,player_points,Jose Alvarado,Over,9.5,-137,2025-11-30,2025-11-29T20:54:49Z
DraftKings Pick6,player_points,Jose Alvarado,Under,9.5,-137,2025-11-30,2025-11-29T20:54:49Z
DraftKings Pick6,player_points,Draymond Green,Over,9.5,-137,2025-11-30,2025-11-29T20:54:49Z
DraftKings Pick6,player_points,Draymond Green,Under,9.5,-137,2025-11-30,2025-11-29T20:54:49Z
DraftKings Pick6,player_points,Buddy Hield,Over,9.5,-137,2025-11-30,2025-11-29T20:54:49Z
DraftKings Pick6,player_points,Buddy Hield,Under,9.5,-137,2025-11-30,2025-11-29T20:54:49Z
DraftKings Pick6,player_points,Will Richard,Over,9.5,-137,2025-11-30,2025-11-29T20:54:49Z
DraftKings Pick6,player_points,Will Richard,Under,9.5,-137,2025-11-30,2025-11-29T20:54:49Z
DraftKings Pick6,player_points,Devin Booker,Over,26.5,-137,2025-11-30,2025-11-29T20:55:01Z
DraftKings Pick6,player_points,Devin Booker,Under,26.5,-137,2025-11-30,2025-11-29T20:55:01Z
DraftKings Pick6,player_points,Jamal Murray,Over,24.5,-137,2025-11-30,2025-11-29T20:55:01Z
DraftKings Pick6,player_points,Jamal Murray,Under,24.5,-137,2025-11-30,2025-11-29T20:55:01Z
DraftKings Pick6,player_points,Dillon Brooks,Over,19.5,-137,2025-11-30,2025-11-29T20:55:01Z
DraftKings Pick6,player_points,Dillon Brooks,Under,19.5,-137,2025-11-30,2025-11-29T20:55:01Z
DraftKings Pick6,player_points,Collin Gillespie,Over,14.5,-137,2025-11-30,2025-11-29T20:55:01Z
DraftKings Pick6,player_points,Collin Gillespie,Under,14.5,-137,2025-11-30,2025-11-29T20:55:01Z
DraftKings Pick6,player_points,Cameron Johnson,Over,14.5,-137,2025-11-30,2025-11-29T20:55:01Z
DraftKings Pick6,player_points,Cameron Johnson,Under,14.5,-137,2025-11-30,2025-11-29T20:55:01Z
DraftKings Pick6,player_points,Royce O'Neale,Over,11.5,-137,2025-11-30,2025-11-29T20:55:01Z
DraftKings Pick6,player_points,Royce O'Neale,Under,11.5,-137,2025-11-30,2025-11-29T20:55:01Z
DraftKings Pick6,player_points,Oso Ighodaro,Over,6.5,-137,2025-11-30,2025-11-29T20:55:01Z
DraftKings Pick6,player_points,Oso Ighodaro,Under,6.5,-137,2025-11-30,2025-11-29T20:55:01Z
DraftKings Pick6,player_points,James Harden,Over,26.5,-137,2025-11-30,2025-11-29T20:54:53Z
DraftKings Pick6,player_points,James Harden,Under,26.5,-137,2025-11-30,2025-11-29T20:54:53Z
DraftKings Pick6,player_points,Kawhi Leonard,Over,21.5,-137,2025-11-30,2025-11-29T20:54:53Z
DraftKings Pick6,player_points,Kawhi Leonard,Under,21.5,-137,2025-11-30,2025-11-29T20:54:53Z
DraftKings Pick6,player_points,Ivica Zubac,Over,18.5,-137,2025-11-30,2025-11-29T20:54:53Z
DraftKings Pick6,player_points,Ivica Zubac,Under,18.5,-137,2025-11-30,2025-11-29T20:54:53Z
DraftKings Pick6,player_points,P.J. Washington,Over,17.5,-137,2025-11-30,2025-11-29T20:54:53Z
DraftKings Pick6,player_points,P.J. Washington,Under,17.5,-137,2025-11-30,2025-11-29T20:54:53Z
DraftKings Pick6,player_points,Cooper Flagg,Over,16.5,-137,2025-11-30,2025-11-29T20:54:53Z
DraftKings Pick6,player_points,Cooper Flagg,Under,16.5,-137,2025-11-30,2025-11-29T20:54:53Z
DraftKings Pick6,player_points,Max Christie,Over,11.5,-137,2025-11-30,2025-11-29T20:54:53Z
DraftKings Pick6,player_points,Max Christie,Under,11.5,-137,2025-11-30,2025-11-29T20:54:53Z
DraftKings Pick6,player_points,Brandon Williams,Over,11.5,-137,2025-11-30,2025-11-29T20:54:53Z
DraftKings Pick6,player_points,Brandon Williams,Under,11.5,-137,2025-11-30,2025-11-29T20:54:53Z
DraftKings Pick6,player_points,Kris Dunn,Over,8.5,-137,2025-11-30,2025-11-29T20:54:53Z
DraftKings Pick6,player_points,Kris Dunn,Under,8.5,-137,2025-11-30,2025-11-29T20:54:53Z
DraftKings Pick6,player_points,Ivica Zubac,Over,19.5,-137,2025-11-30,2025-11-29T20:54:53Z
Underdog,player_rebounds,Anthony Edwards,Over,5.5,-137,2025-11-29,2025-11-29T20:54:13Z
Underdog,player_rebounds,Anthony Edwards,Under,5.5,-137,2025-11-29,2025-11-29T20:54:13Z
Underdog,player_rebounds,Jaylen Brown,Over,5.5,-137,2025-11-29,2025-11-29T20:54:13Z
Underdog,player_rebounds,Jaylen Brown,Under,5.5,-137,2025-11-29,2025-11-29T20:54:13Z
Underdog,player_rebounds,Mike Conley,Over,1.5,-137,2025-11-29,2025-11-29T20:54:13Z
Underdog,player_rebounds,Mike Conley,Under,1.5,-137,2025-11-29,2025-11-29T20:54:13Z
Underdog,player_rebounds,Naz Reid,Over,5.5,-137,2025-11-29,2025-11-29T20:54:13Z
Underdog,player_rebounds,Naz Reid,Under,5.5,-137,2025-11-29,2025-11-29T20:54:13Z
Underdog,player_rebounds,Neemias Queta,Over,7.5,-137,2025-11-29,2025-11-29T20:54:13Z
Underdog,player_rebounds,Neemias Queta,Under,7.5,-137,2025-11-29,2025-11-29T20:54:13Z
Underdog,player_rebounds,Miles Bridges,Over,6.5,-137,2025-11-29,2025-11-29T20:53:38Z
Underdog,player_rebounds,Miles Bridges,Under,6.5,-137,2025-11-29,2025-11-29T20:53:38Z
Underdog,player_rebounds,Ryan Kalkbrenner,Over,6.5,-137,2025-11-29,2025-11-29T20:53:38Z
Underdog,player_rebounds,Ryan Kalkbrenner,Under,6.5,-137,2025-11-29,2025-11-29T20:53:38Z
Underdog,player_rebounds,Nikola Vucevic,Over,10.5,-137,2025-11-30,2025-11-29T20:54:39Z
Underdog,player_rebounds,Nikola Vucevic,Under,10.5,-137,2025-11-30,2025-11-29T20:54:39Z
Underdog,player_rebounds,Josh Giddey,Over,9.5,-137,2025-11-30,2025-11-29T20:54:39Z
Underdog,player_rebounds,Josh Giddey,Under,9.5,-137,2025-11-30,2025-11-29T20:54:39Z
Underdog,player_rebounds,Myles Turner,Over,6.5,-137,2025-11-30,2025-11-29T20:53:54Z
Underdog,player_rebounds,Myles Turner,Under,6.5,-137,2025-11-30,2025-11-29T20:53:54Z
Underdog,player_rebounds,Cade Cunningham,Over,6.5,-137,2025-11-30,2025-11-29T20:54:18Z
Underdog,player_rebounds,Cade Cunningham,Under,6.5,-137,2025-11-30,2025-11-29T20:54:18Z
Underdog,player_rebounds,Caris LeVert,Over,2.5,-137,2025-11-30,2025-11-29T20:54:18Z
Underdog,player_rebounds,Caris LeVert,Under,2.5,-137,2025-11-30,2025-11-29T20:54:18Z
Underdog,player_rebounds,Duncan Robinson,Over,2.5,-137,2025-11-30,2025-11-29T20:54:18Z
Underdog,player_rebounds,Duncan Robinson,Under,2.5,-137,2025-11-30,2025-11-29T20:54:18Z
Underdog,player_rebounds,Cameron Johnson,Over,4.5,-137,2025-11-30,2025-11-29T20:54:34Z
Underdog,player_rebounds,Cameron Johnson,Under,4.5,-137,2025-11-30,2025-11-29T20:54:34Z
Underdog,player_rebounds,Bruce Brown,Over,3.5,-137,2025-11-30,2025-11-29T20:54:34Z
Underdog,player_rebounds,Bruce Brown,Under,3.5,-137,2025-11-30,2025-11-29T20:54:34Z
Underdog,player_rebounds,James Harden,Over,5.5,-137,2025-11-30,2025-11-29T20:54:39Z
Underdog,player_rebounds,James Harden,Under,5.5,-137,2025-11-30,2025-11-29T20:54:39Z
Underdog,player_rebounds,Ivica Zubac,Over,11.5,-137,2025-11-30,2025-11-29T20:54:39Z
Underdog,player_rebounds,Ivica Zubac,Under,11.5,-137,2025-11-30,2025-11-29T20:54:39Z
Underdog,player_rebounds,John Collins,Over,5.5,-137,2025-11-30,2025-11-29T20:54:39Z
Underdog,player_rebounds,John Collins,Under,5.5,-137,2025-11-30,2025-11-29T20:54:39Z
PrizePicks,player_rebounds,Rudy Gobert,Over,11.0,-137,2025-11-29,2025-11-29T20:53:24Z
PrizePicks,player_rebounds,Rudy Gobert,Under,11.0,-137,2025-11-29,2025-11-29T20:53:24Z
PrizePicks,player_rebounds,Neemias Queta,Over,8.0,-137,2025-11-29,2025-11-29T20:53:24Z
PrizePicks,player_rebounds,Neemias Queta,Under,8.0,-137,2025-11-29,2025-11-29T20:53:24Z
PrizePicks,player_rebounds,Neemias Queta,Over,7.5,-137,2025-11-29,2025-11-29T20:53:24Z
PrizePicks,player_rebounds,Neemias Queta,Under,7.5,-137,2025-11-29,2025-11-29T20:53:24Z
PrizePicks,player_rebounds,Julius Randle,Over,7.0,-137,2025-11-29,2025-11-29T20:53:24Z
PrizePicks,player_rebounds,Julius Randle,Under,7.0,-137,2025-11-29,2025-11-29T20:53:24Z
PrizePicks,player_rebounds,Anthony Edwards,Over,5.5,-137,2025-11-29,2025-11-29T20:53:24Z
PrizePicks,player_rebounds,Anthony Edwards,Under,5.5,-137,2025-11-29,2025-11-29T20:53:24Z
PrizePicks,player_rebounds,Jaylen Brown,Over,5.5,-137,2025-11-29,2025-11-29T20:53:24Z
PrizePicks,player_rebounds,Jaylen Brown,Under,5.5,-137,2025-11-29,2025-11-29T20:53:24Z
PrizePicks,player_rebounds,Naz Reid,Over,5.5,-137,2025-11-29,2025-11-29T20:53:24Z
PrizePicks,player_rebounds,Naz Reid,Under,5.5,-137,2025-11-29,2025-11-29T20:53:24Z
PrizePicks,player_rebounds,Jaden McDaniels,Over,5.0,-137,2025-11-29,2025-11-29T20:53:24Z
PrizePicks,player_rebounds,Jaden McDaniels,Under,5.0,-137,2025-11-29,2025-11-29T20:53:24Z
PrizePicks,player_rebounds,Jordan Walsh,Over,5.0,-137,2025-11-29,2025-11-29T20:53:24Z
PrizePicks,player_rebounds,Jordan Walsh,Under,5.0,-137,2025-11-29,2025-11-29T20:53:24Z
PrizePicks,player_rebounds,Derrick White,Over,4.0,-137,2025-11-29,2025-11-29T20:53:24Z
PrizePicks,player_rebounds,Derrick White,Under,4.0,-137,2025-11-29,2025-11-29T20:53:24Z
PrizePicks,player_rebounds,Payton Pritchard,Over,4.0,-137,2025-11-29,2025-11-29T20:53:24Z
PrizePicks,player_rebounds,Payton Pritchard,Under,4.0,-137,2025-11-29,2025-11-29T20:53:24Z
PrizePicks,player_rebounds,Donte DiVincenzo,Over,4.0,-137,2025-11-29,2025-11-29T20:53:24Z
PrizePicks,player_rebounds,Donte DiVincenzo,Under,4.0,-137,2025-11-29,2025-11-29T20:53:24Z
PrizePicks,player_rebounds,Mike Conley,Over,1.5,-137,2025-11-29,2025-11-29T20:53:24Z
PrizePicks,player_rebounds,Mike Conley,Under,1.5,-137,2025-11-29,2025-11-29T20:53:24Z
PrizePicks,player_rebounds,Jakob Poeltl,Over,9.0,-137,2025-11-29,2025-11-29T20:53:43Z
PrizePicks,player_rebounds,Jakob Poeltl,Under,9.0,-137,2025-11-29,2025-11-29T20:53:43Z
PrizePicks,player_rebounds,Scottie Barnes,Over,8.0,-137,2025-11-29,2025-11-29T20:53:43Z
PrizePicks,player_rebounds,Scottie Barnes,Under,8.0,-137,2025-11-29,2025-11-29T20:53:43Z
PrizePicks,player_rebounds,Miles Bridges,Over,6.5,-137,2025-11-29,2025-11-29T20:53:43Z
PrizePicks,player_rebounds,Miles Bridges,Under,6.5,-137,2025-11-29,2025-11-29T20:53:43Z
PrizePicks,player_rebounds,Ryan Kalkbrenner,Over,6.5,-137,2025-11-29,2025-11-29T20:53:43Z
PrizePicks,player_rebounds,Ryan Kalkbrenner,Under,6.5,-137,2025-11-29,2025-11-29T20:53:43Z
PrizePicks,player_rebounds,Moussa Diabate,Over,6.5,-137,2025-11-29,2025-11-29T20:53:43Z
PrizePicks,player_rebounds,Moussa Diabate,Under,6.5,-137,2025-11-29,2025-11-29T20:53:43Z
PrizePicks,player_rebounds,Kon Knueppel,Over,5.5,-137,2025-11-29,2025-11-29T20:53:43Z
PrizePicks,player_rebounds,Kon Knueppel,Under,5.5,-137,2025-11-29,2025-11-29T20:53:43Z
PrizePicks,player_rebounds,Brandon Ingram,Over,5.5,-137,2025-11-29,2025-11-29T20:53:43Z
PrizePicks,player_rebounds,Brandon Ingram,Under,5.5,-137,2025-11-29,2025-11-29T20:53:43Z
PrizePicks,player_rebounds,Sandro Mamukelashvili,Over,5.0,-137,2025-11-29,2025-11-29T20:53:43Z
PrizePicks,player_rebounds,Sandro Mamukelashvili,Under,5.0,-137,2025-11-29,2025-11-29T20:53:43Z
PrizePicks,player_rebounds,LaMelo Ball,Over,5.0,-137,2025-11-29,2025-11-29T20:53:43Z
PrizePicks,player_rebounds,LaMelo Ball,Under,5.0,-137,2025-11-29,2025-11-29T20:53:43Z
PrizePicks,player_rebounds,Immanuel Quickley,Over,4.0,-137,2025-11-29,2025-11-29T20:53:43Z
PrizePicks,player_rebounds,Immanuel Quickley,Under,4.0,-137,2025-11-29,2025-11-29T20:53:43Z
PrizePicks,player_rebounds,Brandon Miller,Over,3.5,-137,2025-11-29,2025-11-29T20:53:43Z
PrizePicks,player_rebounds,Brandon Miller,Under,3.5,-137,2025-11-29,2025-11-29T20:53:43Z
PrizePicks,player_rebounds,Nikola Vucevic,Over,10.5,-137,2025-11-30,2025-11-29T20:53:55Z
PrizePicks,player_rebounds,Nikola Vucevic,Under,10.5,-137,2025-11-30,2025-11-29T20:53:55Z
PrizePicks,player_rebounds,Nikola Vucevic,Over,10.0,-137,2025-11-30,2025-11-29T20:53:55Z
PrizePicks,player_rebounds,Nikola Vucevic,Under,10.0,-137,2025-11-30,2025-11-29T20:53:55Z
PrizePicks,player_rebounds,Josh Giddey,Over,9.5,-137,2025-11-30,2025-11-29T20:53:55Z
PrizePicks,player_rebounds,Josh Giddey,Under,9.5,-137,2025-11-30,2025-11-29T20:53:55Z
PrizePicks,player_rebounds,Pascal Siakam,Over,7.0,-137,2025-11-30,2025-11-29T20:53:55Z
PrizePicks,player_rebounds,Pascal Siakam,Under,7.0,-137,2025-11-30,2025-11-29T20:53:55Z
PrizePicks,player_rebounds,Bennedict Mathurin,Over,6.0,-137,2025-11-30,2025-11-29T20:53:55Z
PrizePicks,player_rebounds,Bennedict Mathurin,Under,6.0,-137,2025-11-30,2025-11-29T20:53:55Z
PrizePicks,player_rebounds,Ben Sheppard,Over,5.0,-137,2025-11-30,2025-11-29T20:53:55Z
PrizePicks,player_rebounds,Ben Sheppard,Under,5.0,-137,2025-11-30,2025-11-29T20:53:55Z
PrizePicks,player_rebounds,Andrew Nembhard,Over,2.5,-137,2025-11-30,2025-11-29T20:53:55Z
PrizePicks,player_rebounds,Andrew Nembhard,Under,2.5,-137,2025-11-30,2025-11-29T20:53:55Z
PrizePicks,player_rebounds,Giannis Antetokounmpo,Over,10.5,-137,2025-11-30,2025-11-29T20:54:01Z
PrizePicks,player_rebounds,Giannis Antetokounmpo,Under,10.5,-137,2025-11-30,2025-11-29T20:54:01Z
PrizePicks,player_rebounds,Myles Turner,Over,6.5,-137,2025-11-30,2025-11-29T20:54:01Z
PrizePicks,player_rebounds,Myles Turner,Under,6.5,-137,2025-11-30,2025-11-29T20:54:01Z
PrizePicks,player_rebounds,Bobby Portis,Over,5.5,-137,2025-11-30,2025-11-29T20:54:01Z
PrizePicks,player_rebounds,Bobby Portis,Under,5.5,-137,2025-11-30,2025-11-29T20:54:01Z
PrizePicks,player_rebounds,Noah Clowney,Over,5.0,-137,2025-11-30,2025-11-29T20:54:01Z
PrizePicks,player_rebounds,Noah Clowney,Under,5.0,-137,2025-11-30,2025-11-29T20:54:01Z
PrizePicks,player_rebounds,Kyle Kuzma,Over,4.5,-137,2025-11-30,2025-11-29T20:54:01Z
PrizePicks,player_rebounds,Kyle Kuzma,Under,4.5,-137,2025-11-30,2025-11-29T20:54:01Z
PrizePicks,player_rebounds,Ryan Rollins,Over,4.0,-137,2025-11-30,2025-11-29T20:54:01Z
PrizePicks,player_rebounds,Ryan Rollins,Under,4.0,-137,2025-11-30,2025-11-29T20:54:01Z
PrizePicks,player_rebounds,Kel'el Ware,Over,10.0,-137,2025-11-30,2025-11-29T20:53:45Z
PrizePicks,player_rebounds,Kel'el Ware,Under,10.0,-137,2025-11-30,2025-11-29T20:53:45Z
PrizePicks,player_rebounds,Bam Adebayo,Over,9.0,-137,2025-11-30,2025-11-29T20:53:45Z
PrizePicks,player_rebounds,Bam Adebayo,Under,9.0,-137,2025-11-30,2025-11-29T20:53:45Z
PrizePicks,player_rebounds,Cade Cunningham,Over,6.5,-137,2025-11-30,2025-11-29T20:53:45Z
PrizePicks,player_rebounds,Cade Cunningham,Under,6.5,-137,2025-11-30,2025-11-29T20:53:45Z
PrizePicks,player_rebounds,Ausar Thompson,Over,6.0,-137,2025-11-30,2025-11-29T20:53:45Z
PrizePicks,player_rebounds,Ausar Thompson,Under,6.0,-137,2025-11-30,2025-11-29T20:53:45Z
PrizePicks,player_rebounds,Tobias Harris,Over,5.5,-137,2025-11-30,2025-11-29T20:53:45Z
PrizePicks,player_rebounds,Tobias Harris,Under,5.5,-137,2025-11-30,2025-11-29T20:53:45Z
PrizePicks,player_rebounds,Tobias Harris,Over,5.5,-137,2025-11-30,2025-11-29T20:53:45Z
PrizePicks,player_rebounds,Tobias Harris,Under,5.5,-137,2025-11-30,2025-11-29T20:53:45Z
PrizePicks,player_rebounds,Andrew Wiggins,Over,4.0,-137,2025-11-30,2025-11-29T20:53:45Z
PrizePicks,player_rebounds,Andrew Wiggins,Under,4.0,-137,2025-11-30,2025-11-29T20:53:45Z
PrizePicks,player_rebounds,Caris LeVert,Over,2.5,-137,2025-11-30,2025-11-29T20:53:45Z
PrizePicks,player_rebounds,Caris LeVert,Under,2.5,-137,2025-11-30,2025-11-29T20:53:45Z
PrizePicks,player_rebounds,Duncan Robinson,Over,2.5,-137,2025-11-30,2025-11-29T20:53:45Z
PrizePicks,player_rebounds,Duncan Robinson,Under,2.5,-137,2025-11-30,2025-11-29T20:53:45Z
PrizePicks,player_rebounds,Davion Mitchell,Over,2.5,-137,2025-11-30,2025-11-29T20:53:45Z
PrizePicks,player_rebounds,Davion Mitchell,Under,2.5,-137,2025-11-30,2025-11-29T20:53:45Z
PrizePicks,player_rebounds,Draymond Green,Over,7.0,-137,2025-11-30,2025-11-29T20:53:59Z
PrizePicks,player_rebounds,Draymond Green,Under,7.0,-137,2025-11-30,2025-11-29T20:53:59Z
PrizePicks,player_rebounds,Derik Queen,Over,7.0,-137,2025-11-30,2025-11-29T20:53:59Z
PrizePicks,player_rebounds,Derik Queen,Under,7.0,-137,2025-11-30,2025-11-29T20:53:59Z
PrizePicks,player_rebounds,Yves Missi,Over,6.0,-137,2025-11-30,2025-11-29T20:53:59Z
PrizePicks,player_rebounds,Yves Missi,Under,6.0,-137,2025-11-30,2025-11-29T20:53:59Z
PrizePicks,player_rebounds,Jimmy Butler,Over,6.0,-137,2025-11-30,2025-11-29T20:53:59Z
PrizePicks,player_rebounds,Jimmy Butler,Under,6.0,-137,2025-11-30,2025-11-29T20:53:59Z
PrizePicks,player_rebounds,Zion Williamson,Over,6.0,-137,2025-11-30,2025-11-29T20:53:59Z
PrizePicks,player_rebounds,Zion Williamson,Under,6.0,-137,2025-11-30,2025-11-29T20:53:59Z
PrizePicks,player_rebounds,Saddiq Bey,Over,6.0,-137,2025-11-30,2025-11-29T20:53:59Z
PrizePicks,player_rebounds,Saddiq Bey,Under,6.0,-137,2025-11-30,2025-11-29T20:53:59Z
PrizePicks,player_rebounds,Trey Murphy III,Over,5.5,-137,2025-11-30,2025-11-29T20:53:59Z
PrizePicks,player_rebounds,Trey Murphy III,Under,5.5,-137,2025-11-30,2025-11-29T20:53:59Z
PrizePicks,player_rebounds,Brandin Podziemski,Over,5.0,-137,2025-11-30,2025-11-29T20:53:59Z
PrizePicks,player_rebounds,Brandin Podziemski,Under,5.0,-137,2025-11-30,2025-11-29T20:53:59Z
PrizePicks,player_rebounds,Moses Moody,Over,4.0,-137,2025-11-30,2025-11-29T20:53:59Z
PrizePicks,player_rebounds,Moses Moody,Under,4.0,-137,2025-11-30,2025-11-29T20:53:59Z
PrizePicks,player_rebounds,Quinten Post,Over,4.0,-137,2025-11-30,2025-11-29T20:53:59Z
PrizePicks,player_rebounds,Quinten Post,Under,4.0,-137,2025-11-30,2025-11-29T20:53:59Z
PrizePicks,player_rebounds,Nikola Jokic,Over,12.5,-137,2025-11-30,2025-11-29T20:53:35Z
PrizePicks,player_rebounds,Nikola Jokic,Under,12.5,-137,2025-11-30,2025-11-29T20:53:35Z
PrizePicks,player_rebounds,Royce O'Neale,Over,5.0,-137,2025-11-30,2025-11-29T20:53:35Z
PrizePicks,player_rebounds,Royce O'Neale,Under,5.0,-137,2025-11-30,2025-11-29T20:53:35Z
PrizePicks,player_rebounds,Cameron Johnson,Over,4.5,-137,2025-11-30,2025-11-29T20:53:35Z
PrizePicks,player_rebounds,Cameron Johnson,Under,4.5,-137,2025-11-30,2025-11-29T20:53:35Z
PrizePicks,player_rebounds,Jamal Murray,Over,4.0,-137,2025-11-30,2025-11-29T20:53:35Z
PrizePicks,player_rebounds,Jamal Murray,Under,4.0,-137,2025-11-30,2025-11-29T20:53:35Z
PrizePicks,player_rebounds,Collin Gillespie,Over,4.0,-137,2025-11-30,2025-11-29T20:53:35Z
PrizePicks,player_rebounds,Collin Gillespie,Under,4.0,-137,2025-11-30,2025-11-29T20:53:35Z
PrizePicks,player_rebounds,Devin Booker,Over,4.0,-137,2025-11-30,2025-11-29T20:53:35Z
PrizePicks,player_rebounds,Devin Booker,Under,4.0,-137,2025-11-30,2025-11-29T20:53:35Z
PrizePicks,player_rebounds,Oso Ighodaro,Over,4.0,-137,2025-11-30,2025-11-29T20:53:35Z
PrizePicks,player_rebounds,Oso Ighodaro,Under,4.0,-137,2025-11-30,2025-11-29T20:53:35Z
PrizePicks,player_rebounds,Bruce Brown,Over,3.5,-137,2025-11-30,2025-11-29T20:53:35Z
PrizePicks,player_rebounds,Bruce Brown,Under,3.5,-137,2025-11-30,2025-11-29T20:53:35Z
PrizePicks,player_rebounds,Ivica Zubac,Over,11.5,-137,2025-11-30,2025-11-29T20:53:24Z
PrizePicks,player_rebounds,Ivica Zubac,Under,11.5,-137,2025-11-30,2025-11-29T20:53:24Z
PrizePicks,player_rebounds,P.J. Washington,Over,7.5,-137,2025-11-30,2025-11-29T20:53:24Z
PrizePicks,player_rebounds,P.J. Washington,Under,7.5,-137,2025-11-30,2025-11-29T20:53:24Z
PrizePicks,player_rebounds,Cooper Flagg,Over,6.5,-137,2025-11-30,2025-11-29T20:53:24Z
PrizePicks,player_rebounds,Cooper Flagg,Under,6.5,-137,2025-11-30,2025-11-29T20:53:24Z
PrizePicks,player_rebounds,John Collins,Over,5.5,-137,2025-11-30,2025-11-29T20:53:24Z
PrizePicks,player_rebounds,John Collins,Under,5.5,-137,2025-11-30,2025-11-29T20:53:24Z
PrizePicks,player_rebounds,James Harden,Over,5.5,-137,2025-11-30,2025-11-29T20:53:24Z
PrizePicks,player_rebounds,James Harden,Under,5.5,-137,2025-11-30,2025-11-29T20:53:24Z
PrizePicks,player_rebounds,Kawhi Leonard,Over,5.0,-137,2025-11-30,2025-11-29T20:53:24Z
PrizePicks,player_rebounds,Kawhi Leonard,Under,5.0,-137,2025-11-30,2025-11-29T20:53:24Z
PrizePicks,player_rebounds,Naji Marshall,Over,4.5,-137,2025-11-30,2025-11-29T20:53:24Z
PrizePicks,player_rebounds,Naji Marshall,Under,4.5,-137,2025-11-30,2025-11-29T20:53:24Z
Betr DFS,player_rebounds,Jaylen Brown,Over,5.5,-137,2025-11-29,2025-11-29T20:54:00Z
Betr DFS,player_rebounds,Jaylen Brown,Under,5.5,-137,2025-11-29,2025-11-29T20:54:00Z
Betr DFS,player_rebounds,Neemias Queta,Over,7.5,-137,2025-11-29,2025-11-29T20:54:00Z
Betr DFS,player_rebounds,Neemias Queta,Under,7.5,-137,2025-11-29,2025-11-29T20:54:00Z
Betr DFS,player_rebounds,Rudy Gobert,Over,11.5,-137,2025-11-29,2025-11-29T20:54:00Z
Betr DFS,player_rebounds,Rudy Gobert,Under,11.5,-137,2025-11-29,2025-11-29T20:54:00Z
Betr DFS,player_rebounds,Naz Reid,Over,5.5,-137,2025-11-29,2025-11-29T20:54:00Z
Betr DFS,player_rebounds,Naz Reid,Under,5.5,-137,2025-11-29,2025-11-29T20:54:00Z
Betr DFS,player_rebounds,Anthony Edwards,Over,5.5,-137,2025-11-29,2025-11-29T20:54:00Z
Betr DFS,player_rebounds,Anthony Edwards,Under,5.5,-137,2025-11-29,2025-11-29T20:54:00Z
Betr DFS,player_rebounds,Jaden McDaniels,Over,5.0,-137,2025-11-29,2025-11-29T20:54:00Z
Betr DFS,player_rebounds,Jaden McDaniels,Under,5.0,-137,2025-11-29,2025-11-29T20:54:00Z
Betr DFS,player_rebounds,Immanuel Quickley,Over,4.5,-137,2025-11-29,2025-11-29T20:54:21Z
Betr DFS,player_rebounds,Scottie Barnes,Over,8.5,-137,2025-11-29,2025-11-29T20:54:21Z
Betr DFS,player_rebounds,Brandon Ingram,Over,6.0,-137,2025-11-29,2025-11-29T20:54:21Z
Betr DFS,player_rebounds,Brandon Ingram,Under,6.0,-137,2025-11-29,2025-11-29T20:54:21Z
Betr DFS,player_rebounds,Moussa Diabate,Over,6.5,-137,2025-11-29,2025-11-29T20:54:21Z
Betr DFS,player_rebounds,Moussa Diabate,Under,6.5,-137,2025-11-29,2025-11-29T20:54:21Z
Betr DFS,player_rebounds,Brandon Miller,Over,3.5,-137,2025-11-29,2025-11-29T20:54:21Z
Betr DFS,player_rebounds,Brandon Miller,Under,3.5,-137,2025-11-29,2025-11-29T20:54:21Z
Betr DFS,player_rebounds,Kon Knueppel,Over,5.5,-137,2025-11-29,2025-11-29T20:54:21Z
Betr DFS,player_rebounds,Kon Knueppel,Under,5.5,-137,2025-11-29,2025-11-29T20:54:21Z
Betr DFS,player_rebounds,Ryan Kalkbrenner,Over,6.5,-137,2025-11-29,2025-11-29T20:54:21Z
Betr DFS,player_rebounds,Ryan Kalkbrenner,Under,6.5,-137,2025-11-29,2025-11-29T20:54:21Z
Betr DFS,player_rebounds,Nikola Vucevic,Over,10.5,-137,2025-11-30,2025-11-29T20:54:02Z
Betr DFS,player_rebounds,Nikola Vucevic,Under,10.5,-137,2025-11-30,2025-11-29T20:54:02Z
Betr DFS,player_rebounds,Coby White,Over,3.5,-137,2025-11-30,2025-11-29T20:54:02Z
Betr DFS,player_rebounds,Josh Giddey,Over,9.5,-137,2025-11-30,2025-11-29T20:54:02Z
Betr DFS,player_rebounds,Josh Giddey,Under,9.5,-137,2025-11-30,2025-11-29T20:54:02Z
Betr DFS,player_rebounds,Pascal Siakam,Over,7.5,-137,2025-11-30,2025-11-29T20:54:02Z
Betr DFS,player_rebounds,Nicolas Claxton,Over,8.5,-137,2025-11-30,2025-11-29T20:54:02Z
Betr DFS,player_rebounds,Nicolas Claxton,Under,8.5,-137,2025-11-30,2025-11-29T20:54:02Z
Betr DFS,player_rebounds,Kyle Kuzma,Over,4.5,-137,2025-11-30,2025-11-29T20:54:02Z
Betr DFS,player_rebounds,Kyle Kuzma,Under,4.5,-137,2025-11-30,2025-11-29T20:54:02Z
Betr DFS,player_rebounds,Myles Turner,Over,6.5,-137,2025-11-30,2025-11-29T20:54:02Z
Betr DFS,player_rebounds,Myles Turner,Under,6.5,-137,2025-11-30,2025-11-29T20:54:02Z
Betr DFS,player_rebounds,Giannis Antetokounmpo,Over,10.5,-137,2025-11-30,2025-11-29T20:54:02Z
Betr DFS,player_rebounds,Giannis Antetokounmpo,Under,10.5,-137,2025-11-30,2025-11-29T20:54:02Z
Betr DFS,player_rebounds,Bobby Portis,Over,5.5,-137,2025-11-30,2025-11-29T20:54:02Z
Betr DFS,player_rebounds,Bobby Portis,Under,5.5,-137,2025-11-30,2025-11-29T20:54:02Z
Betr DFS,player_rebounds,Tobias Harris,Over,5.5,-137,2025-11-30,2025-11-29T20:54:45Z
Betr DFS,player_rebounds,Isaiah Stewart II,Over,7.5,-137,2025-11-30,2025-11-29T20:54:45Z
Betr DFS,player_rebounds,Kel'el Ware,Over,10.0,-137,2025-11-30,2025-11-29T20:54:45Z
Betr DFS,player_rebounds,Kel'el Ware,Under,10.0,-137,2025-11-30,2025-11-29T20:54:45Z
Betr DFS,player_rebounds,Trey Murphy III,Over,5.5,-137,2025-11-30,2025-11-29T20:54:57Z
Betr DFS,player_rebounds,Trey Murphy III,Under,5.5,-137,2025-11-30,2025-11-29T20:54:57Z
Betr DFS,player_rebounds,Yves Missi,Over,6.5,-137,2025-11-30,2025-11-29T20:54:57Z
Betr DFS,player_rebounds,Jeremiah Fears,Over,3.5,-137,2025-11-30,2025-11-29T20:54:57Z
Betr DFS,player_rebounds,Jonathan Kuminga,Over,5.5,-137,2025-11-30,2025-11-29T20:54:57Z
Betr DFS,player_rebounds,Cameron Johnson,Over,4.5,-137,2025-11-30,2025-11-29T20:54:52Z
Betr DFS,player_rebounds,Cameron Johnson,Under,4.5,-137,2025-11-30,2025-11-29T20:54:52Z
Betr DFS,player_rebounds,Nikola Jokic,Over,12.5,-137,2025-11-30,2025-11-29T20:54:52Z
Betr DFS,player_rebounds,Nikola Jokic,Under,12.5,-137,2025-11-30,2025-11-29T20:54:52Z
Betr DFS,player_rebounds,Bruce Brown,Over,3.5,-137,2025-11-30,2025-11-29T20:54:52Z
Betr DFS,player_rebounds,Bruce Brown,Under,3.5,-137,2025-11-30,2025-11-29T20:54:52Z
Betr DFS,player_rebounds,Mark Williams,Over,8.5,-137,2025-11-30,2025-11-29T20:54:52Z
Betr DFS,player_rebounds,Mark Williams,Under,8.5,-137,2025-11-30,2025-11-29T20:54:52Z
Betr DFS,player_rebounds,Naji Marshall,Over,4.5,-137,2025-11-30,2025-11-29T20:54:52Z
Betr DFS,player_rebounds,Naji Marshall,Under,4.5,-137,2025-11-30,2025-11-29T20:54:52Z
Betr DFS,player_rebounds,Cooper Flagg,Over,6.5,-137,2025-11-30,2025-11-29T20:54:52Z
Betr DFS,player_rebounds,Cooper Flagg,Under,6.5,-137,2025-11-30,2025-11-29T20:54:52Z
Betr DFS,player_rebounds,John Collins,Over,5.5,-137,2025-11-30,2025-11-29T20:54:52Z
Betr DFS,player_rebounds,John Collins,Under,5.5,-137,2025-11-30,2025-11-29T20:54:52Z
Betr DFS,player_rebounds,Kawhi Leonard,Over,4.5,-137,2025-11-30,2025-11-29T20:54:52Z
Betr DFS,player_rebounds,Kawhi Leonard,Under,4.5,-137,2025-11-30,2025-11-29T20:54:52Z
Betr DFS,player_rebounds,Ivica Zubac,Over,11.5,-137,2025-11-30,2025-11-29T20:54:52Z
Betr DFS,player_rebounds,Ivica Zubac,Under,11.5,-137,2025-11-30,2025-11-29T20:54:52Z
DraftKings Pick6,player_rebounds,Anthony Edwards,Over,5.5,-137,2025-11-29,2025-11-29T20:53:36Z
DraftKings Pick6,player_rebounds,Anthony Edwards,Under,5.5,-137,2025-11-29,2025-11-29T20:53:36Z
DraftKings Pick6,player_rebounds,Miles Bridges,Over,6.5,-137,2025-11-29,2025-11-29T20:54:05Z
DraftKings Pick6,player_rebounds,Miles Bridges,Under,6.5,-137,2025-11-29,2025-11-29T20:54:05Z
DraftKings Pick6,player_rebounds,Ryan Kalkbrenner,Over,6.5,-137,2025-11-29,2025-11-29T20:54:05Z
DraftKings Pick6,player_rebounds,Ryan Kalkbrenner,Under,6.5,-137,2025-11-29,2025-11-29T20:54:05Z
DraftKings Pick6,player_rebounds,Brandon Miller,Over,3.5,-137,2025-11-29,2025-11-29T20:54:05Z
DraftKings Pick6,player_rebounds,Brandon Miller,Under,3.5,-137,2025-11-29,2025-11-29T20:54:05Z
DraftKings Pick6,player_rebounds,Ben Sheppard,Over,4.5,-137,2025-11-30,2025-11-29T20:54:03Z
DraftKings Pick6,player_rebounds,Ben Sheppard,Under,4.5,-137,2025-11-30,2025-11-29T20:54:03Z
DraftKings Pick6,player_rebounds,Pascal Siakam,Over,7.5,-137,2025-11-30,2025-11-29T20:54:03Z
DraftKings Pick6,player_rebounds,Giannis Antetokounmpo,Over,10.5,-137,2025-11-30,2025-11-29T20:53:48Z
DraftKings Pick6,player_rebounds,Giannis Antetokounmpo,Under,10.5,-137,2025-11-30,2025-11-29T20:53:48Z
DraftKings Pick6,player_rebounds,Nicolas Claxton,Over,8.5,-137,2025-11-30,2025-11-29T20:53:48Z
DraftKings Pick6,player_rebounds,Nicolas Claxton,Under,8.5,-137,2025-11-30,2025-11-29T20:53:48Z
DraftKings Pick6,player_rebounds,Myles Turner,Over,6.5,-137,2025-11-30,2025-11-29T20:53:48Z
DraftKings Pick6,player_rebounds,Myles Turner,Under,6.5,-137,2025-11-30,2025-11-29T20:53:48Z
DraftKings Pick6,player_rebounds,Bobby Portis,Over,5.5,-137,2025-11-30,2025-11-29T20:53:48Z
DraftKings Pick6,player_rebounds,Bobby Portis,Under,5.5,-137,2025-11-30,2025-11-29T20:53:48Z
DraftKings Pick6,player_rebounds,Kyle Kuzma,Over,4.5,-137,2025-11-30,2025-11-29T20:53:48Z
DraftKings Pick6,player_rebounds,Kyle Kuzma,Under,4.5,-137,2025-11-30,2025-11-29T20:53:48Z
DraftKings Pick6,player_rebounds,Davion Mitchell,Over,2.5,-137,2025-11-30,2025-11-29T20:54:43Z
DraftKings Pick6,player_rebounds,Davion Mitchell,Under,2.5,-137,2025-11-30,2025-11-29T20:54:43Z
DraftKings Pick6,player_rebounds,Duncan Robinson,Over,2.5,-137,2025-11-30,2025-11-29T20:54:43Z
DraftKings Pick6,player_rebounds,Duncan Robinson,Under,2.5,-137,2025-11-30,2025-11-29T20:54:43Z
DraftKings Pick6,player_rebounds,Derik Queen,Over,7.5,-137,2025-11-30,2025-11-29T20:54:49Z
DraftKings Pick6,player_rebounds,Cameron Johnson,Over,4.5,-137,2025-11-30,2025-11-29T20:55:01Z
DraftKings Pick6,player_rebounds,Cameron Johnson,Under,4.5,-137,2025-11-30,2025-11-29T20:55:01Z
DraftKings Pick6,player_rebounds,Ivica Zubac,Over,11.5,-137,2025-11-30,2025-11-29T20:54:53Z
DraftKings Pick6,player_rebounds,Ivica Zubac,Under,11.5,-137,2025-11-30,2025-11-29T20:54:53Z
DraftKings Pick6,player_rebounds,P.J. Washington,Over,7.5,-137,2025-11-30,2025-11-29T20:54:53Z
DraftKings Pick6,player_rebounds,P.J. Washington,Under,7.5,-137,2025-11-30,2025-11-29T20:54:53Z
DraftKings Pick6,player_rebounds,Cooper Flagg,Over,6.5,-137,2025-11-30,2025-11-29T20:54:53Z
DraftKings Pick6,player_rebounds,Cooper Flagg,Under,6.5,-137,2025-11-30,2025-11-29T20:54:53Z
DraftKings Pick6,player_rebounds,John Collins,Over,5.5,-137,2025-11-30,2025-11-29T20:54:53Z
DraftKings Pick6,player_rebounds,John Collins,Under,5.5,-137,2025-11-30,2025-11-29T20:54:53Z
Underdog,player_assists,Anfernee Simons,Over,2.5,-137,2025-11-29,2025-11-29T20:54:13Z
Underdog,player_assists,Anfernee Simons,Under,2.5,-137,2025-11-29,2025-11-29T20:54:13Z
Underdog,player_assists,Derrick White,Over,4.5,-137,2025-11-29,2025-11-29T20:54:13Z
Underdog,player_assists,Derrick White,Under,4.5,-137,2025-11-29,2025-11-29T20:54:13Z
Underdog,player_assists,Donte DiVincenzo,Over,3.5,-137,2025-11-29,2025-11-29T20:54:13Z
Underdog,player_assists,Donte DiVincenzo,Under,3.5,-137,2025-11-29,2025-11-29T20:54:13Z
Underdog,player_assists,Mike Conley,Over,2.5,-137,2025-11-29,2025-11-29T20:54:13Z
Underdog,player_assists,Mike Conley,Under,2.5,-137,2025-11-29,2025-11-29T20:54:13Z
Underdog,player_assists,Payton Pritchard,Over,4.5,-137,2025-11-29,2025-11-29T20:54:13Z
Underdog,player_assists,Payton Pritchard,Under,4.5,-137,2025-11-29,2025-11-29T20:54:13Z
Underdog,player_assists,Neemias Queta,Over,1.5,-137,2025-11-29,2025-11-29T20:54:13Z
Underdog,player_assists,Neemias Queta,Under,1.5,-137,2025-11-29,2025-11-29T20:54:13Z
Underdog,player_assists,Jamal Shead,Over,5.5,-137,2025-11-29,2025-11-29T20:53:38Z
Underdog,player_assists,Jamal Shead,Under,5.5,-137,2025-11-29,2025-11-29T20:53:38Z
Underdog,player_assists,Ja'Kobe Walter,Over,1.5,-137,2025-11-29,2025-11-29T20:53:38Z
Underdog,player_assists,Ja'Kobe Walter,Under,1.5,-137,2025-11-29,2025-11-29T20:53:38Z
Underdog,player_assists,Sandro Mamukelashvili,Over,1.5,-137,2025-11-29,2025-11-29T20:53:38Z
Underdog,player_assists,Sandro Mamukelashvili,Under,1.5,-137,2025-11-29,2025-11-29T20:53:38Z
Underdog,player_assists,Giannis Antetokounmpo,Over,6.5,-137,2025-11-30,2025-11-29T20:53:54Z
Underdog,player_assists,Giannis Antetokounmpo,Under,6.5,-137,2025-11-30,2025-11-29T20:53:54Z
Underdog,player_assists,Nicolas Claxton,Over,3.5,-137,2025-11-30,2025-11-29T20:53:54Z
Underdog,player_assists,Nicolas Claxton,Under,3.5,-137,2025-11-30,2025-11-29T20:53:54Z
Underdog,player_assists,Cade Cunningham,Over,9.5,-137,2025-11-30,2025-11-29T20:54:18Z
Underdog,player_assists,Cade Cunningham,Under,9.5,-137,2025-11-30,2025-11-29T20:54:18Z
Underdog,player_assists,Jaden Ivey,Over,1.5,-137,2025-11-30,2025-11-29T20:54:18Z
Underdog,player_assists,Jaden Ivey,Under,1.5,-137,2025-11-30,2025-11-29T20:54:18Z
Underdog,player_assists,Buddy Hield,Over,1.5,-137,2025-11-30,2025-11-29T20:54:13Z
Underdog,player_assists,Buddy Hield,Under,1.5,-137,2025-11-30,2025-11-29T20:54:13Z
Underdog,player_assists,Jeremiah Fears,Over,2.5,-137,2025-11-30,2025-11-29T20:54:13Z
Underdog,player_assists,Jeremiah Fears,Under,2.5,-137,2025-11-30,2025-11-29T20:54:13Z
Underdog,player_assists,Cameron Johnson,Over,2.5,-137,2025-11-30,2025-11-29T20:54:34Z
Underdog,player_assists,Cameron Johnson,Under,2.5,-137,2025-11-30,2025-11-29T20:54:34Z
Underdog,player_assists,Tim Hardaway Jr,Over,1.5,-137,2025-11-30,2025-11-29T20:54:34Z
Underdog,player_assists,Tim Hardaway Jr,Under,1.5,-137,2025-11-30,2025-11-29T20:54:34Z
Underdog,player_assists,James Harden,Over,8.5,-137,2025-11-30,2025-11-29T20:54:39Z
Underdog,player_assists,James Harden,Under,8.5,-137,2025-11-30,2025-11-29T20:54:39Z
PrizePicks,player_assists,Derrick White,Over,5.0,-137,2025-11-29,2025-11-29T20:53:24Z
PrizePicks,player_assists,Derrick White,Under,5.0,-137,2025-11-29,2025-11-29T20:53:24Z
PrizePicks,player_assists,Julius Randle,Over,5.0,-137,2025-11-29,2025-11-29T20:53:24Z
PrizePicks,player_assists,Julius Randle,Under,5.0,-137,2025-11-29,2025-11-29T20:53:24Z
PrizePicks,player_assists,Derrick White,Over,5.0,-137,2025-11-29,2025-11-29T20:53:24Z
PrizePicks,player_assists,Derrick White,Under,5.0,-137,2025-11-29,2025-11-29T20:53:24Z
PrizePicks,player_assists,Payton Pritchard,Over,4.5,-137,2025-11-29,2025-11-29T20:53:24Z
PrizePicks,player_assists,Payton Pritchard,Under,4.5,-137,2025-11-29,2025-11-29T20:53:24Z
PrizePicks,player_assists,Payton Pritchard,Over,4.5,-137,2025-11-29,2025-11-29T20:53:24Z
PrizePicks,player_assists,Payton Pritchard,Under,4.5,-137,2025-11-29,2025-11-29T20:53:24Z
PrizePicks,player_assists,Jaylen Brown,Over,4.0,-137,2025-11-29,2025-11-29T20:53:24Z
PrizePicks,player_assists,Jaylen Brown,Under,4.0,-137,2025-11-29,2025-11-29T20:53:24Z
PrizePicks,player_assists,Anthony Edwards,Over,4.0,-137,2025-11-29,2025-11-29T20:53:24Z
PrizePicks,player_assists,Anthony Edwards,Under,4.0,-137,2025-11-29,2025-11-29T20:53:24Z
PrizePicks,player_assists,Donte DiVincenzo,Over,3.5,-137,2025-11-29,2025-11-29T20:53:24Z
PrizePicks,player_assists,Donte DiVincenzo,Under,3.5,-137,2025-11-29,2025-11-29T20:53:24Z
PrizePicks,player_assists,Mike Conley,Over,2.5,-137,2025-11-29,2025-11-29T20:53:24Z
PrizePicks,player_assists,Mike Conley,Under,2.5,-137,2025-11-29,2025-11-29T20:53:24Z
PrizePicks,player_assists,Rudy Gobert,Over,1.5,-137,2025-11-29,2025-11-29T20:53:24Z
PrizePicks,player_assists,Rudy Gobert,Under,1.5,-137,2025-11-29,2025-11-29T20:53:24Z
PrizePicks,player_assists,LaMelo Ball,Over,7.0,-137,2025-11-29,2025-11-29T20:53:43Z
PrizePicks,player_assists,LaMelo Ball,Under,7.0,-137,2025-11-29,2025-11-29T20:53:43Z
PrizePicks,player_assists,Jamal Shead,Over,5.5,-137,2025-11-29,2025-11-29T20:53:43Z
PrizePicks,player_assists,Jamal Shead,Under,5.5,-137,2025-11-29,2025-11-29T20:53:43Z
PrizePicks,player_assists,Scottie Barnes,Over,5.0,-137,2025-11-29,2025-11-29T20:53:43Z
PrizePicks,player_assists,Scottie Barnes,Under,5.0,-137,2025-11-29,2025-11-29T20:53:43Z
PrizePicks,player_assists,Collin Sexton,Over,3.5,-137,2025-11-29,2025-11-29T20:53:43Z
PrizePicks,player_assists,Collin Sexton,Under,3.5,-137,2025-11-29,2025-11-29T20:53:43Z
PrizePicks,player_assists,Sandro Mamukelashvili,Over,1.5,-137,2025-11-29,2025-11-29T20:53:43Z
PrizePicks,player_assists,Sandro Mamukelashvili,Under,1.5,-137,2025-11-29,2025-11-29T20:53:43Z
PrizePicks,player_assists,Ryan Kalkbrenner,Over,0.5,-137,2025-11-29,2025-11-29T20:53:43Z
PrizePicks,player_assists,Ryan Kalkbrenner,Under,0.5,-137,2025-11-29,2025-11-29T20:53:43Z
PrizePicks,player_assists,Pascal Siakam,Over,4.5,-137,2025-11-30,2025-11-29T20:53:55Z
PrizePicks,player_assists,Pascal Siakam,Under,4.5,-137,2025-11-30,2025-11-29T20:53:55Z
PrizePicks,player_assists,Kevin Huerter,Over,2.5,-137,2025-11-30,2025-11-29T20:53:55Z
PrizePicks,player_assists,Kevin Huerter,Under,2.5,-137,2025-11-30,2025-11-29T20:53:55Z
PrizePicks,player_assists,Giannis Antetokounmpo,Over,6.5,-137,2025-11-30,2025-11-29T20:54:01Z
PrizePicks,player_assists,Giannis Antetokounmpo,Under,6.5,-137,2025-11-30,2025-11-29T20:54:01Z
PrizePicks,player_assists,Ryan Rollins,Over,6.0,-137,2025-11-30,2025-11-29T20:54:01Z
PrizePicks,player_assists,Ryan Rollins,Under,6.0,-137,2025-11-30,2025-11-29T20:54:01Z
PrizePicks,player_assists,Nicolas Claxton,Over,3.5,-137,2025-11-30,2025-11-29T20:54:01Z
PrizePicks,player_assists,Nicolas Claxton,Under,3.5,-137,2025-11-30,2025-11-29T20:54:01Z
PrizePicks,player_assists,Tyrese Martin,Over,3.5,-137,2025-11-30,2025-11-29T20:54:01Z
PrizePicks,player_assists,Tyrese Martin,Under,3.5,-137,2025-11-30,2025-11-29T20:54:01Z
PrizePicks,player_assists,Noah Clowney,Over,1.5,-137,2025-11-30,2025-11-29T20:54:01Z
PrizePicks,player_assists,Noah Clowney,Under,1.5,-137,2025-11-30,2025-11-29T20:54:01Z
PrizePicks,player_assists,Cade Cunningham,Over,9.5,-137,2025-11-30,2025-11-29T20:53:45Z
PrizePicks,player_assists,Cade Cunningham,Under,9.5,-137,2025-11-30,2025-11-29T20:53:45Z
PrizePicks,player_assists,Davion Mitchell,Over,6.0,-137,2025-11-30,2025-11-29T20:53:45Z
PrizePicks,player_assists,Davion Mitchell,Under,6.0,-137,2025-11-30,2025-11-29T20:53:45Z
PrizePicks,player_assists,Tyler Herro,Over,4.5,-137,2025-11-30,2025-11-29T20:53:45Z
PrizePicks,player_assists,Tyler Herro,Under,4.5,-137,2025-11-30,2025-11-29T20:53:45Z
PrizePicks,player_assists,Jaden Ivey,Over,1.5,-137,2025-11-30,2025-11-29T20:53:45Z
PrizePicks,player_assists,Jaden Ivey,Under,1.5,-137,2025-11-30,2025-11-29T20:53:45Z
PrizePicks,player_assists,Kel'el Ware,Over,0.5,-137,2025-11-30,2025-11-29T20:53:45Z
PrizePicks,player_assists,Kel'el Ware,Under,0.5,-137,2025-11-30,2025-11-29T20:53:45Z
PrizePicks,player_assists,Draymond Green,Over,6.0,-137,2025-11-30,2025-11-29T20:53:59Z
PrizePicks,player_assists,Draymond Green,Under,6.0,-137,2025-11-30,2025-11-29T20:53:59Z
PrizePicks,player_assists,Jimmy Butler,Over,6.0,-137,2025-11-30,2025-11-29T20:53:59Z
PrizePicks,player_assists,Jimmy Butler,Under,6.0,-137,2025-11-30,2025-11-29T20:53:59Z
PrizePicks,player_assists,Derik Queen,Over,4.0,-137,2025-11-30,2025-11-29T20:53:59Z
PrizePicks,player_assists,Derik Queen,Under,4.0,-137,2025-11-30,2025-11-29T20:53:59Z
PrizePicks,player_assists,Zion Williamson,Over,4.0,-137,2025-11-30,2025-11-29T20:53:59Z
PrizePicks,player_assists,Zion Williamson,Under,4.0,-137,2025-11-30,2025-11-29T20:53:59Z
PrizePicks,player_assists,Brandin Podziemski,Over,3.5,-137,2025-11-30,2025-11-29T20:53:59Z
PrizePicks,player_assists,Brandin Podziemski,Under,3.5,-137,2025-11-30,2025-11-29T20:53:59Z
PrizePicks,player_assists,Buddy Hield,Over,1.5,-137,2025-11-30,2025-11-29T20:53:59Z
PrizePicks,player_assists,Buddy Hield,Under,1.5,-137,2025-11-30,2025-11-29T20:53:59Z
PrizePicks,player_assists,Collin Gillespie,Over,5.0,-137,2025-11-30,2025-11-29T20:53:35Z
PrizePicks,player_assists,Collin Gillespie,Under,5.0,-137,2025-11-30,2025-11-29T20:53:35Z
PrizePicks,player_assists,Cameron Johnson,Over,2.5,-137,2025-11-30,2025-11-29T20:53:35Z
PrizePicks,player_assists,Cameron Johnson,Under,2.5,-137,2025-11-30,2025-11-29T20:53:35Z
PrizePicks,player_assists,James Harden,Over,8.5,-137,2025-11-30,2025-11-29T20:53:24Z
PrizePicks,player_assists,James Harden,Under,8.5,-137,2025-11-30,2025-11-29T20:53:24Z
PrizePicks,player_assists,Brandon Williams,Over,4.0,-137,2025-11-30,2025-11-29T20:53:24Z
PrizePicks,player_assists,Brandon Williams,Under,4.0,-137,2025-11-30,2025-11-29T20:53:24Z
Betr DFS,player_assists,Derrick White,Over,4.5,-137,2025-11-29,2025-11-29T20:54:00Z
Betr DFS,player_assists,Derrick White,Under,4.5,-137,2025-11-29,2025-11-29T20:54:00Z
Betr DFS,player_assists,Donte DiVincenzo,Over,3.5,-137,2025-11-29,2025-11-29T20:54:00Z
Betr DFS,player_assists,Donte DiVincenzo,Under,3.5,-137,2025-11-29,2025-11-29T20:54:00Z
Betr DFS,player_assists,Jamal Shead,Over,5.5,-137,2025-11-29,2025-11-29T20:54:21Z
Betr DFS,player_assists,Jamal Shead,Under,5.5,-137,2025-11-29,2025-11-29T20:54:21Z
Betr DFS,player_assists,LaMelo Ball,Over,7.5,-137,2025-11-29,2025-11-29T20:54:21Z
Betr DFS,player_assists,Collin Sexton,Over,3.5,-137,2025-11-29,2025-11-29T20:54:21Z
Betr DFS,player_assists,Collin Sexton,Under,3.5,-137,2025-11-29,2025-11-29T20:54:21Z
Betr DFS,player_assists,Josh Giddey,Over,8.5,-137,2025-11-30,2025-11-29T20:54:02Z
Betr DFS,player_assists,Josh Giddey,Under,8.5,-137,2025-11-30,2025-11-29T20:54:02Z
Betr DFS,player_assists,Pascal Siakam,Under,4.5,-137,2025-11-30,2025-11-29T20:54:02Z
Betr DFS,player_assists,Tyrese Martin,Over,3.5,-137,2025-11-30,2025-11-29T20:54:02Z
Betr DFS,player_assists,Tyrese Martin,Under,3.5,-137,2025-11-30,2025-11-29T20:54:02Z
Betr DFS,player_assists,Giannis Antetokounmpo,Over,6.5,-137,2025-11-30,2025-11-29T20:54:02Z
Betr DFS,player_assists,Giannis Antetokounmpo,Under,6.5,-137,2025-11-30,2025-11-29T20:54:02Z
Betr DFS,player_assists,Cade Cunningham,Over,9.5,-137,2025-11-30,2025-11-29T20:54:45Z
Betr DFS,player_assists,Cade Cunningham,Under,9.5,-137,2025-11-30,2025-11-29T20:54:45Z
Betr DFS,player_assists,Tyler Herro,Over,4.5,-137,2025-11-30,2025-11-29T20:54:45Z
Betr DFS,player_assists,Tyler Herro,Under,4.5,-137,2025-11-30,2025-11-29T20:54:45Z
Betr DFS,player_assists,Derik Queen,Over,4.5,-137,2025-11-30,2025-11-29T20:54:57Z
Betr DFS,player_assists,Jamal Murray,Over,7.5,-137,2025-11-30,2025-11-29T20:54:52Z
Betr DFS,player_assists,James Harden,Over,8.5,-137,2025-11-30,2025-11-29T20:54:52Z
Betr DFS,player_assists,James Harden,Under,8.5,-137,2025-11-30,2025-11-29T20:54:52Z
DraftKings Pick6,player_assists,Donte DiVincenzo,Over,3.5,-137,2025-11-29,2025-11-29T20:53:36Z
DraftKings Pick6,player_assists,Donte DiVincenzo,Under,3.5,-137,2025-11-29,2025-11-29T20:53:36Z
DraftKings Pick6,player_assists,Mike Conley,Over,2.5,-137,2025-11-29,2025-11-29T20:53:36Z
DraftKings Pick6,player_assists,Mike Conley,Under,2.5,-137,2025-11-29,2025-11-29T20:53:36Z
DraftKings Pick6,player_assists,Julius Randle,Over,5.5,-137,2025-11-29,2025-11-29T20:53:36Z
DraftKings Pick6,player_assists,Jamal Shead,Over,5.5,-137,2025-11-29,2025-11-29T20:54:05Z
DraftKings Pick6,player_assists,Jamal Shead,Under,5.5,-137,2025-11-29,2025-11-29T20:54:05Z
DraftKings Pick6,player_assists,Scottie Barnes,Over,5.5,-137,2025-11-29,2025-11-29T20:54:05Z
DraftKings Pick6,player_assists,Kevin Huerter,Over,2.5,-137,2025-11-30,2025-11-29T20:54:03Z
DraftKings Pick6,player_assists,Kevin Huerter,Under,2.5,-137,2025-11-30,2025-11-29T20:54:03Z
DraftKings Pick6,player_assists,Giannis Antetokounmpo,Over,6.5,-137,2025-11-30,2025-11-29T20:53:48Z
DraftKings Pick6,player_assists,Giannis Antetokounmpo,Under,6.5,-137,2025-11-30,2025-11-29T20:53:48Z
DraftKings Pick6,player_assists,Cade Cunningham,Over,9.5,-137,2025-11-30,2025-11-29T20:54:43Z
DraftKings Pick6,player_assists,Cade Cunningham,Under,9.5,-137,2025-11-30,2025-11-29T20:54:43Z
DraftKings Pick6,player_assists,Jeremiah Fears,Over,2.5,-137,2025-11-30,2025-11-29T20:54:49Z
DraftKings Pick6,player_assists,Jeremiah Fears,Under,2.5,-137,2025-11-30,2025-11-29T20:54:49Z
DraftKings Pick6,player_assists,James Harden,Over,8.5,-137,2025-11-30,2025-11-29T20:54:53Z
DraftKings Pick6,player_assists,James Harden,Under,8.5,-137,2025-11-30,2025-11-29T20:54:53Z
Underdog,player_threes,Sam Hauser,Over,1.5,-137,2025-11-29,2025-11-29T20:54:13Z
Underdog,player_threes,Sam Hauser,Under,1.5,-137,2025-11-29,2025-11-29T20:54:13Z
Underdog,player_threes,Pascal Siakam,Over,1.5,-137,2025-11-30,2025-11-29T20:54:39Z
Underdog,player_threes,Pascal Siakam,Under,1.5,-137,2025-11-30,2025-11-29T20:54:39Z
Underdog,player_threes,Nikola Vucevic,Over,1.5,-137,2025-11-30,2025-11-29T20:54:39Z
Underdog,player_threes,Nikola Vucevic,Under,1.5,-137,2025-11-30,2025-11-29T20:54:39Z
Underdog,player_threes,Josh Giddey,Over,1.5,-137,2025-11-30,2025-11-29T20:54:39Z
Underdog,player_threes,Josh Giddey,Under,1.5,-137,2025-11-30,2025-11-29T20:54:39Z
Underdog,player_threes,Matas Buzelis,Over,1.5,-137,2025-11-30,2025-11-29T20:54:39Z
Underdog,player_threes,Matas Buzelis,Under,1.5,-137,2025-11-30,2025-11-29T20:54:39Z
Underdog,player_threes,Kevin Huerter,Over,1.5,-137,2025-11-30,2025-11-29T20:54:39Z
Underdog,player_threes,Kevin Huerter,Under,1.5,-137,2025-11-30,2025-11-29T20:54:39Z
Underdog,player_threes,Norman Powell,Over,2.5,-137,2025-11-30,2025-11-29T20:54:18Z
Underdog,player_threes,Norman Powell,Under,2.5,-137,2025-11-30,2025-11-29T20:54:18Z
Underdog,player_threes,Will Richard,Over,1.5,-137,2025-11-30,2025-11-29T20:54:13Z
Underdog,player_threes,Will Richard,Under,1.5,-137,2025-11-30,2025-11-29T20:54:13Z
Underdog,player_threes,Quinten Post,Over,1.5,-137,2025-11-30,2025-11-29T20:54:13Z
Underdog,player_threes,Quinten Post,Under,1.5,-137,2025-11-30,2025-11-29T20:54:13Z
Underdog,player_threes,Jamal Murray,Over,2.5,-137,2025-11-30,2025-11-29T20:54:34Z
Underdog,player_threes,Jamal Murray,Under,2.5,-137,2025-11-30,2025-11-29T20:54:34Z
Underdog,player_threes,Bruce Brown,Over,0.5,-137,2025-11-30,2025-11-29T20:54:34Z
Underdog,player_threes,Bruce Brown,Under,0.5,-137,2025-11-30,2025-11-29T20:54:34Z
Underdog,player_threes,Spencer Jones,Over,0.5,-137,2025-11-30,2025-11-29T20:54:34Z
Underdog,player_threes,Spencer Jones,Under,0.5,-137,2025-11-30,2025-11-29T20:54:34Z
Underdog,player_threes,Collin Gillespie,Over,2.5,-137,2025-11-30,2025-11-29T20:54:34Z
Underdog,player_threes,Collin Gillespie,Under,2.5,-137,2025-11-30,2025-11-29T20:54:34Z
Betr DFS,player_threes,Jordan Walsh,Over,0.5,-137,2025-11-29,2025-11-29T20:54:00Z
Betr DFS,player_threes,Jordan Walsh,Under,0.5,-137,2025-11-29,2025-11-29T20:54:00Z
Betr DFS,player_threes,Anthony Edwards,Over,3.5,-137,2025-11-29,2025-11-29T20:54:00Z
Betr DFS,player_threes,LaMelo Ball,Over,2.5,-137,2025-11-29,2025-11-29T20:54:21Z
Betr DFS,player_threes,LaMelo Ball,Under,2.5,-137,2025-11-29,2025-11-29T20:54:21Z
Betr DFS,player_threes,Nikola Vucevic,Over,1.5,-137,2025-11-30,2025-11-29T20:54:02Z
Betr DFS,player_threes,Nikola Vucevic,Under,1.5,-137,2025-11-30,2025-11-29T20:54:02Z
Betr DFS,player_threes,Josh Giddey,Over,1.5,-137,2025-11-30,2025-11-29T20:54:02Z
Betr DFS,player_threes,Josh Giddey,Under,1.5,-137,2025-11-30,2025-11-29T20:54:02Z
Betr DFS,player_threes,Kevin Huerter,Over,1.5,-137,2025-11-30,2025-11-29T20:54:02Z
Betr DFS,player_threes,Kevin Huerter,Under,1.5,-137,2025-11-30,2025-11-29T20:54:02Z
Betr DFS,player_threes,Matas Buzelis,Over,1.5,-137,2025-11-30,2025-11-29T20:54:02Z
Betr DFS,player_threes,Matas Buzelis,Under,1.5,-137,2025-11-30,2025-11-29T20:54:02Z
Betr DFS,player_threes,Pascal Siakam,Over,1.5,-137,2025-11-30,2025-11-29T20:54:02Z
Betr DFS,player_threes,Pascal Siakam,Under,1.5,-137,2025-11-30,2025-11-29T20:54:02Z
Betr DFS,player_threes,Andrew Nembhard,Over,1.5,-137,2025-11-30,2025-11-29T20:54:02Z
Betr DFS,player_threes,Andrew Nembhard,Under,1.5,-137,2025-11-30,2025-11-29T20:54:02Z
Betr DFS,player_threes,A.J. Green,Over,3.0,-137,2025-11-30,2025-11-29T20:54:02Z
Betr DFS,player_threes,A.J. Green,Under,3.0,-137,2025-11-30,2025-11-29T20:54:02Z
Betr DFS,player_threes,Norman Powell,Over,2.5,-137,2025-11-30,2025-11-29T20:54:45Z
Betr DFS,player_threes,Norman Powell,Under,2.5,-137,2025-11-30,2025-11-29T20:54:45Z
Betr DFS,player_threes,Kel'el Ware,Over,0.5,-137,2025-11-30,2025-11-29T20:54:45Z
Betr DFS,player_threes,Kel'el Ware,Under,0.5,-137,2025-11-30,2025-11-29T20:54:45Z
Betr DFS,player_threes,Draymond Green,Over,1.5,-137,2025-11-30,2025-11-29T20:54:57Z
Betr DFS,player_threes,Draymond Green,Under,1.5,-137,2025-11-30,2025-11-29T20:54:57Z
Betr DFS,player_threes,Quinten Post,Over,1.5,-137,2025-11-30,2025-11-29T20:54:57Z
Betr DFS,player_threes,Quinten Post,Under,1.5,-137,2025-11-30,2025-11-29T20:54:57Z
Betr DFS,player_threes,Will Richard,Over,1.5,-137,2025-11-30,2025-11-29T20:54:57Z
Betr DFS,player_threes,Will Richard,Under,1.5,-137,2025-11-30,2025-11-29T20:54:57Z
Betr DFS,player_threes,Jamal Murray,Over,2.5,-137,2025-11-30,2025-11-29T20:54:52Z
Betr DFS,player_threes,Jamal Murray,Under,2.5,-137,2025-11-30,2025-11-29T20:54:52Z
Betr DFS,player_threes,Bruce Brown,Over,0.5,-137,2025-11-30,2025-11-29T20:54:52Z
Betr DFS,player_threes,Bruce Brown,Under,0.5,-137,2025-11-30,2025-11-29T20:54:52Z
Betr DFS,player_threes,Peyton Watson,Over,1.5,-137,2025-11-30,2025-11-29T20:54:52Z
Betr DFS,player_threes,Collin Gillespie,Over,2.5,-137,2025-11-30,2025-11-29T20:54:52Z
Betr DFS,player_threes,Collin Gillespie,Under,2.5,-137,2025-11-30,2025-11-29T20:54:52Z
Betr DFS,player_threes,Dillon Brooks,Over,2.5,-137,2025-11-30,2025-11-29T20:54:52Z
Betr DFS,player_threes,Dillon Brooks,Under,2.5,-137,2025-11-30,2025-11-29T20:54:52Z
DraftKings Pick6,player_threes,LaMelo Ball,Over,2.5,-137,2025-11-29,2025-11-29T20:54:05Z
DraftKings Pick6,player_threes,Matas Buzelis,Over,1.5,-137,2025-11-30,2025-11-29T20:54:03Z
DraftKings Pick6,player_threes,Matas Buzelis,Under,1.5,-137,2025-11-30,2025-11-29T20:54:03Z
DraftKings Pick6,player_threes,Josh Giddey,Over,1.5,-137,2025-11-30,2025-11-29T20:54:03Z
DraftKings Pick6,player_threes,Josh Giddey,Under,1.5,-137,2025-11-30,2025-11-29T20:54:03Z
DraftKings Pick6,player_threes,Kevin Huerter,Over,1.5,-137,2025-11-30,2025-11-29T20:54:03Z
DraftKings Pick6,player_threes,Kevin Huerter,Under,1.5,-137,2025-11-30,2025-11-29T20:54:03Z
DraftKings Pick6,player_threes,Norman Powell,Over,2.5,-137,2025-11-30,2025-11-29T20:54:43Z
DraftKings Pick6,player_threes,Andrew Wiggins,Over,1.5,-137,2025-11-30,2025-11-29T20:54:43Z
DraftKings Pick6,player_threes,Andrew Wiggins,Under,1.5,-137,2025-11-30,2025-11-29T20:54:43Z
DraftKings Pick6,player_threes,Quinten Post,Over,1.5,-137,2025-11-30,2025-11-29T20:54:49Z
DraftKings Pick6,player_threes,Quinten Post,Under,1.5,-137,2025-11-30,2025-11-29T20:54:49Z
DraftKings Pick6,player_threes,Will Richard,Over,1.5,-137,2025-11-30,2025-11-29T20:54:49Z
DraftKings Pick6,player_threes,Will Richard,Under,1.5,-137,2025-11-30,2025-11-29T20:54:49Z
DraftKings Pick6,player_threes,Dillon Brooks,Over,2.5,-137,2025-11-30,2025-11-29T20:55:01Z
DraftKings Pick6,player_threes,Dillon Brooks,Under,2.5,-137,2025-11-30,2025-11-29T20:55:01Z
DraftKings Pick6,player_threes,Collin Gillespie,Over,2.5,-137,2025-11-30,2025-11-29T20:55:01Z
DraftKings Pick6,player_threes,Collin Gillespie,Under,2.5,-137,2025-11-30,2025-11-29T20:55:01Z
PrizePicks,player_threes,Josh Giddey,Over,1.5,-137,2025-11-30,2025-11-29T20:53:55Z
PrizePicks,player_threes,Josh Giddey,Under,1.5,-137,2025-11-30,2025-11-29T20:53:55Z
PrizePicks,player_threes,Pascal Siakam,Over,1.5,-137,2025-11-30,2025-11-29T20:53:55Z
PrizePicks,player_threes,Pascal Siakam,Under,1.5,-137,2025-11-30,2025-11-29T20:53:55Z
PrizePicks,player_threes,Matas Buzelis,Over,1.5,-137,2025-11-30,2025-11-29T20:53:55Z
PrizePicks,player_threes,Matas Buzelis,Under,1.5,-137,2025-11-30,2025-11-29T20:53:55Z
PrizePicks,player_threes,Kevin Huerter,Over,1.5,-137,2025-11-30,2025-11-29T20:53:55Z
PrizePicks,player_threes,Kevin Huerter,Under,1.5,-137,2025-11-30,2025-11-29T20:53:55Z
PrizePicks,player_threes,Norman Powell,Over,2.5,-137,2025-11-30,2025-11-29T20:53:45Z
PrizePicks,player_threes,Norman Powell,Under,2.5,-137,2025-11-30,2025-11-29T20:53:45Z
PrizePicks,player_threes,Draymond Green,Over,1.5,-137,2025-11-30,2025-11-29T20:53:59Z
PrizePicks,player_threes,Draymond Green,Under,1.5,-137,2025-11-30,2025-11-29T20:53:59Z
PrizePicks,player_threes,Will Richard,Over,1.5,-137,2025-11-30,2025-11-29T20:53:59Z
PrizePicks,player_threes,Will Richard,Under,1.5,-137,2025-11-30,2025-11-29T20:53:59Z
PrizePicks,player_threes,Quinten Post,Over,1.5,-137,2025-11-30,2025-11-29T20:53:59Z
PrizePicks,player_threes,Quinten Post,Under,1.5,-137,2025-11-30,2025-11-29T20:53:59Z
PrizePicks,player_threes,Bruce Brown,Over,0.5,-137,2025-11-30,2025-11-29T20:53:35Z
PrizePicks,player_threes,Bruce Brown,Under,0.5,-137,2025-11-30,2025-11-29T20:53:35Z
Underdog,player_blocks,Rudy Gobert,Over,1.5,-137,2025-11-29,2025-11-29T20:54:13Z
Underdog,player_blocks,Rudy Gobert,Under,1.5,-137,2025-11-29,2025-11-29T20:54:13Z
Underdog,player_blocks,Myles Turner,Over,1.5,-137,2025-11-30,2025-11-29T20:53:54Z
Underdog,player_blocks,Myles Turner,Under,1.5,-137,2025-11-30,2025-11-29T20:53:54Z
Underdog,player_blocks,Isaiah Stewart II,Over,1.5,-137,2025-11-30,2025-11-29T20:54:18Z
Underdog,player_blocks,Isaiah Stewart II,Under,1.5,-137,2025-11-30,2025-11-29T20:54:18Z
PrizePicks,player_blocks,Rudy Gobert,Over,1.5,-137,2025-11-29,2025-11-29T20:53:24Z
PrizePicks,player_blocks,Rudy Gobert,Under,1.5,-137,2025-11-29,2025-11-29T20:53:24Z
PrizePicks,player_blocks,Jaden McDaniels,Over,0.5,-137,2025-11-29,2025-11-29T20:53:24Z
PrizePicks,player_blocks,Jaden McDaniels,Under,0.5,-137,2025-11-29,2025-11-29T20:53:24Z
PrizePicks,player_blocks,Brandon Ingram,Over,0.5,-137,2025-11-29,2025-11-29T20:53:43Z
PrizePicks,player_blocks,Brandon Ingram,Under,0.5,-137,2025-11-29,2025-11-29T20:53:43Z
PrizePicks,player_blocks,Miles Bridges,Over,0.5,-137,2025-11-29,2025-11-29T20:53:43Z
PrizePicks,player_blocks,Miles Bridges,Under,0.5,-137,2025-11-29,2025-11-29T20:53:43Z
PrizePicks,player_blocks,Brandon Miller,Over,0.5,-137,2025-11-29,2025-11-29T20:53:43Z
PrizePicks,player_blocks,Brandon Miller,Under,0.5,-137,2025-11-29,2025-11-29T20:53:43Z
PrizePicks,player_blocks,Myles Turner,Over,1.5,-137,2025-11-30,2025-11-29T20:54:01Z
PrizePicks,player_blocks,Myles Turner,Under,1.5,-137,2025-11-30,2025-11-29T20:54:01Z
PrizePicks,player_blocks,Noah Clowney,Over,0.5,-137,2025-11-30,2025-11-29T20:54:01Z
PrizePicks,player_blocks,Noah Clowney,Under,0.5,-137,2025-11-30,2025-11-29T20:54:01Z
PrizePicks,player_blocks,Zion Williamson,Over,0.5,-137,2025-11-30,2025-11-29T20:53:59Z
PrizePicks,player_blocks,Zion Williamson,Under,0.5,-137,2025-11-30,2025-11-29T20:53:59Z
PrizePicks,player_blocks,Nikola Jokic,Over,0.5,-137,2025-11-30,2025-11-29T20:53:35Z
PrizePicks,player_blocks,Nikola Jokic,Under,0.5,-137,2025-11-30,2025-11-29T20:53:35Z
Betr DFS,player_blocks,Rudy Gobert,Over,1.5,-137,2025-11-29,2025-11-29T20:54:00Z
Betr DFS,player_blocks,Rudy Gobert,Under,1.5,-137,2025-11-29,2025-11-29T20:54:00Z
Betr DFS,player_blocks,Jaden McDaniels,Over,0.5,-137,2025-11-29,2025-11-29T20:54:00Z
Betr DFS,player_blocks,Jaden McDaniels,Under,0.5,-137,2025-11-29,2025-11-29T20:54:00Z
Betr DFS,player_blocks,Jakob Poeltl,Over,0.5,-137,2025-11-29,2025-11-29T20:54:21Z
Betr DFS,player_blocks,Jakob Poeltl,Under,0.5,-137,2025-11-29,2025-11-29T20:54:21Z
Betr DFS,player_blocks,Brandon Ingram,Over,0.5,-137,2025-11-29,2025-11-29T20:54:21Z
Betr DFS,player_blocks,Brandon Ingram,Under,0.5,-137,2025-11-29,2025-11-29T20:54:21Z
Betr DFS,player_blocks,Brandon Miller,Over,0.5,-137,2025-11-29,2025-11-29T20:54:21Z
Betr DFS,player_blocks,Brandon Miller,Under,0.5,-137,2025-11-29,2025-11-29T20:54:21Z
Betr DFS,player_blocks,Miles Bridges,Over,0.5,-137,2025-11-29,2025-11-29T20:54:21Z
Betr DFS,player_blocks,Miles Bridges,Under,0.5,-137,2025-11-29,2025-11-29T20:54:21Z
Betr DFS,player_blocks,Ryan Kalkbrenner,Over,1.5,-137,2025-11-29,2025-11-29T20:54:21Z
Betr DFS,player_blocks,Ryan Kalkbrenner,Under,1.5,-137,2025-11-29,2025-11-29T20:54:21Z
Betr DFS,player_blocks,Kevin Huerter,Over,0.5,-137,2025-11-30,2025-11-29T20:54:02Z
Betr DFS,player_blocks,Kevin Huerter,Under,0.5,-137,2025-11-30,2025-11-29T20:54:02Z
Betr DFS,player_blocks,Noah Clowney,Over,0.5,-137,2025-11-30,2025-11-29T20:54:02Z
Betr DFS,player_blocks,Noah Clowney,Under,0.5,-137,2025-11-30,2025-11-29T20:54:02Z
Betr DFS,player_blocks,Myles Turner,Over,1.5,-137,2025-11-30,2025-11-29T20:54:02Z
Betr DFS,player_blocks,Myles Turner,Under,1.5,-137,2025-11-30,2025-11-29T20:54:02Z
Betr DFS,player_blocks,Isaiah Stewart II,Over,1.5,-137,2025-11-30,2025-11-29T20:54:45Z
Betr DFS,player_blocks,Isaiah Stewart II,Under,1.5,-137,2025-11-30,2025-11-29T20:54:45Z
Betr DFS,player_blocks,Cade Cunningham,Over,0.5,-137,2025-11-30,2025-11-29T20:54:45Z
Betr DFS,player_blocks,Zion Williamson,Over,0.5,-137,2025-11-30,2025-11-29T20:54:57Z
Betr DFS,player_blocks,Zion Williamson,Under,0.5,-137,2025-11-30,2025-11-29T20:54:57Z
Betr DFS,player_blocks,Nikola Jokic,Over,0.5,-137,2025-11-30,2025-11-29T20:54:52Z
Betr DFS,player_blocks,Nikola Jokic,Under,0.5,-137,2025-11-30,2025-11-29T20:54:52Z
DraftKings Pick6,player_blocks,Ryan Kalkbrenner,Over,1.5,-137,2025-11-29,2025-11-29T20:54:05Z
PrizePicks,player_steals,Derrick White,Over,1.5,-137,2025-11-29,2025-11-29T20:42:37Z
PrizePicks,player_steals,Derrick White,Under,1.5,-137,2025-11-29,2025-11-29T20:42:37Z
PrizePicks,player_steals,Trey Murphy III,Over,1.5,-137,2025-11-30,2025-11-29T20:53:59Z
PrizePicks,player_steals,Trey Murphy III,Under,1.5,-137,2025-11-30,2025-11-29T20:53:59Z
PrizePicks,player_steals,Nikola Jokic,Over,1.5,-137,2025-11-30,2025-11-29T20:40:34Z
PrizePicks,player_steals,Nikola Jokic,Under,1.5,-137,2025-11-30,2025-11-29T20:40:34Z
PrizePicks,player_steals,Oso Ighodaro,Over,0.5,-137,2025-11-30,2025-11-29T20:40:34Z
PrizePicks,player_steals,Oso Ighodaro,Under,0.5,-137,2025-11-30,2025-11-29T20:40:34Z
PrizePicks,player_steals,Kris Dunn,Over,1.5,-137,2025-11-30,2025-11-29T20:52:20Z
PrizePicks,player_steals,Kris Dunn,Under,1.5,-137,2025-11-30,2025-11-29T20:52:20Z
Betr DFS,player_steals,Derrick White,Over,1.5,-137,2025-11-29,2025-11-29T20:54:00Z
Betr DFS,player_steals,Rudy Gobert,Over,0.5,-137,2025-11-29,2025-11-29T20:54:00Z
Betr DFS,player_steals,Collin Sexton,Over,0.5,-137,2025-11-29,2025-11-29T20:54:21Z
Betr DFS,player_steals,Ryan Rollins,Over,1.5,-137,2025-11-30,2025-11-29T20:54:02Z
Betr DFS,player_steals,Caris LeVert,Over,0.5,-137,2025-11-30,2025-11-29T20:54:45Z
Betr DFS,player_steals,Jaden Ivey,Over,0.5,-137,2025-11-30,2025-11-29T20:54:45Z
Betr DFS,player_steals,Ausar Thompson,Over,1.5,-137,2025-11-30,2025-11-29T20:54:45Z
Betr DFS,player_steals,Trey Murphy III,Over,1.5,-137,2025-11-30,2025-11-29T20:54:57Z
Betr DFS,player_steals,Tim Hardaway Jr,Over,0.5,-137,2025-11-30,2025-11-29T20:54:52Z
Betr DFS,player_steals,Cooper Flagg,Over,1.5,-137,2025-11-30,2025-11-29T20:54:52Z
Betr DFS,player_steals,Kris Dunn,Over,1.5,-137,2025-11-30,2025-11-29T20:54:52Z
Betr DFS,player_steals,Kawhi Leonard,Over,1.5,-137,2025-11-30,2025-11-29T20:54:52Z
DraftKings Pick6,player_steals,Derrick White,Over,1.5,-137,2025-11-29,2025-11-29T20:53:36Z
DraftKings Pick6,player_steals,Scottie Barnes,Over,1.5,-137,2025-11-29,2025-11-29T20:54:05Z
DraftKings Pick6,player_steals,Ryan Rollins,Over,1.5,-137,2025-11-30,2025-11-29T20:53:48Z
DraftKings Pick6,player_steals,Ausar Thompson,Over,1.5,-137,2025-11-30,2025-11-29T20:54:43Z
DraftKings Pick6,player_steals,Jimmy Butler,Over,1.5,-137,2025-11-30,2025-11-29T20:54:49Z
DraftKings Pick6,player_steals,Kawhi Leonard,Over,1.5,-137,2025-11-30,2025-11-29T20:54:53Z
Underdog,player_steals,Ja'Kobe Walter,Over,1.5,-137,2025-11-29,2025-11-29T20:53:38Z
Underdog,player_steals,Ja'Kobe Walter,Under,1.5,-137,2025-11-29,2025-11-29T20:53:38Z
Underdog,player_steals,Trey Murphy III,Over,1.5,-137,2025-11-30,2025-11-29T20:54:13Z
Underdog,player_steals,Trey Murphy III,Under,1.5,-137,2025-11-30,2025-11-29T20:54:13Z
Underdog,player_steals,Nikola Jokic,Over,1.5,-137,2025-11-30,2025-11-29T20:44:56Z
Underdog,player_steals,Nikola Jokic,Under,1.5,-137,2025-11-30,2025-11-29T20:44:56Z
Underdog,player_steals,Kris Dunn,Over,1.5,-137,2025-11-30,2025-11-29T20:54:39Z
Underdog,player_steals,Kris Dunn,Under,1.5,-137,2025-11-30,2025-11-29T20:54:39Z
PrizePicks,player_field_goals,Anthony Edwards,Over,9.5,-137,2025-11-29,2025-11-29T20:53:24Z
PrizePicks,player_field_goals,Anthony Edwards,Under,9.5,-137,2025-11-29,2025-11-29T20:53:24Z
PrizePicks,player_field_goals,Naz Reid,Over,4.5,-137,2025-11-29,2025-11-29T20:53:24Z
PrizePicks,player_field_goals,Naz Reid,Under,4.5,-137,2025-11-29,2025-11-29T20:53:24Z
PrizePicks,player_field_goals,Scottie Barnes,Over,7.5,-137,2025-11-29,2025-11-29T20:53:43Z
PrizePicks,player_field_goals,Scottie Barnes,Under,7.5,-137,2025-11-29,2025-11-29T20:53:43Z
PrizePicks,player_field_goals,Jamal Shead,Over,2.5,-137,2025-11-29,2025-11-29T20:53:43Z
PrizePicks,player_field_goals,Jamal Shead,Under,2.5,-137,2025-11-29,2025-11-29T20:53:43Z
PrizePicks,player_field_goals,Coby White,Over,7.5,-137,2025-11-30,2025-11-29T20:53:55Z
PrizePicks,player_field_goals,Coby White,Under,7.5,-137,2025-11-30,2025-11-29T20:53:55Z
PrizePicks,player_field_goals,Josh Giddey,Over,7.5,-137,2025-11-30,2025-11-29T20:53:55Z
PrizePicks,player_field_goals,Josh Giddey,Under,7.5,-137,2025-11-30,2025-11-29T20:53:55Z
PrizePicks,player_field_goals,Bennedict Mathurin,Over,7.5,-137,2025-11-30,2025-11-29T20:53:55Z
PrizePicks,player_field_goals,Bennedict Mathurin,Under,7.5,-137,2025-11-30,2025-11-29T20:53:55Z
PrizePicks,player_field_goals,Andrew Nembhard,Over,6.5,-137,2025-11-30,2025-11-29T20:53:55Z
PrizePicks,player_field_goals,Andrew Nembhard,Under,6.5,-137,2025-11-30,2025-11-29T20:53:55Z
PrizePicks,player_field_goals,Myles Turner,Over,4.5,-137,2025-11-30,2025-11-29T20:54:01Z
PrizePicks,player_field_goals,Myles Turner,Under,4.5,-137,2025-11-30,2025-11-29T20:54:01Z
PrizePicks,player_field_goals,Cade Cunningham,Over,10.5,-137,2025-11-30,2025-11-29T20:53:45Z
PrizePicks,player_field_goals,Cade Cunningham,Under,10.5,-137,2025-11-30,2025-11-29T20:53:45Z
PrizePicks,player_field_goals,Tyler Herro,Over,7.5,-137,2025-11-30,2025-11-29T20:53:45Z
PrizePicks,player_field_goals,Tyler Herro,Under,7.5,-137,2025-11-30,2025-11-29T20:53:45Z
PrizePicks,player_field_goals,Andrew Wiggins,Over,5.5,-137,2025-11-30,2025-11-29T20:53:45Z
PrizePicks,player_field_goals,Andrew Wiggins,Under,5.5,-137,2025-11-30,2025-11-29T20:53:45Z
PrizePicks,player_field_goals,Zion Williamson,Over,7.5,-137,2025-11-30,2025-11-29T20:53:59Z
PrizePicks,player_field_goals,Zion Williamson,Under,7.5,-137,2025-11-30,2025-11-29T20:53:59Z
PrizePicks,player_field_goals,Jimmy Butler,Over,6.5,-137,2025-11-30,2025-11-29T20:53:59Z
PrizePicks,player_field_goals,Jimmy Butler,Under,6.5,-137,2025-11-30,2025-11-29T20:53:59Z
PrizePicks,player_field_goals,Jonathan Kuminga,Over,5.5,-137,2025-11-30,2025-11-29T20:53:59Z
PrizePicks,player_field_goals,Jonathan Kuminga,Under,5.5,-137,2025-11-30,2025-11-29T20:53:59Z
PrizePicks,player_field_goals,Draymond Green,Over,3.5,-137,2025-11-30,2025-11-29T20:53:59Z
PrizePicks,player_field_goals,Draymond Green,Under,3.5,-137,2025-11-30,2025-11-29T20:53:59Z
PrizePicks,player_field_goals,Buddy Hield,Over,3.5,-137,2025-11-30,2025-11-29T20:53:59Z
PrizePicks,player_field_goals,Buddy Hield,Under,3.5,-137,2025-11-30,2025-11-29T20:53:59Z
PrizePicks,player_field_goals,Yves Missi,Over,2.5,-137,2025-11-30,2025-11-29T20:53:59Z
PrizePicks,player_field_goals,Yves Missi,Under,2.5,-137,2025-11-30,2025-11-29T20:53:59Z
PrizePicks,player_field_goals,Devin Booker,Over,8.5,-137,2025-11-30,2025-11-29T20:53:35Z
PrizePicks,player_field_goals,Devin Booker,Under,8.5,-137,2025-11-30,2025-11-29T20:53:35Z
PrizePicks,player_field_goals,Tim Hardaway Jr,Over,3.5,-137,2025-11-30,2025-11-29T20:53:35Z
PrizePicks,player_field_goals,Tim Hardaway Jr,Under,3.5,-137,2025-11-30,2025-11-29T20:53:35Z
PrizePicks,player_field_goals,Kawhi Leonard,Over,7.5,-137,2025-11-30,2025-11-29T20:53:24Z
PrizePicks,player_field_goals,Kawhi Leonard,Under,7.5,-137,2025-11-30,2025-11-29T20:53:24Z
PrizePicks,player_field_goals,John Collins,Over,4.5,-137,2025-11-30,2025-11-29T20:53:24Z
PrizePicks,player_field_goals,John Collins,Under,4.5,-137,2025-11-30,2025-11-29T20:53:24Z
Betr DFS,player_field_goals,Naz Reid,Over,4.5,-137,2025-11-29,2025-11-29T20:54:00Z
Betr DFS,player_field_goals,Naz Reid,Under,4.5,-137,2025-11-29,2025-11-29T20:54:00Z
Betr DFS,player_field_goals,Anthony Edwards,Over,9.5,-137,2025-11-29,2025-11-29T20:54:00Z
Betr DFS,player_field_goals,Anthony Edwards,Under,9.5,-137,2025-11-29,2025-11-29T20:54:00Z
Betr DFS,player_field_goals,Scottie Barnes,Over,7.5,-137,2025-11-29,2025-11-29T20:54:21Z
Betr DFS,player_field_goals,Scottie Barnes,Under,7.5,-137,2025-11-29,2025-11-29T20:54:21Z
Betr DFS,player_field_goals,Jamal Shead,Over,2.5,-137,2025-11-29,2025-11-29T20:54:21Z
Betr DFS,player_field_goals,Jamal Shead,Under,2.5,-137,2025-11-29,2025-11-29T20:54:21Z
Betr DFS,player_field_goals,Coby White,Over,7.5,-137,2025-11-30,2025-11-29T20:54:02Z
Betr DFS,player_field_goals,Coby White,Under,7.5,-137,2025-11-30,2025-11-29T20:54:02Z
Betr DFS,player_field_goals,Josh Giddey,Over,7.5,-137,2025-11-30,2025-11-29T20:54:02Z
Betr DFS,player_field_goals,Josh Giddey,Under,7.5,-137,2025-11-30,2025-11-29T20:54:02Z
Betr DFS,player_field_goals,Bennedict Mathurin,Over,7.5,-137,2025-11-30,2025-11-29T20:54:02Z
Betr DFS,player_field_goals,Bennedict Mathurin,Under,7.5,-137,2025-11-30,2025-11-29T20:54:02Z
Betr DFS,player_field_goals,Andrew Nembhard,Over,6.5,-137,2025-11-30,2025-11-29T20:54:02Z
Betr DFS,player_field_goals,Andrew Nembhard,Under,6.5,-137,2025-11-30,2025-11-29T20:54:02Z
Betr DFS,player_field_goals,Myles Turner,Over,4.5,-137,2025-11-30,2025-11-29T20:54:02Z
Betr DFS,player_field_goals,Myles Turner,Under,4.5,-137,2025-11-30,2025-11-29T20:54:02Z
Betr DFS,player_field_goals,Cade Cunningham,Over,10.5,-137,2025-11-30,2025-11-29T20:54:45Z
Betr DFS,player_field_goals,Cade Cunningham,Under,10.5,-137,2025-11-30,2025-11-29T20:54:45Z
Betr DFS,player_field_goals,Tyler Herro,Over,7.5,-137,2025-11-30,2025-11-29T20:54:45Z
Betr DFS,player_field_goals,Tyler Herro,Under,7.5,-137,2025-11-30,2025-11-29T20:54:45Z
Betr DFS,player_field_goals,Andrew Wiggins,Over,5.5,-137,2025-11-30,2025-11-29T20:54:45Z
Betr DFS,player_field_goals,Andrew Wiggins,Under,5.5,-137,2025-11-30,2025-11-29T20:54:45Z
Betr DFS,player_field_goals,Zion Williamson,Over,7.5,-137,2025-11-30,2025-11-29T20:54:57Z
Betr DFS,player_field_goals,Zion Williamson,Under,7.5,-137,2025-11-30,2025-11-29T20:54:57Z
Betr DFS,player_field_goals,Yves Missi,Over,2.5,-137,2025-11-30,2025-11-29T20:54:57Z
Betr DFS,player_field_goals,Yves Missi,Under,2.5,-137,2025-11-30,2025-11-29T20:54:57Z
Betr DFS,player_field_goals,Jimmy Butler,Over,6.5,-137,2025-11-30,2025-11-29T20:54:57Z
Betr DFS,player_field_goals,Jimmy Butler,Under,6.5,-137,2025-11-30,2025-11-29T20:54:57Z
Betr DFS,player_field_goals,Buddy Hield,Over,3.5,-137,2025-11-30,2025-11-29T20:54:57Z
Betr DFS,player_field_goals,Buddy Hield,Under,3.5,-137,2025-11-30,2025-11-29T20:54:57Z
Betr DFS,player_field_goals,Draymond Green,Over,3.5,-137,2025-11-30,2025-11-29T20:54:57Z
Betr DFS,player_field_goals,Draymond Green,Under,3.5,-137,2025-11-30,2025-11-29T20:54:57Z
Betr DFS,player_field_goals,Jonathan Kuminga,Over,5.5,-137,2025-11-30,2025-11-29T20:54:57Z
Betr DFS,player_field_goals,Jonathan Kuminga,Under,5.5,-137,2025-11-30,2025-11-29T20:54:57Z
Betr DFS,player_field_goals,Tim Hardaway Jr,Over,3.5,-137,2025-11-30,2025-11-29T20:54:52Z
Betr DFS,player_field_goals,Tim Hardaway Jr,Under,3.5,-137,2025-11-30,2025-11-29T20:54:52Z
Betr DFS,player_field_goals,Devin Booker,Over,8.5,-137,2025-11-30,2025-11-29T20:54:52Z
Betr DFS,player_field_goals,Devin Booker,Under,8.5,-137,2025-11-30,2025-11-29T20:54:52Z
Betr DFS,player_field_goals,John Collins,Over,4.5,-137,2025-11-30,2025-11-29T20:54:52Z
Betr DFS,player_field_goals,John Collins,Under,4.5,-137,2025-11-30,2025-11-29T20:54:52Z
Betr DFS,player_field_goals,Kawhi Leonard,Over,7.5,-137,2025-11-30,2025-11-29T20:54:52Z
Betr DFS,player_field_goals,Kawhi Leonard,Under,7.5,-137,2025-11-30,2025-11-29T20:54:52Z
PrizePicks,player_frees_made,Payton Pritchard,Over,1.5,-137,2025-11-29,2025-11-29T20:53:24Z
PrizePicks,player_frees_made,Payton Pritchard,Under,1.5,-137,2025-11-29,2025-11-29T20:53:24Z
PrizePicks,player_frees_made,Brandon Ingram,Over,4.5,-137,2025-11-29,2025-11-29T20:53:43Z
PrizePicks,player_frees_made,Brandon Ingram,Under,4.5,-137,2025-11-29,2025-11-29T20:53:43Z
PrizePicks,player_frees_made,Immanuel Quickley,Over,2.5,-137,2025-11-29,2025-11-29T20:53:43Z
PrizePicks,player_frees_made,Immanuel Quickley,Under,2.5,-137,2025-11-29,2025-11-29T20:53:43Z
PrizePicks,player_frees_made,Coby White,Over,4.5,-137,2025-11-30,2025-11-29T20:53:55Z
PrizePicks,player_frees_made,Coby White,Under,4.5,-137,2025-11-30,2025-11-29T20:53:55Z
PrizePicks,player_frees_made,Josh Giddey,Over,3.5,-137,2025-11-30,2025-11-29T20:53:55Z
PrizePicks,player_frees_made,Josh Giddey,Under,3.5,-137,2025-11-30,2025-11-29T20:53:55Z
PrizePicks,player_frees_made,Kevin Huerter,Over,0.5,-137,2025-11-30,2025-11-29T20:53:55Z
PrizePicks,player_frees_made,Kevin Huerter,Under,0.5,-137,2025-11-30,2025-11-29T20:53:55Z
PrizePicks,player_frees_made,Giannis Antetokounmpo,Over,6.5,-137,2025-11-30,2025-11-29T20:54:01Z
PrizePicks,player_frees_made,Giannis Antetokounmpo,Under,6.5,-137,2025-11-30,2025-11-29T20:54:01Z
PrizePicks,player_frees_made,Bam Adebayo,Over,3.5,-137,2025-11-30,2025-11-29T20:53:45Z
PrizePicks,player_frees_made,Bam Adebayo,Under,3.5,-137,2025-11-30,2025-11-29T20:53:45Z
PrizePicks,player_frees_made,Norman Powell,Over,3.5,-137,2025-11-30,2025-11-29T20:53:45Z
PrizePicks,player_frees_made,Norman Powell,Under,3.5,-137,2025-11-30,2025-11-29T20:53:45Z
PrizePicks,player_frees_made,Ausar Thompson,Over,1.5,-137,2025-11-30,2025-11-29T20:53:45Z
PrizePicks,player_frees_made,Ausar Thompson,Under,1.5,-137,2025-11-30,2025-11-29T20:53:45Z
PrizePicks,player_frees_made,Jimmy Butler,Over,6.5,-137,2025-11-30,2025-11-29T20:53:59Z
PrizePicks,player_frees_made,Jimmy Butler,Under,6.5,-137,2025-11-30,2025-11-29T20:53:59Z
PrizePicks,player_frees_made,Zion Williamson,Over,5.5,-137,2025-11-30,2025-11-29T20:53:59Z
PrizePicks,player_frees_made,Zion Williamson,Under,5.5,-137,2025-11-30,2025-11-29T20:53:59Z
PrizePicks,player_frees_made,Moses Moody,Over,1.5,-137,2025-11-30,2025-11-29T20:53:59Z
PrizePicks,player_frees_made,Moses Moody,Under,1.5,-137,2025-11-30,2025-11-29T20:53:59Z
PrizePicks,player_frees_made,Will Richard,Over,0.5,-137,2025-11-30,2025-11-29T20:53:59Z
PrizePicks,player_frees_made,Will Richard,Under,0.5,-137,2025-11-30,2025-11-29T20:53:59Z
PrizePicks,player_frees_made,Nikola Jokic,Over,6.5,-137,2025-11-30,2025-11-29T20:53:35Z
PrizePicks,player_frees_made,Nikola Jokic,Under,6.5,-137,2025-11-30,2025-11-29T20:53:35Z
PrizePicks,player_frees_made,Collin Gillespie,Over,1.5,-137,2025-11-30,2025-11-29T20:53:35Z
PrizePicks,player_frees_made,Collin Gillespie,Under,1.5,-137,2025-11-30,2025-11-29T20:53:35Z
PrizePicks,player_frees_made,Peyton Watson,Over,1.5,-137,2025-11-30,2025-11-29T20:53:35Z
PrizePicks,player_frees_made,Peyton Watson,Under,1.5,-137,2025-11-30,2025-11-29T20:53:35Z
Underdog,player_frees_made,Brandon Ingram,Over,4.5,-137,2025-11-29,2025-11-29T20:53:38Z
Underdog,player_frees_made,Brandon Ingram,Under,4.5,-137,2025-11-29,2025-11-29T20:53:38Z
Underdog,player_frees_made,Miles Bridges,Over,3.5,-137,2025-11-29,2025-11-29T20:53:38Z
Underdog,player_frees_made,Miles Bridges,Under,3.5,-137,2025-11-29,2025-11-29T20:53:38Z
Underdog,player_frees_made,Immanuel Quickley,Over,2.5,-137,2025-11-29,2025-11-29T20:53:38Z
Underdog,player_frees_made,Immanuel Quickley,Under,2.5,-137,2025-11-29,2025-11-29T20:53:38Z
Underdog,player_frees_made,Bennedict Mathurin,Over,6.5,-137,2025-11-30,2025-11-29T20:54:39Z
Underdog,player_frees_made,Bennedict Mathurin,Under,6.5,-137,2025-11-30,2025-11-29T20:54:39Z
Underdog,player_frees_made,Noah Clowney,Over,4.5,-137,2025-11-30,2025-11-29T20:53:54Z
Underdog,player_frees_made,Noah Clowney,Under,4.5,-137,2025-11-30,2025-11-29T20:53:54Z
Underdog,player_frees_made,Tyler Herro,Over,3.5,-137,2025-11-30,2025-11-29T20:54:18Z
Underdog,player_frees_made,Tyler Herro,Under,3.5,-137,2025-11-30,2025-11-29T20:54:18Z
Underdog,player_frees_made,Zion Williamson,Over,5.5,-137,2025-11-30,2025-11-29T20:54:13Z
Underdog,player_frees_made,Zion Williamson,Under,5.5,-137,2025-11-30,2025-11-29T20:54:13Z
Underdog,player_frees_made,Devin Booker,Over,6.5,-137,2025-11-30,2025-11-29T20:54:34Z
Underdog,player_frees_made,Devin Booker,Under,6.5,-137,2025-11-30,2025-11-29T20:54:34Z
Betr DFS,player_frees_made,Immanuel Quickley,Over,2.5,-137,2025-11-29,2025-11-29T20:54:21Z
Betr DFS,player_frees_made,Brandon Ingram,Over,4.5,-137,2025-11-29,2025-11-29T20:54:21Z
Betr DFS,player_frees_made,Coby White,Over,4.5,-137,2025-11-30,2025-11-29T20:54:02Z
Betr DFS,player_frees_made,Josh Giddey,Over,3.5,-137,2025-11-30,2025-11-29T20:54:02Z
Betr DFS,player_frees_made,Andrew Nembhard,Over,2.5,-137,2025-11-30,2025-11-29T20:54:02Z
Betr DFS,player_frees_made,Giannis Antetokounmpo,Over,6.5,-137,2025-11-30,2025-11-29T20:54:02Z
Betr DFS,player_frees_made,Bam Adebayo,Over,3.5,-137,2025-11-30,2025-11-29T20:54:45Z
Betr DFS,player_frees_made,Norman Powell,Over,3.5,-137,2025-11-30,2025-11-29T20:54:45Z
Betr DFS,player_frees_made,Zion Williamson,Over,5.5,-137,2025-11-30,2025-11-29T20:54:57Z
Betr DFS,player_frees_made,Jimmy Butler,Over,6.5,-137,2025-11-30,2025-11-29T20:54:57Z
Betr DFS,player_frees_made,Nikola Jokic,Over,6.5,-137,2025-11-30,2025-11-29T20:54:52Z
Betr DFS,player_frees_made,Kawhi Leonard,Over,3.5,-137,2025-11-30,2025-11-29T20:54:52Z
PrizePicks,player_frees_attempts,Rudy Gobert,Over,3.5,-137,2025-11-29,2025-11-29T20:53:24Z
PrizePicks,player_frees_attempts,Rudy Gobert,Under,3.5,-137,2025-11-29,2025-11-29T20:53:24Z
PrizePicks,player_frees_attempts,Miles Bridges,Over,3.5,-137,2025-11-29,2025-11-29T20:53:43Z
PrizePicks,player_frees_attempts,Miles Bridges,Under,3.5,-137,2025-11-29,2025-11-29T20:53:43Z
PrizePicks,player_frees_attempts,Ryan Kalkbrenner,Over,0.5,-137,2025-11-29,2025-11-29T20:53:43Z
PrizePicks,player_frees_attempts,Ryan Kalkbrenner,Under,0.5,-137,2025-11-29,2025-11-29T20:53:43Z
PrizePicks,player_frees_attempts,Bennedict Mathurin,Over,7.5,-137,2025-11-30,2025-11-29T20:53:55Z
PrizePicks,player_frees_attempts,Bennedict Mathurin,Under,7.5,-137,2025-11-30,2025-11-29T20:53:55Z
PrizePicks,player_frees_attempts,Tyler Herro,Over,4.5,-137,2025-11-30,2025-11-29T20:53:45Z
PrizePicks,player_frees_attempts,Tyler Herro,Under,4.5,-137,2025-11-30,2025-11-29T20:53:45Z
PrizePicks,player_frees_attempts,Zion Williamson,Over,8.5,-137,2025-11-30,2025-11-29T20:53:59Z
PrizePicks,player_frees_attempts,Zion Williamson,Under,8.5,-137,2025-11-30,2025-11-29T20:53:59Z
PrizePicks,player_frees_attempts,P.J. Washington,Over,3.5,-137,2025-11-30,2025-11-29T20:53:24Z
PrizePicks,player_frees_attempts,P.J. Washington,Under,3.5,-137,2025-11-30,2025-11-29T20:53:24Z
PrizePicks,player_frees_attempts,Cooper Flagg,Over,3.5,-137,2025-11-30,2025-11-29T20:53:24Z
PrizePicks,player_frees_attempts,Cooper Flagg,Under,3.5,-137,2025-11-30,2025-11-29T20:53:24Z
Betr DFS,player_frees_attempts,Jaylen Brown,Over,7.5,-137,2025-11-29,2025-11-29T20:54:00Z
Betr DFS,player_frees_attempts,Rudy Gobert,Over,3.5,-137,2025-11-29,2025-11-29T20:54:00Z
Betr DFS,player_frees_attempts,Anthony Edwards,Over,7.5,-137,2025-11-29,2025-11-29T20:54:00Z
Betr DFS,player_frees_attempts,Brandon Ingram,Over,5.5,-137,2025-11-29,2025-11-29T20:54:21Z
Betr DFS,player_frees_attempts,LaMelo Ball,Over,3.5,-137,2025-11-29,2025-11-29T20:54:21Z
Betr DFS,player_frees_attempts,Collin Sexton,Over,3.5,-137,2025-11-29,2025-11-29T20:54:21Z
Betr DFS,player_frees_attempts,Miles Bridges,Over,3.5,-137,2025-11-29,2025-11-29T20:54:21Z
Betr DFS,player_frees_attempts,Josh Giddey,Over,4.5,-137,2025-11-30,2025-11-29T20:54:02Z
Betr DFS,player_frees_attempts,Bennedict Mathurin,Over,7.5,-137,2025-11-30,2025-11-29T20:54:02Z
Betr DFS,player_frees_attempts,Andrew Nembhard,Over,3.5,-137,2025-11-30,2025-11-29T20:54:02Z
Betr DFS,player_frees_attempts,Giannis Antetokounmpo,Over,9.5,-137,2025-11-30,2025-11-29T20:54:02Z
Betr DFS,player_frees_attempts,Bam Adebayo,Over,4.5,-137,2025-11-30,2025-11-29T20:54:45Z
Betr DFS,player_frees_attempts,Zion Williamson,Over,8.5,-137,2025-11-30,2025-11-29T20:54:57Z
Betr DFS,player_frees_attempts,P.J. Washington,Over,3.5,-137,2025-11-30,2025-11-29T20:54:52Z
Underdog,player_points_rebounds_assists,Anthony Edwards,Over,38.5,-137,2025-11-29,2025-11-29T20:54:13Z
Underdog,player_points_rebounds_assists,Anthony Edwards,Under,38.5,-137,2025-11-29,2025-11-29T20:54:13Z
Underdog,player_points_rebounds_assists,Anfernee Simons,Over,16.5,-137,2025-11-29,2025-11-29T20:54:13Z
Underdog,player_points_rebounds_assists,Anfernee Simons,Under,16.5,-137,2025-11-29,2025-11-29T20:54:13Z
Underdog,player_points_rebounds_assists,Jaylen Brown,Over,37.5,-137,2025-11-29,2025-11-29T20:54:13Z
Underdog,player_points_rebounds_assists,Jaylen Brown,Under,37.5,-137,2025-11-29,2025-11-29T20:54:13Z
Underdog,player_points_rebounds_assists,Julius Randle,Over,33.5,-137,2025-11-29,2025-11-29T20:54:13Z
Underdog,player_points_rebounds_assists,Julius Randle,Under,33.5,-137,2025-11-29,2025-11-29T20:54:13Z
Underdog,player_points_rebounds_assists,Derrick White,Over,26.5,-137,2025-11-29,2025-11-29T20:54:13Z
Underdog,player_points_rebounds_assists,Derrick White,Under,26.5,-137,2025-11-29,2025-11-29T20:54:13Z
Underdog,player_points_rebounds_assists,Rudy Gobert,Over,23.5,-137,2025-11-29,2025-11-29T20:54:13Z
Underdog,player_points_rebounds_assists,Rudy Gobert,Under,23.5,-137,2025-11-29,2025-11-29T20:54:13Z
Underdog,player_points_rebounds_assists,Donte DiVincenzo,Over,20.5,-137,2025-11-29,2025-11-29T20:54:13Z
Underdog,player_points_rebounds_assists,Donte DiVincenzo,Under,20.5,-137,2025-11-29,2025-11-29T20:54:13Z
Underdog,player_points_rebounds_assists,Jaden McDaniels,Over,21.5,-137,2025-11-29,2025-11-29T20:54:13Z
Underdog,player_points_rebounds_assists,Jaden McDaniels,Under,21.5,-137,2025-11-29,2025-11-29T20:54:13Z
Underdog,player_points_rebounds_assists,Payton Pritchard,Over,25.5,-137,2025-11-29,2025-11-29T20:54:13Z
Underdog,player_points_rebounds_assists,Payton Pritchard,Under,25.5,-137,2025-11-29,2025-11-29T20:54:13Z
Underdog,player_points_rebounds_assists,Naz Reid,Over,21.5,-137,2025-11-29,2025-11-29T20:54:13Z
Underdog,player_points_rebounds_assists,Naz Reid,Under,21.5,-137,2025-11-29,2025-11-29T20:54:13Z
Underdog,player_points_rebounds_assists,Jordan Walsh,Over,11.5,-137,2025-11-29,2025-11-29T20:54:13Z
Underdog,player_points_rebounds_assists,Jordan Walsh,Under,11.5,-137,2025-11-29,2025-11-29T20:54:13Z
Underdog,player_points_rebounds_assists,Sam Hauser,Over,9.5,-137,2025-11-29,2025-11-29T20:54:13Z
Underdog,player_points_rebounds_assists,Sam Hauser,Under,9.5,-137,2025-11-29,2025-11-29T20:54:13Z
Underdog,player_points_rebounds_assists,Neemias Queta,Over,18.5,-137,2025-11-29,2025-11-29T20:54:13Z
Underdog,player_points_rebounds_assists,Neemias Queta,Under,18.5,-137,2025-11-29,2025-11-29T20:54:13Z
Underdog,player_points_rebounds_assists,Scottie Barnes,Over,33.5,-137,2025-11-29,2025-11-29T20:53:38Z
Underdog,player_points_rebounds_assists,Scottie Barnes,Under,33.5,-137,2025-11-29,2025-11-29T20:53:38Z
Underdog,player_points_rebounds_assists,LaMelo Ball,Over,30.5,-137,2025-11-29,2025-11-29T20:53:38Z
Underdog,player_points_rebounds_assists,LaMelo Ball,Under,30.5,-137,2025-11-29,2025-11-29T20:53:38Z
Underdog,player_points_rebounds_assists,Brandon Ingram,Over,34.5,-137,2025-11-29,2025-11-29T20:53:38Z
Underdog,player_points_rebounds_assists,Brandon Ingram,Under,34.5,-137,2025-11-29,2025-11-29T20:53:38Z
Underdog,player_points_rebounds_assists,Brandon Miller,Over,24.5,-137,2025-11-29,2025-11-29T20:53:38Z
Underdog,player_points_rebounds_assists,Brandon Miller,Under,24.5,-137,2025-11-29,2025-11-29T20:53:38Z
Underdog,player_points_rebounds_assists,Miles Bridges,Over,29.5,-137,2025-11-29,2025-11-29T20:53:38Z
Underdog,player_points_rebounds_assists,Miles Bridges,Under,29.5,-137,2025-11-29,2025-11-29T20:53:38Z
Underdog,player_points_rebounds_assists,Immanuel Quickley,Over,28.5,-137,2025-11-29,2025-11-29T20:53:38Z
Underdog,player_points_rebounds_assists,Immanuel Quickley,Under,28.5,-137,2025-11-29,2025-11-29T20:53:38Z
Underdog,player_points_rebounds_assists,Jakob Poeltl,Over,23.5,-137,2025-11-29,2025-11-29T20:53:38Z
Underdog,player_points_rebounds_assists,Jakob Poeltl,Under,23.5,-137,2025-11-29,2025-11-29T20:53:38Z
Underdog,player_points_rebounds_assists,Collin Sexton,Over,18.5,-137,2025-11-29,2025-11-29T20:53:38Z
Underdog,player_points_rebounds_assists,Collin Sexton,Under,18.5,-137,2025-11-29,2025-11-29T20:53:38Z
Underdog,player_points_rebounds_assists,Jamal Shead,Over,14.5,-137,2025-11-29,2025-11-29T20:53:38Z
Underdog,player_points_rebounds_assists,Jamal Shead,Under,14.5,-137,2025-11-29,2025-11-29T20:53:38Z
Underdog,player_points_rebounds_assists,Ja'Kobe Walter,Over,13.5,-137,2025-11-29,2025-11-29T20:53:38Z
Underdog,player_points_rebounds_assists,Ja'Kobe Walter,Under,13.5,-137,2025-11-29,2025-11-29T20:53:38Z
Underdog,player_points_rebounds_assists,Kon Knueppel,Over,24.5,-137,2025-11-29,2025-11-29T20:53:38Z
Underdog,player_points_rebounds_assists,Kon Knueppel,Under,24.5,-137,2025-11-29,2025-11-29T20:53:38Z
Underdog,player_points_rebounds_assists,Sandro Mamukelashvili,Over,17.5,-137,2025-11-29,2025-11-29T20:53:38Z
Underdog,player_points_rebounds_assists,Sandro Mamukelashvili,Under,17.5,-137,2025-11-29,2025-11-29T20:53:38Z
Underdog,player_points_rebounds_assists,Moussa Diabate,Over,13.5,-137,2025-11-29,2025-11-29T20:53:38Z
Underdog,player_points_rebounds_assists,Moussa Diabate,Under,13.5,-137,2025-11-29,2025-11-29T20:53:38Z
Underdog,player_points_rebounds_assists,Pascal Siakam,Over,36.5,-137,2025-11-30,2025-11-29T20:54:39Z
Underdog,player_points_rebounds_assists,Pascal Siakam,Under,36.5,-137,2025-11-30,2025-11-29T20:54:39Z
Underdog,player_points_rebounds_assists,Coby White,Over,30.5,-137,2025-11-30,2025-11-29T20:54:39Z
Underdog,player_points_rebounds_assists,Coby White,Under,30.5,-137,2025-11-30,2025-11-29T20:54:39Z
Underdog,player_points_rebounds_assists,Nikola Vucevic,Over,32.5,-137,2025-11-30,2025-11-29T20:54:39Z
Underdog,player_points_rebounds_assists,Nikola Vucevic,Under,32.5,-137,2025-11-30,2025-11-29T20:54:39Z
Underdog,player_points_rebounds_assists,Josh Giddey,Over,38.5,-137,2025-11-30,2025-11-29T20:54:39Z
Underdog,player_points_rebounds_assists,Josh Giddey,Under,38.5,-137,2025-11-30,2025-11-29T20:54:39Z
Underdog,player_points_rebounds_assists,Matas Buzelis,Over,20.5,-137,2025-11-30,2025-11-29T20:54:39Z
Underdog,player_points_rebounds_assists,Matas Buzelis,Under,20.5,-137,2025-11-30,2025-11-29T20:54:39Z
Underdog,player_points_rebounds_assists,Andrew Nembhard,Over,27.5,-137,2025-11-30,2025-11-29T20:54:39Z
Underdog,player_points_rebounds_assists,Andrew Nembhard,Under,27.5,-137,2025-11-30,2025-11-29T20:54:39Z
Underdog,player_points_rebounds_assists,Ayo Dosunmu,Over,20.5,-137,2025-11-30,2025-11-29T20:54:39Z
Underdog,player_points_rebounds_assists,Ayo Dosunmu,Under,20.5,-137,2025-11-30,2025-11-29T20:54:39Z
Underdog,player_points_rebounds_assists,Bennedict Mathurin,Over,32.5,-137,2025-11-30,2025-11-29T20:54:39Z
Underdog,player_points_rebounds_assists,Bennedict Mathurin,Under,32.5,-137,2025-11-30,2025-11-29T20:54:39Z
Underdog,player_points_rebounds_assists,Kevin Huerter,Over,17.5,-137,2025-11-30,2025-11-29T20:54:39Z
Underdog,player_points_rebounds_assists,Kevin Huerter,Under,17.5,-137,2025-11-30,2025-11-29T20:54:39Z
Underdog,player_points_rebounds_assists,Ben Sheppard,Over,14.5,-137,2025-11-30,2025-11-29T20:54:39Z
Underdog,player_points_rebounds_assists,Ben Sheppard,Under,14.5,-137,2025-11-30,2025-11-29T20:54:39Z
Underdog,player_points_rebounds_assists,Giannis Antetokounmpo,Over,46.5,-137,2025-11-30,2025-11-29T20:53:54Z
Underdog,player_points_rebounds_assists,Giannis Antetokounmpo,Under,46.5,-137,2025-11-30,2025-11-29T20:53:54Z
Underdog,player_points_rebounds_assists,Kyle Kuzma,Over,19.5,-137,2025-11-30,2025-11-29T20:53:54Z
Underdog,player_points_rebounds_assists,Kyle Kuzma,Under,19.5,-137,2025-11-30,2025-11-29T20:53:54Z
Underdog,player_points_rebounds_assists,Myles Turner,Over,21.5,-137,2025-11-30,2025-11-29T20:53:54Z
Underdog,player_points_rebounds_assists,Myles Turner,Under,21.5,-137,2025-11-30,2025-11-29T20:53:54Z
Underdog,player_points_rebounds_assists,Nicolas Claxton,Over,28.5,-137,2025-11-30,2025-11-29T20:53:54Z
Underdog,player_points_rebounds_assists,Nicolas Claxton,Under,28.5,-137,2025-11-30,2025-11-29T20:53:54Z
Underdog,player_points_rebounds_assists,Terance Mann,Over,20.5,-137,2025-11-30,2025-11-29T20:53:54Z
Underdog,player_points_rebounds_assists,Terance Mann,Under,20.5,-137,2025-11-30,2025-11-29T20:53:54Z
Underdog,player_points_rebounds_assists,Gary Trent Jr,Over,11.5,-137,2025-11-30,2025-11-29T20:53:54Z
Underdog,player_points_rebounds_assists,Gary Trent Jr,Under,11.5,-137,2025-11-30,2025-11-29T20:53:54Z
Underdog,player_points_rebounds_assists,Bobby Portis,Over,17.5,-137,2025-11-30,2025-11-29T20:53:54Z
Underdog,player_points_rebounds_assists,Bobby Portis,Under,17.5,-137,2025-11-30,2025-11-29T20:53:54Z
Underdog,player_points_rebounds_assists,Ryan Rollins,Over,27.5,-137,2025-11-30,2025-11-29T20:53:54Z
Underdog,player_points_rebounds_assists,Ryan Rollins,Under,27.5,-137,2025-11-30,2025-11-29T20:53:54Z
Underdog,player_points_rebounds_assists,Noah Clowney,Over,26.5,-137,2025-11-30,2025-11-29T20:53:54Z
Underdog,player_points_rebounds_assists,Noah Clowney,Under,26.5,-137,2025-11-30,2025-11-29T20:53:54Z
Underdog,player_points_rebounds_assists,Ziaire Williams,Over,16.5,-137,2025-11-30,2025-11-29T20:53:54Z
Underdog,player_points_rebounds_assists,Ziaire Williams,Under,16.5,-137,2025-11-30,2025-11-29T20:53:54Z
Underdog,player_points_rebounds_assists,A.J. Green,Over,17.5,-137,2025-11-30,2025-11-29T20:53:54Z
Underdog,player_points_rebounds_assists,A.J. Green,Under,17.5,-137,2025-11-30,2025-11-29T20:53:54Z
Underdog,player_points_rebounds_assists,Cade Cunningham,Over,45.5,-137,2025-11-30,2025-11-29T20:54:18Z
Underdog,player_points_rebounds_assists,Cade Cunningham,Under,45.5,-137,2025-11-30,2025-11-29T20:54:18Z
Underdog,player_points_rebounds_assists,Bam Adebayo,Over,30.5,-137,2025-11-30,2025-11-29T20:54:18Z
Underdog,player_points_rebounds_assists,Bam Adebayo,Under,30.5,-137,2025-11-30,2025-11-29T20:54:18Z
Underdog,player_points_rebounds_assists,Tyler Herro,Over,31.5,-137,2025-11-30,2025-11-29T20:54:18Z
Underdog,player_points_rebounds_assists,Tyler Herro,Under,31.5,-137,2025-11-30,2025-11-29T20:54:18Z
Underdog,player_points_rebounds_assists,Andrew Wiggins,Over,22.5,-137,2025-11-30,2025-11-29T20:54:18Z
Underdog,player_points_rebounds_assists,Andrew Wiggins,Under,22.5,-137,2025-11-30,2025-11-29T20:54:18Z
Underdog,player_points_rebounds_assists,Jaden Ivey,Over,13.5,-137,2025-11-30,2025-11-29T20:54:18Z
Underdog,player_points_rebounds_assists,Jaden Ivey,Under,13.5,-137,2025-11-30,2025-11-29T20:54:18Z
Underdog,player_points_rebounds_assists,Ausar Thompson,Over,20.5,-137,2025-11-30,2025-11-29T20:54:18Z
Underdog,player_points_rebounds_assists,Ausar Thompson,Under,20.5,-137,2025-11-30,2025-11-29T20:54:18Z
Underdog,player_points_rebounds_assists,Tobias Harris,Over,20.5,-137,2025-11-30,2025-11-29T20:54:18Z
Underdog,player_points_rebounds_assists,Tobias Harris,Under,20.5,-137,2025-11-30,2025-11-29T20:54:18Z
Underdog,player_points_rebounds_assists,Norman Powell,Over,24.5,-137,2025-11-30,2025-11-29T20:54:18Z
Underdog,player_points_rebounds_assists,Norman Powell,Under,24.5,-137,2025-11-30,2025-11-29T20:54:18Z
Underdog,player_points_rebounds_assists,Isaiah Stewart II,Over,19.5,-137,2025-11-30,2025-11-29T20:54:18Z
Underdog,player_points_rebounds_assists,Isaiah Stewart II,Under,19.5,-137,2025-11-30,2025-11-29T20:54:18Z
Underdog,player_points_rebounds_assists,Caris LeVert,Over,14.5,-137,2025-11-30,2025-11-29T20:54:18Z
Underdog,player_points_rebounds_assists,Caris LeVert,Under,14.5,-137,2025-11-30,2025-11-29T20:54:18Z
Underdog,player_points_rebounds_assists,Davion Mitchell,Over,17.5,-137,2025-11-30,2025-11-29T20:54:18Z
Underdog,player_points_rebounds_assists,Davion Mitchell,Under,17.5,-137,2025-11-30,2025-11-29T20:54:18Z
Underdog,player_points_rebounds_assists,Duncan Robinson,Over,17.5,-137,2025-11-30,2025-11-29T20:54:18Z
Underdog,player_points_rebounds_assists,Duncan Robinson,Under,17.5,-137,2025-11-30,2025-11-29T20:54:18Z
Underdog,player_points_rebounds_assists,Kel'el Ware,Over,22.5,-137,2025-11-30,2025-11-29T20:54:18Z
Underdog,player_points_rebounds_assists,Kel'el Ware,Under,22.5,-137,2025-11-30,2025-11-29T20:54:18Z
Underdog,player_points_rebounds_assists,Zion Williamson,Over,31.5,-137,2025-11-30,2025-11-29T20:54:13Z
Underdog,player_points_rebounds_assists,Zion Williamson,Under,31.5,-137,2025-11-30,2025-11-29T20:54:13Z
Underdog,player_points_rebounds_assists,Jimmy Butler,Over,33.5,-137,2025-11-30,2025-11-29T20:54:13Z
Underdog,player_points_rebounds_assists,Jimmy Butler,Under,33.5,-137,2025-11-30,2025-11-29T20:54:13Z
Underdog,player_points_rebounds_assists,Draymond Green,Over,22.5,-137,2025-11-30,2025-11-29T20:54:13Z
Underdog,player_points_rebounds_assists,Draymond Green,Under,22.5,-137,2025-11-30,2025-11-29T20:54:13Z
Underdog,player_points_rebounds_assists,Jonathan Kuminga,Over,22.5,-137,2025-11-30,2025-11-29T20:54:13Z
Underdog,player_points_rebounds_assists,Jonathan Kuminga,Under,22.5,-137,2025-11-30,2025-11-29T20:54:13Z
Underdog,player_points_rebounds_assists,Brandin Podziemski,Over,23.5,-137,2025-11-30,2025-11-29T20:54:13Z
Underdog,player_points_rebounds_assists,Brandin Podziemski,Under,23.5,-137,2025-11-30,2025-11-29T20:54:13Z
Underdog,player_points_rebounds_assists,Buddy Hield,Over,14.5,-137,2025-11-30,2025-11-29T20:54:13Z
Underdog,player_points_rebounds_assists,Buddy Hield,Under,14.5,-137,2025-11-30,2025-11-29T20:54:13Z
Underdog,player_points_rebounds_assists,Yves Missi,Over,14.5,-137,2025-11-30,2025-11-29T20:54:13Z
Underdog,player_points_rebounds_assists,Yves Missi,Under,14.5,-137,2025-11-30,2025-11-29T20:54:13Z
Underdog,player_points_rebounds_assists,Jose Alvarado,Over,16.5,-137,2025-11-30,2025-11-29T20:54:13Z
Underdog,player_points_rebounds_assists,Jose Alvarado,Under,16.5,-137,2025-11-30,2025-11-29T20:54:13Z
Underdog,player_points_rebounds_assists,Trey Murphy III,Over,27.5,-137,2025-11-30,2025-11-29T20:54:13Z
Underdog,player_points_rebounds_assists,Trey Murphy III,Under,27.5,-137,2025-11-30,2025-11-29T20:54:13Z
Underdog,player_points_rebounds_assists,Saddiq Bey,Over,22.5,-137,2025-11-30,2025-11-29T20:54:13Z
Underdog,player_points_rebounds_assists,Saddiq Bey,Under,22.5,-137,2025-11-30,2025-11-29T20:54:13Z
Underdog,player_points_rebounds_assists,Moses Moody,Over,20.5,-137,2025-11-30,2025-11-29T20:54:13Z
Underdog,player_points_rebounds_assists,Moses Moody,Under,20.5,-137,2025-11-30,2025-11-29T20:54:13Z
Underdog,player_points_rebounds_assists,Jeremiah Fears,Over,19.5,-137,2025-11-30,2025-11-29T20:54:13Z
Underdog,player_points_rebounds_assists,Jeremiah Fears,Under,19.5,-137,2025-11-30,2025-11-29T20:54:13Z
Underdog,player_points_rebounds_assists,Derik Queen,Over,23.5,-137,2025-11-30,2025-11-29T20:54:13Z
Underdog,player_points_rebounds_assists,Derik Queen,Under,23.5,-137,2025-11-30,2025-11-29T20:54:13Z
Underdog,player_points_rebounds_assists,Quinten Post,Over,14.5,-137,2025-11-30,2025-11-29T20:54:13Z
Underdog,player_points_rebounds_assists,Quinten Post,Under,14.5,-137,2025-11-30,2025-11-29T20:54:13Z
Underdog,player_points_rebounds_assists,Nikola Jokic,Over,52.5,-137,2025-11-30,2025-11-29T20:54:34Z
Underdog,player_points_rebounds_assists,Nikola Jokic,Under,52.5,-137,2025-11-30,2025-11-29T20:54:34Z
Underdog,player_points_rebounds_assists,Devin Booker,Over,37.5,-137,2025-11-30,2025-11-29T20:54:34Z
Underdog,player_points_rebounds_assists,Devin Booker,Under,37.5,-137,2025-11-30,2025-11-29T20:54:34Z
Underdog,player_points_rebounds_assists,Jamal Murray,Over,35.5,-137,2025-11-30,2025-11-29T20:54:34Z
Underdog,player_points_rebounds_assists,Jamal Murray,Under,35.5,-137,2025-11-30,2025-11-29T20:54:34Z
Underdog,player_points_rebounds_assists,Dillon Brooks,Over,24.5,-137,2025-11-30,2025-11-29T20:54:34Z
Underdog,player_points_rebounds_assists,Dillon Brooks,Under,24.5,-137,2025-11-30,2025-11-29T20:54:34Z
Underdog,player_points_rebounds_assists,Cameron Johnson,Over,22.5,-137,2025-11-30,2025-11-29T20:54:34Z
Underdog,player_points_rebounds_assists,Cameron Johnson,Under,22.5,-137,2025-11-30,2025-11-29T20:54:34Z
Underdog,player_points_rebounds_assists,Mark Williams,Over,21.5,-137,2025-11-30,2025-11-29T20:54:34Z
Underdog,player_points_rebounds_assists,Mark Williams,Under,21.5,-137,2025-11-30,2025-11-29T20:54:34Z
Underdog,player_points_rebounds_assists,Bruce Brown,Over,13.5,-137,2025-11-30,2025-11-29T20:54:34Z
Underdog,player_points_rebounds_assists,Bruce Brown,Under,13.5,-137,2025-11-30,2025-11-29T20:54:34Z
Underdog,player_points_rebounds_assists,Royce O'Neale,Over,19.5,-137,2025-11-30,2025-11-29T20:54:34Z
Underdog,player_points_rebounds_assists,Royce O'Neale,Under,19.5,-137,2025-11-30,2025-11-29T20:54:34Z
Underdog,player_points_rebounds_assists,Tim Hardaway Jr,Over,15.5,-137,2025-11-30,2025-11-29T20:54:34Z
Underdog,player_points_rebounds_assists,Tim Hardaway Jr,Under,15.5,-137,2025-11-30,2025-11-29T20:54:34Z
Underdog,player_points_rebounds_assists,Peyton Watson,Over,20.5,-137,2025-11-30,2025-11-29T20:54:34Z
Underdog,player_points_rebounds_assists,Peyton Watson,Under,20.5,-137,2025-11-30,2025-11-29T20:54:34Z
Underdog,player_points_rebounds_assists,Collin Gillespie,Over,24.5,-137,2025-11-30,2025-11-29T20:54:34Z
Underdog,player_points_rebounds_assists,Collin Gillespie,Under,24.5,-137,2025-11-30,2025-11-29T20:54:34Z
Underdog,player_points_rebounds_assists,Kawhi Leonard,Over,28.5,-137,2025-11-30,2025-11-29T20:54:39Z
Underdog,player_points_rebounds_assists,Kawhi Leonard,Under,28.5,-137,2025-11-30,2025-11-29T20:54:39Z
Underdog,player_points_rebounds_assists,Cooper Flagg,Over,25.5,-137,2025-11-30,2025-11-29T20:54:39Z
Underdog,player_points_rebounds_assists,Cooper Flagg,Under,25.5,-137,2025-11-30,2025-11-29T20:54:39Z
Underdog,player_points_rebounds_assists,James Harden,Over,41.5,-137,2025-11-30,2025-11-29T20:54:39Z
Underdog,player_points_rebounds_assists,James Harden,Under,41.5,-137,2025-11-30,2025-11-29T20:54:39Z
Underdog,player_points_rebounds_assists,Ivica Zubac,Over,32.5,-137,2025-11-30,2025-11-29T20:54:39Z
Underdog,player_points_rebounds_assists,Ivica Zubac,Under,32.5,-137,2025-11-30,2025-11-29T20:54:39Z
Underdog,player_points_rebounds_assists,P.J. Washington,Over,26.5,-137,2025-11-30,2025-11-29T20:54:39Z
Underdog,player_points_rebounds_assists,P.J. Washington,Under,26.5,-137,2025-11-30,2025-11-29T20:54:39Z
Underdog,player_points_rebounds_assists,John Collins,Over,18.5,-137,2025-11-30,2025-11-29T20:54:39Z
Underdog,player_points_rebounds_assists,John Collins,Under,18.5,-137,2025-11-30,2025-11-29T20:54:39Z
Underdog,player_points_rebounds_assists,Max Christie,Over,17.5,-137,2025-11-30,2025-11-29T20:54:39Z
Underdog,player_points_rebounds_assists,Max Christie,Under,17.5,-137,2025-11-30,2025-11-29T20:54:39Z
Underdog,player_points_rebounds_assists,Kris Dunn,Over,14.5,-137,2025-11-30,2025-11-29T20:54:39Z
Underdog,player_points_rebounds_assists,Kris Dunn,Under,14.5,-137,2025-11-30,2025-11-29T20:54:39Z
Underdog,player_points_rebounds_assists,Brandon Williams,Over,18.5,-137,2025-11-30,2025-11-29T20:54:39Z
Underdog,player_points_rebounds_assists,Brandon Williams,Under,18.5,-137,2025-11-30,2025-11-29T20:54:39Z
PrizePicks,player_points_rebounds_assists,Anthony Edwards,Over,38.5,-137,2025-11-29,2025-11-29T20:53:24Z
PrizePicks,player_points_rebounds_assists,Anthony Edwards,Under,38.5,-137,2025-11-29,2025-11-29T20:53:24Z
PrizePicks,player_points_rebounds_assists,Jaylen Brown,Over,37.5,-137,2025-11-29,2025-11-29T20:53:24Z
PrizePicks,player_points_rebounds_assists,Jaylen Brown,Under,37.5,-137,2025-11-29,2025-11-29T20:53:24Z
PrizePicks,player_points_rebounds_assists,Julius Randle,Over,33.5,-137,2025-11-29,2025-11-29T20:53:24Z
PrizePicks,player_points_rebounds_assists,Julius Randle,Under,33.5,-137,2025-11-29,2025-11-29T20:53:24Z
PrizePicks,player_points_rebounds_assists,Derrick White,Over,26.5,-137,2025-11-29,2025-11-29T20:53:24Z
PrizePicks,player_points_rebounds_assists,Derrick White,Under,26.5,-137,2025-11-29,2025-11-29T20:53:24Z
PrizePicks,player_points_rebounds_assists,Payton Pritchard,Over,25.5,-137,2025-11-29,2025-11-29T20:53:24Z
PrizePicks,player_points_rebounds_assists,Payton Pritchard,Under,25.5,-137,2025-11-29,2025-11-29T20:53:24Z
PrizePicks,player_points_rebounds_assists,Rudy Gobert,Over,22.5,-137,2025-11-29,2025-11-29T20:53:24Z
PrizePicks,player_points_rebounds_assists,Rudy Gobert,Under,22.5,-137,2025-11-29,2025-11-29T20:53:24Z
PrizePicks,player_points_rebounds_assists,Jaden McDaniels,Over,21.5,-137,2025-11-29,2025-11-29T20:53:24Z
PrizePicks,player_points_rebounds_assists,Jaden McDaniels,Under,21.5,-137,2025-11-29,2025-11-29T20:53:24Z
PrizePicks,player_points_rebounds_assists,Naz Reid,Over,21.5,-137,2025-11-29,2025-11-29T20:53:24Z
PrizePicks,player_points_rebounds_assists,Naz Reid,Under,21.5,-137,2025-11-29,2025-11-29T20:53:24Z
PrizePicks,player_points_rebounds_assists,Donte DiVincenzo,Over,20.5,-137,2025-11-29,2025-11-29T20:53:24Z
PrizePicks,player_points_rebounds_assists,Donte DiVincenzo,Under,20.5,-137,2025-11-29,2025-11-29T20:53:24Z
PrizePicks,player_points_rebounds_assists,Neemias Queta,Over,18.5,-137,2025-11-29,2025-11-29T20:53:24Z
PrizePicks,player_points_rebounds_assists,Neemias Queta,Under,18.5,-137,2025-11-29,2025-11-29T20:53:24Z
PrizePicks,player_points_rebounds_assists,Anfernee Simons,Over,16.5,-137,2025-11-29,2025-11-29T20:53:24Z
PrizePicks,player_points_rebounds_assists,Anfernee Simons,Under,16.5,-137,2025-11-29,2025-11-29T20:53:24Z
PrizePicks,player_points_rebounds_assists,Jordan Walsh,Over,11.5,-137,2025-11-29,2025-11-29T20:53:24Z
PrizePicks,player_points_rebounds_assists,Jordan Walsh,Under,11.5,-137,2025-11-29,2025-11-29T20:53:24Z
PrizePicks,player_points_rebounds_assists,Mike Conley,Over,9.0,-137,2025-11-29,2025-11-29T20:53:24Z
PrizePicks,player_points_rebounds_assists,Mike Conley,Under,9.0,-137,2025-11-29,2025-11-29T20:53:24Z
PrizePicks,player_points_rebounds_assists,Brandon Ingram,Over,34.5,-137,2025-11-29,2025-11-29T20:53:43Z
PrizePicks,player_points_rebounds_assists,Brandon Ingram,Under,34.5,-137,2025-11-29,2025-11-29T20:53:43Z
PrizePicks,player_points_rebounds_assists,Scottie Barnes,Over,33.5,-137,2025-11-29,2025-11-29T20:53:43Z
PrizePicks,player_points_rebounds_assists,Scottie Barnes,Under,33.5,-137,2025-11-29,2025-11-29T20:53:43Z
PrizePicks,player_points_rebounds_assists,LaMelo Ball,Over,30.5,-137,2025-11-29,2025-11-29T20:53:43Z
PrizePicks,player_points_rebounds_assists,LaMelo Ball,Under,30.5,-137,2025-11-29,2025-11-29T20:53:43Z
PrizePicks,player_points_rebounds_assists,Miles Bridges,Over,29.5,-137,2025-11-29,2025-11-29T20:53:43Z
PrizePicks,player_points_rebounds_assists,Miles Bridges,Under,29.5,-137,2025-11-29,2025-11-29T20:53:43Z
PrizePicks,player_points_rebounds_assists,Immanuel Quickley,Over,28.5,-137,2025-11-29,2025-11-29T20:53:43Z
PrizePicks,player_points_rebounds_assists,Immanuel Quickley,Under,28.5,-137,2025-11-29,2025-11-29T20:53:43Z
PrizePicks,player_points_rebounds_assists,Kon Knueppel,Over,24.5,-137,2025-11-29,2025-11-29T20:53:43Z
PrizePicks,player_points_rebounds_assists,Kon Knueppel,Under,24.5,-137,2025-11-29,2025-11-29T20:53:43Z
PrizePicks,player_points_rebounds_assists,Brandon Miller,Over,24.5,-137,2025-11-29,2025-11-29T20:53:43Z
PrizePicks,player_points_rebounds_assists,Brandon Miller,Under,24.5,-137,2025-11-29,2025-11-29T20:53:43Z
PrizePicks,player_points_rebounds_assists,Jakob Poeltl,Over,23.5,-137,2025-11-29,2025-11-29T20:53:43Z
PrizePicks,player_points_rebounds_assists,Jakob Poeltl,Under,23.5,-137,2025-11-29,2025-11-29T20:53:43Z
PrizePicks,player_points_rebounds_assists,Collin Sexton,Over,19.5,-137,2025-11-29,2025-11-29T20:53:43Z
PrizePicks,player_points_rebounds_assists,Collin Sexton,Under,19.5,-137,2025-11-29,2025-11-29T20:53:43Z
PrizePicks,player_points_rebounds_assists,Sandro Mamukelashvili,Over,17.5,-137,2025-11-29,2025-11-29T20:53:43Z
PrizePicks,player_points_rebounds_assists,Sandro Mamukelashvili,Under,17.5,-137,2025-11-29,2025-11-29T20:53:43Z
PrizePicks,player_points_rebounds_assists,Jamal Shead,Over,14.5,-137,2025-11-29,2025-11-29T20:53:43Z
PrizePicks,player_points_rebounds_assists,Jamal Shead,Under,14.5,-137,2025-11-29,2025-11-29T20:53:43Z
PrizePicks,player_points_rebounds_assists,Ryan Kalkbrenner,Over,14.5,-137,2025-11-29,2025-11-29T20:53:43Z
PrizePicks,player_points_rebounds_assists,Ryan Kalkbrenner,Under,14.5,-137,2025-11-29,2025-11-29T20:53:43Z
PrizePicks,player_points_rebounds_assists,Josh Giddey,Over,38.5,-137,2025-11-30,2025-11-29T20:53:55Z
PrizePicks,player_points_rebounds_assists,Josh Giddey,Under,38.5,-137,2025-11-30,2025-11-29T20:53:55Z
PrizePicks,player_points_rebounds_assists,Pascal Siakam,Over,36.5,-137,2025-11-30,2025-11-29T20:53:55Z
PrizePicks,player_points_rebounds_assists,Pascal Siakam,Under,36.5,-137,2025-11-30,2025-11-29T20:53:55Z
PrizePicks,player_points_rebounds_assists,Bennedict Mathurin,Over,32.5,-137,2025-11-30,2025-11-29T20:53:55Z
PrizePicks,player_points_rebounds_assists,Bennedict Mathurin,Under,32.5,-137,2025-11-30,2025-11-29T20:53:55Z
PrizePicks,player_points_rebounds_assists,Nikola Vucevic,Over,32.0,-137,2025-11-30,2025-11-29T20:53:55Z
PrizePicks,player_points_rebounds_assists,Nikola Vucevic,Under,32.0,-137,2025-11-30,2025-11-29T20:53:55Z
PrizePicks,player_points_rebounds_assists,Coby White,Over,31.0,-137,2025-11-30,2025-11-29T20:53:55Z
PrizePicks,player_points_rebounds_assists,Coby White,Under,31.0,-137,2025-11-30,2025-11-29T20:53:55Z
PrizePicks,player_points_rebounds_assists,Andrew Nembhard,Over,27.5,-137,2025-11-30,2025-11-29T20:53:55Z
PrizePicks,player_points_rebounds_assists,Andrew Nembhard,Under,27.5,-137,2025-11-30,2025-11-29T20:53:55Z
PrizePicks,player_points_rebounds_assists,Matas Buzelis,Over,20.5,-137,2025-11-30,2025-11-29T20:53:55Z
PrizePicks,player_points_rebounds_assists,Matas Buzelis,Under,20.5,-137,2025-11-30,2025-11-29T20:53:55Z
PrizePicks,player_points_rebounds_assists,Ayo Dosunmu,Over,20.5,-137,2025-11-30,2025-11-29T20:53:55Z
PrizePicks,player_points_rebounds_assists,Ayo Dosunmu,Under,20.5,-137,2025-11-30,2025-11-29T20:53:55Z
PrizePicks,player_points_rebounds_assists,Tre Jones,Over,18.5,-137,2025-11-30,2025-11-29T20:53:55Z
PrizePicks,player_points_rebounds_assists,Tre Jones,Under,18.5,-137,2025-11-30,2025-11-29T20:53:55Z
PrizePicks,player_points_rebounds_assists,Kevin Huerter,Over,17.5,-137,2025-11-30,2025-11-29T20:53:55Z
PrizePicks,player_points_rebounds_assists,Kevin Huerter,Under,17.5,-137,2025-11-30,2025-11-29T20:53:55Z
PrizePicks,player_points_rebounds_assists,Ben Sheppard,Over,14.5,-137,2025-11-30,2025-11-29T20:53:55Z
PrizePicks,player_points_rebounds_assists,Ben Sheppard,Under,14.5,-137,2025-11-30,2025-11-29T20:53:55Z
PrizePicks,player_points_rebounds_assists,Giannis Antetokounmpo,Over,46.5,-137,2025-11-30,2025-11-29T20:54:01Z
PrizePicks,player_points_rebounds_assists,Giannis Antetokounmpo,Under,46.5,-137,2025-11-30,2025-11-29T20:54:01Z
PrizePicks,player_points_rebounds_assists,Nicolas Claxton,Over,28.5,-137,2025-11-30,2025-11-29T20:54:01Z
PrizePicks,player_points_rebounds_assists,Nicolas Claxton,Under,28.5,-137,2025-11-30,2025-11-29T20:54:01Z
PrizePicks,player_points_rebounds_assists,Ryan Rollins,Over,27.5,-137,2025-11-30,2025-11-29T20:54:01Z
PrizePicks,player_points_rebounds_assists,Ryan Rollins,Under,27.5,-137,2025-11-30,2025-11-29T20:54:01Z
PrizePicks,player_points_rebounds_assists,Noah Clowney,Over,26.5,-137,2025-11-30,2025-11-29T20:54:01Z
PrizePicks,player_points_rebounds_assists,Noah Clowney,Under,26.5,-137,2025-11-30,2025-11-29T20:54:01Z
PrizePicks,player_points_rebounds_assists,Myles Turner,Over,21.5,-137,2025-11-30,2025-11-29T20:54:01Z
PrizePicks,player_points_rebounds_assists,Myles Turner,Under,21.5,-137,2025-11-30,2025-11-29T20:54:01Z
PrizePicks,player_points_rebounds_assists,Tyrese Martin,Over,20.5,-137,2025-11-30,2025-11-29T20:54:01Z
PrizePicks,player_points_rebounds_assists,Tyrese Martin,Under,20.5,-137,2025-11-30,2025-11-29T20:54:01Z
PrizePicks,player_points_rebounds_assists,Kyle Kuzma,Over,19.5,-137,2025-11-30,2025-11-29T20:54:01Z
PrizePicks,player_points_rebounds_assists,Kyle Kuzma,Under,19.5,-137,2025-11-30,2025-11-29T20:54:01Z
PrizePicks,player_points_rebounds_assists,Terance Mann,Over,19.5,-137,2025-11-30,2025-11-29T20:54:01Z
PrizePicks,player_points_rebounds_assists,Terance Mann,Under,19.5,-137,2025-11-30,2025-11-29T20:54:01Z
PrizePicks,player_points_rebounds_assists,A.J. Green,Over,17.5,-137,2025-11-30,2025-11-29T20:54:01Z
PrizePicks,player_points_rebounds_assists,A.J. Green,Under,17.5,-137,2025-11-30,2025-11-29T20:54:01Z
PrizePicks,player_points_rebounds_assists,Bobby Portis,Over,17.5,-137,2025-11-30,2025-11-29T20:54:01Z
PrizePicks,player_points_rebounds_assists,Bobby Portis,Under,17.5,-137,2025-11-30,2025-11-29T20:54:01Z
PrizePicks,player_points_rebounds_assists,A.J. Green,Over,17.5,-137,2025-11-30,2025-11-29T20:54:01Z
PrizePicks,player_points_rebounds_assists,A.J. Green,Under,17.5,-137,2025-11-30,2025-11-29T20:54:01Z
PrizePicks,player_points_rebounds_assists,Ziaire Williams,Over,17.5,-137,2025-11-30,2025-11-29T20:54:01Z
PrizePicks,player_points_rebounds_assists,Ziaire Williams,Under,17.5,-137,2025-11-30,2025-11-29T20:54:01Z
PrizePicks,player_points_rebounds_assists,Gary Trent Jr,Over,11.5,-137,2025-11-30,2025-11-29T20:54:01Z
PrizePicks,player_points_rebounds_assists,Gary Trent Jr,Under,11.5,-137,2025-11-30,2025-11-29T20:54:01Z
PrizePicks,player_points_rebounds_assists,Cade Cunningham,Over,45.5,-137,2025-11-30,2025-11-29T20:53:45Z
PrizePicks,player_points_rebounds_assists,Cade Cunningham,Under,45.5,-137,2025-11-30,2025-11-29T20:53:45Z
PrizePicks,player_points_rebounds_assists,Tyler Herro,Over,31.5,-137,2025-11-30,2025-11-29T20:53:45Z
PrizePicks,player_points_rebounds_assists,Tyler Herro,Under,31.5,-137,2025-11-30,2025-11-29T20:53:45Z
PrizePicks,player_points_rebounds_assists,Bam Adebayo,Over,30.5,-137,2025-11-30,2025-11-29T20:53:45Z
PrizePicks,player_points_rebounds_assists,Bam Adebayo,Under,30.5,-137,2025-11-30,2025-11-29T20:53:45Z
PrizePicks,player_points_rebounds_assists,Norman Powell,Over,24.5,-137,2025-11-30,2025-11-29T20:53:45Z
PrizePicks,player_points_rebounds_assists,Norman Powell,Under,24.5,-137,2025-11-30,2025-11-29T20:53:45Z
PrizePicks,player_points_rebounds_assists,Andrew Wiggins,Over,22.5,-137,2025-11-30,2025-11-29T20:53:45Z
PrizePicks,player_points_rebounds_assists,Andrew Wiggins,Under,22.5,-137,2025-11-30,2025-11-29T20:53:45Z
PrizePicks,player_points_rebounds_assists,Kel'el Ware,Over,22.5,-137,2025-11-30,2025-11-29T20:53:45Z
PrizePicks,player_points_rebounds_assists,Kel'el Ware,Under,22.5,-137,2025-11-30,2025-11-29T20:53:45Z
PrizePicks,player_points_rebounds_assists,Ausar Thompson,Over,20.5,-137,2025-11-30,2025-11-29T20:53:45Z
PrizePicks,player_points_rebounds_assists,Ausar Thompson,Under,20.5,-137,2025-11-30,2025-11-29T20:53:45Z
PrizePicks,player_points_rebounds_assists,Tobias Harris,Over,20.5,-137,2025-11-30,2025-11-29T20:53:45Z
PrizePicks,player_points_rebounds_assists,Tobias Harris,Under,20.5,-137,2025-11-30,2025-11-29T20:53:45Z
PrizePicks,player_points_rebounds_assists,Davion Mitchell,Over,18.0,-137,2025-11-30,2025-11-29T20:53:45Z
PrizePicks,player_points_rebounds_assists,Davion Mitchell,Under,18.0,-137,2025-11-30,2025-11-29T20:53:45Z
PrizePicks,player_points_rebounds_assists,Duncan Robinson,Over,17.0,-137,2025-11-30,2025-11-29T20:53:45Z
PrizePicks,player_points_rebounds_assists,Duncan Robinson,Under,17.0,-137,2025-11-30,2025-11-29T20:53:45Z
PrizePicks,player_points_rebounds_assists,Caris LeVert,Over,14.5,-137,2025-11-30,2025-11-29T20:53:45Z
PrizePicks,player_points_rebounds_assists,Caris LeVert,Under,14.5,-137,2025-11-30,2025-11-29T20:53:45Z
PrizePicks,player_points_rebounds_assists,Jaden Ivey,Over,13.5,-137,2025-11-30,2025-11-29T20:53:45Z
PrizePicks,player_points_rebounds_assists,Jaden Ivey,Under,13.5,-137,2025-11-30,2025-11-29T20:53:45Z
PrizePicks,player_points_rebounds_assists,Jimmy Butler,Over,33.5,-137,2025-11-30,2025-11-29T20:53:59Z
PrizePicks,player_points_rebounds_assists,Jimmy Butler,Under,33.5,-137,2025-11-30,2025-11-29T20:53:59Z
PrizePicks,player_points_rebounds_assists,Zion Williamson,Over,31.5,-137,2025-11-30,2025-11-29T20:53:59Z
PrizePicks,player_points_rebounds_assists,Zion Williamson,Under,31.5,-137,2025-11-30,2025-11-29T20:53:59Z
PrizePicks,player_points_rebounds_assists,Trey Murphy III,Over,27.5,-137,2025-11-30,2025-11-29T20:53:59Z
PrizePicks,player_points_rebounds_assists,Trey Murphy III,Under,27.5,-137,2025-11-30,2025-11-29T20:53:59Z
PrizePicks,player_points_rebounds_assists,Brandin Podziemski,Over,23.5,-137,2025-11-30,2025-11-29T20:53:59Z
PrizePicks,player_points_rebounds_assists,Brandin Podziemski,Under,23.5,-137,2025-11-30,2025-11-29T20:53:59Z
PrizePicks,player_points_rebounds_assists,Derik Queen,Over,23.5,-137,2025-11-30,2025-11-29T20:53:59Z
PrizePicks,player_points_rebounds_assists,Derik Queen,Under,23.5,-137,2025-11-30,2025-11-29T20:53:59Z
PrizePicks,player_points_rebounds_assists,Draymond Green,Over,23.0,-137,2025-11-30,2025-11-29T20:53:59Z
PrizePicks,player_points_rebounds_assists,Draymond Green,Under,23.0,-137,2025-11-30,2025-11-29T20:53:59Z
PrizePicks,player_points_rebounds_assists,Saddiq Bey,Over,22.5,-137,2025-11-30,2025-11-29T20:53:59Z
PrizePicks,player_points_rebounds_assists,Saddiq Bey,Under,22.5,-137,2025-11-30,2025-11-29T20:53:59Z
PrizePicks,player_points_rebounds_assists,Jonathan Kuminga,Over,22.5,-137,2025-11-30,2025-11-29T20:53:59Z
PrizePicks,player_points_rebounds_assists,Jonathan Kuminga,Under,22.5,-137,2025-11-30,2025-11-29T20:53:59Z
PrizePicks,player_points_rebounds_assists,Moses Moody,Over,21.0,-137,2025-11-30,2025-11-29T20:53:59Z
PrizePicks,player_points_rebounds_assists,Moses Moody,Under,21.0,-137,2025-11-30,2025-11-29T20:53:59Z
PrizePicks,player_points_rebounds_assists,Jeremiah Fears,Over,19.5,-137,2025-11-30,2025-11-29T20:53:59Z
PrizePicks,player_points_rebounds_assists,Jeremiah Fears,Under,19.5,-137,2025-11-30,2025-11-29T20:53:59Z
PrizePicks,player_points_rebounds_assists,Jose Alvarado,Over,16.5,-137,2025-11-30,2025-11-29T20:53:59Z
PrizePicks,player_points_rebounds_assists,Jose Alvarado,Under,16.5,-137,2025-11-30,2025-11-29T20:53:59Z
PrizePicks,player_points_rebounds_assists,Quinten Post,Over,14.5,-137,2025-11-30,2025-11-29T20:53:59Z
PrizePicks,player_points_rebounds_assists,Quinten Post,Under,14.5,-137,2025-11-30,2025-11-29T20:53:59Z
PrizePicks,player_points_rebounds_assists,Yves Missi,Over,14.5,-137,2025-11-30,2025-11-29T20:53:59Z
PrizePicks,player_points_rebounds_assists,Yves Missi,Under,14.5,-137,2025-11-30,2025-11-29T20:53:59Z
PrizePicks,player_points_rebounds_assists,Buddy Hield,Over,14.5,-137,2025-11-30,2025-11-29T20:53:59Z
PrizePicks,player_points_rebounds_assists,Buddy Hield,Under,14.5,-137,2025-11-30,2025-11-29T20:53:59Z
PrizePicks,player_points_rebounds_assists,Will Richard,Over,13.5,-137,2025-11-30,2025-11-29T20:53:59Z
PrizePicks,player_points_rebounds_assists,Will Richard,Under,13.5,-137,2025-11-30,2025-11-29T20:53:59Z
PrizePicks,player_points_rebounds_assists,Nikola Jokic,Over,53.5,-137,2025-11-30,2025-11-29T20:53:35Z
PrizePicks,player_points_rebounds_assists,Nikola Jokic,Under,53.5,-137,2025-11-30,2025-11-29T20:53:35Z
PrizePicks,player_points_rebounds_assists,Devin Booker,Over,37.5,-137,2025-11-30,2025-11-29T20:53:35Z
PrizePicks,player_points_rebounds_assists,Devin Booker,Under,37.5,-137,2025-11-30,2025-11-29T20:53:35Z
PrizePicks,player_points_rebounds_assists,Jamal Murray,Over,35.5,-137,2025-11-30,2025-11-29T20:53:35Z
PrizePicks,player_points_rebounds_assists,Jamal Murray,Under,35.5,-137,2025-11-30,2025-11-29T20:53:35Z
PrizePicks,player_points_rebounds_assists,Collin Gillespie,Over,24.5,-137,2025-11-30,2025-11-29T20:53:35Z
PrizePicks,player_points_rebounds_assists,Collin Gillespie,Under,24.5,-137,2025-11-30,2025-11-29T20:53:35Z
PrizePicks,player_points_rebounds_assists,Dillon Brooks,Over,24.5,-137,2025-11-30,2025-11-29T20:53:35Z
PrizePicks,player_points_rebounds_assists,Dillon Brooks,Under,24.5,-137,2025-11-30,2025-11-29T20:53:35Z
PrizePicks,player_points_rebounds_assists,Cameron Johnson,Over,22.5,-137,2025-11-30,2025-11-29T20:53:35Z
PrizePicks,player_points_rebounds_assists,Cameron Johnson,Under,22.5,-137,2025-11-30,2025-11-29T20:53:35Z
PrizePicks,player_points_rebounds_assists,Peyton Watson,Over,20.5,-137,2025-11-30,2025-11-29T20:53:35Z
PrizePicks,player_points_rebounds_assists,Peyton Watson,Under,20.5,-137,2025-11-30,2025-11-29T20:53:35Z
PrizePicks,player_points_rebounds_assists,Royce O'Neale,Over,19.5,-137,2025-11-30,2025-11-29T20:53:35Z
PrizePicks,player_points_rebounds_assists,Royce O'Neale,Under,19.5,-137,2025-11-30,2025-11-29T20:53:35Z
PrizePicks,player_points_rebounds_assists,Tim Hardaway Jr,Over,15.5,-137,2025-11-30,2025-11-29T20:53:35Z
PrizePicks,player_points_rebounds_assists,Tim Hardaway Jr,Under,15.5,-137,2025-11-30,2025-11-29T20:53:35Z
PrizePicks,player_points_rebounds_assists,Bruce Brown,Over,13.5,-137,2025-11-30,2025-11-29T20:53:35Z
PrizePicks,player_points_rebounds_assists,Bruce Brown,Under,13.5,-137,2025-11-30,2025-11-29T20:53:35Z
PrizePicks,player_points_rebounds_assists,James Harden,Over,41.5,-137,2025-11-30,2025-11-29T20:53:24Z
PrizePicks,player_points_rebounds_assists,James Harden,Under,41.5,-137,2025-11-30,2025-11-29T20:53:24Z
PrizePicks,player_points_rebounds_assists,Ivica Zubac,Over,32.5,-137,2025-11-30,2025-11-29T20:53:24Z
PrizePicks,player_points_rebounds_assists,Ivica Zubac,Under,32.5,-137,2025-11-30,2025-11-29T20:53:24Z
PrizePicks,player_points_rebounds_assists,Kawhi Leonard,Over,28.5,-137,2025-11-30,2025-11-29T20:53:24Z
PrizePicks,player_points_rebounds_assists,Kawhi Leonard,Under,28.5,-137,2025-11-30,2025-11-29T20:53:24Z
PrizePicks,player_points_rebounds_assists,P.J. Washington,Over,27.5,-137,2025-11-30,2025-11-29T20:53:24Z
PrizePicks,player_points_rebounds_assists,P.J. Washington,Under,27.5,-137,2025-11-30,2025-11-29T20:53:24Z
PrizePicks,player_points_rebounds_assists,Cooper Flagg,Over,26.5,-137,2025-11-30,2025-11-29T20:53:24Z
PrizePicks,player_points_rebounds_assists,Cooper Flagg,Under,26.5,-137,2025-11-30,2025-11-29T20:53:24Z
PrizePicks,player_points_rebounds_assists,John Collins,Over,18.5,-137,2025-11-30,2025-11-29T20:53:24Z
PrizePicks,player_points_rebounds_assists,John Collins,Under,18.5,-137,2025-11-30,2025-11-29T20:53:24Z
PrizePicks,player_points_rebounds_assists,Brandon Williams,Over,18.5,-137,2025-11-30,2025-11-29T20:53:24Z
PrizePicks,player_points_rebounds_assists,Brandon Williams,Under,18.5,-137,2025-11-30,2025-11-29T20:53:24Z
PrizePicks,player_points_rebounds_assists,Max Christie,Over,16.5,-137,2025-11-30,2025-11-29T20:53:24Z
PrizePicks,player_points_rebounds_assists,Max Christie,Under,16.5,-137,2025-11-30,2025-11-29T20:53:24Z
PrizePicks,player_points_rebounds_assists,Kris Dunn,Over,14.5,-137,2025-11-30,2025-11-29T20:53:24Z
PrizePicks,player_points_rebounds_assists,Kris Dunn,Under,14.5,-137,2025-11-30,2025-11-29T20:53:24Z
Betr DFS,player_points_rebounds_assists,Jaylen Brown,Over,36.5,-137,2025-11-29,2025-11-29T20:54:00Z
Betr DFS,player_points_rebounds_assists,Jaylen Brown,Under,36.5,-137,2025-11-29,2025-11-29T20:54:00Z
Betr DFS,player_points_rebounds_assists,Derrick White,Over,26.5,-137,2025-11-29,2025-11-29T20:54:00Z
Betr DFS,player_points_rebounds_assists,Derrick White,Under,26.5,-137,2025-11-29,2025-11-29T20:54:00Z
Betr DFS,player_points_rebounds_assists,Payton Pritchard,Over,25.5,-137,2025-11-29,2025-11-29T20:54:00Z
Betr DFS,player_points_rebounds_assists,Payton Pritchard,Under,25.5,-137,2025-11-29,2025-11-29T20:54:00Z
Betr DFS,player_points_rebounds_assists,Neemias Queta,Over,18.5,-137,2025-11-29,2025-11-29T20:54:00Z
Betr DFS,player_points_rebounds_assists,Neemias Queta,Under,18.5,-137,2025-11-29,2025-11-29T20:54:00Z
Betr DFS,player_points_rebounds_assists,Julius Randle,Over,33.5,-137,2025-11-29,2025-11-29T20:54:00Z
Betr DFS,player_points_rebounds_assists,Julius Randle,Under,33.5,-137,2025-11-29,2025-11-29T20:54:00Z
Betr DFS,player_points_rebounds_assists,Rudy Gobert,Over,23.5,-137,2025-11-29,2025-11-29T20:54:00Z
Betr DFS,player_points_rebounds_assists,Rudy Gobert,Under,23.5,-137,2025-11-29,2025-11-29T20:54:00Z
Betr DFS,player_points_rebounds_assists,Naz Reid,Under,20.5,-137,2025-11-29,2025-11-29T20:54:00Z
Betr DFS,player_points_rebounds_assists,Naz Reid,Over,20.5,-137,2025-11-29,2025-11-29T20:54:00Z
Betr DFS,player_points_rebounds_assists,Anthony Edwards,Over,38.5,-137,2025-11-29,2025-11-29T20:54:00Z
Betr DFS,player_points_rebounds_assists,Anthony Edwards,Under,38.5,-137,2025-11-29,2025-11-29T20:54:00Z
Betr DFS,player_points_rebounds_assists,Jaden McDaniels,Over,21.5,-137,2025-11-29,2025-11-29T20:54:00Z
Betr DFS,player_points_rebounds_assists,Jaden McDaniels,Under,21.5,-137,2025-11-29,2025-11-29T20:54:00Z
Betr DFS,player_points_rebounds_assists,Donte DiVincenzo,Over,20.5,-137,2025-11-29,2025-11-29T20:54:00Z
Betr DFS,player_points_rebounds_assists,Donte DiVincenzo,Under,20.5,-137,2025-11-29,2025-11-29T20:54:00Z
Betr DFS,player_points_rebounds_assists,Immanuel Quickley,Over,28.5,-137,2025-11-29,2025-11-29T20:54:21Z
Betr DFS,player_points_rebounds_assists,Immanuel Quickley,Under,28.5,-137,2025-11-29,2025-11-29T20:54:21Z
Betr DFS,player_points_rebounds_assists,Jakob Poeltl,Over,23.5,-137,2025-11-29,2025-11-29T20:54:21Z
Betr DFS,player_points_rebounds_assists,Jakob Poeltl,Under,23.5,-137,2025-11-29,2025-11-29T20:54:21Z
Betr DFS,player_points_rebounds_assists,Scottie Barnes,Over,33.5,-137,2025-11-29,2025-11-29T20:54:21Z
Betr DFS,player_points_rebounds_assists,Scottie Barnes,Under,33.5,-137,2025-11-29,2025-11-29T20:54:21Z
Betr DFS,player_points_rebounds_assists,Brandon Ingram,Over,35.5,-137,2025-11-29,2025-11-29T20:54:21Z
Betr DFS,player_points_rebounds_assists,Brandon Ingram,Under,35.5,-137,2025-11-29,2025-11-29T20:54:21Z
Betr DFS,player_points_rebounds_assists,Sandro Mamukelashvili,Over,17.5,-137,2025-11-29,2025-11-29T20:54:21Z
Betr DFS,player_points_rebounds_assists,Sandro Mamukelashvili,Under,17.5,-137,2025-11-29,2025-11-29T20:54:21Z
Betr DFS,player_points_rebounds_assists,LaMelo Ball,Over,29.5,-137,2025-11-29,2025-11-29T20:54:21Z
Betr DFS,player_points_rebounds_assists,LaMelo Ball,Under,29.5,-137,2025-11-29,2025-11-29T20:54:21Z
Betr DFS,player_points_rebounds_assists,Collin Sexton,Over,18.5,-137,2025-11-29,2025-11-29T20:54:21Z
Betr DFS,player_points_rebounds_assists,Collin Sexton,Under,18.5,-137,2025-11-29,2025-11-29T20:54:21Z
Betr DFS,player_points_rebounds_assists,Brandon Miller,Over,24.5,-137,2025-11-29,2025-11-29T20:54:21Z
Betr DFS,player_points_rebounds_assists,Brandon Miller,Under,24.5,-137,2025-11-29,2025-11-29T20:54:21Z
Betr DFS,player_points_rebounds_assists,Miles Bridges,Over,29.5,-137,2025-11-29,2025-11-29T20:54:21Z
Betr DFS,player_points_rebounds_assists,Miles Bridges,Under,29.5,-137,2025-11-29,2025-11-29T20:54:21Z
Betr DFS,player_points_rebounds_assists,Nikola Vucevic,Over,32.5,-137,2025-11-30,2025-11-29T20:54:02Z
Betr DFS,player_points_rebounds_assists,Nikola Vucevic,Under,32.5,-137,2025-11-30,2025-11-29T20:54:02Z
Betr DFS,player_points_rebounds_assists,Coby White,Over,30.5,-137,2025-11-30,2025-11-29T20:54:02Z
Betr DFS,player_points_rebounds_assists,Coby White,Under,30.5,-137,2025-11-30,2025-11-29T20:54:02Z
Betr DFS,player_points_rebounds_assists,Ayo Dosunmu,Over,20.5,-137,2025-11-30,2025-11-29T20:54:02Z
Betr DFS,player_points_rebounds_assists,Ayo Dosunmu,Under,20.5,-137,2025-11-30,2025-11-29T20:54:02Z
Betr DFS,player_points_rebounds_assists,Josh Giddey,Over,38.5,-137,2025-11-30,2025-11-29T20:54:02Z
Betr DFS,player_points_rebounds_assists,Josh Giddey,Under,38.5,-137,2025-11-30,2025-11-29T20:54:02Z
Betr DFS,player_points_rebounds_assists,Kevin Huerter,Over,17.5,-137,2025-11-30,2025-11-29T20:54:02Z
Betr DFS,player_points_rebounds_assists,Kevin Huerter,Under,17.5,-137,2025-11-30,2025-11-29T20:54:02Z
Betr DFS,player_points_rebounds_assists,Matas Buzelis,Over,20.5,-137,2025-11-30,2025-11-29T20:54:02Z
Betr DFS,player_points_rebounds_assists,Matas Buzelis,Under,20.5,-137,2025-11-30,2025-11-29T20:54:02Z
Betr DFS,player_points_rebounds_assists,Pascal Siakam,Over,36.5,-137,2025-11-30,2025-11-29T20:54:02Z
Betr DFS,player_points_rebounds_assists,Pascal Siakam,Under,36.5,-137,2025-11-30,2025-11-29T20:54:02Z
Betr DFS,player_points_rebounds_assists,Bennedict Mathurin,Over,32.5,-137,2025-11-30,2025-11-29T20:54:02Z
Betr DFS,player_points_rebounds_assists,Bennedict Mathurin,Under,32.5,-137,2025-11-30,2025-11-29T20:54:02Z
Betr DFS,player_points_rebounds_assists,Andrew Nembhard,Over,27.5,-137,2025-11-30,2025-11-29T20:54:02Z
Betr DFS,player_points_rebounds_assists,Andrew Nembhard,Under,27.5,-137,2025-11-30,2025-11-29T20:54:02Z
Betr DFS,player_points_rebounds_assists,Tyrese Martin,Over,20.5,-137,2025-11-30,2025-11-29T20:54:02Z
Betr DFS,player_points_rebounds_assists,Tyrese Martin,Under,20.5,-137,2025-11-30,2025-11-29T20:54:02Z
Betr DFS,player_points_rebounds_assists,Nicolas Claxton,Over,28.5,-137,2025-11-30,2025-11-29T20:54:02Z
Betr DFS,player_points_rebounds_assists,Nicolas Claxton,Under,28.5,-137,2025-11-30,2025-11-29T20:54:02Z
Betr DFS,player_points_rebounds_assists,Terance Mann,Over,20.5,-137,2025-11-30,2025-11-29T20:54:02Z
Betr DFS,player_points_rebounds_assists,Terance Mann,Under,20.5,-137,2025-11-30,2025-11-29T20:54:02Z
Betr DFS,player_points_rebounds_assists,Noah Clowney,Over,26.5,-137,2025-11-30,2025-11-29T20:54:02Z
Betr DFS,player_points_rebounds_assists,Noah Clowney,Under,26.5,-137,2025-11-30,2025-11-29T20:54:02Z
Betr DFS,player_points_rebounds_assists,Kyle Kuzma,Over,19.5,-137,2025-11-30,2025-11-29T20:54:02Z
Betr DFS,player_points_rebounds_assists,Kyle Kuzma,Under,19.5,-137,2025-11-30,2025-11-29T20:54:02Z
Betr DFS,player_points_rebounds_assists,Myles Turner,Over,21.5,-137,2025-11-30,2025-11-29T20:54:02Z
Betr DFS,player_points_rebounds_assists,Myles Turner,Under,21.5,-137,2025-11-30,2025-11-29T20:54:02Z
Betr DFS,player_points_rebounds_assists,Giannis Antetokounmpo,Over,45.5,-137,2025-11-30,2025-11-29T20:54:02Z
Betr DFS,player_points_rebounds_assists,Giannis Antetokounmpo,Under,45.5,-137,2025-11-30,2025-11-29T20:54:02Z
Betr DFS,player_points_rebounds_assists,Bobby Portis,Over,17.5,-137,2025-11-30,2025-11-29T20:54:02Z
Betr DFS,player_points_rebounds_assists,Bobby Portis,Under,17.5,-137,2025-11-30,2025-11-29T20:54:02Z
Betr DFS,player_points_rebounds_assists,A.J. Green,Over,17.5,-137,2025-11-30,2025-11-29T20:54:02Z
Betr DFS,player_points_rebounds_assists,A.J. Green,Under,17.5,-137,2025-11-30,2025-11-29T20:54:02Z
Betr DFS,player_points_rebounds_assists,Ryan Rollins,Over,27.5,-137,2025-11-30,2025-11-29T20:54:02Z
Betr DFS,player_points_rebounds_assists,Ryan Rollins,Under,27.5,-137,2025-11-30,2025-11-29T20:54:02Z
Betr DFS,player_points_rebounds_assists,Duncan Robinson,Over,17.5,-137,2025-11-30,2025-11-29T20:54:45Z
Betr DFS,player_points_rebounds_assists,Duncan Robinson,Under,17.5,-137,2025-11-30,2025-11-29T20:54:45Z
Betr DFS,player_points_rebounds_assists,Tobias Harris,Over,20.5,-137,2025-11-30,2025-11-29T20:54:45Z
Betr DFS,player_points_rebounds_assists,Tobias Harris,Under,20.5,-137,2025-11-30,2025-11-29T20:54:45Z
Betr DFS,player_points_rebounds_assists,Isaiah Stewart II,Over,19.5,-137,2025-11-30,2025-11-29T20:54:45Z
Betr DFS,player_points_rebounds_assists,Isaiah Stewart II,Under,19.5,-137,2025-11-30,2025-11-29T20:54:45Z
Betr DFS,player_points_rebounds_assists,Cade Cunningham,Over,45.5,-137,2025-11-30,2025-11-29T20:54:45Z
Betr DFS,player_points_rebounds_assists,Cade Cunningham,Under,45.5,-137,2025-11-30,2025-11-29T20:54:45Z
Betr DFS,player_points_rebounds_assists,Ausar Thompson,Over,20.5,-137,2025-11-30,2025-11-29T20:54:45Z
Betr DFS,player_points_rebounds_assists,Ausar Thompson,Under,20.5,-137,2025-11-30,2025-11-29T20:54:45Z
Betr DFS,player_points_rebounds_assists,Bam Adebayo,Over,30.5,-137,2025-11-30,2025-11-29T20:54:45Z
Betr DFS,player_points_rebounds_assists,Bam Adebayo,Under,30.5,-137,2025-11-30,2025-11-29T20:54:45Z
Betr DFS,player_points_rebounds_assists,Tyler Herro,Over,31.5,-137,2025-11-30,2025-11-29T20:54:45Z
Betr DFS,player_points_rebounds_assists,Tyler Herro,Under,31.5,-137,2025-11-30,2025-11-29T20:54:45Z
Betr DFS,player_points_rebounds_assists,Andrew Wiggins,Over,22.5,-137,2025-11-30,2025-11-29T20:54:45Z
Betr DFS,player_points_rebounds_assists,Andrew Wiggins,Under,22.5,-137,2025-11-30,2025-11-29T20:54:45Z
Betr DFS,player_points_rebounds_assists,Norman Powell,Over,24.5,-137,2025-11-30,2025-11-29T20:54:45Z
Betr DFS,player_points_rebounds_assists,Norman Powell,Under,24.5,-137,2025-11-30,2025-11-29T20:54:45Z
Betr DFS,player_points_rebounds_assists,Davion Mitchell,Over,17.5,-137,2025-11-30,2025-11-29T20:54:45Z
Betr DFS,player_points_rebounds_assists,Davion Mitchell,Under,17.5,-137,2025-11-30,2025-11-29T20:54:45Z
Betr DFS,player_points_rebounds_assists,Kel'el Ware,Over,22.5,-137,2025-11-30,2025-11-29T20:54:45Z
Betr DFS,player_points_rebounds_assists,Kel'el Ware,Under,22.5,-137,2025-11-30,2025-11-29T20:54:45Z
Betr DFS,player_points_rebounds_assists,Saddiq Bey,Over,22.5,-137,2025-11-30,2025-11-29T20:54:57Z
Betr DFS,player_points_rebounds_assists,Saddiq Bey,Under,22.5,-137,2025-11-30,2025-11-29T20:54:57Z
Betr DFS,player_points_rebounds_assists,Zion Williamson,Over,31.5,-137,2025-11-30,2025-11-29T20:54:57Z
Betr DFS,player_points_rebounds_assists,Zion Williamson,Under,31.5,-137,2025-11-30,2025-11-29T20:54:57Z
Betr DFS,player_points_rebounds_assists,Trey Murphy III,Over,27.5,-137,2025-11-30,2025-11-29T20:54:57Z
Betr DFS,player_points_rebounds_assists,Trey Murphy III,Under,27.5,-137,2025-11-30,2025-11-29T20:54:57Z
Betr DFS,player_points_rebounds_assists,Jeremiah Fears,Over,19.5,-137,2025-11-30,2025-11-29T20:54:57Z
Betr DFS,player_points_rebounds_assists,Jeremiah Fears,Under,19.5,-137,2025-11-30,2025-11-29T20:54:57Z
Betr DFS,player_points_rebounds_assists,Derik Queen,Over,23.5,-137,2025-11-30,2025-11-29T20:54:57Z
Betr DFS,player_points_rebounds_assists,Derik Queen,Under,23.5,-137,2025-11-30,2025-11-29T20:54:57Z
Betr DFS,player_points_rebounds_assists,Jimmy Butler,Over,34.5,-137,2025-11-30,2025-11-29T20:54:57Z
Betr DFS,player_points_rebounds_assists,Jimmy Butler,Under,34.5,-137,2025-11-30,2025-11-29T20:54:57Z
Betr DFS,player_points_rebounds_assists,Draymond Green,Over,22.5,-137,2025-11-30,2025-11-29T20:54:57Z
Betr DFS,player_points_rebounds_assists,Draymond Green,Under,22.5,-137,2025-11-30,2025-11-29T20:54:57Z
Betr DFS,player_points_rebounds_assists,Moses Moody,Over,21.5,-137,2025-11-30,2025-11-29T20:54:57Z
Betr DFS,player_points_rebounds_assists,Moses Moody,Under,21.5,-137,2025-11-30,2025-11-29T20:54:57Z
Betr DFS,player_points_rebounds_assists,Jonathan Kuminga,Over,22.5,-137,2025-11-30,2025-11-29T20:54:57Z
Betr DFS,player_points_rebounds_assists,Jonathan Kuminga,Under,22.5,-137,2025-11-30,2025-11-29T20:54:57Z
Betr DFS,player_points_rebounds_assists,Brandin Podziemski,Over,24.5,-137,2025-11-30,2025-11-29T20:54:57Z
Betr DFS,player_points_rebounds_assists,Brandin Podziemski,Under,24.5,-137,2025-11-30,2025-11-29T20:54:57Z
Betr DFS,player_points_rebounds_assists,Cameron Johnson,Over,22.5,-137,2025-11-30,2025-11-29T20:54:52Z
Betr DFS,player_points_rebounds_assists,Cameron Johnson,Under,22.5,-137,2025-11-30,2025-11-29T20:54:52Z
Betr DFS,player_points_rebounds_assists,Nikola Jokic,Over,53.5,-137,2025-11-30,2025-11-29T20:54:52Z
Betr DFS,player_points_rebounds_assists,Nikola Jokic,Under,53.5,-137,2025-11-30,2025-11-29T20:54:52Z
Betr DFS,player_points_rebounds_assists,Jamal Murray,Over,35.5,-137,2025-11-30,2025-11-29T20:54:52Z
Betr DFS,player_points_rebounds_assists,Jamal Murray,Under,35.5,-137,2025-11-30,2025-11-29T20:54:52Z
Betr DFS,player_points_rebounds_assists,Mark Williams,Over,21.5,-137,2025-11-30,2025-11-29T20:54:52Z
Betr DFS,player_points_rebounds_assists,Mark Williams,Under,21.5,-137,2025-11-30,2025-11-29T20:54:52Z
Betr DFS,player_points_rebounds_assists,Royce O'Neale,Over,19.5,-137,2025-11-30,2025-11-29T20:54:52Z
Betr DFS,player_points_rebounds_assists,Royce O'Neale,Under,19.5,-137,2025-11-30,2025-11-29T20:54:52Z
Betr DFS,player_points_rebounds_assists,Collin Gillespie,Over,23.5,-137,2025-11-30,2025-11-29T20:54:52Z
Betr DFS,player_points_rebounds_assists,Collin Gillespie,Under,23.5,-137,2025-11-30,2025-11-29T20:54:52Z
Betr DFS,player_points_rebounds_assists,Dillon Brooks,Over,24.5,-137,2025-11-30,2025-11-29T20:54:52Z
Betr DFS,player_points_rebounds_assists,Dillon Brooks,Under,24.5,-137,2025-11-30,2025-11-29T20:54:52Z
Betr DFS,player_points_rebounds_assists,P.J. Washington,Over,26.5,-137,2025-11-30,2025-11-29T20:54:52Z
Betr DFS,player_points_rebounds_assists,P.J. Washington,Under,26.5,-137,2025-11-30,2025-11-29T20:54:52Z
Betr DFS,player_points_rebounds_assists,Brandon Williams,Over,18.5,-137,2025-11-30,2025-11-29T20:54:52Z
Betr DFS,player_points_rebounds_assists,Brandon Williams,Under,18.5,-137,2025-11-30,2025-11-29T20:54:52Z
Betr DFS,player_points_rebounds_assists,Cooper Flagg,Over,26.5,-137,2025-11-30,2025-11-29T20:54:52Z
Betr DFS,player_points_rebounds_assists,Cooper Flagg,Under,26.5,-137,2025-11-30,2025-11-29T20:54:52Z
Betr DFS,player_points_rebounds_assists,John Collins,Over,18.5,-137,2025-11-30,2025-11-29T20:54:52Z
Betr DFS,player_points_rebounds_assists,John Collins,Under,18.5,-137,2025-11-30,2025-11-29T20:54:52Z
Betr DFS,player_points_rebounds_assists,James Harden,Over,40.5,-137,2025-11-30,2025-11-29T20:54:52Z
Betr DFS,player_points_rebounds_assists,James Harden,Under,40.5,-137,2025-11-30,2025-11-29T20:54:52Z
Betr DFS,player_points_rebounds_assists,Kawhi Leonard,Over,28.5,-137,2025-11-30,2025-11-29T20:54:52Z
Betr DFS,player_points_rebounds_assists,Kawhi Leonard,Under,28.5,-137,2025-11-30,2025-11-29T20:54:52Z
Betr DFS,player_points_rebounds_assists,Ivica Zubac,Over,33.5,-137,2025-11-30,2025-11-29T20:54:52Z
Betr DFS,player_points_rebounds_assists,Ivica Zubac,Under,33.5,-137,2025-11-30,2025-11-29T20:54:52Z
DraftKings Pick6,player_points_rebounds_assists,Anthony Edwards,Over,37.5,-137,2025-11-29,2025-11-29T20:53:36Z
DraftKings Pick6,player_points_rebounds_assists,Anthony Edwards,Under,37.5,-137,2025-11-29,2025-11-29T20:53:36Z
DraftKings Pick6,player_points_rebounds_assists,Julius Randle,Over,33.5,-137,2025-11-29,2025-11-29T20:53:36Z
DraftKings Pick6,player_points_rebounds_assists,Julius Randle,Under,33.5,-137,2025-11-29,2025-11-29T20:53:36Z
DraftKings Pick6,player_points_rebounds_assists,Derrick White,Over,26.5,-137,2025-11-29,2025-11-29T20:53:36Z
DraftKings Pick6,player_points_rebounds_assists,Derrick White,Under,26.5,-137,2025-11-29,2025-11-29T20:53:36Z
DraftKings Pick6,player_points_rebounds_assists,Payton Pritchard,Over,25.5,-137,2025-11-29,2025-11-29T20:53:36Z
DraftKings Pick6,player_points_rebounds_assists,Payton Pritchard,Under,25.5,-137,2025-11-29,2025-11-29T20:53:36Z
DraftKings Pick6,player_points_rebounds_assists,Donte DiVincenzo,Over,20.5,-137,2025-11-29,2025-11-29T20:53:36Z
DraftKings Pick6,player_points_rebounds_assists,Donte DiVincenzo,Under,20.5,-137,2025-11-29,2025-11-29T20:53:36Z
DraftKings Pick6,player_points_rebounds_assists,Jaden McDaniels,Over,20.5,-137,2025-11-29,2025-11-29T20:53:36Z
DraftKings Pick6,player_points_rebounds_assists,Jaden McDaniels,Under,20.5,-137,2025-11-29,2025-11-29T20:53:36Z
DraftKings Pick6,player_points_rebounds_assists,Naz Reid,Over,20.5,-137,2025-11-29,2025-11-29T20:53:36Z
DraftKings Pick6,player_points_rebounds_assists,Naz Reid,Under,20.5,-137,2025-11-29,2025-11-29T20:53:36Z
DraftKings Pick6,player_points_rebounds_assists,Brandon Ingram,Over,35.5,-137,2025-11-29,2025-11-29T20:54:05Z
DraftKings Pick6,player_points_rebounds_assists,Brandon Ingram,Under,35.5,-137,2025-11-29,2025-11-29T20:54:05Z
DraftKings Pick6,player_points_rebounds_assists,Scottie Barnes,Over,33.5,-137,2025-11-29,2025-11-29T20:54:05Z
DraftKings Pick6,player_points_rebounds_assists,Scottie Barnes,Under,33.5,-137,2025-11-29,2025-11-29T20:54:05Z
DraftKings Pick6,player_points_rebounds_assists,Miles Bridges,Over,29.5,-137,2025-11-29,2025-11-29T20:54:05Z
DraftKings Pick6,player_points_rebounds_assists,Miles Bridges,Under,29.5,-137,2025-11-29,2025-11-29T20:54:05Z
DraftKings Pick6,player_points_rebounds_assists,Immanuel Quickley,Over,28.5,-137,2025-11-29,2025-11-29T20:54:05Z
DraftKings Pick6,player_points_rebounds_assists,Immanuel Quickley,Under,28.5,-137,2025-11-29,2025-11-29T20:54:05Z
DraftKings Pick6,player_points_rebounds_assists,Kon Knueppel,Over,25.5,-137,2025-11-29,2025-11-29T20:54:05Z
DraftKings Pick6,player_points_rebounds_assists,Kon Knueppel,Under,25.5,-137,2025-11-29,2025-11-29T20:54:05Z
DraftKings Pick6,player_points_rebounds_assists,Brandon Miller,Over,25.5,-137,2025-11-29,2025-11-29T20:54:05Z
DraftKings Pick6,player_points_rebounds_assists,Brandon Miller,Under,25.5,-137,2025-11-29,2025-11-29T20:54:05Z
DraftKings Pick6,player_points_rebounds_assists,Collin Sexton,Over,19.5,-137,2025-11-29,2025-11-29T20:54:05Z
DraftKings Pick6,player_points_rebounds_assists,Collin Sexton,Under,19.5,-137,2025-11-29,2025-11-29T20:54:05Z
DraftKings Pick6,player_points_rebounds_assists,Jamal Shead,Over,14.5,-137,2025-11-29,2025-11-29T20:54:05Z
DraftKings Pick6,player_points_rebounds_assists,Jamal Shead,Under,14.5,-137,2025-11-29,2025-11-29T20:54:05Z
DraftKings Pick6,player_points_rebounds_assists,Immanuel Quickley,Over,29.5,-137,2025-11-29,2025-11-29T20:54:05Z
DraftKings Pick6,player_points_rebounds_assists,Josh Giddey,Over,38.5,-137,2025-11-30,2025-11-29T20:54:03Z
DraftKings Pick6,player_points_rebounds_assists,Josh Giddey,Under,38.5,-137,2025-11-30,2025-11-29T20:54:03Z
DraftKings Pick6,player_points_rebounds_assists,Pascal Siakam,Over,36.5,-137,2025-11-30,2025-11-29T20:54:03Z
DraftKings Pick6,player_points_rebounds_assists,Pascal Siakam,Under,36.5,-137,2025-11-30,2025-11-29T20:54:03Z
DraftKings Pick6,player_points_rebounds_assists,Bennedict Mathurin,Over,32.5,-137,2025-11-30,2025-11-29T20:54:03Z
DraftKings Pick6,player_points_rebounds_assists,Bennedict Mathurin,Under,32.5,-137,2025-11-30,2025-11-29T20:54:03Z
DraftKings Pick6,player_points_rebounds_assists,Matas Buzelis,Over,20.5,-137,2025-11-30,2025-11-29T20:54:03Z
DraftKings Pick6,player_points_rebounds_assists,Matas Buzelis,Under,20.5,-137,2025-11-30,2025-11-29T20:54:03Z
DraftKings Pick6,player_points_rebounds_assists,Kevin Huerter,Over,17.5,-137,2025-11-30,2025-11-29T20:54:03Z
DraftKings Pick6,player_points_rebounds_assists,Kevin Huerter,Under,17.5,-137,2025-11-30,2025-11-29T20:54:03Z
DraftKings Pick6,player_points_rebounds_assists,Ben Sheppard,Over,14.5,-137,2025-11-30,2025-11-29T20:54:03Z
DraftKings Pick6,player_points_rebounds_assists,Ben Sheppard,Under,14.5,-137,2025-11-30,2025-11-29T20:54:03Z
DraftKings Pick6,player_points_rebounds_assists,Giannis Antetokounmpo,Over,45.5,-137,2025-11-30,2025-11-29T20:53:48Z
DraftKings Pick6,player_points_rebounds_assists,Giannis Antetokounmpo,Under,45.5,-137,2025-11-30,2025-11-29T20:53:48Z
DraftKings Pick6,player_points_rebounds_assists,Nicolas Claxton,Over,28.5,-137,2025-11-30,2025-11-29T20:53:48Z
DraftKings Pick6,player_points_rebounds_assists,Nicolas Claxton,Under,28.5,-137,2025-11-30,2025-11-29T20:53:48Z
DraftKings Pick6,player_points_rebounds_assists,Ryan Rollins,Over,27.5,-137,2025-11-30,2025-11-29T20:53:48Z
DraftKings Pick6,player_points_rebounds_assists,Ryan Rollins,Under,27.5,-137,2025-11-30,2025-11-29T20:53:48Z
DraftKings Pick6,player_points_rebounds_assists,Ziaire Williams,Over,17.5,-137,2025-11-30,2025-11-29T20:53:48Z
DraftKings Pick6,player_points_rebounds_assists,Ziaire Williams,Under,17.5,-137,2025-11-30,2025-11-29T20:53:48Z
DraftKings Pick6,player_points_rebounds_assists,Cade Cunningham,Over,45.5,-137,2025-11-30,2025-11-29T20:54:56Z
DraftKings Pick6,player_points_rebounds_assists,Cade Cunningham,Under,45.5,-137,2025-11-30,2025-11-29T20:54:56Z
DraftKings Pick6,player_points_rebounds_assists,Tyler Herro,Over,31.5,-137,2025-11-30,2025-11-29T20:54:56Z
DraftKings Pick6,player_points_rebounds_assists,Tyler Herro,Under,31.5,-137,2025-11-30,2025-11-29T20:54:56Z
DraftKings Pick6,player_points_rebounds_assists,Bam Adebayo,Over,30.5,-137,2025-11-30,2025-11-29T20:54:56Z
DraftKings Pick6,player_points_rebounds_assists,Bam Adebayo,Under,30.5,-137,2025-11-30,2025-11-29T20:54:56Z
DraftKings Pick6,player_points_rebounds_assists,Norman Powell,Over,24.5,-137,2025-11-30,2025-11-29T20:54:56Z
DraftKings Pick6,player_points_rebounds_assists,Norman Powell,Under,24.5,-137,2025-11-30,2025-11-29T20:54:56Z
DraftKings Pick6,player_points_rebounds_assists,Andrew Wiggins,Over,22.5,-137,2025-11-30,2025-11-29T20:54:56Z
DraftKings Pick6,player_points_rebounds_assists,Andrew Wiggins,Under,22.5,-137,2025-11-30,2025-11-29T20:54:56Z
DraftKings Pick6,player_points_rebounds_assists,Tobias Harris,Over,21.5,-137,2025-11-30,2025-11-29T20:54:56Z
DraftKings Pick6,player_points_rebounds_assists,Tobias Harris,Under,21.5,-137,2025-11-30,2025-11-29T20:54:56Z
DraftKings Pick6,player_points_rebounds_assists,Ausar Thompson,Over,21.5,-137,2025-11-30,2025-11-29T20:54:56Z
DraftKings Pick6,player_points_rebounds_assists,Ausar Thompson,Under,21.5,-137,2025-11-30,2025-11-29T20:54:56Z
DraftKings Pick6,player_points_rebounds_assists,Davion Mitchell,Over,17.5,-137,2025-11-30,2025-11-29T20:54:56Z
DraftKings Pick6,player_points_rebounds_assists,Davion Mitchell,Under,17.5,-137,2025-11-30,2025-11-29T20:54:56Z
DraftKings Pick6,player_points_rebounds_assists,Duncan Robinson,Over,17.5,-137,2025-11-30,2025-11-29T20:54:56Z
DraftKings Pick6,player_points_rebounds_assists,Duncan Robinson,Under,17.5,-137,2025-11-30,2025-11-29T20:54:56Z
DraftKings Pick6,player_points_rebounds_assists,Jimmy Butler,Over,34.5,-137,2025-11-30,2025-11-29T20:54:49Z
DraftKings Pick6,player_points_rebounds_assists,Jimmy Butler,Under,34.5,-137,2025-11-30,2025-11-29T20:54:49Z
DraftKings Pick6,player_points_rebounds_assists,Zion Williamson,Over,32.5,-137,2025-11-30,2025-11-29T20:54:49Z
DraftKings Pick6,player_points_rebounds_assists,Zion Williamson,Under,32.5,-137,2025-11-30,2025-11-29T20:54:49Z
DraftKings Pick6,player_points_rebounds_assists,Saddiq Bey,Over,23.5,-137,2025-11-30,2025-11-29T20:54:49Z
DraftKings Pick6,player_points_rebounds_assists,Saddiq Bey,Under,23.5,-137,2025-11-30,2025-11-29T20:54:49Z
DraftKings Pick6,player_points_rebounds_assists,Brandin Podziemski,Over,23.5,-137,2025-11-30,2025-11-29T20:54:49Z
DraftKings Pick6,player_points_rebounds_assists,Brandin Podziemski,Under,23.5,-137,2025-11-30,2025-11-29T20:54:49Z
DraftKings Pick6,player_points_rebounds_assists,Derik Queen,Over,23.5,-137,2025-11-30,2025-11-29T20:54:49Z
DraftKings Pick6,player_points_rebounds_assists,Derik Queen,Under,23.5,-137,2025-11-30,2025-11-29T20:54:49Z
DraftKings Pick6,player_points_rebounds_assists,Draymond Green,Over,22.5,-137,2025-11-30,2025-11-29T20:54:49Z
DraftKings Pick6,player_points_rebounds_assists,Draymond Green,Under,22.5,-137,2025-11-30,2025-11-29T20:54:49Z
DraftKings Pick6,player_points_rebounds_assists,Moses Moody,Over,20.5,-137,2025-11-30,2025-11-29T20:54:49Z
DraftKings Pick6,player_points_rebounds_assists,Moses Moody,Under,20.5,-137,2025-11-30,2025-11-29T20:54:49Z
DraftKings Pick6,player_points_rebounds_assists,Jeremiah Fears,Over,19.5,-137,2025-11-30,2025-11-29T20:54:49Z
DraftKings Pick6,player_points_rebounds_assists,Jeremiah Fears,Under,19.5,-137,2025-11-30,2025-11-29T20:54:49Z
DraftKings Pick6,player_points_rebounds_assists,Jose Alvarado,Over,16.5,-137,2025-11-30,2025-11-29T20:54:49Z
DraftKings Pick6,player_points_rebounds_assists,Jose Alvarado,Under,16.5,-137,2025-11-30,2025-11-29T20:54:49Z
DraftKings Pick6,player_points_rebounds_assists,Devin Booker,Over,38.5,-137,2025-11-30,2025-11-29T20:55:01Z
DraftKings Pick6,player_points_rebounds_assists,Devin Booker,Under,38.5,-137,2025-11-30,2025-11-29T20:55:01Z
DraftKings Pick6,player_points_rebounds_assists,Jamal Murray,Over,34.5,-137,2025-11-30,2025-11-29T20:55:01Z
DraftKings Pick6,player_points_rebounds_assists,Jamal Murray,Under,34.5,-137,2025-11-30,2025-11-29T20:55:01Z
DraftKings Pick6,player_points_rebounds_assists,Collin Gillespie,Over,23.5,-137,2025-11-30,2025-11-29T20:55:01Z
DraftKings Pick6,player_points_rebounds_assists,Collin Gillespie,Under,23.5,-137,2025-11-30,2025-11-29T20:55:01Z
DraftKings Pick6,player_points_rebounds_assists,Cameron Johnson,Over,22.5,-137,2025-11-30,2025-11-29T20:55:01Z
DraftKings Pick6,player_points_rebounds_assists,Cameron Johnson,Under,22.5,-137,2025-11-30,2025-11-29T20:55:01Z
DraftKings Pick6,player_points_rebounds_assists,James Harden,Over,40.5,-137,2025-11-30,2025-11-29T20:54:53Z
DraftKings Pick6,player_points_rebounds_assists,James Harden,Under,40.5,-137,2025-11-30,2025-11-29T20:54:53Z
DraftKings Pick6,player_points_rebounds_assists,Ivica Zubac,Over,33.5,-137,2025-11-30,2025-11-29T20:54:53Z
DraftKings Pick6,player_points_rebounds_assists,Ivica Zubac,Under,33.5,-137,2025-11-30,2025-11-29T20:54:53Z
DraftKings Pick6,player_points_rebounds_assists,Kawhi Leonard,Over,28.5,-137,2025-11-30,2025-11-29T20:54:53Z
DraftKings Pick6,player_points_rebounds_assists,Kawhi Leonard,Under,28.5,-137,2025-11-30,2025-11-29T20:54:53Z
DraftKings Pick6,player_points_rebounds_assists,P.J. Washington,Over,27.5,-137,2025-11-30,2025-11-29T20:54:53Z
DraftKings Pick6,player_points_rebounds_assists,P.J. Washington,Under,27.5,-137,2025-11-30,2025-11-29T20:54:53Z
DraftKings Pick6,player_points_rebounds_assists,Cooper Flagg,Over,26.5,-137,2025-11-30,2025-11-29T20:54:53Z
DraftKings Pick6,player_points_rebounds_assists,Cooper Flagg,Under,26.5,-137,2025-11-30,2025-11-29T20:54:53Z
DraftKings Pick6,player_points_rebounds_assists,Max Christie,Over,17.5,-137,2025-11-30,2025-11-29T20:54:53Z
DraftKings Pick6,player_points_rebounds_assists,Max Christie,Under,17.5,-137,2025-11-30,2025-11-29T20:54:53Z
DraftKings Pick6,player_points_rebounds_assists,Brandon Williams,Over,17.5,-137,2025-11-30,2025-11-29T20:54:53Z
DraftKings Pick6,player_points_rebounds_assists,Brandon Williams,Under,17.5,-137,2025-11-30,2025-11-29T20:54:53Z
DraftKings Pick6,player_points_rebounds_assists,Kris Dunn,Over,14.5,-137,2025-11-30,2025-11-29T20:54:53Z
DraftKings Pick6,player_points_rebounds_assists,Kris Dunn,Under,14.5,-137,2025-11-30,2025-11-29T20:54:53Z
DraftKings Pick6,player_points_rebounds_assists,Kawhi Leonard,Over,29.5,-137,2025-11-30,2025-11-29T20:54:53Z
Underdog,player_points_rebounds,Anthony Edwards,Over,34.5,-137,2025-11-29,2025-11-29T20:54:13Z
Underdog,player_points_rebounds,Anthony Edwards,Under,34.5,-137,2025-11-29,2025-11-29T20:54:13Z
Underdog,player_points_rebounds,Jaylen Brown,Over,32.5,-137,2025-11-29,2025-11-29T20:54:13Z
Underdog,player_points_rebounds,Jaylen Brown,Under,32.5,-137,2025-11-29,2025-11-29T20:54:13Z
Underdog,player_points_rebounds,Julius Randle,Over,28.5,-137,2025-11-29,2025-11-29T20:54:13Z
Underdog,player_points_rebounds,Julius Randle,Under,28.5,-137,2025-11-29,2025-11-29T20:54:13Z
Underdog,player_points_rebounds,Derrick White,Over,21.5,-137,2025-11-29,2025-11-29T20:54:13Z
Underdog,player_points_rebounds,Derrick White,Under,21.5,-137,2025-11-29,2025-11-29T20:54:13Z
Underdog,player_points_rebounds,Payton Pritchard,Over,20.5,-137,2025-11-29,2025-11-29T20:54:13Z
Underdog,player_points_rebounds,Payton Pritchard,Under,20.5,-137,2025-11-29,2025-11-29T20:54:13Z
Underdog,player_points_rebounds,Scottie Barnes,Over,27.5,-137,2025-11-29,2025-11-29T20:53:38Z
Underdog,player_points_rebounds,Scottie Barnes,Under,27.5,-137,2025-11-29,2025-11-29T20:53:38Z
Underdog,player_points_rebounds,LaMelo Ball,Over,22.5,-137,2025-11-29,2025-11-29T20:53:38Z
Underdog,player_points_rebounds,LaMelo Ball,Under,22.5,-137,2025-11-29,2025-11-29T20:53:38Z
Underdog,player_points_rebounds,Brandon Ingram,Over,30.5,-137,2025-11-29,2025-11-29T20:53:38Z
Underdog,player_points_rebounds,Brandon Ingram,Under,30.5,-137,2025-11-29,2025-11-29T20:53:38Z
Underdog,player_points_rebounds,Brandon Miller,Over,21.5,-137,2025-11-29,2025-11-29T20:53:38Z
Underdog,player_points_rebounds,Brandon Miller,Under,21.5,-137,2025-11-29,2025-11-29T20:53:38Z
Underdog,player_points_rebounds,Miles Bridges,Over,25.5,-137,2025-11-29,2025-11-29T20:53:38Z
Underdog,player_points_rebounds,Miles Bridges,Under,25.5,-137,2025-11-29,2025-11-29T20:53:38Z
Underdog,player_points_rebounds,Immanuel Quickley,Over,22.5,-137,2025-11-29,2025-11-29T20:53:38Z
Underdog,player_points_rebounds,Immanuel Quickley,Under,22.5,-137,2025-11-29,2025-11-29T20:53:38Z
Underdog,player_points_rebounds,Jakob Poeltl,Over,21.5,-137,2025-11-29,2025-11-29T20:53:38Z
Underdog,player_points_rebounds,Jakob Poeltl,Under,21.5,-137,2025-11-29,2025-11-29T20:53:38Z
Underdog,player_points_rebounds,Kon Knueppel,Over,22.5,-137,2025-11-29,2025-11-29T20:53:38Z
Underdog,player_points_rebounds,Kon Knueppel,Under,22.5,-137,2025-11-29,2025-11-29T20:53:38Z
Underdog,player_points_rebounds,Pascal Siakam,Over,31.5,-137,2025-11-30,2025-11-29T20:54:39Z
Underdog,player_points_rebounds,Pascal Siakam,Under,31.5,-137,2025-11-30,2025-11-29T20:54:39Z
Underdog,player_points_rebounds,Coby White,Over,25.5,-137,2025-11-30,2025-11-29T20:54:39Z
Underdog,player_points_rebounds,Coby White,Under,25.5,-137,2025-11-30,2025-11-29T20:54:39Z
Underdog,player_points_rebounds,Nikola Vucevic,Over,29.5,-137,2025-11-30,2025-11-29T20:54:39Z
Underdog,player_points_rebounds,Nikola Vucevic,Under,29.5,-137,2025-11-30,2025-11-29T20:54:39Z
Underdog,player_points_rebounds,Josh Giddey,Over,29.5,-137,2025-11-30,2025-11-29T20:54:39Z
Underdog,player_points_rebounds,Josh Giddey,Under,29.5,-137,2025-11-30,2025-11-29T20:54:39Z
Underdog,player_points_rebounds,Andrew Nembhard,Over,20.5,-137,2025-11-30,2025-11-29T20:54:39Z
Underdog,player_points_rebounds,Andrew Nembhard,Under,20.5,-137,2025-11-30,2025-11-29T20:54:39Z
Underdog,player_points_rebounds,Bennedict Mathurin,Over,29.5,-137,2025-11-30,2025-11-29T20:54:39Z
Underdog,player_points_rebounds,Bennedict Mathurin,Under,29.5,-137,2025-11-30,2025-11-29T20:54:39Z
Underdog,player_points_rebounds,Giannis Antetokounmpo,Over,39.5,-137,2025-11-30,2025-11-29T20:53:54Z
Underdog,player_points_rebounds,Giannis Antetokounmpo,Under,39.5,-137,2025-11-30,2025-11-29T20:53:54Z
Underdog,player_points_rebounds,Nicolas Claxton,Over,23.5,-137,2025-11-30,2025-11-29T20:53:54Z
Underdog,player_points_rebounds,Nicolas Claxton,Under,23.5,-137,2025-11-30,2025-11-29T20:53:54Z
Underdog,player_points_rebounds,Ryan Rollins,Over,20.5,-137,2025-11-30,2025-11-29T20:53:54Z
Underdog,player_points_rebounds,Ryan Rollins,Under,20.5,-137,2025-11-30,2025-11-29T20:53:54Z
Underdog,player_points_rebounds,Cade Cunningham,Over,35.5,-137,2025-11-30,2025-11-29T20:54:18Z
Underdog,player_points_rebounds,Cade Cunningham,Under,35.5,-137,2025-11-30,2025-11-29T20:54:18Z
Underdog,player_points_rebounds,Bam Adebayo,Over,27.5,-137,2025-11-30,2025-11-29T20:54:18Z
Underdog,player_points_rebounds,Bam Adebayo,Under,27.5,-137,2025-11-30,2025-11-29T20:54:18Z
Underdog,player_points_rebounds,Tyler Herro,Over,26.5,-137,2025-11-30,2025-11-29T20:54:18Z
Underdog,player_points_rebounds,Tyler Herro,Under,26.5,-137,2025-11-30,2025-11-29T20:54:18Z
Underdog,player_points_rebounds,Andrew Wiggins,Over,19.5,-137,2025-11-30,2025-11-29T20:54:18Z
Underdog,player_points_rebounds,Andrew Wiggins,Under,19.5,-137,2025-11-30,2025-11-29T20:54:18Z
Underdog,player_points_rebounds,Norman Powell,Over,22.5,-137,2025-11-30,2025-11-29T20:54:18Z
Underdog,player_points_rebounds,Norman Powell,Under,22.5,-137,2025-11-30,2025-11-29T20:54:18Z
Underdog,player_points_rebounds,Zion Williamson,Over,27.5,-137,2025-11-30,2025-11-29T20:54:13Z
Underdog,player_points_rebounds,Zion Williamson,Under,27.5,-137,2025-11-30,2025-11-29T20:54:13Z
Underdog,player_points_rebounds,Jimmy Butler,Over,27.5,-137,2025-11-30,2025-11-29T20:54:13Z
Underdog,player_points_rebounds,Jimmy Butler,Under,27.5,-137,2025-11-30,2025-11-29T20:54:13Z
Underdog,player_points_rebounds,Jonathan Kuminga,Over,20.5,-137,2025-11-30,2025-11-29T20:54:13Z
Underdog,player_points_rebounds,Jonathan Kuminga,Under,20.5,-137,2025-11-30,2025-11-29T20:54:13Z
Underdog,player_points_rebounds,Brandin Podziemski,Over,19.5,-137,2025-11-30,2025-11-29T20:54:13Z
Underdog,player_points_rebounds,Brandin Podziemski,Under,19.5,-137,2025-11-30,2025-11-29T20:54:13Z
Underdog,player_points_rebounds,Trey Murphy III,Over,23.5,-137,2025-11-30,2025-11-29T20:54:13Z
Underdog,player_points_rebounds,Trey Murphy III,Under,23.5,-137,2025-11-30,2025-11-29T20:54:13Z
Underdog,player_points_rebounds,Saddiq Bey,Over,20.5,-137,2025-11-30,2025-11-29T20:54:13Z
Underdog,player_points_rebounds,Saddiq Bey,Under,20.5,-137,2025-11-30,2025-11-29T20:54:13Z
Underdog,player_points_rebounds,Moses Moody,Over,18.5,-137,2025-11-30,2025-11-29T20:54:13Z
Underdog,player_points_rebounds,Moses Moody,Under,18.5,-137,2025-11-30,2025-11-29T20:54:13Z
Underdog,player_points_rebounds,Derik Queen,Over,19.5,-137,2025-11-30,2025-11-29T20:54:13Z
Underdog,player_points_rebounds,Derik Queen,Under,19.5,-137,2025-11-30,2025-11-29T20:54:13Z
Underdog,player_points_rebounds,Nikola Jokic,Over,42.5,-137,2025-11-30,2025-11-29T20:54:34Z
Underdog,player_points_rebounds,Nikola Jokic,Under,42.5,-137,2025-11-30,2025-11-29T20:54:34Z
Underdog,player_points_rebounds,Devin Booker,Over,29.5,-137,2025-11-30,2025-11-29T20:54:34Z
Underdog,player_points_rebounds,Devin Booker,Under,29.5,-137,2025-11-30,2025-11-29T20:54:34Z
Underdog,player_points_rebounds,Jamal Murray,Over,28.5,-137,2025-11-30,2025-11-29T20:54:34Z
Underdog,player_points_rebounds,Jamal Murray,Under,28.5,-137,2025-11-30,2025-11-29T20:54:34Z
Underdog,player_points_rebounds,Cameron Johnson,Over,19.5,-137,2025-11-30,2025-11-29T20:54:34Z
Underdog,player_points_rebounds,Cameron Johnson,Under,19.5,-137,2025-11-30,2025-11-29T20:54:34Z
Underdog,player_points_rebounds,Mark Williams,Over,20.5,-137,2025-11-30,2025-11-29T20:54:34Z
Underdog,player_points_rebounds,Mark Williams,Under,20.5,-137,2025-11-30,2025-11-29T20:54:34Z
Underdog,player_points_rebounds,Collin Gillespie,Over,18.5,-137,2025-11-30,2025-11-29T20:54:34Z
Underdog,player_points_rebounds,Collin Gillespie,Under,18.5,-137,2025-11-30,2025-11-29T20:54:34Z
Underdog,player_points_rebounds,Kawhi Leonard,Over,26.5,-137,2025-11-30,2025-11-29T20:54:39Z
Underdog,player_points_rebounds,Kawhi Leonard,Under,26.5,-137,2025-11-30,2025-11-29T20:54:39Z
Underdog,player_points_rebounds,Cooper Flagg,Over,22.5,-137,2025-11-30,2025-11-29T20:54:39Z
Underdog,player_points_rebounds,Cooper Flagg,Under,22.5,-137,2025-11-30,2025-11-29T20:54:39Z
Underdog,player_points_rebounds,James Harden,Over,31.5,-137,2025-11-30,2025-11-29T20:54:39Z
Underdog,player_points_rebounds,James Harden,Under,31.5,-137,2025-11-30,2025-11-29T20:54:39Z
Underdog,player_points_rebounds,Ivica Zubac,Over,30.5,-137,2025-11-30,2025-11-29T20:54:39Z
Underdog,player_points_rebounds,Ivica Zubac,Under,30.5,-137,2025-11-30,2025-11-29T20:54:39Z
Underdog,player_points_rebounds,P.J. Washington,Over,24.5,-137,2025-11-30,2025-11-29T20:54:39Z
Underdog,player_points_rebounds,P.J. Washington,Under,24.5,-137,2025-11-30,2025-11-29T20:54:39Z
PrizePicks,player_points_rebounds,Anthony Edwards,Over,34.0,-137,2025-11-29,2025-11-29T20:53:24Z
PrizePicks,player_points_rebounds,Anthony Edwards,Under,34.0,-137,2025-11-29,2025-11-29T20:53:24Z
PrizePicks,player_points_rebounds,Jaylen Brown,Over,32.5,-137,2025-11-29,2025-11-29T20:53:24Z
PrizePicks,player_points_rebounds,Jaylen Brown,Under,32.5,-137,2025-11-29,2025-11-29T20:53:24Z
PrizePicks,player_points_rebounds,Julius Randle,Over,28.5,-137,2025-11-29,2025-11-29T20:53:24Z
PrizePicks,player_points_rebounds,Julius Randle,Under,28.5,-137,2025-11-29,2025-11-29T20:53:24Z
PrizePicks,player_points_rebounds,Derrick White,Over,21.5,-137,2025-11-29,2025-11-29T20:53:24Z
PrizePicks,player_points_rebounds,Derrick White,Under,21.5,-137,2025-11-29,2025-11-29T20:53:24Z
PrizePicks,player_points_rebounds,Rudy Gobert,Over,21.5,-137,2025-11-29,2025-11-29T20:53:24Z
PrizePicks,player_points_rebounds,Rudy Gobert,Under,21.5,-137,2025-11-29,2025-11-29T20:53:24Z
PrizePicks,player_points_rebounds,Payton Pritchard,Over,20.5,-137,2025-11-29,2025-11-29T20:53:24Z
PrizePicks,player_points_rebounds,Payton Pritchard,Under,20.5,-137,2025-11-29,2025-11-29T20:53:24Z
PrizePicks,player_points_rebounds,Jaden McDaniels,Over,19.5,-137,2025-11-29,2025-11-29T20:53:24Z
PrizePicks,player_points_rebounds,Jaden McDaniels,Under,19.5,-137,2025-11-29,2025-11-29T20:53:24Z
PrizePicks,player_points_rebounds,Naz Reid,Over,18.5,-137,2025-11-29,2025-11-29T20:53:24Z
PrizePicks,player_points_rebounds,Naz Reid,Under,18.5,-137,2025-11-29,2025-11-29T20:53:24Z
PrizePicks,player_points_rebounds,Donte DiVincenzo,Over,16.5,-137,2025-11-29,2025-11-29T20:53:24Z
PrizePicks,player_points_rebounds,Donte DiVincenzo,Under,16.5,-137,2025-11-29,2025-11-29T20:53:24Z
PrizePicks,player_points_rebounds,Neemias Queta,Over,16.5,-137,2025-11-29,2025-11-29T20:53:24Z
PrizePicks,player_points_rebounds,Neemias Queta,Under,16.5,-137,2025-11-29,2025-11-29T20:53:24Z
PrizePicks,player_points_rebounds,Jordan Walsh,Over,10.5,-137,2025-11-29,2025-11-29T20:53:24Z
PrizePicks,player_points_rebounds,Jordan Walsh,Under,10.5,-137,2025-11-29,2025-11-29T20:53:24Z
PrizePicks,player_points_rebounds,Mike Conley,Over,6.0,-137,2025-11-29,2025-11-29T20:53:24Z
PrizePicks,player_points_rebounds,Mike Conley,Under,6.0,-137,2025-11-29,2025-11-29T20:53:24Z
PrizePicks,player_points_rebounds,Brandon Ingram,Over,31.5,-137,2025-11-29,2025-11-29T20:53:43Z
PrizePicks,player_points_rebounds,Brandon Ingram,Under,31.5,-137,2025-11-29,2025-11-29T20:53:43Z
PrizePicks,player_points_rebounds,Scottie Barnes,Over,27.5,-137,2025-11-29,2025-11-29T20:53:43Z
PrizePicks,player_points_rebounds,Scottie Barnes,Under,27.5,-137,2025-11-29,2025-11-29T20:53:43Z
PrizePicks,player_points_rebounds,Miles Bridges,Over,26.5,-137,2025-11-29,2025-11-29T20:53:43Z
PrizePicks,player_points_rebounds,Miles Bridges,Under,26.5,-137,2025-11-29,2025-11-29T20:53:43Z
PrizePicks,player_points_rebounds,Immanuel Quickley,Over,22.5,-137,2025-11-29,2025-11-29T20:53:43Z
PrizePicks,player_points_rebounds,Immanuel Quickley,Under,22.5,-137,2025-11-29,2025-11-29T20:53:43Z
PrizePicks,player_points_rebounds,Kon Knueppel,Over,22.5,-137,2025-11-29,2025-11-29T20:53:43Z
PrizePicks,player_points_rebounds,Kon Knueppel,Under,22.5,-137,2025-11-29,2025-11-29T20:53:43Z
PrizePicks,player_points_rebounds,LaMelo Ball,Over,22.5,-137,2025-11-29,2025-11-29T20:53:43Z
PrizePicks,player_points_rebounds,LaMelo Ball,Under,22.5,-137,2025-11-29,2025-11-29T20:53:43Z
PrizePicks,player_points_rebounds,Brandon Miller,Over,22.0,-137,2025-11-29,2025-11-29T20:53:43Z
PrizePicks,player_points_rebounds,Brandon Miller,Under,22.0,-137,2025-11-29,2025-11-29T20:53:43Z
PrizePicks,player_points_rebounds,Jakob Poeltl,Over,21.5,-137,2025-11-29,2025-11-29T20:53:43Z
PrizePicks,player_points_rebounds,Jakob Poeltl,Under,21.5,-137,2025-11-29,2025-11-29T20:53:43Z
PrizePicks,player_points_rebounds,Sandro Mamukelashvili,Over,15.5,-137,2025-11-29,2025-11-29T20:53:43Z
PrizePicks,player_points_rebounds,Sandro Mamukelashvili,Under,15.5,-137,2025-11-29,2025-11-29T20:53:43Z
PrizePicks,player_points_rebounds,Collin Sexton,Over,14.5,-137,2025-11-29,2025-11-29T20:53:43Z
PrizePicks,player_points_rebounds,Collin Sexton,Under,14.5,-137,2025-11-29,2025-11-29T20:53:43Z
PrizePicks,player_points_rebounds,Ryan Kalkbrenner,Over,13.5,-137,2025-11-29,2025-11-29T20:53:43Z
PrizePicks,player_points_rebounds,Ryan Kalkbrenner,Under,13.5,-137,2025-11-29,2025-11-29T20:53:43Z
PrizePicks,player_points_rebounds,Moussa Diabate,Over,12.5,-137,2025-11-29,2025-11-29T20:53:43Z
PrizePicks,player_points_rebounds,Moussa Diabate,Under,12.5,-137,2025-11-29,2025-11-29T20:53:43Z
PrizePicks,player_points_rebounds,Jamal Shead,Over,8.5,-137,2025-11-29,2025-11-29T20:53:43Z
PrizePicks,player_points_rebounds,Jamal Shead,Under,8.5,-137,2025-11-29,2025-11-29T20:53:43Z
PrizePicks,player_points_rebounds,Pascal Siakam,Over,31.5,-137,2025-11-30,2025-11-29T20:53:55Z
PrizePicks,player_points_rebounds,Pascal Siakam,Under,31.5,-137,2025-11-30,2025-11-29T20:53:55Z
PrizePicks,player_points_rebounds,Bennedict Mathurin,Over,30.5,-137,2025-11-30,2025-11-29T20:53:55Z
PrizePicks,player_points_rebounds,Bennedict Mathurin,Under,30.5,-137,2025-11-30,2025-11-29T20:53:55Z
PrizePicks,player_points_rebounds,Josh Giddey,Over,29.5,-137,2025-11-30,2025-11-29T20:53:55Z
PrizePicks,player_points_rebounds,Josh Giddey,Under,29.5,-137,2025-11-30,2025-11-29T20:53:55Z
PrizePicks,player_points_rebounds,Nikola Vucevic,Over,28.5,-137,2025-11-30,2025-11-29T20:53:55Z
PrizePicks,player_points_rebounds,Nikola Vucevic,Under,28.5,-137,2025-11-30,2025-11-29T20:53:55Z
PrizePicks,player_points_rebounds,Coby White,Over,25.5,-137,2025-11-30,2025-11-29T20:53:55Z
PrizePicks,player_points_rebounds,Coby White,Under,25.5,-137,2025-11-30,2025-11-29T20:53:55Z
PrizePicks,player_points_rebounds,Andrew Nembhard,Over,19.5,-137,2025-11-30,2025-11-29T20:53:55Z
PrizePicks,player_points_rebounds,Andrew Nembhard,Under,19.5,-137,2025-11-30,2025-11-29T20:53:55Z
PrizePicks,player_points_rebounds,Matas Buzelis,Over,18.5,-137,2025-11-30,2025-11-29T20:53:55Z
PrizePicks,player_points_rebounds,Matas Buzelis,Under,18.5,-137,2025-11-30,2025-11-29T20:53:55Z
PrizePicks,player_points_rebounds,Ayo Dosunmu,Over,16.5,-137,2025-11-30,2025-11-29T20:53:55Z
PrizePicks,player_points_rebounds,Ayo Dosunmu,Under,16.5,-137,2025-11-30,2025-11-29T20:53:55Z
PrizePicks,player_points_rebounds,Kevin Huerter,Over,14.5,-137,2025-11-30,2025-11-29T20:53:55Z
PrizePicks,player_points_rebounds,Kevin Huerter,Under,14.5,-137,2025-11-30,2025-11-29T20:53:55Z
PrizePicks,player_points_rebounds,Tre Jones,Over,13.5,-137,2025-11-30,2025-11-29T20:53:55Z
PrizePicks,player_points_rebounds,Tre Jones,Under,13.5,-137,2025-11-30,2025-11-29T20:53:55Z
PrizePicks,player_points_rebounds,Ben Sheppard,Over,12.5,-137,2025-11-30,2025-11-29T20:53:55Z
PrizePicks,player_points_rebounds,Ben Sheppard,Under,12.5,-137,2025-11-30,2025-11-29T20:53:55Z
PrizePicks,player_points_rebounds,Giannis Antetokounmpo,Over,38.5,-137,2025-11-30,2025-11-29T20:54:01Z
PrizePicks,player_points_rebounds,Giannis Antetokounmpo,Under,38.5,-137,2025-11-30,2025-11-29T20:54:01Z
PrizePicks,player_points_rebounds,Nicolas Claxton,Over,24.5,-137,2025-11-30,2025-11-29T20:54:01Z
PrizePicks,player_points_rebounds,Nicolas Claxton,Under,24.5,-137,2025-11-30,2025-11-29T20:54:01Z
PrizePicks,player_points_rebounds,Noah Clowney,Over,24.5,-137,2025-11-30,2025-11-29T20:54:01Z
PrizePicks,player_points_rebounds,Noah Clowney,Under,24.5,-137,2025-11-30,2025-11-29T20:54:01Z
PrizePicks,player_points_rebounds,Ryan Rollins,Over,21.5,-137,2025-11-30,2025-11-29T20:54:01Z
PrizePicks,player_points_rebounds,Ryan Rollins,Under,21.5,-137,2025-11-30,2025-11-29T20:54:01Z
PrizePicks,player_points_rebounds,Myles Turner,Over,20.5,-137,2025-11-30,2025-11-29T20:54:01Z
PrizePicks,player_points_rebounds,Myles Turner,Under,20.5,-137,2025-11-30,2025-11-29T20:54:01Z
PrizePicks,player_points_rebounds,Kyle Kuzma,Over,17.5,-137,2025-11-30,2025-11-29T20:54:01Z
PrizePicks,player_points_rebounds,Kyle Kuzma,Under,17.5,-137,2025-11-30,2025-11-29T20:54:01Z
PrizePicks,player_points_rebounds,Tyrese Martin,Over,17.5,-137,2025-11-30,2025-11-29T20:54:01Z
PrizePicks,player_points_rebounds,Tyrese Martin,Under,17.5,-137,2025-11-30,2025-11-29T20:54:01Z
PrizePicks,player_points_rebounds,Ziaire Williams,Over,16.5,-137,2025-11-30,2025-11-29T20:54:01Z
PrizePicks,player_points_rebounds,Ziaire Williams,Under,16.5,-137,2025-11-30,2025-11-29T20:54:01Z
PrizePicks,player_points_rebounds,Bobby Portis,Over,15.5,-137,2025-11-30,2025-11-29T20:54:01Z
PrizePicks,player_points_rebounds,Bobby Portis,Under,15.5,-137,2025-11-30,2025-11-29T20:54:01Z
PrizePicks,player_points_rebounds,Terance Mann,Over,15.5,-137,2025-11-30,2025-11-29T20:54:01Z
PrizePicks,player_points_rebounds,Terance Mann,Under,15.5,-137,2025-11-30,2025-11-29T20:54:01Z
PrizePicks,player_points_rebounds,A.J. Green,Over,14.5,-137,2025-11-30,2025-11-29T20:54:01Z
PrizePicks,player_points_rebounds,A.J. Green,Under,14.5,-137,2025-11-30,2025-11-29T20:54:01Z
PrizePicks,player_points_rebounds,Gary Trent Jr,Over,10.5,-137,2025-11-30,2025-11-29T20:54:01Z
PrizePicks,player_points_rebounds,Gary Trent Jr,Under,10.5,-137,2025-11-30,2025-11-29T20:54:01Z
PrizePicks,player_points_rebounds,Bam Adebayo,Over,27.5,-137,2025-11-30,2025-11-29T20:53:45Z
PrizePicks,player_points_rebounds,Bam Adebayo,Under,27.5,-137,2025-11-30,2025-11-29T20:53:45Z
PrizePicks,player_points_rebounds,Tyler Herro,Over,26.5,-137,2025-11-30,2025-11-29T20:53:45Z
PrizePicks,player_points_rebounds,Tyler Herro,Under,26.5,-137,2025-11-30,2025-11-29T20:53:45Z
PrizePicks,player_points_rebounds,Norman Powell,Over,22.5,-137,2025-11-30,2025-11-29T20:53:45Z
PrizePicks,player_points_rebounds,Norman Powell,Under,22.5,-137,2025-11-30,2025-11-29T20:53:45Z
PrizePicks,player_points_rebounds,Kel'el Ware,Over,20.5,-137,2025-11-30,2025-11-29T20:53:45Z
PrizePicks,player_points_rebounds,Kel'el Ware,Under,20.5,-137,2025-11-30,2025-11-29T20:53:45Z
PrizePicks,player_points_rebounds,Andrew Wiggins,Over,19.5,-137,2025-11-30,2025-11-29T20:53:45Z
PrizePicks,player_points_rebounds,Andrew Wiggins,Under,19.5,-137,2025-11-30,2025-11-29T20:53:45Z
PrizePicks,player_points_rebounds,Tobias Harris,Over,18.5,-137,2025-11-30,2025-11-29T20:53:45Z
PrizePicks,player_points_rebounds,Tobias Harris,Under,18.5,-137,2025-11-30,2025-11-29T20:53:45Z
PrizePicks,player_points_rebounds,Ausar Thompson,Over,18.5,-137,2025-11-30,2025-11-29T20:53:45Z
PrizePicks,player_points_rebounds,Ausar Thompson,Under,18.5,-137,2025-11-30,2025-11-29T20:53:45Z
PrizePicks,player_points_rebounds,Duncan Robinson,Over,15.5,-137,2025-11-30,2025-11-29T20:53:45Z
PrizePicks,player_points_rebounds,Duncan Robinson,Under,15.5,-137,2025-11-30,2025-11-29T20:53:45Z
PrizePicks,player_points_rebounds,Caris LeVert,Over,12.5,-137,2025-11-30,2025-11-29T20:53:45Z
PrizePicks,player_points_rebounds,Caris LeVert,Under,12.5,-137,2025-11-30,2025-11-29T20:53:45Z
PrizePicks,player_points_rebounds,Davion Mitchell,Over,11.5,-137,2025-11-30,2025-11-29T20:53:45Z
PrizePicks,player_points_rebounds,Davion Mitchell,Under,11.5,-137,2025-11-30,2025-11-29T20:53:45Z
PrizePicks,player_points_rebounds,Jimmy Butler,Over,27.5,-137,2025-11-30,2025-11-29T20:53:59Z
PrizePicks,player_points_rebounds,Jimmy Butler,Under,27.5,-137,2025-11-30,2025-11-29T20:53:59Z
PrizePicks,player_points_rebounds,Zion Williamson,Over,27.5,-137,2025-11-30,2025-11-29T20:53:59Z
PrizePicks,player_points_rebounds,Zion Williamson,Under,27.5,-137,2025-11-30,2025-11-29T20:53:59Z
PrizePicks,player_points_rebounds,Trey Murphy III,Over,23.5,-137,2025-11-30,2025-11-29T20:53:59Z
PrizePicks,player_points_rebounds,Trey Murphy III,Under,23.5,-137,2025-11-30,2025-11-29T20:53:59Z
PrizePicks,player_points_rebounds,Jonathan Kuminga,Over,20.5,-137,2025-11-30,2025-11-29T20:53:59Z
PrizePicks,player_points_rebounds,Jonathan Kuminga,Under,20.5,-137,2025-11-30,2025-11-29T20:53:59Z
PrizePicks,player_points_rebounds,Saddiq Bey,Over,20.5,-137,2025-11-30,2025-11-29T20:53:59Z
PrizePicks,player_points_rebounds,Saddiq Bey,Under,20.5,-137,2025-11-30,2025-11-29T20:53:59Z
PrizePicks,player_points_rebounds,Brandin Podziemski,Over,20.0,-137,2025-11-30,2025-11-29T20:53:59Z
PrizePicks,player_points_rebounds,Brandin Podziemski,Under,20.0,-137,2025-11-30,2025-11-29T20:53:59Z
PrizePicks,player_points_rebounds,Derik Queen,Over,19.5,-137,2025-11-30,2025-11-29T20:53:59Z
PrizePicks,player_points_rebounds,Derik Queen,Under,19.5,-137,2025-11-30,2025-11-29T20:53:59Z
PrizePicks,player_points_rebounds,Moses Moody,Over,19.0,-137,2025-11-30,2025-11-29T20:53:59Z
PrizePicks,player_points_rebounds,Moses Moody,Under,19.0,-137,2025-11-30,2025-11-29T20:53:59Z
PrizePicks,player_points_rebounds,Draymond Green,Over,16.5,-137,2025-11-30,2025-11-29T20:53:59Z
PrizePicks,player_points_rebounds,Draymond Green,Under,16.5,-137,2025-11-30,2025-11-29T20:53:59Z
PrizePicks,player_points_rebounds,Jeremiah Fears,Over,16.5,-137,2025-11-30,2025-11-29T20:53:59Z
PrizePicks,player_points_rebounds,Jeremiah Fears,Under,16.5,-137,2025-11-30,2025-11-29T20:53:59Z
PrizePicks,player_points_rebounds,Jose Alvarado,Over,13.5,-137,2025-11-30,2025-11-29T20:53:59Z
PrizePicks,player_points_rebounds,Jose Alvarado,Under,13.5,-137,2025-11-30,2025-11-29T20:53:59Z
PrizePicks,player_points_rebounds,Buddy Hield,Over,13.5,-137,2025-11-30,2025-11-29T20:53:59Z
PrizePicks,player_points_rebounds,Buddy Hield,Under,13.5,-137,2025-11-30,2025-11-29T20:53:59Z
PrizePicks,player_points_rebounds,Yves Missi,Over,13.0,-137,2025-11-30,2025-11-29T20:53:59Z
PrizePicks,player_points_rebounds,Yves Missi,Under,13.0,-137,2025-11-30,2025-11-29T20:53:59Z
PrizePicks,player_points_rebounds,Will Richard,Over,12.5,-137,2025-11-30,2025-11-29T20:53:59Z
PrizePicks,player_points_rebounds,Will Richard,Under,12.5,-137,2025-11-30,2025-11-29T20:53:59Z
PrizePicks,player_points_rebounds,Quinten Post,Over,12.5,-137,2025-11-30,2025-11-29T20:53:59Z
PrizePicks,player_points_rebounds,Quinten Post,Under,12.5,-137,2025-11-30,2025-11-29T20:53:59Z
PrizePicks,player_points_rebounds,Nikola Jokic,Over,42.5,-137,2025-11-30,2025-11-29T20:53:35Z
PrizePicks,player_points_rebounds,Nikola Jokic,Under,42.5,-137,2025-11-30,2025-11-29T20:53:35Z
PrizePicks,player_points_rebounds,Devin Booker,Over,29.5,-137,2025-11-30,2025-11-29T20:53:35Z
PrizePicks,player_points_rebounds,Devin Booker,Under,29.5,-137,2025-11-30,2025-11-29T20:53:35Z
PrizePicks,player_points_rebounds,Jamal Murray,Over,28.5,-137,2025-11-30,2025-11-29T20:53:35Z
PrizePicks,player_points_rebounds,Jamal Murray,Under,28.5,-137,2025-11-30,2025-11-29T20:53:35Z
PrizePicks,player_points_rebounds,Dillon Brooks,Over,23.5,-137,2025-11-30,2025-11-29T20:53:35Z
PrizePicks,player_points_rebounds,Dillon Brooks,Under,23.5,-137,2025-11-30,2025-11-29T20:53:35Z
PrizePicks,player_points_rebounds,Peyton Watson,Over,19.5,-137,2025-11-30,2025-11-29T20:53:35Z
PrizePicks,player_points_rebounds,Peyton Watson,Under,19.5,-137,2025-11-30,2025-11-29T20:53:35Z
PrizePicks,player_points_rebounds,Cameron Johnson,Over,19.5,-137,2025-11-30,2025-11-29T20:53:35Z
PrizePicks,player_points_rebounds,Cameron Johnson,Under,19.5,-137,2025-11-30,2025-11-29T20:53:35Z
PrizePicks,player_points_rebounds,Collin Gillespie,Over,18.5,-137,2025-11-30,2025-11-29T20:53:35Z
PrizePicks,player_points_rebounds,Collin Gillespie,Under,18.5,-137,2025-11-30,2025-11-29T20:53:35Z
PrizePicks,player_points_rebounds,Royce O'Neale,Over,16.5,-137,2025-11-30,2025-11-29T20:53:35Z
PrizePicks,player_points_rebounds,Royce O'Neale,Under,16.5,-137,2025-11-30,2025-11-29T20:53:35Z
PrizePicks,player_points_rebounds,Tim Hardaway Jr,Over,13.5,-137,2025-11-30,2025-11-29T20:53:35Z
PrizePicks,player_points_rebounds,Tim Hardaway Jr,Under,13.5,-137,2025-11-30,2025-11-29T20:53:35Z
PrizePicks,player_points_rebounds,Bruce Brown,Over,11.5,-137,2025-11-30,2025-11-29T20:53:35Z
PrizePicks,player_points_rebounds,Bruce Brown,Under,11.5,-137,2025-11-30,2025-11-29T20:53:35Z
PrizePicks,player_points_rebounds,Oso Ighodaro,Over,11.0,-137,2025-11-30,2025-11-29T20:53:35Z
PrizePicks,player_points_rebounds,Oso Ighodaro,Under,11.0,-137,2025-11-30,2025-11-29T20:53:35Z
PrizePicks,player_points_rebounds,James Harden,Over,32.5,-137,2025-11-30,2025-11-29T20:53:24Z
PrizePicks,player_points_rebounds,James Harden,Under,32.5,-137,2025-11-30,2025-11-29T20:53:24Z
PrizePicks,player_points_rebounds,Ivica Zubac,Over,30.5,-137,2025-11-30,2025-11-29T20:53:24Z
PrizePicks,player_points_rebounds,Ivica Zubac,Under,30.5,-137,2025-11-30,2025-11-29T20:53:24Z
PrizePicks,player_points_rebounds,Kawhi Leonard,Over,25.5,-137,2025-11-30,2025-11-29T20:53:24Z
PrizePicks,player_points_rebounds,Kawhi Leonard,Under,25.5,-137,2025-11-30,2025-11-29T20:53:24Z
PrizePicks,player_points_rebounds,P.J. Washington,Over,24.5,-137,2025-11-30,2025-11-29T20:53:24Z
PrizePicks,player_points_rebounds,P.J. Washington,Under,24.5,-137,2025-11-30,2025-11-29T20:53:24Z
PrizePicks,player_points_rebounds,Cooper Flagg,Over,23.5,-137,2025-11-30,2025-11-29T20:53:24Z
PrizePicks,player_points_rebounds,Cooper Flagg,Under,23.5,-137,2025-11-30,2025-11-29T20:53:24Z
PrizePicks,player_points_rebounds,John Collins,Over,17.5,-137,2025-11-30,2025-11-29T20:53:24Z
PrizePicks,player_points_rebounds,John Collins,Under,17.5,-137,2025-11-30,2025-11-29T20:53:24Z
PrizePicks,player_points_rebounds,Naji Marshall,Over,15.5,-137,2025-11-30,2025-11-29T20:53:24Z
PrizePicks,player_points_rebounds,Naji Marshall,Under,15.5,-137,2025-11-30,2025-11-29T20:53:24Z
PrizePicks,player_points_rebounds,Max Christie,Over,14.5,-137,2025-11-30,2025-11-29T20:53:24Z
PrizePicks,player_points_rebounds,Max Christie,Under,14.5,-137,2025-11-30,2025-11-29T20:53:24Z
PrizePicks,player_points_rebounds,Brandon Williams,Over,14.5,-137,2025-11-30,2025-11-29T20:53:24Z
PrizePicks,player_points_rebounds,Brandon Williams,Under,14.5,-137,2025-11-30,2025-11-29T20:53:24Z
PrizePicks,player_points_rebounds,Kris Dunn,Over,11.5,-137,2025-11-30,2025-11-29T20:53:24Z
PrizePicks,player_points_rebounds,Kris Dunn,Under,11.5,-137,2025-11-30,2025-11-29T20:53:24Z
Betr DFS,player_points_rebounds,Jaylen Brown,Over,32.5,-137,2025-11-29,2025-11-29T20:54:00Z
Betr DFS,player_points_rebounds,Jaylen Brown,Under,32.5,-137,2025-11-29,2025-11-29T20:54:00Z
Betr DFS,player_points_rebounds,Derrick White,Over,21.5,-137,2025-11-29,2025-11-29T20:54:00Z
Betr DFS,player_points_rebounds,Derrick White,Under,21.5,-137,2025-11-29,2025-11-29T20:54:00Z
Betr DFS,player_points_rebounds,Payton Pritchard,Over,20.5,-137,2025-11-29,2025-11-29T20:54:00Z
Betr DFS,player_points_rebounds,Payton Pritchard,Under,20.5,-137,2025-11-29,2025-11-29T20:54:00Z
Betr DFS,player_points_rebounds,Neemias Queta,Over,16.5,-137,2025-11-29,2025-11-29T20:54:00Z
Betr DFS,player_points_rebounds,Neemias Queta,Under,16.5,-137,2025-11-29,2025-11-29T20:54:00Z
Betr DFS,player_points_rebounds,Julius Randle,Over,27.5,-137,2025-11-29,2025-11-29T20:54:00Z
Betr DFS,player_points_rebounds,Julius Randle,Under,27.5,-137,2025-11-29,2025-11-29T20:54:00Z
Betr DFS,player_points_rebounds,Rudy Gobert,Over,21.5,-137,2025-11-29,2025-11-29T20:54:00Z
Betr DFS,player_points_rebounds,Rudy Gobert,Under,21.5,-137,2025-11-29,2025-11-29T20:54:00Z
Betr DFS,player_points_rebounds,Naz Reid,Over,18.5,-137,2025-11-29,2025-11-29T20:54:00Z
Betr DFS,player_points_rebounds,Naz Reid,Under,18.5,-137,2025-11-29,2025-11-29T20:54:00Z
Betr DFS,player_points_rebounds,Anthony Edwards,Over,34.5,-137,2025-11-29,2025-11-29T20:54:00Z
Betr DFS,player_points_rebounds,Anthony Edwards,Under,34.5,-137,2025-11-29,2025-11-29T20:54:00Z
Betr DFS,player_points_rebounds,Jaden McDaniels,Over,18.5,-137,2025-11-29,2025-11-29T20:54:00Z
Betr DFS,player_points_rebounds,Jaden McDaniels,Under,18.5,-137,2025-11-29,2025-11-29T20:54:00Z
Betr DFS,player_points_rebounds,Donte DiVincenzo,Over,16.5,-137,2025-11-29,2025-11-29T20:54:00Z
Betr DFS,player_points_rebounds,Donte DiVincenzo,Under,16.5,-137,2025-11-29,2025-11-29T20:54:00Z
Betr DFS,player_points_rebounds,Immanuel Quickley,Over,22.5,-137,2025-11-29,2025-11-29T20:54:21Z
Betr DFS,player_points_rebounds,Immanuel Quickley,Under,22.5,-137,2025-11-29,2025-11-29T20:54:21Z
Betr DFS,player_points_rebounds,Jakob Poeltl,Over,21.5,-137,2025-11-29,2025-11-29T20:54:21Z
Betr DFS,player_points_rebounds,Jakob Poeltl,Under,21.5,-137,2025-11-29,2025-11-29T20:54:21Z
Betr DFS,player_points_rebounds,Scottie Barnes,Over,27.5,-137,2025-11-29,2025-11-29T20:54:21Z
Betr DFS,player_points_rebounds,Scottie Barnes,Under,27.5,-137,2025-11-29,2025-11-29T20:54:21Z
Betr DFS,player_points_rebounds,Brandon Ingram,Over,31.5,-137,2025-11-29,2025-11-29T20:54:21Z
Betr DFS,player_points_rebounds,Brandon Ingram,Under,31.5,-137,2025-11-29,2025-11-29T20:54:21Z
Betr DFS,player_points_rebounds,Sandro Mamukelashvili,Over,15.5,-137,2025-11-29,2025-11-29T20:54:21Z
Betr DFS,player_points_rebounds,Sandro Mamukelashvili,Under,15.5,-137,2025-11-29,2025-11-29T20:54:21Z
Betr DFS,player_points_rebounds,LaMelo Ball,Over,22.5,-137,2025-11-29,2025-11-29T20:54:21Z
Betr DFS,player_points_rebounds,LaMelo Ball,Under,22.5,-137,2025-11-29,2025-11-29T20:54:21Z
Betr DFS,player_points_rebounds,Collin Sexton,Over,15.5,-137,2025-11-29,2025-11-29T20:54:21Z
Betr DFS,player_points_rebounds,Collin Sexton,Under,15.5,-137,2025-11-29,2025-11-29T20:54:21Z
Betr DFS,player_points_rebounds,Brandon Miller,Over,21.5,-137,2025-11-29,2025-11-29T20:54:21Z
Betr DFS,player_points_rebounds,Brandon Miller,Under,21.5,-137,2025-11-29,2025-11-29T20:54:21Z
Betr DFS,player_points_rebounds,Miles Bridges,Over,26.5,-137,2025-11-29,2025-11-29T20:54:21Z
Betr DFS,player_points_rebounds,Miles Bridges,Under,26.5,-137,2025-11-29,2025-11-29T20:54:21Z
Betr DFS,player_points_rebounds,Kon Knueppel,Over,22.5,-137,2025-11-29,2025-11-29T20:54:21Z
Betr DFS,player_points_rebounds,Kon Knueppel,Under,22.5,-137,2025-11-29,2025-11-29T20:54:21Z
Betr DFS,player_points_rebounds,Nikola Vucevic,Over,29.5,-137,2025-11-30,2025-11-29T20:54:02Z
Betr DFS,player_points_rebounds,Nikola Vucevic,Under,29.5,-137,2025-11-30,2025-11-29T20:54:02Z
Betr DFS,player_points_rebounds,Coby White,Over,25.5,-137,2025-11-30,2025-11-29T20:54:02Z
Betr DFS,player_points_rebounds,Coby White,Under,25.5,-137,2025-11-30,2025-11-29T20:54:02Z
Betr DFS,player_points_rebounds,Ayo Dosunmu,Over,16.5,-137,2025-11-30,2025-11-29T20:54:02Z
Betr DFS,player_points_rebounds,Ayo Dosunmu,Under,16.5,-137,2025-11-30,2025-11-29T20:54:02Z
Betr DFS,player_points_rebounds,Josh Giddey,Over,29.5,-137,2025-11-30,2025-11-29T20:54:02Z
Betr DFS,player_points_rebounds,Josh Giddey,Under,29.5,-137,2025-11-30,2025-11-29T20:54:02Z
Betr DFS,player_points_rebounds,Kevin Huerter,Over,14.5,-137,2025-11-30,2025-11-29T20:54:02Z
Betr DFS,player_points_rebounds,Kevin Huerter,Under,14.5,-137,2025-11-30,2025-11-29T20:54:02Z
Betr DFS,player_points_rebounds,Matas Buzelis,Over,18.5,-137,2025-11-30,2025-11-29T20:54:02Z
Betr DFS,player_points_rebounds,Matas Buzelis,Under,18.5,-137,2025-11-30,2025-11-29T20:54:02Z
Betr DFS,player_points_rebounds,Pascal Siakam,Over,31.5,-137,2025-11-30,2025-11-29T20:54:02Z
Betr DFS,player_points_rebounds,Pascal Siakam,Under,31.5,-137,2025-11-30,2025-11-29T20:54:02Z
Betr DFS,player_points_rebounds,Bennedict Mathurin,Over,30.5,-137,2025-11-30,2025-11-29T20:54:02Z
Betr DFS,player_points_rebounds,Bennedict Mathurin,Under,30.5,-137,2025-11-30,2025-11-29T20:54:02Z
Betr DFS,player_points_rebounds,Andrew Nembhard,Over,20.5,-137,2025-11-30,2025-11-29T20:54:02Z
Betr DFS,player_points_rebounds,Andrew Nembhard,Under,20.5,-137,2025-11-30,2025-11-29T20:54:02Z
Betr DFS,player_points_rebounds,Tyrese Martin,Over,17.5,-137,2025-11-30,2025-11-29T20:54:02Z
Betr DFS,player_points_rebounds,Tyrese Martin,Under,17.5,-137,2025-11-30,2025-11-29T20:54:02Z
Betr DFS,player_points_rebounds,Nicolas Claxton,Over,24.5,-137,2025-11-30,2025-11-29T20:54:02Z
Betr DFS,player_points_rebounds,Nicolas Claxton,Under,24.5,-137,2025-11-30,2025-11-29T20:54:02Z
Betr DFS,player_points_rebounds,Ziaire Williams,Over,15.5,-137,2025-11-30,2025-11-29T20:54:02Z
Betr DFS,player_points_rebounds,Ziaire Williams,Under,15.5,-137,2025-11-30,2025-11-29T20:54:02Z
Betr DFS,player_points_rebounds,Terance Mann,Over,15.5,-137,2025-11-30,2025-11-29T20:54:02Z
Betr DFS,player_points_rebounds,Terance Mann,Under,15.5,-137,2025-11-30,2025-11-29T20:54:02Z
Betr DFS,player_points_rebounds,Noah Clowney,Over,24.5,-137,2025-11-30,2025-11-29T20:54:02Z
Betr DFS,player_points_rebounds,Noah Clowney,Under,24.5,-137,2025-11-30,2025-11-29T20:54:02Z
Betr DFS,player_points_rebounds,Kyle Kuzma,Over,17.5,-137,2025-11-30,2025-11-29T20:54:02Z
Betr DFS,player_points_rebounds,Kyle Kuzma,Under,17.5,-137,2025-11-30,2025-11-29T20:54:02Z
Betr DFS,player_points_rebounds,Myles Turner,Over,19.5,-137,2025-11-30,2025-11-29T20:54:02Z
Betr DFS,player_points_rebounds,Myles Turner,Under,19.5,-137,2025-11-30,2025-11-29T20:54:02Z
Betr DFS,player_points_rebounds,Giannis Antetokounmpo,Over,39.5,-137,2025-11-30,2025-11-29T20:54:02Z
Betr DFS,player_points_rebounds,Giannis Antetokounmpo,Under,39.5,-137,2025-11-30,2025-11-29T20:54:02Z
Betr DFS,player_points_rebounds,Bobby Portis,Over,15.5,-137,2025-11-30,2025-11-29T20:54:02Z
Betr DFS,player_points_rebounds,Bobby Portis,Under,15.5,-137,2025-11-30,2025-11-29T20:54:02Z
Betr DFS,player_points_rebounds,A.J. Green,Over,14.5,-137,2025-11-30,2025-11-29T20:54:02Z
Betr DFS,player_points_rebounds,A.J. Green,Under,14.5,-137,2025-11-30,2025-11-29T20:54:02Z
Betr DFS,player_points_rebounds,Ryan Rollins,Over,21.5,-137,2025-11-30,2025-11-29T20:54:02Z
Betr DFS,player_points_rebounds,Ryan Rollins,Under,21.5,-137,2025-11-30,2025-11-29T20:54:02Z
Betr DFS,player_points_rebounds,Duncan Robinson,Over,15.5,-137,2025-11-30,2025-11-29T20:54:45Z
Betr DFS,player_points_rebounds,Duncan Robinson,Under,15.5,-137,2025-11-30,2025-11-29T20:54:45Z
Betr DFS,player_points_rebounds,Tobias Harris,Over,18.5,-137,2025-11-30,2025-11-29T20:54:45Z
Betr DFS,player_points_rebounds,Tobias Harris,Under,18.5,-137,2025-11-30,2025-11-29T20:54:45Z
Betr DFS,player_points_rebounds,Isaiah Stewart II,Over,18.5,-137,2025-11-30,2025-11-29T20:54:45Z
Betr DFS,player_points_rebounds,Isaiah Stewart II,Under,18.5,-137,2025-11-30,2025-11-29T20:54:45Z
Betr DFS,player_points_rebounds,Cade Cunningham,Over,35.5,-137,2025-11-30,2025-11-29T20:54:45Z
Betr DFS,player_points_rebounds,Cade Cunningham,Under,35.5,-137,2025-11-30,2025-11-29T20:54:45Z
Betr DFS,player_points_rebounds,Ausar Thompson,Over,18.5,-137,2025-11-30,2025-11-29T20:54:45Z
Betr DFS,player_points_rebounds,Ausar Thompson,Under,18.5,-137,2025-11-30,2025-11-29T20:54:45Z
Betr DFS,player_points_rebounds,Bam Adebayo,Over,27.5,-137,2025-11-30,2025-11-29T20:54:45Z
Betr DFS,player_points_rebounds,Bam Adebayo,Under,27.5,-137,2025-11-30,2025-11-29T20:54:45Z
Betr DFS,player_points_rebounds,Tyler Herro,Over,26.5,-137,2025-11-30,2025-11-29T20:54:45Z
Betr DFS,player_points_rebounds,Tyler Herro,Under,26.5,-137,2025-11-30,2025-11-29T20:54:45Z
Betr DFS,player_points_rebounds,Andrew Wiggins,Over,19.5,-137,2025-11-30,2025-11-29T20:54:45Z
Betr DFS,player_points_rebounds,Andrew Wiggins,Under,19.5,-137,2025-11-30,2025-11-29T20:54:45Z
Betr DFS,player_points_rebounds,Norman Powell,Over,22.5,-137,2025-11-30,2025-11-29T20:54:45Z
Betr DFS,player_points_rebounds,Norman Powell,Under,22.5,-137,2025-11-30,2025-11-29T20:54:45Z
Betr DFS,player_points_rebounds,Kel'el Ware,Over,20.5,-137,2025-11-30,2025-11-29T20:54:45Z
Betr DFS,player_points_rebounds,Kel'el Ware,Under,20.5,-137,2025-11-30,2025-11-29T20:54:45Z
Betr DFS,player_points_rebounds,Saddiq Bey,Over,20.5,-137,2025-11-30,2025-11-29T20:54:57Z
Betr DFS,player_points_rebounds,Saddiq Bey,Under,20.5,-137,2025-11-30,2025-11-29T20:54:57Z
Betr DFS,player_points_rebounds,Trey Murphy III,Over,23.5,-137,2025-11-30,2025-11-29T20:54:57Z
Betr DFS,player_points_rebounds,Trey Murphy III,Under,23.5,-137,2025-11-30,2025-11-29T20:54:57Z
Betr DFS,player_points_rebounds,Jeremiah Fears,Over,16.5,-137,2025-11-30,2025-11-29T20:54:57Z
Betr DFS,player_points_rebounds,Jeremiah Fears,Under,16.5,-137,2025-11-30,2025-11-29T20:54:57Z
Betr DFS,player_points_rebounds,Derik Queen,Over,19.5,-137,2025-11-30,2025-11-29T20:54:57Z
Betr DFS,player_points_rebounds,Derik Queen,Under,19.5,-137,2025-11-30,2025-11-29T20:54:57Z
Betr DFS,player_points_rebounds,Jimmy Butler,Over,27.5,-137,2025-11-30,2025-11-29T20:54:57Z
Betr DFS,player_points_rebounds,Jimmy Butler,Under,27.5,-137,2025-11-30,2025-11-29T20:54:57Z
Betr DFS,player_points_rebounds,Draymond Green,Over,16.5,-137,2025-11-30,2025-11-29T20:54:57Z
Betr DFS,player_points_rebounds,Draymond Green,Under,16.5,-137,2025-11-30,2025-11-29T20:54:57Z
Betr DFS,player_points_rebounds,Moses Moody,Over,18.5,-137,2025-11-30,2025-11-29T20:54:57Z
Betr DFS,player_points_rebounds,Moses Moody,Under,18.5,-137,2025-11-30,2025-11-29T20:54:57Z
Betr DFS,player_points_rebounds,Brandin Podziemski,Over,19.5,-137,2025-11-30,2025-11-29T20:54:57Z
Betr DFS,player_points_rebounds,Brandin Podziemski,Under,19.5,-137,2025-11-30,2025-11-29T20:54:57Z
Betr DFS,player_points_rebounds,Cameron Johnson,Over,19.5,-137,2025-11-30,2025-11-29T20:54:52Z
Betr DFS,player_points_rebounds,Cameron Johnson,Under,19.5,-137,2025-11-30,2025-11-29T20:54:52Z
Betr DFS,player_points_rebounds,Nikola Jokic,Over,42.5,-137,2025-11-30,2025-11-29T20:54:52Z
Betr DFS,player_points_rebounds,Nikola Jokic,Under,42.5,-137,2025-11-30,2025-11-29T20:54:52Z
Betr DFS,player_points_rebounds,Jamal Murray,Over,28.5,-137,2025-11-30,2025-11-29T20:54:52Z
Betr DFS,player_points_rebounds,Jamal Murray,Under,28.5,-137,2025-11-30,2025-11-29T20:54:52Z
Betr DFS,player_points_rebounds,Peyton Watson,Over,19.5,-137,2025-11-30,2025-11-29T20:54:52Z
Betr DFS,player_points_rebounds,Peyton Watson,Under,19.5,-137,2025-11-30,2025-11-29T20:54:52Z
Betr DFS,player_points_rebounds,Mark Williams,Over,20.5,-137,2025-11-30,2025-11-29T20:54:52Z
Betr DFS,player_points_rebounds,Mark Williams,Under,20.5,-137,2025-11-30,2025-11-29T20:54:52Z
Betr DFS,player_points_rebounds,Royce O'Neale,Over,16.5,-137,2025-11-30,2025-11-29T20:54:52Z
Betr DFS,player_points_rebounds,Royce O'Neale,Under,16.5,-137,2025-11-30,2025-11-29T20:54:52Z
Betr DFS,player_points_rebounds,Collin Gillespie,Over,18.5,-137,2025-11-30,2025-11-29T20:54:52Z
Betr DFS,player_points_rebounds,Collin Gillespie,Under,18.5,-137,2025-11-30,2025-11-29T20:54:52Z
Betr DFS,player_points_rebounds,Dillon Brooks,Over,22.5,-137,2025-11-30,2025-11-29T20:54:52Z
Betr DFS,player_points_rebounds,Dillon Brooks,Under,22.5,-137,2025-11-30,2025-11-29T20:54:52Z
Betr DFS,player_points_rebounds,Devin Booker,Over,30.5,-137,2025-11-30,2025-11-29T20:54:52Z
Betr DFS,player_points_rebounds,Devin Booker,Under,30.5,-137,2025-11-30,2025-11-29T20:54:52Z
Betr DFS,player_points_rebounds,P.J. Washington,Over,24.5,-137,2025-11-30,2025-11-29T20:54:52Z
Betr DFS,player_points_rebounds,P.J. Washington,Under,24.5,-137,2025-11-30,2025-11-29T20:54:52Z
Betr DFS,player_points_rebounds,Naji Marshall,Over,15.5,-137,2025-11-30,2025-11-29T20:54:52Z
Betr DFS,player_points_rebounds,Naji Marshall,Under,15.5,-137,2025-11-30,2025-11-29T20:54:52Z
Betr DFS,player_points_rebounds,Max Christie,Over,14.5,-137,2025-11-30,2025-11-29T20:54:52Z
Betr DFS,player_points_rebounds,Max Christie,Under,14.5,-137,2025-11-30,2025-11-29T20:54:52Z
Betr DFS,player_points_rebounds,Brandon Williams,Over,14.5,-137,2025-11-30,2025-11-29T20:54:52Z
Betr DFS,player_points_rebounds,Brandon Williams,Under,14.5,-137,2025-11-30,2025-11-29T20:54:52Z
Betr DFS,player_points_rebounds,Cooper Flagg,Over,22.5,-137,2025-11-30,2025-11-29T20:54:52Z
Betr DFS,player_points_rebounds,Cooper Flagg,Under,22.5,-137,2025-11-30,2025-11-29T20:54:52Z
Betr DFS,player_points_rebounds,John Collins,Over,17.5,-137,2025-11-30,2025-11-29T20:54:52Z
Betr DFS,player_points_rebounds,John Collins,Under,17.5,-137,2025-11-30,2025-11-29T20:54:52Z
Betr DFS,player_points_rebounds,James Harden,Over,31.5,-137,2025-11-30,2025-11-29T20:54:52Z
Betr DFS,player_points_rebounds,James Harden,Under,31.5,-137,2025-11-30,2025-11-29T20:54:52Z
Betr DFS,player_points_rebounds,Kawhi Leonard,Over,25.5,-137,2025-11-30,2025-11-29T20:54:52Z
Betr DFS,player_points_rebounds,Kawhi Leonard,Under,25.5,-137,2025-11-30,2025-11-29T20:54:52Z
Betr DFS,player_points_rebounds,Ivica Zubac,Over,30.5,-137,2025-11-30,2025-11-29T20:54:52Z
Betr DFS,player_points_rebounds,Ivica Zubac,Under,30.5,-137,2025-11-30,2025-11-29T20:54:52Z
DraftKings Pick6,player_points_rebounds,Anthony Edwards,Over,34.5,-137,2025-11-29,2025-11-29T20:53:36Z
DraftKings Pick6,player_points_rebounds,Anthony Edwards,Under,34.5,-137,2025-11-29,2025-11-29T20:53:36Z
DraftKings Pick6,player_points_rebounds,Payton Pritchard,Over,20.5,-137,2025-11-29,2025-11-29T20:53:36Z
DraftKings Pick6,player_points_rebounds,Payton Pritchard,Under,20.5,-137,2025-11-29,2025-11-29T20:53:36Z
DraftKings Pick6,player_points_rebounds,Jaden McDaniels,Over,18.5,-137,2025-11-29,2025-11-29T20:53:36Z
DraftKings Pick6,player_points_rebounds,Jaden McDaniels,Under,18.5,-137,2025-11-29,2025-11-29T20:53:36Z
DraftKings Pick6,player_points_rebounds,Donte DiVincenzo,Over,16.5,-137,2025-11-29,2025-11-29T20:53:36Z
DraftKings Pick6,player_points_rebounds,Donte DiVincenzo,Under,16.5,-137,2025-11-29,2025-11-29T20:53:36Z
DraftKings Pick6,player_points_rebounds,Jordan Walsh,Over,10.5,-137,2025-11-29,2025-11-29T20:53:36Z
DraftKings Pick6,player_points_rebounds,Jordan Walsh,Under,10.5,-137,2025-11-29,2025-11-29T20:53:36Z
DraftKings Pick6,player_points_rebounds,Brandon Ingram,Over,31.5,-137,2025-11-29,2025-11-29T20:54:05Z
DraftKings Pick6,player_points_rebounds,Brandon Ingram,Under,31.5,-137,2025-11-29,2025-11-29T20:54:05Z
DraftKings Pick6,player_points_rebounds,LaMelo Ball,Over,22.5,-137,2025-11-29,2025-11-29T20:54:05Z
DraftKings Pick6,player_points_rebounds,LaMelo Ball,Under,22.5,-137,2025-11-29,2025-11-29T20:54:05Z
DraftKings Pick6,player_points_rebounds,Jakob Poeltl,Over,21.5,-137,2025-11-29,2025-11-29T20:54:05Z
DraftKings Pick6,player_points_rebounds,Jakob Poeltl,Under,21.5,-137,2025-11-29,2025-11-29T20:54:05Z
DraftKings Pick6,player_points_rebounds,Sandro Mamukelashvili,Over,15.5,-137,2025-11-29,2025-11-29T20:54:05Z
DraftKings Pick6,player_points_rebounds,Sandro Mamukelashvili,Under,15.5,-137,2025-11-29,2025-11-29T20:54:05Z
DraftKings Pick6,player_points_rebounds,Jamal Shead,Over,8.5,-137,2025-11-29,2025-11-29T20:54:05Z
DraftKings Pick6,player_points_rebounds,Jamal Shead,Under,8.5,-137,2025-11-29,2025-11-29T20:54:05Z
DraftKings Pick6,player_points_rebounds,Kevin Huerter,Over,14.5,-137,2025-11-30,2025-11-29T20:54:03Z
DraftKings Pick6,player_points_rebounds,Kevin Huerter,Under,14.5,-137,2025-11-30,2025-11-29T20:54:03Z
DraftKings Pick6,player_points_rebounds,Ben Sheppard,Over,12.5,-137,2025-11-30,2025-11-29T20:54:03Z
DraftKings Pick6,player_points_rebounds,Ben Sheppard,Under,12.5,-137,2025-11-30,2025-11-29T20:54:03Z
DraftKings Pick6,player_points_rebounds,Nicolas Claxton,Over,24.5,-137,2025-11-30,2025-11-29T20:53:48Z
DraftKings Pick6,player_points_rebounds,Giannis Antetokounmpo,Over,39.5,-137,2025-11-30,2025-11-29T20:53:48Z
DraftKings Pick6,player_points_rebounds,Giannis Antetokounmpo,Under,39.5,-137,2025-11-30,2025-11-29T20:53:48Z
DraftKings Pick6,player_points_rebounds,Kyle Kuzma,Over,17.5,-137,2025-11-30,2025-11-29T20:53:48Z
DraftKings Pick6,player_points_rebounds,Kyle Kuzma,Under,17.5,-137,2025-11-30,2025-11-29T20:53:48Z
DraftKings Pick6,player_points_rebounds,A.J. Green,Over,14.5,-137,2025-11-30,2025-11-29T20:53:48Z
DraftKings Pick6,player_points_rebounds,A.J. Green,Under,14.5,-137,2025-11-30,2025-11-29T20:53:48Z
DraftKings Pick6,player_points_rebounds,Cade Cunningham,Over,35.5,-137,2025-11-30,2025-11-29T20:54:56Z
DraftKings Pick6,player_points_rebounds,Cade Cunningham,Under,35.5,-137,2025-11-30,2025-11-29T20:54:56Z
DraftKings Pick6,player_points_rebounds,Bam Adebayo,Over,27.5,-137,2025-11-30,2025-11-29T20:54:56Z
DraftKings Pick6,player_points_rebounds,Bam Adebayo,Under,27.5,-137,2025-11-30,2025-11-29T20:54:56Z
DraftKings Pick6,player_points_rebounds,Norman Powell,Over,22.5,-137,2025-11-30,2025-11-29T20:54:56Z
DraftKings Pick6,player_points_rebounds,Norman Powell,Under,22.5,-137,2025-11-30,2025-11-29T20:54:56Z
DraftKings Pick6,player_points_rebounds,Andrew Wiggins,Over,19.5,-137,2025-11-30,2025-11-29T20:54:56Z
DraftKings Pick6,player_points_rebounds,Andrew Wiggins,Under,19.5,-137,2025-11-30,2025-11-29T20:54:56Z
DraftKings Pick6,player_points_rebounds,Duncan Robinson,Over,15.5,-137,2025-11-30,2025-11-29T20:54:56Z
DraftKings Pick6,player_points_rebounds,Duncan Robinson,Under,15.5,-137,2025-11-30,2025-11-29T20:54:56Z
DraftKings Pick6,player_points_rebounds,Davion Mitchell,Over,11.5,-137,2025-11-30,2025-11-29T20:54:56Z
DraftKings Pick6,player_points_rebounds,Davion Mitchell,Under,11.5,-137,2025-11-30,2025-11-29T20:54:56Z
DraftKings Pick6,player_points_rebounds,Zion Williamson,Over,27.5,-137,2025-11-30,2025-11-29T20:54:49Z
DraftKings Pick6,player_points_rebounds,Zion Williamson,Under,27.5,-137,2025-11-30,2025-11-29T20:54:49Z
DraftKings Pick6,player_points_rebounds,Brandin Podziemski,Over,19.5,-137,2025-11-30,2025-11-29T20:54:49Z
DraftKings Pick6,player_points_rebounds,Brandin Podziemski,Under,19.5,-137,2025-11-30,2025-11-29T20:54:49Z
DraftKings Pick6,player_points_rebounds,Derik Queen,Over,19.5,-137,2025-11-30,2025-11-29T20:54:49Z
DraftKings Pick6,player_points_rebounds,Derik Queen,Under,19.5,-137,2025-11-30,2025-11-29T20:54:49Z
DraftKings Pick6,player_points_rebounds,Moses Moody,Over,18.5,-137,2025-11-30,2025-11-29T20:54:49Z
DraftKings Pick6,player_points_rebounds,Moses Moody,Under,18.5,-137,2025-11-30,2025-11-29T20:54:49Z
DraftKings Pick6,player_points_rebounds,Draymond Green,Over,16.5,-137,2025-11-30,2025-11-29T20:54:49Z
DraftKings Pick6,player_points_rebounds,Draymond Green,Under,16.5,-137,2025-11-30,2025-11-29T20:54:49Z
DraftKings Pick6,player_points_rebounds,Yves Missi,Over,13.5,-137,2025-11-30,2025-11-29T20:54:49Z
DraftKings Pick6,player_points_rebounds,Yves Missi,Under,13.5,-137,2025-11-30,2025-11-29T20:54:49Z
DraftKings Pick6,player_points_rebounds,Will Richard,Over,12.5,-137,2025-11-30,2025-11-29T20:54:49Z
DraftKings Pick6,player_points_rebounds,Will Richard,Under,12.5,-137,2025-11-30,2025-11-29T20:54:49Z
DraftKings Pick6,player_points_rebounds,James Harden,Over,31.5,-137,2025-11-30,2025-11-29T20:54:53Z
DraftKings Pick6,player_points_rebounds,James Harden,Under,31.5,-137,2025-11-30,2025-11-29T20:54:53Z
DraftKings Pick6,player_points_rebounds,Kawhi Leonard,Over,25.5,-137,2025-11-30,2025-11-29T20:54:53Z
DraftKings Pick6,player_points_rebounds,Kawhi Leonard,Under,25.5,-137,2025-11-30,2025-11-29T20:54:53Z
DraftKings Pick6,player_points_rebounds,Cooper Flagg,Over,22.5,-137,2025-11-30,2025-11-29T20:54:53Z
DraftKings Pick6,player_points_rebounds,Cooper Flagg,Under,22.5,-137,2025-11-30,2025-11-29T20:54:53Z
DraftKings Pick6,player_points_rebounds,John Collins,Over,17.5,-137,2025-11-30,2025-11-29T20:54:53Z
DraftKings Pick6,player_points_rebounds,John Collins,Under,17.5,-137,2025-11-30,2025-11-29T20:54:53Z
DraftKings Pick6,player_points_rebounds,Max Christie,Over,14.5,-137,2025-11-30,2025-11-29T20:54:53Z
DraftKings Pick6,player_points_rebounds,Max Christie,Under,14.5,-137,2025-11-30,2025-11-29T20:54:53Z
DraftKings Pick6,player_points_rebounds,Kris Dunn,Over,11.5,-137,2025-11-30,2025-11-29T20:54:53Z
DraftKings Pick6,player_points_rebounds,Kris Dunn,Under,11.5,-137,2025-11-30,2025-11-29T20:54:53Z
Underdog,player_points_assists,Anthony Edwards,Over,32.5,-137,2025-11-29,2025-11-29T20:54:13Z
Underdog,player_points_assists,Anthony Edwards,Under,32.5,-137,2025-11-29,2025-11-29T20:54:13Z
Underdog,player_points_assists,Jaylen Brown,Over,30.5,-137,2025-11-29,2025-11-29T20:54:13Z
Underdog,player_points_assists,Jaylen Brown,Under,30.5,-137,2025-11-29,2025-11-29T20:54:13Z
Underdog,player_points_assists,Julius Randle,Over,26.5,-137,2025-11-29,2025-11-29T20:54:13Z
Underdog,player_points_assists,Julius Randle,Under,26.5,-137,2025-11-29,2025-11-29T20:54:13Z
Underdog,player_points_assists,Derrick White,Over,21.5,-137,2025-11-29,2025-11-29T20:54:13Z
Underdog,player_points_assists,Derrick White,Under,21.5,-137,2025-11-29,2025-11-29T20:54:13Z
Underdog,player_points_assists,Payton Pritchard,Over,21.5,-137,2025-11-29,2025-11-29T20:54:13Z
Underdog,player_points_assists,Payton Pritchard,Under,21.5,-137,2025-11-29,2025-11-29T20:54:13Z
Underdog,player_points_assists,Scottie Barnes,Over,24.5,-137,2025-11-29,2025-11-29T20:53:38Z
Underdog,player_points_assists,Scottie Barnes,Under,24.5,-137,2025-11-29,2025-11-29T20:53:38Z
Underdog,player_points_assists,LaMelo Ball,Over,25.5,-137,2025-11-29,2025-11-29T20:53:38Z
Underdog,player_points_assists,LaMelo Ball,Under,25.5,-137,2025-11-29,2025-11-29T20:53:38Z
Underdog,player_points_assists,Brandon Ingram,Over,29.5,-137,2025-11-29,2025-11-29T20:53:38Z
Underdog,player_points_assists,Brandon Ingram,Under,29.5,-137,2025-11-29,2025-11-29T20:53:38Z
Underdog,player_points_assists,Brandon Miller,Over,21.5,-137,2025-11-29,2025-11-29T20:53:38Z
Underdog,player_points_assists,Brandon Miller,Under,21.5,-137,2025-11-29,2025-11-29T20:53:38Z
Underdog,player_points_assists,Miles Bridges,Over,22.5,-137,2025-11-29,2025-11-29T20:53:38Z
Underdog,player_points_assists,Miles Bridges,Under,22.5,-137,2025-11-29,2025-11-29T20:53:38Z
Underdog,player_points_assists,Kon Knueppel,Over,19.5,-137,2025-11-29,2025-11-29T20:53:38Z
Underdog,player_points_assists,Kon Knueppel,Under,19.5,-137,2025-11-29,2025-11-29T20:53:38Z
Underdog,player_points_assists,Pascal Siakam,Over,29.5,-137,2025-11-30,2025-11-29T20:54:39Z
Underdog,player_points_assists,Pascal Siakam,Under,29.5,-137,2025-11-30,2025-11-29T20:54:39Z
Underdog,player_points_assists,Coby White,Over,26.5,-137,2025-11-30,2025-11-29T20:54:39Z
Underdog,player_points_assists,Coby White,Under,26.5,-137,2025-11-30,2025-11-29T20:54:39Z
Underdog,player_points_assists,Nikola Vucevic,Over,22.5,-137,2025-11-30,2025-11-29T20:54:39Z
Underdog,player_points_assists,Nikola Vucevic,Under,22.5,-137,2025-11-30,2025-11-29T20:54:39Z
Underdog,player_points_assists,Josh Giddey,Over,29.5,-137,2025-11-30,2025-11-29T20:54:39Z
Underdog,player_points_assists,Josh Giddey,Under,29.5,-137,2025-11-30,2025-11-29T20:54:39Z
Underdog,player_points_assists,Andrew Nembhard,Over,24.5,-137,2025-11-30,2025-11-29T20:54:39Z
Underdog,player_points_assists,Andrew Nembhard,Under,24.5,-137,2025-11-30,2025-11-29T20:54:39Z
Underdog,player_points_assists,Bennedict Mathurin,Over,26.5,-137,2025-11-30,2025-11-29T20:54:39Z
Underdog,player_points_assists,Bennedict Mathurin,Under,26.5,-137,2025-11-30,2025-11-29T20:54:39Z
Underdog,player_points_assists,Giannis Antetokounmpo,Over,35.5,-137,2025-11-30,2025-11-29T20:53:54Z
Underdog,player_points_assists,Giannis Antetokounmpo,Under,35.5,-137,2025-11-30,2025-11-29T20:53:54Z
Underdog,player_points_assists,Ryan Rollins,Over,22.5,-137,2025-11-30,2025-11-29T20:53:54Z
Underdog,player_points_assists,Ryan Rollins,Under,22.5,-137,2025-11-30,2025-11-29T20:53:54Z
Underdog,player_points_assists,Noah Clowney,Over,20.5,-137,2025-11-30,2025-11-29T20:53:54Z
Underdog,player_points_assists,Noah Clowney,Under,20.5,-137,2025-11-30,2025-11-29T20:53:54Z
Underdog,player_points_assists,Cade Cunningham,Over,38.5,-137,2025-11-30,2025-11-29T20:54:18Z
Underdog,player_points_assists,Cade Cunningham,Under,38.5,-137,2025-11-30,2025-11-29T20:54:18Z
Underdog,player_points_assists,Bam Adebayo,Over,21.5,-137,2025-11-30,2025-11-29T20:54:18Z
Underdog,player_points_assists,Bam Adebayo,Under,21.5,-137,2025-11-30,2025-11-29T20:54:18Z
Underdog,player_points_assists,Tyler Herro,Over,26.5,-137,2025-11-30,2025-11-29T20:54:18Z
Underdog,player_points_assists,Tyler Herro,Under,26.5,-137,2025-11-30,2025-11-29T20:54:18Z
Underdog,player_points_assists,Norman Powell,Over,21.5,-137,2025-11-30,2025-11-29T20:54:18Z
Underdog,player_points_assists,Norman Powell,Under,21.5,-137,2025-11-30,2025-11-29T20:54:18Z
Underdog,player_points_assists,Zion Williamson,Over,25.5,-137,2025-11-30,2025-11-29T20:54:13Z
Underdog,player_points_assists,Zion Williamson,Under,25.5,-137,2025-11-30,2025-11-29T20:54:13Z
Underdog,player_points_assists,Jimmy Butler,Over,27.5,-137,2025-11-30,2025-11-29T20:54:13Z
Underdog,player_points_assists,Jimmy Butler,Under,27.5,-137,2025-11-30,2025-11-29T20:54:13Z
Underdog,player_points_assists,Trey Murphy III,Over,21.5,-137,2025-11-30,2025-11-29T20:54:13Z
Underdog,player_points_assists,Trey Murphy III,Under,21.5,-137,2025-11-30,2025-11-29T20:54:13Z
Underdog,player_points_assists,Nikola Jokic,Over,40.5,-137,2025-11-30,2025-11-29T20:54:34Z
Underdog,player_points_assists,Nikola Jokic,Under,40.5,-137,2025-11-30,2025-11-29T20:54:34Z
Underdog,player_points_assists,Devin Booker,Over,33.5,-137,2025-11-30,2025-11-29T20:54:34Z
Underdog,player_points_assists,Devin Booker,Under,33.5,-137,2025-11-30,2025-11-29T20:54:34Z
Underdog,player_points_assists,Jamal Murray,Over,31.5,-137,2025-11-30,2025-11-29T20:54:34Z
Underdog,player_points_assists,Jamal Murray,Under,31.5,-137,2025-11-30,2025-11-29T20:54:34Z
Underdog,player_points_assists,Dillon Brooks,Over,21.5,-137,2025-11-30,2025-11-29T20:54:34Z
Underdog,player_points_assists,Dillon Brooks,Under,21.5,-137,2025-11-30,2025-11-29T20:54:34Z
Underdog,player_points_assists,Collin Gillespie,Over,19.5,-137,2025-11-30,2025-11-29T20:54:34Z
Underdog,player_points_assists,Collin Gillespie,Under,19.5,-137,2025-11-30,2025-11-29T20:54:34Z
Underdog,player_points_assists,Kawhi Leonard,Over,23.5,-137,2025-11-30,2025-11-29T20:54:39Z
Underdog,player_points_assists,Kawhi Leonard,Under,23.5,-137,2025-11-30,2025-11-29T20:54:39Z
Underdog,player_points_assists,Cooper Flagg,Over,19.5,-137,2025-11-30,2025-11-29T20:54:39Z
Underdog,player_points_assists,Cooper Flagg,Under,19.5,-137,2025-11-30,2025-11-29T20:54:39Z
Underdog,player_points_assists,James Harden,Over,35.5,-137,2025-11-30,2025-11-29T20:54:39Z
Underdog,player_points_assists,James Harden,Under,35.5,-137,2025-11-30,2025-11-29T20:54:39Z
Underdog,player_points_assists,Ivica Zubac,Over,20.5,-137,2025-11-30,2025-11-29T20:54:39Z
Underdog,player_points_assists,Ivica Zubac,Under,20.5,-137,2025-11-30,2025-11-29T20:54:39Z
Underdog,player_points_assists,P.J. Washington,Over,19.5,-137,2025-11-30,2025-11-29T20:54:39Z
Underdog,player_points_assists,P.J. Washington,Under,19.5,-137,2025-11-30,2025-11-29T20:54:39Z
PrizePicks,player_points_assists,Anthony Edwards,Over,32.5,-137,2025-11-29,2025-11-29T20:53:24Z
PrizePicks,player_points_assists,Anthony Edwards,Under,32.5,-137,2025-11-29,2025-11-29T20:53:24Z
PrizePicks,player_points_assists,Jaylen Brown,Over,30.5,-137,2025-11-29,2025-11-29T20:53:24Z
PrizePicks,player_points_assists,Jaylen Brown,Under,30.5,-137,2025-11-29,2025-11-29T20:53:24Z
PrizePicks,player_points_assists,Julius Randle,Over,26.5,-137,2025-11-29,2025-11-29T20:53:24Z
PrizePicks,player_points_assists,Julius Randle,Under,26.5,-137,2025-11-29,2025-11-29T20:53:24Z
PrizePicks,player_points_assists,Derrick White,Over,21.5,-137,2025-11-29,2025-11-29T20:53:24Z
PrizePicks,player_points_assists,Derrick White,Under,21.5,-137,2025-11-29,2025-11-29T20:53:24Z
PrizePicks,player_points_assists,Payton Pritchard,Over,21.5,-137,2025-11-29,2025-11-29T20:53:24Z
PrizePicks,player_points_assists,Payton Pritchard,Under,21.5,-137,2025-11-29,2025-11-29T20:53:24Z
PrizePicks,player_points_assists,Donte DiVincenzo,Over,16.5,-137,2025-11-29,2025-11-29T20:53:24Z
PrizePicks,player_points_assists,Donte DiVincenzo,Under,16.5,-137,2025-11-29,2025-11-29T20:53:24Z
PrizePicks,player_points_assists,Jaden McDaniels,Over,16.5,-137,2025-11-29,2025-11-29T20:53:24Z
PrizePicks,player_points_assists,Jaden McDaniels,Under,16.5,-137,2025-11-29,2025-11-29T20:53:24Z
PrizePicks,player_points_assists,Naz Reid,Over,14.5,-137,2025-11-29,2025-11-29T20:53:24Z
PrizePicks,player_points_assists,Naz Reid,Under,14.5,-137,2025-11-29,2025-11-29T20:53:24Z
PrizePicks,player_points_assists,Anfernee Simons,Over,14.5,-137,2025-11-29,2025-11-29T20:53:24Z
PrizePicks,player_points_assists,Anfernee Simons,Under,14.5,-137,2025-11-29,2025-11-29T20:53:24Z
PrizePicks,player_points_assists,Rudy Gobert,Over,12.0,-137,2025-11-29,2025-11-29T20:53:24Z
PrizePicks,player_points_assists,Rudy Gobert,Under,12.0,-137,2025-11-29,2025-11-29T20:53:24Z
PrizePicks,player_points_assists,Rudy Gobert,Over,11.5,-137,2025-11-29,2025-11-29T20:53:24Z
PrizePicks,player_points_assists,Rudy Gobert,Under,11.5,-137,2025-11-29,2025-11-29T20:53:24Z
PrizePicks,player_points_assists,Neemias Queta,Over,11.0,-137,2025-11-29,2025-11-29T20:53:24Z
PrizePicks,player_points_assists,Neemias Queta,Under,11.0,-137,2025-11-29,2025-11-29T20:53:24Z
PrizePicks,player_points_assists,Neemias Queta,Over,10.5,-137,2025-11-29,2025-11-29T20:53:24Z
PrizePicks,player_points_assists,Neemias Queta,Under,10.5,-137,2025-11-29,2025-11-29T20:53:24Z
PrizePicks,player_points_assists,Jordan Walsh,Over,7.0,-137,2025-11-29,2025-11-29T20:53:24Z
PrizePicks,player_points_assists,Jordan Walsh,Under,7.0,-137,2025-11-29,2025-11-29T20:53:24Z
PrizePicks,player_points_assists,Jordan Walsh,Over,6.5,-137,2025-11-29,2025-11-29T20:53:24Z
PrizePicks,player_points_assists,Jordan Walsh,Under,6.5,-137,2025-11-29,2025-11-29T20:53:24Z
PrizePicks,player_points_assists,Mike Conley,Over,6.5,-137,2025-11-29,2025-11-29T20:53:24Z
PrizePicks,player_points_assists,Mike Conley,Under,6.5,-137,2025-11-29,2025-11-29T20:53:24Z
PrizePicks,player_points_assists,Brandon Ingram,Over,29.5,-137,2025-11-29,2025-11-29T20:53:43Z
PrizePicks,player_points_assists,Brandon Ingram,Under,29.5,-137,2025-11-29,2025-11-29T20:53:43Z
PrizePicks,player_points_assists,Scottie Barnes,Over,25.5,-137,2025-11-29,2025-11-29T20:53:43Z
PrizePicks,player_points_assists,Scottie Barnes,Under,25.5,-137,2025-11-29,2025-11-29T20:53:43Z
PrizePicks,player_points_assists,Immanuel Quickley,Over,24.5,-137,2025-11-29,2025-11-29T20:53:43Z
PrizePicks,player_points_assists,Immanuel Quickley,Under,24.5,-137,2025-11-29,2025-11-29T20:53:43Z
PrizePicks,player_points_assists,LaMelo Ball,Over,24.5,-137,2025-11-29,2025-11-29T20:53:43Z
PrizePicks,player_points_assists,LaMelo Ball,Under,24.5,-137,2025-11-29,2025-11-29T20:53:43Z
PrizePicks,player_points_assists,Miles Bridges,Over,22.5,-137,2025-11-29,2025-11-29T20:53:43Z
PrizePicks,player_points_assists,Miles Bridges,Under,22.5,-137,2025-11-29,2025-11-29T20:53:43Z
PrizePicks,player_points_assists,Brandon Miller,Over,21.5,-137,2025-11-29,2025-11-29T20:53:43Z
PrizePicks,player_points_assists,Brandon Miller,Under,21.5,-137,2025-11-29,2025-11-29T20:53:43Z
PrizePicks,player_points_assists,Kon Knueppel,Over,19.5,-137,2025-11-29,2025-11-29T20:53:43Z
PrizePicks,player_points_assists,Kon Knueppel,Under,19.5,-137,2025-11-29,2025-11-29T20:53:43Z
PrizePicks,player_points_assists,Jakob Poeltl,Over,14.5,-137,2025-11-29,2025-11-29T20:53:43Z
PrizePicks,player_points_assists,Jakob Poeltl,Under,14.5,-137,2025-11-29,2025-11-29T20:53:43Z
PrizePicks,player_points_assists,Jamal Shead,Over,12.5,-137,2025-11-29,2025-11-29T20:53:43Z
PrizePicks,player_points_assists,Jamal Shead,Under,12.5,-137,2025-11-29,2025-11-29T20:53:43Z
PrizePicks,player_points_assists,Sandro Mamukelashvili,Over,12.5,-137,2025-11-29,2025-11-29T20:53:43Z
PrizePicks,player_points_assists,Sandro Mamukelashvili,Under,12.5,-137,2025-11-29,2025-11-29T20:53:43Z
PrizePicks,player_points_assists,Ryan Kalkbrenner,Over,7.5,-137,2025-11-29,2025-11-29T20:53:43Z
PrizePicks,player_points_assists,Ryan Kalkbrenner,Under,7.5,-137,2025-11-29,2025-11-29T20:53:43Z
PrizePicks,player_points_assists,Pascal Siakam,Over,29.5,-137,2025-11-30,2025-11-29T20:53:55Z
PrizePicks,player_points_assists,Pascal Siakam,Under,29.5,-137,2025-11-30,2025-11-29T20:53:55Z
PrizePicks,player_points_assists,Josh Giddey,Over,28.5,-137,2025-11-30,2025-11-29T20:53:55Z
PrizePicks,player_points_assists,Josh Giddey,Under,28.5,-137,2025-11-30,2025-11-29T20:53:55Z
PrizePicks,player_points_assists,Coby White,Over,27.5,-137,2025-11-30,2025-11-29T20:53:55Z
PrizePicks,player_points_assists,Coby White,Under,27.5,-137,2025-11-30,2025-11-29T20:53:55Z
PrizePicks,player_points_assists,Bennedict Mathurin,Over,26.5,-137,2025-11-30,2025-11-29T20:53:55Z
PrizePicks,player_points_assists,Bennedict Mathurin,Under,26.5,-137,2025-11-30,2025-11-29T20:53:55Z
PrizePicks,player_points_assists,Andrew Nembhard,Over,24.5,-137,2025-11-30,2025-11-29T20:53:55Z
PrizePicks,player_points_assists,Andrew Nembhard,Under,24.5,-137,2025-11-30,2025-11-29T20:53:55Z
PrizePicks,player_points_assists,Nikola Vucevic,Over,21.5,-137,2025-11-30,2025-11-29T20:53:55Z
PrizePicks,player_points_assists,Nikola Vucevic,Under,21.5,-137,2025-11-30,2025-11-29T20:53:55Z
PrizePicks,player_points_assists,Ayo Dosunmu,Over,17.5,-137,2025-11-30,2025-11-29T20:53:55Z
PrizePicks,player_points_assists,Ayo Dosunmu,Under,17.5,-137,2025-11-30,2025-11-29T20:53:55Z
PrizePicks,player_points_assists,Matas Buzelis,Over,15.5,-137,2025-11-30,2025-11-29T20:53:55Z
PrizePicks,player_points_assists,Matas Buzelis,Under,15.5,-137,2025-11-30,2025-11-29T20:53:55Z
PrizePicks,player_points_assists,Kevin Huerter,Over,14.5,-137,2025-11-30,2025-11-29T20:53:55Z
PrizePicks,player_points_assists,Kevin Huerter,Under,14.5,-137,2025-11-30,2025-11-29T20:53:55Z
PrizePicks,player_points_assists,Tre Jones,Over,14.5,-137,2025-11-30,2025-11-29T20:53:55Z
PrizePicks,player_points_assists,Tre Jones,Under,14.5,-137,2025-11-30,2025-11-29T20:53:55Z
PrizePicks,player_points_assists,Ben Sheppard,Over,9.5,-137,2025-11-30,2025-11-29T20:53:55Z
PrizePicks,player_points_assists,Ben Sheppard,Under,9.5,-137,2025-11-30,2025-11-29T20:53:55Z
PrizePicks,player_points_assists,Giannis Antetokounmpo,Over,35.5,-137,2025-11-30,2025-11-29T20:54:01Z
PrizePicks,player_points_assists,Giannis Antetokounmpo,Under,35.5,-137,2025-11-30,2025-11-29T20:54:01Z
PrizePicks,player_points_assists,Ryan Rollins,Over,23.5,-137,2025-11-30,2025-11-29T20:54:01Z
PrizePicks,player_points_assists,Ryan Rollins,Under,23.5,-137,2025-11-30,2025-11-29T20:54:01Z
PrizePicks,player_points_assists,Nicolas Claxton,Over,18.5,-137,2025-11-30,2025-11-29T20:54:01Z
PrizePicks,player_points_assists,Nicolas Claxton,Under,18.5,-137,2025-11-30,2025-11-29T20:54:01Z
PrizePicks,player_points_assists,Tyrese Martin,Over,16.5,-137,2025-11-30,2025-11-29T20:54:01Z
PrizePicks,player_points_assists,Tyrese Martin,Under,16.5,-137,2025-11-30,2025-11-29T20:54:01Z
PrizePicks,player_points_assists,Kyle Kuzma,Over,15.5,-137,2025-11-30,2025-11-29T20:54:01Z
PrizePicks,player_points_assists,Kyle Kuzma,Under,15.5,-137,2025-11-30,2025-11-29T20:54:01Z
PrizePicks,player_points_assists,Terance Mann,Over,15.5,-137,2025-11-30,2025-11-29T20:54:01Z
PrizePicks,player_points_assists,Terance Mann,Under,15.5,-137,2025-11-30,2025-11-29T20:54:01Z
PrizePicks,player_points_assists,A.J. Green,Over,14.5,-137,2025-11-30,2025-11-29T20:54:01Z
PrizePicks,player_points_assists,A.J. Green,Under,14.5,-137,2025-11-30,2025-11-29T20:54:01Z
PrizePicks,player_points_assists,Myles Turner,Over,14.5,-137,2025-11-30,2025-11-29T20:54:01Z
PrizePicks,player_points_assists,Myles Turner,Under,14.5,-137,2025-11-30,2025-11-29T20:54:01Z
PrizePicks,player_points_assists,Ziaire Williams,Over,12.5,-137,2025-11-30,2025-11-29T20:54:01Z
PrizePicks,player_points_assists,Ziaire Williams,Under,12.5,-137,2025-11-30,2025-11-29T20:54:01Z
PrizePicks,player_points_assists,Bobby Portis,Over,10.5,-137,2025-11-30,2025-11-29T20:54:01Z
PrizePicks,player_points_assists,Bobby Portis,Under,10.5,-137,2025-11-30,2025-11-29T20:54:01Z
PrizePicks,player_points_assists,Cade Cunningham,Over,38.5,-137,2025-11-30,2025-11-29T20:53:45Z
PrizePicks,player_points_assists,Cade Cunningham,Under,38.5,-137,2025-11-30,2025-11-29T20:53:45Z
PrizePicks,player_points_assists,Tyler Herro,Over,26.5,-137,2025-11-30,2025-11-29T20:53:45Z
PrizePicks,player_points_assists,Tyler Herro,Under,26.5,-137,2025-11-30,2025-11-29T20:53:45Z
PrizePicks,player_points_assists,Bam Adebayo,Over,21.5,-137,2025-11-30,2025-11-29T20:53:45Z
PrizePicks,player_points_assists,Bam Adebayo,Under,21.5,-137,2025-11-30,2025-11-29T20:53:45Z
PrizePicks,player_points_assists,Norman Powell,Over,20.5,-137,2025-11-30,2025-11-29T20:53:45Z
PrizePicks,player_points_assists,Norman Powell,Under,20.5,-137,2025-11-30,2025-11-29T20:53:45Z
PrizePicks,player_points_assists,Andrew Wiggins,Over,17.5,-137,2025-11-30,2025-11-29T20:53:45Z
PrizePicks,player_points_assists,Andrew Wiggins,Under,17.5,-137,2025-11-30,2025-11-29T20:53:45Z
PrizePicks,player_points_assists,Tobias Harris,Over,15.5,-137,2025-11-30,2025-11-29T20:53:45Z
PrizePicks,player_points_assists,Tobias Harris,Under,15.5,-137,2025-11-30,2025-11-29T20:53:45Z
PrizePicks,player_points_assists,Ausar Thompson,Over,15.5,-137,2025-11-30,2025-11-29T20:53:45Z
PrizePicks,player_points_assists,Ausar Thompson,Under,15.5,-137,2025-11-30,2025-11-29T20:53:45Z
PrizePicks,player_points_assists,Davion Mitchell,Over,14.5,-137,2025-11-30,2025-11-29T20:53:45Z
PrizePicks,player_points_assists,Davion Mitchell,Under,14.5,-137,2025-11-30,2025-11-29T20:53:45Z
PrizePicks,player_points_assists,Duncan Robinson,Over,14.5,-137,2025-11-30,2025-11-29T20:53:45Z
PrizePicks,player_points_assists,Duncan Robinson,Under,14.5,-137,2025-11-30,2025-11-29T20:53:45Z
PrizePicks,player_points_assists,Kel'el Ware,Over,11.5,-137,2025-11-30,2025-11-29T20:53:45Z
PrizePicks,player_points_assists,Kel'el Ware,Under,11.5,-137,2025-11-30,2025-11-29T20:53:45Z
PrizePicks,player_points_assists,Jaden Ivey,Over,11.5,-137,2025-11-30,2025-11-29T20:53:45Z
PrizePicks,player_points_assists,Jaden Ivey,Under,11.5,-137,2025-11-30,2025-11-29T20:53:45Z
PrizePicks,player_points_assists,Jimmy Butler,Over,27.5,-137,2025-11-30,2025-11-29T20:53:59Z
PrizePicks,player_points_assists,Jimmy Butler,Under,27.5,-137,2025-11-30,2025-11-29T20:53:59Z
PrizePicks,player_points_assists,Zion Williamson,Over,25.5,-137,2025-11-30,2025-11-29T20:53:59Z
PrizePicks,player_points_assists,Zion Williamson,Under,25.5,-137,2025-11-30,2025-11-29T20:53:59Z
PrizePicks,player_points_assists,Trey Murphy III,Over,21.5,-137,2025-11-30,2025-11-29T20:53:59Z
PrizePicks,player_points_assists,Trey Murphy III,Under,21.5,-137,2025-11-30,2025-11-29T20:53:59Z
PrizePicks,player_points_assists,Brandin Podziemski,Over,18.5,-137,2025-11-30,2025-11-29T20:53:59Z
PrizePicks,player_points_assists,Brandin Podziemski,Under,18.5,-137,2025-11-30,2025-11-29T20:53:59Z
PrizePicks,player_points_assists,Jonathan Kuminga,Over,17.5,-137,2025-11-30,2025-11-29T20:53:59Z
PrizePicks,player_points_assists,Jonathan Kuminga,Under,17.5,-137,2025-11-30,2025-11-29T20:53:59Z
PrizePicks,player_points_assists,Derik Queen,Over,16.5,-137,2025-11-30,2025-11-29T20:53:59Z
PrizePicks,player_points_assists,Derik Queen,Under,16.5,-137,2025-11-30,2025-11-29T20:53:59Z
PrizePicks,player_points_assists,Jeremiah Fears,Over,16.5,-137,2025-11-30,2025-11-29T20:53:59Z
PrizePicks,player_points_assists,Jeremiah Fears,Under,16.5,-137,2025-11-30,2025-11-29T20:53:59Z
PrizePicks,player_points_assists,Moses Moody,Over,16.5,-137,2025-11-30,2025-11-29T20:53:59Z
PrizePicks,player_points_assists,Moses Moody,Under,16.5,-137,2025-11-30,2025-11-29T20:53:59Z
PrizePicks,player_points_assists,Saddiq Bey,Over,16.5,-137,2025-11-30,2025-11-29T20:53:59Z
PrizePicks,player_points_assists,Saddiq Bey,Under,16.5,-137,2025-11-30,2025-11-29T20:53:59Z
PrizePicks,player_points_assists,Draymond Green,Over,15.5,-137,2025-11-30,2025-11-29T20:53:59Z
PrizePicks,player_points_assists,Draymond Green,Under,15.5,-137,2025-11-30,2025-11-29T20:53:59Z
PrizePicks,player_points_assists,Jose Alvarado,Over,13.5,-137,2025-11-30,2025-11-29T20:53:59Z
PrizePicks,player_points_assists,Jose Alvarado,Under,13.5,-137,2025-11-30,2025-11-29T20:53:59Z
PrizePicks,player_points_assists,Buddy Hield,Over,11.5,-137,2025-11-30,2025-11-29T20:53:59Z
PrizePicks,player_points_assists,Buddy Hield,Under,11.5,-137,2025-11-30,2025-11-29T20:53:59Z
PrizePicks,player_points_assists,Will Richard,Over,10.5,-137,2025-11-30,2025-11-29T20:53:59Z
PrizePicks,player_points_assists,Will Richard,Under,10.5,-137,2025-11-30,2025-11-29T20:53:59Z
PrizePicks,player_points_assists,Quinten Post,Over,9.5,-137,2025-11-30,2025-11-29T20:53:59Z
PrizePicks,player_points_assists,Quinten Post,Under,9.5,-137,2025-11-30,2025-11-29T20:53:59Z
PrizePicks,player_points_assists,Yves Missi,Over,8.0,-137,2025-11-30,2025-11-29T20:53:59Z
PrizePicks,player_points_assists,Yves Missi,Under,8.0,-137,2025-11-30,2025-11-29T20:53:59Z
PrizePicks,player_points_assists,Nikola Jokic,Over,40.5,-137,2025-11-30,2025-11-29T20:53:35Z
PrizePicks,player_points_assists,Nikola Jokic,Under,40.5,-137,2025-11-30,2025-11-29T20:53:35Z
PrizePicks,player_points_assists,Devin Booker,Over,33.5,-137,2025-11-30,2025-11-29T20:53:35Z
PrizePicks,player_points_assists,Devin Booker,Under,33.5,-137,2025-11-30,2025-11-29T20:53:35Z
PrizePicks,player_points_assists,Jamal Murray,Over,31.5,-137,2025-11-30,2025-11-29T20:53:35Z
PrizePicks,player_points_assists,Jamal Murray,Under,31.5,-137,2025-11-30,2025-11-29T20:53:35Z
PrizePicks,player_points_assists,Dillon Brooks,Over,20.5,-137,2025-11-30,2025-11-29T20:53:35Z
PrizePicks,player_points_assists,Dillon Brooks,Under,20.5,-137,2025-11-30,2025-11-29T20:53:35Z
PrizePicks,player_points_assists,Collin Gillespie,Over,19.5,-137,2025-11-30,2025-11-29T20:53:35Z
PrizePicks,player_points_assists,Collin Gillespie,Under,19.5,-137,2025-11-30,2025-11-29T20:53:35Z
PrizePicks,player_points_assists,Cameron Johnson,Over,17.5,-137,2025-11-30,2025-11-29T20:53:35Z
PrizePicks,player_points_assists,Cameron Johnson,Under,17.5,-137,2025-11-30,2025-11-29T20:53:35Z
PrizePicks,player_points_assists,Royce O'Neale,Over,13.5,-137,2025-11-30,2025-11-29T20:53:35Z
PrizePicks,player_points_assists,Royce O'Neale,Under,13.5,-137,2025-11-30,2025-11-29T20:53:35Z
PrizePicks,player_points_assists,Tim Hardaway Jr,Over,13.5,-137,2025-11-30,2025-11-29T20:53:35Z
PrizePicks,player_points_assists,Tim Hardaway Jr,Under,13.5,-137,2025-11-30,2025-11-29T20:53:35Z
PrizePicks,player_points_assists,James Harden,Over,35.5,-137,2025-11-30,2025-11-29T20:53:24Z
PrizePicks,player_points_assists,James Harden,Under,35.5,-137,2025-11-30,2025-11-29T20:53:24Z
PrizePicks,player_points_assists,Kawhi Leonard,Over,23.5,-137,2025-11-30,2025-11-29T20:53:24Z
PrizePicks,player_points_assists,Kawhi Leonard,Under,23.5,-137,2025-11-30,2025-11-29T20:53:24Z
PrizePicks,player_points_assists,Ivica Zubac,Over,20.5,-137,2025-11-30,2025-11-29T20:53:24Z
PrizePicks,player_points_assists,Ivica Zubac,Under,20.5,-137,2025-11-30,2025-11-29T20:53:24Z
PrizePicks,player_points_assists,Cooper Flagg,Over,19.5,-137,2025-11-30,2025-11-29T20:53:24Z
PrizePicks,player_points_assists,Cooper Flagg,Under,19.5,-137,2025-11-30,2025-11-29T20:53:24Z
PrizePicks,player_points_assists,P.J. Washington,Over,19.5,-137,2025-11-30,2025-11-29T20:53:24Z
PrizePicks,player_points_assists,P.J. Washington,Under,19.5,-137,2025-11-30,2025-11-29T20:53:24Z
PrizePicks,player_points_assists,Brandon Williams,Over,15.5,-137,2025-11-30,2025-11-29T20:53:24Z
PrizePicks,player_points_assists,Brandon Williams,Under,15.5,-137,2025-11-30,2025-11-29T20:53:24Z
PrizePicks,player_points_assists,Max Christie,Over,13.5,-137,2025-11-30,2025-11-29T20:53:24Z
PrizePicks,player_points_assists,Max Christie,Under,13.5,-137,2025-11-30,2025-11-29T20:53:24Z
PrizePicks,player_points_assists,John Collins,Over,12.5,-137,2025-11-30,2025-11-29T20:53:24Z
PrizePicks,player_points_assists,John Collins,Under,12.5,-137,2025-11-30,2025-11-29T20:53:24Z
PrizePicks,player_points_assists,Kris Dunn,Over,11.5,-137,2025-11-30,2025-11-29T20:53:24Z
PrizePicks,player_points_assists,Kris Dunn,Under,11.5,-137,2025-11-30,2025-11-29T20:53:24Z
Betr DFS,player_points_assists,Jaylen Brown,Over,30.5,-137,2025-11-29,2025-11-29T20:54:00Z
Betr DFS,player_points_assists,Jaylen Brown,Under,30.5,-137,2025-11-29,2025-11-29T20:54:00Z
Betr DFS,player_points_assists,Derrick White,Over,22.5,-137,2025-11-29,2025-11-29T20:54:00Z
Betr DFS,player_points_assists,Derrick White,Under,22.5,-137,2025-11-29,2025-11-29T20:54:00Z
Betr DFS,player_points_assists,Payton Pritchard,Over,21.5,-137,2025-11-29,2025-11-29T20:54:00Z
Betr DFS,player_points_assists,Payton Pritchard,Under,21.5,-137,2025-11-29,2025-11-29T20:54:00Z
Betr DFS,player_points_assists,Anfernee Simons,Over,15.5,-137,2025-11-29,2025-11-29T20:54:00Z
Betr DFS,player_points_assists,Anfernee Simons,Under,15.5,-137,2025-11-29,2025-11-29T20:54:00Z
Betr DFS,player_points_assists,Neemias Queta,Over,10.5,-137,2025-11-29,2025-11-29T20:54:00Z
Betr DFS,player_points_assists,Neemias Queta,Under,10.5,-137,2025-11-29,2025-11-29T20:54:00Z
Betr DFS,player_points_assists,Julius Randle,Over,25.5,-137,2025-11-29,2025-11-29T20:54:00Z
Betr DFS,player_points_assists,Julius Randle,Under,25.5,-137,2025-11-29,2025-11-29T20:54:00Z
Betr DFS,player_points_assists,Rudy Gobert,Over,11.5,-137,2025-11-29,2025-11-29T20:54:00Z
Betr DFS,player_points_assists,Rudy Gobert,Under,11.5,-137,2025-11-29,2025-11-29T20:54:00Z
Betr DFS,player_points_assists,Naz Reid,Under,14.5,-137,2025-11-29,2025-11-29T20:54:00Z
Betr DFS,player_points_assists,Naz Reid,Over,14.5,-137,2025-11-29,2025-11-29T20:54:00Z
Betr DFS,player_points_assists,Anthony Edwards,Over,32.5,-137,2025-11-29,2025-11-29T20:54:00Z
Betr DFS,player_points_assists,Anthony Edwards,Under,32.5,-137,2025-11-29,2025-11-29T20:54:00Z
Betr DFS,player_points_assists,Jaden McDaniels,Over,16.5,-137,2025-11-29,2025-11-29T20:54:00Z
Betr DFS,player_points_assists,Jaden McDaniels,Under,16.5,-137,2025-11-29,2025-11-29T20:54:00Z
Betr DFS,player_points_assists,Donte DiVincenzo,Over,16.5,-137,2025-11-29,2025-11-29T20:54:00Z
Betr DFS,player_points_assists,Donte DiVincenzo,Under,16.5,-137,2025-11-29,2025-11-29T20:54:00Z
Betr DFS,player_points_assists,Immanuel Quickley,Over,24.5,-137,2025-11-29,2025-11-29T20:54:21Z
Betr DFS,player_points_assists,Immanuel Quickley,Under,24.5,-137,2025-11-29,2025-11-29T20:54:21Z
Betr DFS,player_points_assists,Jakob Poeltl,Over,14.5,-137,2025-11-29,2025-11-29T20:54:21Z
Betr DFS,player_points_assists,Jakob Poeltl,Under,14.5,-137,2025-11-29,2025-11-29T20:54:21Z
Betr DFS,player_points_assists,Scottie Barnes,Over,24.5,-137,2025-11-29,2025-11-29T20:54:21Z
Betr DFS,player_points_assists,Scottie Barnes,Under,24.5,-137,2025-11-29,2025-11-29T20:54:21Z
Betr DFS,player_points_assists,Brandon Ingram,Over,29.5,-137,2025-11-29,2025-11-29T20:54:21Z
Betr DFS,player_points_assists,Brandon Ingram,Under,29.5,-137,2025-11-29,2025-11-29T20:54:21Z
Betr DFS,player_points_assists,Sandro Mamukelashvili,Over,12.5,-137,2025-11-29,2025-11-29T20:54:21Z
Betr DFS,player_points_assists,Sandro Mamukelashvili,Under,12.5,-137,2025-11-29,2025-11-29T20:54:21Z
Betr DFS,player_points_assists,Jamal Shead,Over,12.5,-137,2025-11-29,2025-11-29T20:54:21Z
Betr DFS,player_points_assists,Jamal Shead,Under,12.5,-137,2025-11-29,2025-11-29T20:54:21Z
Betr DFS,player_points_assists,LaMelo Ball,Over,24.5,-137,2025-11-29,2025-11-29T20:54:21Z
Betr DFS,player_points_assists,LaMelo Ball,Under,24.5,-137,2025-11-29,2025-11-29T20:54:21Z
Betr DFS,player_points_assists,Collin Sexton,Over,16.5,-137,2025-11-29,2025-11-29T20:54:21Z
Betr DFS,player_points_assists,Collin Sexton,Under,16.5,-137,2025-11-29,2025-11-29T20:54:21Z
Betr DFS,player_points_assists,Brandon Miller,Over,21.5,-137,2025-11-29,2025-11-29T20:54:21Z
Betr DFS,player_points_assists,Brandon Miller,Under,21.5,-137,2025-11-29,2025-11-29T20:54:21Z
Betr DFS,player_points_assists,Miles Bridges,Over,22.5,-137,2025-11-29,2025-11-29T20:54:21Z
Betr DFS,player_points_assists,Miles Bridges,Under,22.5,-137,2025-11-29,2025-11-29T20:54:21Z
Betr DFS,player_points_assists,Kon Knueppel,Over,19.5,-137,2025-11-29,2025-11-29T20:54:21Z
Betr DFS,player_points_assists,Kon Knueppel,Under,19.5,-137,2025-11-29,2025-11-29T20:54:21Z
Betr DFS,player_points_assists,Nikola Vucevic,Over,21.5,-137,2025-11-30,2025-11-29T20:54:02Z
Betr DFS,player_points_assists,Nikola Vucevic,Under,21.5,-137,2025-11-30,2025-11-29T20:54:02Z
Betr DFS,player_points_assists,Coby White,Over,27.5,-137,2025-11-30,2025-11-29T20:54:02Z
Betr DFS,player_points_assists,Coby White,Under,27.5,-137,2025-11-30,2025-11-29T20:54:02Z
Betr DFS,player_points_assists,Ayo Dosunmu,Over,17.5,-137,2025-11-30,2025-11-29T20:54:02Z
Betr DFS,player_points_assists,Ayo Dosunmu,Under,17.5,-137,2025-11-30,2025-11-29T20:54:02Z
Betr DFS,player_points_assists,Josh Giddey,Over,29.5,-137,2025-11-30,2025-11-29T20:54:02Z
Betr DFS,player_points_assists,Josh Giddey,Under,29.5,-137,2025-11-30,2025-11-29T20:54:02Z
Betr DFS,player_points_assists,Kevin Huerter,Over,14.5,-137,2025-11-30,2025-11-29T20:54:02Z
Betr DFS,player_points_assists,Kevin Huerter,Under,14.5,-137,2025-11-30,2025-11-29T20:54:02Z
Betr DFS,player_points_assists,Matas Buzelis,Over,15.5,-137,2025-11-30,2025-11-29T20:54:02Z
Betr DFS,player_points_assists,Matas Buzelis,Under,15.5,-137,2025-11-30,2025-11-29T20:54:02Z
Betr DFS,player_points_assists,Pascal Siakam,Over,29.5,-137,2025-11-30,2025-11-29T20:54:02Z
Betr DFS,player_points_assists,Pascal Siakam,Under,29.5,-137,2025-11-30,2025-11-29T20:54:02Z
Betr DFS,player_points_assists,Bennedict Mathurin,Over,26.5,-137,2025-11-30,2025-11-29T20:54:02Z
Betr DFS,player_points_assists,Bennedict Mathurin,Under,26.5,-137,2025-11-30,2025-11-29T20:54:02Z
Betr DFS,player_points_assists,Andrew Nembhard,Over,24.5,-137,2025-11-30,2025-11-29T20:54:02Z
Betr DFS,player_points_assists,Andrew Nembhard,Under,24.5,-137,2025-11-30,2025-11-29T20:54:02Z
Betr DFS,player_points_assists,Tyrese Martin,Over,16.5,-137,2025-11-30,2025-11-29T20:54:02Z
Betr DFS,player_points_assists,Tyrese Martin,Under,16.5,-137,2025-11-30,2025-11-29T20:54:02Z
Betr DFS,player_points_assists,Nicolas Claxton,Over,19.5,-137,2025-11-30,2025-11-29T20:54:02Z
Betr DFS,player_points_assists,Nicolas Claxton,Under,19.5,-137,2025-11-30,2025-11-29T20:54:02Z
Betr DFS,player_points_assists,Ziaire Williams,Over,12.5,-137,2025-11-30,2025-11-29T20:54:02Z
Betr DFS,player_points_assists,Ziaire Williams,Under,12.5,-137,2025-11-30,2025-11-29T20:54:02Z
Betr DFS,player_points_assists,Terance Mann,Over,16.5,-137,2025-11-30,2025-11-29T20:54:02Z
Betr DFS,player_points_assists,Terance Mann,Under,16.5,-137,2025-11-30,2025-11-29T20:54:02Z
Betr DFS,player_points_assists,Noah Clowney,Over,20.5,-137,2025-11-30,2025-11-29T20:54:02Z
Betr DFS,player_points_assists,Noah Clowney,Under,20.5,-137,2025-11-30,2025-11-29T20:54:02Z
Betr DFS,player_points_assists,Kyle Kuzma,Over,15.5,-137,2025-11-30,2025-11-29T20:54:02Z
Betr DFS,player_points_assists,Kyle Kuzma,Under,15.5,-137,2025-11-30,2025-11-29T20:54:02Z
Betr DFS,player_points_assists,Myles Turner,Over,14.5,-137,2025-11-30,2025-11-29T20:54:02Z
Betr DFS,player_points_assists,Myles Turner,Under,14.5,-137,2025-11-30,2025-11-29T20:54:02Z
Betr DFS,player_points_assists,Giannis Antetokounmpo,Over,35.5,-137,2025-11-30,2025-11-29T20:54:02Z
Betr DFS,player_points_assists,Giannis Antetokounmpo,Under,35.5,-137,2025-11-30,2025-11-29T20:54:02Z
Betr DFS,player_points_assists,A.J. Green,Over,14.5,-137,2025-11-30,2025-11-29T20:54:02Z
Betr DFS,player_points_assists,A.J. Green,Under,14.5,-137,2025-11-30,2025-11-29T20:54:02Z
Betr DFS,player_points_assists,Ryan Rollins,Over,23.5,-137,2025-11-30,2025-11-29T20:54:02Z
Betr DFS,player_points_assists,Ryan Rollins,Under,23.5,-137,2025-11-30,2025-11-29T20:54:02Z
Betr DFS,player_points_assists,Duncan Robinson,Over,14.5,-137,2025-11-30,2025-11-29T20:54:45Z
Betr DFS,player_points_assists,Duncan Robinson,Under,14.5,-137,2025-11-30,2025-11-29T20:54:45Z
Betr DFS,player_points_assists,Tobias Harris,Over,15.5,-137,2025-11-30,2025-11-29T20:54:45Z
Betr DFS,player_points_assists,Tobias Harris,Under,15.5,-137,2025-11-30,2025-11-29T20:54:45Z
Betr DFS,player_points_assists,Jaden Ivey,Over,11.5,-137,2025-11-30,2025-11-29T20:54:45Z
Betr DFS,player_points_assists,Jaden Ivey,Under,11.5,-137,2025-11-30,2025-11-29T20:54:45Z
Betr DFS,player_points_assists,Ausar Thompson,Over,14.5,-137,2025-11-30,2025-11-29T20:54:45Z
Betr DFS,player_points_assists,Ausar Thompson,Under,14.5,-137,2025-11-30,2025-11-29T20:54:45Z
Betr DFS,player_points_assists,Bam Adebayo,Over,21.5,-137,2025-11-30,2025-11-29T20:54:45Z
Betr DFS,player_points_assists,Bam Adebayo,Under,21.5,-137,2025-11-30,2025-11-29T20:54:45Z
Betr DFS,player_points_assists,Tyler Herro,Over,26.5,-137,2025-11-30,2025-11-29T20:54:45Z
Betr DFS,player_points_assists,Tyler Herro,Under,26.5,-137,2025-11-30,2025-11-29T20:54:45Z
Betr DFS,player_points_assists,Andrew Wiggins,Over,17.5,-137,2025-11-30,2025-11-29T20:54:45Z
Betr DFS,player_points_assists,Andrew Wiggins,Under,17.5,-137,2025-11-30,2025-11-29T20:54:45Z
Betr DFS,player_points_assists,Norman Powell,Over,21.5,-137,2025-11-30,2025-11-29T20:54:45Z
Betr DFS,player_points_assists,Norman Powell,Under,21.5,-137,2025-11-30,2025-11-29T20:54:45Z
Betr DFS,player_points_assists,Davion Mitchell,Over,14.5,-137,2025-11-30,2025-11-29T20:54:45Z
Betr DFS,player_points_assists,Davion Mitchell,Under,14.5,-137,2025-11-30,2025-11-29T20:54:45Z
Betr DFS,player_points_assists,Kel'el Ware,Over,11.5,-137,2025-11-30,2025-11-29T20:54:45Z
Betr DFS,player_points_assists,Kel'el Ware,Under,11.5,-137,2025-11-30,2025-11-29T20:54:45Z
Betr DFS,player_points_assists,Saddiq Bey,Over,16.5,-137,2025-11-30,2025-11-29T20:54:57Z
Betr DFS,player_points_assists,Saddiq Bey,Under,16.5,-137,2025-11-30,2025-11-29T20:54:57Z
Betr DFS,player_points_assists,Zion Williamson,Over,25.5,-137,2025-11-30,2025-11-29T20:54:57Z
Betr DFS,player_points_assists,Zion Williamson,Under,25.5,-137,2025-11-30,2025-11-29T20:54:57Z
Betr DFS,player_points_assists,Trey Murphy III,Over,21.5,-137,2025-11-30,2025-11-29T20:54:57Z
Betr DFS,player_points_assists,Trey Murphy III,Under,21.5,-137,2025-11-30,2025-11-29T20:54:57Z
Betr DFS,player_points_assists,Jose Alvarado,Over,13.5,-137,2025-11-30,2025-11-29T20:54:57Z
Betr DFS,player_points_assists,Jose Alvarado,Under,13.5,-137,2025-11-30,2025-11-29T20:54:57Z
Betr DFS,player_points_assists,Jeremiah Fears,Over,16.5,-137,2025-11-30,2025-11-29T20:54:57Z
Betr DFS,player_points_assists,Jeremiah Fears,Under,16.5,-137,2025-11-30,2025-11-29T20:54:57Z
Betr DFS,player_points_assists,Derik Queen,Over,16.5,-137,2025-11-30,2025-11-29T20:54:57Z
Betr DFS,player_points_assists,Derik Queen,Under,16.5,-137,2025-11-30,2025-11-29T20:54:57Z
Betr DFS,player_points_assists,Buddy Hield,Over,11.5,-137,2025-11-30,2025-11-29T20:54:57Z
Betr DFS,player_points_assists,Buddy Hield,Under,11.5,-137,2025-11-30,2025-11-29T20:54:57Z
Betr DFS,player_points_assists,Draymond Green,Over,15.5,-137,2025-11-30,2025-11-29T20:54:57Z
Betr DFS,player_points_assists,Draymond Green,Under,15.5,-137,2025-11-30,2025-11-29T20:54:57Z
Betr DFS,player_points_assists,Moses Moody,Over,16.5,-137,2025-11-30,2025-11-29T20:54:57Z
Betr DFS,player_points_assists,Moses Moody,Under,16.5,-137,2025-11-30,2025-11-29T20:54:57Z
Betr DFS,player_points_assists,Brandin Podziemski,Over,18.5,-137,2025-11-30,2025-11-29T20:54:57Z
Betr DFS,player_points_assists,Brandin Podziemski,Under,18.5,-137,2025-11-30,2025-11-29T20:54:57Z
Betr DFS,player_points_assists,Will Richard,Over,10.5,-137,2025-11-30,2025-11-29T20:54:57Z
Betr DFS,player_points_assists,Will Richard,Under,10.5,-137,2025-11-30,2025-11-29T20:54:57Z
Betr DFS,player_points_assists,Cameron Johnson,Over,17.5,-137,2025-11-30,2025-11-29T20:54:52Z
Betr DFS,player_points_assists,Cameron Johnson,Under,17.5,-137,2025-11-30,2025-11-29T20:54:52Z
Betr DFS,player_points_assists,Nikola Jokic,Over,40.5,-137,2025-11-30,2025-11-29T20:54:52Z
Betr DFS,player_points_assists,Nikola Jokic,Under,40.5,-137,2025-11-30,2025-11-29T20:54:52Z
Betr DFS,player_points_assists,Jamal Murray,Over,31.5,-137,2025-11-30,2025-11-29T20:54:52Z
Betr DFS,player_points_assists,Jamal Murray,Under,31.5,-137,2025-11-30,2025-11-29T20:54:52Z
Betr DFS,player_points_assists,Peyton Watson,Under,14.5,-137,2025-11-30,2025-11-29T20:54:52Z
Betr DFS,player_points_assists,Mark Williams,Over,12.5,-137,2025-11-30,2025-11-29T20:54:52Z
Betr DFS,player_points_assists,Mark Williams,Under,12.5,-137,2025-11-30,2025-11-29T20:54:52Z
Betr DFS,player_points_assists,Royce O'Neale,Over,13.5,-137,2025-11-30,2025-11-29T20:54:52Z
Betr DFS,player_points_assists,Royce O'Neale,Under,13.5,-137,2025-11-30,2025-11-29T20:54:52Z
Betr DFS,player_points_assists,Collin Gillespie,Over,19.5,-137,2025-11-30,2025-11-29T20:54:52Z
Betr DFS,player_points_assists,Collin Gillespie,Under,19.5,-137,2025-11-30,2025-11-29T20:54:52Z
Betr DFS,player_points_assists,Dillon Brooks,Over,21.5,-137,2025-11-30,2025-11-29T20:54:52Z
Betr DFS,player_points_assists,Dillon Brooks,Under,21.5,-137,2025-11-30,2025-11-29T20:54:52Z
Betr DFS,player_points_assists,Devin Booker,Over,34.5,-137,2025-11-30,2025-11-29T20:54:52Z
Betr DFS,player_points_assists,Devin Booker,Under,34.5,-137,2025-11-30,2025-11-29T20:54:52Z
Betr DFS,player_points_assists,P.J. Washington,Over,19.5,-137,2025-11-30,2025-11-29T20:54:52Z
Betr DFS,player_points_assists,P.J. Washington,Under,19.5,-137,2025-11-30,2025-11-29T20:54:52Z
Betr DFS,player_points_assists,Max Christie,Over,13.5,-137,2025-11-30,2025-11-29T20:54:52Z
Betr DFS,player_points_assists,Max Christie,Under,13.5,-137,2025-11-30,2025-11-29T20:54:52Z
Betr DFS,player_points_assists,Brandon Williams,Over,15.5,-137,2025-11-30,2025-11-29T20:54:52Z
Betr DFS,player_points_assists,Brandon Williams,Under,15.5,-137,2025-11-30,2025-11-29T20:54:52Z
Betr DFS,player_points_assists,Cooper Flagg,Over,19.5,-137,2025-11-30,2025-11-29T20:54:52Z
Betr DFS,player_points_assists,Cooper Flagg,Under,19.5,-137,2025-11-30,2025-11-29T20:54:52Z
Betr DFS,player_points_assists,John Collins,Over,12.5,-137,2025-11-30,2025-11-29T20:54:52Z
Betr DFS,player_points_assists,John Collins,Under,12.5,-137,2025-11-30,2025-11-29T20:54:52Z
Betr DFS,player_points_assists,James Harden,Over,35.5,-137,2025-11-30,2025-11-29T20:54:52Z
Betr DFS,player_points_assists,James Harden,Under,35.5,-137,2025-11-30,2025-11-29T20:54:52Z
Betr DFS,player_points_assists,Kris Dunn,Over,11.5,-137,2025-11-30,2025-11-29T20:54:52Z
Betr DFS,player_points_assists,Kris Dunn,Under,11.5,-137,2025-11-30,2025-11-29T20:54:52Z
Betr DFS,player_points_assists,Ivica Zubac,Over,21.5,-137,2025-11-30,2025-11-29T20:54:52Z
Betr DFS,player_points_assists,Ivica Zubac,Under,21.5,-137,2025-11-30,2025-11-29T20:54:52Z
DraftKings Pick6,player_points_assists,Julius Randle,Over,25.5,-137,2025-11-29,2025-11-29T20:53:36Z
DraftKings Pick6,player_points_assists,Julius Randle,Under,25.5,-137,2025-11-29,2025-11-29T20:53:36Z
DraftKings Pick6,player_points_assists,Derrick White,Over,22.5,-137,2025-11-29,2025-11-29T20:53:36Z
DraftKings Pick6,player_points_assists,Derrick White,Under,22.5,-137,2025-11-29,2025-11-29T20:53:36Z
DraftKings Pick6,player_points_assists,Payton Pritchard,Over,21.5,-137,2025-11-29,2025-11-29T20:53:36Z
DraftKings Pick6,player_points_assists,Payton Pritchard,Under,21.5,-137,2025-11-29,2025-11-29T20:53:36Z
DraftKings Pick6,player_points_assists,Scottie Barnes,Over,25.5,-137,2025-11-29,2025-11-29T20:54:05Z
DraftKings Pick6,player_points_assists,Scottie Barnes,Under,25.5,-137,2025-11-29,2025-11-29T20:54:05Z
DraftKings Pick6,player_points_assists,LaMelo Ball,Over,24.5,-137,2025-11-29,2025-11-29T20:54:05Z
DraftKings Pick6,player_points_assists,LaMelo Ball,Under,24.5,-137,2025-11-29,2025-11-29T20:54:05Z
DraftKings Pick6,player_points_assists,Immanuel Quickley,Over,24.5,-137,2025-11-29,2025-11-29T20:54:05Z
DraftKings Pick6,player_points_assists,Immanuel Quickley,Under,24.5,-137,2025-11-29,2025-11-29T20:54:05Z
DraftKings Pick6,player_points_assists,Miles Bridges,Over,22.5,-137,2025-11-29,2025-11-29T20:54:05Z
DraftKings Pick6,player_points_assists,Miles Bridges,Under,22.5,-137,2025-11-29,2025-11-29T20:54:05Z
DraftKings Pick6,player_points_assists,Brandon Miller,Over,21.5,-137,2025-11-29,2025-11-29T20:54:05Z
DraftKings Pick6,player_points_assists,Brandon Miller,Under,21.5,-137,2025-11-29,2025-11-29T20:54:05Z
DraftKings Pick6,player_points_assists,Kon Knueppel,Over,19.5,-137,2025-11-29,2025-11-29T20:54:05Z
DraftKings Pick6,player_points_assists,Kon Knueppel,Under,19.5,-137,2025-11-29,2025-11-29T20:54:05Z
DraftKings Pick6,player_points_assists,Jamal Shead,Over,12.5,-137,2025-11-29,2025-11-29T20:54:05Z
DraftKings Pick6,player_points_assists,Jamal Shead,Under,12.5,-137,2025-11-29,2025-11-29T20:54:05Z
DraftKings Pick6,player_points_assists,Pascal Siakam,Over,29.5,-137,2025-11-30,2025-11-29T20:54:03Z
DraftKings Pick6,player_points_assists,Pascal Siakam,Under,29.5,-137,2025-11-30,2025-11-29T20:54:03Z
DraftKings Pick6,player_points_assists,Bennedict Mathurin,Over,26.5,-137,2025-11-30,2025-11-29T20:54:03Z
DraftKings Pick6,player_points_assists,Bennedict Mathurin,Under,26.5,-137,2025-11-30,2025-11-29T20:54:03Z
DraftKings Pick6,player_points_assists,Nikola Vucevic,Over,21.5,-137,2025-11-30,2025-11-29T20:54:03Z
DraftKings Pick6,player_points_assists,Nikola Vucevic,Under,21.5,-137,2025-11-30,2025-11-29T20:54:03Z
DraftKings Pick6,player_points_assists,Ryan Rollins,Over,24.5,-137,2025-11-30,2025-11-29T20:53:48Z
DraftKings Pick6,player_points_assists,Giannis Antetokounmpo,Over,35.5,-137,2025-11-30,2025-11-29T20:53:48Z
DraftKings Pick6,player_points_assists,Giannis Antetokounmpo,Under,35.5,-137,2025-11-30,2025-11-29T20:53:48Z
DraftKings Pick6,player_points_assists,Ryan Rollins,Over,23.5,-137,2025-11-30,2025-11-29T20:53:48Z
DraftKings Pick6,player_points_assists,Ryan Rollins,Under,23.5,-137,2025-11-30,2025-11-29T20:53:48Z
DraftKings Pick6,player_points_assists,Nicolas Claxton,Over,19.5,-137,2025-11-30,2025-11-29T20:53:48Z
DraftKings Pick6,player_points_assists,Nicolas Claxton,Under,19.5,-137,2025-11-30,2025-11-29T20:53:48Z
DraftKings Pick6,player_points_assists,Cade Cunningham,Over,38.5,-137,2025-11-30,2025-11-29T20:54:56Z
DraftKings Pick6,player_points_assists,Cade Cunningham,Under,38.5,-137,2025-11-30,2025-11-29T20:54:56Z
DraftKings Pick6,player_points_assists,Tyler Herro,Over,26.5,-137,2025-11-30,2025-11-29T20:54:56Z
DraftKings Pick6,player_points_assists,Tyler Herro,Under,26.5,-137,2025-11-30,2025-11-29T20:54:56Z
DraftKings Pick6,player_points_assists,Bam Adebayo,Over,21.5,-137,2025-11-30,2025-11-29T20:54:56Z
DraftKings Pick6,player_points_assists,Bam Adebayo,Under,21.5,-137,2025-11-30,2025-11-29T20:54:56Z
DraftKings Pick6,player_points_assists,Norman Powell,Over,21.5,-137,2025-11-30,2025-11-29T20:54:56Z
DraftKings Pick6,player_points_assists,Norman Powell,Under,21.5,-137,2025-11-30,2025-11-29T20:54:56Z
DraftKings Pick6,player_points_assists,Andrew Wiggins,Over,17.5,-137,2025-11-30,2025-11-29T20:54:56Z
DraftKings Pick6,player_points_assists,Andrew Wiggins,Under,17.5,-137,2025-11-30,2025-11-29T20:54:56Z
DraftKings Pick6,player_points_assists,Tobias Harris,Over,15.5,-137,2025-11-30,2025-11-29T20:54:56Z
DraftKings Pick6,player_points_assists,Tobias Harris,Under,15.5,-137,2025-11-30,2025-11-29T20:54:56Z
DraftKings Pick6,player_points_assists,Duncan Robinson,Over,14.5,-137,2025-11-30,2025-11-29T20:54:56Z
DraftKings Pick6,player_points_assists,Duncan Robinson,Under,14.5,-137,2025-11-30,2025-11-29T20:54:56Z
DraftKings Pick6,player_points_assists,Jimmy Butler,Over,27.5,-137,2025-11-30,2025-11-29T20:54:49Z
DraftKings Pick6,player_points_assists,Jimmy Butler,Under,27.5,-137,2025-11-30,2025-11-29T20:54:49Z
DraftKings Pick6,player_points_assists,Zion Williamson,Over,25.5,-137,2025-11-30,2025-11-29T20:54:49Z
DraftKings Pick6,player_points_assists,Zion Williamson,Under,25.5,-137,2025-11-30,2025-11-29T20:54:49Z
DraftKings Pick6,player_points_assists,Saddiq Bey,Over,16.5,-137,2025-11-30,2025-11-29T20:54:49Z
DraftKings Pick6,player_points_assists,Saddiq Bey,Under,16.5,-137,2025-11-30,2025-11-29T20:54:49Z
DraftKings Pick6,player_points_assists,Jeremiah Fears,Over,16.5,-137,2025-11-30,2025-11-29T20:54:49Z
DraftKings Pick6,player_points_assists,Jeremiah Fears,Under,16.5,-137,2025-11-30,2025-11-29T20:54:49Z
DraftKings Pick6,player_points_assists,Moses Moody,Over,16.5,-137,2025-11-30,2025-11-29T20:54:49Z
DraftKings Pick6,player_points_assists,Moses Moody,Under,16.5,-137,2025-11-30,2025-11-29T20:54:49Z
DraftKings Pick6,player_points_assists,Derik Queen,Over,16.5,-137,2025-11-30,2025-11-29T20:54:49Z
DraftKings Pick6,player_points_assists,Derik Queen,Under,16.5,-137,2025-11-30,2025-11-29T20:54:49Z
DraftKings Pick6,player_points_assists,Draymond Green,Over,15.5,-137,2025-11-30,2025-11-29T20:54:49Z
DraftKings Pick6,player_points_assists,Draymond Green,Under,15.5,-137,2025-11-30,2025-11-29T20:54:49Z
DraftKings Pick6,player_points_assists,Jose Alvarado,Over,13.5,-137,2025-11-30,2025-11-29T20:54:49Z
DraftKings Pick6,player_points_assists,Jose Alvarado,Under,13.5,-137,2025-11-30,2025-11-29T20:54:49Z
DraftKings Pick6,player_points_assists,Collin Gillespie,Over,19.5,-137,2025-11-30,2025-11-29T20:55:01Z
DraftKings Pick6,player_points_assists,Collin Gillespie,Under,19.5,-137,2025-11-30,2025-11-29T20:55:01Z
DraftKings Pick6,player_points_assists,Royce O'Neale,Over,13.5,-137,2025-11-30,2025-11-29T20:55:01Z
DraftKings Pick6,player_points_assists,Royce O'Neale,Under,13.5,-137,2025-11-30,2025-11-29T20:55:01Z
DraftKings Pick6,player_points_assists,Kawhi Leonard,Over,24.5,-137,2025-11-30,2025-11-29T20:54:53Z
DraftKings Pick6,player_points_assists,James Harden,Over,34.5,-137,2025-11-30,2025-11-29T20:54:53Z
DraftKings Pick6,player_points_assists,James Harden,Under,34.5,-137,2025-11-30,2025-11-29T20:54:53Z
DraftKings Pick6,player_points_assists,Cooper Flagg,Over,19.5,-137,2025-11-30,2025-11-29T20:54:53Z
DraftKings Pick6,player_points_assists,Cooper Flagg,Under,19.5,-137,2025-11-30,2025-11-29T20:54:53Z
DraftKings Pick6,player_points_assists,Max Christie,Over,13.5,-137,2025-11-30,2025-11-29T20:54:53Z
DraftKings Pick6,player_points_assists,Max Christie,Under,13.5,-137,2025-11-30,2025-11-29T20:54:53Z
DraftKings Pick6,player_points_assists,Kris Dunn,Over,11.5,-137,2025-11-30,2025-11-29T20:54:53Z
DraftKings Pick6,player_points_assists,Kris Dunn,Under,11.5,-137,2025-11-30,2025-11-29T20:54:53Z
Underdog,player_rebounds_assists,Julius Randle,Over,12.5,-137,2025-11-29,2025-11-29T20:54:13Z
Underdog,player_rebounds_assists,Julius Randle,Under,12.5,-137,2025-11-29,2025-11-29T20:54:13Z
Underdog,player_rebounds_assists,Donte DiVincenzo,Over,7.5,-137,2025-11-29,2025-11-29T20:54:13Z
Underdog,player_rebounds_assists,Donte DiVincenzo,Under,7.5,-137,2025-11-29,2025-11-29T20:54:13Z
Underdog,player_rebounds_assists,Jaden McDaniels,Over,7.5,-137,2025-11-29,2025-11-29T20:54:13Z
Underdog,player_rebounds_assists,Jaden McDaniels,Under,7.5,-137,2025-11-29,2025-11-29T20:54:13Z
Underdog,player_rebounds_assists,Scottie Barnes,Over,13.5,-137,2025-11-29,2025-11-29T20:51:29Z
Underdog,player_rebounds_assists,Scottie Barnes,Under,13.5,-137,2025-11-29,2025-11-29T20:51:29Z
Underdog,player_rebounds_assists,Josh Giddey,Over,18.5,-137,2025-11-30,2025-11-29T20:54:39Z
Underdog,player_rebounds_assists,Josh Giddey,Under,18.5,-137,2025-11-30,2025-11-29T20:54:39Z
Underdog,player_rebounds_assists,Andrew Nembhard,Over,9.5,-137,2025-11-30,2025-11-29T20:54:39Z
Underdog,player_rebounds_assists,Andrew Nembhard,Under,9.5,-137,2025-11-30,2025-11-29T20:54:39Z
Underdog,player_rebounds_assists,Myles Turner,Over,8.5,-137,2025-11-30,2025-11-29T20:53:54Z
Underdog,player_rebounds_assists,Myles Turner,Under,8.5,-137,2025-11-30,2025-11-29T20:53:54Z
Underdog,player_rebounds_assists,Nicolas Claxton,Over,12.5,-137,2025-11-30,2025-11-29T20:53:54Z
Underdog,player_rebounds_assists,Nicolas Claxton,Under,12.5,-137,2025-11-30,2025-11-29T20:53:54Z
Underdog,player_rebounds_assists,Terance Mann,Over,8.5,-137,2025-11-30,2025-11-29T20:53:54Z
Underdog,player_rebounds_assists,Terance Mann,Under,8.5,-137,2025-11-30,2025-11-29T20:53:54Z
Underdog,player_rebounds_assists,Cade Cunningham,Over,16.5,-137,2025-11-30,2025-11-29T20:54:18Z
Underdog,player_rebounds_assists,Cade Cunningham,Under,16.5,-137,2025-11-30,2025-11-29T20:54:18Z
Underdog,player_rebounds_assists,Tyler Herro,Over,9.5,-137,2025-11-30,2025-11-29T20:54:18Z
Underdog,player_rebounds_assists,Tyler Herro,Under,9.5,-137,2025-11-30,2025-11-29T20:54:18Z
Underdog,player_rebounds_assists,Ausar Thompson,Over,8.5,-137,2025-11-30,2025-11-29T20:54:18Z
Underdog,player_rebounds_assists,Ausar Thompson,Under,8.5,-137,2025-11-30,2025-11-29T20:54:18Z
Underdog,player_rebounds_assists,Tobias Harris,Over,7.5,-137,2025-11-30,2025-11-29T20:54:18Z
Underdog,player_rebounds_assists,Tobias Harris,Under,7.5,-137,2025-11-30,2025-11-29T20:54:18Z
Underdog,player_rebounds_assists,Isaiah Stewart II,Over,8.5,-137,2025-11-30,2025-11-29T20:54:18Z
Underdog,player_rebounds_assists,Isaiah Stewart II,Under,8.5,-137,2025-11-30,2025-11-29T20:54:18Z
Underdog,player_rebounds_assists,Kel'el Ware,Over,11.5,-137,2025-11-30,2025-11-29T20:54:18Z
Underdog,player_rebounds_assists,Kel'el Ware,Under,11.5,-137,2025-11-30,2025-11-29T20:54:18Z
Underdog,player_rebounds_assists,Jonathan Kuminga,Over,7.5,-137,2025-11-30,2025-11-29T20:54:13Z
Underdog,player_rebounds_assists,Jonathan Kuminga,Under,7.5,-137,2025-11-30,2025-11-29T20:54:13Z
Underdog,player_rebounds_assists,Yves Missi,Over,7.5,-137,2025-11-30,2025-11-29T20:54:13Z
Underdog,player_rebounds_assists,Yves Missi,Under,7.5,-137,2025-11-30,2025-11-29T20:54:13Z
Underdog,player_rebounds_assists,Trey Murphy III,Over,8.5,-137,2025-11-30,2025-11-29T20:54:13Z
Underdog,player_rebounds_assists,Trey Murphy III,Under,8.5,-137,2025-11-30,2025-11-29T20:54:13Z
Underdog,player_rebounds_assists,Saddiq Bey,Over,8.5,-137,2025-11-30,2025-11-29T20:54:13Z
Underdog,player_rebounds_assists,Saddiq Bey,Under,8.5,-137,2025-11-30,2025-11-29T20:54:13Z
Underdog,player_rebounds_assists,Derik Queen,Over,11.5,-137,2025-11-30,2025-11-29T20:54:13Z
Underdog,player_rebounds_assists,Derik Queen,Under,11.5,-137,2025-11-30,2025-11-29T20:54:13Z
Underdog,player_rebounds_assists,Peyton Watson,Over,7.5,-137,2025-11-30,2025-11-29T20:54:34Z
Underdog,player_rebounds_assists,Peyton Watson,Under,7.5,-137,2025-11-30,2025-11-29T20:54:34Z
Underdog,player_rebounds_assists,Collin Gillespie,Over,9.5,-137,2025-11-30,2025-11-29T20:54:34Z
Underdog,player_rebounds_assists,Collin Gillespie,Under,9.5,-137,2025-11-30,2025-11-29T20:54:34Z
Underdog,player_rebounds_assists,Kawhi Leonard,Over,7.5,-137,2025-11-30,2025-11-29T20:54:39Z
Underdog,player_rebounds_assists,Kawhi Leonard,Under,7.5,-137,2025-11-30,2025-11-29T20:54:39Z
Underdog,player_rebounds_assists,Cooper Flagg,Over,9.5,-137,2025-11-30,2025-11-29T20:54:39Z
Underdog,player_rebounds_assists,Cooper Flagg,Under,9.5,-137,2025-11-30,2025-11-29T20:54:39Z
Underdog,player_rebounds_assists,James Harden,Over,14.5,-137,2025-11-30,2025-11-29T20:54:39Z
Underdog,player_rebounds_assists,James Harden,Under,14.5,-137,2025-11-30,2025-11-29T20:54:39Z
PrizePicks,player_rebounds_assists,Rudy Gobert,Over,13.0,-137,2025-11-29,2025-11-29T20:53:24Z
PrizePicks,player_rebounds_assists,Rudy Gobert,Under,13.0,-137,2025-11-29,2025-11-29T20:53:24Z
PrizePicks,player_rebounds_assists,Julius Randle,Over,12.5,-137,2025-11-29,2025-11-29T20:53:24Z
PrizePicks,player_rebounds_assists,Julius Randle,Under,12.5,-137,2025-11-29,2025-11-29T20:53:24Z
PrizePicks,player_rebounds_assists,Anthony Edwards,Over,10.0,-137,2025-11-29,2025-11-29T20:53:24Z
PrizePicks,player_rebounds_assists,Anthony Edwards,Under,10.0,-137,2025-11-29,2025-11-29T20:53:24Z
PrizePicks,player_rebounds_assists,Jaylen Brown,Over,10.0,-137,2025-11-29,2025-11-29T20:53:24Z
PrizePicks,player_rebounds_assists,Jaylen Brown,Under,10.0,-137,2025-11-29,2025-11-29T20:53:24Z
PrizePicks,player_rebounds_assists,Neemias Queta,Over,9.5,-137,2025-11-29,2025-11-29T20:53:24Z
PrizePicks,player_rebounds_assists,Neemias Queta,Under,9.5,-137,2025-11-29,2025-11-29T20:53:24Z
PrizePicks,player_rebounds_assists,Derrick White,Over,9.0,-137,2025-11-29,2025-11-29T20:53:24Z
PrizePicks,player_rebounds_assists,Derrick White,Under,9.0,-137,2025-11-29,2025-11-29T20:53:24Z
PrizePicks,player_rebounds_assists,Payton Pritchard,Over,9.0,-137,2025-11-29,2025-11-29T20:53:24Z
PrizePicks,player_rebounds_assists,Payton Pritchard,Under,9.0,-137,2025-11-29,2025-11-29T20:53:24Z
PrizePicks,player_rebounds_assists,Naz Reid,Over,8.0,-137,2025-11-29,2025-11-29T20:53:24Z
PrizePicks,player_rebounds_assists,Naz Reid,Under,8.0,-137,2025-11-29,2025-11-29T20:53:24Z
PrizePicks,player_rebounds_assists,Donte DiVincenzo,Over,7.5,-137,2025-11-29,2025-11-29T20:53:24Z
PrizePicks,player_rebounds_assists,Donte DiVincenzo,Under,7.5,-137,2025-11-29,2025-11-29T20:53:24Z
PrizePicks,player_rebounds_assists,Jordan Walsh,Over,6.0,-137,2025-11-29,2025-11-29T20:53:24Z
PrizePicks,player_rebounds_assists,Jordan Walsh,Under,6.0,-137,2025-11-29,2025-11-29T20:53:24Z
PrizePicks,player_rebounds_assists,Anfernee Simons,Over,5.0,-137,2025-11-29,2025-11-29T20:53:24Z
PrizePicks,player_rebounds_assists,Anfernee Simons,Under,5.0,-137,2025-11-29,2025-11-29T20:53:24Z
PrizePicks,player_rebounds_assists,Mike Conley,Over,4.5,-137,2025-11-29,2025-11-29T20:53:24Z
PrizePicks,player_rebounds_assists,Mike Conley,Under,4.5,-137,2025-11-29,2025-11-29T20:53:24Z
PrizePicks,player_rebounds_assists,Scottie Barnes,Over,13.5,-137,2025-11-29,2025-11-29T20:53:43Z
PrizePicks,player_rebounds_assists,Scottie Barnes,Under,13.5,-137,2025-11-29,2025-11-29T20:53:43Z
PrizePicks,player_rebounds_assists,LaMelo Ball,Over,12.5,-137,2025-11-29,2025-11-29T20:53:43Z
PrizePicks,player_rebounds_assists,LaMelo Ball,Under,12.5,-137,2025-11-29,2025-11-29T20:53:43Z
PrizePicks,player_rebounds_assists,Immanuel Quickley,Over,10.5,-137,2025-11-29,2025-11-29T20:53:43Z
PrizePicks,player_rebounds_assists,Immanuel Quickley,Under,10.5,-137,2025-11-29,2025-11-29T20:53:43Z
PrizePicks,player_rebounds_assists,Brandon Ingram,Over,10.0,-137,2025-11-29,2025-11-29T20:53:43Z
PrizePicks,player_rebounds_assists,Brandon Ingram,Under,10.0,-137,2025-11-29,2025-11-29T20:53:43Z
PrizePicks,player_rebounds_assists,Kon Knueppel,Over,8.0,-137,2025-11-29,2025-11-29T20:53:43Z
PrizePicks,player_rebounds_assists,Kon Knueppel,Under,8.0,-137,2025-11-29,2025-11-29T20:53:43Z
PrizePicks,player_rebounds_assists,Moussa Diabate,Over,7.5,-137,2025-11-29,2025-11-29T20:53:43Z
PrizePicks,player_rebounds_assists,Moussa Diabate,Under,7.5,-137,2025-11-29,2025-11-29T20:53:43Z
PrizePicks,player_rebounds_assists,Jamal Shead,Over,7.5,-137,2025-11-29,2025-11-29T20:53:43Z
PrizePicks,player_rebounds_assists,Jamal Shead,Under,7.5,-137,2025-11-29,2025-11-29T20:53:43Z
PrizePicks,player_rebounds_assists,Ryan Kalkbrenner,Over,7.0,-137,2025-11-29,2025-11-29T20:53:43Z
PrizePicks,player_rebounds_assists,Ryan Kalkbrenner,Under,7.0,-137,2025-11-29,2025-11-29T20:53:43Z
PrizePicks,player_rebounds_assists,Sandro Mamukelashvili,Over,6.5,-137,2025-11-29,2025-11-29T20:53:43Z
PrizePicks,player_rebounds_assists,Sandro Mamukelashvili,Under,6.5,-137,2025-11-29,2025-11-29T20:53:43Z
PrizePicks,player_rebounds_assists,Brandon Miller,Over,6.5,-137,2025-11-29,2025-11-29T20:53:43Z
PrizePicks,player_rebounds_assists,Brandon Miller,Under,6.5,-137,2025-11-29,2025-11-29T20:53:43Z
PrizePicks,player_rebounds_assists,Josh Giddey,Over,18.5,-137,2025-11-30,2025-11-29T20:53:55Z
PrizePicks,player_rebounds_assists,Josh Giddey,Under,18.5,-137,2025-11-30,2025-11-29T20:53:55Z
PrizePicks,player_rebounds_assists,Nikola Vucevic,Over,13.5,-137,2025-11-30,2025-11-29T20:53:55Z
PrizePicks,player_rebounds_assists,Nikola Vucevic,Under,13.5,-137,2025-11-30,2025-11-29T20:53:55Z
PrizePicks,player_rebounds_assists,Nikola Vucevic,Over,13.5,-137,2025-11-30,2025-11-29T20:53:55Z
PrizePicks,player_rebounds_assists,Nikola Vucevic,Under,13.5,-137,2025-11-30,2025-11-29T20:53:55Z
PrizePicks,player_rebounds_assists,Pascal Siakam,Over,12.0,-137,2025-11-30,2025-11-29T20:53:55Z
PrizePicks,player_rebounds_assists,Pascal Siakam,Under,12.0,-137,2025-11-30,2025-11-29T20:53:55Z
PrizePicks,player_rebounds_assists,Andrew Nembhard,Over,9.5,-137,2025-11-30,2025-11-29T20:53:55Z
PrizePicks,player_rebounds_assists,Andrew Nembhard,Under,9.5,-137,2025-11-30,2025-11-29T20:53:55Z
PrizePicks,player_rebounds_assists,Bennedict Mathurin,Over,8.5,-137,2025-11-30,2025-11-29T20:53:55Z
PrizePicks,player_rebounds_assists,Bennedict Mathurin,Under,8.5,-137,2025-11-30,2025-11-29T20:53:55Z
PrizePicks,player_rebounds_assists,Coby White,Over,8.5,-137,2025-11-30,2025-11-29T20:53:55Z
PrizePicks,player_rebounds_assists,Coby White,Under,8.5,-137,2025-11-30,2025-11-29T20:53:55Z
PrizePicks,player_rebounds_assists,Tre Jones,Over,7.5,-137,2025-11-30,2025-11-29T20:53:55Z
PrizePicks,player_rebounds_assists,Tre Jones,Under,7.5,-137,2025-11-30,2025-11-29T20:53:55Z
PrizePicks,player_rebounds_assists,Ayo Dosunmu,Over,6.5,-137,2025-11-30,2025-11-29T20:53:55Z
PrizePicks,player_rebounds_assists,Ayo Dosunmu,Under,6.5,-137,2025-11-30,2025-11-29T20:53:55Z
PrizePicks,player_rebounds_assists,Giannis Antetokounmpo,Over,17.5,-137,2025-11-30,2025-11-29T20:54:01Z
PrizePicks,player_rebounds_assists,Giannis Antetokounmpo,Under,17.5,-137,2025-11-30,2025-11-29T20:54:01Z
PrizePicks,player_rebounds_assists,Ryan Rollins,Over,10.5,-137,2025-11-30,2025-11-29T20:54:01Z
PrizePicks,player_rebounds_assists,Ryan Rollins,Under,10.5,-137,2025-11-30,2025-11-29T20:54:01Z
PrizePicks,player_rebounds_assists,Terance Mann,Over,8.5,-137,2025-11-30,2025-11-29T20:54:01Z
PrizePicks,player_rebounds_assists,Terance Mann,Under,8.5,-137,2025-11-30,2025-11-29T20:54:01Z
PrizePicks,player_rebounds_assists,Myles Turner,Over,8.0,-137,2025-11-30,2025-11-29T20:54:01Z
PrizePicks,player_rebounds_assists,Myles Turner,Under,8.0,-137,2025-11-30,2025-11-29T20:54:01Z
PrizePicks,player_rebounds_assists,Kyle Kuzma,Over,7.5,-137,2025-11-30,2025-11-29T20:54:01Z
PrizePicks,player_rebounds_assists,Kyle Kuzma,Under,7.5,-137,2025-11-30,2025-11-29T20:54:01Z
PrizePicks,player_rebounds_assists,Tyrese Martin,Over,7.5,-137,2025-11-30,2025-11-29T20:54:01Z
PrizePicks,player_rebounds_assists,Tyrese Martin,Under,7.5,-137,2025-11-30,2025-11-29T20:54:01Z
PrizePicks,player_rebounds_assists,Bobby Portis,Over,7.0,-137,2025-11-30,2025-11-29T20:54:01Z
PrizePicks,player_rebounds_assists,Bobby Portis,Under,7.0,-137,2025-11-30,2025-11-29T20:54:01Z
PrizePicks,player_rebounds_assists,A.J. Green,Over,6.0,-137,2025-11-30,2025-11-29T20:54:01Z
PrizePicks,player_rebounds_assists,A.J. Green,Under,6.0,-137,2025-11-30,2025-11-29T20:54:01Z
PrizePicks,player_rebounds_assists,Cade Cunningham,Over,16.0,-137,2025-11-30,2025-11-29T20:53:45Z
PrizePicks,player_rebounds_assists,Cade Cunningham,Under,16.0,-137,2025-11-30,2025-11-29T20:53:45Z
PrizePicks,player_rebounds_assists,Bam Adebayo,Over,12.0,-137,2025-11-30,2025-11-29T20:53:45Z
PrizePicks,player_rebounds_assists,Bam Adebayo,Under,12.0,-137,2025-11-30,2025-11-29T20:53:45Z
PrizePicks,player_rebounds_assists,Kel'el Ware,Over,11.0,-137,2025-11-30,2025-11-29T20:53:45Z
PrizePicks,player_rebounds_assists,Kel'el Ware,Under,11.0,-137,2025-11-30,2025-11-29T20:53:45Z
PrizePicks,player_rebounds_assists,Tyler Herro,Over,9.5,-137,2025-11-30,2025-11-29T20:53:45Z
PrizePicks,player_rebounds_assists,Tyler Herro,Under,9.5,-137,2025-11-30,2025-11-29T20:53:45Z
PrizePicks,player_rebounds_assists,Davion Mitchell,Over,9.0,-137,2025-11-30,2025-11-29T20:53:45Z
PrizePicks,player_rebounds_assists,Davion Mitchell,Under,9.0,-137,2025-11-30,2025-11-29T20:53:45Z
PrizePicks,player_rebounds_assists,Ausar Thompson,Over,8.5,-137,2025-11-30,2025-11-29T20:53:45Z
PrizePicks,player_rebounds_assists,Ausar Thompson,Under,8.5,-137,2025-11-30,2025-11-29T20:53:45Z
PrizePicks,player_rebounds_assists,Tobias Harris,Over,7.5,-137,2025-11-30,2025-11-29T20:53:45Z
PrizePicks,player_rebounds_assists,Tobias Harris,Under,7.5,-137,2025-11-30,2025-11-29T20:53:45Z
PrizePicks,player_rebounds_assists,Andrew Wiggins,Over,7.0,-137,2025-11-30,2025-11-29T20:53:45Z
PrizePicks,player_rebounds_assists,Andrew Wiggins,Under,7.0,-137,2025-11-30,2025-11-29T20:53:45Z
PrizePicks,player_rebounds_assists,Norman Powell,Over,5.0,-137,2025-11-30,2025-11-29T20:53:45Z
PrizePicks,player_rebounds_assists,Norman Powell,Under,5.0,-137,2025-11-30,2025-11-29T20:53:45Z
PrizePicks,player_rebounds_assists,Draymond Green,Over,13.0,-137,2025-11-30,2025-11-29T20:53:59Z
PrizePicks,player_rebounds_assists,Draymond Green,Under,13.0,-137,2025-11-30,2025-11-29T20:53:59Z
PrizePicks,player_rebounds_assists,Jimmy Butler,Over,12.0,-137,2025-11-30,2025-11-29T20:53:59Z
PrizePicks,player_rebounds_assists,Jimmy Butler,Under,12.0,-137,2025-11-30,2025-11-29T20:53:59Z
PrizePicks,player_rebounds_assists,Derik Queen,Over,11.5,-137,2025-11-30,2025-11-29T20:53:59Z
PrizePicks,player_rebounds_assists,Derik Queen,Under,11.5,-137,2025-11-30,2025-11-29T20:53:59Z
PrizePicks,player_rebounds_assists,Brandin Podziemski,Over,9.0,-137,2025-11-30,2025-11-29T20:53:59Z
PrizePicks,player_rebounds_assists,Brandin Podziemski,Under,9.0,-137,2025-11-30,2025-11-29T20:53:59Z
PrizePicks,player_rebounds_assists,Trey Murphy III,Over,8.5,-137,2025-11-30,2025-11-29T20:53:59Z
PrizePicks,player_rebounds_assists,Trey Murphy III,Under,8.5,-137,2025-11-30,2025-11-29T20:53:59Z
PrizePicks,player_rebounds_assists,Saddiq Bey,Over,8.5,-137,2025-11-30,2025-11-29T20:53:59Z
PrizePicks,player_rebounds_assists,Saddiq Bey,Under,8.5,-137,2025-11-30,2025-11-29T20:53:59Z
PrizePicks,player_rebounds_assists,Jonathan Kuminga,Over,7.5,-137,2025-11-30,2025-11-29T20:53:59Z
PrizePicks,player_rebounds_assists,Jonathan Kuminga,Under,7.5,-137,2025-11-30,2025-11-29T20:53:59Z
PrizePicks,player_rebounds_assists,Yves Missi,Over,7.5,-137,2025-11-30,2025-11-29T20:53:59Z
PrizePicks,player_rebounds_assists,Yves Missi,Under,7.5,-137,2025-11-30,2025-11-29T20:53:59Z
PrizePicks,player_rebounds_assists,Jose Alvarado,Over,6.5,-137,2025-11-30,2025-11-29T20:53:59Z
PrizePicks,player_rebounds_assists,Jose Alvarado,Under,6.5,-137,2025-11-30,2025-11-29T20:53:59Z
PrizePicks,player_rebounds_assists,Moses Moody,Over,6.0,-137,2025-11-30,2025-11-29T20:53:59Z
PrizePicks,player_rebounds_assists,Moses Moody,Under,6.0,-137,2025-11-30,2025-11-29T20:53:59Z
PrizePicks,player_rebounds_assists,Jeremiah Fears,Over,6.0,-137,2025-11-30,2025-11-29T20:53:59Z
PrizePicks,player_rebounds_assists,Jeremiah Fears,Under,6.0,-137,2025-11-30,2025-11-29T20:53:59Z
PrizePicks,player_rebounds_assists,Will Richard,Over,4.5,-137,2025-11-30,2025-11-29T20:53:59Z
PrizePicks,player_rebounds_assists,Will Richard,Under,4.5,-137,2025-11-30,2025-11-29T20:53:59Z
PrizePicks,player_rebounds_assists,Nikola Jokic,Over,23.0,-137,2025-11-30,2025-11-29T20:53:35Z
PrizePicks,player_rebounds_assists,Nikola Jokic,Under,23.0,-137,2025-11-30,2025-11-29T20:53:35Z
PrizePicks,player_rebounds_assists,Devin Booker,Over,11.5,-137,2025-11-30,2025-11-29T20:53:35Z
PrizePicks,player_rebounds_assists,Devin Booker,Under,11.5,-137,2025-11-30,2025-11-29T20:53:35Z
PrizePicks,player_rebounds_assists,Collin Gillespie,Over,9.0,-137,2025-11-30,2025-11-29T20:53:35Z
PrizePicks,player_rebounds_assists,Collin Gillespie,Under,9.0,-137,2025-11-30,2025-11-29T20:53:35Z
PrizePicks,player_rebounds_assists,Royce O'Neale,Over,8.0,-137,2025-11-30,2025-11-29T20:53:35Z
PrizePicks,player_rebounds_assists,Royce O'Neale,Under,8.0,-137,2025-11-30,2025-11-29T20:53:35Z
PrizePicks,player_rebounds_assists,Peyton Watson,Over,7.5,-137,2025-11-30,2025-11-29T20:53:35Z
PrizePicks,player_rebounds_assists,Peyton Watson,Under,7.5,-137,2025-11-30,2025-11-29T20:53:35Z
PrizePicks,player_rebounds_assists,Dillon Brooks,Over,5.0,-137,2025-11-30,2025-11-29T20:53:35Z
PrizePicks,player_rebounds_assists,Dillon Brooks,Under,5.0,-137,2025-11-30,2025-11-29T20:53:35Z
PrizePicks,player_rebounds_assists,James Harden,Over,14.5,-137,2025-11-30,2025-11-29T20:53:24Z
PrizePicks,player_rebounds_assists,James Harden,Under,14.5,-137,2025-11-30,2025-11-29T20:53:24Z
PrizePicks,player_rebounds_assists,P.J. Washington,Over,9.5,-137,2025-11-30,2025-11-29T20:53:24Z
PrizePicks,player_rebounds_assists,P.J. Washington,Under,9.5,-137,2025-11-30,2025-11-29T20:53:24Z
PrizePicks,player_rebounds_assists,Cooper Flagg,Over,9.5,-137,2025-11-30,2025-11-29T20:53:24Z
PrizePicks,player_rebounds_assists,Cooper Flagg,Under,9.5,-137,2025-11-30,2025-11-29T20:53:24Z
PrizePicks,player_rebounds_assists,Kawhi Leonard,Over,7.5,-137,2025-11-30,2025-11-29T20:53:24Z
PrizePicks,player_rebounds_assists,Kawhi Leonard,Under,7.5,-137,2025-11-30,2025-11-29T20:53:24Z
PrizePicks,player_rebounds_assists,Brandon Williams,Over,6.5,-137,2025-11-30,2025-11-29T20:53:24Z
PrizePicks,player_rebounds_assists,Brandon Williams,Under,6.5,-137,2025-11-30,2025-11-29T20:53:24Z
Betr DFS,player_rebounds_assists,Jaylen Brown,Over,10.5,-137,2025-11-29,2025-11-29T20:54:00Z
Betr DFS,player_rebounds_assists,Derrick White,Over,8.5,-137,2025-11-29,2025-11-29T20:54:00Z
Betr DFS,player_rebounds_assists,Derrick White,Under,8.5,-137,2025-11-29,2025-11-29T20:54:00Z
Betr DFS,player_rebounds_assists,Payton Pritchard,Over,8.5,-137,2025-11-29,2025-11-29T20:54:00Z
Betr DFS,player_rebounds_assists,Payton Pritchard,Under,8.5,-137,2025-11-29,2025-11-29T20:54:00Z
Betr DFS,player_rebounds_assists,Neemias Queta,Over,9.5,-137,2025-11-29,2025-11-29T20:54:00Z
Betr DFS,player_rebounds_assists,Neemias Queta,Under,9.5,-137,2025-11-29,2025-11-29T20:54:00Z
Betr DFS,player_rebounds_assists,Julius Randle,Over,12.5,-137,2025-11-29,2025-11-29T20:54:00Z
Betr DFS,player_rebounds_assists,Julius Randle,Under,12.5,-137,2025-11-29,2025-11-29T20:54:00Z
Betr DFS,player_rebounds_assists,Naz Reid,Over,7.5,-137,2025-11-29,2025-11-29T20:54:00Z
Betr DFS,player_rebounds_assists,Naz Reid,Under,7.5,-137,2025-11-29,2025-11-29T20:54:00Z
Betr DFS,player_rebounds_assists,Jaden McDaniels,Over,7.5,-137,2025-11-29,2025-11-29T20:54:00Z
Betr DFS,player_rebounds_assists,Donte DiVincenzo,Over,7.5,-137,2025-11-29,2025-11-29T20:54:00Z
Betr DFS,player_rebounds_assists,Donte DiVincenzo,Under,7.5,-137,2025-11-29,2025-11-29T20:54:00Z
Betr DFS,player_rebounds_assists,Immanuel Quickley,Over,10.5,-137,2025-11-29,2025-11-29T20:54:21Z
Betr DFS,player_rebounds_assists,Immanuel Quickley,Under,10.5,-137,2025-11-29,2025-11-29T20:54:21Z
Betr DFS,player_rebounds_assists,Jakob Poeltl,Over,12.5,-137,2025-11-29,2025-11-29T20:54:21Z
Betr DFS,player_rebounds_assists,Scottie Barnes,Over,13.5,-137,2025-11-29,2025-11-29T20:54:21Z
Betr DFS,player_rebounds_assists,Scottie Barnes,Under,13.5,-137,2025-11-29,2025-11-29T20:54:21Z
Betr DFS,player_rebounds_assists,LaMelo Ball,Over,12.5,-137,2025-11-29,2025-11-29T20:54:21Z
Betr DFS,player_rebounds_assists,LaMelo Ball,Under,12.5,-137,2025-11-29,2025-11-29T20:54:21Z
Betr DFS,player_rebounds_assists,Moussa Diabate,Over,7.5,-137,2025-11-29,2025-11-29T20:54:21Z
Betr DFS,player_rebounds_assists,Moussa Diabate,Under,7.5,-137,2025-11-29,2025-11-29T20:54:21Z
Betr DFS,player_rebounds_assists,Miles Bridges,Over,10.0,-137,2025-11-29,2025-11-29T20:54:21Z
Betr DFS,player_rebounds_assists,Miles Bridges,Under,10.0,-137,2025-11-29,2025-11-29T20:54:21Z
Betr DFS,player_rebounds_assists,Kon Knueppel,Over,8.5,-137,2025-11-29,2025-11-29T20:54:21Z
Betr DFS,player_rebounds_assists,Ryan Kalkbrenner,Over,7.5,-137,2025-11-29,2025-11-29T20:54:21Z
Betr DFS,player_rebounds_assists,Nikola Vucevic,Over,13.5,-137,2025-11-30,2025-11-29T20:54:02Z
Betr DFS,player_rebounds_assists,Nikola Vucevic,Under,13.5,-137,2025-11-30,2025-11-29T20:54:02Z
Betr DFS,player_rebounds_assists,Coby White,Over,8.5,-137,2025-11-30,2025-11-29T20:54:02Z
Betr DFS,player_rebounds_assists,Coby White,Under,8.5,-137,2025-11-30,2025-11-29T20:54:02Z
Betr DFS,player_rebounds_assists,Bennedict Mathurin,Over,8.5,-137,2025-11-30,2025-11-29T20:54:02Z
Betr DFS,player_rebounds_assists,Bennedict Mathurin,Under,8.5,-137,2025-11-30,2025-11-29T20:54:02Z
Betr DFS,player_rebounds_assists,Andrew Nembhard,Over,9.5,-137,2025-11-30,2025-11-29T20:54:02Z
Betr DFS,player_rebounds_assists,Andrew Nembhard,Under,9.5,-137,2025-11-30,2025-11-29T20:54:02Z
Betr DFS,player_rebounds_assists,Tyrese Martin,Over,7.5,-137,2025-11-30,2025-11-29T20:54:02Z
Betr DFS,player_rebounds_assists,Tyrese Martin,Under,7.5,-137,2025-11-30,2025-11-29T20:54:02Z
Betr DFS,player_rebounds_assists,Nicolas Claxton,Over,12.5,-137,2025-11-30,2025-11-29T20:54:02Z
Betr DFS,player_rebounds_assists,Nicolas Claxton,Under,12.5,-137,2025-11-30,2025-11-29T20:54:02Z
Betr DFS,player_rebounds_assists,Myles Turner,Over,8.0,-137,2025-11-30,2025-11-29T20:54:02Z
Betr DFS,player_rebounds_assists,Myles Turner,Under,8.0,-137,2025-11-30,2025-11-29T20:54:02Z
Betr DFS,player_rebounds_assists,Giannis Antetokounmpo,Over,17.5,-137,2025-11-30,2025-11-29T20:54:02Z
Betr DFS,player_rebounds_assists,Giannis Antetokounmpo,Under,17.5,-137,2025-11-30,2025-11-29T20:54:02Z
Betr DFS,player_rebounds_assists,Bobby Portis,Over,7.5,-137,2025-11-30,2025-11-29T20:54:02Z
Betr DFS,player_rebounds_assists,Ryan Rollins,Over,10.5,-137,2025-11-30,2025-11-29T20:54:02Z
Betr DFS,player_rebounds_assists,Ryan Rollins,Under,10.5,-137,2025-11-30,2025-11-29T20:54:02Z
Betr DFS,player_rebounds_assists,Tobias Harris,Over,7.5,-137,2025-11-30,2025-11-29T20:54:45Z
Betr DFS,player_rebounds_assists,Tobias Harris,Under,7.5,-137,2025-11-30,2025-11-29T20:54:45Z
Betr DFS,player_rebounds_assists,Isaiah Stewart II,Over,8.5,-137,2025-11-30,2025-11-29T20:54:45Z
Betr DFS,player_rebounds_assists,Isaiah Stewart II,Under,8.5,-137,2025-11-30,2025-11-29T20:54:45Z
Betr DFS,player_rebounds_assists,Cade Cunningham,Under,16.5,-137,2025-11-30,2025-11-29T20:54:45Z
Betr DFS,player_rebounds_assists,Cade Cunningham,Over,16.5,-137,2025-11-30,2025-11-29T20:54:45Z
Betr DFS,player_rebounds_assists,Ausar Thompson,Over,8.5,-137,2025-11-30,2025-11-29T20:54:45Z
Betr DFS,player_rebounds_assists,Tyler Herro,Over,9.5,-137,2025-11-30,2025-11-29T20:54:45Z
Betr DFS,player_rebounds_assists,Tyler Herro,Under,9.5,-137,2025-11-30,2025-11-29T20:54:45Z
Betr DFS,player_rebounds_assists,Kel'el Ware,Over,11.5,-137,2025-11-30,2025-11-29T20:54:45Z
Betr DFS,player_rebounds_assists,Kel'el Ware,Under,11.5,-137,2025-11-30,2025-11-29T20:54:45Z
Betr DFS,player_rebounds_assists,Saddiq Bey,Over,8.5,-137,2025-11-30,2025-11-29T20:54:57Z
Betr DFS,player_rebounds_assists,Saddiq Bey,Under,8.5,-137,2025-11-30,2025-11-29T20:54:57Z
Betr DFS,player_rebounds_assists,Trey Murphy III,Over,8.5,-137,2025-11-30,2025-11-29T20:54:57Z
Betr DFS,player_rebounds_assists,Trey Murphy III,Under,8.5,-137,2025-11-30,2025-11-29T20:54:57Z
Betr DFS,player_rebounds_assists,Yves Missi,Over,7.5,-137,2025-11-30,2025-11-29T20:54:57Z
Betr DFS,player_rebounds_assists,Yves Missi,Under,7.5,-137,2025-11-30,2025-11-29T20:54:57Z
Betr DFS,player_rebounds_assists,Derik Queen,Over,11.5,-137,2025-11-30,2025-11-29T20:54:57Z
Betr DFS,player_rebounds_assists,Derik Queen,Under,11.5,-137,2025-11-30,2025-11-29T20:54:57Z
Betr DFS,player_rebounds_assists,Draymond Green,Over,12.5,-137,2025-11-30,2025-11-29T20:54:57Z
Betr DFS,player_rebounds_assists,Draymond Green,Under,12.5,-137,2025-11-30,2025-11-29T20:54:57Z
Betr DFS,player_rebounds_assists,Jonathan Kuminga,Over,7.5,-137,2025-11-30,2025-11-29T20:54:57Z
Betr DFS,player_rebounds_assists,Jonathan Kuminga,Under,7.5,-137,2025-11-30,2025-11-29T20:54:57Z
Betr DFS,player_rebounds_assists,Nikola Jokic,Over,22.5,-137,2025-11-30,2025-11-29T20:54:52Z
Betr DFS,player_rebounds_assists,Nikola Jokic,Under,22.5,-137,2025-11-30,2025-11-29T20:54:52Z
Betr DFS,player_rebounds_assists,Jamal Murray,Over,11.5,-137,2025-11-30,2025-11-29T20:54:52Z
Betr DFS,player_rebounds_assists,Jamal Murray,Under,11.5,-137,2025-11-30,2025-11-29T20:54:52Z
Betr DFS,player_rebounds_assists,Peyton Watson,Over,7.5,-137,2025-11-30,2025-11-29T20:54:52Z
Betr DFS,player_rebounds_assists,Peyton Watson,Under,7.5,-137,2025-11-30,2025-11-29T20:54:52Z
Betr DFS,player_rebounds_assists,Mark Williams,Over,10.5,-137,2025-11-30,2025-11-29T20:54:52Z
Betr DFS,player_rebounds_assists,Collin Gillespie,Over,9.5,-137,2025-11-30,2025-11-29T20:54:52Z
Betr DFS,player_rebounds_assists,Collin Gillespie,Under,9.5,-137,2025-11-30,2025-11-29T20:54:52Z
Betr DFS,player_rebounds_assists,P.J. Washington,Over,9.5,-137,2025-11-30,2025-11-29T20:54:52Z
Betr DFS,player_rebounds_assists,P.J. Washington,Under,9.5,-137,2025-11-30,2025-11-29T20:54:52Z
Betr DFS,player_rebounds_assists,Cooper Flagg,Over,9.5,-137,2025-11-30,2025-11-29T20:54:52Z
Betr DFS,player_rebounds_assists,Cooper Flagg,Under,9.5,-137,2025-11-30,2025-11-29T20:54:52Z
Betr DFS,player_rebounds_assists,James Harden,Over,14.5,-137,2025-11-30,2025-11-29T20:54:52Z
Betr DFS,player_rebounds_assists,James Harden,Under,14.5,-137,2025-11-30,2025-11-29T20:54:52Z
Betr DFS,player_rebounds_assists,Kawhi Leonard,Over,7.5,-137,2025-11-30,2025-11-29T20:54:52Z
Betr DFS,player_rebounds_assists,Kawhi Leonard,Under,7.5,-137,2025-11-30,2025-11-29T20:54:52Z
DraftKings Pick6,player_rebounds_assists,Donte DiVincenzo,Over,7.5,-137,2025-11-29,2025-11-29T20:53:36Z
DraftKings Pick6,player_rebounds_assists,Donte DiVincenzo,Under,7.5,-137,2025-11-29,2025-11-29T20:53:36Z
DraftKings Pick6,player_rebounds_assists,Naz Reid,Over,7.5,-137,2025-11-29,2025-11-29T20:53:36Z
DraftKings Pick6,player_rebounds_assists,Naz Reid,Under,7.5,-137,2025-11-29,2025-11-29T20:53:36Z
DraftKings Pick6,player_rebounds_assists,Scottie Barnes,Over,13.5,-137,2025-11-29,2025-11-29T20:54:05Z
DraftKings Pick6,player_rebounds_assists,Scottie Barnes,Under,13.5,-137,2025-11-29,2025-11-29T20:54:05Z
DraftKings Pick6,player_rebounds_assists,LaMelo Ball,Over,12.5,-137,2025-11-29,2025-11-29T20:54:05Z
DraftKings Pick6,player_rebounds_assists,LaMelo Ball,Under,12.5,-137,2025-11-29,2025-11-29T20:54:05Z
DraftKings Pick6,player_rebounds_assists,Immanuel Quickley,Over,10.5,-137,2025-11-29,2025-11-29T20:54:05Z
DraftKings Pick6,player_rebounds_assists,Immanuel Quickley,Under,10.5,-137,2025-11-29,2025-11-29T20:54:05Z
DraftKings Pick6,player_rebounds_assists,Josh Giddey,Over,18.5,-137,2025-11-30,2025-11-29T20:54:03Z
DraftKings Pick6,player_rebounds_assists,Josh Giddey,Under,18.5,-137,2025-11-30,2025-11-29T20:54:03Z
DraftKings Pick6,player_rebounds_assists,Tre Jones,Over,7.5,-137,2025-11-30,2025-11-29T20:54:03Z
DraftKings Pick6,player_rebounds_assists,Tre Jones,Under,7.5,-137,2025-11-30,2025-11-29T20:54:03Z
DraftKings Pick6,player_rebounds_assists,Nicolas Claxton,Over,12.5,-137,2025-11-30,2025-11-29T20:53:48Z
DraftKings Pick6,player_rebounds_assists,Nicolas Claxton,Under,12.5,-137,2025-11-30,2025-11-29T20:53:48Z
DraftKings Pick6,player_rebounds_assists,Ausar Thompson,Over,8.5,-137,2025-11-30,2025-11-29T20:54:56Z
DraftKings Pick6,player_rebounds_assists,Ausar Thompson,Under,8.5,-137,2025-11-30,2025-11-29T20:54:56Z
DraftKings Pick6,player_rebounds_assists,Tobias Harris,Over,7.5,-137,2025-11-30,2025-11-29T20:54:56Z
DraftKings Pick6,player_rebounds_assists,Tobias Harris,Under,7.5,-137,2025-11-30,2025-11-29T20:54:56Z
DraftKings Pick6,player_rebounds_assists,Derik Queen,Over,11.5,-137,2025-11-30,2025-11-29T20:54:49Z
DraftKings Pick6,player_rebounds_assists,Derik Queen,Under,11.5,-137,2025-11-30,2025-11-29T20:54:49Z
DraftKings Pick6,player_rebounds_assists,Saddiq Bey,Over,8.5,-137,2025-11-30,2025-11-29T20:54:49Z
DraftKings Pick6,player_rebounds_assists,Saddiq Bey,Under,8.5,-137,2025-11-30,2025-11-29T20:54:49Z
DraftKings Pick6,player_rebounds_assists,P.J. Washington,Over,9.5,-137,2025-11-30,2025-11-29T20:54:53Z
DraftKings Pick6,player_rebounds_assists,P.J. Washington,Under,9.5,-137,2025-11-30,2025-11-29T20:54:53Z
DraftKings Pick6,player_rebounds_assists,Kawhi Leonard,Over,7.5,-137,2025-11-30,2025-11-29T20:54:53Z
DraftKings Pick6,player_rebounds_assists,Kawhi Leonard,Under,7.5,-137,2025-11-30,2025-11-29T20:54:53Z
Underdog,player_turnovers,Julius Randle,Over,2.5,-137,2025-11-29,2025-11-29T20:54:13Z
Underdog,player_turnovers,Julius Randle,Under,2.5,-137,2025-11-29,2025-11-29T20:54:13Z
Underdog,player_turnovers,Coby White,Over,2.5,-137,2025-11-30,2025-11-29T20:54:39Z
Underdog,player_turnovers,Coby White,Under,2.5,-137,2025-11-30,2025-11-29T20:54:39Z
Underdog,player_turnovers,Bennedict Mathurin,Over,2.5,-137,2025-11-30,2025-11-29T20:54:39Z
Underdog,player_turnovers,Bennedict Mathurin,Under,2.5,-137,2025-11-30,2025-11-29T20:54:39Z
Underdog,player_turnovers,Derik Queen,Over,2.5,-137,2025-11-30,2025-11-29T20:54:13Z
Underdog,player_turnovers,Derik Queen,Under,2.5,-137,2025-11-30,2025-11-29T20:54:13Z
Underdog,player_turnovers,Devin Booker,Over,3.5,-137,2025-11-30,2025-11-29T20:44:56Z
Underdog,player_turnovers,Devin Booker,Under,3.5,-137,2025-11-30,2025-11-29T20:44:56Z
Underdog,player_turnovers,P.J. Washington,Over,2.5,-137,2025-11-30,2025-11-29T20:54:39Z
Underdog,player_turnovers,P.J. Washington,Under,2.5,-137,2025-11-30,2025-11-29T20:54:39Z
PrizePicks,player_turnovers,Julius Randle,Over,2.5,-137,2025-11-29,2025-11-29T20:53:24Z
PrizePicks,player_turnovers,Julius Randle,Under,2.5,-137,2025-11-29,2025-11-29T20:53:24Z
PrizePicks,player_turnovers,Rudy Gobert,Over,1.5,-137,2025-11-29,2025-11-29T20:53:24Z
PrizePicks,player_turnovers,Rudy Gobert,Under,1.5,-137,2025-11-29,2025-11-29T20:53:24Z
PrizePicks,player_turnovers,Bennedict Mathurin,Over,2.5,-137,2025-11-30,2025-11-29T20:53:55Z
PrizePicks,player_turnovers,Bennedict Mathurin,Under,2.5,-137,2025-11-30,2025-11-29T20:53:55Z
PrizePicks,player_turnovers,Coby White,Over,2.5,-137,2025-11-30,2025-11-29T20:53:55Z
PrizePicks,player_turnovers,Coby White,Under,2.5,-137,2025-11-30,2025-11-29T20:53:55Z
PrizePicks,player_turnovers,Pascal Siakam,Over,2.5,-137,2025-11-30,2025-11-29T20:53:55Z
PrizePicks,player_turnovers,Pascal Siakam,Under,2.5,-137,2025-11-30,2025-11-29T20:53:55Z
PrizePicks,player_turnovers,Ben Sheppard,Over,0.5,-137,2025-11-30,2025-11-29T20:53:55Z
PrizePicks,player_turnovers,Ben Sheppard,Under,0.5,-137,2025-11-30,2025-11-29T20:53:55Z
PrizePicks,player_turnovers,Ausar Thompson,Over,1.5,-137,2025-11-30,2025-11-29T20:53:45Z
PrizePicks,player_turnovers,Ausar Thompson,Under,1.5,-137,2025-11-30,2025-11-29T20:53:45Z
PrizePicks,player_turnovers,Norman Powell,Over,1.5,-137,2025-11-30,2025-11-29T20:53:45Z
PrizePicks,player_turnovers,Norman Powell,Under,1.5,-137,2025-11-30,2025-11-29T20:53:45Z
PrizePicks,player_turnovers,Spencer Jones,Over,0.5,-137,2025-11-30,2025-11-29T20:53:35Z
PrizePicks,player_turnovers,Spencer Jones,Under,0.5,-137,2025-11-30,2025-11-29T20:53:35Z
PrizePicks,player_turnovers,P.J. Washington,Over,2.5,-137,2025-11-30,2025-11-29T20:53:24Z
PrizePicks,player_turnovers,P.J. Washington,Under,2.5,-137,2025-11-30,2025-11-29T20:53:24Z
Betr DFS,player_turnovers,Jaylen Brown,Over,3.5,-137,2025-11-29,2025-11-29T20:54:00Z
Betr DFS,player_turnovers,Derrick White,Over,1.5,-137,2025-11-29,2025-11-29T20:54:00Z
Betr DFS,player_turnovers,Payton Pritchard,Over,1.5,-137,2025-11-29,2025-11-29T20:54:00Z
Betr DFS,player_turnovers,Anfernee Simons,Over,1.5,-137,2025-11-29,2025-11-29T20:54:00Z
Betr DFS,player_turnovers,Julius Randle,Over,2.5,-137,2025-11-29,2025-11-29T20:54:00Z
Betr DFS,player_turnovers,Rudy Gobert,Over,1.5,-137,2025-11-29,2025-11-29T20:54:00Z
Betr DFS,player_turnovers,Donte DiVincenzo,Over,1.5,-137,2025-11-29,2025-11-29T20:54:00Z
Betr DFS,player_turnovers,Immanuel Quickley,Over,1.5,-137,2025-11-29,2025-11-29T20:54:21Z
Betr DFS,player_turnovers,Coby White,Over,2.5,-137,2025-11-30,2025-11-29T20:54:02Z
Betr DFS,player_turnovers,Pascal Siakam,Over,2.5,-137,2025-11-30,2025-11-29T20:54:02Z
Betr DFS,player_turnovers,Bennedict Mathurin,Over,2.5,-137,2025-11-30,2025-11-29T20:54:02Z
Betr DFS,player_turnovers,Andrew Nembhard,Over,2.5,-137,2025-11-30,2025-11-29T20:54:02Z
Betr DFS,player_turnovers,Jaden Ivey,Over,1.5,-137,2025-11-30,2025-11-29T20:54:45Z
Betr DFS,player_turnovers,Ausar Thompson,Over,1.5,-137,2025-11-30,2025-11-29T20:54:45Z
Betr DFS,player_turnovers,Tyler Herro,Over,2.5,-137,2025-11-30,2025-11-29T20:54:45Z
Betr DFS,player_turnovers,Norman Powell,Over,1.5,-137,2025-11-30,2025-11-29T20:54:45Z
Betr DFS,player_turnovers,Davion Mitchell,Over,1.5,-137,2025-11-30,2025-11-29T20:54:45Z
Betr DFS,player_turnovers,Jeremiah Fears,Over,2.5,-137,2025-11-30,2025-11-29T20:54:57Z
Betr DFS,player_turnovers,Derik Queen,Over,2.5,-137,2025-11-30,2025-11-29T20:54:57Z
Betr DFS,player_turnovers,Draymond Green,Over,3.5,-137,2025-11-30,2025-11-29T20:54:57Z
Betr DFS,player_turnovers,Cameron Johnson,Over,1.5,-137,2025-11-30,2025-11-29T20:54:52Z
Betr DFS,player_turnovers,Devin Booker,Over,3.5,-137,2025-11-30,2025-11-29T20:54:52Z
Betr DFS,player_turnovers,P.J. Washington,Over,2.5,-137,2025-11-30,2025-11-29T20:54:52Z
Underdog,player_blocks_steals,Derrick White,Over,2.5,-137,2025-11-29,2025-11-29T20:54:13Z
Underdog,player_blocks_steals,Derrick White,Under,2.5,-137,2025-11-29,2025-11-29T20:54:13Z
Underdog,player_blocks_steals,Scottie Barnes,Over,2.5,-137,2025-11-29,2025-11-29T20:53:38Z
Underdog,player_blocks_steals,Scottie Barnes,Under,2.5,-137,2025-11-29,2025-11-29T20:53:38Z
Underdog,player_blocks_steals,Ryan Kalkbrenner,Over,2.5,-137,2025-11-29,2025-11-29T20:53:38Z
Underdog,player_blocks_steals,Ryan Kalkbrenner,Under,2.5,-137,2025-11-29,2025-11-29T20:53:38Z
Underdog,player_blocks_steals,Kel'el Ware,Over,2.5,-137,2025-11-30,2025-11-29T20:54:18Z
Underdog,player_blocks_steals,Kel'el Ware,Under,2.5,-137,2025-11-30,2025-11-29T20:54:18Z
Underdog,player_blocks_steals,Peyton Watson,Over,2.5,-137,2025-11-30,2025-11-29T20:54:34Z
Underdog,player_blocks_steals,Peyton Watson,Under,2.5,-137,2025-11-30,2025-11-29T20:54:34Z
PrizePicks,player_blocks_steals,Derrick White,Over,2.5,-137,2025-11-29,2025-11-29T20:53:24Z
PrizePicks,player_blocks_steals,Derrick White,Under,2.5,-137,2025-11-29,2025-11-29T20:53:24Z
PrizePicks,player_blocks_steals,Anthony Edwards,Over,1.5,-137,2025-11-29,2025-11-29T20:53:24Z
PrizePicks,player_blocks_steals,Anthony Edwards,Under,1.5,-137,2025-11-29,2025-11-29T20:53:24Z
PrizePicks,player_blocks_steals,Naz Reid,Over,1.5,-137,2025-11-29,2025-11-29T20:53:24Z
PrizePicks,player_blocks_steals,Naz Reid,Under,1.5,-137,2025-11-29,2025-11-29T20:53:24Z
PrizePicks,player_blocks_steals,Anfernee Simons,Over,0.5,-137,2025-11-29,2025-11-29T20:53:24Z
PrizePicks,player_blocks_steals,Anfernee Simons,Under,0.5,-137,2025-11-29,2025-11-29T20:53:24Z
PrizePicks,player_blocks_steals,Ryan Kalkbrenner,Over,2.5,-137,2025-11-29,2025-11-29T20:53:43Z
PrizePicks,player_blocks_steals,Ryan Kalkbrenner,Under,2.5,-137,2025-11-29,2025-11-29T20:53:43Z
PrizePicks,player_blocks_steals,Brandon Miller,Over,1.5,-137,2025-11-29,2025-11-29T20:53:43Z
PrizePicks,player_blocks_steals,Brandon Miller,Under,1.5,-137,2025-11-29,2025-11-29T20:53:43Z
PrizePicks,player_blocks_steals,Andrew Nembhard,Over,1.5,-137,2025-11-30,2025-11-29T20:53:55Z
PrizePicks,player_blocks_steals,Andrew Nembhard,Under,1.5,-137,2025-11-30,2025-11-29T20:53:55Z
PrizePicks,player_blocks_steals,Josh Giddey,Over,1.5,-137,2025-11-30,2025-11-29T20:53:55Z
PrizePicks,player_blocks_steals,Josh Giddey,Under,1.5,-137,2025-11-30,2025-11-29T20:53:55Z
PrizePicks,player_blocks_steals,Bobby Portis,Over,0.5,-137,2025-11-30,2025-11-29T20:54:01Z
PrizePicks,player_blocks_steals,Bobby Portis,Under,0.5,-137,2025-11-30,2025-11-29T20:54:01Z
PrizePicks,player_blocks_steals,Kel'el Ware,Over,2.5,-137,2025-11-30,2025-11-29T20:53:45Z
PrizePicks,player_blocks_steals,Kel'el Ware,Under,2.5,-137,2025-11-30,2025-11-29T20:53:45Z
PrizePicks,player_blocks_steals,Cade Cunningham,Over,1.5,-137,2025-11-30,2025-11-29T20:53:45Z
PrizePicks,player_blocks_steals,Cade Cunningham,Under,1.5,-137,2025-11-30,2025-11-29T20:53:45Z
PrizePicks,player_blocks_steals,Brandin Podziemski,Over,1.5,-137,2025-11-30,2025-11-29T20:53:59Z
PrizePicks,player_blocks_steals,Brandin Podziemski,Under,1.5,-137,2025-11-30,2025-11-29T20:53:59Z
PrizePicks,player_blocks_steals,Moses Moody,Over,1.5,-137,2025-11-30,2025-11-29T20:53:59Z
PrizePicks,player_blocks_steals,Moses Moody,Under,1.5,-137,2025-11-30,2025-11-29T20:53:59Z
PrizePicks,player_blocks_steals,Jeremiah Fears,Over,1.5,-137,2025-11-30,2025-11-29T20:53:59Z
PrizePicks,player_blocks_steals,Jeremiah Fears,Under,1.5,-137,2025-11-30,2025-11-29T20:53:59Z
PrizePicks,player_blocks_steals,Peyton Watson,Over,2.5,-137,2025-11-30,2025-11-29T20:53:35Z
PrizePicks,player_blocks_steals,Peyton Watson,Under,2.5,-137,2025-11-30,2025-11-29T20:53:35Z
PrizePicks,player_blocks_steals,Collin Gillespie,Over,1.5,-137,2025-11-30,2025-11-29T20:53:35Z
PrizePicks,player_blocks_steals,Collin Gillespie,Under,1.5,-137,2025-11-30,2025-11-29T20:53:35Z
PrizePicks,player_blocks_steals,James Harden,Over,1.5,-137,2025-11-30,2025-11-29T20:53:24Z
PrizePicks,player_blocks_steals,James Harden,Under,1.5,-137,2025-11-30,2025-11-29T20:53:24Z
PrizePicks,player_blocks_steals,John Collins,Over,1.5,-137,2025-11-30,2025-11-29T20:53:24Z
PrizePicks,player_blocks_steals,John Collins,Under,1.5,-137,2025-11-30,2025-11-29T20:53:24Z
Betr DFS,player_blocks_steals,Jaylen Brown,Over,1.5,-137,2025-11-29,2025-11-29T20:54:00Z
Betr DFS,player_blocks_steals,Derrick White,Over,2.5,-137,2025-11-29,2025-11-29T20:54:00Z
Betr DFS,player_blocks_steals,Anfernee Simons,Over,0.5,-137,2025-11-29,2025-11-29T20:54:00Z
Betr DFS,player_blocks_steals,Jordan Walsh,Over,1.5,-137,2025-11-29,2025-11-29T20:54:00Z
Betr DFS,player_blocks_steals,Mike Conley,Over,0.5,-137,2025-11-29,2025-11-29T20:54:00Z
Betr DFS,player_blocks_steals,Naz Reid,Over,1.5,-137,2025-11-29,2025-11-29T20:54:00Z
Betr DFS,player_blocks_steals,Anthony Edwards,Over,1.5,-137,2025-11-29,2025-11-29T20:54:00Z
Betr DFS,player_blocks_steals,Scottie Barnes,Over,2.5,-137,2025-11-29,2025-11-29T20:54:21Z
Betr DFS,player_blocks_steals,Moussa Diabate,Over,1.5,-137,2025-11-29,2025-11-29T20:54:21Z
Betr DFS,player_blocks_steals,Brandon Miller,Over,1.5,-137,2025-11-29,2025-11-29T20:54:21Z
Betr DFS,player_blocks_steals,Miles Bridges,Over,1.5,-137,2025-11-29,2025-11-29T20:54:21Z
Betr DFS,player_blocks_steals,Ryan Kalkbrenner,Over,2.5,-137,2025-11-29,2025-11-29T20:54:21Z
Betr DFS,player_blocks_steals,Josh Giddey,Over,1.5,-137,2025-11-30,2025-11-29T20:54:02Z
Betr DFS,player_blocks_steals,Kevin Huerter,Over,1.5,-137,2025-11-30,2025-11-29T20:54:02Z
Betr DFS,player_blocks_steals,Andrew Nembhard,Over,1.5,-137,2025-11-30,2025-11-29T20:54:02Z
Betr DFS,player_blocks_steals,Noah Clowney,Over,1.5,-137,2025-11-30,2025-11-29T20:54:02Z
Betr DFS,player_blocks_steals,Myles Turner,Over,2.5,-137,2025-11-30,2025-11-29T20:54:02Z
Betr DFS,player_blocks_steals,Bobby Portis,Over,0.5,-137,2025-11-30,2025-11-29T20:54:02Z
Betr DFS,player_blocks_steals,Ryan Rollins,Over,1.5,-137,2025-11-30,2025-11-29T20:54:02Z
Betr DFS,player_blocks_steals,Cade Cunningham,Over,1.5,-137,2025-11-30,2025-11-29T20:54:45Z
Betr DFS,player_blocks_steals,Tyler Herro,Over,1.5,-137,2025-11-30,2025-11-29T20:54:45Z
Betr DFS,player_blocks_steals,Norman Powell,Over,1.5,-137,2025-11-30,2025-11-29T20:54:45Z
Betr DFS,player_blocks_steals,Kel'el Ware,Over,2.5,-137,2025-11-30,2025-11-29T20:54:45Z
Betr DFS,player_blocks_steals,Jeremiah Fears,Over,1.5,-137,2025-11-30,2025-11-29T20:54:57Z
Betr DFS,player_blocks_steals,Brandin Podziemski,Over,1.5,-137,2025-11-30,2025-11-29T20:54:57Z
Betr DFS,player_blocks_steals,Cameron Johnson,Over,1.5,-137,2025-11-30,2025-11-29T20:54:52Z
Betr DFS,player_blocks_steals,Jamal Murray,Over,1.5,-137,2025-11-30,2025-11-29T20:54:52Z
Betr DFS,player_blocks_steals,Peyton Watson,Over,2.5,-137,2025-11-30,2025-11-29T20:54:52Z
Betr DFS,player_blocks_steals,Collin Gillespie,Over,1.5,-137,2025-11-30,2025-11-29T20:54:52Z
Betr DFS,player_blocks_steals,Dillon Brooks,Over,1.5,-137,2025-11-30,2025-11-29T20:54:52Z
Betr DFS,player_blocks_steals,John Collins,Over,1.5,-137,2025-11-30,2025-11-29T20:54:52Z
Betr DFS,player_blocks_steals,James Harden,Over,1.5,-137,2025-11-30,2025-11-29T20:54:52Z
DraftKings Pick6,player_blocks_steals,Cade Cunningham,Over,1.5,-137,2025-11-30,2025-11-29T20:54:56Z
DraftKings Pick6,player_blocks_steals,Cade Cunningham,Under,1.5,-137,2025-11-30,2025-11-29T20:54:56Z
