BOOKMAKER,CATEGORY,NAME,OVER/UNDER,LINE,ODDS,COMMENCE_TIME,LAST_UPDATE,DATA_PULLED_AT
PrizePicks,player_points,Cade Cunningham,Over,26.5,-137,2025-12-13,2025-12-13T00:11:42Z,2025-12-12 16:21:35
PrizePicks,player_points,Cade Cunningham,Under,26.5,-137,2025-12-13,2025-12-13T00:11:42Z,2025-12-12 16:21:35
PrizePicks,player_points,Jalen Johnson,Over,24.5,-137,2025-12-13,2025-12-13T00:11:42Z,2025-12-12 16:21:35
PrizePicks,player_points,Jalen Johnson,Under,24.5,-137,2025-12-13,2025-12-13T00:11:42Z,2025-12-12 16:21:35
PrizePicks,player_points,Nickeil Alexander-Walker,Over,20.5,-137,2025-12-13,2025-12-13T00:11:42Z,2025-12-12 16:21:35
PrizePicks,player_points,Nickeil Alexander-Walker,Under,20.5,-137,2025-12-13,2025-12-13T00:11:42Z,2025-12-12 16:21:35
PrizePicks,player_points,Jalen Duren,Over,17.5,-137,2025-12-13,2025-12-13T00:11:42Z,2025-12-12 16:21:35
PrizePicks,player_points,Jalen Duren,Under,17.5,-137,2025-12-13,2025-12-13T00:11:42Z,2025-12-12 16:21:35
PrizePicks,player_points,Onyeka Okongwu,Over,17.0,-137,2025-12-13,2025-12-13T00:11:42Z,2025-12-12 16:21:35
PrizePicks,player_points,Onyeka Okongwu,Under,17.0,-137,2025-12-13,2025-12-13T00:11:42Z,2025-12-12 16:21:35
PrizePicks,player_points,Tobias Harris,Over,13.5,-137,2025-12-13,2025-12-13T00:11:42Z,2025-12-12 16:21:35
PrizePicks,player_points,Tobias Harris,Under,13.5,-137,2025-12-13,2025-12-13T00:11:42Z,2025-12-12 16:21:35
PrizePicks,player_points,Dyson Daniels,Over,11.5,-137,2025-12-13,2025-12-13T00:11:42Z,2025-12-12 16:21:35
PrizePicks,player_points,Dyson Daniels,Under,11.5,-137,2025-12-13,2025-12-13T00:11:42Z,2025-12-12 16:21:35
PrizePicks,player_points,Ausar Thompson,Over,11.5,-137,2025-12-13,2025-12-13T00:11:42Z,2025-12-12 16:21:35
PrizePicks,player_points,Ausar Thompson,Under,11.5,-137,2025-12-13,2025-12-13T00:11:42Z,2025-12-12 16:21:35
PrizePicks,player_points,Duncan Robinson,Over,11.0,-137,2025-12-13,2025-12-13T00:11:42Z,2025-12-12 16:21:35
PrizePicks,player_points,Duncan Robinson,Under,11.0,-137,2025-12-13,2025-12-13T00:11:42Z,2025-12-12 16:21:35
PrizePicks,player_points,Zaccharie Risacher,Over,10.0,-137,2025-12-13,2025-12-13T00:11:42Z,2025-12-12 16:21:35
PrizePicks,player_points,Zaccharie Risacher,Under,10.0,-137,2025-12-13,2025-12-13T00:11:42Z,2025-12-12 16:21:35
PrizePicks,player_points,Vit Krejci,Over,9.0,-137,2025-12-13,2025-12-13T00:11:42Z,2025-12-12 16:21:35
PrizePicks,player_points,Vit Krejci,Under,9.0,-137,2025-12-13,2025-12-13T00:11:42Z,2025-12-12 16:21:35
PrizePicks,player_points,Caris LeVert,Over,8.5,-137,2025-12-13,2025-12-13T00:11:42Z,2025-12-12 16:21:35
PrizePicks,player_points,Caris LeVert,Under,8.5,-137,2025-12-13,2025-12-13T00:11:42Z,2025-12-12 16:21:35
PrizePicks,player_points,Isaiah Stewart II,Over,7.5,-137,2025-12-13,2025-12-13T00:11:42Z,2025-12-12 16:21:35
PrizePicks,player_points,Isaiah Stewart II,Under,7.5,-137,2025-12-13,2025-12-13T00:11:42Z,2025-12-12 16:21:35
PrizePicks,player_points,Luke Kennard,Over,7.0,-137,2025-12-13,2025-12-13T00:11:42Z,2025-12-12 16:21:35
PrizePicks,player_points,Luke Kennard,Under,7.0,-137,2025-12-13,2025-12-13T00:11:42Z,2025-12-12 16:21:35
PrizePicks,player_points,Ron Holland,Over,6.5,-137,2025-12-13,2025-12-13T00:11:42Z,2025-12-12 16:21:35
PrizePicks,player_points,Ron Holland,Under,6.5,-137,2025-12-13,2025-12-13T00:11:42Z,2025-12-12 16:21:35
PrizePicks,player_points,Coby White,Over,22.5,-137,2025-12-13,2025-12-13T00:12:03Z,2025-12-12 16:21:35
PrizePicks,player_points,Coby White,Under,22.5,-137,2025-12-13,2025-12-13T00:12:03Z,2025-12-12 16:21:35
PrizePicks,player_points,Miles Bridges,Over,22.5,-137,2025-12-13,2025-12-13T00:12:03Z,2025-12-12 16:21:35
PrizePicks,player_points,Miles Bridges,Under,22.5,-137,2025-12-13,2025-12-13T00:12:03Z,2025-12-12 16:21:35
PrizePicks,player_points,Brandon Miller,Over,22.0,-137,2025-12-13,2025-12-13T00:12:03Z,2025-12-12 16:21:35
PrizePicks,player_points,Brandon Miller,Under,22.0,-137,2025-12-13,2025-12-13T00:12:03Z,2025-12-12 16:21:35
PrizePicks,player_points,Josh Giddey,Over,20.5,-137,2025-12-13,2025-12-13T00:12:03Z,2025-12-12 16:21:35
PrizePicks,player_points,Josh Giddey,Under,20.5,-137,2025-12-13,2025-12-13T00:12:03Z,2025-12-12 16:21:35
PrizePicks,player_points,Kon Knueppel,Over,18.5,-137,2025-12-13,2025-12-13T00:12:03Z,2025-12-12 16:21:35
PrizePicks,player_points,Kon Knueppel,Under,18.5,-137,2025-12-13,2025-12-13T00:12:03Z,2025-12-12 16:21:35
PrizePicks,player_points,Nikola Vucevic,Over,16.0,-137,2025-12-13,2025-12-13T00:12:03Z,2025-12-12 16:21:35
PrizePicks,player_points,Nikola Vucevic,Under,16.0,-137,2025-12-13,2025-12-13T00:12:03Z,2025-12-12 16:21:35
PrizePicks,player_points,Matas Buzelis,Over,14.0,-137,2025-12-13,2025-12-13T00:12:03Z,2025-12-12 16:21:35
PrizePicks,player_points,Matas Buzelis,Under,14.0,-137,2025-12-13,2025-12-13T00:12:03Z,2025-12-12 16:21:35
PrizePicks,player_points,KJ Simpson,Over,13.0,-137,2025-12-13,2025-12-13T00:12:03Z,2025-12-12 16:21:35
PrizePicks,player_points,KJ Simpson,Under,13.0,-137,2025-12-13,2025-12-13T00:12:03Z,2025-12-12 16:21:35
PrizePicks,player_points,Tre Jones,Over,10.5,-137,2025-12-13,2025-12-13T00:12:03Z,2025-12-12 16:21:35
PrizePicks,player_points,Tre Jones,Under,10.5,-137,2025-12-13,2025-12-13T00:12:03Z,2025-12-12 16:21:35
PrizePicks,player_points,Ryan Kalkbrenner,Over,8.5,-137,2025-12-13,2025-12-13T00:12:03Z,2025-12-12 16:21:35
PrizePicks,player_points,Ryan Kalkbrenner,Under,8.5,-137,2025-12-13,2025-12-13T00:12:03Z,2025-12-12 16:21:35
PrizePicks,player_points,Patrick Williams,Over,7.0,-137,2025-12-13,2025-12-13T00:12:03Z,2025-12-12 16:21:35
PrizePicks,player_points,Patrick Williams,Under,7.0,-137,2025-12-13,2025-12-13T00:12:03Z,2025-12-12 16:21:35
PrizePicks,player_points,Sion James,Over,6.5,-137,2025-12-13,2025-12-13T00:12:03Z,2025-12-12 16:21:35
PrizePicks,player_points,Sion James,Under,6.5,-137,2025-12-13,2025-12-13T00:12:03Z,2025-12-12 16:21:35
PrizePicks,player_points,Zach Collins,Over,6.5,-137,2025-12-13,2025-12-13T00:12:03Z,2025-12-12 16:21:35
PrizePicks,player_points,Zach Collins,Under,6.5,-137,2025-12-13,2025-12-13T00:12:03Z,2025-12-12 16:21:35
PrizePicks,player_points,Liam McNeeley,Over,6.5,-137,2025-12-13,2025-12-13T00:12:03Z,2025-12-12 16:21:35
PrizePicks,player_points,Liam McNeeley,Under,6.5,-137,2025-12-13,2025-12-13T00:12:03Z,2025-12-12 16:21:35
PrizePicks,player_points,Isaac Okoro,Over,5.5,-137,2025-12-13,2025-12-13T00:12:03Z,2025-12-12 16:21:35
PrizePicks,player_points,Isaac Okoro,Under,5.5,-137,2025-12-13,2025-12-13T00:12:03Z,2025-12-12 16:21:35
PrizePicks,player_points,Donovan Mitchell,Over,29.5,-137,2025-12-13,2025-12-13T00:11:42Z,2025-12-12 16:21:35
PrizePicks,player_points,Donovan Mitchell,Under,29.5,-137,2025-12-13,2025-12-13T00:11:42Z,2025-12-12 16:21:35
PrizePicks,player_points,C.J. McCollum,Over,20.5,-137,2025-12-13,2025-12-13T00:11:42Z,2025-12-12 16:21:35
PrizePicks,player_points,C.J. McCollum,Under,20.5,-137,2025-12-13,2025-12-13T00:11:42Z,2025-12-12 16:21:35
PrizePicks,player_points,Evan Mobley,Over,20.5,-137,2025-12-13,2025-12-13T00:11:42Z,2025-12-12 16:21:35
PrizePicks,player_points,Evan Mobley,Under,20.5,-137,2025-12-13,2025-12-13T00:11:42Z,2025-12-12 16:21:35
PrizePicks,player_points,Darius Garland,Over,17.5,-137,2025-12-13,2025-12-13T00:11:42Z,2025-12-12 16:21:35
PrizePicks,player_points,Darius Garland,Under,17.5,-137,2025-12-13,2025-12-13T00:11:42Z,2025-12-12 16:21:35
PrizePicks,player_points,Kyshawn George,Over,15.5,-137,2025-12-13,2025-12-13T00:11:42Z,2025-12-12 16:21:35
PrizePicks,player_points,Kyshawn George,Under,15.5,-137,2025-12-13,2025-12-13T00:11:42Z,2025-12-12 16:21:35
PrizePicks,player_points,De'Andre Hunter,Over,15.5,-137,2025-12-13,2025-12-13T00:11:42Z,2025-12-12 16:21:35
PrizePicks,player_points,De'Andre Hunter,Under,15.5,-137,2025-12-13,2025-12-13T00:11:42Z,2025-12-12 16:21:35
PrizePicks,player_points,Jaylon Tyson,Over,13.0,-137,2025-12-13,2025-12-13T00:11:42Z,2025-12-12 16:21:35
PrizePicks,player_points,Jaylon Tyson,Under,13.0,-137,2025-12-13,2025-12-13T00:11:42Z,2025-12-12 16:21:35
PrizePicks,player_points,Marvin Bagley III,Over,11.5,-137,2025-12-13,2025-12-13T00:11:42Z,2025-12-12 16:21:35
PrizePicks,player_points,Marvin Bagley III,Under,11.5,-137,2025-12-13,2025-12-13T00:11:42Z,2025-12-12 16:21:35
PrizePicks,player_points,Tristan Vukcevic,Over,11.5,-137,2025-12-13,2025-12-13T00:11:42Z,2025-12-12 16:21:35
PrizePicks,player_points,Tristan Vukcevic,Under,11.5,-137,2025-12-13,2025-12-13T00:11:42Z,2025-12-12 16:21:35
PrizePicks,player_points,Tre Johnson,Over,10.0,-137,2025-12-13,2025-12-13T00:11:42Z,2025-12-12 16:21:35
PrizePicks,player_points,Tre Johnson,Under,10.0,-137,2025-12-13,2025-12-13T00:11:42Z,2025-12-12 16:21:35
PrizePicks,player_points,Justin Champagnie,Over,9.5,-137,2025-12-13,2025-12-13T00:11:42Z,2025-12-12 16:21:35
PrizePicks,player_points,Justin Champagnie,Under,9.5,-137,2025-12-13,2025-12-13T00:11:42Z,2025-12-12 16:21:35
PrizePicks,player_points,Carlton Carrington,Over,9.5,-137,2025-12-13,2025-12-13T00:11:42Z,2025-12-12 16:21:35
PrizePicks,player_points,Carlton Carrington,Under,9.5,-137,2025-12-13,2025-12-13T00:11:42Z,2025-12-12 16:21:35
PrizePicks,player_points,Pascal Siakam,Over,23.5,-137,2025-12-13,2025-12-13T00:10:07Z,2025-12-12 16:21:35
PrizePicks,player_points,Pascal Siakam,Under,23.5,-137,2025-12-13,2025-12-13T00:10:07Z,2025-12-12 16:21:35
PrizePicks,player_points,Joel Embiid,Over,23.5,-137,2025-12-13,2025-12-13T00:10:07Z,2025-12-12 16:21:35
PrizePicks,player_points,Joel Embiid,Under,23.5,-137,2025-12-13,2025-12-13T00:10:07Z,2025-12-12 16:21:35
PrizePicks,player_points,Bennedict Mathurin,Over,20.5,-137,2025-12-13,2025-12-13T00:10:07Z,2025-12-12 16:21:35
PrizePicks,player_points,Bennedict Mathurin,Under,20.5,-137,2025-12-13,2025-12-13T00:10:07Z,2025-12-12 16:21:35
PrizePicks,player_points,Quentin Grimes,Over,17.5,-137,2025-12-13,2025-12-13T00:10:07Z,2025-12-12 16:21:35
PrizePicks,player_points,Quentin Grimes,Under,17.5,-137,2025-12-13,2025-12-13T00:10:07Z,2025-12-12 16:21:35
PrizePicks,player_points,Paul George,Over,17.0,-137,2025-12-13,2025-12-13T00:10:07Z,2025-12-12 16:21:35
PrizePicks,player_points,Paul George,Under,17.0,-137,2025-12-13,2025-12-13T00:10:07Z,2025-12-12 16:21:35
PrizePicks,player_points,Andrew Nembhard,Over,15.5,-137,2025-12-13,2025-12-13T00:10:07Z,2025-12-12 16:21:35
PrizePicks,player_points,Andrew Nembhard,Under,15.5,-137,2025-12-13,2025-12-13T00:10:07Z,2025-12-12 16:21:35
PrizePicks,player_points,VJ Edgecombe,Over,14.5,-137,2025-12-13,2025-12-13T00:10:07Z,2025-12-12 16:21:35
PrizePicks,player_points,VJ Edgecombe,Under,14.5,-137,2025-12-13,2025-12-13T00:10:07Z,2025-12-12 16:21:35
PrizePicks,player_points,Jared McCain,Over,13.5,-137,2025-12-13,2025-12-13T00:10:07Z,2025-12-12 16:21:35
PrizePicks,player_points,Jared McCain,Under,13.5,-137,2025-12-13,2025-12-13T00:10:07Z,2025-12-12 16:21:35
PrizePicks,player_points,Jay Huff,Over,9.5,-137,2025-12-13,2025-12-13T00:10:07Z,2025-12-12 16:21:35
PrizePicks,player_points,Jay Huff,Under,9.5,-137,2025-12-13,2025-12-13T00:10:07Z,2025-12-12 16:21:35
PrizePicks,player_points,T.J. McConnell,Over,8.5,-137,2025-12-13,2025-12-13T00:10:07Z,2025-12-12 16:21:35
PrizePicks,player_points,T.J. McConnell,Under,8.5,-137,2025-12-13,2025-12-13T00:10:07Z,2025-12-12 16:21:35
PrizePicks,player_points,Dominick Barlow,Over,7.5,-137,2025-12-13,2025-12-13T00:10:07Z,2025-12-12 16:21:35
PrizePicks,player_points,Dominick Barlow,Under,7.5,-137,2025-12-13,2025-12-13T00:10:07Z,2025-12-12 16:21:35
PrizePicks,player_points,Jarace Walker,Over,6.5,-137,2025-12-13,2025-12-13T00:10:07Z,2025-12-12 16:21:35
PrizePicks,player_points,Jarace Walker,Under,6.5,-137,2025-12-13,2025-12-13T00:10:07Z,2025-12-12 16:21:35
PrizePicks,player_points,Andre Drummond,Over,5.5,-137,2025-12-13,2025-12-13T00:10:07Z,2025-12-12 16:21:35
PrizePicks,player_points,Andre Drummond,Under,5.5,-137,2025-12-13,2025-12-13T00:10:07Z,2025-12-12 16:21:35
PrizePicks,player_points,Lauri Markkanen,Over,25.5,-137,2025-12-13,2025-12-13T00:17:49Z,2025-12-12 16:21:35
PrizePicks,player_points,Lauri Markkanen,Under,25.5,-137,2025-12-13,2025-12-13T00:17:49Z,2025-12-12 16:21:35
PrizePicks,player_points,Keyonte George,Over,21.5,-137,2025-12-13,2025-12-13T00:17:49Z,2025-12-12 16:21:35
PrizePicks,player_points,Keyonte George,Under,21.5,-137,2025-12-13,2025-12-13T00:17:49Z,2025-12-12 16:21:35
PrizePicks,player_points,Ja Morant,Over,19.5,-137,2025-12-13,2025-12-13T00:17:49Z,2025-12-12 16:21:35
PrizePicks,player_points,Ja Morant,Under,19.5,-137,2025-12-13,2025-12-13T00:17:49Z,2025-12-12 16:21:35
PrizePicks,player_points,Jaren Jackson Jr,Over,18.5,-137,2025-12-13,2025-12-13T00:17:49Z,2025-12-12 16:21:35
PrizePicks,player_points,Jaren Jackson Jr,Under,18.5,-137,2025-12-13,2025-12-13T00:17:49Z,2025-12-12 16:21:35
PrizePicks,player_points,Cedric Coward,Over,15.0,-137,2025-12-13,2025-12-13T00:17:49Z,2025-12-12 16:21:35
PrizePicks,player_points,Cedric Coward,Under,15.0,-137,2025-12-13,2025-12-13T00:17:49Z,2025-12-12 16:21:35
PrizePicks,player_points,Santi Aldama,Over,13.5,-137,2025-12-13,2025-12-13T00:17:49Z,2025-12-12 16:21:35
PrizePicks,player_points,Santi Aldama,Under,13.5,-137,2025-12-13,2025-12-13T00:17:49Z,2025-12-12 16:21:35
PrizePicks,player_points,Ace Bailey,Over,12.5,-137,2025-12-13,2025-12-13T00:17:49Z,2025-12-12 16:21:35
PrizePicks,player_points,Ace Bailey,Under,12.5,-137,2025-12-13,2025-12-13T00:17:49Z,2025-12-12 16:21:35
PrizePicks,player_points,Jaylen Wells,Over,12.5,-137,2025-12-13,2025-12-13T00:17:49Z,2025-12-12 16:21:35
PrizePicks,player_points,Jaylen Wells,Under,12.5,-137,2025-12-13,2025-12-13T00:17:49Z,2025-12-12 16:21:35
PrizePicks,player_points,Jock Landale,Over,11.5,-137,2025-12-13,2025-12-13T00:17:49Z,2025-12-12 16:21:35
PrizePicks,player_points,Jock Landale,Under,11.5,-137,2025-12-13,2025-12-13T00:17:49Z,2025-12-12 16:21:35
PrizePicks,player_points,Kyle Filipowski,Over,10.5,-137,2025-12-13,2025-12-13T00:17:49Z,2025-12-12 16:21:35
PrizePicks,player_points,Kyle Filipowski,Under,10.5,-137,2025-12-13,2025-12-13T00:17:49Z,2025-12-12 16:21:35
PrizePicks,player_points,Cam Spencer,Over,10.5,-137,2025-12-13,2025-12-13T00:17:49Z,2025-12-12 16:21:35
PrizePicks,player_points,Cam Spencer,Under,10.5,-137,2025-12-13,2025-12-13T00:17:49Z,2025-12-12 16:21:35
PrizePicks,player_points,Jusuf Nurkic,Over,10.0,-137,2025-12-13,2025-12-13T00:17:49Z,2025-12-12 16:21:35
PrizePicks,player_points,Jusuf Nurkic,Under,10.0,-137,2025-12-13,2025-12-13T00:17:49Z,2025-12-12 16:21:35
PrizePicks,player_points,Walter Clayton Jr.,Over,8.0,-137,2025-12-13,2025-12-13T00:17:49Z,2025-12-12 16:21:35
PrizePicks,player_points,Walter Clayton Jr.,Under,8.0,-137,2025-12-13,2025-12-13T00:17:49Z,2025-12-12 16:21:35
PrizePicks,player_points,Svi Mykhailiuk,Over,7.5,-137,2025-12-13,2025-12-13T00:17:49Z,2025-12-12 16:21:35
PrizePicks,player_points,Svi Mykhailiuk,Under,7.5,-137,2025-12-13,2025-12-13T00:17:49Z,2025-12-12 16:21:35
PrizePicks,player_points,Vincent Williams Jr,Over,7.5,-137,2025-12-13,2025-12-13T00:17:49Z,2025-12-12 16:21:35
PrizePicks,player_points,Vincent Williams Jr,Under,7.5,-137,2025-12-13,2025-12-13T00:17:49Z,2025-12-12 16:21:35
PrizePicks,player_points,Kentavious Caldwell-Pope,Over,7.5,-137,2025-12-13,2025-12-13T00:17:49Z,2025-12-12 16:21:35
PrizePicks,player_points,Kentavious Caldwell-Pope,Under,7.5,-137,2025-12-13,2025-12-13T00:17:49Z,2025-12-12 16:21:35
PrizePicks,player_points,Kevin Love,Over,5.0,-137,2025-12-13,2025-12-13T00:17:49Z,2025-12-12 16:21:35
PrizePicks,player_points,Kevin Love,Under,5.0,-137,2025-12-13,2025-12-13T00:17:49Z,2025-12-12 16:21:35
PrizePicks,player_points,Max Christie,Over,8.5,-137,2025-12-13,2025-12-13T00:18:25Z,2025-12-12 16:21:35
PrizePicks,player_points,Max Christie,Under,8.5,-137,2025-12-13,2025-12-13T00:18:25Z,2025-12-12 16:21:35
PrizePicks,player_points,Michael Porter Jr,Over,23.5,-137,2025-12-13,2025-12-13T00:18:25Z,2025-12-12 16:21:35
PrizePicks,player_points,Michael Porter Jr,Under,23.5,-137,2025-12-13,2025-12-13T00:18:25Z,2025-12-12 16:21:35
PrizePicks,player_points,Anthony Davis,Over,22.5,-137,2025-12-13,2025-12-13T00:18:25Z,2025-12-12 16:21:35
PrizePicks,player_points,Anthony Davis,Under,22.5,-137,2025-12-13,2025-12-13T00:18:25Z,2025-12-12 16:21:35
PrizePicks,player_points,Cooper Flagg,Over,18.0,-137,2025-12-13,2025-12-13T00:18:25Z,2025-12-12 16:21:35
PrizePicks,player_points,Cooper Flagg,Under,18.0,-137,2025-12-13,2025-12-13T00:18:25Z,2025-12-12 16:21:35
PrizePicks,player_points,P.J. Washington,Over,15.5,-137,2025-12-13,2025-12-13T00:18:25Z,2025-12-12 16:21:35
PrizePicks,player_points,P.J. Washington,Under,15.5,-137,2025-12-13,2025-12-13T00:18:25Z,2025-12-12 16:21:35
PrizePicks,player_points,Nicolas Claxton,Over,13.5,-137,2025-12-13,2025-12-13T00:18:25Z,2025-12-12 16:21:35
PrizePicks,player_points,Nicolas Claxton,Under,13.5,-137,2025-12-13,2025-12-13T00:18:25Z,2025-12-12 16:21:35
PrizePicks,player_points,Noah Clowney,Over,13.5,-137,2025-12-13,2025-12-13T00:18:25Z,2025-12-12 16:21:35
PrizePicks,player_points,Noah Clowney,Under,13.5,-137,2025-12-13,2025-12-13T00:18:25Z,2025-12-12 16:21:35
PrizePicks,player_points,Naji Marshall,Over,11.5,-137,2025-12-13,2025-12-13T00:18:25Z,2025-12-12 16:21:35
PrizePicks,player_points,Naji Marshall,Under,11.5,-137,2025-12-13,2025-12-13T00:18:25Z,2025-12-12 16:21:35
PrizePicks,player_points,Klay Thompson,Over,10.5,-137,2025-12-13,2025-12-13T00:18:25Z,2025-12-12 16:21:35
PrizePicks,player_points,Klay Thompson,Under,10.5,-137,2025-12-13,2025-12-13T00:18:25Z,2025-12-12 16:21:35
PrizePicks,player_points,Brandon Williams,Over,10.0,-137,2025-12-13,2025-12-13T00:18:25Z,2025-12-12 16:21:35
PrizePicks,player_points,Brandon Williams,Under,10.0,-137,2025-12-13,2025-12-13T00:18:25Z,2025-12-12 16:21:35
PrizePicks,player_points,Ryan Nembhard,Over,9.5,-137,2025-12-13,2025-12-13T00:18:25Z,2025-12-12 16:21:35
PrizePicks,player_points,Ryan Nembhard,Under,9.5,-137,2025-12-13,2025-12-13T00:18:25Z,2025-12-12 16:21:35
PrizePicks,player_points,Egor Demin,Over,8.5,-137,2025-12-13,2025-12-13T00:18:25Z,2025-12-12 16:21:35
PrizePicks,player_points,Egor Demin,Under,8.5,-137,2025-12-13,2025-12-13T00:18:25Z,2025-12-12 16:21:35
PrizePicks,player_points,Max Christie,Over,8.5,-137,2025-12-13,2025-12-13T00:18:25Z,2025-12-12 16:21:35
PrizePicks,player_points,Max Christie,Under,8.5,-137,2025-12-13,2025-12-13T00:18:25Z,2025-12-12 16:21:35
PrizePicks,player_points,Ziaire Williams,Over,8.0,-137,2025-12-13,2025-12-13T00:18:25Z,2025-12-12 16:21:35
PrizePicks,player_points,Ziaire Williams,Under,8.0,-137,2025-12-13,2025-12-13T00:18:25Z,2025-12-12 16:21:35
PrizePicks,player_points,Danny Wolf,Over,7.5,-137,2025-12-13,2025-12-13T00:18:25Z,2025-12-12 16:21:35
PrizePicks,player_points,Danny Wolf,Under,7.5,-137,2025-12-13,2025-12-13T00:18:25Z,2025-12-12 16:21:35
PrizePicks,player_points,Terance Mann,Over,7.5,-137,2025-12-13,2025-12-13T00:18:25Z,2025-12-12 16:21:35
PrizePicks,player_points,Terance Mann,Under,7.5,-137,2025-12-13,2025-12-13T00:18:25Z,2025-12-12 16:21:35
PrizePicks,player_points,Day'Ron Sharpe,Over,6.5,-137,2025-12-13,2025-12-13T00:18:25Z,2025-12-12 16:21:35
PrizePicks,player_points,Day'Ron Sharpe,Under,6.5,-137,2025-12-13,2025-12-13T00:18:25Z,2025-12-12 16:21:35
PrizePicks,player_points,Day'Ron Sharpe,Over,6.0,-137,2025-12-13,2025-12-13T00:18:25Z,2025-12-12 16:21:35
PrizePicks,player_points,Day'Ron Sharpe,Under,6.0,-137,2025-12-13,2025-12-13T00:18:25Z,2025-12-12 16:21:35
PrizePicks,player_points,Drake Powell,Over,5.5,-137,2025-12-13,2025-12-13T00:18:25Z,2025-12-12 16:21:35
PrizePicks,player_points,Drake Powell,Under,5.5,-137,2025-12-13,2025-12-13T00:18:25Z,2025-12-12 16:21:35
PrizePicks,player_points,Stephen Curry,Over,24.5,-137,2025-12-13,2025-12-13T00:18:12Z,2025-12-12 16:21:35
PrizePicks,player_points,Stephen Curry,Under,24.5,-137,2025-12-13,2025-12-13T00:18:12Z,2025-12-12 16:21:35
PrizePicks,player_points,Julius Randle,Over,23.5,-137,2025-12-13,2025-12-13T00:18:12Z,2025-12-12 16:21:35
PrizePicks,player_points,Julius Randle,Under,23.5,-137,2025-12-13,2025-12-13T00:18:12Z,2025-12-12 16:21:35
PrizePicks,player_points,Jimmy Butler,Over,19.0,-137,2025-12-13,2025-12-13T00:18:12Z,2025-12-12 16:21:35
PrizePicks,player_points,Jimmy Butler,Under,19.0,-137,2025-12-13,2025-12-13T00:18:12Z,2025-12-12 16:21:35
PrizePicks,player_points,Jaden McDaniels,Over,16.5,-137,2025-12-13,2025-12-13T00:18:12Z,2025-12-12 16:21:35
PrizePicks,player_points,Jaden McDaniels,Under,16.5,-137,2025-12-13,2025-12-13T00:18:12Z,2025-12-12 16:21:35
PrizePicks,player_points,Naz Reid,Over,15.5,-137,2025-12-13,2025-12-13T00:18:12Z,2025-12-12 16:21:35
PrizePicks,player_points,Naz Reid,Under,15.5,-137,2025-12-13,2025-12-13T00:18:12Z,2025-12-12 16:21:35
PrizePicks,player_points,Donte DiVincenzo,Over,14.5,-137,2025-12-13,2025-12-13T00:18:12Z,2025-12-12 16:21:35
PrizePicks,player_points,Donte DiVincenzo,Under,14.5,-137,2025-12-13,2025-12-13T00:18:12Z,2025-12-12 16:21:35
PrizePicks,player_points,Rudy Gobert,Over,11.5,-137,2025-12-13,2025-12-13T00:18:12Z,2025-12-12 16:21:35
PrizePicks,player_points,Rudy Gobert,Under,11.5,-137,2025-12-13,2025-12-13T00:18:12Z,2025-12-12 16:21:35
PrizePicks,player_points,Quinten Post,Over,10.5,-137,2025-12-13,2025-12-13T00:18:12Z,2025-12-12 16:21:35
PrizePicks,player_points,Quinten Post,Under,10.5,-137,2025-12-13,2025-12-13T00:18:12Z,2025-12-12 16:21:35
PrizePicks,player_points,Brandin Podziemski,Over,8.5,-137,2025-12-13,2025-12-13T00:18:12Z,2025-12-12 16:21:35
PrizePicks,player_points,Brandin Podziemski,Under,8.5,-137,2025-12-13,2025-12-13T00:18:12Z,2025-12-12 16:21:35
PrizePicks,player_points,Moses Moody,Over,8.5,-137,2025-12-13,2025-12-13T00:18:12Z,2025-12-12 16:21:35
PrizePicks,player_points,Moses Moody,Under,8.5,-137,2025-12-13,2025-12-13T00:18:12Z,2025-12-12 16:21:35
PrizePicks,player_points,De'Anthony Melton,Over,8.0,-137,2025-12-13,2025-12-13T00:18:12Z,2025-12-12 16:21:35
PrizePicks,player_points,De'Anthony Melton,Under,8.0,-137,2025-12-13,2025-12-13T00:18:12Z,2025-12-12 16:21:35
PrizePicks,player_points,Buddy Hield,Over,7.5,-137,2025-12-13,2025-12-13T00:18:12Z,2025-12-12 16:21:35
PrizePicks,player_points,Buddy Hield,Under,7.5,-137,2025-12-13,2025-12-13T00:18:12Z,2025-12-12 16:21:35
PrizePicks,player_points,Terrence Shannon Jr.,Over,7.5,-137,2025-12-13,2025-12-13T00:18:12Z,2025-12-12 16:21:35
PrizePicks,player_points,Terrence Shannon Jr.,Under,7.5,-137,2025-12-13,2025-12-13T00:18:12Z,2025-12-12 16:21:35
PrizePicks,player_points,Jaylen Clark,Over,6.5,-137,2025-12-13,2025-12-13T00:18:12Z,2025-12-12 16:21:35
PrizePicks,player_points,Jaylen Clark,Under,6.5,-137,2025-12-13,2025-12-13T00:18:12Z,2025-12-12 16:21:35
PrizePicks,player_points,Will Richard,Over,6.0,-137,2025-12-13,2025-12-13T00:18:12Z,2025-12-12 16:21:35
PrizePicks,player_points,Will Richard,Under,6.0,-137,2025-12-13,2025-12-13T00:18:12Z,2025-12-12 16:21:35
PrizePicks,player_points,Jalen Brunson,Over,28.5,-137,2025-12-13,2025-12-13T00:18:34Z,2025-12-12 16:21:35
PrizePicks,player_points,Jalen Brunson,Under,28.5,-137,2025-12-13,2025-12-13T00:18:34Z,2025-12-12 16:21:35
PrizePicks,player_points,Paolo Banchero,Over,21.5,-137,2025-12-13,2025-12-13T00:18:34Z,2025-12-12 16:21:35
PrizePicks,player_points,Paolo Banchero,Under,21.5,-137,2025-12-13,2025-12-13T00:18:34Z,2025-12-12 16:21:35
PrizePicks,player_points,Karl-Anthony Towns,Over,21.5,-137,2025-12-13,2025-12-13T00:18:34Z,2025-12-12 16:21:35
PrizePicks,player_points,Karl-Anthony Towns,Under,21.5,-137,2025-12-13,2025-12-13T00:18:34Z,2025-12-12 16:21:35
PrizePicks,player_points,Desmond Bane,Over,20.5,-137,2025-12-13,2025-12-13T00:18:34Z,2025-12-12 16:21:35
PrizePicks,player_points,Desmond Bane,Under,20.5,-137,2025-12-13,2025-12-13T00:18:34Z,2025-12-12 16:21:35
PrizePicks,player_points,Jalen Suggs,Over,17.0,-137,2025-12-13,2025-12-13T00:18:34Z,2025-12-12 16:21:35
PrizePicks,player_points,Jalen Suggs,Under,17.0,-137,2025-12-13,2025-12-13T00:18:34Z,2025-12-12 16:21:35
PrizePicks,player_points,Anthony Black,Over,15.0,-137,2025-12-13,2025-12-13T00:18:34Z,2025-12-12 16:21:35
PrizePicks,player_points,Anthony Black,Under,15.0,-137,2025-12-13,2025-12-13T00:18:34Z,2025-12-12 16:21:35
PrizePicks,player_points,Mikal Bridges,Over,14.5,-137,2025-12-13,2025-12-13T00:18:34Z,2025-12-12 16:21:35
PrizePicks,player_points,Mikal Bridges,Under,14.5,-137,2025-12-13,2025-12-13T00:18:34Z,2025-12-12 16:21:35
PrizePicks,player_points,OG Anunoby,Over,14.5,-137,2025-12-13,2025-12-13T00:18:34Z,2025-12-12 16:21:35
PrizePicks,player_points,OG Anunoby,Under,14.5,-137,2025-12-13,2025-12-13T00:18:34Z,2025-12-12 16:21:35
PrizePicks,player_points,Josh Hart,Over,13.5,-137,2025-12-13,2025-12-13T00:18:34Z,2025-12-12 16:21:35
PrizePicks,player_points,Josh Hart,Under,13.5,-137,2025-12-13,2025-12-13T00:18:34Z,2025-12-12 16:21:35
PrizePicks,player_points,Wendell Carter Jr,Over,10.5,-137,2025-12-13,2025-12-13T00:18:34Z,2025-12-12 16:21:35
PrizePicks,player_points,Wendell Carter Jr,Under,10.5,-137,2025-12-13,2025-12-13T00:18:34Z,2025-12-12 16:21:35
PrizePicks,player_points,Jordan Clarkson,Over,10.5,-137,2025-12-13,2025-12-13T00:18:34Z,2025-12-12 16:21:35
PrizePicks,player_points,Jordan Clarkson,Under,10.5,-137,2025-12-13,2025-12-13T00:18:34Z,2025-12-12 16:21:35
PrizePicks,player_points,Tristan da Silva,Over,8.5,-137,2025-12-13,2025-12-13T00:18:34Z,2025-12-12 16:21:35
PrizePicks,player_points,Tristan da Silva,Under,8.5,-137,2025-12-13,2025-12-13T00:18:34Z,2025-12-12 16:21:35
PrizePicks,player_points,Goga Bitadze,Over,5.5,-137,2025-12-13,2025-12-13T00:18:34Z,2025-12-12 16:21:35
PrizePicks,player_points,Goga Bitadze,Under,5.5,-137,2025-12-13,2025-12-13T00:18:34Z,2025-12-12 16:21:35
PrizePicks,player_points,Shai Gilgeous-Alexander,Over,31.5,-137,2025-12-14,2025-12-13T00:18:09Z,2025-12-12 16:21:35
PrizePicks,player_points,Shai Gilgeous-Alexander,Under,31.5,-137,2025-12-14,2025-12-13T00:18:09Z,2025-12-12 16:21:35
PrizePicks,player_points,De'Aaron Fox,Over,20.5,-137,2025-12-14,2025-12-13T00:18:09Z,2025-12-12 16:21:35
PrizePicks,player_points,De'Aaron Fox,Under,20.5,-137,2025-12-14,2025-12-13T00:18:09Z,2025-12-12 16:21:35
PrizePicks,player_points,Jalen Williams,Over,19.5,-137,2025-12-14,2025-12-13T00:18:09Z,2025-12-12 16:21:35
PrizePicks,player_points,Jalen Williams,Under,19.5,-137,2025-12-14,2025-12-13T00:18:09Z,2025-12-12 16:21:35
PrizePicks,player_points,Victor Wembanyama,Over,18.0,-137,2025-12-14,2025-12-13T00:18:09Z,2025-12-12 16:21:35
PrizePicks,player_points,Victor Wembanyama,Under,18.0,-137,2025-12-14,2025-12-13T00:18:09Z,2025-12-12 16:21:35
PrizePicks,player_points,Victor Wembanyama,Over,17.5,-137,2025-12-14,2025-12-13T00:18:09Z,2025-12-12 16:21:35
PrizePicks,player_points,Victor Wembanyama,Under,17.5,-137,2025-12-14,2025-12-13T00:18:09Z,2025-12-12 16:21:35
PrizePicks,player_points,Chet Holmgren,Over,16.5,-137,2025-12-14,2025-12-13T00:18:09Z,2025-12-12 16:21:35
PrizePicks,player_points,Chet Holmgren,Under,16.5,-137,2025-12-14,2025-12-13T00:18:09Z,2025-12-12 16:21:35
PrizePicks,player_points,Stephon Castle,Over,15.0,-137,2025-12-14,2025-12-13T00:18:09Z,2025-12-12 16:21:35
PrizePicks,player_points,Stephon Castle,Under,15.0,-137,2025-12-14,2025-12-13T00:18:09Z,2025-12-12 16:21:35
PrizePicks,player_points,Devin Vassell,Over,11.5,-137,2025-12-14,2025-12-13T00:18:09Z,2025-12-12 16:21:35
PrizePicks,player_points,Devin Vassell,Under,11.5,-137,2025-12-14,2025-12-13T00:18:09Z,2025-12-12 16:21:35
PrizePicks,player_points,Harrison Barnes,Over,10.5,-137,2025-12-14,2025-12-13T00:18:09Z,2025-12-12 16:21:35
PrizePicks,player_points,Harrison Barnes,Under,10.5,-137,2025-12-14,2025-12-13T00:18:09Z,2025-12-12 16:21:35
PrizePicks,player_points,Dylan Harper,Over,9.5,-137,2025-12-14,2025-12-13T00:18:09Z,2025-12-12 16:21:35
PrizePicks,player_points,Dylan Harper,Under,9.5,-137,2025-12-14,2025-12-13T00:18:09Z,2025-12-12 16:21:35
PrizePicks,player_points,Ajay Mitchell,Over,9.5,-137,2025-12-14,2025-12-13T00:18:09Z,2025-12-12 16:21:35
PrizePicks,player_points,Ajay Mitchell,Under,9.5,-137,2025-12-14,2025-12-13T00:18:09Z,2025-12-12 16:21:35
PrizePicks,player_points,Luguentz Dort,Over,7.5,-137,2025-12-14,2025-12-13T00:18:09Z,2025-12-12 16:21:35
PrizePicks,player_points,Luguentz Dort,Under,7.5,-137,2025-12-14,2025-12-13T00:18:09Z,2025-12-12 16:21:35
PrizePicks,player_points,Cason Wallace,Over,7.5,-137,2025-12-14,2025-12-13T00:18:09Z,2025-12-12 16:21:35
PrizePicks,player_points,Cason Wallace,Under,7.5,-137,2025-12-14,2025-12-13T00:18:09Z,2025-12-12 16:21:35
PrizePicks,player_points,Julian Champagnie,Over,7.5,-137,2025-12-14,2025-12-13T00:18:09Z,2025-12-12 16:21:35
PrizePicks,player_points,Julian Champagnie,Under,7.5,-137,2025-12-14,2025-12-13T00:18:09Z,2025-12-12 16:21:35
Underdog,player_points,Cade Cunningham,Over,26.5,-137,2025-12-13,2025-12-13T00:12:28Z,2025-12-12 16:21:35
Underdog,player_points,Cade Cunningham,Under,26.5,-137,2025-12-13,2025-12-13T00:12:28Z,2025-12-12 16:21:35
Underdog,player_points,Jaden Ivey,Over,7.5,-137,2025-12-13,2025-12-13T00:12:28Z,2025-12-12 16:21:35
Underdog,player_points,Jaden Ivey,Under,7.5,-137,2025-12-13,2025-12-13T00:12:28Z,2025-12-12 16:21:35
Underdog,player_points,Jalen Johnson,Over,24.5,-137,2025-12-13,2025-12-13T00:12:28Z,2025-12-12 16:21:35
Underdog,player_points,Jalen Johnson,Under,24.5,-137,2025-12-13,2025-12-13T00:12:28Z,2025-12-12 16:21:35
Underdog,player_points,Tobias Harris,Over,13.5,-137,2025-12-13,2025-12-13T00:12:28Z,2025-12-12 16:21:35
Underdog,player_points,Tobias Harris,Under,13.5,-137,2025-12-13,2025-12-13T00:12:28Z,2025-12-12 16:21:35
Underdog,player_points,Zaccharie Risacher,Over,9.5,-137,2025-12-13,2025-12-13T00:12:28Z,2025-12-12 16:21:35
Underdog,player_points,Zaccharie Risacher,Under,9.5,-137,2025-12-13,2025-12-13T00:12:28Z,2025-12-12 16:21:35
Underdog,player_points,Onyeka Okongwu,Over,17.5,-137,2025-12-13,2025-12-13T00:12:28Z,2025-12-12 16:21:35
Underdog,player_points,Onyeka Okongwu,Under,17.5,-137,2025-12-13,2025-12-13T00:12:28Z,2025-12-12 16:21:35
Underdog,player_points,Mouhamed Gueye,Over,3.5,-137,2025-12-13,2025-12-13T00:12:28Z,2025-12-12 16:21:35
Underdog,player_points,Mouhamed Gueye,Under,3.5,-137,2025-12-13,2025-12-13T00:12:28Z,2025-12-12 16:21:35
Underdog,player_points,Miles Bridges,Over,22.5,-137,2025-12-13,2025-12-13T00:12:07Z,2025-12-12 16:21:35
Underdog,player_points,Miles Bridges,Under,22.5,-137,2025-12-13,2025-12-13T00:12:07Z,2025-12-12 16:21:35
Underdog,player_points,Josh Giddey,Over,20.5,-137,2025-12-13,2025-12-13T00:12:07Z,2025-12-12 16:21:35
Underdog,player_points,Josh Giddey,Under,20.5,-137,2025-12-13,2025-12-13T00:12:07Z,2025-12-12 16:21:35
Underdog,player_points,Matas Buzelis,Over,13.5,-137,2025-12-13,2025-12-13T00:12:07Z,2025-12-12 16:21:35
Underdog,player_points,Matas Buzelis,Under,13.5,-137,2025-12-13,2025-12-13T00:12:07Z,2025-12-12 16:21:35
Underdog,player_points,Isaac Okoro,Over,6.5,-137,2025-12-13,2025-12-13T00:12:07Z,2025-12-12 16:21:35
Underdog,player_points,Isaac Okoro,Under,6.5,-137,2025-12-13,2025-12-13T00:12:07Z,2025-12-12 16:21:35
Underdog,player_points,Kon Knueppel,Over,18.5,-137,2025-12-13,2025-12-13T00:12:07Z,2025-12-12 16:21:35
Underdog,player_points,Kon Knueppel,Under,18.5,-137,2025-12-13,2025-12-13T00:12:07Z,2025-12-12 16:21:35
Underdog,player_points,Ryan Kalkbrenner,Over,8.5,-137,2025-12-13,2025-12-13T00:12:07Z,2025-12-12 16:21:35
Underdog,player_points,Ryan Kalkbrenner,Under,8.5,-137,2025-12-13,2025-12-13T00:12:07Z,2025-12-12 16:21:35
Underdog,player_points,C.J. McCollum,Over,20.5,-137,2025-12-13,2025-12-13T00:12:15Z,2025-12-12 16:21:35
Underdog,player_points,C.J. McCollum,Under,20.5,-137,2025-12-13,2025-12-13T00:12:15Z,2025-12-12 16:21:35
Underdog,player_points,De'Andre Hunter,Over,15.5,-137,2025-12-13,2025-12-13T00:12:15Z,2025-12-12 16:21:35
Underdog,player_points,De'Andre Hunter,Under,15.5,-137,2025-12-13,2025-12-13T00:12:15Z,2025-12-12 16:21:35
Underdog,player_points,Carlton Carrington,Over,9.5,-137,2025-12-13,2025-12-13T00:12:15Z,2025-12-12 16:21:35
Underdog,player_points,Carlton Carrington,Under,9.5,-137,2025-12-13,2025-12-13T00:12:15Z,2025-12-12 16:21:35
Underdog,player_points,Jaylon Tyson,Over,13.5,-137,2025-12-13,2025-12-13T00:12:15Z,2025-12-12 16:21:35
Underdog,player_points,Jaylon Tyson,Under,13.5,-137,2025-12-13,2025-12-13T00:12:15Z,2025-12-12 16:21:35
Underdog,player_points,Justin Champagnie,Over,9.5,-137,2025-12-13,2025-12-13T00:12:15Z,2025-12-12 16:21:35
Underdog,player_points,Justin Champagnie,Under,9.5,-137,2025-12-13,2025-12-13T00:12:15Z,2025-12-12 16:21:35
Underdog,player_points,Kyshawn George,Over,15.5,-137,2025-12-13,2025-12-13T00:12:15Z,2025-12-12 16:21:35
Underdog,player_points,Kyshawn George,Under,15.5,-137,2025-12-13,2025-12-13T00:12:15Z,2025-12-12 16:21:35
Underdog,player_points,Marvin Bagley III,Over,11.5,-137,2025-12-13,2025-12-13T00:12:15Z,2025-12-12 16:21:35
Underdog,player_points,Marvin Bagley III,Under,11.5,-137,2025-12-13,2025-12-13T00:12:15Z,2025-12-12 16:21:35
Underdog,player_points,Tristan Vukcevic,Over,11.5,-137,2025-12-13,2025-12-13T00:12:15Z,2025-12-12 16:21:35
Underdog,player_points,Tristan Vukcevic,Under,11.5,-137,2025-12-13,2025-12-13T00:12:15Z,2025-12-12 16:21:35
Underdog,player_points,Paul George,Over,17.5,-137,2025-12-13,2025-12-13T00:11:42Z,2025-12-12 16:21:35
Underdog,player_points,Paul George,Under,17.5,-137,2025-12-13,2025-12-13T00:11:42Z,2025-12-12 16:21:35
Underdog,player_points,VJ Edgecombe,Over,14.5,-137,2025-12-13,2025-12-13T00:11:42Z,2025-12-12 16:21:35
Underdog,player_points,VJ Edgecombe,Under,14.5,-137,2025-12-13,2025-12-13T00:11:42Z,2025-12-12 16:21:35
Underdog,player_points,Bennedict Mathurin,Over,20.5,-137,2025-12-13,2025-12-13T00:11:42Z,2025-12-12 16:21:35
Underdog,player_points,Bennedict Mathurin,Under,20.5,-137,2025-12-13,2025-12-13T00:11:42Z,2025-12-12 16:21:35
Underdog,player_points,Andre Drummond,Over,5.5,-137,2025-12-13,2025-12-13T00:11:42Z,2025-12-12 16:21:35
Underdog,player_points,Andre Drummond,Under,5.5,-137,2025-12-13,2025-12-13T00:11:42Z,2025-12-12 16:21:35
Underdog,player_points,T.J. McConnell,Over,8.5,-137,2025-12-13,2025-12-13T00:11:42Z,2025-12-12 16:21:35
Underdog,player_points,T.J. McConnell,Under,8.5,-137,2025-12-13,2025-12-13T00:11:42Z,2025-12-12 16:21:35
Underdog,player_points,Ethan Thompson,Over,6.5,-137,2025-12-13,2025-12-13T00:11:42Z,2025-12-12 16:21:35
Underdog,player_points,Ethan Thompson,Under,6.5,-137,2025-12-13,2025-12-13T00:11:42Z,2025-12-12 16:21:35
Underdog,player_points,Jarace Walker,Over,6.5,-137,2025-12-13,2025-12-13T00:11:42Z,2025-12-12 16:21:35
Underdog,player_points,Jarace Walker,Under,6.5,-137,2025-12-13,2025-12-13T00:11:42Z,2025-12-12 16:21:35
Underdog,player_points,Dominick Barlow,Over,7.5,-137,2025-12-13,2025-12-13T00:11:42Z,2025-12-12 16:21:35
Underdog,player_points,Dominick Barlow,Under,7.5,-137,2025-12-13,2025-12-13T00:11:42Z,2025-12-12 16:21:35
Underdog,player_points,Keyonte George,Over,21.5,-137,2025-12-13,2025-12-13T00:21:14Z,2025-12-12 16:21:35
Underdog,player_points,Keyonte George,Under,21.5,-137,2025-12-13,2025-12-13T00:21:14Z,2025-12-12 16:21:35
Underdog,player_points,Ja Morant,Over,19.5,-137,2025-12-13,2025-12-13T00:21:14Z,2025-12-12 16:21:35
Underdog,player_points,Ja Morant,Under,19.5,-137,2025-12-13,2025-12-13T00:21:14Z,2025-12-12 16:21:35
Underdog,player_points,Lauri Markkanen,Over,25.5,-137,2025-12-13,2025-12-13T00:21:14Z,2025-12-12 16:21:35
Underdog,player_points,Lauri Markkanen,Under,25.5,-137,2025-12-13,2025-12-13T00:21:14Z,2025-12-12 16:21:35
Underdog,player_points,Jaren Jackson Jr,Over,19.5,-137,2025-12-13,2025-12-13T00:21:14Z,2025-12-12 16:21:35
Underdog,player_points,Jaren Jackson Jr,Under,19.5,-137,2025-12-13,2025-12-13T00:21:14Z,2025-12-12 16:21:35
Underdog,player_points,Kentavious Caldwell-Pope,Over,7.5,-137,2025-12-13,2025-12-13T00:21:14Z,2025-12-12 16:21:35
Underdog,player_points,Kentavious Caldwell-Pope,Under,7.5,-137,2025-12-13,2025-12-13T00:21:14Z,2025-12-12 16:21:35
Underdog,player_points,Vincent Williams Jr,Over,7.5,-137,2025-12-13,2025-12-13T00:21:14Z,2025-12-12 16:21:35
Underdog,player_points,Vincent Williams Jr,Under,7.5,-137,2025-12-13,2025-12-13T00:21:14Z,2025-12-12 16:21:35
Underdog,player_points,Santi Aldama,Over,13.5,-137,2025-12-13,2025-12-13T00:21:14Z,2025-12-12 16:21:35
Underdog,player_points,Santi Aldama,Under,13.5,-137,2025-12-13,2025-12-13T00:21:14Z,2025-12-12 16:21:35
Underdog,player_points,Jock Landale,Over,11.5,-137,2025-12-13,2025-12-13T00:21:14Z,2025-12-12 16:21:35
Underdog,player_points,Jock Landale,Under,11.5,-137,2025-12-13,2025-12-13T00:21:14Z,2025-12-12 16:21:35
Underdog,player_points,Cedric Coward,Over,14.5,-137,2025-12-13,2025-12-13T00:21:14Z,2025-12-12 16:21:35
Underdog,player_points,Cedric Coward,Under,14.5,-137,2025-12-13,2025-12-13T00:21:14Z,2025-12-12 16:21:35
Underdog,player_points,Jaylen Wells,Over,12.5,-137,2025-12-13,2025-12-13T00:21:14Z,2025-12-12 16:21:35
Underdog,player_points,Jaylen Wells,Under,12.5,-137,2025-12-13,2025-12-13T00:21:14Z,2025-12-12 16:21:35
Underdog,player_points,Cam Spencer,Over,10.5,-137,2025-12-13,2025-12-13T00:21:14Z,2025-12-12 16:21:35
Underdog,player_points,Cam Spencer,Under,10.5,-137,2025-12-13,2025-12-13T00:21:14Z,2025-12-12 16:21:35
Underdog,player_points,Kyle Filipowski,Over,10.5,-137,2025-12-13,2025-12-13T00:21:14Z,2025-12-12 16:21:35
Underdog,player_points,Kyle Filipowski,Under,10.5,-137,2025-12-13,2025-12-13T00:21:14Z,2025-12-12 16:21:35
Underdog,player_points,Svi Mykhailiuk,Over,7.5,-137,2025-12-13,2025-12-13T00:21:14Z,2025-12-12 16:21:35
Underdog,player_points,Svi Mykhailiuk,Under,7.5,-137,2025-12-13,2025-12-13T00:21:14Z,2025-12-12 16:21:35
Underdog,player_points,Anthony Davis,Over,22.5,-137,2025-12-13,2025-12-13T00:21:29Z,2025-12-12 16:21:35
Underdog,player_points,Anthony Davis,Under,22.5,-137,2025-12-13,2025-12-13T00:21:29Z,2025-12-12 16:21:35
Underdog,player_points,Nicolas Claxton,Over,13.5,-137,2025-12-13,2025-12-13T00:21:29Z,2025-12-12 16:21:35
Underdog,player_points,Nicolas Claxton,Under,13.5,-137,2025-12-13,2025-12-13T00:21:29Z,2025-12-12 16:21:35
Underdog,player_points,P.J. Washington,Over,15.5,-137,2025-12-13,2025-12-13T00:21:29Z,2025-12-12 16:21:35
Underdog,player_points,P.J. Washington,Under,15.5,-137,2025-12-13,2025-12-13T00:21:29Z,2025-12-12 16:21:35
Underdog,player_points,Terance Mann,Over,7.5,-137,2025-12-13,2025-12-13T00:21:29Z,2025-12-12 16:21:35
Underdog,player_points,Terance Mann,Under,7.5,-137,2025-12-13,2025-12-13T00:21:29Z,2025-12-12 16:21:35
Underdog,player_points,Dwight Powell,Over,3.5,-137,2025-12-13,2025-12-13T00:21:29Z,2025-12-12 16:21:35
Underdog,player_points,Dwight Powell,Under,3.5,-137,2025-12-13,2025-12-13T00:21:29Z,2025-12-12 16:21:35
Underdog,player_points,Egor Demin,Over,8.5,-137,2025-12-13,2025-12-13T00:21:29Z,2025-12-12 16:21:35
Underdog,player_points,Egor Demin,Under,8.5,-137,2025-12-13,2025-12-13T00:21:29Z,2025-12-12 16:21:35
Underdog,player_points,Danny Wolf,Over,7.5,-137,2025-12-13,2025-12-13T00:21:29Z,2025-12-12 16:21:35
Underdog,player_points,Danny Wolf,Under,7.5,-137,2025-12-13,2025-12-13T00:21:29Z,2025-12-12 16:21:35
Underdog,player_points,Stephen Curry,Over,24.5,-137,2025-12-13,2025-12-13T00:21:01Z,2025-12-12 16:21:35
Underdog,player_points,Stephen Curry,Under,24.5,-137,2025-12-13,2025-12-13T00:21:01Z,2025-12-12 16:21:35
Underdog,player_points,Julius Randle,Over,24.5,-137,2025-12-13,2025-12-13T00:21:01Z,2025-12-12 16:21:35
Underdog,player_points,Julius Randle,Under,24.5,-137,2025-12-13,2025-12-13T00:21:01Z,2025-12-12 16:21:35
Underdog,player_points,Rudy Gobert,Over,11.5,-137,2025-12-13,2025-12-13T00:21:01Z,2025-12-12 16:21:35
Underdog,player_points,Rudy Gobert,Under,11.5,-137,2025-12-13,2025-12-13T00:21:01Z,2025-12-12 16:21:35
Underdog,player_points,Donte DiVincenzo,Over,14.5,-137,2025-12-13,2025-12-13T00:21:01Z,2025-12-12 16:21:35
Underdog,player_points,Donte DiVincenzo,Under,14.5,-137,2025-12-13,2025-12-13T00:21:01Z,2025-12-12 16:21:35
Underdog,player_points,Jaden McDaniels,Over,16.5,-137,2025-12-13,2025-12-13T00:21:01Z,2025-12-12 16:21:35
Underdog,player_points,Jaden McDaniels,Under,16.5,-137,2025-12-13,2025-12-13T00:21:01Z,2025-12-12 16:21:35
Underdog,player_points,Buddy Hield,Over,7.5,-137,2025-12-13,2025-12-13T00:21:01Z,2025-12-12 16:21:35
Underdog,player_points,Buddy Hield,Under,7.5,-137,2025-12-13,2025-12-13T00:21:01Z,2025-12-12 16:21:35
Underdog,player_points,Naz Reid,Over,15.5,-137,2025-12-13,2025-12-13T00:21:01Z,2025-12-12 16:21:35
Underdog,player_points,Naz Reid,Under,15.5,-137,2025-12-13,2025-12-13T00:21:01Z,2025-12-12 16:21:35
Underdog,player_points,Moses Moody,Over,8.5,-137,2025-12-13,2025-12-13T00:21:01Z,2025-12-12 16:21:35
Underdog,player_points,Moses Moody,Under,8.5,-137,2025-12-13,2025-12-13T00:21:01Z,2025-12-12 16:21:35
Underdog,player_points,Will Richard,Over,6.5,-137,2025-12-13,2025-12-13T00:21:01Z,2025-12-12 16:21:35
Underdog,player_points,Will Richard,Under,6.5,-137,2025-12-13,2025-12-13T00:21:01Z,2025-12-12 16:21:35
Underdog,player_points,Jalen Brunson,Over,28.5,-137,2025-12-13,2025-12-13T00:21:50Z,2025-12-12 16:21:35
Underdog,player_points,Jalen Brunson,Under,28.5,-137,2025-12-13,2025-12-13T00:21:50Z,2025-12-12 16:21:35
Underdog,player_points,Karl-Anthony Towns,Over,21.5,-137,2025-12-13,2025-12-13T00:21:50Z,2025-12-12 16:21:35
Underdog,player_points,Karl-Anthony Towns,Under,21.5,-137,2025-12-13,2025-12-13T00:21:50Z,2025-12-12 16:21:35
Underdog,player_points,Desmond Bane,Over,20.5,-137,2025-12-13,2025-12-13T00:21:50Z,2025-12-12 16:21:35
Underdog,player_points,Desmond Bane,Under,20.5,-137,2025-12-13,2025-12-13T00:21:50Z,2025-12-12 16:21:35
Underdog,player_points,OG Anunoby,Over,14.5,-137,2025-12-13,2025-12-13T00:21:50Z,2025-12-12 16:21:35
Underdog,player_points,OG Anunoby,Under,14.5,-137,2025-12-13,2025-12-13T00:21:50Z,2025-12-12 16:21:35
Underdog,player_points,Jordan Clarkson,Over,10.5,-137,2025-12-13,2025-12-13T00:21:50Z,2025-12-12 16:21:35
Underdog,player_points,Jordan Clarkson,Under,10.5,-137,2025-12-13,2025-12-13T00:21:50Z,2025-12-12 16:21:35
Underdog,player_points,Jalen Suggs,Over,17.5,-137,2025-12-13,2025-12-13T00:21:50Z,2025-12-12 16:21:35
Underdog,player_points,Jalen Suggs,Under,17.5,-137,2025-12-13,2025-12-13T00:21:50Z,2025-12-12 16:21:35
Underdog,player_points,Mikal Bridges,Over,14.5,-137,2025-12-13,2025-12-13T00:21:50Z,2025-12-12 16:21:35
Underdog,player_points,Mikal Bridges,Under,14.5,-137,2025-12-13,2025-12-13T00:21:50Z,2025-12-12 16:21:35
Underdog,player_points,Wendell Carter Jr,Over,10.5,-137,2025-12-13,2025-12-13T00:21:50Z,2025-12-12 16:21:35
Underdog,player_points,Wendell Carter Jr,Under,10.5,-137,2025-12-13,2025-12-13T00:21:50Z,2025-12-12 16:21:35
Underdog,player_points,Goga Bitadze,Over,5.5,-137,2025-12-13,2025-12-13T00:21:50Z,2025-12-12 16:21:35
Underdog,player_points,Goga Bitadze,Under,5.5,-137,2025-12-13,2025-12-13T00:21:50Z,2025-12-12 16:21:35
Underdog,player_points,Shai Gilgeous-Alexander,Over,31.5,-137,2025-12-14,2025-12-13T00:21:24Z,2025-12-12 16:21:35
Underdog,player_points,Shai Gilgeous-Alexander,Under,31.5,-137,2025-12-14,2025-12-13T00:21:24Z,2025-12-12 16:21:35
Underdog,player_points,De'Aaron Fox,Over,20.5,-137,2025-12-14,2025-12-13T00:21:24Z,2025-12-12 16:21:35
Underdog,player_points,De'Aaron Fox,Under,20.5,-137,2025-12-14,2025-12-13T00:21:24Z,2025-12-12 16:21:35
Underdog,player_points,Jalen Williams,Over,19.5,-137,2025-12-14,2025-12-13T00:21:24Z,2025-12-12 16:21:35
Underdog,player_points,Jalen Williams,Under,19.5,-137,2025-12-14,2025-12-13T00:21:24Z,2025-12-12 16:21:35
Underdog,player_points,Harrison Barnes,Over,10.5,-137,2025-12-14,2025-12-13T00:21:24Z,2025-12-12 16:21:35
Underdog,player_points,Harrison Barnes,Under,10.5,-137,2025-12-14,2025-12-13T00:21:24Z,2025-12-12 16:21:35
Underdog,player_points,Devin Vassell,Over,11.5,-137,2025-12-14,2025-12-13T00:21:24Z,2025-12-12 16:21:35
Underdog,player_points,Devin Vassell,Under,11.5,-137,2025-12-14,2025-12-13T00:21:24Z,2025-12-12 16:21:35
Underdog,player_points,Keldon Johnson,Over,9.5,-137,2025-12-14,2025-12-13T00:21:24Z,2025-12-12 16:21:35
Underdog,player_points,Keldon Johnson,Under,9.5,-137,2025-12-14,2025-12-13T00:21:24Z,2025-12-12 16:21:35
Underdog,player_points,Stephon Castle,Over,14.5,-137,2025-12-14,2025-12-13T00:21:24Z,2025-12-12 16:21:35
Underdog,player_points,Stephon Castle,Under,14.5,-137,2025-12-14,2025-12-13T00:21:24Z,2025-12-12 16:21:35
Underdog,player_points,Cason Wallace,Over,7.5,-137,2025-12-14,2025-12-13T00:21:24Z,2025-12-12 16:21:35
Underdog,player_points,Cason Wallace,Under,7.5,-137,2025-12-14,2025-12-13T00:21:24Z,2025-12-12 16:21:35
Underdog,player_points,Ajay Mitchell,Over,9.5,-137,2025-12-14,2025-12-13T00:21:24Z,2025-12-12 16:21:35
Underdog,player_points,Ajay Mitchell,Under,9.5,-137,2025-12-14,2025-12-13T00:21:24Z,2025-12-12 16:21:35
Betr DFS,player_points,Onyeka Okongwu,Over,14.5,-137,2025-12-13,2025-12-13T00:21:10Z,2025-12-12 16:21:35
Betr DFS,player_points,Onyeka Okongwu,Under,14.5,-137,2025-12-13,2025-12-13T00:21:10Z,2025-12-12 16:21:35
Betr DFS,player_points,Jalen Johnson,Over,20.5,-137,2025-12-13,2025-12-13T00:21:10Z,2025-12-12 16:21:35
Betr DFS,player_points,Jalen Johnson,Under,20.5,-137,2025-12-13,2025-12-13T00:21:10Z,2025-12-12 16:21:35
Betr DFS,player_points,Nickeil Alexander-Walker,Over,25.5,-137,2025-12-13,2025-12-13T00:21:10Z,2025-12-12 16:21:35
Betr DFS,player_points,Nickeil Alexander-Walker,Under,25.5,-137,2025-12-13,2025-12-13T00:21:10Z,2025-12-12 16:21:35
Betr DFS,player_points,Luke Kennard,Over,6.5,-137,2025-12-13,2025-12-13T00:21:10Z,2025-12-12 16:21:35
Betr DFS,player_points,Luke Kennard,Under,6.5,-137,2025-12-13,2025-12-13T00:21:10Z,2025-12-12 16:21:35
Betr DFS,player_points,Dyson Daniels,Over,12.5,-137,2025-12-13,2025-12-13T00:21:10Z,2025-12-12 16:21:35
Betr DFS,player_points,Dyson Daniels,Under,12.5,-137,2025-12-13,2025-12-13T00:21:10Z,2025-12-12 16:21:35
Betr DFS,player_points,Duncan Robinson,Over,12.5,-137,2025-12-13,2025-12-13T00:21:10Z,2025-12-12 16:21:35
Betr DFS,player_points,Caris LeVert,Over,8.5,-137,2025-12-13,2025-12-13T00:21:10Z,2025-12-12 16:21:35
Betr DFS,player_points,Caris LeVert,Under,8.5,-137,2025-12-13,2025-12-13T00:21:10Z,2025-12-12 16:21:35
Betr DFS,player_points,Cade Cunningham,Over,27.5,-137,2025-12-13,2025-12-13T00:21:10Z,2025-12-12 16:21:35
Betr DFS,player_points,Cade Cunningham,Under,27.5,-137,2025-12-13,2025-12-13T00:21:10Z,2025-12-12 16:21:35
Betr DFS,player_points,Jaden Ivey,Over,7.5,-137,2025-12-13,2025-12-13T00:21:10Z,2025-12-12 16:21:35
Betr DFS,player_points,Jaden Ivey,Under,7.5,-137,2025-12-13,2025-12-13T00:21:10Z,2025-12-12 16:21:35
Betr DFS,player_points,Jalen Duren,Over,17.5,-137,2025-12-13,2025-12-13T00:21:10Z,2025-12-12 16:21:35
Betr DFS,player_points,Jalen Duren,Under,17.5,-137,2025-12-13,2025-12-13T00:21:10Z,2025-12-12 16:21:35
Betr DFS,player_points,Ausar Thompson,Over,10.5,-137,2025-12-13,2025-12-13T00:21:10Z,2025-12-12 16:21:35
Betr DFS,player_points,Ausar Thompson,Under,10.5,-137,2025-12-13,2025-12-13T00:21:10Z,2025-12-12 16:21:35
Betr DFS,player_points,Ron Holland,Over,6.5,-137,2025-12-13,2025-12-13T00:21:10Z,2025-12-12 16:21:35
Betr DFS,player_points,Ron Holland,Under,6.5,-137,2025-12-13,2025-12-13T00:21:10Z,2025-12-12 16:21:35
Betr DFS,player_points,Coby White,Over,21.5,-137,2025-12-13,2025-12-13T00:21:01Z,2025-12-12 16:21:35
Betr DFS,player_points,Coby White,Under,21.5,-137,2025-12-13,2025-12-13T00:21:01Z,2025-12-12 16:21:35
Betr DFS,player_points,Josh Giddey,Over,19.5,-137,2025-12-13,2025-12-13T00:21:01Z,2025-12-12 16:21:35
Betr DFS,player_points,Tre Jones,Over,10.5,-137,2025-12-13,2025-12-13T00:21:01Z,2025-12-12 16:21:35
Betr DFS,player_points,Tre Jones,Under,10.5,-137,2025-12-13,2025-12-13T00:21:01Z,2025-12-12 16:21:35
Betr DFS,player_points,Matas Buzelis,Over,13.5,-137,2025-12-13,2025-12-13T00:21:01Z,2025-12-12 16:21:35
Betr DFS,player_points,Matas Buzelis,Under,13.5,-137,2025-12-13,2025-12-13T00:21:01Z,2025-12-12 16:21:35
Betr DFS,player_points,Brandon Miller,Over,18.5,-137,2025-12-13,2025-12-13T00:21:01Z,2025-12-12 16:21:35
Betr DFS,player_points,Brandon Miller,Under,18.5,-137,2025-12-13,2025-12-13T00:21:01Z,2025-12-12 16:21:35
Betr DFS,player_points,Miles Bridges,Over,21.5,-137,2025-12-13,2025-12-13T00:21:01Z,2025-12-12 16:21:35
Betr DFS,player_points,Miles Bridges,Under,21.5,-137,2025-12-13,2025-12-13T00:21:01Z,2025-12-12 16:21:35
Betr DFS,player_points,Kon Knueppel,Over,23.5,-137,2025-12-13,2025-12-13T00:21:01Z,2025-12-12 16:21:35
Betr DFS,player_points,Kon Knueppel,Under,23.5,-137,2025-12-13,2025-12-13T00:21:01Z,2025-12-12 16:21:35
Betr DFS,player_points,Sion James,Over,6.5,-137,2025-12-13,2025-12-13T00:21:01Z,2025-12-12 16:21:35
Betr DFS,player_points,Sion James,Under,6.5,-137,2025-12-13,2025-12-13T00:21:01Z,2025-12-12 16:21:35
Betr DFS,player_points,De'Andre Hunter,Over,16.5,-137,2025-12-13,2025-12-13T00:20:59Z,2025-12-12 16:21:35
Betr DFS,player_points,De'Andre Hunter,Under,16.5,-137,2025-12-13,2025-12-13T00:20:59Z,2025-12-12 16:21:35
Betr DFS,player_points,Lonzo Ball,Over,6.5,-137,2025-12-13,2025-12-13T00:20:59Z,2025-12-12 16:21:35
Betr DFS,player_points,Donovan Mitchell,Over,27.5,-137,2025-12-13,2025-12-13T00:20:59Z,2025-12-12 16:21:35
Betr DFS,player_points,Donovan Mitchell,Under,27.5,-137,2025-12-13,2025-12-13T00:20:59Z,2025-12-12 16:21:35
Betr DFS,player_points,Darius Garland,Over,14.5,-137,2025-12-13,2025-12-13T00:20:59Z,2025-12-12 16:21:35
Betr DFS,player_points,Darius Garland,Under,14.5,-137,2025-12-13,2025-12-13T00:20:59Z,2025-12-12 16:21:35
Betr DFS,player_points,Evan Mobley,Over,25.5,-137,2025-12-13,2025-12-13T00:20:59Z,2025-12-12 16:21:35
Betr DFS,player_points,Evan Mobley,Under,25.5,-137,2025-12-13,2025-12-13T00:20:59Z,2025-12-12 16:21:35
Betr DFS,player_points,C.J. McCollum,Over,22.5,-137,2025-12-13,2025-12-13T00:20:59Z,2025-12-12 16:21:35
Betr DFS,player_points,C.J. McCollum,Under,22.5,-137,2025-12-13,2025-12-13T00:20:59Z,2025-12-12 16:21:35
Betr DFS,player_points,Kyshawn George,Over,14.5,-137,2025-12-13,2025-12-13T00:20:59Z,2025-12-12 16:21:35
Betr DFS,player_points,Kyshawn George,Under,14.5,-137,2025-12-13,2025-12-13T00:20:59Z,2025-12-12 16:21:35
Betr DFS,player_points,Carlton Carrington,Over,12.5,-137,2025-12-13,2025-12-13T00:20:59Z,2025-12-12 16:21:35
Betr DFS,player_points,Carlton Carrington,Under,12.5,-137,2025-12-13,2025-12-13T00:20:59Z,2025-12-12 16:21:35
Betr DFS,player_points,Pascal Siakam,Over,20.5,-137,2025-12-13,2025-12-13T00:21:02Z,2025-12-12 16:21:35
Betr DFS,player_points,Pascal Siakam,Under,20.5,-137,2025-12-13,2025-12-13T00:21:02Z,2025-12-12 16:21:35
Betr DFS,player_points,T.J. McConnell,Over,8.5,-137,2025-12-13,2025-12-13T00:21:02Z,2025-12-12 16:21:35
Betr DFS,player_points,T.J. McConnell,Under,8.5,-137,2025-12-13,2025-12-13T00:21:02Z,2025-12-12 16:21:35
Betr DFS,player_points,Isaiah Jackson,Over,6.5,-137,2025-12-13,2025-12-13T00:21:02Z,2025-12-12 16:21:35
Betr DFS,player_points,Isaiah Jackson,Under,6.5,-137,2025-12-13,2025-12-13T00:21:02Z,2025-12-12 16:21:35
Betr DFS,player_points,Bennedict Mathurin,Over,17.5,-137,2025-12-13,2025-12-13T00:21:02Z,2025-12-12 16:21:35
Betr DFS,player_points,Bennedict Mathurin,Under,17.5,-137,2025-12-13,2025-12-13T00:21:02Z,2025-12-12 16:21:35
Betr DFS,player_points,Andrew Nembhard,Over,15.5,-137,2025-12-13,2025-12-13T00:21:02Z,2025-12-12 16:21:35
Betr DFS,player_points,Andrew Nembhard,Under,15.5,-137,2025-12-13,2025-12-13T00:21:02Z,2025-12-12 16:21:35
Betr DFS,player_points,Quentin Grimes,Over,15.5,-137,2025-12-13,2025-12-13T00:21:02Z,2025-12-12 16:21:35
Betr DFS,player_points,Quentin Grimes,Under,15.5,-137,2025-12-13,2025-12-13T00:21:02Z,2025-12-12 16:21:35
Betr DFS,player_points,Joel Embiid,Over,19.5,-137,2025-12-13,2025-12-13T00:21:02Z,2025-12-12 16:21:35
Betr DFS,player_points,Joel Embiid,Under,19.5,-137,2025-12-13,2025-12-13T00:21:02Z,2025-12-12 16:21:35
Betr DFS,player_points,Paul George,Over,19.5,-137,2025-12-13,2025-12-13T00:21:02Z,2025-12-12 16:21:35
Betr DFS,player_points,Paul George,Under,19.5,-137,2025-12-13,2025-12-13T00:21:02Z,2025-12-12 16:21:35
Betr DFS,player_points,Jared McCain,Over,12.5,-137,2025-12-13,2025-12-13T00:21:02Z,2025-12-12 16:21:35
Betr DFS,player_points,Jared McCain,Under,12.5,-137,2025-12-13,2025-12-13T00:21:02Z,2025-12-12 16:21:35
Betr DFS,player_points,VJ Edgecombe,Over,20.5,-137,2025-12-13,2025-12-13T00:21:02Z,2025-12-12 16:21:35
Betr DFS,player_points,VJ Edgecombe,Under,20.5,-137,2025-12-13,2025-12-13T00:21:02Z,2025-12-12 16:21:35
Betr DFS,player_points,Svi Mykhailiuk,Over,7.5,-137,2025-12-13,2025-12-13T00:21:11Z,2025-12-12 16:21:35
Betr DFS,player_points,Svi Mykhailiuk,Under,7.5,-137,2025-12-13,2025-12-13T00:21:11Z,2025-12-12 16:21:35
Betr DFS,player_points,Lauri Markkanen,Over,25.5,-137,2025-12-13,2025-12-13T00:21:11Z,2025-12-12 16:21:35
Betr DFS,player_points,Lauri Markkanen,Under,25.5,-137,2025-12-13,2025-12-13T00:21:11Z,2025-12-12 16:21:35
Betr DFS,player_points,Jusuf Nurkic,Over,9.5,-137,2025-12-13,2025-12-13T00:21:11Z,2025-12-12 16:21:35
Betr DFS,player_points,Jusuf Nurkic,Under,9.5,-137,2025-12-13,2025-12-13T00:21:11Z,2025-12-12 16:21:35
Betr DFS,player_points,Keyonte George,Over,21.5,-137,2025-12-13,2025-12-13T00:21:11Z,2025-12-12 16:21:35
Betr DFS,player_points,Keyonte George,Under,21.5,-137,2025-12-13,2025-12-13T00:21:11Z,2025-12-12 16:21:35
Betr DFS,player_points,Kyle Filipowski,Over,10.5,-137,2025-12-13,2025-12-13T00:21:11Z,2025-12-12 16:21:35
Betr DFS,player_points,Kyle Filipowski,Under,10.5,-137,2025-12-13,2025-12-13T00:21:11Z,2025-12-12 16:21:35
Betr DFS,player_points,Ace Bailey,Over,12.5,-137,2025-12-13,2025-12-13T00:21:11Z,2025-12-12 16:21:35
Betr DFS,player_points,Ace Bailey,Under,12.5,-137,2025-12-13,2025-12-13T00:21:11Z,2025-12-12 16:21:35
Betr DFS,player_points,Jaren Jackson Jr,Over,19.5,-137,2025-12-13,2025-12-13T00:21:11Z,2025-12-12 16:21:35
Betr DFS,player_points,Jaren Jackson Jr,Under,19.5,-137,2025-12-13,2025-12-13T00:21:11Z,2025-12-12 16:21:35
Betr DFS,player_points,Ja Morant,Over,19.5,-137,2025-12-13,2025-12-13T00:21:11Z,2025-12-12 16:21:35
Betr DFS,player_points,Ja Morant,Under,19.5,-137,2025-12-13,2025-12-13T00:21:11Z,2025-12-12 16:21:35
Betr DFS,player_points,Santi Aldama,Over,13.5,-137,2025-12-13,2025-12-13T00:21:11Z,2025-12-12 16:21:35
Betr DFS,player_points,Santi Aldama,Under,13.5,-137,2025-12-13,2025-12-13T00:21:11Z,2025-12-12 16:21:35
Betr DFS,player_points,Vincent Williams Jr,Over,7.5,-137,2025-12-13,2025-12-13T00:21:11Z,2025-12-12 16:21:35
Betr DFS,player_points,Vincent Williams Jr,Under,7.5,-137,2025-12-13,2025-12-13T00:21:11Z,2025-12-12 16:21:35
Betr DFS,player_points,Jock Landale,Over,11.5,-137,2025-12-13,2025-12-13T00:21:11Z,2025-12-12 16:21:35
Betr DFS,player_points,Jock Landale,Under,11.5,-137,2025-12-13,2025-12-13T00:21:11Z,2025-12-12 16:21:35
Betr DFS,player_points,Jaylen Wells,Over,12.5,-137,2025-12-13,2025-12-13T00:21:11Z,2025-12-12 16:21:35
Betr DFS,player_points,Jaylen Wells,Under,12.5,-137,2025-12-13,2025-12-13T00:21:11Z,2025-12-12 16:21:35
Betr DFS,player_points,Cam Spencer,Over,10.5,-137,2025-12-13,2025-12-13T00:21:11Z,2025-12-12 16:21:35
Betr DFS,player_points,Cam Spencer,Under,10.5,-137,2025-12-13,2025-12-13T00:21:11Z,2025-12-12 16:21:35
Betr DFS,player_points,Cedric Coward,Over,14.5,-137,2025-12-13,2025-12-13T00:21:11Z,2025-12-12 16:21:35
Betr DFS,player_points,Cedric Coward,Under,14.5,-137,2025-12-13,2025-12-13T00:21:11Z,2025-12-12 16:21:35
Betr DFS,player_points,Nicolas Claxton,Over,13.5,-137,2025-12-13,2025-12-13T00:21:17Z,2025-12-12 16:21:35
Betr DFS,player_points,Nicolas Claxton,Under,13.5,-137,2025-12-13,2025-12-13T00:21:17Z,2025-12-12 16:21:35
Betr DFS,player_points,Terance Mann,Over,7.5,-137,2025-12-13,2025-12-13T00:21:17Z,2025-12-12 16:21:35
Betr DFS,player_points,Terance Mann,Under,7.5,-137,2025-12-13,2025-12-13T00:21:17Z,2025-12-12 16:21:35
Betr DFS,player_points,Noah Clowney,Over,13.5,-137,2025-12-13,2025-12-13T00:21:17Z,2025-12-12 16:21:35
Betr DFS,player_points,Noah Clowney,Under,13.5,-137,2025-12-13,2025-12-13T00:21:17Z,2025-12-12 16:21:35
Betr DFS,player_points,Egor Demin,Over,8.5,-137,2025-12-13,2025-12-13T00:21:17Z,2025-12-12 16:21:35
Betr DFS,player_points,Egor Demin,Under,8.5,-137,2025-12-13,2025-12-13T00:21:17Z,2025-12-12 16:21:35
Betr DFS,player_points,Danny Wolf,Over,7.5,-137,2025-12-13,2025-12-13T00:21:17Z,2025-12-12 16:21:35
Betr DFS,player_points,Danny Wolf,Under,7.5,-137,2025-12-13,2025-12-13T00:21:17Z,2025-12-12 16:21:35
Betr DFS,player_points,P.J. Washington,Over,15.5,-137,2025-12-13,2025-12-13T00:21:17Z,2025-12-12 16:21:35
Betr DFS,player_points,P.J. Washington,Under,15.5,-137,2025-12-13,2025-12-13T00:21:17Z,2025-12-12 16:21:35
Betr DFS,player_points,Naji Marshall,Over,11.5,-137,2025-12-13,2025-12-13T00:21:17Z,2025-12-12 16:21:35
Betr DFS,player_points,Naji Marshall,Under,11.5,-137,2025-12-13,2025-12-13T00:21:17Z,2025-12-12 16:21:35
Betr DFS,player_points,Klay Thompson,Over,10.5,-137,2025-12-13,2025-12-13T00:21:17Z,2025-12-12 16:21:35
Betr DFS,player_points,Klay Thompson,Under,10.5,-137,2025-12-13,2025-12-13T00:21:17Z,2025-12-12 16:21:35
Betr DFS,player_points,Anthony Davis,Over,22.5,-137,2025-12-13,2025-12-13T00:21:17Z,2025-12-12 16:21:35
Betr DFS,player_points,Anthony Davis,Under,22.5,-137,2025-12-13,2025-12-13T00:21:17Z,2025-12-12 16:21:35
Betr DFS,player_points,Max Christie,Over,8.5,-137,2025-12-13,2025-12-13T00:21:17Z,2025-12-12 16:21:35
Betr DFS,player_points,Max Christie,Under,8.5,-137,2025-12-13,2025-12-13T00:21:17Z,2025-12-12 16:21:35
Betr DFS,player_points,Cooper Flagg,Over,18.5,-137,2025-12-13,2025-12-13T00:21:17Z,2025-12-12 16:21:35
Betr DFS,player_points,Cooper Flagg,Under,18.5,-137,2025-12-13,2025-12-13T00:21:17Z,2025-12-12 16:21:35
Betr DFS,player_points,Julius Randle,Over,23.5,-137,2025-12-13,2025-12-13T00:21:10Z,2025-12-12 16:21:35
Betr DFS,player_points,Julius Randle,Under,23.5,-137,2025-12-13,2025-12-13T00:21:10Z,2025-12-12 16:21:35
Betr DFS,player_points,Rudy Gobert,Over,10.5,-137,2025-12-13,2025-12-13T00:21:10Z,2025-12-12 16:21:35
Betr DFS,player_points,Rudy Gobert,Under,10.5,-137,2025-12-13,2025-12-13T00:21:10Z,2025-12-12 16:21:35
Betr DFS,player_points,Naz Reid,Over,16.5,-137,2025-12-13,2025-12-13T00:21:10Z,2025-12-12 16:21:35
Betr DFS,player_points,Naz Reid,Under,16.5,-137,2025-12-13,2025-12-13T00:21:10Z,2025-12-12 16:21:35
Betr DFS,player_points,Jaden McDaniels,Over,16.5,-137,2025-12-13,2025-12-13T00:21:10Z,2025-12-12 16:21:35
Betr DFS,player_points,Jaden McDaniels,Under,16.5,-137,2025-12-13,2025-12-13T00:21:10Z,2025-12-12 16:21:35
Betr DFS,player_points,Donte DiVincenzo,Over,14.5,-137,2025-12-13,2025-12-13T00:21:10Z,2025-12-12 16:21:35
Betr DFS,player_points,Donte DiVincenzo,Under,14.5,-137,2025-12-13,2025-12-13T00:21:10Z,2025-12-12 16:21:35
Betr DFS,player_points,Terrence Shannon Jr.,Over,7.5,-137,2025-12-13,2025-12-13T00:21:10Z,2025-12-12 16:21:35
Betr DFS,player_points,Terrence Shannon Jr.,Under,7.5,-137,2025-12-13,2025-12-13T00:21:10Z,2025-12-12 16:21:35
Betr DFS,player_points,Jimmy Butler,Over,19.5,-137,2025-12-13,2025-12-13T00:21:10Z,2025-12-12 16:21:35
Betr DFS,player_points,Jimmy Butler,Under,19.5,-137,2025-12-13,2025-12-13T00:21:10Z,2025-12-12 16:21:35
Betr DFS,player_points,Stephen Curry,Over,24.5,-137,2025-12-13,2025-12-13T00:21:10Z,2025-12-12 16:21:35
Betr DFS,player_points,Stephen Curry,Under,24.5,-137,2025-12-13,2025-12-13T00:21:10Z,2025-12-12 16:21:35
Betr DFS,player_points,Moses Moody,Over,8.5,-137,2025-12-13,2025-12-13T00:21:10Z,2025-12-12 16:21:35
Betr DFS,player_points,Moses Moody,Under,8.5,-137,2025-12-13,2025-12-13T00:21:10Z,2025-12-12 16:21:35
Betr DFS,player_points,Brandin Podziemski,Over,8.5,-137,2025-12-13,2025-12-13T00:21:10Z,2025-12-12 16:21:35
Betr DFS,player_points,Brandin Podziemski,Under,8.5,-137,2025-12-13,2025-12-13T00:21:10Z,2025-12-12 16:21:35
Betr DFS,player_points,Josh Hart,Over,13.5,-137,2025-12-13,2025-12-13T00:21:24Z,2025-12-12 16:21:35
Betr DFS,player_points,Josh Hart,Under,13.5,-137,2025-12-13,2025-12-13T00:21:24Z,2025-12-12 16:21:35
Betr DFS,player_points,Jalen Brunson,Over,28.5,-137,2025-12-13,2025-12-13T00:21:24Z,2025-12-12 16:21:35
Betr DFS,player_points,Jalen Brunson,Under,28.5,-137,2025-12-13,2025-12-13T00:21:24Z,2025-12-12 16:21:35
Betr DFS,player_points,Mikal Bridges,Over,14.5,-137,2025-12-13,2025-12-13T00:21:24Z,2025-12-12 16:21:35
Betr DFS,player_points,Mikal Bridges,Under,14.5,-137,2025-12-13,2025-12-13T00:21:24Z,2025-12-12 16:21:35
Betr DFS,player_points,OG Anunoby,Over,14.5,-137,2025-12-13,2025-12-13T00:21:24Z,2025-12-12 16:21:35
Betr DFS,player_points,OG Anunoby,Under,14.5,-137,2025-12-13,2025-12-13T00:21:24Z,2025-12-12 16:21:35
Betr DFS,player_points,Karl-Anthony Towns,Over,21.5,-137,2025-12-13,2025-12-13T00:21:24Z,2025-12-12 16:21:35
Betr DFS,player_points,Karl-Anthony Towns,Under,21.5,-137,2025-12-13,2025-12-13T00:21:24Z,2025-12-12 16:21:35
Betr DFS,player_points,Jordan Clarkson,Over,10.5,-137,2025-12-13,2025-12-13T00:21:24Z,2025-12-12 16:21:35
Betr DFS,player_points,Jordan Clarkson,Under,10.5,-137,2025-12-13,2025-12-13T00:21:24Z,2025-12-12 16:21:35
Betr DFS,player_points,Wendell Carter Jr,Over,10.5,-137,2025-12-13,2025-12-13T00:21:24Z,2025-12-12 16:21:35
Betr DFS,player_points,Wendell Carter Jr,Under,10.5,-137,2025-12-13,2025-12-13T00:21:24Z,2025-12-12 16:21:35
Betr DFS,player_points,Jalen Suggs,Over,17.5,-137,2025-12-13,2025-12-13T00:21:24Z,2025-12-12 16:21:35
Betr DFS,player_points,Jalen Suggs,Under,17.5,-137,2025-12-13,2025-12-13T00:21:24Z,2025-12-12 16:21:35
Betr DFS,player_points,Paolo Banchero,Over,21.5,-137,2025-12-13,2025-12-13T00:21:24Z,2025-12-12 16:21:35
Betr DFS,player_points,Paolo Banchero,Under,21.5,-137,2025-12-13,2025-12-13T00:21:24Z,2025-12-12 16:21:35
Betr DFS,player_points,Desmond Bane,Over,20.5,-137,2025-12-13,2025-12-13T00:21:24Z,2025-12-12 16:21:35
Betr DFS,player_points,Desmond Bane,Under,20.5,-137,2025-12-13,2025-12-13T00:21:24Z,2025-12-12 16:21:35
Betr DFS,player_points,Anthony Black,Under,15.5,-137,2025-12-13,2025-12-13T00:21:24Z,2025-12-12 16:21:35
Betr DFS,player_points,Anthony Black,Over,15.5,-137,2025-12-13,2025-12-13T00:21:24Z,2025-12-12 16:21:35
Betr DFS,player_points,Tristan da Silva,Over,9.5,-137,2025-12-13,2025-12-13T00:21:24Z,2025-12-12 16:21:35
Betr DFS,player_points,Tristan da Silva,Under,9.5,-137,2025-12-13,2025-12-13T00:21:24Z,2025-12-12 16:21:35
Betr DFS,player_points,Devin Vassell,Over,11.5,-137,2025-12-14,2025-12-13T00:21:24Z,2025-12-12 16:21:35
Betr DFS,player_points,Devin Vassell,Under,11.5,-137,2025-12-14,2025-12-13T00:21:24Z,2025-12-12 16:21:35
Betr DFS,player_points,Julian Champagnie,Over,7.5,-137,2025-12-14,2025-12-13T00:21:24Z,2025-12-12 16:21:35
Betr DFS,player_points,Julian Champagnie,Under,7.5,-137,2025-12-14,2025-12-13T00:21:24Z,2025-12-12 16:21:35
Betr DFS,player_points,Harrison Barnes,Over,10.5,-137,2025-12-14,2025-12-13T00:21:24Z,2025-12-12 16:21:35
Betr DFS,player_points,Harrison Barnes,Under,10.5,-137,2025-12-14,2025-12-13T00:21:24Z,2025-12-12 16:21:35
Betr DFS,player_points,De'Aaron Fox,Over,20.5,-137,2025-12-14,2025-12-13T00:21:24Z,2025-12-12 16:21:35
Betr DFS,player_points,De'Aaron Fox,Under,20.5,-137,2025-12-14,2025-12-13T00:21:24Z,2025-12-12 16:21:35
Betr DFS,player_points,Victor Wembanyama,Over,17.5,-137,2025-12-14,2025-12-13T00:21:24Z,2025-12-12 16:21:35
Betr DFS,player_points,Victor Wembanyama,Under,17.5,-137,2025-12-14,2025-12-13T00:21:24Z,2025-12-12 16:21:35
Betr DFS,player_points,Stephon Castle,Over,14.5,-137,2025-12-14,2025-12-13T00:21:24Z,2025-12-12 16:21:35
Betr DFS,player_points,Stephon Castle,Under,14.5,-137,2025-12-14,2025-12-13T00:21:24Z,2025-12-12 16:21:35
Betr DFS,player_points,Dylan Harper,Over,10.5,-137,2025-12-14,2025-12-13T00:21:24Z,2025-12-12 16:21:35
Betr DFS,player_points,Dylan Harper,Under,10.5,-137,2025-12-14,2025-12-13T00:21:24Z,2025-12-12 16:21:35
Betr DFS,player_points,Shai Gilgeous-Alexander,Over,31.5,-137,2025-12-14,2025-12-13T00:21:24Z,2025-12-12 16:21:35
Betr DFS,player_points,Shai Gilgeous-Alexander,Under,31.5,-137,2025-12-14,2025-12-13T00:21:24Z,2025-12-12 16:21:35
Betr DFS,player_points,Luguentz Dort,Over,7.5,-137,2025-12-14,2025-12-13T00:21:24Z,2025-12-12 16:21:35
Betr DFS,player_points,Luguentz Dort,Under,7.5,-137,2025-12-14,2025-12-13T00:21:24Z,2025-12-12 16:21:35
Betr DFS,player_points,Chet Holmgren,Over,16.5,-137,2025-12-14,2025-12-13T00:21:24Z,2025-12-12 16:21:35
Betr DFS,player_points,Chet Holmgren,Under,16.5,-137,2025-12-14,2025-12-13T00:21:24Z,2025-12-12 16:21:35
Betr DFS,player_points,Jalen Williams,Over,19.5,-137,2025-12-14,2025-12-13T00:21:24Z,2025-12-12 16:21:35
Betr DFS,player_points,Jalen Williams,Under,19.5,-137,2025-12-14,2025-12-13T00:21:24Z,2025-12-12 16:21:35
Betr DFS,player_points,Cason Wallace,Over,7.5,-137,2025-12-14,2025-12-13T00:21:24Z,2025-12-12 16:21:35
Betr DFS,player_points,Cason Wallace,Under,7.5,-137,2025-12-14,2025-12-13T00:21:24Z,2025-12-12 16:21:35
Betr DFS,player_points,Ajay Mitchell,Over,9.5,-137,2025-12-14,2025-12-13T00:21:24Z,2025-12-12 16:21:35
Betr DFS,player_points,Ajay Mitchell,Under,9.5,-137,2025-12-14,2025-12-13T00:21:24Z,2025-12-12 16:21:35
DraftKings Pick6,player_points,Cade Cunningham,Over,29.5,-137,2025-12-13,2025-12-13T00:21:05Z,2025-12-12 16:21:35
DraftKings Pick6,player_points,Cade Cunningham,Under,29.5,-137,2025-12-13,2025-12-13T00:21:05Z,2025-12-12 16:21:35
DraftKings Pick6,player_points,Nickeil Alexander-Walker,Over,24.5,-137,2025-12-13,2025-12-13T00:21:05Z,2025-12-12 16:21:35
DraftKings Pick6,player_points,Nickeil Alexander-Walker,Under,24.5,-137,2025-12-13,2025-12-13T00:21:05Z,2025-12-12 16:21:35
DraftKings Pick6,player_points,Jalen Johnson,Over,22.5,-137,2025-12-13,2025-12-13T00:21:05Z,2025-12-12 16:21:35
DraftKings Pick6,player_points,Jalen Johnson,Under,22.5,-137,2025-12-13,2025-12-13T00:21:05Z,2025-12-12 16:21:35
DraftKings Pick6,player_points,Kon Knueppel,Over,23.5,-137,2025-12-13,2025-12-13T00:20:43Z,2025-12-12 16:21:35
DraftKings Pick6,player_points,Kon Knueppel,Under,23.5,-137,2025-12-13,2025-12-13T00:20:43Z,2025-12-12 16:21:35
DraftKings Pick6,player_points,Coby White,Over,21.5,-137,2025-12-13,2025-12-13T00:20:43Z,2025-12-12 16:21:35
DraftKings Pick6,player_points,Coby White,Under,21.5,-137,2025-12-13,2025-12-13T00:20:43Z,2025-12-12 16:21:35
DraftKings Pick6,player_points,Miles Bridges,Over,21.5,-137,2025-12-13,2025-12-13T00:20:43Z,2025-12-12 16:21:35
DraftKings Pick6,player_points,Miles Bridges,Under,21.5,-137,2025-12-13,2025-12-13T00:20:43Z,2025-12-12 16:21:35
DraftKings Pick6,player_points,Josh Giddey,Over,19.5,-137,2025-12-13,2025-12-13T00:20:43Z,2025-12-12 16:21:35
DraftKings Pick6,player_points,Josh Giddey,Under,19.5,-137,2025-12-13,2025-12-13T00:20:43Z,2025-12-12 16:21:35
DraftKings Pick6,player_points,Donovan Mitchell,Over,29.5,-137,2025-12-13,2025-12-13T00:20:48Z,2025-12-12 16:21:35
DraftKings Pick6,player_points,Donovan Mitchell,Under,29.5,-137,2025-12-13,2025-12-13T00:20:48Z,2025-12-12 16:21:35
DraftKings Pick6,player_points,Evan Mobley,Over,25.5,-137,2025-12-13,2025-12-13T00:20:48Z,2025-12-12 16:21:35
DraftKings Pick6,player_points,Evan Mobley,Under,25.5,-137,2025-12-13,2025-12-13T00:20:48Z,2025-12-12 16:21:35
DraftKings Pick6,player_points,C.J. McCollum,Over,23.5,-137,2025-12-13,2025-12-13T00:20:48Z,2025-12-12 16:21:35
DraftKings Pick6,player_points,C.J. McCollum,Under,23.5,-137,2025-12-13,2025-12-13T00:20:48Z,2025-12-12 16:21:35
DraftKings Pick6,player_points,VJ Edgecombe,Over,20.5,-137,2025-12-13,2025-12-13T00:20:56Z,2025-12-12 16:21:35
DraftKings Pick6,player_points,VJ Edgecombe,Under,20.5,-137,2025-12-13,2025-12-13T00:20:56Z,2025-12-12 16:21:35
DraftKings Pick6,player_points,Paul George,Over,20.5,-137,2025-12-13,2025-12-13T00:20:56Z,2025-12-12 16:21:35
DraftKings Pick6,player_points,Paul George,Under,20.5,-137,2025-12-13,2025-12-13T00:20:56Z,2025-12-12 16:21:35
DraftKings Pick6,player_points,Lauri Markkanen,Over,25.5,-137,2025-12-13,2025-12-13T00:19:11Z,2025-12-12 16:21:35
DraftKings Pick6,player_points,Lauri Markkanen,Under,25.5,-137,2025-12-13,2025-12-13T00:19:11Z,2025-12-12 16:21:35
DraftKings Pick6,player_points,Keyonte George,Over,21.5,-137,2025-12-13,2025-12-13T00:19:11Z,2025-12-12 16:21:35
DraftKings Pick6,player_points,Keyonte George,Under,21.5,-137,2025-12-13,2025-12-13T00:19:11Z,2025-12-12 16:21:35
DraftKings Pick6,player_points,Jaren Jackson Jr,Over,19.5,-137,2025-12-13,2025-12-13T00:19:11Z,2025-12-12 16:21:35
DraftKings Pick6,player_points,Jaren Jackson Jr,Under,19.5,-137,2025-12-13,2025-12-13T00:19:11Z,2025-12-12 16:21:35
DraftKings Pick6,player_points,Ja Morant,Over,19.5,-137,2025-12-13,2025-12-13T00:19:11Z,2025-12-12 16:21:35
DraftKings Pick6,player_points,Ja Morant,Under,19.5,-137,2025-12-13,2025-12-13T00:19:11Z,2025-12-12 16:21:35
DraftKings Pick6,player_points,Santi Aldama,Over,14.5,-137,2025-12-13,2025-12-13T00:19:11Z,2025-12-12 16:21:35
DraftKings Pick6,player_points,Santi Aldama,Under,14.5,-137,2025-12-13,2025-12-13T00:19:11Z,2025-12-12 16:21:35
DraftKings Pick6,player_points,Cedric Coward,Over,14.5,-137,2025-12-13,2025-12-13T00:19:11Z,2025-12-12 16:21:35
DraftKings Pick6,player_points,Cedric Coward,Under,14.5,-137,2025-12-13,2025-12-13T00:19:11Z,2025-12-12 16:21:35
DraftKings Pick6,player_points,Ace Bailey,Over,12.5,-137,2025-12-13,2025-12-13T00:19:11Z,2025-12-12 16:21:35
DraftKings Pick6,player_points,Ace Bailey,Under,12.5,-137,2025-12-13,2025-12-13T00:19:11Z,2025-12-12 16:21:35
DraftKings Pick6,player_points,Kyle Filipowski,Over,10.5,-137,2025-12-13,2025-12-13T00:19:11Z,2025-12-12 16:21:35
DraftKings Pick6,player_points,Kyle Filipowski,Under,10.5,-137,2025-12-13,2025-12-13T00:19:11Z,2025-12-12 16:21:35
DraftKings Pick6,player_points,Cam Spencer,Over,10.5,-137,2025-12-13,2025-12-13T00:19:11Z,2025-12-12 16:21:35
DraftKings Pick6,player_points,Cam Spencer,Under,10.5,-137,2025-12-13,2025-12-13T00:19:11Z,2025-12-12 16:21:35
DraftKings Pick6,player_points,Svi Mykhailiuk,Over,7.5,-137,2025-12-13,2025-12-13T00:19:11Z,2025-12-12 16:21:35
DraftKings Pick6,player_points,Svi Mykhailiuk,Under,7.5,-137,2025-12-13,2025-12-13T00:19:11Z,2025-12-12 16:21:35
DraftKings Pick6,player_points,Vincent Williams Jr,Over,7.5,-137,2025-12-13,2025-12-13T00:19:11Z,2025-12-12 16:21:35
DraftKings Pick6,player_points,Vincent Williams Jr,Under,7.5,-137,2025-12-13,2025-12-13T00:19:11Z,2025-12-12 16:21:35
DraftKings Pick6,player_points,Ja Morant,Over,19.5,-137,2025-12-13,2025-12-13T00:19:11Z,2025-12-12 16:21:35
PrizePicks,player_rebounds,Jalen Johnson,Over,10.0,-137,2025-12-13,2025-12-13T00:11:42Z,2025-12-12 16:21:35
PrizePicks,player_rebounds,Jalen Johnson,Under,10.0,-137,2025-12-13,2025-12-13T00:11:42Z,2025-12-12 16:21:35
PrizePicks,player_rebounds,Onyeka Okongwu,Over,7.5,-137,2025-12-13,2025-12-13T00:11:42Z,2025-12-12 16:21:35
PrizePicks,player_rebounds,Onyeka Okongwu,Under,7.5,-137,2025-12-13,2025-12-13T00:11:42Z,2025-12-12 16:21:35
PrizePicks,player_rebounds,Cade Cunningham,Over,6.0,-137,2025-12-13,2025-12-13T00:11:42Z,2025-12-12 16:21:35
PrizePicks,player_rebounds,Cade Cunningham,Under,6.0,-137,2025-12-13,2025-12-13T00:11:42Z,2025-12-12 16:21:35
PrizePicks,player_rebounds,Dyson Daniels,Over,5.5,-137,2025-12-13,2025-12-13T00:11:42Z,2025-12-12 16:21:35
PrizePicks,player_rebounds,Dyson Daniels,Under,5.5,-137,2025-12-13,2025-12-13T00:11:42Z,2025-12-12 16:21:35
PrizePicks,player_rebounds,Ausar Thompson,Over,5.5,-137,2025-12-13,2025-12-13T00:11:42Z,2025-12-12 16:21:35
PrizePicks,player_rebounds,Ausar Thompson,Under,5.5,-137,2025-12-13,2025-12-13T00:11:42Z,2025-12-12 16:21:35
PrizePicks,player_rebounds,Tobias Harris,Over,4.5,-137,2025-12-13,2025-12-13T00:11:42Z,2025-12-12 16:21:35
PrizePicks,player_rebounds,Tobias Harris,Under,4.5,-137,2025-12-13,2025-12-13T00:11:42Z,2025-12-12 16:21:35
PrizePicks,player_rebounds,Nickeil Alexander-Walker,Over,3.5,-137,2025-12-13,2025-12-13T00:11:42Z,2025-12-12 16:21:35
PrizePicks,player_rebounds,Nickeil Alexander-Walker,Under,3.5,-137,2025-12-13,2025-12-13T00:11:42Z,2025-12-12 16:21:35
PrizePicks,player_rebounds,Josh Giddey,Over,8.5,-137,2025-12-13,2025-12-13T00:12:03Z,2025-12-12 16:21:35
PrizePicks,player_rebounds,Josh Giddey,Under,8.5,-137,2025-12-13,2025-12-13T00:12:03Z,2025-12-12 16:21:35
PrizePicks,player_rebounds,Nikola Vucevic,Over,8.5,-137,2025-12-13,2025-12-13T00:12:03Z,2025-12-12 16:21:35
PrizePicks,player_rebounds,Nikola Vucevic,Under,8.5,-137,2025-12-13,2025-12-13T00:12:03Z,2025-12-12 16:21:35
PrizePicks,player_rebounds,Moussa Diabate,Over,7.0,-137,2025-12-13,2025-12-13T00:12:03Z,2025-12-12 16:21:35
PrizePicks,player_rebounds,Moussa Diabate,Under,7.0,-137,2025-12-13,2025-12-13T00:12:03Z,2025-12-12 16:21:35
PrizePicks,player_rebounds,Ryan Kalkbrenner,Over,7.0,-137,2025-12-13,2025-12-13T00:12:03Z,2025-12-12 16:21:35
PrizePicks,player_rebounds,Ryan Kalkbrenner,Under,7.0,-137,2025-12-13,2025-12-13T00:12:03Z,2025-12-12 16:21:35
PrizePicks,player_rebounds,Miles Bridges,Over,7.0,-137,2025-12-13,2025-12-13T00:12:03Z,2025-12-12 16:21:35
PrizePicks,player_rebounds,Miles Bridges,Under,7.0,-137,2025-12-13,2025-12-13T00:12:03Z,2025-12-12 16:21:35
PrizePicks,player_rebounds,Ryan Kalkbrenner,Over,6.5,-137,2025-12-13,2025-12-13T00:12:03Z,2025-12-12 16:21:35
PrizePicks,player_rebounds,Ryan Kalkbrenner,Under,6.5,-137,2025-12-13,2025-12-13T00:12:03Z,2025-12-12 16:21:35
PrizePicks,player_rebounds,Kon Knueppel,Over,5.0,-137,2025-12-13,2025-12-13T00:12:03Z,2025-12-12 16:21:35
PrizePicks,player_rebounds,Kon Knueppel,Under,5.0,-137,2025-12-13,2025-12-13T00:12:03Z,2025-12-12 16:21:35
PrizePicks,player_rebounds,Matas Buzelis,Over,5.0,-137,2025-12-13,2025-12-13T00:12:03Z,2025-12-12 16:21:35
PrizePicks,player_rebounds,Matas Buzelis,Under,5.0,-137,2025-12-13,2025-12-13T00:12:03Z,2025-12-12 16:21:35
PrizePicks,player_rebounds,KJ Simpson,Over,3.5,-137,2025-12-13,2025-12-13T00:12:03Z,2025-12-12 16:21:35
PrizePicks,player_rebounds,KJ Simpson,Under,3.5,-137,2025-12-13,2025-12-13T00:12:03Z,2025-12-12 16:21:35
PrizePicks,player_rebounds,Tre Jones,Over,2.5,-137,2025-12-13,2025-12-13T00:12:03Z,2025-12-12 16:21:35
PrizePicks,player_rebounds,Tre Jones,Under,2.5,-137,2025-12-13,2025-12-13T00:12:03Z,2025-12-12 16:21:35
PrizePicks,player_rebounds,Evan Mobley,Over,10.5,-137,2025-12-13,2025-12-13T00:11:42Z,2025-12-12 16:21:35
PrizePicks,player_rebounds,Evan Mobley,Under,10.5,-137,2025-12-13,2025-12-13T00:11:42Z,2025-12-12 16:21:35
PrizePicks,player_rebounds,Jaylon Tyson,Over,6.5,-137,2025-12-13,2025-12-13T00:11:42Z,2025-12-12 16:21:35
PrizePicks,player_rebounds,Jaylon Tyson,Under,6.5,-137,2025-12-13,2025-12-13T00:11:42Z,2025-12-12 16:21:35
PrizePicks,player_rebounds,Justin Champagnie,Over,6.5,-137,2025-12-13,2025-12-13T00:11:42Z,2025-12-12 16:21:35
PrizePicks,player_rebounds,Justin Champagnie,Under,6.5,-137,2025-12-13,2025-12-13T00:11:42Z,2025-12-12 16:21:35
PrizePicks,player_rebounds,Marvin Bagley III,Over,6.5,-137,2025-12-13,2025-12-13T00:11:42Z,2025-12-12 16:21:35
PrizePicks,player_rebounds,Marvin Bagley III,Under,6.5,-137,2025-12-13,2025-12-13T00:11:42Z,2025-12-12 16:21:35
PrizePicks,player_rebounds,Kyshawn George,Over,5.5,-137,2025-12-13,2025-12-13T00:11:42Z,2025-12-12 16:21:35
PrizePicks,player_rebounds,Kyshawn George,Under,5.5,-137,2025-12-13,2025-12-13T00:11:42Z,2025-12-12 16:21:35
PrizePicks,player_rebounds,Donovan Mitchell,Over,4.5,-137,2025-12-13,2025-12-13T00:11:42Z,2025-12-12 16:21:35
PrizePicks,player_rebounds,Donovan Mitchell,Under,4.5,-137,2025-12-13,2025-12-13T00:11:42Z,2025-12-12 16:21:35
PrizePicks,player_rebounds,De'Andre Hunter,Over,4.0,-137,2025-12-13,2025-12-13T00:11:42Z,2025-12-12 16:21:35
PrizePicks,player_rebounds,De'Andre Hunter,Under,4.0,-137,2025-12-13,2025-12-13T00:11:42Z,2025-12-12 16:21:35
PrizePicks,player_rebounds,Carlton Carrington,Over,3.5,-137,2025-12-13,2025-12-13T00:11:42Z,2025-12-12 16:21:35
PrizePicks,player_rebounds,Carlton Carrington,Under,3.5,-137,2025-12-13,2025-12-13T00:11:42Z,2025-12-12 16:21:35
PrizePicks,player_rebounds,Dean Wade,Over,3.5,-137,2025-12-13,2025-12-13T00:11:42Z,2025-12-12 16:21:35
PrizePicks,player_rebounds,Dean Wade,Under,3.5,-137,2025-12-13,2025-12-13T00:11:42Z,2025-12-12 16:21:35
PrizePicks,player_rebounds,Pascal Siakam,Over,7.0,-137,2025-12-13,2025-12-13T00:10:07Z,2025-12-12 16:21:35
PrizePicks,player_rebounds,Pascal Siakam,Under,7.0,-137,2025-12-13,2025-12-13T00:10:07Z,2025-12-12 16:21:35
PrizePicks,player_rebounds,Joel Embiid,Over,7.0,-137,2025-12-13,2025-12-13T00:10:07Z,2025-12-12 16:21:35
PrizePicks,player_rebounds,Joel Embiid,Under,7.0,-137,2025-12-13,2025-12-13T00:10:07Z,2025-12-12 16:21:35
PrizePicks,player_rebounds,VJ Edgecombe,Over,5.5,-137,2025-12-13,2025-12-13T00:10:07Z,2025-12-12 16:21:35
PrizePicks,player_rebounds,VJ Edgecombe,Under,5.5,-137,2025-12-13,2025-12-13T00:10:07Z,2025-12-12 16:21:35
PrizePicks,player_rebounds,Bennedict Mathurin,Over,5.5,-137,2025-12-13,2025-12-13T00:10:07Z,2025-12-12 16:21:35
PrizePicks,player_rebounds,Bennedict Mathurin,Under,5.5,-137,2025-12-13,2025-12-13T00:10:07Z,2025-12-12 16:21:35
PrizePicks,player_rebounds,Jay Huff,Over,5.0,-137,2025-12-13,2025-12-13T00:10:07Z,2025-12-12 16:21:35
PrizePicks,player_rebounds,Jay Huff,Under,5.0,-137,2025-12-13,2025-12-13T00:10:07Z,2025-12-12 16:21:35
PrizePicks,player_rebounds,Jabari Walker,Over,4.5,-137,2025-12-13,2025-12-13T00:10:07Z,2025-12-12 16:21:35
PrizePicks,player_rebounds,Jabari Walker,Under,4.5,-137,2025-12-13,2025-12-13T00:10:07Z,2025-12-12 16:21:35
PrizePicks,player_rebounds,Quentin Grimes,Over,4.0,-137,2025-12-13,2025-12-13T00:10:07Z,2025-12-12 16:21:35
PrizePicks,player_rebounds,Quentin Grimes,Under,4.0,-137,2025-12-13,2025-12-13T00:10:07Z,2025-12-12 16:21:35
PrizePicks,player_rebounds,Jusuf Nurkic,Over,9.5,-137,2025-12-13,2025-12-13T00:17:49Z,2025-12-12 16:21:35
PrizePicks,player_rebounds,Jusuf Nurkic,Under,9.5,-137,2025-12-13,2025-12-13T00:17:49Z,2025-12-12 16:21:35
PrizePicks,player_rebounds,Kyle Filipowski,Over,7.5,-137,2025-12-13,2025-12-13T00:17:49Z,2025-12-12 16:21:35
PrizePicks,player_rebounds,Kyle Filipowski,Under,7.5,-137,2025-12-13,2025-12-13T00:17:49Z,2025-12-12 16:21:35
PrizePicks,player_rebounds,Santi Aldama,Over,7.0,-137,2025-12-13,2025-12-13T00:17:49Z,2025-12-12 16:21:35
PrizePicks,player_rebounds,Santi Aldama,Under,7.0,-137,2025-12-13,2025-12-13T00:17:49Z,2025-12-12 16:21:35
PrizePicks,player_rebounds,Lauri Markkanen,Over,6.5,-137,2025-12-13,2025-12-13T00:17:49Z,2025-12-12 16:21:35
PrizePicks,player_rebounds,Lauri Markkanen,Under,6.5,-137,2025-12-13,2025-12-13T00:17:49Z,2025-12-12 16:21:35
PrizePicks,player_rebounds,Cedric Coward,Over,6.5,-137,2025-12-13,2025-12-13T00:17:49Z,2025-12-12 16:21:35
PrizePicks,player_rebounds,Cedric Coward,Under,6.5,-137,2025-12-13,2025-12-13T00:17:49Z,2025-12-12 16:21:35
PrizePicks,player_rebounds,Jaren Jackson Jr,Over,5.5,-137,2025-12-13,2025-12-13T00:17:49Z,2025-12-12 16:21:35
PrizePicks,player_rebounds,Jaren Jackson Jr,Under,5.5,-137,2025-12-13,2025-12-13T00:17:49Z,2025-12-12 16:21:35
PrizePicks,player_rebounds,Jaylen Wells,Over,4.0,-137,2025-12-13,2025-12-13T00:17:49Z,2025-12-12 16:21:35
PrizePicks,player_rebounds,Jaylen Wells,Under,4.0,-137,2025-12-13,2025-12-13T00:17:49Z,2025-12-12 16:21:35
PrizePicks,player_rebounds,Ace Bailey,Over,4.0,-137,2025-12-13,2025-12-13T00:17:49Z,2025-12-12 16:21:35
PrizePicks,player_rebounds,Ace Bailey,Under,4.0,-137,2025-12-13,2025-12-13T00:17:49Z,2025-12-12 16:21:35
PrizePicks,player_rebounds,Keyonte George,Over,4.0,-137,2025-12-13,2025-12-13T00:17:49Z,2025-12-12 16:21:35
PrizePicks,player_rebounds,Keyonte George,Under,4.0,-137,2025-12-13,2025-12-13T00:17:49Z,2025-12-12 16:21:35
PrizePicks,player_rebounds,Vincent Williams Jr,Over,3.5,-137,2025-12-13,2025-12-13T00:17:49Z,2025-12-12 16:21:35
PrizePicks,player_rebounds,Vincent Williams Jr,Under,3.5,-137,2025-12-13,2025-12-13T00:17:49Z,2025-12-12 16:21:35
PrizePicks,player_rebounds,Anthony Davis,Over,11.0,-137,2025-12-13,2025-12-13T00:18:25Z,2025-12-12 16:21:35
PrizePicks,player_rebounds,Anthony Davis,Under,11.0,-137,2025-12-13,2025-12-13T00:18:25Z,2025-12-12 16:21:35
PrizePicks,player_rebounds,Michael Porter Jr,Over,7.0,-137,2025-12-13,2025-12-13T00:18:25Z,2025-12-12 16:21:35
PrizePicks,player_rebounds,Michael Porter Jr,Under,7.0,-137,2025-12-13,2025-12-13T00:18:25Z,2025-12-12 16:21:35
PrizePicks,player_rebounds,P.J. Washington,Over,7.0,-137,2025-12-13,2025-12-13T00:18:25Z,2025-12-12 16:21:35
PrizePicks,player_rebounds,P.J. Washington,Under,7.0,-137,2025-12-13,2025-12-13T00:18:25Z,2025-12-12 16:21:35
PrizePicks,player_rebounds,Cooper Flagg,Over,6.5,-137,2025-12-13,2025-12-13T00:18:25Z,2025-12-12 16:21:35
PrizePicks,player_rebounds,Cooper Flagg,Under,6.5,-137,2025-12-13,2025-12-13T00:18:25Z,2025-12-12 16:21:35
PrizePicks,player_rebounds,Danny Wolf,Over,3.5,-137,2025-12-13,2025-12-13T00:18:25Z,2025-12-12 16:21:35
PrizePicks,player_rebounds,Danny Wolf,Under,3.5,-137,2025-12-13,2025-12-13T00:18:25Z,2025-12-12 16:21:35
PrizePicks,player_rebounds,Dwight Powell,Over,3.0,-137,2025-12-13,2025-12-13T00:18:25Z,2025-12-12 16:21:35
PrizePicks,player_rebounds,Dwight Powell,Under,3.0,-137,2025-12-13,2025-12-13T00:18:25Z,2025-12-12 16:21:35
PrizePicks,player_rebounds,Max Christie,Over,2.5,-137,2025-12-13,2025-12-13T00:18:25Z,2025-12-12 16:21:35
PrizePicks,player_rebounds,Max Christie,Under,2.5,-137,2025-12-13,2025-12-13T00:18:25Z,2025-12-12 16:21:35
PrizePicks,player_rebounds,Rudy Gobert,Over,10.5,-137,2025-12-13,2025-12-13T00:18:12Z,2025-12-12 16:21:35
PrizePicks,player_rebounds,Rudy Gobert,Under,10.5,-137,2025-12-13,2025-12-13T00:18:12Z,2025-12-12 16:21:35
PrizePicks,player_rebounds,Julius Randle,Over,7.5,-137,2025-12-13,2025-12-13T00:18:12Z,2025-12-12 16:21:35
PrizePicks,player_rebounds,Julius Randle,Under,7.5,-137,2025-12-13,2025-12-13T00:18:12Z,2025-12-12 16:21:35
PrizePicks,player_rebounds,Naz Reid,Over,6.5,-137,2025-12-13,2025-12-13T00:18:12Z,2025-12-12 16:21:35
PrizePicks,player_rebounds,Naz Reid,Under,6.5,-137,2025-12-13,2025-12-13T00:18:12Z,2025-12-12 16:21:35
PrizePicks,player_rebounds,Jimmy Butler,Over,6.0,-137,2025-12-13,2025-12-13T00:18:12Z,2025-12-12 16:21:35
PrizePicks,player_rebounds,Jimmy Butler,Under,6.0,-137,2025-12-13,2025-12-13T00:18:12Z,2025-12-12 16:21:35
PrizePicks,player_rebounds,Quinten Post,Over,5.5,-137,2025-12-13,2025-12-13T00:18:12Z,2025-12-12 16:21:35
PrizePicks,player_rebounds,Quinten Post,Under,5.5,-137,2025-12-13,2025-12-13T00:18:12Z,2025-12-12 16:21:35
PrizePicks,player_rebounds,Jaden McDaniels,Over,5.0,-137,2025-12-13,2025-12-13T00:18:12Z,2025-12-12 16:21:35
PrizePicks,player_rebounds,Jaden McDaniels,Under,5.0,-137,2025-12-13,2025-12-13T00:18:12Z,2025-12-12 16:21:35
PrizePicks,player_rebounds,Stephen Curry,Over,4.0,-137,2025-12-13,2025-12-13T00:18:12Z,2025-12-12 16:21:35
PrizePicks,player_rebounds,Stephen Curry,Under,4.0,-137,2025-12-13,2025-12-13T00:18:12Z,2025-12-12 16:21:35
PrizePicks,player_rebounds,Brandin Podziemski,Over,3.5,-137,2025-12-13,2025-12-13T00:18:12Z,2025-12-12 16:21:35
PrizePicks,player_rebounds,Brandin Podziemski,Under,3.5,-137,2025-12-13,2025-12-13T00:18:12Z,2025-12-12 16:21:35
PrizePicks,player_rebounds,Will Richard,Over,2.5,-137,2025-12-13,2025-12-13T00:18:12Z,2025-12-12 16:21:35
PrizePicks,player_rebounds,Will Richard,Under,2.5,-137,2025-12-13,2025-12-13T00:18:12Z,2025-12-12 16:21:35
PrizePicks,player_rebounds,Jaylen Clark,Over,2.5,-137,2025-12-13,2025-12-13T00:18:12Z,2025-12-12 16:21:35
PrizePicks,player_rebounds,Jaylen Clark,Under,2.5,-137,2025-12-13,2025-12-13T00:18:12Z,2025-12-12 16:21:35
PrizePicks,player_rebounds,Terrence Shannon Jr.,Over,2.5,-137,2025-12-13,2025-12-13T00:18:12Z,2025-12-12 16:21:35
PrizePicks,player_rebounds,Terrence Shannon Jr.,Under,2.5,-137,2025-12-13,2025-12-13T00:18:12Z,2025-12-12 16:21:35
PrizePicks,player_rebounds,Karl-Anthony Towns,Over,11.5,-137,2025-12-13,2025-12-13T00:18:34Z,2025-12-12 16:21:35
PrizePicks,player_rebounds,Karl-Anthony Towns,Under,11.5,-137,2025-12-13,2025-12-13T00:18:34Z,2025-12-12 16:21:35
PrizePicks,player_rebounds,Josh Hart,Over,8.5,-137,2025-12-13,2025-12-13T00:18:34Z,2025-12-12 16:21:35
PrizePicks,player_rebounds,Josh Hart,Under,8.5,-137,2025-12-13,2025-12-13T00:18:34Z,2025-12-12 16:21:35
PrizePicks,player_rebounds,OG Anunoby,Over,4.5,-137,2025-12-13,2025-12-13T00:18:34Z,2025-12-12 16:21:35
PrizePicks,player_rebounds,OG Anunoby,Under,4.5,-137,2025-12-13,2025-12-13T00:18:34Z,2025-12-12 16:21:35
PrizePicks,player_rebounds,Desmond Bane,Over,4.5,-137,2025-12-13,2025-12-13T00:18:34Z,2025-12-12 16:21:35
PrizePicks,player_rebounds,Desmond Bane,Under,4.5,-137,2025-12-13,2025-12-13T00:18:34Z,2025-12-12 16:21:35
Underdog,player_rebounds,Ausar Thompson,Over,5.5,-137,2025-12-13,2025-12-13T00:12:28Z,2025-12-12 16:21:35
Underdog,player_rebounds,Ausar Thompson,Under,5.5,-137,2025-12-13,2025-12-13T00:12:28Z,2025-12-12 16:21:35
Underdog,player_rebounds,Isaiah Stewart II,Over,5.5,-137,2025-12-13,2025-12-13T00:12:28Z,2025-12-12 16:21:35
Underdog,player_rebounds,Isaiah Stewart II,Under,5.5,-137,2025-12-13,2025-12-13T00:12:28Z,2025-12-12 16:21:35
Underdog,player_rebounds,Nickeil Alexander-Walker,Over,3.5,-137,2025-12-13,2025-12-13T00:12:28Z,2025-12-12 16:21:35
Underdog,player_rebounds,Nickeil Alexander-Walker,Under,3.5,-137,2025-12-13,2025-12-13T00:12:28Z,2025-12-12 16:21:35
Underdog,player_rebounds,Onyeka Okongwu,Over,7.5,-137,2025-12-13,2025-12-13T00:12:28Z,2025-12-12 16:21:35
Underdog,player_rebounds,Onyeka Okongwu,Under,7.5,-137,2025-12-13,2025-12-13T00:12:28Z,2025-12-12 16:21:35
Underdog,player_rebounds,Ron Holland,Over,2.5,-137,2025-12-13,2025-12-13T00:12:28Z,2025-12-12 16:21:35
Underdog,player_rebounds,Ron Holland,Under,2.5,-137,2025-12-13,2025-12-13T00:12:28Z,2025-12-12 16:21:35
Underdog,player_rebounds,Vit Krejci,Over,2.5,-137,2025-12-13,2025-12-13T00:12:28Z,2025-12-12 16:21:35
Underdog,player_rebounds,Josh Giddey,Over,8.5,-137,2025-12-13,2025-12-13T00:12:07Z,2025-12-12 16:21:35
Underdog,player_rebounds,Josh Giddey,Under,8.5,-137,2025-12-13,2025-12-13T00:12:07Z,2025-12-12 16:21:35
Underdog,player_rebounds,KJ Simpson,Over,3.5,-137,2025-12-13,2025-12-13T00:12:07Z,2025-12-12 16:21:35
Underdog,player_rebounds,KJ Simpson,Under,3.5,-137,2025-12-13,2025-12-13T00:12:07Z,2025-12-12 16:21:35
Underdog,player_rebounds,Evan Mobley,Over,10.5,-137,2025-12-13,2025-12-13T00:12:15Z,2025-12-12 16:21:35
Underdog,player_rebounds,Evan Mobley,Under,10.5,-137,2025-12-13,2025-12-13T00:12:15Z,2025-12-12 16:21:35
Underdog,player_rebounds,Carlton Carrington,Over,3.5,-137,2025-12-13,2025-12-13T00:12:15Z,2025-12-12 16:21:35
Underdog,player_rebounds,Carlton Carrington,Under,3.5,-137,2025-12-13,2025-12-13T00:12:15Z,2025-12-12 16:21:35
Underdog,player_rebounds,Thomas Bryant,Over,3.5,-137,2025-12-13,2025-12-13T00:12:15Z,2025-12-12 16:21:35
Underdog,player_rebounds,Thomas Bryant,Under,3.5,-137,2025-12-13,2025-12-13T00:12:15Z,2025-12-12 16:21:35
Underdog,player_rebounds,Tre Johnson,Over,2.5,-137,2025-12-13,2025-12-13T00:12:15Z,2025-12-12 16:21:35
Underdog,player_rebounds,Tre Johnson,Under,2.5,-137,2025-12-13,2025-12-13T00:12:15Z,2025-12-12 16:21:35
Underdog,player_rebounds,Kyshawn George,Over,5.5,-137,2025-12-13,2025-12-13T00:12:15Z,2025-12-12 16:21:35
Underdog,player_rebounds,Kyshawn George,Under,5.5,-137,2025-12-13,2025-12-13T00:12:15Z,2025-12-12 16:21:35
Underdog,player_rebounds,Bennedict Mathurin,Over,5.5,-137,2025-12-13,2025-12-13T00:11:42Z,2025-12-12 16:21:35
Underdog,player_rebounds,Bennedict Mathurin,Under,5.5,-137,2025-12-13,2025-12-13T00:11:42Z,2025-12-12 16:21:35
Underdog,player_rebounds,Andre Drummond,Over,7.5,-137,2025-12-13,2025-12-13T00:11:42Z,2025-12-12 16:21:35
Underdog,player_rebounds,Andre Drummond,Under,7.5,-137,2025-12-13,2025-12-13T00:11:42Z,2025-12-12 16:21:35
Underdog,player_rebounds,Isaiah Jackson,Over,5.5,-137,2025-12-13,2025-12-13T00:11:42Z,2025-12-12 16:21:35
Underdog,player_rebounds,Isaiah Jackson,Under,5.5,-137,2025-12-13,2025-12-13T00:11:42Z,2025-12-12 16:21:35
Underdog,player_rebounds,Ja Morant,Over,3.5,-137,2025-12-13,2025-12-13T00:21:14Z,2025-12-12 16:21:35
Underdog,player_rebounds,Ja Morant,Under,3.5,-137,2025-12-13,2025-12-13T00:21:14Z,2025-12-12 16:21:35
Underdog,player_rebounds,Jusuf Nurkic,Over,9.5,-137,2025-12-13,2025-12-13T00:21:14Z,2025-12-12 16:21:35
Underdog,player_rebounds,Jusuf Nurkic,Under,9.5,-137,2025-12-13,2025-12-13T00:21:14Z,2025-12-12 16:21:35
Underdog,player_rebounds,Svi Mykhailiuk,Over,2.5,-137,2025-12-13,2025-12-13T00:21:14Z,2025-12-12 16:21:35
Underdog,player_rebounds,Svi Mykhailiuk,Under,2.5,-137,2025-12-13,2025-12-13T00:21:14Z,2025-12-12 16:21:35
Underdog,player_rebounds,Max Christie,Over,2.5,-137,2025-12-13,2025-12-13T00:21:29Z,2025-12-12 16:21:35
Underdog,player_rebounds,Max Christie,Under,2.5,-137,2025-12-13,2025-12-13T00:21:29Z,2025-12-12 16:21:35
Underdog,player_rebounds,Ziaire Williams,Over,2.5,-137,2025-12-13,2025-12-13T00:21:29Z,2025-12-12 16:21:35
Underdog,player_rebounds,Ziaire Williams,Under,2.5,-137,2025-12-13,2025-12-13T00:21:29Z,2025-12-12 16:21:35
Underdog,player_rebounds,Rudy Gobert,Over,10.5,-137,2025-12-13,2025-12-13T00:21:01Z,2025-12-12 16:21:35
Underdog,player_rebounds,Rudy Gobert,Under,10.5,-137,2025-12-13,2025-12-13T00:21:01Z,2025-12-12 16:21:35
Underdog,player_rebounds,OG Anunoby,Over,4.5,-137,2025-12-13,2025-12-13T00:21:50Z,2025-12-12 16:21:35
Underdog,player_rebounds,OG Anunoby,Under,4.5,-137,2025-12-13,2025-12-13T00:21:50Z,2025-12-12 16:21:35
Underdog,player_rebounds,Shai Gilgeous-Alexander,Over,4.5,-137,2025-12-14,2025-12-13T00:21:24Z,2025-12-12 16:21:35
Underdog,player_rebounds,Shai Gilgeous-Alexander,Under,4.5,-137,2025-12-14,2025-12-13T00:21:24Z,2025-12-12 16:21:35
Betr DFS,player_rebounds,Onyeka Okongwu,Over,6.5,-137,2025-12-13,2025-12-13T00:21:10Z,2025-12-12 16:21:35
Betr DFS,player_rebounds,Onyeka Okongwu,Under,6.5,-137,2025-12-13,2025-12-13T00:21:10Z,2025-12-12 16:21:35
Betr DFS,player_rebounds,Vit Krejci,Over,2.5,-137,2025-12-13,2025-12-13T00:21:10Z,2025-12-12 16:21:35
Betr DFS,player_rebounds,Jalen Johnson,Over,9.5,-137,2025-12-13,2025-12-13T00:21:10Z,2025-12-12 16:21:35
Betr DFS,player_rebounds,Jalen Johnson,Under,9.5,-137,2025-12-13,2025-12-13T00:21:10Z,2025-12-12 16:21:35
Betr DFS,player_rebounds,Dyson Daniels,Over,6.5,-137,2025-12-13,2025-12-13T00:21:10Z,2025-12-12 16:21:35
Betr DFS,player_rebounds,Dyson Daniels,Under,6.5,-137,2025-12-13,2025-12-13T00:21:10Z,2025-12-12 16:21:35
Betr DFS,player_rebounds,Isaiah Stewart II,Over,5.5,-137,2025-12-13,2025-12-13T00:21:10Z,2025-12-12 16:21:35
Betr DFS,player_rebounds,Isaiah Stewart II,Under,5.5,-137,2025-12-13,2025-12-13T00:21:10Z,2025-12-12 16:21:35
Betr DFS,player_rebounds,Cade Cunningham,Over,5.5,-137,2025-12-13,2025-12-13T00:21:10Z,2025-12-12 16:21:35
Betr DFS,player_rebounds,Jalen Duren,Over,10.5,-137,2025-12-13,2025-12-13T00:21:10Z,2025-12-12 16:21:35
Betr DFS,player_rebounds,Jalen Duren,Under,10.5,-137,2025-12-13,2025-12-13T00:21:10Z,2025-12-12 16:21:35
Betr DFS,player_rebounds,Ausar Thompson,Over,7.5,-137,2025-12-13,2025-12-13T00:21:10Z,2025-12-12 16:21:35
Betr DFS,player_rebounds,Ausar Thompson,Under,7.5,-137,2025-12-13,2025-12-13T00:21:10Z,2025-12-12 16:21:35
Betr DFS,player_rebounds,Ron Holland,Over,2.5,-137,2025-12-13,2025-12-13T00:21:10Z,2025-12-12 16:21:35
Betr DFS,player_rebounds,Ron Holland,Under,2.5,-137,2025-12-13,2025-12-13T00:21:10Z,2025-12-12 16:21:35
Betr DFS,player_rebounds,Moussa Diabate,Over,6.5,-137,2025-12-13,2025-12-13T00:21:01Z,2025-12-12 16:21:35
Betr DFS,player_rebounds,Moussa Diabate,Under,6.5,-137,2025-12-13,2025-12-13T00:21:01Z,2025-12-12 16:21:35
Betr DFS,player_rebounds,Ryan Kalkbrenner,Over,5.5,-137,2025-12-13,2025-12-13T00:21:01Z,2025-12-12 16:21:35
Betr DFS,player_rebounds,De'Andre Hunter,Over,3.5,-137,2025-12-13,2025-12-13T00:20:59Z,2025-12-12 16:21:35
Betr DFS,player_rebounds,Darius Garland,Over,2.5,-137,2025-12-13,2025-12-13T00:20:59Z,2025-12-12 16:21:35
Betr DFS,player_rebounds,Jaylon Tyson,Over,5.5,-137,2025-12-13,2025-12-13T00:20:59Z,2025-12-12 16:21:35
Betr DFS,player_rebounds,Jaylon Tyson,Under,5.5,-137,2025-12-13,2025-12-13T00:20:59Z,2025-12-12 16:21:35
Betr DFS,player_rebounds,C.J. McCollum,Over,3.5,-137,2025-12-13,2025-12-13T00:20:59Z,2025-12-12 16:21:35
Betr DFS,player_rebounds,C.J. McCollum,Under,3.5,-137,2025-12-13,2025-12-13T00:20:59Z,2025-12-12 16:21:35
Betr DFS,player_rebounds,Kyshawn George,Over,4.5,-137,2025-12-13,2025-12-13T00:20:59Z,2025-12-12 16:21:35
Betr DFS,player_rebounds,Kyshawn George,Under,4.5,-137,2025-12-13,2025-12-13T00:20:59Z,2025-12-12 16:21:35
Betr DFS,player_rebounds,Pascal Siakam,Over,6.5,-137,2025-12-13,2025-12-13T00:21:02Z,2025-12-12 16:21:35
Betr DFS,player_rebounds,T.J. McConnell,Over,2.5,-137,2025-12-13,2025-12-13T00:21:02Z,2025-12-12 16:21:35
Betr DFS,player_rebounds,T.J. McConnell,Under,2.5,-137,2025-12-13,2025-12-13T00:21:02Z,2025-12-12 16:21:35
Betr DFS,player_rebounds,Isaiah Jackson,Over,5.5,-137,2025-12-13,2025-12-13T00:21:02Z,2025-12-12 16:21:35
Betr DFS,player_rebounds,Isaiah Jackson,Under,5.5,-137,2025-12-13,2025-12-13T00:21:02Z,2025-12-12 16:21:35
Betr DFS,player_rebounds,Andrew Nembhard,Over,3.5,-137,2025-12-13,2025-12-13T00:21:02Z,2025-12-12 16:21:35
Betr DFS,player_rebounds,Andrew Nembhard,Under,3.5,-137,2025-12-13,2025-12-13T00:21:02Z,2025-12-12 16:21:35
Betr DFS,player_rebounds,Joel Embiid,Over,5.5,-137,2025-12-13,2025-12-13T00:21:02Z,2025-12-12 16:21:35
Betr DFS,player_rebounds,Joel Embiid,Under,5.5,-137,2025-12-13,2025-12-13T00:21:02Z,2025-12-12 16:21:35
Betr DFS,player_rebounds,Paul George,Over,7.5,-137,2025-12-13,2025-12-13T00:21:02Z,2025-12-12 16:21:35
Betr DFS,player_rebounds,Jared McCain,Over,2.5,-137,2025-12-13,2025-12-13T00:21:02Z,2025-12-12 16:21:35
Betr DFS,player_rebounds,Jared McCain,Under,2.5,-137,2025-12-13,2025-12-13T00:21:02Z,2025-12-12 16:21:35
Betr DFS,player_rebounds,Lauri Markkanen,Over,6.5,-137,2025-12-13,2025-12-13T00:21:11Z,2025-12-12 16:21:35
Betr DFS,player_rebounds,Lauri Markkanen,Under,6.5,-137,2025-12-13,2025-12-13T00:21:11Z,2025-12-12 16:21:35
Betr DFS,player_rebounds,Jusuf Nurkic,Over,9.5,-137,2025-12-13,2025-12-13T00:21:11Z,2025-12-12 16:21:35
Betr DFS,player_rebounds,Jusuf Nurkic,Under,9.5,-137,2025-12-13,2025-12-13T00:21:11Z,2025-12-12 16:21:35
Betr DFS,player_rebounds,Kyle Filipowski,Over,7.5,-137,2025-12-13,2025-12-13T00:21:11Z,2025-12-12 16:21:35
Betr DFS,player_rebounds,Kyle Filipowski,Under,7.5,-137,2025-12-13,2025-12-13T00:21:11Z,2025-12-12 16:21:35
Betr DFS,player_rebounds,Jaren Jackson Jr,Over,5.5,-137,2025-12-13,2025-12-13T00:21:11Z,2025-12-12 16:21:35
Betr DFS,player_rebounds,Jaren Jackson Jr,Under,5.5,-137,2025-12-13,2025-12-13T00:21:11Z,2025-12-12 16:21:35
Betr DFS,player_rebounds,Ja Morant,Over,3.5,-137,2025-12-13,2025-12-13T00:21:11Z,2025-12-12 16:21:35
Betr DFS,player_rebounds,Ja Morant,Under,3.5,-137,2025-12-13,2025-12-13T00:21:11Z,2025-12-12 16:21:35
Betr DFS,player_rebounds,Egor Demin,Over,3.5,-137,2025-12-13,2025-12-13T00:21:17Z,2025-12-12 16:21:35
Betr DFS,player_rebounds,Egor Demin,Under,3.5,-137,2025-12-13,2025-12-13T00:21:17Z,2025-12-12 16:21:35
Betr DFS,player_rebounds,P.J. Washington,Over,7.0,-137,2025-12-13,2025-12-13T00:21:17Z,2025-12-12 16:21:35
Betr DFS,player_rebounds,P.J. Washington,Under,7.0,-137,2025-12-13,2025-12-13T00:21:17Z,2025-12-12 16:21:35
Betr DFS,player_rebounds,Cooper Flagg,Over,6.5,-137,2025-12-13,2025-12-13T00:21:17Z,2025-12-12 16:21:35
Betr DFS,player_rebounds,Cooper Flagg,Under,6.5,-137,2025-12-13,2025-12-13T00:21:17Z,2025-12-12 16:21:35
Betr DFS,player_rebounds,Julius Randle,Over,7.5,-137,2025-12-13,2025-12-13T00:21:10Z,2025-12-12 16:21:35
Betr DFS,player_rebounds,Julius Randle,Under,7.5,-137,2025-12-13,2025-12-13T00:21:10Z,2025-12-12 16:21:35
Betr DFS,player_rebounds,Rudy Gobert,Over,10.5,-137,2025-12-13,2025-12-13T00:21:10Z,2025-12-12 16:21:35
Betr DFS,player_rebounds,Rudy Gobert,Under,10.5,-137,2025-12-13,2025-12-13T00:21:10Z,2025-12-12 16:21:35
Betr DFS,player_rebounds,Naz Reid,Over,6.5,-137,2025-12-13,2025-12-13T00:21:10Z,2025-12-12 16:21:35
Betr DFS,player_rebounds,Naz Reid,Under,6.5,-137,2025-12-13,2025-12-13T00:21:10Z,2025-12-12 16:21:35
Betr DFS,player_rebounds,Brandin Podziemski,Over,3.5,-137,2025-12-13,2025-12-13T00:21:10Z,2025-12-12 16:21:35
Betr DFS,player_rebounds,Brandin Podziemski,Under,3.5,-137,2025-12-13,2025-12-13T00:21:10Z,2025-12-12 16:21:35
Betr DFS,player_rebounds,Josh Hart,Over,8.5,-137,2025-12-13,2025-12-13T00:21:24Z,2025-12-12 16:21:35
Betr DFS,player_rebounds,Josh Hart,Under,8.5,-137,2025-12-13,2025-12-13T00:21:24Z,2025-12-12 16:21:35
Betr DFS,player_rebounds,OG Anunoby,Over,4.5,-137,2025-12-13,2025-12-13T00:21:24Z,2025-12-12 16:21:35
Betr DFS,player_rebounds,OG Anunoby,Under,4.5,-137,2025-12-13,2025-12-13T00:21:24Z,2025-12-12 16:21:35
Betr DFS,player_rebounds,Karl-Anthony Towns,Over,11.5,-137,2025-12-13,2025-12-13T00:21:24Z,2025-12-12 16:21:35
Betr DFS,player_rebounds,Karl-Anthony Towns,Under,11.5,-137,2025-12-13,2025-12-13T00:21:24Z,2025-12-12 16:21:35
Betr DFS,player_rebounds,Wendell Carter Jr,Over,8.5,-137,2025-12-13,2025-12-13T00:21:24Z,2025-12-12 16:21:35
Betr DFS,player_rebounds,Desmond Bane,Over,4.5,-137,2025-12-13,2025-12-13T00:21:24Z,2025-12-12 16:21:35
Betr DFS,player_rebounds,Desmond Bane,Under,4.5,-137,2025-12-13,2025-12-13T00:21:24Z,2025-12-12 16:21:35
Betr DFS,player_rebounds,Anthony Black,Over,5.0,-137,2025-12-13,2025-12-13T00:21:24Z,2025-12-12 16:21:35
Betr DFS,player_rebounds,Anthony Black,Under,5.0,-137,2025-12-13,2025-12-13T00:21:24Z,2025-12-12 16:21:35
Betr DFS,player_rebounds,De'Aaron Fox,Over,3.5,-137,2025-12-14,2025-12-13T00:21:24Z,2025-12-12 16:21:35
Betr DFS,player_rebounds,De'Aaron Fox,Under,3.5,-137,2025-12-14,2025-12-13T00:21:24Z,2025-12-12 16:21:35
Betr DFS,player_rebounds,Victor Wembanyama,Over,8.5,-137,2025-12-14,2025-12-13T00:21:24Z,2025-12-12 16:21:35
Betr DFS,player_rebounds,Victor Wembanyama,Under,8.5,-137,2025-12-14,2025-12-13T00:21:24Z,2025-12-12 16:21:35
Betr DFS,player_rebounds,Shai Gilgeous-Alexander,Over,4.5,-137,2025-12-14,2025-12-13T00:21:24Z,2025-12-12 16:21:35
Betr DFS,player_rebounds,Shai Gilgeous-Alexander,Under,4.5,-137,2025-12-14,2025-12-13T00:21:24Z,2025-12-12 16:21:35
DraftKings Pick6,player_rebounds,Jalen Johnson,Over,9.5,-137,2025-12-13,2025-12-13T00:19:03Z,2025-12-12 16:21:35
DraftKings Pick6,player_rebounds,Jalen Johnson,Under,9.5,-137,2025-12-13,2025-12-13T00:19:03Z,2025-12-12 16:21:35
DraftKings Pick6,player_rebounds,Onyeka Okongwu,Over,7.5,-137,2025-12-13,2025-12-13T00:19:03Z,2025-12-12 16:21:35
DraftKings Pick6,player_rebounds,Onyeka Okongwu,Under,7.5,-137,2025-12-13,2025-12-13T00:19:03Z,2025-12-12 16:21:35
DraftKings Pick6,player_rebounds,Ron Holland,Over,2.5,-137,2025-12-13,2025-12-13T00:19:03Z,2025-12-12 16:21:35
DraftKings Pick6,player_rebounds,Ron Holland,Under,2.5,-137,2025-12-13,2025-12-13T00:19:03Z,2025-12-12 16:21:35
DraftKings Pick6,player_rebounds,Onyeka Okongwu,Over,7.5,-137,2025-12-13,2025-12-13T00:19:03Z,2025-12-12 16:21:35
DraftKings Pick6,player_rebounds,Cade Cunningham,Over,5.5,-137,2025-12-13,2025-12-13T00:19:03Z,2025-12-12 16:21:35
DraftKings Pick6,player_rebounds,Cade Cunningham,Under,5.5,-137,2025-12-13,2025-12-13T00:19:03Z,2025-12-12 16:21:35
DraftKings Pick6,player_rebounds,Moussa Diabate,Over,7.5,-137,2025-12-13,2025-12-13T00:18:33Z,2025-12-12 16:21:35
DraftKings Pick6,player_rebounds,Lonzo Ball,Over,4.5,-137,2025-12-13,2025-12-13T00:18:43Z,2025-12-12 16:21:35
DraftKings Pick6,player_rebounds,Lonzo Ball,Under,4.5,-137,2025-12-13,2025-12-13T00:18:43Z,2025-12-12 16:21:35
DraftKings Pick6,player_rebounds,Donovan Mitchell,Over,4.5,-137,2025-12-13,2025-12-13T00:18:43Z,2025-12-12 16:21:35
DraftKings Pick6,player_rebounds,Donovan Mitchell,Under,4.5,-137,2025-12-13,2025-12-13T00:18:43Z,2025-12-12 16:21:35
DraftKings Pick6,player_rebounds,De'Andre Hunter,Over,3.5,-137,2025-12-13,2025-12-13T00:18:43Z,2025-12-12 16:21:35
DraftKings Pick6,player_rebounds,De'Andre Hunter,Under,3.5,-137,2025-12-13,2025-12-13T00:18:43Z,2025-12-12 16:21:35
DraftKings Pick6,player_rebounds,Nae'Qwan Tomlin,Over,3.5,-137,2025-12-13,2025-12-13T00:18:43Z,2025-12-12 16:21:35
DraftKings Pick6,player_rebounds,Nae'Qwan Tomlin,Under,3.5,-137,2025-12-13,2025-12-13T00:18:43Z,2025-12-12 16:21:35
DraftKings Pick6,player_rebounds,Tre Johnson,Over,2.5,-137,2025-12-13,2025-12-13T00:18:43Z,2025-12-12 16:21:35
DraftKings Pick6,player_rebounds,Tre Johnson,Under,2.5,-137,2025-12-13,2025-12-13T00:18:43Z,2025-12-12 16:21:35
DraftKings Pick6,player_rebounds,Paul George,Over,7.5,-137,2025-12-13,2025-12-13T00:18:53Z,2025-12-12 16:21:35
DraftKings Pick6,player_rebounds,Paul George,Under,7.5,-137,2025-12-13,2025-12-13T00:18:53Z,2025-12-12 16:21:35
DraftKings Pick6,player_rebounds,VJ Edgecombe,Over,5.5,-137,2025-12-13,2025-12-13T00:18:53Z,2025-12-12 16:21:35
DraftKings Pick6,player_rebounds,VJ Edgecombe,Under,5.5,-137,2025-12-13,2025-12-13T00:18:53Z,2025-12-12 16:21:35
DraftKings Pick6,player_rebounds,T.J. McConnell,Over,2.5,-137,2025-12-13,2025-12-13T00:18:53Z,2025-12-12 16:21:35
DraftKings Pick6,player_rebounds,T.J. McConnell,Under,2.5,-137,2025-12-13,2025-12-13T00:18:53Z,2025-12-12 16:21:35
DraftKings Pick6,player_rebounds,Andre Drummond,Over,7.5,-137,2025-12-13,2025-12-13T00:18:53Z,2025-12-12 16:21:35
DraftKings Pick6,player_rebounds,Andre Drummond,Over,7.5,-137,2025-12-13,2025-12-13T00:18:53Z,2025-12-12 16:21:35
DraftKings Pick6,player_rebounds,Andre Drummond,Under,7.5,-137,2025-12-13,2025-12-13T00:18:53Z,2025-12-12 16:21:35
DraftKings Pick6,player_rebounds,Joel Embiid,Over,5.5,-137,2025-12-13,2025-12-13T00:18:53Z,2025-12-12 16:21:35
DraftKings Pick6,player_rebounds,Joel Embiid,Under,5.5,-137,2025-12-13,2025-12-13T00:18:53Z,2025-12-12 16:21:35
DraftKings Pick6,player_rebounds,Isaiah Jackson,Over,5.5,-137,2025-12-13,2025-12-13T00:18:53Z,2025-12-12 16:21:35
DraftKings Pick6,player_rebounds,Isaiah Jackson,Under,5.5,-137,2025-12-13,2025-12-13T00:18:53Z,2025-12-12 16:21:35
DraftKings Pick6,player_rebounds,Andrew Nembhard,Over,3.5,-137,2025-12-13,2025-12-13T00:18:53Z,2025-12-12 16:21:35
DraftKings Pick6,player_rebounds,Andrew Nembhard,Under,3.5,-137,2025-12-13,2025-12-13T00:18:53Z,2025-12-12 16:21:35
DraftKings Pick6,player_rebounds,Jusuf Nurkic,Over,9.5,-137,2025-12-13,2025-12-13T00:19:11Z,2025-12-12 16:21:35
DraftKings Pick6,player_rebounds,Jusuf Nurkic,Under,9.5,-137,2025-12-13,2025-12-13T00:19:11Z,2025-12-12 16:21:35
DraftKings Pick6,player_rebounds,Cedric Coward,Over,6.5,-137,2025-12-13,2025-12-13T00:19:11Z,2025-12-12 16:21:35
DraftKings Pick6,player_rebounds,Cedric Coward,Under,6.5,-137,2025-12-13,2025-12-13T00:19:11Z,2025-12-12 16:21:35
DraftKings Pick6,player_rebounds,Lauri Markkanen,Over,6.5,-137,2025-12-13,2025-12-13T00:19:11Z,2025-12-12 16:21:35
DraftKings Pick6,player_rebounds,Lauri Markkanen,Under,6.5,-137,2025-12-13,2025-12-13T00:19:11Z,2025-12-12 16:21:35
DraftKings Pick6,player_rebounds,Jaren Jackson Jr,Over,5.5,-137,2025-12-13,2025-12-13T00:19:11Z,2025-12-12 16:21:35
DraftKings Pick6,player_rebounds,Jaren Jackson Jr,Under,5.5,-137,2025-12-13,2025-12-13T00:19:11Z,2025-12-12 16:21:35
DraftKings Pick6,player_rebounds,Kyle Filipowski,Over,7.5,-137,2025-12-13,2025-12-13T00:19:11Z,2025-12-12 16:21:35
PrizePicks,player_assists,Cade Cunningham,Over,9.0,-137,2025-12-13,2025-12-13T00:11:42Z,2025-12-12 16:21:35
PrizePicks,player_assists,Cade Cunningham,Under,9.0,-137,2025-12-13,2025-12-13T00:11:42Z,2025-12-12 16:21:35
PrizePicks,player_assists,Jalen Johnson,Over,8.0,-137,2025-12-13,2025-12-13T00:11:42Z,2025-12-12 16:21:35
PrizePicks,player_assists,Jalen Johnson,Under,8.0,-137,2025-12-13,2025-12-13T00:11:42Z,2025-12-12 16:21:35
PrizePicks,player_assists,Dyson Daniels,Over,5.0,-137,2025-12-13,2025-12-13T00:11:42Z,2025-12-12 16:21:35
PrizePicks,player_assists,Dyson Daniels,Under,5.0,-137,2025-12-13,2025-12-13T00:11:42Z,2025-12-12 16:21:35
PrizePicks,player_assists,Coby White,Over,4.5,-137,2025-12-13,2025-12-13T00:12:03Z,2025-12-12 16:21:35
PrizePicks,player_assists,Coby White,Under,4.5,-137,2025-12-13,2025-12-13T00:12:03Z,2025-12-12 16:21:35
PrizePicks,player_assists,Brandon Miller,Over,4.0,-137,2025-12-13,2025-12-13T00:12:03Z,2025-12-12 16:21:35
PrizePicks,player_assists,Brandon Miller,Under,4.0,-137,2025-12-13,2025-12-13T00:12:03Z,2025-12-12 16:21:35
PrizePicks,player_assists,Darius Garland,Over,6.5,-137,2025-12-13,2025-12-13T00:11:42Z,2025-12-12 16:21:35
PrizePicks,player_assists,Darius Garland,Under,6.5,-137,2025-12-13,2025-12-13T00:11:42Z,2025-12-12 16:21:35
PrizePicks,player_assists,Donovan Mitchell,Over,5.5,-137,2025-12-13,2025-12-13T00:11:42Z,2025-12-12 16:21:35
PrizePicks,player_assists,Donovan Mitchell,Under,5.5,-137,2025-12-13,2025-12-13T00:11:42Z,2025-12-12 16:21:35
PrizePicks,player_assists,Carlton Carrington,Over,5.0,-137,2025-12-13,2025-12-13T00:11:42Z,2025-12-12 16:21:35
PrizePicks,player_assists,Carlton Carrington,Under,5.0,-137,2025-12-13,2025-12-13T00:11:42Z,2025-12-12 16:21:35
PrizePicks,player_assists,Kyshawn George,Over,5.0,-137,2025-12-13,2025-12-13T00:11:42Z,2025-12-12 16:21:35
PrizePicks,player_assists,Kyshawn George,Under,5.0,-137,2025-12-13,2025-12-13T00:11:42Z,2025-12-12 16:21:35
PrizePicks,player_assists,Lonzo Ball,Over,4.5,-137,2025-12-13,2025-12-13T00:11:42Z,2025-12-12 16:21:35
PrizePicks,player_assists,Lonzo Ball,Under,4.5,-137,2025-12-13,2025-12-13T00:11:42Z,2025-12-12 16:21:35
PrizePicks,player_assists,Evan Mobley,Over,4.0,-137,2025-12-13,2025-12-13T00:11:42Z,2025-12-12 16:21:35
PrizePicks,player_assists,Evan Mobley,Under,4.0,-137,2025-12-13,2025-12-13T00:11:42Z,2025-12-12 16:21:35
PrizePicks,player_assists,C.J. McCollum,Over,4.0,-137,2025-12-13,2025-12-13T00:11:42Z,2025-12-12 16:21:35
PrizePicks,player_assists,C.J. McCollum,Under,4.0,-137,2025-12-13,2025-12-13T00:11:42Z,2025-12-12 16:21:35
PrizePicks,player_assists,Justin Champagnie,Over,1.5,-137,2025-12-13,2025-12-13T00:11:42Z,2025-12-12 16:21:35
PrizePicks,player_assists,Justin Champagnie,Under,1.5,-137,2025-12-13,2025-12-13T00:11:42Z,2025-12-12 16:21:35
PrizePicks,player_assists,Andrew Nembhard,Over,6.5,-137,2025-12-13,2025-12-13T00:10:07Z,2025-12-12 16:21:35
PrizePicks,player_assists,Andrew Nembhard,Under,6.5,-137,2025-12-13,2025-12-13T00:10:07Z,2025-12-12 16:21:35
PrizePicks,player_assists,T.J. McConnell,Over,4.0,-137,2025-12-13,2025-12-13T00:10:07Z,2025-12-12 16:21:35
PrizePicks,player_assists,T.J. McConnell,Under,4.0,-137,2025-12-13,2025-12-13T00:10:07Z,2025-12-12 16:21:35
PrizePicks,player_assists,Pascal Siakam,Over,4.0,-137,2025-12-13,2025-12-13T00:10:07Z,2025-12-12 16:21:35
PrizePicks,player_assists,Pascal Siakam,Under,4.0,-137,2025-12-13,2025-12-13T00:10:07Z,2025-12-12 16:21:35
PrizePicks,player_assists,Garrison Mathews,Over,0.5,-137,2025-12-13,2025-12-13T00:10:07Z,2025-12-12 16:21:35
PrizePicks,player_assists,Garrison Mathews,Under,0.5,-137,2025-12-13,2025-12-13T00:10:07Z,2025-12-12 16:21:35
PrizePicks,player_assists,Isaiah Jackson,Over,0.5,-137,2025-12-13,2025-12-13T00:10:07Z,2025-12-12 16:21:35
PrizePicks,player_assists,Isaiah Jackson,Under,0.5,-137,2025-12-13,2025-12-13T00:10:07Z,2025-12-12 16:21:35
PrizePicks,player_assists,Ja Morant,Over,6.5,-137,2025-12-13,2025-12-13T00:17:49Z,2025-12-12 16:21:35
PrizePicks,player_assists,Ja Morant,Under,6.5,-137,2025-12-13,2025-12-13T00:17:49Z,2025-12-12 16:21:35
PrizePicks,player_assists,Keyonte George,Over,6.0,-137,2025-12-13,2025-12-13T00:17:49Z,2025-12-12 16:21:35
PrizePicks,player_assists,Keyonte George,Under,6.0,-137,2025-12-13,2025-12-13T00:17:49Z,2025-12-12 16:21:35
PrizePicks,player_assists,Jusuf Nurkic,Over,3.5,-137,2025-12-13,2025-12-13T00:17:49Z,2025-12-12 16:21:35
PrizePicks,player_assists,Jusuf Nurkic,Under,3.5,-137,2025-12-13,2025-12-13T00:17:49Z,2025-12-12 16:21:35
PrizePicks,player_assists,Vincent Williams Jr,Over,3.5,-137,2025-12-13,2025-12-13T00:17:49Z,2025-12-12 16:21:35
PrizePicks,player_assists,Vincent Williams Jr,Under,3.5,-137,2025-12-13,2025-12-13T00:17:49Z,2025-12-12 16:21:35
PrizePicks,player_assists,Kentavious Caldwell-Pope,Over,2.5,-137,2025-12-13,2025-12-13T00:17:49Z,2025-12-12 16:21:35
PrizePicks,player_assists,Kentavious Caldwell-Pope,Under,2.5,-137,2025-12-13,2025-12-13T00:17:49Z,2025-12-12 16:21:35
PrizePicks,player_assists,Jock Landale,Over,1.5,-137,2025-12-13,2025-12-13T00:17:49Z,2025-12-12 16:21:35
PrizePicks,player_assists,Jock Landale,Under,1.5,-137,2025-12-13,2025-12-13T00:17:49Z,2025-12-12 16:21:35
PrizePicks,player_assists,Jaylen Wells,Over,1.5,-137,2025-12-13,2025-12-13T00:17:49Z,2025-12-12 16:21:35
PrizePicks,player_assists,Jaylen Wells,Under,1.5,-137,2025-12-13,2025-12-13T00:17:49Z,2025-12-12 16:21:35
PrizePicks,player_assists,Egor Demin,Over,4.0,-137,2025-12-13,2025-12-13T00:18:25Z,2025-12-12 16:21:35
PrizePicks,player_assists,Egor Demin,Under,4.0,-137,2025-12-13,2025-12-13T00:18:25Z,2025-12-12 16:21:35
PrizePicks,player_assists,Naji Marshall,Over,2.5,-137,2025-12-13,2025-12-13T00:18:25Z,2025-12-12 16:21:35
PrizePicks,player_assists,Naji Marshall,Under,2.5,-137,2025-12-13,2025-12-13T00:18:25Z,2025-12-12 16:21:35
PrizePicks,player_assists,Max Christie,Over,1.5,-137,2025-12-13,2025-12-13T00:18:25Z,2025-12-12 16:21:35
PrizePicks,player_assists,Max Christie,Under,1.5,-137,2025-12-13,2025-12-13T00:18:25Z,2025-12-12 16:21:35
PrizePicks,player_assists,Noah Clowney,Over,1.5,-137,2025-12-13,2025-12-13T00:18:25Z,2025-12-12 16:21:35
PrizePicks,player_assists,Noah Clowney,Under,1.5,-137,2025-12-13,2025-12-13T00:18:25Z,2025-12-12 16:21:35
PrizePicks,player_assists,Julius Randle,Over,6.0,-137,2025-12-13,2025-12-13T00:18:12Z,2025-12-12 16:21:35
PrizePicks,player_assists,Julius Randle,Under,6.0,-137,2025-12-13,2025-12-13T00:18:12Z,2025-12-12 16:21:35
PrizePicks,player_assists,Jimmy Butler,Over,5.5,-137,2025-12-13,2025-12-13T00:18:12Z,2025-12-12 16:21:35
PrizePicks,player_assists,Jimmy Butler,Under,5.5,-137,2025-12-13,2025-12-13T00:18:12Z,2025-12-12 16:21:35
PrizePicks,player_assists,Stephen Curry,Over,4.0,-137,2025-12-13,2025-12-13T00:18:12Z,2025-12-12 16:21:35
PrizePicks,player_assists,Stephen Curry,Under,4.0,-137,2025-12-13,2025-12-13T00:18:12Z,2025-12-12 16:21:35
PrizePicks,player_assists,Naz Reid,Over,2.5,-137,2025-12-13,2025-12-13T00:18:12Z,2025-12-12 16:21:35
PrizePicks,player_assists,Naz Reid,Under,2.5,-137,2025-12-13,2025-12-13T00:18:12Z,2025-12-12 16:21:35
PrizePicks,player_assists,Buddy Hield,Over,1.5,-137,2025-12-13,2025-12-13T00:18:12Z,2025-12-12 16:21:35
PrizePicks,player_assists,Buddy Hield,Under,1.5,-137,2025-12-13,2025-12-13T00:18:12Z,2025-12-12 16:21:35
PrizePicks,player_assists,Jalen Brunson,Over,6.0,-137,2025-12-13,2025-12-13T00:18:34Z,2025-12-12 16:21:35
PrizePicks,player_assists,Jalen Brunson,Under,6.0,-137,2025-12-13,2025-12-13T00:18:34Z,2025-12-12 16:21:35
PrizePicks,player_assists,Josh Hart,Over,5.5,-137,2025-12-13,2025-12-13T00:18:34Z,2025-12-12 16:21:35
PrizePicks,player_assists,Josh Hart,Under,5.5,-137,2025-12-13,2025-12-13T00:18:34Z,2025-12-12 16:21:35
PrizePicks,player_assists,Anthony Black,Over,4.5,-137,2025-12-13,2025-12-13T00:18:34Z,2025-12-12 16:21:35
PrizePicks,player_assists,Anthony Black,Under,4.5,-137,2025-12-13,2025-12-13T00:18:34Z,2025-12-12 16:21:35
PrizePicks,player_assists,Desmond Bane,Over,4.5,-137,2025-12-13,2025-12-13T00:18:34Z,2025-12-12 16:21:35
PrizePicks,player_assists,Desmond Bane,Under,4.5,-137,2025-12-13,2025-12-13T00:18:34Z,2025-12-12 16:21:35
PrizePicks,player_assists,Jalen Suggs,Over,4.5,-137,2025-12-13,2025-12-13T00:18:34Z,2025-12-12 16:21:35
PrizePicks,player_assists,Jalen Suggs,Under,4.5,-137,2025-12-13,2025-12-13T00:18:34Z,2025-12-12 16:21:35
PrizePicks,player_assists,Wendell Carter Jr,Over,1.5,-137,2025-12-13,2025-12-13T00:18:34Z,2025-12-12 16:21:35
PrizePicks,player_assists,Wendell Carter Jr,Under,1.5,-137,2025-12-13,2025-12-13T00:18:34Z,2025-12-12 16:21:35
PrizePicks,player_assists,Jalen Williams,Over,5.5,-137,2025-12-14,2025-12-13T00:18:09Z,2025-12-12 16:21:35
PrizePicks,player_assists,Jalen Williams,Under,5.5,-137,2025-12-14,2025-12-13T00:18:09Z,2025-12-12 16:21:35
PrizePicks,player_assists,Luguentz Dort,Over,0.5,-137,2025-12-14,2025-12-13T00:18:09Z,2025-12-12 16:21:35
PrizePicks,player_assists,Luguentz Dort,Under,0.5,-137,2025-12-14,2025-12-13T00:18:09Z,2025-12-12 16:21:35
Underdog,player_assists,Jaden Ivey,Over,1.5,-137,2025-12-13,2025-12-13T00:12:28Z,2025-12-12 16:21:35
Underdog,player_assists,Jaden Ivey,Under,1.5,-137,2025-12-13,2025-12-13T00:12:28Z,2025-12-12 16:21:35
Underdog,player_assists,Miles Bridges,Over,4.5,-137,2025-12-13,2025-12-13T00:12:07Z,2025-12-12 16:21:35
Underdog,player_assists,Miles Bridges,Under,4.5,-137,2025-12-13,2025-12-13T00:12:07Z,2025-12-12 16:21:35
Underdog,player_assists,Lonzo Ball,Over,4.5,-137,2025-12-13,2025-12-13T00:12:15Z,2025-12-12 16:21:35
Underdog,player_assists,Lonzo Ball,Under,4.5,-137,2025-12-13,2025-12-13T00:12:15Z,2025-12-12 16:21:35
Underdog,player_assists,Bennedict Mathurin,Over,2.5,-137,2025-12-13,2025-12-13T00:11:42Z,2025-12-12 16:21:35
Underdog,player_assists,Bennedict Mathurin,Under,2.5,-137,2025-12-13,2025-12-13T00:11:42Z,2025-12-12 16:21:35
Underdog,player_assists,Dominick Barlow,Over,1.5,-137,2025-12-13,2025-12-13T00:11:42Z,2025-12-12 16:21:35
Underdog,player_assists,Dominick Barlow,Under,1.5,-137,2025-12-13,2025-12-13T00:11:42Z,2025-12-12 16:21:35
Underdog,player_assists,Kentavious Caldwell-Pope,Over,2.5,-137,2025-12-13,2025-12-13T00:21:14Z,2025-12-12 16:21:35
Underdog,player_assists,Kentavious Caldwell-Pope,Under,2.5,-137,2025-12-13,2025-12-13T00:21:14Z,2025-12-12 16:21:35
Underdog,player_assists,Jusuf Nurkic,Over,3.5,-137,2025-12-13,2025-12-13T00:21:14Z,2025-12-12 16:21:35
Underdog,player_assists,Jusuf Nurkic,Under,3.5,-137,2025-12-13,2025-12-13T00:21:14Z,2025-12-12 16:21:35
Underdog,player_assists,Jock Landale,Over,1.5,-137,2025-12-13,2025-12-13T00:21:14Z,2025-12-12 16:21:35
Underdog,player_assists,Jock Landale,Under,1.5,-137,2025-12-13,2025-12-13T00:21:14Z,2025-12-12 16:21:35
Underdog,player_assists,Jaylen Wells,Over,1.5,-137,2025-12-13,2025-12-13T00:21:14Z,2025-12-12 16:21:35
Underdog,player_assists,Jaylen Wells,Under,1.5,-137,2025-12-13,2025-12-13T00:21:14Z,2025-12-12 16:21:35
Underdog,player_assists,Cam Spencer,Over,3.5,-137,2025-12-13,2025-12-13T00:21:14Z,2025-12-12 16:21:35
Underdog,player_assists,Cam Spencer,Under,3.5,-137,2025-12-13,2025-12-13T00:21:14Z,2025-12-12 16:21:35
Underdog,player_assists,Naji Marshall,Over,2.5,-137,2025-12-13,2025-12-13T00:21:29Z,2025-12-12 16:21:35
Underdog,player_assists,Naji Marshall,Under,2.5,-137,2025-12-13,2025-12-13T00:21:29Z,2025-12-12 16:21:35
Underdog,player_assists,Noah Clowney,Over,1.5,-137,2025-12-13,2025-12-13T00:21:29Z,2025-12-12 16:21:35
Underdog,player_assists,Noah Clowney,Under,1.5,-137,2025-12-13,2025-12-13T00:21:29Z,2025-12-12 16:21:35
Underdog,player_assists,Jaden McDaniels,Over,2.5,-137,2025-12-13,2025-12-13T00:21:01Z,2025-12-12 16:21:35
Underdog,player_assists,Jaden McDaniels,Under,2.5,-137,2025-12-13,2025-12-13T00:21:01Z,2025-12-12 16:21:35
Underdog,player_assists,Buddy Hield,Over,1.5,-137,2025-12-13,2025-12-13T00:21:01Z,2025-12-12 16:21:35
Underdog,player_assists,Buddy Hield,Under,1.5,-137,2025-12-13,2025-12-13T00:21:01Z,2025-12-12 16:21:35
Underdog,player_assists,Naz Reid,Over,2.5,-137,2025-12-13,2025-12-13T00:21:01Z,2025-12-12 16:21:35
Underdog,player_assists,Naz Reid,Under,2.5,-137,2025-12-13,2025-12-13T00:21:01Z,2025-12-12 16:21:35
Underdog,player_assists,Jalen Suggs,Over,4.5,-137,2025-12-13,2025-12-13T00:21:50Z,2025-12-12 16:21:35
Underdog,player_assists,Jalen Suggs,Under,4.5,-137,2025-12-13,2025-12-13T00:21:50Z,2025-12-12 16:21:35
Underdog,player_assists,Josh Hart,Over,5.5,-137,2025-12-13,2025-12-13T00:21:50Z,2025-12-12 16:21:35
Underdog,player_assists,Josh Hart,Under,5.5,-137,2025-12-13,2025-12-13T00:21:50Z,2025-12-12 16:21:35
Underdog,player_assists,Wendell Carter Jr,Over,1.5,-137,2025-12-13,2025-12-13T00:21:50Z,2025-12-12 16:21:35
Underdog,player_assists,Wendell Carter Jr,Under,1.5,-137,2025-12-13,2025-12-13T00:21:50Z,2025-12-12 16:21:35
Betr DFS,player_assists,Onyeka Okongwu,Over,2.5,-137,2025-12-13,2025-12-13T00:21:10Z,2025-12-12 16:21:35
Betr DFS,player_assists,Onyeka Okongwu,Under,2.5,-137,2025-12-13,2025-12-13T00:21:10Z,2025-12-12 16:21:35
Betr DFS,player_assists,Dyson Daniels,Over,5.5,-137,2025-12-13,2025-12-13T00:21:10Z,2025-12-12 16:21:35
Betr DFS,player_assists,Dyson Daniels,Under,5.5,-137,2025-12-13,2025-12-13T00:21:10Z,2025-12-12 16:21:35
Betr DFS,player_assists,Cade Cunningham,Over,9.5,-137,2025-12-13,2025-12-13T00:21:10Z,2025-12-12 16:21:35
Betr DFS,player_assists,Cade Cunningham,Under,9.5,-137,2025-12-13,2025-12-13T00:21:10Z,2025-12-12 16:21:35
Betr DFS,player_assists,Nikola Vucevic,Over,2.5,-137,2025-12-13,2025-12-13T00:21:01Z,2025-12-12 16:21:35
Betr DFS,player_assists,Nikola Vucevic,Under,2.5,-137,2025-12-13,2025-12-13T00:21:01Z,2025-12-12 16:21:35
Betr DFS,player_assists,Zach Collins,Over,1.5,-137,2025-12-13,2025-12-13T00:21:01Z,2025-12-12 16:21:35
Betr DFS,player_assists,Brandon Miller,Over,4.5,-137,2025-12-13,2025-12-13T00:21:01Z,2025-12-12 16:21:35
Betr DFS,player_assists,Lonzo Ball,Over,4.5,-137,2025-12-13,2025-12-13T00:20:59Z,2025-12-12 16:21:35
Betr DFS,player_assists,Donovan Mitchell,Over,6.5,-137,2025-12-13,2025-12-13T00:20:59Z,2025-12-12 16:21:35
Betr DFS,player_assists,Donovan Mitchell,Under,6.5,-137,2025-12-13,2025-12-13T00:20:59Z,2025-12-12 16:21:35
Betr DFS,player_assists,Darius Garland,Over,6.5,-137,2025-12-13,2025-12-13T00:20:59Z,2025-12-12 16:21:35
Betr DFS,player_assists,Darius Garland,Under,6.5,-137,2025-12-13,2025-12-13T00:20:59Z,2025-12-12 16:21:35
Betr DFS,player_assists,Evan Mobley,Over,5.5,-137,2025-12-13,2025-12-13T00:20:59Z,2025-12-12 16:21:35
Betr DFS,player_assists,Carlton Carrington,Over,6.5,-137,2025-12-13,2025-12-13T00:20:59Z,2025-12-12 16:21:35
Betr DFS,player_assists,Quentin Grimes,Over,4.5,-137,2025-12-13,2025-12-13T00:21:02Z,2025-12-12 16:21:35
Betr DFS,player_assists,Paul George,Over,5.5,-137,2025-12-13,2025-12-13T00:21:02Z,2025-12-12 16:21:35
Betr DFS,player_assists,Jusuf Nurkic,Over,3.5,-137,2025-12-13,2025-12-13T00:21:11Z,2025-12-12 16:21:35
Betr DFS,player_assists,Jusuf Nurkic,Under,3.5,-137,2025-12-13,2025-12-13T00:21:11Z,2025-12-12 16:21:35
Betr DFS,player_assists,Keyonte George,Over,6.0,-137,2025-12-13,2025-12-13T00:21:11Z,2025-12-12 16:21:35
Betr DFS,player_assists,Keyonte George,Under,6.0,-137,2025-12-13,2025-12-13T00:21:11Z,2025-12-12 16:21:35
Betr DFS,player_assists,Ja Morant,Over,6.5,-137,2025-12-13,2025-12-13T00:21:11Z,2025-12-12 16:21:35
Betr DFS,player_assists,Ja Morant,Under,6.5,-137,2025-12-13,2025-12-13T00:21:11Z,2025-12-12 16:21:35
Betr DFS,player_assists,Cam Spencer,Over,3.5,-137,2025-12-13,2025-12-13T00:21:11Z,2025-12-12 16:21:35
Betr DFS,player_assists,Cam Spencer,Under,3.5,-137,2025-12-13,2025-12-13T00:21:11Z,2025-12-12 16:21:35
Betr DFS,player_assists,Egor Demin,Over,4.5,-137,2025-12-13,2025-12-13T00:21:17Z,2025-12-12 16:21:35
Betr DFS,player_assists,Julius Randle,Over,6.0,-137,2025-12-13,2025-12-13T00:21:10Z,2025-12-12 16:21:35
Betr DFS,player_assists,Julius Randle,Under,6.0,-137,2025-12-13,2025-12-13T00:21:10Z,2025-12-12 16:21:35
Betr DFS,player_assists,Donte DiVincenzo,Over,4.5,-137,2025-12-13,2025-12-13T00:21:10Z,2025-12-12 16:21:35
Betr DFS,player_assists,Jimmy Butler,Over,5.5,-137,2025-12-13,2025-12-13T00:21:10Z,2025-12-12 16:21:35
Betr DFS,player_assists,Jimmy Butler,Under,5.5,-137,2025-12-13,2025-12-13T00:21:10Z,2025-12-12 16:21:35
Betr DFS,player_assists,Josh Hart,Over,5.5,-137,2025-12-13,2025-12-13T00:21:24Z,2025-12-12 16:21:35
Betr DFS,player_assists,Josh Hart,Under,5.5,-137,2025-12-13,2025-12-13T00:21:24Z,2025-12-12 16:21:35
Betr DFS,player_assists,Jalen Brunson,Over,6.5,-137,2025-12-13,2025-12-13T00:21:24Z,2025-12-12 16:21:35
Betr DFS,player_assists,Jalen Suggs,Over,4.5,-137,2025-12-13,2025-12-13T00:21:24Z,2025-12-12 16:21:35
Betr DFS,player_assists,Jalen Suggs,Under,4.5,-137,2025-12-13,2025-12-13T00:21:24Z,2025-12-12 16:21:35
Betr DFS,player_assists,Desmond Bane,Over,4.5,-137,2025-12-13,2025-12-13T00:21:24Z,2025-12-12 16:21:35
Betr DFS,player_assists,Desmond Bane,Under,4.5,-137,2025-12-13,2025-12-13T00:21:24Z,2025-12-12 16:21:35
Betr DFS,player_assists,Anthony Black,Over,4.5,-137,2025-12-13,2025-12-13T00:21:24Z,2025-12-12 16:21:35
Betr DFS,player_assists,Anthony Black,Under,4.5,-137,2025-12-13,2025-12-13T00:21:24Z,2025-12-12 16:21:35
Betr DFS,player_assists,De'Aaron Fox,Over,5.5,-137,2025-12-14,2025-12-13T00:21:24Z,2025-12-12 16:21:35
Betr DFS,player_assists,De'Aaron Fox,Under,5.5,-137,2025-12-14,2025-12-13T00:21:24Z,2025-12-12 16:21:35
Betr DFS,player_assists,Stephon Castle,Over,6.0,-137,2025-12-14,2025-12-13T00:21:24Z,2025-12-12 16:21:35
Betr DFS,player_assists,Stephon Castle,Under,6.0,-137,2025-12-14,2025-12-13T00:21:24Z,2025-12-12 16:21:35
Betr DFS,player_assists,Jalen Williams,Over,5.5,-137,2025-12-14,2025-12-13T00:21:24Z,2025-12-12 16:21:35
Betr DFS,player_assists,Jalen Williams,Under,5.5,-137,2025-12-14,2025-12-13T00:21:24Z,2025-12-12 16:21:35
DraftKings Pick6,player_assists,Jalen Johnson,Over,8.5,-137,2025-12-13,2025-12-13T00:19:03Z,2025-12-12 16:21:35
DraftKings Pick6,player_assists,Jalen Johnson,Under,8.5,-137,2025-12-13,2025-12-13T00:19:03Z,2025-12-12 16:21:35
DraftKings Pick6,player_assists,Cade Cunningham,Over,9.5,-137,2025-12-13,2025-12-13T00:19:03Z,2025-12-12 16:21:35
DraftKings Pick6,player_assists,Cade Cunningham,Under,9.5,-137,2025-12-13,2025-12-13T00:19:03Z,2025-12-12 16:21:35
DraftKings Pick6,player_assists,Ausar Thompson,Over,2.5,-137,2025-12-13,2025-12-13T00:19:03Z,2025-12-12 16:21:35
DraftKings Pick6,player_assists,Ausar Thompson,Under,2.5,-137,2025-12-13,2025-12-13T00:19:03Z,2025-12-12 16:21:35
DraftKings Pick6,player_assists,Lonzo Ball,Over,4.5,-137,2025-12-13,2025-12-13T00:18:43Z,2025-12-12 16:21:35
DraftKings Pick6,player_assists,Lonzo Ball,Under,4.5,-137,2025-12-13,2025-12-13T00:18:43Z,2025-12-12 16:21:35
DraftKings Pick6,player_assists,C.J. McCollum,Over,3.5,-137,2025-12-13,2025-12-13T00:18:43Z,2025-12-12 16:21:35
DraftKings Pick6,player_assists,C.J. McCollum,Under,3.5,-137,2025-12-13,2025-12-13T00:18:43Z,2025-12-12 16:21:35
DraftKings Pick6,player_assists,Kyshawn George,Over,5.5,-137,2025-12-13,2025-12-13T00:18:43Z,2025-12-12 16:21:35
DraftKings Pick6,player_assists,Evan Mobley,Over,5.5,-137,2025-12-13,2025-12-13T00:18:43Z,2025-12-12 16:21:35
DraftKings Pick6,player_assists,Evan Mobley,Under,5.5,-137,2025-12-13,2025-12-13T00:18:43Z,2025-12-12 16:21:35
DraftKings Pick6,player_assists,Paul George,Over,5.5,-137,2025-12-13,2025-12-13T00:18:53Z,2025-12-12 16:21:35
DraftKings Pick6,player_assists,Paul George,Under,5.5,-137,2025-12-13,2025-12-13T00:18:53Z,2025-12-12 16:21:35
DraftKings Pick6,player_assists,VJ Edgecombe,Over,3.5,-137,2025-12-13,2025-12-13T00:18:53Z,2025-12-12 16:21:35
DraftKings Pick6,player_assists,VJ Edgecombe,Under,3.5,-137,2025-12-13,2025-12-13T00:18:53Z,2025-12-12 16:21:35
DraftKings Pick6,player_assists,Joel Embiid,Over,3.5,-137,2025-12-13,2025-12-13T00:18:53Z,2025-12-12 16:21:35
DraftKings Pick6,player_assists,Joel Embiid,Under,3.5,-137,2025-12-13,2025-12-13T00:18:53Z,2025-12-12 16:21:35
DraftKings Pick6,player_assists,Pascal Siakam,Over,3.5,-137,2025-12-13,2025-12-13T00:18:53Z,2025-12-12 16:21:35
DraftKings Pick6,player_assists,Pascal Siakam,Under,3.5,-137,2025-12-13,2025-12-13T00:18:53Z,2025-12-12 16:21:35
DraftKings Pick6,player_assists,Cam Spencer,Over,3.5,-137,2025-12-13,2025-12-13T00:19:11Z,2025-12-12 16:21:35
DraftKings Pick6,player_assists,Cam Spencer,Under,3.5,-137,2025-12-13,2025-12-13T00:19:11Z,2025-12-12 16:21:35
DraftKings Pick6,player_assists,Jock Landale,Over,1.5,-137,2025-12-13,2025-12-13T00:19:11Z,2025-12-12 16:21:35
DraftKings Pick6,player_assists,Jock Landale,Under,1.5,-137,2025-12-13,2025-12-13T00:19:11Z,2025-12-12 16:21:35
PrizePicks,player_threes,Isaiah Stewart II,Over,0.5,-137,2025-12-13,2025-12-13T00:11:42Z,2025-12-12 16:21:35
PrizePicks,player_threes,Isaiah Stewart II,Under,0.5,-137,2025-12-13,2025-12-13T00:11:42Z,2025-12-12 16:21:35
PrizePicks,player_threes,KJ Simpson,Over,1.5,-137,2025-12-13,2025-12-13T00:12:03Z,2025-12-12 16:21:35
PrizePicks,player_threes,KJ Simpson,Under,1.5,-137,2025-12-13,2025-12-13T00:12:03Z,2025-12-12 16:21:35
PrizePicks,player_threes,Lonzo Ball,Over,1.5,-137,2025-12-13,2025-12-13T00:11:42Z,2025-12-12 16:21:35
PrizePicks,player_threes,Lonzo Ball,Under,1.5,-137,2025-12-13,2025-12-13T00:11:42Z,2025-12-12 16:21:35
PrizePicks,player_threes,Pascal Siakam,Over,1.5,-137,2025-12-13,2025-12-13T00:10:07Z,2025-12-12 16:21:35
PrizePicks,player_threes,Pascal Siakam,Under,1.5,-137,2025-12-13,2025-12-13T00:10:07Z,2025-12-12 16:21:35
PrizePicks,player_threes,Andrew Nembhard,Over,1.5,-137,2025-12-13,2025-12-13T00:10:07Z,2025-12-12 16:21:35
PrizePicks,player_threes,Andrew Nembhard,Under,1.5,-137,2025-12-13,2025-12-13T00:10:07Z,2025-12-12 16:21:35
PrizePicks,player_threes,Jabari Walker,Over,0.5,-137,2025-12-13,2025-12-13T00:10:07Z,2025-12-12 16:21:35
PrizePicks,player_threes,Jabari Walker,Under,0.5,-137,2025-12-13,2025-12-13T00:10:07Z,2025-12-12 16:21:35
PrizePicks,player_threes,Keyonte George,Over,2.5,-137,2025-12-13,2025-12-13T00:17:49Z,2025-12-12 16:21:35
PrizePicks,player_threes,Keyonte George,Under,2.5,-137,2025-12-13,2025-12-13T00:17:49Z,2025-12-12 16:21:35
PrizePicks,player_threes,Svi Mykhailiuk,Over,1.5,-137,2025-12-13,2025-12-13T00:17:49Z,2025-12-12 16:21:35
PrizePicks,player_threes,Svi Mykhailiuk,Under,1.5,-137,2025-12-13,2025-12-13T00:17:49Z,2025-12-12 16:21:35
PrizePicks,player_threes,Egor Demin,Over,1.5,-137,2025-12-13,2025-12-13T00:18:25Z,2025-12-12 16:21:35
PrizePicks,player_threes,Egor Demin,Under,1.5,-137,2025-12-13,2025-12-13T00:18:25Z,2025-12-12 16:21:35
PrizePicks,player_threes,P.J. Washington,Over,1.5,-137,2025-12-13,2025-12-13T00:18:25Z,2025-12-12 16:21:35
PrizePicks,player_threes,P.J. Washington,Under,1.5,-137,2025-12-13,2025-12-13T00:18:25Z,2025-12-12 16:21:35
PrizePicks,player_threes,Anthony Davis,Over,0.5,-137,2025-12-13,2025-12-13T00:18:25Z,2025-12-12 16:21:35
PrizePicks,player_threes,Anthony Davis,Under,0.5,-137,2025-12-13,2025-12-13T00:18:25Z,2025-12-12 16:21:35
PrizePicks,player_threes,Drake Powell,Over,0.5,-137,2025-12-13,2025-12-13T00:18:25Z,2025-12-12 16:21:35
PrizePicks,player_threes,Drake Powell,Under,0.5,-137,2025-12-13,2025-12-13T00:18:25Z,2025-12-12 16:21:35
PrizePicks,player_threes,Naz Reid,Over,2.5,-137,2025-12-13,2025-12-13T00:18:12Z,2025-12-12 16:21:35
PrizePicks,player_threes,Naz Reid,Under,2.5,-137,2025-12-13,2025-12-13T00:18:12Z,2025-12-12 16:21:35
PrizePicks,player_threes,Julius Randle,Over,1.5,-137,2025-12-13,2025-12-13T00:18:12Z,2025-12-12 16:21:35
PrizePicks,player_threes,Julius Randle,Under,1.5,-137,2025-12-13,2025-12-13T00:18:12Z,2025-12-12 16:21:35
PrizePicks,player_threes,Josh Hart,Over,1.5,-137,2025-12-13,2025-12-13T00:18:34Z,2025-12-12 16:21:35
PrizePicks,player_threes,Josh Hart,Under,1.5,-137,2025-12-13,2025-12-13T00:18:34Z,2025-12-12 16:21:35
PrizePicks,player_threes,Victor Wembanyama,Over,1.5,-137,2025-12-14,2025-12-13T00:18:09Z,2025-12-12 16:21:35
PrizePicks,player_threes,Victor Wembanyama,Under,1.5,-137,2025-12-14,2025-12-13T00:18:09Z,2025-12-12 16:21:35
Betr DFS,player_threes,Onyeka Okongwu,Over,1.5,-137,2025-12-13,2025-12-13T00:21:10Z,2025-12-12 16:21:35
Betr DFS,player_threes,Onyeka Okongwu,Under,1.5,-137,2025-12-13,2025-12-13T00:21:10Z,2025-12-12 16:21:35
Betr DFS,player_threes,Cade Cunningham,Over,2.5,-137,2025-12-13,2025-12-13T00:21:10Z,2025-12-12 16:21:35
Betr DFS,player_threes,Cade Cunningham,Under,2.5,-137,2025-12-13,2025-12-13T00:21:10Z,2025-12-12 16:21:35
Betr DFS,player_threes,Coby White,Over,2.5,-137,2025-12-13,2025-12-13T00:21:01Z,2025-12-12 16:21:35
Betr DFS,player_threes,De'Andre Hunter,Over,1.5,-137,2025-12-13,2025-12-13T00:20:59Z,2025-12-12 16:21:35
Betr DFS,player_threes,De'Andre Hunter,Under,1.5,-137,2025-12-13,2025-12-13T00:20:59Z,2025-12-12 16:21:35
Betr DFS,player_threes,Lonzo Ball,Over,1.5,-137,2025-12-13,2025-12-13T00:20:59Z,2025-12-12 16:21:35
Betr DFS,player_threes,Lonzo Ball,Under,1.5,-137,2025-12-13,2025-12-13T00:20:59Z,2025-12-12 16:21:35
Betr DFS,player_threes,Jaylon Tyson,Over,1.5,-137,2025-12-13,2025-12-13T00:20:59Z,2025-12-12 16:21:35
Betr DFS,player_threes,Jaylon Tyson,Under,1.5,-137,2025-12-13,2025-12-13T00:20:59Z,2025-12-12 16:21:35
Betr DFS,player_threes,C.J. McCollum,Over,3.5,-137,2025-12-13,2025-12-13T00:20:59Z,2025-12-12 16:21:35
Betr DFS,player_threes,VJ Edgecombe,Over,2.5,-137,2025-12-13,2025-12-13T00:21:02Z,2025-12-12 16:21:35
Betr DFS,player_threes,VJ Edgecombe,Under,2.5,-137,2025-12-13,2025-12-13T00:21:02Z,2025-12-12 16:21:35
Betr DFS,player_threes,Svi Mykhailiuk,Over,1.5,-137,2025-12-13,2025-12-13T00:21:11Z,2025-12-12 16:21:35
Betr DFS,player_threes,Svi Mykhailiuk,Under,1.5,-137,2025-12-13,2025-12-13T00:21:11Z,2025-12-12 16:21:35
Betr DFS,player_threes,Keyonte George,Over,2.5,-137,2025-12-13,2025-12-13T00:21:11Z,2025-12-12 16:21:35
Betr DFS,player_threes,Keyonte George,Under,2.5,-137,2025-12-13,2025-12-13T00:21:11Z,2025-12-12 16:21:35
Betr DFS,player_threes,Cedric Coward,Over,1.5,-137,2025-12-13,2025-12-13T00:21:11Z,2025-12-12 16:21:35
Betr DFS,player_threes,Cedric Coward,Under,1.5,-137,2025-12-13,2025-12-13T00:21:11Z,2025-12-12 16:21:35
Betr DFS,player_threes,Egor Demin,Over,1.5,-137,2025-12-13,2025-12-13T00:21:17Z,2025-12-12 16:21:35
Betr DFS,player_threes,Egor Demin,Under,1.5,-137,2025-12-13,2025-12-13T00:21:17Z,2025-12-12 16:21:35
Betr DFS,player_threes,P.J. Washington,Over,1.5,-137,2025-12-13,2025-12-13T00:21:17Z,2025-12-12 16:21:35
Betr DFS,player_threes,P.J. Washington,Under,1.5,-137,2025-12-13,2025-12-13T00:21:17Z,2025-12-12 16:21:35
Betr DFS,player_threes,Julius Randle,Over,1.5,-137,2025-12-13,2025-12-13T00:21:10Z,2025-12-12 16:21:35
Betr DFS,player_threes,Julius Randle,Under,1.5,-137,2025-12-13,2025-12-13T00:21:10Z,2025-12-12 16:21:35
Betr DFS,player_threes,Naz Reid,Over,2.5,-137,2025-12-13,2025-12-13T00:21:10Z,2025-12-12 16:21:35
Betr DFS,player_threes,Naz Reid,Under,2.5,-137,2025-12-13,2025-12-13T00:21:10Z,2025-12-12 16:21:35
Betr DFS,player_threes,Jaden McDaniels,Over,1.5,-137,2025-12-13,2025-12-13T00:21:10Z,2025-12-12 16:21:35
Betr DFS,player_threes,Donte DiVincenzo,Over,3.5,-137,2025-12-13,2025-12-13T00:21:10Z,2025-12-12 16:21:35
Betr DFS,player_threes,Stephen Curry,Over,4.5,-137,2025-12-13,2025-12-13T00:21:10Z,2025-12-12 16:21:35
Betr DFS,player_threes,Josh Hart,Over,1.5,-137,2025-12-13,2025-12-13T00:21:24Z,2025-12-12 16:21:35
Betr DFS,player_threes,Josh Hart,Under,1.5,-137,2025-12-13,2025-12-13T00:21:24Z,2025-12-12 16:21:35
Betr DFS,player_threes,Julian Champagnie,Over,1.5,-137,2025-12-14,2025-12-13T00:21:24Z,2025-12-12 16:21:35
Betr DFS,player_threes,Julian Champagnie,Under,1.5,-137,2025-12-14,2025-12-13T00:21:24Z,2025-12-12 16:21:35
Betr DFS,player_threes,Victor Wembanyama,Over,1.5,-137,2025-12-14,2025-12-13T00:21:24Z,2025-12-12 16:21:35
Betr DFS,player_threes,Victor Wembanyama,Under,1.5,-137,2025-12-14,2025-12-13T00:21:24Z,2025-12-12 16:21:35
Betr DFS,player_threes,Chet Holmgren,Over,1.5,-137,2025-12-14,2025-12-13T00:21:24Z,2025-12-12 16:21:35
DraftKings Pick6,player_threes,Nickeil Alexander-Walker,Over,3.5,-137,2025-12-13,2025-12-13T00:19:03Z,2025-12-12 16:21:35
DraftKings Pick6,player_threes,Nickeil Alexander-Walker,Under,3.5,-137,2025-12-13,2025-12-13T00:19:03Z,2025-12-12 16:21:35
DraftKings Pick6,player_threes,Isaiah Stewart II,Over,0.5,-137,2025-12-13,2025-12-13T00:19:03Z,2025-12-12 16:21:35
DraftKings Pick6,player_threes,Isaiah Stewart II,Under,0.5,-137,2025-12-13,2025-12-13T00:19:03Z,2025-12-12 16:21:35
DraftKings Pick6,player_threes,Jalen Johnson,Over,1.5,-137,2025-12-13,2025-12-13T00:19:03Z,2025-12-12 16:21:35
DraftKings Pick6,player_threes,Jalen Johnson,Under,1.5,-137,2025-12-13,2025-12-13T00:19:03Z,2025-12-12 16:21:35
DraftKings Pick6,player_threes,Nikola Vucevic,Over,2.5,-137,2025-12-13,2025-12-13T00:18:33Z,2025-12-12 16:21:35
DraftKings Pick6,player_threes,Carlton Carrington,Over,2.5,-137,2025-12-13,2025-12-13T00:18:43Z,2025-12-12 16:21:35
DraftKings Pick6,player_threes,C.J. McCollum,Over,3.5,-137,2025-12-13,2025-12-13T00:18:43Z,2025-12-12 16:21:35
DraftKings Pick6,player_threes,C.J. McCollum,Under,3.5,-137,2025-12-13,2025-12-13T00:18:43Z,2025-12-12 16:21:35
DraftKings Pick6,player_threes,Donovan Mitchell,Over,3.5,-137,2025-12-13,2025-12-13T00:18:43Z,2025-12-12 16:21:35
DraftKings Pick6,player_threes,Donovan Mitchell,Under,3.5,-137,2025-12-13,2025-12-13T00:18:43Z,2025-12-12 16:21:35
DraftKings Pick6,player_threes,Tre Johnson,Over,1.5,-137,2025-12-13,2025-12-13T00:18:43Z,2025-12-12 16:21:35
DraftKings Pick6,player_threes,Tre Johnson,Under,1.5,-137,2025-12-13,2025-12-13T00:18:43Z,2025-12-12 16:21:35
DraftKings Pick6,player_threes,VJ Edgecombe,Over,2.5,-137,2025-12-13,2025-12-13T00:18:53Z,2025-12-12 16:21:35
DraftKings Pick6,player_threes,Quentin Grimes,Over,2.5,-137,2025-12-13,2025-12-13T00:18:53Z,2025-12-12 16:21:35
DraftKings Pick6,player_threes,Jay Huff,Over,1.5,-137,2025-12-13,2025-12-13T00:18:53Z,2025-12-12 16:21:35
DraftKings Pick6,player_threes,Jay Huff,Under,1.5,-137,2025-12-13,2025-12-13T00:18:53Z,2025-12-12 16:21:35
DraftKings Pick6,player_threes,Keyonte George,Over,2.5,-137,2025-12-13,2025-12-13T00:19:11Z,2025-12-12 16:21:35
DraftKings Pick6,player_threes,Santi Aldama,Over,1.5,-137,2025-12-13,2025-12-13T00:19:11Z,2025-12-12 16:21:35
DraftKings Pick6,player_threes,Santi Aldama,Under,1.5,-137,2025-12-13,2025-12-13T00:19:11Z,2025-12-12 16:21:35
DraftKings Pick6,player_threes,Cedric Coward,Over,1.5,-137,2025-12-13,2025-12-13T00:19:11Z,2025-12-12 16:21:35
DraftKings Pick6,player_threes,Cedric Coward,Under,1.5,-137,2025-12-13,2025-12-13T00:19:11Z,2025-12-12 16:21:35
DraftKings Pick6,player_threes,Svi Mykhailiuk,Over,1.5,-137,2025-12-13,2025-12-13T00:19:11Z,2025-12-12 16:21:35
DraftKings Pick6,player_threes,Svi Mykhailiuk,Under,1.5,-137,2025-12-13,2025-12-13T00:19:11Z,2025-12-12 16:21:35
Underdog,player_threes,Zach Collins,Over,0.5,-137,2025-12-13,2025-12-13T00:12:07Z,2025-12-12 16:21:35
Underdog,player_threes,Zach Collins,Under,0.5,-137,2025-12-13,2025-12-13T00:12:07Z,2025-12-12 16:21:35
Underdog,player_threes,KJ Simpson,Over,1.5,-137,2025-12-13,2025-12-13T00:12:07Z,2025-12-12 16:21:35
Underdog,player_threes,KJ Simpson,Under,1.5,-137,2025-12-13,2025-12-13T00:12:07Z,2025-12-12 16:21:35
Underdog,player_threes,Lonzo Ball,Over,1.5,-137,2025-12-13,2025-12-13T00:12:15Z,2025-12-12 16:21:35
Underdog,player_threes,Lonzo Ball,Under,1.5,-137,2025-12-13,2025-12-13T00:12:15Z,2025-12-12 16:21:35
Underdog,player_threes,Nae'Qwan Tomlin,Over,0.5,-137,2025-12-13,2025-12-13T00:12:15Z,2025-12-12 16:21:35
Underdog,player_threes,Nae'Qwan Tomlin,Under,0.5,-137,2025-12-13,2025-12-13T00:12:15Z,2025-12-12 16:21:35
Underdog,player_threes,Pascal Siakam,Over,1.5,-137,2025-12-13,2025-12-13T00:11:42Z,2025-12-12 16:21:35
Underdog,player_threes,Pascal Siakam,Under,1.5,-137,2025-12-13,2025-12-13T00:11:42Z,2025-12-12 16:21:35
Underdog,player_threes,Andrew Nembhard,Over,1.5,-137,2025-12-13,2025-12-13T00:11:42Z,2025-12-12 16:21:35
Underdog,player_threes,Andrew Nembhard,Under,1.5,-137,2025-12-13,2025-12-13T00:11:42Z,2025-12-12 16:21:35
Underdog,player_threes,Anthony Davis,Over,0.5,-137,2025-12-13,2025-12-13T00:21:29Z,2025-12-12 16:21:35
Underdog,player_threes,Anthony Davis,Under,0.5,-137,2025-12-13,2025-12-13T00:21:29Z,2025-12-12 16:21:35
Underdog,player_threes,Egor Demin,Over,1.5,-137,2025-12-13,2025-12-13T00:21:29Z,2025-12-12 16:21:35
Underdog,player_threes,Egor Demin,Under,1.5,-137,2025-12-13,2025-12-13T00:21:29Z,2025-12-12 16:21:35
Underdog,player_threes,Drake Powell,Over,0.5,-137,2025-12-13,2025-12-13T00:21:29Z,2025-12-12 16:21:35
Underdog,player_threes,Drake Powell,Under,0.5,-137,2025-12-13,2025-12-13T00:21:29Z,2025-12-12 16:21:35
Underdog,player_threes,Naz Reid,Over,2.5,-137,2025-12-13,2025-12-13T00:21:01Z,2025-12-12 16:21:35
Underdog,player_threes,Naz Reid,Under,2.5,-137,2025-12-13,2025-12-13T00:21:01Z,2025-12-12 16:21:35
Underdog,player_threes,Victor Wembanyama,Over,1.5,-137,2025-12-14,2025-12-13T00:21:24Z,2025-12-12 16:21:35
Underdog,player_threes,Victor Wembanyama,Under,1.5,-137,2025-12-14,2025-12-13T00:21:24Z,2025-12-12 16:21:35
Betr DFS,player_blocks,Ausar Thompson,Over,0.5,-137,2025-12-13,2025-12-13T00:18:03Z,2025-12-12 16:21:35
Betr DFS,player_blocks,Evan Mobley,Over,1.5,-137,2025-12-13,2025-12-13T00:17:53Z,2025-12-12 16:21:35
Betr DFS,player_blocks,Jaylon Tyson,Over,0.5,-137,2025-12-13,2025-12-13T00:17:53Z,2025-12-12 16:21:35
Betr DFS,player_blocks,Kyshawn George,Over,1.5,-137,2025-12-13,2025-12-13T00:17:53Z,2025-12-12 16:21:35
Betr DFS,player_blocks,Kyle Filipowski,Over,0.5,-137,2025-12-13,2025-12-13T00:21:11Z,2025-12-12 16:21:35
Betr DFS,player_blocks,Ace Bailey,Over,0.5,-137,2025-12-13,2025-12-13T00:21:11Z,2025-12-12 16:21:35
Betr DFS,player_blocks,Santi Aldama,Over,0.5,-137,2025-12-13,2025-12-13T00:21:11Z,2025-12-12 16:21:35
Betr DFS,player_blocks,Santi Aldama,Under,0.5,-137,2025-12-13,2025-12-13T00:21:11Z,2025-12-12 16:21:35
Betr DFS,player_blocks,Day'Ron Sharpe,Over,0.5,-137,2025-12-13,2025-12-13T00:21:17Z,2025-12-12 16:21:35
Betr DFS,player_blocks,Day'Ron Sharpe,Under,0.5,-137,2025-12-13,2025-12-13T00:21:17Z,2025-12-12 16:21:35
Betr DFS,player_blocks,Noah Clowney,Over,0.5,-137,2025-12-13,2025-12-13T00:21:17Z,2025-12-12 16:21:35
Betr DFS,player_blocks,Noah Clowney,Under,0.5,-137,2025-12-13,2025-12-13T00:21:17Z,2025-12-12 16:21:35
Betr DFS,player_blocks,Anthony Davis,Over,1.5,-137,2025-12-13,2025-12-13T00:21:17Z,2025-12-12 16:21:35
Betr DFS,player_blocks,Anthony Davis,Under,1.5,-137,2025-12-13,2025-12-13T00:21:17Z,2025-12-12 16:21:35
Betr DFS,player_blocks,Wendell Carter Jr,Over,0.5,-137,2025-12-13,2025-12-13T00:21:24Z,2025-12-12 16:21:35
Betr DFS,player_blocks,Wendell Carter Jr,Under,0.5,-137,2025-12-13,2025-12-13T00:21:24Z,2025-12-12 16:21:35
Betr DFS,player_blocks,Jalen Suggs,Over,0.5,-137,2025-12-13,2025-12-13T00:21:24Z,2025-12-12 16:21:35
Betr DFS,player_blocks,Jalen Suggs,Under,0.5,-137,2025-12-13,2025-12-13T00:21:24Z,2025-12-12 16:21:35
Betr DFS,player_blocks,Anthony Black,Over,0.5,-137,2025-12-13,2025-12-13T00:21:24Z,2025-12-12 16:21:35
Betr DFS,player_blocks,Anthony Black,Under,0.5,-137,2025-12-13,2025-12-13T00:21:24Z,2025-12-12 16:21:35
Betr DFS,player_blocks,Victor Wembanyama,Over,2.5,-137,2025-12-14,2025-12-13T00:21:24Z,2025-12-12 16:21:35
Betr DFS,player_blocks,Victor Wembanyama,Under,2.5,-137,2025-12-14,2025-12-13T00:21:24Z,2025-12-12 16:21:35
Betr DFS,player_blocks,Shai Gilgeous-Alexander,Over,0.5,-137,2025-12-14,2025-12-13T00:21:24Z,2025-12-12 16:21:35
Betr DFS,player_blocks,Shai Gilgeous-Alexander,Under,0.5,-137,2025-12-14,2025-12-13T00:21:24Z,2025-12-12 16:21:35
PrizePicks,player_blocks,Evan Mobley,Over,1.5,-137,2025-12-13,2025-12-13T00:11:42Z,2025-12-12 16:21:35
PrizePicks,player_blocks,Evan Mobley,Under,1.5,-137,2025-12-13,2025-12-13T00:11:42Z,2025-12-12 16:21:35
PrizePicks,player_blocks,Noah Clowney,Over,0.5,-137,2025-12-13,2025-12-13T00:18:25Z,2025-12-12 16:21:35
PrizePicks,player_blocks,Noah Clowney,Under,0.5,-137,2025-12-13,2025-12-13T00:18:25Z,2025-12-12 16:21:35
PrizePicks,player_blocks,Day'Ron Sharpe,Over,0.5,-137,2025-12-13,2025-12-13T00:18:25Z,2025-12-12 16:21:35
PrizePicks,player_blocks,Day'Ron Sharpe,Under,0.5,-137,2025-12-13,2025-12-13T00:18:25Z,2025-12-12 16:21:35
PrizePicks,player_blocks,Jalen Suggs,Over,0.5,-137,2025-12-13,2025-12-13T00:18:34Z,2025-12-12 16:21:35
PrizePicks,player_blocks,Jalen Suggs,Under,0.5,-137,2025-12-13,2025-12-13T00:18:34Z,2025-12-12 16:21:35
PrizePicks,player_blocks,Wendell Carter Jr,Over,0.5,-137,2025-12-13,2025-12-13T00:18:34Z,2025-12-12 16:21:35
PrizePicks,player_blocks,Wendell Carter Jr,Under,0.5,-137,2025-12-13,2025-12-13T00:18:34Z,2025-12-12 16:21:35
PrizePicks,player_blocks,Anthony Black,Over,0.5,-137,2025-12-13,2025-12-13T00:18:34Z,2025-12-12 16:21:35
PrizePicks,player_blocks,Anthony Black,Under,0.5,-137,2025-12-13,2025-12-13T00:18:34Z,2025-12-12 16:21:35
PrizePicks,player_blocks,Victor Wembanyama,Over,2.5,-137,2025-12-14,2025-12-13T00:18:09Z,2025-12-12 16:21:35
PrizePicks,player_blocks,Victor Wembanyama,Under,2.5,-137,2025-12-14,2025-12-13T00:18:09Z,2025-12-12 16:21:35
PrizePicks,player_blocks,Shai Gilgeous-Alexander,Over,0.5,-137,2025-12-14,2025-12-13T00:18:09Z,2025-12-12 16:21:35
PrizePicks,player_blocks,Shai Gilgeous-Alexander,Under,0.5,-137,2025-12-14,2025-12-13T00:18:09Z,2025-12-12 16:21:35
Underdog,player_blocks,Evan Mobley,Over,1.5,-137,2025-12-13,2025-12-13T00:12:15Z,2025-12-12 16:21:35
Underdog,player_blocks,Evan Mobley,Under,1.5,-137,2025-12-13,2025-12-13T00:12:15Z,2025-12-12 16:21:35
Underdog,player_blocks,Victor Wembanyama,Over,2.5,-137,2025-12-14,2025-12-13T00:21:24Z,2025-12-12 16:21:35
Underdog,player_blocks,Victor Wembanyama,Under,2.5,-137,2025-12-14,2025-12-13T00:21:24Z,2025-12-12 16:21:35
DraftKings Pick6,player_blocks,Jaren Jackson Jr,Over,1.5,-137,2025-12-13,2025-12-13T00:19:11Z,2025-12-12 16:21:35
PrizePicks,player_steals,Caris LeVert,Over,0.5,-137,2025-12-13,2025-12-13T00:11:42Z,2025-12-12 16:21:35
PrizePicks,player_steals,Caris LeVert,Under,0.5,-137,2025-12-13,2025-12-13T00:11:42Z,2025-12-12 16:21:35
PrizePicks,player_steals,Moussa Diabate,Over,0.5,-137,2025-12-13,2025-12-13T00:12:03Z,2025-12-12 16:21:35
PrizePicks,player_steals,Moussa Diabate,Under,0.5,-137,2025-12-13,2025-12-13T00:12:03Z,2025-12-12 16:21:35
PrizePicks,player_steals,Isaiah Jackson,Over,0.5,-137,2025-12-13,2025-12-13T00:10:07Z,2025-12-12 16:21:35
PrizePicks,player_steals,Isaiah Jackson,Under,0.5,-137,2025-12-13,2025-12-13T00:10:07Z,2025-12-12 16:21:35
PrizePicks,player_steals,Svi Mykhailiuk,Over,0.5,-137,2025-12-13,2025-12-13T00:17:49Z,2025-12-12 16:21:35
PrizePicks,player_steals,Svi Mykhailiuk,Under,0.5,-137,2025-12-13,2025-12-13T00:17:49Z,2025-12-12 16:21:35
PrizePicks,player_steals,Walter Clayton Jr.,Over,0.5,-137,2025-12-13,2025-12-13T00:17:49Z,2025-12-12 16:21:35
PrizePicks,player_steals,Walter Clayton Jr.,Under,0.5,-137,2025-12-13,2025-12-13T00:17:49Z,2025-12-12 16:21:35
PrizePicks,player_steals,Jock Landale,Over,0.5,-137,2025-12-13,2025-12-13T00:17:49Z,2025-12-12 16:21:35
PrizePicks,player_steals,Jock Landale,Under,0.5,-137,2025-12-13,2025-12-13T00:17:49Z,2025-12-12 16:21:35
PrizePicks,player_steals,Kentavious Caldwell-Pope,Over,0.5,-137,2025-12-13,2025-12-13T00:17:49Z,2025-12-12 16:21:35
PrizePicks,player_steals,Kentavious Caldwell-Pope,Under,0.5,-137,2025-12-13,2025-12-13T00:17:49Z,2025-12-12 16:21:35
PrizePicks,player_steals,Vincent Williams Jr,Over,0.5,-137,2025-12-13,2025-12-13T00:17:49Z,2025-12-12 16:21:35
PrizePicks,player_steals,Vincent Williams Jr,Under,0.5,-137,2025-12-13,2025-12-13T00:17:49Z,2025-12-12 16:21:35
PrizePicks,player_steals,Drake Powell,Over,0.5,-137,2025-12-13,2025-12-13T00:18:25Z,2025-12-12 16:21:35
PrizePicks,player_steals,Drake Powell,Under,0.5,-137,2025-12-13,2025-12-13T00:18:25Z,2025-12-12 16:21:35
PrizePicks,player_steals,Nicolas Claxton,Over,0.5,-137,2025-12-13,2025-12-13T00:18:25Z,2025-12-12 16:21:35
PrizePicks,player_steals,Nicolas Claxton,Under,0.5,-137,2025-12-13,2025-12-13T00:18:25Z,2025-12-12 16:21:35
PrizePicks,player_steals,Ryan Nembhard,Over,0.5,-137,2025-12-13,2025-12-13T00:18:25Z,2025-12-12 16:21:35
PrizePicks,player_steals,Ryan Nembhard,Under,0.5,-137,2025-12-13,2025-12-13T00:18:25Z,2025-12-12 16:21:35
PrizePicks,player_steals,Day'Ron Sharpe,Over,0.5,-137,2025-12-13,2025-12-13T00:18:25Z,2025-12-12 16:21:35
PrizePicks,player_steals,Day'Ron Sharpe,Under,0.5,-137,2025-12-13,2025-12-13T00:18:25Z,2025-12-12 16:21:35
PrizePicks,player_steals,Julius Randle,Over,0.5,-137,2025-12-13,2025-12-13T00:18:12Z,2025-12-12 16:21:35
PrizePicks,player_steals,Julius Randle,Under,0.5,-137,2025-12-13,2025-12-13T00:18:12Z,2025-12-12 16:21:35
PrizePicks,player_steals,Paolo Banchero,Over,0.5,-137,2025-12-13,2025-12-13T00:18:34Z,2025-12-12 16:21:35
PrizePicks,player_steals,Paolo Banchero,Under,0.5,-137,2025-12-13,2025-12-13T00:18:34Z,2025-12-12 16:21:35
PrizePicks,player_steals,Wendell Carter Jr,Over,0.5,-137,2025-12-13,2025-12-13T00:18:34Z,2025-12-12 16:21:35
PrizePicks,player_steals,Wendell Carter Jr,Under,0.5,-137,2025-12-13,2025-12-13T00:18:34Z,2025-12-12 16:21:35
PrizePicks,player_steals,Jordan Clarkson,Over,0.5,-137,2025-12-13,2025-12-13T00:18:34Z,2025-12-12 16:21:35
PrizePicks,player_steals,Jordan Clarkson,Under,0.5,-137,2025-12-13,2025-12-13T00:18:34Z,2025-12-12 16:21:35
PrizePicks,player_steals,Cason Wallace,Over,1.5,-137,2025-12-14,2025-12-13T00:18:09Z,2025-12-12 16:21:35
PrizePicks,player_steals,Cason Wallace,Under,1.5,-137,2025-12-14,2025-12-13T00:18:09Z,2025-12-12 16:21:35
PrizePicks,player_steals,Julian Champagnie,Over,0.5,-137,2025-12-14,2025-12-13T00:18:09Z,2025-12-12 16:21:35
PrizePicks,player_steals,Julian Champagnie,Under,0.5,-137,2025-12-14,2025-12-13T00:18:09Z,2025-12-12 16:21:35
Underdog,player_steals,Dyson Daniels,Over,2.5,-137,2025-12-13,2025-12-13T00:12:28Z,2025-12-12 16:21:35
Underdog,player_steals,Dyson Daniels,Under,2.5,-137,2025-12-13,2025-12-13T00:12:28Z,2025-12-12 16:21:35
Underdog,player_steals,Cason Wallace,Over,1.5,-137,2025-12-14,2025-12-13T00:21:24Z,2025-12-12 16:21:35
Underdog,player_steals,Cason Wallace,Under,1.5,-137,2025-12-14,2025-12-13T00:21:24Z,2025-12-12 16:21:35
Betr DFS,player_steals,Luke Kennard,Over,0.5,-137,2025-12-13,2025-12-13T00:21:10Z,2025-12-12 16:21:35
Betr DFS,player_steals,Dyson Daniels,Over,2.5,-137,2025-12-13,2025-12-13T00:21:10Z,2025-12-12 16:21:35
Betr DFS,player_steals,Zaccharie Risacher,Over,0.5,-137,2025-12-13,2025-12-13T00:21:10Z,2025-12-12 16:21:35
Betr DFS,player_steals,Tobias Harris,Over,0.5,-137,2025-12-13,2025-12-13T00:21:10Z,2025-12-12 16:21:35
Betr DFS,player_steals,Caris LeVert,Over,0.5,-137,2025-12-13,2025-12-13T00:21:10Z,2025-12-12 16:21:35
Betr DFS,player_steals,Jalen Duren,Over,0.5,-137,2025-12-13,2025-12-13T00:21:10Z,2025-12-12 16:21:35
Betr DFS,player_steals,Moussa Diabate,Over,0.5,-137,2025-12-13,2025-12-13T00:11:37Z,2025-12-12 16:21:35
Betr DFS,player_steals,Marvin Bagley III,Over,0.5,-137,2025-12-13,2025-12-13T00:20:59Z,2025-12-12 16:21:35
Betr DFS,player_steals,C.J. McCollum,Over,0.5,-137,2025-12-13,2025-12-13T00:20:59Z,2025-12-12 16:21:35
Betr DFS,player_steals,Carlton Carrington,Over,0.5,-137,2025-12-13,2025-12-13T00:20:59Z,2025-12-12 16:21:35
Betr DFS,player_steals,Isaiah Jackson,Over,0.5,-137,2025-12-13,2025-12-13T00:21:02Z,2025-12-12 16:21:35
Betr DFS,player_steals,Svi Mykhailiuk,Over,0.5,-137,2025-12-13,2025-12-13T00:21:11Z,2025-12-12 16:21:35
Betr DFS,player_steals,Walter Clayton Jr.,Over,0.5,-137,2025-12-13,2025-12-13T00:21:11Z,2025-12-12 16:21:35
Betr DFS,player_steals,Nicolas Claxton,Over,0.5,-137,2025-12-13,2025-12-13T00:21:17Z,2025-12-12 16:21:35
Betr DFS,player_steals,Day'Ron Sharpe,Over,0.5,-137,2025-12-13,2025-12-13T00:21:17Z,2025-12-12 16:21:35
Betr DFS,player_steals,Ziaire Williams,Over,0.5,-137,2025-12-13,2025-12-13T00:21:17Z,2025-12-12 16:21:35
Betr DFS,player_steals,Terance Mann,Over,0.5,-137,2025-12-13,2025-12-13T00:21:17Z,2025-12-12 16:21:35
Betr DFS,player_steals,Max Christie,Over,0.5,-137,2025-12-13,2025-12-13T00:21:17Z,2025-12-12 16:21:35
Betr DFS,player_steals,Julius Randle,Over,0.5,-137,2025-12-13,2025-12-13T00:21:10Z,2025-12-12 16:21:35
Betr DFS,player_steals,Jimmy Butler,Over,1.5,-137,2025-12-13,2025-12-13T00:21:10Z,2025-12-12 16:21:35
Betr DFS,player_steals,Mikal Bridges,Over,1.5,-137,2025-12-13,2025-12-13T00:21:24Z,2025-12-12 16:21:35
Betr DFS,player_steals,OG Anunoby,Over,1.5,-137,2025-12-13,2025-12-13T00:21:24Z,2025-12-12 16:21:35
Betr DFS,player_steals,Jordan Clarkson,Over,0.5,-137,2025-12-13,2025-12-13T00:21:24Z,2025-12-12 16:21:35
Betr DFS,player_steals,Wendell Carter Jr,Over,0.5,-137,2025-12-13,2025-12-13T00:21:24Z,2025-12-12 16:21:35
Betr DFS,player_steals,Paolo Banchero,Over,0.5,-137,2025-12-13,2025-12-13T00:21:24Z,2025-12-12 16:21:35
Betr DFS,player_steals,Julian Champagnie,Over,0.5,-137,2025-12-14,2025-12-13T00:21:24Z,2025-12-12 16:21:35
Betr DFS,player_steals,Dylan Harper,Over,0.5,-137,2025-12-14,2025-12-13T00:21:24Z,2025-12-12 16:21:35
Betr DFS,player_steals,Shai Gilgeous-Alexander,Over,1.5,-137,2025-12-14,2025-12-13T00:21:24Z,2025-12-12 16:21:35
Betr DFS,player_steals,Cason Wallace,Over,1.5,-137,2025-12-14,2025-12-13T00:21:24Z,2025-12-12 16:21:35
DraftKings Pick6,player_steals,Dyson Daniels,Over,2.5,-137,2025-12-13,2025-12-13T00:19:03Z,2025-12-12 16:21:35
DraftKings Pick6,player_steals,Dyson Daniels,Under,2.5,-137,2025-12-13,2025-12-13T00:19:03Z,2025-12-12 16:21:35
DraftKings Pick6,player_steals,Marvin Bagley III,Over,0.5,-137,2025-12-13,2025-12-13T00:18:43Z,2025-12-12 16:21:35
DraftKings Pick6,player_steals,Marvin Bagley III,Under,0.5,-137,2025-12-13,2025-12-13T00:18:43Z,2025-12-12 16:21:35
DraftKings Pick6,player_steals,Nae'Qwan Tomlin,Over,0.5,-137,2025-12-13,2025-12-13T00:18:43Z,2025-12-12 16:21:35
DraftKings Pick6,player_steals,Nae'Qwan Tomlin,Under,0.5,-137,2025-12-13,2025-12-13T00:18:43Z,2025-12-12 16:21:35
PrizePicks,player_field_goals,Lauri Markkanen,Over,8.5,-137,2025-12-13,2025-12-13T00:17:49Z,2025-12-12 16:21:35
PrizePicks,player_field_goals,Lauri Markkanen,Under,8.5,-137,2025-12-13,2025-12-13T00:17:49Z,2025-12-12 16:21:35
PrizePicks,player_field_goals,Ace Bailey,Over,4.5,-137,2025-12-13,2025-12-13T00:17:49Z,2025-12-12 16:21:35
PrizePicks,player_field_goals,Ace Bailey,Under,4.5,-137,2025-12-13,2025-12-13T00:17:49Z,2025-12-12 16:21:35
PrizePicks,player_field_goals,Jock Landale,Over,4.5,-137,2025-12-13,2025-12-13T00:17:49Z,2025-12-12 16:21:35
PrizePicks,player_field_goals,Jock Landale,Under,4.5,-137,2025-12-13,2025-12-13T00:17:49Z,2025-12-12 16:21:35
PrizePicks,player_field_goals,Cam Spencer,Over,3.5,-137,2025-12-13,2025-12-13T00:17:49Z,2025-12-12 16:21:35
PrizePicks,player_field_goals,Cam Spencer,Under,3.5,-137,2025-12-13,2025-12-13T00:17:49Z,2025-12-12 16:21:35
PrizePicks,player_field_goals,Nicolas Claxton,Over,5.5,-137,2025-12-13,2025-12-13T00:18:25Z,2025-12-12 16:21:35
PrizePicks,player_field_goals,Nicolas Claxton,Under,5.5,-137,2025-12-13,2025-12-13T00:18:25Z,2025-12-12 16:21:35
PrizePicks,player_field_goals,P.J. Washington,Over,5.5,-137,2025-12-13,2025-12-13T00:18:25Z,2025-12-12 16:21:35
PrizePicks,player_field_goals,P.J. Washington,Under,5.5,-137,2025-12-13,2025-12-13T00:18:25Z,2025-12-12 16:21:35
PrizePicks,player_field_goals,Brandon Williams,Over,3.5,-137,2025-12-13,2025-12-13T00:18:25Z,2025-12-12 16:21:35
PrizePicks,player_field_goals,Brandon Williams,Under,3.5,-137,2025-12-13,2025-12-13T00:18:25Z,2025-12-12 16:21:35
PrizePicks,player_field_goals,Ryan Nembhard,Over,3.5,-137,2025-12-13,2025-12-13T00:18:25Z,2025-12-12 16:21:35
PrizePicks,player_field_goals,Ryan Nembhard,Under,3.5,-137,2025-12-13,2025-12-13T00:18:25Z,2025-12-12 16:21:35
PrizePicks,player_field_goals,Max Christie,Over,2.5,-137,2025-12-13,2025-12-13T00:18:25Z,2025-12-12 16:21:35
PrizePicks,player_field_goals,Max Christie,Under,2.5,-137,2025-12-13,2025-12-13T00:18:25Z,2025-12-12 16:21:35
Betr DFS,player_field_goals,Jalen Williams,Over,7.5,-137,2025-12-14,2025-12-13T00:21:24Z,2025-12-12 16:21:35
Betr DFS,player_field_goals,Jalen Williams,Under,7.5,-137,2025-12-14,2025-12-13T00:21:24Z,2025-12-12 16:21:35
PrizePicks,player_frees_made,Cade Cunningham,Over,4.5,-137,2025-12-13,2025-12-13T00:11:42Z,2025-12-12 16:21:35
PrizePicks,player_frees_made,Cade Cunningham,Under,4.5,-137,2025-12-13,2025-12-13T00:11:42Z,2025-12-12 16:21:35
PrizePicks,player_frees_made,Jalen Duren,Over,3.5,-137,2025-12-13,2025-12-13T00:11:42Z,2025-12-12 16:21:35
PrizePicks,player_frees_made,Jalen Duren,Under,3.5,-137,2025-12-13,2025-12-13T00:11:42Z,2025-12-12 16:21:35
PrizePicks,player_frees_made,Ausar Thompson,Over,1.5,-137,2025-12-13,2025-12-13T00:11:42Z,2025-12-12 16:21:35
PrizePicks,player_frees_made,Ausar Thompson,Under,1.5,-137,2025-12-13,2025-12-13T00:11:42Z,2025-12-12 16:21:35
PrizePicks,player_frees_made,Josh Giddey,Over,3.5,-137,2025-12-13,2025-12-13T00:12:03Z,2025-12-12 16:21:35
PrizePicks,player_frees_made,Josh Giddey,Under,3.5,-137,2025-12-13,2025-12-13T00:12:03Z,2025-12-12 16:21:35
PrizePicks,player_frees_made,KJ Simpson,Over,1.5,-137,2025-12-13,2025-12-13T00:12:03Z,2025-12-12 16:21:35
PrizePicks,player_frees_made,KJ Simpson,Under,1.5,-137,2025-12-13,2025-12-13T00:12:03Z,2025-12-12 16:21:35
PrizePicks,player_frees_made,Zach Collins,Over,0.5,-137,2025-12-13,2025-12-13T00:12:03Z,2025-12-12 16:21:35
PrizePicks,player_frees_made,Zach Collins,Under,0.5,-137,2025-12-13,2025-12-13T00:12:03Z,2025-12-12 16:21:35
PrizePicks,player_frees_made,Jared McCain,Over,1.5,-137,2025-12-13,2025-12-13T00:10:07Z,2025-12-12 16:21:35
PrizePicks,player_frees_made,Jared McCain,Under,1.5,-137,2025-12-13,2025-12-13T00:10:07Z,2025-12-12 16:21:35
PrizePicks,player_frees_made,Jarace Walker,Over,0.5,-137,2025-12-13,2025-12-13T00:10:07Z,2025-12-12 16:21:35
PrizePicks,player_frees_made,Jarace Walker,Under,0.5,-137,2025-12-13,2025-12-13T00:10:07Z,2025-12-12 16:21:35
PrizePicks,player_frees_made,Keyonte George,Over,5.5,-137,2025-12-13,2025-12-13T00:17:49Z,2025-12-12 16:21:35
PrizePicks,player_frees_made,Keyonte George,Under,5.5,-137,2025-12-13,2025-12-13T00:17:49Z,2025-12-12 16:21:35
PrizePicks,player_frees_made,Jaren Jackson Jr,Over,3.5,-137,2025-12-13,2025-12-13T00:17:49Z,2025-12-12 16:21:35
PrizePicks,player_frees_made,Jaren Jackson Jr,Under,3.5,-137,2025-12-13,2025-12-13T00:17:49Z,2025-12-12 16:21:35
PrizePicks,player_frees_made,Jusuf Nurkic,Over,1.5,-137,2025-12-13,2025-12-13T00:17:49Z,2025-12-12 16:21:35
PrizePicks,player_frees_made,Jusuf Nurkic,Under,1.5,-137,2025-12-13,2025-12-13T00:17:49Z,2025-12-12 16:21:35
PrizePicks,player_frees_made,Walter Clayton Jr.,Over,0.5,-137,2025-12-13,2025-12-13T00:17:49Z,2025-12-12 16:21:35
PrizePicks,player_frees_made,Walter Clayton Jr.,Under,0.5,-137,2025-12-13,2025-12-13T00:17:49Z,2025-12-12 16:21:35
PrizePicks,player_frees_made,Anthony Davis,Over,3.5,-137,2025-12-13,2025-12-13T00:18:25Z,2025-12-12 16:21:35
PrizePicks,player_frees_made,Anthony Davis,Under,3.5,-137,2025-12-13,2025-12-13T00:18:25Z,2025-12-12 16:21:35
PrizePicks,player_frees_made,Noah Clowney,Over,2.5,-137,2025-12-13,2025-12-13T00:18:25Z,2025-12-12 16:21:35
PrizePicks,player_frees_made,Noah Clowney,Under,2.5,-137,2025-12-13,2025-12-13T00:18:25Z,2025-12-12 16:21:35
PrizePicks,player_frees_made,Naji Marshall,Over,1.5,-137,2025-12-13,2025-12-13T00:18:25Z,2025-12-12 16:21:35
PrizePicks,player_frees_made,Naji Marshall,Under,1.5,-137,2025-12-13,2025-12-13T00:18:25Z,2025-12-12 16:21:35
PrizePicks,player_frees_made,Klay Thompson,Over,0.5,-137,2025-12-13,2025-12-13T00:18:25Z,2025-12-12 16:21:35
PrizePicks,player_frees_made,Klay Thompson,Under,0.5,-137,2025-12-13,2025-12-13T00:18:25Z,2025-12-12 16:21:35
PrizePicks,player_frees_made,Max Christie,Over,0.5,-137,2025-12-13,2025-12-13T00:18:25Z,2025-12-12 16:21:35
PrizePicks,player_frees_made,Max Christie,Under,0.5,-137,2025-12-13,2025-12-13T00:18:25Z,2025-12-12 16:21:35
PrizePicks,player_frees_made,Terance Mann,Over,0.5,-137,2025-12-13,2025-12-13T00:18:25Z,2025-12-12 16:21:35
PrizePicks,player_frees_made,Terance Mann,Under,0.5,-137,2025-12-13,2025-12-13T00:18:25Z,2025-12-12 16:21:35
PrizePicks,player_frees_made,Julius Randle,Over,5.5,-137,2025-12-13,2025-12-13T00:18:12Z,2025-12-12 16:21:35
PrizePicks,player_frees_made,Julius Randle,Under,5.5,-137,2025-12-13,2025-12-13T00:18:12Z,2025-12-12 16:21:35
PrizePicks,player_frees_made,Moses Moody,Over,0.5,-137,2025-12-13,2025-12-13T00:18:12Z,2025-12-12 16:21:35
PrizePicks,player_frees_made,Moses Moody,Under,0.5,-137,2025-12-13,2025-12-13T00:18:12Z,2025-12-12 16:21:35
Underdog,player_frees_made,Brandon Miller,Over,3.5,-137,2025-12-13,2025-12-13T00:12:07Z,2025-12-12 16:21:35
Underdog,player_frees_made,Brandon Miller,Under,3.5,-137,2025-12-13,2025-12-13T00:12:07Z,2025-12-12 16:21:35
Underdog,player_frees_made,Andrew Nembhard,Over,3.5,-137,2025-12-13,2025-12-13T00:11:42Z,2025-12-12 16:21:35
Underdog,player_frees_made,Andrew Nembhard,Under,3.5,-137,2025-12-13,2025-12-13T00:11:42Z,2025-12-12 16:21:35
Underdog,player_frees_made,Keyonte George,Over,5.5,-137,2025-12-13,2025-12-13T00:21:14Z,2025-12-12 16:21:35
Underdog,player_frees_made,Keyonte George,Under,5.5,-137,2025-12-13,2025-12-13T00:21:14Z,2025-12-12 16:21:35
Underdog,player_frees_made,Michael Porter Jr,Over,3.5,-137,2025-12-13,2025-12-13T00:21:29Z,2025-12-12 16:21:35
Underdog,player_frees_made,Michael Porter Jr,Under,3.5,-137,2025-12-13,2025-12-13T00:21:29Z,2025-12-12 16:21:35
Underdog,player_frees_made,Julius Randle,Over,5.5,-137,2025-12-13,2025-12-13T00:22:04Z,2025-12-12 16:21:35
Underdog,player_frees_made,Julius Randle,Under,5.5,-137,2025-12-13,2025-12-13T00:22:04Z,2025-12-12 16:21:35
PrizePicks,player_frees_attempts,Lauri Markkanen,Over,5.5,-137,2025-12-13,2025-12-13T00:17:49Z,2025-12-12 16:21:35
PrizePicks,player_frees_attempts,Lauri Markkanen,Under,5.5,-137,2025-12-13,2025-12-13T00:17:49Z,2025-12-12 16:21:35
PrizePicks,player_frees_attempts,Ja Morant,Over,4.5,-137,2025-12-13,2025-12-13T00:17:49Z,2025-12-12 16:21:35
PrizePicks,player_frees_attempts,Ja Morant,Under,4.5,-137,2025-12-13,2025-12-13T00:17:49Z,2025-12-12 16:21:35
PrizePicks,player_frees_attempts,Cedric Coward,Over,2.5,-137,2025-12-13,2025-12-13T00:17:49Z,2025-12-12 16:21:35
PrizePicks,player_frees_attempts,Cedric Coward,Under,2.5,-137,2025-12-13,2025-12-13T00:17:49Z,2025-12-12 16:21:35
PrizePicks,player_frees_attempts,Cam Spencer,Over,1.5,-137,2025-12-13,2025-12-13T00:17:49Z,2025-12-12 16:21:35
PrizePicks,player_frees_attempts,Cam Spencer,Under,1.5,-137,2025-12-13,2025-12-13T00:17:49Z,2025-12-12 16:21:35
PrizePicks,player_frees_attempts,Brandon Williams,Over,3.5,-137,2025-12-13,2025-12-13T00:18:25Z,2025-12-12 16:21:35
PrizePicks,player_frees_attempts,Brandon Williams,Under,3.5,-137,2025-12-13,2025-12-13T00:18:25Z,2025-12-12 16:21:35
PrizePicks,player_frees_attempts,Danny Wolf,Over,1.5,-137,2025-12-13,2025-12-13T00:18:25Z,2025-12-12 16:21:35
PrizePicks,player_frees_attempts,Danny Wolf,Under,1.5,-137,2025-12-13,2025-12-13T00:18:25Z,2025-12-12 16:21:35
PrizePicks,player_frees_attempts,Ziaire Williams,Over,1.5,-137,2025-12-13,2025-12-13T00:18:25Z,2025-12-12 16:21:35
PrizePicks,player_frees_attempts,Ziaire Williams,Under,1.5,-137,2025-12-13,2025-12-13T00:18:25Z,2025-12-12 16:21:35
PrizePicks,player_frees_attempts,Drake Powell,Over,0.5,-137,2025-12-13,2025-12-13T00:18:25Z,2025-12-12 16:21:35
PrizePicks,player_frees_attempts,Drake Powell,Under,0.5,-137,2025-12-13,2025-12-13T00:18:25Z,2025-12-12 16:21:35
PrizePicks,player_frees_attempts,Ryan Nembhard,Over,0.5,-137,2025-12-13,2025-12-13T00:18:25Z,2025-12-12 16:21:35
PrizePicks,player_frees_attempts,Ryan Nembhard,Under,0.5,-137,2025-12-13,2025-12-13T00:18:25Z,2025-12-12 16:21:35
PrizePicks,player_frees_attempts,Jimmy Butler,Over,7.5,-137,2025-12-13,2025-12-13T00:18:12Z,2025-12-12 16:21:35
PrizePicks,player_frees_attempts,Jimmy Butler,Under,7.5,-137,2025-12-13,2025-12-13T00:18:12Z,2025-12-12 16:21:35
PrizePicks,player_frees_attempts,De'Anthony Melton,Over,1.5,-137,2025-12-13,2025-12-13T00:18:12Z,2025-12-12 16:21:35
PrizePicks,player_frees_attempts,De'Anthony Melton,Under,1.5,-137,2025-12-13,2025-12-13T00:18:12Z,2025-12-12 16:21:35
PrizePicks,player_points_rebounds_assists,Jalen Johnson,Over,42.5,-137,2025-12-13,2025-12-13T00:11:42Z,2025-12-12 16:21:35
PrizePicks,player_points_rebounds_assists,Jalen Johnson,Under,42.5,-137,2025-12-13,2025-12-13T00:11:42Z,2025-12-12 16:21:35
PrizePicks,player_points_rebounds_assists,Cade Cunningham,Over,41.5,-137,2025-12-13,2025-12-13T00:11:42Z,2025-12-12 16:21:35
PrizePicks,player_points_rebounds_assists,Cade Cunningham,Under,41.5,-137,2025-12-13,2025-12-13T00:11:42Z,2025-12-12 16:21:35
PrizePicks,player_points_rebounds_assists,Jalen Duren,Over,31.5,-137,2025-12-13,2025-12-13T00:11:42Z,2025-12-12 16:21:35
PrizePicks,player_points_rebounds_assists,Jalen Duren,Under,31.5,-137,2025-12-13,2025-12-13T00:11:42Z,2025-12-12 16:21:35
PrizePicks,player_points_rebounds_assists,Onyeka Okongwu,Over,28.0,-137,2025-12-13,2025-12-13T00:11:42Z,2025-12-12 16:21:35
PrizePicks,player_points_rebounds_assists,Onyeka Okongwu,Under,28.0,-137,2025-12-13,2025-12-13T00:11:42Z,2025-12-12 16:21:35
PrizePicks,player_points_rebounds_assists,Nickeil Alexander-Walker,Over,27.5,-137,2025-12-13,2025-12-13T00:11:42Z,2025-12-12 16:21:35
PrizePicks,player_points_rebounds_assists,Nickeil Alexander-Walker,Under,27.5,-137,2025-12-13,2025-12-13T00:11:42Z,2025-12-12 16:21:35
PrizePicks,player_points_rebounds_assists,Dyson Daniels,Over,22.5,-137,2025-12-13,2025-12-13T00:11:42Z,2025-12-12 16:21:35
PrizePicks,player_points_rebounds_assists,Dyson Daniels,Under,22.5,-137,2025-12-13,2025-12-13T00:11:42Z,2025-12-12 16:21:35
PrizePicks,player_points_rebounds_assists,Tobias Harris,Over,21.5,-137,2025-12-13,2025-12-13T00:11:42Z,2025-12-12 16:21:35
PrizePicks,player_points_rebounds_assists,Tobias Harris,Under,21.5,-137,2025-12-13,2025-12-13T00:11:42Z,2025-12-12 16:21:35
PrizePicks,player_points_rebounds_assists,Ausar Thompson,Over,20.0,-137,2025-12-13,2025-12-13T00:11:42Z,2025-12-12 16:21:35
PrizePicks,player_points_rebounds_assists,Ausar Thompson,Under,20.0,-137,2025-12-13,2025-12-13T00:11:42Z,2025-12-12 16:21:35
PrizePicks,player_points_rebounds_assists,Duncan Robinson,Over,15.5,-137,2025-12-13,2025-12-13T00:11:42Z,2025-12-12 16:21:35
PrizePicks,player_points_rebounds_assists,Duncan Robinson,Under,15.5,-137,2025-12-13,2025-12-13T00:11:42Z,2025-12-12 16:21:35
PrizePicks,player_points_rebounds_assists,Isaiah Stewart II,Over,14.5,-137,2025-12-13,2025-12-13T00:11:42Z,2025-12-12 16:21:35
PrizePicks,player_points_rebounds_assists,Isaiah Stewart II,Under,14.5,-137,2025-12-13,2025-12-13T00:11:42Z,2025-12-12 16:21:35
PrizePicks,player_points_rebounds_assists,Zaccharie Risacher,Over,14.0,-137,2025-12-13,2025-12-13T00:11:42Z,2025-12-12 16:21:35
PrizePicks,player_points_rebounds_assists,Zaccharie Risacher,Under,14.0,-137,2025-12-13,2025-12-13T00:11:42Z,2025-12-12 16:21:35
PrizePicks,player_points_rebounds_assists,Caris LeVert,Over,13.5,-137,2025-12-13,2025-12-13T00:11:42Z,2025-12-12 16:21:35
PrizePicks,player_points_rebounds_assists,Caris LeVert,Under,13.5,-137,2025-12-13,2025-12-13T00:11:42Z,2025-12-12 16:21:35
PrizePicks,player_points_rebounds_assists,Vit Krejci,Over,13.5,-137,2025-12-13,2025-12-13T00:11:42Z,2025-12-12 16:21:35
PrizePicks,player_points_rebounds_assists,Vit Krejci,Under,13.5,-137,2025-12-13,2025-12-13T00:11:42Z,2025-12-12 16:21:35
PrizePicks,player_points_rebounds_assists,Jaden Ivey,Over,11.5,-137,2025-12-13,2025-12-13T00:11:42Z,2025-12-12 16:21:35
PrizePicks,player_points_rebounds_assists,Jaden Ivey,Under,11.5,-137,2025-12-13,2025-12-13T00:11:42Z,2025-12-12 16:21:35
PrizePicks,player_points_rebounds_assists,Luke Kennard,Over,10.5,-137,2025-12-13,2025-12-13T00:11:42Z,2025-12-12 16:21:35
PrizePicks,player_points_rebounds_assists,Luke Kennard,Under,10.5,-137,2025-12-13,2025-12-13T00:11:42Z,2025-12-12 16:21:35
PrizePicks,player_points_rebounds_assists,Josh Giddey,Over,37.5,-137,2025-12-13,2025-12-13T00:12:03Z,2025-12-12 16:21:35
PrizePicks,player_points_rebounds_assists,Josh Giddey,Under,37.5,-137,2025-12-13,2025-12-13T00:12:03Z,2025-12-12 16:21:35
PrizePicks,player_points_rebounds_assists,Miles Bridges,Over,34.5,-137,2025-12-13,2025-12-13T00:12:03Z,2025-12-12 16:21:35
PrizePicks,player_points_rebounds_assists,Miles Bridges,Under,34.5,-137,2025-12-13,2025-12-13T00:12:03Z,2025-12-12 16:21:35
PrizePicks,player_points_rebounds_assists,Brandon Miller,Over,30.5,-137,2025-12-13,2025-12-13T00:12:03Z,2025-12-12 16:21:35
PrizePicks,player_points_rebounds_assists,Brandon Miller,Under,30.5,-137,2025-12-13,2025-12-13T00:12:03Z,2025-12-12 16:21:35
PrizePicks,player_points_rebounds_assists,Coby White,Over,29.5,-137,2025-12-13,2025-12-13T00:12:03Z,2025-12-12 16:21:35
PrizePicks,player_points_rebounds_assists,Coby White,Under,29.5,-137,2025-12-13,2025-12-13T00:12:03Z,2025-12-12 16:21:35
PrizePicks,player_points_rebounds_assists,Nikola Vucevic,Over,28.0,-137,2025-12-13,2025-12-13T00:12:03Z,2025-12-12 16:21:35
PrizePicks,player_points_rebounds_assists,Nikola Vucevic,Under,28.0,-137,2025-12-13,2025-12-13T00:12:03Z,2025-12-12 16:21:35
PrizePicks,player_points_rebounds_assists,Kon Knueppel,Over,28.0,-137,2025-12-13,2025-12-13T00:12:03Z,2025-12-12 16:21:35
PrizePicks,player_points_rebounds_assists,Kon Knueppel,Under,28.0,-137,2025-12-13,2025-12-13T00:12:03Z,2025-12-12 16:21:35
PrizePicks,player_points_rebounds_assists,KJ Simpson,Over,21.5,-137,2025-12-13,2025-12-13T00:12:03Z,2025-12-12 16:21:35
PrizePicks,player_points_rebounds_assists,KJ Simpson,Under,21.5,-137,2025-12-13,2025-12-13T00:12:03Z,2025-12-12 16:21:35
PrizePicks,player_points_rebounds_assists,Matas Buzelis,Over,20.5,-137,2025-12-13,2025-12-13T00:12:03Z,2025-12-12 16:21:35
PrizePicks,player_points_rebounds_assists,Matas Buzelis,Under,20.5,-137,2025-12-13,2025-12-13T00:12:03Z,2025-12-12 16:21:35
PrizePicks,player_points_rebounds_assists,Tre Jones,Over,17.5,-137,2025-12-13,2025-12-13T00:12:03Z,2025-12-12 16:21:35
PrizePicks,player_points_rebounds_assists,Tre Jones,Under,17.5,-137,2025-12-13,2025-12-13T00:12:03Z,2025-12-12 16:21:35
PrizePicks,player_points_rebounds_assists,Moussa Diabate,Over,16.5,-137,2025-12-13,2025-12-13T00:12:03Z,2025-12-12 16:21:35
PrizePicks,player_points_rebounds_assists,Moussa Diabate,Under,16.5,-137,2025-12-13,2025-12-13T00:12:03Z,2025-12-12 16:21:35
PrizePicks,player_points_rebounds_assists,Ryan Kalkbrenner,Over,16.5,-137,2025-12-13,2025-12-13T00:12:03Z,2025-12-12 16:21:35
PrizePicks,player_points_rebounds_assists,Ryan Kalkbrenner,Under,16.5,-137,2025-12-13,2025-12-13T00:12:03Z,2025-12-12 16:21:35
PrizePicks,player_points_rebounds_assists,Patrick Williams,Over,11.5,-137,2025-12-13,2025-12-13T00:12:03Z,2025-12-12 16:21:35
PrizePicks,player_points_rebounds_assists,Patrick Williams,Under,11.5,-137,2025-12-13,2025-12-13T00:12:03Z,2025-12-12 16:21:35
PrizePicks,player_points_rebounds_assists,Sion James,Over,11.5,-137,2025-12-13,2025-12-13T00:12:03Z,2025-12-12 16:21:35
PrizePicks,player_points_rebounds_assists,Sion James,Under,11.5,-137,2025-12-13,2025-12-13T00:12:03Z,2025-12-12 16:21:35
PrizePicks,player_points_rebounds_assists,Tidjane Salaun,Over,11.5,-137,2025-12-13,2025-12-13T00:12:03Z,2025-12-12 16:21:35
PrizePicks,player_points_rebounds_assists,Tidjane Salaun,Under,11.5,-137,2025-12-13,2025-12-13T00:12:03Z,2025-12-12 16:21:35
PrizePicks,player_points_rebounds_assists,Isaac Okoro,Over,9.5,-137,2025-12-13,2025-12-13T00:12:03Z,2025-12-12 16:21:35
PrizePicks,player_points_rebounds_assists,Isaac Okoro,Under,9.5,-137,2025-12-13,2025-12-13T00:12:03Z,2025-12-12 16:21:35
PrizePicks,player_points_rebounds_assists,Donovan Mitchell,Over,40.5,-137,2025-12-13,2025-12-13T00:11:42Z,2025-12-12 16:21:35
PrizePicks,player_points_rebounds_assists,Donovan Mitchell,Under,40.5,-137,2025-12-13,2025-12-13T00:11:42Z,2025-12-12 16:21:35
PrizePicks,player_points_rebounds_assists,Evan Mobley,Over,35.5,-137,2025-12-13,2025-12-13T00:11:42Z,2025-12-12 16:21:35
PrizePicks,player_points_rebounds_assists,Evan Mobley,Under,35.5,-137,2025-12-13,2025-12-13T00:11:42Z,2025-12-12 16:21:35
PrizePicks,player_points_rebounds_assists,C.J. McCollum,Over,28.0,-137,2025-12-13,2025-12-13T00:11:42Z,2025-12-12 16:21:35
PrizePicks,player_points_rebounds_assists,C.J. McCollum,Under,28.0,-137,2025-12-13,2025-12-13T00:11:42Z,2025-12-12 16:21:35
PrizePicks,player_points_rebounds_assists,Darius Garland,Over,27.5,-137,2025-12-13,2025-12-13T00:11:42Z,2025-12-12 16:21:35
PrizePicks,player_points_rebounds_assists,Darius Garland,Under,27.5,-137,2025-12-13,2025-12-13T00:11:42Z,2025-12-12 16:21:35
PrizePicks,player_points_rebounds_assists,Kyshawn George,Over,26.5,-137,2025-12-13,2025-12-13T00:11:42Z,2025-12-12 16:21:35
PrizePicks,player_points_rebounds_assists,Kyshawn George,Under,26.5,-137,2025-12-13,2025-12-13T00:11:42Z,2025-12-12 16:21:35
PrizePicks,player_points_rebounds_assists,De'Andre Hunter,Over,22.5,-137,2025-12-13,2025-12-13T00:11:42Z,2025-12-12 16:21:35
PrizePicks,player_points_rebounds_assists,De'Andre Hunter,Under,22.5,-137,2025-12-13,2025-12-13T00:11:42Z,2025-12-12 16:21:35
PrizePicks,player_points_rebounds_assists,Jaylon Tyson,Over,22.5,-137,2025-12-13,2025-12-13T00:11:42Z,2025-12-12 16:21:35
PrizePicks,player_points_rebounds_assists,Jaylon Tyson,Under,22.5,-137,2025-12-13,2025-12-13T00:11:42Z,2025-12-12 16:21:35
PrizePicks,player_points_rebounds_assists,Carlton Carrington,Over,19.5,-137,2025-12-13,2025-12-13T00:11:42Z,2025-12-12 16:21:35
PrizePicks,player_points_rebounds_assists,Carlton Carrington,Under,19.5,-137,2025-12-13,2025-12-13T00:11:42Z,2025-12-12 16:21:35
PrizePicks,player_points_rebounds_assists,Marvin Bagley III,Over,19.5,-137,2025-12-13,2025-12-13T00:11:42Z,2025-12-12 16:21:35
PrizePicks,player_points_rebounds_assists,Marvin Bagley III,Under,19.5,-137,2025-12-13,2025-12-13T00:11:42Z,2025-12-12 16:21:35
PrizePicks,player_points_rebounds_assists,Tristan Vukcevic,Over,19.5,-137,2025-12-13,2025-12-13T00:11:42Z,2025-12-12 16:21:35
PrizePicks,player_points_rebounds_assists,Tristan Vukcevic,Under,19.5,-137,2025-12-13,2025-12-13T00:11:42Z,2025-12-12 16:21:35
PrizePicks,player_points_rebounds_assists,Justin Champagnie,Over,18.5,-137,2025-12-13,2025-12-13T00:11:42Z,2025-12-12 16:21:35
PrizePicks,player_points_rebounds_assists,Justin Champagnie,Under,18.5,-137,2025-12-13,2025-12-13T00:11:42Z,2025-12-12 16:21:35
PrizePicks,player_points_rebounds_assists,Lonzo Ball,Over,15.0,-137,2025-12-13,2025-12-13T00:11:42Z,2025-12-12 16:21:35
PrizePicks,player_points_rebounds_assists,Lonzo Ball,Under,15.0,-137,2025-12-13,2025-12-13T00:11:42Z,2025-12-12 16:21:35
PrizePicks,player_points_rebounds_assists,Tre Johnson,Over,14.5,-137,2025-12-13,2025-12-13T00:11:42Z,2025-12-12 16:21:35
PrizePicks,player_points_rebounds_assists,Tre Johnson,Under,14.5,-137,2025-12-13,2025-12-13T00:11:42Z,2025-12-12 16:21:35
PrizePicks,player_points_rebounds_assists,Pascal Siakam,Over,35.5,-137,2025-12-13,2025-12-13T00:10:07Z,2025-12-12 16:21:35
PrizePicks,player_points_rebounds_assists,Pascal Siakam,Under,35.5,-137,2025-12-13,2025-12-13T00:10:07Z,2025-12-12 16:21:35
PrizePicks,player_points_rebounds_assists,Joel Embiid,Over,35.0,-137,2025-12-13,2025-12-13T00:10:07Z,2025-12-12 16:21:35
PrizePicks,player_points_rebounds_assists,Joel Embiid,Under,35.0,-137,2025-12-13,2025-12-13T00:10:07Z,2025-12-12 16:21:35
PrizePicks,player_points_rebounds_assists,Bennedict Mathurin,Over,28.5,-137,2025-12-13,2025-12-13T00:10:07Z,2025-12-12 16:21:35
PrizePicks,player_points_rebounds_assists,Bennedict Mathurin,Under,28.5,-137,2025-12-13,2025-12-13T00:10:07Z,2025-12-12 16:21:35
PrizePicks,player_points_rebounds_assists,Quentin Grimes,Over,27.5,-137,2025-12-13,2025-12-13T00:10:07Z,2025-12-12 16:21:35
PrizePicks,player_points_rebounds_assists,Quentin Grimes,Under,27.5,-137,2025-12-13,2025-12-13T00:10:07Z,2025-12-12 16:21:35
PrizePicks,player_points_rebounds_assists,Paul George,Over,26.5,-137,2025-12-13,2025-12-13T00:10:07Z,2025-12-12 16:21:35
PrizePicks,player_points_rebounds_assists,Paul George,Under,26.5,-137,2025-12-13,2025-12-13T00:10:07Z,2025-12-12 16:21:35
PrizePicks,player_points_rebounds_assists,Andrew Nembhard,Over,26.0,-137,2025-12-13,2025-12-13T00:10:07Z,2025-12-12 16:21:35
PrizePicks,player_points_rebounds_assists,Andrew Nembhard,Under,26.0,-137,2025-12-13,2025-12-13T00:10:07Z,2025-12-12 16:21:35
PrizePicks,player_points_rebounds_assists,VJ Edgecombe,Over,25.5,-137,2025-12-13,2025-12-13T00:10:07Z,2025-12-12 16:21:35
PrizePicks,player_points_rebounds_assists,VJ Edgecombe,Under,25.5,-137,2025-12-13,2025-12-13T00:10:07Z,2025-12-12 16:21:35
PrizePicks,player_points_rebounds_assists,Jared McCain,Over,19.5,-137,2025-12-13,2025-12-13T00:10:07Z,2025-12-12 16:21:35
PrizePicks,player_points_rebounds_assists,Jared McCain,Under,19.5,-137,2025-12-13,2025-12-13T00:10:07Z,2025-12-12 16:21:35
PrizePicks,player_points_rebounds_assists,Jay Huff,Over,15.5,-137,2025-12-13,2025-12-13T00:10:07Z,2025-12-12 16:21:35
PrizePicks,player_points_rebounds_assists,Jay Huff,Under,15.5,-137,2025-12-13,2025-12-13T00:10:07Z,2025-12-12 16:21:35
PrizePicks,player_points_rebounds_assists,T.J. McConnell,Over,15.5,-137,2025-12-13,2025-12-13T00:10:07Z,2025-12-12 16:21:35
PrizePicks,player_points_rebounds_assists,T.J. McConnell,Under,15.5,-137,2025-12-13,2025-12-13T00:10:07Z,2025-12-12 16:21:35
PrizePicks,player_points_rebounds_assists,Isaiah Jackson,Over,12.5,-137,2025-12-13,2025-12-13T00:10:07Z,2025-12-12 16:21:35
PrizePicks,player_points_rebounds_assists,Isaiah Jackson,Under,12.5,-137,2025-12-13,2025-12-13T00:10:07Z,2025-12-12 16:21:35
PrizePicks,player_points_rebounds_assists,Jarace Walker,Over,11.5,-137,2025-12-13,2025-12-13T00:10:07Z,2025-12-12 16:21:35
PrizePicks,player_points_rebounds_assists,Jarace Walker,Under,11.5,-137,2025-12-13,2025-12-13T00:10:07Z,2025-12-12 16:21:35
PrizePicks,player_points_rebounds_assists,Jabari Walker,Over,10.5,-137,2025-12-13,2025-12-13T00:10:07Z,2025-12-12 16:21:35
PrizePicks,player_points_rebounds_assists,Jabari Walker,Under,10.5,-137,2025-12-13,2025-12-13T00:10:07Z,2025-12-12 16:21:35
PrizePicks,player_points_rebounds_assists,Garrison Mathews,Over,7.5,-137,2025-12-13,2025-12-13T00:10:07Z,2025-12-12 16:21:35
PrizePicks,player_points_rebounds_assists,Garrison Mathews,Under,7.5,-137,2025-12-13,2025-12-13T00:10:07Z,2025-12-12 16:21:35
PrizePicks,player_points_rebounds_assists,Lauri Markkanen,Over,33.5,-137,2025-12-13,2025-12-13T00:17:49Z,2025-12-12 16:21:35
PrizePicks,player_points_rebounds_assists,Lauri Markkanen,Under,33.5,-137,2025-12-13,2025-12-13T00:17:49Z,2025-12-12 16:21:35
PrizePicks,player_points_rebounds_assists,Keyonte George,Over,32.5,-137,2025-12-13,2025-12-13T00:17:49Z,2025-12-12 16:21:35
PrizePicks,player_points_rebounds_assists,Keyonte George,Under,32.5,-137,2025-12-13,2025-12-13T00:17:49Z,2025-12-12 16:21:35
PrizePicks,player_points_rebounds_assists,Ja Morant,Over,30.0,-137,2025-12-13,2025-12-13T00:17:49Z,2025-12-12 16:21:35
PrizePicks,player_points_rebounds_assists,Ja Morant,Under,30.0,-137,2025-12-13,2025-12-13T00:17:49Z,2025-12-12 16:21:35
PrizePicks,player_points_rebounds_assists,Jaren Jackson Jr,Over,26.5,-137,2025-12-13,2025-12-13T00:17:49Z,2025-12-12 16:21:35
PrizePicks,player_points_rebounds_assists,Jaren Jackson Jr,Under,26.5,-137,2025-12-13,2025-12-13T00:17:49Z,2025-12-12 16:21:35
PrizePicks,player_points_rebounds_assists,Cedric Coward,Over,25.0,-137,2025-12-13,2025-12-13T00:17:49Z,2025-12-12 16:21:35
PrizePicks,player_points_rebounds_assists,Cedric Coward,Under,25.0,-137,2025-12-13,2025-12-13T00:17:49Z,2025-12-12 16:21:35
PrizePicks,player_points_rebounds_assists,Santi Aldama,Over,24.0,-137,2025-12-13,2025-12-13T00:17:49Z,2025-12-12 16:21:35
PrizePicks,player_points_rebounds_assists,Santi Aldama,Under,24.0,-137,2025-12-13,2025-12-13T00:17:49Z,2025-12-12 16:21:35
PrizePicks,player_points_rebounds_assists,Jusuf Nurkic,Over,23.5,-137,2025-12-13,2025-12-13T00:17:49Z,2025-12-12 16:21:35
PrizePicks,player_points_rebounds_assists,Jusuf Nurkic,Under,23.5,-137,2025-12-13,2025-12-13T00:17:49Z,2025-12-12 16:21:35
PrizePicks,player_points_rebounds_assists,Jock Landale,Over,20.5,-137,2025-12-13,2025-12-13T00:17:49Z,2025-12-12 16:21:35
PrizePicks,player_points_rebounds_assists,Jock Landale,Under,20.5,-137,2025-12-13,2025-12-13T00:17:49Z,2025-12-12 16:21:35
PrizePicks,player_points_rebounds_assists,Kyle Filipowski,Over,20.5,-137,2025-12-13,2025-12-13T00:17:49Z,2025-12-12 16:21:35
PrizePicks,player_points_rebounds_assists,Kyle Filipowski,Under,20.5,-137,2025-12-13,2025-12-13T00:17:49Z,2025-12-12 16:21:35
PrizePicks,player_points_rebounds_assists,Ace Bailey,Over,18.5,-137,2025-12-13,2025-12-13T00:17:49Z,2025-12-12 16:21:35
PrizePicks,player_points_rebounds_assists,Ace Bailey,Under,18.5,-137,2025-12-13,2025-12-13T00:17:49Z,2025-12-12 16:21:35
PrizePicks,player_points_rebounds_assists,Jaylen Wells,Over,18.5,-137,2025-12-13,2025-12-13T00:17:49Z,2025-12-12 16:21:35
PrizePicks,player_points_rebounds_assists,Jaylen Wells,Under,18.5,-137,2025-12-13,2025-12-13T00:17:49Z,2025-12-12 16:21:35
PrizePicks,player_points_rebounds_assists,Cam Spencer,Over,16.5,-137,2025-12-13,2025-12-13T00:17:49Z,2025-12-12 16:21:35
PrizePicks,player_points_rebounds_assists,Cam Spencer,Under,16.5,-137,2025-12-13,2025-12-13T00:17:49Z,2025-12-12 16:21:35
PrizePicks,player_points_rebounds_assists,Walter Clayton Jr.,Over,14.5,-137,2025-12-13,2025-12-13T00:17:49Z,2025-12-12 16:21:35
PrizePicks,player_points_rebounds_assists,Walter Clayton Jr.,Under,14.5,-137,2025-12-13,2025-12-13T00:17:49Z,2025-12-12 16:21:35
PrizePicks,player_points_rebounds_assists,Vincent Williams Jr,Over,14.5,-137,2025-12-13,2025-12-13T00:17:49Z,2025-12-12 16:21:35
PrizePicks,player_points_rebounds_assists,Vincent Williams Jr,Under,14.5,-137,2025-12-13,2025-12-13T00:17:49Z,2025-12-12 16:21:35
PrizePicks,player_points_rebounds_assists,Svi Mykhailiuk,Over,12.5,-137,2025-12-13,2025-12-13T00:17:49Z,2025-12-12 16:21:35
PrizePicks,player_points_rebounds_assists,Svi Mykhailiuk,Under,12.5,-137,2025-12-13,2025-12-13T00:17:49Z,2025-12-12 16:21:35
PrizePicks,player_points_rebounds_assists,Anthony Davis,Over,36.5,-137,2025-12-13,2025-12-13T00:18:25Z,2025-12-12 16:21:35
PrizePicks,player_points_rebounds_assists,Anthony Davis,Under,36.5,-137,2025-12-13,2025-12-13T00:18:25Z,2025-12-12 16:21:35
PrizePicks,player_points_rebounds_assists,Michael Porter Jr,Over,34.5,-137,2025-12-13,2025-12-13T00:18:25Z,2025-12-12 16:21:35
PrizePicks,player_points_rebounds_assists,Michael Porter Jr,Under,34.5,-137,2025-12-13,2025-12-13T00:18:25Z,2025-12-12 16:21:35
PrizePicks,player_points_rebounds_assists,Cooper Flagg,Over,28.0,-137,2025-12-13,2025-12-13T00:18:25Z,2025-12-12 16:21:35
PrizePicks,player_points_rebounds_assists,Cooper Flagg,Under,28.0,-137,2025-12-13,2025-12-13T00:18:25Z,2025-12-12 16:21:35
PrizePicks,player_points_rebounds_assists,Nicolas Claxton,Over,26.5,-137,2025-12-13,2025-12-13T00:18:25Z,2025-12-12 16:21:35
PrizePicks,player_points_rebounds_assists,Nicolas Claxton,Under,26.5,-137,2025-12-13,2025-12-13T00:18:25Z,2025-12-12 16:21:35
PrizePicks,player_points_rebounds_assists,P.J. Washington,Over,24.5,-137,2025-12-13,2025-12-13T00:18:25Z,2025-12-12 16:21:35
PrizePicks,player_points_rebounds_assists,P.J. Washington,Under,24.5,-137,2025-12-13,2025-12-13T00:18:25Z,2025-12-12 16:21:35
PrizePicks,player_points_rebounds_assists,Noah Clowney,Over,19.5,-137,2025-12-13,2025-12-13T00:18:25Z,2025-12-12 16:21:35
PrizePicks,player_points_rebounds_assists,Noah Clowney,Under,19.5,-137,2025-12-13,2025-12-13T00:18:25Z,2025-12-12 16:21:35
PrizePicks,player_points_rebounds_assists,Naji Marshall,Over,18.5,-137,2025-12-13,2025-12-13T00:18:25Z,2025-12-12 16:21:35
PrizePicks,player_points_rebounds_assists,Naji Marshall,Under,18.5,-137,2025-12-13,2025-12-13T00:18:25Z,2025-12-12 16:21:35
PrizePicks,player_points_rebounds_assists,Ryan Nembhard,Over,18.5,-137,2025-12-13,2025-12-13T00:18:25Z,2025-12-12 16:21:35
PrizePicks,player_points_rebounds_assists,Ryan Nembhard,Under,18.5,-137,2025-12-13,2025-12-13T00:18:25Z,2025-12-12 16:21:35
PrizePicks,player_points_rebounds_assists,Brandon Williams,Over,16.5,-137,2025-12-13,2025-12-13T00:18:25Z,2025-12-12 16:21:35
PrizePicks,player_points_rebounds_assists,Brandon Williams,Under,16.5,-137,2025-12-13,2025-12-13T00:18:25Z,2025-12-12 16:21:35
PrizePicks,player_points_rebounds_assists,Egor Demin,Over,16.5,-137,2025-12-13,2025-12-13T00:18:25Z,2025-12-12 16:21:35
PrizePicks,player_points_rebounds_assists,Egor Demin,Under,16.5,-137,2025-12-13,2025-12-13T00:18:25Z,2025-12-12 16:21:35
PrizePicks,player_points_rebounds_assists,Klay Thompson,Over,15.0,-137,2025-12-13,2025-12-13T00:18:25Z,2025-12-12 16:21:35
PrizePicks,player_points_rebounds_assists,Klay Thompson,Under,15.0,-137,2025-12-13,2025-12-13T00:18:25Z,2025-12-12 16:21:35
PrizePicks,player_points_rebounds_assists,Terance Mann,Over,14.5,-137,2025-12-13,2025-12-13T00:18:25Z,2025-12-12 16:21:35
PrizePicks,player_points_rebounds_assists,Terance Mann,Under,14.5,-137,2025-12-13,2025-12-13T00:18:25Z,2025-12-12 16:21:35
PrizePicks,player_points_rebounds_assists,Danny Wolf,Over,13.5,-137,2025-12-13,2025-12-13T00:18:25Z,2025-12-12 16:21:35
PrizePicks,player_points_rebounds_assists,Danny Wolf,Under,13.5,-137,2025-12-13,2025-12-13T00:18:25Z,2025-12-12 16:21:35
PrizePicks,player_points_rebounds_assists,Max Christie,Over,13.5,-137,2025-12-13,2025-12-13T00:18:25Z,2025-12-12 16:21:35
PrizePicks,player_points_rebounds_assists,Max Christie,Under,13.5,-137,2025-12-13,2025-12-13T00:18:25Z,2025-12-12 16:21:35
PrizePicks,player_points_rebounds_assists,Day'Ron Sharpe,Over,13.5,-137,2025-12-13,2025-12-13T00:18:25Z,2025-12-12 16:21:35
PrizePicks,player_points_rebounds_assists,Day'Ron Sharpe,Under,13.5,-137,2025-12-13,2025-12-13T00:18:25Z,2025-12-12 16:21:35
PrizePicks,player_points_rebounds_assists,Ziaire Williams,Over,12.0,-137,2025-12-13,2025-12-13T00:18:25Z,2025-12-12 16:21:35
PrizePicks,player_points_rebounds_assists,Ziaire Williams,Under,12.0,-137,2025-12-13,2025-12-13T00:18:25Z,2025-12-12 16:21:35
PrizePicks,player_points_rebounds_assists,Drake Powell,Over,10.5,-137,2025-12-13,2025-12-13T00:18:25Z,2025-12-12 16:21:35
PrizePicks,player_points_rebounds_assists,Drake Powell,Under,10.5,-137,2025-12-13,2025-12-13T00:18:25Z,2025-12-12 16:21:35
PrizePicks,player_points_rebounds_assists,Julius Randle,Over,37.5,-137,2025-12-13,2025-12-13T00:18:12Z,2025-12-12 16:21:35
PrizePicks,player_points_rebounds_assists,Julius Randle,Under,37.5,-137,2025-12-13,2025-12-13T00:18:12Z,2025-12-12 16:21:35
PrizePicks,player_points_rebounds_assists,Stephen Curry,Over,33.5,-137,2025-12-13,2025-12-13T00:18:12Z,2025-12-12 16:21:35
PrizePicks,player_points_rebounds_assists,Stephen Curry,Under,33.5,-137,2025-12-13,2025-12-13T00:18:12Z,2025-12-12 16:21:35
PrizePicks,player_points_rebounds_assists,Jimmy Butler,Over,31.0,-137,2025-12-13,2025-12-13T00:18:12Z,2025-12-12 16:21:35
PrizePicks,player_points_rebounds_assists,Jimmy Butler,Under,31.0,-137,2025-12-13,2025-12-13T00:18:12Z,2025-12-12 16:21:35
PrizePicks,player_points_rebounds_assists,Naz Reid,Over,25.5,-137,2025-12-13,2025-12-13T00:18:12Z,2025-12-12 16:21:35
PrizePicks,player_points_rebounds_assists,Naz Reid,Under,25.5,-137,2025-12-13,2025-12-13T00:18:12Z,2025-12-12 16:21:35
PrizePicks,player_points_rebounds_assists,Jaden McDaniels,Over,24.5,-137,2025-12-13,2025-12-13T00:18:12Z,2025-12-12 16:21:35
PrizePicks,player_points_rebounds_assists,Jaden McDaniels,Under,24.5,-137,2025-12-13,2025-12-13T00:18:12Z,2025-12-12 16:21:35
PrizePicks,player_points_rebounds_assists,Donte DiVincenzo,Over,23.5,-137,2025-12-13,2025-12-13T00:18:12Z,2025-12-12 16:21:35
PrizePicks,player_points_rebounds_assists,Donte DiVincenzo,Under,23.5,-137,2025-12-13,2025-12-13T00:18:12Z,2025-12-12 16:21:35
PrizePicks,player_points_rebounds_assists,Rudy Gobert,Over,23.5,-137,2025-12-13,2025-12-13T00:18:12Z,2025-12-12 16:21:35
PrizePicks,player_points_rebounds_assists,Rudy Gobert,Under,23.5,-137,2025-12-13,2025-12-13T00:18:12Z,2025-12-12 16:21:35
PrizePicks,player_points_rebounds_assists,Quinten Post,Over,18.5,-137,2025-12-13,2025-12-13T00:18:12Z,2025-12-12 16:21:35
PrizePicks,player_points_rebounds_assists,Quinten Post,Under,18.5,-137,2025-12-13,2025-12-13T00:18:12Z,2025-12-12 16:21:35
PrizePicks,player_points_rebounds_assists,Brandin Podziemski,Over,15.5,-137,2025-12-13,2025-12-13T00:18:12Z,2025-12-12 16:21:35
PrizePicks,player_points_rebounds_assists,Brandin Podziemski,Under,15.5,-137,2025-12-13,2025-12-13T00:18:12Z,2025-12-12 16:21:35
PrizePicks,player_points_rebounds_assists,Buddy Hield,Over,13.0,-137,2025-12-13,2025-12-13T00:18:12Z,2025-12-12 16:21:35
PrizePicks,player_points_rebounds_assists,Buddy Hield,Under,13.0,-137,2025-12-13,2025-12-13T00:18:12Z,2025-12-12 16:21:35
PrizePicks,player_points_rebounds_assists,De'Anthony Melton,Over,13.0,-137,2025-12-13,2025-12-13T00:18:12Z,2025-12-12 16:21:35
PrizePicks,player_points_rebounds_assists,De'Anthony Melton,Under,13.0,-137,2025-12-13,2025-12-13T00:18:12Z,2025-12-12 16:21:35
PrizePicks,player_points_rebounds_assists,Moses Moody,Over,13.0,-137,2025-12-13,2025-12-13T00:18:12Z,2025-12-12 16:21:35
PrizePicks,player_points_rebounds_assists,Moses Moody,Under,13.0,-137,2025-12-13,2025-12-13T00:18:12Z,2025-12-12 16:21:35
PrizePicks,player_points_rebounds_assists,Will Richard,Over,9.5,-137,2025-12-13,2025-12-13T00:18:12Z,2025-12-12 16:21:35
PrizePicks,player_points_rebounds_assists,Will Richard,Under,9.5,-137,2025-12-13,2025-12-13T00:18:12Z,2025-12-12 16:21:35
PrizePicks,player_points_rebounds_assists,Jalen Brunson,Over,37.5,-137,2025-12-13,2025-12-13T00:18:34Z,2025-12-12 16:21:35
PrizePicks,player_points_rebounds_assists,Jalen Brunson,Under,37.5,-137,2025-12-13,2025-12-13T00:18:34Z,2025-12-12 16:21:35
PrizePicks,player_points_rebounds_assists,Karl-Anthony Towns,Over,36.5,-137,2025-12-13,2025-12-13T00:18:34Z,2025-12-12 16:21:35
PrizePicks,player_points_rebounds_assists,Karl-Anthony Towns,Under,36.5,-137,2025-12-13,2025-12-13T00:18:34Z,2025-12-12 16:21:35
PrizePicks,player_points_rebounds_assists,Paolo Banchero,Over,33.0,-137,2025-12-13,2025-12-13T00:18:34Z,2025-12-12 16:21:35
PrizePicks,player_points_rebounds_assists,Paolo Banchero,Under,33.0,-137,2025-12-13,2025-12-13T00:18:34Z,2025-12-12 16:21:35
PrizePicks,player_points_rebounds_assists,Desmond Bane,Over,30.5,-137,2025-12-13,2025-12-13T00:18:34Z,2025-12-12 16:21:35
PrizePicks,player_points_rebounds_assists,Desmond Bane,Under,30.5,-137,2025-12-13,2025-12-13T00:18:34Z,2025-12-12 16:21:35
PrizePicks,player_points_rebounds_assists,Josh Hart,Over,28.0,-137,2025-12-13,2025-12-13T00:18:34Z,2025-12-12 16:21:35
PrizePicks,player_points_rebounds_assists,Josh Hart,Under,28.0,-137,2025-12-13,2025-12-13T00:18:34Z,2025-12-12 16:21:35
PrizePicks,player_points_rebounds_assists,Jalen Suggs,Over,26.5,-137,2025-12-13,2025-12-13T00:18:34Z,2025-12-12 16:21:35
PrizePicks,player_points_rebounds_assists,Jalen Suggs,Under,26.5,-137,2025-12-13,2025-12-13T00:18:34Z,2025-12-12 16:21:35
PrizePicks,player_points_rebounds_assists,Anthony Black,Over,25.0,-137,2025-12-13,2025-12-13T00:18:34Z,2025-12-12 16:21:35
PrizePicks,player_points_rebounds_assists,Anthony Black,Under,25.0,-137,2025-12-13,2025-12-13T00:18:34Z,2025-12-12 16:21:35
PrizePicks,player_points_rebounds_assists,Mikal Bridges,Over,23.5,-137,2025-12-13,2025-12-13T00:18:34Z,2025-12-12 16:21:35
PrizePicks,player_points_rebounds_assists,Mikal Bridges,Under,23.5,-137,2025-12-13,2025-12-13T00:18:34Z,2025-12-12 16:21:35
PrizePicks,player_points_rebounds_assists,OG Anunoby,Over,21.0,-137,2025-12-13,2025-12-13T00:18:34Z,2025-12-12 16:21:35
PrizePicks,player_points_rebounds_assists,OG Anunoby,Under,21.0,-137,2025-12-13,2025-12-13T00:18:34Z,2025-12-12 16:21:35
PrizePicks,player_points_rebounds_assists,Wendell Carter Jr,Over,20.5,-137,2025-12-13,2025-12-13T00:18:34Z,2025-12-12 16:21:35
PrizePicks,player_points_rebounds_assists,Wendell Carter Jr,Under,20.5,-137,2025-12-13,2025-12-13T00:18:34Z,2025-12-12 16:21:35
PrizePicks,player_points_rebounds_assists,Tristan da Silva,Over,14.0,-137,2025-12-13,2025-12-13T00:18:34Z,2025-12-12 16:21:35
PrizePicks,player_points_rebounds_assists,Tristan da Silva,Under,14.0,-137,2025-12-13,2025-12-13T00:18:34Z,2025-12-12 16:21:35
PrizePicks,player_points_rebounds_assists,Shai Gilgeous-Alexander,Over,42.5,-137,2025-12-14,2025-12-13T00:18:09Z,2025-12-12 16:21:35
PrizePicks,player_points_rebounds_assists,Shai Gilgeous-Alexander,Under,42.5,-137,2025-12-14,2025-12-13T00:18:09Z,2025-12-12 16:21:35
PrizePicks,player_points_rebounds_assists,Jalen Williams,Over,30.5,-137,2025-12-14,2025-12-13T00:18:09Z,2025-12-12 16:21:35
PrizePicks,player_points_rebounds_assists,Jalen Williams,Under,30.5,-137,2025-12-14,2025-12-13T00:18:09Z,2025-12-12 16:21:35
PrizePicks,player_points_rebounds_assists,De'Aaron Fox,Over,29.5,-137,2025-12-14,2025-12-13T00:18:09Z,2025-12-12 16:21:35
PrizePicks,player_points_rebounds_assists,De'Aaron Fox,Under,29.5,-137,2025-12-14,2025-12-13T00:18:09Z,2025-12-12 16:21:35
PrizePicks,player_points_rebounds_assists,Victor Wembanyama,Over,29.5,-137,2025-12-14,2025-12-13T00:18:09Z,2025-12-12 16:21:35
PrizePicks,player_points_rebounds_assists,Victor Wembanyama,Under,29.5,-137,2025-12-14,2025-12-13T00:18:09Z,2025-12-12 16:21:35
PrizePicks,player_points_rebounds_assists,Chet Holmgren,Over,27.0,-137,2025-12-14,2025-12-13T00:18:09Z,2025-12-12 16:21:35
PrizePicks,player_points_rebounds_assists,Chet Holmgren,Under,27.0,-137,2025-12-14,2025-12-13T00:18:09Z,2025-12-12 16:21:35
PrizePicks,player_points_rebounds_assists,Stephon Castle,Over,26.5,-137,2025-12-14,2025-12-13T00:18:09Z,2025-12-12 16:21:35
PrizePicks,player_points_rebounds_assists,Stephon Castle,Under,26.5,-137,2025-12-14,2025-12-13T00:18:09Z,2025-12-12 16:21:35
PrizePicks,player_points_rebounds_assists,Devin Vassell,Over,17.5,-137,2025-12-14,2025-12-13T00:18:09Z,2025-12-12 16:21:35
PrizePicks,player_points_rebounds_assists,Devin Vassell,Under,17.5,-137,2025-12-14,2025-12-13T00:18:09Z,2025-12-12 16:21:35
PrizePicks,player_points_rebounds_assists,Dylan Harper,Over,16.5,-137,2025-12-14,2025-12-13T00:18:09Z,2025-12-12 16:21:35
PrizePicks,player_points_rebounds_assists,Dylan Harper,Under,16.5,-137,2025-12-14,2025-12-13T00:18:09Z,2025-12-12 16:21:35
PrizePicks,player_points_rebounds_assists,Harrison Barnes,Over,15.5,-137,2025-12-14,2025-12-13T00:18:09Z,2025-12-12 16:21:35
PrizePicks,player_points_rebounds_assists,Harrison Barnes,Under,15.5,-137,2025-12-14,2025-12-13T00:18:09Z,2025-12-12 16:21:35
PrizePicks,player_points_rebounds_assists,Ajay Mitchell,Over,15.5,-137,2025-12-14,2025-12-13T00:18:09Z,2025-12-12 16:21:35
PrizePicks,player_points_rebounds_assists,Ajay Mitchell,Under,15.5,-137,2025-12-14,2025-12-13T00:18:09Z,2025-12-12 16:21:35
PrizePicks,player_points_rebounds_assists,Cason Wallace,Over,12.5,-137,2025-12-14,2025-12-13T00:18:09Z,2025-12-12 16:21:35
PrizePicks,player_points_rebounds_assists,Cason Wallace,Under,12.5,-137,2025-12-14,2025-12-13T00:18:09Z,2025-12-12 16:21:35
PrizePicks,player_points_rebounds_assists,Luguentz Dort,Over,11.5,-137,2025-12-14,2025-12-13T00:18:09Z,2025-12-12 16:21:35
PrizePicks,player_points_rebounds_assists,Luguentz Dort,Under,11.5,-137,2025-12-14,2025-12-13T00:18:09Z,2025-12-12 16:21:35
Underdog,player_points_rebounds_assists,Cade Cunningham,Over,41.5,-137,2025-12-13,2025-12-13T00:12:28Z,2025-12-12 16:21:35
Underdog,player_points_rebounds_assists,Cade Cunningham,Under,41.5,-137,2025-12-13,2025-12-13T00:12:28Z,2025-12-12 16:21:35
Underdog,player_points_rebounds_assists,Jalen Johnson,Over,43.5,-137,2025-12-13,2025-12-13T00:12:28Z,2025-12-12 16:21:35
Underdog,player_points_rebounds_assists,Jalen Johnson,Under,43.5,-137,2025-12-13,2025-12-13T00:12:28Z,2025-12-12 16:21:35
Underdog,player_points_rebounds_assists,Jalen Duren,Over,31.5,-137,2025-12-13,2025-12-13T00:12:28Z,2025-12-12 16:21:35
Underdog,player_points_rebounds_assists,Jalen Duren,Under,31.5,-137,2025-12-13,2025-12-13T00:12:28Z,2025-12-12 16:21:35
Underdog,player_points_rebounds_assists,Caris LeVert,Over,13.5,-137,2025-12-13,2025-12-13T00:12:28Z,2025-12-12 16:21:35
Underdog,player_points_rebounds_assists,Caris LeVert,Under,13.5,-137,2025-12-13,2025-12-13T00:12:28Z,2025-12-12 16:21:35
Underdog,player_points_rebounds_assists,Nickeil Alexander-Walker,Over,27.5,-137,2025-12-13,2025-12-13T00:12:28Z,2025-12-12 16:21:35
Underdog,player_points_rebounds_assists,Nickeil Alexander-Walker,Under,27.5,-137,2025-12-13,2025-12-13T00:12:28Z,2025-12-12 16:21:35
Underdog,player_points_rebounds_assists,Onyeka Okongwu,Over,28.5,-137,2025-12-13,2025-12-13T00:12:28Z,2025-12-12 16:21:35
Underdog,player_points_rebounds_assists,Onyeka Okongwu,Under,28.5,-137,2025-12-13,2025-12-13T00:12:28Z,2025-12-12 16:21:35
Underdog,player_points_rebounds_assists,Dyson Daniels,Over,22.5,-137,2025-12-13,2025-12-13T00:12:28Z,2025-12-12 16:21:35
Underdog,player_points_rebounds_assists,Dyson Daniels,Under,22.5,-137,2025-12-13,2025-12-13T00:12:28Z,2025-12-12 16:21:35
Underdog,player_points_rebounds_assists,Vit Krejci,Over,13.5,-137,2025-12-13,2025-12-13T00:12:28Z,2025-12-12 16:21:35
Underdog,player_points_rebounds_assists,Vit Krejci,Under,13.5,-137,2025-12-13,2025-12-13T00:12:28Z,2025-12-12 16:21:35
Underdog,player_points_rebounds_assists,Brandon Miller,Over,30.5,-137,2025-12-13,2025-12-13T00:12:07Z,2025-12-12 16:21:35
Underdog,player_points_rebounds_assists,Brandon Miller,Under,30.5,-137,2025-12-13,2025-12-13T00:12:07Z,2025-12-12 16:21:35
Underdog,player_points_rebounds_assists,Coby White,Over,29.5,-137,2025-12-13,2025-12-13T00:12:07Z,2025-12-12 16:21:35
Underdog,player_points_rebounds_assists,Coby White,Under,29.5,-137,2025-12-13,2025-12-13T00:12:07Z,2025-12-12 16:21:35
Underdog,player_points_rebounds_assists,Miles Bridges,Over,34.5,-137,2025-12-13,2025-12-13T00:12:07Z,2025-12-12 16:21:35
Underdog,player_points_rebounds_assists,Miles Bridges,Under,34.5,-137,2025-12-13,2025-12-13T00:12:07Z,2025-12-12 16:21:35
Underdog,player_points_rebounds_assists,Nikola Vucevic,Over,28.5,-137,2025-12-13,2025-12-13T00:12:07Z,2025-12-12 16:21:35
Underdog,player_points_rebounds_assists,Nikola Vucevic,Under,28.5,-137,2025-12-13,2025-12-13T00:12:07Z,2025-12-12 16:21:35
Underdog,player_points_rebounds_assists,Patrick Williams,Over,11.5,-137,2025-12-13,2025-12-13T00:12:07Z,2025-12-12 16:21:35
Underdog,player_points_rebounds_assists,Patrick Williams,Under,11.5,-137,2025-12-13,2025-12-13T00:12:07Z,2025-12-12 16:21:35
Underdog,player_points_rebounds_assists,Kon Knueppel,Over,28.5,-137,2025-12-13,2025-12-13T00:12:07Z,2025-12-12 16:21:35
Underdog,player_points_rebounds_assists,Kon Knueppel,Under,28.5,-137,2025-12-13,2025-12-13T00:12:07Z,2025-12-12 16:21:35
Underdog,player_points_rebounds_assists,Tidjane Salaun,Over,11.5,-137,2025-12-13,2025-12-13T00:12:07Z,2025-12-12 16:21:35
Underdog,player_points_rebounds_assists,Tidjane Salaun,Under,11.5,-137,2025-12-13,2025-12-13T00:12:07Z,2025-12-12 16:21:35
Underdog,player_points_rebounds_assists,KJ Simpson,Over,21.5,-137,2025-12-13,2025-12-13T00:12:07Z,2025-12-12 16:21:35
Underdog,player_points_rebounds_assists,KJ Simpson,Under,21.5,-137,2025-12-13,2025-12-13T00:12:07Z,2025-12-12 16:21:35
Underdog,player_points_rebounds_assists,Ryan Kalkbrenner,Over,16.5,-137,2025-12-13,2025-12-13T00:12:07Z,2025-12-12 16:21:35
Underdog,player_points_rebounds_assists,Ryan Kalkbrenner,Under,16.5,-137,2025-12-13,2025-12-13T00:12:07Z,2025-12-12 16:21:35
Underdog,player_points_rebounds_assists,Moussa Diabate,Over,16.5,-137,2025-12-13,2025-12-13T00:12:07Z,2025-12-12 16:21:35
Underdog,player_points_rebounds_assists,Moussa Diabate,Under,16.5,-137,2025-12-13,2025-12-13T00:12:07Z,2025-12-12 16:21:35
Underdog,player_points_rebounds_assists,Sion James,Over,11.5,-137,2025-12-13,2025-12-13T00:12:07Z,2025-12-12 16:21:35
Underdog,player_points_rebounds_assists,Sion James,Under,11.5,-137,2025-12-13,2025-12-13T00:12:07Z,2025-12-12 16:21:35
Underdog,player_points_rebounds_assists,Donovan Mitchell,Over,40.5,-137,2025-12-13,2025-12-13T00:12:15Z,2025-12-12 16:21:35
Underdog,player_points_rebounds_assists,Donovan Mitchell,Under,40.5,-137,2025-12-13,2025-12-13T00:12:15Z,2025-12-12 16:21:35
Underdog,player_points_rebounds_assists,Evan Mobley,Over,35.5,-137,2025-12-13,2025-12-13T00:12:15Z,2025-12-12 16:21:35
Underdog,player_points_rebounds_assists,Evan Mobley,Under,35.5,-137,2025-12-13,2025-12-13T00:12:15Z,2025-12-12 16:21:35
Underdog,player_points_rebounds_assists,C.J. McCollum,Over,28.5,-137,2025-12-13,2025-12-13T00:12:15Z,2025-12-12 16:21:35
Underdog,player_points_rebounds_assists,C.J. McCollum,Under,28.5,-137,2025-12-13,2025-12-13T00:12:15Z,2025-12-12 16:21:35
Underdog,player_points_rebounds_assists,Lonzo Ball,Over,14.5,-137,2025-12-13,2025-12-13T00:12:15Z,2025-12-12 16:21:35
Underdog,player_points_rebounds_assists,Lonzo Ball,Under,14.5,-137,2025-12-13,2025-12-13T00:12:15Z,2025-12-12 16:21:35
Underdog,player_points_rebounds_assists,De'Andre Hunter,Over,22.5,-137,2025-12-13,2025-12-13T00:12:15Z,2025-12-12 16:21:35
Underdog,player_points_rebounds_assists,De'Andre Hunter,Under,22.5,-137,2025-12-13,2025-12-13T00:12:15Z,2025-12-12 16:21:35
Underdog,player_points_rebounds_assists,Carlton Carrington,Over,19.5,-137,2025-12-13,2025-12-13T00:12:15Z,2025-12-12 16:21:35
Underdog,player_points_rebounds_assists,Carlton Carrington,Under,19.5,-137,2025-12-13,2025-12-13T00:12:15Z,2025-12-12 16:21:35
Underdog,player_points_rebounds_assists,Dean Wade,Over,10.5,-137,2025-12-13,2025-12-13T00:12:15Z,2025-12-12 16:21:35
Underdog,player_points_rebounds_assists,Dean Wade,Under,10.5,-137,2025-12-13,2025-12-13T00:12:15Z,2025-12-12 16:21:35
Underdog,player_points_rebounds_assists,Thomas Bryant,Over,9.5,-137,2025-12-13,2025-12-13T00:12:15Z,2025-12-12 16:21:35
Underdog,player_points_rebounds_assists,Thomas Bryant,Under,9.5,-137,2025-12-13,2025-12-13T00:12:15Z,2025-12-12 16:21:35
Underdog,player_points_rebounds_assists,Nae'Qwan Tomlin,Over,11.5,-137,2025-12-13,2025-12-13T00:12:15Z,2025-12-12 16:21:35
Underdog,player_points_rebounds_assists,Nae'Qwan Tomlin,Under,11.5,-137,2025-12-13,2025-12-13T00:12:15Z,2025-12-12 16:21:35
Underdog,player_points_rebounds_assists,Jaylon Tyson,Over,22.5,-137,2025-12-13,2025-12-13T00:12:15Z,2025-12-12 16:21:35
Underdog,player_points_rebounds_assists,Jaylon Tyson,Under,22.5,-137,2025-12-13,2025-12-13T00:12:15Z,2025-12-12 16:21:35
Underdog,player_points_rebounds_assists,Justin Champagnie,Over,18.5,-137,2025-12-13,2025-12-13T00:12:15Z,2025-12-12 16:21:35
Underdog,player_points_rebounds_assists,Justin Champagnie,Under,18.5,-137,2025-12-13,2025-12-13T00:12:15Z,2025-12-12 16:21:35
Underdog,player_points_rebounds_assists,Tre Johnson,Over,14.5,-137,2025-12-13,2025-12-13T00:12:15Z,2025-12-12 16:21:35
Underdog,player_points_rebounds_assists,Tre Johnson,Under,14.5,-137,2025-12-13,2025-12-13T00:12:15Z,2025-12-12 16:21:35
Underdog,player_points_rebounds_assists,Kyshawn George,Over,26.5,-137,2025-12-13,2025-12-13T00:12:15Z,2025-12-12 16:21:35
Underdog,player_points_rebounds_assists,Kyshawn George,Under,26.5,-137,2025-12-13,2025-12-13T00:12:15Z,2025-12-12 16:21:35
Underdog,player_points_rebounds_assists,Marvin Bagley III,Over,19.5,-137,2025-12-13,2025-12-13T00:12:15Z,2025-12-12 16:21:35
Underdog,player_points_rebounds_assists,Marvin Bagley III,Under,19.5,-137,2025-12-13,2025-12-13T00:12:15Z,2025-12-12 16:21:35
Underdog,player_points_rebounds_assists,Joel Embiid,Over,34.5,-137,2025-12-13,2025-12-13T00:11:42Z,2025-12-12 16:21:35
Underdog,player_points_rebounds_assists,Joel Embiid,Under,34.5,-137,2025-12-13,2025-12-13T00:11:42Z,2025-12-12 16:21:35
Underdog,player_points_rebounds_assists,Paul George,Over,26.5,-137,2025-12-13,2025-12-13T00:11:42Z,2025-12-12 16:21:35
Underdog,player_points_rebounds_assists,Paul George,Under,26.5,-137,2025-12-13,2025-12-13T00:11:42Z,2025-12-12 16:21:35
Underdog,player_points_rebounds_assists,Pascal Siakam,Over,35.5,-137,2025-12-13,2025-12-13T00:11:42Z,2025-12-12 16:21:35
Underdog,player_points_rebounds_assists,Pascal Siakam,Under,35.5,-137,2025-12-13,2025-12-13T00:11:42Z,2025-12-12 16:21:35
Underdog,player_points_rebounds_assists,VJ Edgecombe,Over,24.5,-137,2025-12-13,2025-12-13T00:11:42Z,2025-12-12 16:21:35
Underdog,player_points_rebounds_assists,VJ Edgecombe,Under,24.5,-137,2025-12-13,2025-12-13T00:11:42Z,2025-12-12 16:21:35
Underdog,player_points_rebounds_assists,T.J. McConnell,Over,15.5,-137,2025-12-13,2025-12-13T00:11:42Z,2025-12-12 16:21:35
Underdog,player_points_rebounds_assists,T.J. McConnell,Under,15.5,-137,2025-12-13,2025-12-13T00:11:42Z,2025-12-12 16:21:35
Underdog,player_points_rebounds_assists,Jared McCain,Over,18.5,-137,2025-12-13,2025-12-13T00:11:42Z,2025-12-12 16:21:35
Underdog,player_points_rebounds_assists,Jared McCain,Under,18.5,-137,2025-12-13,2025-12-13T00:11:42Z,2025-12-12 16:21:35
Underdog,player_points_rebounds_assists,Ethan Thompson,Over,11.5,-137,2025-12-13,2025-12-13T00:11:42Z,2025-12-12 16:21:35
Underdog,player_points_rebounds_assists,Ethan Thompson,Under,11.5,-137,2025-12-13,2025-12-13T00:11:42Z,2025-12-12 16:21:35
Underdog,player_points_rebounds_assists,Jarace Walker,Over,11.5,-137,2025-12-13,2025-12-13T00:11:42Z,2025-12-12 16:21:35
Underdog,player_points_rebounds_assists,Jarace Walker,Under,11.5,-137,2025-12-13,2025-12-13T00:11:42Z,2025-12-12 16:21:35
Underdog,player_points_rebounds_assists,Dominick Barlow,Over,15.5,-137,2025-12-13,2025-12-13T00:11:42Z,2025-12-12 16:21:35
Underdog,player_points_rebounds_assists,Dominick Barlow,Under,15.5,-137,2025-12-13,2025-12-13T00:11:42Z,2025-12-12 16:21:35
Underdog,player_points_rebounds_assists,Isaiah Jackson,Over,12.5,-137,2025-12-13,2025-12-13T00:11:42Z,2025-12-12 16:21:35
Underdog,player_points_rebounds_assists,Isaiah Jackson,Under,12.5,-137,2025-12-13,2025-12-13T00:11:42Z,2025-12-12 16:21:35
Underdog,player_points_rebounds_assists,Keyonte George,Over,32.5,-137,2025-12-13,2025-12-13T00:21:14Z,2025-12-12 16:21:35
Underdog,player_points_rebounds_assists,Keyonte George,Under,32.5,-137,2025-12-13,2025-12-13T00:21:14Z,2025-12-12 16:21:35
Underdog,player_points_rebounds_assists,Lauri Markkanen,Over,33.5,-137,2025-12-13,2025-12-13T00:21:14Z,2025-12-12 16:21:35
Underdog,player_points_rebounds_assists,Lauri Markkanen,Under,33.5,-137,2025-12-13,2025-12-13T00:21:14Z,2025-12-12 16:21:35
Underdog,player_points_rebounds_assists,Jaren Jackson Jr,Over,26.5,-137,2025-12-13,2025-12-13T00:21:14Z,2025-12-12 16:21:35
Underdog,player_points_rebounds_assists,Jaren Jackson Jr,Under,26.5,-137,2025-12-13,2025-12-13T00:21:14Z,2025-12-12 16:21:35
Underdog,player_points_rebounds_assists,Jusuf Nurkic,Over,23.5,-137,2025-12-13,2025-12-13T00:21:14Z,2025-12-12 16:21:35
Underdog,player_points_rebounds_assists,Jusuf Nurkic,Under,23.5,-137,2025-12-13,2025-12-13T00:21:14Z,2025-12-12 16:21:35
Underdog,player_points_rebounds_assists,Vincent Williams Jr,Over,14.5,-137,2025-12-13,2025-12-13T00:21:14Z,2025-12-12 16:21:35
Underdog,player_points_rebounds_assists,Vincent Williams Jr,Under,14.5,-137,2025-12-13,2025-12-13T00:21:14Z,2025-12-12 16:21:35
Underdog,player_points_rebounds_assists,Santi Aldama,Over,24.5,-137,2025-12-13,2025-12-13T00:21:14Z,2025-12-12 16:21:35
Underdog,player_points_rebounds_assists,Santi Aldama,Under,24.5,-137,2025-12-13,2025-12-13T00:21:14Z,2025-12-12 16:21:35
Underdog,player_points_rebounds_assists,Jock Landale,Over,20.5,-137,2025-12-13,2025-12-13T00:21:14Z,2025-12-12 16:21:35
Underdog,player_points_rebounds_assists,Jock Landale,Under,20.5,-137,2025-12-13,2025-12-13T00:21:14Z,2025-12-12 16:21:35
Underdog,player_points_rebounds_assists,Cedric Coward,Over,24.5,-137,2025-12-13,2025-12-13T00:21:14Z,2025-12-12 16:21:35
Underdog,player_points_rebounds_assists,Cedric Coward,Under,24.5,-137,2025-12-13,2025-12-13T00:21:14Z,2025-12-12 16:21:35
Underdog,player_points_rebounds_assists,Jaylen Wells,Over,18.5,-137,2025-12-13,2025-12-13T00:21:14Z,2025-12-12 16:21:35
Underdog,player_points_rebounds_assists,Jaylen Wells,Under,18.5,-137,2025-12-13,2025-12-13T00:21:14Z,2025-12-12 16:21:35
Underdog,player_points_rebounds_assists,Cam Spencer,Over,16.5,-137,2025-12-13,2025-12-13T00:21:14Z,2025-12-12 16:21:35
Underdog,player_points_rebounds_assists,Cam Spencer,Under,16.5,-137,2025-12-13,2025-12-13T00:21:14Z,2025-12-12 16:21:35
Underdog,player_points_rebounds_assists,Kyle Filipowski,Over,20.5,-137,2025-12-13,2025-12-13T00:21:14Z,2025-12-12 16:21:35
Underdog,player_points_rebounds_assists,Kyle Filipowski,Under,20.5,-137,2025-12-13,2025-12-13T00:21:14Z,2025-12-12 16:21:35
Underdog,player_points_rebounds_assists,Svi Mykhailiuk,Over,12.5,-137,2025-12-13,2025-12-13T00:21:14Z,2025-12-12 16:21:35
Underdog,player_points_rebounds_assists,Svi Mykhailiuk,Under,12.5,-137,2025-12-13,2025-12-13T00:21:14Z,2025-12-12 16:21:35
Underdog,player_points_rebounds_assists,Walter Clayton Jr.,Over,14.5,-137,2025-12-13,2025-12-13T00:21:14Z,2025-12-12 16:21:35
Underdog,player_points_rebounds_assists,Walter Clayton Jr.,Under,14.5,-137,2025-12-13,2025-12-13T00:21:14Z,2025-12-12 16:21:35
Underdog,player_points_rebounds_assists,Anthony Davis,Over,36.5,-137,2025-12-13,2025-12-13T00:21:29Z,2025-12-12 16:21:35
Underdog,player_points_rebounds_assists,Anthony Davis,Under,36.5,-137,2025-12-13,2025-12-13T00:21:29Z,2025-12-12 16:21:35
Underdog,player_points_rebounds_assists,Nicolas Claxton,Over,26.5,-137,2025-12-13,2025-12-13T00:21:29Z,2025-12-12 16:21:35
Underdog,player_points_rebounds_assists,Nicolas Claxton,Under,26.5,-137,2025-12-13,2025-12-13T00:21:29Z,2025-12-12 16:21:35
Underdog,player_points_rebounds_assists,P.J. Washington,Over,24.5,-137,2025-12-13,2025-12-13T00:21:29Z,2025-12-12 16:21:35
Underdog,player_points_rebounds_assists,P.J. Washington,Under,24.5,-137,2025-12-13,2025-12-13T00:21:29Z,2025-12-12 16:21:35
Underdog,player_points_rebounds_assists,Michael Porter Jr,Over,34.5,-137,2025-12-13,2025-12-13T00:21:29Z,2025-12-12 16:21:35
Underdog,player_points_rebounds_assists,Michael Porter Jr,Under,34.5,-137,2025-12-13,2025-12-13T00:21:29Z,2025-12-12 16:21:35
Underdog,player_points_rebounds_assists,Naji Marshall,Over,18.5,-137,2025-12-13,2025-12-13T00:21:29Z,2025-12-12 16:21:35
Underdog,player_points_rebounds_assists,Naji Marshall,Under,18.5,-137,2025-12-13,2025-12-13T00:21:29Z,2025-12-12 16:21:35
Underdog,player_points_rebounds_assists,Max Christie,Over,13.5,-137,2025-12-13,2025-12-13T00:21:29Z,2025-12-12 16:21:35
Underdog,player_points_rebounds_assists,Max Christie,Under,13.5,-137,2025-12-13,2025-12-13T00:21:29Z,2025-12-12 16:21:35
Underdog,player_points_rebounds_assists,Egor Demin,Over,16.5,-137,2025-12-13,2025-12-13T00:21:29Z,2025-12-12 16:21:35
Underdog,player_points_rebounds_assists,Egor Demin,Under,16.5,-137,2025-12-13,2025-12-13T00:21:29Z,2025-12-12 16:21:35
Underdog,player_points_rebounds_assists,Day'Ron Sharpe,Over,13.5,-137,2025-12-13,2025-12-13T00:21:29Z,2025-12-12 16:21:35
Underdog,player_points_rebounds_assists,Day'Ron Sharpe,Under,13.5,-137,2025-12-13,2025-12-13T00:21:29Z,2025-12-12 16:21:35
Underdog,player_points_rebounds_assists,Stephen Curry,Over,33.5,-137,2025-12-13,2025-12-13T00:22:04Z,2025-12-12 16:21:35
Underdog,player_points_rebounds_assists,Stephen Curry,Under,33.5,-137,2025-12-13,2025-12-13T00:22:04Z,2025-12-12 16:21:35
Underdog,player_points_rebounds_assists,Julius Randle,Over,38.5,-137,2025-12-13,2025-12-13T00:22:04Z,2025-12-12 16:21:35
Underdog,player_points_rebounds_assists,Julius Randle,Under,38.5,-137,2025-12-13,2025-12-13T00:22:04Z,2025-12-12 16:21:35
Underdog,player_points_rebounds_assists,Donte DiVincenzo,Over,23.5,-137,2025-12-13,2025-12-13T00:22:04Z,2025-12-12 16:21:35
Underdog,player_points_rebounds_assists,Donte DiVincenzo,Under,23.5,-137,2025-12-13,2025-12-13T00:22:04Z,2025-12-12 16:21:35
Underdog,player_points_rebounds_assists,Jaden McDaniels,Over,24.5,-137,2025-12-13,2025-12-13T00:22:04Z,2025-12-12 16:21:35
Underdog,player_points_rebounds_assists,Jaden McDaniels,Under,24.5,-137,2025-12-13,2025-12-13T00:22:04Z,2025-12-12 16:21:35
Underdog,player_points_rebounds_assists,Naz Reid,Over,25.5,-137,2025-12-13,2025-12-13T00:22:04Z,2025-12-12 16:21:35
Underdog,player_points_rebounds_assists,Naz Reid,Under,25.5,-137,2025-12-13,2025-12-13T00:22:04Z,2025-12-12 16:21:35
Underdog,player_points_rebounds_assists,Jalen Brunson,Over,37.5,-137,2025-12-13,2025-12-13T00:21:50Z,2025-12-12 16:21:35
Underdog,player_points_rebounds_assists,Jalen Brunson,Under,37.5,-137,2025-12-13,2025-12-13T00:21:50Z,2025-12-12 16:21:35
Underdog,player_points_rebounds_assists,Karl-Anthony Towns,Over,36.5,-137,2025-12-13,2025-12-13T00:21:50Z,2025-12-12 16:21:35
Underdog,player_points_rebounds_assists,Karl-Anthony Towns,Under,36.5,-137,2025-12-13,2025-12-13T00:21:50Z,2025-12-12 16:21:35
Underdog,player_points_rebounds_assists,Desmond Bane,Over,30.5,-137,2025-12-13,2025-12-13T00:21:50Z,2025-12-12 16:21:35
Underdog,player_points_rebounds_assists,Desmond Bane,Under,30.5,-137,2025-12-13,2025-12-13T00:21:50Z,2025-12-12 16:21:35
Underdog,player_points_rebounds_assists,OG Anunoby,Over,20.5,-137,2025-12-13,2025-12-13T00:21:50Z,2025-12-12 16:21:35
Underdog,player_points_rebounds_assists,OG Anunoby,Under,20.5,-137,2025-12-13,2025-12-13T00:21:50Z,2025-12-12 16:21:35
Underdog,player_points_rebounds_assists,Jalen Suggs,Over,26.5,-137,2025-12-13,2025-12-13T00:21:50Z,2025-12-12 16:21:35
Underdog,player_points_rebounds_assists,Jalen Suggs,Under,26.5,-137,2025-12-13,2025-12-13T00:21:50Z,2025-12-12 16:21:35
Underdog,player_points_rebounds_assists,Mikal Bridges,Over,23.5,-137,2025-12-13,2025-12-13T00:21:50Z,2025-12-12 16:21:35
Underdog,player_points_rebounds_assists,Mikal Bridges,Under,23.5,-137,2025-12-13,2025-12-13T00:21:50Z,2025-12-12 16:21:35
Underdog,player_points_rebounds_assists,Wendell Carter Jr,Over,20.5,-137,2025-12-13,2025-12-13T00:21:50Z,2025-12-12 16:21:35
Underdog,player_points_rebounds_assists,Wendell Carter Jr,Under,20.5,-137,2025-12-13,2025-12-13T00:21:50Z,2025-12-12 16:21:35
Underdog,player_points_rebounds_assists,Goga Bitadze,Over,12.5,-137,2025-12-13,2025-12-13T00:21:50Z,2025-12-12 16:21:35
Underdog,player_points_rebounds_assists,Goga Bitadze,Under,12.5,-137,2025-12-13,2025-12-13T00:21:50Z,2025-12-12 16:21:35
Underdog,player_points_rebounds_assists,Shai Gilgeous-Alexander,Over,42.5,-137,2025-12-14,2025-12-13T00:21:24Z,2025-12-12 16:21:35
Underdog,player_points_rebounds_assists,Shai Gilgeous-Alexander,Under,42.5,-137,2025-12-14,2025-12-13T00:21:24Z,2025-12-12 16:21:35
Underdog,player_points_rebounds_assists,Victor Wembanyama,Over,29.5,-137,2025-12-14,2025-12-13T00:21:24Z,2025-12-12 16:21:35
Underdog,player_points_rebounds_assists,Victor Wembanyama,Under,29.5,-137,2025-12-14,2025-12-13T00:21:24Z,2025-12-12 16:21:35
Underdog,player_points_rebounds_assists,De'Aaron Fox,Over,29.5,-137,2025-12-14,2025-12-13T00:21:24Z,2025-12-12 16:21:35
Underdog,player_points_rebounds_assists,De'Aaron Fox,Under,29.5,-137,2025-12-14,2025-12-13T00:21:24Z,2025-12-12 16:21:35
Underdog,player_points_rebounds_assists,Jalen Williams,Over,30.5,-137,2025-12-14,2025-12-13T00:21:24Z,2025-12-12 16:21:35
Underdog,player_points_rebounds_assists,Jalen Williams,Under,30.5,-137,2025-12-14,2025-12-13T00:21:24Z,2025-12-12 16:21:35
Underdog,player_points_rebounds_assists,Devin Vassell,Over,17.5,-137,2025-12-14,2025-12-13T00:21:24Z,2025-12-12 16:21:35
Underdog,player_points_rebounds_assists,Devin Vassell,Under,17.5,-137,2025-12-14,2025-12-13T00:21:24Z,2025-12-12 16:21:35
Underdog,player_points_rebounds_assists,Dylan Harper,Over,16.5,-137,2025-12-14,2025-12-13T00:21:24Z,2025-12-12 16:21:35
Underdog,player_points_rebounds_assists,Dylan Harper,Under,16.5,-137,2025-12-14,2025-12-13T00:21:24Z,2025-12-12 16:21:35
Underdog,player_points_rebounds_assists,Keldon Johnson,Over,15.5,-137,2025-12-14,2025-12-13T00:21:24Z,2025-12-12 16:21:35
Underdog,player_points_rebounds_assists,Keldon Johnson,Under,15.5,-137,2025-12-14,2025-12-13T00:21:24Z,2025-12-12 16:21:35
Underdog,player_points_rebounds_assists,Luguentz Dort,Over,11.5,-137,2025-12-14,2025-12-13T00:21:24Z,2025-12-12 16:21:35
Underdog,player_points_rebounds_assists,Luguentz Dort,Under,11.5,-137,2025-12-14,2025-12-13T00:21:24Z,2025-12-12 16:21:35
Underdog,player_points_rebounds_assists,Stephon Castle,Over,26.5,-137,2025-12-14,2025-12-13T00:21:24Z,2025-12-12 16:21:35
Underdog,player_points_rebounds_assists,Stephon Castle,Under,26.5,-137,2025-12-14,2025-12-13T00:21:24Z,2025-12-12 16:21:35
Underdog,player_points_rebounds_assists,Cason Wallace,Over,12.5,-137,2025-12-14,2025-12-13T00:21:24Z,2025-12-12 16:21:35
Underdog,player_points_rebounds_assists,Cason Wallace,Under,12.5,-137,2025-12-14,2025-12-13T00:21:24Z,2025-12-12 16:21:35
Underdog,player_points_rebounds_assists,Ajay Mitchell,Over,15.5,-137,2025-12-14,2025-12-13T00:21:24Z,2025-12-12 16:21:35
Underdog,player_points_rebounds_assists,Ajay Mitchell,Under,15.5,-137,2025-12-14,2025-12-13T00:21:24Z,2025-12-12 16:21:35
Betr DFS,player_points_rebounds_assists,Onyeka Okongwu,Over,24.5,-137,2025-12-13,2025-12-13T00:21:10Z,2025-12-12 16:21:35
Betr DFS,player_points_rebounds_assists,Onyeka Okongwu,Under,24.5,-137,2025-12-13,2025-12-13T00:21:10Z,2025-12-12 16:21:35
Betr DFS,player_points_rebounds_assists,Vit Krejci,Over,13.5,-137,2025-12-13,2025-12-13T00:21:10Z,2025-12-12 16:21:35
Betr DFS,player_points_rebounds_assists,Jalen Johnson,Over,39.5,-137,2025-12-13,2025-12-13T00:21:10Z,2025-12-12 16:21:35
Betr DFS,player_points_rebounds_assists,Jalen Johnson,Under,39.5,-137,2025-12-13,2025-12-13T00:21:10Z,2025-12-12 16:21:35
Betr DFS,player_points_rebounds_assists,Nickeil Alexander-Walker,Over,31.5,-137,2025-12-13,2025-12-13T00:21:10Z,2025-12-12 16:21:35
Betr DFS,player_points_rebounds_assists,Nickeil Alexander-Walker,Under,31.5,-137,2025-12-13,2025-12-13T00:21:10Z,2025-12-12 16:21:35
Betr DFS,player_points_rebounds_assists,Luke Kennard,Over,10.5,-137,2025-12-13,2025-12-13T00:21:10Z,2025-12-12 16:21:35
Betr DFS,player_points_rebounds_assists,Luke Kennard,Under,10.5,-137,2025-12-13,2025-12-13T00:21:10Z,2025-12-12 16:21:35
Betr DFS,player_points_rebounds_assists,Dyson Daniels,Over,24.5,-137,2025-12-13,2025-12-13T00:21:10Z,2025-12-12 16:21:35
Betr DFS,player_points_rebounds_assists,Dyson Daniels,Under,24.5,-137,2025-12-13,2025-12-13T00:21:10Z,2025-12-12 16:21:35
Betr DFS,player_points_rebounds_assists,Zaccharie Risacher,Over,14.5,-137,2025-12-13,2025-12-13T00:21:10Z,2025-12-12 16:21:35
Betr DFS,player_points_rebounds_assists,Zaccharie Risacher,Under,14.5,-137,2025-12-13,2025-12-13T00:21:10Z,2025-12-12 16:21:35
Betr DFS,player_points_rebounds_assists,Duncan Robinson,Over,16.5,-137,2025-12-13,2025-12-13T00:21:10Z,2025-12-12 16:21:35
Betr DFS,player_points_rebounds_assists,Duncan Robinson,Under,16.5,-137,2025-12-13,2025-12-13T00:21:10Z,2025-12-12 16:21:35
Betr DFS,player_points_rebounds_assists,Tobias Harris,Over,19.5,-137,2025-12-13,2025-12-13T00:21:10Z,2025-12-12 16:21:35
Betr DFS,player_points_rebounds_assists,Tobias Harris,Under,19.5,-137,2025-12-13,2025-12-13T00:21:10Z,2025-12-12 16:21:35
Betr DFS,player_points_rebounds_assists,Caris LeVert,Over,13.5,-137,2025-12-13,2025-12-13T00:21:10Z,2025-12-12 16:21:35
Betr DFS,player_points_rebounds_assists,Caris LeVert,Under,13.5,-137,2025-12-13,2025-12-13T00:21:10Z,2025-12-12 16:21:35
Betr DFS,player_points_rebounds_assists,Isaiah Stewart II,Over,14.5,-137,2025-12-13,2025-12-13T00:21:10Z,2025-12-12 16:21:35
Betr DFS,player_points_rebounds_assists,Isaiah Stewart II,Under,14.5,-137,2025-12-13,2025-12-13T00:21:10Z,2025-12-12 16:21:35
Betr DFS,player_points_rebounds_assists,Cade Cunningham,Over,42.5,-137,2025-12-13,2025-12-13T00:21:10Z,2025-12-12 16:21:35
Betr DFS,player_points_rebounds_assists,Cade Cunningham,Under,42.5,-137,2025-12-13,2025-12-13T00:21:10Z,2025-12-12 16:21:35
Betr DFS,player_points_rebounds_assists,Jaden Ivey,Over,11.5,-137,2025-12-13,2025-12-13T00:21:10Z,2025-12-12 16:21:35
Betr DFS,player_points_rebounds_assists,Jaden Ivey,Under,11.5,-137,2025-12-13,2025-12-13T00:21:10Z,2025-12-12 16:21:35
Betr DFS,player_points_rebounds_assists,Jalen Duren,Over,30.5,-137,2025-12-13,2025-12-13T00:21:10Z,2025-12-12 16:21:35
Betr DFS,player_points_rebounds_assists,Jalen Duren,Under,30.5,-137,2025-12-13,2025-12-13T00:21:10Z,2025-12-12 16:21:35
Betr DFS,player_points_rebounds_assists,Ausar Thompson,Over,20.5,-137,2025-12-13,2025-12-13T00:21:10Z,2025-12-12 16:21:35
Betr DFS,player_points_rebounds_assists,Ausar Thompson,Under,20.5,-137,2025-12-13,2025-12-13T00:21:10Z,2025-12-12 16:21:35
Betr DFS,player_points_rebounds_assists,Ron Holland,Over,10.5,-137,2025-12-13,2025-12-13T00:21:10Z,2025-12-12 16:21:35
Betr DFS,player_points_rebounds_assists,Ron Holland,Under,10.5,-137,2025-12-13,2025-12-13T00:21:10Z,2025-12-12 16:21:35
Betr DFS,player_points_rebounds_assists,Nikola Vucevic,Over,27.5,-137,2025-12-13,2025-12-13T00:21:01Z,2025-12-12 16:21:35
Betr DFS,player_points_rebounds_assists,Nikola Vucevic,Under,27.5,-137,2025-12-13,2025-12-13T00:21:01Z,2025-12-12 16:21:35
Betr DFS,player_points_rebounds_assists,Josh Giddey,Over,37.5,-137,2025-12-13,2025-12-13T00:21:01Z,2025-12-12 16:21:35
Betr DFS,player_points_rebounds_assists,Josh Giddey,Under,37.5,-137,2025-12-13,2025-12-13T00:21:01Z,2025-12-12 16:21:35
Betr DFS,player_points_rebounds_assists,Zach Collins,Over,13.5,-137,2025-12-13,2025-12-13T00:21:01Z,2025-12-12 16:21:35
Betr DFS,player_points_rebounds_assists,Zach Collins,Under,13.5,-137,2025-12-13,2025-12-13T00:21:01Z,2025-12-12 16:21:35
Betr DFS,player_points_rebounds_assists,Tre Jones,Over,17.5,-137,2025-12-13,2025-12-13T00:21:01Z,2025-12-12 16:21:35
Betr DFS,player_points_rebounds_assists,Tre Jones,Under,17.5,-137,2025-12-13,2025-12-13T00:21:01Z,2025-12-12 16:21:35
Betr DFS,player_points_rebounds_assists,Brandon Miller,Over,27.5,-137,2025-12-13,2025-12-13T00:21:01Z,2025-12-12 16:21:35
Betr DFS,player_points_rebounds_assists,Brandon Miller,Under,27.5,-137,2025-12-13,2025-12-13T00:21:01Z,2025-12-12 16:21:35
Betr DFS,player_points_rebounds_assists,Miles Bridges,Over,32.5,-137,2025-12-13,2025-12-13T00:21:01Z,2025-12-12 16:21:35
Betr DFS,player_points_rebounds_assists,Miles Bridges,Under,32.5,-137,2025-12-13,2025-12-13T00:21:01Z,2025-12-12 16:21:35
Betr DFS,player_points_rebounds_assists,Kon Knueppel,Over,34.5,-137,2025-12-13,2025-12-13T00:21:01Z,2025-12-12 16:21:35
Betr DFS,player_points_rebounds_assists,Kon Knueppel,Under,34.5,-137,2025-12-13,2025-12-13T00:21:01Z,2025-12-12 16:21:35
Betr DFS,player_points_rebounds_assists,De'Andre Hunter,Over,21.5,-137,2025-12-13,2025-12-13T00:20:59Z,2025-12-12 16:21:35
Betr DFS,player_points_rebounds_assists,De'Andre Hunter,Under,21.5,-137,2025-12-13,2025-12-13T00:20:59Z,2025-12-12 16:21:35
Betr DFS,player_points_rebounds_assists,Lonzo Ball,Over,14.5,-137,2025-12-13,2025-12-13T00:20:59Z,2025-12-12 16:21:35
Betr DFS,player_points_rebounds_assists,Lonzo Ball,Under,14.5,-137,2025-12-13,2025-12-13T00:20:59Z,2025-12-12 16:21:35
Betr DFS,player_points_rebounds_assists,Donovan Mitchell,Over,40.5,-137,2025-12-13,2025-12-13T00:20:59Z,2025-12-12 16:21:35
Betr DFS,player_points_rebounds_assists,Donovan Mitchell,Under,40.5,-137,2025-12-13,2025-12-13T00:20:59Z,2025-12-12 16:21:35
Betr DFS,player_points_rebounds_assists,Darius Garland,Over,23.5,-137,2025-12-13,2025-12-13T00:20:59Z,2025-12-12 16:21:35
Betr DFS,player_points_rebounds_assists,Darius Garland,Under,23.5,-137,2025-12-13,2025-12-13T00:20:59Z,2025-12-12 16:21:35
Betr DFS,player_points_rebounds_assists,Dean Wade,Over,10.5,-137,2025-12-13,2025-12-13T00:20:59Z,2025-12-12 16:21:35
Betr DFS,player_points_rebounds_assists,Dean Wade,Under,10.5,-137,2025-12-13,2025-12-13T00:20:59Z,2025-12-12 16:21:35
Betr DFS,player_points_rebounds_assists,Evan Mobley,Over,40.5,-137,2025-12-13,2025-12-13T00:20:59Z,2025-12-12 16:21:35
Betr DFS,player_points_rebounds_assists,Evan Mobley,Under,40.5,-137,2025-12-13,2025-12-13T00:20:59Z,2025-12-12 16:21:35
Betr DFS,player_points_rebounds_assists,Marvin Bagley III,Over,21.5,-137,2025-12-13,2025-12-13T00:20:59Z,2025-12-12 16:21:35
Betr DFS,player_points_rebounds_assists,Marvin Bagley III,Under,21.5,-137,2025-12-13,2025-12-13T00:20:59Z,2025-12-12 16:21:35
Betr DFS,player_points_rebounds_assists,C.J. McCollum,Over,29.5,-137,2025-12-13,2025-12-13T00:20:59Z,2025-12-12 16:21:35
Betr DFS,player_points_rebounds_assists,C.J. McCollum,Under,29.5,-137,2025-12-13,2025-12-13T00:20:59Z,2025-12-12 16:21:35
Betr DFS,player_points_rebounds_assists,Kyshawn George,Over,24.5,-137,2025-12-13,2025-12-13T00:20:59Z,2025-12-12 16:21:35
Betr DFS,player_points_rebounds_assists,Kyshawn George,Under,24.5,-137,2025-12-13,2025-12-13T00:20:59Z,2025-12-12 16:21:35
Betr DFS,player_points_rebounds_assists,Carlton Carrington,Over,23.5,-137,2025-12-13,2025-12-13T00:20:59Z,2025-12-12 16:21:35
Betr DFS,player_points_rebounds_assists,Carlton Carrington,Under,23.5,-137,2025-12-13,2025-12-13T00:20:59Z,2025-12-12 16:21:35
Betr DFS,player_points_rebounds_assists,Jay Huff,Over,17.5,-137,2025-12-13,2025-12-13T00:21:02Z,2025-12-12 16:21:35
Betr DFS,player_points_rebounds_assists,Jay Huff,Under,17.5,-137,2025-12-13,2025-12-13T00:21:02Z,2025-12-12 16:21:35
Betr DFS,player_points_rebounds_assists,Pascal Siakam,Over,31.5,-137,2025-12-13,2025-12-13T00:21:02Z,2025-12-12 16:21:35
Betr DFS,player_points_rebounds_assists,Pascal Siakam,Under,31.5,-137,2025-12-13,2025-12-13T00:21:02Z,2025-12-12 16:21:35
Betr DFS,player_points_rebounds_assists,T.J. McConnell,Over,15.5,-137,2025-12-13,2025-12-13T00:21:02Z,2025-12-12 16:21:35
Betr DFS,player_points_rebounds_assists,T.J. McConnell,Under,15.5,-137,2025-12-13,2025-12-13T00:21:02Z,2025-12-12 16:21:35
Betr DFS,player_points_rebounds_assists,Bennedict Mathurin,Over,26.5,-137,2025-12-13,2025-12-13T00:21:02Z,2025-12-12 16:21:35
Betr DFS,player_points_rebounds_assists,Bennedict Mathurin,Under,26.5,-137,2025-12-13,2025-12-13T00:21:02Z,2025-12-12 16:21:35
Betr DFS,player_points_rebounds_assists,Andrew Nembhard,Over,27.5,-137,2025-12-13,2025-12-13T00:21:02Z,2025-12-12 16:21:35
Betr DFS,player_points_rebounds_assists,Andrew Nembhard,Under,27.5,-137,2025-12-13,2025-12-13T00:21:02Z,2025-12-12 16:21:35
Betr DFS,player_points_rebounds_assists,Jarace Walker,Over,11.5,-137,2025-12-13,2025-12-13T00:21:02Z,2025-12-12 16:21:35
Betr DFS,player_points_rebounds_assists,Jarace Walker,Under,11.5,-137,2025-12-13,2025-12-13T00:21:02Z,2025-12-12 16:21:35
Betr DFS,player_points_rebounds_assists,Quentin Grimes,Over,24.5,-137,2025-12-13,2025-12-13T00:21:02Z,2025-12-12 16:21:35
Betr DFS,player_points_rebounds_assists,Quentin Grimes,Under,24.5,-137,2025-12-13,2025-12-13T00:21:02Z,2025-12-12 16:21:35
Betr DFS,player_points_rebounds_assists,Joel Embiid,Over,29.5,-137,2025-12-13,2025-12-13T00:21:02Z,2025-12-12 16:21:35
Betr DFS,player_points_rebounds_assists,Joel Embiid,Under,29.5,-137,2025-12-13,2025-12-13T00:21:02Z,2025-12-12 16:21:35
Betr DFS,player_points_rebounds_assists,Paul George,Over,32.5,-137,2025-12-13,2025-12-13T00:21:02Z,2025-12-12 16:21:35
Betr DFS,player_points_rebounds_assists,Paul George,Under,32.5,-137,2025-12-13,2025-12-13T00:21:02Z,2025-12-12 16:21:35
Betr DFS,player_points_rebounds_assists,Jared McCain,Over,18.5,-137,2025-12-13,2025-12-13T00:21:02Z,2025-12-12 16:21:35
Betr DFS,player_points_rebounds_assists,Jared McCain,Under,18.5,-137,2025-12-13,2025-12-13T00:21:02Z,2025-12-12 16:21:35
Betr DFS,player_points_rebounds_assists,VJ Edgecombe,Over,31.5,-137,2025-12-13,2025-12-13T00:21:02Z,2025-12-12 16:21:35
Betr DFS,player_points_rebounds_assists,VJ Edgecombe,Under,31.5,-137,2025-12-13,2025-12-13T00:21:02Z,2025-12-12 16:21:35
Betr DFS,player_points_rebounds_assists,Lauri Markkanen,Over,34.5,-137,2025-12-13,2025-12-13T00:21:11Z,2025-12-12 16:21:35
Betr DFS,player_points_rebounds_assists,Lauri Markkanen,Under,34.5,-137,2025-12-13,2025-12-13T00:21:11Z,2025-12-12 16:21:35
Betr DFS,player_points_rebounds_assists,Jusuf Nurkic,Over,23.5,-137,2025-12-13,2025-12-13T00:21:11Z,2025-12-12 16:21:35
Betr DFS,player_points_rebounds_assists,Jusuf Nurkic,Under,23.5,-137,2025-12-13,2025-12-13T00:21:11Z,2025-12-12 16:21:35
Betr DFS,player_points_rebounds_assists,Keyonte George,Over,31.5,-137,2025-12-13,2025-12-13T00:21:11Z,2025-12-12 16:21:35
Betr DFS,player_points_rebounds_assists,Keyonte George,Under,31.5,-137,2025-12-13,2025-12-13T00:21:11Z,2025-12-12 16:21:35
Betr DFS,player_points_rebounds_assists,Kyle Filipowski,Over,20.5,-137,2025-12-13,2025-12-13T00:21:11Z,2025-12-12 16:21:35
Betr DFS,player_points_rebounds_assists,Kyle Filipowski,Under,20.5,-137,2025-12-13,2025-12-13T00:21:11Z,2025-12-12 16:21:35
Betr DFS,player_points_rebounds_assists,Ace Bailey,Under,18.5,-137,2025-12-13,2025-12-13T00:21:11Z,2025-12-12 16:21:35
Betr DFS,player_points_rebounds_assists,Ace Bailey,Over,18.5,-137,2025-12-13,2025-12-13T00:21:11Z,2025-12-12 16:21:35
Betr DFS,player_points_rebounds_assists,Jaren Jackson Jr,Over,27.5,-137,2025-12-13,2025-12-13T00:21:11Z,2025-12-12 16:21:35
Betr DFS,player_points_rebounds_assists,Jaren Jackson Jr,Under,27.5,-137,2025-12-13,2025-12-13T00:21:11Z,2025-12-12 16:21:35
Betr DFS,player_points_rebounds_assists,Ja Morant,Over,29.5,-137,2025-12-13,2025-12-13T00:21:11Z,2025-12-12 16:21:35
Betr DFS,player_points_rebounds_assists,Ja Morant,Under,29.5,-137,2025-12-13,2025-12-13T00:21:11Z,2025-12-12 16:21:35
Betr DFS,player_points_rebounds_assists,Santi Aldama,Over,24.5,-137,2025-12-13,2025-12-13T00:21:11Z,2025-12-12 16:21:35
Betr DFS,player_points_rebounds_assists,Santi Aldama,Under,24.5,-137,2025-12-13,2025-12-13T00:21:11Z,2025-12-12 16:21:35
Betr DFS,player_points_rebounds_assists,Jock Landale,Over,20.5,-137,2025-12-13,2025-12-13T00:21:11Z,2025-12-12 16:21:35
Betr DFS,player_points_rebounds_assists,Jock Landale,Under,20.5,-137,2025-12-13,2025-12-13T00:21:11Z,2025-12-12 16:21:35
Betr DFS,player_points_rebounds_assists,Jaylen Wells,Over,17.5,-137,2025-12-13,2025-12-13T00:21:11Z,2025-12-12 16:21:35
Betr DFS,player_points_rebounds_assists,Jaylen Wells,Under,17.5,-137,2025-12-13,2025-12-13T00:21:11Z,2025-12-12 16:21:35
Betr DFS,player_points_rebounds_assists,Cedric Coward,Over,24.5,-137,2025-12-13,2025-12-13T00:21:11Z,2025-12-12 16:21:35
Betr DFS,player_points_rebounds_assists,Cedric Coward,Under,24.5,-137,2025-12-13,2025-12-13T00:21:11Z,2025-12-12 16:21:35
Betr DFS,player_points_rebounds_assists,Nicolas Claxton,Over,26.5,-137,2025-12-13,2025-12-13T00:21:17Z,2025-12-12 16:21:35
Betr DFS,player_points_rebounds_assists,Nicolas Claxton,Under,26.5,-137,2025-12-13,2025-12-13T00:21:17Z,2025-12-12 16:21:35
Betr DFS,player_points_rebounds_assists,Michael Porter Jr,Over,34.5,-137,2025-12-13,2025-12-13T00:21:17Z,2025-12-12 16:21:35
Betr DFS,player_points_rebounds_assists,Michael Porter Jr,Under,34.5,-137,2025-12-13,2025-12-13T00:21:17Z,2025-12-12 16:21:35
Betr DFS,player_points_rebounds_assists,Noah Clowney,Over,19.5,-137,2025-12-13,2025-12-13T00:21:17Z,2025-12-12 16:21:35
Betr DFS,player_points_rebounds_assists,Noah Clowney,Under,19.5,-137,2025-12-13,2025-12-13T00:21:17Z,2025-12-12 16:21:35
Betr DFS,player_points_rebounds_assists,P.J. Washington,Over,24.5,-137,2025-12-13,2025-12-13T00:21:17Z,2025-12-12 16:21:35
Betr DFS,player_points_rebounds_assists,P.J. Washington,Under,24.5,-137,2025-12-13,2025-12-13T00:21:17Z,2025-12-12 16:21:35
Betr DFS,player_points_rebounds_assists,Naji Marshall,Over,18.5,-137,2025-12-13,2025-12-13T00:21:17Z,2025-12-12 16:21:35
Betr DFS,player_points_rebounds_assists,Naji Marshall,Under,18.5,-137,2025-12-13,2025-12-13T00:21:17Z,2025-12-12 16:21:35
Betr DFS,player_points_rebounds_assists,Anthony Davis,Over,36.5,-137,2025-12-13,2025-12-13T00:21:17Z,2025-12-12 16:21:35
Betr DFS,player_points_rebounds_assists,Anthony Davis,Under,36.5,-137,2025-12-13,2025-12-13T00:21:17Z,2025-12-12 16:21:35
Betr DFS,player_points_rebounds_assists,Cooper Flagg,Over,27.5,-137,2025-12-13,2025-12-13T00:21:17Z,2025-12-12 16:21:35
Betr DFS,player_points_rebounds_assists,Cooper Flagg,Under,27.5,-137,2025-12-13,2025-12-13T00:21:17Z,2025-12-12 16:21:35
Betr DFS,player_points_rebounds_assists,Julius Randle,Over,37.5,-137,2025-12-13,2025-12-13T00:21:10Z,2025-12-12 16:21:35
Betr DFS,player_points_rebounds_assists,Julius Randle,Under,37.5,-137,2025-12-13,2025-12-13T00:21:10Z,2025-12-12 16:21:35
Betr DFS,player_points_rebounds_assists,Rudy Gobert,Over,23.5,-137,2025-12-13,2025-12-13T00:21:10Z,2025-12-12 16:21:35
Betr DFS,player_points_rebounds_assists,Rudy Gobert,Under,23.5,-137,2025-12-13,2025-12-13T00:21:10Z,2025-12-12 16:21:35
Betr DFS,player_points_rebounds_assists,Naz Reid,Over,25.5,-137,2025-12-13,2025-12-13T00:21:10Z,2025-12-12 16:21:35
Betr DFS,player_points_rebounds_assists,Naz Reid,Under,25.5,-137,2025-12-13,2025-12-13T00:21:10Z,2025-12-12 16:21:35
Betr DFS,player_points_rebounds_assists,Jaden McDaniels,Over,24.5,-137,2025-12-13,2025-12-13T00:21:10Z,2025-12-12 16:21:35
Betr DFS,player_points_rebounds_assists,Jaden McDaniels,Under,24.5,-137,2025-12-13,2025-12-13T00:21:10Z,2025-12-12 16:21:35
Betr DFS,player_points_rebounds_assists,Donte DiVincenzo,Over,23.5,-137,2025-12-13,2025-12-13T00:21:10Z,2025-12-12 16:21:35
Betr DFS,player_points_rebounds_assists,Donte DiVincenzo,Under,23.5,-137,2025-12-13,2025-12-13T00:21:10Z,2025-12-12 16:21:35
Betr DFS,player_points_rebounds_assists,Jimmy Butler,Over,31.5,-137,2025-12-13,2025-12-13T00:21:10Z,2025-12-12 16:21:35
Betr DFS,player_points_rebounds_assists,Jimmy Butler,Under,31.5,-137,2025-12-13,2025-12-13T00:21:10Z,2025-12-12 16:21:35
Betr DFS,player_points_rebounds_assists,Stephen Curry,Over,33.5,-137,2025-12-13,2025-12-13T00:21:10Z,2025-12-12 16:21:35
Betr DFS,player_points_rebounds_assists,Stephen Curry,Under,33.5,-137,2025-12-13,2025-12-13T00:21:10Z,2025-12-12 16:21:35
Betr DFS,player_points_rebounds_assists,Quinten Post,Over,18.5,-137,2025-12-13,2025-12-13T00:21:10Z,2025-12-12 16:21:35
Betr DFS,player_points_rebounds_assists,Quinten Post,Under,18.5,-137,2025-12-13,2025-12-13T00:21:10Z,2025-12-12 16:21:35
Betr DFS,player_points_rebounds_assists,Josh Hart,Under,27.5,-137,2025-12-13,2025-12-13T00:21:24Z,2025-12-12 16:21:35
Betr DFS,player_points_rebounds_assists,Josh Hart,Over,27.5,-137,2025-12-13,2025-12-13T00:21:24Z,2025-12-12 16:21:35
Betr DFS,player_points_rebounds_assists,Jalen Brunson,Over,37.5,-137,2025-12-13,2025-12-13T00:21:24Z,2025-12-12 16:21:35
Betr DFS,player_points_rebounds_assists,Jalen Brunson,Under,37.5,-137,2025-12-13,2025-12-13T00:21:24Z,2025-12-12 16:21:35
Betr DFS,player_points_rebounds_assists,Mikal Bridges,Over,23.5,-137,2025-12-13,2025-12-13T00:21:24Z,2025-12-12 16:21:35
Betr DFS,player_points_rebounds_assists,Mikal Bridges,Under,23.5,-137,2025-12-13,2025-12-13T00:21:24Z,2025-12-12 16:21:35
Betr DFS,player_points_rebounds_assists,OG Anunoby,Over,21.5,-137,2025-12-13,2025-12-13T00:21:24Z,2025-12-12 16:21:35
Betr DFS,player_points_rebounds_assists,OG Anunoby,Under,21.5,-137,2025-12-13,2025-12-13T00:21:24Z,2025-12-12 16:21:35
Betr DFS,player_points_rebounds_assists,Karl-Anthony Towns,Over,36.5,-137,2025-12-13,2025-12-13T00:21:24Z,2025-12-12 16:21:35
Betr DFS,player_points_rebounds_assists,Karl-Anthony Towns,Under,36.5,-137,2025-12-13,2025-12-13T00:21:24Z,2025-12-12 16:21:35
Betr DFS,player_points_rebounds_assists,Wendell Carter Jr,Over,20.5,-137,2025-12-13,2025-12-13T00:21:24Z,2025-12-12 16:21:35
Betr DFS,player_points_rebounds_assists,Wendell Carter Jr,Under,20.5,-137,2025-12-13,2025-12-13T00:21:24Z,2025-12-12 16:21:35
Betr DFS,player_points_rebounds_assists,Jalen Suggs,Over,26.5,-137,2025-12-13,2025-12-13T00:21:24Z,2025-12-12 16:21:35
Betr DFS,player_points_rebounds_assists,Jalen Suggs,Under,26.5,-137,2025-12-13,2025-12-13T00:21:24Z,2025-12-12 16:21:35
Betr DFS,player_points_rebounds_assists,Paolo Banchero,Over,32.5,-137,2025-12-13,2025-12-13T00:21:24Z,2025-12-12 16:21:35
Betr DFS,player_points_rebounds_assists,Paolo Banchero,Under,32.5,-137,2025-12-13,2025-12-13T00:21:24Z,2025-12-12 16:21:35
Betr DFS,player_points_rebounds_assists,Desmond Bane,Over,30.5,-137,2025-12-13,2025-12-13T00:21:24Z,2025-12-12 16:21:35
Betr DFS,player_points_rebounds_assists,Desmond Bane,Under,30.5,-137,2025-12-13,2025-12-13T00:21:24Z,2025-12-12 16:21:35
Betr DFS,player_points_rebounds_assists,Anthony Black,Over,25.5,-137,2025-12-13,2025-12-13T00:21:24Z,2025-12-12 16:21:35
Betr DFS,player_points_rebounds_assists,Anthony Black,Under,25.5,-137,2025-12-13,2025-12-13T00:21:24Z,2025-12-12 16:21:35
Betr DFS,player_points_rebounds_assists,Devin Vassell,Over,17.5,-137,2025-12-14,2025-12-13T00:21:24Z,2025-12-12 16:21:35
Betr DFS,player_points_rebounds_assists,Devin Vassell,Under,17.5,-137,2025-12-14,2025-12-13T00:21:24Z,2025-12-12 16:21:35
Betr DFS,player_points_rebounds_assists,De'Aaron Fox,Over,29.5,-137,2025-12-14,2025-12-13T00:21:24Z,2025-12-12 16:21:35
Betr DFS,player_points_rebounds_assists,De'Aaron Fox,Under,29.5,-137,2025-12-14,2025-12-13T00:21:24Z,2025-12-12 16:21:35
Betr DFS,player_points_rebounds_assists,Victor Wembanyama,Over,29.5,-137,2025-12-14,2025-12-13T00:21:24Z,2025-12-12 16:21:35
Betr DFS,player_points_rebounds_assists,Victor Wembanyama,Under,29.5,-137,2025-12-14,2025-12-13T00:21:24Z,2025-12-12 16:21:35
Betr DFS,player_points_rebounds_assists,Stephon Castle,Over,26.5,-137,2025-12-14,2025-12-13T00:21:24Z,2025-12-12 16:21:35
Betr DFS,player_points_rebounds_assists,Stephon Castle,Under,26.5,-137,2025-12-14,2025-12-13T00:21:24Z,2025-12-12 16:21:35
Betr DFS,player_points_rebounds_assists,Shai Gilgeous-Alexander,Over,41.5,-137,2025-12-14,2025-12-13T00:21:24Z,2025-12-12 16:21:35
Betr DFS,player_points_rebounds_assists,Shai Gilgeous-Alexander,Under,41.5,-137,2025-12-14,2025-12-13T00:21:24Z,2025-12-12 16:21:35
Betr DFS,player_points_rebounds_assists,Chet Holmgren,Over,26.5,-137,2025-12-14,2025-12-13T00:21:24Z,2025-12-12 16:21:35
Betr DFS,player_points_rebounds_assists,Chet Holmgren,Under,26.5,-137,2025-12-14,2025-12-13T00:21:24Z,2025-12-12 16:21:35
Betr DFS,player_points_rebounds_assists,Jalen Williams,Over,30.5,-137,2025-12-14,2025-12-13T00:21:24Z,2025-12-12 16:21:35
Betr DFS,player_points_rebounds_assists,Jalen Williams,Under,30.5,-137,2025-12-14,2025-12-13T00:21:24Z,2025-12-12 16:21:35
DraftKings Pick6,player_points_rebounds_assists,Cade Cunningham,Over,43.5,-137,2025-12-13,2025-12-13T00:19:03Z,2025-12-12 16:21:35
DraftKings Pick6,player_points_rebounds_assists,Cade Cunningham,Under,43.5,-137,2025-12-13,2025-12-13T00:19:03Z,2025-12-12 16:21:35
DraftKings Pick6,player_points_rebounds_assists,Jalen Johnson,Over,41.5,-137,2025-12-13,2025-12-13T00:19:03Z,2025-12-12 16:21:35
DraftKings Pick6,player_points_rebounds_assists,Jalen Johnson,Under,41.5,-137,2025-12-13,2025-12-13T00:19:03Z,2025-12-12 16:21:35
DraftKings Pick6,player_points_rebounds_assists,Nickeil Alexander-Walker,Over,29.5,-137,2025-12-13,2025-12-13T00:19:03Z,2025-12-12 16:21:35
DraftKings Pick6,player_points_rebounds_assists,Nickeil Alexander-Walker,Under,29.5,-137,2025-12-13,2025-12-13T00:19:03Z,2025-12-12 16:21:35
DraftKings Pick6,player_points_rebounds_assists,Onyeka Okongwu,Over,27.5,-137,2025-12-13,2025-12-13T00:19:03Z,2025-12-12 16:21:35
DraftKings Pick6,player_points_rebounds_assists,Onyeka Okongwu,Under,27.5,-137,2025-12-13,2025-12-13T00:19:03Z,2025-12-12 16:21:35
DraftKings Pick6,player_points_rebounds_assists,Dyson Daniels,Over,24.5,-137,2025-12-13,2025-12-13T00:19:03Z,2025-12-12 16:21:35
DraftKings Pick6,player_points_rebounds_assists,Dyson Daniels,Under,24.5,-137,2025-12-13,2025-12-13T00:19:03Z,2025-12-12 16:21:35
DraftKings Pick6,player_points_rebounds_assists,Tobias Harris,Over,22.5,-137,2025-12-13,2025-12-13T00:19:03Z,2025-12-12 16:21:35
DraftKings Pick6,player_points_rebounds_assists,Tobias Harris,Under,22.5,-137,2025-12-13,2025-12-13T00:19:03Z,2025-12-12 16:21:35
DraftKings Pick6,player_points_rebounds_assists,Ausar Thompson,Over,19.5,-137,2025-12-13,2025-12-13T00:19:03Z,2025-12-12 16:21:35
DraftKings Pick6,player_points_rebounds_assists,Ausar Thompson,Under,19.5,-137,2025-12-13,2025-12-13T00:19:03Z,2025-12-12 16:21:35
DraftKings Pick6,player_points_rebounds_assists,Duncan Robinson,Over,16.5,-137,2025-12-13,2025-12-13T00:19:03Z,2025-12-12 16:21:35
DraftKings Pick6,player_points_rebounds_assists,Duncan Robinson,Under,16.5,-137,2025-12-13,2025-12-13T00:19:03Z,2025-12-12 16:21:35
DraftKings Pick6,player_points_rebounds_assists,Vit Krejci,Over,13.5,-137,2025-12-13,2025-12-13T00:19:03Z,2025-12-12 16:21:35
DraftKings Pick6,player_points_rebounds_assists,Vit Krejci,Under,13.5,-137,2025-12-13,2025-12-13T00:19:03Z,2025-12-12 16:21:35
DraftKings Pick6,player_points_rebounds_assists,Zaccharie Risacher,Over,13.5,-137,2025-12-13,2025-12-13T00:19:03Z,2025-12-12 16:21:35
DraftKings Pick6,player_points_rebounds_assists,Zaccharie Risacher,Under,13.5,-137,2025-12-13,2025-12-13T00:19:03Z,2025-12-12 16:21:35
DraftKings Pick6,player_points_rebounds_assists,Nickeil Alexander-Walker,Over,29.5,-137,2025-12-13,2025-12-13T00:19:03Z,2025-12-12 16:21:35
DraftKings Pick6,player_points_rebounds_assists,Tristan Vukcevic,Over,19.5,-137,2025-12-13,2025-12-13T00:18:43Z,2025-12-12 16:21:35
DraftKings Pick6,player_points_rebounds_assists,Tristan Vukcevic,Under,19.5,-137,2025-12-13,2025-12-13T00:18:43Z,2025-12-12 16:21:35
DraftKings Pick6,player_points_rebounds_assists,Lonzo Ball,Over,15.5,-137,2025-12-13,2025-12-13T00:18:43Z,2025-12-12 16:21:35
DraftKings Pick6,player_points_rebounds_assists,Lonzo Ball,Under,15.5,-137,2025-12-13,2025-12-13T00:18:43Z,2025-12-12 16:21:35
DraftKings Pick6,player_points_rebounds_assists,Tre Johnson,Over,14.5,-137,2025-12-13,2025-12-13T00:18:43Z,2025-12-12 16:21:35
DraftKings Pick6,player_points_rebounds_assists,Tre Johnson,Under,14.5,-137,2025-12-13,2025-12-13T00:18:43Z,2025-12-12 16:21:35
DraftKings Pick6,player_points_rebounds_assists,Nae'Qwan Tomlin,Over,10.5,-137,2025-12-13,2025-12-13T00:18:43Z,2025-12-12 16:21:35
DraftKings Pick6,player_points_rebounds_assists,Nae'Qwan Tomlin,Under,10.5,-137,2025-12-13,2025-12-13T00:18:43Z,2025-12-12 16:21:35
DraftKings Pick6,player_points_rebounds_assists,Dean Wade,Over,10.5,-137,2025-12-13,2025-12-13T00:18:43Z,2025-12-12 16:21:35
DraftKings Pick6,player_points_rebounds_assists,Dean Wade,Under,10.5,-137,2025-12-13,2025-12-13T00:18:43Z,2025-12-12 16:21:35
DraftKings Pick6,player_points_rebounds_assists,Thomas Bryant,Over,8.5,-137,2025-12-13,2025-12-13T00:18:43Z,2025-12-12 16:21:35
DraftKings Pick6,player_points_rebounds_assists,Thomas Bryant,Under,8.5,-137,2025-12-13,2025-12-13T00:18:43Z,2025-12-12 16:21:35
DraftKings Pick6,player_points_rebounds_assists,Darius Garland,Over,26.5,-137,2025-12-13,2025-12-13T00:18:43Z,2025-12-12 16:21:35
DraftKings Pick6,player_points_rebounds_assists,Darius Garland,Under,26.5,-137,2025-12-13,2025-12-13T00:18:43Z,2025-12-12 16:21:35
DraftKings Pick6,player_points_rebounds_assists,De'Andre Hunter,Over,23.5,-137,2025-12-13,2025-12-13T00:18:43Z,2025-12-12 16:21:35
DraftKings Pick6,player_points_rebounds_assists,De'Andre Hunter,Under,23.5,-137,2025-12-13,2025-12-13T00:18:43Z,2025-12-12 16:21:35
DraftKings Pick6,player_points_rebounds_assists,Donovan Mitchell,Over,40.5,-137,2025-12-13,2025-12-13T00:18:43Z,2025-12-12 16:21:35
DraftKings Pick6,player_points_rebounds_assists,Donovan Mitchell,Under,40.5,-137,2025-12-13,2025-12-13T00:18:43Z,2025-12-12 16:21:35
DraftKings Pick6,player_points_rebounds_assists,Evan Mobley,Over,40.5,-137,2025-12-13,2025-12-13T00:18:43Z,2025-12-12 16:21:35
DraftKings Pick6,player_points_rebounds_assists,Evan Mobley,Under,40.5,-137,2025-12-13,2025-12-13T00:18:43Z,2025-12-12 16:21:35
DraftKings Pick6,player_points_rebounds_assists,Paul George,Over,31.5,-137,2025-12-13,2025-12-13T00:18:53Z,2025-12-12 16:21:35
DraftKings Pick6,player_points_rebounds_assists,Paul George,Under,31.5,-137,2025-12-13,2025-12-13T00:18:53Z,2025-12-12 16:21:35
DraftKings Pick6,player_points_rebounds_assists,Joel Embiid,Over,30.5,-137,2025-12-13,2025-12-13T00:18:53Z,2025-12-12 16:21:35
DraftKings Pick6,player_points_rebounds_assists,Joel Embiid,Under,30.5,-137,2025-12-13,2025-12-13T00:18:53Z,2025-12-12 16:21:35
DraftKings Pick6,player_points_rebounds_assists,Pascal Siakam,Over,30.5,-137,2025-12-13,2025-12-13T00:18:53Z,2025-12-12 16:21:35
DraftKings Pick6,player_points_rebounds_assists,Pascal Siakam,Under,30.5,-137,2025-12-13,2025-12-13T00:18:53Z,2025-12-12 16:21:35
DraftKings Pick6,player_points_rebounds_assists,Bennedict Mathurin,Over,28.5,-137,2025-12-13,2025-12-13T00:18:53Z,2025-12-12 16:21:35
DraftKings Pick6,player_points_rebounds_assists,Bennedict Mathurin,Under,28.5,-137,2025-12-13,2025-12-13T00:18:53Z,2025-12-12 16:21:35
DraftKings Pick6,player_points_rebounds_assists,VJ Edgecombe,Over,26.5,-137,2025-12-13,2025-12-13T00:18:53Z,2025-12-12 16:21:35
DraftKings Pick6,player_points_rebounds_assists,VJ Edgecombe,Under,26.5,-137,2025-12-13,2025-12-13T00:18:53Z,2025-12-12 16:21:35
DraftKings Pick6,player_points_rebounds_assists,Quentin Grimes,Over,25.5,-137,2025-12-13,2025-12-13T00:18:53Z,2025-12-12 16:21:35
DraftKings Pick6,player_points_rebounds_assists,Quentin Grimes,Under,25.5,-137,2025-12-13,2025-12-13T00:18:53Z,2025-12-12 16:21:35
DraftKings Pick6,player_points_rebounds_assists,Andrew Nembhard,Over,25.5,-137,2025-12-13,2025-12-13T00:18:53Z,2025-12-12 16:21:35
DraftKings Pick6,player_points_rebounds_assists,Andrew Nembhard,Under,25.5,-137,2025-12-13,2025-12-13T00:18:53Z,2025-12-12 16:21:35
DraftKings Pick6,player_points_rebounds_assists,T.J. McConnell,Over,15.5,-137,2025-12-13,2025-12-13T00:18:53Z,2025-12-12 16:21:35
DraftKings Pick6,player_points_rebounds_assists,T.J. McConnell,Under,15.5,-137,2025-12-13,2025-12-13T00:18:53Z,2025-12-12 16:21:35
DraftKings Pick6,player_points_rebounds_assists,Bennedict Mathurin,Over,29.5,-137,2025-12-13,2025-12-13T00:18:53Z,2025-12-12 16:21:35
DraftKings Pick6,player_points_rebounds_assists,Lauri Markkanen,Over,34.5,-137,2025-12-13,2025-12-13T00:19:11Z,2025-12-12 16:21:35
DraftKings Pick6,player_points_rebounds_assists,Lauri Markkanen,Under,34.5,-137,2025-12-13,2025-12-13T00:19:11Z,2025-12-12 16:21:35
DraftKings Pick6,player_points_rebounds_assists,Keyonte George,Over,31.5,-137,2025-12-13,2025-12-13T00:19:11Z,2025-12-12 16:21:35
DraftKings Pick6,player_points_rebounds_assists,Keyonte George,Under,31.5,-137,2025-12-13,2025-12-13T00:19:11Z,2025-12-12 16:21:35
DraftKings Pick6,player_points_rebounds_assists,Ja Morant,Over,29.5,-137,2025-12-13,2025-12-13T00:19:11Z,2025-12-12 16:21:35
DraftKings Pick6,player_points_rebounds_assists,Ja Morant,Under,29.5,-137,2025-12-13,2025-12-13T00:19:11Z,2025-12-12 16:21:35
DraftKings Pick6,player_points_rebounds_assists,Jaren Jackson Jr,Over,27.5,-137,2025-12-13,2025-12-13T00:19:11Z,2025-12-12 16:21:35
DraftKings Pick6,player_points_rebounds_assists,Jaren Jackson Jr,Under,27.5,-137,2025-12-13,2025-12-13T00:19:11Z,2025-12-12 16:21:35
DraftKings Pick6,player_points_rebounds_assists,Santi Aldama,Over,24.5,-137,2025-12-13,2025-12-13T00:19:11Z,2025-12-12 16:21:35
DraftKings Pick6,player_points_rebounds_assists,Santi Aldama,Under,24.5,-137,2025-12-13,2025-12-13T00:19:11Z,2025-12-12 16:21:35
DraftKings Pick6,player_points_rebounds_assists,Cedric Coward,Over,24.5,-137,2025-12-13,2025-12-13T00:19:11Z,2025-12-12 16:21:35
DraftKings Pick6,player_points_rebounds_assists,Cedric Coward,Under,24.5,-137,2025-12-13,2025-12-13T00:19:11Z,2025-12-12 16:21:35
DraftKings Pick6,player_points_rebounds_assists,Jusuf Nurkic,Over,23.5,-137,2025-12-13,2025-12-13T00:19:11Z,2025-12-12 16:21:35
DraftKings Pick6,player_points_rebounds_assists,Jusuf Nurkic,Under,23.5,-137,2025-12-13,2025-12-13T00:19:11Z,2025-12-12 16:21:35
DraftKings Pick6,player_points_rebounds_assists,Kyle Filipowski,Over,20.5,-137,2025-12-13,2025-12-13T00:19:11Z,2025-12-12 16:21:35
DraftKings Pick6,player_points_rebounds_assists,Kyle Filipowski,Under,20.5,-137,2025-12-13,2025-12-13T00:19:11Z,2025-12-12 16:21:35
DraftKings Pick6,player_points_rebounds_assists,Jock Landale,Over,20.5,-137,2025-12-13,2025-12-13T00:19:11Z,2025-12-12 16:21:35
DraftKings Pick6,player_points_rebounds_assists,Jock Landale,Under,20.5,-137,2025-12-13,2025-12-13T00:19:11Z,2025-12-12 16:21:35
DraftKings Pick6,player_points_rebounds_assists,Ace Bailey,Over,18.5,-137,2025-12-13,2025-12-13T00:19:11Z,2025-12-12 16:21:35
DraftKings Pick6,player_points_rebounds_assists,Ace Bailey,Under,18.5,-137,2025-12-13,2025-12-13T00:19:11Z,2025-12-12 16:21:35
DraftKings Pick6,player_points_rebounds_assists,Jaylen Wells,Over,18.5,-137,2025-12-13,2025-12-13T00:19:11Z,2025-12-12 16:21:35
DraftKings Pick6,player_points_rebounds_assists,Jaylen Wells,Under,18.5,-137,2025-12-13,2025-12-13T00:19:11Z,2025-12-12 16:21:35
DraftKings Pick6,player_points_rebounds_assists,Cam Spencer,Over,16.5,-137,2025-12-13,2025-12-13T00:19:11Z,2025-12-12 16:21:35
DraftKings Pick6,player_points_rebounds_assists,Cam Spencer,Under,16.5,-137,2025-12-13,2025-12-13T00:19:11Z,2025-12-12 16:21:35
DraftKings Pick6,player_points_rebounds_assists,Walter Clayton Jr.,Over,14.5,-137,2025-12-13,2025-12-13T00:19:11Z,2025-12-12 16:21:35
DraftKings Pick6,player_points_rebounds_assists,Walter Clayton Jr.,Under,14.5,-137,2025-12-13,2025-12-13T00:19:11Z,2025-12-12 16:21:35
DraftKings Pick6,player_points_rebounds_assists,Vincent Williams Jr,Over,14.5,-137,2025-12-13,2025-12-13T00:19:11Z,2025-12-12 16:21:35
DraftKings Pick6,player_points_rebounds_assists,Vincent Williams Jr,Under,14.5,-137,2025-12-13,2025-12-13T00:19:11Z,2025-12-12 16:21:35
DraftKings Pick6,player_points_rebounds_assists,Svi Mykhailiuk,Over,12.5,-137,2025-12-13,2025-12-13T00:19:11Z,2025-12-12 16:21:35
DraftKings Pick6,player_points_rebounds_assists,Svi Mykhailiuk,Under,12.5,-137,2025-12-13,2025-12-13T00:19:11Z,2025-12-12 16:21:35
PrizePicks,player_points_rebounds,Ron Holland,Over,9.5,-137,2025-12-13,2025-12-13T00:11:42Z,2025-12-12 16:21:35
PrizePicks,player_points_rebounds,Ron Holland,Under,9.5,-137,2025-12-13,2025-12-13T00:11:42Z,2025-12-12 16:21:35
PrizePicks,player_points_rebounds,Jalen Johnson,Over,34.5,-137,2025-12-13,2025-12-13T00:11:42Z,2025-12-12 16:21:35
PrizePicks,player_points_rebounds,Jalen Johnson,Under,34.5,-137,2025-12-13,2025-12-13T00:11:42Z,2025-12-12 16:21:35
PrizePicks,player_points_rebounds,Cade Cunningham,Over,32.5,-137,2025-12-13,2025-12-13T00:11:42Z,2025-12-12 16:21:35
PrizePicks,player_points_rebounds,Cade Cunningham,Under,32.5,-137,2025-12-13,2025-12-13T00:11:42Z,2025-12-12 16:21:35
PrizePicks,player_points_rebounds,Jalen Duren,Over,29.5,-137,2025-12-13,2025-12-13T00:11:42Z,2025-12-12 16:21:35
PrizePicks,player_points_rebounds,Jalen Duren,Under,29.5,-137,2025-12-13,2025-12-13T00:11:42Z,2025-12-12 16:21:35
PrizePicks,player_points_rebounds,Onyeka Okongwu,Over,25.0,-137,2025-12-13,2025-12-13T00:11:42Z,2025-12-12 16:21:35
PrizePicks,player_points_rebounds,Onyeka Okongwu,Under,25.0,-137,2025-12-13,2025-12-13T00:11:42Z,2025-12-12 16:21:35
PrizePicks,player_points_rebounds,Nickeil Alexander-Walker,Over,24.5,-137,2025-12-13,2025-12-13T00:11:42Z,2025-12-12 16:21:35
PrizePicks,player_points_rebounds,Nickeil Alexander-Walker,Under,24.5,-137,2025-12-13,2025-12-13T00:11:42Z,2025-12-12 16:21:35
PrizePicks,player_points_rebounds,Tobias Harris,Over,18.5,-137,2025-12-13,2025-12-13T00:11:42Z,2025-12-12 16:21:35
PrizePicks,player_points_rebounds,Tobias Harris,Under,18.5,-137,2025-12-13,2025-12-13T00:11:42Z,2025-12-12 16:21:35
PrizePicks,player_points_rebounds,Dyson Daniels,Over,17.5,-137,2025-12-13,2025-12-13T00:11:42Z,2025-12-12 16:21:35
PrizePicks,player_points_rebounds,Dyson Daniels,Under,17.5,-137,2025-12-13,2025-12-13T00:11:42Z,2025-12-12 16:21:35
PrizePicks,player_points_rebounds,Ausar Thompson,Over,16.5,-137,2025-12-13,2025-12-13T00:11:42Z,2025-12-12 16:21:35
PrizePicks,player_points_rebounds,Ausar Thompson,Under,16.5,-137,2025-12-13,2025-12-13T00:11:42Z,2025-12-12 16:21:35
PrizePicks,player_points_rebounds,Duncan Robinson,Over,14.0,-137,2025-12-13,2025-12-13T00:11:42Z,2025-12-12 16:21:35
PrizePicks,player_points_rebounds,Duncan Robinson,Under,14.0,-137,2025-12-13,2025-12-13T00:11:42Z,2025-12-12 16:21:35
PrizePicks,player_points_rebounds,Zaccharie Risacher,Over,13.0,-137,2025-12-13,2025-12-13T00:11:42Z,2025-12-12 16:21:35
PrizePicks,player_points_rebounds,Zaccharie Risacher,Under,13.0,-137,2025-12-13,2025-12-13T00:11:42Z,2025-12-12 16:21:35
PrizePicks,player_points_rebounds,Isaiah Stewart II,Over,13.0,-137,2025-12-13,2025-12-13T00:11:42Z,2025-12-12 16:21:35
PrizePicks,player_points_rebounds,Isaiah Stewart II,Under,13.0,-137,2025-12-13,2025-12-13T00:11:42Z,2025-12-12 16:21:35
PrizePicks,player_points_rebounds,Vit Krejci,Over,11.5,-137,2025-12-13,2025-12-13T00:11:42Z,2025-12-12 16:21:35
PrizePicks,player_points_rebounds,Vit Krejci,Under,11.5,-137,2025-12-13,2025-12-13T00:11:42Z,2025-12-12 16:21:35
PrizePicks,player_points_rebounds,Caris LeVert,Over,11.0,-137,2025-12-13,2025-12-13T00:11:42Z,2025-12-12 16:21:35
PrizePicks,player_points_rebounds,Caris LeVert,Under,11.0,-137,2025-12-13,2025-12-13T00:11:42Z,2025-12-12 16:21:35
PrizePicks,player_points_rebounds,Jaden Ivey,Over,10.5,-137,2025-12-13,2025-12-13T00:11:42Z,2025-12-12 16:21:35
PrizePicks,player_points_rebounds,Jaden Ivey,Under,10.5,-137,2025-12-13,2025-12-13T00:11:42Z,2025-12-12 16:21:35
PrizePicks,player_points_rebounds,Luke Kennard,Over,8.5,-137,2025-12-13,2025-12-13T00:11:42Z,2025-12-12 16:21:35
PrizePicks,player_points_rebounds,Luke Kennard,Under,8.5,-137,2025-12-13,2025-12-13T00:11:42Z,2025-12-12 16:21:35
PrizePicks,player_points_rebounds,Mouhamed Gueye,Over,6.5,-137,2025-12-13,2025-12-13T00:11:42Z,2025-12-12 16:21:35
PrizePicks,player_points_rebounds,Mouhamed Gueye,Under,6.5,-137,2025-12-13,2025-12-13T00:11:42Z,2025-12-12 16:21:35
PrizePicks,player_points_rebounds,Miles Bridges,Over,29.5,-137,2025-12-13,2025-12-13T00:12:03Z,2025-12-12 16:21:35
PrizePicks,player_points_rebounds,Miles Bridges,Under,29.5,-137,2025-12-13,2025-12-13T00:12:03Z,2025-12-12 16:21:35
PrizePicks,player_points_rebounds,Josh Giddey,Over,28.5,-137,2025-12-13,2025-12-13T00:12:03Z,2025-12-12 16:21:35
PrizePicks,player_points_rebounds,Josh Giddey,Under,28.5,-137,2025-12-13,2025-12-13T00:12:03Z,2025-12-12 16:21:35
PrizePicks,player_points_rebounds,Brandon Miller,Over,26.5,-137,2025-12-13,2025-12-13T00:12:03Z,2025-12-12 16:21:35
PrizePicks,player_points_rebounds,Brandon Miller,Under,26.5,-137,2025-12-13,2025-12-13T00:12:03Z,2025-12-12 16:21:35
PrizePicks,player_points_rebounds,Coby White,Over,24.5,-137,2025-12-13,2025-12-13T00:12:03Z,2025-12-12 16:21:35
PrizePicks,player_points_rebounds,Coby White,Under,24.5,-137,2025-12-13,2025-12-13T00:12:03Z,2025-12-12 16:21:35
PrizePicks,player_points_rebounds,Nikola Vucevic,Over,24.5,-137,2025-12-13,2025-12-13T00:12:03Z,2025-12-12 16:21:35
PrizePicks,player_points_rebounds,Nikola Vucevic,Under,24.5,-137,2025-12-13,2025-12-13T00:12:03Z,2025-12-12 16:21:35
PrizePicks,player_points_rebounds,Kon Knueppel,Over,23.5,-137,2025-12-13,2025-12-13T00:12:03Z,2025-12-12 16:21:35
PrizePicks,player_points_rebounds,Kon Knueppel,Under,23.5,-137,2025-12-13,2025-12-13T00:12:03Z,2025-12-12 16:21:35
PrizePicks,player_points_rebounds,Matas Buzelis,Over,19.0,-137,2025-12-13,2025-12-13T00:12:03Z,2025-12-12 16:21:35
PrizePicks,player_points_rebounds,Matas Buzelis,Under,19.0,-137,2025-12-13,2025-12-13T00:12:03Z,2025-12-12 16:21:35
PrizePicks,player_points_rebounds,KJ Simpson,Over,16.5,-137,2025-12-13,2025-12-13T00:12:03Z,2025-12-12 16:21:35
PrizePicks,player_points_rebounds,KJ Simpson,Under,16.5,-137,2025-12-13,2025-12-13T00:12:03Z,2025-12-12 16:21:35
PrizePicks,player_points_rebounds,Ryan Kalkbrenner,Over,15.5,-137,2025-12-13,2025-12-13T00:12:03Z,2025-12-12 16:21:35
PrizePicks,player_points_rebounds,Ryan Kalkbrenner,Under,15.5,-137,2025-12-13,2025-12-13T00:12:03Z,2025-12-12 16:21:35
PrizePicks,player_points_rebounds,Moussa Diabate,Over,15.5,-137,2025-12-13,2025-12-13T00:12:03Z,2025-12-12 16:21:35
PrizePicks,player_points_rebounds,Moussa Diabate,Under,15.5,-137,2025-12-13,2025-12-13T00:12:03Z,2025-12-12 16:21:35
PrizePicks,player_points_rebounds,Tre Jones,Over,13.5,-137,2025-12-13,2025-12-13T00:12:03Z,2025-12-12 16:21:35
PrizePicks,player_points_rebounds,Tre Jones,Under,13.5,-137,2025-12-13,2025-12-13T00:12:03Z,2025-12-12 16:21:35
PrizePicks,player_points_rebounds,Zach Collins,Over,11.5,-137,2025-12-13,2025-12-13T00:12:03Z,2025-12-12 16:21:35
PrizePicks,player_points_rebounds,Zach Collins,Under,11.5,-137,2025-12-13,2025-12-13T00:12:03Z,2025-12-12 16:21:35
PrizePicks,player_points_rebounds,Tidjane Salaun,Over,10.5,-137,2025-12-13,2025-12-13T00:12:03Z,2025-12-12 16:21:35
PrizePicks,player_points_rebounds,Tidjane Salaun,Under,10.5,-137,2025-12-13,2025-12-13T00:12:03Z,2025-12-12 16:21:35
PrizePicks,player_points_rebounds,Patrick Williams,Over,10.0,-137,2025-12-13,2025-12-13T00:12:03Z,2025-12-12 16:21:35
PrizePicks,player_points_rebounds,Patrick Williams,Under,10.0,-137,2025-12-13,2025-12-13T00:12:03Z,2025-12-12 16:21:35
PrizePicks,player_points_rebounds,Sion James,Over,9.5,-137,2025-12-13,2025-12-13T00:12:03Z,2025-12-12 16:21:35
PrizePicks,player_points_rebounds,Sion James,Under,9.5,-137,2025-12-13,2025-12-13T00:12:03Z,2025-12-12 16:21:35
PrizePicks,player_points_rebounds,Isaac Okoro,Over,8.5,-137,2025-12-13,2025-12-13T00:12:03Z,2025-12-12 16:21:35
PrizePicks,player_points_rebounds,Isaac Okoro,Under,8.5,-137,2025-12-13,2025-12-13T00:12:03Z,2025-12-12 16:21:35
PrizePicks,player_points_rebounds,Donovan Mitchell,Over,34.5,-137,2025-12-13,2025-12-13T00:11:42Z,2025-12-12 16:21:35
PrizePicks,player_points_rebounds,Donovan Mitchell,Under,34.5,-137,2025-12-13,2025-12-13T00:11:42Z,2025-12-12 16:21:35
PrizePicks,player_points_rebounds,Evan Mobley,Over,31.5,-137,2025-12-13,2025-12-13T00:11:42Z,2025-12-12 16:21:35
PrizePicks,player_points_rebounds,Evan Mobley,Under,31.5,-137,2025-12-13,2025-12-13T00:11:42Z,2025-12-12 16:21:35
PrizePicks,player_points_rebounds,C.J. McCollum,Over,24.0,-137,2025-12-13,2025-12-13T00:11:42Z,2025-12-12 16:21:35
PrizePicks,player_points_rebounds,C.J. McCollum,Under,24.0,-137,2025-12-13,2025-12-13T00:11:42Z,2025-12-12 16:21:35
PrizePicks,player_points_rebounds,Kyshawn George,Over,21.5,-137,2025-12-13,2025-12-13T00:11:42Z,2025-12-12 16:21:35
PrizePicks,player_points_rebounds,Kyshawn George,Under,21.5,-137,2025-12-13,2025-12-13T00:11:42Z,2025-12-12 16:21:35
PrizePicks,player_points_rebounds,Darius Garland,Over,21.0,-137,2025-12-13,2025-12-13T00:11:42Z,2025-12-12 16:21:35
PrizePicks,player_points_rebounds,Darius Garland,Under,21.0,-137,2025-12-13,2025-12-13T00:11:42Z,2025-12-12 16:21:35
PrizePicks,player_points_rebounds,De'Andre Hunter,Over,19.5,-137,2025-12-13,2025-12-13T00:11:42Z,2025-12-12 16:21:35
PrizePicks,player_points_rebounds,De'Andre Hunter,Under,19.5,-137,2025-12-13,2025-12-13T00:11:42Z,2025-12-12 16:21:35
PrizePicks,player_points_rebounds,Jaylon Tyson,Over,19.5,-137,2025-12-13,2025-12-13T00:11:42Z,2025-12-12 16:21:35
PrizePicks,player_points_rebounds,Jaylon Tyson,Under,19.5,-137,2025-12-13,2025-12-13T00:11:42Z,2025-12-12 16:21:35
PrizePicks,player_points_rebounds,Marvin Bagley III,Over,17.5,-137,2025-12-13,2025-12-13T00:11:42Z,2025-12-12 16:21:35
PrizePicks,player_points_rebounds,Marvin Bagley III,Under,17.5,-137,2025-12-13,2025-12-13T00:11:42Z,2025-12-12 16:21:35
PrizePicks,player_points_rebounds,Justin Champagnie,Over,16.5,-137,2025-12-13,2025-12-13T00:11:42Z,2025-12-12 16:21:35
PrizePicks,player_points_rebounds,Justin Champagnie,Under,16.5,-137,2025-12-13,2025-12-13T00:11:42Z,2025-12-12 16:21:35
PrizePicks,player_points_rebounds,Carlton Carrington,Over,13.5,-137,2025-12-13,2025-12-13T00:11:42Z,2025-12-12 16:21:35
PrizePicks,player_points_rebounds,Carlton Carrington,Under,13.5,-137,2025-12-13,2025-12-13T00:11:42Z,2025-12-12 16:21:35
PrizePicks,player_points_rebounds,Tre Johnson,Over,13.0,-137,2025-12-13,2025-12-13T00:11:42Z,2025-12-12 16:21:35
PrizePicks,player_points_rebounds,Tre Johnson,Under,13.0,-137,2025-12-13,2025-12-13T00:11:42Z,2025-12-12 16:21:35
PrizePicks,player_points_rebounds,Lonzo Ball,Over,10.5,-137,2025-12-13,2025-12-13T00:11:42Z,2025-12-12 16:21:35
PrizePicks,player_points_rebounds,Lonzo Ball,Under,10.5,-137,2025-12-13,2025-12-13T00:11:42Z,2025-12-12 16:21:35
PrizePicks,player_points_rebounds,Dean Wade,Over,9.5,-137,2025-12-13,2025-12-13T00:11:42Z,2025-12-12 16:21:35
PrizePicks,player_points_rebounds,Dean Wade,Under,9.5,-137,2025-12-13,2025-12-13T00:11:42Z,2025-12-12 16:21:35
PrizePicks,player_points_rebounds,Pascal Siakam,Over,31.0,-137,2025-12-13,2025-12-13T00:10:07Z,2025-12-12 16:21:35
PrizePicks,player_points_rebounds,Pascal Siakam,Under,31.0,-137,2025-12-13,2025-12-13T00:10:07Z,2025-12-12 16:21:35
PrizePicks,player_points_rebounds,Joel Embiid,Over,30.5,-137,2025-12-13,2025-12-13T00:10:07Z,2025-12-12 16:21:35
PrizePicks,player_points_rebounds,Joel Embiid,Under,30.5,-137,2025-12-13,2025-12-13T00:10:07Z,2025-12-12 16:21:35
PrizePicks,player_points_rebounds,Bennedict Mathurin,Over,26.0,-137,2025-12-13,2025-12-13T00:10:07Z,2025-12-12 16:21:35
PrizePicks,player_points_rebounds,Bennedict Mathurin,Under,26.0,-137,2025-12-13,2025-12-13T00:10:07Z,2025-12-12 16:21:35
PrizePicks,player_points_rebounds,Paul George,Over,22.5,-137,2025-12-13,2025-12-13T00:10:07Z,2025-12-12 16:21:35
PrizePicks,player_points_rebounds,Paul George,Under,22.5,-137,2025-12-13,2025-12-13T00:10:07Z,2025-12-12 16:21:35
PrizePicks,player_points_rebounds,Quentin Grimes,Over,22.5,-137,2025-12-13,2025-12-13T00:10:07Z,2025-12-12 16:21:35
PrizePicks,player_points_rebounds,Quentin Grimes,Under,22.5,-137,2025-12-13,2025-12-13T00:10:07Z,2025-12-12 16:21:35
PrizePicks,player_points_rebounds,VJ Edgecombe,Over,20.5,-137,2025-12-13,2025-12-13T00:10:07Z,2025-12-12 16:21:35
PrizePicks,player_points_rebounds,VJ Edgecombe,Under,20.5,-137,2025-12-13,2025-12-13T00:10:07Z,2025-12-12 16:21:35
PrizePicks,player_points_rebounds,Andrew Nembhard,Over,18.5,-137,2025-12-13,2025-12-13T00:10:07Z,2025-12-12 16:21:35
PrizePicks,player_points_rebounds,Andrew Nembhard,Under,18.5,-137,2025-12-13,2025-12-13T00:10:07Z,2025-12-12 16:21:35
PrizePicks,player_points_rebounds,Jared McCain,Over,16.0,-137,2025-12-13,2025-12-13T00:10:07Z,2025-12-12 16:21:35
PrizePicks,player_points_rebounds,Jared McCain,Under,16.0,-137,2025-12-13,2025-12-13T00:10:07Z,2025-12-12 16:21:35
PrizePicks,player_points_rebounds,Jay Huff,Over,14.5,-137,2025-12-13,2025-12-13T00:10:07Z,2025-12-12 16:21:35
PrizePicks,player_points_rebounds,Jay Huff,Under,14.5,-137,2025-12-13,2025-12-13T00:10:07Z,2025-12-12 16:21:35
PrizePicks,player_points_rebounds,Andre Drummond,Over,13.5,-137,2025-12-13,2025-12-13T00:10:07Z,2025-12-12 16:21:35
PrizePicks,player_points_rebounds,Andre Drummond,Under,13.5,-137,2025-12-13,2025-12-13T00:10:07Z,2025-12-12 16:21:35
PrizePicks,player_points_rebounds,Isaiah Jackson,Over,11.5,-137,2025-12-13,2025-12-13T00:10:07Z,2025-12-12 16:21:35
PrizePicks,player_points_rebounds,Isaiah Jackson,Under,11.5,-137,2025-12-13,2025-12-13T00:10:07Z,2025-12-12 16:21:35
PrizePicks,player_points_rebounds,Jarace Walker,Over,10.5,-137,2025-12-13,2025-12-13T00:10:07Z,2025-12-12 16:21:35
PrizePicks,player_points_rebounds,Jarace Walker,Under,10.5,-137,2025-12-13,2025-12-13T00:10:07Z,2025-12-12 16:21:35
PrizePicks,player_points_rebounds,T.J. McConnell,Over,10.5,-137,2025-12-13,2025-12-13T00:10:07Z,2025-12-12 16:21:35
PrizePicks,player_points_rebounds,T.J. McConnell,Under,10.5,-137,2025-12-13,2025-12-13T00:10:07Z,2025-12-12 16:21:35
PrizePicks,player_points_rebounds,Garrison Mathews,Over,6.5,-137,2025-12-13,2025-12-13T00:10:07Z,2025-12-12 16:21:35
PrizePicks,player_points_rebounds,Garrison Mathews,Under,6.5,-137,2025-12-13,2025-12-13T00:10:07Z,2025-12-12 16:21:35
PrizePicks,player_points_rebounds,Lauri Markkanen,Over,31.5,-137,2025-12-13,2025-12-13T00:17:49Z,2025-12-12 16:21:35
PrizePicks,player_points_rebounds,Lauri Markkanen,Under,31.5,-137,2025-12-13,2025-12-13T00:17:49Z,2025-12-12 16:21:35
PrizePicks,player_points_rebounds,Keyonte George,Over,25.5,-137,2025-12-13,2025-12-13T00:17:49Z,2025-12-12 16:21:35
PrizePicks,player_points_rebounds,Keyonte George,Under,25.5,-137,2025-12-13,2025-12-13T00:17:49Z,2025-12-12 16:21:35
PrizePicks,player_points_rebounds,Jaren Jackson Jr,Over,24.5,-137,2025-12-13,2025-12-13T00:17:49Z,2025-12-12 16:21:35
PrizePicks,player_points_rebounds,Jaren Jackson Jr,Under,24.5,-137,2025-12-13,2025-12-13T00:17:49Z,2025-12-12 16:21:35
PrizePicks,player_points_rebounds,Ja Morant,Over,22.5,-137,2025-12-13,2025-12-13T00:17:49Z,2025-12-12 16:21:35
PrizePicks,player_points_rebounds,Ja Morant,Under,22.5,-137,2025-12-13,2025-12-13T00:17:49Z,2025-12-12 16:21:35
PrizePicks,player_points_rebounds,Cedric Coward,Over,21.5,-137,2025-12-13,2025-12-13T00:17:49Z,2025-12-12 16:21:35
PrizePicks,player_points_rebounds,Cedric Coward,Under,21.5,-137,2025-12-13,2025-12-13T00:17:49Z,2025-12-12 16:21:35
PrizePicks,player_points_rebounds,Santi Aldama,Over,21.5,-137,2025-12-13,2025-12-13T00:17:49Z,2025-12-12 16:21:35
PrizePicks,player_points_rebounds,Santi Aldama,Under,21.5,-137,2025-12-13,2025-12-13T00:17:49Z,2025-12-12 16:21:35
PrizePicks,player_points_rebounds,Jusuf Nurkic,Over,19.5,-137,2025-12-13,2025-12-13T00:17:49Z,2025-12-12 16:21:35
PrizePicks,player_points_rebounds,Jusuf Nurkic,Under,19.5,-137,2025-12-13,2025-12-13T00:17:49Z,2025-12-12 16:21:35
PrizePicks,player_points_rebounds,Jock Landale,Over,19.0,-137,2025-12-13,2025-12-13T00:17:49Z,2025-12-12 16:21:35
PrizePicks,player_points_rebounds,Jock Landale,Under,19.0,-137,2025-12-13,2025-12-13T00:17:49Z,2025-12-12 16:21:35
PrizePicks,player_points_rebounds,Kyle Filipowski,Over,18.5,-137,2025-12-13,2025-12-13T00:17:49Z,2025-12-12 16:21:35
PrizePicks,player_points_rebounds,Kyle Filipowski,Under,18.5,-137,2025-12-13,2025-12-13T00:17:49Z,2025-12-12 16:21:35
PrizePicks,player_points_rebounds,Ace Bailey,Over,16.5,-137,2025-12-13,2025-12-13T00:17:49Z,2025-12-12 16:21:35
PrizePicks,player_points_rebounds,Ace Bailey,Under,16.5,-137,2025-12-13,2025-12-13T00:17:49Z,2025-12-12 16:21:35
PrizePicks,player_points_rebounds,Jaylen Wells,Over,16.5,-137,2025-12-13,2025-12-13T00:17:49Z,2025-12-12 16:21:35
PrizePicks,player_points_rebounds,Jaylen Wells,Under,16.5,-137,2025-12-13,2025-12-13T00:17:49Z,2025-12-12 16:21:35
PrizePicks,player_points_rebounds,Cam Spencer,Over,12.5,-137,2025-12-13,2025-12-13T00:17:49Z,2025-12-12 16:21:35
PrizePicks,player_points_rebounds,Cam Spencer,Under,12.5,-137,2025-12-13,2025-12-13T00:17:49Z,2025-12-12 16:21:35
PrizePicks,player_points_rebounds,Vincent Williams Jr,Over,11.0,-137,2025-12-13,2025-12-13T00:17:49Z,2025-12-12 16:21:35
PrizePicks,player_points_rebounds,Vincent Williams Jr,Under,11.0,-137,2025-12-13,2025-12-13T00:17:49Z,2025-12-12 16:21:35
PrizePicks,player_points_rebounds,Walter Clayton Jr.,Over,10.5,-137,2025-12-13,2025-12-13T00:17:49Z,2025-12-12 16:21:35
PrizePicks,player_points_rebounds,Walter Clayton Jr.,Under,10.5,-137,2025-12-13,2025-12-13T00:17:49Z,2025-12-12 16:21:35
PrizePicks,player_points_rebounds,Svi Mykhailiuk,Over,10.5,-137,2025-12-13,2025-12-13T00:17:49Z,2025-12-12 16:21:35
PrizePicks,player_points_rebounds,Svi Mykhailiuk,Under,10.5,-137,2025-12-13,2025-12-13T00:17:49Z,2025-12-12 16:21:35
PrizePicks,player_points_rebounds,Kentavious Caldwell-Pope,Over,10.5,-137,2025-12-13,2025-12-13T00:17:49Z,2025-12-12 16:21:35
PrizePicks,player_points_rebounds,Kentavious Caldwell-Pope,Under,10.5,-137,2025-12-13,2025-12-13T00:17:49Z,2025-12-12 16:21:35
PrizePicks,player_points_rebounds,Anthony Davis,Over,34.0,-137,2025-12-13,2025-12-13T00:18:25Z,2025-12-12 16:21:35
PrizePicks,player_points_rebounds,Anthony Davis,Under,34.0,-137,2025-12-13,2025-12-13T00:18:25Z,2025-12-12 16:21:35
PrizePicks,player_points_rebounds,Michael Porter Jr,Over,31.5,-137,2025-12-13,2025-12-13T00:18:25Z,2025-12-12 16:21:35
PrizePicks,player_points_rebounds,Michael Porter Jr,Under,31.5,-137,2025-12-13,2025-12-13T00:18:25Z,2025-12-12 16:21:35
PrizePicks,player_points_rebounds,Cooper Flagg,Over,24.5,-137,2025-12-13,2025-12-13T00:18:25Z,2025-12-12 16:21:35
PrizePicks,player_points_rebounds,Cooper Flagg,Under,24.5,-137,2025-12-13,2025-12-13T00:18:25Z,2025-12-12 16:21:35
PrizePicks,player_points_rebounds,P.J. Washington,Over,22.5,-137,2025-12-13,2025-12-13T00:18:25Z,2025-12-12 16:21:35
PrizePicks,player_points_rebounds,P.J. Washington,Under,22.5,-137,2025-12-13,2025-12-13T00:18:25Z,2025-12-12 16:21:35
PrizePicks,player_points_rebounds,Nicolas Claxton,Over,22.0,-137,2025-12-13,2025-12-13T00:18:25Z,2025-12-12 16:21:35
PrizePicks,player_points_rebounds,Nicolas Claxton,Under,22.0,-137,2025-12-13,2025-12-13T00:18:25Z,2025-12-12 16:21:35
PrizePicks,player_points_rebounds,Noah Clowney,Over,18.5,-137,2025-12-13,2025-12-13T00:18:25Z,2025-12-12 16:21:35
PrizePicks,player_points_rebounds,Noah Clowney,Under,18.5,-137,2025-12-13,2025-12-13T00:18:25Z,2025-12-12 16:21:35
PrizePicks,player_points_rebounds,Naji Marshall,Over,15.5,-137,2025-12-13,2025-12-13T00:18:25Z,2025-12-12 16:21:35
PrizePicks,player_points_rebounds,Naji Marshall,Under,15.5,-137,2025-12-13,2025-12-13T00:18:25Z,2025-12-12 16:21:35
PrizePicks,player_points_rebounds,Klay Thompson,Over,13.0,-137,2025-12-13,2025-12-13T00:18:25Z,2025-12-12 16:21:35
PrizePicks,player_points_rebounds,Klay Thompson,Under,13.0,-137,2025-12-13,2025-12-13T00:18:25Z,2025-12-12 16:21:35
PrizePicks,player_points_rebounds,Brandon Williams,Over,12.5,-137,2025-12-13,2025-12-13T00:18:25Z,2025-12-12 16:21:35
PrizePicks,player_points_rebounds,Brandon Williams,Under,12.5,-137,2025-12-13,2025-12-13T00:18:25Z,2025-12-12 16:21:35
PrizePicks,player_points_rebounds,Egor Demin,Over,12.0,-137,2025-12-13,2025-12-13T00:18:25Z,2025-12-12 16:21:35
PrizePicks,player_points_rebounds,Egor Demin,Under,12.0,-137,2025-12-13,2025-12-13T00:18:25Z,2025-12-12 16:21:35
PrizePicks,player_points_rebounds,Danny Wolf,Over,11.5,-137,2025-12-13,2025-12-13T00:18:25Z,2025-12-12 16:21:35
PrizePicks,player_points_rebounds,Danny Wolf,Under,11.5,-137,2025-12-13,2025-12-13T00:18:25Z,2025-12-12 16:21:35
PrizePicks,player_points_rebounds,Day'Ron Sharpe,Over,11.5,-137,2025-12-13,2025-12-13T00:18:25Z,2025-12-12 16:21:35
PrizePicks,player_points_rebounds,Day'Ron Sharpe,Under,11.5,-137,2025-12-13,2025-12-13T00:18:25Z,2025-12-12 16:21:35
PrizePicks,player_points_rebounds,Max Christie,Over,11.5,-137,2025-12-13,2025-12-13T00:18:25Z,2025-12-12 16:21:35
PrizePicks,player_points_rebounds,Max Christie,Under,11.5,-137,2025-12-13,2025-12-13T00:18:25Z,2025-12-12 16:21:35
PrizePicks,player_points_rebounds,Ziaire Williams,Over,11.0,-137,2025-12-13,2025-12-13T00:18:25Z,2025-12-12 16:21:35
PrizePicks,player_points_rebounds,Ziaire Williams,Under,11.0,-137,2025-12-13,2025-12-13T00:18:25Z,2025-12-12 16:21:35
PrizePicks,player_points_rebounds,Terance Mann,Over,10.5,-137,2025-12-13,2025-12-13T00:18:25Z,2025-12-12 16:21:35
PrizePicks,player_points_rebounds,Terance Mann,Under,10.5,-137,2025-12-13,2025-12-13T00:18:25Z,2025-12-12 16:21:35
PrizePicks,player_points_rebounds,Julius Randle,Over,31.5,-137,2025-12-13,2025-12-13T00:18:12Z,2025-12-12 16:21:35
PrizePicks,player_points_rebounds,Julius Randle,Under,31.5,-137,2025-12-13,2025-12-13T00:18:12Z,2025-12-12 16:21:35
PrizePicks,player_points_rebounds,Stephen Curry,Over,28.5,-137,2025-12-13,2025-12-13T00:18:12Z,2025-12-12 16:21:35
PrizePicks,player_points_rebounds,Stephen Curry,Under,28.5,-137,2025-12-13,2025-12-13T00:18:12Z,2025-12-12 16:21:35
PrizePicks,player_points_rebounds,Jimmy Butler,Over,25.5,-137,2025-12-13,2025-12-13T00:18:12Z,2025-12-12 16:21:35
PrizePicks,player_points_rebounds,Jimmy Butler,Under,25.5,-137,2025-12-13,2025-12-13T00:18:12Z,2025-12-12 16:21:35
PrizePicks,player_points_rebounds,Naz Reid,Over,22.5,-137,2025-12-13,2025-12-13T00:18:12Z,2025-12-12 16:21:35
PrizePicks,player_points_rebounds,Naz Reid,Under,22.5,-137,2025-12-13,2025-12-13T00:18:12Z,2025-12-12 16:21:35
PrizePicks,player_points_rebounds,Rudy Gobert,Over,22.0,-137,2025-12-13,2025-12-13T00:18:12Z,2025-12-12 16:21:35
PrizePicks,player_points_rebounds,Rudy Gobert,Under,22.0,-137,2025-12-13,2025-12-13T00:18:12Z,2025-12-12 16:21:35
PrizePicks,player_points_rebounds,Jaden McDaniels,Over,21.5,-137,2025-12-13,2025-12-13T00:18:12Z,2025-12-12 16:21:35
PrizePicks,player_points_rebounds,Jaden McDaniels,Under,21.5,-137,2025-12-13,2025-12-13T00:18:12Z,2025-12-12 16:21:35
PrizePicks,player_points_rebounds,Donte DiVincenzo,Over,18.5,-137,2025-12-13,2025-12-13T00:18:12Z,2025-12-12 16:21:35
PrizePicks,player_points_rebounds,Donte DiVincenzo,Under,18.5,-137,2025-12-13,2025-12-13T00:18:12Z,2025-12-12 16:21:35
PrizePicks,player_points_rebounds,Quinten Post,Over,16.5,-137,2025-12-13,2025-12-13T00:18:12Z,2025-12-12 16:21:35
PrizePicks,player_points_rebounds,Quinten Post,Under,16.5,-137,2025-12-13,2025-12-13T00:18:12Z,2025-12-12 16:21:35
PrizePicks,player_points_rebounds,Brandin Podziemski,Over,12.5,-137,2025-12-13,2025-12-13T00:18:12Z,2025-12-12 16:21:35
PrizePicks,player_points_rebounds,Brandin Podziemski,Under,12.5,-137,2025-12-13,2025-12-13T00:18:12Z,2025-12-12 16:21:35
PrizePicks,player_points_rebounds,Moses Moody,Over,11.5,-137,2025-12-13,2025-12-13T00:18:12Z,2025-12-12 16:21:35
PrizePicks,player_points_rebounds,Moses Moody,Under,11.5,-137,2025-12-13,2025-12-13T00:18:12Z,2025-12-12 16:21:35
PrizePicks,player_points_rebounds,Buddy Hield,Over,11.0,-137,2025-12-13,2025-12-13T00:18:12Z,2025-12-12 16:21:35
PrizePicks,player_points_rebounds,Buddy Hield,Under,11.0,-137,2025-12-13,2025-12-13T00:18:12Z,2025-12-12 16:21:35
PrizePicks,player_points_rebounds,De'Anthony Melton,Over,10.5,-137,2025-12-13,2025-12-13T00:18:12Z,2025-12-12 16:21:35
PrizePicks,player_points_rebounds,De'Anthony Melton,Under,10.5,-137,2025-12-13,2025-12-13T00:18:12Z,2025-12-12 16:21:35
PrizePicks,player_points_rebounds,Terrence Shannon Jr.,Over,10.5,-137,2025-12-13,2025-12-13T00:18:12Z,2025-12-12 16:21:35
PrizePicks,player_points_rebounds,Terrence Shannon Jr.,Under,10.5,-137,2025-12-13,2025-12-13T00:18:12Z,2025-12-12 16:21:35
PrizePicks,player_points_rebounds,Jaylen Clark,Over,9.5,-137,2025-12-13,2025-12-13T00:18:12Z,2025-12-12 16:21:35
PrizePicks,player_points_rebounds,Jaylen Clark,Under,9.5,-137,2025-12-13,2025-12-13T00:18:12Z,2025-12-12 16:21:35
PrizePicks,player_points_rebounds,Will Richard,Over,9.0,-137,2025-12-13,2025-12-13T00:18:12Z,2025-12-12 16:21:35
PrizePicks,player_points_rebounds,Will Richard,Under,9.0,-137,2025-12-13,2025-12-13T00:18:12Z,2025-12-12 16:21:35
PrizePicks,player_points_rebounds,Karl-Anthony Towns,Over,33.5,-137,2025-12-13,2025-12-13T00:18:34Z,2025-12-12 16:21:35
PrizePicks,player_points_rebounds,Karl-Anthony Towns,Under,33.5,-137,2025-12-13,2025-12-13T00:18:34Z,2025-12-12 16:21:35
PrizePicks,player_points_rebounds,Jalen Brunson,Over,31.5,-137,2025-12-13,2025-12-13T00:18:34Z,2025-12-12 16:21:35
PrizePicks,player_points_rebounds,Jalen Brunson,Under,31.5,-137,2025-12-13,2025-12-13T00:18:34Z,2025-12-12 16:21:35
PrizePicks,player_points_rebounds,Paolo Banchero,Over,28.5,-137,2025-12-13,2025-12-13T00:18:34Z,2025-12-12 16:21:35
PrizePicks,player_points_rebounds,Paolo Banchero,Under,28.5,-137,2025-12-13,2025-12-13T00:18:34Z,2025-12-12 16:21:35
PrizePicks,player_points_rebounds,Desmond Bane,Over,25.5,-137,2025-12-13,2025-12-13T00:18:34Z,2025-12-12 16:21:35
PrizePicks,player_points_rebounds,Desmond Bane,Under,25.5,-137,2025-12-13,2025-12-13T00:18:34Z,2025-12-12 16:21:35
PrizePicks,player_points_rebounds,Josh Hart,Over,22.0,-137,2025-12-13,2025-12-13T00:18:34Z,2025-12-12 16:21:35
PrizePicks,player_points_rebounds,Josh Hart,Under,22.0,-137,2025-12-13,2025-12-13T00:18:34Z,2025-12-12 16:21:35
PrizePicks,player_points_rebounds,Jalen Suggs,Over,21.5,-137,2025-12-13,2025-12-13T00:18:34Z,2025-12-12 16:21:35
PrizePicks,player_points_rebounds,Jalen Suggs,Under,21.5,-137,2025-12-13,2025-12-13T00:18:34Z,2025-12-12 16:21:35
PrizePicks,player_points_rebounds,Anthony Black,Over,20.5,-137,2025-12-13,2025-12-13T00:18:34Z,2025-12-12 16:21:35
PrizePicks,player_points_rebounds,Anthony Black,Under,20.5,-137,2025-12-13,2025-12-13T00:18:34Z,2025-12-12 16:21:35
PrizePicks,player_points_rebounds,Mikal Bridges,Over,19.5,-137,2025-12-13,2025-12-13T00:18:34Z,2025-12-12 16:21:35
PrizePicks,player_points_rebounds,Mikal Bridges,Under,19.5,-137,2025-12-13,2025-12-13T00:18:34Z,2025-12-12 16:21:35
PrizePicks,player_points_rebounds,OG Anunoby,Over,19.5,-137,2025-12-13,2025-12-13T00:18:34Z,2025-12-12 16:21:35
PrizePicks,player_points_rebounds,OG Anunoby,Under,19.5,-137,2025-12-13,2025-12-13T00:18:34Z,2025-12-12 16:21:35
PrizePicks,player_points_rebounds,Wendell Carter Jr,Over,18.5,-137,2025-12-13,2025-12-13T00:18:34Z,2025-12-12 16:21:35
PrizePicks,player_points_rebounds,Wendell Carter Jr,Under,18.5,-137,2025-12-13,2025-12-13T00:18:34Z,2025-12-12 16:21:35
PrizePicks,player_points_rebounds,Tristan da Silva,Over,13.5,-137,2025-12-13,2025-12-13T00:18:34Z,2025-12-12 16:21:35
PrizePicks,player_points_rebounds,Tristan da Silva,Under,13.5,-137,2025-12-13,2025-12-13T00:18:34Z,2025-12-12 16:21:35
PrizePicks,player_points_rebounds,Jordan Clarkson,Over,12.5,-137,2025-12-13,2025-12-13T00:18:34Z,2025-12-12 16:21:35
PrizePicks,player_points_rebounds,Jordan Clarkson,Under,12.5,-137,2025-12-13,2025-12-13T00:18:34Z,2025-12-12 16:21:35
PrizePicks,player_points_rebounds,Luguentz Dort,Over,11.0,-137,2025-12-14,2025-12-13T00:18:09Z,2025-12-12 16:21:35
PrizePicks,player_points_rebounds,Luguentz Dort,Under,11.0,-137,2025-12-14,2025-12-13T00:18:09Z,2025-12-12 16:21:35
PrizePicks,player_points_rebounds,Shai Gilgeous-Alexander,Over,35.5,-137,2025-12-14,2025-12-13T00:18:09Z,2025-12-12 16:21:35
PrizePicks,player_points_rebounds,Shai Gilgeous-Alexander,Under,35.5,-137,2025-12-14,2025-12-13T00:18:09Z,2025-12-12 16:21:35
PrizePicks,player_points_rebounds,Chet Holmgren,Over,25.5,-137,2025-12-14,2025-12-13T00:18:09Z,2025-12-12 16:21:35
PrizePicks,player_points_rebounds,Chet Holmgren,Under,25.5,-137,2025-12-14,2025-12-13T00:18:09Z,2025-12-12 16:21:35
PrizePicks,player_points_rebounds,Jalen Williams,Over,24.5,-137,2025-12-14,2025-12-13T00:18:09Z,2025-12-12 16:21:35
PrizePicks,player_points_rebounds,Jalen Williams,Under,24.5,-137,2025-12-14,2025-12-13T00:18:09Z,2025-12-12 16:21:35
PrizePicks,player_points_rebounds,De'Aaron Fox,Over,23.5,-137,2025-12-14,2025-12-13T00:18:09Z,2025-12-12 16:21:35
PrizePicks,player_points_rebounds,De'Aaron Fox,Under,23.5,-137,2025-12-14,2025-12-13T00:18:09Z,2025-12-12 16:21:35
PrizePicks,player_points_rebounds,Stephon Castle,Over,20.5,-137,2025-12-14,2025-12-13T00:18:09Z,2025-12-12 16:21:35
PrizePicks,player_points_rebounds,Stephon Castle,Under,20.5,-137,2025-12-14,2025-12-13T00:18:09Z,2025-12-12 16:21:35
PrizePicks,player_points_rebounds,Devin Vassell,Over,15.5,-137,2025-12-14,2025-12-13T00:18:09Z,2025-12-12 16:21:35
PrizePicks,player_points_rebounds,Devin Vassell,Under,15.5,-137,2025-12-14,2025-12-13T00:18:09Z,2025-12-12 16:21:35
PrizePicks,player_points_rebounds,Harrison Barnes,Over,13.5,-137,2025-12-14,2025-12-13T00:18:09Z,2025-12-12 16:21:35
PrizePicks,player_points_rebounds,Harrison Barnes,Under,13.5,-137,2025-12-14,2025-12-13T00:18:09Z,2025-12-12 16:21:35
PrizePicks,player_points_rebounds,Dylan Harper,Over,13.5,-137,2025-12-14,2025-12-13T00:18:09Z,2025-12-12 16:21:35
PrizePicks,player_points_rebounds,Dylan Harper,Under,13.5,-137,2025-12-14,2025-12-13T00:18:09Z,2025-12-12 16:21:35
PrizePicks,player_points_rebounds,Ajay Mitchell,Over,12.5,-137,2025-12-14,2025-12-13T00:18:09Z,2025-12-12 16:21:35
PrizePicks,player_points_rebounds,Ajay Mitchell,Under,12.5,-137,2025-12-14,2025-12-13T00:18:09Z,2025-12-12 16:21:35
PrizePicks,player_points_rebounds,Julian Champagnie,Over,11.5,-137,2025-12-14,2025-12-13T00:18:09Z,2025-12-12 16:21:35
PrizePicks,player_points_rebounds,Julian Champagnie,Under,11.5,-137,2025-12-14,2025-12-13T00:18:09Z,2025-12-12 16:21:35
PrizePicks,player_points_rebounds,Cason Wallace,Over,10.5,-137,2025-12-14,2025-12-13T00:18:09Z,2025-12-12 16:21:35
PrizePicks,player_points_rebounds,Cason Wallace,Under,10.5,-137,2025-12-14,2025-12-13T00:18:09Z,2025-12-12 16:21:35
Underdog,player_points_rebounds,Cade Cunningham,Over,32.5,-137,2025-12-13,2025-12-13T00:12:28Z,2025-12-12 16:21:35
Underdog,player_points_rebounds,Cade Cunningham,Under,32.5,-137,2025-12-13,2025-12-13T00:12:28Z,2025-12-12 16:21:35
Underdog,player_points_rebounds,Jalen Johnson,Over,34.5,-137,2025-12-13,2025-12-13T00:12:28Z,2025-12-12 16:21:35
Underdog,player_points_rebounds,Jalen Johnson,Under,34.5,-137,2025-12-13,2025-12-13T00:12:28Z,2025-12-12 16:21:35
Underdog,player_points_rebounds,Nickeil Alexander-Walker,Over,24.5,-137,2025-12-13,2025-12-13T00:12:28Z,2025-12-12 16:21:35
Underdog,player_points_rebounds,Nickeil Alexander-Walker,Under,24.5,-137,2025-12-13,2025-12-13T00:12:28Z,2025-12-12 16:21:35
Underdog,player_points_rebounds,Coby White,Over,24.5,-137,2025-12-13,2025-12-13T00:12:07Z,2025-12-12 16:21:35
Underdog,player_points_rebounds,Coby White,Under,24.5,-137,2025-12-13,2025-12-13T00:12:07Z,2025-12-12 16:21:35
Underdog,player_points_rebounds,Miles Bridges,Over,29.5,-137,2025-12-13,2025-12-13T00:12:07Z,2025-12-12 16:21:35
Underdog,player_points_rebounds,Miles Bridges,Under,29.5,-137,2025-12-13,2025-12-13T00:12:07Z,2025-12-12 16:21:35
Underdog,player_points_rebounds,Josh Giddey,Over,28.5,-137,2025-12-13,2025-12-13T00:12:07Z,2025-12-12 16:21:35
Underdog,player_points_rebounds,Josh Giddey,Under,28.5,-137,2025-12-13,2025-12-13T00:12:07Z,2025-12-12 16:21:35
Underdog,player_points_rebounds,Kon Knueppel,Over,23.5,-137,2025-12-13,2025-12-13T00:12:07Z,2025-12-12 16:21:35
Underdog,player_points_rebounds,Kon Knueppel,Under,23.5,-137,2025-12-13,2025-12-13T00:12:07Z,2025-12-12 16:21:35
Underdog,player_points_rebounds,Donovan Mitchell,Over,34.5,-137,2025-12-13,2025-12-13T00:12:15Z,2025-12-12 16:21:35
Underdog,player_points_rebounds,Donovan Mitchell,Under,34.5,-137,2025-12-13,2025-12-13T00:12:15Z,2025-12-12 16:21:35
Underdog,player_points_rebounds,Darius Garland,Over,20.5,-137,2025-12-13,2025-12-13T00:12:15Z,2025-12-12 16:21:35
Underdog,player_points_rebounds,Darius Garland,Under,20.5,-137,2025-12-13,2025-12-13T00:12:15Z,2025-12-12 16:21:35
Underdog,player_points_rebounds,C.J. McCollum,Over,24.5,-137,2025-12-13,2025-12-13T00:12:15Z,2025-12-12 16:21:35
Underdog,player_points_rebounds,C.J. McCollum,Under,24.5,-137,2025-12-13,2025-12-13T00:12:15Z,2025-12-12 16:21:35
Underdog,player_points_rebounds,De'Andre Hunter,Over,19.5,-137,2025-12-13,2025-12-13T00:12:15Z,2025-12-12 16:21:35
Underdog,player_points_rebounds,De'Andre Hunter,Under,19.5,-137,2025-12-13,2025-12-13T00:12:15Z,2025-12-12 16:21:35
Underdog,player_points_rebounds,Kyshawn George,Over,21.5,-137,2025-12-13,2025-12-13T00:12:15Z,2025-12-12 16:21:35
Underdog,player_points_rebounds,Kyshawn George,Under,21.5,-137,2025-12-13,2025-12-13T00:12:15Z,2025-12-12 16:21:35
Underdog,player_points_rebounds,Joel Embiid,Over,30.5,-137,2025-12-13,2025-12-13T00:11:42Z,2025-12-12 16:21:35
Underdog,player_points_rebounds,Joel Embiid,Under,30.5,-137,2025-12-13,2025-12-13T00:11:42Z,2025-12-12 16:21:35
Underdog,player_points_rebounds,Paul George,Over,22.5,-137,2025-12-13,2025-12-13T00:11:42Z,2025-12-12 16:21:35
Underdog,player_points_rebounds,Paul George,Under,22.5,-137,2025-12-13,2025-12-13T00:11:42Z,2025-12-12 16:21:35
Underdog,player_points_rebounds,Pascal Siakam,Over,30.5,-137,2025-12-13,2025-12-13T00:11:42Z,2025-12-12 16:21:35
Underdog,player_points_rebounds,Pascal Siakam,Under,30.5,-137,2025-12-13,2025-12-13T00:11:42Z,2025-12-12 16:21:35
Underdog,player_points_rebounds,VJ Edgecombe,Over,20.5,-137,2025-12-13,2025-12-13T00:11:42Z,2025-12-12 16:21:35
Underdog,player_points_rebounds,VJ Edgecombe,Under,20.5,-137,2025-12-13,2025-12-13T00:11:42Z,2025-12-12 16:21:35
Underdog,player_points_rebounds,Andrew Nembhard,Over,18.5,-137,2025-12-13,2025-12-13T00:11:42Z,2025-12-12 16:21:35
Underdog,player_points_rebounds,Andrew Nembhard,Under,18.5,-137,2025-12-13,2025-12-13T00:11:42Z,2025-12-12 16:21:35
Underdog,player_points_rebounds,Bennedict Mathurin,Over,26.5,-137,2025-12-13,2025-12-13T00:11:42Z,2025-12-12 16:21:35
Underdog,player_points_rebounds,Bennedict Mathurin,Under,26.5,-137,2025-12-13,2025-12-13T00:11:42Z,2025-12-12 16:21:35
Underdog,player_points_rebounds,Keyonte George,Over,25.5,-137,2025-12-13,2025-12-13T00:21:14Z,2025-12-12 16:21:35
Underdog,player_points_rebounds,Keyonte George,Under,25.5,-137,2025-12-13,2025-12-13T00:21:14Z,2025-12-12 16:21:35
Underdog,player_points_rebounds,Lauri Markkanen,Over,31.5,-137,2025-12-13,2025-12-13T00:21:14Z,2025-12-12 16:21:35
Underdog,player_points_rebounds,Lauri Markkanen,Under,31.5,-137,2025-12-13,2025-12-13T00:21:14Z,2025-12-12 16:21:35
Underdog,player_points_rebounds,Jusuf Nurkic,Over,19.5,-137,2025-12-13,2025-12-13T00:21:14Z,2025-12-12 16:21:35
Underdog,player_points_rebounds,Jusuf Nurkic,Under,19.5,-137,2025-12-13,2025-12-13T00:21:14Z,2025-12-12 16:21:35
Underdog,player_points_rebounds,Santi Aldama,Over,21.5,-137,2025-12-13,2025-12-13T00:21:14Z,2025-12-12 16:21:35
Underdog,player_points_rebounds,Santi Aldama,Under,21.5,-137,2025-12-13,2025-12-13T00:21:14Z,2025-12-12 16:21:35
Underdog,player_points_rebounds,Jock Landale,Over,19.5,-137,2025-12-13,2025-12-13T00:21:14Z,2025-12-12 16:21:35
Underdog,player_points_rebounds,Jock Landale,Under,19.5,-137,2025-12-13,2025-12-13T00:21:14Z,2025-12-12 16:21:35
Underdog,player_points_rebounds,Cedric Coward,Over,21.5,-137,2025-12-13,2025-12-13T00:21:14Z,2025-12-12 16:21:35
Underdog,player_points_rebounds,Cedric Coward,Under,21.5,-137,2025-12-13,2025-12-13T00:21:14Z,2025-12-12 16:21:35
Underdog,player_points_rebounds,Cooper Flagg,Over,24.5,-137,2025-12-13,2025-12-13T00:21:29Z,2025-12-12 16:21:35
Underdog,player_points_rebounds,Cooper Flagg,Under,24.5,-137,2025-12-13,2025-12-13T00:21:29Z,2025-12-12 16:21:35
Underdog,player_points_rebounds,Anthony Davis,Over,33.5,-137,2025-12-13,2025-12-13T00:21:29Z,2025-12-12 16:21:35
Underdog,player_points_rebounds,Anthony Davis,Under,33.5,-137,2025-12-13,2025-12-13T00:21:29Z,2025-12-12 16:21:35
Underdog,player_points_rebounds,P.J. Washington,Over,22.5,-137,2025-12-13,2025-12-13T00:21:29Z,2025-12-12 16:21:35
Underdog,player_points_rebounds,P.J. Washington,Under,22.5,-137,2025-12-13,2025-12-13T00:21:29Z,2025-12-12 16:21:35
Underdog,player_points_rebounds,Michael Porter Jr,Over,31.5,-137,2025-12-13,2025-12-13T00:21:29Z,2025-12-12 16:21:35
Underdog,player_points_rebounds,Michael Porter Jr,Under,31.5,-137,2025-12-13,2025-12-13T00:21:29Z,2025-12-12 16:21:35
Underdog,player_points_rebounds,Stephen Curry,Over,29.5,-137,2025-12-13,2025-12-13T00:22:04Z,2025-12-12 16:21:35
Underdog,player_points_rebounds,Stephen Curry,Under,29.5,-137,2025-12-13,2025-12-13T00:22:04Z,2025-12-12 16:21:35
Underdog,player_points_rebounds,Jimmy Butler,Over,25.5,-137,2025-12-13,2025-12-13T00:22:04Z,2025-12-12 16:21:35
Underdog,player_points_rebounds,Jimmy Butler,Under,25.5,-137,2025-12-13,2025-12-13T00:22:04Z,2025-12-12 16:21:35
Underdog,player_points_rebounds,Julius Randle,Over,31.5,-137,2025-12-13,2025-12-13T00:22:04Z,2025-12-12 16:21:35
Underdog,player_points_rebounds,Julius Randle,Under,31.5,-137,2025-12-13,2025-12-13T00:22:04Z,2025-12-12 16:21:35
Underdog,player_points_rebounds,Jaden McDaniels,Over,21.5,-137,2025-12-13,2025-12-13T00:22:04Z,2025-12-12 16:21:35
Underdog,player_points_rebounds,Jaden McDaniels,Under,21.5,-137,2025-12-13,2025-12-13T00:22:04Z,2025-12-12 16:21:35
Underdog,player_points_rebounds,Jalen Brunson,Over,31.5,-137,2025-12-13,2025-12-13T00:21:50Z,2025-12-12 16:21:35
Underdog,player_points_rebounds,Jalen Brunson,Under,31.5,-137,2025-12-13,2025-12-13T00:21:50Z,2025-12-12 16:21:35
Underdog,player_points_rebounds,Karl-Anthony Towns,Over,33.5,-137,2025-12-13,2025-12-13T00:21:50Z,2025-12-12 16:21:35
Underdog,player_points_rebounds,Karl-Anthony Towns,Under,33.5,-137,2025-12-13,2025-12-13T00:21:50Z,2025-12-12 16:21:35
Underdog,player_points_rebounds,Desmond Bane,Over,25.5,-137,2025-12-13,2025-12-13T00:21:50Z,2025-12-12 16:21:35
Underdog,player_points_rebounds,Desmond Bane,Under,25.5,-137,2025-12-13,2025-12-13T00:21:50Z,2025-12-12 16:21:35
Underdog,player_points_rebounds,Paolo Banchero,Over,28.5,-137,2025-12-13,2025-12-13T00:21:50Z,2025-12-12 16:21:35
Underdog,player_points_rebounds,Paolo Banchero,Under,28.5,-137,2025-12-13,2025-12-13T00:21:50Z,2025-12-12 16:21:35
Underdog,player_points_rebounds,Jalen Suggs,Over,21.5,-137,2025-12-13,2025-12-13T00:21:50Z,2025-12-12 16:21:35
Underdog,player_points_rebounds,Jalen Suggs,Under,21.5,-137,2025-12-13,2025-12-13T00:21:50Z,2025-12-12 16:21:35
Underdog,player_points_rebounds,Josh Hart,Over,22.5,-137,2025-12-13,2025-12-13T00:21:50Z,2025-12-12 16:21:35
Underdog,player_points_rebounds,Josh Hart,Under,22.5,-137,2025-12-13,2025-12-13T00:21:50Z,2025-12-12 16:21:35
Underdog,player_points_rebounds,Shai Gilgeous-Alexander,Over,35.5,-137,2025-12-14,2025-12-13T00:21:24Z,2025-12-12 16:21:35
Underdog,player_points_rebounds,Shai Gilgeous-Alexander,Under,35.5,-137,2025-12-14,2025-12-13T00:21:24Z,2025-12-12 16:21:35
Underdog,player_points_rebounds,Victor Wembanyama,Over,26.5,-137,2025-12-14,2025-12-13T00:21:24Z,2025-12-12 16:21:35
Underdog,player_points_rebounds,Victor Wembanyama,Under,26.5,-137,2025-12-14,2025-12-13T00:21:24Z,2025-12-12 16:21:35
Underdog,player_points_rebounds,De'Aaron Fox,Over,23.5,-137,2025-12-14,2025-12-13T00:21:24Z,2025-12-12 16:21:35
Underdog,player_points_rebounds,De'Aaron Fox,Under,23.5,-137,2025-12-14,2025-12-13T00:21:24Z,2025-12-12 16:21:35
Underdog,player_points_rebounds,Jalen Williams,Over,24.5,-137,2025-12-14,2025-12-13T00:21:24Z,2025-12-12 16:21:35
Underdog,player_points_rebounds,Jalen Williams,Under,24.5,-137,2025-12-14,2025-12-13T00:21:24Z,2025-12-12 16:21:35
Underdog,player_points_rebounds,Chet Holmgren,Over,25.5,-137,2025-12-14,2025-12-13T00:21:24Z,2025-12-12 16:21:35
Underdog,player_points_rebounds,Chet Holmgren,Under,25.5,-137,2025-12-14,2025-12-13T00:21:24Z,2025-12-12 16:21:35
Underdog,player_points_rebounds,Stephon Castle,Over,20.5,-137,2025-12-14,2025-12-13T00:21:24Z,2025-12-12 16:21:35
Underdog,player_points_rebounds,Stephon Castle,Under,20.5,-137,2025-12-14,2025-12-13T00:21:24Z,2025-12-12 16:21:35
Betr DFS,player_points_rebounds,Onyeka Okongwu,Over,21.5,-137,2025-12-13,2025-12-13T00:21:10Z,2025-12-12 16:21:35
Betr DFS,player_points_rebounds,Onyeka Okongwu,Under,21.5,-137,2025-12-13,2025-12-13T00:21:10Z,2025-12-12 16:21:35
Betr DFS,player_points_rebounds,Vit Krejci,Over,11.5,-137,2025-12-13,2025-12-13T00:21:10Z,2025-12-12 16:21:35
Betr DFS,player_points_rebounds,Jalen Johnson,Over,30.5,-137,2025-12-13,2025-12-13T00:21:10Z,2025-12-12 16:21:35
Betr DFS,player_points_rebounds,Jalen Johnson,Under,30.5,-137,2025-12-13,2025-12-13T00:21:10Z,2025-12-12 16:21:35
Betr DFS,player_points_rebounds,Nickeil Alexander-Walker,Over,28.5,-137,2025-12-13,2025-12-13T00:21:10Z,2025-12-12 16:21:35
Betr DFS,player_points_rebounds,Nickeil Alexander-Walker,Under,28.5,-137,2025-12-13,2025-12-13T00:21:10Z,2025-12-12 16:21:35
Betr DFS,player_points_rebounds,Luke Kennard,Over,8.5,-137,2025-12-13,2025-12-13T00:21:10Z,2025-12-12 16:21:35
Betr DFS,player_points_rebounds,Luke Kennard,Under,8.5,-137,2025-12-13,2025-12-13T00:21:10Z,2025-12-12 16:21:35
Betr DFS,player_points_rebounds,Dyson Daniels,Over,19.5,-137,2025-12-13,2025-12-13T00:21:10Z,2025-12-12 16:21:35
Betr DFS,player_points_rebounds,Dyson Daniels,Under,19.5,-137,2025-12-13,2025-12-13T00:21:10Z,2025-12-12 16:21:35
Betr DFS,player_points_rebounds,Zaccharie Risacher,Over,12.5,-137,2025-12-13,2025-12-13T00:21:10Z,2025-12-12 16:21:35
Betr DFS,player_points_rebounds,Zaccharie Risacher,Under,12.5,-137,2025-12-13,2025-12-13T00:21:10Z,2025-12-12 16:21:35
Betr DFS,player_points_rebounds,Duncan Robinson,Over,15.5,-137,2025-12-13,2025-12-13T00:21:10Z,2025-12-12 16:21:35
Betr DFS,player_points_rebounds,Duncan Robinson,Under,15.5,-137,2025-12-13,2025-12-13T00:21:10Z,2025-12-12 16:21:35
Betr DFS,player_points_rebounds,Caris LeVert,Over,10.5,-137,2025-12-13,2025-12-13T00:21:10Z,2025-12-12 16:21:35
Betr DFS,player_points_rebounds,Caris LeVert,Under,10.5,-137,2025-12-13,2025-12-13T00:21:10Z,2025-12-12 16:21:35
Betr DFS,player_points_rebounds,Isaiah Stewart II,Over,13.5,-137,2025-12-13,2025-12-13T00:21:10Z,2025-12-12 16:21:35
Betr DFS,player_points_rebounds,Isaiah Stewart II,Under,13.5,-137,2025-12-13,2025-12-13T00:21:10Z,2025-12-12 16:21:35
Betr DFS,player_points_rebounds,Cade Cunningham,Over,32.5,-137,2025-12-13,2025-12-13T00:21:10Z,2025-12-12 16:21:35
Betr DFS,player_points_rebounds,Cade Cunningham,Under,32.5,-137,2025-12-13,2025-12-13T00:21:10Z,2025-12-12 16:21:35
Betr DFS,player_points_rebounds,Jalen Duren,Over,28.5,-137,2025-12-13,2025-12-13T00:21:10Z,2025-12-12 16:21:35
Betr DFS,player_points_rebounds,Jalen Duren,Under,28.5,-137,2025-12-13,2025-12-13T00:21:10Z,2025-12-12 16:21:35
Betr DFS,player_points_rebounds,Ausar Thompson,Over,18.5,-137,2025-12-13,2025-12-13T00:21:10Z,2025-12-12 16:21:35
Betr DFS,player_points_rebounds,Ausar Thompson,Under,18.5,-137,2025-12-13,2025-12-13T00:21:10Z,2025-12-12 16:21:35
Betr DFS,player_points_rebounds,Ron Holland,Over,9.5,-137,2025-12-13,2025-12-13T00:21:10Z,2025-12-12 16:21:35
Betr DFS,player_points_rebounds,Ron Holland,Under,9.5,-137,2025-12-13,2025-12-13T00:21:10Z,2025-12-12 16:21:35
Betr DFS,player_points_rebounds,Nikola Vucevic,Over,25.5,-137,2025-12-13,2025-12-13T00:21:01Z,2025-12-12 16:21:35
Betr DFS,player_points_rebounds,Nikola Vucevic,Under,25.5,-137,2025-12-13,2025-12-13T00:21:01Z,2025-12-12 16:21:35
Betr DFS,player_points_rebounds,Josh Giddey,Over,27.5,-137,2025-12-13,2025-12-13T00:21:01Z,2025-12-12 16:21:35
Betr DFS,player_points_rebounds,Josh Giddey,Under,27.5,-137,2025-12-13,2025-12-13T00:21:01Z,2025-12-12 16:21:35
Betr DFS,player_points_rebounds,Zach Collins,Over,11.5,-137,2025-12-13,2025-12-13T00:21:01Z,2025-12-12 16:21:35
Betr DFS,player_points_rebounds,Zach Collins,Under,11.5,-137,2025-12-13,2025-12-13T00:21:01Z,2025-12-12 16:21:35
Betr DFS,player_points_rebounds,Tre Jones,Over,13.5,-137,2025-12-13,2025-12-13T00:21:01Z,2025-12-12 16:21:35
Betr DFS,player_points_rebounds,Tre Jones,Under,13.5,-137,2025-12-13,2025-12-13T00:21:01Z,2025-12-12 16:21:35
Betr DFS,player_points_rebounds,Matas Buzelis,Over,17.5,-137,2025-12-13,2025-12-13T00:21:01Z,2025-12-12 16:21:35
Betr DFS,player_points_rebounds,Matas Buzelis,Under,17.5,-137,2025-12-13,2025-12-13T00:21:01Z,2025-12-12 16:21:35
Betr DFS,player_points_rebounds,Moussa Diabate,Over,14.5,-137,2025-12-13,2025-12-13T00:21:01Z,2025-12-12 16:21:35
Betr DFS,player_points_rebounds,Moussa Diabate,Under,14.5,-137,2025-12-13,2025-12-13T00:21:01Z,2025-12-12 16:21:35
Betr DFS,player_points_rebounds,Brandon Miller,Over,22.5,-137,2025-12-13,2025-12-13T00:21:01Z,2025-12-12 16:21:35
Betr DFS,player_points_rebounds,Brandon Miller,Under,22.5,-137,2025-12-13,2025-12-13T00:21:01Z,2025-12-12 16:21:35
Betr DFS,player_points_rebounds,Miles Bridges,Over,28.5,-137,2025-12-13,2025-12-13T00:21:01Z,2025-12-12 16:21:35
Betr DFS,player_points_rebounds,Miles Bridges,Under,28.5,-137,2025-12-13,2025-12-13T00:21:01Z,2025-12-12 16:21:35
Betr DFS,player_points_rebounds,Tidjane Salaun,Over,9.5,-137,2025-12-13,2025-12-13T00:21:01Z,2025-12-12 16:21:35
Betr DFS,player_points_rebounds,Tidjane Salaun,Under,9.5,-137,2025-12-13,2025-12-13T00:21:01Z,2025-12-12 16:21:35
Betr DFS,player_points_rebounds,Kon Knueppel,Over,30.5,-137,2025-12-13,2025-12-13T00:21:01Z,2025-12-12 16:21:35
Betr DFS,player_points_rebounds,Kon Knueppel,Under,30.5,-137,2025-12-13,2025-12-13T00:21:01Z,2025-12-12 16:21:35
Betr DFS,player_points_rebounds,Ryan Kalkbrenner,Over,12.5,-137,2025-12-13,2025-12-13T00:21:01Z,2025-12-12 16:21:35
Betr DFS,player_points_rebounds,Ryan Kalkbrenner,Under,12.5,-137,2025-12-13,2025-12-13T00:21:01Z,2025-12-12 16:21:35
Betr DFS,player_points_rebounds,Sion James,Over,9.5,-137,2025-12-13,2025-12-13T00:21:01Z,2025-12-12 16:21:35
Betr DFS,player_points_rebounds,Sion James,Under,9.5,-137,2025-12-13,2025-12-13T00:21:01Z,2025-12-12 16:21:35
Betr DFS,player_points_rebounds,De'Andre Hunter,Over,20.5,-137,2025-12-13,2025-12-13T00:20:59Z,2025-12-12 16:21:35
Betr DFS,player_points_rebounds,De'Andre Hunter,Under,20.5,-137,2025-12-13,2025-12-13T00:20:59Z,2025-12-12 16:21:35
Betr DFS,player_points_rebounds,Lonzo Ball,Over,10.5,-137,2025-12-13,2025-12-13T00:20:59Z,2025-12-12 16:21:35
Betr DFS,player_points_rebounds,Lonzo Ball,Under,10.5,-137,2025-12-13,2025-12-13T00:20:59Z,2025-12-12 16:21:35
Betr DFS,player_points_rebounds,Donovan Mitchell,Over,33.5,-137,2025-12-13,2025-12-13T00:20:59Z,2025-12-12 16:21:35
Betr DFS,player_points_rebounds,Donovan Mitchell,Under,33.5,-137,2025-12-13,2025-12-13T00:20:59Z,2025-12-12 16:21:35
Betr DFS,player_points_rebounds,Darius Garland,Over,17.5,-137,2025-12-13,2025-12-13T00:20:59Z,2025-12-12 16:21:35
Betr DFS,player_points_rebounds,Darius Garland,Under,17.5,-137,2025-12-13,2025-12-13T00:20:59Z,2025-12-12 16:21:35
Betr DFS,player_points_rebounds,Dean Wade,Over,9.5,-137,2025-12-13,2025-12-13T00:20:59Z,2025-12-12 16:21:35
Betr DFS,player_points_rebounds,Dean Wade,Under,9.5,-137,2025-12-13,2025-12-13T00:20:59Z,2025-12-12 16:21:35
Betr DFS,player_points_rebounds,Evan Mobley,Over,35.5,-137,2025-12-13,2025-12-13T00:20:59Z,2025-12-12 16:21:35
Betr DFS,player_points_rebounds,Evan Mobley,Under,35.5,-137,2025-12-13,2025-12-13T00:20:59Z,2025-12-12 16:21:35
Betr DFS,player_points_rebounds,Jaylon Tyson,Over,16.5,-137,2025-12-13,2025-12-13T00:20:59Z,2025-12-12 16:21:35
Betr DFS,player_points_rebounds,Jaylon Tyson,Under,16.5,-137,2025-12-13,2025-12-13T00:20:59Z,2025-12-12 16:21:35
Betr DFS,player_points_rebounds,Marvin Bagley III,Over,18.5,-137,2025-12-13,2025-12-13T00:20:59Z,2025-12-12 16:21:35
Betr DFS,player_points_rebounds,Marvin Bagley III,Under,18.5,-137,2025-12-13,2025-12-13T00:20:59Z,2025-12-12 16:21:35
Betr DFS,player_points_rebounds,C.J. McCollum,Over,25.5,-137,2025-12-13,2025-12-13T00:20:59Z,2025-12-12 16:21:35
Betr DFS,player_points_rebounds,C.J. McCollum,Under,25.5,-137,2025-12-13,2025-12-13T00:20:59Z,2025-12-12 16:21:35
Betr DFS,player_points_rebounds,Kyshawn George,Over,19.5,-137,2025-12-13,2025-12-13T00:20:59Z,2025-12-12 16:21:35
Betr DFS,player_points_rebounds,Kyshawn George,Under,19.5,-137,2025-12-13,2025-12-13T00:20:59Z,2025-12-12 16:21:35
Betr DFS,player_points_rebounds,Carlton Carrington,Over,16.5,-137,2025-12-13,2025-12-13T00:20:59Z,2025-12-12 16:21:35
Betr DFS,player_points_rebounds,Carlton Carrington,Under,16.5,-137,2025-12-13,2025-12-13T00:20:59Z,2025-12-12 16:21:35
Betr DFS,player_points_rebounds,Jay Huff,Over,16.5,-137,2025-12-13,2025-12-13T00:21:02Z,2025-12-12 16:21:35
Betr DFS,player_points_rebounds,Jay Huff,Under,16.5,-137,2025-12-13,2025-12-13T00:21:02Z,2025-12-12 16:21:35
Betr DFS,player_points_rebounds,Pascal Siakam,Over,27.5,-137,2025-12-13,2025-12-13T00:21:02Z,2025-12-12 16:21:35
Betr DFS,player_points_rebounds,Pascal Siakam,Under,27.5,-137,2025-12-13,2025-12-13T00:21:02Z,2025-12-12 16:21:35
Betr DFS,player_points_rebounds,T.J. McConnell,Over,11.5,-137,2025-12-13,2025-12-13T00:21:02Z,2025-12-12 16:21:35
Betr DFS,player_points_rebounds,T.J. McConnell,Under,11.5,-137,2025-12-13,2025-12-13T00:21:02Z,2025-12-12 16:21:35
Betr DFS,player_points_rebounds,Isaiah Jackson,Over,12.5,-137,2025-12-13,2025-12-13T00:21:02Z,2025-12-12 16:21:35
Betr DFS,player_points_rebounds,Isaiah Jackson,Under,12.5,-137,2025-12-13,2025-12-13T00:21:02Z,2025-12-12 16:21:35
Betr DFS,player_points_rebounds,Bennedict Mathurin,Over,23.5,-137,2025-12-13,2025-12-13T00:21:02Z,2025-12-12 16:21:35
Betr DFS,player_points_rebounds,Bennedict Mathurin,Under,23.5,-137,2025-12-13,2025-12-13T00:21:02Z,2025-12-12 16:21:35
Betr DFS,player_points_rebounds,Andrew Nembhard,Over,19.5,-137,2025-12-13,2025-12-13T00:21:02Z,2025-12-12 16:21:35
Betr DFS,player_points_rebounds,Jarace Walker,Over,10.5,-137,2025-12-13,2025-12-13T00:21:02Z,2025-12-12 16:21:35
Betr DFS,player_points_rebounds,Jarace Walker,Under,10.5,-137,2025-12-13,2025-12-13T00:21:02Z,2025-12-12 16:21:35
Betr DFS,player_points_rebounds,Quentin Grimes,Over,19.5,-137,2025-12-13,2025-12-13T00:21:02Z,2025-12-12 16:21:35
Betr DFS,player_points_rebounds,Quentin Grimes,Under,19.5,-137,2025-12-13,2025-12-13T00:21:02Z,2025-12-12 16:21:35
Betr DFS,player_points_rebounds,Joel Embiid,Over,24.5,-137,2025-12-13,2025-12-13T00:21:02Z,2025-12-12 16:21:35
Betr DFS,player_points_rebounds,Joel Embiid,Under,24.5,-137,2025-12-13,2025-12-13T00:21:02Z,2025-12-12 16:21:35
Betr DFS,player_points_rebounds,Paul George,Over,27.5,-137,2025-12-13,2025-12-13T00:21:02Z,2025-12-12 16:21:35
Betr DFS,player_points_rebounds,Paul George,Under,27.5,-137,2025-12-13,2025-12-13T00:21:02Z,2025-12-12 16:21:35
Betr DFS,player_points_rebounds,Jared McCain,Over,15.5,-137,2025-12-13,2025-12-13T00:21:02Z,2025-12-12 16:21:35
Betr DFS,player_points_rebounds,Jared McCain,Under,15.5,-137,2025-12-13,2025-12-13T00:21:02Z,2025-12-12 16:21:35
Betr DFS,player_points_rebounds,VJ Edgecombe,Over,27.5,-137,2025-12-13,2025-12-13T00:21:02Z,2025-12-12 16:21:35
Betr DFS,player_points_rebounds,VJ Edgecombe,Under,27.5,-137,2025-12-13,2025-12-13T00:21:02Z,2025-12-12 16:21:35
Betr DFS,player_points_rebounds,Lauri Markkanen,Under,32.5,-137,2025-12-13,2025-12-13T00:21:11Z,2025-12-12 16:21:35
Betr DFS,player_points_rebounds,Jusuf Nurkic,Over,19.5,-137,2025-12-13,2025-12-13T00:21:11Z,2025-12-12 16:21:35
Betr DFS,player_points_rebounds,Jusuf Nurkic,Under,19.5,-137,2025-12-13,2025-12-13T00:21:11Z,2025-12-12 16:21:35
Betr DFS,player_points_rebounds,Keyonte George,Over,25.5,-137,2025-12-13,2025-12-13T00:21:11Z,2025-12-12 16:21:35
Betr DFS,player_points_rebounds,Keyonte George,Under,25.5,-137,2025-12-13,2025-12-13T00:21:11Z,2025-12-12 16:21:35
Betr DFS,player_points_rebounds,Kyle Filipowski,Over,18.5,-137,2025-12-13,2025-12-13T00:21:11Z,2025-12-12 16:21:35
Betr DFS,player_points_rebounds,Kyle Filipowski,Under,18.5,-137,2025-12-13,2025-12-13T00:21:11Z,2025-12-12 16:21:35
Betr DFS,player_points_rebounds,Ace Bailey,Over,16.5,-137,2025-12-13,2025-12-13T00:21:11Z,2025-12-12 16:21:35
Betr DFS,player_points_rebounds,Ace Bailey,Under,16.5,-137,2025-12-13,2025-12-13T00:21:11Z,2025-12-12 16:21:35
Betr DFS,player_points_rebounds,Jaren Jackson Jr,Over,24.5,-137,2025-12-13,2025-12-13T00:21:11Z,2025-12-12 16:21:35
Betr DFS,player_points_rebounds,Jaren Jackson Jr,Under,24.5,-137,2025-12-13,2025-12-13T00:21:11Z,2025-12-12 16:21:35
Betr DFS,player_points_rebounds,Ja Morant,Over,23.5,-137,2025-12-13,2025-12-13T00:21:11Z,2025-12-12 16:21:35
Betr DFS,player_points_rebounds,Ja Morant,Under,23.5,-137,2025-12-13,2025-12-13T00:21:11Z,2025-12-12 16:21:35
Betr DFS,player_points_rebounds,Santi Aldama,Over,21.5,-137,2025-12-13,2025-12-13T00:21:11Z,2025-12-12 16:21:35
Betr DFS,player_points_rebounds,Santi Aldama,Under,21.5,-137,2025-12-13,2025-12-13T00:21:11Z,2025-12-12 16:21:35
Betr DFS,player_points_rebounds,Jock Landale,Over,19.5,-137,2025-12-13,2025-12-13T00:21:11Z,2025-12-12 16:21:35
Betr DFS,player_points_rebounds,Jock Landale,Under,19.5,-137,2025-12-13,2025-12-13T00:21:11Z,2025-12-12 16:21:35
Betr DFS,player_points_rebounds,Jaylen Wells,Over,16.5,-137,2025-12-13,2025-12-13T00:21:11Z,2025-12-12 16:21:35
Betr DFS,player_points_rebounds,Jaylen Wells,Under,16.5,-137,2025-12-13,2025-12-13T00:21:11Z,2025-12-12 16:21:35
Betr DFS,player_points_rebounds,Cedric Coward,Over,21.5,-137,2025-12-13,2025-12-13T00:21:11Z,2025-12-12 16:21:35
Betr DFS,player_points_rebounds,Cedric Coward,Under,21.5,-137,2025-12-13,2025-12-13T00:21:11Z,2025-12-12 16:21:35
Betr DFS,player_points_rebounds,Nicolas Claxton,Over,21.5,-137,2025-12-13,2025-12-13T00:21:17Z,2025-12-12 16:21:35
Betr DFS,player_points_rebounds,Nicolas Claxton,Under,21.5,-137,2025-12-13,2025-12-13T00:21:17Z,2025-12-12 16:21:35
Betr DFS,player_points_rebounds,Michael Porter Jr,Over,31.5,-137,2025-12-13,2025-12-13T00:21:17Z,2025-12-12 16:21:35
Betr DFS,player_points_rebounds,Michael Porter Jr,Under,31.5,-137,2025-12-13,2025-12-13T00:21:17Z,2025-12-12 16:21:35
Betr DFS,player_points_rebounds,Noah Clowney,Over,17.5,-137,2025-12-13,2025-12-13T00:21:17Z,2025-12-12 16:21:35
Betr DFS,player_points_rebounds,Noah Clowney,Under,17.5,-137,2025-12-13,2025-12-13T00:21:17Z,2025-12-12 16:21:35
Betr DFS,player_points_rebounds,P.J. Washington,Over,22.5,-137,2025-12-13,2025-12-13T00:21:17Z,2025-12-12 16:21:35
Betr DFS,player_points_rebounds,P.J. Washington,Under,22.5,-137,2025-12-13,2025-12-13T00:21:17Z,2025-12-12 16:21:35
Betr DFS,player_points_rebounds,Naji Marshall,Over,15.5,-137,2025-12-13,2025-12-13T00:21:17Z,2025-12-12 16:21:35
Betr DFS,player_points_rebounds,Naji Marshall,Under,15.5,-137,2025-12-13,2025-12-13T00:21:17Z,2025-12-12 16:21:35
Betr DFS,player_points_rebounds,Anthony Davis,Over,33.5,-137,2025-12-13,2025-12-13T00:21:17Z,2025-12-12 16:21:35
Betr DFS,player_points_rebounds,Anthony Davis,Under,33.5,-137,2025-12-13,2025-12-13T00:21:17Z,2025-12-12 16:21:35
Betr DFS,player_points_rebounds,Cooper Flagg,Over,24.5,-137,2025-12-13,2025-12-13T00:21:17Z,2025-12-12 16:21:35
Betr DFS,player_points_rebounds,Cooper Flagg,Under,24.5,-137,2025-12-13,2025-12-13T00:21:17Z,2025-12-12 16:21:35
Betr DFS,player_points_rebounds,Julius Randle,Over,31.5,-137,2025-12-13,2025-12-13T00:21:10Z,2025-12-12 16:21:35
Betr DFS,player_points_rebounds,Julius Randle,Under,31.5,-137,2025-12-13,2025-12-13T00:21:10Z,2025-12-12 16:21:35
Betr DFS,player_points_rebounds,Rudy Gobert,Over,21.5,-137,2025-12-13,2025-12-13T00:21:10Z,2025-12-12 16:21:35
Betr DFS,player_points_rebounds,Rudy Gobert,Under,21.5,-137,2025-12-13,2025-12-13T00:21:10Z,2025-12-12 16:21:35
Betr DFS,player_points_rebounds,Naz Reid,Over,22.5,-137,2025-12-13,2025-12-13T00:21:10Z,2025-12-12 16:21:35
Betr DFS,player_points_rebounds,Naz Reid,Under,22.5,-137,2025-12-13,2025-12-13T00:21:10Z,2025-12-12 16:21:35
Betr DFS,player_points_rebounds,Jaden McDaniels,Over,21.5,-137,2025-12-13,2025-12-13T00:21:10Z,2025-12-12 16:21:35
Betr DFS,player_points_rebounds,Jaden McDaniels,Under,21.5,-137,2025-12-13,2025-12-13T00:21:10Z,2025-12-12 16:21:35
Betr DFS,player_points_rebounds,Donte DiVincenzo,Over,19.5,-137,2025-12-13,2025-12-13T00:21:10Z,2025-12-12 16:21:35
Betr DFS,player_points_rebounds,Donte DiVincenzo,Under,19.5,-137,2025-12-13,2025-12-13T00:21:10Z,2025-12-12 16:21:35
Betr DFS,player_points_rebounds,Jimmy Butler,Over,25.5,-137,2025-12-13,2025-12-13T00:21:10Z,2025-12-12 16:21:35
Betr DFS,player_points_rebounds,Jimmy Butler,Under,25.5,-137,2025-12-13,2025-12-13T00:21:10Z,2025-12-12 16:21:35
Betr DFS,player_points_rebounds,Stephen Curry,Over,29.5,-137,2025-12-13,2025-12-13T00:21:10Z,2025-12-12 16:21:35
Betr DFS,player_points_rebounds,Stephen Curry,Under,29.5,-137,2025-12-13,2025-12-13T00:21:10Z,2025-12-12 16:21:35
Betr DFS,player_points_rebounds,Quinten Post,Over,16.5,-137,2025-12-13,2025-12-13T00:21:10Z,2025-12-12 16:21:35
Betr DFS,player_points_rebounds,Quinten Post,Under,16.5,-137,2025-12-13,2025-12-13T00:21:10Z,2025-12-12 16:21:35
Betr DFS,player_points_rebounds,Josh Hart,Over,22.5,-137,2025-12-13,2025-12-13T00:21:24Z,2025-12-12 16:21:35
Betr DFS,player_points_rebounds,Josh Hart,Under,22.5,-137,2025-12-13,2025-12-13T00:21:24Z,2025-12-12 16:21:35
Betr DFS,player_points_rebounds,Jalen Brunson,Over,31.5,-137,2025-12-13,2025-12-13T00:21:24Z,2025-12-12 16:21:35
Betr DFS,player_points_rebounds,Jalen Brunson,Under,31.5,-137,2025-12-13,2025-12-13T00:21:24Z,2025-12-12 16:21:35
Betr DFS,player_points_rebounds,Mikal Bridges,Over,19.5,-137,2025-12-13,2025-12-13T00:21:24Z,2025-12-12 16:21:35
Betr DFS,player_points_rebounds,Mikal Bridges,Under,19.5,-137,2025-12-13,2025-12-13T00:21:24Z,2025-12-12 16:21:35
Betr DFS,player_points_rebounds,OG Anunoby,Over,19.5,-137,2025-12-13,2025-12-13T00:21:24Z,2025-12-12 16:21:35
Betr DFS,player_points_rebounds,OG Anunoby,Under,19.5,-137,2025-12-13,2025-12-13T00:21:24Z,2025-12-12 16:21:35
Betr DFS,player_points_rebounds,Karl-Anthony Towns,Under,32.5,-137,2025-12-13,2025-12-13T00:21:24Z,2025-12-12 16:21:35
Betr DFS,player_points_rebounds,Karl-Anthony Towns,Over,32.5,-137,2025-12-13,2025-12-13T00:21:24Z,2025-12-12 16:21:35
Betr DFS,player_points_rebounds,Wendell Carter Jr,Over,18.5,-137,2025-12-13,2025-12-13T00:21:24Z,2025-12-12 16:21:35
Betr DFS,player_points_rebounds,Wendell Carter Jr,Under,18.5,-137,2025-12-13,2025-12-13T00:21:24Z,2025-12-12 16:21:35
Betr DFS,player_points_rebounds,Jalen Suggs,Over,21.5,-137,2025-12-13,2025-12-13T00:21:24Z,2025-12-12 16:21:35
Betr DFS,player_points_rebounds,Jalen Suggs,Under,21.5,-137,2025-12-13,2025-12-13T00:21:24Z,2025-12-12 16:21:35
Betr DFS,player_points_rebounds,Paolo Banchero,Over,28.5,-137,2025-12-13,2025-12-13T00:21:24Z,2025-12-12 16:21:35
Betr DFS,player_points_rebounds,Paolo Banchero,Under,28.5,-137,2025-12-13,2025-12-13T00:21:24Z,2025-12-12 16:21:35
Betr DFS,player_points_rebounds,Desmond Bane,Over,25.5,-137,2025-12-13,2025-12-13T00:21:24Z,2025-12-12 16:21:35
Betr DFS,player_points_rebounds,Desmond Bane,Under,25.5,-137,2025-12-13,2025-12-13T00:21:24Z,2025-12-12 16:21:35
Betr DFS,player_points_rebounds,Anthony Black,Over,20.5,-137,2025-12-13,2025-12-13T00:21:24Z,2025-12-12 16:21:35
Betr DFS,player_points_rebounds,Anthony Black,Under,20.5,-137,2025-12-13,2025-12-13T00:21:24Z,2025-12-12 16:21:35
Betr DFS,player_points_rebounds,Devin Vassell,Over,15.5,-137,2025-12-14,2025-12-13T00:21:24Z,2025-12-12 16:21:35
Betr DFS,player_points_rebounds,Devin Vassell,Under,15.5,-137,2025-12-14,2025-12-13T00:21:24Z,2025-12-12 16:21:35
Betr DFS,player_points_rebounds,De'Aaron Fox,Over,23.5,-137,2025-12-14,2025-12-13T00:21:24Z,2025-12-12 16:21:35
Betr DFS,player_points_rebounds,De'Aaron Fox,Under,23.5,-137,2025-12-14,2025-12-13T00:21:24Z,2025-12-12 16:21:35
Betr DFS,player_points_rebounds,Victor Wembanyama,Over,26.5,-137,2025-12-14,2025-12-13T00:21:24Z,2025-12-12 16:21:35
Betr DFS,player_points_rebounds,Victor Wembanyama,Under,26.5,-137,2025-12-14,2025-12-13T00:21:24Z,2025-12-12 16:21:35
Betr DFS,player_points_rebounds,Stephon Castle,Over,20.5,-137,2025-12-14,2025-12-13T00:21:24Z,2025-12-12 16:21:35
Betr DFS,player_points_rebounds,Stephon Castle,Under,20.5,-137,2025-12-14,2025-12-13T00:21:24Z,2025-12-12 16:21:35
Betr DFS,player_points_rebounds,Shai Gilgeous-Alexander,Over,35.5,-137,2025-12-14,2025-12-13T00:21:24Z,2025-12-12 16:21:35
Betr DFS,player_points_rebounds,Shai Gilgeous-Alexander,Under,35.5,-137,2025-12-14,2025-12-13T00:21:24Z,2025-12-12 16:21:35
Betr DFS,player_points_rebounds,Chet Holmgren,Over,24.5,-137,2025-12-14,2025-12-13T00:21:24Z,2025-12-12 16:21:35
Betr DFS,player_points_rebounds,Chet Holmgren,Under,24.5,-137,2025-12-14,2025-12-13T00:21:24Z,2025-12-12 16:21:35
Betr DFS,player_points_rebounds,Jalen Williams,Over,24.5,-137,2025-12-14,2025-12-13T00:21:24Z,2025-12-12 16:21:35
Betr DFS,player_points_rebounds,Jalen Williams,Under,24.5,-137,2025-12-14,2025-12-13T00:21:24Z,2025-12-12 16:21:35
DraftKings Pick6,player_points_rebounds,Cade Cunningham,Over,33.5,-137,2025-12-13,2025-12-13T00:19:03Z,2025-12-12 16:21:35
DraftKings Pick6,player_points_rebounds,Cade Cunningham,Under,33.5,-137,2025-12-13,2025-12-13T00:19:03Z,2025-12-12 16:21:35
DraftKings Pick6,player_points_rebounds,Jalen Johnson,Over,32.5,-137,2025-12-13,2025-12-13T00:19:03Z,2025-12-12 16:21:35
DraftKings Pick6,player_points_rebounds,Jalen Johnson,Under,32.5,-137,2025-12-13,2025-12-13T00:19:03Z,2025-12-12 16:21:35
DraftKings Pick6,player_points_rebounds,Jalen Duren,Over,27.5,-137,2025-12-13,2025-12-13T00:19:03Z,2025-12-12 16:21:35
DraftKings Pick6,player_points_rebounds,Jalen Duren,Under,27.5,-137,2025-12-13,2025-12-13T00:19:03Z,2025-12-12 16:21:35
DraftKings Pick6,player_points_rebounds,Nickeil Alexander-Walker,Over,25.5,-137,2025-12-13,2025-12-13T00:19:03Z,2025-12-12 16:21:35
DraftKings Pick6,player_points_rebounds,Nickeil Alexander-Walker,Under,25.5,-137,2025-12-13,2025-12-13T00:19:03Z,2025-12-12 16:21:35
DraftKings Pick6,player_points_rebounds,Onyeka Okongwu,Over,23.5,-137,2025-12-13,2025-12-13T00:19:03Z,2025-12-12 16:21:35
DraftKings Pick6,player_points_rebounds,Onyeka Okongwu,Under,23.5,-137,2025-12-13,2025-12-13T00:19:03Z,2025-12-12 16:21:35
DraftKings Pick6,player_points_rebounds,Dyson Daniels,Over,19.5,-137,2025-12-13,2025-12-13T00:19:03Z,2025-12-12 16:21:35
DraftKings Pick6,player_points_rebounds,Dyson Daniels,Under,19.5,-137,2025-12-13,2025-12-13T00:19:03Z,2025-12-12 16:21:35
DraftKings Pick6,player_points_rebounds,Tobias Harris,Over,19.5,-137,2025-12-13,2025-12-13T00:19:03Z,2025-12-12 16:21:35
DraftKings Pick6,player_points_rebounds,Tobias Harris,Under,19.5,-137,2025-12-13,2025-12-13T00:19:03Z,2025-12-12 16:21:35
DraftKings Pick6,player_points_rebounds,Ausar Thompson,Over,16.5,-137,2025-12-13,2025-12-13T00:19:03Z,2025-12-12 16:21:35
DraftKings Pick6,player_points_rebounds,Ausar Thompson,Under,16.5,-137,2025-12-13,2025-12-13T00:19:03Z,2025-12-12 16:21:35
DraftKings Pick6,player_points_rebounds,Zaccharie Risacher,Over,12.5,-137,2025-12-13,2025-12-13T00:19:03Z,2025-12-12 16:21:35
DraftKings Pick6,player_points_rebounds,Zaccharie Risacher,Under,12.5,-137,2025-12-13,2025-12-13T00:19:03Z,2025-12-12 16:21:35
DraftKings Pick6,player_points_rebounds,Vit Krejci,Over,11.5,-137,2025-12-13,2025-12-13T00:19:03Z,2025-12-12 16:21:35
DraftKings Pick6,player_points_rebounds,Vit Krejci,Under,11.5,-137,2025-12-13,2025-12-13T00:19:03Z,2025-12-12 16:21:35
DraftKings Pick6,player_points_rebounds,Duncan Robinson,Over,13.5,-137,2025-12-13,2025-12-13T00:19:03Z,2025-12-12 16:21:35
DraftKings Pick6,player_points_rebounds,Duncan Robinson,Under,13.5,-137,2025-12-13,2025-12-13T00:19:03Z,2025-12-12 16:21:35
DraftKings Pick6,player_points_rebounds,Isaiah Stewart II,Over,13.5,-137,2025-12-13,2025-12-13T00:19:03Z,2025-12-12 16:21:35
DraftKings Pick6,player_points_rebounds,Isaiah Stewart II,Under,13.5,-137,2025-12-13,2025-12-13T00:19:03Z,2025-12-12 16:21:35
DraftKings Pick6,player_points_rebounds,Tristan Vukcevic,Over,17.5,-137,2025-12-13,2025-12-13T00:18:43Z,2025-12-12 16:21:35
DraftKings Pick6,player_points_rebounds,Tristan Vukcevic,Under,17.5,-137,2025-12-13,2025-12-13T00:18:43Z,2025-12-12 16:21:35
DraftKings Pick6,player_points_rebounds,Lonzo Ball,Over,10.5,-137,2025-12-13,2025-12-13T00:18:43Z,2025-12-12 16:21:35
DraftKings Pick6,player_points_rebounds,Lonzo Ball,Under,10.5,-137,2025-12-13,2025-12-13T00:18:43Z,2025-12-12 16:21:35
DraftKings Pick6,player_points_rebounds,Dean Wade,Over,9.5,-137,2025-12-13,2025-12-13T00:18:43Z,2025-12-12 16:21:35
DraftKings Pick6,player_points_rebounds,Dean Wade,Under,9.5,-137,2025-12-13,2025-12-13T00:18:43Z,2025-12-12 16:21:35
DraftKings Pick6,player_points_rebounds,Thomas Bryant,Over,8.5,-137,2025-12-13,2025-12-13T00:18:43Z,2025-12-12 16:21:35
DraftKings Pick6,player_points_rebounds,Thomas Bryant,Under,8.5,-137,2025-12-13,2025-12-13T00:18:43Z,2025-12-12 16:21:35
DraftKings Pick6,player_points_rebounds,Darius Garland,Over,19.5,-137,2025-12-13,2025-12-13T00:18:43Z,2025-12-12 16:21:35
DraftKings Pick6,player_points_rebounds,Darius Garland,Under,19.5,-137,2025-12-13,2025-12-13T00:18:43Z,2025-12-12 16:21:35
DraftKings Pick6,player_points_rebounds,De'Andre Hunter,Over,21.5,-137,2025-12-13,2025-12-13T00:18:43Z,2025-12-12 16:21:35
DraftKings Pick6,player_points_rebounds,De'Andre Hunter,Under,21.5,-137,2025-12-13,2025-12-13T00:18:43Z,2025-12-12 16:21:35
DraftKings Pick6,player_points_rebounds,Donovan Mitchell,Over,34.5,-137,2025-12-13,2025-12-13T00:18:43Z,2025-12-12 16:21:35
DraftKings Pick6,player_points_rebounds,Donovan Mitchell,Under,34.5,-137,2025-12-13,2025-12-13T00:18:43Z,2025-12-12 16:21:35
DraftKings Pick6,player_points_rebounds,Evan Mobley,Over,34.5,-137,2025-12-13,2025-12-13T00:18:43Z,2025-12-12 16:21:35
DraftKings Pick6,player_points_rebounds,Evan Mobley,Under,34.5,-137,2025-12-13,2025-12-13T00:18:43Z,2025-12-12 16:21:35
DraftKings Pick6,player_points_rebounds,Joel Embiid,Over,27.5,-137,2025-12-13,2025-12-13T00:18:53Z,2025-12-12 16:21:35
DraftKings Pick6,player_points_rebounds,Joel Embiid,Under,27.5,-137,2025-12-13,2025-12-13T00:18:53Z,2025-12-12 16:21:35
DraftKings Pick6,player_points_rebounds,Pascal Siakam,Over,26.5,-137,2025-12-13,2025-12-13T00:18:53Z,2025-12-12 16:21:35
DraftKings Pick6,player_points_rebounds,Pascal Siakam,Under,26.5,-137,2025-12-13,2025-12-13T00:18:53Z,2025-12-12 16:21:35
DraftKings Pick6,player_points_rebounds,Paul George,Over,25.5,-137,2025-12-13,2025-12-13T00:18:53Z,2025-12-12 16:21:35
DraftKings Pick6,player_points_rebounds,Paul George,Under,25.5,-137,2025-12-13,2025-12-13T00:18:53Z,2025-12-12 16:21:35
DraftKings Pick6,player_points_rebounds,Bennedict Mathurin,Over,24.5,-137,2025-12-13,2025-12-13T00:18:53Z,2025-12-12 16:21:35
DraftKings Pick6,player_points_rebounds,Bennedict Mathurin,Under,24.5,-137,2025-12-13,2025-12-13T00:18:53Z,2025-12-12 16:21:35
DraftKings Pick6,player_points_rebounds,VJ Edgecombe,Over,23.5,-137,2025-12-13,2025-12-13T00:18:53Z,2025-12-12 16:21:35
DraftKings Pick6,player_points_rebounds,VJ Edgecombe,Under,23.5,-137,2025-12-13,2025-12-13T00:18:53Z,2025-12-12 16:21:35
DraftKings Pick6,player_points_rebounds,Quentin Grimes,Over,20.5,-137,2025-12-13,2025-12-13T00:18:53Z,2025-12-12 16:21:35
DraftKings Pick6,player_points_rebounds,Quentin Grimes,Under,20.5,-137,2025-12-13,2025-12-13T00:18:53Z,2025-12-12 16:21:35
DraftKings Pick6,player_points_rebounds,Jared McCain,Over,16.5,-137,2025-12-13,2025-12-13T00:18:53Z,2025-12-12 16:21:35
DraftKings Pick6,player_points_rebounds,Jared McCain,Under,16.5,-137,2025-12-13,2025-12-13T00:18:53Z,2025-12-12 16:21:35
DraftKings Pick6,player_points_rebounds,Andre Drummond,Over,13.5,-137,2025-12-13,2025-12-13T00:18:53Z,2025-12-12 16:21:35
DraftKings Pick6,player_points_rebounds,Andre Drummond,Under,13.5,-137,2025-12-13,2025-12-13T00:18:53Z,2025-12-12 16:21:35
DraftKings Pick6,player_points_rebounds,Jay Huff,Over,13.5,-137,2025-12-13,2025-12-13T00:18:53Z,2025-12-12 16:21:35
DraftKings Pick6,player_points_rebounds,Jay Huff,Under,13.5,-137,2025-12-13,2025-12-13T00:18:53Z,2025-12-12 16:21:35
DraftKings Pick6,player_points_rebounds,T.J. McConnell,Over,11.5,-137,2025-12-13,2025-12-13T00:18:53Z,2025-12-12 16:21:35
DraftKings Pick6,player_points_rebounds,T.J. McConnell,Under,11.5,-137,2025-12-13,2025-12-13T00:18:53Z,2025-12-12 16:21:35
DraftKings Pick6,player_points_rebounds,Jarace Walker,Over,10.5,-137,2025-12-13,2025-12-13T00:18:53Z,2025-12-12 16:21:35
DraftKings Pick6,player_points_rebounds,Jarace Walker,Under,10.5,-137,2025-12-13,2025-12-13T00:18:53Z,2025-12-12 16:21:35
DraftKings Pick6,player_points_rebounds,Andrew Nembhard,Over,17.5,-137,2025-12-13,2025-12-13T00:18:53Z,2025-12-12 16:21:35
DraftKings Pick6,player_points_rebounds,Andrew Nembhard,Under,17.5,-137,2025-12-13,2025-12-13T00:18:53Z,2025-12-12 16:21:35
DraftKings Pick6,player_points_rebounds,Lauri Markkanen,Over,31.5,-137,2025-12-13,2025-12-13T00:19:11Z,2025-12-12 16:21:35
DraftKings Pick6,player_points_rebounds,Lauri Markkanen,Under,31.5,-137,2025-12-13,2025-12-13T00:19:11Z,2025-12-12 16:21:35
DraftKings Pick6,player_points_rebounds,Keyonte George,Over,25.5,-137,2025-12-13,2025-12-13T00:19:11Z,2025-12-12 16:21:35
DraftKings Pick6,player_points_rebounds,Keyonte George,Under,25.5,-137,2025-12-13,2025-12-13T00:19:11Z,2025-12-12 16:21:35
DraftKings Pick6,player_points_rebounds,Santi Aldama,Over,21.5,-137,2025-12-13,2025-12-13T00:19:11Z,2025-12-12 16:21:35
DraftKings Pick6,player_points_rebounds,Santi Aldama,Under,21.5,-137,2025-12-13,2025-12-13T00:19:11Z,2025-12-12 16:21:35
DraftKings Pick6,player_points_rebounds,Cedric Coward,Over,21.5,-137,2025-12-13,2025-12-13T00:19:11Z,2025-12-12 16:21:35
DraftKings Pick6,player_points_rebounds,Cedric Coward,Under,21.5,-137,2025-12-13,2025-12-13T00:19:11Z,2025-12-12 16:21:35
DraftKings Pick6,player_points_rebounds,Jusuf Nurkic,Over,19.5,-137,2025-12-13,2025-12-13T00:19:11Z,2025-12-12 16:21:35
DraftKings Pick6,player_points_rebounds,Jusuf Nurkic,Under,19.5,-137,2025-12-13,2025-12-13T00:19:11Z,2025-12-12 16:21:35
DraftKings Pick6,player_points_rebounds,Ace Bailey,Over,16.5,-137,2025-12-13,2025-12-13T00:19:11Z,2025-12-12 16:21:35
DraftKings Pick6,player_points_rebounds,Ace Bailey,Under,16.5,-137,2025-12-13,2025-12-13T00:19:11Z,2025-12-12 16:21:35
DraftKings Pick6,player_points_rebounds,Walter Clayton Jr.,Over,10.5,-137,2025-12-13,2025-12-13T00:19:11Z,2025-12-12 16:21:35
DraftKings Pick6,player_points_rebounds,Walter Clayton Jr.,Under,10.5,-137,2025-12-13,2025-12-13T00:19:11Z,2025-12-12 16:21:35
DraftKings Pick6,player_points_rebounds,Svi Mykhailiuk,Over,10.5,-137,2025-12-13,2025-12-13T00:19:11Z,2025-12-12 16:21:35
DraftKings Pick6,player_points_rebounds,Svi Mykhailiuk,Under,10.5,-137,2025-12-13,2025-12-13T00:19:11Z,2025-12-12 16:21:35
PrizePicks,player_points_assists,Cade Cunningham,Over,35.5,-137,2025-12-13,2025-12-13T00:11:42Z,2025-12-12 16:21:35
PrizePicks,player_points_assists,Cade Cunningham,Under,35.5,-137,2025-12-13,2025-12-13T00:11:42Z,2025-12-12 16:21:35
PrizePicks,player_points_assists,Jalen Johnson,Over,32.5,-137,2025-12-13,2025-12-13T00:11:42Z,2025-12-12 16:21:35
PrizePicks,player_points_assists,Jalen Johnson,Under,32.5,-137,2025-12-13,2025-12-13T00:11:42Z,2025-12-12 16:21:35
PrizePicks,player_points_assists,Nickeil Alexander-Walker,Over,23.5,-137,2025-12-13,2025-12-13T00:11:42Z,2025-12-12 16:21:35
PrizePicks,player_points_assists,Nickeil Alexander-Walker,Under,23.5,-137,2025-12-13,2025-12-13T00:11:42Z,2025-12-12 16:21:35
PrizePicks,player_points_assists,Jalen Duren,Over,20.5,-137,2025-12-13,2025-12-13T00:11:42Z,2025-12-12 16:21:35
PrizePicks,player_points_assists,Jalen Duren,Under,20.5,-137,2025-12-13,2025-12-13T00:11:42Z,2025-12-12 16:21:35
PrizePicks,player_points_assists,Onyeka Okongwu,Over,20.5,-137,2025-12-13,2025-12-13T00:11:42Z,2025-12-12 16:21:35
PrizePicks,player_points_assists,Onyeka Okongwu,Under,20.5,-137,2025-12-13,2025-12-13T00:11:42Z,2025-12-12 16:21:35
PrizePicks,player_points_assists,Dyson Daniels,Over,17.5,-137,2025-12-13,2025-12-13T00:11:42Z,2025-12-12 16:21:35
PrizePicks,player_points_assists,Dyson Daniels,Under,17.5,-137,2025-12-13,2025-12-13T00:11:42Z,2025-12-12 16:21:35
PrizePicks,player_points_assists,Tobias Harris,Over,15.5,-137,2025-12-13,2025-12-13T00:11:42Z,2025-12-12 16:21:35
PrizePicks,player_points_assists,Tobias Harris,Under,15.5,-137,2025-12-13,2025-12-13T00:11:42Z,2025-12-12 16:21:35
PrizePicks,player_points_assists,Ausar Thompson,Over,14.5,-137,2025-12-13,2025-12-13T00:11:42Z,2025-12-12 16:21:35
PrizePicks,player_points_assists,Ausar Thompson,Under,14.5,-137,2025-12-13,2025-12-13T00:11:42Z,2025-12-12 16:21:35
PrizePicks,player_points_assists,Duncan Robinson,Over,13.5,-137,2025-12-13,2025-12-13T00:11:42Z,2025-12-12 16:21:35
PrizePicks,player_points_assists,Duncan Robinson,Under,13.5,-137,2025-12-13,2025-12-13T00:11:42Z,2025-12-12 16:21:35
PrizePicks,player_points_assists,Zaccharie Risacher,Over,11.5,-137,2025-12-13,2025-12-13T00:11:42Z,2025-12-12 16:21:35
PrizePicks,player_points_assists,Zaccharie Risacher,Under,11.5,-137,2025-12-13,2025-12-13T00:11:42Z,2025-12-12 16:21:35
PrizePicks,player_points_assists,Vit Krejci,Over,10.5,-137,2025-12-13,2025-12-13T00:11:42Z,2025-12-12 16:21:35
PrizePicks,player_points_assists,Vit Krejci,Under,10.5,-137,2025-12-13,2025-12-13T00:11:42Z,2025-12-12 16:21:35
PrizePicks,player_points_assists,Luke Kennard,Over,8.5,-137,2025-12-13,2025-12-13T00:11:42Z,2025-12-12 16:21:35
PrizePicks,player_points_assists,Luke Kennard,Under,8.5,-137,2025-12-13,2025-12-13T00:11:42Z,2025-12-12 16:21:35
PrizePicks,player_points_assists,Josh Giddey,Over,29.5,-137,2025-12-13,2025-12-13T00:12:03Z,2025-12-12 16:21:35
PrizePicks,player_points_assists,Josh Giddey,Under,29.5,-137,2025-12-13,2025-12-13T00:12:03Z,2025-12-12 16:21:35
PrizePicks,player_points_assists,Coby White,Over,27.5,-137,2025-12-13,2025-12-13T00:12:03Z,2025-12-12 16:21:35
PrizePicks,player_points_assists,Coby White,Under,27.5,-137,2025-12-13,2025-12-13T00:12:03Z,2025-12-12 16:21:35
PrizePicks,player_points_assists,Miles Bridges,Over,27.5,-137,2025-12-13,2025-12-13T00:12:03Z,2025-12-12 16:21:35
PrizePicks,player_points_assists,Miles Bridges,Under,27.5,-137,2025-12-13,2025-12-13T00:12:03Z,2025-12-12 16:21:35
PrizePicks,player_points_assists,Brandon Miller,Over,25.5,-137,2025-12-13,2025-12-13T00:12:03Z,2025-12-12 16:21:35
PrizePicks,player_points_assists,Brandon Miller,Under,25.5,-137,2025-12-13,2025-12-13T00:12:03Z,2025-12-12 16:21:35
PrizePicks,player_points_assists,Kon Knueppel,Over,22.5,-137,2025-12-13,2025-12-13T00:12:03Z,2025-12-12 16:21:35
PrizePicks,player_points_assists,Kon Knueppel,Under,22.5,-137,2025-12-13,2025-12-13T00:12:03Z,2025-12-12 16:21:35
PrizePicks,player_points_assists,Nikola Vucevic,Over,19.5,-137,2025-12-13,2025-12-13T00:12:03Z,2025-12-12 16:21:35
PrizePicks,player_points_assists,Nikola Vucevic,Under,19.5,-137,2025-12-13,2025-12-13T00:12:03Z,2025-12-12 16:21:35
PrizePicks,player_points_assists,KJ Simpson,Over,18.5,-137,2025-12-13,2025-12-13T00:12:03Z,2025-12-12 16:21:35
PrizePicks,player_points_assists,KJ Simpson,Under,18.5,-137,2025-12-13,2025-12-13T00:12:03Z,2025-12-12 16:21:35
PrizePicks,player_points_assists,Matas Buzelis,Over,15.5,-137,2025-12-13,2025-12-13T00:12:03Z,2025-12-12 16:21:35
PrizePicks,player_points_assists,Matas Buzelis,Under,15.5,-137,2025-12-13,2025-12-13T00:12:03Z,2025-12-12 16:21:35
PrizePicks,player_points_assists,Tre Jones,Over,14.5,-137,2025-12-13,2025-12-13T00:12:03Z,2025-12-12 16:21:35
PrizePicks,player_points_assists,Tre Jones,Under,14.5,-137,2025-12-13,2025-12-13T00:12:03Z,2025-12-12 16:21:35
PrizePicks,player_points_assists,Moussa Diabate,Over,9.5,-137,2025-12-13,2025-12-13T00:12:03Z,2025-12-12 16:21:35
PrizePicks,player_points_assists,Moussa Diabate,Under,9.5,-137,2025-12-13,2025-12-13T00:12:03Z,2025-12-12 16:21:35
PrizePicks,player_points_assists,Ryan Kalkbrenner,Over,9.5,-137,2025-12-13,2025-12-13T00:12:03Z,2025-12-12 16:21:35
PrizePicks,player_points_assists,Ryan Kalkbrenner,Under,9.5,-137,2025-12-13,2025-12-13T00:12:03Z,2025-12-12 16:21:35
PrizePicks,player_points_assists,Patrick Williams,Over,8.5,-137,2025-12-13,2025-12-13T00:12:03Z,2025-12-12 16:21:35
PrizePicks,player_points_assists,Patrick Williams,Under,8.5,-137,2025-12-13,2025-12-13T00:12:03Z,2025-12-12 16:21:35
PrizePicks,player_points_assists,Sion James,Over,8.5,-137,2025-12-13,2025-12-13T00:12:03Z,2025-12-12 16:21:35
PrizePicks,player_points_assists,Sion James,Under,8.5,-137,2025-12-13,2025-12-13T00:12:03Z,2025-12-12 16:21:35
PrizePicks,player_points_assists,Zach Collins,Over,8.5,-137,2025-12-13,2025-12-13T00:12:03Z,2025-12-12 16:21:35
PrizePicks,player_points_assists,Zach Collins,Under,8.5,-137,2025-12-13,2025-12-13T00:12:03Z,2025-12-12 16:21:35
PrizePicks,player_points_assists,Tidjane Salaun,Over,7.5,-137,2025-12-13,2025-12-13T00:12:03Z,2025-12-12 16:21:35
PrizePicks,player_points_assists,Tidjane Salaun,Under,7.5,-137,2025-12-13,2025-12-13T00:12:03Z,2025-12-12 16:21:35
PrizePicks,player_points_assists,Isaac Okoro,Over,6.5,-137,2025-12-13,2025-12-13T00:12:03Z,2025-12-12 16:21:35
PrizePicks,player_points_assists,Isaac Okoro,Under,6.5,-137,2025-12-13,2025-12-13T00:12:03Z,2025-12-12 16:21:35
PrizePicks,player_points_assists,Donovan Mitchell,Over,35.5,-137,2025-12-13,2025-12-13T00:11:42Z,2025-12-12 16:21:35
PrizePicks,player_points_assists,Donovan Mitchell,Under,35.5,-137,2025-12-13,2025-12-13T00:11:42Z,2025-12-12 16:21:35
PrizePicks,player_points_assists,Evan Mobley,Over,24.5,-137,2025-12-13,2025-12-13T00:11:42Z,2025-12-12 16:21:35
PrizePicks,player_points_assists,Evan Mobley,Under,24.5,-137,2025-12-13,2025-12-13T00:11:42Z,2025-12-12 16:21:35
PrizePicks,player_points_assists,Darius Garland,Over,24.5,-137,2025-12-13,2025-12-13T00:11:42Z,2025-12-12 16:21:35
PrizePicks,player_points_assists,Darius Garland,Under,24.5,-137,2025-12-13,2025-12-13T00:11:42Z,2025-12-12 16:21:35
PrizePicks,player_points_assists,C.J. McCollum,Over,24.5,-137,2025-12-13,2025-12-13T00:11:42Z,2025-12-12 16:21:35
PrizePicks,player_points_assists,C.J. McCollum,Under,24.5,-137,2025-12-13,2025-12-13T00:11:42Z,2025-12-12 16:21:35
PrizePicks,player_points_assists,Kyshawn George,Over,20.5,-137,2025-12-13,2025-12-13T00:11:42Z,2025-12-12 16:21:35
PrizePicks,player_points_assists,Kyshawn George,Under,20.5,-137,2025-12-13,2025-12-13T00:11:42Z,2025-12-12 16:21:35
PrizePicks,player_points_assists,De'Andre Hunter,Over,18.0,-137,2025-12-13,2025-12-13T00:11:42Z,2025-12-12 16:21:35
PrizePicks,player_points_assists,De'Andre Hunter,Under,18.0,-137,2025-12-13,2025-12-13T00:11:42Z,2025-12-12 16:21:35
PrizePicks,player_points_assists,Jaylon Tyson,Over,15.5,-137,2025-12-13,2025-12-13T00:11:42Z,2025-12-12 16:21:35
PrizePicks,player_points_assists,Jaylon Tyson,Under,15.5,-137,2025-12-13,2025-12-13T00:11:42Z,2025-12-12 16:21:35
PrizePicks,player_points_assists,Carlton Carrington,Over,15.5,-137,2025-12-13,2025-12-13T00:11:42Z,2025-12-12 16:21:35
PrizePicks,player_points_assists,Carlton Carrington,Under,15.5,-137,2025-12-13,2025-12-13T00:11:42Z,2025-12-12 16:21:35
PrizePicks,player_points_assists,Marvin Bagley III,Over,13.5,-137,2025-12-13,2025-12-13T00:11:42Z,2025-12-12 16:21:35
PrizePicks,player_points_assists,Marvin Bagley III,Under,13.5,-137,2025-12-13,2025-12-13T00:11:42Z,2025-12-12 16:21:35
PrizePicks,player_points_assists,Justin Champagnie,Over,11.5,-137,2025-12-13,2025-12-13T00:11:42Z,2025-12-12 16:21:35
PrizePicks,player_points_assists,Justin Champagnie,Under,11.5,-137,2025-12-13,2025-12-13T00:11:42Z,2025-12-12 16:21:35
PrizePicks,player_points_assists,Tre Johnson,Over,11.5,-137,2025-12-13,2025-12-13T00:11:42Z,2025-12-12 16:21:35
PrizePicks,player_points_assists,Tre Johnson,Under,11.5,-137,2025-12-13,2025-12-13T00:11:42Z,2025-12-12 16:21:35
PrizePicks,player_points_assists,Lonzo Ball,Over,10.5,-137,2025-12-13,2025-12-13T00:11:42Z,2025-12-12 16:21:35
PrizePicks,player_points_assists,Lonzo Ball,Under,10.5,-137,2025-12-13,2025-12-13T00:11:42Z,2025-12-12 16:21:35
PrizePicks,player_points_assists,Dean Wade,Over,6.5,-137,2025-12-13,2025-12-13T00:11:42Z,2025-12-12 16:21:35
PrizePicks,player_points_assists,Dean Wade,Under,6.5,-137,2025-12-13,2025-12-13T00:11:42Z,2025-12-12 16:21:35
PrizePicks,player_points_assists,Pascal Siakam,Over,27.5,-137,2025-12-13,2025-12-13T00:10:07Z,2025-12-12 16:21:35
PrizePicks,player_points_assists,Pascal Siakam,Under,27.5,-137,2025-12-13,2025-12-13T00:10:07Z,2025-12-12 16:21:35
PrizePicks,player_points_assists,Joel Embiid,Over,27.5,-137,2025-12-13,2025-12-13T00:10:07Z,2025-12-12 16:21:35
PrizePicks,player_points_assists,Joel Embiid,Under,27.5,-137,2025-12-13,2025-12-13T00:10:07Z,2025-12-12 16:21:35
PrizePicks,player_points_assists,Andrew Nembhard,Over,22.5,-137,2025-12-13,2025-12-13T00:10:07Z,2025-12-12 16:21:35
PrizePicks,player_points_assists,Andrew Nembhard,Under,22.5,-137,2025-12-13,2025-12-13T00:10:07Z,2025-12-12 16:21:35
PrizePicks,player_points_assists,Bennedict Mathurin,Over,22.5,-137,2025-12-13,2025-12-13T00:10:07Z,2025-12-12 16:21:35
PrizePicks,player_points_assists,Bennedict Mathurin,Under,22.5,-137,2025-12-13,2025-12-13T00:10:07Z,2025-12-12 16:21:35
PrizePicks,player_points_assists,Quentin Grimes,Over,22.5,-137,2025-12-13,2025-12-13T00:10:07Z,2025-12-12 16:21:35
PrizePicks,player_points_assists,Quentin Grimes,Under,22.5,-137,2025-12-13,2025-12-13T00:10:07Z,2025-12-12 16:21:35
PrizePicks,player_points_assists,Paul George,Over,20.5,-137,2025-12-13,2025-12-13T00:10:07Z,2025-12-12 16:21:35
PrizePicks,player_points_assists,Paul George,Under,20.5,-137,2025-12-13,2025-12-13T00:10:07Z,2025-12-12 16:21:35
PrizePicks,player_points_assists,VJ Edgecombe,Over,19.0,-137,2025-12-13,2025-12-13T00:10:07Z,2025-12-12 16:21:35
PrizePicks,player_points_assists,VJ Edgecombe,Under,19.0,-137,2025-12-13,2025-12-13T00:10:07Z,2025-12-12 16:21:35
PrizePicks,player_points_assists,Jared McCain,Over,16.5,-137,2025-12-13,2025-12-13T00:10:07Z,2025-12-12 16:21:35
PrizePicks,player_points_assists,Jared McCain,Under,16.5,-137,2025-12-13,2025-12-13T00:10:07Z,2025-12-12 16:21:35
PrizePicks,player_points_assists,T.J. McConnell,Over,13.0,-137,2025-12-13,2025-12-13T00:10:07Z,2025-12-12 16:21:35
PrizePicks,player_points_assists,T.J. McConnell,Under,13.0,-137,2025-12-13,2025-12-13T00:10:07Z,2025-12-12 16:21:35
PrizePicks,player_points_assists,Jay Huff,Over,10.5,-137,2025-12-13,2025-12-13T00:10:07Z,2025-12-12 16:21:35
PrizePicks,player_points_assists,Jay Huff,Under,10.5,-137,2025-12-13,2025-12-13T00:10:07Z,2025-12-12 16:21:35
PrizePicks,player_points_assists,Jarace Walker,Over,7.5,-137,2025-12-13,2025-12-13T00:10:07Z,2025-12-12 16:21:35
PrizePicks,player_points_assists,Jarace Walker,Under,7.5,-137,2025-12-13,2025-12-13T00:10:07Z,2025-12-12 16:21:35
PrizePicks,player_points_assists,Isaiah Jackson,Over,6.5,-137,2025-12-13,2025-12-13T00:10:07Z,2025-12-12 16:21:35
PrizePicks,player_points_assists,Isaiah Jackson,Under,6.5,-137,2025-12-13,2025-12-13T00:10:07Z,2025-12-12 16:21:35
PrizePicks,player_points_assists,Garrison Mathews,Over,5.5,-137,2025-12-13,2025-12-13T00:10:07Z,2025-12-12 16:21:35
PrizePicks,player_points_assists,Garrison Mathews,Under,5.5,-137,2025-12-13,2025-12-13T00:10:07Z,2025-12-12 16:21:35
PrizePicks,player_points_assists,Kyle Filipowski,Over,13.0,-137,2025-12-13,2025-12-13T00:17:49Z,2025-12-12 16:21:35
PrizePicks,player_points_assists,Kyle Filipowski,Under,13.0,-137,2025-12-13,2025-12-13T00:17:49Z,2025-12-12 16:21:35
PrizePicks,player_points_assists,Keyonte George,Over,28.5,-137,2025-12-13,2025-12-13T00:17:49Z,2025-12-12 16:21:35
PrizePicks,player_points_assists,Keyonte George,Under,28.5,-137,2025-12-13,2025-12-13T00:17:49Z,2025-12-12 16:21:35
PrizePicks,player_points_assists,Lauri Markkanen,Over,27.5,-137,2025-12-13,2025-12-13T00:17:49Z,2025-12-12 16:21:35
PrizePicks,player_points_assists,Lauri Markkanen,Under,27.5,-137,2025-12-13,2025-12-13T00:17:49Z,2025-12-12 16:21:35
PrizePicks,player_points_assists,Ja Morant,Over,25.5,-137,2025-12-13,2025-12-13T00:17:49Z,2025-12-12 16:21:35
PrizePicks,player_points_assists,Ja Morant,Under,25.5,-137,2025-12-13,2025-12-13T00:17:49Z,2025-12-12 16:21:35
PrizePicks,player_points_assists,Jaren Jackson Jr,Over,21.5,-137,2025-12-13,2025-12-13T00:17:49Z,2025-12-12 16:21:35
PrizePicks,player_points_assists,Jaren Jackson Jr,Under,21.5,-137,2025-12-13,2025-12-13T00:17:49Z,2025-12-12 16:21:35
PrizePicks,player_points_assists,Cedric Coward,Over,17.5,-137,2025-12-13,2025-12-13T00:17:49Z,2025-12-12 16:21:35
PrizePicks,player_points_assists,Cedric Coward,Under,17.5,-137,2025-12-13,2025-12-13T00:17:49Z,2025-12-12 16:21:35
PrizePicks,player_points_assists,Santi Aldama,Over,17.0,-137,2025-12-13,2025-12-13T00:17:49Z,2025-12-12 16:21:35
PrizePicks,player_points_assists,Santi Aldama,Under,17.0,-137,2025-12-13,2025-12-13T00:17:49Z,2025-12-12 16:21:35
PrizePicks,player_points_assists,Ace Bailey,Over,14.5,-137,2025-12-13,2025-12-13T00:17:49Z,2025-12-12 16:21:35
PrizePicks,player_points_assists,Ace Bailey,Under,14.5,-137,2025-12-13,2025-12-13T00:17:49Z,2025-12-12 16:21:35
PrizePicks,player_points_assists,Cam Spencer,Over,14.5,-137,2025-12-13,2025-12-13T00:17:49Z,2025-12-12 16:21:35
PrizePicks,player_points_assists,Cam Spencer,Under,14.5,-137,2025-12-13,2025-12-13T00:17:49Z,2025-12-12 16:21:35
PrizePicks,player_points_assists,Jaylen Wells,Over,13.5,-137,2025-12-13,2025-12-13T00:17:49Z,2025-12-12 16:21:35
PrizePicks,player_points_assists,Jaylen Wells,Under,13.5,-137,2025-12-13,2025-12-13T00:17:49Z,2025-12-12 16:21:35
PrizePicks,player_points_assists,Jusuf Nurkic,Over,13.5,-137,2025-12-13,2025-12-13T00:17:49Z,2025-12-12 16:21:35
PrizePicks,player_points_assists,Jusuf Nurkic,Under,13.5,-137,2025-12-13,2025-12-13T00:17:49Z,2025-12-12 16:21:35
PrizePicks,player_points_assists,Jock Landale,Over,13.5,-137,2025-12-13,2025-12-13T00:17:49Z,2025-12-12 16:21:35
PrizePicks,player_points_assists,Jock Landale,Under,13.5,-137,2025-12-13,2025-12-13T00:17:49Z,2025-12-12 16:21:35
PrizePicks,player_points_assists,Walter Clayton Jr.,Over,11.5,-137,2025-12-13,2025-12-13T00:17:49Z,2025-12-12 16:21:35
PrizePicks,player_points_assists,Walter Clayton Jr.,Under,11.5,-137,2025-12-13,2025-12-13T00:17:49Z,2025-12-12 16:21:35
PrizePicks,player_points_assists,Vincent Williams Jr,Over,11.5,-137,2025-12-13,2025-12-13T00:17:49Z,2025-12-12 16:21:35
PrizePicks,player_points_assists,Vincent Williams Jr,Under,11.5,-137,2025-12-13,2025-12-13T00:17:49Z,2025-12-12 16:21:35
PrizePicks,player_points_assists,Kentavious Caldwell-Pope,Over,10.5,-137,2025-12-13,2025-12-13T00:17:49Z,2025-12-12 16:21:35
PrizePicks,player_points_assists,Kentavious Caldwell-Pope,Under,10.5,-137,2025-12-13,2025-12-13T00:17:49Z,2025-12-12 16:21:35
PrizePicks,player_points_assists,Svi Mykhailiuk,Over,9.5,-137,2025-12-13,2025-12-13T00:17:49Z,2025-12-12 16:21:35
PrizePicks,player_points_assists,Svi Mykhailiuk,Under,9.5,-137,2025-12-13,2025-12-13T00:17:49Z,2025-12-12 16:21:35
PrizePicks,player_points_assists,Michael Porter Jr,Over,26.5,-137,2025-12-13,2025-12-13T00:18:25Z,2025-12-12 16:21:35
PrizePicks,player_points_assists,Michael Porter Jr,Under,26.5,-137,2025-12-13,2025-12-13T00:18:25Z,2025-12-12 16:21:35
PrizePicks,player_points_assists,Anthony Davis,Over,25.5,-137,2025-12-13,2025-12-13T00:18:25Z,2025-12-12 16:21:35
PrizePicks,player_points_assists,Anthony Davis,Under,25.5,-137,2025-12-13,2025-12-13T00:18:25Z,2025-12-12 16:21:35
PrizePicks,player_points_assists,Cooper Flagg,Over,21.5,-137,2025-12-13,2025-12-13T00:18:25Z,2025-12-12 16:21:35
PrizePicks,player_points_assists,Cooper Flagg,Under,21.5,-137,2025-12-13,2025-12-13T00:18:25Z,2025-12-12 16:21:35
PrizePicks,player_points_assists,Nicolas Claxton,Over,17.5,-137,2025-12-13,2025-12-13T00:18:25Z,2025-12-12 16:21:35
PrizePicks,player_points_assists,Nicolas Claxton,Under,17.5,-137,2025-12-13,2025-12-13T00:18:25Z,2025-12-12 16:21:35
PrizePicks,player_points_assists,P.J. Washington,Over,17.5,-137,2025-12-13,2025-12-13T00:18:25Z,2025-12-12 16:21:35
PrizePicks,player_points_assists,P.J. Washington,Under,17.5,-137,2025-12-13,2025-12-13T00:18:25Z,2025-12-12 16:21:35
PrizePicks,player_points_assists,Noah Clowney,Over,16.0,-137,2025-12-13,2025-12-13T00:18:25Z,2025-12-12 16:21:35
PrizePicks,player_points_assists,Noah Clowney,Under,16.0,-137,2025-12-13,2025-12-13T00:18:25Z,2025-12-12 16:21:35
PrizePicks,player_points_assists,Ryan Nembhard,Over,15.5,-137,2025-12-13,2025-12-13T00:18:25Z,2025-12-12 16:21:35
PrizePicks,player_points_assists,Ryan Nembhard,Under,15.5,-137,2025-12-13,2025-12-13T00:18:25Z,2025-12-12 16:21:35
PrizePicks,player_points_assists,Brandon Williams,Over,13.5,-137,2025-12-13,2025-12-13T00:18:25Z,2025-12-12 16:21:35
PrizePicks,player_points_assists,Brandon Williams,Under,13.5,-137,2025-12-13,2025-12-13T00:18:25Z,2025-12-12 16:21:35
PrizePicks,player_points_assists,Egor Demin,Over,13.5,-137,2025-12-13,2025-12-13T00:18:25Z,2025-12-12 16:21:35
PrizePicks,player_points_assists,Egor Demin,Under,13.5,-137,2025-12-13,2025-12-13T00:18:25Z,2025-12-12 16:21:35
PrizePicks,player_points_assists,Naji Marshall,Over,13.5,-137,2025-12-13,2025-12-13T00:18:25Z,2025-12-12 16:21:35
PrizePicks,player_points_assists,Naji Marshall,Under,13.5,-137,2025-12-13,2025-12-13T00:18:25Z,2025-12-12 16:21:35
PrizePicks,player_points_assists,Klay Thompson,Over,12.5,-137,2025-12-13,2025-12-13T00:18:25Z,2025-12-12 16:21:35
PrizePicks,player_points_assists,Klay Thompson,Under,12.5,-137,2025-12-13,2025-12-13T00:18:25Z,2025-12-12 16:21:35
PrizePicks,player_points_assists,Terance Mann,Over,10.5,-137,2025-12-13,2025-12-13T00:18:25Z,2025-12-12 16:21:35
PrizePicks,player_points_assists,Terance Mann,Under,10.5,-137,2025-12-13,2025-12-13T00:18:25Z,2025-12-12 16:21:35
PrizePicks,player_points_assists,Danny Wolf,Over,10.0,-137,2025-12-13,2025-12-13T00:18:25Z,2025-12-12 16:21:35
PrizePicks,player_points_assists,Danny Wolf,Under,10.0,-137,2025-12-13,2025-12-13T00:18:25Z,2025-12-12 16:21:35
PrizePicks,player_points_assists,Max Christie,Over,9.5,-137,2025-12-13,2025-12-13T00:18:25Z,2025-12-12 16:21:35
PrizePicks,player_points_assists,Max Christie,Under,9.5,-137,2025-12-13,2025-12-13T00:18:25Z,2025-12-12 16:21:35
PrizePicks,player_points_assists,Day'Ron Sharpe,Over,8.5,-137,2025-12-13,2025-12-13T00:18:25Z,2025-12-12 16:21:35
PrizePicks,player_points_assists,Day'Ron Sharpe,Under,8.5,-137,2025-12-13,2025-12-13T00:18:25Z,2025-12-12 16:21:35
PrizePicks,player_points_assists,Drake Powell,Over,8.5,-137,2025-12-13,2025-12-13T00:18:25Z,2025-12-12 16:21:35
PrizePicks,player_points_assists,Drake Powell,Under,8.5,-137,2025-12-13,2025-12-13T00:18:25Z,2025-12-12 16:21:35
PrizePicks,player_points_assists,Stephen Curry,Over,29.5,-137,2025-12-13,2025-12-13T00:18:12Z,2025-12-12 16:21:35
PrizePicks,player_points_assists,Stephen Curry,Under,29.5,-137,2025-12-13,2025-12-13T00:18:12Z,2025-12-12 16:21:35
PrizePicks,player_points_assists,Julius Randle,Over,29.5,-137,2025-12-13,2025-12-13T00:18:12Z,2025-12-12 16:21:35
PrizePicks,player_points_assists,Julius Randle,Under,29.5,-137,2025-12-13,2025-12-13T00:18:12Z,2025-12-12 16:21:35
PrizePicks,player_points_assists,Jimmy Butler,Over,25.5,-137,2025-12-13,2025-12-13T00:18:12Z,2025-12-12 16:21:35
PrizePicks,player_points_assists,Jimmy Butler,Under,25.5,-137,2025-12-13,2025-12-13T00:18:12Z,2025-12-12 16:21:35
PrizePicks,player_points_assists,Donte DiVincenzo,Over,19.5,-137,2025-12-13,2025-12-13T00:18:12Z,2025-12-12 16:21:35
PrizePicks,player_points_assists,Donte DiVincenzo,Under,19.5,-137,2025-12-13,2025-12-13T00:18:12Z,2025-12-12 16:21:35
PrizePicks,player_points_assists,Jaden McDaniels,Over,19.0,-137,2025-12-13,2025-12-13T00:18:12Z,2025-12-12 16:21:35
PrizePicks,player_points_assists,Jaden McDaniels,Under,19.0,-137,2025-12-13,2025-12-13T00:18:12Z,2025-12-12 16:21:35
PrizePicks,player_points_assists,Naz Reid,Over,18.5,-137,2025-12-13,2025-12-13T00:18:12Z,2025-12-12 16:21:35
PrizePicks,player_points_assists,Naz Reid,Under,18.5,-137,2025-12-13,2025-12-13T00:18:12Z,2025-12-12 16:21:35
PrizePicks,player_points_assists,Quinten Post,Over,12.5,-137,2025-12-13,2025-12-13T00:18:12Z,2025-12-12 16:21:35
PrizePicks,player_points_assists,Quinten Post,Under,12.5,-137,2025-12-13,2025-12-13T00:18:12Z,2025-12-12 16:21:35
PrizePicks,player_points_assists,Rudy Gobert,Over,12.5,-137,2025-12-13,2025-12-13T00:18:12Z,2025-12-12 16:21:35
PrizePicks,player_points_assists,Rudy Gobert,Under,12.5,-137,2025-12-13,2025-12-13T00:18:12Z,2025-12-12 16:21:35
PrizePicks,player_points_assists,Brandin Podziemski,Over,11.5,-137,2025-12-13,2025-12-13T00:18:12Z,2025-12-12 16:21:35
PrizePicks,player_points_assists,Brandin Podziemski,Under,11.5,-137,2025-12-13,2025-12-13T00:18:12Z,2025-12-12 16:21:35
PrizePicks,player_points_assists,De'Anthony Melton,Over,10.5,-137,2025-12-13,2025-12-13T00:18:12Z,2025-12-12 16:21:35
PrizePicks,player_points_assists,De'Anthony Melton,Under,10.5,-137,2025-12-13,2025-12-13T00:18:12Z,2025-12-12 16:21:35
PrizePicks,player_points_assists,Moses Moody,Over,10.5,-137,2025-12-13,2025-12-13T00:18:12Z,2025-12-12 16:21:35
PrizePicks,player_points_assists,Moses Moody,Under,10.5,-137,2025-12-13,2025-12-13T00:18:12Z,2025-12-12 16:21:35
PrizePicks,player_points_assists,Buddy Hield,Over,9.5,-137,2025-12-13,2025-12-13T00:18:12Z,2025-12-12 16:21:35
PrizePicks,player_points_assists,Buddy Hield,Under,9.5,-137,2025-12-13,2025-12-13T00:18:12Z,2025-12-12 16:21:35
PrizePicks,player_points_assists,Jalen Brunson,Over,34.5,-137,2025-12-13,2025-12-13T00:18:34Z,2025-12-12 16:21:35
PrizePicks,player_points_assists,Jalen Brunson,Under,34.5,-137,2025-12-13,2025-12-13T00:18:34Z,2025-12-12 16:21:35
PrizePicks,player_points_assists,Desmond Bane,Over,25.5,-137,2025-12-13,2025-12-13T00:18:34Z,2025-12-12 16:21:35
PrizePicks,player_points_assists,Desmond Bane,Under,25.5,-137,2025-12-13,2025-12-13T00:18:34Z,2025-12-12 16:21:35
PrizePicks,player_points_assists,Paolo Banchero,Over,25.5,-137,2025-12-13,2025-12-13T00:18:34Z,2025-12-12 16:21:35
PrizePicks,player_points_assists,Paolo Banchero,Under,25.5,-137,2025-12-13,2025-12-13T00:18:34Z,2025-12-12 16:21:35
PrizePicks,player_points_assists,Karl-Anthony Towns,Over,24.5,-137,2025-12-13,2025-12-13T00:18:34Z,2025-12-12 16:21:35
PrizePicks,player_points_assists,Karl-Anthony Towns,Under,24.5,-137,2025-12-13,2025-12-13T00:18:34Z,2025-12-12 16:21:35
PrizePicks,player_points_assists,Jalen Suggs,Over,22.5,-137,2025-12-13,2025-12-13T00:18:34Z,2025-12-12 16:21:35
PrizePicks,player_points_assists,Jalen Suggs,Under,22.5,-137,2025-12-13,2025-12-13T00:18:34Z,2025-12-12 16:21:35
PrizePicks,player_points_assists,Anthony Black,Over,19.5,-137,2025-12-13,2025-12-13T00:18:34Z,2025-12-12 16:21:35
PrizePicks,player_points_assists,Anthony Black,Under,19.5,-137,2025-12-13,2025-12-13T00:18:34Z,2025-12-12 16:21:35
PrizePicks,player_points_assists,Josh Hart,Over,18.5,-137,2025-12-13,2025-12-13T00:18:34Z,2025-12-12 16:21:35
PrizePicks,player_points_assists,Josh Hart,Under,18.5,-137,2025-12-13,2025-12-13T00:18:34Z,2025-12-12 16:21:35
PrizePicks,player_points_assists,Mikal Bridges,Over,18.5,-137,2025-12-13,2025-12-13T00:18:34Z,2025-12-12 16:21:35
PrizePicks,player_points_assists,Mikal Bridges,Under,18.5,-137,2025-12-13,2025-12-13T00:18:34Z,2025-12-12 16:21:35
PrizePicks,player_points_assists,OG Anunoby,Over,16.5,-137,2025-12-13,2025-12-13T00:18:34Z,2025-12-12 16:21:35
PrizePicks,player_points_assists,OG Anunoby,Under,16.5,-137,2025-12-13,2025-12-13T00:18:34Z,2025-12-12 16:21:35
PrizePicks,player_points_assists,Shai Gilgeous-Alexander,Over,37.5,-137,2025-12-14,2025-12-13T00:18:09Z,2025-12-12 16:21:35
PrizePicks,player_points_assists,Shai Gilgeous-Alexander,Under,37.5,-137,2025-12-14,2025-12-13T00:18:09Z,2025-12-12 16:21:35
PrizePicks,player_points_assists,De'Aaron Fox,Over,25.5,-137,2025-12-14,2025-12-13T00:18:09Z,2025-12-12 16:21:35
PrizePicks,player_points_assists,De'Aaron Fox,Under,25.5,-137,2025-12-14,2025-12-13T00:18:09Z,2025-12-12 16:21:35
PrizePicks,player_points_assists,Jalen Williams,Over,25.0,-137,2025-12-14,2025-12-13T00:18:09Z,2025-12-12 16:21:35
PrizePicks,player_points_assists,Jalen Williams,Under,25.0,-137,2025-12-14,2025-12-13T00:18:09Z,2025-12-12 16:21:35
PrizePicks,player_points_assists,Stephon Castle,Over,21.0,-137,2025-12-14,2025-12-13T00:18:09Z,2025-12-12 16:21:35
PrizePicks,player_points_assists,Stephon Castle,Under,21.0,-137,2025-12-14,2025-12-13T00:18:09Z,2025-12-12 16:21:35
PrizePicks,player_points_assists,Victor Wembanyama,Over,20.5,-137,2025-12-14,2025-12-13T00:18:09Z,2025-12-12 16:21:35
PrizePicks,player_points_assists,Victor Wembanyama,Under,20.5,-137,2025-12-14,2025-12-13T00:18:09Z,2025-12-12 16:21:35
PrizePicks,player_points_assists,Chet Holmgren,Over,18.5,-137,2025-12-14,2025-12-13T00:18:09Z,2025-12-12 16:21:35
PrizePicks,player_points_assists,Chet Holmgren,Under,18.5,-137,2025-12-14,2025-12-13T00:18:09Z,2025-12-12 16:21:35
PrizePicks,player_points_assists,Devin Vassell,Over,13.5,-137,2025-12-14,2025-12-13T00:18:09Z,2025-12-12 16:21:35
PrizePicks,player_points_assists,Devin Vassell,Under,13.5,-137,2025-12-14,2025-12-13T00:18:09Z,2025-12-12 16:21:35
PrizePicks,player_points_assists,Dylan Harper,Over,13.5,-137,2025-12-14,2025-12-13T00:18:09Z,2025-12-12 16:21:35
PrizePicks,player_points_assists,Dylan Harper,Under,13.5,-137,2025-12-14,2025-12-13T00:18:09Z,2025-12-12 16:21:35
PrizePicks,player_points_assists,Ajay Mitchell,Over,12.5,-137,2025-12-14,2025-12-13T00:18:09Z,2025-12-12 16:21:35
PrizePicks,player_points_assists,Ajay Mitchell,Under,12.5,-137,2025-12-14,2025-12-13T00:18:09Z,2025-12-12 16:21:35
PrizePicks,player_points_assists,Cason Wallace,Over,9.5,-137,2025-12-14,2025-12-13T00:18:09Z,2025-12-12 16:21:35
PrizePicks,player_points_assists,Cason Wallace,Under,9.5,-137,2025-12-14,2025-12-13T00:18:09Z,2025-12-12 16:21:35
PrizePicks,player_points_assists,Luguentz Dort,Over,8.5,-137,2025-12-14,2025-12-13T00:18:09Z,2025-12-12 16:21:35
PrizePicks,player_points_assists,Luguentz Dort,Under,8.5,-137,2025-12-14,2025-12-13T00:18:09Z,2025-12-12 16:21:35
Underdog,player_points_assists,Cade Cunningham,Over,35.5,-137,2025-12-13,2025-12-13T00:12:28Z,2025-12-12 16:21:35
Underdog,player_points_assists,Cade Cunningham,Under,35.5,-137,2025-12-13,2025-12-13T00:12:28Z,2025-12-12 16:21:35
Underdog,player_points_assists,Jalen Johnson,Over,32.5,-137,2025-12-13,2025-12-13T00:12:28Z,2025-12-12 16:21:35
Underdog,player_points_assists,Jalen Johnson,Under,32.5,-137,2025-12-13,2025-12-13T00:12:28Z,2025-12-12 16:21:35
Underdog,player_points_assists,Jalen Duren,Over,19.5,-137,2025-12-13,2025-12-13T00:12:28Z,2025-12-12 16:21:35
Underdog,player_points_assists,Jalen Duren,Under,19.5,-137,2025-12-13,2025-12-13T00:12:28Z,2025-12-12 16:21:35
Underdog,player_points_assists,Nickeil Alexander-Walker,Over,23.5,-137,2025-12-13,2025-12-13T00:12:28Z,2025-12-12 16:21:35
Underdog,player_points_assists,Nickeil Alexander-Walker,Under,23.5,-137,2025-12-13,2025-12-13T00:12:28Z,2025-12-12 16:21:35
Underdog,player_points_assists,Onyeka Okongwu,Over,20.5,-137,2025-12-13,2025-12-13T00:12:28Z,2025-12-12 16:21:35
Underdog,player_points_assists,Onyeka Okongwu,Under,20.5,-137,2025-12-13,2025-12-13T00:12:28Z,2025-12-12 16:21:35
Underdog,player_points_assists,Brandon Miller,Over,26.5,-137,2025-12-13,2025-12-13T00:12:07Z,2025-12-12 16:21:35
Underdog,player_points_assists,Brandon Miller,Under,26.5,-137,2025-12-13,2025-12-13T00:12:07Z,2025-12-12 16:21:35
Underdog,player_points_assists,Miles Bridges,Over,27.5,-137,2025-12-13,2025-12-13T00:12:07Z,2025-12-12 16:21:35
Underdog,player_points_assists,Miles Bridges,Under,27.5,-137,2025-12-13,2025-12-13T00:12:07Z,2025-12-12 16:21:35
Underdog,player_points_assists,Josh Giddey,Over,29.5,-137,2025-12-13,2025-12-13T00:12:07Z,2025-12-12 16:21:35
Underdog,player_points_assists,Josh Giddey,Under,29.5,-137,2025-12-13,2025-12-13T00:12:07Z,2025-12-12 16:21:35
Underdog,player_points_assists,Donovan Mitchell,Over,35.5,-137,2025-12-13,2025-12-13T00:13:16Z,2025-12-12 16:21:35
Underdog,player_points_assists,Donovan Mitchell,Under,35.5,-137,2025-12-13,2025-12-13T00:13:16Z,2025-12-12 16:21:35
Underdog,player_points_assists,Joel Embiid,Over,27.5,-137,2025-12-13,2025-12-13T00:11:42Z,2025-12-12 16:21:35
Underdog,player_points_assists,Joel Embiid,Under,27.5,-137,2025-12-13,2025-12-13T00:11:42Z,2025-12-12 16:21:35
Underdog,player_points_assists,Paul George,Over,20.5,-137,2025-12-13,2025-12-13T00:11:42Z,2025-12-12 16:21:35
Underdog,player_points_assists,Paul George,Under,20.5,-137,2025-12-13,2025-12-13T00:11:42Z,2025-12-12 16:21:35
Underdog,player_points_assists,Pascal Siakam,Over,28.5,-137,2025-12-13,2025-12-13T00:11:42Z,2025-12-12 16:21:35
Underdog,player_points_assists,Pascal Siakam,Under,28.5,-137,2025-12-13,2025-12-13T00:11:42Z,2025-12-12 16:21:35
Underdog,player_points_assists,Bennedict Mathurin,Over,22.5,-137,2025-12-13,2025-12-13T00:11:42Z,2025-12-12 16:21:35
Underdog,player_points_assists,Bennedict Mathurin,Under,22.5,-137,2025-12-13,2025-12-13T00:11:42Z,2025-12-12 16:21:35
Underdog,player_points_assists,Keyonte George,Over,27.5,-137,2025-12-13,2025-12-13T00:21:14Z,2025-12-12 16:21:35
Underdog,player_points_assists,Keyonte George,Under,27.5,-137,2025-12-13,2025-12-13T00:21:14Z,2025-12-12 16:21:35
Underdog,player_points_assists,Jaren Jackson Jr,Over,21.5,-137,2025-12-13,2025-12-13T00:21:14Z,2025-12-12 16:21:35
Underdog,player_points_assists,Jaren Jackson Jr,Under,21.5,-137,2025-12-13,2025-12-13T00:21:14Z,2025-12-12 16:21:35
Underdog,player_points_assists,Cooper Flagg,Over,21.5,-137,2025-12-13,2025-12-13T00:21:29Z,2025-12-12 16:21:35
Underdog,player_points_assists,Cooper Flagg,Under,21.5,-137,2025-12-13,2025-12-13T00:21:29Z,2025-12-12 16:21:35
Underdog,player_points_assists,Anthony Davis,Over,25.5,-137,2025-12-13,2025-12-13T00:21:29Z,2025-12-12 16:21:35
Underdog,player_points_assists,Anthony Davis,Under,25.5,-137,2025-12-13,2025-12-13T00:21:29Z,2025-12-12 16:21:35
Underdog,player_points_assists,Jimmy Butler,Over,24.5,-137,2025-12-13,2025-12-13T00:22:04Z,2025-12-12 16:21:35
Underdog,player_points_assists,Jimmy Butler,Under,24.5,-137,2025-12-13,2025-12-13T00:22:04Z,2025-12-12 16:21:35
Underdog,player_points_assists,Julius Randle,Over,29.5,-137,2025-12-13,2025-12-13T00:22:04Z,2025-12-12 16:21:35
Underdog,player_points_assists,Julius Randle,Under,29.5,-137,2025-12-13,2025-12-13T00:22:04Z,2025-12-12 16:21:35
Underdog,player_points_assists,Jalen Brunson,Over,34.5,-137,2025-12-13,2025-12-13T00:21:50Z,2025-12-12 16:21:35
Underdog,player_points_assists,Jalen Brunson,Under,34.5,-137,2025-12-13,2025-12-13T00:21:50Z,2025-12-12 16:21:35
Underdog,player_points_assists,Karl-Anthony Towns,Over,24.5,-137,2025-12-13,2025-12-13T00:21:50Z,2025-12-12 16:21:35
Underdog,player_points_assists,Karl-Anthony Towns,Under,24.5,-137,2025-12-13,2025-12-13T00:21:50Z,2025-12-12 16:21:35
Underdog,player_points_assists,Paolo Banchero,Over,25.5,-137,2025-12-13,2025-12-13T00:21:50Z,2025-12-12 16:21:35
Underdog,player_points_assists,Paolo Banchero,Under,25.5,-137,2025-12-13,2025-12-13T00:21:50Z,2025-12-12 16:21:35
Underdog,player_points_assists,Jalen Suggs,Over,22.5,-137,2025-12-13,2025-12-13T00:21:50Z,2025-12-12 16:21:35
Underdog,player_points_assists,Jalen Suggs,Under,22.5,-137,2025-12-13,2025-12-13T00:21:50Z,2025-12-12 16:21:35
Underdog,player_points_assists,Anthony Black,Over,19.5,-137,2025-12-13,2025-12-13T00:21:50Z,2025-12-12 16:21:35
Underdog,player_points_assists,Anthony Black,Under,19.5,-137,2025-12-13,2025-12-13T00:21:50Z,2025-12-12 16:21:35
Underdog,player_points_assists,Shai Gilgeous-Alexander,Over,37.5,-137,2025-12-14,2025-12-13T00:21:24Z,2025-12-12 16:21:35
Underdog,player_points_assists,Shai Gilgeous-Alexander,Under,37.5,-137,2025-12-14,2025-12-13T00:21:24Z,2025-12-12 16:21:35
Underdog,player_points_assists,Victor Wembanyama,Over,20.5,-137,2025-12-14,2025-12-13T00:21:24Z,2025-12-12 16:21:35
Underdog,player_points_assists,Victor Wembanyama,Under,20.5,-137,2025-12-14,2025-12-13T00:21:24Z,2025-12-12 16:21:35
Underdog,player_points_assists,De'Aaron Fox,Over,25.5,-137,2025-12-14,2025-12-13T00:21:24Z,2025-12-12 16:21:35
Underdog,player_points_assists,De'Aaron Fox,Under,25.5,-137,2025-12-14,2025-12-13T00:21:24Z,2025-12-12 16:21:35
Underdog,player_points_assists,Jalen Williams,Over,25.5,-137,2025-12-14,2025-12-13T00:21:24Z,2025-12-12 16:21:35
Underdog,player_points_assists,Jalen Williams,Under,25.5,-137,2025-12-14,2025-12-13T00:21:24Z,2025-12-12 16:21:35
Underdog,player_points_assists,Stephon Castle,Over,21.5,-137,2025-12-14,2025-12-13T00:21:24Z,2025-12-12 16:21:35
Underdog,player_points_assists,Stephon Castle,Under,21.5,-137,2025-12-14,2025-12-13T00:21:24Z,2025-12-12 16:21:35
Betr DFS,player_points_assists,Onyeka Okongwu,Over,17.5,-137,2025-12-13,2025-12-13T00:21:10Z,2025-12-12 16:21:35
Betr DFS,player_points_assists,Onyeka Okongwu,Under,17.5,-137,2025-12-13,2025-12-13T00:21:10Z,2025-12-12 16:21:35
Betr DFS,player_points_assists,Vit Krejci,Over,10.5,-137,2025-12-13,2025-12-13T00:21:10Z,2025-12-12 16:21:35
Betr DFS,player_points_assists,Vit Krejci,Under,10.5,-137,2025-12-13,2025-12-13T00:21:10Z,2025-12-12 16:21:35
Betr DFS,player_points_assists,Jalen Johnson,Over,29.5,-137,2025-12-13,2025-12-13T00:21:10Z,2025-12-12 16:21:35
Betr DFS,player_points_assists,Jalen Johnson,Under,29.5,-137,2025-12-13,2025-12-13T00:21:10Z,2025-12-12 16:21:35
Betr DFS,player_points_assists,Nickeil Alexander-Walker,Over,28.5,-137,2025-12-13,2025-12-13T00:21:10Z,2025-12-12 16:21:35
Betr DFS,player_points_assists,Nickeil Alexander-Walker,Under,28.5,-137,2025-12-13,2025-12-13T00:21:10Z,2025-12-12 16:21:35
Betr DFS,player_points_assists,Luke Kennard,Over,8.5,-137,2025-12-13,2025-12-13T00:21:10Z,2025-12-12 16:21:35
Betr DFS,player_points_assists,Luke Kennard,Under,8.5,-137,2025-12-13,2025-12-13T00:21:10Z,2025-12-12 16:21:35
Betr DFS,player_points_assists,Zaccharie Risacher,Over,11.5,-137,2025-12-13,2025-12-13T00:21:10Z,2025-12-12 16:21:35
Betr DFS,player_points_assists,Zaccharie Risacher,Under,11.5,-137,2025-12-13,2025-12-13T00:21:10Z,2025-12-12 16:21:35
Betr DFS,player_points_assists,Duncan Robinson,Over,13.5,-137,2025-12-13,2025-12-13T00:21:10Z,2025-12-12 16:21:35
Betr DFS,player_points_assists,Duncan Robinson,Under,13.5,-137,2025-12-13,2025-12-13T00:21:10Z,2025-12-12 16:21:35
Betr DFS,player_points_assists,Tobias Harris,Over,14.5,-137,2025-12-13,2025-12-13T00:21:10Z,2025-12-12 16:21:35
Betr DFS,player_points_assists,Tobias Harris,Under,14.5,-137,2025-12-13,2025-12-13T00:21:10Z,2025-12-12 16:21:35
Betr DFS,player_points_assists,Caris LeVert,Over,11.5,-137,2025-12-13,2025-12-13T00:21:10Z,2025-12-12 16:21:35
Betr DFS,player_points_assists,Caris LeVert,Under,11.5,-137,2025-12-13,2025-12-13T00:21:10Z,2025-12-12 16:21:35
Betr DFS,player_points_assists,Isaiah Stewart II,Over,8.5,-137,2025-12-13,2025-12-13T00:21:10Z,2025-12-12 16:21:35
Betr DFS,player_points_assists,Isaiah Stewart II,Under,8.5,-137,2025-12-13,2025-12-13T00:21:10Z,2025-12-12 16:21:35
Betr DFS,player_points_assists,Cade Cunningham,Over,37.5,-137,2025-12-13,2025-12-13T00:21:10Z,2025-12-12 16:21:35
Betr DFS,player_points_assists,Cade Cunningham,Under,37.5,-137,2025-12-13,2025-12-13T00:21:10Z,2025-12-12 16:21:35
Betr DFS,player_points_assists,Jaden Ivey,Over,9.5,-137,2025-12-13,2025-12-13T00:21:10Z,2025-12-12 16:21:35
Betr DFS,player_points_assists,Jaden Ivey,Under,9.5,-137,2025-12-13,2025-12-13T00:21:10Z,2025-12-12 16:21:35
Betr DFS,player_points_assists,Jalen Duren,Over,20.5,-137,2025-12-13,2025-12-13T00:21:10Z,2025-12-12 16:21:35
Betr DFS,player_points_assists,Jalen Duren,Under,20.5,-137,2025-12-13,2025-12-13T00:21:10Z,2025-12-12 16:21:35
Betr DFS,player_points_assists,Ausar Thompson,Over,13.5,-137,2025-12-13,2025-12-13T00:21:10Z,2025-12-12 16:21:35
Betr DFS,player_points_assists,Ausar Thompson,Under,13.5,-137,2025-12-13,2025-12-13T00:21:10Z,2025-12-12 16:21:35
Betr DFS,player_points_assists,Ron Holland,Over,7.5,-137,2025-12-13,2025-12-13T00:21:10Z,2025-12-12 16:21:35
Betr DFS,player_points_assists,Ron Holland,Under,7.5,-137,2025-12-13,2025-12-13T00:21:10Z,2025-12-12 16:21:35
Betr DFS,player_points_assists,Nikola Vucevic,Over,20.5,-137,2025-12-13,2025-12-13T00:21:01Z,2025-12-12 16:21:35
Betr DFS,player_points_assists,Nikola Vucevic,Under,20.5,-137,2025-12-13,2025-12-13T00:21:01Z,2025-12-12 16:21:35
Betr DFS,player_points_assists,Coby White,Over,25.5,-137,2025-12-13,2025-12-13T00:21:01Z,2025-12-12 16:21:35
Betr DFS,player_points_assists,Coby White,Under,25.5,-137,2025-12-13,2025-12-13T00:21:01Z,2025-12-12 16:21:35
Betr DFS,player_points_assists,Zach Collins,Over,8.5,-137,2025-12-13,2025-12-13T00:21:01Z,2025-12-12 16:21:35
Betr DFS,player_points_assists,Zach Collins,Under,8.5,-137,2025-12-13,2025-12-13T00:21:01Z,2025-12-12 16:21:35
Betr DFS,player_points_assists,Tre Jones,Over,14.5,-137,2025-12-13,2025-12-13T00:21:01Z,2025-12-12 16:21:35
Betr DFS,player_points_assists,Tre Jones,Under,14.5,-137,2025-12-13,2025-12-13T00:21:01Z,2025-12-12 16:21:35
Betr DFS,player_points_assists,Brandon Miller,Over,22.5,-137,2025-12-13,2025-12-13T00:21:01Z,2025-12-12 16:21:35
Betr DFS,player_points_assists,Brandon Miller,Under,22.5,-137,2025-12-13,2025-12-13T00:21:01Z,2025-12-12 16:21:35
Betr DFS,player_points_assists,Miles Bridges,Over,25.5,-137,2025-12-13,2025-12-13T00:21:01Z,2025-12-12 16:21:35
Betr DFS,player_points_assists,Miles Bridges,Under,25.5,-137,2025-12-13,2025-12-13T00:21:01Z,2025-12-12 16:21:35
Betr DFS,player_points_assists,Kon Knueppel,Over,28.5,-137,2025-12-13,2025-12-13T00:21:01Z,2025-12-12 16:21:35
Betr DFS,player_points_assists,Kon Knueppel,Under,28.5,-137,2025-12-13,2025-12-13T00:21:01Z,2025-12-12 16:21:35
Betr DFS,player_points_assists,De'Andre Hunter,Over,18.5,-137,2025-12-13,2025-12-13T00:20:59Z,2025-12-12 16:21:35
Betr DFS,player_points_assists,De'Andre Hunter,Under,18.5,-137,2025-12-13,2025-12-13T00:20:59Z,2025-12-12 16:21:35
Betr DFS,player_points_assists,Lonzo Ball,Over,10.5,-137,2025-12-13,2025-12-13T00:20:59Z,2025-12-12 16:21:35
Betr DFS,player_points_assists,Lonzo Ball,Under,10.5,-137,2025-12-13,2025-12-13T00:20:59Z,2025-12-12 16:21:35
Betr DFS,player_points_assists,Donovan Mitchell,Over,34.5,-137,2025-12-13,2025-12-13T00:20:59Z,2025-12-12 16:21:35
Betr DFS,player_points_assists,Donovan Mitchell,Under,34.5,-137,2025-12-13,2025-12-13T00:20:59Z,2025-12-12 16:21:35
Betr DFS,player_points_assists,Darius Garland,Over,21.5,-137,2025-12-13,2025-12-13T00:20:59Z,2025-12-12 16:21:35
Betr DFS,player_points_assists,Darius Garland,Under,21.5,-137,2025-12-13,2025-12-13T00:20:59Z,2025-12-12 16:21:35
Betr DFS,player_points_assists,Dean Wade,Over,6.5,-137,2025-12-13,2025-12-13T00:20:59Z,2025-12-12 16:21:35
Betr DFS,player_points_assists,Dean Wade,Under,6.5,-137,2025-12-13,2025-12-13T00:20:59Z,2025-12-12 16:21:35
Betr DFS,player_points_assists,Evan Mobley,Over,30.5,-137,2025-12-13,2025-12-13T00:20:59Z,2025-12-12 16:21:35
Betr DFS,player_points_assists,Evan Mobley,Under,30.5,-137,2025-12-13,2025-12-13T00:20:59Z,2025-12-12 16:21:35
Betr DFS,player_points_assists,Jaylon Tyson,Over,12.5,-137,2025-12-13,2025-12-13T00:20:59Z,2025-12-12 16:21:35
Betr DFS,player_points_assists,Jaylon Tyson,Under,12.5,-137,2025-12-13,2025-12-13T00:20:59Z,2025-12-12 16:21:35
Betr DFS,player_points_assists,Marvin Bagley III,Over,14.5,-137,2025-12-13,2025-12-13T00:20:59Z,2025-12-12 16:21:35
Betr DFS,player_points_assists,Marvin Bagley III,Under,14.5,-137,2025-12-13,2025-12-13T00:20:59Z,2025-12-12 16:21:35
Betr DFS,player_points_assists,C.J. McCollum,Over,25.5,-137,2025-12-13,2025-12-13T00:20:59Z,2025-12-12 16:21:35
Betr DFS,player_points_assists,C.J. McCollum,Under,25.5,-137,2025-12-13,2025-12-13T00:20:59Z,2025-12-12 16:21:35
Betr DFS,player_points_assists,Kyshawn George,Over,20.5,-137,2025-12-13,2025-12-13T00:20:59Z,2025-12-12 16:21:35
Betr DFS,player_points_assists,Kyshawn George,Under,20.5,-137,2025-12-13,2025-12-13T00:20:59Z,2025-12-12 16:21:35
Betr DFS,player_points_assists,Carlton Carrington,Over,19.5,-137,2025-12-13,2025-12-13T00:20:59Z,2025-12-12 16:21:35
Betr DFS,player_points_assists,Jay Huff,Over,12.5,-137,2025-12-13,2025-12-13T00:21:02Z,2025-12-12 16:21:35
Betr DFS,player_points_assists,Jay Huff,Under,12.5,-137,2025-12-13,2025-12-13T00:21:02Z,2025-12-12 16:21:35
Betr DFS,player_points_assists,Pascal Siakam,Over,24.5,-137,2025-12-13,2025-12-13T00:21:02Z,2025-12-12 16:21:35
Betr DFS,player_points_assists,Pascal Siakam,Under,24.5,-137,2025-12-13,2025-12-13T00:21:02Z,2025-12-12 16:21:35
Betr DFS,player_points_assists,T.J. McConnell,Over,12.5,-137,2025-12-13,2025-12-13T00:21:02Z,2025-12-12 16:21:35
Betr DFS,player_points_assists,T.J. McConnell,Under,12.5,-137,2025-12-13,2025-12-13T00:21:02Z,2025-12-12 16:21:35
Betr DFS,player_points_assists,Isaiah Jackson,Over,7.5,-137,2025-12-13,2025-12-13T00:21:02Z,2025-12-12 16:21:35
Betr DFS,player_points_assists,Isaiah Jackson,Under,7.5,-137,2025-12-13,2025-12-13T00:21:02Z,2025-12-12 16:21:35
Betr DFS,player_points_assists,Bennedict Mathurin,Over,21.5,-137,2025-12-13,2025-12-13T00:21:02Z,2025-12-12 16:21:35
Betr DFS,player_points_assists,Bennedict Mathurin,Under,21.5,-137,2025-12-13,2025-12-13T00:21:02Z,2025-12-12 16:21:35
Betr DFS,player_points_assists,Andrew Nembhard,Over,23.5,-137,2025-12-13,2025-12-13T00:21:02Z,2025-12-12 16:21:35
Betr DFS,player_points_assists,Andrew Nembhard,Under,23.5,-137,2025-12-13,2025-12-13T00:21:02Z,2025-12-12 16:21:35
Betr DFS,player_points_assists,Quentin Grimes,Over,20.5,-137,2025-12-13,2025-12-13T00:21:02Z,2025-12-12 16:21:35
Betr DFS,player_points_assists,Quentin Grimes,Under,20.5,-137,2025-12-13,2025-12-13T00:21:02Z,2025-12-12 16:21:35
Betr DFS,player_points_assists,Joel Embiid,Over,23.5,-137,2025-12-13,2025-12-13T00:21:02Z,2025-12-12 16:21:35
Betr DFS,player_points_assists,Joel Embiid,Under,23.5,-137,2025-12-13,2025-12-13T00:21:02Z,2025-12-12 16:21:35
Betr DFS,player_points_assists,Jared McCain,Over,15.5,-137,2025-12-13,2025-12-13T00:21:02Z,2025-12-12 16:21:35
Betr DFS,player_points_assists,Jared McCain,Under,15.5,-137,2025-12-13,2025-12-13T00:21:02Z,2025-12-12 16:21:35
Betr DFS,player_points_assists,VJ Edgecombe,Over,24.5,-137,2025-12-13,2025-12-13T00:21:02Z,2025-12-12 16:21:35
Betr DFS,player_points_assists,VJ Edgecombe,Under,24.5,-137,2025-12-13,2025-12-13T00:21:02Z,2025-12-12 16:21:35
Betr DFS,player_points_assists,Lauri Markkanen,Over,27.5,-137,2025-12-13,2025-12-13T00:21:11Z,2025-12-12 16:21:35
Betr DFS,player_points_assists,Lauri Markkanen,Under,27.5,-137,2025-12-13,2025-12-13T00:21:11Z,2025-12-12 16:21:35
Betr DFS,player_points_assists,Jusuf Nurkic,Over,13.5,-137,2025-12-13,2025-12-13T00:21:11Z,2025-12-12 16:21:35
Betr DFS,player_points_assists,Jusuf Nurkic,Under,13.5,-137,2025-12-13,2025-12-13T00:21:11Z,2025-12-12 16:21:35
Betr DFS,player_points_assists,Keyonte George,Over,27.5,-137,2025-12-13,2025-12-13T00:21:11Z,2025-12-12 16:21:35
Betr DFS,player_points_assists,Keyonte George,Under,27.5,-137,2025-12-13,2025-12-13T00:21:11Z,2025-12-12 16:21:35
Betr DFS,player_points_assists,Kyle Filipowski,Over,13.5,-137,2025-12-13,2025-12-13T00:21:11Z,2025-12-12 16:21:35
Betr DFS,player_points_assists,Kyle Filipowski,Under,13.5,-137,2025-12-13,2025-12-13T00:21:11Z,2025-12-12 16:21:35
Betr DFS,player_points_assists,Ace Bailey,Over,14.5,-137,2025-12-13,2025-12-13T00:21:11Z,2025-12-12 16:21:35
Betr DFS,player_points_assists,Ace Bailey,Under,14.5,-137,2025-12-13,2025-12-13T00:21:11Z,2025-12-12 16:21:35
Betr DFS,player_points_assists,Walter Clayton Jr.,Over,11.5,-137,2025-12-13,2025-12-13T00:21:11Z,2025-12-12 16:21:35
Betr DFS,player_points_assists,Walter Clayton Jr.,Under,11.5,-137,2025-12-13,2025-12-13T00:21:11Z,2025-12-12 16:21:35
Betr DFS,player_points_assists,Jaren Jackson Jr,Over,21.5,-137,2025-12-13,2025-12-13T00:21:11Z,2025-12-12 16:21:35
Betr DFS,player_points_assists,Jaren Jackson Jr,Under,21.5,-137,2025-12-13,2025-12-13T00:21:11Z,2025-12-12 16:21:35
Betr DFS,player_points_assists,Ja Morant,Over,26.5,-137,2025-12-13,2025-12-13T00:21:11Z,2025-12-12 16:21:35
Betr DFS,player_points_assists,Ja Morant,Under,26.5,-137,2025-12-13,2025-12-13T00:21:11Z,2025-12-12 16:21:35
Betr DFS,player_points_assists,Santi Aldama,Over,17.5,-137,2025-12-13,2025-12-13T00:21:11Z,2025-12-12 16:21:35
Betr DFS,player_points_assists,Santi Aldama,Under,17.5,-137,2025-12-13,2025-12-13T00:21:11Z,2025-12-12 16:21:35
Betr DFS,player_points_assists,Vincent Williams Jr,Over,10.5,-137,2025-12-13,2025-12-13T00:21:11Z,2025-12-12 16:21:35
Betr DFS,player_points_assists,Vincent Williams Jr,Under,10.5,-137,2025-12-13,2025-12-13T00:21:11Z,2025-12-12 16:21:35
Betr DFS,player_points_assists,Jock Landale,Over,13.5,-137,2025-12-13,2025-12-13T00:21:11Z,2025-12-12 16:21:35
Betr DFS,player_points_assists,Jock Landale,Under,13.5,-137,2025-12-13,2025-12-13T00:21:11Z,2025-12-12 16:21:35
Betr DFS,player_points_assists,Jaylen Wells,Over,13.5,-137,2025-12-13,2025-12-13T00:21:11Z,2025-12-12 16:21:35
Betr DFS,player_points_assists,Jaylen Wells,Under,13.5,-137,2025-12-13,2025-12-13T00:21:11Z,2025-12-12 16:21:35
Betr DFS,player_points_assists,Cam Spencer,Over,14.5,-137,2025-12-13,2025-12-13T00:21:11Z,2025-12-12 16:21:35
Betr DFS,player_points_assists,Cam Spencer,Under,14.5,-137,2025-12-13,2025-12-13T00:21:11Z,2025-12-12 16:21:35
Betr DFS,player_points_assists,Cedric Coward,Over,18.5,-137,2025-12-13,2025-12-13T00:21:11Z,2025-12-12 16:21:35
Betr DFS,player_points_assists,Cedric Coward,Under,18.5,-137,2025-12-13,2025-12-13T00:21:11Z,2025-12-12 16:21:35
Betr DFS,player_points_assists,Nicolas Claxton,Over,17.5,-137,2025-12-13,2025-12-13T00:21:17Z,2025-12-12 16:21:35
Betr DFS,player_points_assists,Nicolas Claxton,Under,17.5,-137,2025-12-13,2025-12-13T00:21:17Z,2025-12-12 16:21:35
Betr DFS,player_points_assists,Michael Porter Jr,Over,27.5,-137,2025-12-13,2025-12-13T00:21:17Z,2025-12-12 16:21:35
Betr DFS,player_points_assists,Michael Porter Jr,Under,27.5,-137,2025-12-13,2025-12-13T00:21:17Z,2025-12-12 16:21:35
Betr DFS,player_points_assists,Terance Mann,Over,10.5,-137,2025-12-13,2025-12-13T00:21:17Z,2025-12-12 16:21:35
Betr DFS,player_points_assists,Terance Mann,Under,10.5,-137,2025-12-13,2025-12-13T00:21:17Z,2025-12-12 16:21:35
Betr DFS,player_points_assists,Egor Demin,Over,13.5,-137,2025-12-13,2025-12-13T00:21:17Z,2025-12-12 16:21:35
Betr DFS,player_points_assists,Egor Demin,Under,13.5,-137,2025-12-13,2025-12-13T00:21:17Z,2025-12-12 16:21:35
Betr DFS,player_points_assists,P.J. Washington,Over,17.5,-137,2025-12-13,2025-12-13T00:21:17Z,2025-12-12 16:21:35
Betr DFS,player_points_assists,P.J. Washington,Under,17.5,-137,2025-12-13,2025-12-13T00:21:17Z,2025-12-12 16:21:35
Betr DFS,player_points_assists,Naji Marshall,Over,13.5,-137,2025-12-13,2025-12-13T00:21:17Z,2025-12-12 16:21:35
Betr DFS,player_points_assists,Naji Marshall,Under,13.5,-137,2025-12-13,2025-12-13T00:21:17Z,2025-12-12 16:21:35
Betr DFS,player_points_assists,Klay Thompson,Under,12.5,-137,2025-12-13,2025-12-13T00:21:17Z,2025-12-12 16:21:35
Betr DFS,player_points_assists,Klay Thompson,Over,12.5,-137,2025-12-13,2025-12-13T00:21:17Z,2025-12-12 16:21:35
Betr DFS,player_points_assists,Anthony Davis,Over,25.5,-137,2025-12-13,2025-12-13T00:21:17Z,2025-12-12 16:21:35
Betr DFS,player_points_assists,Anthony Davis,Under,25.5,-137,2025-12-13,2025-12-13T00:21:17Z,2025-12-12 16:21:35
Betr DFS,player_points_assists,Cooper Flagg,Over,21.5,-137,2025-12-13,2025-12-13T00:21:17Z,2025-12-12 16:21:35
Betr DFS,player_points_assists,Cooper Flagg,Under,21.5,-137,2025-12-13,2025-12-13T00:21:17Z,2025-12-12 16:21:35
Betr DFS,player_points_assists,Julius Randle,Over,29.5,-137,2025-12-13,2025-12-13T00:21:10Z,2025-12-12 16:21:35
Betr DFS,player_points_assists,Julius Randle,Under,29.5,-137,2025-12-13,2025-12-13T00:21:10Z,2025-12-12 16:21:35
Betr DFS,player_points_assists,Rudy Gobert,Over,12.5,-137,2025-12-13,2025-12-13T00:21:10Z,2025-12-12 16:21:35
Betr DFS,player_points_assists,Rudy Gobert,Under,12.5,-137,2025-12-13,2025-12-13T00:21:10Z,2025-12-12 16:21:35
Betr DFS,player_points_assists,Naz Reid,Under,18.5,-137,2025-12-13,2025-12-13T00:21:10Z,2025-12-12 16:21:35
Betr DFS,player_points_assists,Naz Reid,Over,18.5,-137,2025-12-13,2025-12-13T00:21:10Z,2025-12-12 16:21:35
Betr DFS,player_points_assists,Jaden McDaniels,Over,19.5,-137,2025-12-13,2025-12-13T00:21:10Z,2025-12-12 16:21:35
Betr DFS,player_points_assists,Jaden McDaniels,Under,19.5,-137,2025-12-13,2025-12-13T00:21:10Z,2025-12-12 16:21:35
Betr DFS,player_points_assists,Donte DiVincenzo,Over,19.5,-137,2025-12-13,2025-12-13T00:21:10Z,2025-12-12 16:21:35
Betr DFS,player_points_assists,Donte DiVincenzo,Under,19.5,-137,2025-12-13,2025-12-13T00:21:10Z,2025-12-12 16:21:35
Betr DFS,player_points_assists,Jimmy Butler,Over,25.5,-137,2025-12-13,2025-12-13T00:21:10Z,2025-12-12 16:21:35
Betr DFS,player_points_assists,Jimmy Butler,Under,25.5,-137,2025-12-13,2025-12-13T00:21:10Z,2025-12-12 16:21:35
Betr DFS,player_points_assists,De'Anthony Melton,Over,10.5,-137,2025-12-13,2025-12-13T00:21:10Z,2025-12-12 16:21:35
Betr DFS,player_points_assists,De'Anthony Melton,Under,10.5,-137,2025-12-13,2025-12-13T00:21:10Z,2025-12-12 16:21:35
Betr DFS,player_points_assists,Stephen Curry,Over,29.5,-137,2025-12-13,2025-12-13T00:21:10Z,2025-12-12 16:21:35
Betr DFS,player_points_assists,Stephen Curry,Under,29.5,-137,2025-12-13,2025-12-13T00:21:10Z,2025-12-12 16:21:35
Betr DFS,player_points_assists,Moses Moody,Over,10.5,-137,2025-12-13,2025-12-13T00:21:10Z,2025-12-12 16:21:35
Betr DFS,player_points_assists,Moses Moody,Under,10.5,-137,2025-12-13,2025-12-13T00:21:10Z,2025-12-12 16:21:35
Betr DFS,player_points_assists,Brandin Podziemski,Over,11.5,-137,2025-12-13,2025-12-13T00:21:10Z,2025-12-12 16:21:35
Betr DFS,player_points_assists,Brandin Podziemski,Under,11.5,-137,2025-12-13,2025-12-13T00:21:10Z,2025-12-12 16:21:35
Betr DFS,player_points_assists,Quinten Post,Over,12.5,-137,2025-12-13,2025-12-13T00:21:10Z,2025-12-12 16:21:35
Betr DFS,player_points_assists,Quinten Post,Under,12.5,-137,2025-12-13,2025-12-13T00:21:10Z,2025-12-12 16:21:35
Betr DFS,player_points_assists,Josh Hart,Over,18.5,-137,2025-12-13,2025-12-13T00:21:24Z,2025-12-12 16:21:35
Betr DFS,player_points_assists,Josh Hart,Under,18.5,-137,2025-12-13,2025-12-13T00:21:24Z,2025-12-12 16:21:35
Betr DFS,player_points_assists,Jalen Brunson,Over,34.5,-137,2025-12-13,2025-12-13T00:21:24Z,2025-12-12 16:21:35
Betr DFS,player_points_assists,Jalen Brunson,Under,34.5,-137,2025-12-13,2025-12-13T00:21:24Z,2025-12-12 16:21:35
Betr DFS,player_points_assists,Mikal Bridges,Over,18.5,-137,2025-12-13,2025-12-13T00:21:24Z,2025-12-12 16:21:35
Betr DFS,player_points_assists,Mikal Bridges,Under,18.5,-137,2025-12-13,2025-12-13T00:21:24Z,2025-12-12 16:21:35
Betr DFS,player_points_assists,OG Anunoby,Over,16.5,-137,2025-12-13,2025-12-13T00:21:24Z,2025-12-12 16:21:35
Betr DFS,player_points_assists,OG Anunoby,Under,16.5,-137,2025-12-13,2025-12-13T00:21:24Z,2025-12-12 16:21:35
Betr DFS,player_points_assists,Karl-Anthony Towns,Over,24.5,-137,2025-12-13,2025-12-13T00:21:24Z,2025-12-12 16:21:35
Betr DFS,player_points_assists,Karl-Anthony Towns,Under,24.5,-137,2025-12-13,2025-12-13T00:21:24Z,2025-12-12 16:21:35
Betr DFS,player_points_assists,Wendell Carter Jr,Over,12.5,-137,2025-12-13,2025-12-13T00:21:24Z,2025-12-12 16:21:35
Betr DFS,player_points_assists,Jalen Suggs,Over,22.5,-137,2025-12-13,2025-12-13T00:21:24Z,2025-12-12 16:21:35
Betr DFS,player_points_assists,Jalen Suggs,Under,22.5,-137,2025-12-13,2025-12-13T00:21:24Z,2025-12-12 16:21:35
Betr DFS,player_points_assists,Paolo Banchero,Over,25.5,-137,2025-12-13,2025-12-13T00:21:24Z,2025-12-12 16:21:35
Betr DFS,player_points_assists,Paolo Banchero,Under,25.5,-137,2025-12-13,2025-12-13T00:21:24Z,2025-12-12 16:21:35
Betr DFS,player_points_assists,Desmond Bane,Over,25.5,-137,2025-12-13,2025-12-13T00:21:24Z,2025-12-12 16:21:35
Betr DFS,player_points_assists,Desmond Bane,Under,25.5,-137,2025-12-13,2025-12-13T00:21:24Z,2025-12-12 16:21:35
Betr DFS,player_points_assists,Anthony Black,Over,19.5,-137,2025-12-13,2025-12-13T00:21:24Z,2025-12-12 16:21:35
Betr DFS,player_points_assists,Anthony Black,Under,19.5,-137,2025-12-13,2025-12-13T00:21:24Z,2025-12-12 16:21:35
Betr DFS,player_points_assists,Tristan da Silva,Over,10.5,-137,2025-12-13,2025-12-13T00:21:24Z,2025-12-12 16:21:35
Betr DFS,player_points_assists,Tristan da Silva,Under,10.5,-137,2025-12-13,2025-12-13T00:21:24Z,2025-12-12 16:21:35
Betr DFS,player_points_assists,Devin Vassell,Over,13.5,-137,2025-12-14,2025-12-13T00:21:24Z,2025-12-12 16:21:35
Betr DFS,player_points_assists,Devin Vassell,Under,13.5,-137,2025-12-14,2025-12-13T00:21:24Z,2025-12-12 16:21:35
Betr DFS,player_points_assists,Harrison Barnes,Over,11.5,-137,2025-12-14,2025-12-13T00:21:24Z,2025-12-12 16:21:35
Betr DFS,player_points_assists,Harrison Barnes,Under,11.5,-137,2025-12-14,2025-12-13T00:21:24Z,2025-12-12 16:21:35
Betr DFS,player_points_assists,De'Aaron Fox,Over,25.5,-137,2025-12-14,2025-12-13T00:21:24Z,2025-12-12 16:21:35
Betr DFS,player_points_assists,De'Aaron Fox,Under,25.5,-137,2025-12-14,2025-12-13T00:21:24Z,2025-12-12 16:21:35
Betr DFS,player_points_assists,Victor Wembanyama,Over,20.5,-137,2025-12-14,2025-12-13T00:21:24Z,2025-12-12 16:21:35
Betr DFS,player_points_assists,Victor Wembanyama,Under,20.5,-137,2025-12-14,2025-12-13T00:21:24Z,2025-12-12 16:21:35
Betr DFS,player_points_assists,Stephon Castle,Over,20.5,-137,2025-12-14,2025-12-13T00:21:24Z,2025-12-12 16:21:35
Betr DFS,player_points_assists,Stephon Castle,Under,20.5,-137,2025-12-14,2025-12-13T00:21:24Z,2025-12-12 16:21:35
Betr DFS,player_points_assists,Dylan Harper,Over,13.5,-137,2025-12-14,2025-12-13T00:21:24Z,2025-12-12 16:21:35
Betr DFS,player_points_assists,Dylan Harper,Under,13.5,-137,2025-12-14,2025-12-13T00:21:24Z,2025-12-12 16:21:35
Betr DFS,player_points_assists,Shai Gilgeous-Alexander,Over,37.5,-137,2025-12-14,2025-12-13T00:21:24Z,2025-12-12 16:21:35
Betr DFS,player_points_assists,Shai Gilgeous-Alexander,Under,37.5,-137,2025-12-14,2025-12-13T00:21:24Z,2025-12-12 16:21:35
Betr DFS,player_points_assists,Chet Holmgren,Over,18.5,-137,2025-12-14,2025-12-13T00:21:24Z,2025-12-12 16:21:35
Betr DFS,player_points_assists,Chet Holmgren,Under,18.5,-137,2025-12-14,2025-12-13T00:21:24Z,2025-12-12 16:21:35
Betr DFS,player_points_assists,Jalen Williams,Over,25.5,-137,2025-12-14,2025-12-13T00:21:24Z,2025-12-12 16:21:35
Betr DFS,player_points_assists,Jalen Williams,Under,25.5,-137,2025-12-14,2025-12-13T00:21:24Z,2025-12-12 16:21:35
Betr DFS,player_points_assists,Ajay Mitchell,Over,12.5,-137,2025-12-14,2025-12-13T00:21:24Z,2025-12-12 16:21:35
Betr DFS,player_points_assists,Ajay Mitchell,Under,12.5,-137,2025-12-14,2025-12-13T00:21:24Z,2025-12-12 16:21:35
DraftKings Pick6,player_points_assists,Cade Cunningham,Over,37.5,-137,2025-12-13,2025-12-13T00:19:03Z,2025-12-12 16:21:35
DraftKings Pick6,player_points_assists,Cade Cunningham,Under,37.5,-137,2025-12-13,2025-12-13T00:19:03Z,2025-12-12 16:21:35
DraftKings Pick6,player_points_assists,Jalen Johnson,Over,31.5,-137,2025-12-13,2025-12-13T00:19:03Z,2025-12-12 16:21:35
DraftKings Pick6,player_points_assists,Jalen Johnson,Under,31.5,-137,2025-12-13,2025-12-13T00:19:03Z,2025-12-12 16:21:35
DraftKings Pick6,player_points_assists,Nickeil Alexander-Walker,Over,25.5,-137,2025-12-13,2025-12-13T00:19:03Z,2025-12-12 16:21:35
DraftKings Pick6,player_points_assists,Nickeil Alexander-Walker,Under,25.5,-137,2025-12-13,2025-12-13T00:19:03Z,2025-12-12 16:21:35
DraftKings Pick6,player_points_assists,Onyeka Okongwu,Over,19.5,-137,2025-12-13,2025-12-13T00:19:03Z,2025-12-12 16:21:35
DraftKings Pick6,player_points_assists,Onyeka Okongwu,Under,19.5,-137,2025-12-13,2025-12-13T00:19:03Z,2025-12-12 16:21:35
DraftKings Pick6,player_points_assists,Dyson Daniels,Over,18.5,-137,2025-12-13,2025-12-13T00:19:03Z,2025-12-12 16:21:35
DraftKings Pick6,player_points_assists,Dyson Daniels,Under,18.5,-137,2025-12-13,2025-12-13T00:19:03Z,2025-12-12 16:21:35
DraftKings Pick6,player_points_assists,Jalen Duren,Over,18.5,-137,2025-12-13,2025-12-13T00:19:03Z,2025-12-12 16:21:35
DraftKings Pick6,player_points_assists,Jalen Duren,Under,18.5,-137,2025-12-13,2025-12-13T00:19:03Z,2025-12-12 16:21:35
DraftKings Pick6,player_points_assists,Tobias Harris,Over,17.5,-137,2025-12-13,2025-12-13T00:19:03Z,2025-12-12 16:21:35
DraftKings Pick6,player_points_assists,Tobias Harris,Under,17.5,-137,2025-12-13,2025-12-13T00:19:03Z,2025-12-12 16:21:35
DraftKings Pick6,player_points_assists,Ausar Thompson,Over,13.5,-137,2025-12-13,2025-12-13T00:19:03Z,2025-12-12 16:21:35
DraftKings Pick6,player_points_assists,Ausar Thompson,Under,13.5,-137,2025-12-13,2025-12-13T00:19:03Z,2025-12-12 16:21:35
DraftKings Pick6,player_points_assists,Duncan Robinson,Over,12.5,-137,2025-12-13,2025-12-13T00:19:03Z,2025-12-12 16:21:35
DraftKings Pick6,player_points_assists,Duncan Robinson,Under,12.5,-137,2025-12-13,2025-12-13T00:19:03Z,2025-12-12 16:21:35
DraftKings Pick6,player_points_assists,C.J. McCollum,Over,26.5,-137,2025-12-13,2025-12-13T00:18:43Z,2025-12-12 16:21:35
DraftKings Pick6,player_points_assists,C.J. McCollum,Under,26.5,-137,2025-12-13,2025-12-13T00:18:43Z,2025-12-12 16:21:35
DraftKings Pick6,player_points_assists,Kyshawn George,Over,21.5,-137,2025-12-13,2025-12-13T00:18:43Z,2025-12-12 16:21:35
DraftKings Pick6,player_points_assists,Kyshawn George,Under,21.5,-137,2025-12-13,2025-12-13T00:18:43Z,2025-12-12 16:21:35
DraftKings Pick6,player_points_assists,Carlton Carrington,Over,19.5,-137,2025-12-13,2025-12-13T00:18:43Z,2025-12-12 16:21:35
DraftKings Pick6,player_points_assists,Carlton Carrington,Under,19.5,-137,2025-12-13,2025-12-13T00:18:43Z,2025-12-12 16:21:35
DraftKings Pick6,player_points_assists,Tre Johnson,Over,11.5,-137,2025-12-13,2025-12-13T00:18:43Z,2025-12-12 16:21:35
DraftKings Pick6,player_points_assists,Tre Johnson,Under,11.5,-137,2025-12-13,2025-12-13T00:18:43Z,2025-12-12 16:21:35
DraftKings Pick6,player_points_assists,Lonzo Ball,Over,10.5,-137,2025-12-13,2025-12-13T00:18:43Z,2025-12-12 16:21:35
DraftKings Pick6,player_points_assists,Lonzo Ball,Under,10.5,-137,2025-12-13,2025-12-13T00:18:43Z,2025-12-12 16:21:35
DraftKings Pick6,player_points_assists,Darius Garland,Over,23.5,-137,2025-12-13,2025-12-13T00:18:43Z,2025-12-12 16:21:35
DraftKings Pick6,player_points_assists,Darius Garland,Under,23.5,-137,2025-12-13,2025-12-13T00:18:43Z,2025-12-12 16:21:35
DraftKings Pick6,player_points_assists,De'Andre Hunter,Over,20.5,-137,2025-12-13,2025-12-13T00:18:43Z,2025-12-12 16:21:35
DraftKings Pick6,player_points_assists,De'Andre Hunter,Under,20.5,-137,2025-12-13,2025-12-13T00:18:43Z,2025-12-12 16:21:35
DraftKings Pick6,player_points_assists,Donovan Mitchell,Over,35.5,-137,2025-12-13,2025-12-13T00:18:43Z,2025-12-12 16:21:35
DraftKings Pick6,player_points_assists,Donovan Mitchell,Under,35.5,-137,2025-12-13,2025-12-13T00:18:43Z,2025-12-12 16:21:35
DraftKings Pick6,player_points_assists,Evan Mobley,Over,29.5,-137,2025-12-13,2025-12-13T00:18:43Z,2025-12-12 16:21:35
DraftKings Pick6,player_points_assists,Evan Mobley,Under,29.5,-137,2025-12-13,2025-12-13T00:18:43Z,2025-12-12 16:21:35
DraftKings Pick6,player_points_assists,Nae'Qwan Tomlin,Over,7.5,-137,2025-12-13,2025-12-13T00:18:43Z,2025-12-12 16:21:35
DraftKings Pick6,player_points_assists,Nae'Qwan Tomlin,Under,7.5,-137,2025-12-13,2025-12-13T00:18:43Z,2025-12-12 16:21:35
DraftKings Pick6,player_points_assists,Joel Embiid,Over,24.5,-137,2025-12-13,2025-12-13T00:18:53Z,2025-12-12 16:21:35
DraftKings Pick6,player_points_assists,Joel Embiid,Under,24.5,-137,2025-12-13,2025-12-13T00:18:53Z,2025-12-12 16:21:35
DraftKings Pick6,player_points_assists,Paul George,Over,23.5,-137,2025-12-13,2025-12-13T00:18:53Z,2025-12-12 16:21:35
DraftKings Pick6,player_points_assists,Paul George,Under,23.5,-137,2025-12-13,2025-12-13T00:18:53Z,2025-12-12 16:21:35
DraftKings Pick6,player_points_assists,Pascal Siakam,Over,23.5,-137,2025-12-13,2025-12-13T00:18:53Z,2025-12-12 16:21:35
DraftKings Pick6,player_points_assists,Pascal Siakam,Under,23.5,-137,2025-12-13,2025-12-13T00:18:53Z,2025-12-12 16:21:35
DraftKings Pick6,player_points_assists,Bennedict Mathurin,Over,22.5,-137,2025-12-13,2025-12-13T00:18:53Z,2025-12-12 16:21:35
DraftKings Pick6,player_points_assists,Bennedict Mathurin,Under,22.5,-137,2025-12-13,2025-12-13T00:18:53Z,2025-12-12 16:21:35
DraftKings Pick6,player_points_assists,Quentin Grimes,Over,21.5,-137,2025-12-13,2025-12-13T00:18:53Z,2025-12-12 16:21:35
DraftKings Pick6,player_points_assists,Quentin Grimes,Under,21.5,-137,2025-12-13,2025-12-13T00:18:53Z,2025-12-12 16:21:35
DraftKings Pick6,player_points_assists,Andrew Nembhard,Over,21.5,-137,2025-12-13,2025-12-13T00:18:53Z,2025-12-12 16:21:35
DraftKings Pick6,player_points_assists,Andrew Nembhard,Under,21.5,-137,2025-12-13,2025-12-13T00:18:53Z,2025-12-12 16:21:35
DraftKings Pick6,player_points_assists,T.J. McConnell,Over,12.5,-137,2025-12-13,2025-12-13T00:18:53Z,2025-12-12 16:21:35
DraftKings Pick6,player_points_assists,T.J. McConnell,Under,12.5,-137,2025-12-13,2025-12-13T00:18:53Z,2025-12-12 16:21:35
DraftKings Pick6,player_points_assists,Lauri Markkanen,Over,27.5,-137,2025-12-13,2025-12-13T00:19:11Z,2025-12-12 16:21:35
DraftKings Pick6,player_points_assists,Lauri Markkanen,Under,27.5,-137,2025-12-13,2025-12-13T00:19:11Z,2025-12-12 16:21:35
DraftKings Pick6,player_points_assists,Ja Morant,Over,26.5,-137,2025-12-13,2025-12-13T00:19:11Z,2025-12-12 16:21:35
DraftKings Pick6,player_points_assists,Ja Morant,Under,26.5,-137,2025-12-13,2025-12-13T00:19:11Z,2025-12-12 16:21:35
DraftKings Pick6,player_points_assists,Jaren Jackson Jr,Over,21.5,-137,2025-12-13,2025-12-13T00:19:11Z,2025-12-12 16:21:35
DraftKings Pick6,player_points_assists,Jaren Jackson Jr,Under,21.5,-137,2025-12-13,2025-12-13T00:19:11Z,2025-12-12 16:21:35
DraftKings Pick6,player_points_assists,Cedric Coward,Over,17.5,-137,2025-12-13,2025-12-13T00:19:11Z,2025-12-12 16:21:35
DraftKings Pick6,player_points_assists,Cedric Coward,Under,17.5,-137,2025-12-13,2025-12-13T00:19:11Z,2025-12-12 16:21:35
DraftKings Pick6,player_points_assists,Ace Bailey,Over,14.5,-137,2025-12-13,2025-12-13T00:19:11Z,2025-12-12 16:21:35
DraftKings Pick6,player_points_assists,Ace Bailey,Under,14.5,-137,2025-12-13,2025-12-13T00:19:11Z,2025-12-12 16:21:35
DraftKings Pick6,player_points_assists,Kyle Filipowski,Over,13.5,-137,2025-12-13,2025-12-13T00:19:11Z,2025-12-12 16:21:35
DraftKings Pick6,player_points_assists,Kyle Filipowski,Under,13.5,-137,2025-12-13,2025-12-13T00:19:11Z,2025-12-12 16:21:35
DraftKings Pick6,player_points_assists,Jock Landale,Over,13.5,-137,2025-12-13,2025-12-13T00:19:11Z,2025-12-12 16:21:35
DraftKings Pick6,player_points_assists,Jock Landale,Under,13.5,-137,2025-12-13,2025-12-13T00:19:11Z,2025-12-12 16:21:35
DraftKings Pick6,player_points_assists,Jusuf Nurkic,Over,13.5,-137,2025-12-13,2025-12-13T00:19:11Z,2025-12-12 16:21:35
DraftKings Pick6,player_points_assists,Jusuf Nurkic,Under,13.5,-137,2025-12-13,2025-12-13T00:19:11Z,2025-12-12 16:21:35
DraftKings Pick6,player_points_assists,Walter Clayton Jr.,Over,11.5,-137,2025-12-13,2025-12-13T00:19:11Z,2025-12-12 16:21:35
DraftKings Pick6,player_points_assists,Walter Clayton Jr.,Under,11.5,-137,2025-12-13,2025-12-13T00:19:11Z,2025-12-12 16:21:35
DraftKings Pick6,player_points_assists,Svi Mykhailiuk,Over,9.5,-137,2025-12-13,2025-12-13T00:19:11Z,2025-12-12 16:21:35
DraftKings Pick6,player_points_assists,Svi Mykhailiuk,Under,9.5,-137,2025-12-13,2025-12-13T00:19:11Z,2025-12-12 16:21:35
PrizePicks,player_rebounds_assists,Jalen Johnson,Over,18.5,-137,2025-12-13,2025-12-13T00:11:42Z,2025-12-12 16:21:35
PrizePicks,player_rebounds_assists,Jalen Johnson,Under,18.5,-137,2025-12-13,2025-12-13T00:11:42Z,2025-12-12 16:21:35
PrizePicks,player_rebounds_assists,Cade Cunningham,Over,15.5,-137,2025-12-13,2025-12-13T00:11:42Z,2025-12-12 16:21:35
PrizePicks,player_rebounds_assists,Cade Cunningham,Under,15.5,-137,2025-12-13,2025-12-13T00:11:42Z,2025-12-12 16:21:35
PrizePicks,player_rebounds_assists,Onyeka Okongwu,Over,11.0,-137,2025-12-13,2025-12-13T00:11:42Z,2025-12-12 16:21:35
PrizePicks,player_rebounds_assists,Onyeka Okongwu,Under,11.0,-137,2025-12-13,2025-12-13T00:11:42Z,2025-12-12 16:21:35
PrizePicks,player_rebounds_assists,Dyson Daniels,Over,10.5,-137,2025-12-13,2025-12-13T00:11:42Z,2025-12-12 16:21:35
PrizePicks,player_rebounds_assists,Dyson Daniels,Under,10.5,-137,2025-12-13,2025-12-13T00:11:42Z,2025-12-12 16:21:35
PrizePicks,player_rebounds_assists,Ausar Thompson,Over,8.5,-137,2025-12-13,2025-12-13T00:11:42Z,2025-12-12 16:21:35
PrizePicks,player_rebounds_assists,Ausar Thompson,Under,8.5,-137,2025-12-13,2025-12-13T00:11:42Z,2025-12-12 16:21:35
PrizePicks,player_rebounds_assists,Tobias Harris,Over,7.0,-137,2025-12-13,2025-12-13T00:11:42Z,2025-12-12 16:21:35
PrizePicks,player_rebounds_assists,Tobias Harris,Under,7.0,-137,2025-12-13,2025-12-13T00:11:42Z,2025-12-12 16:21:35
PrizePicks,player_rebounds_assists,Nickeil Alexander-Walker,Over,6.5,-137,2025-12-13,2025-12-13T00:11:42Z,2025-12-12 16:21:35
PrizePicks,player_rebounds_assists,Nickeil Alexander-Walker,Under,6.5,-137,2025-12-13,2025-12-13T00:11:42Z,2025-12-12 16:21:35
PrizePicks,player_rebounds_assists,Duncan Robinson,Over,4.5,-137,2025-12-13,2025-12-13T00:11:42Z,2025-12-12 16:21:35
PrizePicks,player_rebounds_assists,Duncan Robinson,Under,4.5,-137,2025-12-13,2025-12-13T00:11:42Z,2025-12-12 16:21:35
PrizePicks,player_rebounds_assists,Josh Giddey,Over,17.0,-137,2025-12-13,2025-12-13T00:12:03Z,2025-12-12 16:21:35
PrizePicks,player_rebounds_assists,Josh Giddey,Under,17.0,-137,2025-12-13,2025-12-13T00:12:03Z,2025-12-12 16:21:35
PrizePicks,player_rebounds_assists,Nikola Vucevic,Over,11.5,-137,2025-12-13,2025-12-13T00:12:03Z,2025-12-12 16:21:35
PrizePicks,player_rebounds_assists,Nikola Vucevic,Under,11.5,-137,2025-12-13,2025-12-13T00:12:03Z,2025-12-12 16:21:35
PrizePicks,player_rebounds_assists,Kon Knueppel,Over,9.5,-137,2025-12-13,2025-12-13T00:12:03Z,2025-12-12 16:21:35
PrizePicks,player_rebounds_assists,Kon Knueppel,Under,9.5,-137,2025-12-13,2025-12-13T00:12:03Z,2025-12-12 16:21:35
PrizePicks,player_rebounds_assists,KJ Simpson,Over,8.5,-137,2025-12-13,2025-12-13T00:12:03Z,2025-12-12 16:21:35
PrizePicks,player_rebounds_assists,KJ Simpson,Under,8.5,-137,2025-12-13,2025-12-13T00:12:03Z,2025-12-12 16:21:35
PrizePicks,player_rebounds_assists,Brandon Miller,Over,8.0,-137,2025-12-13,2025-12-13T00:12:03Z,2025-12-12 16:21:35
PrizePicks,player_rebounds_assists,Brandon Miller,Under,8.0,-137,2025-12-13,2025-12-13T00:12:03Z,2025-12-12 16:21:35
PrizePicks,player_rebounds_assists,Coby White,Over,7.5,-137,2025-12-13,2025-12-13T00:12:03Z,2025-12-12 16:21:35
PrizePicks,player_rebounds_assists,Coby White,Under,7.5,-137,2025-12-13,2025-12-13T00:12:03Z,2025-12-12 16:21:35
PrizePicks,player_rebounds_assists,Ryan Kalkbrenner,Over,7.5,-137,2025-12-13,2025-12-13T00:12:03Z,2025-12-12 16:21:35
PrizePicks,player_rebounds_assists,Ryan Kalkbrenner,Under,7.5,-137,2025-12-13,2025-12-13T00:12:03Z,2025-12-12 16:21:35
PrizePicks,player_rebounds_assists,Tre Jones,Over,6.5,-137,2025-12-13,2025-12-13T00:12:03Z,2025-12-12 16:21:35
PrizePicks,player_rebounds_assists,Tre Jones,Under,6.5,-137,2025-12-13,2025-12-13T00:12:03Z,2025-12-12 16:21:35
PrizePicks,player_rebounds_assists,Sion James,Over,4.5,-137,2025-12-13,2025-12-13T00:12:03Z,2025-12-12 16:21:35
PrizePicks,player_rebounds_assists,Sion James,Under,4.5,-137,2025-12-13,2025-12-13T00:12:03Z,2025-12-12 16:21:35
PrizePicks,player_rebounds_assists,Evan Mobley,Over,14.5,-137,2025-12-13,2025-12-13T00:11:42Z,2025-12-12 16:21:35
PrizePicks,player_rebounds_assists,Evan Mobley,Under,14.5,-137,2025-12-13,2025-12-13T00:11:42Z,2025-12-12 16:21:35
PrizePicks,player_rebounds_assists,Kyshawn George,Over,10.5,-137,2025-12-13,2025-12-13T00:11:42Z,2025-12-12 16:21:35
PrizePicks,player_rebounds_assists,Kyshawn George,Under,10.5,-137,2025-12-13,2025-12-13T00:11:42Z,2025-12-12 16:21:35
PrizePicks,player_rebounds_assists,Donovan Mitchell,Over,10.0,-137,2025-12-13,2025-12-13T00:11:42Z,2025-12-12 16:21:35
PrizePicks,player_rebounds_assists,Donovan Mitchell,Under,10.0,-137,2025-12-13,2025-12-13T00:11:42Z,2025-12-12 16:21:35
PrizePicks,player_rebounds_assists,Darius Garland,Over,9.5,-137,2025-12-13,2025-12-13T00:11:42Z,2025-12-12 16:21:35
PrizePicks,player_rebounds_assists,Darius Garland,Under,9.5,-137,2025-12-13,2025-12-13T00:11:42Z,2025-12-12 16:21:35
PrizePicks,player_rebounds_assists,Lonzo Ball,Over,8.5,-137,2025-12-13,2025-12-13T00:11:42Z,2025-12-12 16:21:35
PrizePicks,player_rebounds_assists,Lonzo Ball,Under,8.5,-137,2025-12-13,2025-12-13T00:11:42Z,2025-12-12 16:21:35
PrizePicks,player_rebounds_assists,Justin Champagnie,Over,8.5,-137,2025-12-13,2025-12-13T00:11:42Z,2025-12-12 16:21:35
PrizePicks,player_rebounds_assists,Justin Champagnie,Under,8.5,-137,2025-12-13,2025-12-13T00:11:42Z,2025-12-12 16:21:35
PrizePicks,player_rebounds_assists,Jaylon Tyson,Over,8.5,-137,2025-12-13,2025-12-13T00:11:42Z,2025-12-12 16:21:35
PrizePicks,player_rebounds_assists,Jaylon Tyson,Under,8.5,-137,2025-12-13,2025-12-13T00:11:42Z,2025-12-12 16:21:35
PrizePicks,player_rebounds_assists,Marvin Bagley III,Over,8.0,-137,2025-12-13,2025-12-13T00:11:42Z,2025-12-12 16:21:35
PrizePicks,player_rebounds_assists,Marvin Bagley III,Under,8.0,-137,2025-12-13,2025-12-13T00:11:42Z,2025-12-12 16:21:35
PrizePicks,player_rebounds_assists,C.J. McCollum,Over,7.0,-137,2025-12-13,2025-12-13T00:11:42Z,2025-12-12 16:21:35
PrizePicks,player_rebounds_assists,C.J. McCollum,Under,7.0,-137,2025-12-13,2025-12-13T00:11:42Z,2025-12-12 16:21:35
PrizePicks,player_rebounds_assists,De'Andre Hunter,Over,6.0,-137,2025-12-13,2025-12-13T00:11:42Z,2025-12-12 16:21:35
PrizePicks,player_rebounds_assists,De'Andre Hunter,Under,6.0,-137,2025-12-13,2025-12-13T00:11:42Z,2025-12-12 16:21:35
PrizePicks,player_rebounds_assists,Pascal Siakam,Over,11.5,-137,2025-12-13,2025-12-13T00:10:07Z,2025-12-12 16:21:35
PrizePicks,player_rebounds_assists,Pascal Siakam,Under,11.5,-137,2025-12-13,2025-12-13T00:10:07Z,2025-12-12 16:21:35
PrizePicks,player_rebounds_assists,Joel Embiid,Over,11.5,-137,2025-12-13,2025-12-13T00:10:07Z,2025-12-12 16:21:35
PrizePicks,player_rebounds_assists,Joel Embiid,Under,11.5,-137,2025-12-13,2025-12-13T00:10:07Z,2025-12-12 16:21:35
PrizePicks,player_rebounds_assists,Paul George,Over,9.5,-137,2025-12-13,2025-12-13T00:10:07Z,2025-12-12 16:21:35
PrizePicks,player_rebounds_assists,Paul George,Under,9.5,-137,2025-12-13,2025-12-13T00:10:07Z,2025-12-12 16:21:35
PrizePicks,player_rebounds_assists,Quentin Grimes,Over,9.5,-137,2025-12-13,2025-12-13T00:10:07Z,2025-12-12 16:21:35
PrizePicks,player_rebounds_assists,Quentin Grimes,Under,9.5,-137,2025-12-13,2025-12-13T00:10:07Z,2025-12-12 16:21:35
PrizePicks,player_rebounds_assists,Andrew Nembhard,Over,9.5,-137,2025-12-13,2025-12-13T00:10:07Z,2025-12-12 16:21:35
PrizePicks,player_rebounds_assists,Andrew Nembhard,Under,9.5,-137,2025-12-13,2025-12-13T00:10:07Z,2025-12-12 16:21:35
PrizePicks,player_rebounds_assists,VJ Edgecombe,Over,9.5,-137,2025-12-13,2025-12-13T00:10:07Z,2025-12-12 16:21:35
PrizePicks,player_rebounds_assists,VJ Edgecombe,Under,9.5,-137,2025-12-13,2025-12-13T00:10:07Z,2025-12-12 16:21:35
PrizePicks,player_rebounds_assists,Bennedict Mathurin,Over,8.0,-137,2025-12-13,2025-12-13T00:10:07Z,2025-12-12 16:21:35
PrizePicks,player_rebounds_assists,Bennedict Mathurin,Under,8.0,-137,2025-12-13,2025-12-13T00:10:07Z,2025-12-12 16:21:35
PrizePicks,player_rebounds_assists,Jay Huff,Over,6.5,-137,2025-12-13,2025-12-13T00:10:07Z,2025-12-12 16:21:35
PrizePicks,player_rebounds_assists,Jay Huff,Under,6.5,-137,2025-12-13,2025-12-13T00:10:07Z,2025-12-12 16:21:35
PrizePicks,player_rebounds_assists,T.J. McConnell,Over,6.5,-137,2025-12-13,2025-12-13T00:10:07Z,2025-12-12 16:21:35
PrizePicks,player_rebounds_assists,T.J. McConnell,Under,6.5,-137,2025-12-13,2025-12-13T00:10:07Z,2025-12-12 16:21:35
PrizePicks,player_rebounds_assists,Jabari Walker,Over,5.5,-137,2025-12-13,2025-12-13T00:10:07Z,2025-12-12 16:21:35
PrizePicks,player_rebounds_assists,Jabari Walker,Under,5.5,-137,2025-12-13,2025-12-13T00:10:07Z,2025-12-12 16:21:35
PrizePicks,player_rebounds_assists,Jarace Walker,Over,4.5,-137,2025-12-13,2025-12-13T00:10:07Z,2025-12-12 16:21:35
PrizePicks,player_rebounds_assists,Jarace Walker,Under,4.5,-137,2025-12-13,2025-12-13T00:10:07Z,2025-12-12 16:21:35
PrizePicks,player_rebounds_assists,Jusuf Nurkic,Over,13.5,-137,2025-12-13,2025-12-13T00:17:49Z,2025-12-12 16:21:35
PrizePicks,player_rebounds_assists,Jusuf Nurkic,Under,13.5,-137,2025-12-13,2025-12-13T00:17:49Z,2025-12-12 16:21:35
PrizePicks,player_rebounds_assists,Ja Morant,Over,10.5,-137,2025-12-13,2025-12-13T00:17:49Z,2025-12-12 16:21:35
PrizePicks,player_rebounds_assists,Ja Morant,Under,10.5,-137,2025-12-13,2025-12-13T00:17:49Z,2025-12-12 16:21:35
PrizePicks,player_rebounds_assists,Kyle Filipowski,Over,10.0,-137,2025-12-13,2025-12-13T00:17:49Z,2025-12-12 16:21:35
PrizePicks,player_rebounds_assists,Kyle Filipowski,Under,10.0,-137,2025-12-13,2025-12-13T00:17:49Z,2025-12-12 16:21:35
PrizePicks,player_rebounds_assists,Santi Aldama,Over,10.0,-137,2025-12-13,2025-12-13T00:17:49Z,2025-12-12 16:21:35
PrizePicks,player_rebounds_assists,Santi Aldama,Under,10.0,-137,2025-12-13,2025-12-13T00:17:49Z,2025-12-12 16:21:35
PrizePicks,player_rebounds_assists,Cedric Coward,Over,10.0,-137,2025-12-13,2025-12-13T00:17:49Z,2025-12-12 16:21:35
PrizePicks,player_rebounds_assists,Cedric Coward,Under,10.0,-137,2025-12-13,2025-12-13T00:17:49Z,2025-12-12 16:21:35
PrizePicks,player_rebounds_assists,Keyonte George,Over,10.0,-137,2025-12-13,2025-12-13T00:17:49Z,2025-12-12 16:21:35
PrizePicks,player_rebounds_assists,Keyonte George,Under,10.0,-137,2025-12-13,2025-12-13T00:17:49Z,2025-12-12 16:21:35
PrizePicks,player_rebounds_assists,Jock Landale,Over,8.5,-137,2025-12-13,2025-12-13T00:17:49Z,2025-12-12 16:21:35
PrizePicks,player_rebounds_assists,Jock Landale,Under,8.5,-137,2025-12-13,2025-12-13T00:17:49Z,2025-12-12 16:21:35
PrizePicks,player_rebounds_assists,Lauri Markkanen,Over,8.5,-137,2025-12-13,2025-12-13T00:17:49Z,2025-12-12 16:21:35
PrizePicks,player_rebounds_assists,Lauri Markkanen,Under,8.5,-137,2025-12-13,2025-12-13T00:17:49Z,2025-12-12 16:21:35
PrizePicks,player_rebounds_assists,Jaren Jackson Jr,Over,7.5,-137,2025-12-13,2025-12-13T00:17:49Z,2025-12-12 16:21:35
PrizePicks,player_rebounds_assists,Jaren Jackson Jr,Under,7.5,-137,2025-12-13,2025-12-13T00:17:49Z,2025-12-12 16:21:35
PrizePicks,player_rebounds_assists,Vincent Williams Jr,Over,7.0,-137,2025-12-13,2025-12-13T00:17:49Z,2025-12-12 16:21:35
PrizePicks,player_rebounds_assists,Vincent Williams Jr,Under,7.0,-137,2025-12-13,2025-12-13T00:17:49Z,2025-12-12 16:21:35
PrizePicks,player_rebounds_assists,Ace Bailey,Over,6.0,-137,2025-12-13,2025-12-13T00:17:49Z,2025-12-12 16:21:35
PrizePicks,player_rebounds_assists,Ace Bailey,Under,6.0,-137,2025-12-13,2025-12-13T00:17:49Z,2025-12-12 16:21:35
PrizePicks,player_rebounds_assists,Walter Clayton Jr.,Over,6.0,-137,2025-12-13,2025-12-13T00:17:49Z,2025-12-12 16:21:35
PrizePicks,player_rebounds_assists,Walter Clayton Jr.,Under,6.0,-137,2025-12-13,2025-12-13T00:17:49Z,2025-12-12 16:21:35
PrizePicks,player_rebounds_assists,Kentavious Caldwell-Pope,Over,5.5,-137,2025-12-13,2025-12-13T00:17:49Z,2025-12-12 16:21:35
PrizePicks,player_rebounds_assists,Kentavious Caldwell-Pope,Under,5.5,-137,2025-12-13,2025-12-13T00:17:49Z,2025-12-12 16:21:35
PrizePicks,player_rebounds_assists,Svi Mykhailiuk,Over,4.5,-137,2025-12-13,2025-12-13T00:17:49Z,2025-12-12 16:21:35
PrizePicks,player_rebounds_assists,Svi Mykhailiuk,Under,4.5,-137,2025-12-13,2025-12-13T00:17:49Z,2025-12-12 16:21:35
PrizePicks,player_rebounds_assists,Anthony Davis,Over,14.0,-137,2025-12-13,2025-12-13T00:18:25Z,2025-12-12 16:21:35
PrizePicks,player_rebounds_assists,Anthony Davis,Under,14.0,-137,2025-12-13,2025-12-13T00:18:25Z,2025-12-12 16:21:35
PrizePicks,player_rebounds_assists,Nicolas Claxton,Over,12.5,-137,2025-12-13,2025-12-13T00:18:25Z,2025-12-12 16:21:35
PrizePicks,player_rebounds_assists,Nicolas Claxton,Under,12.5,-137,2025-12-13,2025-12-13T00:18:25Z,2025-12-12 16:21:35
PrizePicks,player_rebounds_assists,Cooper Flagg,Over,9.5,-137,2025-12-13,2025-12-13T00:18:25Z,2025-12-12 16:21:35
PrizePicks,player_rebounds_assists,Cooper Flagg,Under,9.5,-137,2025-12-13,2025-12-13T00:18:25Z,2025-12-12 16:21:35
PrizePicks,player_rebounds_assists,Michael Porter Jr,Over,9.5,-137,2025-12-13,2025-12-13T00:18:25Z,2025-12-12 16:21:35
PrizePicks,player_rebounds_assists,Michael Porter Jr,Under,9.5,-137,2025-12-13,2025-12-13T00:18:25Z,2025-12-12 16:21:35
PrizePicks,player_rebounds_assists,P.J. Washington,Over,9.0,-137,2025-12-13,2025-12-13T00:18:25Z,2025-12-12 16:21:35
PrizePicks,player_rebounds_assists,P.J. Washington,Under,9.0,-137,2025-12-13,2025-12-13T00:18:25Z,2025-12-12 16:21:35
PrizePicks,player_rebounds_assists,Egor Demin,Over,7.5,-137,2025-12-13,2025-12-13T00:18:25Z,2025-12-12 16:21:35
PrizePicks,player_rebounds_assists,Egor Demin,Under,7.5,-137,2025-12-13,2025-12-13T00:18:25Z,2025-12-12 16:21:35
PrizePicks,player_rebounds_assists,Naji Marshall,Over,7.0,-137,2025-12-13,2025-12-13T00:18:25Z,2025-12-12 16:21:35
PrizePicks,player_rebounds_assists,Naji Marshall,Under,7.0,-137,2025-12-13,2025-12-13T00:18:25Z,2025-12-12 16:21:35
PrizePicks,player_rebounds_assists,Terance Mann,Over,6.5,-137,2025-12-13,2025-12-13T00:18:25Z,2025-12-12 16:21:35
PrizePicks,player_rebounds_assists,Terance Mann,Under,6.5,-137,2025-12-13,2025-12-13T00:18:25Z,2025-12-12 16:21:35
PrizePicks,player_rebounds_assists,Noah Clowney,Over,6.0,-137,2025-12-13,2025-12-13T00:18:25Z,2025-12-12 16:21:35
PrizePicks,player_rebounds_assists,Noah Clowney,Under,6.0,-137,2025-12-13,2025-12-13T00:18:25Z,2025-12-12 16:21:35
PrizePicks,player_rebounds_assists,Jimmy Butler,Over,12.0,-137,2025-12-13,2025-12-13T00:18:12Z,2025-12-12 16:21:35
PrizePicks,player_rebounds_assists,Jimmy Butler,Under,12.0,-137,2025-12-13,2025-12-13T00:18:12Z,2025-12-12 16:21:35
PrizePicks,player_rebounds_assists,Rudy Gobert,Over,12.0,-137,2025-12-13,2025-12-13T00:18:12Z,2025-12-12 16:21:35
PrizePicks,player_rebounds_assists,Rudy Gobert,Under,12.0,-137,2025-12-13,2025-12-13T00:18:12Z,2025-12-12 16:21:35
PrizePicks,player_rebounds_assists,Naz Reid,Over,9.0,-137,2025-12-13,2025-12-13T00:18:12Z,2025-12-12 16:21:35
PrizePicks,player_rebounds_assists,Naz Reid,Under,9.0,-137,2025-12-13,2025-12-13T00:18:12Z,2025-12-12 16:21:35
PrizePicks,player_rebounds_assists,Stephen Curry,Over,8.5,-137,2025-12-13,2025-12-13T00:18:12Z,2025-12-12 16:21:35
PrizePicks,player_rebounds_assists,Stephen Curry,Under,8.5,-137,2025-12-13,2025-12-13T00:18:12Z,2025-12-12 16:21:35
PrizePicks,player_rebounds_assists,Donte DiVincenzo,Over,8.5,-137,2025-12-13,2025-12-13T00:18:12Z,2025-12-12 16:21:35
PrizePicks,player_rebounds_assists,Donte DiVincenzo,Under,8.5,-137,2025-12-13,2025-12-13T00:18:12Z,2025-12-12 16:21:35
PrizePicks,player_rebounds_assists,Quinten Post,Over,7.5,-137,2025-12-13,2025-12-13T00:18:12Z,2025-12-12 16:21:35
PrizePicks,player_rebounds_assists,Quinten Post,Under,7.5,-137,2025-12-13,2025-12-13T00:18:12Z,2025-12-12 16:21:35
PrizePicks,player_rebounds_assists,Brandin Podziemski,Over,6.0,-137,2025-12-13,2025-12-13T00:18:12Z,2025-12-12 16:21:35
PrizePicks,player_rebounds_assists,Brandin Podziemski,Under,6.0,-137,2025-12-13,2025-12-13T00:18:12Z,2025-12-12 16:21:35
PrizePicks,player_rebounds_assists,Josh Hart,Over,14.5,-137,2025-12-13,2025-12-13T00:18:34Z,2025-12-12 16:21:35
PrizePicks,player_rebounds_assists,Josh Hart,Under,14.5,-137,2025-12-13,2025-12-13T00:18:34Z,2025-12-12 16:21:35
PrizePicks,player_rebounds_assists,Karl-Anthony Towns,Over,14.5,-137,2025-12-13,2025-12-13T00:18:34Z,2025-12-12 16:21:35
PrizePicks,player_rebounds_assists,Karl-Anthony Towns,Under,14.5,-137,2025-12-13,2025-12-13T00:18:34Z,2025-12-12 16:21:35
PrizePicks,player_rebounds_assists,Paolo Banchero,Over,11.0,-137,2025-12-13,2025-12-13T00:18:34Z,2025-12-12 16:21:35
PrizePicks,player_rebounds_assists,Paolo Banchero,Under,11.0,-137,2025-12-13,2025-12-13T00:18:34Z,2025-12-12 16:21:35
PrizePicks,player_rebounds_assists,Jalen Brunson,Over,9.5,-137,2025-12-13,2025-12-13T00:18:34Z,2025-12-12 16:21:35
PrizePicks,player_rebounds_assists,Jalen Brunson,Under,9.5,-137,2025-12-13,2025-12-13T00:18:34Z,2025-12-12 16:21:35
PrizePicks,player_rebounds_assists,Wendell Carter Jr,Over,9.5,-137,2025-12-13,2025-12-13T00:18:34Z,2025-12-12 16:21:35
PrizePicks,player_rebounds_assists,Wendell Carter Jr,Under,9.5,-137,2025-12-13,2025-12-13T00:18:34Z,2025-12-12 16:21:35
PrizePicks,player_rebounds_assists,Anthony Black,Over,9.5,-137,2025-12-13,2025-12-13T00:18:34Z,2025-12-12 16:21:35
PrizePicks,player_rebounds_assists,Anthony Black,Under,9.5,-137,2025-12-13,2025-12-13T00:18:34Z,2025-12-12 16:21:35
PrizePicks,player_rebounds_assists,Desmond Bane,Over,9.0,-137,2025-12-13,2025-12-13T00:18:34Z,2025-12-12 16:21:35
PrizePicks,player_rebounds_assists,Desmond Bane,Under,9.0,-137,2025-12-13,2025-12-13T00:18:34Z,2025-12-12 16:21:35
PrizePicks,player_rebounds_assists,Mikal Bridges,Over,8.5,-137,2025-12-13,2025-12-13T00:18:34Z,2025-12-12 16:21:35
PrizePicks,player_rebounds_assists,Mikal Bridges,Under,8.5,-137,2025-12-13,2025-12-13T00:18:34Z,2025-12-12 16:21:35
PrizePicks,player_rebounds_assists,Victor Wembanyama,Over,12.0,-137,2025-12-14,2025-12-13T00:18:09Z,2025-12-12 16:21:35
PrizePicks,player_rebounds_assists,Victor Wembanyama,Under,12.0,-137,2025-12-14,2025-12-13T00:18:09Z,2025-12-12 16:21:35
PrizePicks,player_rebounds_assists,Jalen Williams,Over,11.0,-137,2025-12-14,2025-12-13T00:18:09Z,2025-12-12 16:21:35
PrizePicks,player_rebounds_assists,Jalen Williams,Under,11.0,-137,2025-12-14,2025-12-13T00:18:09Z,2025-12-12 16:21:35
PrizePicks,player_rebounds_assists,Stephon Castle,Over,11.0,-137,2025-12-14,2025-12-13T00:18:09Z,2025-12-12 16:21:35
PrizePicks,player_rebounds_assists,Stephon Castle,Under,11.0,-137,2025-12-14,2025-12-13T00:18:09Z,2025-12-12 16:21:35
PrizePicks,player_rebounds_assists,Shai Gilgeous-Alexander,Over,10.5,-137,2025-12-14,2025-12-13T00:18:09Z,2025-12-12 16:21:35
PrizePicks,player_rebounds_assists,Shai Gilgeous-Alexander,Under,10.5,-137,2025-12-14,2025-12-13T00:18:09Z,2025-12-12 16:21:35
PrizePicks,player_rebounds_assists,De'Aaron Fox,Over,9.0,-137,2025-12-14,2025-12-13T00:18:09Z,2025-12-12 16:21:35
PrizePicks,player_rebounds_assists,De'Aaron Fox,Under,9.0,-137,2025-12-14,2025-12-13T00:18:09Z,2025-12-12 16:21:35
PrizePicks,player_rebounds_assists,Dylan Harper,Over,6.0,-137,2025-12-14,2025-12-13T00:18:09Z,2025-12-12 16:21:35
PrizePicks,player_rebounds_assists,Dylan Harper,Under,6.0,-137,2025-12-14,2025-12-13T00:18:09Z,2025-12-12 16:21:35
PrizePicks,player_rebounds_assists,Ajay Mitchell,Over,6.0,-137,2025-12-14,2025-12-13T00:18:09Z,2025-12-12 16:21:35
PrizePicks,player_rebounds_assists,Ajay Mitchell,Under,6.0,-137,2025-12-14,2025-12-13T00:18:09Z,2025-12-12 16:21:35
PrizePicks,player_rebounds_assists,Harrison Barnes,Over,4.5,-137,2025-12-14,2025-12-13T00:18:09Z,2025-12-12 16:21:35
PrizePicks,player_rebounds_assists,Harrison Barnes,Under,4.5,-137,2025-12-14,2025-12-13T00:18:09Z,2025-12-12 16:21:35
PrizePicks,player_rebounds_assists,Julian Champagnie,Over,4.5,-137,2025-12-14,2025-12-13T00:18:09Z,2025-12-12 16:21:35
PrizePicks,player_rebounds_assists,Julian Champagnie,Under,4.5,-137,2025-12-14,2025-12-13T00:18:09Z,2025-12-12 16:21:35
Underdog,player_rebounds_assists,Ausar Thompson,Over,8.5,-137,2025-12-13,2025-12-13T00:12:28Z,2025-12-12 16:21:35
Underdog,player_rebounds_assists,Ausar Thompson,Under,8.5,-137,2025-12-13,2025-12-13T00:12:28Z,2025-12-12 16:21:35
Underdog,player_rebounds_assists,Coby White,Over,7.5,-137,2025-12-13,2025-12-13T00:12:07Z,2025-12-12 16:21:35
Underdog,player_rebounds_assists,Coby White,Under,7.5,-137,2025-12-13,2025-12-13T00:12:07Z,2025-12-12 16:21:35
Underdog,player_rebounds_assists,KJ Simpson,Over,8.5,-137,2025-12-13,2025-12-13T00:12:07Z,2025-12-12 16:21:35
Underdog,player_rebounds_assists,KJ Simpson,Under,8.5,-137,2025-12-13,2025-12-13T00:12:07Z,2025-12-12 16:21:35
Underdog,player_rebounds_assists,Ryan Kalkbrenner,Over,7.5,-137,2025-12-13,2025-12-13T00:12:07Z,2025-12-12 16:21:35
Underdog,player_rebounds_assists,Ryan Kalkbrenner,Under,7.5,-137,2025-12-13,2025-12-13T00:12:07Z,2025-12-12 16:21:35
Underdog,player_rebounds_assists,Moussa Diabate,Over,8.5,-137,2025-12-13,2025-12-13T00:12:07Z,2025-12-12 16:21:35
Underdog,player_rebounds_assists,Moussa Diabate,Under,8.5,-137,2025-12-13,2025-12-13T00:12:07Z,2025-12-12 16:21:35
Underdog,player_rebounds_assists,Darius Garland,Over,9.5,-137,2025-12-13,2025-12-13T00:12:15Z,2025-12-12 16:21:35
Underdog,player_rebounds_assists,Darius Garland,Under,9.5,-137,2025-12-13,2025-12-13T00:12:15Z,2025-12-12 16:21:35
Underdog,player_rebounds_assists,Justin Champagnie,Over,8.5,-137,2025-12-13,2025-12-13T00:12:15Z,2025-12-12 16:21:35
Underdog,player_rebounds_assists,Justin Champagnie,Under,8.5,-137,2025-12-13,2025-12-13T00:12:15Z,2025-12-12 16:21:35
Underdog,player_rebounds_assists,Tristan Vukcevic,Over,7.5,-137,2025-12-13,2025-12-13T00:12:15Z,2025-12-12 16:21:35
Underdog,player_rebounds_assists,Tristan Vukcevic,Under,7.5,-137,2025-12-13,2025-12-13T00:12:15Z,2025-12-12 16:21:35
Underdog,player_rebounds_assists,Pascal Siakam,Over,11.5,-137,2025-12-13,2025-12-13T00:11:42Z,2025-12-12 16:21:35
Underdog,player_rebounds_assists,Pascal Siakam,Under,11.5,-137,2025-12-13,2025-12-13T00:11:42Z,2025-12-12 16:21:35
Underdog,player_rebounds_assists,Dominick Barlow,Over,7.5,-137,2025-12-13,2025-12-13T00:11:42Z,2025-12-12 16:21:35
Underdog,player_rebounds_assists,Dominick Barlow,Under,7.5,-137,2025-12-13,2025-12-13T00:11:42Z,2025-12-12 16:21:35
Underdog,player_rebounds_assists,Donte DiVincenzo,Over,8.5,-137,2025-12-13,2025-12-13T00:22:04Z,2025-12-12 16:21:35
Underdog,player_rebounds_assists,Donte DiVincenzo,Under,8.5,-137,2025-12-13,2025-12-13T00:22:04Z,2025-12-12 16:21:35
Underdog,player_rebounds_assists,Quinten Post,Over,7.5,-137,2025-12-13,2025-12-13T00:22:04Z,2025-12-12 16:21:35
Underdog,player_rebounds_assists,Quinten Post,Under,7.5,-137,2025-12-13,2025-12-13T00:22:04Z,2025-12-12 16:21:35
Underdog,player_rebounds_assists,Jalen Suggs,Over,8.5,-137,2025-12-13,2025-12-13T00:21:50Z,2025-12-12 16:21:35
Underdog,player_rebounds_assists,Jalen Suggs,Under,8.5,-137,2025-12-13,2025-12-13T00:21:50Z,2025-12-12 16:21:35
Underdog,player_rebounds_assists,Wendell Carter Jr,Over,9.5,-137,2025-12-13,2025-12-13T00:21:50Z,2025-12-12 16:21:35
Underdog,player_rebounds_assists,Wendell Carter Jr,Under,9.5,-137,2025-12-13,2025-12-13T00:21:50Z,2025-12-12 16:21:35
Underdog,player_rebounds_assists,Anthony Black,Over,9.5,-137,2025-12-13,2025-12-13T00:21:50Z,2025-12-12 16:21:35
Underdog,player_rebounds_assists,Anthony Black,Under,9.5,-137,2025-12-13,2025-12-13T00:21:50Z,2025-12-12 16:21:35
Underdog,player_rebounds_assists,Shai Gilgeous-Alexander,Over,10.5,-137,2025-12-14,2025-12-13T00:21:24Z,2025-12-12 16:21:35
Underdog,player_rebounds_assists,Shai Gilgeous-Alexander,Under,10.5,-137,2025-12-14,2025-12-13T00:21:24Z,2025-12-12 16:21:35
Betr DFS,player_rebounds_assists,Onyeka Okongwu,Over,9.5,-137,2025-12-13,2025-12-13T00:21:10Z,2025-12-12 16:21:35
Betr DFS,player_rebounds_assists,Onyeka Okongwu,Under,9.5,-137,2025-12-13,2025-12-13T00:21:10Z,2025-12-12 16:21:35
Betr DFS,player_rebounds_assists,Vit Krejci,Over,4.5,-137,2025-12-13,2025-12-13T00:21:10Z,2025-12-12 16:21:35
Betr DFS,player_rebounds_assists,Jalen Johnson,Over,18.5,-137,2025-12-13,2025-12-13T00:21:10Z,2025-12-12 16:21:35
Betr DFS,player_rebounds_assists,Jalen Johnson,Under,18.5,-137,2025-12-13,2025-12-13T00:21:10Z,2025-12-12 16:21:35
Betr DFS,player_rebounds_assists,Nickeil Alexander-Walker,Over,5.5,-137,2025-12-13,2025-12-13T00:21:10Z,2025-12-12 16:21:35
Betr DFS,player_rebounds_assists,Nickeil Alexander-Walker,Under,5.5,-137,2025-12-13,2025-12-13T00:21:10Z,2025-12-12 16:21:35
Betr DFS,player_rebounds_assists,Luke Kennard,Over,3.5,-137,2025-12-13,2025-12-13T00:21:10Z,2025-12-12 16:21:35
Betr DFS,player_rebounds_assists,Luke Kennard,Under,3.5,-137,2025-12-13,2025-12-13T00:21:10Z,2025-12-12 16:21:35
Betr DFS,player_rebounds_assists,Dyson Daniels,Over,12.5,-137,2025-12-13,2025-12-13T00:21:10Z,2025-12-12 16:21:35
Betr DFS,player_rebounds_assists,Duncan Robinson,Over,4.5,-137,2025-12-13,2025-12-13T00:21:10Z,2025-12-12 16:21:35
Betr DFS,player_rebounds_assists,Duncan Robinson,Under,4.5,-137,2025-12-13,2025-12-13T00:21:10Z,2025-12-12 16:21:35
Betr DFS,player_rebounds_assists,Isaiah Stewart II,Over,6.5,-137,2025-12-13,2025-12-13T00:21:10Z,2025-12-12 16:21:35
Betr DFS,player_rebounds_assists,Isaiah Stewart II,Under,6.5,-137,2025-12-13,2025-12-13T00:21:10Z,2025-12-12 16:21:35
Betr DFS,player_rebounds_assists,Ausar Thompson,Over,9.5,-137,2025-12-13,2025-12-13T00:21:10Z,2025-12-12 16:21:35
Betr DFS,player_rebounds_assists,Ausar Thompson,Under,9.5,-137,2025-12-13,2025-12-13T00:21:10Z,2025-12-12 16:21:35
Betr DFS,player_rebounds_assists,Nikola Vucevic,Over,9.5,-137,2025-12-13,2025-12-13T00:21:01Z,2025-12-12 16:21:35
Betr DFS,player_rebounds_assists,Nikola Vucevic,Under,9.5,-137,2025-12-13,2025-12-13T00:21:01Z,2025-12-12 16:21:35
Betr DFS,player_rebounds_assists,Josh Giddey,Over,18.5,-137,2025-12-13,2025-12-13T00:21:01Z,2025-12-12 16:21:35
Betr DFS,player_rebounds_assists,Zach Collins,Over,6.5,-137,2025-12-13,2025-12-13T00:21:01Z,2025-12-12 16:21:35
Betr DFS,player_rebounds_assists,Tre Jones,Over,6.5,-137,2025-12-13,2025-12-13T00:21:01Z,2025-12-12 16:21:35
Betr DFS,player_rebounds_assists,Tre Jones,Under,6.5,-137,2025-12-13,2025-12-13T00:21:01Z,2025-12-12 16:21:35
Betr DFS,player_rebounds_assists,Miles Bridges,Over,11.5,-137,2025-12-13,2025-12-13T00:21:01Z,2025-12-12 16:21:35
Betr DFS,player_rebounds_assists,Miles Bridges,Under,11.5,-137,2025-12-13,2025-12-13T00:21:01Z,2025-12-12 16:21:35
Betr DFS,player_rebounds_assists,Kon Knueppel,Over,11.5,-137,2025-12-13,2025-12-13T00:21:01Z,2025-12-12 16:21:35
Betr DFS,player_rebounds_assists,Kon Knueppel,Under,11.5,-137,2025-12-13,2025-12-13T00:21:01Z,2025-12-12 16:21:35
Betr DFS,player_rebounds_assists,De'Andre Hunter,Over,5.5,-137,2025-12-13,2025-12-13T00:20:59Z,2025-12-12 16:21:35
Betr DFS,player_rebounds_assists,Evan Mobley,Over,15.5,-137,2025-12-13,2025-12-13T00:20:59Z,2025-12-12 16:21:35
Betr DFS,player_rebounds_assists,Evan Mobley,Under,15.5,-137,2025-12-13,2025-12-13T00:20:59Z,2025-12-12 16:21:35
Betr DFS,player_rebounds_assists,Jaylon Tyson,Over,7.5,-137,2025-12-13,2025-12-13T00:20:59Z,2025-12-12 16:21:35
Betr DFS,player_rebounds_assists,Jaylon Tyson,Under,7.5,-137,2025-12-13,2025-12-13T00:20:59Z,2025-12-12 16:21:35
Betr DFS,player_rebounds_assists,Marvin Bagley III,Over,10.5,-137,2025-12-13,2025-12-13T00:20:59Z,2025-12-12 16:21:35
Betr DFS,player_rebounds_assists,Marvin Bagley III,Under,10.5,-137,2025-12-13,2025-12-13T00:20:59Z,2025-12-12 16:21:35
Betr DFS,player_rebounds_assists,Kyshawn George,Over,9.5,-137,2025-12-13,2025-12-13T00:20:59Z,2025-12-12 16:21:35
Betr DFS,player_rebounds_assists,Kyshawn George,Under,9.5,-137,2025-12-13,2025-12-13T00:20:59Z,2025-12-12 16:21:35
Betr DFS,player_rebounds_assists,Jay Huff,Over,6.5,-137,2025-12-13,2025-12-13T00:21:02Z,2025-12-12 16:21:35
Betr DFS,player_rebounds_assists,Jay Huff,Under,6.5,-137,2025-12-13,2025-12-13T00:21:02Z,2025-12-12 16:21:35
Betr DFS,player_rebounds_assists,Pascal Siakam,Over,10.5,-137,2025-12-13,2025-12-13T00:21:02Z,2025-12-12 16:21:35
Betr DFS,player_rebounds_assists,T.J. McConnell,Over,6.5,-137,2025-12-13,2025-12-13T00:21:02Z,2025-12-12 16:21:35
Betr DFS,player_rebounds_assists,T.J. McConnell,Under,6.5,-137,2025-12-13,2025-12-13T00:21:02Z,2025-12-12 16:21:35
Betr DFS,player_rebounds_assists,Isaiah Jackson,Over,6.5,-137,2025-12-13,2025-12-13T00:21:02Z,2025-12-12 16:21:35
Betr DFS,player_rebounds_assists,Andrew Nembhard,Over,11.5,-137,2025-12-13,2025-12-13T00:21:02Z,2025-12-12 16:21:35
Betr DFS,player_rebounds_assists,Andrew Nembhard,Under,11.5,-137,2025-12-13,2025-12-13T00:21:02Z,2025-12-12 16:21:35
Betr DFS,player_rebounds_assists,Jarace Walker,Over,4.5,-137,2025-12-13,2025-12-13T00:21:02Z,2025-12-12 16:21:35
Betr DFS,player_rebounds_assists,Quentin Grimes,Over,8.5,-137,2025-12-13,2025-12-13T00:21:02Z,2025-12-12 16:21:35
Betr DFS,player_rebounds_assists,Quentin Grimes,Under,8.5,-137,2025-12-13,2025-12-13T00:21:02Z,2025-12-12 16:21:35
Betr DFS,player_rebounds_assists,Joel Embiid,Over,9.5,-137,2025-12-13,2025-12-13T00:21:02Z,2025-12-12 16:21:35
Betr DFS,player_rebounds_assists,Joel Embiid,Under,9.5,-137,2025-12-13,2025-12-13T00:21:02Z,2025-12-12 16:21:35
Betr DFS,player_rebounds_assists,VJ Edgecombe,Over,10.5,-137,2025-12-13,2025-12-13T00:21:02Z,2025-12-12 16:21:35
Betr DFS,player_rebounds_assists,VJ Edgecombe,Under,10.5,-137,2025-12-13,2025-12-13T00:21:02Z,2025-12-12 16:21:35
Betr DFS,player_rebounds_assists,Lauri Markkanen,Over,8.5,-137,2025-12-13,2025-12-13T00:21:11Z,2025-12-12 16:21:35
Betr DFS,player_rebounds_assists,Lauri Markkanen,Under,8.5,-137,2025-12-13,2025-12-13T00:21:11Z,2025-12-12 16:21:35
Betr DFS,player_rebounds_assists,Jusuf Nurkic,Over,13.5,-137,2025-12-13,2025-12-13T00:21:11Z,2025-12-12 16:21:35
Betr DFS,player_rebounds_assists,Jusuf Nurkic,Under,13.5,-137,2025-12-13,2025-12-13T00:21:11Z,2025-12-12 16:21:35
Betr DFS,player_rebounds_assists,Keyonte George,Over,10.0,-137,2025-12-13,2025-12-13T00:21:11Z,2025-12-12 16:21:35
Betr DFS,player_rebounds_assists,Keyonte George,Under,10.0,-137,2025-12-13,2025-12-13T00:21:11Z,2025-12-12 16:21:35
Betr DFS,player_rebounds_assists,Kyle Filipowski,Over,10.0,-137,2025-12-13,2025-12-13T00:21:11Z,2025-12-12 16:21:35
Betr DFS,player_rebounds_assists,Kyle Filipowski,Under,10.0,-137,2025-12-13,2025-12-13T00:21:11Z,2025-12-12 16:21:35
Betr DFS,player_rebounds_assists,Jaren Jackson Jr,Over,7.5,-137,2025-12-13,2025-12-13T00:21:11Z,2025-12-12 16:21:35
Betr DFS,player_rebounds_assists,Jaren Jackson Jr,Under,7.5,-137,2025-12-13,2025-12-13T00:21:11Z,2025-12-12 16:21:35
Betr DFS,player_rebounds_assists,Ja Morant,Over,10.5,-137,2025-12-13,2025-12-13T00:21:11Z,2025-12-12 16:21:35
Betr DFS,player_rebounds_assists,Ja Morant,Under,10.5,-137,2025-12-13,2025-12-13T00:21:11Z,2025-12-12 16:21:35
Betr DFS,player_rebounds_assists,Jock Landale,Over,8.5,-137,2025-12-13,2025-12-13T00:21:11Z,2025-12-12 16:21:35
Betr DFS,player_rebounds_assists,Jock Landale,Under,8.5,-137,2025-12-13,2025-12-13T00:21:11Z,2025-12-12 16:21:35
Betr DFS,player_rebounds_assists,Cedric Coward,Over,10.0,-137,2025-12-13,2025-12-13T00:21:11Z,2025-12-12 16:21:35
Betr DFS,player_rebounds_assists,Cedric Coward,Under,10.0,-137,2025-12-13,2025-12-13T00:21:11Z,2025-12-12 16:21:35
Betr DFS,player_rebounds_assists,Nicolas Claxton,Over,12.5,-137,2025-12-13,2025-12-13T00:21:17Z,2025-12-12 16:21:35
Betr DFS,player_rebounds_assists,Nicolas Claxton,Under,12.5,-137,2025-12-13,2025-12-13T00:21:17Z,2025-12-12 16:21:35
Betr DFS,player_rebounds_assists,Egor Demin,Over,7.5,-137,2025-12-13,2025-12-13T00:21:17Z,2025-12-12 16:21:35
Betr DFS,player_rebounds_assists,Egor Demin,Under,7.5,-137,2025-12-13,2025-12-13T00:21:17Z,2025-12-12 16:21:35
Betr DFS,player_rebounds_assists,P.J. Washington,Over,9.0,-137,2025-12-13,2025-12-13T00:21:17Z,2025-12-12 16:21:35
Betr DFS,player_rebounds_assists,P.J. Washington,Under,9.0,-137,2025-12-13,2025-12-13T00:21:17Z,2025-12-12 16:21:35
Betr DFS,player_rebounds_assists,Anthony Davis,Over,14.0,-137,2025-12-13,2025-12-13T00:21:17Z,2025-12-12 16:21:35
Betr DFS,player_rebounds_assists,Anthony Davis,Under,14.0,-137,2025-12-13,2025-12-13T00:21:17Z,2025-12-12 16:21:35
Betr DFS,player_rebounds_assists,Cooper Flagg,Over,9.5,-137,2025-12-13,2025-12-13T00:21:17Z,2025-12-12 16:21:35
Betr DFS,player_rebounds_assists,Cooper Flagg,Under,9.5,-137,2025-12-13,2025-12-13T00:21:17Z,2025-12-12 16:21:35
Betr DFS,player_rebounds_assists,Julius Randle,Over,13.5,-137,2025-12-13,2025-12-13T00:21:10Z,2025-12-12 16:21:35
Betr DFS,player_rebounds_assists,Julius Randle,Under,13.5,-137,2025-12-13,2025-12-13T00:21:10Z,2025-12-12 16:21:35
Betr DFS,player_rebounds_assists,Jaden McDaniels,Over,7.5,-137,2025-12-13,2025-12-13T00:21:10Z,2025-12-12 16:21:35
Betr DFS,player_rebounds_assists,Jaden McDaniels,Under,7.5,-137,2025-12-13,2025-12-13T00:21:10Z,2025-12-12 16:21:35
Betr DFS,player_rebounds_assists,Donte DiVincenzo,Over,8.5,-137,2025-12-13,2025-12-13T00:21:10Z,2025-12-12 16:21:35
Betr DFS,player_rebounds_assists,Donte DiVincenzo,Under,8.5,-137,2025-12-13,2025-12-13T00:21:10Z,2025-12-12 16:21:35
Betr DFS,player_rebounds_assists,Jimmy Butler,Over,12.0,-137,2025-12-13,2025-12-13T00:21:10Z,2025-12-12 16:21:35
Betr DFS,player_rebounds_assists,Jimmy Butler,Under,12.0,-137,2025-12-13,2025-12-13T00:21:10Z,2025-12-12 16:21:35
Betr DFS,player_rebounds_assists,Josh Hart,Over,14.5,-137,2025-12-13,2025-12-13T00:21:24Z,2025-12-12 16:21:35
Betr DFS,player_rebounds_assists,Josh Hart,Under,14.5,-137,2025-12-13,2025-12-13T00:21:24Z,2025-12-12 16:21:35
Betr DFS,player_rebounds_assists,Jalen Brunson,Over,9.5,-137,2025-12-13,2025-12-13T00:21:24Z,2025-12-12 16:21:35
Betr DFS,player_rebounds_assists,Jalen Brunson,Under,9.5,-137,2025-12-13,2025-12-13T00:21:24Z,2025-12-12 16:21:35
Betr DFS,player_rebounds_assists,Mikal Bridges,Over,8.5,-137,2025-12-13,2025-12-13T00:21:24Z,2025-12-12 16:21:35
Betr DFS,player_rebounds_assists,Mikal Bridges,Under,8.5,-137,2025-12-13,2025-12-13T00:21:24Z,2025-12-12 16:21:35
Betr DFS,player_rebounds_assists,Karl-Anthony Towns,Over,14.5,-137,2025-12-13,2025-12-13T00:21:24Z,2025-12-12 16:21:35
Betr DFS,player_rebounds_assists,Karl-Anthony Towns,Under,14.5,-137,2025-12-13,2025-12-13T00:21:24Z,2025-12-12 16:21:35
Betr DFS,player_rebounds_assists,Wendell Carter Jr,Under,9.5,-137,2025-12-13,2025-12-13T00:21:24Z,2025-12-12 16:21:35
Betr DFS,player_rebounds_assists,Wendell Carter Jr,Over,9.5,-137,2025-12-13,2025-12-13T00:21:24Z,2025-12-12 16:21:35
Betr DFS,player_rebounds_assists,Jalen Suggs,Under,8.5,-137,2025-12-13,2025-12-13T00:21:24Z,2025-12-12 16:21:35
Betr DFS,player_rebounds_assists,Jalen Suggs,Over,8.5,-137,2025-12-13,2025-12-13T00:21:24Z,2025-12-12 16:21:35
Betr DFS,player_rebounds_assists,Paolo Banchero,Over,11.5,-137,2025-12-13,2025-12-13T00:21:24Z,2025-12-12 16:21:35
Betr DFS,player_rebounds_assists,Paolo Banchero,Under,11.5,-137,2025-12-13,2025-12-13T00:21:24Z,2025-12-12 16:21:35
Betr DFS,player_rebounds_assists,De'Aaron Fox,Over,9.0,-137,2025-12-14,2025-12-13T00:21:24Z,2025-12-12 16:21:35
Betr DFS,player_rebounds_assists,De'Aaron Fox,Under,9.0,-137,2025-12-14,2025-12-13T00:21:24Z,2025-12-12 16:21:35
Betr DFS,player_rebounds_assists,Stephon Castle,Over,11.0,-137,2025-12-14,2025-12-13T00:21:24Z,2025-12-12 16:21:35
Betr DFS,player_rebounds_assists,Stephon Castle,Under,11.0,-137,2025-12-14,2025-12-13T00:21:24Z,2025-12-12 16:21:35
Betr DFS,player_rebounds_assists,Shai Gilgeous-Alexander,Over,10.5,-137,2025-12-14,2025-12-13T00:21:24Z,2025-12-12 16:21:35
Betr DFS,player_rebounds_assists,Shai Gilgeous-Alexander,Under,10.5,-137,2025-12-14,2025-12-13T00:21:24Z,2025-12-12 16:21:35
DraftKings Pick6,player_rebounds_assists,Jalen Johnson,Over,18.5,-137,2025-12-13,2025-12-13T00:19:03Z,2025-12-12 16:21:35
DraftKings Pick6,player_rebounds_assists,Jalen Johnson,Under,18.5,-137,2025-12-13,2025-12-13T00:19:03Z,2025-12-12 16:21:35
DraftKings Pick6,player_rebounds_assists,Onyeka Okongwu,Over,10.5,-137,2025-12-13,2025-12-13T00:19:03Z,2025-12-12 16:21:35
DraftKings Pick6,player_rebounds_assists,Onyeka Okongwu,Under,10.5,-137,2025-12-13,2025-12-13T00:19:03Z,2025-12-12 16:21:35
DraftKings Pick6,player_rebounds_assists,Tobias Harris,Over,6.5,-137,2025-12-13,2025-12-13T00:19:03Z,2025-12-12 16:21:35
DraftKings Pick6,player_rebounds_assists,Tobias Harris,Under,6.5,-137,2025-12-13,2025-12-13T00:19:03Z,2025-12-12 16:21:35
DraftKings Pick6,player_rebounds_assists,Ausar Thompson,Over,9.5,-137,2025-12-13,2025-12-13T00:19:03Z,2025-12-12 16:21:35
DraftKings Pick6,player_rebounds_assists,Ausar Thompson,Under,9.5,-137,2025-12-13,2025-12-13T00:19:03Z,2025-12-12 16:21:35
DraftKings Pick6,player_rebounds_assists,Evan Mobley,Over,16.5,-137,2025-12-13,2025-12-13T00:18:43Z,2025-12-12 16:21:35
DraftKings Pick6,player_rebounds_assists,Evan Mobley,Under,16.5,-137,2025-12-13,2025-12-13T00:18:43Z,2025-12-12 16:21:35
DraftKings Pick6,player_rebounds_assists,Tristan Vukcevic,Over,7.5,-137,2025-12-13,2025-12-13T00:18:43Z,2025-12-12 16:21:35
DraftKings Pick6,player_rebounds_assists,Tristan Vukcevic,Under,7.5,-137,2025-12-13,2025-12-13T00:18:43Z,2025-12-12 16:21:35
DraftKings Pick6,player_rebounds_assists,De'Andre Hunter,Over,5.5,-137,2025-12-13,2025-12-13T00:18:43Z,2025-12-12 16:21:35
DraftKings Pick6,player_rebounds_assists,De'Andre Hunter,Under,5.5,-137,2025-12-13,2025-12-13T00:18:43Z,2025-12-12 16:21:35
DraftKings Pick6,player_rebounds_assists,Thomas Bryant,Over,3.5,-137,2025-12-13,2025-12-13T00:18:43Z,2025-12-12 16:21:35
DraftKings Pick6,player_rebounds_assists,Thomas Bryant,Under,3.5,-137,2025-12-13,2025-12-13T00:18:43Z,2025-12-12 16:21:35
DraftKings Pick6,player_rebounds_assists,Darius Garland,Over,9.5,-137,2025-12-13,2025-12-13T00:18:43Z,2025-12-12 16:21:35
DraftKings Pick6,player_rebounds_assists,Darius Garland,Under,9.5,-137,2025-12-13,2025-12-13T00:18:43Z,2025-12-12 16:21:35
DraftKings Pick6,player_rebounds_assists,Nae'Qwan Tomlin,Over,4.5,-137,2025-12-13,2025-12-13T00:18:43Z,2025-12-12 16:21:35
DraftKings Pick6,player_rebounds_assists,Nae'Qwan Tomlin,Under,4.5,-137,2025-12-13,2025-12-13T00:18:43Z,2025-12-12 16:21:35
DraftKings Pick6,player_rebounds_assists,Quentin Grimes,Over,8.5,-137,2025-12-13,2025-12-13T00:18:53Z,2025-12-12 16:21:35
DraftKings Pick6,player_rebounds_assists,Quentin Grimes,Under,8.5,-137,2025-12-13,2025-12-13T00:18:53Z,2025-12-12 16:21:35
DraftKings Pick6,player_rebounds_assists,T.J. McConnell,Over,6.5,-137,2025-12-13,2025-12-13T00:18:53Z,2025-12-12 16:21:35
DraftKings Pick6,player_rebounds_assists,T.J. McConnell,Under,6.5,-137,2025-12-13,2025-12-13T00:18:53Z,2025-12-12 16:21:35
DraftKings Pick6,player_rebounds_assists,Andrew Nembhard,Over,11.5,-137,2025-12-13,2025-12-13T00:18:53Z,2025-12-12 16:21:35
DraftKings Pick6,player_rebounds_assists,Andrew Nembhard,Under,11.5,-137,2025-12-13,2025-12-13T00:18:53Z,2025-12-12 16:21:35
DraftKings Pick6,player_rebounds_assists,Pascal Siakam,Over,9.5,-137,2025-12-13,2025-12-13T00:18:53Z,2025-12-12 16:21:35
DraftKings Pick6,player_rebounds_assists,Pascal Siakam,Under,9.5,-137,2025-12-13,2025-12-13T00:18:53Z,2025-12-12 16:21:35
DraftKings Pick6,player_rebounds_assists,Jusuf Nurkic,Over,13.5,-137,2025-12-13,2025-12-13T00:19:11Z,2025-12-12 16:21:35
DraftKings Pick6,player_rebounds_assists,Jusuf Nurkic,Under,13.5,-137,2025-12-13,2025-12-13T00:19:11Z,2025-12-12 16:21:35
DraftKings Pick6,player_rebounds_assists,Ja Morant,Over,10.5,-137,2025-12-13,2025-12-13T00:19:11Z,2025-12-12 16:21:35
DraftKings Pick6,player_rebounds_assists,Ja Morant,Under,10.5,-137,2025-12-13,2025-12-13T00:19:11Z,2025-12-12 16:21:35
DraftKings Pick6,player_rebounds_assists,Cedric Coward,Over,9.5,-137,2025-12-13,2025-12-13T00:19:11Z,2025-12-12 16:21:35
DraftKings Pick6,player_rebounds_assists,Cedric Coward,Under,9.5,-137,2025-12-13,2025-12-13T00:19:11Z,2025-12-12 16:21:35
DraftKings Pick6,player_rebounds_assists,Jock Landale,Over,8.5,-137,2025-12-13,2025-12-13T00:19:11Z,2025-12-12 16:21:35
DraftKings Pick6,player_rebounds_assists,Jock Landale,Under,8.5,-137,2025-12-13,2025-12-13T00:19:11Z,2025-12-12 16:21:35
DraftKings Pick6,player_rebounds_assists,Jaren Jackson Jr,Over,7.5,-137,2025-12-13,2025-12-13T00:19:11Z,2025-12-12 16:21:35
DraftKings Pick6,player_rebounds_assists,Jaren Jackson Jr,Under,7.5,-137,2025-12-13,2025-12-13T00:19:11Z,2025-12-12 16:21:35
DraftKings Pick6,player_rebounds_assists,Svi Mykhailiuk,Over,4.5,-137,2025-12-13,2025-12-13T00:19:11Z,2025-12-12 16:21:35
DraftKings Pick6,player_rebounds_assists,Svi Mykhailiuk,Under,4.5,-137,2025-12-13,2025-12-13T00:19:11Z,2025-12-12 16:21:35
Underdog,player_turnovers,Jalen Johnson,Over,3.5,-137,2025-12-13,2025-12-13T00:12:28Z,2025-12-12 16:21:35
Underdog,player_turnovers,Jalen Johnson,Under,3.5,-137,2025-12-13,2025-12-13T00:12:28Z,2025-12-12 16:21:35
Underdog,player_turnovers,Brandon Miller,Over,2.5,-137,2025-12-13,2025-12-13T00:12:07Z,2025-12-12 16:21:35
Underdog,player_turnovers,Brandon Miller,Under,2.5,-137,2025-12-13,2025-12-13T00:12:07Z,2025-12-12 16:21:35
Underdog,player_turnovers,Coby White,Over,2.5,-137,2025-12-13,2025-12-13T00:12:07Z,2025-12-12 16:21:35
Underdog,player_turnovers,Coby White,Under,2.5,-137,2025-12-13,2025-12-13T00:12:07Z,2025-12-12 16:21:35
Underdog,player_turnovers,Josh Giddey,Over,3.5,-137,2025-12-13,2025-12-13T00:12:07Z,2025-12-12 16:21:35
Underdog,player_turnovers,Josh Giddey,Under,3.5,-137,2025-12-13,2025-12-13T00:12:07Z,2025-12-12 16:21:35
Underdog,player_turnovers,Andrew Nembhard,Over,2.5,-137,2025-12-13,2025-12-13T00:11:42Z,2025-12-12 16:21:35
Underdog,player_turnovers,Andrew Nembhard,Under,2.5,-137,2025-12-13,2025-12-13T00:11:42Z,2025-12-12 16:21:35
Underdog,player_turnovers,Julius Randle,Over,3.5,-137,2025-12-13,2025-12-13T00:22:04Z,2025-12-12 16:21:35
Underdog,player_turnovers,Julius Randle,Under,3.5,-137,2025-12-13,2025-12-13T00:22:04Z,2025-12-12 16:21:35
Underdog,player_turnovers,Victor Wembanyama,Over,2.5,-137,2025-12-14,2025-12-13T00:21:24Z,2025-12-12 16:21:35
Underdog,player_turnovers,Victor Wembanyama,Under,2.5,-137,2025-12-14,2025-12-13T00:21:24Z,2025-12-12 16:21:35
PrizePicks,player_turnovers,Josh Giddey,Over,3.5,-137,2025-12-13,2025-12-13T00:12:03Z,2025-12-12 16:21:35
PrizePicks,player_turnovers,Josh Giddey,Under,3.5,-137,2025-12-13,2025-12-13T00:12:03Z,2025-12-12 16:21:35
PrizePicks,player_turnovers,Brandon Miller,Over,2.5,-137,2025-12-13,2025-12-13T00:12:03Z,2025-12-12 16:21:35
PrizePicks,player_turnovers,Brandon Miller,Under,2.5,-137,2025-12-13,2025-12-13T00:12:03Z,2025-12-12 16:21:35
PrizePicks,player_turnovers,Coby White,Over,2.5,-137,2025-12-13,2025-12-13T00:12:03Z,2025-12-12 16:21:35
PrizePicks,player_turnovers,Coby White,Under,2.5,-137,2025-12-13,2025-12-13T00:12:03Z,2025-12-12 16:21:35
PrizePicks,player_turnovers,Nikola Vucevic,Over,1.5,-137,2025-12-13,2025-12-13T00:12:03Z,2025-12-12 16:21:35
PrizePicks,player_turnovers,Nikola Vucevic,Under,1.5,-137,2025-12-13,2025-12-13T00:12:03Z,2025-12-12 16:21:35
PrizePicks,player_turnovers,Andrew Nembhard,Over,2.5,-137,2025-12-13,2025-12-13T00:10:07Z,2025-12-12 16:21:35
PrizePicks,player_turnovers,Andrew Nembhard,Under,2.5,-137,2025-12-13,2025-12-13T00:10:07Z,2025-12-12 16:21:35
PrizePicks,player_turnovers,Cedric Coward,Over,1.5,-137,2025-12-13,2025-12-13T00:17:49Z,2025-12-12 16:21:35
PrizePicks,player_turnovers,Cedric Coward,Under,1.5,-137,2025-12-13,2025-12-13T00:17:49Z,2025-12-12 16:21:35
PrizePicks,player_turnovers,Lauri Markkanen,Over,1.5,-137,2025-12-13,2025-12-13T00:17:49Z,2025-12-12 16:21:35
PrizePicks,player_turnovers,Lauri Markkanen,Under,1.5,-137,2025-12-13,2025-12-13T00:17:49Z,2025-12-12 16:21:35
PrizePicks,player_turnovers,Kevin Love,Over,0.5,-137,2025-12-13,2025-12-13T00:17:49Z,2025-12-12 16:21:35
PrizePicks,player_turnovers,Kevin Love,Under,0.5,-137,2025-12-13,2025-12-13T00:17:49Z,2025-12-12 16:21:35
PrizePicks,player_turnovers,Noah Clowney,Over,1.5,-137,2025-12-13,2025-12-13T00:18:25Z,2025-12-12 16:21:35
PrizePicks,player_turnovers,Noah Clowney,Under,1.5,-137,2025-12-13,2025-12-13T00:18:25Z,2025-12-12 16:21:35
PrizePicks,player_turnovers,Egor Demin,Over,1.5,-137,2025-12-13,2025-12-13T00:18:25Z,2025-12-12 16:21:35
PrizePicks,player_turnovers,Egor Demin,Under,1.5,-137,2025-12-13,2025-12-13T00:18:25Z,2025-12-12 16:21:35
PrizePicks,player_turnovers,Donte DiVincenzo,Over,1.5,-137,2025-12-13,2025-12-13T00:18:12Z,2025-12-12 16:21:35
PrizePicks,player_turnovers,Donte DiVincenzo,Under,1.5,-137,2025-12-13,2025-12-13T00:18:12Z,2025-12-12 16:21:35
PrizePicks,player_turnovers,Chet Holmgren,Over,1.5,-137,2025-12-14,2025-12-13T00:18:09Z,2025-12-12 16:21:35
PrizePicks,player_turnovers,Chet Holmgren,Under,1.5,-137,2025-12-14,2025-12-13T00:18:09Z,2025-12-12 16:21:35
PrizePicks,player_turnovers,Luguentz Dort,Over,0.5,-137,2025-12-14,2025-12-13T00:18:09Z,2025-12-12 16:21:35
PrizePicks,player_turnovers,Luguentz Dort,Under,0.5,-137,2025-12-14,2025-12-13T00:18:09Z,2025-12-12 16:21:35
Betr DFS,player_turnovers,Coby White,Over,2.5,-137,2025-12-13,2025-12-13T00:11:37Z,2025-12-12 16:21:35
Betr DFS,player_turnovers,Josh Giddey,Over,3.5,-137,2025-12-13,2025-12-13T00:11:37Z,2025-12-12 16:21:35
Betr DFS,player_turnovers,Brandon Miller,Over,2.5,-137,2025-12-13,2025-12-13T00:11:37Z,2025-12-12 16:21:35
Betr DFS,player_turnovers,Andrew Nembhard,Over,2.5,-137,2025-12-13,2025-12-13T00:11:37Z,2025-12-12 16:21:35
PrizePicks,player_blocks_steals,Ryan Kalkbrenner,Over,2.5,-137,2025-12-13,2025-12-13T00:12:03Z,2025-12-12 16:21:35
PrizePicks,player_blocks_steals,Ryan Kalkbrenner,Under,2.5,-137,2025-12-13,2025-12-13T00:12:03Z,2025-12-12 16:21:35
PrizePicks,player_blocks_steals,KJ Simpson,Over,1.5,-137,2025-12-13,2025-12-13T00:12:03Z,2025-12-12 16:21:35
PrizePicks,player_blocks_steals,KJ Simpson,Under,1.5,-137,2025-12-13,2025-12-13T00:12:03Z,2025-12-12 16:21:35
PrizePicks,player_blocks_steals,Moussa Diabate,Over,1.5,-137,2025-12-13,2025-12-13T00:12:03Z,2025-12-12 16:21:35
PrizePicks,player_blocks_steals,Moussa Diabate,Under,1.5,-137,2025-12-13,2025-12-13T00:12:03Z,2025-12-12 16:21:35
PrizePicks,player_blocks_steals,Tidjane Salaun,Over,0.5,-137,2025-12-13,2025-12-13T00:12:03Z,2025-12-12 16:21:35
PrizePicks,player_blocks_steals,Tidjane Salaun,Under,0.5,-137,2025-12-13,2025-12-13T00:12:03Z,2025-12-12 16:21:35
PrizePicks,player_blocks_steals,Pascal Siakam,Over,1.5,-137,2025-12-13,2025-12-13T00:10:07Z,2025-12-12 16:21:35
PrizePicks,player_blocks_steals,Pascal Siakam,Under,1.5,-137,2025-12-13,2025-12-13T00:10:07Z,2025-12-12 16:21:35
PrizePicks,player_blocks_steals,Jarace Walker,Over,0.5,-137,2025-12-13,2025-12-13T00:10:07Z,2025-12-12 16:21:35
PrizePicks,player_blocks_steals,Jarace Walker,Under,0.5,-137,2025-12-13,2025-12-13T00:10:07Z,2025-12-12 16:21:35
PrizePicks,player_blocks_steals,Garrison Mathews,Over,0.5,-137,2025-12-13,2025-12-13T00:10:07Z,2025-12-12 16:21:35
PrizePicks,player_blocks_steals,Garrison Mathews,Under,0.5,-137,2025-12-13,2025-12-13T00:10:07Z,2025-12-12 16:21:35
PrizePicks,player_blocks_steals,Ace Bailey,Over,1.5,-137,2025-12-13,2025-12-13T00:17:49Z,2025-12-12 16:21:35
PrizePicks,player_blocks_steals,Ace Bailey,Under,1.5,-137,2025-12-13,2025-12-13T00:17:49Z,2025-12-12 16:21:35
PrizePicks,player_blocks_steals,Santi Aldama,Over,1.5,-137,2025-12-13,2025-12-13T00:17:49Z,2025-12-12 16:21:35
PrizePicks,player_blocks_steals,Santi Aldama,Under,1.5,-137,2025-12-13,2025-12-13T00:17:49Z,2025-12-12 16:21:35
PrizePicks,player_blocks_steals,Kevin Love,Over,0.5,-137,2025-12-13,2025-12-13T00:17:49Z,2025-12-12 16:21:35
PrizePicks,player_blocks_steals,Kevin Love,Under,0.5,-137,2025-12-13,2025-12-13T00:17:49Z,2025-12-12 16:21:35
PrizePicks,player_blocks_steals,Anthony Davis,Over,2.5,-137,2025-12-13,2025-12-13T00:18:25Z,2025-12-12 16:21:35
PrizePicks,player_blocks_steals,Anthony Davis,Under,2.5,-137,2025-12-13,2025-12-13T00:18:25Z,2025-12-12 16:21:35
PrizePicks,player_blocks_steals,Jimmy Butler,Over,1.5,-137,2025-12-13,2025-12-13T00:11:53Z,2025-12-12 16:21:35
PrizePicks,player_blocks_steals,Jimmy Butler,Under,1.5,-137,2025-12-13,2025-12-13T00:11:53Z,2025-12-12 16:21:35
PrizePicks,player_blocks_steals,OG Anunoby,Over,2.5,-137,2025-12-13,2025-12-13T00:18:34Z,2025-12-12 16:21:35
PrizePicks,player_blocks_steals,OG Anunoby,Under,2.5,-137,2025-12-13,2025-12-13T00:18:34Z,2025-12-12 16:21:35
PrizePicks,player_blocks_steals,Karl-Anthony Towns,Over,1.5,-137,2025-12-13,2025-12-13T00:18:34Z,2025-12-12 16:21:35
PrizePicks,player_blocks_steals,Karl-Anthony Towns,Under,1.5,-137,2025-12-13,2025-12-13T00:18:34Z,2025-12-12 16:21:35
PrizePicks,player_blocks_steals,Victor Wembanyama,Over,3.5,-137,2025-12-14,2025-12-13T00:18:09Z,2025-12-12 16:21:35
PrizePicks,player_blocks_steals,Victor Wembanyama,Under,3.5,-137,2025-12-14,2025-12-13T00:18:09Z,2025-12-12 16:21:35
PrizePicks,player_blocks_steals,Jalen Williams,Over,1.5,-137,2025-12-14,2025-12-13T00:18:09Z,2025-12-12 16:21:35
PrizePicks,player_blocks_steals,Jalen Williams,Under,1.5,-137,2025-12-14,2025-12-13T00:18:09Z,2025-12-12 16:21:35
PrizePicks,player_blocks_steals,Keldon Johnson,Over,0.5,-137,2025-12-14,2025-12-13T00:18:09Z,2025-12-12 16:21:35
PrizePicks,player_blocks_steals,Keldon Johnson,Under,0.5,-137,2025-12-14,2025-12-13T00:18:09Z,2025-12-12 16:21:35
Betr DFS,player_blocks_steals,Jusuf Nurkic,Over,1.5,-137,2025-12-13,2025-12-13T00:21:11Z,2025-12-12 16:21:35
Betr DFS,player_blocks_steals,Ace Bailey,Over,1.5,-137,2025-12-13,2025-12-13T00:21:11Z,2025-12-12 16:21:35
Betr DFS,player_blocks_steals,Jaren Jackson Jr,Over,2.5,-137,2025-12-13,2025-12-13T00:21:11Z,2025-12-12 16:21:35
Betr DFS,player_blocks_steals,Noah Clowney,Over,1.5,-137,2025-12-13,2025-12-13T00:21:17Z,2025-12-12 16:21:35
Betr DFS,player_blocks_steals,Anthony Davis,Over,2.5,-137,2025-12-13,2025-12-13T00:21:17Z,2025-12-12 16:21:35
Betr DFS,player_blocks_steals,Rudy Gobert,Over,1.5,-137,2025-12-13,2025-12-13T00:21:10Z,2025-12-12 16:21:35
Betr DFS,player_blocks_steals,Jimmy Butler,Over,1.5,-137,2025-12-13,2025-12-13T00:21:10Z,2025-12-12 16:21:35
Betr DFS,player_blocks_steals,Stephen Curry,Over,1.5,-137,2025-12-13,2025-12-13T00:21:10Z,2025-12-12 16:21:35
Betr DFS,player_blocks_steals,Quinten Post,Over,1.5,-137,2025-12-13,2025-12-13T00:21:10Z,2025-12-12 16:21:35
Betr DFS,player_blocks_steals,Josh Hart,Over,1.5,-137,2025-12-13,2025-12-13T00:21:24Z,2025-12-12 16:21:35
Betr DFS,player_blocks_steals,OG Anunoby,Over,2.5,-137,2025-12-13,2025-12-13T00:21:24Z,2025-12-12 16:21:35
Betr DFS,player_blocks_steals,Karl-Anthony Towns,Over,1.5,-137,2025-12-13,2025-12-13T00:21:24Z,2025-12-12 16:21:35
Betr DFS,player_blocks_steals,Jalen Suggs,Over,2.5,-137,2025-12-13,2025-12-13T00:21:24Z,2025-12-12 16:21:35
Betr DFS,player_blocks_steals,Jalen Williams,Over,1.5,-137,2025-12-14,2025-12-13T00:21:24Z,2025-12-12 16:21:35
Underdog,player_blocks_steals,OG Anunoby,Over,2.5,-137,2025-12-13,2025-12-13T00:21:50Z,2025-12-12 16:21:35
Underdog,player_blocks_steals,OG Anunoby,Under,2.5,-137,2025-12-13,2025-12-13T00:21:50Z,2025-12-12 16:21:35
Underdog,player_blocks_steals,Victor Wembanyama,Over,3.5,-137,2025-12-14,2025-12-13T00:21:24Z,2025-12-12 16:21:35
Underdog,player_blocks_steals,Victor Wembanyama,Under,3.5,-137,2025-12-14,2025-12-13T00:21:24Z,2025-12-12 16:21:35
