BOOKMAKER,CATEGORY,NAME,OVER/UNDER,LINE,ODDS,COMMENCE_TIME,LAST_UPDATE,DATA_PULLED_AT
PrizePicks,player_points,Cade Cunningham,Over,27.5,-137,2026-05-12,2026-05-11T07:12:38Z,2026-05-11 00:13:32
PrizePicks,player_points,Cade Cunningham,Under,27.5,-137,2026-05-12,2026-05-11T07:12:38Z,2026-05-11 00:13:32
PrizePicks,player_points,Donovan Mitchell,Over,27.5,-137,2026-05-12,2026-05-11T07:12:38Z,2026-05-11 00:13:32
PrizePicks,player_points,Donovan Mitchell,Under,27.5,-137,2026-05-12,2026-05-11T07:12:38Z,2026-05-11 00:13:32
PrizePicks,player_points,James Harden,Over,19.5,-137,2026-05-12,2026-05-11T07:12:38Z,2026-05-11 00:13:32
PrizePicks,player_points,James Harden,Under,19.5,-137,2026-05-12,2026-05-11T07:12:38Z,2026-05-11 00:13:32
PrizePicks,player_points,Tobias Harris,Over,18.5,-137,2026-05-12,2026-05-11T07:12:38Z,2026-05-11 00:13:32
PrizePicks,player_points,Tobias Harris,Under,18.5,-137,2026-05-12,2026-05-11T07:12:38Z,2026-05-11 00:13:32
PrizePicks,player_points,Evan Mobley,Over,15.5,-137,2026-05-12,2026-05-11T07:12:38Z,2026-05-11 00:13:32
PrizePicks,player_points,Evan Mobley,Under,15.5,-137,2026-05-12,2026-05-11T07:12:38Z,2026-05-11 00:13:32
PrizePicks,player_points,Jalen Duren,Over,13.5,-137,2026-05-12,2026-05-11T07:12:38Z,2026-05-11 00:13:32
PrizePicks,player_points,Jalen Duren,Under,13.5,-137,2026-05-12,2026-05-11T07:12:38Z,2026-05-11 00:13:32
PrizePicks,player_points,Jarrett Allen,Over,12.5,-137,2026-05-12,2026-05-11T07:12:38Z,2026-05-11 00:13:32
PrizePicks,player_points,Jarrett Allen,Under,12.5,-137,2026-05-12,2026-05-11T07:12:38Z,2026-05-11 00:13:32
PrizePicks,player_points,Duncan Robinson,Over,11.5,-137,2026-05-12,2026-05-11T07:12:38Z,2026-05-11 00:13:32
PrizePicks,player_points,Duncan Robinson,Under,11.5,-137,2026-05-12,2026-05-11T07:12:38Z,2026-05-11 00:13:32
PrizePicks,player_points,Ausar Thompson,Over,9.5,-137,2026-05-12,2026-05-11T07:12:38Z,2026-05-11 00:13:32
PrizePicks,player_points,Ausar Thompson,Under,9.5,-137,2026-05-12,2026-05-11T07:12:38Z,2026-05-11 00:13:32
PrizePicks,player_points,Daniss Jenkins,Over,9.5,-137,2026-05-12,2026-05-11T07:12:38Z,2026-05-11 00:13:32
PrizePicks,player_points,Daniss Jenkins,Under,9.5,-137,2026-05-12,2026-05-11T07:12:38Z,2026-05-11 00:13:32
PrizePicks,player_points,Max Strus,Over,8.5,-137,2026-05-12,2026-05-11T07:12:38Z,2026-05-11 00:13:32
PrizePicks,player_points,Max Strus,Under,8.5,-137,2026-05-12,2026-05-11T07:12:38Z,2026-05-11 00:13:32
PrizePicks,player_points,Dennis Schroder,Over,6.5,-137,2026-05-12,2026-05-11T07:12:38Z,2026-05-11 00:13:32
PrizePicks,player_points,Dennis Schroder,Under,6.5,-137,2026-05-12,2026-05-11T07:12:38Z,2026-05-11 00:13:32
PrizePicks,player_points,Jaylon Tyson,Over,6.5,-137,2026-05-12,2026-05-11T07:12:38Z,2026-05-11 00:13:32
PrizePicks,player_points,Jaylon Tyson,Under,6.5,-137,2026-05-12,2026-05-11T07:12:38Z,2026-05-11 00:13:32
PrizePicks,player_points,Dean Wade,Over,3.5,-137,2026-05-12,2026-05-11T07:12:38Z,2026-05-11 00:13:32
PrizePicks,player_points,Dean Wade,Under,3.5,-137,2026-05-12,2026-05-11T07:12:38Z,2026-05-11 00:13:32
PrizePicks,player_points,Shai Gilgeous-Alexander,Over,28.5,-137,2026-05-12,2026-05-11T07:12:41Z,2026-05-11 00:13:32
PrizePicks,player_points,Shai Gilgeous-Alexander,Under,28.5,-137,2026-05-12,2026-05-11T07:12:41Z,2026-05-11 00:13:32
PrizePicks,player_points,LeBron James,Over,22.5,-137,2026-05-12,2026-05-11T07:12:41Z,2026-05-11 00:13:32
PrizePicks,player_points,LeBron James,Under,22.5,-137,2026-05-12,2026-05-11T07:12:41Z,2026-05-11 00:13:32
PrizePicks,player_points,Austin Reaves,Over,21.5,-137,2026-05-12,2026-05-11T07:12:41Z,2026-05-11 00:13:32
PrizePicks,player_points,Austin Reaves,Under,21.5,-137,2026-05-12,2026-05-11T07:12:41Z,2026-05-11 00:13:32
PrizePicks,player_points,Chet Holmgren,Over,18.5,-137,2026-05-12,2026-05-11T07:12:41Z,2026-05-11 00:13:32
PrizePicks,player_points,Chet Holmgren,Under,18.5,-137,2026-05-12,2026-05-11T07:12:41Z,2026-05-11 00:13:32
PrizePicks,player_points,Ajay Mitchell,Over,17.5,-137,2026-05-12,2026-05-11T07:12:41Z,2026-05-11 00:13:32
PrizePicks,player_points,Ajay Mitchell,Under,17.5,-137,2026-05-12,2026-05-11T07:12:41Z,2026-05-11 00:13:32
PrizePicks,player_points,Rui Hachimura,Over,14.5,-137,2026-05-12,2026-05-11T07:12:41Z,2026-05-11 00:13:32
PrizePicks,player_points,Rui Hachimura,Under,14.5,-137,2026-05-12,2026-05-11T07:12:41Z,2026-05-11 00:13:32
PrizePicks,player_points,Marcus Smart,Over,10.5,-137,2026-05-12,2026-05-11T07:12:41Z,2026-05-11 00:13:32
PrizePicks,player_points,Marcus Smart,Under,10.5,-137,2026-05-12,2026-05-11T07:12:41Z,2026-05-11 00:13:32
PrizePicks,player_points,Deandre Ayton,Over,9.5,-137,2026-05-12,2026-05-11T07:12:41Z,2026-05-11 00:13:32
PrizePicks,player_points,Deandre Ayton,Under,9.5,-137,2026-05-12,2026-05-11T07:12:41Z,2026-05-11 00:13:32
PrizePicks,player_points,Luke Kennard,Over,9.5,-137,2026-05-12,2026-05-11T07:12:41Z,2026-05-11 00:13:32
PrizePicks,player_points,Luke Kennard,Under,9.5,-137,2026-05-12,2026-05-11T07:12:41Z,2026-05-11 00:13:32
PrizePicks,player_points,Isaiah Hartenstein,Over,8.5,-137,2026-05-12,2026-05-11T07:12:41Z,2026-05-11 00:13:32
PrizePicks,player_points,Isaiah Hartenstein,Under,8.5,-137,2026-05-12,2026-05-11T07:12:41Z,2026-05-11 00:13:32
PrizePicks,player_points,Cason Wallace,Over,7.0,-137,2026-05-12,2026-05-11T07:12:41Z,2026-05-11 00:13:32
PrizePicks,player_points,Cason Wallace,Under,7.0,-137,2026-05-12,2026-05-11T07:12:41Z,2026-05-11 00:13:32
PrizePicks,player_points,Alex Caruso,Over,6.5,-137,2026-05-12,2026-05-11T07:12:41Z,2026-05-11 00:13:32
PrizePicks,player_points,Alex Caruso,Under,6.5,-137,2026-05-12,2026-05-11T07:12:41Z,2026-05-11 00:13:32
PrizePicks,player_points,Isaiah Joe,Over,5.5,-137,2026-05-12,2026-05-11T07:12:41Z,2026-05-11 00:13:32
PrizePicks,player_points,Isaiah Joe,Under,5.5,-137,2026-05-12,2026-05-11T07:12:41Z,2026-05-11 00:13:32
PrizePicks,player_points,Jaylin Williams,Over,3.5,-137,2026-05-12,2026-05-11T07:12:41Z,2026-05-11 00:13:32
PrizePicks,player_points,Jaylin Williams,Under,3.5,-137,2026-05-12,2026-05-11T07:12:41Z,2026-05-11 00:13:32
PrizePicks,player_points,Anthony Edwards,Over,27.5,-137,2026-05-13,2026-05-11T07:12:42Z,2026-05-11 00:13:32
PrizePicks,player_points,Anthony Edwards,Under,27.5,-137,2026-05-13,2026-05-11T07:12:42Z,2026-05-11 00:13:32
PrizePicks,player_points,Victor Wembanyama,Over,26.5,-137,2026-05-13,2026-05-11T07:12:42Z,2026-05-11 00:13:32
PrizePicks,player_points,Victor Wembanyama,Under,26.5,-137,2026-05-13,2026-05-11T07:12:42Z,2026-05-11 00:13:32
PrizePicks,player_points,De'Aaron Fox,Over,17.5,-137,2026-05-13,2026-05-11T07:12:42Z,2026-05-11 00:13:32
PrizePicks,player_points,De'Aaron Fox,Under,17.5,-137,2026-05-13,2026-05-11T07:12:42Z,2026-05-11 00:13:32
PrizePicks,player_points,Julius Randle,Over,17.5,-137,2026-05-13,2026-05-11T07:12:42Z,2026-05-11 00:13:32
PrizePicks,player_points,Julius Randle,Under,17.5,-137,2026-05-13,2026-05-11T07:12:42Z,2026-05-11 00:13:32
PrizePicks,player_points,Stephon Castle,Over,17.5,-137,2026-05-13,2026-05-11T07:12:42Z,2026-05-11 00:13:32
PrizePicks,player_points,Stephon Castle,Under,17.5,-137,2026-05-13,2026-05-11T07:12:42Z,2026-05-11 00:13:32
PrizePicks,player_points,Jaden McDaniels,Over,15.5,-137,2026-05-13,2026-05-11T07:12:42Z,2026-05-11 00:13:32
PrizePicks,player_points,Jaden McDaniels,Under,15.5,-137,2026-05-13,2026-05-11T07:12:42Z,2026-05-11 00:13:32
PrizePicks,player_points,Ayo Dosunmu,Over,12.5,-137,2026-05-13,2026-05-11T07:12:42Z,2026-05-11 00:13:32
PrizePicks,player_points,Ayo Dosunmu,Under,12.5,-137,2026-05-13,2026-05-11T07:12:42Z,2026-05-11 00:13:32
PrizePicks,player_points,Devin Vassell,Over,12.5,-137,2026-05-13,2026-05-11T07:12:42Z,2026-05-11 00:13:32
PrizePicks,player_points,Devin Vassell,Under,12.5,-137,2026-05-13,2026-05-11T07:12:42Z,2026-05-11 00:13:32
PrizePicks,player_points,Naz Reid,Over,11.5,-137,2026-05-13,2026-05-11T07:12:42Z,2026-05-11 00:13:32
PrizePicks,player_points,Naz Reid,Under,11.5,-137,2026-05-13,2026-05-11T07:12:42Z,2026-05-11 00:13:32
PrizePicks,player_points,Dylan Harper,Over,10.5,-137,2026-05-13,2026-05-11T07:12:42Z,2026-05-11 00:13:32
PrizePicks,player_points,Dylan Harper,Under,10.5,-137,2026-05-13,2026-05-11T07:12:42Z,2026-05-11 00:13:32
PrizePicks,player_points,Keldon Johnson,Over,8.5,-137,2026-05-13,2026-05-11T07:12:42Z,2026-05-11 00:13:32
PrizePicks,player_points,Keldon Johnson,Under,8.5,-137,2026-05-13,2026-05-11T07:12:42Z,2026-05-11 00:13:32
PrizePicks,player_points,Rudy Gobert,Over,7.5,-137,2026-05-13,2026-05-11T07:12:42Z,2026-05-11 00:13:32
PrizePicks,player_points,Rudy Gobert,Under,7.5,-137,2026-05-13,2026-05-11T07:12:42Z,2026-05-11 00:13:32
PrizePicks,player_points,Terrence Shannon Jr.,Over,7.5,-137,2026-05-13,2026-05-11T07:12:42Z,2026-05-11 00:13:32
PrizePicks,player_points,Terrence Shannon Jr.,Under,7.5,-137,2026-05-13,2026-05-11T07:12:42Z,2026-05-11 00:13:32
Underdog,player_points,Donovan Mitchell,Over,27.5,-137,2026-05-12,2026-05-11T07:13:27Z,2026-05-11 00:13:32
Underdog,player_points,Donovan Mitchell,Under,27.5,-137,2026-05-12,2026-05-11T07:13:27Z,2026-05-11 00:13:32
Underdog,player_points,Jarrett Allen,Over,12.5,-137,2026-05-12,2026-05-11T07:13:27Z,2026-05-11 00:13:32
Underdog,player_points,Jarrett Allen,Under,12.5,-137,2026-05-12,2026-05-11T07:13:27Z,2026-05-11 00:13:32
Underdog,player_points,Tobias Harris,Over,18.5,-137,2026-05-12,2026-05-11T07:13:27Z,2026-05-11 00:13:32
Underdog,player_points,Tobias Harris,Under,18.5,-137,2026-05-12,2026-05-11T07:13:27Z,2026-05-11 00:13:32
Underdog,player_points,Dennis Schroder,Over,6.5,-137,2026-05-12,2026-05-11T07:13:27Z,2026-05-11 00:13:32
Underdog,player_points,Dennis Schroder,Under,6.5,-137,2026-05-12,2026-05-11T07:13:27Z,2026-05-11 00:13:32
Underdog,player_points,Jalen Duren,Over,13.5,-137,2026-05-12,2026-05-11T07:13:27Z,2026-05-11 00:13:32
Underdog,player_points,Jalen Duren,Under,13.5,-137,2026-05-12,2026-05-11T07:13:27Z,2026-05-11 00:13:32
Underdog,player_points,Duncan Robinson,Over,11.5,-137,2026-05-12,2026-05-11T07:13:27Z,2026-05-11 00:13:32
Underdog,player_points,Duncan Robinson,Under,11.5,-137,2026-05-12,2026-05-11T07:13:27Z,2026-05-11 00:13:32
Underdog,player_points,Jaylon Tyson,Over,6.5,-137,2026-05-12,2026-05-11T07:13:27Z,2026-05-11 00:13:32
Underdog,player_points,Jaylon Tyson,Under,6.5,-137,2026-05-12,2026-05-11T07:13:27Z,2026-05-11 00:13:32
Underdog,player_points,Shai Gilgeous-Alexander,Over,28.5,-137,2026-05-12,2026-05-11T07:13:24Z,2026-05-11 00:13:32
Underdog,player_points,Shai Gilgeous-Alexander,Under,28.5,-137,2026-05-12,2026-05-11T07:13:24Z,2026-05-11 00:13:32
Underdog,player_points,LeBron James,Over,22.5,-137,2026-05-12,2026-05-11T07:13:24Z,2026-05-11 00:13:32
Underdog,player_points,LeBron James,Under,22.5,-137,2026-05-12,2026-05-11T07:13:24Z,2026-05-11 00:13:32
Underdog,player_points,Austin Reaves,Over,21.5,-137,2026-05-12,2026-05-11T07:13:24Z,2026-05-11 00:13:32
Underdog,player_points,Austin Reaves,Under,21.5,-137,2026-05-12,2026-05-11T07:13:24Z,2026-05-11 00:13:32
Underdog,player_points,Alex Caruso,Over,6.5,-137,2026-05-12,2026-05-11T07:13:24Z,2026-05-11 00:13:32
Underdog,player_points,Alex Caruso,Under,6.5,-137,2026-05-12,2026-05-11T07:13:24Z,2026-05-11 00:13:32
Underdog,player_points,Rui Hachimura,Over,14.5,-137,2026-05-12,2026-05-11T07:13:24Z,2026-05-11 00:13:32
Underdog,player_points,Rui Hachimura,Under,14.5,-137,2026-05-12,2026-05-11T07:13:24Z,2026-05-11 00:13:32
Underdog,player_points,Luke Kennard,Over,9.5,-137,2026-05-12,2026-05-11T07:13:24Z,2026-05-11 00:13:32
Underdog,player_points,Luke Kennard,Under,9.5,-137,2026-05-12,2026-05-11T07:13:24Z,2026-05-11 00:13:32
Underdog,player_points,Isaiah Joe,Over,5.5,-137,2026-05-12,2026-05-11T07:13:24Z,2026-05-11 00:13:32
Underdog,player_points,Isaiah Joe,Under,5.5,-137,2026-05-12,2026-05-11T07:13:24Z,2026-05-11 00:13:32
Underdog,player_points,Ajay Mitchell,Over,17.5,-137,2026-05-12,2026-05-11T07:13:24Z,2026-05-11 00:13:32
Underdog,player_points,Ajay Mitchell,Under,17.5,-137,2026-05-12,2026-05-11T07:13:24Z,2026-05-11 00:13:32
Underdog,player_points,Victor Wembanyama,Over,26.5,-137,2026-05-13,2026-05-11T07:12:49Z,2026-05-11 00:13:32
Underdog,player_points,Victor Wembanyama,Under,26.5,-137,2026-05-13,2026-05-11T07:12:49Z,2026-05-11 00:13:32
Underdog,player_points,Anthony Edwards,Over,27.5,-137,2026-05-13,2026-05-11T07:12:49Z,2026-05-11 00:13:32
Underdog,player_points,Anthony Edwards,Under,27.5,-137,2026-05-13,2026-05-11T07:12:49Z,2026-05-11 00:13:32
Underdog,player_points,De'Aaron Fox,Over,17.5,-137,2026-05-13,2026-05-11T07:12:49Z,2026-05-11 00:13:32
Underdog,player_points,De'Aaron Fox,Under,17.5,-137,2026-05-13,2026-05-11T07:12:49Z,2026-05-11 00:13:32
Underdog,player_points,Devin Vassell,Over,12.5,-137,2026-05-13,2026-05-11T07:12:49Z,2026-05-11 00:13:32
Underdog,player_points,Devin Vassell,Under,12.5,-137,2026-05-13,2026-05-11T07:12:49Z,2026-05-11 00:13:32
Underdog,player_points,Dylan Harper,Over,10.5,-137,2026-05-13,2026-05-11T07:12:49Z,2026-05-11 00:13:32
Underdog,player_points,Dylan Harper,Under,10.5,-137,2026-05-13,2026-05-11T07:12:49Z,2026-05-11 00:13:32
Underdog,player_points,Keldon Johnson,Over,8.5,-137,2026-05-13,2026-05-11T07:12:49Z,2026-05-11 00:13:32
Underdog,player_points,Keldon Johnson,Under,8.5,-137,2026-05-13,2026-05-11T07:12:49Z,2026-05-11 00:13:32
Underdog,player_points,Stephon Castle,Over,17.5,-137,2026-05-13,2026-05-11T07:12:49Z,2026-05-11 00:13:32
Underdog,player_points,Stephon Castle,Under,17.5,-137,2026-05-13,2026-05-11T07:12:49Z,2026-05-11 00:13:32
Underdog,player_points,Ayo Dosunmu,Over,12.5,-137,2026-05-13,2026-05-11T07:12:49Z,2026-05-11 00:13:32
Underdog,player_points,Ayo Dosunmu,Under,12.5,-137,2026-05-13,2026-05-11T07:12:49Z,2026-05-11 00:13:32
Underdog,player_points,Julian Champagnie,Over,8.5,-137,2026-05-13,2026-05-11T07:12:49Z,2026-05-11 00:13:32
Underdog,player_points,Julian Champagnie,Under,8.5,-137,2026-05-13,2026-05-11T07:12:49Z,2026-05-11 00:13:32
Underdog,player_points,Naz Reid,Over,11.5,-137,2026-05-13,2026-05-11T07:12:49Z,2026-05-11 00:13:32
Underdog,player_points,Naz Reid,Under,11.5,-137,2026-05-13,2026-05-11T07:12:49Z,2026-05-11 00:13:32
Underdog,player_points,Terrence Shannon Jr.,Over,7.5,-137,2026-05-13,2026-05-11T07:12:49Z,2026-05-11 00:13:32
Underdog,player_points,Terrence Shannon Jr.,Under,7.5,-137,2026-05-13,2026-05-11T07:12:49Z,2026-05-11 00:13:32
Betr DFS,player_points,Duncan Robinson,Over,11.5,-137,2026-05-12,2026-05-11T07:13:11Z,2026-05-11 00:13:32
Betr DFS,player_points,Duncan Robinson,Under,11.5,-137,2026-05-12,2026-05-11T07:13:11Z,2026-05-11 00:13:32
Betr DFS,player_points,Tobias Harris,Over,18.5,-137,2026-05-12,2026-05-11T07:13:11Z,2026-05-11 00:13:32
Betr DFS,player_points,Tobias Harris,Under,18.5,-137,2026-05-12,2026-05-11T07:13:11Z,2026-05-11 00:13:32
Betr DFS,player_points,Isaiah Stewart II,Over,3.5,-137,2026-05-12,2026-05-11T07:13:11Z,2026-05-11 00:13:32
Betr DFS,player_points,Isaiah Stewart II,Under,3.5,-137,2026-05-12,2026-05-11T07:13:11Z,2026-05-11 00:13:32
Betr DFS,player_points,Cade Cunningham,Over,27.5,-137,2026-05-12,2026-05-11T07:13:11Z,2026-05-11 00:13:32
Betr DFS,player_points,Cade Cunningham,Under,27.5,-137,2026-05-12,2026-05-11T07:13:11Z,2026-05-11 00:13:32
Betr DFS,player_points,Jalen Duren,Over,13.5,-137,2026-05-12,2026-05-11T07:13:11Z,2026-05-11 00:13:32
Betr DFS,player_points,Jalen Duren,Under,13.5,-137,2026-05-12,2026-05-11T07:13:11Z,2026-05-11 00:13:32
Betr DFS,player_points,Ausar Thompson,Over,9.5,-137,2026-05-12,2026-05-11T07:13:11Z,2026-05-11 00:13:32
Betr DFS,player_points,Ausar Thompson,Under,9.5,-137,2026-05-12,2026-05-11T07:13:11Z,2026-05-11 00:13:32
Betr DFS,player_points,Daniss Jenkins,Over,9.5,-137,2026-05-12,2026-05-11T07:13:11Z,2026-05-11 00:13:32
Betr DFS,player_points,Daniss Jenkins,Under,9.5,-137,2026-05-12,2026-05-11T07:13:11Z,2026-05-11 00:13:32
Betr DFS,player_points,Max Strus,Over,8.5,-137,2026-05-12,2026-05-11T07:13:11Z,2026-05-11 00:13:32
Betr DFS,player_points,Max Strus,Under,8.5,-137,2026-05-12,2026-05-11T07:13:11Z,2026-05-11 00:13:32
Betr DFS,player_points,James Harden,Over,19.5,-137,2026-05-12,2026-05-11T07:13:11Z,2026-05-11 00:13:32
Betr DFS,player_points,James Harden,Under,19.5,-137,2026-05-12,2026-05-11T07:13:11Z,2026-05-11 00:13:32
Betr DFS,player_points,Jarrett Allen,Over,12.5,-137,2026-05-12,2026-05-11T07:13:11Z,2026-05-11 00:13:32
Betr DFS,player_points,Jarrett Allen,Under,12.5,-137,2026-05-12,2026-05-11T07:13:11Z,2026-05-11 00:13:32
Betr DFS,player_points,Donovan Mitchell,Over,27.5,-137,2026-05-12,2026-05-11T07:13:11Z,2026-05-11 00:13:32
Betr DFS,player_points,Donovan Mitchell,Under,27.5,-137,2026-05-12,2026-05-11T07:13:11Z,2026-05-11 00:13:32
Betr DFS,player_points,Dean Wade,Over,3.5,-137,2026-05-12,2026-05-11T07:13:11Z,2026-05-11 00:13:32
Betr DFS,player_points,Dean Wade,Under,3.5,-137,2026-05-12,2026-05-11T07:13:11Z,2026-05-11 00:13:32
Betr DFS,player_points,Evan Mobley,Over,15.5,-137,2026-05-12,2026-05-11T07:13:11Z,2026-05-11 00:13:32
Betr DFS,player_points,Evan Mobley,Under,15.5,-137,2026-05-12,2026-05-11T07:13:11Z,2026-05-11 00:13:32
Betr DFS,player_points,Dennis Schroder,Over,6.5,-137,2026-05-12,2026-05-11T07:13:11Z,2026-05-11 00:13:32
Betr DFS,player_points,Dennis Schroder,Under,6.5,-137,2026-05-12,2026-05-11T07:13:11Z,2026-05-11 00:13:32
Betr DFS,player_points,Jaylon Tyson,Over,6.5,-137,2026-05-12,2026-05-11T07:13:11Z,2026-05-11 00:13:32
Betr DFS,player_points,Jaylon Tyson,Under,6.5,-137,2026-05-12,2026-05-11T07:13:11Z,2026-05-11 00:13:32
Betr DFS,player_points,Isaiah Hartenstein,Over,8.5,-137,2026-05-12,2026-05-11T07:13:22Z,2026-05-11 00:13:32
Betr DFS,player_points,Isaiah Hartenstein,Under,8.5,-137,2026-05-12,2026-05-11T07:13:22Z,2026-05-11 00:13:32
Betr DFS,player_points,Alex Caruso,Over,6.5,-137,2026-05-12,2026-05-11T07:13:22Z,2026-05-11 00:13:32
Betr DFS,player_points,Alex Caruso,Under,6.5,-137,2026-05-12,2026-05-11T07:13:22Z,2026-05-11 00:13:32
Betr DFS,player_points,Shai Gilgeous-Alexander,Over,28.5,-137,2026-05-12,2026-05-11T07:13:22Z,2026-05-11 00:13:32
Betr DFS,player_points,Shai Gilgeous-Alexander,Under,28.5,-137,2026-05-12,2026-05-11T07:13:22Z,2026-05-11 00:13:32
Betr DFS,player_points,Isaiah Joe,Over,5.5,-137,2026-05-12,2026-05-11T07:13:22Z,2026-05-11 00:13:32
Betr DFS,player_points,Isaiah Joe,Under,5.5,-137,2026-05-12,2026-05-11T07:13:22Z,2026-05-11 00:13:32
Betr DFS,player_points,Chet Holmgren,Over,17.5,-137,2026-05-12,2026-05-11T07:13:22Z,2026-05-11 00:13:32
Betr DFS,player_points,Chet Holmgren,Under,17.5,-137,2026-05-12,2026-05-11T07:13:22Z,2026-05-11 00:13:32
Betr DFS,player_points,Jaylin Williams,Over,3.5,-137,2026-05-12,2026-05-11T07:13:22Z,2026-05-11 00:13:32
Betr DFS,player_points,Jaylin Williams,Under,3.5,-137,2026-05-12,2026-05-11T07:13:22Z,2026-05-11 00:13:32
Betr DFS,player_points,Cason Wallace,Over,6.5,-137,2026-05-12,2026-05-11T07:13:22Z,2026-05-11 00:13:32
Betr DFS,player_points,Cason Wallace,Under,6.5,-137,2026-05-12,2026-05-11T07:13:22Z,2026-05-11 00:13:32
Betr DFS,player_points,Ajay Mitchell,Over,17.5,-137,2026-05-12,2026-05-11T07:13:22Z,2026-05-11 00:13:32
Betr DFS,player_points,Ajay Mitchell,Under,17.5,-137,2026-05-12,2026-05-11T07:13:22Z,2026-05-11 00:13:32
Betr DFS,player_points,Marcus Smart,Over,10.5,-137,2026-05-12,2026-05-11T07:13:22Z,2026-05-11 00:13:32
Betr DFS,player_points,Marcus Smart,Under,10.5,-137,2026-05-12,2026-05-11T07:13:22Z,2026-05-11 00:13:32
Betr DFS,player_points,Luke Kennard,Over,9.5,-137,2026-05-12,2026-05-11T07:13:22Z,2026-05-11 00:13:32
Betr DFS,player_points,Luke Kennard,Under,9.5,-137,2026-05-12,2026-05-11T07:13:22Z,2026-05-11 00:13:32
Betr DFS,player_points,LeBron James,Over,22.5,-137,2026-05-12,2026-05-11T07:13:22Z,2026-05-11 00:13:32
Betr DFS,player_points,LeBron James,Under,22.5,-137,2026-05-12,2026-05-11T07:13:22Z,2026-05-11 00:13:32
Betr DFS,player_points,Rui Hachimura,Over,14.5,-137,2026-05-12,2026-05-11T07:13:22Z,2026-05-11 00:13:32
Betr DFS,player_points,Rui Hachimura,Under,14.5,-137,2026-05-12,2026-05-11T07:13:22Z,2026-05-11 00:13:32
Betr DFS,player_points,Austin Reaves,Over,21.5,-137,2026-05-12,2026-05-11T07:13:22Z,2026-05-11 00:13:32
Betr DFS,player_points,Austin Reaves,Under,21.5,-137,2026-05-12,2026-05-11T07:13:22Z,2026-05-11 00:13:32
Betr DFS,player_points,Deandre Ayton,Over,9.5,-137,2026-05-12,2026-05-11T07:13:22Z,2026-05-11 00:13:32
Betr DFS,player_points,Deandre Ayton,Under,9.5,-137,2026-05-12,2026-05-11T07:13:22Z,2026-05-11 00:13:32
Betr DFS,player_points,Julius Randle,Over,17.5,-137,2026-05-13,2026-05-11T07:12:43Z,2026-05-11 00:13:32
Betr DFS,player_points,Julius Randle,Under,17.5,-137,2026-05-13,2026-05-11T07:12:43Z,2026-05-11 00:13:32
Betr DFS,player_points,Ayo Dosunmu,Over,12.5,-137,2026-05-13,2026-05-11T07:12:43Z,2026-05-11 00:13:32
Betr DFS,player_points,Ayo Dosunmu,Under,12.5,-137,2026-05-13,2026-05-11T07:12:43Z,2026-05-11 00:13:32
Betr DFS,player_points,Rudy Gobert,Over,7.5,-137,2026-05-13,2026-05-11T07:12:43Z,2026-05-11 00:13:32
Betr DFS,player_points,Rudy Gobert,Under,7.5,-137,2026-05-13,2026-05-11T07:12:43Z,2026-05-11 00:13:32
Betr DFS,player_points,Naz Reid,Over,11.5,-137,2026-05-13,2026-05-11T07:12:43Z,2026-05-11 00:13:32
Betr DFS,player_points,Naz Reid,Under,11.5,-137,2026-05-13,2026-05-11T07:12:43Z,2026-05-11 00:13:32
Betr DFS,player_points,Anthony Edwards,Over,27.5,-137,2026-05-13,2026-05-11T07:12:43Z,2026-05-11 00:13:32
Betr DFS,player_points,Anthony Edwards,Under,27.5,-137,2026-05-13,2026-05-11T07:12:43Z,2026-05-11 00:13:32
Betr DFS,player_points,Jaden McDaniels,Over,15.5,-137,2026-05-13,2026-05-11T07:12:43Z,2026-05-11 00:13:32
Betr DFS,player_points,Jaden McDaniels,Under,15.5,-137,2026-05-13,2026-05-11T07:12:43Z,2026-05-11 00:13:32
Betr DFS,player_points,Terrence Shannon Jr.,Over,7.5,-137,2026-05-13,2026-05-11T07:12:43Z,2026-05-11 00:13:32
Betr DFS,player_points,Terrence Shannon Jr.,Under,7.5,-137,2026-05-13,2026-05-11T07:12:43Z,2026-05-11 00:13:32
Betr DFS,player_points,Keldon Johnson,Over,8.5,-137,2026-05-13,2026-05-11T07:12:43Z,2026-05-11 00:13:32
Betr DFS,player_points,Keldon Johnson,Under,8.5,-137,2026-05-13,2026-05-11T07:12:43Z,2026-05-11 00:13:32
Betr DFS,player_points,Devin Vassell,Over,12.5,-137,2026-05-13,2026-05-11T07:12:43Z,2026-05-11 00:13:32
Betr DFS,player_points,Devin Vassell,Under,12.5,-137,2026-05-13,2026-05-11T07:12:43Z,2026-05-11 00:13:32
Betr DFS,player_points,Julian Champagnie,Over,7.5,-137,2026-05-13,2026-05-11T07:12:43Z,2026-05-11 00:13:32
Betr DFS,player_points,Julian Champagnie,Under,7.5,-137,2026-05-13,2026-05-11T07:12:43Z,2026-05-11 00:13:32
Betr DFS,player_points,De'Aaron Fox,Over,17.5,-137,2026-05-13,2026-05-11T07:12:43Z,2026-05-11 00:13:32
Betr DFS,player_points,De'Aaron Fox,Under,17.5,-137,2026-05-13,2026-05-11T07:12:43Z,2026-05-11 00:13:32
Betr DFS,player_points,Victor Wembanyama,Over,26.5,-137,2026-05-13,2026-05-11T07:12:43Z,2026-05-11 00:13:32
Betr DFS,player_points,Victor Wembanyama,Under,26.5,-137,2026-05-13,2026-05-11T07:12:43Z,2026-05-11 00:13:32
Betr DFS,player_points,Stephon Castle,Over,17.5,-137,2026-05-13,2026-05-11T07:12:43Z,2026-05-11 00:13:32
Betr DFS,player_points,Stephon Castle,Under,17.5,-137,2026-05-13,2026-05-11T07:12:43Z,2026-05-11 00:13:32
Betr DFS,player_points,Dylan Harper,Over,10.5,-137,2026-05-13,2026-05-11T07:12:43Z,2026-05-11 00:13:32
Betr DFS,player_points,Dylan Harper,Under,10.5,-137,2026-05-13,2026-05-11T07:12:43Z,2026-05-11 00:13:32
DraftKings Pick6,player_points,Max Strus,Over,8.5,-137,2026-05-12,2026-05-11T07:13:08Z,2026-05-11 00:13:32
DraftKings Pick6,player_points,Jalen Duren,Over,13.5,-137,2026-05-12,2026-05-11T07:13:08Z,2026-05-11 00:13:32
DraftKings Pick6,player_points,Jalen Duren,Under,13.5,-137,2026-05-12,2026-05-11T07:13:08Z,2026-05-11 00:13:32
DraftKings Pick6,player_points,Donovan Mitchell,Over,27.5,-137,2026-05-12,2026-05-11T07:13:08Z,2026-05-11 00:13:32
DraftKings Pick6,player_points,Donovan Mitchell,Under,27.5,-137,2026-05-12,2026-05-11T07:13:08Z,2026-05-11 00:13:32
DraftKings Pick6,player_points,Cade Cunningham,Over,27.5,-137,2026-05-12,2026-05-11T07:13:08Z,2026-05-11 00:13:32
DraftKings Pick6,player_points,Cade Cunningham,Under,27.5,-137,2026-05-12,2026-05-11T07:13:08Z,2026-05-11 00:13:32
DraftKings Pick6,player_points,Jarrett Allen,Over,12.5,-137,2026-05-12,2026-05-11T07:13:08Z,2026-05-11 00:13:32
DraftKings Pick6,player_points,Jarrett Allen,Under,12.5,-137,2026-05-12,2026-05-11T07:13:08Z,2026-05-11 00:13:32
DraftKings Pick6,player_points,Tobias Harris,Over,18.5,-137,2026-05-12,2026-05-11T07:13:08Z,2026-05-11 00:13:32
DraftKings Pick6,player_points,Tobias Harris,Under,18.5,-137,2026-05-12,2026-05-11T07:13:08Z,2026-05-11 00:13:32
DraftKings Pick6,player_points,Duncan Robinson,Over,11.5,-137,2026-05-12,2026-05-11T07:13:08Z,2026-05-11 00:13:32
DraftKings Pick6,player_points,Duncan Robinson,Under,11.5,-137,2026-05-12,2026-05-11T07:13:08Z,2026-05-11 00:13:32
DraftKings Pick6,player_points,James Harden,Over,19.5,-137,2026-05-12,2026-05-11T07:13:08Z,2026-05-11 00:13:32
DraftKings Pick6,player_points,James Harden,Under,19.5,-137,2026-05-12,2026-05-11T07:13:08Z,2026-05-11 00:13:32
DraftKings Pick6,player_points,Jaylon Tyson,Over,6.5,-137,2026-05-12,2026-05-11T07:13:08Z,2026-05-11 00:13:32
DraftKings Pick6,player_points,Jaylon Tyson,Under,6.5,-137,2026-05-12,2026-05-11T07:13:08Z,2026-05-11 00:13:32
DraftKings Pick6,player_points,Dennis Schroder,Over,7.5,-137,2026-05-12,2026-05-11T07:13:08Z,2026-05-11 00:13:32
DraftKings Pick6,player_points,Dean Wade,Over,3.5,-137,2026-05-12,2026-05-11T07:13:08Z,2026-05-11 00:13:32
DraftKings Pick6,player_points,Dean Wade,Under,3.5,-137,2026-05-12,2026-05-11T07:13:08Z,2026-05-11 00:13:32
DraftKings Pick6,player_points,Daniss Jenkins,Over,9.5,-137,2026-05-12,2026-05-11T07:13:08Z,2026-05-11 00:13:32
DraftKings Pick6,player_points,Ajay Mitchell,Over,17.5,-137,2026-05-12,2026-05-11T07:12:48Z,2026-05-11 00:13:32
DraftKings Pick6,player_points,Ajay Mitchell,Under,17.5,-137,2026-05-12,2026-05-11T07:12:48Z,2026-05-11 00:13:32
DraftKings Pick6,player_points,Rui Hachimura,Over,14.5,-137,2026-05-12,2026-05-11T07:12:48Z,2026-05-11 00:13:32
DraftKings Pick6,player_points,Rui Hachimura,Under,14.5,-137,2026-05-12,2026-05-11T07:12:48Z,2026-05-11 00:13:32
DraftKings Pick6,player_points,Isaiah Hartenstein,Over,8.5,-137,2026-05-12,2026-05-11T07:12:48Z,2026-05-11 00:13:32
DraftKings Pick6,player_points,Isaiah Hartenstein,Under,8.5,-137,2026-05-12,2026-05-11T07:12:48Z,2026-05-11 00:13:32
DraftKings Pick6,player_points,Cason Wallace,Over,7.5,-137,2026-05-12,2026-05-11T07:12:48Z,2026-05-11 00:13:32
DraftKings Pick6,player_points,Chet Holmgren,Over,18.5,-137,2026-05-12,2026-05-11T07:12:48Z,2026-05-11 00:13:32
DraftKings Pick6,player_points,Chet Holmgren,Under,18.5,-137,2026-05-12,2026-05-11T07:12:48Z,2026-05-11 00:13:32
DraftKings Pick6,player_points,Luke Kennard,Over,9.5,-137,2026-05-12,2026-05-11T07:12:48Z,2026-05-11 00:13:32
DraftKings Pick6,player_points,Luke Kennard,Under,9.5,-137,2026-05-12,2026-05-11T07:12:48Z,2026-05-11 00:13:32
DraftKings Pick6,player_points,Alex Caruso,Over,6.5,-137,2026-05-12,2026-05-11T07:12:48Z,2026-05-11 00:13:32
DraftKings Pick6,player_points,Alex Caruso,Under,6.5,-137,2026-05-12,2026-05-11T07:12:48Z,2026-05-11 00:13:32
DraftKings Pick6,player_points,Austin Reaves,Over,21.5,-137,2026-05-12,2026-05-11T07:12:48Z,2026-05-11 00:13:32
DraftKings Pick6,player_points,Austin Reaves,Under,21.5,-137,2026-05-12,2026-05-11T07:12:48Z,2026-05-11 00:13:32
DraftKings Pick6,player_points,LeBron James,Over,22.5,-137,2026-05-12,2026-05-11T07:12:48Z,2026-05-11 00:13:32
DraftKings Pick6,player_points,LeBron James,Under,22.5,-137,2026-05-12,2026-05-11T07:12:48Z,2026-05-11 00:13:32
DraftKings Pick6,player_points,Luguentz Dort,Over,6.5,-137,2026-05-12,2026-05-11T07:12:48Z,2026-05-11 00:13:32
DraftKings Pick6,player_points,Shai Gilgeous-Alexander,Over,28.5,-137,2026-05-12,2026-05-11T07:12:48Z,2026-05-11 00:13:32
DraftKings Pick6,player_points,Shai Gilgeous-Alexander,Under,28.5,-137,2026-05-12,2026-05-11T07:12:48Z,2026-05-11 00:13:32
DraftKings Pick6,player_points,Marcus Smart,Over,11.5,-137,2026-05-12,2026-05-11T07:12:48Z,2026-05-11 00:13:32
DraftKings Pick6,player_points,Jaylin Williams,Over,3.5,-137,2026-05-12,2026-05-11T07:12:48Z,2026-05-11 00:13:32
DraftKings Pick6,player_points,Jaylin Williams,Under,3.5,-137,2026-05-12,2026-05-11T07:12:48Z,2026-05-11 00:13:32
DraftKings Pick6,player_points,Deandre Ayton,Over,8.5,-137,2026-05-12,2026-05-11T07:12:48Z,2026-05-11 00:13:32
DraftKings Pick6,player_points,Deandre Ayton,Under,8.5,-137,2026-05-12,2026-05-11T07:12:48Z,2026-05-11 00:13:32
PrizePicks,player_rebounds,Jalen Duren,Over,10.5,-137,2026-05-12,2026-05-11T07:12:38Z,2026-05-11 00:13:32
PrizePicks,player_rebounds,Jalen Duren,Under,10.5,-137,2026-05-12,2026-05-11T07:12:38Z,2026-05-11 00:13:32
PrizePicks,player_rebounds,Jarrett Allen,Over,8.0,-137,2026-05-12,2026-05-11T07:12:38Z,2026-05-11 00:13:32
PrizePicks,player_rebounds,Jarrett Allen,Under,8.0,-137,2026-05-12,2026-05-11T07:12:38Z,2026-05-11 00:13:32
PrizePicks,player_rebounds,Evan Mobley,Over,8.0,-137,2026-05-12,2026-05-11T07:12:38Z,2026-05-11 00:13:32
PrizePicks,player_rebounds,Evan Mobley,Under,8.0,-137,2026-05-12,2026-05-11T07:12:38Z,2026-05-11 00:13:32
PrizePicks,player_rebounds,Ausar Thompson,Over,7.0,-137,2026-05-12,2026-05-11T07:12:38Z,2026-05-11 00:13:32
PrizePicks,player_rebounds,Ausar Thompson,Under,7.0,-137,2026-05-12,2026-05-11T07:12:38Z,2026-05-11 00:13:32
PrizePicks,player_rebounds,Tobias Harris,Over,6.0,-137,2026-05-12,2026-05-11T07:12:38Z,2026-05-11 00:13:32
PrizePicks,player_rebounds,Tobias Harris,Under,6.0,-137,2026-05-12,2026-05-11T07:12:38Z,2026-05-11 00:13:32
PrizePicks,player_rebounds,James Harden,Over,5.0,-137,2026-05-12,2026-05-11T07:12:38Z,2026-05-11 00:13:32
PrizePicks,player_rebounds,James Harden,Under,5.0,-137,2026-05-12,2026-05-11T07:12:38Z,2026-05-11 00:13:32
PrizePicks,player_rebounds,Donovan Mitchell,Over,4.0,-137,2026-05-12,2026-05-11T07:12:38Z,2026-05-11 00:13:32
PrizePicks,player_rebounds,Donovan Mitchell,Under,4.0,-137,2026-05-12,2026-05-11T07:12:38Z,2026-05-11 00:13:32
PrizePicks,player_rebounds,Max Strus,Over,4.0,-137,2026-05-12,2026-05-11T07:12:38Z,2026-05-11 00:13:32
PrizePicks,player_rebounds,Max Strus,Under,4.0,-137,2026-05-12,2026-05-11T07:12:38Z,2026-05-11 00:13:32
PrizePicks,player_rebounds,Duncan Robinson,Over,2.5,-137,2026-05-12,2026-05-11T07:12:38Z,2026-05-11 00:13:32
PrizePicks,player_rebounds,Duncan Robinson,Under,2.5,-137,2026-05-12,2026-05-11T07:12:38Z,2026-05-11 00:13:32
PrizePicks,player_rebounds,Isaiah Stewart II,Over,2.5,-137,2026-05-12,2026-05-11T07:12:38Z,2026-05-11 00:13:32
PrizePicks,player_rebounds,Isaiah Stewart II,Under,2.5,-137,2026-05-12,2026-05-11T07:12:38Z,2026-05-11 00:13:32
PrizePicks,player_rebounds,Dennis Schroder,Over,1.5,-137,2026-05-12,2026-05-11T07:12:38Z,2026-05-11 00:13:32
PrizePicks,player_rebounds,Dennis Schroder,Under,1.5,-137,2026-05-12,2026-05-11T07:12:38Z,2026-05-11 00:13:32
PrizePicks,player_rebounds,Deandre Ayton,Over,8.5,-137,2026-05-12,2026-05-11T07:12:41Z,2026-05-11 00:13:32
PrizePicks,player_rebounds,Deandre Ayton,Under,8.5,-137,2026-05-12,2026-05-11T07:12:41Z,2026-05-11 00:13:32
PrizePicks,player_rebounds,Isaiah Hartenstein,Over,8.5,-137,2026-05-12,2026-05-11T07:12:41Z,2026-05-11 00:13:32
PrizePicks,player_rebounds,Isaiah Hartenstein,Under,8.5,-137,2026-05-12,2026-05-11T07:12:41Z,2026-05-11 00:13:32
PrizePicks,player_rebounds,LeBron James,Over,6.5,-137,2026-05-12,2026-05-11T07:12:41Z,2026-05-11 00:13:32
PrizePicks,player_rebounds,LeBron James,Under,6.5,-137,2026-05-12,2026-05-11T07:12:41Z,2026-05-11 00:13:32
PrizePicks,player_rebounds,Rui Hachimura,Over,4.0,-137,2026-05-12,2026-05-11T07:12:41Z,2026-05-11 00:13:32
PrizePicks,player_rebounds,Rui Hachimura,Under,4.0,-137,2026-05-12,2026-05-11T07:12:41Z,2026-05-11 00:13:32
PrizePicks,player_rebounds,Shai Gilgeous-Alexander,Over,4.0,-137,2026-05-12,2026-05-11T07:12:41Z,2026-05-11 00:13:32
PrizePicks,player_rebounds,Shai Gilgeous-Alexander,Under,4.0,-137,2026-05-12,2026-05-11T07:12:41Z,2026-05-11 00:13:32
PrizePicks,player_rebounds,Cason Wallace,Over,2.5,-137,2026-05-12,2026-05-11T07:12:41Z,2026-05-11 00:13:32
PrizePicks,player_rebounds,Cason Wallace,Under,2.5,-137,2026-05-12,2026-05-11T07:12:41Z,2026-05-11 00:13:32
PrizePicks,player_rebounds,Luke Kennard,Over,2.5,-137,2026-05-12,2026-05-11T07:12:41Z,2026-05-11 00:13:32
PrizePicks,player_rebounds,Luke Kennard,Under,2.5,-137,2026-05-12,2026-05-11T07:12:41Z,2026-05-11 00:13:32
PrizePicks,player_rebounds,Victor Wembanyama,Over,12.5,-137,2026-05-13,2026-05-11T07:12:42Z,2026-05-11 00:13:32
PrizePicks,player_rebounds,Victor Wembanyama,Under,12.5,-137,2026-05-13,2026-05-11T07:12:42Z,2026-05-11 00:13:32
PrizePicks,player_rebounds,Rudy Gobert,Over,10.5,-137,2026-05-13,2026-05-11T07:12:42Z,2026-05-11 00:13:32
PrizePicks,player_rebounds,Rudy Gobert,Under,10.5,-137,2026-05-13,2026-05-11T07:12:42Z,2026-05-11 00:13:32
PrizePicks,player_rebounds,Naz Reid,Over,6.5,-137,2026-05-13,2026-05-11T07:12:42Z,2026-05-11 00:13:32
PrizePicks,player_rebounds,Naz Reid,Under,6.5,-137,2026-05-13,2026-05-11T07:12:42Z,2026-05-11 00:13:32
PrizePicks,player_rebounds,Ayo Dosunmu,Over,3.5,-137,2026-05-13,2026-05-11T07:12:42Z,2026-05-11 00:13:32
PrizePicks,player_rebounds,Ayo Dosunmu,Under,3.5,-137,2026-05-13,2026-05-11T07:12:42Z,2026-05-11 00:13:32
PrizePicks,player_rebounds,Dylan Harper,Over,3.5,-137,2026-05-13,2026-05-11T07:12:42Z,2026-05-11 00:13:32
PrizePicks,player_rebounds,Dylan Harper,Under,3.5,-137,2026-05-13,2026-05-11T07:12:42Z,2026-05-11 00:13:32
PrizePicks,player_rebounds,Keldon Johnson,Over,3.5,-137,2026-05-13,2026-05-11T07:12:42Z,2026-05-11 00:13:32
PrizePicks,player_rebounds,Keldon Johnson,Under,3.5,-137,2026-05-13,2026-05-11T07:12:42Z,2026-05-11 00:13:32
Underdog,player_rebounds,Jalen Duren,Over,10.5,-137,2026-05-12,2026-05-11T07:13:27Z,2026-05-11 00:13:32
Underdog,player_rebounds,Jalen Duren,Under,10.5,-137,2026-05-12,2026-05-11T07:13:27Z,2026-05-11 00:13:32
Underdog,player_rebounds,LeBron James,Over,6.5,-137,2026-05-12,2026-05-11T07:13:24Z,2026-05-11 00:13:32
Underdog,player_rebounds,LeBron James,Under,6.5,-137,2026-05-12,2026-05-11T07:13:24Z,2026-05-11 00:13:32
Underdog,player_rebounds,Deandre Ayton,Over,8.5,-137,2026-05-12,2026-05-11T07:13:24Z,2026-05-11 00:13:32
Underdog,player_rebounds,Deandre Ayton,Under,8.5,-137,2026-05-12,2026-05-11T07:13:24Z,2026-05-11 00:13:32
Underdog,player_rebounds,Cason Wallace,Over,2.5,-137,2026-05-12,2026-05-11T07:13:24Z,2026-05-11 00:13:32
Underdog,player_rebounds,Cason Wallace,Under,2.5,-137,2026-05-12,2026-05-11T07:13:24Z,2026-05-11 00:13:32
Underdog,player_rebounds,Victor Wembanyama,Over,12.5,-137,2026-05-13,2026-05-11T07:12:49Z,2026-05-11 00:13:32
Underdog,player_rebounds,Victor Wembanyama,Under,12.5,-137,2026-05-13,2026-05-11T07:12:49Z,2026-05-11 00:13:32
Underdog,player_rebounds,Rudy Gobert,Over,10.5,-137,2026-05-13,2026-05-11T07:12:49Z,2026-05-11 00:13:32
Underdog,player_rebounds,Rudy Gobert,Under,10.5,-137,2026-05-13,2026-05-11T07:12:49Z,2026-05-11 00:13:32
Underdog,player_rebounds,Keldon Johnson,Over,3.5,-137,2026-05-13,2026-05-11T07:12:49Z,2026-05-11 00:13:32
Underdog,player_rebounds,Keldon Johnson,Under,3.5,-137,2026-05-13,2026-05-11T07:12:49Z,2026-05-11 00:13:32
Underdog,player_rebounds,Ayo Dosunmu,Over,3.5,-137,2026-05-13,2026-05-11T07:12:49Z,2026-05-11 00:13:32
Underdog,player_rebounds,Ayo Dosunmu,Under,3.5,-137,2026-05-13,2026-05-11T07:12:49Z,2026-05-11 00:13:32
Underdog,player_rebounds,Naz Reid,Over,6.5,-137,2026-05-13,2026-05-11T07:12:49Z,2026-05-11 00:13:32
Underdog,player_rebounds,Naz Reid,Under,6.5,-137,2026-05-13,2026-05-11T07:12:49Z,2026-05-11 00:13:32
Betr DFS,player_rebounds,Tobias Harris,Over,6.0,-137,2026-05-12,2026-05-11T07:13:11Z,2026-05-11 00:13:32
Betr DFS,player_rebounds,Tobias Harris,Under,6.0,-137,2026-05-12,2026-05-11T07:13:11Z,2026-05-11 00:13:32
Betr DFS,player_rebounds,Ausar Thompson,Over,7.0,-137,2026-05-12,2026-05-11T07:13:11Z,2026-05-11 00:13:32
Betr DFS,player_rebounds,Ausar Thompson,Under,7.0,-137,2026-05-12,2026-05-11T07:13:11Z,2026-05-11 00:13:32
Betr DFS,player_rebounds,Max Strus,Over,4.0,-137,2026-05-12,2026-05-11T07:13:11Z,2026-05-11 00:13:32
Betr DFS,player_rebounds,Max Strus,Under,4.0,-137,2026-05-12,2026-05-11T07:13:11Z,2026-05-11 00:13:32
Betr DFS,player_rebounds,James Harden,Over,5.0,-137,2026-05-12,2026-05-11T07:13:11Z,2026-05-11 00:13:32
Betr DFS,player_rebounds,James Harden,Under,5.0,-137,2026-05-12,2026-05-11T07:13:11Z,2026-05-11 00:13:32
Betr DFS,player_rebounds,Jarrett Allen,Over,8.0,-137,2026-05-12,2026-05-11T07:13:11Z,2026-05-11 00:13:32
Betr DFS,player_rebounds,Jarrett Allen,Under,8.0,-137,2026-05-12,2026-05-11T07:13:11Z,2026-05-11 00:13:32
Betr DFS,player_rebounds,Donovan Mitchell,Over,4.0,-137,2026-05-12,2026-05-11T07:13:11Z,2026-05-11 00:13:32
Betr DFS,player_rebounds,Donovan Mitchell,Under,4.0,-137,2026-05-12,2026-05-11T07:13:11Z,2026-05-11 00:13:32
Betr DFS,player_rebounds,Evan Mobley,Over,8.0,-137,2026-05-12,2026-05-11T07:13:11Z,2026-05-11 00:13:32
Betr DFS,player_rebounds,Evan Mobley,Under,8.0,-137,2026-05-12,2026-05-11T07:13:11Z,2026-05-11 00:13:32
Betr DFS,player_rebounds,Isaiah Hartenstein,Over,8.5,-137,2026-05-12,2026-05-11T07:13:22Z,2026-05-11 00:13:32
Betr DFS,player_rebounds,Isaiah Hartenstein,Under,8.5,-137,2026-05-12,2026-05-11T07:13:22Z,2026-05-11 00:13:32
Betr DFS,player_rebounds,Chet Holmgren,Over,9.5,-137,2026-05-12,2026-05-11T07:13:22Z,2026-05-11 00:13:32
Betr DFS,player_rebounds,Jaylin Williams,Over,3.5,-137,2026-05-12,2026-05-11T07:13:22Z,2026-05-11 00:13:32
Betr DFS,player_rebounds,LeBron James,Over,6.5,-137,2026-05-12,2026-05-11T07:13:22Z,2026-05-11 00:13:32
Betr DFS,player_rebounds,LeBron James,Under,6.5,-137,2026-05-12,2026-05-11T07:13:22Z,2026-05-11 00:13:32
Betr DFS,player_rebounds,Deandre Ayton,Over,8.5,-137,2026-05-12,2026-05-11T07:13:22Z,2026-05-11 00:13:32
Betr DFS,player_rebounds,Deandre Ayton,Under,8.5,-137,2026-05-12,2026-05-11T07:13:22Z,2026-05-11 00:13:32
Betr DFS,player_rebounds,Julius Randle,Over,6.0,-137,2026-05-13,2026-05-11T07:12:43Z,2026-05-11 00:13:32
Betr DFS,player_rebounds,Julius Randle,Under,6.0,-137,2026-05-13,2026-05-11T07:12:43Z,2026-05-11 00:13:32
Betr DFS,player_rebounds,Ayo Dosunmu,Over,3.5,-137,2026-05-13,2026-05-11T07:12:43Z,2026-05-11 00:13:32
Betr DFS,player_rebounds,Ayo Dosunmu,Under,3.5,-137,2026-05-13,2026-05-11T07:12:43Z,2026-05-11 00:13:32
Betr DFS,player_rebounds,Rudy Gobert,Over,10.5,-137,2026-05-13,2026-05-11T07:12:43Z,2026-05-11 00:13:32
Betr DFS,player_rebounds,Rudy Gobert,Under,10.5,-137,2026-05-13,2026-05-11T07:12:43Z,2026-05-11 00:13:32
Betr DFS,player_rebounds,Naz Reid,Over,6.5,-137,2026-05-13,2026-05-11T07:12:43Z,2026-05-11 00:13:32
Betr DFS,player_rebounds,Naz Reid,Under,6.5,-137,2026-05-13,2026-05-11T07:12:43Z,2026-05-11 00:13:32
Betr DFS,player_rebounds,Anthony Edwards,Over,6.0,-137,2026-05-13,2026-05-11T07:12:43Z,2026-05-11 00:13:32
Betr DFS,player_rebounds,Anthony Edwards,Under,6.0,-137,2026-05-13,2026-05-11T07:12:43Z,2026-05-11 00:13:32
Betr DFS,player_rebounds,Jaden McDaniels,Over,5.0,-137,2026-05-13,2026-05-11T07:12:43Z,2026-05-11 00:13:32
Betr DFS,player_rebounds,Jaden McDaniels,Under,5.0,-137,2026-05-13,2026-05-11T07:12:43Z,2026-05-11 00:13:32
Betr DFS,player_rebounds,Keldon Johnson,Over,3.5,-137,2026-05-13,2026-05-11T07:12:43Z,2026-05-11 00:13:32
Betr DFS,player_rebounds,Keldon Johnson,Under,3.5,-137,2026-05-13,2026-05-11T07:12:43Z,2026-05-11 00:13:32
Betr DFS,player_rebounds,Devin Vassell,Over,4.0,-137,2026-05-13,2026-05-11T07:12:43Z,2026-05-11 00:13:32
Betr DFS,player_rebounds,Devin Vassell,Under,4.0,-137,2026-05-13,2026-05-11T07:12:43Z,2026-05-11 00:13:32
Betr DFS,player_rebounds,Julian Champagnie,Over,5.0,-137,2026-05-13,2026-05-11T07:12:43Z,2026-05-11 00:13:32
Betr DFS,player_rebounds,Julian Champagnie,Under,5.0,-137,2026-05-13,2026-05-11T07:12:43Z,2026-05-11 00:13:32
Betr DFS,player_rebounds,Victor Wembanyama,Over,12.5,-137,2026-05-13,2026-05-11T07:12:43Z,2026-05-11 00:13:32
Betr DFS,player_rebounds,Victor Wembanyama,Under,12.5,-137,2026-05-13,2026-05-11T07:12:43Z,2026-05-11 00:13:32
Betr DFS,player_rebounds,Stephon Castle,Over,5.0,-137,2026-05-13,2026-05-11T07:12:43Z,2026-05-11 00:13:32
Betr DFS,player_rebounds,Stephon Castle,Under,5.0,-137,2026-05-13,2026-05-11T07:12:43Z,2026-05-11 00:13:32
Betr DFS,player_rebounds,Dylan Harper,Over,3.5,-137,2026-05-13,2026-05-11T07:12:43Z,2026-05-11 00:13:32
Betr DFS,player_rebounds,Dylan Harper,Under,3.5,-137,2026-05-13,2026-05-11T07:12:43Z,2026-05-11 00:13:32
DraftKings Pick6,player_rebounds,Evan Mobley,Over,8.5,-137,2026-05-12,2026-05-11T07:13:08Z,2026-05-11 00:13:32
DraftKings Pick6,player_rebounds,Donovan Mitchell,Over,4.5,-137,2026-05-12,2026-05-11T07:13:08Z,2026-05-11 00:13:32
DraftKings Pick6,player_rebounds,Tobias Harris,Over,6.5,-137,2026-05-12,2026-05-11T07:13:08Z,2026-05-11 00:13:32
DraftKings Pick6,player_rebounds,Daniss Jenkins,Over,2.5,-137,2026-05-12,2026-05-11T07:13:08Z,2026-05-11 00:13:32
DraftKings Pick6,player_rebounds,Ausar Thompson,Over,7.5,-137,2026-05-12,2026-05-11T07:13:08Z,2026-05-11 00:13:32
DraftKings Pick6,player_rebounds,Jalen Duren,Over,10.5,-137,2026-05-12,2026-05-11T07:13:08Z,2026-05-11 00:13:32
DraftKings Pick6,player_rebounds,Jalen Duren,Under,10.5,-137,2026-05-12,2026-05-11T07:13:08Z,2026-05-11 00:13:32
DraftKings Pick6,player_rebounds,Jarrett Allen,Over,8.5,-137,2026-05-12,2026-05-11T07:13:08Z,2026-05-11 00:13:32
DraftKings Pick6,player_rebounds,Jarrett Allen,Over,8.5,-137,2026-05-12,2026-05-11T07:13:08Z,2026-05-11 00:13:32
DraftKings Pick6,player_rebounds,Chet Holmgren,Over,9.5,-137,2026-05-12,2026-05-11T07:12:48Z,2026-05-11 00:13:32
DraftKings Pick6,player_rebounds,LeBron James,Over,6.5,-137,2026-05-12,2026-05-11T07:12:48Z,2026-05-11 00:13:32
DraftKings Pick6,player_rebounds,LeBron James,Under,6.5,-137,2026-05-12,2026-05-11T07:12:48Z,2026-05-11 00:13:32
DraftKings Pick6,player_rebounds,Shai Gilgeous-Alexander,Over,4.5,-137,2026-05-12,2026-05-11T07:12:48Z,2026-05-11 00:13:32
DraftKings Pick6,player_rebounds,Ajay Mitchell,Over,3.5,-137,2026-05-12,2026-05-11T07:12:48Z,2026-05-11 00:13:32
DraftKings Pick6,player_rebounds,Deandre Ayton,Over,8.5,-137,2026-05-12,2026-05-11T07:12:48Z,2026-05-11 00:13:32
DraftKings Pick6,player_rebounds,Cason Wallace,Over,2.5,-137,2026-05-12,2026-05-11T07:12:48Z,2026-05-11 00:13:32
DraftKings Pick6,player_rebounds,Cason Wallace,Under,2.5,-137,2026-05-12,2026-05-11T07:12:48Z,2026-05-11 00:13:32
DraftKings Pick6,player_rebounds,Austin Reaves,Over,4.5,-137,2026-05-12,2026-05-11T07:12:48Z,2026-05-11 00:13:32
DraftKings Pick6,player_rebounds,Jaxson Hayes,Over,3.5,-137,2026-05-12,2026-05-11T07:12:48Z,2026-05-11 00:13:32
DraftKings Pick6,player_rebounds,Jaylin Williams,Over,3.5,-137,2026-05-12,2026-05-11T07:12:48Z,2026-05-11 00:13:32
PrizePicks,player_assists,Cade Cunningham,Over,9.0,-137,2026-05-12,2026-05-11T07:12:38Z,2026-05-11 00:13:32
PrizePicks,player_assists,Cade Cunningham,Under,9.0,-137,2026-05-12,2026-05-11T07:12:38Z,2026-05-11 00:13:32
PrizePicks,player_assists,James Harden,Over,6.5,-137,2026-05-12,2026-05-11T07:12:38Z,2026-05-11 00:13:32
PrizePicks,player_assists,James Harden,Under,6.5,-137,2026-05-12,2026-05-11T07:12:38Z,2026-05-11 00:13:32
PrizePicks,player_assists,Donovan Mitchell,Over,4.0,-137,2026-05-12,2026-05-11T07:12:38Z,2026-05-11 00:13:32
PrizePicks,player_assists,Donovan Mitchell,Under,4.0,-137,2026-05-12,2026-05-11T07:12:38Z,2026-05-11 00:13:32
PrizePicks,player_assists,LeBron James,Over,7.5,-137,2026-05-12,2026-05-11T07:12:41Z,2026-05-11 00:13:32
PrizePicks,player_assists,LeBron James,Under,7.5,-137,2026-05-12,2026-05-11T07:12:41Z,2026-05-11 00:13:32
PrizePicks,player_assists,Austin Reaves,Over,6.0,-137,2026-05-12,2026-05-11T07:12:41Z,2026-05-11 00:13:32
PrizePicks,player_assists,Austin Reaves,Under,6.0,-137,2026-05-12,2026-05-11T07:12:41Z,2026-05-11 00:13:32
PrizePicks,player_assists,Ajay Mitchell,Over,4.5,-137,2026-05-12,2026-05-11T07:12:41Z,2026-05-11 00:13:32
PrizePicks,player_assists,Ajay Mitchell,Under,4.5,-137,2026-05-12,2026-05-11T07:12:41Z,2026-05-11 00:13:32
PrizePicks,player_assists,Chet Holmgren,Over,1.5,-137,2026-05-12,2026-05-11T07:12:41Z,2026-05-11 00:13:32
PrizePicks,player_assists,Chet Holmgren,Under,1.5,-137,2026-05-12,2026-05-11T07:12:41Z,2026-05-11 00:13:32
PrizePicks,player_assists,Jaxson Hayes,Over,0.5,-137,2026-05-12,2026-05-11T07:12:41Z,2026-05-11 00:13:32
PrizePicks,player_assists,Jaxson Hayes,Under,0.5,-137,2026-05-12,2026-05-11T07:12:41Z,2026-05-11 00:13:32
PrizePicks,player_assists,Isaiah Joe,Over,0.5,-137,2026-05-12,2026-05-11T07:12:41Z,2026-05-11 00:13:32
PrizePicks,player_assists,Isaiah Joe,Under,0.5,-137,2026-05-12,2026-05-11T07:12:41Z,2026-05-11 00:13:32
PrizePicks,player_assists,Jared McCain,Over,0.5,-137,2026-05-12,2026-05-11T07:12:41Z,2026-05-11 00:13:32
PrizePicks,player_assists,Jared McCain,Under,0.5,-137,2026-05-12,2026-05-11T07:12:41Z,2026-05-11 00:13:32
PrizePicks,player_assists,De'Aaron Fox,Over,5.5,-137,2026-05-13,2026-05-11T07:12:42Z,2026-05-11 00:13:32
PrizePicks,player_assists,De'Aaron Fox,Under,5.5,-137,2026-05-13,2026-05-11T07:12:42Z,2026-05-11 00:13:32
PrizePicks,player_assists,Ayo Dosunmu,Over,3.5,-137,2026-05-13,2026-05-11T07:12:42Z,2026-05-11 00:13:32
PrizePicks,player_assists,Ayo Dosunmu,Under,3.5,-137,2026-05-13,2026-05-11T07:12:42Z,2026-05-11 00:13:32
PrizePicks,player_assists,Devin Vassell,Over,2.5,-137,2026-05-13,2026-05-11T07:12:42Z,2026-05-11 00:13:32
PrizePicks,player_assists,Devin Vassell,Under,2.5,-137,2026-05-13,2026-05-11T07:12:42Z,2026-05-11 00:13:32
PrizePicks,player_assists,Jaden McDaniels,Over,2.5,-137,2026-05-13,2026-05-11T07:12:42Z,2026-05-11 00:13:32
PrizePicks,player_assists,Jaden McDaniels,Under,2.5,-137,2026-05-13,2026-05-11T07:12:42Z,2026-05-11 00:13:32
Betr DFS,player_assists,Cade Cunningham,Over,9.5,-137,2026-05-12,2026-05-11T07:13:11Z,2026-05-11 00:13:32
Betr DFS,player_assists,Donovan Mitchell,Over,4.0,-137,2026-05-12,2026-05-11T07:13:11Z,2026-05-11 00:13:32
Betr DFS,player_assists,Donovan Mitchell,Under,4.0,-137,2026-05-12,2026-05-11T07:13:11Z,2026-05-11 00:13:32
Betr DFS,player_assists,Shai Gilgeous-Alexander,Under,6.5,-137,2026-05-12,2026-05-11T07:13:22Z,2026-05-11 00:13:32
Betr DFS,player_assists,Ajay Mitchell,Over,4.5,-137,2026-05-12,2026-05-11T07:13:22Z,2026-05-11 00:13:32
Betr DFS,player_assists,Ajay Mitchell,Under,4.5,-137,2026-05-12,2026-05-11T07:13:22Z,2026-05-11 00:13:32
Betr DFS,player_assists,LeBron James,Over,7.5,-137,2026-05-12,2026-05-11T07:13:22Z,2026-05-11 00:13:32
Betr DFS,player_assists,LeBron James,Under,7.5,-137,2026-05-12,2026-05-11T07:13:22Z,2026-05-11 00:13:32
Betr DFS,player_assists,Austin Reaves,Over,6.0,-137,2026-05-12,2026-05-11T07:13:22Z,2026-05-11 00:13:32
Betr DFS,player_assists,Austin Reaves,Under,6.0,-137,2026-05-12,2026-05-11T07:13:22Z,2026-05-11 00:13:32
Betr DFS,player_assists,Julius Randle,Over,4.0,-137,2026-05-13,2026-05-11T07:12:43Z,2026-05-11 00:13:32
Betr DFS,player_assists,Julius Randle,Under,4.0,-137,2026-05-13,2026-05-11T07:12:43Z,2026-05-11 00:13:32
Betr DFS,player_assists,Ayo Dosunmu,Over,3.5,-137,2026-05-13,2026-05-11T07:12:43Z,2026-05-11 00:13:32
Betr DFS,player_assists,Ayo Dosunmu,Under,3.5,-137,2026-05-13,2026-05-11T07:12:43Z,2026-05-11 00:13:32
Betr DFS,player_assists,Anthony Edwards,Over,4.5,-137,2026-05-13,2026-05-11T07:12:43Z,2026-05-11 00:13:32
Betr DFS,player_assists,Anthony Edwards,Under,4.5,-137,2026-05-13,2026-05-11T07:12:43Z,2026-05-11 00:13:32
Betr DFS,player_assists,De'Aaron Fox,Over,5.5,-137,2026-05-13,2026-05-11T07:12:43Z,2026-05-11 00:13:32
Betr DFS,player_assists,De'Aaron Fox,Under,5.5,-137,2026-05-13,2026-05-11T07:12:43Z,2026-05-11 00:13:32
Betr DFS,player_assists,Stephon Castle,Over,7.0,-137,2026-05-13,2026-05-11T07:12:43Z,2026-05-11 00:13:32
Betr DFS,player_assists,Stephon Castle,Under,7.0,-137,2026-05-13,2026-05-11T07:12:43Z,2026-05-11 00:13:32
DraftKings Pick6,player_assists,Cade Cunningham,Over,9.5,-137,2026-05-12,2026-05-11T07:13:08Z,2026-05-11 00:13:32
DraftKings Pick6,player_assists,Evan Mobley,Over,3.5,-137,2026-05-12,2026-05-11T07:13:08Z,2026-05-11 00:13:32
DraftKings Pick6,player_assists,Dennis Schroder,Over,2.5,-137,2026-05-12,2026-05-11T07:13:08Z,2026-05-11 00:13:32
DraftKings Pick6,player_assists,Dennis Schroder,Under,2.5,-137,2026-05-12,2026-05-11T07:13:08Z,2026-05-11 00:13:32
DraftKings Pick6,player_assists,Rui Hachimura,Over,1.5,-137,2026-05-12,2026-05-11T07:12:48Z,2026-05-11 00:13:32
DraftKings Pick6,player_assists,Austin Reaves,Over,6.5,-137,2026-05-12,2026-05-11T07:12:48Z,2026-05-11 00:13:32
DraftKings Pick6,player_assists,LeBron James,Over,7.5,-137,2026-05-12,2026-05-11T07:12:48Z,2026-05-11 00:13:32
DraftKings Pick6,player_assists,LeBron James,Under,7.5,-137,2026-05-12,2026-05-11T07:12:48Z,2026-05-11 00:13:32
Underdog,player_assists,LeBron James,Over,7.5,-137,2026-05-12,2026-05-11T07:13:24Z,2026-05-11 00:13:32
Underdog,player_assists,LeBron James,Under,7.5,-137,2026-05-12,2026-05-11T07:13:24Z,2026-05-11 00:13:32
Underdog,player_assists,De'Aaron Fox,Over,5.5,-137,2026-05-13,2026-05-11T07:12:49Z,2026-05-11 00:13:32
Underdog,player_assists,De'Aaron Fox,Under,5.5,-137,2026-05-13,2026-05-11T07:12:49Z,2026-05-11 00:13:32
Underdog,player_assists,Devin Vassell,Over,2.5,-137,2026-05-13,2026-05-11T07:12:49Z,2026-05-11 00:13:32
Underdog,player_assists,Devin Vassell,Under,2.5,-137,2026-05-13,2026-05-11T07:12:49Z,2026-05-11 00:13:32
Underdog,player_assists,Jaden McDaniels,Over,2.5,-137,2026-05-13,2026-05-11T07:12:49Z,2026-05-11 00:13:32
Underdog,player_assists,Jaden McDaniels,Under,2.5,-137,2026-05-13,2026-05-11T07:12:49Z,2026-05-11 00:13:32
Underdog,player_assists,Ayo Dosunmu,Over,3.5,-137,2026-05-13,2026-05-11T07:12:49Z,2026-05-11 00:13:32
Underdog,player_assists,Ayo Dosunmu,Under,3.5,-137,2026-05-13,2026-05-11T07:12:49Z,2026-05-11 00:13:32
PrizePicks,player_threes,Dennis Schroder,Over,0.5,-137,2026-05-12,2026-05-11T07:12:38Z,2026-05-11 00:13:32
PrizePicks,player_threes,Dennis Schroder,Under,0.5,-137,2026-05-12,2026-05-11T07:12:38Z,2026-05-11 00:13:32
PrizePicks,player_threes,Luguentz Dort,Over,1.5,-137,2026-05-12,2026-05-11T07:12:41Z,2026-05-11 00:13:32
PrizePicks,player_threes,Luguentz Dort,Under,1.5,-137,2026-05-12,2026-05-11T07:12:41Z,2026-05-11 00:13:32
PrizePicks,player_threes,Luke Kennard,Over,1.5,-137,2026-05-12,2026-05-11T07:12:41Z,2026-05-11 00:13:32
PrizePicks,player_threes,Luke Kennard,Under,1.5,-137,2026-05-12,2026-05-11T07:12:41Z,2026-05-11 00:13:32
PrizePicks,player_threes,LeBron James,Over,1.5,-137,2026-05-12,2026-05-11T07:12:41Z,2026-05-11 00:13:32
PrizePicks,player_threes,LeBron James,Under,1.5,-137,2026-05-12,2026-05-11T07:12:41Z,2026-05-11 00:13:32
PrizePicks,player_threes,Ayo Dosunmu,Over,1.5,-137,2026-05-13,2026-05-11T07:12:42Z,2026-05-11 00:13:32
PrizePicks,player_threes,Ayo Dosunmu,Under,1.5,-137,2026-05-13,2026-05-11T07:12:42Z,2026-05-11 00:13:32
PrizePicks,player_threes,De'Aaron Fox,Over,1.5,-137,2026-05-13,2026-05-11T07:12:42Z,2026-05-11 00:13:32
PrizePicks,player_threes,De'Aaron Fox,Under,1.5,-137,2026-05-13,2026-05-11T07:12:42Z,2026-05-11 00:13:32
Underdog,player_threes,Dennis Schroder,Over,0.5,-137,2026-05-12,2026-05-11T07:13:27Z,2026-05-11 00:13:32
Underdog,player_threes,Dennis Schroder,Under,0.5,-137,2026-05-12,2026-05-11T07:13:27Z,2026-05-11 00:13:32
Underdog,player_threes,Luguentz Dort,Over,1.5,-137,2026-05-12,2026-05-11T07:13:24Z,2026-05-11 00:13:32
Underdog,player_threes,Luguentz Dort,Under,1.5,-137,2026-05-12,2026-05-11T07:13:24Z,2026-05-11 00:13:32
Underdog,player_threes,Luke Kennard,Over,1.5,-137,2026-05-12,2026-05-11T07:13:24Z,2026-05-11 00:13:32
Underdog,player_threes,Luke Kennard,Under,1.5,-137,2026-05-12,2026-05-11T07:13:24Z,2026-05-11 00:13:32
Underdog,player_threes,De'Aaron Fox,Over,1.5,-137,2026-05-13,2026-05-11T07:12:49Z,2026-05-11 00:13:32
Underdog,player_threes,De'Aaron Fox,Under,1.5,-137,2026-05-13,2026-05-11T07:12:49Z,2026-05-11 00:13:32
Underdog,player_threes,Mike Conley,Over,0.5,-137,2026-05-13,2026-05-11T07:12:49Z,2026-05-11 00:13:32
Underdog,player_threes,Mike Conley,Under,0.5,-137,2026-05-13,2026-05-11T07:12:49Z,2026-05-11 00:13:32
Betr DFS,player_threes,James Harden,Over,2.5,-137,2026-05-12,2026-05-11T07:13:11Z,2026-05-11 00:13:32
Betr DFS,player_threes,Luguentz Dort,Over,1.5,-137,2026-05-12,2026-05-11T07:13:22Z,2026-05-11 00:13:32
Betr DFS,player_threes,Luguentz Dort,Under,1.5,-137,2026-05-12,2026-05-11T07:13:22Z,2026-05-11 00:13:32
Betr DFS,player_threes,Luke Kennard,Over,1.5,-137,2026-05-12,2026-05-11T07:13:22Z,2026-05-11 00:13:32
Betr DFS,player_threes,Luke Kennard,Under,1.5,-137,2026-05-12,2026-05-11T07:13:22Z,2026-05-11 00:13:32
Betr DFS,player_threes,Ayo Dosunmu,Over,1.5,-137,2026-05-13,2026-05-11T07:12:43Z,2026-05-11 00:13:32
Betr DFS,player_threes,Ayo Dosunmu,Under,1.5,-137,2026-05-13,2026-05-11T07:12:43Z,2026-05-11 00:13:32
Betr DFS,player_threes,Anthony Edwards,Over,3.0,-137,2026-05-13,2026-05-11T07:12:43Z,2026-05-11 00:13:32
Betr DFS,player_threes,Anthony Edwards,Under,3.0,-137,2026-05-13,2026-05-11T07:12:43Z,2026-05-11 00:13:32
Betr DFS,player_threes,De'Aaron Fox,Over,1.5,-137,2026-05-13,2026-05-11T07:12:43Z,2026-05-11 00:13:32
Betr DFS,player_threes,De'Aaron Fox,Under,1.5,-137,2026-05-13,2026-05-11T07:12:43Z,2026-05-11 00:13:32
DraftKings Pick6,player_threes,James Harden,Over,2.5,-137,2026-05-12,2026-05-11T07:13:08Z,2026-05-11 00:13:32
DraftKings Pick6,player_threes,Luke Kennard,Over,1.5,-137,2026-05-12,2026-05-11T07:12:48Z,2026-05-11 00:13:32
DraftKings Pick6,player_threes,Luke Kennard,Under,1.5,-137,2026-05-12,2026-05-11T07:12:48Z,2026-05-11 00:13:32
DraftKings Pick6,player_threes,Chet Holmgren,Over,1.5,-137,2026-05-12,2026-05-11T07:12:48Z,2026-05-11 00:13:32
DraftKings Pick6,player_threes,LeBron James,Over,1.5,-137,2026-05-12,2026-05-11T07:12:48Z,2026-05-11 00:13:32
DraftKings Pick6,player_threes,LeBron James,Under,1.5,-137,2026-05-12,2026-05-11T07:12:48Z,2026-05-11 00:13:32
PrizePicks,player_blocks,Evan Mobley,Over,1.5,-137,2026-05-12,2026-05-11T07:12:38Z,2026-05-11 00:13:32
PrizePicks,player_blocks,Evan Mobley,Under,1.5,-137,2026-05-12,2026-05-11T07:12:38Z,2026-05-11 00:13:32
PrizePicks,player_blocks,Shai Gilgeous-Alexander,Over,0.5,-137,2026-05-12,2026-05-11T07:12:41Z,2026-05-11 00:13:32
PrizePicks,player_blocks,Shai Gilgeous-Alexander,Under,0.5,-137,2026-05-12,2026-05-11T07:12:41Z,2026-05-11 00:13:32
PrizePicks,player_blocks,Jaxson Hayes,Over,0.5,-137,2026-05-12,2026-05-11T07:12:41Z,2026-05-11 00:13:32
PrizePicks,player_blocks,Jaxson Hayes,Under,0.5,-137,2026-05-12,2026-05-11T07:12:41Z,2026-05-11 00:13:32
PrizePicks,player_blocks,Victor Wembanyama,Over,3.5,-137,2026-05-13,2026-05-11T07:12:42Z,2026-05-11 00:13:32
PrizePicks,player_blocks,Victor Wembanyama,Under,3.5,-137,2026-05-13,2026-05-11T07:12:42Z,2026-05-11 00:13:32
PrizePicks,player_blocks,Naz Reid,Over,0.5,-137,2026-05-13,2026-05-11T07:12:42Z,2026-05-11 00:13:32
PrizePicks,player_blocks,Naz Reid,Under,0.5,-137,2026-05-13,2026-05-11T07:12:42Z,2026-05-11 00:13:32
Betr DFS,player_blocks,Tobias Harris,Over,0.5,-137,2026-05-12,2026-05-11T07:13:11Z,2026-05-11 00:13:32
Betr DFS,player_blocks,James Harden,Over,0.5,-137,2026-05-12,2026-05-11T07:13:11Z,2026-05-11 00:13:32
Betr DFS,player_blocks,Evan Mobley,Over,1.5,-137,2026-05-12,2026-05-11T07:13:11Z,2026-05-11 00:13:32
Betr DFS,player_blocks,Evan Mobley,Under,1.5,-137,2026-05-12,2026-05-11T07:13:11Z,2026-05-11 00:13:32
Betr DFS,player_blocks,Marcus Smart,Over,0.5,-137,2026-05-12,2026-05-11T07:13:22Z,2026-05-11 00:13:32
Betr DFS,player_blocks,Jaxson Hayes,Over,0.5,-137,2026-05-12,2026-05-11T07:13:22Z,2026-05-11 00:13:32
Betr DFS,player_blocks,Jaxson Hayes,Under,0.5,-137,2026-05-12,2026-05-11T07:13:22Z,2026-05-11 00:13:32
Betr DFS,player_blocks,Naz Reid,Over,0.5,-137,2026-05-13,2026-05-11T07:12:43Z,2026-05-11 00:13:32
Betr DFS,player_blocks,Naz Reid,Under,0.5,-137,2026-05-13,2026-05-11T07:12:43Z,2026-05-11 00:13:32
Betr DFS,player_blocks,Jaden McDaniels,Over,0.5,-137,2026-05-13,2026-05-11T07:12:43Z,2026-05-11 00:13:32
Betr DFS,player_blocks,Jaden McDaniels,Under,0.5,-137,2026-05-13,2026-05-11T07:12:43Z,2026-05-11 00:13:32
Betr DFS,player_blocks,Victor Wembanyama,Over,3.5,-137,2026-05-13,2026-05-11T07:12:43Z,2026-05-11 00:13:32
Betr DFS,player_blocks,Victor Wembanyama,Under,3.5,-137,2026-05-13,2026-05-11T07:12:43Z,2026-05-11 00:13:32
DraftKings Pick6,player_blocks,Evan Mobley,Over,1.5,-137,2026-05-12,2026-05-11T07:13:08Z,2026-05-11 00:13:32
DraftKings Pick6,player_blocks,Evan Mobley,Under,1.5,-137,2026-05-12,2026-05-11T07:13:08Z,2026-05-11 00:13:32
DraftKings Pick6,player_blocks,Austin Reaves,Over,0.5,-137,2026-05-12,2026-05-11T07:12:48Z,2026-05-11 00:13:32
DraftKings Pick6,player_blocks,Shai Gilgeous-Alexander,Over,0.5,-137,2026-05-12,2026-05-11T07:12:48Z,2026-05-11 00:13:32
DraftKings Pick6,player_blocks,Shai Gilgeous-Alexander,Under,0.5,-137,2026-05-12,2026-05-11T07:12:48Z,2026-05-11 00:13:32
DraftKings Pick6,player_blocks,Marcus Smart,Over,0.5,-137,2026-05-12,2026-05-11T07:12:48Z,2026-05-11 00:13:32
Underdog,player_blocks,Victor Wembanyama,Over,3.5,-137,2026-05-13,2026-05-11T07:12:49Z,2026-05-11 00:13:32
Underdog,player_blocks,Victor Wembanyama,Under,3.5,-137,2026-05-13,2026-05-11T07:12:49Z,2026-05-11 00:13:32
PrizePicks,player_steals,Max Strus,Over,0.5,-137,2026-05-12,2026-05-11T07:12:38Z,2026-05-11 00:13:32
PrizePicks,player_steals,Max Strus,Under,0.5,-137,2026-05-12,2026-05-11T07:12:38Z,2026-05-11 00:13:32
PrizePicks,player_steals,Rui Hachimura,Over,0.5,-137,2026-05-12,2026-05-11T07:12:41Z,2026-05-11 00:13:32
PrizePicks,player_steals,Rui Hachimura,Under,0.5,-137,2026-05-12,2026-05-11T07:12:41Z,2026-05-11 00:13:32
PrizePicks,player_steals,Naz Reid,Over,0.5,-137,2026-05-13,2026-05-11T07:12:42Z,2026-05-11 00:13:32
PrizePicks,player_steals,Naz Reid,Under,0.5,-137,2026-05-13,2026-05-11T07:12:42Z,2026-05-11 00:13:32
Betr DFS,player_steals,Max Strus,Under,0.5,-137,2026-05-12,2026-05-11T07:13:11Z,2026-05-11 00:13:32
Betr DFS,player_steals,Isaiah Joe,Over,0.5,-137,2026-05-12,2026-05-11T07:13:22Z,2026-05-11 00:13:32
Betr DFS,player_steals,Marcus Smart,Over,1.5,-137,2026-05-12,2026-05-11T07:13:22Z,2026-05-11 00:13:32
Betr DFS,player_steals,Naz Reid,Over,0.5,-137,2026-05-13,2026-05-11T07:12:43Z,2026-05-11 00:13:32
Betr DFS,player_steals,Naz Reid,Under,0.5,-137,2026-05-13,2026-05-11T07:12:43Z,2026-05-11 00:13:32
DraftKings Pick6,player_steals,Rui Hachimura,Over,0.5,-137,2026-05-12,2026-05-11T07:12:48Z,2026-05-11 00:13:32
DraftKings Pick6,player_steals,Rui Hachimura,Under,0.5,-137,2026-05-12,2026-05-11T07:12:48Z,2026-05-11 00:13:32
DraftKings Pick6,player_steals,Marcus Smart,Over,1.5,-137,2026-05-12,2026-05-11T07:12:48Z,2026-05-11 00:13:32
PrizePicks,player_field_goals,Donovan Mitchell,Over,9.0,-137,2026-05-12,2026-05-11T07:12:38Z,2026-05-11 00:13:32
PrizePicks,player_field_goals,Donovan Mitchell,Under,9.0,-137,2026-05-12,2026-05-11T07:12:38Z,2026-05-11 00:13:32
PrizePicks,player_field_goals,Tobias Harris,Over,6.5,-137,2026-05-12,2026-05-11T07:12:38Z,2026-05-11 00:13:32
PrizePicks,player_field_goals,Tobias Harris,Under,6.5,-137,2026-05-12,2026-05-11T07:12:38Z,2026-05-11 00:13:32
PrizePicks,player_field_goals,Evan Mobley,Over,6.0,-137,2026-05-12,2026-05-11T07:12:38Z,2026-05-11 00:13:32
PrizePicks,player_field_goals,Evan Mobley,Under,6.0,-137,2026-05-12,2026-05-11T07:12:38Z,2026-05-11 00:13:32
PrizePicks,player_field_goals,James Harden,Over,5.5,-137,2026-05-12,2026-05-11T07:12:38Z,2026-05-11 00:13:32
PrizePicks,player_field_goals,James Harden,Under,5.5,-137,2026-05-12,2026-05-11T07:12:38Z,2026-05-11 00:13:32
PrizePicks,player_field_goals,Jalen Duren,Over,5.0,-137,2026-05-12,2026-05-11T07:12:38Z,2026-05-11 00:13:32
PrizePicks,player_field_goals,Jalen Duren,Under,5.0,-137,2026-05-12,2026-05-11T07:12:38Z,2026-05-11 00:13:32
PrizePicks,player_field_goals,Jarrett Allen,Over,4.5,-137,2026-05-12,2026-05-11T07:12:38Z,2026-05-11 00:13:32
PrizePicks,player_field_goals,Jarrett Allen,Under,4.5,-137,2026-05-12,2026-05-11T07:12:38Z,2026-05-11 00:13:32
PrizePicks,player_field_goals,Ausar Thompson,Over,4.0,-137,2026-05-12,2026-05-11T07:12:38Z,2026-05-11 00:13:32
PrizePicks,player_field_goals,Ausar Thompson,Under,4.0,-137,2026-05-12,2026-05-11T07:12:38Z,2026-05-11 00:13:32
PrizePicks,player_field_goals,Duncan Robinson,Over,4.0,-137,2026-05-12,2026-05-11T07:12:38Z,2026-05-11 00:13:32
PrizePicks,player_field_goals,Duncan Robinson,Under,4.0,-137,2026-05-12,2026-05-11T07:12:38Z,2026-05-11 00:13:32
PrizePicks,player_field_goals,Dean Wade,Over,1.5,-137,2026-05-12,2026-05-11T07:12:38Z,2026-05-11 00:13:32
PrizePicks,player_field_goals,Dean Wade,Under,1.5,-137,2026-05-12,2026-05-11T07:12:38Z,2026-05-11 00:13:32
PrizePicks,player_field_goals,LeBron James,Over,8.5,-137,2026-05-12,2026-05-11T07:12:41Z,2026-05-11 00:13:32
PrizePicks,player_field_goals,LeBron James,Under,8.5,-137,2026-05-12,2026-05-11T07:12:41Z,2026-05-11 00:13:32
PrizePicks,player_field_goals,Chet Holmgren,Over,6.5,-137,2026-05-12,2026-05-11T07:12:41Z,2026-05-11 00:13:32
PrizePicks,player_field_goals,Chet Holmgren,Under,6.5,-137,2026-05-12,2026-05-11T07:12:41Z,2026-05-11 00:13:32
PrizePicks,player_field_goals,Rui Hachimura,Over,5.0,-137,2026-05-12,2026-05-11T07:12:41Z,2026-05-11 00:13:32
PrizePicks,player_field_goals,Rui Hachimura,Under,5.0,-137,2026-05-12,2026-05-11T07:12:41Z,2026-05-11 00:13:32
PrizePicks,player_field_goals,Deandre Ayton,Over,4.0,-137,2026-05-12,2026-05-11T07:12:41Z,2026-05-11 00:13:32
PrizePicks,player_field_goals,Deandre Ayton,Under,4.0,-137,2026-05-12,2026-05-11T07:12:41Z,2026-05-11 00:13:32
PrizePicks,player_field_goals,Isaiah Hartenstein,Over,3.5,-137,2026-05-12,2026-05-11T07:12:41Z,2026-05-11 00:13:32
PrizePicks,player_field_goals,Isaiah Hartenstein,Under,3.5,-137,2026-05-12,2026-05-11T07:12:41Z,2026-05-11 00:13:32
PrizePicks,player_field_goals,Luguentz Dort,Over,2.5,-137,2026-05-12,2026-05-11T07:12:41Z,2026-05-11 00:13:32
PrizePicks,player_field_goals,Luguentz Dort,Under,2.5,-137,2026-05-12,2026-05-11T07:12:41Z,2026-05-11 00:13:32
PrizePicks,player_field_goals,Jaylin Williams,Over,1.5,-137,2026-05-12,2026-05-11T07:12:41Z,2026-05-11 00:13:32
PrizePicks,player_field_goals,Jaylin Williams,Under,1.5,-137,2026-05-12,2026-05-11T07:12:41Z,2026-05-11 00:13:32
Betr DFS,player_field_goals,Tobias Harris,Over,6.5,-137,2026-05-12,2026-05-11T07:13:11Z,2026-05-11 00:13:32
Betr DFS,player_field_goals,Tobias Harris,Under,6.5,-137,2026-05-12,2026-05-11T07:13:11Z,2026-05-11 00:13:32
Betr DFS,player_field_goals,Ausar Thompson,Over,4.5,-137,2026-05-12,2026-05-11T07:13:11Z,2026-05-11 00:13:32
Betr DFS,player_field_goals,Daniss Jenkins,Over,3.5,-137,2026-05-12,2026-05-11T07:13:11Z,2026-05-11 00:13:32
Betr DFS,player_field_goals,James Harden,Over,5.5,-137,2026-05-12,2026-05-11T07:13:11Z,2026-05-11 00:13:32
Betr DFS,player_field_goals,James Harden,Under,5.5,-137,2026-05-12,2026-05-11T07:13:11Z,2026-05-11 00:13:32
Betr DFS,player_field_goals,Jarrett Allen,Under,4.5,-137,2026-05-12,2026-05-11T07:13:11Z,2026-05-11 00:13:32
Betr DFS,player_field_goals,Donovan Mitchell,Over,9.5,-137,2026-05-12,2026-05-11T07:13:11Z,2026-05-11 00:13:32
Betr DFS,player_field_goals,Dean Wade,Over,1.5,-137,2026-05-12,2026-05-11T07:13:11Z,2026-05-11 00:13:32
Betr DFS,player_field_goals,Dean Wade,Under,1.5,-137,2026-05-12,2026-05-11T07:13:11Z,2026-05-11 00:13:32
Betr DFS,player_field_goals,Evan Mobley,Over,6.5,-137,2026-05-12,2026-05-11T07:13:11Z,2026-05-11 00:13:32
Betr DFS,player_field_goals,Jaylon Tyson,Over,2.5,-137,2026-05-12,2026-05-11T07:13:11Z,2026-05-11 00:13:32
Betr DFS,player_field_goals,Isaiah Hartenstein,Over,3.5,-137,2026-05-12,2026-05-11T07:13:22Z,2026-05-11 00:13:32
Betr DFS,player_field_goals,Isaiah Hartenstein,Under,3.5,-137,2026-05-12,2026-05-11T07:13:22Z,2026-05-11 00:13:32
Betr DFS,player_field_goals,Alex Caruso,Over,2.5,-137,2026-05-12,2026-05-11T07:13:22Z,2026-05-11 00:13:32
Betr DFS,player_field_goals,Luguentz Dort,Over,2.5,-137,2026-05-12,2026-05-11T07:13:22Z,2026-05-11 00:13:32
Betr DFS,player_field_goals,Chet Holmgren,Over,6.5,-137,2026-05-12,2026-05-11T07:13:22Z,2026-05-11 00:13:32
Betr DFS,player_field_goals,Chet Holmgren,Under,6.5,-137,2026-05-12,2026-05-11T07:13:22Z,2026-05-11 00:13:32
Betr DFS,player_field_goals,Ajay Mitchell,Over,6.5,-137,2026-05-12,2026-05-11T07:13:22Z,2026-05-11 00:13:32
Betr DFS,player_field_goals,LeBron James,Over,8.5,-137,2026-05-12,2026-05-11T07:13:22Z,2026-05-11 00:13:32
Betr DFS,player_field_goals,LeBron James,Under,8.5,-137,2026-05-12,2026-05-11T07:13:22Z,2026-05-11 00:13:32
Betr DFS,player_field_goals,Rui Hachimura,Over,5.5,-137,2026-05-12,2026-05-11T07:13:22Z,2026-05-11 00:13:32
Betr DFS,player_field_goals,Deandre Ayton,Over,4.5,-137,2026-05-12,2026-05-11T07:13:22Z,2026-05-11 00:13:32
Betr DFS,player_field_goals,Julius Randle,Over,5.5,-137,2026-05-13,2026-05-11T07:12:43Z,2026-05-11 00:13:32
Betr DFS,player_field_goals,Julius Randle,Under,5.5,-137,2026-05-13,2026-05-11T07:12:43Z,2026-05-11 00:13:32
Betr DFS,player_field_goals,Rudy Gobert,Over,3.5,-137,2026-05-13,2026-05-11T07:12:43Z,2026-05-11 00:13:32
Betr DFS,player_field_goals,Rudy Gobert,Under,3.5,-137,2026-05-13,2026-05-11T07:12:43Z,2026-05-11 00:13:32
Betr DFS,player_field_goals,Naz Reid,Over,4.5,-137,2026-05-13,2026-05-11T07:12:43Z,2026-05-11 00:13:32
Betr DFS,player_field_goals,Jaden McDaniels,Over,5.5,-137,2026-05-13,2026-05-11T07:12:43Z,2026-05-11 00:13:32
Betr DFS,player_field_goals,Jaden McDaniels,Under,5.5,-137,2026-05-13,2026-05-11T07:12:43Z,2026-05-11 00:13:32
Betr DFS,player_field_goals,Terrence Shannon Jr.,Over,2.5,-137,2026-05-13,2026-05-11T07:12:43Z,2026-05-11 00:13:32
Betr DFS,player_field_goals,Terrence Shannon Jr.,Under,2.5,-137,2026-05-13,2026-05-11T07:12:43Z,2026-05-11 00:13:32
Betr DFS,player_field_goals,Devin Vassell,Over,4.5,-137,2026-05-13,2026-05-11T07:12:43Z,2026-05-11 00:13:32
Betr DFS,player_field_goals,De'Aaron Fox,Over,6.5,-137,2026-05-13,2026-05-11T07:12:43Z,2026-05-11 00:13:32
Betr DFS,player_field_goals,De'Aaron Fox,Under,6.5,-137,2026-05-13,2026-05-11T07:12:43Z,2026-05-11 00:13:32
Betr DFS,player_field_goals,Victor Wembanyama,Over,9.5,-137,2026-05-13,2026-05-11T07:12:43Z,2026-05-11 00:13:32
PrizePicks,player_frees_made,Cade Cunningham,Over,6.5,-137,2026-05-12,2026-05-11T07:12:38Z,2026-05-11 00:13:32
PrizePicks,player_frees_made,Cade Cunningham,Under,6.5,-137,2026-05-12,2026-05-11T07:12:38Z,2026-05-11 00:13:32
PrizePicks,player_frees_made,Donovan Mitchell,Over,5.5,-137,2026-05-12,2026-05-11T07:12:38Z,2026-05-11 00:13:32
PrizePicks,player_frees_made,Donovan Mitchell,Under,5.5,-137,2026-05-12,2026-05-11T07:12:38Z,2026-05-11 00:13:32
PrizePicks,player_frees_made,James Harden,Over,4.5,-137,2026-05-12,2026-05-11T07:12:38Z,2026-05-11 00:13:32
PrizePicks,player_frees_made,James Harden,Under,4.5,-137,2026-05-12,2026-05-11T07:12:38Z,2026-05-11 00:13:32
PrizePicks,player_frees_made,Tobias Harris,Over,3.5,-137,2026-05-12,2026-05-11T07:12:38Z,2026-05-11 00:13:32
PrizePicks,player_frees_made,Tobias Harris,Under,3.5,-137,2026-05-12,2026-05-11T07:12:38Z,2026-05-11 00:13:32
PrizePicks,player_frees_made,Jarrett Allen,Over,2.5,-137,2026-05-12,2026-05-11T07:12:38Z,2026-05-11 00:13:32
PrizePicks,player_frees_made,Jarrett Allen,Under,2.5,-137,2026-05-12,2026-05-11T07:12:38Z,2026-05-11 00:13:32
PrizePicks,player_frees_made,Daniss Jenkins,Over,1.5,-137,2026-05-12,2026-05-11T07:12:38Z,2026-05-11 00:13:32
PrizePicks,player_frees_made,Daniss Jenkins,Under,1.5,-137,2026-05-12,2026-05-11T07:12:38Z,2026-05-11 00:13:32
PrizePicks,player_frees_made,Shai Gilgeous-Alexander,Over,6.5,-137,2026-05-12,2026-05-11T07:12:41Z,2026-05-11 00:13:32
PrizePicks,player_frees_made,Shai Gilgeous-Alexander,Under,6.5,-137,2026-05-12,2026-05-11T07:12:41Z,2026-05-11 00:13:32
PrizePicks,player_frees_made,Austin Reaves,Over,5.5,-137,2026-05-12,2026-05-11T07:12:41Z,2026-05-11 00:13:32
PrizePicks,player_frees_made,Austin Reaves,Under,5.5,-137,2026-05-12,2026-05-11T07:12:41Z,2026-05-11 00:13:32
PrizePicks,player_frees_made,Austin Reaves,Over,5.0,-137,2026-05-12,2026-05-11T07:12:41Z,2026-05-11 00:13:32
PrizePicks,player_frees_made,Austin Reaves,Under,5.0,-137,2026-05-12,2026-05-11T07:12:41Z,2026-05-11 00:13:32
PrizePicks,player_frees_made,Marcus Smart,Over,1.5,-137,2026-05-12,2026-05-11T07:12:41Z,2026-05-11 00:13:32
PrizePicks,player_frees_made,Marcus Smart,Under,1.5,-137,2026-05-12,2026-05-11T07:12:41Z,2026-05-11 00:13:32
Betr DFS,player_frees_made,Tobias Harris,Over,3.5,-137,2026-05-12,2026-05-11T07:13:11Z,2026-05-11 00:13:32
Betr DFS,player_frees_made,Tobias Harris,Under,3.5,-137,2026-05-12,2026-05-11T07:13:11Z,2026-05-11 00:13:32
Betr DFS,player_frees_made,Cade Cunningham,Over,6.5,-137,2026-05-12,2026-05-11T07:13:11Z,2026-05-11 00:13:32
Betr DFS,player_frees_made,Cade Cunningham,Under,6.5,-137,2026-05-12,2026-05-11T07:13:11Z,2026-05-11 00:13:32
Betr DFS,player_frees_made,Jarrett Allen,Over,2.5,-137,2026-05-12,2026-05-11T07:13:11Z,2026-05-11 00:13:32
Betr DFS,player_frees_made,Jarrett Allen,Under,2.5,-137,2026-05-12,2026-05-11T07:13:11Z,2026-05-11 00:13:32
Betr DFS,player_frees_made,Evan Mobley,Over,2.5,-137,2026-05-12,2026-05-11T07:13:11Z,2026-05-11 00:13:32
Betr DFS,player_frees_made,Shai Gilgeous-Alexander,Over,6.5,-137,2026-05-12,2026-05-11T07:13:22Z,2026-05-11 00:13:32
Betr DFS,player_frees_made,Shai Gilgeous-Alexander,Under,6.5,-137,2026-05-12,2026-05-11T07:13:22Z,2026-05-11 00:13:32
Betr DFS,player_frees_made,Ajay Mitchell,Over,2.5,-137,2026-05-12,2026-05-11T07:13:22Z,2026-05-11 00:13:32
Betr DFS,player_frees_made,LeBron James,Over,4.5,-137,2026-05-12,2026-05-11T07:13:22Z,2026-05-11 00:13:32
Betr DFS,player_frees_made,Austin Reaves,Over,5.5,-137,2026-05-12,2026-05-11T07:13:22Z,2026-05-11 00:13:32
Betr DFS,player_frees_made,Julius Randle,Over,3.5,-137,2026-05-13,2026-05-11T07:12:43Z,2026-05-11 00:13:32
Betr DFS,player_frees_made,Julius Randle,Under,3.5,-137,2026-05-13,2026-05-11T07:12:43Z,2026-05-11 00:13:32
Betr DFS,player_frees_made,Anthony Edwards,Over,5.5,-137,2026-05-13,2026-05-11T07:12:43Z,2026-05-11 00:13:32
Betr DFS,player_frees_made,Anthony Edwards,Under,5.5,-137,2026-05-13,2026-05-11T07:12:43Z,2026-05-11 00:13:32
Betr DFS,player_frees_made,De'Aaron Fox,Over,2.5,-137,2026-05-13,2026-05-11T07:12:43Z,2026-05-11 00:13:32
Betr DFS,player_frees_made,De'Aaron Fox,Under,2.5,-137,2026-05-13,2026-05-11T07:12:43Z,2026-05-11 00:13:32
Betr DFS,player_frees_made,Victor Wembanyama,Over,6.5,-137,2026-05-13,2026-05-11T07:12:43Z,2026-05-11 00:13:32
Betr DFS,player_frees_made,Stephon Castle,Over,4.5,-137,2026-05-13,2026-05-11T07:12:43Z,2026-05-11 00:13:32
PrizePicks,player_frees_attempts,Cade Cunningham,Over,7.5,-137,2026-05-12,2026-05-11T07:12:38Z,2026-05-11 00:13:32
PrizePicks,player_frees_attempts,Cade Cunningham,Under,7.5,-137,2026-05-12,2026-05-11T07:12:38Z,2026-05-11 00:13:32
PrizePicks,player_frees_attempts,Donovan Mitchell,Over,6.5,-137,2026-05-12,2026-05-11T07:12:38Z,2026-05-11 00:13:32
PrizePicks,player_frees_attempts,Donovan Mitchell,Under,6.5,-137,2026-05-12,2026-05-11T07:12:38Z,2026-05-11 00:13:32
PrizePicks,player_frees_attempts,Evan Mobley,Over,4.0,-137,2026-05-12,2026-05-11T07:12:38Z,2026-05-11 00:13:32
PrizePicks,player_frees_attempts,Evan Mobley,Under,4.0,-137,2026-05-12,2026-05-11T07:12:38Z,2026-05-11 00:13:32
PrizePicks,player_frees_attempts,Jarrett Allen,Over,4.0,-137,2026-05-12,2026-05-11T07:12:38Z,2026-05-11 00:13:32
PrizePicks,player_frees_attempts,Jarrett Allen,Under,4.0,-137,2026-05-12,2026-05-11T07:12:38Z,2026-05-11 00:13:32
PrizePicks,player_frees_attempts,Jalen Duren,Over,4.0,-137,2026-05-12,2026-05-11T07:12:38Z,2026-05-11 00:13:32
PrizePicks,player_frees_attempts,Jalen Duren,Under,4.0,-137,2026-05-12,2026-05-11T07:12:38Z,2026-05-11 00:13:32
PrizePicks,player_frees_attempts,Tobias Harris,Over,4.0,-137,2026-05-12,2026-05-11T07:12:38Z,2026-05-11 00:13:32
PrizePicks,player_frees_attempts,Tobias Harris,Under,4.0,-137,2026-05-12,2026-05-11T07:12:38Z,2026-05-11 00:13:32
PrizePicks,player_frees_attempts,Duncan Robinson,Over,0.5,-137,2026-05-12,2026-05-11T07:12:38Z,2026-05-11 00:13:32
PrizePicks,player_frees_attempts,Duncan Robinson,Under,0.5,-137,2026-05-12,2026-05-11T07:12:38Z,2026-05-11 00:13:32
PrizePicks,player_frees_attempts,Chet Holmgren,Over,4.0,-137,2026-05-12,2026-05-11T07:12:41Z,2026-05-11 00:13:32
PrizePicks,player_frees_attempts,Chet Holmgren,Under,4.0,-137,2026-05-12,2026-05-11T07:12:41Z,2026-05-11 00:13:32
PrizePicks,player_frees_attempts,Ajay Mitchell,Over,2.5,-137,2026-05-12,2026-05-11T07:12:41Z,2026-05-11 00:13:32
PrizePicks,player_frees_attempts,Ajay Mitchell,Under,2.5,-137,2026-05-12,2026-05-11T07:12:41Z,2026-05-11 00:13:32
PrizePicks,player_frees_attempts,Jaxson Hayes,Over,1.5,-137,2026-05-12,2026-05-11T07:12:41Z,2026-05-11 00:13:32
PrizePicks,player_frees_attempts,Jaxson Hayes,Under,1.5,-137,2026-05-12,2026-05-11T07:12:41Z,2026-05-11 00:13:32
Betr DFS,player_frees_attempts,Donovan Mitchell,Over,6.5,-137,2026-05-12,2026-05-11T07:13:11Z,2026-05-11 00:13:32
Betr DFS,player_frees_attempts,Donovan Mitchell,Under,6.5,-137,2026-05-12,2026-05-11T07:13:11Z,2026-05-11 00:13:32
Betr DFS,player_frees_attempts,Austin Reaves,Over,6.5,-137,2026-05-12,2026-05-11T07:13:22Z,2026-05-11 00:13:32
Betr DFS,player_frees_attempts,Julius Randle,Over,4.5,-137,2026-05-13,2026-05-11T07:12:43Z,2026-05-11 00:13:32
Betr DFS,player_frees_attempts,Anthony Edwards,Over,7.5,-137,2026-05-13,2026-05-11T07:12:43Z,2026-05-11 00:13:32
Betr DFS,player_frees_attempts,Victor Wembanyama,Over,7.5,-137,2026-05-13,2026-05-11T07:12:43Z,2026-05-11 00:13:32
Betr DFS,player_frees_attempts,Stephon Castle,Over,5.5,-137,2026-05-13,2026-05-11T07:12:43Z,2026-05-11 00:13:32
Betr DFS,player_frees_attempts,Stephon Castle,Under,5.5,-137,2026-05-13,2026-05-11T07:12:43Z,2026-05-11 00:13:32
PrizePicks,player_points_rebounds_assists,Cade Cunningham,Over,42.5,-137,2026-05-12,2026-05-11T07:12:38Z,2026-05-11 00:13:32
PrizePicks,player_points_rebounds_assists,Cade Cunningham,Under,42.5,-137,2026-05-12,2026-05-11T07:12:38Z,2026-05-11 00:13:32
PrizePicks,player_points_rebounds_assists,Donovan Mitchell,Over,36.0,-137,2026-05-12,2026-05-11T07:12:38Z,2026-05-11 00:13:32
PrizePicks,player_points_rebounds_assists,Donovan Mitchell,Under,36.0,-137,2026-05-12,2026-05-11T07:12:38Z,2026-05-11 00:13:32
PrizePicks,player_points_rebounds_assists,James Harden,Over,31.5,-137,2026-05-12,2026-05-11T07:12:38Z,2026-05-11 00:13:32
PrizePicks,player_points_rebounds_assists,James Harden,Under,31.5,-137,2026-05-12,2026-05-11T07:12:38Z,2026-05-11 00:13:32
PrizePicks,player_points_rebounds_assists,Evan Mobley,Over,27.5,-137,2026-05-12,2026-05-11T07:12:38Z,2026-05-11 00:13:32
PrizePicks,player_points_rebounds_assists,Evan Mobley,Under,27.5,-137,2026-05-12,2026-05-11T07:12:38Z,2026-05-11 00:13:32
PrizePicks,player_points_rebounds_assists,Jalen Duren,Over,26.5,-137,2026-05-12,2026-05-11T07:12:38Z,2026-05-11 00:13:32
PrizePicks,player_points_rebounds_assists,Jalen Duren,Under,26.5,-137,2026-05-12,2026-05-11T07:12:38Z,2026-05-11 00:13:32
PrizePicks,player_points_rebounds_assists,Tobias Harris,Over,26.5,-137,2026-05-12,2026-05-11T07:12:38Z,2026-05-11 00:13:32
PrizePicks,player_points_rebounds_assists,Tobias Harris,Under,26.5,-137,2026-05-12,2026-05-11T07:12:38Z,2026-05-11 00:13:32
PrizePicks,player_points_rebounds_assists,Jarrett Allen,Over,21.5,-137,2026-05-12,2026-05-11T07:12:38Z,2026-05-11 00:13:32
PrizePicks,player_points_rebounds_assists,Jarrett Allen,Under,21.5,-137,2026-05-12,2026-05-11T07:12:38Z,2026-05-11 00:13:32
PrizePicks,player_points_rebounds_assists,Ausar Thompson,Over,19.5,-137,2026-05-12,2026-05-11T07:12:38Z,2026-05-11 00:13:32
PrizePicks,player_points_rebounds_assists,Ausar Thompson,Under,19.5,-137,2026-05-12,2026-05-11T07:12:38Z,2026-05-11 00:13:32
PrizePicks,player_points_rebounds_assists,Duncan Robinson,Over,16.5,-137,2026-05-12,2026-05-11T07:12:38Z,2026-05-11 00:13:32
PrizePicks,player_points_rebounds_assists,Duncan Robinson,Under,16.5,-137,2026-05-12,2026-05-11T07:12:38Z,2026-05-11 00:13:32
PrizePicks,player_points_rebounds_assists,Daniss Jenkins,Over,15.5,-137,2026-05-12,2026-05-11T07:12:38Z,2026-05-11 00:13:32
PrizePicks,player_points_rebounds_assists,Daniss Jenkins,Under,15.5,-137,2026-05-12,2026-05-11T07:12:38Z,2026-05-11 00:13:32
PrizePicks,player_points_rebounds_assists,Max Strus,Over,14.5,-137,2026-05-12,2026-05-11T07:12:38Z,2026-05-11 00:13:32
PrizePicks,player_points_rebounds_assists,Max Strus,Under,14.5,-137,2026-05-12,2026-05-11T07:12:38Z,2026-05-11 00:13:32
PrizePicks,player_points_rebounds_assists,Jaylon Tyson,Over,11.5,-137,2026-05-12,2026-05-11T07:12:38Z,2026-05-11 00:13:32
PrizePicks,player_points_rebounds_assists,Jaylon Tyson,Under,11.5,-137,2026-05-12,2026-05-11T07:12:38Z,2026-05-11 00:13:32
PrizePicks,player_points_rebounds_assists,Dennis Schroder,Over,10.5,-137,2026-05-12,2026-05-11T07:12:38Z,2026-05-11 00:13:32
PrizePicks,player_points_rebounds_assists,Dennis Schroder,Under,10.5,-137,2026-05-12,2026-05-11T07:12:38Z,2026-05-11 00:13:32
PrizePicks,player_points_rebounds_assists,Dean Wade,Over,8.0,-137,2026-05-12,2026-05-11T07:12:38Z,2026-05-11 00:13:32
PrizePicks,player_points_rebounds_assists,Dean Wade,Under,8.0,-137,2026-05-12,2026-05-11T07:12:38Z,2026-05-11 00:13:32
PrizePicks,player_points_rebounds_assists,Shai Gilgeous-Alexander,Over,40.5,-137,2026-05-12,2026-05-11T07:12:41Z,2026-05-11 00:13:32
PrizePicks,player_points_rebounds_assists,Shai Gilgeous-Alexander,Under,40.5,-137,2026-05-12,2026-05-11T07:12:41Z,2026-05-11 00:13:32
PrizePicks,player_points_rebounds_assists,LeBron James,Over,36.5,-137,2026-05-12,2026-05-11T07:12:41Z,2026-05-11 00:13:32
PrizePicks,player_points_rebounds_assists,LeBron James,Under,36.5,-137,2026-05-12,2026-05-11T07:12:41Z,2026-05-11 00:13:32
PrizePicks,player_points_rebounds_assists,Austin Reaves,Over,32.5,-137,2026-05-12,2026-05-11T07:12:41Z,2026-05-11 00:13:32
PrizePicks,player_points_rebounds_assists,Austin Reaves,Under,32.5,-137,2026-05-12,2026-05-11T07:12:41Z,2026-05-11 00:13:32
PrizePicks,player_points_rebounds_assists,Chet Holmgren,Over,28.5,-137,2026-05-12,2026-05-11T07:12:41Z,2026-05-11 00:13:32
PrizePicks,player_points_rebounds_assists,Chet Holmgren,Under,28.5,-137,2026-05-12,2026-05-11T07:12:41Z,2026-05-11 00:13:32
PrizePicks,player_points_rebounds_assists,Ajay Mitchell,Over,25.5,-137,2026-05-12,2026-05-11T07:12:41Z,2026-05-11 00:13:32
PrizePicks,player_points_rebounds_assists,Ajay Mitchell,Under,25.5,-137,2026-05-12,2026-05-11T07:12:41Z,2026-05-11 00:13:32
PrizePicks,player_points_rebounds_assists,Rui Hachimura,Over,20.5,-137,2026-05-12,2026-05-11T07:12:41Z,2026-05-11 00:13:32
PrizePicks,player_points_rebounds_assists,Rui Hachimura,Under,20.5,-137,2026-05-12,2026-05-11T07:12:41Z,2026-05-11 00:13:32
PrizePicks,player_points_rebounds_assists,Isaiah Hartenstein,Over,20.5,-137,2026-05-12,2026-05-11T07:12:41Z,2026-05-11 00:13:32
PrizePicks,player_points_rebounds_assists,Isaiah Hartenstein,Under,20.5,-137,2026-05-12,2026-05-11T07:12:41Z,2026-05-11 00:13:32
PrizePicks,player_points_rebounds_assists,Marcus Smart,Over,18.5,-137,2026-05-12,2026-05-11T07:12:41Z,2026-05-11 00:13:32
PrizePicks,player_points_rebounds_assists,Marcus Smart,Under,18.5,-137,2026-05-12,2026-05-11T07:12:41Z,2026-05-11 00:13:32
PrizePicks,player_points_rebounds_assists,Deandre Ayton,Over,17.5,-137,2026-05-12,2026-05-11T07:12:41Z,2026-05-11 00:13:32
PrizePicks,player_points_rebounds_assists,Deandre Ayton,Under,17.5,-137,2026-05-12,2026-05-11T07:12:41Z,2026-05-11 00:13:32
PrizePicks,player_points_rebounds_assists,Luke Kennard,Over,14.5,-137,2026-05-12,2026-05-11T07:12:41Z,2026-05-11 00:13:32
PrizePicks,player_points_rebounds_assists,Luke Kennard,Under,14.5,-137,2026-05-12,2026-05-11T07:12:41Z,2026-05-11 00:13:32
PrizePicks,player_points_rebounds_assists,Alex Caruso,Over,11.5,-137,2026-05-12,2026-05-11T07:12:41Z,2026-05-11 00:13:32
PrizePicks,player_points_rebounds_assists,Alex Caruso,Under,11.5,-137,2026-05-12,2026-05-11T07:12:41Z,2026-05-11 00:13:32
PrizePicks,player_points_rebounds_assists,Cason Wallace,Over,11.5,-137,2026-05-12,2026-05-11T07:12:41Z,2026-05-11 00:13:32
PrizePicks,player_points_rebounds_assists,Cason Wallace,Under,11.5,-137,2026-05-12,2026-05-11T07:12:41Z,2026-05-11 00:13:32
PrizePicks,player_points_rebounds_assists,Luguentz Dort,Over,11.0,-137,2026-05-12,2026-05-11T07:12:41Z,2026-05-11 00:13:32
PrizePicks,player_points_rebounds_assists,Luguentz Dort,Under,11.0,-137,2026-05-12,2026-05-11T07:12:41Z,2026-05-11 00:13:32
PrizePicks,player_points_rebounds_assists,Jaxson Hayes,Over,8.5,-137,2026-05-12,2026-05-11T07:12:41Z,2026-05-11 00:13:32
PrizePicks,player_points_rebounds_assists,Jaxson Hayes,Under,8.5,-137,2026-05-12,2026-05-11T07:12:41Z,2026-05-11 00:13:32
PrizePicks,player_points_rebounds_assists,Jaylin Williams,Over,8.5,-137,2026-05-12,2026-05-11T07:12:41Z,2026-05-11 00:13:32
PrizePicks,player_points_rebounds_assists,Jaylin Williams,Under,8.5,-137,2026-05-12,2026-05-11T07:12:41Z,2026-05-11 00:13:32
PrizePicks,player_points_rebounds_assists,Isaiah Joe,Over,7.5,-137,2026-05-12,2026-05-11T07:12:41Z,2026-05-11 00:13:32
PrizePicks,player_points_rebounds_assists,Isaiah Joe,Under,7.5,-137,2026-05-12,2026-05-11T07:12:41Z,2026-05-11 00:13:32
PrizePicks,player_points_rebounds_assists,Jared McCain,Over,7.5,-137,2026-05-12,2026-05-11T07:12:41Z,2026-05-11 00:13:32
PrizePicks,player_points_rebounds_assists,Jared McCain,Under,7.5,-137,2026-05-12,2026-05-11T07:12:41Z,2026-05-11 00:13:32
PrizePicks,player_points_rebounds_assists,Victor Wembanyama,Over,43.5,-137,2026-05-13,2026-05-11T07:12:42Z,2026-05-11 00:13:32
PrizePicks,player_points_rebounds_assists,Victor Wembanyama,Under,43.5,-137,2026-05-13,2026-05-11T07:12:42Z,2026-05-11 00:13:32
PrizePicks,player_points_rebounds_assists,Anthony Edwards,Over,38.5,-137,2026-05-13,2026-05-11T07:12:42Z,2026-05-11 00:13:32
PrizePicks,player_points_rebounds_assists,Anthony Edwards,Under,38.5,-137,2026-05-13,2026-05-11T07:12:42Z,2026-05-11 00:13:32
PrizePicks,player_points_rebounds_assists,Stephon Castle,Over,29.5,-137,2026-05-13,2026-05-11T07:12:42Z,2026-05-11 00:13:32
PrizePicks,player_points_rebounds_assists,Stephon Castle,Under,29.5,-137,2026-05-13,2026-05-11T07:12:42Z,2026-05-11 00:13:32
PrizePicks,player_points_rebounds_assists,Julius Randle,Over,27.5,-137,2026-05-13,2026-05-11T07:12:42Z,2026-05-11 00:13:32
PrizePicks,player_points_rebounds_assists,Julius Randle,Under,27.5,-137,2026-05-13,2026-05-11T07:12:42Z,2026-05-11 00:13:32
PrizePicks,player_points_rebounds_assists,De'Aaron Fox,Over,26.5,-137,2026-05-13,2026-05-11T07:12:42Z,2026-05-11 00:13:32
PrizePicks,player_points_rebounds_assists,De'Aaron Fox,Under,26.5,-137,2026-05-13,2026-05-11T07:12:42Z,2026-05-11 00:13:32
PrizePicks,player_points_rebounds_assists,Jaden McDaniels,Over,23.5,-137,2026-05-13,2026-05-11T07:12:42Z,2026-05-11 00:13:32
PrizePicks,player_points_rebounds_assists,Jaden McDaniels,Under,23.5,-137,2026-05-13,2026-05-11T07:12:42Z,2026-05-11 00:13:32
PrizePicks,player_points_rebounds_assists,Ayo Dosunmu,Over,20.5,-137,2026-05-13,2026-05-11T07:12:42Z,2026-05-11 00:13:32
PrizePicks,player_points_rebounds_assists,Ayo Dosunmu,Under,20.5,-137,2026-05-13,2026-05-11T07:12:42Z,2026-05-11 00:13:32
PrizePicks,player_points_rebounds_assists,Rudy Gobert,Over,20.5,-137,2026-05-13,2026-05-11T07:12:42Z,2026-05-11 00:13:32
PrizePicks,player_points_rebounds_assists,Rudy Gobert,Under,20.5,-137,2026-05-13,2026-05-11T07:12:42Z,2026-05-11 00:13:32
PrizePicks,player_points_rebounds_assists,Naz Reid,Over,20.5,-137,2026-05-13,2026-05-11T07:12:42Z,2026-05-11 00:13:32
PrizePicks,player_points_rebounds_assists,Naz Reid,Under,20.5,-137,2026-05-13,2026-05-11T07:12:42Z,2026-05-11 00:13:32
PrizePicks,player_points_rebounds_assists,Devin Vassell,Over,19.5,-137,2026-05-13,2026-05-11T07:12:42Z,2026-05-11 00:13:32
PrizePicks,player_points_rebounds_assists,Devin Vassell,Under,19.5,-137,2026-05-13,2026-05-11T07:12:42Z,2026-05-11 00:13:32
PrizePicks,player_points_rebounds_assists,Dylan Harper,Over,17.5,-137,2026-05-13,2026-05-11T07:12:42Z,2026-05-11 00:13:32
PrizePicks,player_points_rebounds_assists,Dylan Harper,Under,17.5,-137,2026-05-13,2026-05-11T07:12:42Z,2026-05-11 00:13:32
PrizePicks,player_points_rebounds_assists,Julian Champagnie,Over,14.5,-137,2026-05-13,2026-05-11T07:12:42Z,2026-05-11 00:13:32
PrizePicks,player_points_rebounds_assists,Julian Champagnie,Under,14.5,-137,2026-05-13,2026-05-11T07:12:42Z,2026-05-11 00:13:32
Underdog,player_points_rebounds_assists,Cade Cunningham,Over,41.5,-137,2026-05-12,2026-05-11T07:13:27Z,2026-05-11 00:13:32
Underdog,player_points_rebounds_assists,Cade Cunningham,Under,41.5,-137,2026-05-12,2026-05-11T07:13:27Z,2026-05-11 00:13:32
Underdog,player_points_rebounds_assists,James Harden,Over,31.5,-137,2026-05-12,2026-05-11T07:13:27Z,2026-05-11 00:13:32
Underdog,player_points_rebounds_assists,James Harden,Under,31.5,-137,2026-05-12,2026-05-11T07:13:27Z,2026-05-11 00:13:32
Underdog,player_points_rebounds_assists,Evan Mobley,Over,27.5,-137,2026-05-12,2026-05-11T07:13:27Z,2026-05-11 00:13:32
Underdog,player_points_rebounds_assists,Evan Mobley,Under,27.5,-137,2026-05-12,2026-05-11T07:13:27Z,2026-05-11 00:13:32
Underdog,player_points_rebounds_assists,Jarrett Allen,Over,22.5,-137,2026-05-12,2026-05-11T07:13:27Z,2026-05-11 00:13:32
Underdog,player_points_rebounds_assists,Jarrett Allen,Under,22.5,-137,2026-05-12,2026-05-11T07:13:27Z,2026-05-11 00:13:32
Underdog,player_points_rebounds_assists,Tobias Harris,Over,26.5,-137,2026-05-12,2026-05-11T07:13:27Z,2026-05-11 00:13:32
Underdog,player_points_rebounds_assists,Tobias Harris,Under,26.5,-137,2026-05-12,2026-05-11T07:13:27Z,2026-05-11 00:13:32
Underdog,player_points_rebounds_assists,Ausar Thompson,Over,19.5,-137,2026-05-12,2026-05-11T07:13:27Z,2026-05-11 00:13:32
Underdog,player_points_rebounds_assists,Ausar Thompson,Under,19.5,-137,2026-05-12,2026-05-11T07:13:27Z,2026-05-11 00:13:32
Underdog,player_points_rebounds_assists,Dennis Schroder,Over,10.5,-137,2026-05-12,2026-05-11T07:13:27Z,2026-05-11 00:13:32
Underdog,player_points_rebounds_assists,Dennis Schroder,Under,10.5,-137,2026-05-12,2026-05-11T07:13:27Z,2026-05-11 00:13:32
Underdog,player_points_rebounds_assists,Jalen Duren,Over,26.5,-137,2026-05-12,2026-05-11T07:13:27Z,2026-05-11 00:13:32
Underdog,player_points_rebounds_assists,Jalen Duren,Under,26.5,-137,2026-05-12,2026-05-11T07:13:27Z,2026-05-11 00:13:32
Underdog,player_points_rebounds_assists,Max Strus,Over,14.5,-137,2026-05-12,2026-05-11T07:13:27Z,2026-05-11 00:13:32
Underdog,player_points_rebounds_assists,Max Strus,Under,14.5,-137,2026-05-12,2026-05-11T07:13:27Z,2026-05-11 00:13:32
Underdog,player_points_rebounds_assists,Duncan Robinson,Over,16.5,-137,2026-05-12,2026-05-11T07:13:27Z,2026-05-11 00:13:32
Underdog,player_points_rebounds_assists,Duncan Robinson,Under,16.5,-137,2026-05-12,2026-05-11T07:13:27Z,2026-05-11 00:13:32
Underdog,player_points_rebounds_assists,Daniss Jenkins,Over,15.5,-137,2026-05-12,2026-05-11T07:13:27Z,2026-05-11 00:13:32
Underdog,player_points_rebounds_assists,Daniss Jenkins,Under,15.5,-137,2026-05-12,2026-05-11T07:13:27Z,2026-05-11 00:13:32
Underdog,player_points_rebounds_assists,Jaylon Tyson,Over,11.5,-137,2026-05-12,2026-05-11T07:13:27Z,2026-05-11 00:13:32
Underdog,player_points_rebounds_assists,Jaylon Tyson,Under,11.5,-137,2026-05-12,2026-05-11T07:13:27Z,2026-05-11 00:13:32
Underdog,player_points_rebounds_assists,Shai Gilgeous-Alexander,Over,40.5,-137,2026-05-12,2026-05-11T07:13:24Z,2026-05-11 00:13:32
Underdog,player_points_rebounds_assists,Shai Gilgeous-Alexander,Under,40.5,-137,2026-05-12,2026-05-11T07:13:24Z,2026-05-11 00:13:32
Underdog,player_points_rebounds_assists,LeBron James,Over,36.5,-137,2026-05-12,2026-05-11T07:13:24Z,2026-05-11 00:13:32
Underdog,player_points_rebounds_assists,LeBron James,Under,36.5,-137,2026-05-12,2026-05-11T07:13:24Z,2026-05-11 00:13:32
Underdog,player_points_rebounds_assists,Austin Reaves,Over,32.5,-137,2026-05-12,2026-05-11T07:13:24Z,2026-05-11 00:13:32
Underdog,player_points_rebounds_assists,Austin Reaves,Under,32.5,-137,2026-05-12,2026-05-11T07:13:24Z,2026-05-11 00:13:32
Underdog,player_points_rebounds_assists,Chet Holmgren,Over,28.5,-137,2026-05-12,2026-05-11T07:13:24Z,2026-05-11 00:13:32
Underdog,player_points_rebounds_assists,Chet Holmgren,Under,28.5,-137,2026-05-12,2026-05-11T07:13:24Z,2026-05-11 00:13:32
Underdog,player_points_rebounds_assists,Alex Caruso,Over,11.5,-137,2026-05-12,2026-05-11T07:13:24Z,2026-05-11 00:13:32
Underdog,player_points_rebounds_assists,Alex Caruso,Under,11.5,-137,2026-05-12,2026-05-11T07:13:24Z,2026-05-11 00:13:32
Underdog,player_points_rebounds_assists,Rui Hachimura,Over,20.5,-137,2026-05-12,2026-05-11T07:13:24Z,2026-05-11 00:13:32
Underdog,player_points_rebounds_assists,Rui Hachimura,Under,20.5,-137,2026-05-12,2026-05-11T07:13:24Z,2026-05-11 00:13:32
Underdog,player_points_rebounds_assists,Marcus Smart,Over,18.5,-137,2026-05-12,2026-05-11T07:13:24Z,2026-05-11 00:13:32
Underdog,player_points_rebounds_assists,Marcus Smart,Under,18.5,-137,2026-05-12,2026-05-11T07:13:24Z,2026-05-11 00:13:32
Underdog,player_points_rebounds_assists,Deandre Ayton,Over,18.5,-137,2026-05-12,2026-05-11T07:13:24Z,2026-05-11 00:13:32
Underdog,player_points_rebounds_assists,Deandre Ayton,Under,18.5,-137,2026-05-12,2026-05-11T07:13:24Z,2026-05-11 00:13:32
Underdog,player_points_rebounds_assists,Luguentz Dort,Over,10.5,-137,2026-05-12,2026-05-11T07:13:24Z,2026-05-11 00:13:32
Underdog,player_points_rebounds_assists,Luguentz Dort,Under,10.5,-137,2026-05-12,2026-05-11T07:13:24Z,2026-05-11 00:13:32
Underdog,player_points_rebounds_assists,Cason Wallace,Over,11.5,-137,2026-05-12,2026-05-11T07:13:24Z,2026-05-11 00:13:32
Underdog,player_points_rebounds_assists,Cason Wallace,Under,11.5,-137,2026-05-12,2026-05-11T07:13:24Z,2026-05-11 00:13:32
Underdog,player_points_rebounds_assists,Isaiah Hartenstein,Over,20.5,-137,2026-05-12,2026-05-11T07:13:24Z,2026-05-11 00:13:32
Underdog,player_points_rebounds_assists,Isaiah Hartenstein,Under,20.5,-137,2026-05-12,2026-05-11T07:13:24Z,2026-05-11 00:13:32
Underdog,player_points_rebounds_assists,Jaylin Williams,Over,8.5,-137,2026-05-12,2026-05-11T07:13:24Z,2026-05-11 00:13:32
Underdog,player_points_rebounds_assists,Jaylin Williams,Under,8.5,-137,2026-05-12,2026-05-11T07:13:24Z,2026-05-11 00:13:32
Underdog,player_points_rebounds_assists,Luke Kennard,Over,14.5,-137,2026-05-12,2026-05-11T07:13:24Z,2026-05-11 00:13:32
Underdog,player_points_rebounds_assists,Luke Kennard,Under,14.5,-137,2026-05-12,2026-05-11T07:13:24Z,2026-05-11 00:13:32
Underdog,player_points_rebounds_assists,Victor Wembanyama,Over,43.5,-137,2026-05-13,2026-05-11T07:12:49Z,2026-05-11 00:13:32
Underdog,player_points_rebounds_assists,Victor Wembanyama,Under,43.5,-137,2026-05-13,2026-05-11T07:12:49Z,2026-05-11 00:13:32
Underdog,player_points_rebounds_assists,Anthony Edwards,Over,38.5,-137,2026-05-13,2026-05-11T07:12:49Z,2026-05-11 00:13:32
Underdog,player_points_rebounds_assists,Anthony Edwards,Under,38.5,-137,2026-05-13,2026-05-11T07:12:49Z,2026-05-11 00:13:32
Underdog,player_points_rebounds_assists,Julius Randle,Over,27.5,-137,2026-05-13,2026-05-11T07:12:49Z,2026-05-11 00:13:32
Underdog,player_points_rebounds_assists,Julius Randle,Under,27.5,-137,2026-05-13,2026-05-11T07:12:49Z,2026-05-11 00:13:32
Underdog,player_points_rebounds_assists,Devin Vassell,Over,19.5,-137,2026-05-13,2026-05-11T07:12:49Z,2026-05-11 00:13:32
Underdog,player_points_rebounds_assists,Devin Vassell,Under,19.5,-137,2026-05-13,2026-05-11T07:12:49Z,2026-05-11 00:13:32
Underdog,player_points_rebounds_assists,Dylan Harper,Over,17.5,-137,2026-05-13,2026-05-11T07:12:49Z,2026-05-11 00:13:32
Underdog,player_points_rebounds_assists,Dylan Harper,Under,17.5,-137,2026-05-13,2026-05-11T07:12:49Z,2026-05-11 00:13:32
Underdog,player_points_rebounds_assists,Keldon Johnson,Over,12.5,-137,2026-05-13,2026-05-11T07:12:49Z,2026-05-11 00:13:32
Underdog,player_points_rebounds_assists,Keldon Johnson,Under,12.5,-137,2026-05-13,2026-05-11T07:12:49Z,2026-05-11 00:13:32
Underdog,player_points_rebounds_assists,Jaden McDaniels,Over,23.5,-137,2026-05-13,2026-05-11T07:12:49Z,2026-05-11 00:13:32
Underdog,player_points_rebounds_assists,Jaden McDaniels,Under,23.5,-137,2026-05-13,2026-05-11T07:12:49Z,2026-05-11 00:13:32
Underdog,player_points_rebounds_assists,Stephon Castle,Over,29.5,-137,2026-05-13,2026-05-11T07:12:49Z,2026-05-11 00:13:32
Underdog,player_points_rebounds_assists,Stephon Castle,Under,29.5,-137,2026-05-13,2026-05-11T07:12:49Z,2026-05-11 00:13:32
Underdog,player_points_rebounds_assists,Ayo Dosunmu,Over,20.5,-137,2026-05-13,2026-05-11T07:12:49Z,2026-05-11 00:13:32
Underdog,player_points_rebounds_assists,Ayo Dosunmu,Under,20.5,-137,2026-05-13,2026-05-11T07:12:49Z,2026-05-11 00:13:32
Underdog,player_points_rebounds_assists,Julian Champagnie,Over,14.5,-137,2026-05-13,2026-05-11T07:12:49Z,2026-05-11 00:13:32
Underdog,player_points_rebounds_assists,Julian Champagnie,Under,14.5,-137,2026-05-13,2026-05-11T07:12:49Z,2026-05-11 00:13:32
Underdog,player_points_rebounds_assists,Naz Reid,Over,20.5,-137,2026-05-13,2026-05-11T07:12:49Z,2026-05-11 00:13:32
Underdog,player_points_rebounds_assists,Naz Reid,Under,20.5,-137,2026-05-13,2026-05-11T07:12:49Z,2026-05-11 00:13:32
Underdog,player_points_rebounds_assists,Terrence Shannon Jr.,Over,11.5,-137,2026-05-13,2026-05-11T07:12:49Z,2026-05-11 00:13:32
Underdog,player_points_rebounds_assists,Terrence Shannon Jr.,Under,11.5,-137,2026-05-13,2026-05-11T07:12:49Z,2026-05-11 00:13:32
Betr DFS,player_points_rebounds_assists,Duncan Robinson,Over,16.5,-137,2026-05-12,2026-05-11T07:13:11Z,2026-05-11 00:13:32
Betr DFS,player_points_rebounds_assists,Duncan Robinson,Under,16.5,-137,2026-05-12,2026-05-11T07:13:11Z,2026-05-11 00:13:32
Betr DFS,player_points_rebounds_assists,Tobias Harris,Over,26.5,-137,2026-05-12,2026-05-11T07:13:11Z,2026-05-11 00:13:32
Betr DFS,player_points_rebounds_assists,Tobias Harris,Under,26.5,-137,2026-05-12,2026-05-11T07:13:11Z,2026-05-11 00:13:32
Betr DFS,player_points_rebounds_assists,Cade Cunningham,Over,42.5,-137,2026-05-12,2026-05-11T07:13:11Z,2026-05-11 00:13:32
Betr DFS,player_points_rebounds_assists,Cade Cunningham,Under,42.5,-137,2026-05-12,2026-05-11T07:13:11Z,2026-05-11 00:13:32
Betr DFS,player_points_rebounds_assists,Jalen Duren,Over,26.5,-137,2026-05-12,2026-05-11T07:13:11Z,2026-05-11 00:13:32
Betr DFS,player_points_rebounds_assists,Jalen Duren,Under,26.5,-137,2026-05-12,2026-05-11T07:13:11Z,2026-05-11 00:13:32
Betr DFS,player_points_rebounds_assists,Ausar Thompson,Over,19.5,-137,2026-05-12,2026-05-11T07:13:11Z,2026-05-11 00:13:32
Betr DFS,player_points_rebounds_assists,Ausar Thompson,Under,19.5,-137,2026-05-12,2026-05-11T07:13:11Z,2026-05-11 00:13:32
Betr DFS,player_points_rebounds_assists,Daniss Jenkins,Over,15.5,-137,2026-05-12,2026-05-11T07:13:11Z,2026-05-11 00:13:32
Betr DFS,player_points_rebounds_assists,Daniss Jenkins,Under,15.5,-137,2026-05-12,2026-05-11T07:13:11Z,2026-05-11 00:13:32
Betr DFS,player_points_rebounds_assists,Max Strus,Over,14.5,-137,2026-05-12,2026-05-11T07:13:11Z,2026-05-11 00:13:32
Betr DFS,player_points_rebounds_assists,Max Strus,Under,14.5,-137,2026-05-12,2026-05-11T07:13:11Z,2026-05-11 00:13:32
Betr DFS,player_points_rebounds_assists,James Harden,Over,31.5,-137,2026-05-12,2026-05-11T07:13:11Z,2026-05-11 00:13:32
Betr DFS,player_points_rebounds_assists,James Harden,Under,31.5,-137,2026-05-12,2026-05-11T07:13:11Z,2026-05-11 00:13:32
Betr DFS,player_points_rebounds_assists,Donovan Mitchell,Over,35.5,-137,2026-05-12,2026-05-11T07:13:11Z,2026-05-11 00:13:32
Betr DFS,player_points_rebounds_assists,Donovan Mitchell,Under,35.5,-137,2026-05-12,2026-05-11T07:13:11Z,2026-05-11 00:13:32
Betr DFS,player_points_rebounds_assists,Evan Mobley,Over,26.5,-137,2026-05-12,2026-05-11T07:13:11Z,2026-05-11 00:13:32
Betr DFS,player_points_rebounds_assists,Evan Mobley,Under,26.5,-137,2026-05-12,2026-05-11T07:13:11Z,2026-05-11 00:13:32
Betr DFS,player_points_rebounds_assists,Isaiah Hartenstein,Over,20.5,-137,2026-05-12,2026-05-11T07:13:22Z,2026-05-11 00:13:32
Betr DFS,player_points_rebounds_assists,Isaiah Hartenstein,Under,20.5,-137,2026-05-12,2026-05-11T07:13:22Z,2026-05-11 00:13:32
Betr DFS,player_points_rebounds_assists,Shai Gilgeous-Alexander,Over,39.5,-137,2026-05-12,2026-05-11T07:13:22Z,2026-05-11 00:13:32
Betr DFS,player_points_rebounds_assists,Shai Gilgeous-Alexander,Under,39.5,-137,2026-05-12,2026-05-11T07:13:22Z,2026-05-11 00:13:32
Betr DFS,player_points_rebounds_assists,Chet Holmgren,Over,28.5,-137,2026-05-12,2026-05-11T07:13:22Z,2026-05-11 00:13:32
Betr DFS,player_points_rebounds_assists,Chet Holmgren,Under,28.5,-137,2026-05-12,2026-05-11T07:13:22Z,2026-05-11 00:13:32
Betr DFS,player_points_rebounds_assists,Ajay Mitchell,Under,24.5,-137,2026-05-12,2026-05-11T07:13:22Z,2026-05-11 00:13:32
Betr DFS,player_points_rebounds_assists,Ajay Mitchell,Over,24.5,-137,2026-05-12,2026-05-11T07:13:22Z,2026-05-11 00:13:32
Betr DFS,player_points_rebounds_assists,Marcus Smart,Over,18.5,-137,2026-05-12,2026-05-11T07:13:22Z,2026-05-11 00:13:32
Betr DFS,player_points_rebounds_assists,Marcus Smart,Under,18.5,-137,2026-05-12,2026-05-11T07:13:22Z,2026-05-11 00:13:32
Betr DFS,player_points_rebounds_assists,Luke Kennard,Over,14.5,-137,2026-05-12,2026-05-11T07:13:22Z,2026-05-11 00:13:32
Betr DFS,player_points_rebounds_assists,Luke Kennard,Under,14.5,-137,2026-05-12,2026-05-11T07:13:22Z,2026-05-11 00:13:32
Betr DFS,player_points_rebounds_assists,LeBron James,Over,36.5,-137,2026-05-12,2026-05-11T07:13:22Z,2026-05-11 00:13:32
Betr DFS,player_points_rebounds_assists,LeBron James,Under,36.5,-137,2026-05-12,2026-05-11T07:13:22Z,2026-05-11 00:13:32
Betr DFS,player_points_rebounds_assists,Rui Hachimura,Over,20.5,-137,2026-05-12,2026-05-11T07:13:22Z,2026-05-11 00:13:32
Betr DFS,player_points_rebounds_assists,Rui Hachimura,Under,20.5,-137,2026-05-12,2026-05-11T07:13:22Z,2026-05-11 00:13:32
Betr DFS,player_points_rebounds_assists,Austin Reaves,Over,32.5,-137,2026-05-12,2026-05-11T07:13:22Z,2026-05-11 00:13:32
Betr DFS,player_points_rebounds_assists,Austin Reaves,Under,32.5,-137,2026-05-12,2026-05-11T07:13:22Z,2026-05-11 00:13:32
Betr DFS,player_points_rebounds_assists,Deandre Ayton,Over,17.5,-137,2026-05-12,2026-05-11T07:13:22Z,2026-05-11 00:13:32
Betr DFS,player_points_rebounds_assists,Deandre Ayton,Under,17.5,-137,2026-05-12,2026-05-11T07:13:22Z,2026-05-11 00:13:32
Betr DFS,player_points_rebounds_assists,Julius Randle,Over,27.5,-137,2026-05-13,2026-05-11T07:12:43Z,2026-05-11 00:13:32
Betr DFS,player_points_rebounds_assists,Julius Randle,Under,27.5,-137,2026-05-13,2026-05-11T07:12:43Z,2026-05-11 00:13:32
Betr DFS,player_points_rebounds_assists,Ayo Dosunmu,Over,20.5,-137,2026-05-13,2026-05-11T07:12:43Z,2026-05-11 00:13:32
Betr DFS,player_points_rebounds_assists,Ayo Dosunmu,Under,20.5,-137,2026-05-13,2026-05-11T07:12:43Z,2026-05-11 00:13:32
Betr DFS,player_points_rebounds_assists,Rudy Gobert,Over,20.5,-137,2026-05-13,2026-05-11T07:12:43Z,2026-05-11 00:13:32
Betr DFS,player_points_rebounds_assists,Rudy Gobert,Under,20.5,-137,2026-05-13,2026-05-11T07:12:43Z,2026-05-11 00:13:32
Betr DFS,player_points_rebounds_assists,Naz Reid,Over,20.5,-137,2026-05-13,2026-05-11T07:12:43Z,2026-05-11 00:13:32
Betr DFS,player_points_rebounds_assists,Naz Reid,Under,20.5,-137,2026-05-13,2026-05-11T07:12:43Z,2026-05-11 00:13:32
Betr DFS,player_points_rebounds_assists,Anthony Edwards,Over,38.5,-137,2026-05-13,2026-05-11T07:12:43Z,2026-05-11 00:13:32
Betr DFS,player_points_rebounds_assists,Anthony Edwards,Under,38.5,-137,2026-05-13,2026-05-11T07:12:43Z,2026-05-11 00:13:32
Betr DFS,player_points_rebounds_assists,Jaden McDaniels,Over,23.5,-137,2026-05-13,2026-05-11T07:12:43Z,2026-05-11 00:13:32
Betr DFS,player_points_rebounds_assists,Jaden McDaniels,Under,23.5,-137,2026-05-13,2026-05-11T07:12:43Z,2026-05-11 00:13:32
Betr DFS,player_points_rebounds_assists,Devin Vassell,Over,19.5,-137,2026-05-13,2026-05-11T07:12:43Z,2026-05-11 00:13:32
Betr DFS,player_points_rebounds_assists,Devin Vassell,Under,19.5,-137,2026-05-13,2026-05-11T07:12:43Z,2026-05-11 00:13:32
Betr DFS,player_points_rebounds_assists,Julian Champagnie,Over,14.5,-137,2026-05-13,2026-05-11T07:12:43Z,2026-05-11 00:13:32
Betr DFS,player_points_rebounds_assists,Julian Champagnie,Under,14.5,-137,2026-05-13,2026-05-11T07:12:43Z,2026-05-11 00:13:32
Betr DFS,player_points_rebounds_assists,De'Aaron Fox,Over,26.5,-137,2026-05-13,2026-05-11T07:12:43Z,2026-05-11 00:13:32
Betr DFS,player_points_rebounds_assists,De'Aaron Fox,Under,26.5,-137,2026-05-13,2026-05-11T07:12:43Z,2026-05-11 00:13:32
Betr DFS,player_points_rebounds_assists,Victor Wembanyama,Over,43.5,-137,2026-05-13,2026-05-11T07:12:43Z,2026-05-11 00:13:32
Betr DFS,player_points_rebounds_assists,Victor Wembanyama,Under,43.5,-137,2026-05-13,2026-05-11T07:12:43Z,2026-05-11 00:13:32
Betr DFS,player_points_rebounds_assists,Stephon Castle,Over,29.5,-137,2026-05-13,2026-05-11T07:12:43Z,2026-05-11 00:13:32
Betr DFS,player_points_rebounds_assists,Stephon Castle,Under,29.5,-137,2026-05-13,2026-05-11T07:12:43Z,2026-05-11 00:13:32
Betr DFS,player_points_rebounds_assists,Dylan Harper,Over,17.5,-137,2026-05-13,2026-05-11T07:12:43Z,2026-05-11 00:13:32
Betr DFS,player_points_rebounds_assists,Dylan Harper,Under,17.5,-137,2026-05-13,2026-05-11T07:12:43Z,2026-05-11 00:13:32
DraftKings Pick6,player_points_rebounds_assists,Jarrett Allen,Over,22.5,-137,2026-05-12,2026-05-11T07:13:08Z,2026-05-11 00:13:32
DraftKings Pick6,player_points_rebounds_assists,James Harden,Over,31.5,-137,2026-05-12,2026-05-11T07:13:08Z,2026-05-11 00:13:32
DraftKings Pick6,player_points_rebounds_assists,James Harden,Under,31.5,-137,2026-05-12,2026-05-11T07:13:08Z,2026-05-11 00:13:32
DraftKings Pick6,player_points_rebounds_assists,Cade Cunningham,Over,42.5,-137,2026-05-12,2026-05-11T07:13:08Z,2026-05-11 00:13:32
DraftKings Pick6,player_points_rebounds_assists,Cade Cunningham,Under,42.5,-137,2026-05-12,2026-05-11T07:13:08Z,2026-05-11 00:13:32
DraftKings Pick6,player_points_rebounds_assists,Daniss Jenkins,Over,15.5,-137,2026-05-12,2026-05-11T07:13:08Z,2026-05-11 00:13:32
DraftKings Pick6,player_points_rebounds_assists,Daniss Jenkins,Under,15.5,-137,2026-05-12,2026-05-11T07:13:08Z,2026-05-11 00:13:32
DraftKings Pick6,player_points_rebounds_assists,Evan Mobley,Over,26.5,-137,2026-05-12,2026-05-11T07:13:08Z,2026-05-11 00:13:32
DraftKings Pick6,player_points_rebounds_assists,Evan Mobley,Under,26.5,-137,2026-05-12,2026-05-11T07:13:08Z,2026-05-11 00:13:32
DraftKings Pick6,player_points_rebounds_assists,Max Strus,Over,14.5,-137,2026-05-12,2026-05-11T07:13:08Z,2026-05-11 00:13:32
DraftKings Pick6,player_points_rebounds_assists,Max Strus,Under,14.5,-137,2026-05-12,2026-05-11T07:13:08Z,2026-05-11 00:13:32
DraftKings Pick6,player_points_rebounds_assists,Donovan Mitchell,Over,35.5,-137,2026-05-12,2026-05-11T07:13:08Z,2026-05-11 00:13:32
DraftKings Pick6,player_points_rebounds_assists,Donovan Mitchell,Under,35.5,-137,2026-05-12,2026-05-11T07:13:08Z,2026-05-11 00:13:32
DraftKings Pick6,player_points_rebounds_assists,Jalen Duren,Over,26.5,-137,2026-05-12,2026-05-11T07:13:08Z,2026-05-11 00:13:32
DraftKings Pick6,player_points_rebounds_assists,Jalen Duren,Under,26.5,-137,2026-05-12,2026-05-11T07:13:08Z,2026-05-11 00:13:32
DraftKings Pick6,player_points_rebounds_assists,Tobias Harris,Over,26.5,-137,2026-05-12,2026-05-11T07:13:08Z,2026-05-11 00:13:32
DraftKings Pick6,player_points_rebounds_assists,Tobias Harris,Under,26.5,-137,2026-05-12,2026-05-11T07:13:08Z,2026-05-11 00:13:32
DraftKings Pick6,player_points_rebounds_assists,Duncan Robinson,Over,16.5,-137,2026-05-12,2026-05-11T07:13:08Z,2026-05-11 00:13:32
DraftKings Pick6,player_points_rebounds_assists,Duncan Robinson,Under,16.5,-137,2026-05-12,2026-05-11T07:13:08Z,2026-05-11 00:13:32
DraftKings Pick6,player_points_rebounds_assists,Ausar Thompson,Over,19.5,-137,2026-05-12,2026-05-11T07:13:08Z,2026-05-11 00:13:32
DraftKings Pick6,player_points_rebounds_assists,Ausar Thompson,Under,19.5,-137,2026-05-12,2026-05-11T07:13:08Z,2026-05-11 00:13:32
DraftKings Pick6,player_points_rebounds_assists,Austin Reaves,Over,32.5,-137,2026-05-12,2026-05-11T07:12:48Z,2026-05-11 00:13:32
DraftKings Pick6,player_points_rebounds_assists,Austin Reaves,Under,32.5,-137,2026-05-12,2026-05-11T07:12:48Z,2026-05-11 00:13:32
DraftKings Pick6,player_points_rebounds_assists,Cason Wallace,Over,11.5,-137,2026-05-12,2026-05-11T07:12:48Z,2026-05-11 00:13:32
DraftKings Pick6,player_points_rebounds_assists,Cason Wallace,Under,11.5,-137,2026-05-12,2026-05-11T07:12:48Z,2026-05-11 00:13:32
DraftKings Pick6,player_points_rebounds_assists,Rui Hachimura,Over,20.5,-137,2026-05-12,2026-05-11T07:12:48Z,2026-05-11 00:13:32
DraftKings Pick6,player_points_rebounds_assists,Rui Hachimura,Under,20.5,-137,2026-05-12,2026-05-11T07:12:48Z,2026-05-11 00:13:32
DraftKings Pick6,player_points_rebounds_assists,Marcus Smart,Over,18.5,-137,2026-05-12,2026-05-11T07:12:48Z,2026-05-11 00:13:32
DraftKings Pick6,player_points_rebounds_assists,Marcus Smart,Under,18.5,-137,2026-05-12,2026-05-11T07:12:48Z,2026-05-11 00:13:32
DraftKings Pick6,player_points_rebounds_assists,LeBron James,Over,36.5,-137,2026-05-12,2026-05-11T07:12:48Z,2026-05-11 00:13:32
DraftKings Pick6,player_points_rebounds_assists,LeBron James,Under,36.5,-137,2026-05-12,2026-05-11T07:12:48Z,2026-05-11 00:13:32
DraftKings Pick6,player_points_rebounds_assists,Luguentz Dort,Over,10.5,-137,2026-05-12,2026-05-11T07:12:48Z,2026-05-11 00:13:32
DraftKings Pick6,player_points_rebounds_assists,Luguentz Dort,Under,10.5,-137,2026-05-12,2026-05-11T07:12:48Z,2026-05-11 00:13:32
DraftKings Pick6,player_points_rebounds_assists,Isaiah Hartenstein,Over,20.5,-137,2026-05-12,2026-05-11T07:12:48Z,2026-05-11 00:13:32
DraftKings Pick6,player_points_rebounds_assists,Isaiah Hartenstein,Under,20.5,-137,2026-05-12,2026-05-11T07:12:48Z,2026-05-11 00:13:32
DraftKings Pick6,player_points_rebounds_assists,Deandre Ayton,Over,17.5,-137,2026-05-12,2026-05-11T07:12:48Z,2026-05-11 00:13:32
DraftKings Pick6,player_points_rebounds_assists,Deandre Ayton,Under,17.5,-137,2026-05-12,2026-05-11T07:12:48Z,2026-05-11 00:13:32
DraftKings Pick6,player_points_rebounds_assists,Shai Gilgeous-Alexander,Over,39.5,-137,2026-05-12,2026-05-11T07:12:48Z,2026-05-11 00:13:32
DraftKings Pick6,player_points_rebounds_assists,Shai Gilgeous-Alexander,Under,39.5,-137,2026-05-12,2026-05-11T07:12:48Z,2026-05-11 00:13:32
DraftKings Pick6,player_points_rebounds_assists,Chet Holmgren,Over,29.5,-137,2026-05-12,2026-05-11T07:12:48Z,2026-05-11 00:13:32
DraftKings Pick6,player_points_rebounds_assists,Chet Holmgren,Under,29.5,-137,2026-05-12,2026-05-11T07:12:48Z,2026-05-11 00:13:32
DraftKings Pick6,player_points_rebounds_assists,Ajay Mitchell,Over,25.5,-137,2026-05-12,2026-05-11T07:12:48Z,2026-05-11 00:13:32
DraftKings Pick6,player_points_rebounds_assists,Ajay Mitchell,Under,25.5,-137,2026-05-12,2026-05-11T07:12:48Z,2026-05-11 00:13:32
PrizePicks,player_points_rebounds,Cade Cunningham,Over,32.5,-137,2026-05-12,2026-05-11T07:12:38Z,2026-05-11 00:13:32
PrizePicks,player_points_rebounds,Cade Cunningham,Under,32.5,-137,2026-05-12,2026-05-11T07:12:38Z,2026-05-11 00:13:32
PrizePicks,player_points_rebounds,Donovan Mitchell,Over,32.0,-137,2026-05-12,2026-05-11T07:12:38Z,2026-05-11 00:13:32
PrizePicks,player_points_rebounds,Donovan Mitchell,Under,32.0,-137,2026-05-12,2026-05-11T07:12:38Z,2026-05-11 00:13:32
PrizePicks,player_points_rebounds,Jalen Duren,Over,24.5,-137,2026-05-12,2026-05-11T07:12:38Z,2026-05-11 00:13:32
PrizePicks,player_points_rebounds,Jalen Duren,Under,24.5,-137,2026-05-12,2026-05-11T07:12:38Z,2026-05-11 00:13:32
PrizePicks,player_points_rebounds,James Harden,Over,24.5,-137,2026-05-12,2026-05-11T07:12:38Z,2026-05-11 00:13:32
PrizePicks,player_points_rebounds,James Harden,Under,24.5,-137,2026-05-12,2026-05-11T07:12:38Z,2026-05-11 00:13:32
PrizePicks,player_points_rebounds,Tobias Harris,Over,24.5,-137,2026-05-12,2026-05-11T07:12:38Z,2026-05-11 00:13:32
PrizePicks,player_points_rebounds,Tobias Harris,Under,24.5,-137,2026-05-12,2026-05-11T07:12:38Z,2026-05-11 00:13:32
PrizePicks,player_points_rebounds,Evan Mobley,Over,24.0,-137,2026-05-12,2026-05-11T07:12:38Z,2026-05-11 00:13:32
PrizePicks,player_points_rebounds,Evan Mobley,Under,24.0,-137,2026-05-12,2026-05-11T07:12:38Z,2026-05-11 00:13:32
PrizePicks,player_points_rebounds,Jarrett Allen,Over,21.0,-137,2026-05-12,2026-05-11T07:12:38Z,2026-05-11 00:13:32
PrizePicks,player_points_rebounds,Jarrett Allen,Under,21.0,-137,2026-05-12,2026-05-11T07:12:38Z,2026-05-11 00:13:32
PrizePicks,player_points_rebounds,Ausar Thompson,Over,16.5,-137,2026-05-12,2026-05-11T07:12:38Z,2026-05-11 00:13:32
PrizePicks,player_points_rebounds,Ausar Thompson,Under,16.5,-137,2026-05-12,2026-05-11T07:12:38Z,2026-05-11 00:13:32
PrizePicks,player_points_rebounds,Duncan Robinson,Over,13.5,-137,2026-05-12,2026-05-11T07:12:38Z,2026-05-11 00:13:32
PrizePicks,player_points_rebounds,Duncan Robinson,Under,13.5,-137,2026-05-12,2026-05-11T07:12:38Z,2026-05-11 00:13:32
PrizePicks,player_points_rebounds,Max Strus,Over,12.5,-137,2026-05-12,2026-05-11T07:12:38Z,2026-05-11 00:13:32
PrizePicks,player_points_rebounds,Max Strus,Under,12.5,-137,2026-05-12,2026-05-11T07:12:38Z,2026-05-11 00:13:32
PrizePicks,player_points_rebounds,Daniss Jenkins,Over,11.5,-137,2026-05-12,2026-05-11T07:12:38Z,2026-05-11 00:13:32
PrizePicks,player_points_rebounds,Daniss Jenkins,Under,11.5,-137,2026-05-12,2026-05-11T07:12:38Z,2026-05-11 00:13:32
PrizePicks,player_points_rebounds,Jaylon Tyson,Over,9.5,-137,2026-05-12,2026-05-11T07:12:38Z,2026-05-11 00:13:32
PrizePicks,player_points_rebounds,Jaylon Tyson,Under,9.5,-137,2026-05-12,2026-05-11T07:12:38Z,2026-05-11 00:13:32
PrizePicks,player_points_rebounds,Dean Wade,Over,6.5,-137,2026-05-12,2026-05-11T07:12:38Z,2026-05-11 00:13:32
PrizePicks,player_points_rebounds,Dean Wade,Under,6.5,-137,2026-05-12,2026-05-11T07:12:38Z,2026-05-11 00:13:32
PrizePicks,player_points_rebounds,Isaiah Stewart II,Over,5.5,-137,2026-05-12,2026-05-11T07:12:38Z,2026-05-11 00:13:32
PrizePicks,player_points_rebounds,Isaiah Stewart II,Under,5.5,-137,2026-05-12,2026-05-11T07:12:38Z,2026-05-11 00:13:32
PrizePicks,player_points_rebounds,Shai Gilgeous-Alexander,Over,33.0,-137,2026-05-12,2026-05-11T07:12:41Z,2026-05-11 00:13:32
PrizePicks,player_points_rebounds,Shai Gilgeous-Alexander,Under,33.0,-137,2026-05-12,2026-05-11T07:12:41Z,2026-05-11 00:13:32
PrizePicks,player_points_rebounds,LeBron James,Over,28.5,-137,2026-05-12,2026-05-11T07:12:41Z,2026-05-11 00:13:32
PrizePicks,player_points_rebounds,LeBron James,Under,28.5,-137,2026-05-12,2026-05-11T07:12:41Z,2026-05-11 00:13:32
PrizePicks,player_points_rebounds,Chet Holmgren,Over,27.5,-137,2026-05-12,2026-05-11T07:12:41Z,2026-05-11 00:13:32
PrizePicks,player_points_rebounds,Chet Holmgren,Under,27.5,-137,2026-05-12,2026-05-11T07:12:41Z,2026-05-11 00:13:32
PrizePicks,player_points_rebounds,Austin Reaves,Over,26.5,-137,2026-05-12,2026-05-11T07:12:41Z,2026-05-11 00:13:32
PrizePicks,player_points_rebounds,Austin Reaves,Under,26.5,-137,2026-05-12,2026-05-11T07:12:41Z,2026-05-11 00:13:32
PrizePicks,player_points_rebounds,Ajay Mitchell,Over,20.5,-137,2026-05-12,2026-05-11T07:12:41Z,2026-05-11 00:13:32
PrizePicks,player_points_rebounds,Ajay Mitchell,Under,20.5,-137,2026-05-12,2026-05-11T07:12:41Z,2026-05-11 00:13:32
PrizePicks,player_points_rebounds,Rui Hachimura,Over,18.5,-137,2026-05-12,2026-05-11T07:12:41Z,2026-05-11 00:13:32
PrizePicks,player_points_rebounds,Rui Hachimura,Under,18.5,-137,2026-05-12,2026-05-11T07:12:41Z,2026-05-11 00:13:32
PrizePicks,player_points_rebounds,Deandre Ayton,Over,17.5,-137,2026-05-12,2026-05-11T07:12:41Z,2026-05-11 00:13:32
PrizePicks,player_points_rebounds,Deandre Ayton,Under,17.5,-137,2026-05-12,2026-05-11T07:12:41Z,2026-05-11 00:13:32
PrizePicks,player_points_rebounds,Isaiah Hartenstein,Over,17.5,-137,2026-05-12,2026-05-11T07:12:41Z,2026-05-11 00:13:32
PrizePicks,player_points_rebounds,Isaiah Hartenstein,Under,17.5,-137,2026-05-12,2026-05-11T07:12:41Z,2026-05-11 00:13:32
PrizePicks,player_points_rebounds,Marcus Smart,Over,14.5,-137,2026-05-12,2026-05-11T07:12:41Z,2026-05-11 00:13:32
PrizePicks,player_points_rebounds,Marcus Smart,Under,14.5,-137,2026-05-12,2026-05-11T07:12:41Z,2026-05-11 00:13:32
PrizePicks,player_points_rebounds,Luke Kennard,Over,12.0,-137,2026-05-12,2026-05-11T07:12:41Z,2026-05-11 00:13:32
PrizePicks,player_points_rebounds,Luke Kennard,Under,12.0,-137,2026-05-12,2026-05-11T07:12:41Z,2026-05-11 00:13:32
PrizePicks,player_points_rebounds,Alex Caruso,Over,9.5,-137,2026-05-12,2026-05-11T07:12:41Z,2026-05-11 00:13:32
PrizePicks,player_points_rebounds,Alex Caruso,Under,9.5,-137,2026-05-12,2026-05-11T07:12:41Z,2026-05-11 00:13:32
PrizePicks,player_points_rebounds,Cason Wallace,Over,9.5,-137,2026-05-12,2026-05-11T07:12:41Z,2026-05-11 00:13:32
PrizePicks,player_points_rebounds,Cason Wallace,Under,9.5,-137,2026-05-12,2026-05-11T07:12:41Z,2026-05-11 00:13:32
PrizePicks,player_points_rebounds,Luguentz Dort,Over,9.5,-137,2026-05-12,2026-05-11T07:12:41Z,2026-05-11 00:13:32
PrizePicks,player_points_rebounds,Luguentz Dort,Under,9.5,-137,2026-05-12,2026-05-11T07:12:41Z,2026-05-11 00:13:32
PrizePicks,player_points_rebounds,Jaxson Hayes,Over,7.5,-137,2026-05-12,2026-05-11T07:12:41Z,2026-05-11 00:13:32
PrizePicks,player_points_rebounds,Jaxson Hayes,Under,7.5,-137,2026-05-12,2026-05-11T07:12:41Z,2026-05-11 00:13:32
PrizePicks,player_points_rebounds,Jaylin Williams,Over,7.5,-137,2026-05-12,2026-05-11T07:12:41Z,2026-05-11 00:13:32
PrizePicks,player_points_rebounds,Jaylin Williams,Under,7.5,-137,2026-05-12,2026-05-11T07:12:41Z,2026-05-11 00:13:32
PrizePicks,player_points_rebounds,Victor Wembanyama,Over,39.5,-137,2026-05-13,2026-05-11T07:12:42Z,2026-05-11 00:13:32
PrizePicks,player_points_rebounds,Victor Wembanyama,Under,39.5,-137,2026-05-13,2026-05-11T07:12:42Z,2026-05-11 00:13:32
PrizePicks,player_points_rebounds,Anthony Edwards,Over,33.5,-137,2026-05-13,2026-05-11T07:12:42Z,2026-05-11 00:13:32
PrizePicks,player_points_rebounds,Anthony Edwards,Under,33.5,-137,2026-05-13,2026-05-11T07:12:42Z,2026-05-11 00:13:32
PrizePicks,player_points_rebounds,Julius Randle,Over,23.5,-137,2026-05-13,2026-05-11T07:12:42Z,2026-05-11 00:13:32
PrizePicks,player_points_rebounds,Julius Randle,Under,23.5,-137,2026-05-13,2026-05-11T07:12:42Z,2026-05-11 00:13:32
PrizePicks,player_points_rebounds,Stephon Castle,Over,22.5,-137,2026-05-13,2026-05-11T07:12:42Z,2026-05-11 00:13:32
PrizePicks,player_points_rebounds,Stephon Castle,Under,22.5,-137,2026-05-13,2026-05-11T07:12:42Z,2026-05-11 00:13:32
PrizePicks,player_points_rebounds,De'Aaron Fox,Over,20.5,-137,2026-05-13,2026-05-11T07:12:42Z,2026-05-11 00:13:32
PrizePicks,player_points_rebounds,De'Aaron Fox,Under,20.5,-137,2026-05-13,2026-05-11T07:12:42Z,2026-05-11 00:13:32
PrizePicks,player_points_rebounds,Jaden McDaniels,Over,20.5,-137,2026-05-13,2026-05-11T07:12:42Z,2026-05-11 00:13:32
PrizePicks,player_points_rebounds,Jaden McDaniels,Under,20.5,-137,2026-05-13,2026-05-11T07:12:42Z,2026-05-11 00:13:32
PrizePicks,player_points_rebounds,Rudy Gobert,Over,18.5,-137,2026-05-13,2026-05-11T07:12:42Z,2026-05-11 00:13:32
PrizePicks,player_points_rebounds,Rudy Gobert,Under,18.5,-137,2026-05-13,2026-05-11T07:12:42Z,2026-05-11 00:13:32
PrizePicks,player_points_rebounds,Naz Reid,Over,18.5,-137,2026-05-13,2026-05-11T07:12:42Z,2026-05-11 00:13:32
PrizePicks,player_points_rebounds,Naz Reid,Under,18.5,-137,2026-05-13,2026-05-11T07:12:42Z,2026-05-11 00:13:32
PrizePicks,player_points_rebounds,Ayo Dosunmu,Over,16.5,-137,2026-05-13,2026-05-11T07:12:42Z,2026-05-11 00:13:32
PrizePicks,player_points_rebounds,Ayo Dosunmu,Under,16.5,-137,2026-05-13,2026-05-11T07:12:42Z,2026-05-11 00:13:32
PrizePicks,player_points_rebounds,Devin Vassell,Over,16.5,-137,2026-05-13,2026-05-11T07:12:42Z,2026-05-11 00:13:32
PrizePicks,player_points_rebounds,Devin Vassell,Under,16.5,-137,2026-05-13,2026-05-11T07:12:42Z,2026-05-11 00:13:32
PrizePicks,player_points_rebounds,Dylan Harper,Over,14.5,-137,2026-05-13,2026-05-11T07:12:42Z,2026-05-11 00:13:32
PrizePicks,player_points_rebounds,Dylan Harper,Under,14.5,-137,2026-05-13,2026-05-11T07:12:42Z,2026-05-11 00:13:32
PrizePicks,player_points_rebounds,Julian Champagnie,Over,13.5,-137,2026-05-13,2026-05-11T07:12:42Z,2026-05-11 00:13:32
PrizePicks,player_points_rebounds,Julian Champagnie,Under,13.5,-137,2026-05-13,2026-05-11T07:12:42Z,2026-05-11 00:13:32
PrizePicks,player_points_rebounds,Keldon Johnson,Over,11.5,-137,2026-05-13,2026-05-11T07:12:42Z,2026-05-11 00:13:32
PrizePicks,player_points_rebounds,Keldon Johnson,Under,11.5,-137,2026-05-13,2026-05-11T07:12:42Z,2026-05-11 00:13:32
Underdog,player_points_rebounds,Donovan Mitchell,Over,31.5,-137,2026-05-12,2026-05-11T07:13:27Z,2026-05-11 00:13:32
Underdog,player_points_rebounds,Donovan Mitchell,Under,31.5,-137,2026-05-12,2026-05-11T07:13:27Z,2026-05-11 00:13:32
Underdog,player_points_rebounds,Cade Cunningham,Over,32.5,-137,2026-05-12,2026-05-11T07:13:27Z,2026-05-11 00:13:32
Underdog,player_points_rebounds,Cade Cunningham,Under,32.5,-137,2026-05-12,2026-05-11T07:13:27Z,2026-05-11 00:13:32
Underdog,player_points_rebounds,James Harden,Over,24.5,-137,2026-05-12,2026-05-11T07:13:27Z,2026-05-11 00:13:32
Underdog,player_points_rebounds,James Harden,Under,24.5,-137,2026-05-12,2026-05-11T07:13:27Z,2026-05-11 00:13:32
Underdog,player_points_rebounds,Evan Mobley,Over,23.5,-137,2026-05-12,2026-05-11T07:13:27Z,2026-05-11 00:13:32
Underdog,player_points_rebounds,Evan Mobley,Under,23.5,-137,2026-05-12,2026-05-11T07:13:27Z,2026-05-11 00:13:32
Underdog,player_points_rebounds,Jarrett Allen,Over,20.5,-137,2026-05-12,2026-05-11T07:13:27Z,2026-05-11 00:13:32
Underdog,player_points_rebounds,Jarrett Allen,Under,20.5,-137,2026-05-12,2026-05-11T07:13:27Z,2026-05-11 00:13:32
Underdog,player_points_rebounds,Tobias Harris,Over,24.5,-137,2026-05-12,2026-05-11T07:13:27Z,2026-05-11 00:13:32
Underdog,player_points_rebounds,Tobias Harris,Under,24.5,-137,2026-05-12,2026-05-11T07:13:27Z,2026-05-11 00:13:32
Underdog,player_points_rebounds,LeBron James,Over,28.5,-137,2026-05-12,2026-05-11T07:13:24Z,2026-05-11 00:13:32
Underdog,player_points_rebounds,LeBron James,Under,28.5,-137,2026-05-12,2026-05-11T07:13:24Z,2026-05-11 00:13:32
Underdog,player_points_rebounds,Austin Reaves,Over,26.5,-137,2026-05-12,2026-05-11T07:13:24Z,2026-05-11 00:13:32
Underdog,player_points_rebounds,Austin Reaves,Under,26.5,-137,2026-05-12,2026-05-11T07:13:24Z,2026-05-11 00:13:32
Underdog,player_points_rebounds,Ajay Mitchell,Over,20.5,-137,2026-05-12,2026-05-11T07:13:24Z,2026-05-11 00:13:32
Underdog,player_points_rebounds,Ajay Mitchell,Under,20.5,-137,2026-05-12,2026-05-11T07:13:24Z,2026-05-11 00:13:32
Underdog,player_points_rebounds,Victor Wembanyama,Over,39.5,-137,2026-05-13,2026-05-11T07:12:49Z,2026-05-11 00:13:32
Underdog,player_points_rebounds,Victor Wembanyama,Under,39.5,-137,2026-05-13,2026-05-11T07:12:49Z,2026-05-11 00:13:32
Underdog,player_points_rebounds,Anthony Edwards,Over,33.5,-137,2026-05-13,2026-05-11T07:12:49Z,2026-05-11 00:13:32
Underdog,player_points_rebounds,Anthony Edwards,Under,33.5,-137,2026-05-13,2026-05-11T07:12:49Z,2026-05-11 00:13:32
Underdog,player_points_rebounds,De'Aaron Fox,Over,20.5,-137,2026-05-13,2026-05-11T07:12:49Z,2026-05-11 00:13:32
Underdog,player_points_rebounds,De'Aaron Fox,Under,20.5,-137,2026-05-13,2026-05-11T07:12:49Z,2026-05-11 00:13:32
Underdog,player_points_rebounds,Julius Randle,Over,23.5,-137,2026-05-13,2026-05-11T07:12:49Z,2026-05-11 00:13:32
Underdog,player_points_rebounds,Julius Randle,Under,23.5,-137,2026-05-13,2026-05-11T07:12:49Z,2026-05-11 00:13:32
Underdog,player_points_rebounds,Stephon Castle,Over,22.5,-137,2026-05-13,2026-05-11T07:12:49Z,2026-05-11 00:13:32
Underdog,player_points_rebounds,Stephon Castle,Under,22.5,-137,2026-05-13,2026-05-11T07:12:49Z,2026-05-11 00:13:32
Betr DFS,player_points_rebounds,Duncan Robinson,Over,14.5,-137,2026-05-12,2026-05-11T07:13:11Z,2026-05-11 00:13:32
Betr DFS,player_points_rebounds,Duncan Robinson,Under,14.5,-137,2026-05-12,2026-05-11T07:13:11Z,2026-05-11 00:13:32
Betr DFS,player_points_rebounds,Daniss Jenkins,Over,11.5,-137,2026-05-12,2026-05-11T07:13:11Z,2026-05-11 00:13:32
Betr DFS,player_points_rebounds,Daniss Jenkins,Under,11.5,-137,2026-05-12,2026-05-11T07:13:11Z,2026-05-11 00:13:32
Betr DFS,player_points_rebounds,James Harden,Over,24.5,-137,2026-05-12,2026-05-11T07:13:11Z,2026-05-11 00:13:32
Betr DFS,player_points_rebounds,James Harden,Under,24.5,-137,2026-05-12,2026-05-11T07:13:11Z,2026-05-11 00:13:32
Betr DFS,player_points_rebounds,Jarrett Allen,Over,20.5,-137,2026-05-12,2026-05-11T07:13:11Z,2026-05-11 00:13:32
Betr DFS,player_points_rebounds,Jarrett Allen,Under,20.5,-137,2026-05-12,2026-05-11T07:13:11Z,2026-05-11 00:13:32
Betr DFS,player_points_rebounds,Evan Mobley,Over,23.5,-137,2026-05-12,2026-05-11T07:13:11Z,2026-05-11 00:13:32
Betr DFS,player_points_rebounds,Evan Mobley,Under,23.5,-137,2026-05-12,2026-05-11T07:13:11Z,2026-05-11 00:13:32
Betr DFS,player_points_rebounds,Isaiah Hartenstein,Over,17.5,-137,2026-05-12,2026-05-11T07:13:22Z,2026-05-11 00:13:32
Betr DFS,player_points_rebounds,Isaiah Hartenstein,Under,17.5,-137,2026-05-12,2026-05-11T07:13:22Z,2026-05-11 00:13:32
Betr DFS,player_points_rebounds,Shai Gilgeous-Alexander,Over,32.5,-137,2026-05-12,2026-05-11T07:13:22Z,2026-05-11 00:13:32
Betr DFS,player_points_rebounds,Shai Gilgeous-Alexander,Under,32.5,-137,2026-05-12,2026-05-11T07:13:22Z,2026-05-11 00:13:32
Betr DFS,player_points_rebounds,Chet Holmgren,Over,27.5,-137,2026-05-12,2026-05-11T07:13:22Z,2026-05-11 00:13:32
Betr DFS,player_points_rebounds,Chet Holmgren,Under,27.5,-137,2026-05-12,2026-05-11T07:13:22Z,2026-05-11 00:13:32
Betr DFS,player_points_rebounds,Ajay Mitchell,Over,20.5,-137,2026-05-12,2026-05-11T07:13:22Z,2026-05-11 00:13:32
Betr DFS,player_points_rebounds,Ajay Mitchell,Under,20.5,-137,2026-05-12,2026-05-11T07:13:22Z,2026-05-11 00:13:32
Betr DFS,player_points_rebounds,Marcus Smart,Over,14.5,-137,2026-05-12,2026-05-11T07:13:22Z,2026-05-11 00:13:32
Betr DFS,player_points_rebounds,Marcus Smart,Under,14.5,-137,2026-05-12,2026-05-11T07:13:22Z,2026-05-11 00:13:32
Betr DFS,player_points_rebounds,Luke Kennard,Over,12.5,-137,2026-05-12,2026-05-11T07:13:22Z,2026-05-11 00:13:32
Betr DFS,player_points_rebounds,Luke Kennard,Under,12.5,-137,2026-05-12,2026-05-11T07:13:22Z,2026-05-11 00:13:32
Betr DFS,player_points_rebounds,LeBron James,Over,28.5,-137,2026-05-12,2026-05-11T07:13:22Z,2026-05-11 00:13:32
Betr DFS,player_points_rebounds,LeBron James,Under,28.5,-137,2026-05-12,2026-05-11T07:13:22Z,2026-05-11 00:13:32
Betr DFS,player_points_rebounds,Rui Hachimura,Over,18.5,-137,2026-05-12,2026-05-11T07:13:22Z,2026-05-11 00:13:32
Betr DFS,player_points_rebounds,Rui Hachimura,Under,18.5,-137,2026-05-12,2026-05-11T07:13:22Z,2026-05-11 00:13:32
Betr DFS,player_points_rebounds,Austin Reaves,Over,26.5,-137,2026-05-12,2026-05-11T07:13:22Z,2026-05-11 00:13:32
Betr DFS,player_points_rebounds,Austin Reaves,Under,26.5,-137,2026-05-12,2026-05-11T07:13:22Z,2026-05-11 00:13:32
Betr DFS,player_points_rebounds,Deandre Ayton,Over,17.5,-137,2026-05-12,2026-05-11T07:13:22Z,2026-05-11 00:13:32
Betr DFS,player_points_rebounds,Deandre Ayton,Under,17.5,-137,2026-05-12,2026-05-11T07:13:22Z,2026-05-11 00:13:32
Betr DFS,player_points_rebounds,Julius Randle,Over,23.5,-137,2026-05-13,2026-05-11T07:12:43Z,2026-05-11 00:13:32
Betr DFS,player_points_rebounds,Julius Randle,Under,23.5,-137,2026-05-13,2026-05-11T07:12:43Z,2026-05-11 00:13:32
Betr DFS,player_points_rebounds,Ayo Dosunmu,Over,16.5,-137,2026-05-13,2026-05-11T07:12:43Z,2026-05-11 00:13:32
Betr DFS,player_points_rebounds,Ayo Dosunmu,Under,16.5,-137,2026-05-13,2026-05-11T07:12:43Z,2026-05-11 00:13:32
Betr DFS,player_points_rebounds,Rudy Gobert,Over,18.5,-137,2026-05-13,2026-05-11T07:12:43Z,2026-05-11 00:13:32
Betr DFS,player_points_rebounds,Rudy Gobert,Under,18.5,-137,2026-05-13,2026-05-11T07:12:43Z,2026-05-11 00:13:32
Betr DFS,player_points_rebounds,Naz Reid,Over,18.5,-137,2026-05-13,2026-05-11T07:12:43Z,2026-05-11 00:13:32
Betr DFS,player_points_rebounds,Naz Reid,Under,18.5,-137,2026-05-13,2026-05-11T07:12:43Z,2026-05-11 00:13:32
Betr DFS,player_points_rebounds,Anthony Edwards,Over,33.5,-137,2026-05-13,2026-05-11T07:12:43Z,2026-05-11 00:13:32
Betr DFS,player_points_rebounds,Anthony Edwards,Under,33.5,-137,2026-05-13,2026-05-11T07:12:43Z,2026-05-11 00:13:32
Betr DFS,player_points_rebounds,Jaden McDaniels,Over,20.5,-137,2026-05-13,2026-05-11T07:12:43Z,2026-05-11 00:13:32
Betr DFS,player_points_rebounds,Jaden McDaniels,Under,20.5,-137,2026-05-13,2026-05-11T07:12:43Z,2026-05-11 00:13:32
Betr DFS,player_points_rebounds,Keldon Johnson,Over,11.5,-137,2026-05-13,2026-05-11T07:12:43Z,2026-05-11 00:13:32
Betr DFS,player_points_rebounds,Keldon Johnson,Under,11.5,-137,2026-05-13,2026-05-11T07:12:43Z,2026-05-11 00:13:32
Betr DFS,player_points_rebounds,Devin Vassell,Over,16.5,-137,2026-05-13,2026-05-11T07:12:43Z,2026-05-11 00:13:32
Betr DFS,player_points_rebounds,Devin Vassell,Under,16.5,-137,2026-05-13,2026-05-11T07:12:43Z,2026-05-11 00:13:32
Betr DFS,player_points_rebounds,Julian Champagnie,Over,13.5,-137,2026-05-13,2026-05-11T07:12:43Z,2026-05-11 00:13:32
Betr DFS,player_points_rebounds,Julian Champagnie,Under,13.5,-137,2026-05-13,2026-05-11T07:12:43Z,2026-05-11 00:13:32
Betr DFS,player_points_rebounds,De'Aaron Fox,Over,20.5,-137,2026-05-13,2026-05-11T07:12:43Z,2026-05-11 00:13:32
Betr DFS,player_points_rebounds,De'Aaron Fox,Under,20.5,-137,2026-05-13,2026-05-11T07:12:43Z,2026-05-11 00:13:32
Betr DFS,player_points_rebounds,Victor Wembanyama,Over,39.5,-137,2026-05-13,2026-05-11T07:12:43Z,2026-05-11 00:13:32
Betr DFS,player_points_rebounds,Victor Wembanyama,Under,39.5,-137,2026-05-13,2026-05-11T07:12:43Z,2026-05-11 00:13:32
Betr DFS,player_points_rebounds,Stephon Castle,Over,22.5,-137,2026-05-13,2026-05-11T07:12:43Z,2026-05-11 00:13:32
Betr DFS,player_points_rebounds,Stephon Castle,Under,22.5,-137,2026-05-13,2026-05-11T07:12:43Z,2026-05-11 00:13:32
Betr DFS,player_points_rebounds,Dylan Harper,Over,14.5,-137,2026-05-13,2026-05-11T07:12:43Z,2026-05-11 00:13:32
Betr DFS,player_points_rebounds,Dylan Harper,Under,14.5,-137,2026-05-13,2026-05-11T07:12:43Z,2026-05-11 00:13:32
DraftKings Pick6,player_points_rebounds,Jarrett Allen,Over,20.5,-137,2026-05-12,2026-05-11T07:13:08Z,2026-05-11 00:13:32
DraftKings Pick6,player_points_rebounds,Jarrett Allen,Under,20.5,-137,2026-05-12,2026-05-11T07:13:08Z,2026-05-11 00:13:32
DraftKings Pick6,player_points_rebounds,Max Strus,Over,12.5,-137,2026-05-12,2026-05-11T07:13:08Z,2026-05-11 00:13:32
DraftKings Pick6,player_points_rebounds,Max Strus,Under,12.5,-137,2026-05-12,2026-05-11T07:13:08Z,2026-05-11 00:13:32
DraftKings Pick6,player_points_rebounds,James Harden,Over,24.5,-137,2026-05-12,2026-05-11T07:13:08Z,2026-05-11 00:13:32
DraftKings Pick6,player_points_rebounds,James Harden,Under,24.5,-137,2026-05-12,2026-05-11T07:13:08Z,2026-05-11 00:13:32
DraftKings Pick6,player_points_rebounds,Donovan Mitchell,Over,31.5,-137,2026-05-12,2026-05-11T07:13:08Z,2026-05-11 00:13:32
DraftKings Pick6,player_points_rebounds,Donovan Mitchell,Under,31.5,-137,2026-05-12,2026-05-11T07:13:08Z,2026-05-11 00:13:32
DraftKings Pick6,player_points_rebounds,Daniss Jenkins,Over,11.5,-137,2026-05-12,2026-05-11T07:13:08Z,2026-05-11 00:13:32
DraftKings Pick6,player_points_rebounds,Daniss Jenkins,Under,11.5,-137,2026-05-12,2026-05-11T07:13:08Z,2026-05-11 00:13:32
DraftKings Pick6,player_points_rebounds,Ausar Thompson,Over,16.5,-137,2026-05-12,2026-05-11T07:13:08Z,2026-05-11 00:13:32
DraftKings Pick6,player_points_rebounds,Ausar Thompson,Under,16.5,-137,2026-05-12,2026-05-11T07:13:08Z,2026-05-11 00:13:32
DraftKings Pick6,player_points_rebounds,Tobias Harris,Over,24.5,-137,2026-05-12,2026-05-11T07:13:08Z,2026-05-11 00:13:32
DraftKings Pick6,player_points_rebounds,Tobias Harris,Under,24.5,-137,2026-05-12,2026-05-11T07:13:08Z,2026-05-11 00:13:32
DraftKings Pick6,player_points_rebounds,Cade Cunningham,Over,32.5,-137,2026-05-12,2026-05-11T07:13:08Z,2026-05-11 00:13:32
DraftKings Pick6,player_points_rebounds,Cade Cunningham,Under,32.5,-137,2026-05-12,2026-05-11T07:13:08Z,2026-05-11 00:13:32
DraftKings Pick6,player_points_rebounds,Jalen Duren,Over,24.5,-137,2026-05-12,2026-05-11T07:13:08Z,2026-05-11 00:13:32
DraftKings Pick6,player_points_rebounds,Jalen Duren,Under,24.5,-137,2026-05-12,2026-05-11T07:13:08Z,2026-05-11 00:13:32
DraftKings Pick6,player_points_rebounds,Duncan Robinson,Over,14.5,-137,2026-05-12,2026-05-11T07:13:08Z,2026-05-11 00:13:32
DraftKings Pick6,player_points_rebounds,Evan Mobley,Over,23.5,-137,2026-05-12,2026-05-11T07:13:08Z,2026-05-11 00:13:32
DraftKings Pick6,player_points_rebounds,Evan Mobley,Under,23.5,-137,2026-05-12,2026-05-11T07:13:08Z,2026-05-11 00:13:32
DraftKings Pick6,player_points_rebounds,Dean Wade,Over,7.5,-137,2026-05-12,2026-05-11T07:13:08Z,2026-05-11 00:13:32
DraftKings Pick6,player_points_rebounds,Deandre Ayton,Over,17.5,-137,2026-05-12,2026-05-11T07:12:48Z,2026-05-11 00:13:32
DraftKings Pick6,player_points_rebounds,Ajay Mitchell,Over,20.5,-137,2026-05-12,2026-05-11T07:12:48Z,2026-05-11 00:13:32
DraftKings Pick6,player_points_rebounds,Ajay Mitchell,Under,20.5,-137,2026-05-12,2026-05-11T07:12:48Z,2026-05-11 00:13:32
DraftKings Pick6,player_points_rebounds,Rui Hachimura,Over,18.5,-137,2026-05-12,2026-05-11T07:12:48Z,2026-05-11 00:13:32
DraftKings Pick6,player_points_rebounds,Rui Hachimura,Under,18.5,-137,2026-05-12,2026-05-11T07:12:48Z,2026-05-11 00:13:32
DraftKings Pick6,player_points_rebounds,Jaxson Hayes,Over,7.5,-137,2026-05-12,2026-05-11T07:12:48Z,2026-05-11 00:13:32
DraftKings Pick6,player_points_rebounds,Jaxson Hayes,Under,7.5,-137,2026-05-12,2026-05-11T07:12:48Z,2026-05-11 00:13:32
DraftKings Pick6,player_points_rebounds,Chet Holmgren,Over,27.5,-137,2026-05-12,2026-05-11T07:12:48Z,2026-05-11 00:13:32
DraftKings Pick6,player_points_rebounds,Chet Holmgren,Under,27.5,-137,2026-05-12,2026-05-11T07:12:48Z,2026-05-11 00:13:32
DraftKings Pick6,player_points_rebounds,Shai Gilgeous-Alexander,Over,32.5,-137,2026-05-12,2026-05-11T07:12:48Z,2026-05-11 00:13:32
DraftKings Pick6,player_points_rebounds,Shai Gilgeous-Alexander,Under,32.5,-137,2026-05-12,2026-05-11T07:12:48Z,2026-05-11 00:13:32
DraftKings Pick6,player_points_rebounds,Isaiah Hartenstein,Over,17.5,-137,2026-05-12,2026-05-11T07:12:48Z,2026-05-11 00:13:32
DraftKings Pick6,player_points_rebounds,Isaiah Hartenstein,Under,17.5,-137,2026-05-12,2026-05-11T07:12:48Z,2026-05-11 00:13:32
DraftKings Pick6,player_points_rebounds,LeBron James,Over,29.5,-137,2026-05-12,2026-05-11T07:12:48Z,2026-05-11 00:13:32
DraftKings Pick6,player_points_rebounds,LeBron James,Under,29.5,-137,2026-05-12,2026-05-11T07:12:48Z,2026-05-11 00:13:32
DraftKings Pick6,player_points_rebounds,Austin Reaves,Over,26.5,-137,2026-05-12,2026-05-11T07:12:48Z,2026-05-11 00:13:32
DraftKings Pick6,player_points_rebounds,Cason Wallace,Over,9.5,-137,2026-05-12,2026-05-11T07:12:48Z,2026-05-11 00:13:32
DraftKings Pick6,player_points_rebounds,Cason Wallace,Under,9.5,-137,2026-05-12,2026-05-11T07:12:48Z,2026-05-11 00:13:32
DraftKings Pick6,player_points_rebounds,Luke Kennard,Over,12.5,-137,2026-05-12,2026-05-11T07:12:48Z,2026-05-11 00:13:32
DraftKings Pick6,player_points_rebounds,Jaylin Williams,Over,7.5,-137,2026-05-12,2026-05-11T07:12:48Z,2026-05-11 00:13:32
DraftKings Pick6,player_points_rebounds,Jaylin Williams,Under,7.5,-137,2026-05-12,2026-05-11T07:12:48Z,2026-05-11 00:13:32
DraftKings Pick6,player_points_rebounds,Luguentz Dort,Over,9.5,-137,2026-05-12,2026-05-11T07:12:48Z,2026-05-11 00:13:32
DraftKings Pick6,player_points_rebounds,Luguentz Dort,Under,9.5,-137,2026-05-12,2026-05-11T07:12:48Z,2026-05-11 00:13:32
DraftKings Pick6,player_points_rebounds,Marcus Smart,Over,14.5,-137,2026-05-12,2026-05-11T07:12:48Z,2026-05-11 00:13:32
DraftKings Pick6,player_points_rebounds,Marcus Smart,Under,14.5,-137,2026-05-12,2026-05-11T07:12:48Z,2026-05-11 00:13:32
PrizePicks,player_points_assists,Cade Cunningham,Over,36.5,-137,2026-05-12,2026-05-11T07:12:38Z,2026-05-11 00:13:32
PrizePicks,player_points_assists,Cade Cunningham,Under,36.5,-137,2026-05-12,2026-05-11T07:12:38Z,2026-05-11 00:13:32
PrizePicks,player_points_assists,Donovan Mitchell,Over,31.5,-137,2026-05-12,2026-05-11T07:12:38Z,2026-05-11 00:13:32
PrizePicks,player_points_assists,Donovan Mitchell,Under,31.5,-137,2026-05-12,2026-05-11T07:12:38Z,2026-05-11 00:13:32
PrizePicks,player_points_assists,James Harden,Over,25.5,-137,2026-05-12,2026-05-11T07:12:38Z,2026-05-11 00:13:32
PrizePicks,player_points_assists,James Harden,Under,25.5,-137,2026-05-12,2026-05-11T07:12:38Z,2026-05-11 00:13:32
PrizePicks,player_points_assists,Tobias Harris,Over,20.5,-137,2026-05-12,2026-05-11T07:12:38Z,2026-05-11 00:13:32
PrizePicks,player_points_assists,Tobias Harris,Under,20.5,-137,2026-05-12,2026-05-11T07:12:38Z,2026-05-11 00:13:32
PrizePicks,player_points_assists,Evan Mobley,Over,18.5,-137,2026-05-12,2026-05-11T07:12:38Z,2026-05-11 00:13:32
PrizePicks,player_points_assists,Evan Mobley,Under,18.5,-137,2026-05-12,2026-05-11T07:12:38Z,2026-05-11 00:13:32
PrizePicks,player_points_assists,Jalen Duren,Over,15.5,-137,2026-05-12,2026-05-11T07:12:38Z,2026-05-11 00:13:32
PrizePicks,player_points_assists,Jalen Duren,Under,15.5,-137,2026-05-12,2026-05-11T07:12:38Z,2026-05-11 00:13:32
PrizePicks,player_points_assists,Duncan Robinson,Over,13.5,-137,2026-05-12,2026-05-11T07:12:38Z,2026-05-11 00:13:32
PrizePicks,player_points_assists,Duncan Robinson,Under,13.5,-137,2026-05-12,2026-05-11T07:12:38Z,2026-05-11 00:13:32
PrizePicks,player_points_assists,Jarrett Allen,Over,13.5,-137,2026-05-12,2026-05-11T07:12:38Z,2026-05-11 00:13:32
PrizePicks,player_points_assists,Jarrett Allen,Under,13.5,-137,2026-05-12,2026-05-11T07:12:38Z,2026-05-11 00:13:32
PrizePicks,player_points_assists,Ausar Thompson,Over,12.5,-137,2026-05-12,2026-05-11T07:12:38Z,2026-05-11 00:13:32
PrizePicks,player_points_assists,Ausar Thompson,Under,12.5,-137,2026-05-12,2026-05-11T07:12:38Z,2026-05-11 00:13:32
PrizePicks,player_points_assists,Daniss Jenkins,Over,12.5,-137,2026-05-12,2026-05-11T07:12:38Z,2026-05-11 00:13:32
PrizePicks,player_points_assists,Daniss Jenkins,Under,12.5,-137,2026-05-12,2026-05-11T07:12:38Z,2026-05-11 00:13:32
PrizePicks,player_points_assists,Dennis Schroder,Over,9.5,-137,2026-05-12,2026-05-11T07:12:38Z,2026-05-11 00:13:32
PrizePicks,player_points_assists,Dennis Schroder,Under,9.5,-137,2026-05-12,2026-05-11T07:12:38Z,2026-05-11 00:13:32
PrizePicks,player_points_assists,Shai Gilgeous-Alexander,Over,35.5,-137,2026-05-12,2026-05-11T07:12:41Z,2026-05-11 00:13:32
PrizePicks,player_points_assists,Shai Gilgeous-Alexander,Under,35.5,-137,2026-05-12,2026-05-11T07:12:41Z,2026-05-11 00:13:32
PrizePicks,player_points_assists,LeBron James,Over,29.5,-137,2026-05-12,2026-05-11T07:12:41Z,2026-05-11 00:13:32
PrizePicks,player_points_assists,LeBron James,Under,29.5,-137,2026-05-12,2026-05-11T07:12:41Z,2026-05-11 00:13:32
PrizePicks,player_points_assists,Austin Reaves,Over,28.5,-137,2026-05-12,2026-05-11T07:12:41Z,2026-05-11 00:13:32
PrizePicks,player_points_assists,Austin Reaves,Under,28.5,-137,2026-05-12,2026-05-11T07:12:41Z,2026-05-11 00:13:32
PrizePicks,player_points_assists,Ajay Mitchell,Over,21.5,-137,2026-05-12,2026-05-11T07:12:41Z,2026-05-11 00:13:32
PrizePicks,player_points_assists,Ajay Mitchell,Under,21.5,-137,2026-05-12,2026-05-11T07:12:41Z,2026-05-11 00:13:32
PrizePicks,player_points_assists,Chet Holmgren,Over,19.5,-137,2026-05-12,2026-05-11T07:12:41Z,2026-05-11 00:13:32
PrizePicks,player_points_assists,Chet Holmgren,Under,19.5,-137,2026-05-12,2026-05-11T07:12:41Z,2026-05-11 00:13:32
PrizePicks,player_points_assists,Rui Hachimura,Over,15.5,-137,2026-05-12,2026-05-11T07:12:41Z,2026-05-11 00:13:32
PrizePicks,player_points_assists,Rui Hachimura,Under,15.5,-137,2026-05-12,2026-05-11T07:12:41Z,2026-05-11 00:13:32
PrizePicks,player_points_assists,Marcus Smart,Over,14.5,-137,2026-05-12,2026-05-11T07:12:41Z,2026-05-11 00:13:32
PrizePicks,player_points_assists,Marcus Smart,Under,14.5,-137,2026-05-12,2026-05-11T07:12:41Z,2026-05-11 00:13:32
PrizePicks,player_points_assists,Isaiah Hartenstein,Over,11.5,-137,2026-05-12,2026-05-11T07:12:41Z,2026-05-11 00:13:32
PrizePicks,player_points_assists,Isaiah Hartenstein,Under,11.5,-137,2026-05-12,2026-05-11T07:12:41Z,2026-05-11 00:13:32
PrizePicks,player_points_assists,Luke Kennard,Over,11.5,-137,2026-05-12,2026-05-11T07:12:41Z,2026-05-11 00:13:32
PrizePicks,player_points_assists,Luke Kennard,Under,11.5,-137,2026-05-12,2026-05-11T07:12:41Z,2026-05-11 00:13:32
PrizePicks,player_points_assists,Deandre Ayton,Over,9.5,-137,2026-05-12,2026-05-11T07:12:41Z,2026-05-11 00:13:32
PrizePicks,player_points_assists,Deandre Ayton,Under,9.5,-137,2026-05-12,2026-05-11T07:12:41Z,2026-05-11 00:13:32
PrizePicks,player_points_assists,Alex Caruso,Over,8.5,-137,2026-05-12,2026-05-11T07:12:41Z,2026-05-11 00:13:32
PrizePicks,player_points_assists,Alex Caruso,Under,8.5,-137,2026-05-12,2026-05-11T07:12:41Z,2026-05-11 00:13:32
PrizePicks,player_points_assists,Cason Wallace,Over,8.5,-137,2026-05-12,2026-05-11T07:12:41Z,2026-05-11 00:13:32
PrizePicks,player_points_assists,Cason Wallace,Under,8.5,-137,2026-05-12,2026-05-11T07:12:41Z,2026-05-11 00:13:32
PrizePicks,player_points_assists,Luguentz Dort,Over,7.5,-137,2026-05-12,2026-05-11T07:12:41Z,2026-05-11 00:13:32
PrizePicks,player_points_assists,Luguentz Dort,Under,7.5,-137,2026-05-12,2026-05-11T07:12:41Z,2026-05-11 00:13:32
PrizePicks,player_points_assists,Jaylin Williams,Over,5.5,-137,2026-05-12,2026-05-11T07:12:41Z,2026-05-11 00:13:32
PrizePicks,player_points_assists,Jaylin Williams,Under,5.5,-137,2026-05-12,2026-05-11T07:12:41Z,2026-05-11 00:13:32
PrizePicks,player_points_assists,Anthony Edwards,Over,32.5,-137,2026-05-13,2026-05-11T07:12:42Z,2026-05-11 00:13:32
PrizePicks,player_points_assists,Anthony Edwards,Under,32.5,-137,2026-05-13,2026-05-11T07:12:42Z,2026-05-11 00:13:32
PrizePicks,player_points_assists,Victor Wembanyama,Over,30.5,-137,2026-05-13,2026-05-11T07:12:42Z,2026-05-11 00:13:32
PrizePicks,player_points_assists,Victor Wembanyama,Under,30.5,-137,2026-05-13,2026-05-11T07:12:42Z,2026-05-11 00:13:32
PrizePicks,player_points_assists,Stephon Castle,Over,24.5,-137,2026-05-13,2026-05-11T07:12:42Z,2026-05-11 00:13:32
PrizePicks,player_points_assists,Stephon Castle,Under,24.5,-137,2026-05-13,2026-05-11T07:12:42Z,2026-05-11 00:13:32
PrizePicks,player_points_assists,De'Aaron Fox,Over,23.5,-137,2026-05-13,2026-05-11T07:12:42Z,2026-05-11 00:13:32
PrizePicks,player_points_assists,De'Aaron Fox,Under,23.5,-137,2026-05-13,2026-05-11T07:12:42Z,2026-05-11 00:13:32
PrizePicks,player_points_assists,Julius Randle,Over,21.5,-137,2026-05-13,2026-05-11T07:12:42Z,2026-05-11 00:13:32
PrizePicks,player_points_assists,Julius Randle,Under,21.5,-137,2026-05-13,2026-05-11T07:12:42Z,2026-05-11 00:13:32
PrizePicks,player_points_assists,Jaden McDaniels,Over,18.5,-137,2026-05-13,2026-05-11T07:12:42Z,2026-05-11 00:13:32
PrizePicks,player_points_assists,Jaden McDaniels,Under,18.5,-137,2026-05-13,2026-05-11T07:12:42Z,2026-05-11 00:13:32
PrizePicks,player_points_assists,Ayo Dosunmu,Over,17.0,-137,2026-05-13,2026-05-11T07:12:42Z,2026-05-11 00:13:32
PrizePicks,player_points_assists,Ayo Dosunmu,Under,17.0,-137,2026-05-13,2026-05-11T07:12:42Z,2026-05-11 00:13:32
PrizePicks,player_points_assists,Devin Vassell,Over,15.5,-137,2026-05-13,2026-05-11T07:12:42Z,2026-05-11 00:13:32
PrizePicks,player_points_assists,Devin Vassell,Under,15.5,-137,2026-05-13,2026-05-11T07:12:42Z,2026-05-11 00:13:32
PrizePicks,player_points_assists,Dylan Harper,Over,13.5,-137,2026-05-13,2026-05-11T07:12:42Z,2026-05-11 00:13:32
PrizePicks,player_points_assists,Dylan Harper,Under,13.5,-137,2026-05-13,2026-05-11T07:12:42Z,2026-05-11 00:13:32
PrizePicks,player_points_assists,Rudy Gobert,Over,9.5,-137,2026-05-13,2026-05-11T07:12:42Z,2026-05-11 00:13:32
PrizePicks,player_points_assists,Rudy Gobert,Under,9.5,-137,2026-05-13,2026-05-11T07:12:42Z,2026-05-11 00:13:32
PrizePicks,player_points_assists,Julian Champagnie,Over,9.5,-137,2026-05-13,2026-05-11T07:12:42Z,2026-05-11 00:13:32
PrizePicks,player_points_assists,Julian Champagnie,Under,9.5,-137,2026-05-13,2026-05-11T07:12:42Z,2026-05-11 00:13:32
Underdog,player_points_assists,Donovan Mitchell,Over,31.5,-137,2026-05-12,2026-05-11T07:13:27Z,2026-05-11 00:13:32
Underdog,player_points_assists,Donovan Mitchell,Under,31.5,-137,2026-05-12,2026-05-11T07:13:27Z,2026-05-11 00:13:32
Underdog,player_points_assists,Tobias Harris,Over,20.5,-137,2026-05-12,2026-05-11T07:13:27Z,2026-05-11 00:13:32
Underdog,player_points_assists,Tobias Harris,Under,20.5,-137,2026-05-12,2026-05-11T07:13:27Z,2026-05-11 00:13:32
Underdog,player_points_assists,Shai Gilgeous-Alexander,Over,35.5,-137,2026-05-12,2026-05-11T07:13:24Z,2026-05-11 00:13:32
Underdog,player_points_assists,Shai Gilgeous-Alexander,Under,35.5,-137,2026-05-12,2026-05-11T07:13:24Z,2026-05-11 00:13:32
Underdog,player_points_assists,LeBron James,Over,29.5,-137,2026-05-12,2026-05-11T07:13:24Z,2026-05-11 00:13:32
Underdog,player_points_assists,LeBron James,Under,29.5,-137,2026-05-12,2026-05-11T07:13:24Z,2026-05-11 00:13:32
Underdog,player_points_assists,Austin Reaves,Over,28.5,-137,2026-05-12,2026-05-11T07:13:24Z,2026-05-11 00:13:32
Underdog,player_points_assists,Austin Reaves,Under,28.5,-137,2026-05-12,2026-05-11T07:13:24Z,2026-05-11 00:13:32
Underdog,player_points_assists,Chet Holmgren,Over,19.5,-137,2026-05-12,2026-05-11T07:13:24Z,2026-05-11 00:13:32
Underdog,player_points_assists,Chet Holmgren,Under,19.5,-137,2026-05-12,2026-05-11T07:13:24Z,2026-05-11 00:13:32
Underdog,player_points_assists,Victor Wembanyama,Over,30.5,-137,2026-05-13,2026-05-11T07:12:49Z,2026-05-11 00:13:32
Underdog,player_points_assists,Victor Wembanyama,Under,30.5,-137,2026-05-13,2026-05-11T07:12:49Z,2026-05-11 00:13:32
Underdog,player_points_assists,Anthony Edwards,Over,31.5,-137,2026-05-13,2026-05-11T07:12:49Z,2026-05-11 00:13:32
Underdog,player_points_assists,Anthony Edwards,Under,31.5,-137,2026-05-13,2026-05-11T07:12:49Z,2026-05-11 00:13:32
Underdog,player_points_assists,De'Aaron Fox,Over,23.5,-137,2026-05-13,2026-05-11T07:12:49Z,2026-05-11 00:13:32
Underdog,player_points_assists,De'Aaron Fox,Under,23.5,-137,2026-05-13,2026-05-11T07:12:49Z,2026-05-11 00:13:32
Underdog,player_points_assists,Stephon Castle,Over,24.5,-137,2026-05-13,2026-05-11T07:12:49Z,2026-05-11 00:13:32
Underdog,player_points_assists,Stephon Castle,Under,24.5,-137,2026-05-13,2026-05-11T07:12:49Z,2026-05-11 00:13:32
Betr DFS,player_points_assists,Duncan Robinson,Over,13.5,-137,2026-05-12,2026-05-11T07:13:11Z,2026-05-11 00:13:32
Betr DFS,player_points_assists,Duncan Robinson,Under,13.5,-137,2026-05-12,2026-05-11T07:13:11Z,2026-05-11 00:13:32
Betr DFS,player_points_assists,Tobias Harris,Over,20.5,-137,2026-05-12,2026-05-11T07:13:11Z,2026-05-11 00:13:32
Betr DFS,player_points_assists,Tobias Harris,Under,20.5,-137,2026-05-12,2026-05-11T07:13:11Z,2026-05-11 00:13:32
Betr DFS,player_points_assists,Cade Cunningham,Over,36.5,-137,2026-05-12,2026-05-11T07:13:11Z,2026-05-11 00:13:32
Betr DFS,player_points_assists,Cade Cunningham,Under,36.5,-137,2026-05-12,2026-05-11T07:13:11Z,2026-05-11 00:13:32
Betr DFS,player_points_assists,Jalen Duren,Over,15.5,-137,2026-05-12,2026-05-11T07:13:11Z,2026-05-11 00:13:32
Betr DFS,player_points_assists,Jalen Duren,Under,15.5,-137,2026-05-12,2026-05-11T07:13:11Z,2026-05-11 00:13:32
Betr DFS,player_points_assists,Ausar Thompson,Over,12.5,-137,2026-05-12,2026-05-11T07:13:11Z,2026-05-11 00:13:32
Betr DFS,player_points_assists,Ausar Thompson,Under,12.5,-137,2026-05-12,2026-05-11T07:13:11Z,2026-05-11 00:13:32
Betr DFS,player_points_assists,Daniss Jenkins,Over,12.5,-137,2026-05-12,2026-05-11T07:13:11Z,2026-05-11 00:13:32
Betr DFS,player_points_assists,Daniss Jenkins,Under,12.5,-137,2026-05-12,2026-05-11T07:13:11Z,2026-05-11 00:13:32
Betr DFS,player_points_assists,Max Strus,Under,10.5,-137,2026-05-12,2026-05-11T07:13:11Z,2026-05-11 00:13:32
Betr DFS,player_points_assists,James Harden,Over,26.5,-137,2026-05-12,2026-05-11T07:13:11Z,2026-05-11 00:13:32
Betr DFS,player_points_assists,James Harden,Under,26.5,-137,2026-05-12,2026-05-11T07:13:11Z,2026-05-11 00:13:32
Betr DFS,player_points_assists,Jarrett Allen,Over,13.5,-137,2026-05-12,2026-05-11T07:13:11Z,2026-05-11 00:13:32
Betr DFS,player_points_assists,Jarrett Allen,Under,13.5,-137,2026-05-12,2026-05-11T07:13:11Z,2026-05-11 00:13:32
Betr DFS,player_points_assists,Donovan Mitchell,Over,31.5,-137,2026-05-12,2026-05-11T07:13:11Z,2026-05-11 00:13:32
Betr DFS,player_points_assists,Donovan Mitchell,Under,31.5,-137,2026-05-12,2026-05-11T07:13:11Z,2026-05-11 00:13:32
Betr DFS,player_points_assists,Evan Mobley,Over,18.5,-137,2026-05-12,2026-05-11T07:13:11Z,2026-05-11 00:13:32
Betr DFS,player_points_assists,Evan Mobley,Under,18.5,-137,2026-05-12,2026-05-11T07:13:11Z,2026-05-11 00:13:32
Betr DFS,player_points_assists,Isaiah Hartenstein,Over,11.5,-137,2026-05-12,2026-05-11T07:13:22Z,2026-05-11 00:13:32
Betr DFS,player_points_assists,Isaiah Hartenstein,Under,11.5,-137,2026-05-12,2026-05-11T07:13:22Z,2026-05-11 00:13:32
Betr DFS,player_points_assists,Shai Gilgeous-Alexander,Over,35.5,-137,2026-05-12,2026-05-11T07:13:22Z,2026-05-11 00:13:32
Betr DFS,player_points_assists,Shai Gilgeous-Alexander,Under,35.5,-137,2026-05-12,2026-05-11T07:13:22Z,2026-05-11 00:13:32
Betr DFS,player_points_assists,Chet Holmgren,Over,19.5,-137,2026-05-12,2026-05-11T07:13:22Z,2026-05-11 00:13:32
Betr DFS,player_points_assists,Chet Holmgren,Under,19.5,-137,2026-05-12,2026-05-11T07:13:22Z,2026-05-11 00:13:32
Betr DFS,player_points_assists,Ajay Mitchell,Over,21.5,-137,2026-05-12,2026-05-11T07:13:22Z,2026-05-11 00:13:32
Betr DFS,player_points_assists,Ajay Mitchell,Under,21.5,-137,2026-05-12,2026-05-11T07:13:22Z,2026-05-11 00:13:32
Betr DFS,player_points_assists,Marcus Smart,Over,14.5,-137,2026-05-12,2026-05-11T07:13:22Z,2026-05-11 00:13:32
Betr DFS,player_points_assists,Marcus Smart,Under,14.5,-137,2026-05-12,2026-05-11T07:13:22Z,2026-05-11 00:13:32
Betr DFS,player_points_assists,Luke Kennard,Over,11.5,-137,2026-05-12,2026-05-11T07:13:22Z,2026-05-11 00:13:32
Betr DFS,player_points_assists,Luke Kennard,Under,11.5,-137,2026-05-12,2026-05-11T07:13:22Z,2026-05-11 00:13:32
Betr DFS,player_points_assists,LeBron James,Over,29.5,-137,2026-05-12,2026-05-11T07:13:22Z,2026-05-11 00:13:32
Betr DFS,player_points_assists,LeBron James,Under,29.5,-137,2026-05-12,2026-05-11T07:13:22Z,2026-05-11 00:13:32
Betr DFS,player_points_assists,Rui Hachimura,Over,16.5,-137,2026-05-12,2026-05-11T07:13:22Z,2026-05-11 00:13:32
Betr DFS,player_points_assists,Rui Hachimura,Under,16.5,-137,2026-05-12,2026-05-11T07:13:22Z,2026-05-11 00:13:32
Betr DFS,player_points_assists,Austin Reaves,Over,28.5,-137,2026-05-12,2026-05-11T07:13:22Z,2026-05-11 00:13:32
Betr DFS,player_points_assists,Austin Reaves,Under,28.5,-137,2026-05-12,2026-05-11T07:13:22Z,2026-05-11 00:13:32
Betr DFS,player_points_assists,Deandre Ayton,Over,10.5,-137,2026-05-12,2026-05-11T07:13:22Z,2026-05-11 00:13:32
Betr DFS,player_points_assists,Deandre Ayton,Under,10.5,-137,2026-05-12,2026-05-11T07:13:22Z,2026-05-11 00:13:32
Betr DFS,player_points_assists,Julius Randle,Over,21.5,-137,2026-05-13,2026-05-11T07:12:43Z,2026-05-11 00:13:32
Betr DFS,player_points_assists,Julius Randle,Under,21.5,-137,2026-05-13,2026-05-11T07:12:43Z,2026-05-11 00:13:32
Betr DFS,player_points_assists,Ayo Dosunmu,Over,16.5,-137,2026-05-13,2026-05-11T07:12:43Z,2026-05-11 00:13:32
Betr DFS,player_points_assists,Ayo Dosunmu,Under,16.5,-137,2026-05-13,2026-05-11T07:12:43Z,2026-05-11 00:13:32
Betr DFS,player_points_assists,Anthony Edwards,Over,31.5,-137,2026-05-13,2026-05-11T07:12:43Z,2026-05-11 00:13:32
Betr DFS,player_points_assists,Anthony Edwards,Under,31.5,-137,2026-05-13,2026-05-11T07:12:43Z,2026-05-11 00:13:32
Betr DFS,player_points_assists,Jaden McDaniels,Over,18.5,-137,2026-05-13,2026-05-11T07:12:43Z,2026-05-11 00:13:32
Betr DFS,player_points_assists,Jaden McDaniels,Under,18.5,-137,2026-05-13,2026-05-11T07:12:43Z,2026-05-11 00:13:32
Betr DFS,player_points_assists,Devin Vassell,Over,15.5,-137,2026-05-13,2026-05-11T07:12:43Z,2026-05-11 00:13:32
Betr DFS,player_points_assists,Devin Vassell,Under,15.5,-137,2026-05-13,2026-05-11T07:12:43Z,2026-05-11 00:13:32
Betr DFS,player_points_assists,De'Aaron Fox,Over,23.5,-137,2026-05-13,2026-05-11T07:12:43Z,2026-05-11 00:13:32
Betr DFS,player_points_assists,De'Aaron Fox,Under,23.5,-137,2026-05-13,2026-05-11T07:12:43Z,2026-05-11 00:13:32
Betr DFS,player_points_assists,Victor Wembanyama,Over,30.5,-137,2026-05-13,2026-05-11T07:12:43Z,2026-05-11 00:13:32
Betr DFS,player_points_assists,Victor Wembanyama,Under,30.5,-137,2026-05-13,2026-05-11T07:12:43Z,2026-05-11 00:13:32
Betr DFS,player_points_assists,Stephon Castle,Over,24.5,-137,2026-05-13,2026-05-11T07:12:43Z,2026-05-11 00:13:32
Betr DFS,player_points_assists,Stephon Castle,Under,24.5,-137,2026-05-13,2026-05-11T07:12:43Z,2026-05-11 00:13:32
Betr DFS,player_points_assists,Dylan Harper,Over,13.5,-137,2026-05-13,2026-05-11T07:12:43Z,2026-05-11 00:13:32
Betr DFS,player_points_assists,Dylan Harper,Under,13.5,-137,2026-05-13,2026-05-11T07:12:43Z,2026-05-11 00:13:32
DraftKings Pick6,player_points_assists,Cade Cunningham,Over,36.5,-137,2026-05-12,2026-05-11T07:13:08Z,2026-05-11 00:13:32
DraftKings Pick6,player_points_assists,Cade Cunningham,Under,36.5,-137,2026-05-12,2026-05-11T07:13:08Z,2026-05-11 00:13:32
DraftKings Pick6,player_points_assists,Evan Mobley,Over,18.5,-137,2026-05-12,2026-05-11T07:13:08Z,2026-05-11 00:13:32
DraftKings Pick6,player_points_assists,Evan Mobley,Under,18.5,-137,2026-05-12,2026-05-11T07:13:08Z,2026-05-11 00:13:32
DraftKings Pick6,player_points_assists,Donovan Mitchell,Over,31.5,-137,2026-05-12,2026-05-11T07:13:08Z,2026-05-11 00:13:32
DraftKings Pick6,player_points_assists,Donovan Mitchell,Under,31.5,-137,2026-05-12,2026-05-11T07:13:08Z,2026-05-11 00:13:32
DraftKings Pick6,player_points_assists,Daniss Jenkins,Over,12.5,-137,2026-05-12,2026-05-11T07:13:08Z,2026-05-11 00:13:32
DraftKings Pick6,player_points_assists,Daniss Jenkins,Under,12.5,-137,2026-05-12,2026-05-11T07:13:08Z,2026-05-11 00:13:32
DraftKings Pick6,player_points_assists,Dennis Schroder,Over,9.5,-137,2026-05-12,2026-05-11T07:13:08Z,2026-05-11 00:13:32
DraftKings Pick6,player_points_assists,Dennis Schroder,Under,9.5,-137,2026-05-12,2026-05-11T07:13:08Z,2026-05-11 00:13:32
DraftKings Pick6,player_points_assists,Ausar Thompson,Over,12.5,-137,2026-05-12,2026-05-11T07:13:08Z,2026-05-11 00:13:32
DraftKings Pick6,player_points_assists,Ausar Thompson,Under,12.5,-137,2026-05-12,2026-05-11T07:13:08Z,2026-05-11 00:13:32
DraftKings Pick6,player_points_assists,Jarrett Allen,Over,14.5,-137,2026-05-12,2026-05-11T07:13:08Z,2026-05-11 00:13:32
DraftKings Pick6,player_points_assists,Jalen Duren,Over,15.5,-137,2026-05-12,2026-05-11T07:13:08Z,2026-05-11 00:13:32
DraftKings Pick6,player_points_assists,Jalen Duren,Under,15.5,-137,2026-05-12,2026-05-11T07:13:08Z,2026-05-11 00:13:32
DraftKings Pick6,player_points_assists,Duncan Robinson,Over,13.5,-137,2026-05-12,2026-05-11T07:13:08Z,2026-05-11 00:13:32
DraftKings Pick6,player_points_assists,Duncan Robinson,Under,13.5,-137,2026-05-12,2026-05-11T07:13:08Z,2026-05-11 00:13:32
DraftKings Pick6,player_points_assists,Tobias Harris,Over,20.5,-137,2026-05-12,2026-05-11T07:13:08Z,2026-05-11 00:13:32
DraftKings Pick6,player_points_assists,Tobias Harris,Under,20.5,-137,2026-05-12,2026-05-11T07:13:08Z,2026-05-11 00:13:32
DraftKings Pick6,player_points_assists,Cason Wallace,Over,9.5,-137,2026-05-12,2026-05-11T07:12:48Z,2026-05-11 00:13:32
DraftKings Pick6,player_points_assists,Ajay Mitchell,Over,22.5,-137,2026-05-12,2026-05-11T07:12:48Z,2026-05-11 00:13:32
DraftKings Pick6,player_points_assists,Austin Reaves,Over,28.5,-137,2026-05-12,2026-05-11T07:12:48Z,2026-05-11 00:13:32
DraftKings Pick6,player_points_assists,Austin Reaves,Under,28.5,-137,2026-05-12,2026-05-11T07:12:48Z,2026-05-11 00:13:32
DraftKings Pick6,player_points_assists,Rui Hachimura,Over,16.5,-137,2026-05-12,2026-05-11T07:12:48Z,2026-05-11 00:13:32
DraftKings Pick6,player_points_assists,Deandre Ayton,Over,9.5,-137,2026-05-12,2026-05-11T07:12:48Z,2026-05-11 00:13:32
DraftKings Pick6,player_points_assists,Deandre Ayton,Under,9.5,-137,2026-05-12,2026-05-11T07:12:48Z,2026-05-11 00:13:32
DraftKings Pick6,player_points_assists,Shai Gilgeous-Alexander,Over,35.5,-137,2026-05-12,2026-05-11T07:12:48Z,2026-05-11 00:13:32
DraftKings Pick6,player_points_assists,Shai Gilgeous-Alexander,Under,35.5,-137,2026-05-12,2026-05-11T07:12:48Z,2026-05-11 00:13:32
DraftKings Pick6,player_points_assists,Marcus Smart,Over,15.5,-137,2026-05-12,2026-05-11T07:12:48Z,2026-05-11 00:13:32
DraftKings Pick6,player_points_assists,Chet Holmgren,Over,20.5,-137,2026-05-12,2026-05-11T07:12:48Z,2026-05-11 00:13:32
DraftKings Pick6,player_points_assists,Luguentz Dort,Over,7.5,-137,2026-05-12,2026-05-11T07:12:48Z,2026-05-11 00:13:32
DraftKings Pick6,player_points_assists,Luguentz Dort,Under,7.5,-137,2026-05-12,2026-05-11T07:12:48Z,2026-05-11 00:13:32
PrizePicks,player_rebounds_assists,Cade Cunningham,Over,14.5,-137,2026-05-12,2026-05-11T07:12:38Z,2026-05-11 00:13:32
PrizePicks,player_rebounds_assists,Cade Cunningham,Under,14.5,-137,2026-05-12,2026-05-11T07:12:38Z,2026-05-11 00:13:32
PrizePicks,player_rebounds_assists,Jalen Duren,Over,12.5,-137,2026-05-12,2026-05-11T07:12:38Z,2026-05-11 00:13:32
PrizePicks,player_rebounds_assists,Jalen Duren,Under,12.5,-137,2026-05-12,2026-05-11T07:12:38Z,2026-05-11 00:13:32
PrizePicks,player_rebounds_assists,Evan Mobley,Over,11.5,-137,2026-05-12,2026-05-11T07:12:38Z,2026-05-11 00:13:32
PrizePicks,player_rebounds_assists,Evan Mobley,Under,11.5,-137,2026-05-12,2026-05-11T07:12:38Z,2026-05-11 00:13:32
PrizePicks,player_rebounds_assists,Jarrett Allen,Over,9.5,-137,2026-05-12,2026-05-11T07:12:38Z,2026-05-11 00:13:32
PrizePicks,player_rebounds_assists,Jarrett Allen,Under,9.5,-137,2026-05-12,2026-05-11T07:12:38Z,2026-05-11 00:13:32
PrizePicks,player_rebounds_assists,Donovan Mitchell,Over,8.5,-137,2026-05-12,2026-05-11T07:12:38Z,2026-05-11 00:13:32
PrizePicks,player_rebounds_assists,Donovan Mitchell,Under,8.5,-137,2026-05-12,2026-05-11T07:12:38Z,2026-05-11 00:13:32
PrizePicks,player_rebounds_assists,Daniss Jenkins,Over,5.5,-137,2026-05-12,2026-05-11T07:12:38Z,2026-05-11 00:13:32
PrizePicks,player_rebounds_assists,Daniss Jenkins,Under,5.5,-137,2026-05-12,2026-05-11T07:12:38Z,2026-05-11 00:13:32
PrizePicks,player_rebounds_assists,Duncan Robinson,Over,4.5,-137,2026-05-12,2026-05-11T07:12:38Z,2026-05-11 00:13:32
PrizePicks,player_rebounds_assists,Duncan Robinson,Under,4.5,-137,2026-05-12,2026-05-11T07:12:38Z,2026-05-11 00:13:32
PrizePicks,player_rebounds_assists,Isaiah Hartenstein,Over,11.5,-137,2026-05-12,2026-05-11T07:12:41Z,2026-05-11 00:13:32
PrizePicks,player_rebounds_assists,Isaiah Hartenstein,Under,11.5,-137,2026-05-12,2026-05-11T07:12:41Z,2026-05-11 00:13:32
PrizePicks,player_rebounds_assists,Austin Reaves,Over,10.5,-137,2026-05-12,2026-05-11T07:12:41Z,2026-05-11 00:13:32
PrizePicks,player_rebounds_assists,Austin Reaves,Under,10.5,-137,2026-05-12,2026-05-11T07:12:41Z,2026-05-11 00:13:32
PrizePicks,player_rebounds_assists,Chet Holmgren,Over,10.5,-137,2026-05-12,2026-05-11T07:12:41Z,2026-05-11 00:13:32
PrizePicks,player_rebounds_assists,Chet Holmgren,Under,10.5,-137,2026-05-12,2026-05-11T07:12:41Z,2026-05-11 00:13:32
PrizePicks,player_rebounds_assists,Marcus Smart,Over,7.0,-137,2026-05-12,2026-05-11T07:12:41Z,2026-05-11 00:13:32
PrizePicks,player_rebounds_assists,Marcus Smart,Under,7.0,-137,2026-05-12,2026-05-11T07:12:41Z,2026-05-11 00:13:32
PrizePicks,player_rebounds_assists,Cason Wallace,Over,4.5,-137,2026-05-12,2026-05-11T07:12:41Z,2026-05-11 00:13:32
PrizePicks,player_rebounds_assists,Cason Wallace,Under,4.5,-137,2026-05-12,2026-05-11T07:12:41Z,2026-05-11 00:13:32
PrizePicks,player_rebounds_assists,Jaylin Williams,Over,4.5,-137,2026-05-12,2026-05-11T07:12:41Z,2026-05-11 00:13:32
PrizePicks,player_rebounds_assists,Jaylin Williams,Under,4.5,-137,2026-05-12,2026-05-11T07:12:41Z,2026-05-11 00:13:32
PrizePicks,player_rebounds_assists,Luguentz Dort,Over,3.5,-137,2026-05-12,2026-05-11T07:12:41Z,2026-05-11 00:13:32
PrizePicks,player_rebounds_assists,Luguentz Dort,Under,3.5,-137,2026-05-12,2026-05-11T07:12:41Z,2026-05-11 00:13:32
PrizePicks,player_rebounds_assists,Victor Wembanyama,Over,16.0,-137,2026-05-13,2026-05-11T07:12:42Z,2026-05-11 00:13:32
PrizePicks,player_rebounds_assists,Victor Wembanyama,Under,16.0,-137,2026-05-13,2026-05-11T07:12:42Z,2026-05-11 00:13:32
PrizePicks,player_rebounds_assists,Rudy Gobert,Over,12.5,-137,2026-05-13,2026-05-11T07:12:42Z,2026-05-11 00:13:32
PrizePicks,player_rebounds_assists,Rudy Gobert,Under,12.5,-137,2026-05-13,2026-05-11T07:12:42Z,2026-05-11 00:13:32
PrizePicks,player_rebounds_assists,Anthony Edwards,Over,10.5,-137,2026-05-13,2026-05-11T07:12:42Z,2026-05-11 00:13:32
PrizePicks,player_rebounds_assists,Anthony Edwards,Under,10.5,-137,2026-05-13,2026-05-11T07:12:42Z,2026-05-11 00:13:32
PrizePicks,player_rebounds_assists,Naz Reid,Over,8.5,-137,2026-05-13,2026-05-11T07:12:42Z,2026-05-11 00:13:32
PrizePicks,player_rebounds_assists,Naz Reid,Under,8.5,-137,2026-05-13,2026-05-11T07:12:42Z,2026-05-11 00:13:32
PrizePicks,player_rebounds_assists,Jaden McDaniels,Over,7.5,-137,2026-05-13,2026-05-11T07:12:42Z,2026-05-11 00:13:32
PrizePicks,player_rebounds_assists,Jaden McDaniels,Under,7.5,-137,2026-05-13,2026-05-11T07:12:42Z,2026-05-11 00:13:32
PrizePicks,player_rebounds_assists,Dylan Harper,Over,6.5,-137,2026-05-13,2026-05-11T07:12:42Z,2026-05-11 00:13:32
PrizePicks,player_rebounds_assists,Dylan Harper,Under,6.5,-137,2026-05-13,2026-05-11T07:12:42Z,2026-05-11 00:13:32
PrizePicks,player_rebounds_assists,Devin Vassell,Over,6.5,-137,2026-05-13,2026-05-11T07:12:42Z,2026-05-11 00:13:32
PrizePicks,player_rebounds_assists,Devin Vassell,Under,6.5,-137,2026-05-13,2026-05-11T07:12:42Z,2026-05-11 00:13:32
PrizePicks,player_rebounds_assists,Julian Champagnie,Over,6.5,-137,2026-05-13,2026-05-11T07:12:42Z,2026-05-11 00:13:32
PrizePicks,player_rebounds_assists,Julian Champagnie,Under,6.5,-137,2026-05-13,2026-05-11T07:12:42Z,2026-05-11 00:13:32
Underdog,player_rebounds_assists,Cade Cunningham,Over,14.5,-137,2026-05-12,2026-05-11T07:13:27Z,2026-05-11 00:13:32
Underdog,player_rebounds_assists,Cade Cunningham,Under,14.5,-137,2026-05-12,2026-05-11T07:13:27Z,2026-05-11 00:13:32
Underdog,player_rebounds_assists,Evan Mobley,Over,11.5,-137,2026-05-12,2026-05-11T07:13:27Z,2026-05-11 00:13:32
Underdog,player_rebounds_assists,Evan Mobley,Under,11.5,-137,2026-05-12,2026-05-11T07:13:27Z,2026-05-11 00:13:32
Underdog,player_rebounds_assists,Jarrett Allen,Over,9.5,-137,2026-05-12,2026-05-11T07:13:27Z,2026-05-11 00:13:32
Underdog,player_rebounds_assists,Jarrett Allen,Under,9.5,-137,2026-05-12,2026-05-11T07:13:27Z,2026-05-11 00:13:32
Underdog,player_rebounds_assists,Jalen Duren,Over,12.5,-137,2026-05-12,2026-05-11T07:13:27Z,2026-05-11 00:13:32
Underdog,player_rebounds_assists,Jalen Duren,Under,12.5,-137,2026-05-12,2026-05-11T07:13:27Z,2026-05-11 00:13:32
Underdog,player_rebounds_assists,Isaiah Hartenstein,Over,11.5,-137,2026-05-12,2026-05-11T07:13:24Z,2026-05-11 00:13:32
Underdog,player_rebounds_assists,Isaiah Hartenstein,Under,11.5,-137,2026-05-12,2026-05-11T07:13:24Z,2026-05-11 00:13:32
Underdog,player_rebounds_assists,Anthony Edwards,Over,10.5,-137,2026-05-13,2026-05-11T07:12:49Z,2026-05-11 00:13:32
Underdog,player_rebounds_assists,Anthony Edwards,Under,10.5,-137,2026-05-13,2026-05-11T07:12:49Z,2026-05-11 00:13:32
Underdog,player_rebounds_assists,Julius Randle,Over,10.5,-137,2026-05-13,2026-05-11T07:12:49Z,2026-05-11 00:13:32
Underdog,player_rebounds_assists,Julius Randle,Under,10.5,-137,2026-05-13,2026-05-11T07:12:49Z,2026-05-11 00:13:32
Underdog,player_rebounds_assists,Rudy Gobert,Over,12.5,-137,2026-05-13,2026-05-11T07:12:49Z,2026-05-11 00:13:32
Underdog,player_rebounds_assists,Rudy Gobert,Under,12.5,-137,2026-05-13,2026-05-11T07:12:49Z,2026-05-11 00:13:32
Underdog,player_rebounds_assists,Naz Reid,Over,8.5,-137,2026-05-13,2026-05-11T07:12:49Z,2026-05-11 00:13:32
Underdog,player_rebounds_assists,Naz Reid,Under,8.5,-137,2026-05-13,2026-05-11T07:12:49Z,2026-05-11 00:13:32
Betr DFS,player_rebounds_assists,Tobias Harris,Over,8.5,-137,2026-05-12,2026-05-11T07:13:11Z,2026-05-11 00:13:32
Betr DFS,player_rebounds_assists,Cade Cunningham,Over,14.5,-137,2026-05-12,2026-05-11T07:13:11Z,2026-05-11 00:13:32
Betr DFS,player_rebounds_assists,Cade Cunningham,Under,14.5,-137,2026-05-12,2026-05-11T07:13:11Z,2026-05-11 00:13:32
Betr DFS,player_rebounds_assists,Jalen Duren,Over,12.5,-137,2026-05-12,2026-05-11T07:13:11Z,2026-05-11 00:13:32
Betr DFS,player_rebounds_assists,Jalen Duren,Under,12.5,-137,2026-05-12,2026-05-11T07:13:11Z,2026-05-11 00:13:32
Betr DFS,player_rebounds_assists,Ausar Thompson,Over,10.5,-137,2026-05-12,2026-05-11T07:13:11Z,2026-05-11 00:13:32
Betr DFS,player_rebounds_assists,James Harden,Over,11.5,-137,2026-05-12,2026-05-11T07:13:11Z,2026-05-11 00:13:32
Betr DFS,player_rebounds_assists,James Harden,Under,11.5,-137,2026-05-12,2026-05-11T07:13:11Z,2026-05-11 00:13:32
Betr DFS,player_rebounds_assists,Jarrett Allen,Over,9.5,-137,2026-05-12,2026-05-11T07:13:11Z,2026-05-11 00:13:32
Betr DFS,player_rebounds_assists,Jarrett Allen,Under,9.5,-137,2026-05-12,2026-05-11T07:13:11Z,2026-05-11 00:13:32
Betr DFS,player_rebounds_assists,Donovan Mitchell,Over,8.5,-137,2026-05-12,2026-05-11T07:13:11Z,2026-05-11 00:13:32
Betr DFS,player_rebounds_assists,Donovan Mitchell,Under,8.5,-137,2026-05-12,2026-05-11T07:13:11Z,2026-05-11 00:13:32
Betr DFS,player_rebounds_assists,Evan Mobley,Over,11.5,-137,2026-05-12,2026-05-11T07:13:11Z,2026-05-11 00:13:32
Betr DFS,player_rebounds_assists,Evan Mobley,Under,11.5,-137,2026-05-12,2026-05-11T07:13:11Z,2026-05-11 00:13:32
Betr DFS,player_rebounds_assists,Isaiah Hartenstein,Over,11.5,-137,2026-05-12,2026-05-11T07:13:22Z,2026-05-11 00:13:32
Betr DFS,player_rebounds_assists,Isaiah Hartenstein,Under,11.5,-137,2026-05-12,2026-05-11T07:13:22Z,2026-05-11 00:13:32
Betr DFS,player_rebounds_assists,Shai Gilgeous-Alexander,Over,11.5,-137,2026-05-12,2026-05-11T07:13:22Z,2026-05-11 00:13:32
Betr DFS,player_rebounds_assists,Shai Gilgeous-Alexander,Under,11.5,-137,2026-05-12,2026-05-11T07:13:22Z,2026-05-11 00:13:32
Betr DFS,player_rebounds_assists,Chet Holmgren,Over,10.5,-137,2026-05-12,2026-05-11T07:13:22Z,2026-05-11 00:13:32
Betr DFS,player_rebounds_assists,Chet Holmgren,Under,10.5,-137,2026-05-12,2026-05-11T07:13:22Z,2026-05-11 00:13:32
Betr DFS,player_rebounds_assists,LeBron James,Over,14.5,-137,2026-05-12,2026-05-11T07:13:22Z,2026-05-11 00:13:32
Betr DFS,player_rebounds_assists,LeBron James,Under,14.5,-137,2026-05-12,2026-05-11T07:13:22Z,2026-05-11 00:13:32
Betr DFS,player_rebounds_assists,Austin Reaves,Over,10.5,-137,2026-05-12,2026-05-11T07:13:22Z,2026-05-11 00:13:32
Betr DFS,player_rebounds_assists,Austin Reaves,Under,10.5,-137,2026-05-12,2026-05-11T07:13:22Z,2026-05-11 00:13:32
Betr DFS,player_rebounds_assists,Julius Randle,Over,10.5,-137,2026-05-13,2026-05-11T07:12:43Z,2026-05-11 00:13:32
Betr DFS,player_rebounds_assists,Julius Randle,Under,10.5,-137,2026-05-13,2026-05-11T07:12:43Z,2026-05-11 00:13:32
Betr DFS,player_rebounds_assists,Ayo Dosunmu,Over,7.0,-137,2026-05-13,2026-05-11T07:12:43Z,2026-05-11 00:13:32
Betr DFS,player_rebounds_assists,Ayo Dosunmu,Under,7.0,-137,2026-05-13,2026-05-11T07:12:43Z,2026-05-11 00:13:32
Betr DFS,player_rebounds_assists,Rudy Gobert,Over,12.5,-137,2026-05-13,2026-05-11T07:12:43Z,2026-05-11 00:13:32
Betr DFS,player_rebounds_assists,Rudy Gobert,Under,12.5,-137,2026-05-13,2026-05-11T07:12:43Z,2026-05-11 00:13:32
Betr DFS,player_rebounds_assists,Anthony Edwards,Over,10.5,-137,2026-05-13,2026-05-11T07:12:43Z,2026-05-11 00:13:32
Betr DFS,player_rebounds_assists,Anthony Edwards,Under,10.5,-137,2026-05-13,2026-05-11T07:12:43Z,2026-05-11 00:13:32
Betr DFS,player_rebounds_assists,Jaden McDaniels,Over,7.5,-137,2026-05-13,2026-05-11T07:12:43Z,2026-05-11 00:13:32
Betr DFS,player_rebounds_assists,Jaden McDaniels,Under,7.5,-137,2026-05-13,2026-05-11T07:12:43Z,2026-05-11 00:13:32
Betr DFS,player_rebounds_assists,Devin Vassell,Over,6.5,-137,2026-05-13,2026-05-11T07:12:43Z,2026-05-11 00:13:32
Betr DFS,player_rebounds_assists,Devin Vassell,Under,6.5,-137,2026-05-13,2026-05-11T07:12:43Z,2026-05-11 00:13:32
Betr DFS,player_rebounds_assists,Julian Champagnie,Over,6.5,-137,2026-05-13,2026-05-11T07:12:43Z,2026-05-11 00:13:32
Betr DFS,player_rebounds_assists,Julian Champagnie,Under,6.5,-137,2026-05-13,2026-05-11T07:12:43Z,2026-05-11 00:13:32
Betr DFS,player_rebounds_assists,De'Aaron Fox,Over,9.0,-137,2026-05-13,2026-05-11T07:12:43Z,2026-05-11 00:13:32
Betr DFS,player_rebounds_assists,De'Aaron Fox,Under,9.0,-137,2026-05-13,2026-05-11T07:12:43Z,2026-05-11 00:13:32
Betr DFS,player_rebounds_assists,Victor Wembanyama,Over,16.5,-137,2026-05-13,2026-05-11T07:12:43Z,2026-05-11 00:13:32
Betr DFS,player_rebounds_assists,Victor Wembanyama,Under,16.5,-137,2026-05-13,2026-05-11T07:12:43Z,2026-05-11 00:13:32
Betr DFS,player_rebounds_assists,Stephon Castle,Over,12.0,-137,2026-05-13,2026-05-11T07:12:43Z,2026-05-11 00:13:32
Betr DFS,player_rebounds_assists,Stephon Castle,Under,12.0,-137,2026-05-13,2026-05-11T07:12:43Z,2026-05-11 00:13:32
Betr DFS,player_rebounds_assists,Dylan Harper,Over,6.5,-137,2026-05-13,2026-05-11T07:12:43Z,2026-05-11 00:13:32
Betr DFS,player_rebounds_assists,Dylan Harper,Under,6.5,-137,2026-05-13,2026-05-11T07:12:43Z,2026-05-11 00:13:32
DraftKings Pick6,player_rebounds_assists,Cade Cunningham,Over,14.5,-137,2026-05-12,2026-05-11T07:13:08Z,2026-05-11 00:13:32
DraftKings Pick6,player_rebounds_assists,Cade Cunningham,Under,14.5,-137,2026-05-12,2026-05-11T07:13:08Z,2026-05-11 00:13:32
DraftKings Pick6,player_rebounds_assists,Evan Mobley,Over,11.5,-137,2026-05-12,2026-05-11T07:13:08Z,2026-05-11 00:13:32
DraftKings Pick6,player_rebounds_assists,Evan Mobley,Under,11.5,-137,2026-05-12,2026-05-11T07:13:08Z,2026-05-11 00:13:32
DraftKings Pick6,player_rebounds_assists,Duncan Robinson,Over,4.5,-137,2026-05-12,2026-05-11T07:13:08Z,2026-05-11 00:13:32
DraftKings Pick6,player_rebounds_assists,Duncan Robinson,Under,4.5,-137,2026-05-12,2026-05-11T07:13:08Z,2026-05-11 00:13:32
DraftKings Pick6,player_rebounds_assists,Rui Hachimura,Over,5.5,-137,2026-05-12,2026-05-11T07:12:48Z,2026-05-11 00:13:32
DraftKings Pick6,player_rebounds_assists,Rui Hachimura,Under,5.5,-137,2026-05-12,2026-05-11T07:12:48Z,2026-05-11 00:13:32
DraftKings Pick6,player_rebounds_assists,Austin Reaves,Over,10.5,-137,2026-05-12,2026-05-11T07:12:48Z,2026-05-11 00:13:32
DraftKings Pick6,player_rebounds_assists,Austin Reaves,Under,10.5,-137,2026-05-12,2026-05-11T07:12:48Z,2026-05-11 00:13:32
PrizePicks,player_turnovers,Cade Cunningham,Over,4.5,-137,2026-05-12,2026-05-11T07:12:38Z,2026-05-11 00:13:32
PrizePicks,player_turnovers,Cade Cunningham,Under,4.5,-137,2026-05-12,2026-05-11T07:12:38Z,2026-05-11 00:13:32
PrizePicks,player_turnovers,James Harden,Over,3.5,-137,2026-05-12,2026-05-11T07:12:38Z,2026-05-11 00:13:32
PrizePicks,player_turnovers,James Harden,Under,3.5,-137,2026-05-12,2026-05-11T07:12:38Z,2026-05-11 00:13:32
PrizePicks,player_turnovers,Austin Reaves,Over,3.5,-137,2026-05-12,2026-05-11T07:12:41Z,2026-05-11 00:13:32
PrizePicks,player_turnovers,Austin Reaves,Under,3.5,-137,2026-05-12,2026-05-11T07:12:41Z,2026-05-11 00:13:32
PrizePicks,player_turnovers,LeBron James,Over,3.5,-137,2026-05-12,2026-05-11T07:12:41Z,2026-05-11 00:13:32
PrizePicks,player_turnovers,LeBron James,Under,3.5,-137,2026-05-12,2026-05-11T07:12:41Z,2026-05-11 00:13:32
PrizePicks,player_turnovers,Ajay Mitchell,Over,1.5,-137,2026-05-12,2026-05-11T07:12:41Z,2026-05-11 00:13:32
PrizePicks,player_turnovers,Ajay Mitchell,Under,1.5,-137,2026-05-12,2026-05-11T07:12:41Z,2026-05-11 00:13:32
PrizePicks,player_turnovers,Chet Holmgren,Over,1.5,-137,2026-05-12,2026-05-11T07:12:41Z,2026-05-11 00:13:32
PrizePicks,player_turnovers,Chet Holmgren,Under,1.5,-137,2026-05-12,2026-05-11T07:12:41Z,2026-05-11 00:13:32
PrizePicks,player_turnovers,Jaxson Hayes,Over,0.5,-137,2026-05-12,2026-05-11T07:12:41Z,2026-05-11 00:13:32
PrizePicks,player_turnovers,Jaxson Hayes,Under,0.5,-137,2026-05-12,2026-05-11T07:12:41Z,2026-05-11 00:13:32
PrizePicks,player_turnovers,Jaylin Williams,Over,0.5,-137,2026-05-12,2026-05-11T07:12:41Z,2026-05-11 00:13:32
PrizePicks,player_turnovers,Jaylin Williams,Under,0.5,-137,2026-05-12,2026-05-11T07:12:41Z,2026-05-11 00:13:32
PrizePicks,player_turnovers,Ayo Dosunmu,Over,1.5,-137,2026-05-13,2026-05-11T07:12:42Z,2026-05-11 00:13:32
PrizePicks,player_turnovers,Ayo Dosunmu,Under,1.5,-137,2026-05-13,2026-05-11T07:12:42Z,2026-05-11 00:13:32
PrizePicks,player_turnovers,Julian Champagnie,Over,0.5,-137,2026-05-13,2026-05-11T07:12:42Z,2026-05-11 00:13:32
PrizePicks,player_turnovers,Julian Champagnie,Under,0.5,-137,2026-05-13,2026-05-11T07:12:42Z,2026-05-11 00:13:32
Underdog,player_turnovers,James Harden,Over,3.5,-137,2026-05-12,2026-05-11T07:13:27Z,2026-05-11 00:13:32
Underdog,player_turnovers,James Harden,Under,3.5,-137,2026-05-12,2026-05-11T07:13:27Z,2026-05-11 00:13:32
Underdog,player_turnovers,Austin Reaves,Over,3.5,-137,2026-05-12,2026-05-11T07:13:24Z,2026-05-11 00:13:32
Underdog,player_turnovers,Austin Reaves,Under,3.5,-137,2026-05-12,2026-05-11T07:13:24Z,2026-05-11 00:13:32
Betr DFS,player_turnovers,James Harden,Over,3.5,-137,2026-05-12,2026-05-11T07:13:11Z,2026-05-11 00:13:32
Betr DFS,player_turnovers,James Harden,Under,3.5,-137,2026-05-12,2026-05-11T07:13:11Z,2026-05-11 00:13:32
Betr DFS,player_turnovers,Chet Holmgren,Over,1.5,-137,2026-05-12,2026-05-11T07:13:22Z,2026-05-11 00:13:32
Betr DFS,player_turnovers,Chet Holmgren,Under,1.5,-137,2026-05-12,2026-05-11T07:13:22Z,2026-05-11 00:13:32
Betr DFS,player_turnovers,Ajay Mitchell,Over,1.5,-137,2026-05-12,2026-05-11T07:13:22Z,2026-05-11 00:13:32
Betr DFS,player_turnovers,Ajay Mitchell,Under,1.5,-137,2026-05-12,2026-05-11T07:13:22Z,2026-05-11 00:13:32
Betr DFS,player_turnovers,LeBron James,Over,3.5,-137,2026-05-12,2026-05-11T07:13:22Z,2026-05-11 00:13:32
Betr DFS,player_turnovers,LeBron James,Under,3.5,-137,2026-05-12,2026-05-11T07:13:22Z,2026-05-11 00:13:32
Betr DFS,player_turnovers,Austin Reaves,Over,3.5,-137,2026-05-12,2026-05-11T07:13:22Z,2026-05-11 00:13:32
Betr DFS,player_turnovers,Austin Reaves,Under,3.5,-137,2026-05-12,2026-05-11T07:13:22Z,2026-05-11 00:13:32
Betr DFS,player_turnovers,Ayo Dosunmu,Over,1.5,-137,2026-05-13,2026-05-11T07:12:43Z,2026-05-11 00:13:32
Betr DFS,player_turnovers,Ayo Dosunmu,Under,1.5,-137,2026-05-13,2026-05-11T07:12:43Z,2026-05-11 00:13:32
PrizePicks,player_blocks_steals,Jarrett Allen,Over,2.5,-137,2026-05-12,2026-05-11T07:12:38Z,2026-05-11 00:13:32
PrizePicks,player_blocks_steals,Jarrett Allen,Under,2.5,-137,2026-05-12,2026-05-11T07:12:38Z,2026-05-11 00:13:32
PrizePicks,player_blocks_steals,Donovan Mitchell,Over,1.5,-137,2026-05-12,2026-05-11T07:12:38Z,2026-05-11 00:13:32
PrizePicks,player_blocks_steals,Donovan Mitchell,Under,1.5,-137,2026-05-12,2026-05-11T07:12:38Z,2026-05-11 00:13:32
PrizePicks,player_blocks_steals,Duncan Robinson,Over,1.5,-137,2026-05-12,2026-05-11T07:12:38Z,2026-05-11 00:13:32
PrizePicks,player_blocks_steals,Duncan Robinson,Under,1.5,-137,2026-05-12,2026-05-11T07:12:38Z,2026-05-11 00:13:32
PrizePicks,player_blocks_steals,Jaylon Tyson,Over,0.5,-137,2026-05-12,2026-05-11T07:12:38Z,2026-05-11 00:13:32
PrizePicks,player_blocks_steals,Jaylon Tyson,Under,0.5,-137,2026-05-12,2026-05-11T07:12:38Z,2026-05-11 00:13:32
PrizePicks,player_blocks_steals,LeBron James,Over,1.5,-137,2026-05-12,2026-05-11T07:12:41Z,2026-05-11 00:13:32
PrizePicks,player_blocks_steals,LeBron James,Under,1.5,-137,2026-05-12,2026-05-11T07:12:41Z,2026-05-11 00:13:32
PrizePicks,player_blocks_steals,Alex Caruso,Over,1.5,-137,2026-05-12,2026-05-11T07:12:41Z,2026-05-11 00:13:32
PrizePicks,player_blocks_steals,Alex Caruso,Under,1.5,-137,2026-05-12,2026-05-11T07:12:41Z,2026-05-11 00:13:32
PrizePicks,player_blocks_steals,Cason Wallace,Over,1.5,-137,2026-05-12,2026-05-11T07:12:41Z,2026-05-11 00:13:32
PrizePicks,player_blocks_steals,Cason Wallace,Under,1.5,-137,2026-05-12,2026-05-11T07:12:41Z,2026-05-11 00:13:32
PrizePicks,player_blocks_steals,Isaiah Joe,Over,0.5,-137,2026-05-12,2026-05-11T07:12:41Z,2026-05-11 00:13:32
PrizePicks,player_blocks_steals,Isaiah Joe,Under,0.5,-137,2026-05-12,2026-05-11T07:12:41Z,2026-05-11 00:13:32
Underdog,player_blocks_steals,Jarrett Allen,Over,2.5,-137,2026-05-12,2026-05-11T07:13:27Z,2026-05-11 00:13:32
Underdog,player_blocks_steals,Jarrett Allen,Under,2.5,-137,2026-05-12,2026-05-11T07:13:27Z,2026-05-11 00:13:32
Betr DFS,player_blocks_steals,Duncan Robinson,Over,1.5,-137,2026-05-12,2026-05-11T07:13:11Z,2026-05-11 00:13:32
Betr DFS,player_blocks_steals,Duncan Robinson,Under,1.5,-137,2026-05-12,2026-05-11T07:13:11Z,2026-05-11 00:13:32
Betr DFS,player_blocks_steals,Ausar Thompson,Over,3.5,-137,2026-05-12,2026-05-11T07:13:11Z,2026-05-11 00:13:32
Betr DFS,player_blocks_steals,Jarrett Allen,Over,2.5,-137,2026-05-12,2026-05-11T07:13:11Z,2026-05-11 00:13:32
Betr DFS,player_blocks_steals,Jarrett Allen,Under,2.5,-137,2026-05-12,2026-05-11T07:13:11Z,2026-05-11 00:13:32
Betr DFS,player_blocks_steals,Donovan Mitchell,Over,1.5,-137,2026-05-12,2026-05-11T07:13:11Z,2026-05-11 00:13:32
Betr DFS,player_blocks_steals,Donovan Mitchell,Under,1.5,-137,2026-05-12,2026-05-11T07:13:11Z,2026-05-11 00:13:32
Betr DFS,player_blocks_steals,Alex Caruso,Over,1.5,-137,2026-05-12,2026-05-11T07:13:22Z,2026-05-11 00:13:32
Betr DFS,player_blocks_steals,Alex Caruso,Under,1.5,-137,2026-05-12,2026-05-11T07:13:22Z,2026-05-11 00:13:32
Betr DFS,player_blocks_steals,Cason Wallace,Over,1.5,-137,2026-05-12,2026-05-11T07:13:22Z,2026-05-11 00:13:32
Betr DFS,player_blocks_steals,Cason Wallace,Under,1.5,-137,2026-05-12,2026-05-11T07:13:22Z,2026-05-11 00:13:32
Betr DFS,player_blocks_steals,LeBron James,Over,1.5,-137,2026-05-12,2026-05-11T07:13:22Z,2026-05-11 00:13:32
Betr DFS,player_blocks_steals,LeBron James,Under,1.5,-137,2026-05-12,2026-05-11T07:13:22Z,2026-05-11 00:13:32
Betr DFS,player_blocks_steals,Austin Reaves,Over,1.5,-137,2026-05-12,2026-05-11T07:13:22Z,2026-05-11 00:13:32
Betr DFS,player_blocks_steals,Austin Reaves,Under,1.5,-137,2026-05-12,2026-05-11T07:13:22Z,2026-05-11 00:13:32
Betr DFS,player_blocks_steals,Naz Reid,Over,1.5,-137,2026-05-13,2026-05-11T07:12:43Z,2026-05-11 00:13:32
