BOOKMAKER,CATEGORY,NAME,OVER/UNDER,LINE,ODDS,COMMENCE_TIME,LAST_UPDATE,DATA_PULLED_AT
FanDuel,player_points,Dyson Daniels,Over,15.5,-110,2025-12-14,2025-12-14T23:50:02Z,2025-12-14 15:50:05
FanDuel,player_points,Dyson Daniels,Under,15.5,-120,2025-12-14,2025-12-14T23:50:02Z,2025-12-14 15:50:05
FanDuel,player_points,Jared McCain,Over,4.5,-108,2025-12-14,2025-12-14T23:50:02Z,2025-12-14 15:50:05
FanDuel,player_points,Jared McCain,Under,4.5,-122,2025-12-14,2025-12-14T23:50:02Z,2025-12-14 15:50:05
FanDuel,player_points,Joel Embiid,Over,24.5,-108,2025-12-14,2025-12-14T23:50:02Z,2025-12-14 15:50:05
FanDuel,player_points,Joel Embiid,Under,24.5,-122,2025-12-14,2025-12-14T23:50:02Z,2025-12-14 15:50:05
FanDuel,player_points,VJ Edgecombe,Over,13.5,-130,2025-12-14,2025-12-14T23:50:02Z,2025-12-14 15:50:05
FanDuel,player_points,VJ Edgecombe,Under,13.5,-102,2025-12-14,2025-12-14T23:50:02Z,2025-12-14 15:50:05
FanDuel,player_points,Zaccharie Risacher,Over,10.5,104,2025-12-14,2025-12-14T23:50:02Z,2025-12-14 15:50:05
FanDuel,player_points,Zaccharie Risacher,Under,10.5,-138,2025-12-14,2025-12-14T23:50:02Z,2025-12-14 15:50:05
FanDuel,player_points,Nickeil Alexander-Walker,Over,20.5,-130,2025-12-14,2025-12-14T23:50:02Z,2025-12-14 15:50:05
FanDuel,player_points,Nickeil Alexander-Walker,Under,20.5,-102,2025-12-14,2025-12-14T23:50:02Z,2025-12-14 15:50:05
FanDuel,player_points,Luke Kennard,Over,8.5,106,2025-12-14,2025-12-14T23:50:02Z,2025-12-14 15:50:05
FanDuel,player_points,Luke Kennard,Under,8.5,-140,2025-12-14,2025-12-14T23:50:02Z,2025-12-14 15:50:05
FanDuel,player_points,Paul George,Over,29.5,-102,2025-12-14,2025-12-14T23:50:02Z,2025-12-14 15:50:05
FanDuel,player_points,Paul George,Under,29.5,-130,2025-12-14,2025-12-14T23:50:02Z,2025-12-14 15:50:05
FanDuel,player_points,Onyeka Okongwu,Over,13.5,-122,2025-12-14,2025-12-14T23:50:02Z,2025-12-14 15:50:05
FanDuel,player_points,Onyeka Okongwu,Under,13.5,-108,2025-12-14,2025-12-14T23:50:02Z,2025-12-14 15:50:05
FanDuel,player_points,Jalen Johnson,Over,23.5,-118,2025-12-14,2025-12-14T23:50:02Z,2025-12-14 15:50:05
FanDuel,player_points,Jalen Johnson,Under,23.5,-112,2025-12-14,2025-12-14T23:50:02Z,2025-12-14 15:50:05
FanDuel,player_points,Vit Krejci,Over,15.5,-132,2025-12-14,2025-12-14T23:50:02Z,2025-12-14 15:50:05
FanDuel,player_points,Vit Krejci,Under,15.5,100,2025-12-14,2025-12-14T23:50:02Z,2025-12-14 15:50:05
FanDuel,player_points,Quentin Grimes,Over,16.5,-128,2025-12-14,2025-12-14T23:50:02Z,2025-12-14 15:50:05
FanDuel,player_points,Quentin Grimes,Under,16.5,-104,2025-12-14,2025-12-14T23:50:02Z,2025-12-14 15:50:05
FanDuel,player_points,Gary Trent Jr,Over,7.5,-102,2025-12-14,2025-12-14T23:49:22Z,2025-12-14 15:50:05
FanDuel,player_points,Gary Trent Jr,Under,7.5,-130,2025-12-14,2025-12-14T23:49:22Z,2025-12-14 15:50:05
FanDuel,player_points,Danny Wolf,Over,9.5,-110,2025-12-14,2025-12-14T23:49:22Z,2025-12-14 15:50:05
FanDuel,player_points,Danny Wolf,Under,9.5,-118,2025-12-14,2025-12-14T23:49:22Z,2025-12-14 15:50:05
FanDuel,player_points,Kevin Porter Jr.,Over,19.5,-130,2025-12-14,2025-12-14T23:49:22Z,2025-12-14 15:50:05
FanDuel,player_points,Kevin Porter Jr.,Under,19.5,-102,2025-12-14,2025-12-14T23:49:22Z,2025-12-14 15:50:05
FanDuel,player_points,Ryan Rollins,Over,14.5,100,2025-12-14,2025-12-14T23:49:22Z,2025-12-14 15:50:05
FanDuel,player_points,Ryan Rollins,Under,14.5,-132,2025-12-14,2025-12-14T23:49:22Z,2025-12-14 15:50:05
FanDuel,player_points,Terance Mann,Over,8.5,104,2025-12-14,2025-12-14T23:49:22Z,2025-12-14 15:50:05
FanDuel,player_points,Terance Mann,Under,8.5,-138,2025-12-14,2025-12-14T23:49:22Z,2025-12-14 15:50:05
FanDuel,player_points,Noah Clowney,Over,8.5,-132,2025-12-14,2025-12-14T23:49:22Z,2025-12-14 15:50:05
FanDuel,player_points,Noah Clowney,Under,8.5,100,2025-12-14,2025-12-14T23:49:22Z,2025-12-14 15:50:05
FanDuel,player_points,Nicolas Claxton,Over,15.5,-136,2025-12-14,2025-12-14T23:49:22Z,2025-12-14 15:50:05
FanDuel,player_points,Nicolas Claxton,Under,15.5,102,2025-12-14,2025-12-14T23:49:22Z,2025-12-14 15:50:05
FanDuel,player_points,Bobby Portis,Over,13.5,-114,2025-12-14,2025-12-14T23:49:22Z,2025-12-14 15:50:05
FanDuel,player_points,Bobby Portis,Under,13.5,-114,2025-12-14,2025-12-14T23:49:22Z,2025-12-14 15:50:05
FanDuel,player_points,Egor Demin,Over,13.5,-144,2025-12-14,2025-12-14T23:49:22Z,2025-12-14 15:50:05
FanDuel,player_points,Egor Demin,Under,13.5,108,2025-12-14,2025-12-14T23:49:22Z,2025-12-14 15:50:05
FanDuel,player_points,Michael Porter Jr,Over,21.5,-118,2025-12-14,2025-12-14T23:49:22Z,2025-12-14 15:50:05
FanDuel,player_points,Michael Porter Jr,Under,21.5,-112,2025-12-14,2025-12-14T23:49:22Z,2025-12-14 15:50:05
FanDuel,player_points,Ziaire Williams,Over,8.5,-125,2025-12-14,2025-12-14T23:49:22Z,2025-12-14 15:50:05
FanDuel,player_points,Ziaire Williams,Under,8.5,-106,2025-12-14,2025-12-14T23:49:22Z,2025-12-14 15:50:05
FanDuel,player_points,Myles Turner,Over,11.5,-128,2025-12-14,2025-12-14T23:49:22Z,2025-12-14 15:50:05
FanDuel,player_points,Myles Turner,Under,11.5,-104,2025-12-14,2025-12-14T23:49:22Z,2025-12-14 15:50:05
FanDuel,player_points,Kyle Kuzma,Over,19.5,-112,2025-12-14,2025-12-14T23:49:22Z,2025-12-14 15:50:05
FanDuel,player_points,Kyle Kuzma,Under,19.5,-118,2025-12-14,2025-12-14T23:49:22Z,2025-12-14 15:50:05
FanDuel,player_points,Day'Ron Sharpe,Over,11.5,-102,2025-12-14,2025-12-14T23:49:22Z,2025-12-14 15:50:05
FanDuel,player_points,Day'Ron Sharpe,Under,11.5,-130,2025-12-14,2025-12-14T23:49:22Z,2025-12-14 15:50:05
FanDuel,player_points,Patrick Williams,Over,7.5,-106,2025-12-15,2025-12-14T23:49:25Z,2025-12-14 15:50:05
FanDuel,player_points,Patrick Williams,Under,7.5,-120,2025-12-15,2025-12-14T23:49:25Z,2025-12-14 15:50:05
FanDuel,player_points,Trey Murphy III,Over,20.5,-102,2025-12-15,2025-12-14T23:49:25Z,2025-12-14 15:50:05
FanDuel,player_points,Trey Murphy III,Under,20.5,-125,2025-12-15,2025-12-14T23:49:25Z,2025-12-14 15:50:05
FanDuel,player_points,Josh Giddey,Over,20.5,100,2025-12-15,2025-12-14T23:49:25Z,2025-12-14 15:50:05
FanDuel,player_points,Josh Giddey,Under,20.5,-128,2025-12-15,2025-12-14T23:49:25Z,2025-12-14 15:50:05
FanDuel,player_points,Zion Williamson,Over,17.5,-113,2025-12-15,2025-12-14T23:49:25Z,2025-12-14 15:50:05
FanDuel,player_points,Zion Williamson,Under,17.5,-113,2025-12-15,2025-12-14T23:49:25Z,2025-12-14 15:50:05
FanDuel,player_points,Jordan Poole,Over,15.5,-113,2025-12-15,2025-12-14T23:49:25Z,2025-12-14 15:50:05
FanDuel,player_points,Jordan Poole,Under,15.5,-113,2025-12-15,2025-12-14T23:49:25Z,2025-12-14 15:50:05
FanDuel,player_points,Isaac Okoro,Over,6.5,-128,2025-12-15,2025-12-14T23:49:25Z,2025-12-14 15:50:05
FanDuel,player_points,Isaac Okoro,Under,6.5,100,2025-12-15,2025-12-14T23:49:25Z,2025-12-14 15:50:05
FanDuel,player_points,Coby White,Over,22.5,-108,2025-12-15,2025-12-14T23:49:25Z,2025-12-14 15:50:05
FanDuel,player_points,Coby White,Under,22.5,-118,2025-12-15,2025-12-14T23:49:25Z,2025-12-14 15:50:05
FanDuel,player_points,Saddiq Bey,Over,12.5,-104,2025-12-15,2025-12-14T23:49:25Z,2025-12-14 15:50:05
FanDuel,player_points,Saddiq Bey,Under,12.5,-122,2025-12-15,2025-12-14T23:49:25Z,2025-12-14 15:50:05
FanDuel,player_points,Nikola Vucevic,Over,15.5,102,2025-12-15,2025-12-14T23:49:25Z,2025-12-14 15:50:05
FanDuel,player_points,Nikola Vucevic,Under,15.5,-130,2025-12-15,2025-12-14T23:49:25Z,2025-12-14 15:50:05
FanDuel,player_points,Herb Jones,Over,8.5,-128,2025-12-15,2025-12-14T23:49:25Z,2025-12-14 15:50:05
FanDuel,player_points,Herb Jones,Under,8.5,100,2025-12-15,2025-12-14T23:49:25Z,2025-12-14 15:50:05
FanDuel,player_points,Derik Queen,Over,14.5,-120,2025-12-15,2025-12-14T23:49:25Z,2025-12-14 15:50:05
FanDuel,player_points,Derik Queen,Under,14.5,-106,2025-12-15,2025-12-14T23:49:25Z,2025-12-14 15:50:05
FanDuel,player_points,Jalen Smith,Over,8.5,102,2025-12-15,2025-12-14T23:49:25Z,2025-12-14 15:50:05
FanDuel,player_points,Jalen Smith,Under,8.5,-130,2025-12-15,2025-12-14T23:49:25Z,2025-12-14 15:50:05
FanDuel,player_points,Matas Buzelis,Over,13.5,-113,2025-12-15,2025-12-14T23:49:25Z,2025-12-14 15:50:05
FanDuel,player_points,Matas Buzelis,Under,13.5,-113,2025-12-15,2025-12-14T23:49:25Z,2025-12-14 15:50:05
FanDuel,player_points,Tre Jones,Over,10.5,-125,2025-12-15,2025-12-14T23:49:25Z,2025-12-14 15:50:05
FanDuel,player_points,Tre Jones,Under,10.5,-102,2025-12-15,2025-12-14T23:49:25Z,2025-12-14 15:50:05
FanDuel,player_points,Jeremiah Fears,Over,13.5,-125,2025-12-15,2025-12-14T23:49:25Z,2025-12-14 15:50:05
FanDuel,player_points,Jeremiah Fears,Under,13.5,-102,2025-12-15,2025-12-14T23:49:25Z,2025-12-14 15:50:05
FanDuel,player_points,Kevin Huerter,Over,9.5,-111,2025-12-15,2025-12-14T23:49:25Z,2025-12-14 15:50:05
FanDuel,player_points,Kevin Huerter,Under,9.5,-115,2025-12-15,2025-12-14T23:49:25Z,2025-12-14 15:50:05
FanDuel,player_points,Keegan Murray,Over,14.5,-106,2025-12-15,2025-12-14T23:49:26Z,2025-12-14 15:50:05
FanDuel,player_points,Keegan Murray,Under,14.5,-120,2025-12-15,2025-12-14T23:49:26Z,2025-12-14 15:50:05
FanDuel,player_points,Russell Westbrook,Over,12.5,-113,2025-12-15,2025-12-14T23:49:26Z,2025-12-14 15:50:05
FanDuel,player_points,Russell Westbrook,Under,12.5,-113,2025-12-15,2025-12-14T23:49:26Z,2025-12-14 15:50:05
FanDuel,player_points,Rudy Gobert,Over,12.5,-132,2025-12-15,2025-12-14T23:49:26Z,2025-12-14 15:50:05
FanDuel,player_points,Rudy Gobert,Under,12.5,104,2025-12-15,2025-12-14T23:49:26Z,2025-12-14 15:50:05
FanDuel,player_points,Naz Reid,Over,17.5,100,2025-12-15,2025-12-14T23:49:26Z,2025-12-14 15:50:05
FanDuel,player_points,Naz Reid,Under,17.5,-128,2025-12-15,2025-12-14T23:49:26Z,2025-12-14 15:50:05
FanDuel,player_points,DeMar DeRozan,Over,17.5,-118,2025-12-15,2025-12-14T23:49:26Z,2025-12-14 15:50:05
FanDuel,player_points,DeMar DeRozan,Under,17.5,-108,2025-12-15,2025-12-14T23:49:26Z,2025-12-14 15:50:05
FanDuel,player_points,Jaden McDaniels,Over,17.5,-115,2025-12-15,2025-12-14T23:49:26Z,2025-12-14 15:50:05
FanDuel,player_points,Jaden McDaniels,Under,17.5,-111,2025-12-15,2025-12-14T23:49:26Z,2025-12-14 15:50:05
FanDuel,player_points,Maxime Raynaud,Over,11.5,-113,2025-12-15,2025-12-14T23:49:26Z,2025-12-14 15:50:05
FanDuel,player_points,Maxime Raynaud,Under,11.5,-113,2025-12-15,2025-12-14T23:49:26Z,2025-12-14 15:50:05
FanDuel,player_points,Malik Monk,Over,11.5,-106,2025-12-15,2025-12-14T23:49:26Z,2025-12-14 15:50:05
FanDuel,player_points,Malik Monk,Under,11.5,-120,2025-12-15,2025-12-14T23:49:26Z,2025-12-14 15:50:05
FanDuel,player_points,Julius Randle,Over,25.5,-106,2025-12-15,2025-12-14T23:49:26Z,2025-12-14 15:50:05
FanDuel,player_points,Julius Randle,Under,25.5,-120,2025-12-15,2025-12-14T23:49:26Z,2025-12-14 15:50:05
FanDuel,player_points,Donte DiVincenzo,Over,15.5,100,2025-12-15,2025-12-14T23:49:26Z,2025-12-14 15:50:05
FanDuel,player_points,Donte DiVincenzo,Under,15.5,-128,2025-12-15,2025-12-14T23:49:26Z,2025-12-14 15:50:05
FanDuel,player_points,Zach LaVine,Over,19.5,-108,2025-12-15,2025-12-14T23:49:26Z,2025-12-14 15:50:05
FanDuel,player_points,Zach LaVine,Under,19.5,-118,2025-12-15,2025-12-14T23:49:26Z,2025-12-14 15:50:05
FanDuel,player_points,LeBron James,Over,20.5,104,2025-12-15,2025-12-14T23:49:53Z,2025-12-14 15:50:05
FanDuel,player_points,LeBron James,Under,20.5,-132,2025-12-15,2025-12-14T23:49:53Z,2025-12-14 15:50:05
FanDuel,player_points,Deandre Ayton,Over,14.5,-113,2025-12-15,2025-12-14T23:49:53Z,2025-12-14 15:50:05
FanDuel,player_points,Deandre Ayton,Under,14.5,-113,2025-12-15,2025-12-14T23:49:53Z,2025-12-14 15:50:05
FanDuel,player_points,Rui Hachimura,Over,12.5,102,2025-12-15,2025-12-14T23:49:53Z,2025-12-14 15:50:05
FanDuel,player_points,Rui Hachimura,Under,12.5,-130,2025-12-15,2025-12-14T23:49:53Z,2025-12-14 15:50:05
FanDuel,player_points,Devin Booker,Over,21.5,-111,2025-12-15,2025-12-14T23:49:53Z,2025-12-14 15:50:05
FanDuel,player_points,Devin Booker,Under,21.5,-115,2025-12-15,2025-12-14T23:49:53Z,2025-12-14 15:50:05
FanDuel,player_points,Jake LaRavia,Over,6.5,-125,2025-12-15,2025-12-14T23:49:53Z,2025-12-14 15:50:05
FanDuel,player_points,Jake LaRavia,Under,6.5,-102,2025-12-15,2025-12-14T23:49:53Z,2025-12-14 15:50:05
FanDuel,player_points,Collin Gillespie,Over,12.5,-111,2025-12-15,2025-12-14T23:49:53Z,2025-12-14 15:50:05
FanDuel,player_points,Collin Gillespie,Under,12.5,-115,2025-12-15,2025-12-14T23:49:53Z,2025-12-14 15:50:05
FanDuel,player_points,Dillon Brooks,Over,18.5,-115,2025-12-15,2025-12-14T23:49:53Z,2025-12-14 15:50:05
FanDuel,player_points,Dillon Brooks,Under,18.5,-111,2025-12-15,2025-12-14T23:49:53Z,2025-12-14 15:50:05
FanDuel,player_points,Luka Doncic,Over,34.5,-115,2025-12-15,2025-12-14T23:49:53Z,2025-12-14 15:50:05
FanDuel,player_points,Luka Doncic,Under,34.5,-111,2025-12-15,2025-12-14T23:49:53Z,2025-12-14 15:50:05
FanDuel,player_points,Mark Williams,Over,11.5,-113,2025-12-15,2025-12-14T23:49:53Z,2025-12-14 15:50:05
FanDuel,player_points,Mark Williams,Under,11.5,-113,2025-12-15,2025-12-14T23:49:53Z,2025-12-14 15:50:05
FanDuel,player_points,Marcus Smart,Over,10.5,106,2025-12-15,2025-12-14T23:49:53Z,2025-12-14 15:50:05
FanDuel,player_points,Marcus Smart,Under,10.5,-136,2025-12-15,2025-12-14T23:49:53Z,2025-12-14 15:50:05
FanDuel,player_points,Royce O'Neale,Over,9.5,100,2025-12-15,2025-12-14T23:49:53Z,2025-12-14 15:50:05
FanDuel,player_points,Royce O'Neale,Under,9.5,-128,2025-12-15,2025-12-14T23:49:53Z,2025-12-14 15:50:05
FanDuel,player_points,Grayson Allen,Over,16.5,100,2025-12-15,2025-12-14T23:49:53Z,2025-12-14 15:50:05
FanDuel,player_points,Grayson Allen,Under,16.5,-128,2025-12-15,2025-12-14T23:49:53Z,2025-12-14 15:50:05
FanDuel,player_points,Kris Murray,Over,5.5,-104,2025-12-15,2025-12-14T23:49:50Z,2025-12-14 15:50:05
FanDuel,player_points,Kris Murray,Under,5.5,-122,2025-12-15,2025-12-14T23:49:50Z,2025-12-14 15:50:05
FanDuel,player_points,Jerami Grant,Over,19.5,-125,2025-12-15,2025-12-14T23:49:50Z,2025-12-14 15:50:05
FanDuel,player_points,Jerami Grant,Under,19.5,-102,2025-12-15,2025-12-14T23:49:50Z,2025-12-14 15:50:05
FanDuel,player_points,Deni Avdija,Over,23.5,-108,2025-12-15,2025-12-14T23:49:50Z,2025-12-14 15:50:05
FanDuel,player_points,Deni Avdija,Under,23.5,-118,2025-12-15,2025-12-14T23:49:50Z,2025-12-14 15:50:05
FanDuel,player_points,Moses Moody,Over,8.5,-102,2025-12-15,2025-12-14T23:49:50Z,2025-12-14 15:50:05
FanDuel,player_points,Moses Moody,Under,8.5,-125,2025-12-15,2025-12-14T23:49:50Z,2025-12-14 15:50:05
FanDuel,player_points,Toumani Camara,Over,12.5,-113,2025-12-15,2025-12-14T23:49:50Z,2025-12-14 15:50:05
FanDuel,player_points,Toumani Camara,Under,12.5,-113,2025-12-15,2025-12-14T23:49:50Z,2025-12-14 15:50:05
FanDuel,player_points,Brandin Podziemski,Over,9.5,102,2025-12-15,2025-12-14T23:49:50Z,2025-12-14 15:50:05
FanDuel,player_points,Brandin Podziemski,Under,9.5,-130,2025-12-15,2025-12-14T23:49:50Z,2025-12-14 15:50:05
FanDuel,player_points,Stephen Curry,Over,27.5,-122,2025-12-15,2025-12-14T23:49:50Z,2025-12-14 15:50:05
FanDuel,player_points,Stephen Curry,Under,27.5,-104,2025-12-15,2025-12-14T23:49:50Z,2025-12-14 15:50:05
FanDuel,player_points,Buddy Hield,Over,8.5,-108,2025-12-15,2025-12-14T23:49:50Z,2025-12-14 15:50:05
FanDuel,player_points,Buddy Hield,Under,8.5,-118,2025-12-15,2025-12-14T23:49:50Z,2025-12-14 15:50:05
FanDuel,player_points,Draymond Green,Over,9.5,-102,2025-12-15,2025-12-14T23:49:50Z,2025-12-14 15:50:05
FanDuel,player_points,Draymond Green,Under,9.5,-125,2025-12-15,2025-12-14T23:49:50Z,2025-12-14 15:50:05
FanDuel,player_points,Shaedon Sharpe,Over,22.5,-120,2025-12-15,2025-12-14T23:49:50Z,2025-12-14 15:50:05
FanDuel,player_points,Shaedon Sharpe,Under,22.5,-106,2025-12-15,2025-12-14T23:49:50Z,2025-12-14 15:50:05
FanDuel,player_points,Jimmy Butler,Over,19.5,-111,2025-12-15,2025-12-14T23:49:50Z,2025-12-14 15:50:05
FanDuel,player_points,Jimmy Butler,Under,19.5,-115,2025-12-15,2025-12-14T23:49:50Z,2025-12-14 15:50:05
FanDuel,player_points,Donovan Clingan,Over,8.5,-128,2025-12-15,2025-12-14T23:49:50Z,2025-12-14 15:50:05
FanDuel,player_points,Donovan Clingan,Under,8.5,100,2025-12-15,2025-12-14T23:49:50Z,2025-12-14 15:50:05
FanDuel,player_points,Quinten Post,Over,8.5,-132,2025-12-15,2025-12-14T23:49:50Z,2025-12-14 15:50:05
FanDuel,player_points,Quinten Post,Under,8.5,104,2025-12-15,2025-12-14T23:49:50Z,2025-12-14 15:50:05
FanDuel,player_points,Mikal Bridges,Over,14.5,100,2025-12-17,2025-12-14T23:50:52Z,2025-12-14 15:50:05
FanDuel,player_points,Mikal Bridges,Under,14.5,-132,2025-12-17,2025-12-14T23:50:52Z,2025-12-14 15:50:05
FanDuel,player_points,OG Anunoby,Over,15.5,-114,2025-12-17,2025-12-14T23:50:52Z,2025-12-14 15:50:05
FanDuel,player_points,OG Anunoby,Under,15.5,-114,2025-12-17,2025-12-14T23:50:52Z,2025-12-14 15:50:05
FanDuel,player_points,Dylan Harper,Over,10.5,-112,2025-12-17,2025-12-14T23:50:52Z,2025-12-14 15:50:05
FanDuel,player_points,Dylan Harper,Under,10.5,-118,2025-12-17,2025-12-14T23:50:52Z,2025-12-14 15:50:05
FanDuel,player_points,De'Aaron Fox,Over,20.5,-130,2025-12-17,2025-12-14T23:50:52Z,2025-12-14 15:50:05
FanDuel,player_points,De'Aaron Fox,Under,20.5,-102,2025-12-17,2025-12-14T23:50:52Z,2025-12-14 15:50:05
FanDuel,player_points,Stephon Castle,Over,17.5,-102,2025-12-17,2025-12-14T23:50:52Z,2025-12-14 15:50:05
FanDuel,player_points,Stephon Castle,Under,17.5,-130,2025-12-17,2025-12-14T23:50:52Z,2025-12-14 15:50:05
FanDuel,player_points,Josh Hart,Over,13.5,-130,2025-12-17,2025-12-14T23:50:52Z,2025-12-14 15:50:05
FanDuel,player_points,Josh Hart,Under,13.5,-102,2025-12-17,2025-12-14T23:50:52Z,2025-12-14 15:50:05
FanDuel,player_points,Harrison Barnes,Over,10.5,-102,2025-12-17,2025-12-14T23:50:52Z,2025-12-14 15:50:05
FanDuel,player_points,Harrison Barnes,Under,10.5,-130,2025-12-17,2025-12-14T23:50:52Z,2025-12-14 15:50:05
FanDuel,player_points,Karl-Anthony Towns,Over,20.5,-128,2025-12-17,2025-12-14T23:50:52Z,2025-12-14 15:50:05
FanDuel,player_points,Karl-Anthony Towns,Under,20.5,-104,2025-12-17,2025-12-14T23:50:52Z,2025-12-14 15:50:05
FanDuel,player_points,Jalen Brunson,Over,29.5,-120,2025-12-17,2025-12-14T23:50:52Z,2025-12-14 15:50:05
FanDuel,player_points,Jalen Brunson,Under,29.5,-110,2025-12-17,2025-12-14T23:50:52Z,2025-12-14 15:50:05
FanDuel,player_points,Mitchell Robinson,Over,3.5,-112,2025-12-17,2025-12-14T23:50:52Z,2025-12-14 15:50:05
FanDuel,player_points,Mitchell Robinson,Under,3.5,-118,2025-12-17,2025-12-14T23:50:52Z,2025-12-14 15:50:05
FanDuel,player_points,Victor Wembanyama,Over,22.5,-114,2025-12-17,2025-12-14T23:50:52Z,2025-12-14 15:50:05
FanDuel,player_points,Victor Wembanyama,Under,22.5,-114,2025-12-17,2025-12-14T23:50:52Z,2025-12-14 15:50:05
FanDuel,player_points,Julian Champagnie,Over,7.5,100,2025-12-17,2025-12-14T23:50:52Z,2025-12-14 15:50:05
FanDuel,player_points,Julian Champagnie,Under,7.5,-132,2025-12-17,2025-12-14T23:50:52Z,2025-12-14 15:50:05
FanDuel,player_points,Jordan Clarkson,Over,7.5,100,2025-12-17,2025-12-14T23:50:52Z,2025-12-14 15:50:05
FanDuel,player_points,Jordan Clarkson,Under,7.5,-132,2025-12-17,2025-12-14T23:50:52Z,2025-12-14 15:50:05
FanDuel,player_points,Devin Vassell,Over,13.5,-108,2025-12-17,2025-12-14T23:50:52Z,2025-12-14 15:50:05
FanDuel,player_points,Devin Vassell,Under,13.5,-122,2025-12-17,2025-12-14T23:50:52Z,2025-12-14 15:50:05
DraftKings,player_points,Joel Embiid,Over,24.5,-120,2025-12-14,2025-12-14T23:49:05Z,2025-12-14 15:50:05
DraftKings,player_points,Joel Embiid,Under,24.5,-110,2025-12-14,2025-12-14T23:49:05Z,2025-12-14 15:50:05
DraftKings,player_points,Jalen Johnson,Over,23.5,-105,2025-12-14,2025-12-14T23:49:05Z,2025-12-14 15:50:05
DraftKings,player_points,Jalen Johnson,Under,23.5,-125,2025-12-14,2025-12-14T23:49:05Z,2025-12-14 15:50:05
DraftKings,player_points,Nickeil Alexander-Walker,Over,19.5,-115,2025-12-14,2025-12-14T23:49:05Z,2025-12-14 15:50:05
DraftKings,player_points,Nickeil Alexander-Walker,Under,19.5,-115,2025-12-14,2025-12-14T23:49:05Z,2025-12-14 15:50:05
DraftKings,player_points,Quentin Grimes,Over,17.5,100,2025-12-14,2025-12-14T23:49:05Z,2025-12-14 15:50:05
DraftKings,player_points,Quentin Grimes,Under,17.5,-130,2025-12-14,2025-12-14T23:49:05Z,2025-12-14 15:50:05
DraftKings,player_points,Vit Krejci,Over,16.5,-110,2025-12-14,2025-12-14T23:49:05Z,2025-12-14 15:50:05
DraftKings,player_points,Vit Krejci,Under,16.5,-120,2025-12-14,2025-12-14T23:49:05Z,2025-12-14 15:50:05
DraftKings,player_points,Dyson Daniels,Over,14.5,-120,2025-12-14,2025-12-14T23:49:05Z,2025-12-14 15:50:05
DraftKings,player_points,Dyson Daniels,Under,14.5,-110,2025-12-14,2025-12-14T23:49:05Z,2025-12-14 15:50:05
DraftKings,player_points,Onyeka Okongwu,Over,13.5,-125,2025-12-14,2025-12-14T23:49:05Z,2025-12-14 15:50:05
DraftKings,player_points,Onyeka Okongwu,Under,13.5,-105,2025-12-14,2025-12-14T23:49:05Z,2025-12-14 15:50:05
DraftKings,player_points,Zaccharie Risacher,Over,10.5,-105,2025-12-14,2025-12-14T23:49:05Z,2025-12-14 15:50:05
DraftKings,player_points,Zaccharie Risacher,Under,10.5,-125,2025-12-14,2025-12-14T23:49:05Z,2025-12-14 15:50:05
DraftKings,player_points,Luke Kennard,Over,8.5,105,2025-12-14,2025-12-14T23:49:05Z,2025-12-14 15:50:05
DraftKings,player_points,Luke Kennard,Under,8.5,-135,2025-12-14,2025-12-14T23:49:05Z,2025-12-14 15:50:05
DraftKings,player_points,Jared McCain,Over,4.5,-140,2025-12-14,2025-12-14T23:49:05Z,2025-12-14 15:50:05
DraftKings,player_points,Jared McCain,Under,4.5,110,2025-12-14,2025-12-14T23:49:05Z,2025-12-14 15:50:05
DraftKings,player_points,Michael Porter Jr,Over,21.5,-110,2025-12-14,2025-12-14T23:49:22Z,2025-12-14 15:50:05
DraftKings,player_points,Michael Porter Jr,Under,21.5,-120,2025-12-14,2025-12-14T23:49:22Z,2025-12-14 15:50:05
DraftKings,player_points,Kyle Kuzma,Over,19.5,-105,2025-12-14,2025-12-14T23:49:22Z,2025-12-14 15:50:05
DraftKings,player_points,Kyle Kuzma,Under,19.5,-125,2025-12-14,2025-12-14T23:49:22Z,2025-12-14 15:50:05
DraftKings,player_points,Kevin Porter Jr.,Over,18.5,-105,2025-12-14,2025-12-14T23:49:22Z,2025-12-14 15:50:05
DraftKings,player_points,Kevin Porter Jr.,Under,18.5,-125,2025-12-14,2025-12-14T23:49:22Z,2025-12-14 15:50:05
DraftKings,player_points,Nicolas Claxton,Over,15.5,-140,2025-12-14,2025-12-14T23:49:22Z,2025-12-14 15:50:05
DraftKings,player_points,Nicolas Claxton,Under,15.5,110,2025-12-14,2025-12-14T23:49:22Z,2025-12-14 15:50:05
DraftKings,player_points,Egor Demin,Over,13.5,-135,2025-12-14,2025-12-14T23:49:22Z,2025-12-14 15:50:05
DraftKings,player_points,Egor Demin,Under,13.5,105,2025-12-14,2025-12-14T23:49:22Z,2025-12-14 15:50:05
DraftKings,player_points,Bobby Portis,Over,13.5,100,2025-12-14,2025-12-14T23:49:22Z,2025-12-14 15:50:05
DraftKings,player_points,Bobby Portis,Under,13.5,-130,2025-12-14,2025-12-14T23:49:22Z,2025-12-14 15:50:05
DraftKings,player_points,Day'Ron Sharpe,Over,11.5,-130,2025-12-14,2025-12-14T23:49:22Z,2025-12-14 15:50:05
DraftKings,player_points,Day'Ron Sharpe,Under,11.5,100,2025-12-14,2025-12-14T23:49:22Z,2025-12-14 15:50:05
DraftKings,player_points,Myles Turner,Over,11.5,-115,2025-12-14,2025-12-14T23:49:22Z,2025-12-14 15:50:05
DraftKings,player_points,Myles Turner,Under,11.5,-115,2025-12-14,2025-12-14T23:49:22Z,2025-12-14 15:50:05
DraftKings,player_points,Danny Wolf,Over,10.5,100,2025-12-14,2025-12-14T23:49:22Z,2025-12-14 15:50:05
DraftKings,player_points,Danny Wolf,Under,10.5,-130,2025-12-14,2025-12-14T23:49:22Z,2025-12-14 15:50:05
DraftKings,player_points,Ziaire Williams,Over,9.5,-115,2025-12-14,2025-12-14T23:49:22Z,2025-12-14 15:50:05
DraftKings,player_points,Ziaire Williams,Under,9.5,-115,2025-12-14,2025-12-14T23:49:22Z,2025-12-14 15:50:05
DraftKings,player_points,Noah Clowney,Over,8.5,-120,2025-12-14,2025-12-14T23:49:22Z,2025-12-14 15:50:05
DraftKings,player_points,Noah Clowney,Under,8.5,-110,2025-12-14,2025-12-14T23:49:22Z,2025-12-14 15:50:05
DraftKings,player_points,Terance Mann,Over,7.5,-125,2025-12-14,2025-12-14T23:49:22Z,2025-12-14 15:50:05
DraftKings,player_points,Terance Mann,Under,7.5,-105,2025-12-14,2025-12-14T23:49:22Z,2025-12-14 15:50:05
DraftKings,player_points,Gary Trent Jr,Over,6.5,-105,2025-12-14,2025-12-14T23:49:22Z,2025-12-14 15:50:05
DraftKings,player_points,Gary Trent Jr,Under,6.5,-125,2025-12-14,2025-12-14T23:49:22Z,2025-12-14 15:50:05
DraftKings,player_points,Coby White,Over,22.5,-108,2025-12-15,2025-12-14T23:49:22Z,2025-12-14 15:50:05
DraftKings,player_points,Coby White,Under,22.5,-118,2025-12-15,2025-12-14T23:49:22Z,2025-12-14 15:50:05
DraftKings,player_points,Josh Giddey,Over,20.5,-115,2025-12-15,2025-12-14T23:49:22Z,2025-12-14 15:50:05
DraftKings,player_points,Josh Giddey,Under,20.5,-111,2025-12-15,2025-12-14T23:49:22Z,2025-12-14 15:50:05
DraftKings,player_points,Trey Murphy III,Over,19.5,-121,2025-12-15,2025-12-14T23:49:22Z,2025-12-14 15:50:05
DraftKings,player_points,Trey Murphy III,Under,19.5,-106,2025-12-15,2025-12-14T23:49:22Z,2025-12-14 15:50:05
DraftKings,player_points,Zion Williamson,Over,17.5,-116,2025-12-15,2025-12-14T23:49:22Z,2025-12-14 15:50:05
DraftKings,player_points,Zion Williamson,Under,17.5,-109,2025-12-15,2025-12-14T23:49:22Z,2025-12-14 15:50:05
DraftKings,player_points,Jordan Poole,Over,15.5,-112,2025-12-15,2025-12-14T23:49:22Z,2025-12-14 15:50:05
DraftKings,player_points,Jordan Poole,Under,15.5,-114,2025-12-15,2025-12-14T23:49:22Z,2025-12-14 15:50:05
DraftKings,player_points,Nikola Vucevic,Over,15.5,100,2025-12-15,2025-12-14T23:49:22Z,2025-12-14 15:50:05
DraftKings,player_points,Nikola Vucevic,Under,15.5,-128,2025-12-15,2025-12-14T23:49:22Z,2025-12-14 15:50:05
DraftKings,player_points,Derik Queen,Over,14.5,-123,2025-12-15,2025-12-14T23:49:22Z,2025-12-14 15:50:05
DraftKings,player_points,Derik Queen,Under,14.5,-103,2025-12-15,2025-12-14T23:49:22Z,2025-12-14 15:50:05
DraftKings,player_points,Jeremiah Fears,Over,14.5,-108,2025-12-15,2025-12-14T23:49:22Z,2025-12-14 15:50:05
DraftKings,player_points,Jeremiah Fears,Under,14.5,-118,2025-12-15,2025-12-14T23:49:22Z,2025-12-14 15:50:05
DraftKings,player_points,Matas Buzelis,Over,13.5,-116,2025-12-15,2025-12-14T23:49:22Z,2025-12-14 15:50:05
DraftKings,player_points,Matas Buzelis,Under,13.5,-110,2025-12-15,2025-12-14T23:49:22Z,2025-12-14 15:50:05
DraftKings,player_points,Saddiq Bey,Over,12.5,-109,2025-12-15,2025-12-14T23:49:22Z,2025-12-14 15:50:05
DraftKings,player_points,Saddiq Bey,Under,12.5,-117,2025-12-15,2025-12-14T23:49:22Z,2025-12-14 15:50:05
DraftKings,player_points,Tre Jones,Over,10.5,-121,2025-12-15,2025-12-14T23:49:22Z,2025-12-14 15:50:05
DraftKings,player_points,Tre Jones,Under,10.5,-105,2025-12-15,2025-12-14T23:49:22Z,2025-12-14 15:50:05
DraftKings,player_points,Kevin Huerter,Over,9.5,-105,2025-12-15,2025-12-14T23:49:22Z,2025-12-14 15:50:05
DraftKings,player_points,Kevin Huerter,Under,9.5,-122,2025-12-15,2025-12-14T23:49:22Z,2025-12-14 15:50:05
DraftKings,player_points,Herb Jones,Over,8.5,-129,2025-12-15,2025-12-14T23:49:22Z,2025-12-14 15:50:05
DraftKings,player_points,Herb Jones,Under,8.5,101,2025-12-15,2025-12-14T23:49:22Z,2025-12-14 15:50:05
DraftKings,player_points,Jalen Smith,Over,7.5,-128,2025-12-15,2025-12-14T23:49:22Z,2025-12-14 15:50:05
DraftKings,player_points,Jalen Smith,Under,7.5,100,2025-12-15,2025-12-14T23:49:22Z,2025-12-14 15:50:05
DraftKings,player_points,Patrick Williams,Over,7.5,-114,2025-12-15,2025-12-14T23:49:22Z,2025-12-14 15:50:05
DraftKings,player_points,Patrick Williams,Under,7.5,-112,2025-12-15,2025-12-14T23:49:22Z,2025-12-14 15:50:05
DraftKings,player_points,Isaac Okoro,Over,6.5,-120,2025-12-15,2025-12-14T23:49:22Z,2025-12-14 15:50:05
DraftKings,player_points,Isaac Okoro,Under,6.5,-106,2025-12-15,2025-12-14T23:49:22Z,2025-12-14 15:50:05
DraftKings,player_points,Julius Randle,Over,25.5,-107,2025-12-15,2025-12-14T23:49:26Z,2025-12-14 15:50:05
DraftKings,player_points,Julius Randle,Under,25.5,-119,2025-12-15,2025-12-14T23:49:26Z,2025-12-14 15:50:05
DraftKings,player_points,Zach LaVine,Over,19.5,-121,2025-12-15,2025-12-14T23:49:26Z,2025-12-14 15:50:05
DraftKings,player_points,Zach LaVine,Under,19.5,-105,2025-12-15,2025-12-14T23:49:26Z,2025-12-14 15:50:05
DraftKings,player_points,DeMar DeRozan,Over,18.5,-109,2025-12-15,2025-12-14T23:49:26Z,2025-12-14 15:50:05
DraftKings,player_points,DeMar DeRozan,Under,18.5,-117,2025-12-15,2025-12-14T23:49:26Z,2025-12-14 15:50:05
DraftKings,player_points,Jaden McDaniels,Over,17.5,-116,2025-12-15,2025-12-14T23:49:26Z,2025-12-14 15:50:05
DraftKings,player_points,Jaden McDaniels,Under,17.5,-110,2025-12-15,2025-12-14T23:49:26Z,2025-12-14 15:50:05
DraftKings,player_points,Naz Reid,Over,17.5,-110,2025-12-15,2025-12-14T23:49:26Z,2025-12-14 15:50:05
DraftKings,player_points,Naz Reid,Under,17.5,-116,2025-12-15,2025-12-14T23:49:26Z,2025-12-14 15:50:05
DraftKings,player_points,Donte DiVincenzo,Over,15.5,-106,2025-12-15,2025-12-14T23:49:26Z,2025-12-14 15:50:05
DraftKings,player_points,Donte DiVincenzo,Under,15.5,-120,2025-12-15,2025-12-14T23:49:26Z,2025-12-14 15:50:05
DraftKings,player_points,Keegan Murray,Over,13.5,-123,2025-12-15,2025-12-14T23:49:26Z,2025-12-14 15:50:05
DraftKings,player_points,Keegan Murray,Under,13.5,-103,2025-12-15,2025-12-14T23:49:26Z,2025-12-14 15:50:05
DraftKings,player_points,Rudy Gobert,Over,13.5,-112,2025-12-15,2025-12-14T23:49:26Z,2025-12-14 15:50:05
DraftKings,player_points,Rudy Gobert,Under,13.5,-113,2025-12-15,2025-12-14T23:49:26Z,2025-12-14 15:50:05
DraftKings,player_points,Russell Westbrook,Over,12.5,-118,2025-12-15,2025-12-14T23:49:26Z,2025-12-14 15:50:05
DraftKings,player_points,Russell Westbrook,Under,12.5,-108,2025-12-15,2025-12-14T23:49:26Z,2025-12-14 15:50:05
DraftKings,player_points,Maxime Raynaud,Over,11.5,-118,2025-12-15,2025-12-14T23:49:26Z,2025-12-14 15:50:05
DraftKings,player_points,Maxime Raynaud,Under,11.5,-108,2025-12-15,2025-12-14T23:49:26Z,2025-12-14 15:50:05
DraftKings,player_points,Malik Monk,Over,11.5,-116,2025-12-15,2025-12-14T23:49:26Z,2025-12-14 15:50:05
DraftKings,player_points,Malik Monk,Under,11.5,-110,2025-12-15,2025-12-14T23:49:26Z,2025-12-14 15:50:05
DraftKings,player_points,Dennis Schroder,Over,9.5,-118,2025-12-15,2025-12-14T23:49:26Z,2025-12-14 15:50:05
DraftKings,player_points,Dennis Schroder,Under,9.5,-108,2025-12-15,2025-12-14T23:49:26Z,2025-12-14 15:50:05
DraftKings,player_points,Luka Doncic,Over,34.5,-112,2025-12-15,2025-12-14T23:49:46Z,2025-12-14 15:50:05
DraftKings,player_points,Luka Doncic,Under,34.5,-113,2025-12-15,2025-12-14T23:49:46Z,2025-12-14 15:50:05
DraftKings,player_points,Devin Booker,Over,21.5,-120,2025-12-15,2025-12-14T23:49:46Z,2025-12-14 15:50:05
DraftKings,player_points,Devin Booker,Under,21.5,-106,2025-12-15,2025-12-14T23:49:46Z,2025-12-14 15:50:05
DraftKings,player_points,LeBron James,Over,19.5,-124,2025-12-15,2025-12-14T23:49:46Z,2025-12-14 15:50:05
DraftKings,player_points,LeBron James,Under,19.5,-103,2025-12-15,2025-12-14T23:49:46Z,2025-12-14 15:50:05
DraftKings,player_points,Dillon Brooks,Over,18.5,-106,2025-12-15,2025-12-14T23:49:46Z,2025-12-14 15:50:05
DraftKings,player_points,Dillon Brooks,Under,18.5,-121,2025-12-15,2025-12-14T23:49:46Z,2025-12-14 15:50:05
DraftKings,player_points,Grayson Allen,Over,15.5,-124,2025-12-15,2025-12-14T23:49:46Z,2025-12-14 15:50:05
DraftKings,player_points,Grayson Allen,Under,15.5,-102,2025-12-15,2025-12-14T23:49:46Z,2025-12-14 15:50:05
DraftKings,player_points,Deandre Ayton,Over,14.5,-101,2025-12-15,2025-12-14T23:49:46Z,2025-12-14 15:50:05
DraftKings,player_points,Deandre Ayton,Under,14.5,-126,2025-12-15,2025-12-14T23:49:46Z,2025-12-14 15:50:05
DraftKings,player_points,Collin Gillespie,Over,12.5,-113,2025-12-15,2025-12-14T23:49:46Z,2025-12-14 15:50:05
DraftKings,player_points,Collin Gillespie,Under,12.5,-113,2025-12-15,2025-12-14T23:49:46Z,2025-12-14 15:50:05
DraftKings,player_points,Rui Hachimura,Over,11.5,-129,2025-12-15,2025-12-14T23:49:46Z,2025-12-14 15:50:05
DraftKings,player_points,Rui Hachimura,Under,11.5,101,2025-12-15,2025-12-14T23:49:46Z,2025-12-14 15:50:05
DraftKings,player_points,Mark Williams,Over,11.5,-112,2025-12-15,2025-12-14T23:49:46Z,2025-12-14 15:50:05
DraftKings,player_points,Mark Williams,Under,11.5,-114,2025-12-15,2025-12-14T23:49:46Z,2025-12-14 15:50:05
DraftKings,player_points,Marcus Smart,Over,9.5,-112,2025-12-15,2025-12-14T23:49:46Z,2025-12-14 15:50:05
DraftKings,player_points,Marcus Smart,Under,9.5,-114,2025-12-15,2025-12-14T23:49:46Z,2025-12-14 15:50:05
DraftKings,player_points,Royce O'Neale,Over,9.5,101,2025-12-15,2025-12-14T23:49:46Z,2025-12-14 15:50:05
DraftKings,player_points,Royce O'Neale,Under,9.5,-128,2025-12-15,2025-12-14T23:49:46Z,2025-12-14 15:50:05
DraftKings,player_points,Jake LaRavia,Over,6.5,-121,2025-12-15,2025-12-14T23:49:46Z,2025-12-14 15:50:05
DraftKings,player_points,Jake LaRavia,Under,6.5,-105,2025-12-15,2025-12-14T23:49:46Z,2025-12-14 15:50:05
DraftKings,player_points,Stephen Curry,Over,28.5,-105,2025-12-15,2025-12-14T23:49:53Z,2025-12-14 15:50:05
DraftKings,player_points,Stephen Curry,Under,28.5,-122,2025-12-15,2025-12-14T23:49:53Z,2025-12-14 15:50:05
DraftKings,player_points,Deni Avdija,Over,23.5,-114,2025-12-15,2025-12-14T23:49:53Z,2025-12-14 15:50:05
DraftKings,player_points,Deni Avdija,Under,23.5,-111,2025-12-15,2025-12-14T23:49:53Z,2025-12-14 15:50:05
DraftKings,player_points,Shaedon Sharpe,Over,22.5,-103,2025-12-15,2025-12-14T23:49:53Z,2025-12-14 15:50:05
DraftKings,player_points,Shaedon Sharpe,Under,22.5,-124,2025-12-15,2025-12-14T23:49:53Z,2025-12-14 15:50:05
DraftKings,player_points,Jimmy Butler,Over,19.5,-112,2025-12-15,2025-12-14T23:49:53Z,2025-12-14 15:50:05
DraftKings,player_points,Jimmy Butler,Under,19.5,-114,2025-12-15,2025-12-14T23:49:53Z,2025-12-14 15:50:05
DraftKings,player_points,Jerami Grant,Over,19.5,-108,2025-12-15,2025-12-14T23:49:53Z,2025-12-14 15:50:05
DraftKings,player_points,Jerami Grant,Under,19.5,-117,2025-12-15,2025-12-14T23:49:53Z,2025-12-14 15:50:05
DraftKings,player_points,Toumani Camara,Over,12.5,-113,2025-12-15,2025-12-14T23:49:53Z,2025-12-14 15:50:05
DraftKings,player_points,Toumani Camara,Under,12.5,-113,2025-12-15,2025-12-14T23:49:53Z,2025-12-14 15:50:05
DraftKings,player_points,Donovan Clingan,Over,9.5,-110,2025-12-15,2025-12-14T23:49:53Z,2025-12-14 15:50:05
DraftKings,player_points,Donovan Clingan,Under,9.5,-116,2025-12-15,2025-12-14T23:49:53Z,2025-12-14 15:50:05
DraftKings,player_points,Quinten Post,Over,9.5,102,2025-12-15,2025-12-14T23:49:53Z,2025-12-14 15:50:05
DraftKings,player_points,Quinten Post,Under,9.5,-131,2025-12-15,2025-12-14T23:49:53Z,2025-12-14 15:50:05
DraftKings,player_points,Draymond Green,Over,8.5,-130,2025-12-15,2025-12-14T23:49:53Z,2025-12-14 15:50:05
DraftKings,player_points,Draymond Green,Under,8.5,102,2025-12-15,2025-12-14T23:49:53Z,2025-12-14 15:50:05
DraftKings,player_points,Brandin Podziemski,Over,8.5,-127,2025-12-15,2025-12-14T23:49:53Z,2025-12-14 15:50:05
DraftKings,player_points,Brandin Podziemski,Under,8.5,-101,2025-12-15,2025-12-14T23:49:53Z,2025-12-14 15:50:05
DraftKings,player_points,Moses Moody,Over,8.5,-110,2025-12-15,2025-12-14T23:49:53Z,2025-12-14 15:50:05
DraftKings,player_points,Moses Moody,Under,8.5,-115,2025-12-15,2025-12-14T23:49:53Z,2025-12-14 15:50:05
DraftKings,player_points,Buddy Hield,Over,8.5,-104,2025-12-15,2025-12-14T23:49:53Z,2025-12-14 15:50:05
DraftKings,player_points,Buddy Hield,Under,8.5,-123,2025-12-15,2025-12-14T23:49:53Z,2025-12-14 15:50:05
DraftKings,player_points,Kris Murray,Over,5.5,-102,2025-12-15,2025-12-14T23:49:53Z,2025-12-14 15:50:05
DraftKings,player_points,Kris Murray,Under,5.5,-125,2025-12-15,2025-12-14T23:49:53Z,2025-12-14 15:50:05
DraftKings,player_points,Jalen Brunson,Over,30.5,-115,2025-12-17,2025-12-14T23:50:47Z,2025-12-14 15:50:05
DraftKings,player_points,Jalen Brunson,Under,30.5,-111,2025-12-17,2025-12-14T23:50:47Z,2025-12-14 15:50:05
DraftKings,player_points,Victor Wembanyama,Over,21.5,-106,2025-12-17,2025-12-14T23:50:47Z,2025-12-14 15:50:05
DraftKings,player_points,Victor Wembanyama,Under,21.5,-120,2025-12-17,2025-12-14T23:50:47Z,2025-12-14 15:50:05
DraftKings,player_points,Karl-Anthony Towns,Over,20.5,-119,2025-12-17,2025-12-14T23:50:47Z,2025-12-14 15:50:05
DraftKings,player_points,Karl-Anthony Towns,Under,20.5,-107,2025-12-17,2025-12-14T23:50:47Z,2025-12-14 15:50:05
DraftKings,player_points,De'Aaron Fox,Over,20.5,-118,2025-12-17,2025-12-14T23:50:47Z,2025-12-14 15:50:05
DraftKings,player_points,De'Aaron Fox,Under,20.5,-108,2025-12-17,2025-12-14T23:50:47Z,2025-12-14 15:50:05
DraftKings,player_points,Stephon Castle,Over,17.5,-103,2025-12-17,2025-12-14T23:50:47Z,2025-12-14 15:50:05
DraftKings,player_points,Stephon Castle,Under,17.5,-123,2025-12-17,2025-12-14T23:50:47Z,2025-12-14 15:50:05
DraftKings,player_points,OG Anunoby,Over,15.5,-122,2025-12-17,2025-12-14T23:50:47Z,2025-12-14 15:50:05
DraftKings,player_points,OG Anunoby,Under,15.5,-105,2025-12-17,2025-12-14T23:50:47Z,2025-12-14 15:50:05
DraftKings,player_points,Mikal Bridges,Over,14.5,100,2025-12-17,2025-12-14T23:50:47Z,2025-12-14 15:50:05
DraftKings,player_points,Mikal Bridges,Under,14.5,-128,2025-12-17,2025-12-14T23:50:47Z,2025-12-14 15:50:05
DraftKings,player_points,Josh Hart,Over,13.5,-127,2025-12-17,2025-12-14T23:50:47Z,2025-12-14 15:50:05
DraftKings,player_points,Josh Hart,Under,13.5,100,2025-12-17,2025-12-14T23:50:47Z,2025-12-14 15:50:05
DraftKings,player_points,Devin Vassell,Over,13.5,-102,2025-12-17,2025-12-14T23:50:47Z,2025-12-14 15:50:05
DraftKings,player_points,Devin Vassell,Under,13.5,-125,2025-12-17,2025-12-14T23:50:47Z,2025-12-14 15:50:05
DraftKings,player_points,Dylan Harper,Over,10.5,-124,2025-12-17,2025-12-14T23:50:47Z,2025-12-14 15:50:05
DraftKings,player_points,Dylan Harper,Under,10.5,-103,2025-12-17,2025-12-14T23:50:47Z,2025-12-14 15:50:05
DraftKings,player_points,Harrison Barnes,Over,9.5,-124,2025-12-17,2025-12-14T23:50:47Z,2025-12-14 15:50:05
DraftKings,player_points,Harrison Barnes,Under,9.5,-103,2025-12-17,2025-12-14T23:50:47Z,2025-12-14 15:50:05
DraftKings,player_points,Julian Champagnie,Over,7.5,-105,2025-12-17,2025-12-14T23:50:47Z,2025-12-14 15:50:05
DraftKings,player_points,Julian Champagnie,Under,7.5,-122,2025-12-17,2025-12-14T23:50:47Z,2025-12-14 15:50:05
DraftKings,player_points,Jordan Clarkson,Over,7.5,102,2025-12-17,2025-12-14T23:50:47Z,2025-12-14 15:50:05
DraftKings,player_points,Jordan Clarkson,Under,7.5,-130,2025-12-17,2025-12-14T23:50:47Z,2025-12-14 15:50:05
DraftKings,player_points,Mitchell Robinson,Over,3.5,-122,2025-12-17,2025-12-14T23:50:47Z,2025-12-14 15:50:05
DraftKings,player_points,Mitchell Robinson,Under,3.5,-105,2025-12-17,2025-12-14T23:50:47Z,2025-12-14 15:50:05
Bovada,player_points,Dominick Barlow,Over,6.5,-290,2025-12-14,2025-12-14T23:49:53Z,2025-12-14 15:50:05
Bovada,player_points,Dominick Barlow,Under,6.5,210,2025-12-14,2025-12-14T23:49:53Z,2025-12-14 15:50:05
Bovada,player_points,Dominick Barlow,Over,7.5,-190,2025-12-14,2025-12-14T23:49:53Z,2025-12-14 15:50:05
Bovada,player_points,Dominick Barlow,Under,7.5,145,2025-12-14,2025-12-14T23:49:53Z,2025-12-14 15:50:05
Bovada,player_points,Dominick Barlow,Over,8.5,-135,2025-12-14,2025-12-14T23:49:53Z,2025-12-14 15:50:05
Bovada,player_points,Dominick Barlow,Under,8.5,105,2025-12-14,2025-12-14T23:49:53Z,2025-12-14 15:50:05
Bovada,player_points,Dominick Barlow,Over,9.5,100,2025-12-14,2025-12-14T23:49:53Z,2025-12-14 15:50:05
Bovada,player_points,Dominick Barlow,Under,9.5,-130,2025-12-14,2025-12-14T23:49:53Z,2025-12-14 15:50:05
Bovada,player_points,Dominick Barlow,Over,10.5,135,2025-12-14,2025-12-14T23:49:53Z,2025-12-14 15:50:05
Bovada,player_points,Dominick Barlow,Under,10.5,-180,2025-12-14,2025-12-14T23:49:53Z,2025-12-14 15:50:05
Bovada,player_points,Dominick Barlow,Over,11.5,180,2025-12-14,2025-12-14T23:49:53Z,2025-12-14 15:50:05
Bovada,player_points,Dominick Barlow,Under,11.5,-245,2025-12-14,2025-12-14T23:49:53Z,2025-12-14 15:50:05
Bovada,player_points,Dyson Daniels,Over,10.5,-250,2025-12-14,2025-12-14T23:49:53Z,2025-12-14 15:50:05
Bovada,player_points,Dyson Daniels,Under,10.5,185,2025-12-14,2025-12-14T23:49:53Z,2025-12-14 15:50:05
Bovada,player_points,Dyson Daniels,Over,11.5,-185,2025-12-14,2025-12-14T23:49:53Z,2025-12-14 15:50:05
Bovada,player_points,Dyson Daniels,Under,11.5,140,2025-12-14,2025-12-14T23:49:53Z,2025-12-14 15:50:05
Bovada,player_points,Dyson Daniels,Over,12.5,-135,2025-12-14,2025-12-14T23:49:53Z,2025-12-14 15:50:05
Bovada,player_points,Dyson Daniels,Under,12.5,105,2025-12-14,2025-12-14T23:49:53Z,2025-12-14 15:50:05
Bovada,player_points,Dyson Daniels,Over,13.5,-105,2025-12-14,2025-12-14T23:49:53Z,2025-12-14 15:50:05
Bovada,player_points,Dyson Daniels,Under,13.5,-125,2025-12-14,2025-12-14T23:49:53Z,2025-12-14 15:50:05
Bovada,player_points,Dyson Daniels,Over,14.5,125,2025-12-14,2025-12-14T23:49:53Z,2025-12-14 15:50:05
Bovada,player_points,Dyson Daniels,Under,14.5,-165,2025-12-14,2025-12-14T23:49:53Z,2025-12-14 15:50:05
Bovada,player_points,Dyson Daniels,Over,15.5,160,2025-12-14,2025-12-14T23:49:53Z,2025-12-14 15:50:05
Bovada,player_points,Dyson Daniels,Under,15.5,-215,2025-12-14,2025-12-14T23:49:53Z,2025-12-14 15:50:05
Bovada,player_points,Dyson Daniels,Over,16.5,200,2025-12-14,2025-12-14T23:49:53Z,2025-12-14 15:50:05
Bovada,player_points,Dyson Daniels,Under,16.5,-275,2025-12-14,2025-12-14T23:49:53Z,2025-12-14 15:50:05
Bovada,player_points,Jalen Johnson,Over,20.5,-290,2025-12-14,2025-12-14T23:49:53Z,2025-12-14 15:50:05
Bovada,player_points,Jalen Johnson,Under,20.5,210,2025-12-14,2025-12-14T23:49:53Z,2025-12-14 15:50:05
Bovada,player_points,Jalen Johnson,Over,21.5,-230,2025-12-14,2025-12-14T23:49:53Z,2025-12-14 15:50:05
Bovada,player_points,Jalen Johnson,Under,21.5,170,2025-12-14,2025-12-14T23:49:53Z,2025-12-14 15:50:05
Bovada,player_points,Jalen Johnson,Over,22.5,-180,2025-12-14,2025-12-14T23:49:53Z,2025-12-14 15:50:05
Bovada,player_points,Jalen Johnson,Under,22.5,135,2025-12-14,2025-12-14T23:49:53Z,2025-12-14 15:50:05
Bovada,player_points,Jalen Johnson,Over,23.5,-145,2025-12-14,2025-12-14T23:49:53Z,2025-12-14 15:50:05
Bovada,player_points,Jalen Johnson,Under,23.5,110,2025-12-14,2025-12-14T23:49:53Z,2025-12-14 15:50:05
Bovada,player_points,Jalen Johnson,Over,24.5,-120,2025-12-14,2025-12-14T23:49:53Z,2025-12-14 15:50:05
Bovada,player_points,Jalen Johnson,Under,24.5,-110,2025-12-14,2025-12-14T23:49:53Z,2025-12-14 15:50:05
Bovada,player_points,Jalen Johnson,Over,25.5,105,2025-12-14,2025-12-14T23:49:53Z,2025-12-14 15:50:05
Bovada,player_points,Jalen Johnson,Under,25.5,-135,2025-12-14,2025-12-14T23:49:53Z,2025-12-14 15:50:05
Bovada,player_points,Jalen Johnson,Over,26.5,125,2025-12-14,2025-12-14T23:49:53Z,2025-12-14 15:50:05
Bovada,player_points,Jalen Johnson,Under,26.5,-165,2025-12-14,2025-12-14T23:49:53Z,2025-12-14 15:50:05
Bovada,player_points,Jalen Johnson,Over,27.5,150,2025-12-14,2025-12-14T23:49:53Z,2025-12-14 15:50:05
Bovada,player_points,Jalen Johnson,Under,27.5,-200,2025-12-14,2025-12-14T23:49:53Z,2025-12-14 15:50:05
Bovada,player_points,Jalen Johnson,Over,28.5,180,2025-12-14,2025-12-14T23:49:53Z,2025-12-14 15:50:05
Bovada,player_points,Jalen Johnson,Under,28.5,-245,2025-12-14,2025-12-14T23:49:53Z,2025-12-14 15:50:05
Bovada,player_points,Jared McCain,Over,8.5,-260,2025-12-14,2025-12-14T23:49:53Z,2025-12-14 15:50:05
Bovada,player_points,Jared McCain,Under,8.5,190,2025-12-14,2025-12-14T23:49:53Z,2025-12-14 15:50:05
Bovada,player_points,Jared McCain,Over,9.5,-180,2025-12-14,2025-12-14T23:49:53Z,2025-12-14 15:50:05
Bovada,player_points,Jared McCain,Under,9.5,135,2025-12-14,2025-12-14T23:49:53Z,2025-12-14 15:50:05
Bovada,player_points,Jared McCain,Over,10.5,-130,2025-12-14,2025-12-14T23:49:53Z,2025-12-14 15:50:05
Bovada,player_points,Jared McCain,Under,10.5,100,2025-12-14,2025-12-14T23:49:53Z,2025-12-14 15:50:05
Bovada,player_points,Jared McCain,Over,11.5,105,2025-12-14,2025-12-14T23:49:53Z,2025-12-14 15:50:05
Bovada,player_points,Jared McCain,Under,11.5,-135,2025-12-14,2025-12-14T23:49:53Z,2025-12-14 15:50:05
Bovada,player_points,Jared McCain,Over,12.5,135,2025-12-14,2025-12-14T23:49:53Z,2025-12-14 15:50:05
Bovada,player_points,Jared McCain,Under,12.5,-180,2025-12-14,2025-12-14T23:49:53Z,2025-12-14 15:50:05
Bovada,player_points,Jared McCain,Over,13.5,175,2025-12-14,2025-12-14T23:49:53Z,2025-12-14 15:50:05
Bovada,player_points,Jared McCain,Under,13.5,-240,2025-12-14,2025-12-14T23:49:53Z,2025-12-14 15:50:05
Bovada,player_points,Joel Embiid,Over,20.5,-290,2025-12-14,2025-12-14T23:49:53Z,2025-12-14 15:50:05
Bovada,player_points,Joel Embiid,Under,20.5,210,2025-12-14,2025-12-14T23:49:53Z,2025-12-14 15:50:05
Bovada,player_points,Joel Embiid,Over,21.5,-230,2025-12-14,2025-12-14T23:49:53Z,2025-12-14 15:50:05
Bovada,player_points,Joel Embiid,Under,21.5,170,2025-12-14,2025-12-14T23:49:53Z,2025-12-14 15:50:05
Bovada,player_points,Joel Embiid,Over,22.5,-180,2025-12-14,2025-12-14T23:49:53Z,2025-12-14 15:50:05
Bovada,player_points,Joel Embiid,Under,22.5,135,2025-12-14,2025-12-14T23:49:53Z,2025-12-14 15:50:05
Bovada,player_points,Joel Embiid,Over,23.5,-145,2025-12-14,2025-12-14T23:49:53Z,2025-12-14 15:50:05
Bovada,player_points,Joel Embiid,Under,23.5,110,2025-12-14,2025-12-14T23:49:53Z,2025-12-14 15:50:05
Bovada,player_points,Joel Embiid,Over,24.5,-120,2025-12-14,2025-12-14T23:49:53Z,2025-12-14 15:50:05
Bovada,player_points,Joel Embiid,Under,24.5,-110,2025-12-14,2025-12-14T23:49:53Z,2025-12-14 15:50:05
Bovada,player_points,Joel Embiid,Over,25.5,105,2025-12-14,2025-12-14T23:49:53Z,2025-12-14 15:50:05
Bovada,player_points,Joel Embiid,Under,25.5,-135,2025-12-14,2025-12-14T23:49:53Z,2025-12-14 15:50:05
Bovada,player_points,Joel Embiid,Over,26.5,125,2025-12-14,2025-12-14T23:49:53Z,2025-12-14 15:50:05
Bovada,player_points,Joel Embiid,Under,26.5,-165,2025-12-14,2025-12-14T23:49:53Z,2025-12-14 15:50:05
Bovada,player_points,Joel Embiid,Over,27.5,150,2025-12-14,2025-12-14T23:49:53Z,2025-12-14 15:50:05
Bovada,player_points,Joel Embiid,Under,27.5,-200,2025-12-14,2025-12-14T23:49:53Z,2025-12-14 15:50:05
Bovada,player_points,Joel Embiid,Over,28.5,180,2025-12-14,2025-12-14T23:49:53Z,2025-12-14 15:50:05
Bovada,player_points,Joel Embiid,Under,28.5,-245,2025-12-14,2025-12-14T23:49:53Z,2025-12-14 15:50:05
Bovada,player_points,Nickeil Alexander-Walker,Over,16.5,-290,2025-12-14,2025-12-14T23:49:53Z,2025-12-14 15:50:05
Bovada,player_points,Nickeil Alexander-Walker,Under,16.5,210,2025-12-14,2025-12-14T23:49:53Z,2025-12-14 15:50:05
Bovada,player_points,Nickeil Alexander-Walker,Over,17.5,-220,2025-12-14,2025-12-14T23:49:53Z,2025-12-14 15:50:05
Bovada,player_points,Nickeil Alexander-Walker,Under,17.5,165,2025-12-14,2025-12-14T23:49:53Z,2025-12-14 15:50:05
Bovada,player_points,Nickeil Alexander-Walker,Over,18.5,-170,2025-12-14,2025-12-14T23:49:53Z,2025-12-14 15:50:05
Bovada,player_points,Nickeil Alexander-Walker,Under,18.5,130,2025-12-14,2025-12-14T23:49:53Z,2025-12-14 15:50:05
Bovada,player_points,Nickeil Alexander-Walker,Over,19.5,-135,2025-12-14,2025-12-14T23:49:53Z,2025-12-14 15:50:05
Bovada,player_points,Nickeil Alexander-Walker,Under,19.5,105,2025-12-14,2025-12-14T23:49:53Z,2025-12-14 15:50:05
Bovada,player_points,Nickeil Alexander-Walker,Over,20.5,-110,2025-12-14,2025-12-14T23:49:53Z,2025-12-14 15:50:05
Bovada,player_points,Nickeil Alexander-Walker,Under,20.5,-120,2025-12-14,2025-12-14T23:49:53Z,2025-12-14 15:50:05
Bovada,player_points,Nickeil Alexander-Walker,Over,21.5,115,2025-12-14,2025-12-14T23:49:53Z,2025-12-14 15:50:05
Bovada,player_points,Nickeil Alexander-Walker,Under,21.5,-150,2025-12-14,2025-12-14T23:49:53Z,2025-12-14 15:50:05
Bovada,player_points,Nickeil Alexander-Walker,Over,22.5,140,2025-12-14,2025-12-14T23:49:53Z,2025-12-14 15:50:05
Bovada,player_points,Nickeil Alexander-Walker,Under,22.5,-185,2025-12-14,2025-12-14T23:49:53Z,2025-12-14 15:50:05
Bovada,player_points,Nickeil Alexander-Walker,Over,23.5,170,2025-12-14,2025-12-14T23:49:53Z,2025-12-14 15:50:05
Bovada,player_points,Nickeil Alexander-Walker,Under,23.5,-230,2025-12-14,2025-12-14T23:49:53Z,2025-12-14 15:50:05
Bovada,player_points,Nickeil Alexander-Walker,Over,24.5,210,2025-12-14,2025-12-14T23:49:53Z,2025-12-14 15:50:05
Bovada,player_points,Nickeil Alexander-Walker,Under,24.5,-290,2025-12-14,2025-12-14T23:49:53Z,2025-12-14 15:50:05
Bovada,player_points,Onyeka Okongwu,Over,15.5,-230,2025-12-14,2025-12-14T23:49:53Z,2025-12-14 15:50:05
Bovada,player_points,Onyeka Okongwu,Under,15.5,170,2025-12-14,2025-12-14T23:49:53Z,2025-12-14 15:50:05
Bovada,player_points,Onyeka Okongwu,Over,16.5,-180,2025-12-14,2025-12-14T23:49:53Z,2025-12-14 15:50:05
Bovada,player_points,Onyeka Okongwu,Under,16.5,135,2025-12-14,2025-12-14T23:49:53Z,2025-12-14 15:50:05
Bovada,player_points,Onyeka Okongwu,Over,17.5,-135,2025-12-14,2025-12-14T23:49:53Z,2025-12-14 15:50:05
Bovada,player_points,Onyeka Okongwu,Under,17.5,105,2025-12-14,2025-12-14T23:49:53Z,2025-12-14 15:50:05
Bovada,player_points,Onyeka Okongwu,Over,18.5,-110,2025-12-14,2025-12-14T23:49:53Z,2025-12-14 15:50:05
Bovada,player_points,Onyeka Okongwu,Under,18.5,-120,2025-12-14,2025-12-14T23:49:53Z,2025-12-14 15:50:05
Bovada,player_points,Onyeka Okongwu,Over,19.5,110,2025-12-14,2025-12-14T23:49:53Z,2025-12-14 15:50:05
Bovada,player_points,Onyeka Okongwu,Under,19.5,-145,2025-12-14,2025-12-14T23:49:53Z,2025-12-14 15:50:05
Bovada,player_points,Onyeka Okongwu,Over,20.5,140,2025-12-14,2025-12-14T23:49:53Z,2025-12-14 15:50:05
Bovada,player_points,Onyeka Okongwu,Under,20.5,-185,2025-12-14,2025-12-14T23:49:53Z,2025-12-14 15:50:05
Bovada,player_points,Onyeka Okongwu,Over,21.5,175,2025-12-14,2025-12-14T23:49:53Z,2025-12-14 15:50:05
Bovada,player_points,Onyeka Okongwu,Under,21.5,-240,2025-12-14,2025-12-14T23:49:53Z,2025-12-14 15:50:05
Bovada,player_points,Paul George,Over,14.5,-260,2025-12-14,2025-12-14T23:49:53Z,2025-12-14 15:50:05
Bovada,player_points,Paul George,Under,14.5,190,2025-12-14,2025-12-14T23:49:53Z,2025-12-14 15:50:05
Bovada,player_points,Paul George,Over,15.5,-200,2025-12-14,2025-12-14T23:49:53Z,2025-12-14 15:50:05
Bovada,player_points,Paul George,Under,15.5,150,2025-12-14,2025-12-14T23:49:53Z,2025-12-14 15:50:05
Bovada,player_points,Paul George,Over,16.5,-150,2025-12-14,2025-12-14T23:49:53Z,2025-12-14 15:50:05
Bovada,player_points,Paul George,Under,16.5,115,2025-12-14,2025-12-14T23:49:53Z,2025-12-14 15:50:05
Bovada,player_points,Paul George,Over,17.5,-120,2025-12-14,2025-12-14T23:49:53Z,2025-12-14 15:50:05
Bovada,player_points,Paul George,Under,17.5,-110,2025-12-14,2025-12-14T23:49:53Z,2025-12-14 15:50:05
Bovada,player_points,Paul George,Over,18.5,105,2025-12-14,2025-12-14T23:49:53Z,2025-12-14 15:50:05
Bovada,player_points,Paul George,Under,18.5,-135,2025-12-14,2025-12-14T23:49:53Z,2025-12-14 15:50:05
Bovada,player_points,Paul George,Over,19.5,130,2025-12-14,2025-12-14T23:49:53Z,2025-12-14 15:50:05
Bovada,player_points,Paul George,Under,19.5,-170,2025-12-14,2025-12-14T23:49:53Z,2025-12-14 15:50:05
Bovada,player_points,Paul George,Over,20.5,165,2025-12-14,2025-12-14T23:49:53Z,2025-12-14 15:50:05
Bovada,player_points,Paul George,Under,20.5,-220,2025-12-14,2025-12-14T23:49:53Z,2025-12-14 15:50:05
Bovada,player_points,Paul George,Over,21.5,205,2025-12-14,2025-12-14T23:49:53Z,2025-12-14 15:50:05
Bovada,player_points,Paul George,Under,21.5,-280,2025-12-14,2025-12-14T23:49:53Z,2025-12-14 15:50:05
Bovada,player_points,Quentin Grimes,Over,14.5,-250,2025-12-14,2025-12-14T23:49:53Z,2025-12-14 15:50:05
Bovada,player_points,Quentin Grimes,Under,14.5,185,2025-12-14,2025-12-14T23:49:53Z,2025-12-14 15:50:05
Bovada,player_points,Quentin Grimes,Over,15.5,-190,2025-12-14,2025-12-14T23:49:53Z,2025-12-14 15:50:05
Bovada,player_points,Quentin Grimes,Under,15.5,145,2025-12-14,2025-12-14T23:49:53Z,2025-12-14 15:50:05
Bovada,player_points,Quentin Grimes,Over,16.5,-150,2025-12-14,2025-12-14T23:49:53Z,2025-12-14 15:50:05
Bovada,player_points,Quentin Grimes,Under,16.5,115,2025-12-14,2025-12-14T23:49:53Z,2025-12-14 15:50:05
Bovada,player_points,Quentin Grimes,Over,17.5,-115,2025-12-14,2025-12-14T23:49:53Z,2025-12-14 15:50:05
Bovada,player_points,Quentin Grimes,Under,17.5,-115,2025-12-14,2025-12-14T23:49:53Z,2025-12-14 15:50:05
Bovada,player_points,Quentin Grimes,Over,18.5,110,2025-12-14,2025-12-14T23:49:53Z,2025-12-14 15:50:05
Bovada,player_points,Quentin Grimes,Under,18.5,-145,2025-12-14,2025-12-14T23:49:53Z,2025-12-14 15:50:05
Bovada,player_points,Quentin Grimes,Over,19.5,135,2025-12-14,2025-12-14T23:49:53Z,2025-12-14 15:50:05
Bovada,player_points,Quentin Grimes,Under,19.5,-180,2025-12-14,2025-12-14T23:49:53Z,2025-12-14 15:50:05
Bovada,player_points,Quentin Grimes,Over,20.5,170,2025-12-14,2025-12-14T23:49:53Z,2025-12-14 15:50:05
Bovada,player_points,Quentin Grimes,Under,20.5,-230,2025-12-14,2025-12-14T23:49:53Z,2025-12-14 15:50:05
Bovada,player_points,Quentin Grimes,Over,21.5,210,2025-12-14,2025-12-14T23:49:53Z,2025-12-14 15:50:05
Bovada,player_points,Quentin Grimes,Under,21.5,-290,2025-12-14,2025-12-14T23:49:53Z,2025-12-14 15:50:05
Bovada,player_points,Vit Krejci,Over,6.5,-250,2025-12-14,2025-12-14T23:49:53Z,2025-12-14 15:50:05
Bovada,player_points,Vit Krejci,Under,6.5,185,2025-12-14,2025-12-14T23:49:53Z,2025-12-14 15:50:05
Bovada,player_points,Vit Krejci,Over,7.5,-170,2025-12-14,2025-12-14T23:49:53Z,2025-12-14 15:50:05
Bovada,player_points,Vit Krejci,Under,7.5,130,2025-12-14,2025-12-14T23:49:53Z,2025-12-14 15:50:05
Bovada,player_points,Vit Krejci,Over,8.5,-120,2025-12-14,2025-12-14T23:49:53Z,2025-12-14 15:50:05
Bovada,player_points,Vit Krejci,Under,8.5,-110,2025-12-14,2025-12-14T23:49:53Z,2025-12-14 15:50:05
Bovada,player_points,Vit Krejci,Over,9.5,115,2025-12-14,2025-12-14T23:49:53Z,2025-12-14 15:50:05
Bovada,player_points,Vit Krejci,Under,9.5,-150,2025-12-14,2025-12-14T23:49:53Z,2025-12-14 15:50:05
Bovada,player_points,Vit Krejci,Over,10.5,155,2025-12-14,2025-12-14T23:49:53Z,2025-12-14 15:50:05
Bovada,player_points,Vit Krejci,Under,10.5,-210,2025-12-14,2025-12-14T23:49:53Z,2025-12-14 15:50:05
Bovada,player_points,Vit Krejci,Over,11.5,205,2025-12-14,2025-12-14T23:49:53Z,2025-12-14 15:50:05
Bovada,player_points,Vit Krejci,Under,11.5,-280,2025-12-14,2025-12-14T23:49:53Z,2025-12-14 15:50:05
Bovada,player_points,VJ Edgecombe,Over,12.5,-250,2025-12-14,2025-12-14T23:49:53Z,2025-12-14 15:50:05
Bovada,player_points,VJ Edgecombe,Under,12.5,185,2025-12-14,2025-12-14T23:49:53Z,2025-12-14 15:50:05
Bovada,player_points,VJ Edgecombe,Over,13.5,-185,2025-12-14,2025-12-14T23:49:53Z,2025-12-14 15:50:05
Bovada,player_points,VJ Edgecombe,Under,13.5,140,2025-12-14,2025-12-14T23:49:53Z,2025-12-14 15:50:05
Bovada,player_points,VJ Edgecombe,Over,14.5,-145,2025-12-14,2025-12-14T23:49:53Z,2025-12-14 15:50:05
Bovada,player_points,VJ Edgecombe,Under,14.5,110,2025-12-14,2025-12-14T23:49:53Z,2025-12-14 15:50:05
Bovada,player_points,VJ Edgecombe,Over,15.5,-110,2025-12-14,2025-12-14T23:49:53Z,2025-12-14 15:50:05
Bovada,player_points,VJ Edgecombe,Under,15.5,-120,2025-12-14,2025-12-14T23:49:53Z,2025-12-14 15:50:05
Bovada,player_points,VJ Edgecombe,Over,16.5,115,2025-12-14,2025-12-14T23:49:53Z,2025-12-14 15:50:05
Bovada,player_points,VJ Edgecombe,Under,16.5,-150,2025-12-14,2025-12-14T23:49:53Z,2025-12-14 15:50:05
Bovada,player_points,VJ Edgecombe,Over,17.5,150,2025-12-14,2025-12-14T23:49:53Z,2025-12-14 15:50:05
Bovada,player_points,VJ Edgecombe,Under,17.5,-200,2025-12-14,2025-12-14T23:49:53Z,2025-12-14 15:50:05
Bovada,player_points,VJ Edgecombe,Over,18.5,185,2025-12-14,2025-12-14T23:49:53Z,2025-12-14 15:50:05
Bovada,player_points,VJ Edgecombe,Under,18.5,-250,2025-12-14,2025-12-14T23:49:53Z,2025-12-14 15:50:05
Bovada,player_points,Zaccharie Risacher,Over,8.5,-275,2025-12-14,2025-12-14T23:49:53Z,2025-12-14 15:50:05
Bovada,player_points,Zaccharie Risacher,Under,8.5,200,2025-12-14,2025-12-14T23:49:53Z,2025-12-14 15:50:05
Bovada,player_points,Zaccharie Risacher,Over,9.5,-190,2025-12-14,2025-12-14T23:49:53Z,2025-12-14 15:50:05
Bovada,player_points,Zaccharie Risacher,Under,9.5,145,2025-12-14,2025-12-14T23:49:53Z,2025-12-14 15:50:05
Bovada,player_points,Zaccharie Risacher,Over,10.5,-145,2025-12-14,2025-12-14T23:49:53Z,2025-12-14 15:50:05
Bovada,player_points,Zaccharie Risacher,Under,10.5,110,2025-12-14,2025-12-14T23:49:53Z,2025-12-14 15:50:05
Bovada,player_points,Zaccharie Risacher,Over,11.5,-105,2025-12-14,2025-12-14T23:49:53Z,2025-12-14 15:50:05
Bovada,player_points,Zaccharie Risacher,Under,11.5,-125,2025-12-14,2025-12-14T23:49:53Z,2025-12-14 15:50:05
Bovada,player_points,Zaccharie Risacher,Over,12.5,125,2025-12-14,2025-12-14T23:49:53Z,2025-12-14 15:50:05
Bovada,player_points,Zaccharie Risacher,Under,12.5,-165,2025-12-14,2025-12-14T23:49:53Z,2025-12-14 15:50:05
Bovada,player_points,Zaccharie Risacher,Over,13.5,165,2025-12-14,2025-12-14T23:49:53Z,2025-12-14 15:50:05
Bovada,player_points,Zaccharie Risacher,Under,13.5,-220,2025-12-14,2025-12-14T23:49:53Z,2025-12-14 15:50:05
Bovada,player_points,Zaccharie Risacher,Over,14.5,210,2025-12-14,2025-12-14T23:49:53Z,2025-12-14 15:50:05
Bovada,player_points,Zaccharie Risacher,Under,14.5,-290,2025-12-14,2025-12-14T23:49:53Z,2025-12-14 15:50:05
Bovada,player_points,Bobby Portis,Over,11.5,-240,2025-12-14,2025-12-14T23:49:52Z,2025-12-14 15:50:05
Bovada,player_points,Bobby Portis,Under,11.5,175,2025-12-14,2025-12-14T23:49:52Z,2025-12-14 15:50:05
Bovada,player_points,Bobby Portis,Over,12.5,-170,2025-12-14,2025-12-14T23:49:52Z,2025-12-14 15:50:05
Bovada,player_points,Bobby Portis,Under,12.5,130,2025-12-14,2025-12-14T23:49:52Z,2025-12-14 15:50:05
Bovada,player_points,Bobby Portis,Over,13.5,-130,2025-12-14,2025-12-14T23:49:52Z,2025-12-14 15:50:05
Bovada,player_points,Bobby Portis,Under,13.5,100,2025-12-14,2025-12-14T23:49:52Z,2025-12-14 15:50:05
Bovada,player_points,Bobby Portis,Over,14.5,100,2025-12-14,2025-12-14T23:49:52Z,2025-12-14 15:50:05
Bovada,player_points,Bobby Portis,Under,14.5,-130,2025-12-14,2025-12-14T23:49:52Z,2025-12-14 15:50:05
Bovada,player_points,Bobby Portis,Over,15.5,130,2025-12-14,2025-12-14T23:49:52Z,2025-12-14 15:50:05
Bovada,player_points,Bobby Portis,Under,15.5,-170,2025-12-14,2025-12-14T23:49:52Z,2025-12-14 15:50:05
Bovada,player_points,Bobby Portis,Over,16.5,165,2025-12-14,2025-12-14T23:49:52Z,2025-12-14 15:50:05
Bovada,player_points,Bobby Portis,Under,16.5,-220,2025-12-14,2025-12-14T23:49:52Z,2025-12-14 15:50:05
Bovada,player_points,Bobby Portis,Over,17.5,205,2025-12-14,2025-12-14T23:49:52Z,2025-12-14 15:50:05
Bovada,player_points,Bobby Portis,Under,17.5,-280,2025-12-14,2025-12-14T23:49:52Z,2025-12-14 15:50:05
Bovada,player_points,Danny Wolf,Over,7.5,-240,2025-12-14,2025-12-14T23:49:52Z,2025-12-14 15:50:05
Bovada,player_points,Danny Wolf,Under,7.5,175,2025-12-14,2025-12-14T23:49:52Z,2025-12-14 15:50:05
Bovada,player_points,Danny Wolf,Over,8.5,-165,2025-12-14,2025-12-14T23:49:52Z,2025-12-14 15:50:05
Bovada,player_points,Danny Wolf,Under,8.5,125,2025-12-14,2025-12-14T23:49:52Z,2025-12-14 15:50:05
Bovada,player_points,Danny Wolf,Over,9.5,-120,2025-12-14,2025-12-14T23:49:52Z,2025-12-14 15:50:05
Bovada,player_points,Danny Wolf,Under,9.5,-110,2025-12-14,2025-12-14T23:49:52Z,2025-12-14 15:50:05
Bovada,player_points,Danny Wolf,Over,10.5,115,2025-12-14,2025-12-14T23:49:52Z,2025-12-14 15:50:05
Bovada,player_points,Danny Wolf,Under,10.5,-150,2025-12-14,2025-12-14T23:49:52Z,2025-12-14 15:50:05
Bovada,player_points,Danny Wolf,Over,11.5,150,2025-12-14,2025-12-14T23:49:52Z,2025-12-14 15:50:05
Bovada,player_points,Danny Wolf,Under,11.5,-200,2025-12-14,2025-12-14T23:49:52Z,2025-12-14 15:50:05
Bovada,player_points,Danny Wolf,Over,12.5,200,2025-12-14,2025-12-14T23:49:52Z,2025-12-14 15:50:05
Bovada,player_points,Danny Wolf,Under,12.5,-275,2025-12-14,2025-12-14T23:49:52Z,2025-12-14 15:50:05
Bovada,player_points,Egor Demin,Over,5.5,-275,2025-12-14,2025-12-14T23:49:52Z,2025-12-14 15:50:05
Bovada,player_points,Egor Demin,Under,5.5,200,2025-12-14,2025-12-14T23:49:52Z,2025-12-14 15:50:05
Bovada,player_points,Egor Demin,Over,6.5,-180,2025-12-14,2025-12-14T23:49:52Z,2025-12-14 15:50:05
Bovada,player_points,Egor Demin,Under,6.5,135,2025-12-14,2025-12-14T23:49:52Z,2025-12-14 15:50:05
Bovada,player_points,Egor Demin,Over,7.5,-120,2025-12-14,2025-12-14T23:49:52Z,2025-12-14 15:50:05
Bovada,player_points,Egor Demin,Under,7.5,-110,2025-12-14,2025-12-14T23:49:52Z,2025-12-14 15:50:05
Bovada,player_points,Egor Demin,Over,8.5,115,2025-12-14,2025-12-14T23:49:52Z,2025-12-14 15:50:05
Bovada,player_points,Egor Demin,Under,8.5,-150,2025-12-14,2025-12-14T23:49:52Z,2025-12-14 15:50:05
Bovada,player_points,Egor Demin,Over,9.5,155,2025-12-14,2025-12-14T23:49:52Z,2025-12-14 15:50:05
Bovada,player_points,Egor Demin,Under,9.5,-210,2025-12-14,2025-12-14T23:49:52Z,2025-12-14 15:50:05
Bovada,player_points,Egor Demin,Over,10.5,210,2025-12-14,2025-12-14T23:49:52Z,2025-12-14 15:50:05
Bovada,player_points,Egor Demin,Under,10.5,-290,2025-12-14,2025-12-14T23:49:52Z,2025-12-14 15:50:05
Bovada,player_points,Gary Trent Jr,Over,8.5,-260,2025-12-14,2025-12-14T23:49:52Z,2025-12-14 15:50:05
Bovada,player_points,Gary Trent Jr,Under,8.5,190,2025-12-14,2025-12-14T23:49:52Z,2025-12-14 15:50:05
Bovada,player_points,Gary Trent Jr,Over,9.5,-185,2025-12-14,2025-12-14T23:49:52Z,2025-12-14 15:50:05
Bovada,player_points,Gary Trent Jr,Under,9.5,140,2025-12-14,2025-12-14T23:49:52Z,2025-12-14 15:50:05
Bovada,player_points,Gary Trent Jr,Over,10.5,-135,2025-12-14,2025-12-14T23:49:52Z,2025-12-14 15:50:05
Bovada,player_points,Gary Trent Jr,Under,10.5,105,2025-12-14,2025-12-14T23:49:52Z,2025-12-14 15:50:05
Bovada,player_points,Gary Trent Jr,Over,11.5,100,2025-12-14,2025-12-14T23:49:52Z,2025-12-14 15:50:05
Bovada,player_points,Gary Trent Jr,Under,11.5,-130,2025-12-14,2025-12-14T23:49:52Z,2025-12-14 15:50:05
Bovada,player_points,Gary Trent Jr,Over,12.5,130,2025-12-14,2025-12-14T23:49:52Z,2025-12-14 15:50:05
Bovada,player_points,Gary Trent Jr,Under,12.5,-170,2025-12-14,2025-12-14T23:49:52Z,2025-12-14 15:50:05
Bovada,player_points,Gary Trent Jr,Over,13.5,170,2025-12-14,2025-12-14T23:49:52Z,2025-12-14 15:50:05
Bovada,player_points,Gary Trent Jr,Under,13.5,-230,2025-12-14,2025-12-14T23:49:52Z,2025-12-14 15:50:05
Bovada,player_points,Kevin Porter Jr.,Over,17.5,-245,2025-12-14,2025-12-14T23:49:52Z,2025-12-14 15:50:05
Bovada,player_points,Kevin Porter Jr.,Under,17.5,180,2025-12-14,2025-12-14T23:49:52Z,2025-12-14 15:50:05
Bovada,player_points,Kevin Porter Jr.,Over,18.5,-190,2025-12-14,2025-12-14T23:49:52Z,2025-12-14 15:50:05
Bovada,player_points,Kevin Porter Jr.,Under,18.5,145,2025-12-14,2025-12-14T23:49:52Z,2025-12-14 15:50:05
Bovada,player_points,Kevin Porter Jr.,Over,19.5,-150,2025-12-14,2025-12-14T23:49:52Z,2025-12-14 15:50:05
Bovada,player_points,Kevin Porter Jr.,Under,19.5,115,2025-12-14,2025-12-14T23:49:52Z,2025-12-14 15:50:05
Bovada,player_points,Kevin Porter Jr.,Over,20.5,-120,2025-12-14,2025-12-14T23:49:52Z,2025-12-14 15:50:05
Bovada,player_points,Kevin Porter Jr.,Under,20.5,-110,2025-12-14,2025-12-14T23:49:52Z,2025-12-14 15:50:05
Bovada,player_points,Kevin Porter Jr.,Over,21.5,105,2025-12-14,2025-12-14T23:49:52Z,2025-12-14 15:50:05
Bovada,player_points,Kevin Porter Jr.,Under,21.5,-135,2025-12-14,2025-12-14T23:49:52Z,2025-12-14 15:50:05
Bovada,player_points,Kevin Porter Jr.,Over,22.5,130,2025-12-14,2025-12-14T23:49:52Z,2025-12-14 15:50:05
Bovada,player_points,Kevin Porter Jr.,Under,22.5,-170,2025-12-14,2025-12-14T23:49:52Z,2025-12-14 15:50:05
Bovada,player_points,Kevin Porter Jr.,Over,23.5,155,2025-12-14,2025-12-14T23:49:52Z,2025-12-14 15:50:05
Bovada,player_points,Kevin Porter Jr.,Under,23.5,-210,2025-12-14,2025-12-14T23:49:52Z,2025-12-14 15:50:05
Bovada,player_points,Kevin Porter Jr.,Over,24.5,190,2025-12-14,2025-12-14T23:49:52Z,2025-12-14 15:50:05
Bovada,player_points,Kevin Porter Jr.,Under,24.5,-260,2025-12-14,2025-12-14T23:49:52Z,2025-12-14 15:50:05
Bovada,player_points,Kyle Kuzma,Over,12.5,-290,2025-12-14,2025-12-14T23:49:52Z,2025-12-14 15:50:05
Bovada,player_points,Kyle Kuzma,Under,12.5,210,2025-12-14,2025-12-14T23:49:52Z,2025-12-14 15:50:05
Bovada,player_points,Kyle Kuzma,Over,13.5,-215,2025-12-14,2025-12-14T23:49:52Z,2025-12-14 15:50:05
Bovada,player_points,Kyle Kuzma,Under,13.5,160,2025-12-14,2025-12-14T23:49:52Z,2025-12-14 15:50:05
Bovada,player_points,Kyle Kuzma,Over,14.5,-165,2025-12-14,2025-12-14T23:49:52Z,2025-12-14 15:50:05
Bovada,player_points,Kyle Kuzma,Under,14.5,125,2025-12-14,2025-12-14T23:49:52Z,2025-12-14 15:50:05
Bovada,player_points,Kyle Kuzma,Over,15.5,-125,2025-12-14,2025-12-14T23:49:52Z,2025-12-14 15:50:05
Bovada,player_points,Kyle Kuzma,Under,15.5,-105,2025-12-14,2025-12-14T23:49:52Z,2025-12-14 15:50:05
Bovada,player_points,Kyle Kuzma,Over,16.5,105,2025-12-14,2025-12-14T23:49:52Z,2025-12-14 15:50:05
Bovada,player_points,Kyle Kuzma,Under,16.5,-135,2025-12-14,2025-12-14T23:49:52Z,2025-12-14 15:50:05
Bovada,player_points,Kyle Kuzma,Over,17.5,130,2025-12-14,2025-12-14T23:49:52Z,2025-12-14 15:50:05
Bovada,player_points,Kyle Kuzma,Under,17.5,-170,2025-12-14,2025-12-14T23:49:52Z,2025-12-14 15:50:05
Bovada,player_points,Kyle Kuzma,Over,18.5,165,2025-12-14,2025-12-14T23:49:52Z,2025-12-14 15:50:05
Bovada,player_points,Kyle Kuzma,Under,18.5,-220,2025-12-14,2025-12-14T23:49:52Z,2025-12-14 15:50:05
Bovada,player_points,Kyle Kuzma,Over,19.5,205,2025-12-14,2025-12-14T23:49:52Z,2025-12-14 15:50:05
Bovada,player_points,Kyle Kuzma,Under,19.5,-280,2025-12-14,2025-12-14T23:49:52Z,2025-12-14 15:50:05
Bovada,player_points,Michael Porter Jr,Over,22.5,-240,2025-12-14,2025-12-14T23:49:52Z,2025-12-14 15:50:05
Bovada,player_points,Michael Porter Jr,Under,22.5,175,2025-12-14,2025-12-14T23:49:52Z,2025-12-14 15:50:05
Bovada,player_points,Michael Porter Jr,Over,23.5,-190,2025-12-14,2025-12-14T23:49:52Z,2025-12-14 15:50:05
Bovada,player_points,Michael Porter Jr,Under,23.5,145,2025-12-14,2025-12-14T23:49:52Z,2025-12-14 15:50:05
Bovada,player_points,Michael Porter Jr,Over,24.5,-150,2025-12-14,2025-12-14T23:49:52Z,2025-12-14 15:50:05
Bovada,player_points,Michael Porter Jr,Under,24.5,115,2025-12-14,2025-12-14T23:49:52Z,2025-12-14 15:50:05
Bovada,player_points,Michael Porter Jr,Over,25.5,-125,2025-12-14,2025-12-14T23:49:52Z,2025-12-14 15:50:05
Bovada,player_points,Michael Porter Jr,Under,25.5,-105,2025-12-14,2025-12-14T23:49:52Z,2025-12-14 15:50:05
Bovada,player_points,Michael Porter Jr,Over,26.5,-105,2025-12-14,2025-12-14T23:49:52Z,2025-12-14 15:50:05
Bovada,player_points,Michael Porter Jr,Under,26.5,-125,2025-12-14,2025-12-14T23:49:52Z,2025-12-14 15:50:05
Bovada,player_points,Michael Porter Jr,Over,27.5,115,2025-12-14,2025-12-14T23:49:52Z,2025-12-14 15:50:05
Bovada,player_points,Michael Porter Jr,Under,27.5,-150,2025-12-14,2025-12-14T23:49:52Z,2025-12-14 15:50:05
Bovada,player_points,Michael Porter Jr,Over,28.5,140,2025-12-14,2025-12-14T23:49:52Z,2025-12-14 15:50:05
Bovada,player_points,Michael Porter Jr,Under,28.5,-185,2025-12-14,2025-12-14T23:49:52Z,2025-12-14 15:50:05
Bovada,player_points,Michael Porter Jr,Over,29.5,170,2025-12-14,2025-12-14T23:49:52Z,2025-12-14 15:50:05
Bovada,player_points,Michael Porter Jr,Under,29.5,-230,2025-12-14,2025-12-14T23:49:52Z,2025-12-14 15:50:05
Bovada,player_points,Michael Porter Jr,Over,30.5,200,2025-12-14,2025-12-14T23:49:52Z,2025-12-14 15:50:05
Bovada,player_points,Michael Porter Jr,Under,30.5,-275,2025-12-14,2025-12-14T23:49:52Z,2025-12-14 15:50:05
Bovada,player_points,Myles Turner,Over,9.5,-260,2025-12-14,2025-12-14T23:49:52Z,2025-12-14 15:50:05
Bovada,player_points,Myles Turner,Under,9.5,190,2025-12-14,2025-12-14T23:49:52Z,2025-12-14 15:50:05
Bovada,player_points,Myles Turner,Over,10.5,-190,2025-12-14,2025-12-14T23:49:52Z,2025-12-14 15:50:05
Bovada,player_points,Myles Turner,Under,10.5,145,2025-12-14,2025-12-14T23:49:52Z,2025-12-14 15:50:05
Bovada,player_points,Myles Turner,Over,11.5,-135,2025-12-14,2025-12-14T23:49:52Z,2025-12-14 15:50:05
Bovada,player_points,Myles Turner,Under,11.5,105,2025-12-14,2025-12-14T23:49:52Z,2025-12-14 15:50:05
Bovada,player_points,Myles Turner,Over,12.5,-105,2025-12-14,2025-12-14T23:49:52Z,2025-12-14 15:50:05
Bovada,player_points,Myles Turner,Under,12.5,-125,2025-12-14,2025-12-14T23:49:52Z,2025-12-14 15:50:05
Bovada,player_points,Myles Turner,Over,13.5,125,2025-12-14,2025-12-14T23:49:52Z,2025-12-14 15:50:05
Bovada,player_points,Myles Turner,Under,13.5,-165,2025-12-14,2025-12-14T23:49:52Z,2025-12-14 15:50:05
Bovada,player_points,Myles Turner,Over,14.5,160,2025-12-14,2025-12-14T23:49:52Z,2025-12-14 15:50:05
Bovada,player_points,Myles Turner,Under,14.5,-215,2025-12-14,2025-12-14T23:49:52Z,2025-12-14 15:50:05
Bovada,player_points,Nicolas Claxton,Over,10.5,-245,2025-12-14,2025-12-14T23:49:52Z,2025-12-14 15:50:05
Bovada,player_points,Nicolas Claxton,Under,10.5,180,2025-12-14,2025-12-14T23:49:52Z,2025-12-14 15:50:05
Bovada,player_points,Nicolas Claxton,Over,11.5,-180,2025-12-14,2025-12-14T23:49:52Z,2025-12-14 15:50:05
Bovada,player_points,Nicolas Claxton,Under,11.5,135,2025-12-14,2025-12-14T23:49:52Z,2025-12-14 15:50:05
Bovada,player_points,Nicolas Claxton,Over,12.5,-130,2025-12-14,2025-12-14T23:49:52Z,2025-12-14 15:50:05
Bovada,player_points,Nicolas Claxton,Under,12.5,100,2025-12-14,2025-12-14T23:49:52Z,2025-12-14 15:50:05
Bovada,player_points,Nicolas Claxton,Over,13.5,100,2025-12-14,2025-12-14T23:49:52Z,2025-12-14 15:50:05
Bovada,player_points,Nicolas Claxton,Under,13.5,-130,2025-12-14,2025-12-14T23:49:52Z,2025-12-14 15:50:05
Bovada,player_points,Nicolas Claxton,Over,14.5,130,2025-12-14,2025-12-14T23:49:52Z,2025-12-14 15:50:05
Bovada,player_points,Nicolas Claxton,Under,14.5,-170,2025-12-14,2025-12-14T23:49:52Z,2025-12-14 15:50:05
Bovada,player_points,Nicolas Claxton,Over,15.5,165,2025-12-14,2025-12-14T23:49:52Z,2025-12-14 15:50:05
Bovada,player_points,Nicolas Claxton,Under,15.5,-220,2025-12-14,2025-12-14T23:49:52Z,2025-12-14 15:50:05
Bovada,player_points,Nicolas Claxton,Over,16.5,210,2025-12-14,2025-12-14T23:49:52Z,2025-12-14 15:50:05
Bovada,player_points,Nicolas Claxton,Under,16.5,-290,2025-12-14,2025-12-14T23:49:52Z,2025-12-14 15:50:05
Bovada,player_points,Noah Clowney,Over,11.5,-245,2025-12-14,2025-12-14T23:49:52Z,2025-12-14 15:50:05
Bovada,player_points,Noah Clowney,Under,11.5,180,2025-12-14,2025-12-14T23:49:52Z,2025-12-14 15:50:05
Bovada,player_points,Noah Clowney,Over,12.5,-180,2025-12-14,2025-12-14T23:49:52Z,2025-12-14 15:50:05
Bovada,player_points,Noah Clowney,Under,12.5,135,2025-12-14,2025-12-14T23:49:52Z,2025-12-14 15:50:05
Bovada,player_points,Noah Clowney,Over,13.5,-135,2025-12-14,2025-12-14T23:49:52Z,2025-12-14 15:50:05
Bovada,player_points,Noah Clowney,Under,13.5,105,2025-12-14,2025-12-14T23:49:52Z,2025-12-14 15:50:05
Bovada,player_points,Noah Clowney,Over,14.5,-105,2025-12-14,2025-12-14T23:49:52Z,2025-12-14 15:50:05
Bovada,player_points,Noah Clowney,Under,14.5,-125,2025-12-14,2025-12-14T23:49:52Z,2025-12-14 15:50:05
Bovada,player_points,Noah Clowney,Over,15.5,120,2025-12-14,2025-12-14T23:49:52Z,2025-12-14 15:50:05
Bovada,player_points,Noah Clowney,Under,15.5,-160,2025-12-14,2025-12-14T23:49:52Z,2025-12-14 15:50:05
Bovada,player_points,Noah Clowney,Over,16.5,155,2025-12-14,2025-12-14T23:49:52Z,2025-12-14 15:50:05
Bovada,player_points,Noah Clowney,Under,16.5,-210,2025-12-14,2025-12-14T23:49:52Z,2025-12-14 15:50:05
Bovada,player_points,Noah Clowney,Over,17.5,200,2025-12-14,2025-12-14T23:49:52Z,2025-12-14 15:50:05
Bovada,player_points,Noah Clowney,Under,17.5,-275,2025-12-14,2025-12-14T23:49:52Z,2025-12-14 15:50:05
Bovada,player_points,Ryan Rollins,Over,14.5,-250,2025-12-14,2025-12-14T23:49:52Z,2025-12-14 15:50:05
Bovada,player_points,Ryan Rollins,Under,14.5,185,2025-12-14,2025-12-14T23:49:52Z,2025-12-14 15:50:05
Bovada,player_points,Ryan Rollins,Over,15.5,-190,2025-12-14,2025-12-14T23:49:52Z,2025-12-14 15:50:05
Bovada,player_points,Ryan Rollins,Under,15.5,145,2025-12-14,2025-12-14T23:49:52Z,2025-12-14 15:50:05
Bovada,player_points,Ryan Rollins,Over,16.5,-150,2025-12-14,2025-12-14T23:49:52Z,2025-12-14 15:50:05
Bovada,player_points,Ryan Rollins,Under,16.5,115,2025-12-14,2025-12-14T23:49:52Z,2025-12-14 15:50:05
Bovada,player_points,Ryan Rollins,Over,17.5,-115,2025-12-14,2025-12-14T23:49:52Z,2025-12-14 15:50:05
Bovada,player_points,Ryan Rollins,Under,17.5,-115,2025-12-14,2025-12-14T23:49:52Z,2025-12-14 15:50:05
Bovada,player_points,Ryan Rollins,Over,18.5,110,2025-12-14,2025-12-14T23:49:52Z,2025-12-14 15:50:05
Bovada,player_points,Ryan Rollins,Under,18.5,-145,2025-12-14,2025-12-14T23:49:52Z,2025-12-14 15:50:05
Bovada,player_points,Ryan Rollins,Over,19.5,135,2025-12-14,2025-12-14T23:49:52Z,2025-12-14 15:50:05
Bovada,player_points,Ryan Rollins,Under,19.5,-180,2025-12-14,2025-12-14T23:49:52Z,2025-12-14 15:50:05
Bovada,player_points,Ryan Rollins,Over,20.5,170,2025-12-14,2025-12-14T23:49:52Z,2025-12-14 15:50:05
Bovada,player_points,Ryan Rollins,Under,20.5,-230,2025-12-14,2025-12-14T23:49:52Z,2025-12-14 15:50:05
Bovada,player_points,Ryan Rollins,Over,21.5,210,2025-12-14,2025-12-14T23:49:52Z,2025-12-14 15:50:05
Bovada,player_points,Ryan Rollins,Under,21.5,-290,2025-12-14,2025-12-14T23:49:52Z,2025-12-14 15:50:05
Bovada,player_points,Terance Mann,Over,6.5,-200,2025-12-14,2025-12-14T23:49:52Z,2025-12-14 15:50:05
Bovada,player_points,Terance Mann,Under,6.5,150,2025-12-14,2025-12-14T23:49:52Z,2025-12-14 15:50:05
Bovada,player_points,Terance Mann,Over,7.5,-135,2025-12-14,2025-12-14T23:49:52Z,2025-12-14 15:50:05
Bovada,player_points,Terance Mann,Under,7.5,105,2025-12-14,2025-12-14T23:49:52Z,2025-12-14 15:50:05
Bovada,player_points,Terance Mann,Over,8.5,105,2025-12-14,2025-12-14T23:49:52Z,2025-12-14 15:50:05
Bovada,player_points,Terance Mann,Under,8.5,-135,2025-12-14,2025-12-14T23:49:52Z,2025-12-14 15:50:05
Bovada,player_points,Terance Mann,Over,9.5,145,2025-12-14,2025-12-14T23:49:52Z,2025-12-14 15:50:05
Bovada,player_points,Terance Mann,Under,9.5,-190,2025-12-14,2025-12-14T23:49:52Z,2025-12-14 15:50:05
Bovada,player_points,Terance Mann,Over,10.5,190,2025-12-14,2025-12-14T23:49:52Z,2025-12-14 15:50:05
Bovada,player_points,Terance Mann,Under,10.5,-260,2025-12-14,2025-12-14T23:49:52Z,2025-12-14 15:50:05
Bovada,player_points,Ziaire Williams,Over,6.5,-200,2025-12-14,2025-12-14T23:49:52Z,2025-12-14 15:50:05
Bovada,player_points,Ziaire Williams,Under,6.5,150,2025-12-14,2025-12-14T23:49:52Z,2025-12-14 15:50:05
Bovada,player_points,Ziaire Williams,Over,7.5,-135,2025-12-14,2025-12-14T23:49:52Z,2025-12-14 15:50:05
Bovada,player_points,Ziaire Williams,Under,7.5,105,2025-12-14,2025-12-14T23:49:52Z,2025-12-14 15:50:05
Bovada,player_points,Ziaire Williams,Over,8.5,105,2025-12-14,2025-12-14T23:49:52Z,2025-12-14 15:50:05
Bovada,player_points,Ziaire Williams,Under,8.5,-135,2025-12-14,2025-12-14T23:49:52Z,2025-12-14 15:50:05
Bovada,player_points,Ziaire Williams,Over,9.5,145,2025-12-14,2025-12-14T23:49:52Z,2025-12-14 15:50:05
Bovada,player_points,Ziaire Williams,Under,9.5,-190,2025-12-14,2025-12-14T23:49:52Z,2025-12-14 15:50:05
Bovada,player_points,Ziaire Williams,Over,10.5,190,2025-12-14,2025-12-14T23:49:52Z,2025-12-14 15:50:05
Bovada,player_points,Ziaire Williams,Under,10.5,-260,2025-12-14,2025-12-14T23:49:52Z,2025-12-14 15:50:05
Bovada,player_points,Coby White,Over,19.5,-245,2025-12-15,2025-12-14T23:49:19Z,2025-12-14 15:50:05
Bovada,player_points,Coby White,Under,19.5,180,2025-12-15,2025-12-14T23:49:19Z,2025-12-14 15:50:05
Bovada,player_points,Coby White,Over,20.5,-190,2025-12-15,2025-12-14T23:49:19Z,2025-12-14 15:50:05
Bovada,player_points,Coby White,Under,20.5,145,2025-12-15,2025-12-14T23:49:19Z,2025-12-14 15:50:05
Bovada,player_points,Coby White,Over,21.5,-160,2025-12-15,2025-12-14T23:49:19Z,2025-12-14 15:50:05
Bovada,player_points,Coby White,Under,21.5,120,2025-12-15,2025-12-14T23:49:19Z,2025-12-14 15:50:05
Bovada,player_points,Coby White,Over,22.5,-125,2025-12-15,2025-12-14T23:49:19Z,2025-12-14 15:50:05
Bovada,player_points,Coby White,Under,22.5,-105,2025-12-15,2025-12-14T23:49:19Z,2025-12-14 15:50:05
Bovada,player_points,Coby White,Over,23.5,100,2025-12-15,2025-12-14T23:49:19Z,2025-12-14 15:50:05
Bovada,player_points,Coby White,Under,23.5,-130,2025-12-15,2025-12-14T23:49:19Z,2025-12-14 15:50:05
Bovada,player_points,Coby White,Over,24.5,120,2025-12-15,2025-12-14T23:49:19Z,2025-12-14 15:50:05
Bovada,player_points,Coby White,Under,24.5,-160,2025-12-15,2025-12-14T23:49:19Z,2025-12-14 15:50:05
Bovada,player_points,Coby White,Over,25.5,145,2025-12-15,2025-12-14T23:49:19Z,2025-12-14 15:50:05
Bovada,player_points,Coby White,Under,25.5,-190,2025-12-15,2025-12-14T23:49:19Z,2025-12-14 15:50:05
Bovada,player_points,Coby White,Over,26.5,175,2025-12-15,2025-12-14T23:49:19Z,2025-12-14 15:50:05
Bovada,player_points,Coby White,Under,26.5,-240,2025-12-15,2025-12-14T23:49:19Z,2025-12-14 15:50:05
Bovada,player_points,Coby White,Over,27.5,215,2025-12-15,2025-12-14T23:49:19Z,2025-12-14 15:50:05
Bovada,player_points,Coby White,Under,27.5,-300,2025-12-15,2025-12-14T23:49:19Z,2025-12-14 15:50:05
Bovada,player_points,Derik Queen,Over,11.5,-240,2025-12-15,2025-12-14T23:49:19Z,2025-12-14 15:50:05
Bovada,player_points,Derik Queen,Under,11.5,175,2025-12-15,2025-12-14T23:49:19Z,2025-12-14 15:50:05
Bovada,player_points,Derik Queen,Over,12.5,-170,2025-12-15,2025-12-14T23:49:19Z,2025-12-14 15:50:05
Bovada,player_points,Derik Queen,Under,12.5,130,2025-12-15,2025-12-14T23:49:19Z,2025-12-14 15:50:05
Bovada,player_points,Derik Queen,Over,13.5,-130,2025-12-15,2025-12-14T23:49:19Z,2025-12-14 15:50:05
Bovada,player_points,Derik Queen,Under,13.5,100,2025-12-15,2025-12-14T23:49:19Z,2025-12-14 15:50:05
Bovada,player_points,Derik Queen,Over,14.5,100,2025-12-15,2025-12-14T23:49:19Z,2025-12-14 15:50:05
Bovada,player_points,Derik Queen,Under,14.5,-130,2025-12-15,2025-12-14T23:49:19Z,2025-12-14 15:50:05
Bovada,player_points,Derik Queen,Over,15.5,130,2025-12-15,2025-12-14T23:49:19Z,2025-12-14 15:50:05
Bovada,player_points,Derik Queen,Under,15.5,-170,2025-12-15,2025-12-14T23:49:19Z,2025-12-14 15:50:05
Bovada,player_points,Derik Queen,Over,16.5,160,2025-12-15,2025-12-14T23:49:19Z,2025-12-14 15:50:05
Bovada,player_points,Derik Queen,Under,16.5,-215,2025-12-15,2025-12-14T23:49:19Z,2025-12-14 15:50:05
Bovada,player_points,Derik Queen,Over,17.5,205,2025-12-15,2025-12-14T23:49:19Z,2025-12-14 15:50:05
Bovada,player_points,Derik Queen,Under,17.5,-280,2025-12-15,2025-12-14T23:49:19Z,2025-12-14 15:50:05
Bovada,player_points,Herb Jones,Over,6.5,-280,2025-12-15,2025-12-14T23:49:19Z,2025-12-14 15:50:05
Bovada,player_points,Herb Jones,Under,6.5,205,2025-12-15,2025-12-14T23:49:19Z,2025-12-14 15:50:05
Bovada,player_points,Herb Jones,Over,7.5,-185,2025-12-15,2025-12-14T23:49:19Z,2025-12-14 15:50:05
Bovada,player_points,Herb Jones,Under,7.5,140,2025-12-15,2025-12-14T23:49:19Z,2025-12-14 15:50:05
Bovada,player_points,Herb Jones,Over,8.5,-130,2025-12-15,2025-12-14T23:49:19Z,2025-12-14 15:50:05
Bovada,player_points,Herb Jones,Under,8.5,100,2025-12-15,2025-12-14T23:49:19Z,2025-12-14 15:50:05
Bovada,player_points,Herb Jones,Over,9.5,105,2025-12-15,2025-12-14T23:49:19Z,2025-12-14 15:50:05
Bovada,player_points,Herb Jones,Under,9.5,-135,2025-12-15,2025-12-14T23:49:19Z,2025-12-14 15:50:05
Bovada,player_points,Herb Jones,Over,10.5,145,2025-12-15,2025-12-14T23:49:19Z,2025-12-14 15:50:05
Bovada,player_points,Herb Jones,Under,10.5,-190,2025-12-15,2025-12-14T23:49:19Z,2025-12-14 15:50:05
Bovada,player_points,Jeremiah Fears,Over,10.5,-275,2025-12-15,2025-12-14T23:49:19Z,2025-12-14 15:50:05
Bovada,player_points,Jeremiah Fears,Under,10.5,200,2025-12-15,2025-12-14T23:49:19Z,2025-12-14 15:50:05
Bovada,player_points,Jeremiah Fears,Over,11.5,-190,2025-12-15,2025-12-14T23:49:19Z,2025-12-14 15:50:05
Bovada,player_points,Jeremiah Fears,Under,11.5,145,2025-12-15,2025-12-14T23:49:19Z,2025-12-14 15:50:05
Bovada,player_points,Jeremiah Fears,Over,12.5,-145,2025-12-15,2025-12-14T23:49:19Z,2025-12-14 15:50:05
Bovada,player_points,Jeremiah Fears,Under,12.5,110,2025-12-15,2025-12-14T23:49:19Z,2025-12-14 15:50:05
Bovada,player_points,Jeremiah Fears,Over,13.5,-110,2025-12-15,2025-12-14T23:49:19Z,2025-12-14 15:50:05
Bovada,player_points,Jeremiah Fears,Under,13.5,-120,2025-12-15,2025-12-14T23:49:19Z,2025-12-14 15:50:05
Bovada,player_points,Jeremiah Fears,Over,14.5,120,2025-12-15,2025-12-14T23:49:19Z,2025-12-14 15:50:05
Bovada,player_points,Jeremiah Fears,Under,14.5,-160,2025-12-15,2025-12-14T23:49:19Z,2025-12-14 15:50:05
Bovada,player_points,Jeremiah Fears,Over,15.5,150,2025-12-15,2025-12-14T23:49:19Z,2025-12-14 15:50:05
Bovada,player_points,Jeremiah Fears,Under,15.5,-200,2025-12-15,2025-12-14T23:49:19Z,2025-12-14 15:50:05
Bovada,player_points,Jeremiah Fears,Over,16.5,190,2025-12-15,2025-12-14T23:49:19Z,2025-12-14 15:50:05
Bovada,player_points,Jeremiah Fears,Under,16.5,-260,2025-12-15,2025-12-14T23:49:19Z,2025-12-14 15:50:05
Bovada,player_points,Josh Giddey,Over,17.5,-245,2025-12-15,2025-12-14T23:49:19Z,2025-12-14 15:50:05
Bovada,player_points,Josh Giddey,Under,17.5,180,2025-12-15,2025-12-14T23:49:19Z,2025-12-14 15:50:05
Bovada,player_points,Josh Giddey,Over,18.5,-190,2025-12-15,2025-12-14T23:49:19Z,2025-12-14 15:50:05
Bovada,player_points,Josh Giddey,Under,18.5,145,2025-12-15,2025-12-14T23:49:19Z,2025-12-14 15:50:05
Bovada,player_points,Josh Giddey,Over,19.5,-150,2025-12-15,2025-12-14T23:49:19Z,2025-12-14 15:50:05
Bovada,player_points,Josh Giddey,Under,19.5,115,2025-12-15,2025-12-14T23:49:19Z,2025-12-14 15:50:05
Bovada,player_points,Josh Giddey,Over,20.5,-120,2025-12-15,2025-12-14T23:49:19Z,2025-12-14 15:50:05
Bovada,player_points,Josh Giddey,Under,20.5,-110,2025-12-15,2025-12-14T23:49:19Z,2025-12-14 15:50:05
Bovada,player_points,Josh Giddey,Over,21.5,105,2025-12-15,2025-12-14T23:49:19Z,2025-12-14 15:50:05
Bovada,player_points,Josh Giddey,Under,21.5,-135,2025-12-15,2025-12-14T23:49:19Z,2025-12-14 15:50:05
Bovada,player_points,Josh Giddey,Over,22.5,130,2025-12-15,2025-12-14T23:49:19Z,2025-12-14 15:50:05
Bovada,player_points,Josh Giddey,Under,22.5,-170,2025-12-15,2025-12-14T23:49:19Z,2025-12-14 15:50:05
Bovada,player_points,Josh Giddey,Over,23.5,155,2025-12-15,2025-12-14T23:49:19Z,2025-12-14 15:50:05
Bovada,player_points,Josh Giddey,Under,23.5,-210,2025-12-15,2025-12-14T23:49:19Z,2025-12-14 15:50:05
Bovada,player_points,Josh Giddey,Over,24.5,190,2025-12-15,2025-12-14T23:49:19Z,2025-12-14 15:50:05
Bovada,player_points,Josh Giddey,Under,24.5,-260,2025-12-15,2025-12-14T23:49:19Z,2025-12-14 15:50:05
Bovada,player_points,Kevin Huerter,Over,6.5,-250,2025-12-15,2025-12-14T23:49:19Z,2025-12-14 15:50:05
Bovada,player_points,Kevin Huerter,Under,6.5,185,2025-12-15,2025-12-14T23:49:19Z,2025-12-14 15:50:05
Bovada,player_points,Kevin Huerter,Over,7.5,-170,2025-12-15,2025-12-14T23:49:19Z,2025-12-14 15:50:05
Bovada,player_points,Kevin Huerter,Under,7.5,130,2025-12-15,2025-12-14T23:49:19Z,2025-12-14 15:50:05
Bovada,player_points,Kevin Huerter,Over,8.5,-120,2025-12-15,2025-12-14T23:49:19Z,2025-12-14 15:50:05
Bovada,player_points,Kevin Huerter,Under,8.5,-110,2025-12-15,2025-12-14T23:49:19Z,2025-12-14 15:50:05
Bovada,player_points,Kevin Huerter,Over,9.5,115,2025-12-15,2025-12-14T23:49:19Z,2025-12-14 15:50:05
Bovada,player_points,Kevin Huerter,Under,9.5,-150,2025-12-15,2025-12-14T23:49:19Z,2025-12-14 15:50:05
Bovada,player_points,Kevin Huerter,Over,10.5,155,2025-12-15,2025-12-14T23:49:19Z,2025-12-14 15:50:05
Bovada,player_points,Kevin Huerter,Under,10.5,-210,2025-12-15,2025-12-14T23:49:19Z,2025-12-14 15:50:05
Bovada,player_points,Kevin Huerter,Over,11.5,205,2025-12-15,2025-12-14T23:49:19Z,2025-12-14 15:50:05
Bovada,player_points,Kevin Huerter,Under,11.5,-280,2025-12-15,2025-12-14T23:49:19Z,2025-12-14 15:50:05
Bovada,player_points,Matas Buzelis,Over,10.5,-260,2025-12-15,2025-12-14T23:49:19Z,2025-12-14 15:50:05
Bovada,player_points,Matas Buzelis,Under,10.5,190,2025-12-15,2025-12-14T23:49:19Z,2025-12-14 15:50:05
Bovada,player_points,Matas Buzelis,Over,11.5,-185,2025-12-15,2025-12-14T23:49:19Z,2025-12-14 15:50:05
Bovada,player_points,Matas Buzelis,Under,11.5,140,2025-12-15,2025-12-14T23:49:19Z,2025-12-14 15:50:05
Bovada,player_points,Matas Buzelis,Over,12.5,-135,2025-12-15,2025-12-14T23:49:19Z,2025-12-14 15:50:05
Bovada,player_points,Matas Buzelis,Under,12.5,105,2025-12-15,2025-12-14T23:49:19Z,2025-12-14 15:50:05
Bovada,player_points,Matas Buzelis,Over,13.5,-105,2025-12-15,2025-12-14T23:49:19Z,2025-12-14 15:50:05
Bovada,player_points,Matas Buzelis,Under,13.5,-125,2025-12-15,2025-12-14T23:49:19Z,2025-12-14 15:50:05
Bovada,player_points,Matas Buzelis,Over,14.5,120,2025-12-15,2025-12-14T23:49:19Z,2025-12-14 15:50:05
Bovada,player_points,Matas Buzelis,Under,14.5,-160,2025-12-15,2025-12-14T23:49:19Z,2025-12-14 15:50:05
Bovada,player_points,Matas Buzelis,Over,15.5,155,2025-12-15,2025-12-14T23:49:19Z,2025-12-14 15:50:05
Bovada,player_points,Matas Buzelis,Under,15.5,-210,2025-12-15,2025-12-14T23:49:19Z,2025-12-14 15:50:05
Bovada,player_points,Matas Buzelis,Over,16.5,200,2025-12-15,2025-12-14T23:49:19Z,2025-12-14 15:50:05
Bovada,player_points,Matas Buzelis,Under,16.5,-275,2025-12-15,2025-12-14T23:49:19Z,2025-12-14 15:50:05
Bovada,player_points,Nikola Vucevic,Over,12.5,-250,2025-12-15,2025-12-14T23:49:19Z,2025-12-14 15:50:05
Bovada,player_points,Nikola Vucevic,Under,12.5,185,2025-12-15,2025-12-14T23:49:19Z,2025-12-14 15:50:05
Bovada,player_points,Nikola Vucevic,Over,13.5,-185,2025-12-15,2025-12-14T23:49:19Z,2025-12-14 15:50:05
Bovada,player_points,Nikola Vucevic,Under,13.5,140,2025-12-15,2025-12-14T23:49:19Z,2025-12-14 15:50:05
Bovada,player_points,Nikola Vucevic,Over,14.5,-145,2025-12-15,2025-12-14T23:49:19Z,2025-12-14 15:50:05
Bovada,player_points,Nikola Vucevic,Under,14.5,110,2025-12-15,2025-12-14T23:49:19Z,2025-12-14 15:50:05
Bovada,player_points,Nikola Vucevic,Over,15.5,-110,2025-12-15,2025-12-14T23:49:19Z,2025-12-14 15:50:05
Bovada,player_points,Nikola Vucevic,Under,15.5,-120,2025-12-15,2025-12-14T23:49:19Z,2025-12-14 15:50:05
Bovada,player_points,Nikola Vucevic,Over,16.5,115,2025-12-15,2025-12-14T23:49:19Z,2025-12-14 15:50:05
Bovada,player_points,Nikola Vucevic,Under,16.5,-150,2025-12-15,2025-12-14T23:49:19Z,2025-12-14 15:50:05
Bovada,player_points,Nikola Vucevic,Over,17.5,150,2025-12-15,2025-12-14T23:49:19Z,2025-12-14 15:50:05
Bovada,player_points,Nikola Vucevic,Under,17.5,-200,2025-12-15,2025-12-14T23:49:19Z,2025-12-14 15:50:05
Bovada,player_points,Nikola Vucevic,Over,18.5,185,2025-12-15,2025-12-14T23:49:19Z,2025-12-14 15:50:05
Bovada,player_points,Nikola Vucevic,Under,18.5,-250,2025-12-15,2025-12-14T23:49:19Z,2025-12-14 15:50:05
Bovada,player_points,Patrick Williams,Over,5.5,-240,2025-12-15,2025-12-14T23:49:19Z,2025-12-14 15:50:05
Bovada,player_points,Patrick Williams,Under,5.5,175,2025-12-15,2025-12-14T23:49:19Z,2025-12-14 15:50:05
Bovada,player_points,Patrick Williams,Over,6.5,-160,2025-12-15,2025-12-14T23:49:19Z,2025-12-14 15:50:05
Bovada,player_points,Patrick Williams,Under,6.5,120,2025-12-15,2025-12-14T23:49:19Z,2025-12-14 15:50:05
Bovada,player_points,Patrick Williams,Over,7.5,-110,2025-12-15,2025-12-14T23:49:19Z,2025-12-14 15:50:05
Bovada,player_points,Patrick Williams,Under,7.5,-120,2025-12-15,2025-12-14T23:49:19Z,2025-12-14 15:50:05
Bovada,player_points,Patrick Williams,Over,8.5,130,2025-12-15,2025-12-14T23:49:19Z,2025-12-14 15:50:05
Bovada,player_points,Patrick Williams,Under,8.5,-170,2025-12-15,2025-12-14T23:49:19Z,2025-12-14 15:50:05
Bovada,player_points,Patrick Williams,Over,9.5,175,2025-12-15,2025-12-14T23:49:19Z,2025-12-14 15:50:05
Bovada,player_points,Patrick Williams,Under,9.5,-240,2025-12-15,2025-12-14T23:49:19Z,2025-12-14 15:50:05
Bovada,player_points,Saddiq Bey,Over,10.5,-260,2025-12-15,2025-12-14T23:49:19Z,2025-12-14 15:50:05
Bovada,player_points,Saddiq Bey,Under,10.5,190,2025-12-15,2025-12-14T23:49:19Z,2025-12-14 15:50:05
Bovada,player_points,Saddiq Bey,Over,11.5,-185,2025-12-15,2025-12-14T23:49:19Z,2025-12-14 15:50:05
Bovada,player_points,Saddiq Bey,Under,11.5,140,2025-12-15,2025-12-14T23:49:19Z,2025-12-14 15:50:05
Bovada,player_points,Saddiq Bey,Over,12.5,-135,2025-12-15,2025-12-14T23:49:19Z,2025-12-14 15:50:05
Bovada,player_points,Saddiq Bey,Under,12.5,105,2025-12-15,2025-12-14T23:49:19Z,2025-12-14 15:50:05
Bovada,player_points,Saddiq Bey,Over,13.5,-105,2025-12-15,2025-12-14T23:49:19Z,2025-12-14 15:50:05
Bovada,player_points,Saddiq Bey,Under,13.5,-125,2025-12-15,2025-12-14T23:49:19Z,2025-12-14 15:50:05
Bovada,player_points,Saddiq Bey,Over,14.5,120,2025-12-15,2025-12-14T23:49:19Z,2025-12-14 15:50:05
Bovada,player_points,Saddiq Bey,Under,14.5,-160,2025-12-15,2025-12-14T23:49:19Z,2025-12-14 15:50:05
Bovada,player_points,Saddiq Bey,Over,15.5,155,2025-12-15,2025-12-14T23:49:19Z,2025-12-14 15:50:05
Bovada,player_points,Saddiq Bey,Under,15.5,-210,2025-12-15,2025-12-14T23:49:19Z,2025-12-14 15:50:05
Bovada,player_points,Tre Jones,Over,8.5,-260,2025-12-15,2025-12-14T23:49:19Z,2025-12-14 15:50:05
Bovada,player_points,Tre Jones,Under,8.5,190,2025-12-15,2025-12-14T23:49:19Z,2025-12-14 15:50:05
Bovada,player_points,Tre Jones,Over,9.5,-180,2025-12-15,2025-12-14T23:49:19Z,2025-12-14 15:50:05
Bovada,player_points,Tre Jones,Under,9.5,135,2025-12-15,2025-12-14T23:49:19Z,2025-12-14 15:50:05
Bovada,player_points,Tre Jones,Over,10.5,-130,2025-12-15,2025-12-14T23:49:19Z,2025-12-14 15:50:05
Bovada,player_points,Tre Jones,Under,10.5,100,2025-12-15,2025-12-14T23:49:19Z,2025-12-14 15:50:05
Bovada,player_points,Tre Jones,Over,11.5,105,2025-12-15,2025-12-14T23:49:19Z,2025-12-14 15:50:05
Bovada,player_points,Tre Jones,Under,11.5,-135,2025-12-15,2025-12-14T23:49:19Z,2025-12-14 15:50:05
Bovada,player_points,Tre Jones,Over,12.5,135,2025-12-15,2025-12-14T23:49:19Z,2025-12-14 15:50:05
Bovada,player_points,Tre Jones,Under,12.5,-180,2025-12-15,2025-12-14T23:49:19Z,2025-12-14 15:50:05
Bovada,player_points,Tre Jones,Over,13.5,175,2025-12-15,2025-12-14T23:49:19Z,2025-12-14 15:50:05
Bovada,player_points,Tre Jones,Under,13.5,-240,2025-12-15,2025-12-14T23:49:19Z,2025-12-14 15:50:05
Bovada,player_points,Trey Murphy III,Over,16.5,-230,2025-12-15,2025-12-14T23:49:19Z,2025-12-14 15:50:05
Bovada,player_points,Trey Murphy III,Under,16.5,170,2025-12-15,2025-12-14T23:49:19Z,2025-12-14 15:50:05
Bovada,player_points,Trey Murphy III,Over,17.5,-180,2025-12-15,2025-12-14T23:49:19Z,2025-12-14 15:50:05
Bovada,player_points,Trey Murphy III,Under,17.5,135,2025-12-15,2025-12-14T23:49:19Z,2025-12-14 15:50:05
Bovada,player_points,Trey Murphy III,Over,18.5,-135,2025-12-15,2025-12-14T23:49:19Z,2025-12-14 15:50:05
Bovada,player_points,Trey Murphy III,Under,18.5,105,2025-12-15,2025-12-14T23:49:19Z,2025-12-14 15:50:05
Bovada,player_points,Trey Murphy III,Over,19.5,-110,2025-12-15,2025-12-14T23:49:19Z,2025-12-14 15:50:05
Bovada,player_points,Trey Murphy III,Under,19.5,-120,2025-12-15,2025-12-14T23:49:19Z,2025-12-14 15:50:05
Bovada,player_points,Trey Murphy III,Over,20.5,115,2025-12-15,2025-12-14T23:49:19Z,2025-12-14 15:50:05
Bovada,player_points,Trey Murphy III,Under,20.5,-150,2025-12-15,2025-12-14T23:49:19Z,2025-12-14 15:50:05
Bovada,player_points,Trey Murphy III,Over,21.5,140,2025-12-15,2025-12-14T23:49:19Z,2025-12-14 15:50:05
Bovada,player_points,Trey Murphy III,Under,21.5,-185,2025-12-15,2025-12-14T23:49:19Z,2025-12-14 15:50:05
Bovada,player_points,Trey Murphy III,Over,22.5,170,2025-12-15,2025-12-14T23:49:19Z,2025-12-14 15:50:05
Bovada,player_points,Trey Murphy III,Under,22.5,-230,2025-12-15,2025-12-14T23:49:19Z,2025-12-14 15:50:05
Bovada,player_points,Trey Murphy III,Over,23.5,210,2025-12-15,2025-12-14T23:49:19Z,2025-12-14 15:50:05
Bovada,player_points,Trey Murphy III,Under,23.5,-290,2025-12-15,2025-12-14T23:49:19Z,2025-12-14 15:50:05
Bovada,player_points,Zion Williamson,Over,13.5,-275,2025-12-15,2025-12-14T23:49:19Z,2025-12-14 15:50:05
Bovada,player_points,Zion Williamson,Under,13.5,200,2025-12-15,2025-12-14T23:49:19Z,2025-12-14 15:50:05
Bovada,player_points,Zion Williamson,Over,14.5,-210,2025-12-15,2025-12-14T23:49:19Z,2025-12-14 15:50:05
Bovada,player_points,Zion Williamson,Under,14.5,155,2025-12-15,2025-12-14T23:49:19Z,2025-12-14 15:50:05
Bovada,player_points,Zion Williamson,Over,15.5,-160,2025-12-15,2025-12-14T23:49:19Z,2025-12-14 15:50:05
Bovada,player_points,Zion Williamson,Under,15.5,120,2025-12-15,2025-12-14T23:49:19Z,2025-12-14 15:50:05
Bovada,player_points,Zion Williamson,Over,16.5,-120,2025-12-15,2025-12-14T23:49:19Z,2025-12-14 15:50:05
Bovada,player_points,Zion Williamson,Under,16.5,-110,2025-12-15,2025-12-14T23:49:19Z,2025-12-14 15:50:05
Bovada,player_points,Zion Williamson,Over,17.5,105,2025-12-15,2025-12-14T23:49:19Z,2025-12-14 15:50:05
Bovada,player_points,Zion Williamson,Under,17.5,-135,2025-12-15,2025-12-14T23:49:19Z,2025-12-14 15:50:05
Bovada,player_points,Zion Williamson,Over,18.5,130,2025-12-15,2025-12-14T23:49:19Z,2025-12-14 15:50:05
Bovada,player_points,Zion Williamson,Under,18.5,-170,2025-12-15,2025-12-14T23:49:19Z,2025-12-14 15:50:05
Bovada,player_points,Zion Williamson,Over,19.5,165,2025-12-15,2025-12-14T23:49:19Z,2025-12-14 15:50:05
Bovada,player_points,Zion Williamson,Under,19.5,-220,2025-12-15,2025-12-14T23:49:19Z,2025-12-14 15:50:05
Bovada,player_points,Zion Williamson,Over,20.5,205,2025-12-15,2025-12-14T23:49:19Z,2025-12-14 15:50:05
Bovada,player_points,Zion Williamson,Under,20.5,-280,2025-12-15,2025-12-14T23:49:19Z,2025-12-14 15:50:05
Bovada,player_points,DeMar DeRozan,Over,14.5,-280,2025-12-15,2025-12-14T23:49:50Z,2025-12-14 15:50:05
Bovada,player_points,DeMar DeRozan,Under,14.5,205,2025-12-15,2025-12-14T23:49:50Z,2025-12-14 15:50:05
Bovada,player_points,DeMar DeRozan,Over,15.5,-210,2025-12-15,2025-12-14T23:49:50Z,2025-12-14 15:50:05
Bovada,player_points,DeMar DeRozan,Under,15.5,155,2025-12-15,2025-12-14T23:49:50Z,2025-12-14 15:50:05
Bovada,player_points,DeMar DeRozan,Over,16.5,-160,2025-12-15,2025-12-14T23:49:50Z,2025-12-14 15:50:05
Bovada,player_points,DeMar DeRozan,Under,16.5,120,2025-12-15,2025-12-14T23:49:50Z,2025-12-14 15:50:05
Bovada,player_points,DeMar DeRozan,Over,17.5,-125,2025-12-15,2025-12-14T23:49:50Z,2025-12-14 15:50:05
Bovada,player_points,DeMar DeRozan,Under,17.5,-105,2025-12-15,2025-12-14T23:49:50Z,2025-12-14 15:50:05
Bovada,player_points,DeMar DeRozan,Over,18.5,100,2025-12-15,2025-12-14T23:49:50Z,2025-12-14 15:50:05
Bovada,player_points,DeMar DeRozan,Under,18.5,-130,2025-12-15,2025-12-14T23:49:50Z,2025-12-14 15:50:05
Bovada,player_points,DeMar DeRozan,Over,19.5,125,2025-12-15,2025-12-14T23:49:50Z,2025-12-14 15:50:05
Bovada,player_points,DeMar DeRozan,Under,19.5,-165,2025-12-15,2025-12-14T23:49:50Z,2025-12-14 15:50:05
Bovada,player_points,DeMar DeRozan,Over,20.5,155,2025-12-15,2025-12-14T23:49:50Z,2025-12-14 15:50:05
Bovada,player_points,DeMar DeRozan,Under,20.5,-210,2025-12-15,2025-12-14T23:49:50Z,2025-12-14 15:50:05
Bovada,player_points,DeMar DeRozan,Over,21.5,190,2025-12-15,2025-12-14T23:49:50Z,2025-12-14 15:50:05
Bovada,player_points,DeMar DeRozan,Under,21.5,-260,2025-12-15,2025-12-14T23:49:50Z,2025-12-14 15:50:05
Bovada,player_points,Dennis Schroder,Over,7.5,-230,2025-12-15,2025-12-14T23:49:50Z,2025-12-14 15:50:05
Bovada,player_points,Dennis Schroder,Under,7.5,170,2025-12-15,2025-12-14T23:49:50Z,2025-12-14 15:50:05
Bovada,player_points,Dennis Schroder,Over,8.5,-160,2025-12-15,2025-12-14T23:49:50Z,2025-12-14 15:50:05
Bovada,player_points,Dennis Schroder,Under,8.5,120,2025-12-15,2025-12-14T23:49:50Z,2025-12-14 15:50:05
Bovada,player_points,Dennis Schroder,Over,9.5,-115,2025-12-15,2025-12-14T23:49:50Z,2025-12-14 15:50:05
Bovada,player_points,Dennis Schroder,Under,9.5,-115,2025-12-15,2025-12-14T23:49:50Z,2025-12-14 15:50:05
Bovada,player_points,Dennis Schroder,Over,10.5,120,2025-12-15,2025-12-14T23:49:50Z,2025-12-14 15:50:05
Bovada,player_points,Dennis Schroder,Under,10.5,-160,2025-12-15,2025-12-14T23:49:50Z,2025-12-14 15:50:05
Bovada,player_points,Dennis Schroder,Over,11.5,155,2025-12-15,2025-12-14T23:49:50Z,2025-12-14 15:50:05
Bovada,player_points,Dennis Schroder,Under,11.5,-210,2025-12-15,2025-12-14T23:49:50Z,2025-12-14 15:50:05
Bovada,player_points,Dennis Schroder,Over,12.5,205,2025-12-15,2025-12-14T23:49:50Z,2025-12-14 15:50:05
Bovada,player_points,Dennis Schroder,Under,12.5,-280,2025-12-15,2025-12-14T23:49:50Z,2025-12-14 15:50:05
Bovada,player_points,Donte DiVincenzo,Over,12.5,-220,2025-12-15,2025-12-14T23:49:50Z,2025-12-14 15:50:05
Bovada,player_points,Donte DiVincenzo,Under,12.5,165,2025-12-15,2025-12-14T23:49:50Z,2025-12-14 15:50:05
Bovada,player_points,Donte DiVincenzo,Over,13.5,-165,2025-12-15,2025-12-14T23:49:50Z,2025-12-14 15:50:05
Bovada,player_points,Donte DiVincenzo,Under,13.5,125,2025-12-15,2025-12-14T23:49:50Z,2025-12-14 15:50:05
Bovada,player_points,Donte DiVincenzo,Over,14.5,-125,2025-12-15,2025-12-14T23:49:50Z,2025-12-14 15:50:05
Bovada,player_points,Donte DiVincenzo,Under,14.5,-105,2025-12-15,2025-12-14T23:49:50Z,2025-12-14 15:50:05
Bovada,player_points,Donte DiVincenzo,Over,15.5,105,2025-12-15,2025-12-14T23:49:50Z,2025-12-14 15:50:05
Bovada,player_points,Donte DiVincenzo,Under,15.5,-135,2025-12-15,2025-12-14T23:49:50Z,2025-12-14 15:50:05
Bovada,player_points,Donte DiVincenzo,Over,16.5,130,2025-12-15,2025-12-14T23:49:50Z,2025-12-14 15:50:05
Bovada,player_points,Donte DiVincenzo,Under,16.5,-170,2025-12-15,2025-12-14T23:49:50Z,2025-12-14 15:50:05
Bovada,player_points,Donte DiVincenzo,Over,17.5,165,2025-12-15,2025-12-14T23:49:50Z,2025-12-14 15:50:05
Bovada,player_points,Donte DiVincenzo,Under,17.5,-220,2025-12-15,2025-12-14T23:49:50Z,2025-12-14 15:50:05
Bovada,player_points,Donte DiVincenzo,Over,18.5,210,2025-12-15,2025-12-14T23:49:50Z,2025-12-14 15:50:05
Bovada,player_points,Donte DiVincenzo,Under,18.5,-290,2025-12-15,2025-12-14T23:49:50Z,2025-12-14 15:50:05
Bovada,player_points,Jaden McDaniels,Over,14.5,-260,2025-12-15,2025-12-14T23:49:50Z,2025-12-14 15:50:05
Bovada,player_points,Jaden McDaniels,Under,14.5,190,2025-12-15,2025-12-14T23:49:50Z,2025-12-14 15:50:05
Bovada,player_points,Jaden McDaniels,Over,15.5,-190,2025-12-15,2025-12-14T23:49:50Z,2025-12-14 15:50:05
Bovada,player_points,Jaden McDaniels,Under,15.5,145,2025-12-15,2025-12-14T23:49:50Z,2025-12-14 15:50:05
Bovada,player_points,Jaden McDaniels,Over,16.5,-150,2025-12-15,2025-12-14T23:49:50Z,2025-12-14 15:50:05
Bovada,player_points,Jaden McDaniels,Under,16.5,115,2025-12-15,2025-12-14T23:49:50Z,2025-12-14 15:50:05
Bovada,player_points,Jaden McDaniels,Over,17.5,-120,2025-12-15,2025-12-14T23:49:50Z,2025-12-14 15:50:05
Bovada,player_points,Jaden McDaniels,Under,17.5,-110,2025-12-15,2025-12-14T23:49:50Z,2025-12-14 15:50:05
Bovada,player_points,Jaden McDaniels,Over,18.5,105,2025-12-15,2025-12-14T23:49:50Z,2025-12-14 15:50:05
Bovada,player_points,Jaden McDaniels,Under,18.5,-135,2025-12-15,2025-12-14T23:49:50Z,2025-12-14 15:50:05
Bovada,player_points,Jaden McDaniels,Over,19.5,135,2025-12-15,2025-12-14T23:49:50Z,2025-12-14 15:50:05
Bovada,player_points,Jaden McDaniels,Under,19.5,-180,2025-12-15,2025-12-14T23:49:50Z,2025-12-14 15:50:05
Bovada,player_points,Jaden McDaniels,Over,20.5,165,2025-12-15,2025-12-14T23:49:50Z,2025-12-14 15:50:05
Bovada,player_points,Jaden McDaniels,Under,20.5,-220,2025-12-15,2025-12-14T23:49:50Z,2025-12-14 15:50:05
Bovada,player_points,Jaden McDaniels,Over,21.5,205,2025-12-15,2025-12-14T23:49:50Z,2025-12-14 15:50:05
Bovada,player_points,Jaden McDaniels,Under,21.5,-280,2025-12-15,2025-12-14T23:49:50Z,2025-12-14 15:50:05
Bovada,player_points,Julius Randle,Over,22.5,-260,2025-12-15,2025-12-14T23:49:50Z,2025-12-14 15:50:05
Bovada,player_points,Julius Randle,Under,22.5,190,2025-12-15,2025-12-14T23:49:50Z,2025-12-14 15:50:05
Bovada,player_points,Julius Randle,Over,23.5,-210,2025-12-15,2025-12-14T23:49:50Z,2025-12-14 15:50:05
Bovada,player_points,Julius Randle,Under,23.5,155,2025-12-15,2025-12-14T23:49:50Z,2025-12-14 15:50:05
Bovada,player_points,Julius Randle,Over,24.5,-165,2025-12-15,2025-12-14T23:49:50Z,2025-12-14 15:50:05
Bovada,player_points,Julius Randle,Under,24.5,125,2025-12-15,2025-12-14T23:49:50Z,2025-12-14 15:50:05
Bovada,player_points,Julius Randle,Over,25.5,-135,2025-12-15,2025-12-14T23:49:50Z,2025-12-14 15:50:05
Bovada,player_points,Julius Randle,Under,25.5,105,2025-12-15,2025-12-14T23:49:50Z,2025-12-14 15:50:05
Bovada,player_points,Julius Randle,Over,26.5,-110,2025-12-15,2025-12-14T23:49:50Z,2025-12-14 15:50:05
Bovada,player_points,Julius Randle,Under,26.5,-120,2025-12-15,2025-12-14T23:49:50Z,2025-12-14 15:50:05
Bovada,player_points,Julius Randle,Over,27.5,110,2025-12-15,2025-12-14T23:49:50Z,2025-12-14 15:50:05
Bovada,player_points,Julius Randle,Under,27.5,-145,2025-12-15,2025-12-14T23:49:50Z,2025-12-14 15:50:05
Bovada,player_points,Julius Randle,Over,28.5,130,2025-12-15,2025-12-14T23:49:50Z,2025-12-14 15:50:05
Bovada,player_points,Julius Randle,Under,28.5,-170,2025-12-15,2025-12-14T23:49:50Z,2025-12-14 15:50:05
Bovada,player_points,Julius Randle,Over,29.5,155,2025-12-15,2025-12-14T23:49:50Z,2025-12-14 15:50:05
Bovada,player_points,Julius Randle,Under,29.5,-210,2025-12-15,2025-12-14T23:49:50Z,2025-12-14 15:50:05
Bovada,player_points,Julius Randle,Over,30.5,190,2025-12-15,2025-12-14T23:49:50Z,2025-12-14 15:50:05
Bovada,player_points,Julius Randle,Under,30.5,-260,2025-12-15,2025-12-14T23:49:50Z,2025-12-14 15:50:05
Bovada,player_points,Keegan Murray,Over,10.5,-300,2025-12-15,2025-12-14T23:49:50Z,2025-12-14 15:50:05
Bovada,player_points,Keegan Murray,Under,10.5,215,2025-12-15,2025-12-14T23:49:50Z,2025-12-14 15:50:05
Bovada,player_points,Keegan Murray,Over,11.5,-215,2025-12-15,2025-12-14T23:49:50Z,2025-12-14 15:50:05
Bovada,player_points,Keegan Murray,Under,11.5,160,2025-12-15,2025-12-14T23:49:50Z,2025-12-14 15:50:05
Bovada,player_points,Keegan Murray,Over,12.5,-160,2025-12-15,2025-12-14T23:49:50Z,2025-12-14 15:50:05
Bovada,player_points,Keegan Murray,Under,12.5,120,2025-12-15,2025-12-14T23:49:50Z,2025-12-14 15:50:05
Bovada,player_points,Keegan Murray,Over,13.5,-120,2025-12-15,2025-12-14T23:49:50Z,2025-12-14 15:50:05
Bovada,player_points,Keegan Murray,Under,13.5,-110,2025-12-15,2025-12-14T23:49:50Z,2025-12-14 15:50:05
Bovada,player_points,Keegan Murray,Over,14.5,110,2025-12-15,2025-12-14T23:49:50Z,2025-12-14 15:50:05
Bovada,player_points,Keegan Murray,Under,14.5,-145,2025-12-15,2025-12-14T23:49:50Z,2025-12-14 15:50:05
Bovada,player_points,Keegan Murray,Over,15.5,140,2025-12-15,2025-12-14T23:49:50Z,2025-12-14 15:50:05
Bovada,player_points,Keegan Murray,Under,15.5,-185,2025-12-15,2025-12-14T23:49:50Z,2025-12-14 15:50:05
Bovada,player_points,Keegan Murray,Over,16.5,175,2025-12-15,2025-12-14T23:49:50Z,2025-12-14 15:50:05
Bovada,player_points,Keegan Murray,Under,16.5,-240,2025-12-15,2025-12-14T23:49:50Z,2025-12-14 15:50:05
Bovada,player_points,Maxime Raynaud,Over,9.5,-215,2025-12-15,2025-12-14T23:49:50Z,2025-12-14 15:50:05
Bovada,player_points,Maxime Raynaud,Under,9.5,160,2025-12-15,2025-12-14T23:49:50Z,2025-12-14 15:50:05
Bovada,player_points,Maxime Raynaud,Over,10.5,-150,2025-12-15,2025-12-14T23:49:50Z,2025-12-14 15:50:05
Bovada,player_points,Maxime Raynaud,Under,10.5,115,2025-12-15,2025-12-14T23:49:50Z,2025-12-14 15:50:05
Bovada,player_points,Maxime Raynaud,Over,11.5,-115,2025-12-15,2025-12-14T23:49:50Z,2025-12-14 15:50:05
Bovada,player_points,Maxime Raynaud,Under,11.5,-115,2025-12-15,2025-12-14T23:49:50Z,2025-12-14 15:50:05
Bovada,player_points,Maxime Raynaud,Over,12.5,115,2025-12-15,2025-12-14T23:49:50Z,2025-12-14 15:50:05
Bovada,player_points,Maxime Raynaud,Under,12.5,-150,2025-12-15,2025-12-14T23:49:50Z,2025-12-14 15:50:05
Bovada,player_points,Maxime Raynaud,Over,13.5,150,2025-12-15,2025-12-14T23:49:50Z,2025-12-14 15:50:05
Bovada,player_points,Maxime Raynaud,Under,13.5,-200,2025-12-15,2025-12-14T23:49:50Z,2025-12-14 15:50:05
Bovada,player_points,Maxime Raynaud,Over,14.5,190,2025-12-15,2025-12-14T23:49:50Z,2025-12-14 15:50:05
Bovada,player_points,Maxime Raynaud,Under,14.5,-260,2025-12-15,2025-12-14T23:49:50Z,2025-12-14 15:50:05
Bovada,player_points,Naz Reid,Over,14.5,-220,2025-12-15,2025-12-14T23:49:50Z,2025-12-14 15:50:05
Bovada,player_points,Naz Reid,Under,14.5,165,2025-12-15,2025-12-14T23:49:50Z,2025-12-14 15:50:05
Bovada,player_points,Naz Reid,Over,15.5,-170,2025-12-15,2025-12-14T23:49:50Z,2025-12-14 15:50:05
Bovada,player_points,Naz Reid,Under,15.5,130,2025-12-15,2025-12-14T23:49:50Z,2025-12-14 15:50:05
Bovada,player_points,Naz Reid,Over,16.5,-130,2025-12-15,2025-12-14T23:49:50Z,2025-12-14 15:50:05
Bovada,player_points,Naz Reid,Under,16.5,100,2025-12-15,2025-12-14T23:49:50Z,2025-12-14 15:50:05
Bovada,player_points,Naz Reid,Over,17.5,-105,2025-12-15,2025-12-14T23:49:50Z,2025-12-14 15:50:05
Bovada,player_points,Naz Reid,Under,17.5,-125,2025-12-15,2025-12-14T23:49:50Z,2025-12-14 15:50:05
Bovada,player_points,Naz Reid,Over,18.5,120,2025-12-15,2025-12-14T23:49:50Z,2025-12-14 15:50:05
Bovada,player_points,Naz Reid,Under,18.5,-160,2025-12-15,2025-12-14T23:49:50Z,2025-12-14 15:50:05
Bovada,player_points,Naz Reid,Over,19.5,150,2025-12-15,2025-12-14T23:49:50Z,2025-12-14 15:50:05
Bovada,player_points,Naz Reid,Under,19.5,-200,2025-12-15,2025-12-14T23:49:50Z,2025-12-14 15:50:05
Bovada,player_points,Naz Reid,Over,20.5,190,2025-12-15,2025-12-14T23:49:50Z,2025-12-14 15:50:05
Bovada,player_points,Naz Reid,Under,20.5,-260,2025-12-15,2025-12-14T23:49:50Z,2025-12-14 15:50:05
Bovada,player_points,Rudy Gobert,Over,10.5,-230,2025-12-15,2025-12-14T23:49:50Z,2025-12-14 15:50:05
Bovada,player_points,Rudy Gobert,Under,10.5,170,2025-12-15,2025-12-14T23:49:50Z,2025-12-14 15:50:05
Bovada,player_points,Rudy Gobert,Over,11.5,-165,2025-12-15,2025-12-14T23:49:50Z,2025-12-14 15:50:05
Bovada,player_points,Rudy Gobert,Under,11.5,125,2025-12-15,2025-12-14T23:49:50Z,2025-12-14 15:50:05
Bovada,player_points,Rudy Gobert,Over,12.5,-125,2025-12-15,2025-12-14T23:49:50Z,2025-12-14 15:50:05
Bovada,player_points,Rudy Gobert,Under,12.5,-105,2025-12-15,2025-12-14T23:49:50Z,2025-12-14 15:50:05
Bovada,player_points,Rudy Gobert,Over,13.5,105,2025-12-15,2025-12-14T23:49:50Z,2025-12-14 15:50:05
Bovada,player_points,Rudy Gobert,Under,13.5,-135,2025-12-15,2025-12-14T23:49:50Z,2025-12-14 15:50:05
Bovada,player_points,Rudy Gobert,Over,14.5,135,2025-12-15,2025-12-14T23:49:50Z,2025-12-14 15:50:05
Bovada,player_points,Rudy Gobert,Under,14.5,-180,2025-12-15,2025-12-14T23:49:50Z,2025-12-14 15:50:05
Bovada,player_points,Rudy Gobert,Over,15.5,170,2025-12-15,2025-12-14T23:49:50Z,2025-12-14 15:50:05
Bovada,player_points,Rudy Gobert,Under,15.5,-230,2025-12-15,2025-12-14T23:49:50Z,2025-12-14 15:50:05
Bovada,player_points,Russell Westbrook,Over,9.5,-240,2025-12-15,2025-12-14T23:49:50Z,2025-12-14 15:50:05
Bovada,player_points,Russell Westbrook,Under,9.5,175,2025-12-15,2025-12-14T23:49:50Z,2025-12-14 15:50:05
Bovada,player_points,Russell Westbrook,Over,10.5,-170,2025-12-15,2025-12-14T23:49:50Z,2025-12-14 15:50:05
Bovada,player_points,Russell Westbrook,Under,10.5,130,2025-12-15,2025-12-14T23:49:50Z,2025-12-14 15:50:05
Bovada,player_points,Russell Westbrook,Over,11.5,-125,2025-12-15,2025-12-14T23:49:50Z,2025-12-14 15:50:05
Bovada,player_points,Russell Westbrook,Under,11.5,-105,2025-12-15,2025-12-14T23:49:50Z,2025-12-14 15:50:05
Bovada,player_points,Russell Westbrook,Over,12.5,105,2025-12-15,2025-12-14T23:49:50Z,2025-12-14 15:50:05
Bovada,player_points,Russell Westbrook,Under,12.5,-135,2025-12-15,2025-12-14T23:49:50Z,2025-12-14 15:50:05
Bovada,player_points,Russell Westbrook,Over,13.5,135,2025-12-15,2025-12-14T23:49:50Z,2025-12-14 15:50:05
Bovada,player_points,Russell Westbrook,Under,13.5,-180,2025-12-15,2025-12-14T23:49:50Z,2025-12-14 15:50:05
Bovada,player_points,Russell Westbrook,Over,14.5,175,2025-12-15,2025-12-14T23:49:50Z,2025-12-14 15:50:05
Bovada,player_points,Russell Westbrook,Under,14.5,-240,2025-12-15,2025-12-14T23:49:50Z,2025-12-14 15:50:05
Bovada,player_points,Zach LaVine,Over,16.5,-250,2025-12-15,2025-12-14T23:49:50Z,2025-12-14 15:50:05
Bovada,player_points,Zach LaVine,Under,16.5,185,2025-12-15,2025-12-14T23:49:50Z,2025-12-14 15:50:05
Bovada,player_points,Zach LaVine,Over,17.5,-190,2025-12-15,2025-12-14T23:49:50Z,2025-12-14 15:50:05
Bovada,player_points,Zach LaVine,Under,17.5,145,2025-12-15,2025-12-14T23:49:50Z,2025-12-14 15:50:05
Bovada,player_points,Zach LaVine,Over,18.5,-150,2025-12-15,2025-12-14T23:49:50Z,2025-12-14 15:50:05
Bovada,player_points,Zach LaVine,Under,18.5,115,2025-12-15,2025-12-14T23:49:50Z,2025-12-14 15:50:05
Bovada,player_points,Zach LaVine,Over,19.5,-120,2025-12-15,2025-12-14T23:49:50Z,2025-12-14 15:50:05
Bovada,player_points,Zach LaVine,Under,19.5,-110,2025-12-15,2025-12-14T23:49:50Z,2025-12-14 15:50:05
Bovada,player_points,Zach LaVine,Over,20.5,105,2025-12-15,2025-12-14T23:49:50Z,2025-12-14 15:50:05
Bovada,player_points,Zach LaVine,Under,20.5,-135,2025-12-15,2025-12-14T23:49:50Z,2025-12-14 15:50:05
Bovada,player_points,Zach LaVine,Over,21.5,130,2025-12-15,2025-12-14T23:49:50Z,2025-12-14 15:50:05
Bovada,player_points,Zach LaVine,Under,21.5,-170,2025-12-15,2025-12-14T23:49:50Z,2025-12-14 15:50:05
Bovada,player_points,Zach LaVine,Over,22.5,160,2025-12-15,2025-12-14T23:49:50Z,2025-12-14 15:50:05
Bovada,player_points,Zach LaVine,Under,22.5,-215,2025-12-15,2025-12-14T23:49:50Z,2025-12-14 15:50:05
Bovada,player_points,Zach LaVine,Over,23.5,190,2025-12-15,2025-12-14T23:49:50Z,2025-12-14 15:50:05
Bovada,player_points,Zach LaVine,Under,23.5,-260,2025-12-15,2025-12-14T23:49:50Z,2025-12-14 15:50:05
Bovada,player_points,Deandre Ayton,Over,11.5,-220,2025-12-15,2025-12-14T23:49:30Z,2025-12-14 15:50:05
Bovada,player_points,Deandre Ayton,Under,11.5,165,2025-12-15,2025-12-14T23:49:30Z,2025-12-14 15:50:05
Bovada,player_points,Deandre Ayton,Over,12.5,-165,2025-12-15,2025-12-14T23:49:30Z,2025-12-14 15:50:05
Bovada,player_points,Deandre Ayton,Under,12.5,125,2025-12-15,2025-12-14T23:49:30Z,2025-12-14 15:50:05
Bovada,player_points,Deandre Ayton,Over,13.5,-125,2025-12-15,2025-12-14T23:49:30Z,2025-12-14 15:50:05
Bovada,player_points,Deandre Ayton,Under,13.5,-105,2025-12-15,2025-12-14T23:49:30Z,2025-12-14 15:50:05
Bovada,player_points,Deandre Ayton,Over,14.5,105,2025-12-15,2025-12-14T23:49:30Z,2025-12-14 15:50:05
Bovada,player_points,Deandre Ayton,Under,14.5,-135,2025-12-15,2025-12-14T23:49:30Z,2025-12-14 15:50:05
Bovada,player_points,Deandre Ayton,Over,15.5,135,2025-12-15,2025-12-14T23:49:30Z,2025-12-14 15:50:05
Bovada,player_points,Deandre Ayton,Under,15.5,-180,2025-12-15,2025-12-14T23:49:30Z,2025-12-14 15:50:05
Bovada,player_points,Deandre Ayton,Over,16.5,170,2025-12-15,2025-12-14T23:49:30Z,2025-12-14 15:50:05
Bovada,player_points,Deandre Ayton,Under,16.5,-230,2025-12-15,2025-12-14T23:49:30Z,2025-12-14 15:50:05
Bovada,player_points,Deandre Ayton,Over,17.5,215,2025-12-15,2025-12-14T23:49:30Z,2025-12-14 15:50:05
Bovada,player_points,Deandre Ayton,Under,17.5,-300,2025-12-15,2025-12-14T23:49:30Z,2025-12-14 15:50:05
Bovada,player_points,Devin Booker,Over,18.5,-290,2025-12-15,2025-12-14T23:49:30Z,2025-12-14 15:50:05
Bovada,player_points,Devin Booker,Under,18.5,210,2025-12-15,2025-12-14T23:49:30Z,2025-12-14 15:50:05
Bovada,player_points,Devin Booker,Over,19.5,-220,2025-12-15,2025-12-14T23:49:30Z,2025-12-14 15:50:05
Bovada,player_points,Devin Booker,Under,19.5,165,2025-12-15,2025-12-14T23:49:30Z,2025-12-14 15:50:05
Bovada,player_points,Devin Booker,Over,20.5,-180,2025-12-15,2025-12-14T23:49:30Z,2025-12-14 15:50:05
Bovada,player_points,Devin Booker,Under,20.5,135,2025-12-15,2025-12-14T23:49:30Z,2025-12-14 15:50:05
Bovada,player_points,Devin Booker,Over,21.5,-145,2025-12-15,2025-12-14T23:49:30Z,2025-12-14 15:50:05
Bovada,player_points,Devin Booker,Under,21.5,110,2025-12-15,2025-12-14T23:49:30Z,2025-12-14 15:50:05
Bovada,player_points,Devin Booker,Over,22.5,-115,2025-12-15,2025-12-14T23:49:30Z,2025-12-14 15:50:05
Bovada,player_points,Devin Booker,Under,22.5,-115,2025-12-15,2025-12-14T23:49:30Z,2025-12-14 15:50:05
Bovada,player_points,Devin Booker,Over,23.5,110,2025-12-15,2025-12-14T23:49:30Z,2025-12-14 15:50:05
Bovada,player_points,Devin Booker,Under,23.5,-145,2025-12-15,2025-12-14T23:49:30Z,2025-12-14 15:50:05
Bovada,player_points,Devin Booker,Over,24.5,130,2025-12-15,2025-12-14T23:49:30Z,2025-12-14 15:50:05
Bovada,player_points,Devin Booker,Under,24.5,-170,2025-12-15,2025-12-14T23:49:30Z,2025-12-14 15:50:05
Bovada,player_points,Devin Booker,Over,25.5,160,2025-12-15,2025-12-14T23:49:30Z,2025-12-14 15:50:05
Bovada,player_points,Devin Booker,Under,25.5,-215,2025-12-15,2025-12-14T23:49:30Z,2025-12-14 15:50:05
Bovada,player_points,Devin Booker,Over,26.5,190,2025-12-15,2025-12-14T23:49:30Z,2025-12-14 15:50:05
Bovada,player_points,Devin Booker,Under,26.5,-260,2025-12-15,2025-12-14T23:49:30Z,2025-12-14 15:50:05
Bovada,player_points,Dillon Brooks,Over,15.5,-275,2025-12-15,2025-12-14T23:49:30Z,2025-12-14 15:50:05
Bovada,player_points,Dillon Brooks,Under,15.5,200,2025-12-15,2025-12-14T23:49:30Z,2025-12-14 15:50:05
Bovada,player_points,Dillon Brooks,Over,16.5,-210,2025-12-15,2025-12-14T23:49:30Z,2025-12-14 15:50:05
Bovada,player_points,Dillon Brooks,Under,16.5,155,2025-12-15,2025-12-14T23:49:30Z,2025-12-14 15:50:05
Bovada,player_points,Dillon Brooks,Over,17.5,-160,2025-12-15,2025-12-14T23:49:30Z,2025-12-14 15:50:05
Bovada,player_points,Dillon Brooks,Under,17.5,120,2025-12-15,2025-12-14T23:49:30Z,2025-12-14 15:50:05
Bovada,player_points,Dillon Brooks,Over,18.5,-125,2025-12-15,2025-12-14T23:49:30Z,2025-12-14 15:50:05
Bovada,player_points,Dillon Brooks,Under,18.5,-105,2025-12-15,2025-12-14T23:49:30Z,2025-12-14 15:50:05
Bovada,player_points,Dillon Brooks,Over,19.5,100,2025-12-15,2025-12-14T23:49:30Z,2025-12-14 15:50:05
Bovada,player_points,Dillon Brooks,Under,19.5,-130,2025-12-15,2025-12-14T23:49:30Z,2025-12-14 15:50:05
Bovada,player_points,Dillon Brooks,Over,20.5,125,2025-12-15,2025-12-14T23:49:30Z,2025-12-14 15:50:05
Bovada,player_points,Dillon Brooks,Under,20.5,-165,2025-12-15,2025-12-14T23:49:30Z,2025-12-14 15:50:05
Bovada,player_points,Dillon Brooks,Over,21.5,155,2025-12-15,2025-12-14T23:49:30Z,2025-12-14 15:50:05
Bovada,player_points,Dillon Brooks,Under,21.5,-210,2025-12-15,2025-12-14T23:49:30Z,2025-12-14 15:50:05
Bovada,player_points,Dillon Brooks,Over,22.5,190,2025-12-15,2025-12-14T23:49:30Z,2025-12-14 15:50:05
Bovada,player_points,Dillon Brooks,Under,22.5,-260,2025-12-15,2025-12-14T23:49:30Z,2025-12-14 15:50:05
Bovada,player_points,Grayson Allen,Over,12.5,-290,2025-12-15,2025-12-14T23:49:30Z,2025-12-14 15:50:05
Bovada,player_points,Grayson Allen,Under,12.5,210,2025-12-15,2025-12-14T23:49:30Z,2025-12-14 15:50:05
Bovada,player_points,Grayson Allen,Over,13.5,-215,2025-12-15,2025-12-14T23:49:30Z,2025-12-14 15:50:05
Bovada,player_points,Grayson Allen,Under,13.5,160,2025-12-15,2025-12-14T23:49:30Z,2025-12-14 15:50:05
Bovada,player_points,Grayson Allen,Over,14.5,-165,2025-12-15,2025-12-14T23:49:30Z,2025-12-14 15:50:05
Bovada,player_points,Grayson Allen,Under,14.5,125,2025-12-15,2025-12-14T23:49:30Z,2025-12-14 15:50:05
Bovada,player_points,Grayson Allen,Over,15.5,-125,2025-12-15,2025-12-14T23:49:30Z,2025-12-14 15:50:05
Bovada,player_points,Grayson Allen,Under,15.5,-105,2025-12-15,2025-12-14T23:49:30Z,2025-12-14 15:50:05
Bovada,player_points,Grayson Allen,Over,16.5,105,2025-12-15,2025-12-14T23:49:30Z,2025-12-14 15:50:05
Bovada,player_points,Grayson Allen,Under,16.5,-135,2025-12-15,2025-12-14T23:49:30Z,2025-12-14 15:50:05
Bovada,player_points,Grayson Allen,Over,17.5,130,2025-12-15,2025-12-14T23:49:30Z,2025-12-14 15:50:05
Bovada,player_points,Grayson Allen,Under,17.5,-170,2025-12-15,2025-12-14T23:49:30Z,2025-12-14 15:50:05
Bovada,player_points,Grayson Allen,Over,18.5,165,2025-12-15,2025-12-14T23:49:30Z,2025-12-14 15:50:05
Bovada,player_points,Grayson Allen,Under,18.5,-220,2025-12-15,2025-12-14T23:49:30Z,2025-12-14 15:50:05
Bovada,player_points,Grayson Allen,Over,19.5,205,2025-12-15,2025-12-14T23:49:30Z,2025-12-14 15:50:05
Bovada,player_points,Grayson Allen,Under,19.5,-280,2025-12-15,2025-12-14T23:49:30Z,2025-12-14 15:50:05
Bovada,player_points,LeBron James,Over,16.5,-250,2025-12-15,2025-12-14T23:49:30Z,2025-12-14 15:50:05
Bovada,player_points,LeBron James,Under,16.5,185,2025-12-15,2025-12-14T23:49:30Z,2025-12-14 15:50:05
Bovada,player_points,LeBron James,Over,17.5,-190,2025-12-15,2025-12-14T23:49:30Z,2025-12-14 15:50:05
Bovada,player_points,LeBron James,Under,17.5,145,2025-12-15,2025-12-14T23:49:30Z,2025-12-14 15:50:05
Bovada,player_points,LeBron James,Over,18.5,-150,2025-12-15,2025-12-14T23:49:30Z,2025-12-14 15:50:05
Bovada,player_points,LeBron James,Under,18.5,115,2025-12-15,2025-12-14T23:49:30Z,2025-12-14 15:50:05
Bovada,player_points,LeBron James,Over,19.5,-120,2025-12-15,2025-12-14T23:49:30Z,2025-12-14 15:50:05
Bovada,player_points,LeBron James,Under,19.5,-110,2025-12-15,2025-12-14T23:49:30Z,2025-12-14 15:50:05
Bovada,player_points,LeBron James,Over,20.5,105,2025-12-15,2025-12-14T23:49:30Z,2025-12-14 15:50:05
Bovada,player_points,LeBron James,Under,20.5,-135,2025-12-15,2025-12-14T23:49:30Z,2025-12-14 15:50:05
Bovada,player_points,LeBron James,Over,21.5,130,2025-12-15,2025-12-14T23:49:30Z,2025-12-14 15:50:05
Bovada,player_points,LeBron James,Under,21.5,-170,2025-12-15,2025-12-14T23:49:30Z,2025-12-14 15:50:05
Bovada,player_points,LeBron James,Over,22.5,160,2025-12-15,2025-12-14T23:49:30Z,2025-12-14 15:50:05
Bovada,player_points,LeBron James,Under,22.5,-215,2025-12-15,2025-12-14T23:49:30Z,2025-12-14 15:50:05
Bovada,player_points,LeBron James,Over,23.5,190,2025-12-15,2025-12-14T23:49:30Z,2025-12-14 15:50:05
Bovada,player_points,LeBron James,Under,23.5,-260,2025-12-15,2025-12-14T23:49:30Z,2025-12-14 15:50:05
Bovada,player_points,Luka Doncic,Over,30.5,-260,2025-12-15,2025-12-14T23:49:30Z,2025-12-14 15:50:05
Bovada,player_points,Luka Doncic,Under,30.5,190,2025-12-15,2025-12-14T23:49:30Z,2025-12-14 15:50:05
Bovada,player_points,Luka Doncic,Over,31.5,-215,2025-12-15,2025-12-14T23:49:30Z,2025-12-14 15:50:05
Bovada,player_points,Luka Doncic,Under,31.5,160,2025-12-15,2025-12-14T23:49:30Z,2025-12-14 15:50:05
Bovada,player_points,Luka Doncic,Over,32.5,-180,2025-12-15,2025-12-14T23:49:30Z,2025-12-14 15:50:05
Bovada,player_points,Luka Doncic,Under,32.5,135,2025-12-15,2025-12-14T23:49:30Z,2025-12-14 15:50:05
Bovada,player_points,Luka Doncic,Over,33.5,-150,2025-12-15,2025-12-14T23:49:30Z,2025-12-14 15:50:05
Bovada,player_points,Luka Doncic,Under,33.5,115,2025-12-15,2025-12-14T23:49:30Z,2025-12-14 15:50:05
Bovada,player_points,Luka Doncic,Over,34.5,-125,2025-12-15,2025-12-14T23:49:30Z,2025-12-14 15:50:05
Bovada,player_points,Luka Doncic,Under,34.5,-105,2025-12-15,2025-12-14T23:49:30Z,2025-12-14 15:50:05
Bovada,player_points,Luka Doncic,Over,35.5,-105,2025-12-15,2025-12-14T23:49:30Z,2025-12-14 15:50:05
Bovada,player_points,Luka Doncic,Under,35.5,-125,2025-12-15,2025-12-14T23:49:30Z,2025-12-14 15:50:05
Bovada,player_points,Luka Doncic,Over,36.5,110,2025-12-15,2025-12-14T23:49:30Z,2025-12-14 15:50:05
Bovada,player_points,Luka Doncic,Under,36.5,-145,2025-12-15,2025-12-14T23:49:30Z,2025-12-14 15:50:05
Bovada,player_points,Luka Doncic,Over,37.5,130,2025-12-15,2025-12-14T23:49:30Z,2025-12-14 15:50:05
Bovada,player_points,Luka Doncic,Under,37.5,-170,2025-12-15,2025-12-14T23:49:30Z,2025-12-14 15:50:05
Bovada,player_points,Luka Doncic,Over,38.5,155,2025-12-15,2025-12-14T23:49:30Z,2025-12-14 15:50:05
Bovada,player_points,Luka Doncic,Under,38.5,-210,2025-12-15,2025-12-14T23:49:30Z,2025-12-14 15:50:05
Bovada,player_points,Luka Doncic,Over,39.5,180,2025-12-15,2025-12-14T23:49:30Z,2025-12-14 15:50:05
Bovada,player_points,Luka Doncic,Under,39.5,-245,2025-12-15,2025-12-14T23:49:30Z,2025-12-14 15:50:05
Bovada,player_points,Luka Doncic,Over,40.5,210,2025-12-15,2025-12-14T23:49:30Z,2025-12-14 15:50:05
Bovada,player_points,Luka Doncic,Under,40.5,-290,2025-12-15,2025-12-14T23:49:30Z,2025-12-14 15:50:05
Bovada,player_points,Marcus Smart,Over,7.5,-280,2025-12-15,2025-12-14T23:49:30Z,2025-12-14 15:50:05
Bovada,player_points,Marcus Smart,Under,7.5,205,2025-12-15,2025-12-14T23:49:30Z,2025-12-14 15:50:05
Bovada,player_points,Marcus Smart,Over,8.5,-190,2025-12-15,2025-12-14T23:49:30Z,2025-12-14 15:50:05
Bovada,player_points,Marcus Smart,Under,8.5,145,2025-12-15,2025-12-14T23:49:30Z,2025-12-14 15:50:05
Bovada,player_points,Marcus Smart,Over,9.5,-135,2025-12-15,2025-12-14T23:49:30Z,2025-12-14 15:50:05
Bovada,player_points,Marcus Smart,Under,9.5,105,2025-12-15,2025-12-14T23:49:30Z,2025-12-14 15:50:05
Bovada,player_points,Marcus Smart,Over,10.5,100,2025-12-15,2025-12-14T23:49:30Z,2025-12-14 15:50:05
Bovada,player_points,Marcus Smart,Under,10.5,-130,2025-12-15,2025-12-14T23:49:30Z,2025-12-14 15:50:05
Bovada,player_points,Marcus Smart,Over,11.5,130,2025-12-15,2025-12-14T23:49:30Z,2025-12-14 15:50:05
Bovada,player_points,Marcus Smart,Under,11.5,-170,2025-12-15,2025-12-14T23:49:30Z,2025-12-14 15:50:05
Bovada,player_points,Marcus Smart,Over,12.5,175,2025-12-15,2025-12-14T23:49:30Z,2025-12-14 15:50:05
Bovada,player_points,Marcus Smart,Under,12.5,-240,2025-12-15,2025-12-14T23:49:30Z,2025-12-14 15:50:05
Bovada,player_points,Mark Williams,Over,9.5,-260,2025-12-15,2025-12-14T23:49:30Z,2025-12-14 15:50:05
Bovada,player_points,Mark Williams,Under,9.5,190,2025-12-15,2025-12-14T23:49:30Z,2025-12-14 15:50:05
Bovada,player_points,Mark Williams,Over,10.5,-190,2025-12-15,2025-12-14T23:49:30Z,2025-12-14 15:50:05
Bovada,player_points,Mark Williams,Under,10.5,145,2025-12-15,2025-12-14T23:49:30Z,2025-12-14 15:50:05
Bovada,player_points,Mark Williams,Over,11.5,-135,2025-12-15,2025-12-14T23:49:30Z,2025-12-14 15:50:05
Bovada,player_points,Mark Williams,Under,11.5,105,2025-12-15,2025-12-14T23:49:30Z,2025-12-14 15:50:05
Bovada,player_points,Mark Williams,Over,12.5,-105,2025-12-15,2025-12-14T23:49:30Z,2025-12-14 15:50:05
Bovada,player_points,Mark Williams,Under,12.5,-125,2025-12-15,2025-12-14T23:49:30Z,2025-12-14 15:50:05
Bovada,player_points,Mark Williams,Over,13.5,125,2025-12-15,2025-12-14T23:49:30Z,2025-12-14 15:50:05
Bovada,player_points,Mark Williams,Under,13.5,-165,2025-12-15,2025-12-14T23:49:30Z,2025-12-14 15:50:05
Bovada,player_points,Mark Williams,Over,14.5,160,2025-12-15,2025-12-14T23:49:30Z,2025-12-14 15:50:05
Bovada,player_points,Mark Williams,Under,14.5,-215,2025-12-15,2025-12-14T23:49:30Z,2025-12-14 15:50:05
Bovada,player_points,Mark Williams,Over,15.5,205,2025-12-15,2025-12-14T23:49:30Z,2025-12-14 15:50:05
Bovada,player_points,Mark Williams,Under,15.5,-280,2025-12-15,2025-12-14T23:49:30Z,2025-12-14 15:50:05
Bovada,player_points,Royce O'Neale,Over,7.5,-210,2025-12-15,2025-12-14T23:49:30Z,2025-12-14 15:50:05
Bovada,player_points,Royce O'Neale,Under,7.5,155,2025-12-15,2025-12-14T23:49:30Z,2025-12-14 15:50:05
Bovada,player_points,Royce O'Neale,Over,8.5,-145,2025-12-15,2025-12-14T23:49:30Z,2025-12-14 15:50:05
Bovada,player_points,Royce O'Neale,Under,8.5,110,2025-12-15,2025-12-14T23:49:30Z,2025-12-14 15:50:05
Bovada,player_points,Royce O'Neale,Over,9.5,-105,2025-12-15,2025-12-14T23:49:30Z,2025-12-14 15:50:05
Bovada,player_points,Royce O'Neale,Under,9.5,-125,2025-12-15,2025-12-14T23:49:30Z,2025-12-14 15:50:05
Bovada,player_points,Royce O'Neale,Over,10.5,130,2025-12-15,2025-12-14T23:49:30Z,2025-12-14 15:50:05
Bovada,player_points,Royce O'Neale,Under,10.5,-170,2025-12-15,2025-12-14T23:49:30Z,2025-12-14 15:50:05
Bovada,player_points,Royce O'Neale,Over,11.5,170,2025-12-15,2025-12-14T23:49:30Z,2025-12-14 15:50:05
Bovada,player_points,Royce O'Neale,Under,11.5,-230,2025-12-15,2025-12-14T23:49:30Z,2025-12-14 15:50:05
Bovada,player_points,Rui Hachimura,Over,9.5,-280,2025-12-15,2025-12-14T23:49:30Z,2025-12-14 15:50:05
Bovada,player_points,Rui Hachimura,Under,9.5,205,2025-12-15,2025-12-14T23:49:30Z,2025-12-14 15:50:05
Bovada,player_points,Rui Hachimura,Over,10.5,-200,2025-12-15,2025-12-14T23:49:30Z,2025-12-14 15:50:05
Bovada,player_points,Rui Hachimura,Under,10.5,150,2025-12-15,2025-12-14T23:49:30Z,2025-12-14 15:50:05
Bovada,player_points,Rui Hachimura,Over,11.5,-145,2025-12-15,2025-12-14T23:49:30Z,2025-12-14 15:50:05
Bovada,player_points,Rui Hachimura,Under,11.5,110,2025-12-15,2025-12-14T23:49:30Z,2025-12-14 15:50:05
Bovada,player_points,Rui Hachimura,Over,12.5,-110,2025-12-15,2025-12-14T23:49:30Z,2025-12-14 15:50:05
Bovada,player_points,Rui Hachimura,Under,12.5,-120,2025-12-15,2025-12-14T23:49:30Z,2025-12-14 15:50:05
Bovada,player_points,Rui Hachimura,Over,13.5,120,2025-12-15,2025-12-14T23:49:30Z,2025-12-14 15:50:05
Bovada,player_points,Rui Hachimura,Under,13.5,-160,2025-12-15,2025-12-14T23:49:30Z,2025-12-14 15:50:05
Bovada,player_points,Rui Hachimura,Over,14.5,155,2025-12-15,2025-12-14T23:49:30Z,2025-12-14 15:50:05
Bovada,player_points,Rui Hachimura,Under,14.5,-210,2025-12-15,2025-12-14T23:49:30Z,2025-12-14 15:50:05
Bovada,player_points,Rui Hachimura,Over,15.5,200,2025-12-15,2025-12-14T23:49:30Z,2025-12-14 15:50:05
Bovada,player_points,Rui Hachimura,Under,15.5,-275,2025-12-15,2025-12-14T23:49:30Z,2025-12-14 15:50:05
Bovada,player_points,Brandin Podziemski,Over,5.5,-250,2025-12-15,2025-12-14T23:49:01Z,2025-12-14 15:50:05
Bovada,player_points,Brandin Podziemski,Under,5.5,185,2025-12-15,2025-12-14T23:49:01Z,2025-12-14 15:50:05
Bovada,player_points,Brandin Podziemski,Over,6.5,-165,2025-12-15,2025-12-14T23:49:01Z,2025-12-14 15:50:05
Bovada,player_points,Brandin Podziemski,Under,6.5,125,2025-12-15,2025-12-14T23:49:01Z,2025-12-14 15:50:05
Bovada,player_points,Brandin Podziemski,Over,7.5,-115,2025-12-15,2025-12-14T23:49:01Z,2025-12-14 15:50:05
Bovada,player_points,Brandin Podziemski,Under,7.5,-115,2025-12-15,2025-12-14T23:49:01Z,2025-12-14 15:50:05
Bovada,player_points,Brandin Podziemski,Over,8.5,120,2025-12-15,2025-12-14T23:49:01Z,2025-12-14 15:50:05
Bovada,player_points,Brandin Podziemski,Under,8.5,-160,2025-12-15,2025-12-14T23:49:01Z,2025-12-14 15:50:05
Bovada,player_points,Brandin Podziemski,Over,9.5,165,2025-12-15,2025-12-14T23:49:01Z,2025-12-14 15:50:05
Bovada,player_points,Brandin Podziemski,Under,9.5,-220,2025-12-15,2025-12-14T23:49:01Z,2025-12-14 15:50:05
Bovada,player_points,Buddy Hield,Over,5.5,-260,2025-12-15,2025-12-14T23:49:01Z,2025-12-14 15:50:05
Bovada,player_points,Buddy Hield,Under,5.5,190,2025-12-15,2025-12-14T23:49:01Z,2025-12-14 15:50:05
Bovada,player_points,Buddy Hield,Over,6.5,-170,2025-12-15,2025-12-14T23:49:01Z,2025-12-14 15:50:05
Bovada,player_points,Buddy Hield,Under,6.5,130,2025-12-15,2025-12-14T23:49:01Z,2025-12-14 15:50:05
Bovada,player_points,Buddy Hield,Over,7.5,-120,2025-12-15,2025-12-14T23:49:01Z,2025-12-14 15:50:05
Bovada,player_points,Buddy Hield,Under,7.5,-110,2025-12-15,2025-12-14T23:49:01Z,2025-12-14 15:50:05
Bovada,player_points,Buddy Hield,Over,8.5,115,2025-12-15,2025-12-14T23:49:01Z,2025-12-14 15:50:05
Bovada,player_points,Buddy Hield,Under,8.5,-150,2025-12-15,2025-12-14T23:49:01Z,2025-12-14 15:50:05
Bovada,player_points,Buddy Hield,Over,9.5,160,2025-12-15,2025-12-14T23:49:01Z,2025-12-14 15:50:05
Bovada,player_points,Buddy Hield,Under,9.5,-215,2025-12-15,2025-12-14T23:49:01Z,2025-12-14 15:50:05
Bovada,player_points,Deni Avdija,Over,22.5,-240,2025-12-15,2025-12-14T23:49:01Z,2025-12-14 15:50:05
Bovada,player_points,Deni Avdija,Under,22.5,175,2025-12-15,2025-12-14T23:49:01Z,2025-12-14 15:50:05
Bovada,player_points,Deni Avdija,Over,23.5,-190,2025-12-15,2025-12-14T23:49:01Z,2025-12-14 15:50:05
Bovada,player_points,Deni Avdija,Under,23.5,145,2025-12-15,2025-12-14T23:49:01Z,2025-12-14 15:50:05
Bovada,player_points,Deni Avdija,Over,24.5,-150,2025-12-15,2025-12-14T23:49:01Z,2025-12-14 15:50:05
Bovada,player_points,Deni Avdija,Under,24.5,115,2025-12-15,2025-12-14T23:49:01Z,2025-12-14 15:50:05
Bovada,player_points,Deni Avdija,Over,25.5,-125,2025-12-15,2025-12-14T23:49:01Z,2025-12-14 15:50:05
Bovada,player_points,Deni Avdija,Under,25.5,-105,2025-12-15,2025-12-14T23:49:01Z,2025-12-14 15:50:05
Bovada,player_points,Deni Avdija,Over,26.5,-105,2025-12-15,2025-12-14T23:49:01Z,2025-12-14 15:50:05
Bovada,player_points,Deni Avdija,Under,26.5,-125,2025-12-15,2025-12-14T23:49:01Z,2025-12-14 15:50:05
Bovada,player_points,Deni Avdija,Over,27.5,115,2025-12-15,2025-12-14T23:49:01Z,2025-12-14 15:50:05
Bovada,player_points,Deni Avdija,Under,27.5,-150,2025-12-15,2025-12-14T23:49:01Z,2025-12-14 15:50:05
Bovada,player_points,Deni Avdija,Over,28.5,140,2025-12-15,2025-12-14T23:49:01Z,2025-12-14 15:50:05
Bovada,player_points,Deni Avdija,Under,28.5,-185,2025-12-15,2025-12-14T23:49:01Z,2025-12-14 15:50:05
Bovada,player_points,Deni Avdija,Over,29.5,170,2025-12-15,2025-12-14T23:49:01Z,2025-12-14 15:50:05
Bovada,player_points,Deni Avdija,Under,29.5,-230,2025-12-15,2025-12-14T23:49:01Z,2025-12-14 15:50:05
Bovada,player_points,Deni Avdija,Over,30.5,200,2025-12-15,2025-12-14T23:49:01Z,2025-12-14 15:50:05
Bovada,player_points,Deni Avdija,Under,30.5,-275,2025-12-15,2025-12-14T23:49:01Z,2025-12-14 15:50:05
Bovada,player_points,Donovan Clingan,Over,7.5,-210,2025-12-15,2025-12-14T23:49:01Z,2025-12-14 15:50:05
Bovada,player_points,Donovan Clingan,Under,7.5,155,2025-12-15,2025-12-14T23:49:01Z,2025-12-14 15:50:05
Bovada,player_points,Donovan Clingan,Over,8.5,-145,2025-12-15,2025-12-14T23:49:01Z,2025-12-14 15:50:05
Bovada,player_points,Donovan Clingan,Under,8.5,110,2025-12-15,2025-12-14T23:49:01Z,2025-12-14 15:50:05
Bovada,player_points,Donovan Clingan,Over,9.5,-105,2025-12-15,2025-12-14T23:49:01Z,2025-12-14 15:50:05
Bovada,player_points,Donovan Clingan,Under,9.5,-125,2025-12-15,2025-12-14T23:49:01Z,2025-12-14 15:50:05
Bovada,player_points,Donovan Clingan,Over,10.5,130,2025-12-15,2025-12-14T23:49:01Z,2025-12-14 15:50:05
Bovada,player_points,Donovan Clingan,Under,10.5,-170,2025-12-15,2025-12-14T23:49:01Z,2025-12-14 15:50:05
Bovada,player_points,Donovan Clingan,Over,11.5,170,2025-12-15,2025-12-14T23:49:01Z,2025-12-14 15:50:05
Bovada,player_points,Donovan Clingan,Under,11.5,-230,2025-12-15,2025-12-14T23:49:01Z,2025-12-14 15:50:05
Bovada,player_points,Draymond Green,Over,6.5,-300,2025-12-15,2025-12-14T23:49:01Z,2025-12-14 15:50:05
Bovada,player_points,Draymond Green,Under,6.5,215,2025-12-15,2025-12-14T23:49:01Z,2025-12-14 15:50:05
Bovada,player_points,Draymond Green,Over,7.5,-200,2025-12-15,2025-12-14T23:49:01Z,2025-12-14 15:50:05
Bovada,player_points,Draymond Green,Under,7.5,150,2025-12-15,2025-12-14T23:49:01Z,2025-12-14 15:50:05
Bovada,player_points,Draymond Green,Over,8.5,-135,2025-12-15,2025-12-14T23:49:01Z,2025-12-14 15:50:05
Bovada,player_points,Draymond Green,Under,8.5,105,2025-12-15,2025-12-14T23:49:01Z,2025-12-14 15:50:05
Bovada,player_points,Draymond Green,Over,9.5,100,2025-12-15,2025-12-14T23:49:01Z,2025-12-14 15:50:05
Bovada,player_points,Draymond Green,Under,9.5,-130,2025-12-15,2025-12-14T23:49:01Z,2025-12-14 15:50:05
Bovada,player_points,Draymond Green,Over,10.5,135,2025-12-15,2025-12-14T23:49:01Z,2025-12-14 15:50:05
Bovada,player_points,Draymond Green,Under,10.5,-180,2025-12-15,2025-12-14T23:49:01Z,2025-12-14 15:50:05
Bovada,player_points,Draymond Green,Over,11.5,180,2025-12-15,2025-12-14T23:49:01Z,2025-12-14 15:50:05
Bovada,player_points,Draymond Green,Under,11.5,-245,2025-12-15,2025-12-14T23:49:01Z,2025-12-14 15:50:05
Bovada,player_points,Jerami Grant,Over,16.5,-275,2025-12-15,2025-12-14T23:49:01Z,2025-12-14 15:50:05
Bovada,player_points,Jerami Grant,Under,16.5,200,2025-12-15,2025-12-14T23:49:01Z,2025-12-14 15:50:05
Bovada,player_points,Jerami Grant,Over,17.5,-215,2025-12-15,2025-12-14T23:49:01Z,2025-12-14 15:50:05
Bovada,player_points,Jerami Grant,Under,17.5,160,2025-12-15,2025-12-14T23:49:01Z,2025-12-14 15:50:05
Bovada,player_points,Jerami Grant,Over,18.5,-165,2025-12-15,2025-12-14T23:49:01Z,2025-12-14 15:50:05
Bovada,player_points,Jerami Grant,Under,18.5,125,2025-12-15,2025-12-14T23:49:01Z,2025-12-14 15:50:05
Bovada,player_points,Jerami Grant,Over,19.5,-130,2025-12-15,2025-12-14T23:49:01Z,2025-12-14 15:50:05
Bovada,player_points,Jerami Grant,Under,19.5,100,2025-12-15,2025-12-14T23:49:01Z,2025-12-14 15:50:05
Bovada,player_points,Jerami Grant,Over,20.5,-105,2025-12-15,2025-12-14T23:49:01Z,2025-12-14 15:50:05
Bovada,player_points,Jerami Grant,Under,20.5,-125,2025-12-15,2025-12-14T23:49:01Z,2025-12-14 15:50:05
Bovada,player_points,Jerami Grant,Over,21.5,120,2025-12-15,2025-12-14T23:49:01Z,2025-12-14 15:50:05
Bovada,player_points,Jerami Grant,Under,21.5,-160,2025-12-15,2025-12-14T23:49:01Z,2025-12-14 15:50:05
Bovada,player_points,Jerami Grant,Over,22.5,145,2025-12-15,2025-12-14T23:49:01Z,2025-12-14 15:50:05
Bovada,player_points,Jerami Grant,Under,22.5,-190,2025-12-15,2025-12-14T23:49:01Z,2025-12-14 15:50:05
Bovada,player_points,Jerami Grant,Over,23.5,175,2025-12-15,2025-12-14T23:49:01Z,2025-12-14 15:50:05
Bovada,player_points,Jerami Grant,Under,23.5,-240,2025-12-15,2025-12-14T23:49:01Z,2025-12-14 15:50:05
Bovada,player_points,Jimmy Butler,Over,16.5,-250,2025-12-15,2025-12-14T23:49:01Z,2025-12-14 15:50:05
Bovada,player_points,Jimmy Butler,Under,16.5,185,2025-12-15,2025-12-14T23:49:01Z,2025-12-14 15:50:05
Bovada,player_points,Jimmy Butler,Over,17.5,-190,2025-12-15,2025-12-14T23:49:01Z,2025-12-14 15:50:05
Bovada,player_points,Jimmy Butler,Under,17.5,145,2025-12-15,2025-12-14T23:49:01Z,2025-12-14 15:50:05
Bovada,player_points,Jimmy Butler,Over,18.5,-150,2025-12-15,2025-12-14T23:49:01Z,2025-12-14 15:50:05
Bovada,player_points,Jimmy Butler,Under,18.5,115,2025-12-15,2025-12-14T23:49:01Z,2025-12-14 15:50:05
Bovada,player_points,Jimmy Butler,Over,19.5,-120,2025-12-15,2025-12-14T23:49:01Z,2025-12-14 15:50:05
Bovada,player_points,Jimmy Butler,Under,19.5,-110,2025-12-15,2025-12-14T23:49:01Z,2025-12-14 15:50:05
Bovada,player_points,Jimmy Butler,Over,20.5,105,2025-12-15,2025-12-14T23:49:01Z,2025-12-14 15:50:05
Bovada,player_points,Jimmy Butler,Under,20.5,-135,2025-12-15,2025-12-14T23:49:01Z,2025-12-14 15:50:05
Bovada,player_points,Jimmy Butler,Over,21.5,130,2025-12-15,2025-12-14T23:49:01Z,2025-12-14 15:50:05
Bovada,player_points,Jimmy Butler,Under,21.5,-170,2025-12-15,2025-12-14T23:49:01Z,2025-12-14 15:50:05
Bovada,player_points,Jimmy Butler,Over,22.5,160,2025-12-15,2025-12-14T23:49:01Z,2025-12-14 15:50:05
Bovada,player_points,Jimmy Butler,Under,22.5,-215,2025-12-15,2025-12-14T23:49:01Z,2025-12-14 15:50:05
Bovada,player_points,Jimmy Butler,Over,23.5,190,2025-12-15,2025-12-14T23:49:01Z,2025-12-14 15:50:05
Bovada,player_points,Jimmy Butler,Under,23.5,-260,2025-12-15,2025-12-14T23:49:01Z,2025-12-14 15:50:05
Bovada,player_points,Kris Murray,Over,4.5,-180,2025-12-15,2025-12-14T23:49:01Z,2025-12-14 15:50:05
Bovada,player_points,Kris Murray,Under,4.5,135,2025-12-15,2025-12-14T23:49:01Z,2025-12-14 15:50:05
Bovada,player_points,Kris Murray,Over,5.5,-115,2025-12-15,2025-12-14T23:49:01Z,2025-12-14 15:50:05
Bovada,player_points,Kris Murray,Under,5.5,-115,2025-12-15,2025-12-14T23:49:01Z,2025-12-14 15:50:05
Bovada,player_points,Kris Murray,Over,6.5,130,2025-12-15,2025-12-14T23:49:01Z,2025-12-14 15:50:05
Bovada,player_points,Kris Murray,Under,6.5,-170,2025-12-15,2025-12-14T23:49:01Z,2025-12-14 15:50:05
Bovada,player_points,Kris Murray,Over,7.5,180,2025-12-15,2025-12-14T23:49:01Z,2025-12-14 15:50:05
Bovada,player_points,Kris Murray,Under,7.5,-245,2025-12-15,2025-12-14T23:49:01Z,2025-12-14 15:50:05
Bovada,player_points,Moses Moody,Over,5.5,-260,2025-12-15,2025-12-14T23:49:01Z,2025-12-14 15:50:05
Bovada,player_points,Moses Moody,Under,5.5,190,2025-12-15,2025-12-14T23:49:01Z,2025-12-14 15:50:05
Bovada,player_points,Moses Moody,Over,6.5,-170,2025-12-15,2025-12-14T23:49:01Z,2025-12-14 15:50:05
Bovada,player_points,Moses Moody,Under,6.5,130,2025-12-15,2025-12-14T23:49:01Z,2025-12-14 15:50:05
Bovada,player_points,Moses Moody,Over,7.5,-120,2025-12-15,2025-12-14T23:49:01Z,2025-12-14 15:50:05
Bovada,player_points,Moses Moody,Under,7.5,-110,2025-12-15,2025-12-14T23:49:01Z,2025-12-14 15:50:05
Bovada,player_points,Moses Moody,Over,8.5,115,2025-12-15,2025-12-14T23:49:01Z,2025-12-14 15:50:05
Bovada,player_points,Moses Moody,Under,8.5,-150,2025-12-15,2025-12-14T23:49:01Z,2025-12-14 15:50:05
Bovada,player_points,Moses Moody,Over,9.5,160,2025-12-15,2025-12-14T23:49:01Z,2025-12-14 15:50:05
Bovada,player_points,Moses Moody,Under,9.5,-215,2025-12-15,2025-12-14T23:49:01Z,2025-12-14 15:50:05
Bovada,player_points,Quinten Post,Over,7.5,-220,2025-12-15,2025-12-14T23:49:01Z,2025-12-14 15:50:05
Bovada,player_points,Quinten Post,Under,7.5,165,2025-12-15,2025-12-14T23:49:01Z,2025-12-14 15:50:05
Bovada,player_points,Quinten Post,Over,8.5,-150,2025-12-15,2025-12-14T23:49:01Z,2025-12-14 15:50:05
Bovada,player_points,Quinten Post,Under,8.5,115,2025-12-15,2025-12-14T23:49:01Z,2025-12-14 15:50:05
Bovada,player_points,Quinten Post,Over,9.5,-110,2025-12-15,2025-12-14T23:49:01Z,2025-12-14 15:50:05
Bovada,player_points,Quinten Post,Under,9.5,-120,2025-12-15,2025-12-14T23:49:01Z,2025-12-14 15:50:05
Bovada,player_points,Quinten Post,Over,10.5,125,2025-12-15,2025-12-14T23:49:01Z,2025-12-14 15:50:05
Bovada,player_points,Quinten Post,Under,10.5,-165,2025-12-15,2025-12-14T23:49:01Z,2025-12-14 15:50:05
Bovada,player_points,Quinten Post,Over,11.5,165,2025-12-15,2025-12-14T23:49:01Z,2025-12-14 15:50:05
Bovada,player_points,Quinten Post,Under,11.5,-220,2025-12-15,2025-12-14T23:49:01Z,2025-12-14 15:50:05
Bovada,player_points,Shaedon Sharpe,Over,18.5,-240,2025-12-15,2025-12-14T23:49:01Z,2025-12-14 15:50:05
Bovada,player_points,Shaedon Sharpe,Under,18.5,175,2025-12-15,2025-12-14T23:49:01Z,2025-12-14 15:50:05
Bovada,player_points,Shaedon Sharpe,Over,19.5,-185,2025-12-15,2025-12-14T23:49:01Z,2025-12-14 15:50:05
Bovada,player_points,Shaedon Sharpe,Under,19.5,140,2025-12-15,2025-12-14T23:49:01Z,2025-12-14 15:50:05
Bovada,player_points,Shaedon Sharpe,Over,20.5,-150,2025-12-15,2025-12-14T23:49:01Z,2025-12-14 15:50:05
Bovada,player_points,Shaedon Sharpe,Under,20.5,115,2025-12-15,2025-12-14T23:49:01Z,2025-12-14 15:50:05
Bovada,player_points,Shaedon Sharpe,Over,21.5,-120,2025-12-15,2025-12-14T23:49:01Z,2025-12-14 15:50:05
Bovada,player_points,Shaedon Sharpe,Under,21.5,-110,2025-12-15,2025-12-14T23:49:01Z,2025-12-14 15:50:05
Bovada,player_points,Shaedon Sharpe,Over,22.5,105,2025-12-15,2025-12-14T23:49:01Z,2025-12-14 15:50:05
Bovada,player_points,Shaedon Sharpe,Under,22.5,-135,2025-12-15,2025-12-14T23:49:01Z,2025-12-14 15:50:05
Bovada,player_points,Shaedon Sharpe,Over,23.5,125,2025-12-15,2025-12-14T23:49:01Z,2025-12-14 15:50:05
Bovada,player_points,Shaedon Sharpe,Under,23.5,-165,2025-12-15,2025-12-14T23:49:01Z,2025-12-14 15:50:05
Bovada,player_points,Shaedon Sharpe,Over,24.5,155,2025-12-15,2025-12-14T23:49:01Z,2025-12-14 15:50:05
Bovada,player_points,Shaedon Sharpe,Under,24.5,-210,2025-12-15,2025-12-14T23:49:01Z,2025-12-14 15:50:05
Bovada,player_points,Shaedon Sharpe,Over,25.5,190,2025-12-15,2025-12-14T23:49:01Z,2025-12-14 15:50:05
Bovada,player_points,Shaedon Sharpe,Under,25.5,-260,2025-12-15,2025-12-14T23:49:01Z,2025-12-14 15:50:05
Bovada,player_points,Stephen Curry,Over,24.5,-245,2025-12-15,2025-12-14T23:49:01Z,2025-12-14 15:50:05
Bovada,player_points,Stephen Curry,Under,24.5,180,2025-12-15,2025-12-14T23:49:01Z,2025-12-14 15:50:05
Bovada,player_points,Stephen Curry,Over,25.5,-200,2025-12-15,2025-12-14T23:49:01Z,2025-12-14 15:50:05
Bovada,player_points,Stephen Curry,Under,25.5,150,2025-12-15,2025-12-14T23:49:01Z,2025-12-14 15:50:05
Bovada,player_points,Stephen Curry,Over,26.5,-160,2025-12-15,2025-12-14T23:49:01Z,2025-12-14 15:50:05
Bovada,player_points,Stephen Curry,Under,26.5,120,2025-12-15,2025-12-14T23:49:01Z,2025-12-14 15:50:05
Bovada,player_points,Stephen Curry,Over,27.5,-130,2025-12-15,2025-12-14T23:49:01Z,2025-12-14 15:50:05
Bovada,player_points,Stephen Curry,Under,27.5,100,2025-12-15,2025-12-14T23:49:01Z,2025-12-14 15:50:05
Bovada,player_points,Stephen Curry,Over,28.5,-110,2025-12-15,2025-12-14T23:49:01Z,2025-12-14 15:50:05
Bovada,player_points,Stephen Curry,Under,28.5,-120,2025-12-15,2025-12-14T23:49:01Z,2025-12-14 15:50:05
Bovada,player_points,Stephen Curry,Over,29.5,110,2025-12-15,2025-12-14T23:49:01Z,2025-12-14 15:50:05
Bovada,player_points,Stephen Curry,Under,29.5,-145,2025-12-15,2025-12-14T23:49:01Z,2025-12-14 15:50:05
Bovada,player_points,Stephen Curry,Over,30.5,130,2025-12-15,2025-12-14T23:49:01Z,2025-12-14 15:50:05
Bovada,player_points,Stephen Curry,Under,30.5,-170,2025-12-15,2025-12-14T23:49:01Z,2025-12-14 15:50:05
Bovada,player_points,Stephen Curry,Over,31.5,155,2025-12-15,2025-12-14T23:49:01Z,2025-12-14 15:50:05
Bovada,player_points,Stephen Curry,Under,31.5,-210,2025-12-15,2025-12-14T23:49:01Z,2025-12-14 15:50:05
Bovada,player_points,Stephen Curry,Over,32.5,185,2025-12-15,2025-12-14T23:49:01Z,2025-12-14 15:50:05
Bovada,player_points,Stephen Curry,Under,32.5,-250,2025-12-15,2025-12-14T23:49:01Z,2025-12-14 15:50:05
Bovada,player_points,Toumani Camara,Over,10.5,-220,2025-12-15,2025-12-14T23:49:01Z,2025-12-14 15:50:05
Bovada,player_points,Toumani Camara,Under,10.5,165,2025-12-15,2025-12-14T23:49:01Z,2025-12-14 15:50:05
Bovada,player_points,Toumani Camara,Over,11.5,-160,2025-12-15,2025-12-14T23:49:01Z,2025-12-14 15:50:05
Bovada,player_points,Toumani Camara,Under,11.5,120,2025-12-15,2025-12-14T23:49:01Z,2025-12-14 15:50:05
Bovada,player_points,Toumani Camara,Over,12.5,-120,2025-12-15,2025-12-14T23:49:01Z,2025-12-14 15:50:05
Bovada,player_points,Toumani Camara,Under,12.5,-110,2025-12-15,2025-12-14T23:49:01Z,2025-12-14 15:50:05
Bovada,player_points,Toumani Camara,Over,13.5,110,2025-12-15,2025-12-14T23:49:01Z,2025-12-14 15:50:05
Bovada,player_points,Toumani Camara,Under,13.5,-145,2025-12-15,2025-12-14T23:49:01Z,2025-12-14 15:50:05
Bovada,player_points,Toumani Camara,Over,14.5,140,2025-12-15,2025-12-14T23:49:01Z,2025-12-14 15:50:05
Bovada,player_points,Toumani Camara,Under,14.5,-185,2025-12-15,2025-12-14T23:49:01Z,2025-12-14 15:50:05
Bovada,player_points,Toumani Camara,Over,15.5,180,2025-12-15,2025-12-14T23:49:01Z,2025-12-14 15:50:05
Bovada,player_points,Toumani Camara,Under,15.5,-245,2025-12-15,2025-12-14T23:49:01Z,2025-12-14 15:50:05
BetRivers,player_points,Josh Giddey,Over,19.5,-148,2025-12-15,2025-12-14T23:50:03Z,2025-12-14 15:50:05
BetRivers,player_points,Josh Giddey,Under,19.5,110,2025-12-15,2025-12-14T23:50:03Z,2025-12-14 15:50:05
BetRivers,player_points,Jeremiah Fears,Over,12.5,-167,2025-12-15,2025-12-14T23:50:03Z,2025-12-14 15:50:05
BetRivers,player_points,Jeremiah Fears,Under,12.5,120,2025-12-15,2025-12-14T23:50:03Z,2025-12-14 15:50:05
BetRivers,player_points,Zion Williamson,Over,16.5,-157,2025-12-15,2025-12-14T23:50:03Z,2025-12-14 15:50:05
BetRivers,player_points,Zion Williamson,Under,16.5,115,2025-12-15,2025-12-14T23:50:03Z,2025-12-14 15:50:05
BetRivers,player_points,Coby White,Over,21.5,-155,2025-12-15,2025-12-14T23:50:03Z,2025-12-14 15:50:05
BetRivers,player_points,Coby White,Under,21.5,112,2025-12-15,2025-12-14T23:50:03Z,2025-12-14 15:50:05
BetRivers,player_points,Herb Jones,Over,8.5,-130,2025-12-15,2025-12-14T23:50:03Z,2025-12-14 15:50:05
BetRivers,player_points,Herb Jones,Under,8.5,-103,2025-12-15,2025-12-14T23:50:03Z,2025-12-14 15:50:05
BetRivers,player_points,Coby White,Over,22.5,-121,2025-12-15,2025-12-14T23:50:03Z,2025-12-14 15:50:05
BetRivers,player_points,Coby White,Under,22.5,-110,2025-12-15,2025-12-14T23:50:03Z,2025-12-14 15:50:05
BetRivers,player_points,Zion Williamson,Over,17.5,-118,2025-12-15,2025-12-14T23:50:03Z,2025-12-14 15:50:05
BetRivers,player_points,Zion Williamson,Under,17.5,-112,2025-12-15,2025-12-14T23:50:03Z,2025-12-14 15:50:05
BetRivers,player_points,Zion Williamson,Over,18.5,110,2025-12-15,2025-12-14T23:50:03Z,2025-12-14 15:50:05
BetRivers,player_points,Zion Williamson,Under,18.5,-150,2025-12-15,2025-12-14T23:50:03Z,2025-12-14 15:50:05
BetRivers,player_points,Jeremiah Fears,Over,13.5,-121,2025-12-15,2025-12-14T23:50:03Z,2025-12-14 15:50:05
BetRivers,player_points,Jeremiah Fears,Under,13.5,-110,2025-12-15,2025-12-14T23:50:03Z,2025-12-14 15:50:05
BetRivers,player_points,Isaac Okoro,Over,6.5,-120,2025-12-15,2025-12-14T23:50:03Z,2025-12-14 15:50:05
BetRivers,player_points,Isaac Okoro,Under,6.5,-112,2025-12-15,2025-12-14T23:50:03Z,2025-12-14 15:50:05
BetRivers,player_points,Matas Buzelis,Over,13.5,-108,2025-12-15,2025-12-14T23:50:03Z,2025-12-14 15:50:05
BetRivers,player_points,Matas Buzelis,Under,13.5,-122,2025-12-15,2025-12-14T23:50:03Z,2025-12-14 15:50:05
BetRivers,player_points,Derik Queen,Over,14.5,-120,2025-12-15,2025-12-14T23:50:03Z,2025-12-14 15:50:05
BetRivers,player_points,Derik Queen,Under,14.5,-112,2025-12-15,2025-12-14T23:50:03Z,2025-12-14 15:50:05
BetRivers,player_points,Trey Murphy III,Over,20.5,107,2025-12-15,2025-12-14T23:50:03Z,2025-12-14 15:50:05
BetRivers,player_points,Trey Murphy III,Under,20.5,-143,2025-12-15,2025-12-14T23:50:03Z,2025-12-14 15:50:05
BetRivers,player_points,Josh Giddey,Over,20.5,-115,2025-12-15,2025-12-14T23:50:03Z,2025-12-14 15:50:05
BetRivers,player_points,Josh Giddey,Under,20.5,-115,2025-12-15,2025-12-14T23:50:03Z,2025-12-14 15:50:05
BetRivers,player_points,Nikola Vucevic,Over,16.5,118,2025-12-15,2025-12-14T23:50:03Z,2025-12-14 15:50:05
BetRivers,player_points,Nikola Vucevic,Under,16.5,-165,2025-12-15,2025-12-14T23:50:03Z,2025-12-14 15:50:05
BetRivers,player_points,Matas Buzelis,Over,14.5,123,2025-12-15,2025-12-14T23:50:03Z,2025-12-14 15:50:05
BetRivers,player_points,Matas Buzelis,Under,14.5,-167,2025-12-15,2025-12-14T23:50:03Z,2025-12-14 15:50:05
BetRivers,player_points,Trey Murphy III,Over,19.5,-118,2025-12-15,2025-12-14T23:50:03Z,2025-12-14 15:50:05
BetRivers,player_points,Trey Murphy III,Under,19.5,-113,2025-12-15,2025-12-14T23:50:03Z,2025-12-14 15:50:05
BetRivers,player_points,Jeremiah Fears,Over,14.5,110,2025-12-15,2025-12-14T23:50:03Z,2025-12-14 15:50:05
BetRivers,player_points,Jeremiah Fears,Under,14.5,-150,2025-12-15,2025-12-14T23:50:03Z,2025-12-14 15:50:05
BetRivers,player_points,Nikola Vucevic,Over,14.5,-143,2025-12-15,2025-12-14T23:50:03Z,2025-12-14 15:50:05
BetRivers,player_points,Nikola Vucevic,Under,14.5,108,2025-12-15,2025-12-14T23:50:03Z,2025-12-14 15:50:05
BetRivers,player_points,Derik Queen,Over,15.5,108,2025-12-15,2025-12-14T23:50:03Z,2025-12-14 15:50:05
BetRivers,player_points,Derik Queen,Under,15.5,-148,2025-12-15,2025-12-14T23:50:03Z,2025-12-14 15:50:05
BetRivers,player_points,Herb Jones,Over,9.5,110,2025-12-15,2025-12-14T23:50:03Z,2025-12-14 15:50:05
BetRivers,player_points,Herb Jones,Under,9.5,-150,2025-12-15,2025-12-14T23:50:03Z,2025-12-14 15:50:05
BetRivers,player_points,Matas Buzelis,Over,12.5,-148,2025-12-15,2025-12-14T23:50:03Z,2025-12-14 15:50:05
BetRivers,player_points,Matas Buzelis,Under,12.5,108,2025-12-15,2025-12-14T23:50:03Z,2025-12-14 15:50:05
BetRivers,player_points,Coby White,Over,23.5,104,2025-12-15,2025-12-14T23:50:03Z,2025-12-14 15:50:05
BetRivers,player_points,Coby White,Under,23.5,-139,2025-12-15,2025-12-14T23:50:03Z,2025-12-14 15:50:05
BetRivers,player_points,Tre Jones,Over,11.5,104,2025-12-15,2025-12-14T23:50:03Z,2025-12-14 15:50:05
BetRivers,player_points,Tre Jones,Under,11.5,-139,2025-12-15,2025-12-14T23:50:03Z,2025-12-14 15:50:05
BetRivers,player_points,Tre Jones,Over,10.5,-132,2025-12-15,2025-12-14T23:50:03Z,2025-12-14 15:50:05
BetRivers,player_points,Tre Jones,Under,10.5,100,2025-12-15,2025-12-14T23:50:03Z,2025-12-14 15:50:05
BetRivers,player_points,Nikola Vucevic,Over,15.5,-109,2025-12-15,2025-12-14T23:50:03Z,2025-12-14 15:50:05
BetRivers,player_points,Nikola Vucevic,Under,15.5,-121,2025-12-15,2025-12-14T23:50:03Z,2025-12-14 15:50:05
BetRivers,player_points,Josh Giddey,Over,21.5,110,2025-12-15,2025-12-14T23:50:03Z,2025-12-14 15:50:05
BetRivers,player_points,Josh Giddey,Under,21.5,-148,2025-12-15,2025-12-14T23:50:03Z,2025-12-14 15:50:05
BetRivers,player_points,Trey Murphy III,Over,18.5,-155,2025-12-15,2025-12-14T23:50:03Z,2025-12-14 15:50:05
BetRivers,player_points,Trey Murphy III,Under,18.5,114,2025-12-15,2025-12-14T23:50:03Z,2025-12-14 15:50:05
BetRivers,player_points,Julius Randle,Over,26.5,114,2025-12-15,2025-12-14T23:49:25Z,2025-12-14 15:50:05
BetRivers,player_points,Julius Randle,Under,26.5,-155,2025-12-15,2025-12-14T23:49:25Z,2025-12-14 15:50:05
BetRivers,player_points,Russell Westbrook,Over,13.5,108,2025-12-15,2025-12-14T23:49:25Z,2025-12-14 15:50:05
BetRivers,player_points,Russell Westbrook,Under,13.5,-143,2025-12-15,2025-12-14T23:49:25Z,2025-12-14 15:50:05
BetRivers,player_points,Malik Monk,Over,11.5,100,2025-12-15,2025-12-14T23:49:25Z,2025-12-14 15:50:05
BetRivers,player_points,Malik Monk,Under,11.5,-132,2025-12-15,2025-12-14T23:49:25Z,2025-12-14 15:50:05
BetRivers,player_points,Zach LaVine,Over,20.5,100,2025-12-15,2025-12-14T23:49:25Z,2025-12-14 15:50:05
BetRivers,player_points,Zach LaVine,Under,20.5,-134,2025-12-15,2025-12-14T23:49:25Z,2025-12-14 15:50:05
BetRivers,player_points,DeMar DeRozan,Over,17.5,-134,2025-12-15,2025-12-14T23:49:25Z,2025-12-14 15:50:05
BetRivers,player_points,DeMar DeRozan,Under,17.5,100,2025-12-15,2025-12-14T23:49:25Z,2025-12-14 15:50:05
BetRivers,player_points,Maxime Raynaud,Over,11.5,-122,2025-12-15,2025-12-14T23:49:25Z,2025-12-14 15:50:05
BetRivers,player_points,Maxime Raynaud,Under,11.5,-109,2025-12-15,2025-12-14T23:49:25Z,2025-12-14 15:50:05
BetRivers,player_points,Donte DiVincenzo,Over,14.5,-137,2025-12-15,2025-12-14T23:49:25Z,2025-12-14 15:50:05
BetRivers,player_points,Donte DiVincenzo,Under,14.5,104,2025-12-15,2025-12-14T23:49:25Z,2025-12-14 15:50:05
BetRivers,player_points,Zach LaVine,Over,18.5,-165,2025-12-15,2025-12-14T23:49:25Z,2025-12-14 15:50:05
BetRivers,player_points,Zach LaVine,Under,18.5,118,2025-12-15,2025-12-14T23:49:25Z,2025-12-14 15:50:05
BetRivers,player_points,Malik Monk,Over,10.5,-139,2025-12-15,2025-12-14T23:49:25Z,2025-12-14 15:50:05
BetRivers,player_points,Malik Monk,Under,10.5,104,2025-12-15,2025-12-14T23:49:25Z,2025-12-14 15:50:05
BetRivers,player_points,Jaden McDaniels,Over,16.5,-152,2025-12-15,2025-12-14T23:49:25Z,2025-12-14 15:50:05
BetRivers,player_points,Jaden McDaniels,Under,16.5,112,2025-12-15,2025-12-14T23:49:25Z,2025-12-14 15:50:05
BetRivers,player_points,Rudy Gobert,Over,13.5,102,2025-12-15,2025-12-14T23:49:25Z,2025-12-14 15:50:05
BetRivers,player_points,Rudy Gobert,Under,13.5,-136,2025-12-15,2025-12-14T23:49:25Z,2025-12-14 15:50:05
BetRivers,player_points,Keegan Murray,Over,15.5,112,2025-12-15,2025-12-14T23:49:25Z,2025-12-14 15:50:05
BetRivers,player_points,Keegan Murray,Under,15.5,-152,2025-12-15,2025-12-14T23:49:25Z,2025-12-14 15:50:05
BetRivers,player_points,Julius Randle,Over,24.5,-137,2025-12-15,2025-12-14T23:49:25Z,2025-12-14 15:50:05
BetRivers,player_points,Julius Randle,Under,24.5,104,2025-12-15,2025-12-14T23:49:25Z,2025-12-14 15:50:05
BetRivers,player_points,Russell Westbrook,Over,12.5,-124,2025-12-15,2025-12-14T23:49:25Z,2025-12-14 15:50:05
BetRivers,player_points,Russell Westbrook,Under,12.5,-107,2025-12-15,2025-12-14T23:49:25Z,2025-12-14 15:50:05
BetRivers,player_points,Jaden McDaniels,Over,17.5,-115,2025-12-15,2025-12-14T23:49:25Z,2025-12-14 15:50:05
BetRivers,player_points,Jaden McDaniels,Under,17.5,-115,2025-12-15,2025-12-14T23:49:25Z,2025-12-14 15:50:05
BetRivers,player_points,Naz Reid,Over,15.5,-162,2025-12-15,2025-12-14T23:49:25Z,2025-12-14 15:50:05
BetRivers,player_points,Naz Reid,Under,15.5,117,2025-12-15,2025-12-14T23:49:25Z,2025-12-14 15:50:05
BetRivers,player_points,Zach LaVine,Over,19.5,-125,2025-12-15,2025-12-14T23:49:25Z,2025-12-14 15:50:05
BetRivers,player_points,Zach LaVine,Under,19.5,-106,2025-12-15,2025-12-14T23:49:25Z,2025-12-14 15:50:05
BetRivers,player_points,Keegan Murray,Over,14.5,-117,2025-12-15,2025-12-14T23:49:25Z,2025-12-14 15:50:05
BetRivers,player_points,Keegan Murray,Under,14.5,-114,2025-12-15,2025-12-14T23:49:25Z,2025-12-14 15:50:05
BetRivers,player_points,Jaden McDaniels,Over,18.5,110,2025-12-15,2025-12-14T23:49:25Z,2025-12-14 15:50:05
BetRivers,player_points,Jaden McDaniels,Under,18.5,-150,2025-12-15,2025-12-14T23:49:25Z,2025-12-14 15:50:05
BetRivers,player_points,Naz Reid,Over,17.5,104,2025-12-15,2025-12-14T23:49:25Z,2025-12-14 15:50:05
BetRivers,player_points,Naz Reid,Under,17.5,-139,2025-12-15,2025-12-14T23:49:25Z,2025-12-14 15:50:05
BetRivers,player_points,DeMar DeRozan,Over,18.5,-104,2025-12-15,2025-12-14T23:49:25Z,2025-12-14 15:50:05
BetRivers,player_points,DeMar DeRozan,Under,18.5,-129,2025-12-15,2025-12-14T23:49:25Z,2025-12-14 15:50:05
BetRivers,player_points,Donte DiVincenzo,Over,15.5,-106,2025-12-15,2025-12-14T23:49:25Z,2025-12-14 15:50:05
BetRivers,player_points,Donte DiVincenzo,Under,15.5,-125,2025-12-15,2025-12-14T23:49:25Z,2025-12-14 15:50:05
BetRivers,player_points,Julius Randle,Over,25.5,-110,2025-12-15,2025-12-14T23:49:25Z,2025-12-14 15:50:05
BetRivers,player_points,Julius Randle,Under,25.5,-121,2025-12-15,2025-12-14T23:49:25Z,2025-12-14 15:50:05
BetRivers,player_points,Donte DiVincenzo,Over,16.5,120,2025-12-15,2025-12-14T23:49:25Z,2025-12-14 15:50:05
BetRivers,player_points,Donte DiVincenzo,Under,16.5,-167,2025-12-15,2025-12-14T23:49:25Z,2025-12-14 15:50:05
BetRivers,player_points,Rudy Gobert,Over,12.5,-127,2025-12-15,2025-12-14T23:49:25Z,2025-12-14 15:50:05
BetRivers,player_points,Rudy Gobert,Under,12.5,-106,2025-12-15,2025-12-14T23:49:25Z,2025-12-14 15:50:05
BetRivers,player_points,Keegan Murray,Over,13.5,-157,2025-12-15,2025-12-14T23:49:25Z,2025-12-14 15:50:05
BetRivers,player_points,Keegan Murray,Under,13.5,114,2025-12-15,2025-12-14T23:49:25Z,2025-12-14 15:50:05
BetRivers,player_points,Naz Reid,Over,16.5,-122,2025-12-15,2025-12-14T23:49:25Z,2025-12-14 15:50:05
BetRivers,player_points,Naz Reid,Under,16.5,-108,2025-12-15,2025-12-14T23:49:25Z,2025-12-14 15:50:05
BetRivers,player_points,Maxime Raynaud,Over,12.5,115,2025-12-15,2025-12-14T23:49:25Z,2025-12-14 15:50:05
BetRivers,player_points,Maxime Raynaud,Under,12.5,-157,2025-12-15,2025-12-14T23:49:25Z,2025-12-14 15:50:05
BetRivers,player_points,Royce O'Neale,Over,8.5,-157,2025-12-15,2025-12-14T23:50:15Z,2025-12-14 15:50:05
BetRivers,player_points,Royce O'Neale,Under,8.5,114,2025-12-15,2025-12-14T23:50:15Z,2025-12-14 15:50:05
BetRivers,player_points,Collin Gillespie,Over,11.5,-167,2025-12-15,2025-12-14T23:50:15Z,2025-12-14 15:50:05
BetRivers,player_points,Collin Gillespie,Under,11.5,120,2025-12-15,2025-12-14T23:50:15Z,2025-12-14 15:50:05
BetRivers,player_points,Marcus Smart,Over,10.5,106,2025-12-15,2025-12-14T23:50:15Z,2025-12-14 15:50:05
BetRivers,player_points,Marcus Smart,Under,10.5,-143,2025-12-15,2025-12-14T23:50:15Z,2025-12-14 15:50:05
BetRivers,player_points,LeBron James,Over,20.5,104,2025-12-15,2025-12-14T23:50:15Z,2025-12-14 15:50:05
BetRivers,player_points,LeBron James,Under,20.5,-137,2025-12-15,2025-12-14T23:50:15Z,2025-12-14 15:50:05
BetRivers,player_points,Rui Hachimura,Over,11.5,-143,2025-12-15,2025-12-14T23:50:15Z,2025-12-14 15:50:05
BetRivers,player_points,Rui Hachimura,Under,11.5,106,2025-12-15,2025-12-14T23:50:15Z,2025-12-14 15:50:05
BetRivers,player_points,Deandre Ayton,Over,14.5,-121,2025-12-15,2025-12-14T23:50:15Z,2025-12-14 15:50:05
BetRivers,player_points,Deandre Ayton,Under,14.5,-109,2025-12-15,2025-12-14T23:50:15Z,2025-12-14 15:50:05
BetRivers,player_points,Luka Doncic,Over,35.5,-109,2025-12-15,2025-12-14T23:50:15Z,2025-12-14 15:50:05
BetRivers,player_points,Luka Doncic,Under,35.5,-122,2025-12-15,2025-12-14T23:50:15Z,2025-12-14 15:50:05
BetRivers,player_points,Luka Doncic,Over,34.5,-130,2025-12-15,2025-12-14T23:50:15Z,2025-12-14 15:50:05
BetRivers,player_points,Luka Doncic,Under,34.5,-103,2025-12-15,2025-12-14T23:50:15Z,2025-12-14 15:50:05
BetRivers,player_points,Deandre Ayton,Over,15.5,110,2025-12-15,2025-12-14T23:50:15Z,2025-12-14 15:50:05
BetRivers,player_points,Deandre Ayton,Under,15.5,-148,2025-12-15,2025-12-14T23:50:15Z,2025-12-14 15:50:05
BetRivers,player_points,Luka Doncic,Over,36.5,110,2025-12-15,2025-12-14T23:50:15Z,2025-12-14 15:50:05
BetRivers,player_points,Luka Doncic,Under,36.5,-148,2025-12-15,2025-12-14T23:50:15Z,2025-12-14 15:50:05
BetRivers,player_points,Grayson Allen,Over,16.5,100,2025-12-15,2025-12-14T23:50:15Z,2025-12-14 15:50:05
BetRivers,player_points,Grayson Allen,Under,16.5,-134,2025-12-15,2025-12-14T23:50:15Z,2025-12-14 15:50:05
BetRivers,player_points,Royce O'Neale,Over,9.5,-106,2025-12-15,2025-12-14T23:50:15Z,2025-12-14 15:50:05
BetRivers,player_points,Royce O'Neale,Under,9.5,-127,2025-12-15,2025-12-14T23:50:15Z,2025-12-14 15:50:05
BetRivers,player_points,Grayson Allen,Over,15.5,-129,2025-12-15,2025-12-14T23:50:15Z,2025-12-14 15:50:05
BetRivers,player_points,Grayson Allen,Under,15.5,-104,2025-12-15,2025-12-14T23:50:15Z,2025-12-14 15:50:05
BetRivers,player_points,Dillon Brooks,Over,17.5,-141,2025-12-15,2025-12-14T23:50:15Z,2025-12-14 15:50:05
BetRivers,player_points,Dillon Brooks,Under,17.5,105,2025-12-15,2025-12-14T23:50:15Z,2025-12-14 15:50:05
BetRivers,player_points,Dillon Brooks,Over,18.5,-108,2025-12-15,2025-12-14T23:50:15Z,2025-12-14 15:50:05
BetRivers,player_points,Dillon Brooks,Under,18.5,-122,2025-12-15,2025-12-14T23:50:15Z,2025-12-14 15:50:05
BetRivers,player_points,Devin Booker,Over,22.5,104,2025-12-15,2025-12-14T23:50:15Z,2025-12-14 15:50:05
BetRivers,player_points,Devin Booker,Under,22.5,-139,2025-12-15,2025-12-14T23:50:15Z,2025-12-14 15:50:05
BetRivers,player_points,Devin Booker,Over,21.5,-121,2025-12-15,2025-12-14T23:50:15Z,2025-12-14 15:50:05
BetRivers,player_points,Devin Booker,Under,21.5,-109,2025-12-15,2025-12-14T23:50:15Z,2025-12-14 15:50:05
BetRivers,player_points,Devin Booker,Over,20.5,-157,2025-12-15,2025-12-14T23:50:15Z,2025-12-14 15:50:05
BetRivers,player_points,Devin Booker,Under,20.5,114,2025-12-15,2025-12-14T23:50:15Z,2025-12-14 15:50:05
BetRivers,player_points,Collin Gillespie,Over,12.5,-124,2025-12-15,2025-12-14T23:50:15Z,2025-12-14 15:50:05
BetRivers,player_points,Collin Gillespie,Under,12.5,-108,2025-12-15,2025-12-14T23:50:15Z,2025-12-14 15:50:05
BetRivers,player_points,Dillon Brooks,Over,19.5,117,2025-12-15,2025-12-14T23:50:15Z,2025-12-14 15:50:05
BetRivers,player_points,Dillon Brooks,Under,19.5,-162,2025-12-15,2025-12-14T23:50:15Z,2025-12-14 15:50:05
BetRivers,player_points,Luka Doncic,Over,33.5,-165,2025-12-15,2025-12-14T23:50:15Z,2025-12-14 15:50:05
BetRivers,player_points,Luka Doncic,Under,33.5,118,2025-12-15,2025-12-14T23:50:15Z,2025-12-14 15:50:05
BetRivers,player_points,Mark Williams,Over,10.5,-165,2025-12-15,2025-12-14T23:50:15Z,2025-12-14 15:50:05
BetRivers,player_points,Mark Williams,Under,10.5,118,2025-12-15,2025-12-14T23:50:15Z,2025-12-14 15:50:05
BetRivers,player_points,LeBron James,Over,18.5,-162,2025-12-15,2025-12-14T23:50:15Z,2025-12-14 15:50:05
BetRivers,player_points,LeBron James,Under,18.5,118,2025-12-15,2025-12-14T23:50:15Z,2025-12-14 15:50:05
BetRivers,player_points,Rui Hachimura,Over,12.5,-103,2025-12-15,2025-12-14T23:50:15Z,2025-12-14 15:50:05
BetRivers,player_points,Rui Hachimura,Under,12.5,-130,2025-12-15,2025-12-14T23:50:15Z,2025-12-14 15:50:05
BetRivers,player_points,Marcus Smart,Over,9.5,-132,2025-12-15,2025-12-14T23:50:15Z,2025-12-14 15:50:05
BetRivers,player_points,Marcus Smart,Under,9.5,100,2025-12-15,2025-12-14T23:50:15Z,2025-12-14 15:50:05
BetRivers,player_points,LeBron James,Over,19.5,-122,2025-12-15,2025-12-14T23:50:15Z,2025-12-14 15:50:05
BetRivers,player_points,LeBron James,Under,19.5,-108,2025-12-15,2025-12-14T23:50:15Z,2025-12-14 15:50:05
BetRivers,player_points,Royce O'Neale,Over,10.5,118,2025-12-15,2025-12-14T23:50:15Z,2025-12-14 15:50:05
BetRivers,player_points,Royce O'Neale,Under,10.5,-162,2025-12-15,2025-12-14T23:50:15Z,2025-12-14 15:50:05
BetRivers,player_points,Collin Gillespie,Over,13.5,105,2025-12-15,2025-12-14T23:50:15Z,2025-12-14 15:50:05
BetRivers,player_points,Collin Gillespie,Under,13.5,-141,2025-12-15,2025-12-14T23:50:15Z,2025-12-14 15:50:05
BetRivers,player_points,Mark Williams,Over,11.5,-124,2025-12-15,2025-12-14T23:50:15Z,2025-12-14 15:50:05
BetRivers,player_points,Mark Williams,Under,11.5,-108,2025-12-15,2025-12-14T23:50:15Z,2025-12-14 15:50:05
BetRivers,player_points,Jerami Grant,Over,18.5,-167,2025-12-15,2025-12-14T23:49:37Z,2025-12-14 15:50:05
BetRivers,player_points,Jerami Grant,Under,18.5,120,2025-12-15,2025-12-14T23:49:37Z,2025-12-14 15:50:05
BetRivers,player_points,Toumani Camara,Over,12.5,-120,2025-12-15,2025-12-14T23:49:37Z,2025-12-14 15:50:05
BetRivers,player_points,Toumani Camara,Under,12.5,-112,2025-12-15,2025-12-14T23:49:37Z,2025-12-14 15:50:05
BetRivers,player_points,Stephen Curry,Over,27.5,-125,2025-12-15,2025-12-14T23:49:37Z,2025-12-14 15:50:05
BetRivers,player_points,Stephen Curry,Under,27.5,-106,2025-12-15,2025-12-14T23:49:37Z,2025-12-14 15:50:05
BetRivers,player_points,Buddy Hield,Over,8.5,107,2025-12-15,2025-12-14T23:49:37Z,2025-12-14 15:50:05
BetRivers,player_points,Buddy Hield,Under,8.5,-143,2025-12-15,2025-12-14T23:49:37Z,2025-12-14 15:50:05
BetRivers,player_points,Deni Avdija,Over,23.5,-112,2025-12-15,2025-12-14T23:49:37Z,2025-12-14 15:50:05
BetRivers,player_points,Deni Avdija,Under,23.5,-120,2025-12-15,2025-12-14T23:49:37Z,2025-12-14 15:50:05
BetRivers,player_points,Deni Avdija,Over,22.5,-139,2025-12-15,2025-12-14T23:49:37Z,2025-12-14 15:50:05
BetRivers,player_points,Deni Avdija,Under,22.5,104,2025-12-15,2025-12-14T23:49:37Z,2025-12-14 15:50:05
BetRivers,player_points,Stephen Curry,Over,26.5,-157,2025-12-15,2025-12-14T23:49:37Z,2025-12-14 15:50:05
BetRivers,player_points,Stephen Curry,Under,26.5,115,2025-12-15,2025-12-14T23:49:37Z,2025-12-14 15:50:05
BetRivers,player_points,Draymond Green,Over,8.5,-136,2025-12-15,2025-12-14T23:49:37Z,2025-12-14 15:50:05
BetRivers,player_points,Draymond Green,Under,8.5,102,2025-12-15,2025-12-14T23:49:37Z,2025-12-14 15:50:05
BetRivers,player_points,Jimmy Butler,Over,20.5,112,2025-12-15,2025-12-14T23:49:37Z,2025-12-14 15:50:05
BetRivers,player_points,Jimmy Butler,Under,20.5,-152,2025-12-15,2025-12-14T23:49:37Z,2025-12-14 15:50:05
BetRivers,player_points,Deni Avdija,Over,24.5,112,2025-12-15,2025-12-14T23:49:37Z,2025-12-14 15:50:05
BetRivers,player_points,Deni Avdija,Under,24.5,-152,2025-12-15,2025-12-14T23:49:37Z,2025-12-14 15:50:05
BetRivers,player_points,Shaedon Sharpe,Over,23.5,116,2025-12-15,2025-12-14T23:49:37Z,2025-12-14 15:50:05
BetRivers,player_points,Shaedon Sharpe,Under,23.5,-159,2025-12-15,2025-12-14T23:49:37Z,2025-12-14 15:50:05
BetRivers,player_points,Toumani Camara,Over,13.5,110,2025-12-15,2025-12-14T23:49:37Z,2025-12-14 15:50:05
BetRivers,player_points,Toumani Camara,Under,13.5,-150,2025-12-15,2025-12-14T23:49:37Z,2025-12-14 15:50:05
BetRivers,player_points,Stephen Curry,Over,29.5,118,2025-12-15,2025-12-14T23:49:37Z,2025-12-14 15:50:05
BetRivers,player_points,Stephen Curry,Under,29.5,-165,2025-12-15,2025-12-14T23:49:37Z,2025-12-14 15:50:05
BetRivers,player_points,Donovan Clingan,Over,8.5,-125,2025-12-15,2025-12-14T23:49:37Z,2025-12-14 15:50:05
BetRivers,player_points,Donovan Clingan,Under,8.5,-107,2025-12-15,2025-12-14T23:49:37Z,2025-12-14 15:50:05
BetRivers,player_points,Buddy Hield,Over,7.5,-143,2025-12-15,2025-12-14T23:49:37Z,2025-12-14 15:50:05
BetRivers,player_points,Buddy Hield,Under,7.5,107,2025-12-15,2025-12-14T23:49:37Z,2025-12-14 15:50:05
BetRivers,player_points,Quinten Post,Over,8.5,-143,2025-12-15,2025-12-14T23:49:37Z,2025-12-14 15:50:05
BetRivers,player_points,Quinten Post,Under,8.5,107,2025-12-15,2025-12-14T23:49:37Z,2025-12-14 15:50:05
BetRivers,player_points,Brandin Podziemski,Over,8.5,-136,2025-12-15,2025-12-14T23:49:37Z,2025-12-14 15:50:05
BetRivers,player_points,Brandin Podziemski,Under,8.5,102,2025-12-15,2025-12-14T23:49:37Z,2025-12-14 15:50:05
BetRivers,player_points,Toumani Camara,Over,11.5,-165,2025-12-15,2025-12-14T23:49:37Z,2025-12-14 15:50:05
BetRivers,player_points,Toumani Camara,Under,11.5,118,2025-12-15,2025-12-14T23:49:37Z,2025-12-14 15:50:05
BetRivers,player_points,Jimmy Butler,Over,19.5,-114,2025-12-15,2025-12-14T23:49:37Z,2025-12-14 15:50:05
BetRivers,player_points,Jimmy Butler,Under,19.5,-117,2025-12-15,2025-12-14T23:49:37Z,2025-12-14 15:50:05
BetRivers,player_points,Shaedon Sharpe,Over,22.5,-106,2025-12-15,2025-12-14T23:49:37Z,2025-12-14 15:50:05
BetRivers,player_points,Shaedon Sharpe,Under,22.5,-127,2025-12-15,2025-12-14T23:49:37Z,2025-12-14 15:50:05
BetRivers,player_points,Draymond Green,Over,9.5,102,2025-12-15,2025-12-14T23:49:37Z,2025-12-14 15:50:05
BetRivers,player_points,Draymond Green,Under,9.5,-136,2025-12-15,2025-12-14T23:49:37Z,2025-12-14 15:50:05
BetRivers,player_points,Jerami Grant,Over,19.5,-127,2025-12-15,2025-12-14T23:49:37Z,2025-12-14 15:50:05
BetRivers,player_points,Jerami Grant,Under,19.5,-105,2025-12-15,2025-12-14T23:49:37Z,2025-12-14 15:50:05
BetRivers,player_points,Jerami Grant,Over,20.5,100,2025-12-15,2025-12-14T23:49:37Z,2025-12-14 15:50:05
BetRivers,player_points,Jerami Grant,Under,20.5,-132,2025-12-15,2025-12-14T23:49:37Z,2025-12-14 15:50:05
BetRivers,player_points,Brandin Podziemski,Over,9.5,104,2025-12-15,2025-12-14T23:49:37Z,2025-12-14 15:50:05
BetRivers,player_points,Brandin Podziemski,Under,9.5,-139,2025-12-15,2025-12-14T23:49:37Z,2025-12-14 15:50:05
BetRivers,player_points,Shaedon Sharpe,Over,21.5,-132,2025-12-15,2025-12-14T23:49:37Z,2025-12-14 15:50:05
BetRivers,player_points,Shaedon Sharpe,Under,21.5,100,2025-12-15,2025-12-14T23:49:37Z,2025-12-14 15:50:05
BetRivers,player_points,Quinten Post,Over,9.5,-104,2025-12-15,2025-12-14T23:49:37Z,2025-12-14 15:50:05
BetRivers,player_points,Quinten Post,Under,9.5,-129,2025-12-15,2025-12-14T23:49:37Z,2025-12-14 15:50:05
BetRivers,player_points,Stephen Curry,Over,28.5,-103,2025-12-15,2025-12-14T23:49:37Z,2025-12-14 15:50:05
BetRivers,player_points,Stephen Curry,Under,28.5,-130,2025-12-15,2025-12-14T23:49:37Z,2025-12-14 15:50:05
BetRivers,player_points,Jimmy Butler,Over,18.5,-150,2025-12-15,2025-12-14T23:49:37Z,2025-12-14 15:50:05
BetRivers,player_points,Jimmy Butler,Under,18.5,110,2025-12-15,2025-12-14T23:49:37Z,2025-12-14 15:50:05
BetRivers,player_points,Donovan Clingan,Over,9.5,105,2025-12-15,2025-12-14T23:49:37Z,2025-12-14 15:50:05
BetRivers,player_points,Donovan Clingan,Under,9.5,-141,2025-12-15,2025-12-14T23:49:37Z,2025-12-14 15:50:05
BetOnline.ag,player_points,Coby White,Over,22.5,-116,2025-12-15,2025-12-14T23:49:53Z,2025-12-14 15:50:05
BetOnline.ag,player_points,Coby White,Under,22.5,-111,2025-12-15,2025-12-14T23:49:53Z,2025-12-14 15:50:05
BetOnline.ag,player_points,Nikola Vucevic,Over,15.5,-103,2025-12-15,2025-12-14T23:49:53Z,2025-12-14 15:50:05
BetOnline.ag,player_points,Nikola Vucevic,Under,15.5,-125,2025-12-15,2025-12-14T23:49:53Z,2025-12-14 15:50:05
BetOnline.ag,player_points,Josh Giddey,Over,20.5,-114,2025-12-15,2025-12-14T23:49:53Z,2025-12-14 15:50:05
BetOnline.ag,player_points,Josh Giddey,Under,20.5,-114,2025-12-15,2025-12-14T23:49:53Z,2025-12-14 15:50:05
BetOnline.ag,player_points,Tre Jones,Over,10.5,-125,2025-12-15,2025-12-14T23:49:53Z,2025-12-14 15:50:05
BetOnline.ag,player_points,Tre Jones,Under,10.5,-103,2025-12-15,2025-12-14T23:49:53Z,2025-12-14 15:50:05
BetOnline.ag,player_points,Jalen Smith,Over,8.5,-114,2025-12-15,2025-12-14T23:49:53Z,2025-12-14 15:50:05
BetOnline.ag,player_points,Jalen Smith,Under,8.5,-114,2025-12-15,2025-12-14T23:49:53Z,2025-12-14 15:50:05
BetOnline.ag,player_points,Matas Buzelis,Over,13.5,-109,2025-12-15,2025-12-14T23:49:53Z,2025-12-14 15:50:05
BetOnline.ag,player_points,Matas Buzelis,Under,13.5,-119,2025-12-15,2025-12-14T23:49:53Z,2025-12-14 15:50:05
BetOnline.ag,player_points,Isaac Okoro,Over,6.5,-143,2025-12-15,2025-12-14T23:49:53Z,2025-12-14 15:50:05
BetOnline.ag,player_points,Isaac Okoro,Under,6.5,110,2025-12-15,2025-12-14T23:49:53Z,2025-12-14 15:50:05
BetOnline.ag,player_points,Derik Queen,Over,14.5,-110,2025-12-15,2025-12-14T23:49:53Z,2025-12-14 15:50:05
BetOnline.ag,player_points,Derik Queen,Under,14.5,-118,2025-12-15,2025-12-14T23:49:53Z,2025-12-14 15:50:05
BetOnline.ag,player_points,Jeremiah Fears,Over,13.5,-114,2025-12-15,2025-12-14T23:49:53Z,2025-12-14 15:50:05
BetOnline.ag,player_points,Jeremiah Fears,Under,13.5,-114,2025-12-15,2025-12-14T23:49:53Z,2025-12-14 15:50:05
BetOnline.ag,player_points,Trey Murphy III,Over,19.5,-112,2025-12-15,2025-12-14T23:49:53Z,2025-12-14 15:50:05
BetOnline.ag,player_points,Trey Murphy III,Under,19.5,-115,2025-12-15,2025-12-14T23:49:53Z,2025-12-14 15:50:05
BetOnline.ag,player_points,Jordan Poole,Over,15.5,-114,2025-12-15,2025-12-14T23:49:53Z,2025-12-14 15:50:05
BetOnline.ag,player_points,Jordan Poole,Under,15.5,-114,2025-12-15,2025-12-14T23:49:53Z,2025-12-14 15:50:05
BetOnline.ag,player_points,Patrick Williams,Over,7.5,-110,2025-12-15,2025-12-14T23:49:53Z,2025-12-14 15:50:05
BetOnline.ag,player_points,Patrick Williams,Under,7.5,-118,2025-12-15,2025-12-14T23:49:53Z,2025-12-14 15:50:05
BetOnline.ag,player_points,Kevin Huerter,Over,9.5,-110,2025-12-15,2025-12-14T23:49:53Z,2025-12-14 15:50:05
BetOnline.ag,player_points,Kevin Huerter,Under,9.5,-118,2025-12-15,2025-12-14T23:49:53Z,2025-12-14 15:50:05
BetOnline.ag,player_points,Herb Jones,Over,8.5,-130,2025-12-15,2025-12-14T23:49:53Z,2025-12-14 15:50:05
BetOnline.ag,player_points,Herb Jones,Under,8.5,100,2025-12-15,2025-12-14T23:49:53Z,2025-12-14 15:50:05
BetOnline.ag,player_points,Keegan Murray,Over,14.5,100,2025-12-15,2025-12-14T23:49:52Z,2025-12-14 15:50:05
BetOnline.ag,player_points,Keegan Murray,Under,14.5,-130,2025-12-15,2025-12-14T23:49:52Z,2025-12-14 15:50:05
BetOnline.ag,player_points,DeMar DeRozan,Over,18.5,-103,2025-12-15,2025-12-14T23:49:52Z,2025-12-14 15:50:05
BetOnline.ag,player_points,DeMar DeRozan,Under,18.5,-125,2025-12-15,2025-12-14T23:49:52Z,2025-12-14 15:50:05
BetOnline.ag,player_points,Donte DiVincenzo,Over,14.5,-110,2025-12-15,2025-12-14T23:49:52Z,2025-12-14 15:50:05
BetOnline.ag,player_points,Donte DiVincenzo,Under,14.5,-118,2025-12-15,2025-12-14T23:49:52Z,2025-12-14 15:50:05
BetOnline.ag,player_points,Rudy Gobert,Over,12.5,-127,2025-12-15,2025-12-14T23:49:52Z,2025-12-14 15:50:05
BetOnline.ag,player_points,Rudy Gobert,Under,12.5,-102,2025-12-15,2025-12-14T23:49:52Z,2025-12-14 15:50:05
BetOnline.ag,player_points,Russell Westbrook,Over,12.5,-116,2025-12-15,2025-12-14T23:49:52Z,2025-12-14 15:50:05
BetOnline.ag,player_points,Russell Westbrook,Under,12.5,-111,2025-12-15,2025-12-14T23:49:52Z,2025-12-14 15:50:05
BetOnline.ag,player_points,Jaden McDaniels,Over,17.5,-111,2025-12-15,2025-12-14T23:49:52Z,2025-12-14 15:50:05
BetOnline.ag,player_points,Jaden McDaniels,Under,17.5,-116,2025-12-15,2025-12-14T23:49:52Z,2025-12-14 15:50:05
BetOnline.ag,player_points,Julius Randle,Over,25.5,-109,2025-12-15,2025-12-14T23:49:52Z,2025-12-14 15:50:05
BetOnline.ag,player_points,Julius Randle,Under,25.5,-119,2025-12-15,2025-12-14T23:49:52Z,2025-12-14 15:50:05
BetOnline.ag,player_points,Naz Reid,Over,17.5,-105,2025-12-15,2025-12-14T23:49:52Z,2025-12-14 15:50:05
BetOnline.ag,player_points,Naz Reid,Under,17.5,-123,2025-12-15,2025-12-14T23:49:52Z,2025-12-14 15:50:05
BetOnline.ag,player_points,Malik Monk,Over,11.5,-110,2025-12-15,2025-12-14T23:49:52Z,2025-12-14 15:50:05
BetOnline.ag,player_points,Malik Monk,Under,11.5,-118,2025-12-15,2025-12-14T23:49:52Z,2025-12-14 15:50:05
BetOnline.ag,player_points,Maxime Raynaud,Over,11.5,-114,2025-12-15,2025-12-14T23:49:52Z,2025-12-14 15:50:05
BetOnline.ag,player_points,Maxime Raynaud,Under,11.5,-114,2025-12-15,2025-12-14T23:49:52Z,2025-12-14 15:50:05
BetOnline.ag,player_points,Zach LaVine,Over,19.5,-116,2025-12-15,2025-12-14T23:49:52Z,2025-12-14 15:50:05
BetOnline.ag,player_points,Zach LaVine,Under,19.5,-111,2025-12-15,2025-12-14T23:49:52Z,2025-12-14 15:50:05
BetOnline.ag,player_points,Devin Booker,Over,21.5,-118,2025-12-15,2025-12-14T23:49:19Z,2025-12-14 15:50:05
BetOnline.ag,player_points,Devin Booker,Under,21.5,-110,2025-12-15,2025-12-14T23:49:19Z,2025-12-14 15:50:05
BetOnline.ag,player_points,Rui Hachimura,Over,12.5,-105,2025-12-15,2025-12-14T23:49:19Z,2025-12-14 15:50:05
BetOnline.ag,player_points,Rui Hachimura,Under,12.5,-123,2025-12-15,2025-12-14T23:49:19Z,2025-12-14 15:50:05
BetOnline.ag,player_points,Deandre Ayton,Over,14.5,-109,2025-12-15,2025-12-14T23:49:19Z,2025-12-14 15:50:05
BetOnline.ag,player_points,Deandre Ayton,Under,14.5,-119,2025-12-15,2025-12-14T23:49:19Z,2025-12-14 15:50:05
BetOnline.ag,player_points,Dillon Brooks,Over,18.5,-112,2025-12-15,2025-12-14T23:49:19Z,2025-12-14 15:50:05
BetOnline.ag,player_points,Dillon Brooks,Under,18.5,-115,2025-12-15,2025-12-14T23:49:19Z,2025-12-14 15:50:05
BetOnline.ag,player_points,Mark Williams,Over,11.5,-118,2025-12-15,2025-12-14T23:49:19Z,2025-12-14 15:50:05
BetOnline.ag,player_points,Mark Williams,Under,11.5,-110,2025-12-15,2025-12-14T23:49:19Z,2025-12-14 15:50:05
BetOnline.ag,player_points,Marcus Smart,Over,10.5,104,2025-12-15,2025-12-14T23:49:19Z,2025-12-14 15:50:05
BetOnline.ag,player_points,Marcus Smart,Under,10.5,-135,2025-12-15,2025-12-14T23:49:19Z,2025-12-14 15:50:05
BetOnline.ag,player_points,Royce O'Neale,Over,9.5,102,2025-12-15,2025-12-14T23:49:19Z,2025-12-14 15:50:05
BetOnline.ag,player_points,Royce O'Neale,Under,9.5,-132,2025-12-15,2025-12-14T23:49:19Z,2025-12-14 15:50:05
BetOnline.ag,player_points,Grayson Allen,Over,15.5,-118,2025-12-15,2025-12-14T23:49:19Z,2025-12-14 15:50:05
BetOnline.ag,player_points,Grayson Allen,Under,15.5,-110,2025-12-15,2025-12-14T23:49:19Z,2025-12-14 15:50:05
BetOnline.ag,player_points,Jake LaRavia,Over,6.5,-116,2025-12-15,2025-12-14T23:49:19Z,2025-12-14 15:50:05
BetOnline.ag,player_points,Jake LaRavia,Under,6.5,-111,2025-12-15,2025-12-14T23:49:19Z,2025-12-14 15:50:05
BetOnline.ag,player_points,LeBron James,Over,19.5,-122,2025-12-15,2025-12-14T23:49:19Z,2025-12-14 15:50:05
BetOnline.ag,player_points,LeBron James,Under,19.5,-106,2025-12-15,2025-12-14T23:49:19Z,2025-12-14 15:50:05
BetOnline.ag,player_points,Luka Doncic,Over,35.5,-108,2025-12-15,2025-12-14T23:49:19Z,2025-12-14 15:50:05
BetOnline.ag,player_points,Luka Doncic,Under,35.5,-120,2025-12-15,2025-12-14T23:49:19Z,2025-12-14 15:50:05
BetOnline.ag,player_points,Collin Gillespie,Over,12.5,-114,2025-12-15,2025-12-14T23:49:19Z,2025-12-14 15:50:05
BetOnline.ag,player_points,Collin Gillespie,Under,12.5,-114,2025-12-15,2025-12-14T23:49:19Z,2025-12-14 15:50:05
BetOnline.ag,player_points,Jerami Grant,Over,20.5,110,2025-12-15,2025-12-14T23:49:49Z,2025-12-14 15:50:05
BetOnline.ag,player_points,Jerami Grant,Under,20.5,-143,2025-12-15,2025-12-14T23:49:49Z,2025-12-14 15:50:05
BetOnline.ag,player_points,Draymond Green,Over,9.5,-105,2025-12-15,2025-12-14T23:49:49Z,2025-12-14 15:50:05
BetOnline.ag,player_points,Draymond Green,Under,9.5,-123,2025-12-15,2025-12-14T23:49:49Z,2025-12-14 15:50:05
BetOnline.ag,player_points,Jimmy Butler,Over,19.5,-114,2025-12-15,2025-12-14T23:49:49Z,2025-12-14 15:50:05
BetOnline.ag,player_points,Jimmy Butler,Under,19.5,-114,2025-12-15,2025-12-14T23:49:49Z,2025-12-14 15:50:05
BetOnline.ag,player_points,Toumani Camara,Over,12.5,-109,2025-12-15,2025-12-14T23:49:49Z,2025-12-14 15:50:05
BetOnline.ag,player_points,Toumani Camara,Under,12.5,-119,2025-12-15,2025-12-14T23:49:49Z,2025-12-14 15:50:05
BetOnline.ag,player_points,Donovan Clingan,Over,9.5,-105,2025-12-15,2025-12-14T23:49:49Z,2025-12-14 15:50:05
BetOnline.ag,player_points,Donovan Clingan,Under,9.5,-123,2025-12-15,2025-12-14T23:49:49Z,2025-12-14 15:50:05
BetOnline.ag,player_points,Moses Moody,Over,7.5,-143,2025-12-15,2025-12-14T23:49:49Z,2025-12-14 15:50:05
BetOnline.ag,player_points,Moses Moody,Under,7.5,110,2025-12-15,2025-12-14T23:49:49Z,2025-12-14 15:50:05
BetOnline.ag,player_points,Buddy Hield,Over,8.5,-109,2025-12-15,2025-12-14T23:49:49Z,2025-12-14 15:50:05
BetOnline.ag,player_points,Buddy Hield,Under,8.5,-119,2025-12-15,2025-12-14T23:49:49Z,2025-12-14 15:50:05
BetOnline.ag,player_points,Quinten Post,Over,8.5,-133,2025-12-15,2025-12-14T23:49:49Z,2025-12-14 15:50:05
BetOnline.ag,player_points,Quinten Post,Under,8.5,103,2025-12-15,2025-12-14T23:49:49Z,2025-12-14 15:50:05
BetOnline.ag,player_points,Stephen Curry,Over,28.5,112,2025-12-15,2025-12-14T23:49:49Z,2025-12-14 15:50:05
BetOnline.ag,player_points,Stephen Curry,Under,28.5,-145,2025-12-15,2025-12-14T23:49:49Z,2025-12-14 15:50:05
BetOnline.ag,player_points,Shaedon Sharpe,Over,22.5,-114,2025-12-15,2025-12-14T23:49:49Z,2025-12-14 15:50:05
BetOnline.ag,player_points,Shaedon Sharpe,Under,22.5,-114,2025-12-15,2025-12-14T23:49:49Z,2025-12-14 15:50:05
BetOnline.ag,player_points,Deni Avdija,Over,23.5,-111,2025-12-15,2025-12-14T23:49:49Z,2025-12-14 15:50:05
BetOnline.ag,player_points,Deni Avdija,Under,23.5,-116,2025-12-15,2025-12-14T23:49:49Z,2025-12-14 15:50:05
BetOnline.ag,player_points,Brandin Podziemski,Over,9.5,-101,2025-12-15,2025-12-14T23:49:49Z,2025-12-14 15:50:05
BetOnline.ag,player_points,Brandin Podziemski,Under,9.5,-128,2025-12-15,2025-12-14T23:49:49Z,2025-12-14 15:50:05
BetMGM,player_points,Trey Murphy III,Over,19.5,-105,2025-12-15,2025-12-14T23:49:22Z,2025-12-14 15:50:05
BetMGM,player_points,Trey Murphy III,Under,19.5,-125,2025-12-15,2025-12-14T23:49:22Z,2025-12-14 15:50:05
BetMGM,player_points,Jalen Smith,Over,7.5,-125,2025-12-15,2025-12-14T23:49:22Z,2025-12-14 15:50:05
BetMGM,player_points,Jalen Smith,Under,7.5,-105,2025-12-15,2025-12-14T23:49:22Z,2025-12-14 15:50:05
BetMGM,player_points,Nikola Vucevic,Over,15.5,-118,2025-12-15,2025-12-14T23:49:22Z,2025-12-14 15:50:05
BetMGM,player_points,Nikola Vucevic,Under,15.5,-110,2025-12-15,2025-12-14T23:49:22Z,2025-12-14 15:50:05
BetMGM,player_points,Derik Queen,Over,14.5,100,2025-12-15,2025-12-14T23:49:22Z,2025-12-14 15:50:05
BetMGM,player_points,Derik Queen,Under,14.5,-130,2025-12-15,2025-12-14T23:49:22Z,2025-12-14 15:50:05
BetMGM,player_points,Jose Alvarado,Over,7.5,-110,2025-12-15,2025-12-14T23:49:22Z,2025-12-14 15:50:05
BetMGM,player_points,Jose Alvarado,Under,7.5,-120,2025-12-15,2025-12-14T23:49:22Z,2025-12-14 15:50:05
BetMGM,player_points,Jeremiah Fears,Over,13.5,-110,2025-12-15,2025-12-14T23:49:22Z,2025-12-14 15:50:05
BetMGM,player_points,Jeremiah Fears,Under,13.5,-120,2025-12-15,2025-12-14T23:49:22Z,2025-12-14 15:50:05
BetMGM,player_points,Matas Buzelis,Over,13.5,-105,2025-12-15,2025-12-14T23:49:22Z,2025-12-14 15:50:05
BetMGM,player_points,Matas Buzelis,Under,13.5,-125,2025-12-15,2025-12-14T23:49:22Z,2025-12-14 15:50:05
BetMGM,player_points,Zach Collins,Over,7.5,-105,2025-12-15,2025-12-14T23:49:22Z,2025-12-14 15:50:05
BetMGM,player_points,Zach Collins,Under,7.5,-125,2025-12-15,2025-12-14T23:49:22Z,2025-12-14 15:50:05
BetMGM,player_points,Patrick Williams,Over,7.5,-120,2025-12-15,2025-12-14T23:49:22Z,2025-12-14 15:50:05
BetMGM,player_points,Patrick Williams,Under,7.5,-110,2025-12-15,2025-12-14T23:49:22Z,2025-12-14 15:50:05
BetMGM,player_points,Coby White,Over,22.5,-130,2025-12-15,2025-12-14T23:49:22Z,2025-12-14 15:50:05
BetMGM,player_points,Coby White,Under,22.5,-105,2025-12-15,2025-12-14T23:49:22Z,2025-12-14 15:50:05
BetMGM,player_points,Josh Giddey,Over,20.5,-120,2025-12-15,2025-12-14T23:49:22Z,2025-12-14 15:50:05
BetMGM,player_points,Josh Giddey,Under,20.5,-110,2025-12-15,2025-12-14T23:49:22Z,2025-12-14 15:50:05
BetMGM,player_points,Isaac Okoro,Over,6.5,-140,2025-12-15,2025-12-14T23:49:22Z,2025-12-14 15:50:05
BetMGM,player_points,Isaac Okoro,Under,6.5,105,2025-12-15,2025-12-14T23:49:22Z,2025-12-14 15:50:05
BetMGM,player_points,Kevin Huerter,Over,8.5,-115,2025-12-15,2025-12-14T23:49:22Z,2025-12-14 15:50:05
BetMGM,player_points,Kevin Huerter,Under,8.5,-118,2025-12-15,2025-12-14T23:49:22Z,2025-12-14 15:50:05
BetMGM,player_points,Tre Jones,Over,10.5,-130,2025-12-15,2025-12-14T23:49:22Z,2025-12-14 15:50:05
BetMGM,player_points,Tre Jones,Under,10.5,-105,2025-12-15,2025-12-14T23:49:22Z,2025-12-14 15:50:05
BetMGM,player_points,Jordan Poole,Over,14.5,-130,2025-12-15,2025-12-14T23:49:22Z,2025-12-14 15:50:05
BetMGM,player_points,Jordan Poole,Under,14.5,-105,2025-12-15,2025-12-14T23:49:22Z,2025-12-14 15:50:05
BetMGM,player_points,Herb Jones,Over,8.5,-135,2025-12-15,2025-12-14T23:49:22Z,2025-12-14 15:50:05
BetMGM,player_points,Herb Jones,Under,8.5,100,2025-12-15,2025-12-14T23:49:22Z,2025-12-14 15:50:05
BetMGM,player_points,Saddiq Bey,Over,13.5,-105,2025-12-15,2025-12-14T23:49:22Z,2025-12-14 15:50:05
BetMGM,player_points,Saddiq Bey,Under,13.5,-125,2025-12-15,2025-12-14T23:49:22Z,2025-12-14 15:50:05
BetMGM,player_points,Zion Williamson,Over,17.5,-105,2025-12-15,2025-12-14T23:49:22Z,2025-12-14 15:50:05
BetMGM,player_points,Zion Williamson,Under,17.5,-125,2025-12-15,2025-12-14T23:49:22Z,2025-12-14 15:50:05
BetMGM,player_points,DeMar DeRozan,Over,18.5,-105,2025-12-15,2025-12-14T23:49:31Z,2025-12-14 15:50:05
BetMGM,player_points,DeMar DeRozan,Under,18.5,-125,2025-12-15,2025-12-14T23:49:31Z,2025-12-14 15:50:05
BetMGM,player_points,Keegan Murray,Over,13.5,-120,2025-12-15,2025-12-14T23:49:31Z,2025-12-14 15:50:05
BetMGM,player_points,Keegan Murray,Under,13.5,-110,2025-12-15,2025-12-14T23:49:31Z,2025-12-14 15:50:05
BetMGM,player_points,Maxime Raynaud,Over,11.5,-125,2025-12-15,2025-12-14T23:49:31Z,2025-12-14 15:50:05
BetMGM,player_points,Maxime Raynaud,Under,11.5,-105,2025-12-15,2025-12-14T23:49:31Z,2025-12-14 15:50:05
BetMGM,player_points,Donte DiVincenzo,Over,14.5,-130,2025-12-15,2025-12-14T23:49:31Z,2025-12-14 15:50:05
BetMGM,player_points,Donte DiVincenzo,Under,14.5,-105,2025-12-15,2025-12-14T23:49:31Z,2025-12-14 15:50:05
BetMGM,player_points,Rudy Gobert,Over,12.5,-125,2025-12-15,2025-12-14T23:49:31Z,2025-12-14 15:50:05
BetMGM,player_points,Rudy Gobert,Under,12.5,-110,2025-12-15,2025-12-14T23:49:31Z,2025-12-14 15:50:05
BetMGM,player_points,Jaden McDaniels,Over,16.5,-135,2025-12-15,2025-12-14T23:49:31Z,2025-12-14 15:50:05
BetMGM,player_points,Jaden McDaniels,Under,16.5,100,2025-12-15,2025-12-14T23:49:31Z,2025-12-14 15:50:05
BetMGM,player_points,Julius Randle,Over,24.5,-130,2025-12-15,2025-12-14T23:49:31Z,2025-12-14 15:50:05
BetMGM,player_points,Julius Randle,Under,24.5,-105,2025-12-15,2025-12-14T23:49:31Z,2025-12-14 15:50:05
BetMGM,player_points,Russell Westbrook,Over,11.5,-130,2025-12-15,2025-12-14T23:49:31Z,2025-12-14 15:50:05
BetMGM,player_points,Russell Westbrook,Under,11.5,-105,2025-12-15,2025-12-14T23:49:31Z,2025-12-14 15:50:05
BetMGM,player_points,Zach LaVine,Over,20.5,-110,2025-12-15,2025-12-14T23:49:31Z,2025-12-14 15:50:05
BetMGM,player_points,Zach LaVine,Under,20.5,-120,2025-12-15,2025-12-14T23:49:31Z,2025-12-14 15:50:05
BetMGM,player_points,Malik Monk,Over,11.5,-110,2025-12-15,2025-12-14T23:49:31Z,2025-12-14 15:50:05
BetMGM,player_points,Malik Monk,Under,11.5,-120,2025-12-15,2025-12-14T23:49:31Z,2025-12-14 15:50:05
BetMGM,player_points,Naz Reid,Over,16.5,-110,2025-12-15,2025-12-14T23:49:31Z,2025-12-14 15:50:05
BetMGM,player_points,Naz Reid,Under,16.5,-120,2025-12-15,2025-12-14T23:49:31Z,2025-12-14 15:50:05
BetMGM,player_points,Dennis Schroder,Over,9.5,-115,2025-12-15,2025-12-14T23:49:31Z,2025-12-14 15:50:05
BetMGM,player_points,Dennis Schroder,Under,9.5,-115,2025-12-15,2025-12-14T23:49:31Z,2025-12-14 15:50:05
BetMGM,player_points,Bones Hyland,Over,10.5,-105,2025-12-15,2025-12-14T23:49:31Z,2025-12-14 15:50:05
BetMGM,player_points,Bones Hyland,Under,10.5,-125,2025-12-15,2025-12-14T23:49:31Z,2025-12-14 15:50:05
BetMGM,player_points,Terrence Shannon Jr.,Over,8.5,-105,2025-12-15,2025-12-14T23:49:31Z,2025-12-14 15:50:05
BetMGM,player_points,Terrence Shannon Jr.,Under,8.5,-125,2025-12-15,2025-12-14T23:49:31Z,2025-12-14 15:50:05
BetMGM,player_points,Jaylen Clark,Over,5.5,105,2025-12-15,2025-12-14T23:49:31Z,2025-12-14 15:50:05
BetMGM,player_points,Jaylen Clark,Under,5.5,-140,2025-12-15,2025-12-14T23:49:31Z,2025-12-14 15:50:05
BetMGM,player_points,Rui Hachimura,Over,12.5,-105,2025-12-15,2025-12-14T23:50:08Z,2025-12-14 15:50:05
BetMGM,player_points,Rui Hachimura,Under,12.5,-130,2025-12-15,2025-12-14T23:50:08Z,2025-12-14 15:50:05
BetMGM,player_points,Luka Doncic,Over,35.5,-105,2025-12-15,2025-12-14T23:50:08Z,2025-12-14 15:50:05
BetMGM,player_points,Luka Doncic,Under,35.5,-125,2025-12-15,2025-12-14T23:50:08Z,2025-12-14 15:50:05
BetMGM,player_points,Deandre Ayton,Over,13.5,-135,2025-12-15,2025-12-14T23:50:08Z,2025-12-14 15:50:05
BetMGM,player_points,Deandre Ayton,Under,13.5,100,2025-12-15,2025-12-14T23:50:08Z,2025-12-14 15:50:05
BetMGM,player_points,Grayson Allen,Over,15.5,-115,2025-12-15,2025-12-14T23:50:08Z,2025-12-14 15:50:05
BetMGM,player_points,Grayson Allen,Under,15.5,-115,2025-12-15,2025-12-14T23:50:08Z,2025-12-14 15:50:05
BetMGM,player_points,LeBron James,Over,19.5,-120,2025-12-15,2025-12-14T23:50:08Z,2025-12-14 15:50:05
BetMGM,player_points,LeBron James,Under,19.5,-110,2025-12-15,2025-12-14T23:50:08Z,2025-12-14 15:50:05
BetMGM,player_points,Jake LaRavia,Over,7.5,-105,2025-12-15,2025-12-14T23:50:08Z,2025-12-14 15:50:05
BetMGM,player_points,Jake LaRavia,Under,7.5,-130,2025-12-15,2025-12-14T23:50:08Z,2025-12-14 15:50:05
BetMGM,player_points,Marcus Smart,Over,10.5,100,2025-12-15,2025-12-14T23:50:08Z,2025-12-14 15:50:05
BetMGM,player_points,Marcus Smart,Under,10.5,-135,2025-12-15,2025-12-14T23:50:08Z,2025-12-14 15:50:05
BetMGM,player_points,Dillon Brooks,Over,18.5,-120,2025-12-15,2025-12-14T23:50:08Z,2025-12-14 15:50:05
BetMGM,player_points,Dillon Brooks,Under,18.5,-110,2025-12-15,2025-12-14T23:50:08Z,2025-12-14 15:50:05
BetMGM,player_points,Mark Williams,Over,11.5,-130,2025-12-15,2025-12-14T23:50:08Z,2025-12-14 15:50:05
BetMGM,player_points,Mark Williams,Under,11.5,-105,2025-12-15,2025-12-14T23:50:08Z,2025-12-14 15:50:05
BetMGM,player_points,Devin Booker,Over,21.5,-120,2025-12-15,2025-12-14T23:50:08Z,2025-12-14 15:50:05
BetMGM,player_points,Devin Booker,Under,21.5,-110,2025-12-15,2025-12-14T23:50:08Z,2025-12-14 15:50:05
BetMGM,player_points,Royce O'Neale,Over,8.5,-130,2025-12-15,2025-12-14T23:50:08Z,2025-12-14 15:50:05
BetMGM,player_points,Royce O'Neale,Under,8.5,-105,2025-12-15,2025-12-14T23:50:08Z,2025-12-14 15:50:05
BetMGM,player_points,Collin Gillespie,Over,12.5,-120,2025-12-15,2025-12-14T23:50:08Z,2025-12-14 15:50:05
BetMGM,player_points,Collin Gillespie,Under,12.5,-110,2025-12-15,2025-12-14T23:50:08Z,2025-12-14 15:50:05
BetMGM,player_points,Brandin Podziemski,Over,8.5,-125,2025-12-15,2025-12-14T23:49:43Z,2025-12-14 15:50:05
BetMGM,player_points,Brandin Podziemski,Under,8.5,-110,2025-12-15,2025-12-14T23:49:43Z,2025-12-14 15:50:05
BetMGM,player_points,Draymond Green,Over,9.5,-115,2025-12-15,2025-12-14T23:49:43Z,2025-12-14 15:50:05
BetMGM,player_points,Draymond Green,Under,9.5,-115,2025-12-15,2025-12-14T23:49:43Z,2025-12-14 15:50:05
BetMGM,player_points,Jimmy Butler,Over,19.5,-110,2025-12-15,2025-12-14T23:49:43Z,2025-12-14 15:50:05
BetMGM,player_points,Jimmy Butler,Under,19.5,-120,2025-12-15,2025-12-14T23:49:43Z,2025-12-14 15:50:05
BetMGM,player_points,Stephen Curry,Over,28.5,-115,2025-12-15,2025-12-14T23:49:43Z,2025-12-14 15:50:05
BetMGM,player_points,Stephen Curry,Under,28.5,-118,2025-12-15,2025-12-14T23:49:43Z,2025-12-14 15:50:05
BetMGM,player_points,Buddy Hield,Over,7.5,-125,2025-12-15,2025-12-14T23:49:43Z,2025-12-14 15:50:05
BetMGM,player_points,Buddy Hield,Under,7.5,-105,2025-12-15,2025-12-14T23:49:43Z,2025-12-14 15:50:05
BetMGM,player_points,Jerami Grant,Over,19.5,-115,2025-12-15,2025-12-14T23:49:43Z,2025-12-14 15:50:05
BetMGM,player_points,Jerami Grant,Under,19.5,-115,2025-12-15,2025-12-14T23:49:43Z,2025-12-14 15:50:05
BetMGM,player_points,Donovan Clingan,Over,9.5,-105,2025-12-15,2025-12-14T23:49:43Z,2025-12-14 15:50:05
BetMGM,player_points,Donovan Clingan,Under,9.5,-130,2025-12-15,2025-12-14T23:49:43Z,2025-12-14 15:50:05
BetMGM,player_points,Quinten Post,Over,9.5,100,2025-12-15,2025-12-14T23:49:43Z,2025-12-14 15:50:05
BetMGM,player_points,Quinten Post,Under,9.5,-130,2025-12-15,2025-12-14T23:49:43Z,2025-12-14 15:50:05
BetMGM,player_points,Toumani Camara,Over,12.5,-105,2025-12-15,2025-12-14T23:49:43Z,2025-12-14 15:50:05
BetMGM,player_points,Toumani Camara,Under,12.5,-130,2025-12-15,2025-12-14T23:49:43Z,2025-12-14 15:50:05
BetMGM,player_points,Shaedon Sharpe,Over,21.5,-120,2025-12-15,2025-12-14T23:49:43Z,2025-12-14 15:50:05
BetMGM,player_points,Shaedon Sharpe,Under,21.5,-110,2025-12-15,2025-12-14T23:49:43Z,2025-12-14 15:50:05
BetMGM,player_points,Kris Murray,Over,5.5,100,2025-12-15,2025-12-14T23:49:43Z,2025-12-14 15:50:05
BetMGM,player_points,Kris Murray,Under,5.5,-135,2025-12-15,2025-12-14T23:49:43Z,2025-12-14 15:50:05
BetMGM,player_points,Moses Moody,Over,8.5,-110,2025-12-15,2025-12-14T23:49:43Z,2025-12-14 15:50:05
BetMGM,player_points,Moses Moody,Under,8.5,-120,2025-12-15,2025-12-14T23:49:43Z,2025-12-14 15:50:05
BetMGM,player_points,Deni Avdija,Over,23.5,-105,2025-12-15,2025-12-14T23:49:43Z,2025-12-14 15:50:05
BetMGM,player_points,Deni Avdija,Under,23.5,-125,2025-12-15,2025-12-14T23:49:43Z,2025-12-14 15:50:05
FanDuel,player_rebounds,Dyson Daniels,Over,6.5,-166,2025-12-14,2025-12-14T23:50:02Z,2025-12-14 15:50:05
FanDuel,player_rebounds,Dyson Daniels,Under,6.5,126,2025-12-14,2025-12-14T23:50:02Z,2025-12-14 15:50:05
FanDuel,player_rebounds,Joel Embiid,Over,9.5,-102,2025-12-14,2025-12-14T23:50:02Z,2025-12-14 15:50:05
FanDuel,player_rebounds,Joel Embiid,Under,9.5,-130,2025-12-14,2025-12-14T23:50:02Z,2025-12-14 15:50:05
FanDuel,player_rebounds,Zaccharie Risacher,Over,2.5,-120,2025-12-14,2025-12-14T23:50:02Z,2025-12-14 15:50:05
FanDuel,player_rebounds,Zaccharie Risacher,Under,2.5,-110,2025-12-14,2025-12-14T23:50:02Z,2025-12-14 15:50:05
FanDuel,player_rebounds,Paul George,Over,3.5,100,2025-12-14,2025-12-14T23:50:02Z,2025-12-14 15:50:05
FanDuel,player_rebounds,Paul George,Under,3.5,-132,2025-12-14,2025-12-14T23:50:02Z,2025-12-14 15:50:05
FanDuel,player_rebounds,Onyeka Okongwu,Over,12.5,102,2025-12-14,2025-12-14T23:50:02Z,2025-12-14 15:50:05
FanDuel,player_rebounds,Onyeka Okongwu,Under,12.5,-136,2025-12-14,2025-12-14T23:50:02Z,2025-12-14 15:50:05
FanDuel,player_rebounds,Nickeil Alexander-Walker,Over,5.5,140,2025-12-14,2025-12-14T23:50:02Z,2025-12-14 15:50:05
FanDuel,player_rebounds,Nickeil Alexander-Walker,Under,5.5,-188,2025-12-14,2025-12-14T23:50:02Z,2025-12-14 15:50:05
FanDuel,player_rebounds,VJ Edgecombe,Over,4.5,-180,2025-12-14,2025-12-14T23:50:02Z,2025-12-14 15:50:05
FanDuel,player_rebounds,VJ Edgecombe,Under,4.5,134,2025-12-14,2025-12-14T23:50:02Z,2025-12-14 15:50:05
FanDuel,player_rebounds,Quentin Grimes,Over,4.5,-166,2025-12-14,2025-12-14T23:50:02Z,2025-12-14 15:50:05
FanDuel,player_rebounds,Quentin Grimes,Under,4.5,124,2025-12-14,2025-12-14T23:50:02Z,2025-12-14 15:50:05
FanDuel,player_rebounds,Jalen Johnson,Over,9.5,-108,2025-12-14,2025-12-14T23:50:02Z,2025-12-14 15:50:05
FanDuel,player_rebounds,Jalen Johnson,Under,9.5,-122,2025-12-14,2025-12-14T23:50:02Z,2025-12-14 15:50:05
FanDuel,player_rebounds,Nicolas Claxton,Over,5.5,-130,2025-12-14,2025-12-14T23:49:22Z,2025-12-14 15:50:05
FanDuel,player_rebounds,Nicolas Claxton,Under,5.5,-102,2025-12-14,2025-12-14T23:49:22Z,2025-12-14 15:50:05
FanDuel,player_rebounds,Danny Wolf,Over,2.5,-146,2025-12-14,2025-12-14T23:49:22Z,2025-12-14 15:50:05
FanDuel,player_rebounds,Danny Wolf,Under,2.5,110,2025-12-14,2025-12-14T23:49:22Z,2025-12-14 15:50:05
FanDuel,player_rebounds,Noah Clowney,Over,3.5,-136,2025-12-14,2025-12-14T23:49:22Z,2025-12-14 15:50:05
FanDuel,player_rebounds,Noah Clowney,Under,3.5,102,2025-12-14,2025-12-14T23:49:22Z,2025-12-14 15:50:05
FanDuel,player_rebounds,Myles Turner,Over,3.5,116,2025-12-14,2025-12-14T23:49:22Z,2025-12-14 15:50:05
FanDuel,player_rebounds,Myles Turner,Under,3.5,-154,2025-12-14,2025-12-14T23:49:22Z,2025-12-14 15:50:05
FanDuel,player_rebounds,Kevin Porter Jr.,Over,6.5,-132,2025-12-14,2025-12-14T23:49:22Z,2025-12-14 15:50:05
FanDuel,player_rebounds,Kevin Porter Jr.,Under,6.5,100,2025-12-14,2025-12-14T23:49:22Z,2025-12-14 15:50:05
FanDuel,player_rebounds,Michael Porter Jr,Over,5.5,-102,2025-12-14,2025-12-14T23:49:22Z,2025-12-14 15:50:05
FanDuel,player_rebounds,Michael Porter Jr,Under,5.5,-130,2025-12-14,2025-12-14T23:49:22Z,2025-12-14 15:50:05
FanDuel,player_rebounds,Egor Demin,Over,3.5,-130,2025-12-14,2025-12-14T23:49:22Z,2025-12-14 15:50:05
FanDuel,player_rebounds,Egor Demin,Under,3.5,-102,2025-12-14,2025-12-14T23:49:22Z,2025-12-14 15:50:05
FanDuel,player_rebounds,Ryan Rollins,Over,3.5,-106,2025-12-14,2025-12-14T23:49:22Z,2025-12-14 15:50:05
FanDuel,player_rebounds,Ryan Rollins,Under,3.5,-125,2025-12-14,2025-12-14T23:49:22Z,2025-12-14 15:50:05
FanDuel,player_rebounds,Terance Mann,Over,3.5,116,2025-12-14,2025-12-14T23:49:22Z,2025-12-14 15:50:05
FanDuel,player_rebounds,Terance Mann,Under,3.5,-154,2025-12-14,2025-12-14T23:49:22Z,2025-12-14 15:50:05
FanDuel,player_rebounds,Bobby Portis,Over,5.5,-166,2025-12-14,2025-12-14T23:49:22Z,2025-12-14 15:50:05
FanDuel,player_rebounds,Bobby Portis,Under,5.5,124,2025-12-14,2025-12-14T23:49:22Z,2025-12-14 15:50:05
FanDuel,player_rebounds,Kyle Kuzma,Over,5.5,126,2025-12-14,2025-12-14T23:49:22Z,2025-12-14 15:50:05
FanDuel,player_rebounds,Kyle Kuzma,Under,5.5,-168,2025-12-14,2025-12-14T23:49:22Z,2025-12-14 15:50:05
FanDuel,player_rebounds,Day'Ron Sharpe,Over,7.5,-136,2025-12-14,2025-12-14T23:49:22Z,2025-12-14 15:50:05
FanDuel,player_rebounds,Day'Ron Sharpe,Under,7.5,102,2025-12-14,2025-12-14T23:49:22Z,2025-12-14 15:50:05
FanDuel,player_rebounds,Tre Jones,Over,2.5,-106,2025-12-15,2025-12-14T23:49:25Z,2025-12-14 15:50:05
FanDuel,player_rebounds,Tre Jones,Under,2.5,-120,2025-12-15,2025-12-14T23:49:25Z,2025-12-14 15:50:05
FanDuel,player_rebounds,Saddiq Bey,Over,5.5,-125,2025-12-15,2025-12-14T23:49:25Z,2025-12-14 15:50:05
FanDuel,player_rebounds,Saddiq Bey,Under,5.5,-102,2025-12-15,2025-12-14T23:49:25Z,2025-12-14 15:50:05
FanDuel,player_rebounds,Kevin Huerter,Over,2.5,112,2025-12-15,2025-12-14T23:49:25Z,2025-12-14 15:50:05
FanDuel,player_rebounds,Kevin Huerter,Under,2.5,-142,2025-12-15,2025-12-14T23:49:25Z,2025-12-14 15:50:05
FanDuel,player_rebounds,Derik Queen,Over,7.5,104,2025-12-15,2025-12-14T23:49:25Z,2025-12-14 15:50:05
FanDuel,player_rebounds,Derik Queen,Under,7.5,-132,2025-12-15,2025-12-14T23:49:25Z,2025-12-14 15:50:05
FanDuel,player_rebounds,Jalen Smith,Over,4.5,-128,2025-12-15,2025-12-14T23:49:25Z,2025-12-14 15:50:05
FanDuel,player_rebounds,Jalen Smith,Under,4.5,100,2025-12-15,2025-12-14T23:49:25Z,2025-12-14 15:50:05
FanDuel,player_rebounds,Jordan Poole,Over,2.5,140,2025-12-15,2025-12-14T23:49:25Z,2025-12-14 15:50:05
FanDuel,player_rebounds,Jordan Poole,Under,2.5,-180,2025-12-15,2025-12-14T23:49:25Z,2025-12-14 15:50:05
FanDuel,player_rebounds,Jeremiah Fears,Over,3.5,118,2025-12-15,2025-12-14T23:49:25Z,2025-12-14 15:50:05
FanDuel,player_rebounds,Jeremiah Fears,Under,3.5,-150,2025-12-15,2025-12-14T23:49:25Z,2025-12-14 15:50:05
FanDuel,player_rebounds,Matas Buzelis,Over,4.5,-138,2025-12-15,2025-12-14T23:49:25Z,2025-12-14 15:50:05
FanDuel,player_rebounds,Matas Buzelis,Under,4.5,108,2025-12-15,2025-12-14T23:49:25Z,2025-12-14 15:50:05
FanDuel,player_rebounds,Patrick Williams,Over,2.5,-178,2025-12-15,2025-12-14T23:49:25Z,2025-12-14 15:50:05
FanDuel,player_rebounds,Patrick Williams,Under,2.5,136,2025-12-15,2025-12-14T23:49:25Z,2025-12-14 15:50:05
FanDuel,player_rebounds,Coby White,Over,2.5,-170,2025-12-15,2025-12-14T23:49:25Z,2025-12-14 15:50:05
FanDuel,player_rebounds,Coby White,Under,2.5,132,2025-12-15,2025-12-14T23:49:25Z,2025-12-14 15:50:05
FanDuel,player_rebounds,Trey Murphy III,Over,5.5,-113,2025-12-15,2025-12-14T23:49:25Z,2025-12-14 15:50:05
FanDuel,player_rebounds,Trey Murphy III,Under,5.5,-113,2025-12-15,2025-12-14T23:49:25Z,2025-12-14 15:50:05
FanDuel,player_rebounds,Herb Jones,Over,3.5,-122,2025-12-15,2025-12-14T23:49:25Z,2025-12-14 15:50:05
FanDuel,player_rebounds,Herb Jones,Under,3.5,-104,2025-12-15,2025-12-14T23:49:25Z,2025-12-14 15:50:05
FanDuel,player_rebounds,Josh Giddey,Over,8.5,114,2025-12-15,2025-12-14T23:49:25Z,2025-12-14 15:50:05
FanDuel,player_rebounds,Josh Giddey,Under,8.5,-146,2025-12-15,2025-12-14T23:49:25Z,2025-12-14 15:50:05
FanDuel,player_rebounds,Nikola Vucevic,Over,7.5,-136,2025-12-15,2025-12-14T23:49:25Z,2025-12-14 15:50:05
FanDuel,player_rebounds,Nikola Vucevic,Under,7.5,106,2025-12-15,2025-12-14T23:49:25Z,2025-12-14 15:50:05
FanDuel,player_rebounds,Isaac Okoro,Over,2.5,126,2025-12-15,2025-12-14T23:49:25Z,2025-12-14 15:50:05
FanDuel,player_rebounds,Isaac Okoro,Under,2.5,-162,2025-12-15,2025-12-14T23:49:25Z,2025-12-14 15:50:05
FanDuel,player_rebounds,Zion Williamson,Over,4.5,-122,2025-12-15,2025-12-14T23:49:25Z,2025-12-14 15:50:05
FanDuel,player_rebounds,Zion Williamson,Under,4.5,-104,2025-12-15,2025-12-14T23:49:25Z,2025-12-14 15:50:05
FanDuel,player_rebounds,Rudy Gobert,Over,11.5,110,2025-12-15,2025-12-14T23:49:26Z,2025-12-14 15:50:05
FanDuel,player_rebounds,Rudy Gobert,Under,11.5,-140,2025-12-15,2025-12-14T23:49:26Z,2025-12-14 15:50:05
FanDuel,player_rebounds,Donte DiVincenzo,Over,4.5,120,2025-12-15,2025-12-14T23:49:26Z,2025-12-14 15:50:05
FanDuel,player_rebounds,Donte DiVincenzo,Under,4.5,-154,2025-12-15,2025-12-14T23:49:26Z,2025-12-14 15:50:05
FanDuel,player_rebounds,Malik Monk,Over,2.5,126,2025-12-15,2025-12-14T23:49:26Z,2025-12-14 15:50:05
FanDuel,player_rebounds,Malik Monk,Under,2.5,-162,2025-12-15,2025-12-14T23:49:26Z,2025-12-14 15:50:05
FanDuel,player_rebounds,Naz Reid,Over,6.5,-104,2025-12-15,2025-12-14T23:49:26Z,2025-12-14 15:50:05
FanDuel,player_rebounds,Naz Reid,Under,6.5,-122,2025-12-15,2025-12-14T23:49:26Z,2025-12-14 15:50:05
FanDuel,player_rebounds,Keegan Murray,Over,6.5,-113,2025-12-15,2025-12-14T23:49:26Z,2025-12-14 15:50:05
FanDuel,player_rebounds,Keegan Murray,Under,6.5,-113,2025-12-15,2025-12-14T23:49:26Z,2025-12-14 15:50:05
FanDuel,player_rebounds,Julius Randle,Over,7.5,108,2025-12-15,2025-12-14T23:49:26Z,2025-12-14 15:50:05
FanDuel,player_rebounds,Julius Randle,Under,7.5,-138,2025-12-15,2025-12-14T23:49:26Z,2025-12-14 15:50:05
FanDuel,player_rebounds,Maxime Raynaud,Over,6.5,-132,2025-12-15,2025-12-14T23:49:26Z,2025-12-14 15:50:05
FanDuel,player_rebounds,Maxime Raynaud,Under,6.5,104,2025-12-15,2025-12-14T23:49:26Z,2025-12-14 15:50:05
FanDuel,player_rebounds,Zach LaVine,Over,3.5,142,2025-12-15,2025-12-14T23:49:26Z,2025-12-14 15:50:05
FanDuel,player_rebounds,Zach LaVine,Under,3.5,-184,2025-12-15,2025-12-14T23:49:26Z,2025-12-14 15:50:05
FanDuel,player_rebounds,Russell Westbrook,Over,6.5,102,2025-12-15,2025-12-14T23:49:26Z,2025-12-14 15:50:05
FanDuel,player_rebounds,Russell Westbrook,Under,6.5,-130,2025-12-15,2025-12-14T23:49:26Z,2025-12-14 15:50:05
FanDuel,player_rebounds,DeMar DeRozan,Over,3.5,110,2025-12-15,2025-12-14T23:49:26Z,2025-12-14 15:50:05
FanDuel,player_rebounds,DeMar DeRozan,Under,3.5,-140,2025-12-15,2025-12-14T23:49:26Z,2025-12-14 15:50:05
FanDuel,player_rebounds,Jaden McDaniels,Over,5.5,112,2025-12-15,2025-12-14T23:49:26Z,2025-12-14 15:50:05
FanDuel,player_rebounds,Jaden McDaniels,Under,5.5,-142,2025-12-15,2025-12-14T23:49:26Z,2025-12-14 15:50:05
FanDuel,player_rebounds,LeBron James,Over,6.5,114,2025-12-15,2025-12-14T23:49:53Z,2025-12-14 15:50:05
FanDuel,player_rebounds,LeBron James,Under,6.5,-146,2025-12-15,2025-12-14T23:49:53Z,2025-12-14 15:50:05
FanDuel,player_rebounds,Luka Doncic,Over,8.5,-113,2025-12-15,2025-12-14T23:49:53Z,2025-12-14 15:50:05
FanDuel,player_rebounds,Luka Doncic,Under,8.5,-113,2025-12-15,2025-12-14T23:49:53Z,2025-12-14 15:50:05
FanDuel,player_rebounds,Devin Booker,Over,3.5,-102,2025-12-15,2025-12-14T23:49:53Z,2025-12-14 15:50:05
FanDuel,player_rebounds,Devin Booker,Under,3.5,-125,2025-12-15,2025-12-14T23:49:53Z,2025-12-14 15:50:05
FanDuel,player_rebounds,Deandre Ayton,Over,9.5,108,2025-12-15,2025-12-14T23:49:53Z,2025-12-14 15:50:05
FanDuel,player_rebounds,Deandre Ayton,Under,9.5,-138,2025-12-15,2025-12-14T23:49:53Z,2025-12-14 15:50:05
FanDuel,player_rebounds,Jake LaRavia,Over,2.5,-118,2025-12-15,2025-12-14T23:49:53Z,2025-12-14 15:50:05
FanDuel,player_rebounds,Jake LaRavia,Under,2.5,-108,2025-12-15,2025-12-14T23:49:53Z,2025-12-14 15:50:05
FanDuel,player_rebounds,Collin Gillespie,Over,3.5,106,2025-12-15,2025-12-14T23:49:53Z,2025-12-14 15:50:05
FanDuel,player_rebounds,Collin Gillespie,Under,3.5,-136,2025-12-15,2025-12-14T23:49:53Z,2025-12-14 15:50:05
FanDuel,player_rebounds,Royce O'Neale,Over,4.5,-104,2025-12-15,2025-12-14T23:49:53Z,2025-12-14 15:50:05
FanDuel,player_rebounds,Royce O'Neale,Under,4.5,-122,2025-12-15,2025-12-14T23:49:53Z,2025-12-14 15:50:05
FanDuel,player_rebounds,Marcus Smart,Over,2.5,-118,2025-12-15,2025-12-14T23:49:53Z,2025-12-14 15:50:05
FanDuel,player_rebounds,Marcus Smart,Under,2.5,-108,2025-12-15,2025-12-14T23:49:53Z,2025-12-14 15:50:05
FanDuel,player_rebounds,Dillon Brooks,Over,3.5,102,2025-12-15,2025-12-14T23:49:53Z,2025-12-14 15:50:05
FanDuel,player_rebounds,Dillon Brooks,Under,3.5,-130,2025-12-15,2025-12-14T23:49:53Z,2025-12-14 15:50:05
FanDuel,player_rebounds,Mark Williams,Over,8.5,100,2025-12-15,2025-12-14T23:49:53Z,2025-12-14 15:50:05
FanDuel,player_rebounds,Mark Williams,Under,8.5,-128,2025-12-15,2025-12-14T23:49:53Z,2025-12-14 15:50:05
FanDuel,player_rebounds,Rui Hachimura,Over,3.5,-122,2025-12-15,2025-12-14T23:49:53Z,2025-12-14 15:50:05
FanDuel,player_rebounds,Rui Hachimura,Under,3.5,-104,2025-12-15,2025-12-14T23:49:53Z,2025-12-14 15:50:05
FanDuel,player_rebounds,Grayson Allen,Over,3.5,108,2025-12-15,2025-12-14T23:49:53Z,2025-12-14 15:50:05
FanDuel,player_rebounds,Grayson Allen,Under,3.5,-138,2025-12-15,2025-12-14T23:49:53Z,2025-12-14 15:50:05
FanDuel,player_rebounds,Moses Moody,Over,2.5,-120,2025-12-15,2025-12-14T23:49:50Z,2025-12-14 15:50:05
FanDuel,player_rebounds,Moses Moody,Under,2.5,-106,2025-12-15,2025-12-14T23:49:50Z,2025-12-14 15:50:05
FanDuel,player_rebounds,Jimmy Butler,Over,6.5,102,2025-12-15,2025-12-14T23:49:50Z,2025-12-14 15:50:05
FanDuel,player_rebounds,Jimmy Butler,Under,6.5,-130,2025-12-15,2025-12-14T23:49:50Z,2025-12-14 15:50:05
FanDuel,player_rebounds,Kris Murray,Over,3.5,-128,2025-12-15,2025-12-14T23:49:50Z,2025-12-14 15:50:05
FanDuel,player_rebounds,Kris Murray,Under,3.5,100,2025-12-15,2025-12-14T23:49:50Z,2025-12-14 15:50:05
FanDuel,player_rebounds,Deni Avdija,Over,7.5,116,2025-12-15,2025-12-14T23:49:50Z,2025-12-14 15:50:05
FanDuel,player_rebounds,Deni Avdija,Under,7.5,-148,2025-12-15,2025-12-14T23:49:50Z,2025-12-14 15:50:05
FanDuel,player_rebounds,Toumani Camara,Over,5.5,122,2025-12-15,2025-12-14T23:49:50Z,2025-12-14 15:50:05
FanDuel,player_rebounds,Toumani Camara,Under,5.5,-156,2025-12-15,2025-12-14T23:49:50Z,2025-12-14 15:50:05
FanDuel,player_rebounds,Buddy Hield,Over,2.5,-138,2025-12-15,2025-12-14T23:49:50Z,2025-12-14 15:50:05
FanDuel,player_rebounds,Buddy Hield,Under,2.5,108,2025-12-15,2025-12-14T23:49:50Z,2025-12-14 15:50:05
FanDuel,player_rebounds,Donovan Clingan,Over,9.5,-130,2025-12-15,2025-12-14T23:49:50Z,2025-12-14 15:50:05
FanDuel,player_rebounds,Donovan Clingan,Under,9.5,102,2025-12-15,2025-12-14T23:49:50Z,2025-12-14 15:50:05
FanDuel,player_rebounds,Stephen Curry,Over,3.5,-166,2025-12-15,2025-12-14T23:49:50Z,2025-12-14 15:50:05
FanDuel,player_rebounds,Stephen Curry,Under,3.5,130,2025-12-15,2025-12-14T23:49:50Z,2025-12-14 15:50:05
FanDuel,player_rebounds,Draymond Green,Over,6.5,-113,2025-12-15,2025-12-14T23:49:50Z,2025-12-14 15:50:05
FanDuel,player_rebounds,Draymond Green,Under,6.5,-113,2025-12-15,2025-12-14T23:49:50Z,2025-12-14 15:50:05
FanDuel,player_rebounds,Jerami Grant,Over,3.5,-132,2025-12-15,2025-12-14T23:49:50Z,2025-12-14 15:50:05
FanDuel,player_rebounds,Jerami Grant,Under,3.5,104,2025-12-15,2025-12-14T23:49:50Z,2025-12-14 15:50:05
FanDuel,player_rebounds,Shaedon Sharpe,Over,4.5,-113,2025-12-15,2025-12-14T23:49:50Z,2025-12-14 15:50:05
FanDuel,player_rebounds,Shaedon Sharpe,Under,4.5,-113,2025-12-15,2025-12-14T23:49:50Z,2025-12-14 15:50:05
FanDuel,player_rebounds,Brandin Podziemski,Over,3.5,-113,2025-12-15,2025-12-14T23:49:50Z,2025-12-14 15:50:05
FanDuel,player_rebounds,Brandin Podziemski,Under,3.5,-113,2025-12-15,2025-12-14T23:49:50Z,2025-12-14 15:50:05
FanDuel,player_rebounds,Quinten Post,Over,4.5,-142,2025-12-15,2025-12-14T23:49:50Z,2025-12-14 15:50:05
FanDuel,player_rebounds,Quinten Post,Under,4.5,112,2025-12-15,2025-12-14T23:49:50Z,2025-12-14 15:50:05
FanDuel,player_rebounds,Dylan Harper,Over,2.5,-172,2025-12-17,2025-12-14T23:50:52Z,2025-12-14 15:50:05
FanDuel,player_rebounds,Dylan Harper,Under,2.5,128,2025-12-17,2025-12-14T23:50:52Z,2025-12-14 15:50:05
FanDuel,player_rebounds,Karl-Anthony Towns,Over,10.5,-138,2025-12-17,2025-12-14T23:50:52Z,2025-12-14 15:50:05
FanDuel,player_rebounds,Karl-Anthony Towns,Under,10.5,104,2025-12-17,2025-12-14T23:50:52Z,2025-12-14 15:50:05
FanDuel,player_rebounds,Mikal Bridges,Over,3.5,-162,2025-12-17,2025-12-14T23:50:52Z,2025-12-14 15:50:05
FanDuel,player_rebounds,Mikal Bridges,Under,3.5,122,2025-12-17,2025-12-14T23:50:52Z,2025-12-14 15:50:05
FanDuel,player_rebounds,Jalen Brunson,Over,2.5,-182,2025-12-17,2025-12-14T23:50:52Z,2025-12-14 15:50:05
FanDuel,player_rebounds,Jalen Brunson,Under,2.5,136,2025-12-17,2025-12-14T23:50:52Z,2025-12-14 15:50:05
FanDuel,player_rebounds,OG Anunoby,Over,4.5,-114,2025-12-17,2025-12-14T23:50:52Z,2025-12-14 15:50:05
FanDuel,player_rebounds,OG Anunoby,Under,4.5,-114,2025-12-17,2025-12-14T23:50:52Z,2025-12-14 15:50:05
FanDuel,player_rebounds,Mitchell Robinson,Over,6.5,104,2025-12-17,2025-12-14T23:50:52Z,2025-12-14 15:50:05
FanDuel,player_rebounds,Mitchell Robinson,Under,6.5,-138,2025-12-17,2025-12-14T23:50:52Z,2025-12-14 15:50:05
FanDuel,player_rebounds,Julian Champagnie,Over,4.5,-118,2025-12-17,2025-12-14T23:50:52Z,2025-12-14 15:50:05
FanDuel,player_rebounds,Julian Champagnie,Under,4.5,-110,2025-12-17,2025-12-14T23:50:52Z,2025-12-14 15:50:05
FanDuel,player_rebounds,Josh Hart,Over,8.5,104,2025-12-17,2025-12-14T23:50:52Z,2025-12-14 15:50:05
FanDuel,player_rebounds,Josh Hart,Under,8.5,-138,2025-12-17,2025-12-14T23:50:52Z,2025-12-14 15:50:05
FanDuel,player_rebounds,Harrison Barnes,Over,3.5,116,2025-12-17,2025-12-14T23:50:52Z,2025-12-14 15:50:05
FanDuel,player_rebounds,Harrison Barnes,Under,3.5,-154,2025-12-17,2025-12-14T23:50:52Z,2025-12-14 15:50:05
FanDuel,player_rebounds,De'Aaron Fox,Over,3.5,-114,2025-12-17,2025-12-14T23:50:52Z,2025-12-14 15:50:05
FanDuel,player_rebounds,De'Aaron Fox,Under,3.5,-114,2025-12-17,2025-12-14T23:50:52Z,2025-12-14 15:50:05
FanDuel,player_rebounds,Devin Vassell,Over,3.5,104,2025-12-17,2025-12-14T23:50:52Z,2025-12-14 15:50:05
FanDuel,player_rebounds,Devin Vassell,Under,3.5,-138,2025-12-17,2025-12-14T23:50:52Z,2025-12-14 15:50:05
FanDuel,player_rebounds,Stephon Castle,Over,5.5,128,2025-12-17,2025-12-14T23:50:52Z,2025-12-14 15:50:05
FanDuel,player_rebounds,Stephon Castle,Under,5.5,-172,2025-12-17,2025-12-14T23:50:52Z,2025-12-14 15:50:05
FanDuel,player_rebounds,Victor Wembanyama,Over,10.5,-125,2025-12-17,2025-12-14T23:50:52Z,2025-12-14 15:50:05
FanDuel,player_rebounds,Victor Wembanyama,Under,10.5,-106,2025-12-17,2025-12-14T23:50:52Z,2025-12-14 15:50:05
DraftKings,player_rebounds,Onyeka Okongwu,Over,12.5,120,2025-12-14,2025-12-14T23:49:05Z,2025-12-14 15:50:05
DraftKings,player_rebounds,Onyeka Okongwu,Under,12.5,-154,2025-12-14,2025-12-14T23:49:05Z,2025-12-14 15:50:05
DraftKings,player_rebounds,Jalen Johnson,Over,9.5,-110,2025-12-14,2025-12-14T23:49:05Z,2025-12-14 15:50:05
DraftKings,player_rebounds,Jalen Johnson,Under,9.5,-120,2025-12-14,2025-12-14T23:49:05Z,2025-12-14 15:50:05
DraftKings,player_rebounds,Joel Embiid,Over,9.5,100,2025-12-14,2025-12-14T23:49:05Z,2025-12-14 15:50:05
DraftKings,player_rebounds,Joel Embiid,Under,9.5,-130,2025-12-14,2025-12-14T23:49:05Z,2025-12-14 15:50:05
DraftKings,player_rebounds,Andre Drummond,Over,7.5,-110,2025-12-14,2025-12-14T23:49:05Z,2025-12-14 15:50:05
DraftKings,player_rebounds,Andre Drummond,Under,7.5,-120,2025-12-14,2025-12-14T23:49:05Z,2025-12-14 15:50:05
DraftKings,player_rebounds,Dyson Daniels,Over,6.5,-140,2025-12-14,2025-12-14T23:49:05Z,2025-12-14 15:50:05
DraftKings,player_rebounds,Dyson Daniels,Under,6.5,110,2025-12-14,2025-12-14T23:49:05Z,2025-12-14 15:50:05
DraftKings,player_rebounds,Quentin Grimes,Over,5.5,100,2025-12-14,2025-12-14T23:49:05Z,2025-12-14 15:50:05
DraftKings,player_rebounds,Quentin Grimes,Under,5.5,-130,2025-12-14,2025-12-14T23:49:05Z,2025-12-14 15:50:05
DraftKings,player_rebounds,Nickeil Alexander-Walker,Over,4.5,-180,2025-12-14,2025-12-14T23:49:05Z,2025-12-14 15:50:05
DraftKings,player_rebounds,Nickeil Alexander-Walker,Under,4.5,140,2025-12-14,2025-12-14T23:49:05Z,2025-12-14 15:50:05
DraftKings,player_rebounds,VJ Edgecombe,Over,4.5,-166,2025-12-14,2025-12-14T23:49:05Z,2025-12-14 15:50:05
DraftKings,player_rebounds,VJ Edgecombe,Under,4.5,130,2025-12-14,2025-12-14T23:49:05Z,2025-12-14 15:50:05
DraftKings,player_rebounds,Paul George,Over,3.5,-105,2025-12-14,2025-12-14T23:49:05Z,2025-12-14 15:50:05
DraftKings,player_rebounds,Paul George,Under,3.5,-125,2025-12-14,2025-12-14T23:49:05Z,2025-12-14 15:50:05
DraftKings,player_rebounds,Luke Kennard,Over,3.5,165,2025-12-14,2025-12-14T23:49:05Z,2025-12-14 15:50:05
DraftKings,player_rebounds,Luke Kennard,Under,3.5,-215,2025-12-14,2025-12-14T23:49:05Z,2025-12-14 15:50:05
DraftKings,player_rebounds,Zaccharie Risacher,Over,2.5,-145,2025-12-14,2025-12-14T23:49:05Z,2025-12-14 15:50:05
DraftKings,player_rebounds,Zaccharie Risacher,Under,2.5,114,2025-12-14,2025-12-14T23:49:05Z,2025-12-14 15:50:05
DraftKings,player_rebounds,Jared McCain,Over,2.5,154,2025-12-14,2025-12-14T23:49:05Z,2025-12-14 15:50:05
DraftKings,player_rebounds,Jared McCain,Under,2.5,-200,2025-12-14,2025-12-14T23:49:05Z,2025-12-14 15:50:05
DraftKings,player_rebounds,Vit Krejci,Over,1.5,-105,2025-12-14,2025-12-14T23:49:05Z,2025-12-14 15:50:05
DraftKings,player_rebounds,Vit Krejci,Under,1.5,-125,2025-12-14,2025-12-14T23:49:05Z,2025-12-14 15:50:05
DraftKings,player_rebounds,Day'Ron Sharpe,Over,8.5,105,2025-12-14,2025-12-14T23:49:22Z,2025-12-14 15:50:05
DraftKings,player_rebounds,Day'Ron Sharpe,Under,8.5,-135,2025-12-14,2025-12-14T23:49:22Z,2025-12-14 15:50:05
DraftKings,player_rebounds,Bobby Portis,Over,6.5,105,2025-12-14,2025-12-14T23:49:22Z,2025-12-14 15:50:05
DraftKings,player_rebounds,Bobby Portis,Under,6.5,-135,2025-12-14,2025-12-14T23:49:22Z,2025-12-14 15:50:05
DraftKings,player_rebounds,Kevin Porter Jr.,Over,6.5,110,2025-12-14,2025-12-14T23:49:22Z,2025-12-14 15:50:05
DraftKings,player_rebounds,Kevin Porter Jr.,Under,6.5,-140,2025-12-14,2025-12-14T23:49:22Z,2025-12-14 15:50:05
DraftKings,player_rebounds,Nicolas Claxton,Over,6.5,114,2025-12-14,2025-12-14T23:49:22Z,2025-12-14 15:50:05
DraftKings,player_rebounds,Nicolas Claxton,Under,6.5,-145,2025-12-14,2025-12-14T23:49:22Z,2025-12-14 15:50:05
DraftKings,player_rebounds,Michael Porter Jr,Over,5.5,100,2025-12-14,2025-12-14T23:49:22Z,2025-12-14 15:50:05
DraftKings,player_rebounds,Michael Porter Jr,Under,5.5,-130,2025-12-14,2025-12-14T23:49:22Z,2025-12-14 15:50:05
DraftKings,player_rebounds,Kyle Kuzma,Over,4.5,-160,2025-12-14,2025-12-14T23:49:22Z,2025-12-14 15:50:05
DraftKings,player_rebounds,Kyle Kuzma,Under,4.5,124,2025-12-14,2025-12-14T23:49:22Z,2025-12-14 15:50:05
DraftKings,player_rebounds,Noah Clowney,Over,3.5,-160,2025-12-14,2025-12-14T23:49:22Z,2025-12-14 15:50:05
DraftKings,player_rebounds,Noah Clowney,Under,3.5,124,2025-12-14,2025-12-14T23:49:22Z,2025-12-14 15:50:05
DraftKings,player_rebounds,Egor Demin,Over,3.5,-130,2025-12-14,2025-12-14T23:49:22Z,2025-12-14 15:50:05
DraftKings,player_rebounds,Egor Demin,Under,3.5,100,2025-12-14,2025-12-14T23:49:22Z,2025-12-14 15:50:05
DraftKings,player_rebounds,Ryan Rollins,Over,3.5,-105,2025-12-14,2025-12-14T23:49:22Z,2025-12-14 15:50:05
DraftKings,player_rebounds,Ryan Rollins,Under,3.5,-125,2025-12-14,2025-12-14T23:49:22Z,2025-12-14 15:50:05
DraftKings,player_rebounds,Myles Turner,Over,3.5,120,2025-12-14,2025-12-14T23:49:22Z,2025-12-14 15:50:05
DraftKings,player_rebounds,Myles Turner,Under,3.5,-154,2025-12-14,2025-12-14T23:49:22Z,2025-12-14 15:50:05
DraftKings,player_rebounds,Terance Mann,Over,3.5,120,2025-12-14,2025-12-14T23:49:22Z,2025-12-14 15:50:05
DraftKings,player_rebounds,Terance Mann,Under,3.5,-154,2025-12-14,2025-12-14T23:49:22Z,2025-12-14 15:50:05
DraftKings,player_rebounds,Danny Wolf,Over,2.5,-166,2025-12-14,2025-12-14T23:49:22Z,2025-12-14 15:50:05
DraftKings,player_rebounds,Danny Wolf,Under,2.5,130,2025-12-14,2025-12-14T23:49:22Z,2025-12-14 15:50:05
DraftKings,player_rebounds,Ziaire Williams,Over,2.5,105,2025-12-14,2025-12-14T23:49:22Z,2025-12-14 15:50:05
DraftKings,player_rebounds,Ziaire Williams,Under,2.5,-135,2025-12-14,2025-12-14T23:49:22Z,2025-12-14 15:50:05
DraftKings,player_rebounds,Gary Trent Jr,Over,1.5,140,2025-12-14,2025-12-14T23:49:22Z,2025-12-14 15:50:05
DraftKings,player_rebounds,Gary Trent Jr,Under,1.5,-180,2025-12-14,2025-12-14T23:49:22Z,2025-12-14 15:50:05
DraftKings,player_rebounds,Josh Giddey,Over,8.5,109,2025-12-15,2025-12-14T23:49:22Z,2025-12-14 15:50:05
DraftKings,player_rebounds,Josh Giddey,Under,8.5,-143,2025-12-15,2025-12-14T23:49:22Z,2025-12-14 15:50:05
DraftKings,player_rebounds,Nikola Vucevic,Over,7.5,-144,2025-12-15,2025-12-14T23:49:22Z,2025-12-14 15:50:05
DraftKings,player_rebounds,Nikola Vucevic,Under,7.5,109,2025-12-15,2025-12-14T23:49:22Z,2025-12-14 15:50:05
DraftKings,player_rebounds,Derik Queen,Over,7.5,104,2025-12-15,2025-12-14T23:49:22Z,2025-12-14 15:50:05
DraftKings,player_rebounds,Derik Queen,Under,7.5,-137,2025-12-15,2025-12-14T23:49:22Z,2025-12-14 15:50:05
DraftKings,player_rebounds,Saddiq Bey,Over,5.5,-128,2025-12-15,2025-12-14T23:49:22Z,2025-12-14 15:50:05
DraftKings,player_rebounds,Saddiq Bey,Under,5.5,-103,2025-12-15,2025-12-14T23:49:22Z,2025-12-14 15:50:05
DraftKings,player_rebounds,Trey Murphy III,Over,5.5,-126,2025-12-15,2025-12-14T23:49:22Z,2025-12-14 15:50:05
DraftKings,player_rebounds,Trey Murphy III,Under,5.5,-105,2025-12-15,2025-12-14T23:49:22Z,2025-12-14 15:50:05
DraftKings,player_rebounds,Matas Buzelis,Over,4.5,-133,2025-12-15,2025-12-14T23:49:22Z,2025-12-14 15:50:05
DraftKings,player_rebounds,Matas Buzelis,Under,4.5,101,2025-12-15,2025-12-14T23:49:22Z,2025-12-14 15:50:05
DraftKings,player_rebounds,Zion Williamson,Over,4.5,-118,2025-12-15,2025-12-14T23:49:22Z,2025-12-14 15:50:05
DraftKings,player_rebounds,Zion Williamson,Under,4.5,-111,2025-12-15,2025-12-14T23:49:22Z,2025-12-14 15:50:05
DraftKings,player_rebounds,Jalen Smith,Over,4.5,-114,2025-12-15,2025-12-14T23:49:22Z,2025-12-14 15:50:05
DraftKings,player_rebounds,Jalen Smith,Under,4.5,-116,2025-12-15,2025-12-14T23:49:22Z,2025-12-14 15:50:05
DraftKings,player_rebounds,Herb Jones,Over,3.5,-138,2025-12-15,2025-12-14T23:49:22Z,2025-12-14 15:50:05
DraftKings,player_rebounds,Herb Jones,Under,3.5,105,2025-12-15,2025-12-14T23:49:22Z,2025-12-14 15:50:05
DraftKings,player_rebounds,Jeremiah Fears,Over,3.5,118,2025-12-15,2025-12-14T23:49:22Z,2025-12-14 15:50:05
DraftKings,player_rebounds,Jeremiah Fears,Under,3.5,-156,2025-12-15,2025-12-14T23:49:22Z,2025-12-14 15:50:05
DraftKings,player_rebounds,Patrick Williams,Over,3.5,127,2025-12-15,2025-12-14T23:49:22Z,2025-12-14 15:50:05
DraftKings,player_rebounds,Patrick Williams,Under,3.5,-168,2025-12-15,2025-12-14T23:49:22Z,2025-12-14 15:50:05
DraftKings,player_rebounds,Coby White,Over,3.5,133,2025-12-15,2025-12-14T23:49:22Z,2025-12-14 15:50:05
DraftKings,player_rebounds,Coby White,Under,3.5,-176,2025-12-15,2025-12-14T23:49:22Z,2025-12-14 15:50:05
DraftKings,player_rebounds,Tre Jones,Over,2.5,-121,2025-12-15,2025-12-14T23:49:22Z,2025-12-14 15:50:05
DraftKings,player_rebounds,Tre Jones,Under,2.5,-109,2025-12-15,2025-12-14T23:49:22Z,2025-12-14 15:50:05
DraftKings,player_rebounds,Kevin Huerter,Over,2.5,113,2025-12-15,2025-12-14T23:49:22Z,2025-12-14 15:50:05
DraftKings,player_rebounds,Kevin Huerter,Under,2.5,-149,2025-12-15,2025-12-14T23:49:22Z,2025-12-14 15:50:05
DraftKings,player_rebounds,Isaac Okoro,Over,2.5,114,2025-12-15,2025-12-14T23:49:22Z,2025-12-14 15:50:05
DraftKings,player_rebounds,Isaac Okoro,Under,2.5,-150,2025-12-15,2025-12-14T23:49:22Z,2025-12-14 15:50:05
DraftKings,player_rebounds,Rudy Gobert,Over,11.5,107,2025-12-15,2025-12-14T23:49:26Z,2025-12-14 15:50:05
DraftKings,player_rebounds,Rudy Gobert,Under,11.5,-141,2025-12-15,2025-12-14T23:49:26Z,2025-12-14 15:50:05
DraftKings,player_rebounds,Julius Randle,Over,7.5,-103,2025-12-15,2025-12-14T23:49:26Z,2025-12-14 15:50:05
DraftKings,player_rebounds,Julius Randle,Under,7.5,-128,2025-12-15,2025-12-14T23:49:26Z,2025-12-14 15:50:05
DraftKings,player_rebounds,Maxime Raynaud,Over,6.5,-131,2025-12-15,2025-12-14T23:49:26Z,2025-12-14 15:50:05
DraftKings,player_rebounds,Maxime Raynaud,Under,6.5,-101,2025-12-15,2025-12-14T23:49:26Z,2025-12-14 15:50:05
DraftKings,player_rebounds,Naz Reid,Over,6.5,-117,2025-12-15,2025-12-14T23:49:26Z,2025-12-14 15:50:05
DraftKings,player_rebounds,Naz Reid,Under,6.5,-112,2025-12-15,2025-12-14T23:49:26Z,2025-12-14 15:50:05
DraftKings,player_rebounds,Keegan Murray,Over,6.5,-105,2025-12-15,2025-12-14T23:49:26Z,2025-12-14 15:50:05
DraftKings,player_rebounds,Keegan Murray,Under,6.5,-126,2025-12-15,2025-12-14T23:49:26Z,2025-12-14 15:50:05
DraftKings,player_rebounds,Russell Westbrook,Over,6.5,101,2025-12-15,2025-12-14T23:49:26Z,2025-12-14 15:50:05
DraftKings,player_rebounds,Russell Westbrook,Under,6.5,-133,2025-12-15,2025-12-14T23:49:26Z,2025-12-14 15:50:05
DraftKings,player_rebounds,Jaden McDaniels,Over,4.5,-160,2025-12-15,2025-12-14T23:49:26Z,2025-12-14 15:50:05
DraftKings,player_rebounds,Jaden McDaniels,Under,4.5,121,2025-12-15,2025-12-14T23:49:26Z,2025-12-14 15:50:05
DraftKings,player_rebounds,Donte DiVincenzo,Over,4.5,119,2025-12-15,2025-12-14T23:49:26Z,2025-12-14 15:50:05
DraftKings,player_rebounds,Donte DiVincenzo,Under,4.5,-157,2025-12-15,2025-12-14T23:49:26Z,2025-12-14 15:50:05
DraftKings,player_rebounds,DeMar DeRozan,Over,3.5,107,2025-12-15,2025-12-14T23:49:26Z,2025-12-14 15:50:05
DraftKings,player_rebounds,DeMar DeRozan,Under,3.5,-140,2025-12-15,2025-12-14T23:49:26Z,2025-12-14 15:50:05
DraftKings,player_rebounds,Zach LaVine,Over,3.5,128,2025-12-15,2025-12-14T23:49:26Z,2025-12-14 15:50:05
DraftKings,player_rebounds,Zach LaVine,Under,3.5,-169,2025-12-15,2025-12-14T23:49:26Z,2025-12-14 15:50:05
DraftKings,player_rebounds,Malik Monk,Over,2.5,100,2025-12-15,2025-12-14T23:49:26Z,2025-12-14 15:50:05
DraftKings,player_rebounds,Malik Monk,Under,2.5,-131,2025-12-15,2025-12-14T23:49:26Z,2025-12-14 15:50:05
DraftKings,player_rebounds,Deandre Ayton,Over,8.5,-141,2025-12-15,2025-12-14T23:49:46Z,2025-12-14 15:50:05
DraftKings,player_rebounds,Deandre Ayton,Under,8.5,107,2025-12-15,2025-12-14T23:49:46Z,2025-12-14 15:50:05
DraftKings,player_rebounds,Luka Doncic,Over,8.5,-131,2025-12-15,2025-12-14T23:49:46Z,2025-12-14 15:50:05
DraftKings,player_rebounds,Luka Doncic,Under,8.5,-101,2025-12-15,2025-12-14T23:49:46Z,2025-12-14 15:50:05
DraftKings,player_rebounds,Mark Williams,Over,8.5,-111,2025-12-15,2025-12-14T23:49:46Z,2025-12-14 15:50:05
DraftKings,player_rebounds,Mark Williams,Under,8.5,-119,2025-12-15,2025-12-14T23:49:46Z,2025-12-14 15:50:05
DraftKings,player_rebounds,LeBron James,Over,6.5,102,2025-12-15,2025-12-14T23:49:46Z,2025-12-14 15:50:05
DraftKings,player_rebounds,LeBron James,Under,6.5,-134,2025-12-15,2025-12-14T23:49:46Z,2025-12-14 15:50:05
DraftKings,player_rebounds,Royce O'Neale,Over,4.5,-115,2025-12-15,2025-12-14T23:49:46Z,2025-12-14 15:50:05
DraftKings,player_rebounds,Royce O'Neale,Under,4.5,-115,2025-12-15,2025-12-14T23:49:46Z,2025-12-14 15:50:05
DraftKings,player_rebounds,Devin Booker,Over,3.5,-112,2025-12-15,2025-12-14T23:49:46Z,2025-12-14 15:50:05
DraftKings,player_rebounds,Devin Booker,Under,3.5,-118,2025-12-15,2025-12-14T23:49:46Z,2025-12-14 15:50:05
DraftKings,player_rebounds,Rui Hachimura,Over,3.5,-112,2025-12-15,2025-12-14T23:49:46Z,2025-12-14 15:50:05
DraftKings,player_rebounds,Rui Hachimura,Under,3.5,-118,2025-12-15,2025-12-14T23:49:46Z,2025-12-14 15:50:05
DraftKings,player_rebounds,Dillon Brooks,Over,3.5,-107,2025-12-15,2025-12-14T23:49:46Z,2025-12-14 15:50:05
DraftKings,player_rebounds,Dillon Brooks,Under,3.5,-123,2025-12-15,2025-12-14T23:49:46Z,2025-12-14 15:50:05
DraftKings,player_rebounds,Collin Gillespie,Over,3.5,-105,2025-12-15,2025-12-14T23:49:46Z,2025-12-14 15:50:05
DraftKings,player_rebounds,Collin Gillespie,Under,3.5,-126,2025-12-15,2025-12-14T23:49:46Z,2025-12-14 15:50:05
DraftKings,player_rebounds,Grayson Allen,Over,3.5,112,2025-12-15,2025-12-14T23:49:46Z,2025-12-14 15:50:05
DraftKings,player_rebounds,Grayson Allen,Under,3.5,-148,2025-12-15,2025-12-14T23:49:46Z,2025-12-14 15:50:05
DraftKings,player_rebounds,Jake LaRavia,Over,2.5,-139,2025-12-15,2025-12-14T23:49:46Z,2025-12-14 15:50:05
DraftKings,player_rebounds,Jake LaRavia,Under,2.5,105,2025-12-15,2025-12-14T23:49:46Z,2025-12-14 15:50:05
DraftKings,player_rebounds,Marcus Smart,Over,2.5,107,2025-12-15,2025-12-14T23:49:46Z,2025-12-14 15:50:05
DraftKings,player_rebounds,Marcus Smart,Under,2.5,-141,2025-12-15,2025-12-14T23:49:46Z,2025-12-14 15:50:05
DraftKings,player_rebounds,Donovan Clingan,Over,9.5,-132,2025-12-15,2025-12-14T23:49:53Z,2025-12-14 15:50:05
DraftKings,player_rebounds,Donovan Clingan,Under,9.5,100,2025-12-15,2025-12-14T23:49:53Z,2025-12-14 15:50:05
DraftKings,player_rebounds,Deni Avdija,Over,7.5,-110,2025-12-15,2025-12-14T23:49:53Z,2025-12-14 15:50:05
DraftKings,player_rebounds,Deni Avdija,Under,7.5,-119,2025-12-15,2025-12-14T23:49:53Z,2025-12-14 15:50:05
DraftKings,player_rebounds,Draymond Green,Over,6.5,-117,2025-12-15,2025-12-14T23:49:53Z,2025-12-14 15:50:05
DraftKings,player_rebounds,Draymond Green,Under,6.5,-113,2025-12-15,2025-12-14T23:49:53Z,2025-12-14 15:50:05
DraftKings,player_rebounds,Jimmy Butler,Over,6.5,100,2025-12-15,2025-12-14T23:49:53Z,2025-12-14 15:50:05
DraftKings,player_rebounds,Jimmy Butler,Under,6.5,-132,2025-12-15,2025-12-14T23:49:53Z,2025-12-14 15:50:05
DraftKings,player_rebounds,Toumani Camara,Over,5.5,117,2025-12-15,2025-12-14T23:49:53Z,2025-12-14 15:50:05
DraftKings,player_rebounds,Toumani Camara,Under,5.5,-155,2025-12-15,2025-12-14T23:49:53Z,2025-12-14 15:50:05
DraftKings,player_rebounds,Quinten Post,Over,5.5,118,2025-12-15,2025-12-14T23:49:53Z,2025-12-14 15:50:05
DraftKings,player_rebounds,Quinten Post,Under,5.5,-155,2025-12-15,2025-12-14T23:49:53Z,2025-12-14 15:50:05
DraftKings,player_rebounds,Shaedon Sharpe,Over,4.5,-103,2025-12-15,2025-12-14T23:49:53Z,2025-12-14 15:50:05
DraftKings,player_rebounds,Shaedon Sharpe,Under,4.5,-128,2025-12-15,2025-12-14T23:49:53Z,2025-12-14 15:50:05
DraftKings,player_rebounds,Stephen Curry,Over,4.5,118,2025-12-15,2025-12-14T23:49:53Z,2025-12-14 15:50:05
DraftKings,player_rebounds,Stephen Curry,Under,4.5,-156,2025-12-15,2025-12-14T23:49:53Z,2025-12-14 15:50:05
DraftKings,player_rebounds,Jerami Grant,Over,3.5,-140,2025-12-15,2025-12-14T23:49:53Z,2025-12-14 15:50:05
DraftKings,player_rebounds,Jerami Grant,Under,3.5,106,2025-12-15,2025-12-14T23:49:53Z,2025-12-14 15:50:05
DraftKings,player_rebounds,Kris Murray,Over,3.5,-128,2025-12-15,2025-12-14T23:49:53Z,2025-12-14 15:50:05
DraftKings,player_rebounds,Kris Murray,Under,3.5,-103,2025-12-15,2025-12-14T23:49:53Z,2025-12-14 15:50:05
DraftKings,player_rebounds,Brandin Podziemski,Over,3.5,-109,2025-12-15,2025-12-14T23:49:53Z,2025-12-14 15:50:05
DraftKings,player_rebounds,Brandin Podziemski,Under,3.5,-120,2025-12-15,2025-12-14T23:49:53Z,2025-12-14 15:50:05
DraftKings,player_rebounds,Buddy Hield,Over,2.5,-135,2025-12-15,2025-12-14T23:49:53Z,2025-12-14 15:50:05
DraftKings,player_rebounds,Buddy Hield,Under,2.5,103,2025-12-15,2025-12-14T23:49:53Z,2025-12-14 15:50:05
DraftKings,player_rebounds,Moses Moody,Over,2.5,-117,2025-12-15,2025-12-14T23:49:53Z,2025-12-14 15:50:05
DraftKings,player_rebounds,Moses Moody,Under,2.5,-113,2025-12-15,2025-12-14T23:49:53Z,2025-12-14 15:50:05
DraftKings,player_rebounds,Karl-Anthony Towns,Over,11.5,101,2025-12-17,2025-12-14T23:50:47Z,2025-12-14 15:50:05
DraftKings,player_rebounds,Karl-Anthony Towns,Under,11.5,-133,2025-12-17,2025-12-14T23:50:47Z,2025-12-14 15:50:05
DraftKings,player_rebounds,Victor Wembanyama,Over,10.5,-111,2025-12-17,2025-12-14T23:50:47Z,2025-12-14 15:50:05
DraftKings,player_rebounds,Victor Wembanyama,Under,10.5,-119,2025-12-17,2025-12-14T23:50:47Z,2025-12-14 15:50:05
DraftKings,player_rebounds,Josh Hart,Over,8.5,-103,2025-12-17,2025-12-14T23:50:47Z,2025-12-14 15:50:05
DraftKings,player_rebounds,Josh Hart,Under,8.5,-128,2025-12-17,2025-12-14T23:50:47Z,2025-12-14 15:50:05
DraftKings,player_rebounds,Mitchell Robinson,Over,6.5,110,2025-12-17,2025-12-14T23:50:47Z,2025-12-14 15:50:05
DraftKings,player_rebounds,Mitchell Robinson,Under,6.5,-145,2025-12-17,2025-12-14T23:50:47Z,2025-12-14 15:50:05
DraftKings,player_rebounds,Stephon Castle,Over,5.5,118,2025-12-17,2025-12-14T23:50:47Z,2025-12-14 15:50:05
DraftKings,player_rebounds,Stephon Castle,Under,5.5,-156,2025-12-17,2025-12-14T23:50:47Z,2025-12-14 15:50:05
DraftKings,player_rebounds,OG Anunoby,Over,4.5,-123,2025-12-17,2025-12-14T23:50:47Z,2025-12-14 15:50:05
DraftKings,player_rebounds,OG Anunoby,Under,4.5,-107,2025-12-17,2025-12-14T23:50:47Z,2025-12-14 15:50:05
DraftKings,player_rebounds,Julian Champagnie,Over,4.5,103,2025-12-17,2025-12-14T23:50:47Z,2025-12-14 15:50:05
DraftKings,player_rebounds,Julian Champagnie,Under,4.5,-135,2025-12-17,2025-12-14T23:50:47Z,2025-12-14 15:50:05
DraftKings,player_rebounds,Mikal Bridges,Over,4.5,124,2025-12-17,2025-12-14T23:50:47Z,2025-12-14 15:50:05
DraftKings,player_rebounds,Mikal Bridges,Under,4.5,-164,2025-12-17,2025-12-14T23:50:47Z,2025-12-14 15:50:05
DraftKings,player_rebounds,De'Aaron Fox,Over,3.5,-129,2025-12-17,2025-12-14T23:50:47Z,2025-12-14 15:50:05
DraftKings,player_rebounds,De'Aaron Fox,Under,3.5,-102,2025-12-17,2025-12-14T23:50:47Z,2025-12-14 15:50:05
DraftKings,player_rebounds,Devin Vassell,Over,3.5,-106,2025-12-17,2025-12-14T23:50:47Z,2025-12-14 15:50:05
DraftKings,player_rebounds,Devin Vassell,Under,3.5,-124,2025-12-17,2025-12-14T23:50:47Z,2025-12-14 15:50:05
DraftKings,player_rebounds,Harrison Barnes,Over,3.5,113,2025-12-17,2025-12-14T23:50:47Z,2025-12-14 15:50:05
DraftKings,player_rebounds,Harrison Barnes,Under,3.5,-149,2025-12-17,2025-12-14T23:50:47Z,2025-12-14 15:50:05
DraftKings,player_rebounds,Jalen Brunson,Over,3.5,134,2025-12-17,2025-12-14T23:50:47Z,2025-12-14 15:50:05
DraftKings,player_rebounds,Jalen Brunson,Under,3.5,-178,2025-12-17,2025-12-14T23:50:47Z,2025-12-14 15:50:05
DraftKings,player_rebounds,Dylan Harper,Over,2.5,-164,2025-12-17,2025-12-14T23:50:47Z,2025-12-14 15:50:05
DraftKings,player_rebounds,Dylan Harper,Under,2.5,124,2025-12-17,2025-12-14T23:50:47Z,2025-12-14 15:50:05
Bovada,player_rebounds,Dominick Barlow,Over,5.5,-160,2025-12-14,2025-12-14T23:49:53Z,2025-12-14 15:50:05
Bovada,player_rebounds,Dominick Barlow,Under,5.5,120,2025-12-14,2025-12-14T23:49:53Z,2025-12-14 15:50:05
Bovada,player_rebounds,Dominick Barlow,Over,6.5,115,2025-12-14,2025-12-14T23:49:53Z,2025-12-14 15:50:05
Bovada,player_rebounds,Dominick Barlow,Under,6.5,-150,2025-12-14,2025-12-14T23:49:53Z,2025-12-14 15:50:05
Bovada,player_rebounds,Dominick Barlow,Over,7.5,200,2025-12-14,2025-12-14T23:49:53Z,2025-12-14 15:50:05
Bovada,player_rebounds,Dominick Barlow,Under,7.5,-275,2025-12-14,2025-12-14T23:49:53Z,2025-12-14 15:50:05
Bovada,player_rebounds,Dyson Daniels,Over,5.5,-160,2025-12-14,2025-12-14T23:49:53Z,2025-12-14 15:50:05
Bovada,player_rebounds,Dyson Daniels,Under,5.5,120,2025-12-14,2025-12-14T23:49:53Z,2025-12-14 15:50:05
Bovada,player_rebounds,Dyson Daniels,Over,6.5,115,2025-12-14,2025-12-14T23:49:53Z,2025-12-14 15:50:05
Bovada,player_rebounds,Dyson Daniels,Under,6.5,-150,2025-12-14,2025-12-14T23:49:53Z,2025-12-14 15:50:05
Bovada,player_rebounds,Dyson Daniels,Over,7.5,200,2025-12-14,2025-12-14T23:49:53Z,2025-12-14 15:50:05
Bovada,player_rebounds,Dyson Daniels,Under,7.5,-275,2025-12-14,2025-12-14T23:49:53Z,2025-12-14 15:50:05
Bovada,player_rebounds,Jalen Johnson,Over,8.5,-260,2025-12-14,2025-12-14T23:49:53Z,2025-12-14 15:50:05
Bovada,player_rebounds,Jalen Johnson,Under,8.5,190,2025-12-14,2025-12-14T23:49:53Z,2025-12-14 15:50:05
Bovada,player_rebounds,Jalen Johnson,Over,9.5,-160,2025-12-14,2025-12-14T23:49:53Z,2025-12-14 15:50:05
Bovada,player_rebounds,Jalen Johnson,Under,9.5,120,2025-12-14,2025-12-14T23:49:53Z,2025-12-14 15:50:05
Bovada,player_rebounds,Jalen Johnson,Over,10.5,100,2025-12-14,2025-12-14T23:49:53Z,2025-12-14 15:50:05
Bovada,player_rebounds,Jalen Johnson,Under,10.5,-130,2025-12-14,2025-12-14T23:49:53Z,2025-12-14 15:50:05
Bovada,player_rebounds,Jalen Johnson,Over,11.5,155,2025-12-14,2025-12-14T23:49:53Z,2025-12-14 15:50:05
Bovada,player_rebounds,Jalen Johnson,Under,11.5,-210,2025-12-14,2025-12-14T23:49:53Z,2025-12-14 15:50:05
Bovada,player_rebounds,Joel Embiid,Over,6.5,-215,2025-12-14,2025-12-14T23:49:53Z,2025-12-14 15:50:05
Bovada,player_rebounds,Joel Embiid,Under,6.5,160,2025-12-14,2025-12-14T23:49:53Z,2025-12-14 15:50:05
Bovada,player_rebounds,Joel Embiid,Over,7.5,-125,2025-12-14,2025-12-14T23:49:53Z,2025-12-14 15:50:05
Bovada,player_rebounds,Joel Embiid,Under,7.5,-105,2025-12-14,2025-12-14T23:49:53Z,2025-12-14 15:50:05
Bovada,player_rebounds,Joel Embiid,Over,8.5,135,2025-12-14,2025-12-14T23:49:53Z,2025-12-14 15:50:05
Bovada,player_rebounds,Joel Embiid,Under,8.5,-180,2025-12-14,2025-12-14T23:49:53Z,2025-12-14 15:50:05
Bovada,player_rebounds,Onyeka Okongwu,Over,6.5,-290,2025-12-14,2025-12-14T23:49:53Z,2025-12-14 15:50:05
Bovada,player_rebounds,Onyeka Okongwu,Under,6.5,210,2025-12-14,2025-12-14T23:49:53Z,2025-12-14 15:50:05
Bovada,player_rebounds,Onyeka Okongwu,Over,7.5,-160,2025-12-14,2025-12-14T23:49:53Z,2025-12-14 15:50:05
Bovada,player_rebounds,Onyeka Okongwu,Under,7.5,120,2025-12-14,2025-12-14T23:49:53Z,2025-12-14 15:50:05
Bovada,player_rebounds,Onyeka Okongwu,Over,8.5,105,2025-12-14,2025-12-14T23:49:53Z,2025-12-14 15:50:05
Bovada,player_rebounds,Onyeka Okongwu,Under,8.5,-135,2025-12-14,2025-12-14T23:49:53Z,2025-12-14 15:50:05
Bovada,player_rebounds,Onyeka Okongwu,Over,9.5,170,2025-12-14,2025-12-14T23:49:53Z,2025-12-14 15:50:05
Bovada,player_rebounds,Onyeka Okongwu,Under,9.5,-230,2025-12-14,2025-12-14T23:49:53Z,2025-12-14 15:50:05
Bovada,player_rebounds,Paul George,Over,4.5,-190,2025-12-14,2025-12-14T23:49:53Z,2025-12-14 15:50:05
Bovada,player_rebounds,Paul George,Under,4.5,145,2025-12-14,2025-12-14T23:49:53Z,2025-12-14 15:50:05
Bovada,player_rebounds,Paul George,Over,5.5,100,2025-12-14,2025-12-14T23:49:53Z,2025-12-14 15:50:05
Bovada,player_rebounds,Paul George,Under,5.5,-130,2025-12-14,2025-12-14T23:49:53Z,2025-12-14 15:50:05
Bovada,player_rebounds,Paul George,Over,6.5,175,2025-12-14,2025-12-14T23:49:53Z,2025-12-14 15:50:05
Bovada,player_rebounds,Paul George,Under,6.5,-240,2025-12-14,2025-12-14T23:49:53Z,2025-12-14 15:50:05
Bovada,player_rebounds,Bobby Portis,Over,6.5,-165,2025-12-14,2025-12-14T23:49:52Z,2025-12-14 15:50:05
Bovada,player_rebounds,Bobby Portis,Under,6.5,125,2025-12-14,2025-12-14T23:49:52Z,2025-12-14 15:50:05
Bovada,player_rebounds,Bobby Portis,Over,7.5,105,2025-12-14,2025-12-14T23:49:52Z,2025-12-14 15:50:05
Bovada,player_rebounds,Bobby Portis,Under,7.5,-135,2025-12-14,2025-12-14T23:49:52Z,2025-12-14 15:50:05
Bovada,player_rebounds,Bobby Portis,Over,8.5,175,2025-12-14,2025-12-14T23:49:52Z,2025-12-14 15:50:05
Bovada,player_rebounds,Bobby Portis,Under,8.5,-240,2025-12-14,2025-12-14T23:49:52Z,2025-12-14 15:50:05
Bovada,player_rebounds,Day'Ron Sharpe,Over,4.5,-170,2025-12-14,2025-12-14T23:49:52Z,2025-12-14 15:50:05
Bovada,player_rebounds,Day'Ron Sharpe,Under,4.5,130,2025-12-14,2025-12-14T23:49:52Z,2025-12-14 15:50:05
Bovada,player_rebounds,Day'Ron Sharpe,Over,5.5,110,2025-12-14,2025-12-14T23:49:52Z,2025-12-14 15:50:05
Bovada,player_rebounds,Day'Ron Sharpe,Under,5.5,-145,2025-12-14,2025-12-14T23:49:52Z,2025-12-14 15:50:05
Bovada,player_rebounds,Day'Ron Sharpe,Over,6.5,200,2025-12-14,2025-12-14T23:49:52Z,2025-12-14 15:50:05
Bovada,player_rebounds,Day'Ron Sharpe,Under,6.5,-275,2025-12-14,2025-12-14T23:49:52Z,2025-12-14 15:50:05
Bovada,player_rebounds,Kevin Porter Jr.,Over,4.5,-215,2025-12-14,2025-12-14T23:49:52Z,2025-12-14 15:50:05
Bovada,player_rebounds,Kevin Porter Jr.,Under,4.5,160,2025-12-14,2025-12-14T23:49:52Z,2025-12-14 15:50:05
Bovada,player_rebounds,Kevin Porter Jr.,Over,5.5,-110,2025-12-14,2025-12-14T23:49:52Z,2025-12-14 15:50:05
Bovada,player_rebounds,Kevin Porter Jr.,Under,5.5,-120,2025-12-14,2025-12-14T23:49:52Z,2025-12-14 15:50:05
Bovada,player_rebounds,Kevin Porter Jr.,Over,6.5,165,2025-12-14,2025-12-14T23:49:52Z,2025-12-14 15:50:05
Bovada,player_rebounds,Kevin Porter Jr.,Under,6.5,-220,2025-12-14,2025-12-14T23:49:52Z,2025-12-14 15:50:05
Bovada,player_rebounds,Kyle Kuzma,Over,4.5,-185,2025-12-14,2025-12-14T23:49:52Z,2025-12-14 15:50:05
Bovada,player_rebounds,Kyle Kuzma,Under,4.5,140,2025-12-14,2025-12-14T23:49:52Z,2025-12-14 15:50:05
Bovada,player_rebounds,Kyle Kuzma,Over,5.5,105,2025-12-14,2025-12-14T23:49:52Z,2025-12-14 15:50:05
Bovada,player_rebounds,Kyle Kuzma,Under,5.5,-135,2025-12-14,2025-12-14T23:49:52Z,2025-12-14 15:50:05
Bovada,player_rebounds,Kyle Kuzma,Over,6.5,190,2025-12-14,2025-12-14T23:49:52Z,2025-12-14 15:50:05
Bovada,player_rebounds,Kyle Kuzma,Under,6.5,-260,2025-12-14,2025-12-14T23:49:52Z,2025-12-14 15:50:05
Bovada,player_rebounds,Michael Porter Jr,Over,5.5,-250,2025-12-14,2025-12-14T23:49:52Z,2025-12-14 15:50:05
Bovada,player_rebounds,Michael Porter Jr,Under,5.5,185,2025-12-14,2025-12-14T23:49:52Z,2025-12-14 15:50:05
Bovada,player_rebounds,Michael Porter Jr,Over,6.5,-135,2025-12-14,2025-12-14T23:49:52Z,2025-12-14 15:50:05
Bovada,player_rebounds,Michael Porter Jr,Under,6.5,105,2025-12-14,2025-12-14T23:49:52Z,2025-12-14 15:50:05
Bovada,player_rebounds,Michael Porter Jr,Over,7.5,125,2025-12-14,2025-12-14T23:49:52Z,2025-12-14 15:50:05
Bovada,player_rebounds,Michael Porter Jr,Under,7.5,-165,2025-12-14,2025-12-14T23:49:52Z,2025-12-14 15:50:05
Bovada,player_rebounds,Michael Porter Jr,Over,8.5,210,2025-12-14,2025-12-14T23:49:52Z,2025-12-14 15:50:05
Bovada,player_rebounds,Michael Porter Jr,Under,8.5,-290,2025-12-14,2025-12-14T23:49:52Z,2025-12-14 15:50:05
Bovada,player_rebounds,Myles Turner,Over,4.5,-185,2025-12-14,2025-12-14T23:49:52Z,2025-12-14 15:50:05
Bovada,player_rebounds,Myles Turner,Under,4.5,140,2025-12-14,2025-12-14T23:49:52Z,2025-12-14 15:50:05
Bovada,player_rebounds,Myles Turner,Over,5.5,105,2025-12-14,2025-12-14T23:49:52Z,2025-12-14 15:50:05
Bovada,player_rebounds,Myles Turner,Under,5.5,-135,2025-12-14,2025-12-14T23:49:52Z,2025-12-14 15:50:05
Bovada,player_rebounds,Nicolas Claxton,Over,7.5,-170,2025-12-14,2025-12-14T23:49:52Z,2025-12-14 15:50:05
Bovada,player_rebounds,Nicolas Claxton,Under,7.5,130,2025-12-14,2025-12-14T23:49:52Z,2025-12-14 15:50:05
Bovada,player_rebounds,Nicolas Claxton,Over,8.5,100,2025-12-14,2025-12-14T23:49:52Z,2025-12-14 15:50:05
Bovada,player_rebounds,Nicolas Claxton,Under,8.5,-130,2025-12-14,2025-12-14T23:49:52Z,2025-12-14 15:50:05
Bovada,player_rebounds,Nicolas Claxton,Over,9.5,160,2025-12-14,2025-12-14T23:49:52Z,2025-12-14 15:50:05
Bovada,player_rebounds,Nicolas Claxton,Under,9.5,-215,2025-12-14,2025-12-14T23:49:52Z,2025-12-14 15:50:05
Bovada,player_rebounds,Derik Queen,Over,5.5,-230,2025-12-15,2025-12-14T23:49:19Z,2025-12-14 15:50:05
Bovada,player_rebounds,Derik Queen,Under,5.5,170,2025-12-15,2025-12-14T23:49:19Z,2025-12-14 15:50:05
Bovada,player_rebounds,Derik Queen,Over,6.5,-135,2025-12-15,2025-12-14T23:49:19Z,2025-12-14 15:50:05
Bovada,player_rebounds,Derik Queen,Under,6.5,105,2025-12-15,2025-12-14T23:49:19Z,2025-12-14 15:50:05
Bovada,player_rebounds,Derik Queen,Over,7.5,140,2025-12-15,2025-12-14T23:49:19Z,2025-12-14 15:50:05
Bovada,player_rebounds,Derik Queen,Under,7.5,-185,2025-12-15,2025-12-14T23:49:19Z,2025-12-14 15:50:05
Bovada,player_rebounds,Josh Giddey,Over,6.5,-260,2025-12-15,2025-12-14T23:49:19Z,2025-12-14 15:50:05
Bovada,player_rebounds,Josh Giddey,Under,6.5,190,2025-12-15,2025-12-14T23:49:19Z,2025-12-14 15:50:05
Bovada,player_rebounds,Josh Giddey,Over,7.5,-145,2025-12-15,2025-12-14T23:49:19Z,2025-12-14 15:50:05
Bovada,player_rebounds,Josh Giddey,Under,7.5,110,2025-12-15,2025-12-14T23:49:19Z,2025-12-14 15:50:05
Bovada,player_rebounds,Josh Giddey,Over,8.5,115,2025-12-15,2025-12-14T23:49:19Z,2025-12-14 15:50:05
Bovada,player_rebounds,Josh Giddey,Under,8.5,-150,2025-12-15,2025-12-14T23:49:19Z,2025-12-14 15:50:05
Bovada,player_rebounds,Josh Giddey,Over,9.5,185,2025-12-15,2025-12-14T23:49:19Z,2025-12-14 15:50:05
Bovada,player_rebounds,Josh Giddey,Under,9.5,-250,2025-12-15,2025-12-14T23:49:19Z,2025-12-14 15:50:05
Bovada,player_rebounds,Nikola Vucevic,Over,6.5,-260,2025-12-15,2025-12-14T23:49:19Z,2025-12-14 15:50:05
Bovada,player_rebounds,Nikola Vucevic,Under,6.5,190,2025-12-15,2025-12-14T23:49:19Z,2025-12-14 15:50:05
Bovada,player_rebounds,Nikola Vucevic,Over,7.5,-145,2025-12-15,2025-12-14T23:49:19Z,2025-12-14 15:50:05
Bovada,player_rebounds,Nikola Vucevic,Under,7.5,110,2025-12-15,2025-12-14T23:49:19Z,2025-12-14 15:50:05
Bovada,player_rebounds,Nikola Vucevic,Over,8.5,115,2025-12-15,2025-12-14T23:49:19Z,2025-12-14 15:50:05
Bovada,player_rebounds,Nikola Vucevic,Under,8.5,-150,2025-12-15,2025-12-14T23:49:19Z,2025-12-14 15:50:05
Bovada,player_rebounds,Nikola Vucevic,Over,9.5,185,2025-12-15,2025-12-14T23:49:19Z,2025-12-14 15:50:05
Bovada,player_rebounds,Nikola Vucevic,Under,9.5,-250,2025-12-15,2025-12-14T23:49:19Z,2025-12-14 15:50:05
Bovada,player_rebounds,Saddiq Bey,Over,5.5,-130,2025-12-15,2025-12-14T23:49:19Z,2025-12-14 15:50:05
Bovada,player_rebounds,Saddiq Bey,Under,5.5,100,2025-12-15,2025-12-14T23:49:19Z,2025-12-14 15:50:05
Bovada,player_rebounds,Saddiq Bey,Over,6.5,135,2025-12-15,2025-12-14T23:49:19Z,2025-12-14 15:50:05
Bovada,player_rebounds,Saddiq Bey,Under,6.5,-180,2025-12-15,2025-12-14T23:49:19Z,2025-12-14 15:50:05
Bovada,player_rebounds,Trey Murphy III,Over,4.5,-220,2025-12-15,2025-12-14T23:49:19Z,2025-12-14 15:50:05
Bovada,player_rebounds,Trey Murphy III,Under,4.5,165,2025-12-15,2025-12-14T23:49:19Z,2025-12-14 15:50:05
Bovada,player_rebounds,Trey Murphy III,Over,5.5,-115,2025-12-15,2025-12-14T23:49:19Z,2025-12-14 15:50:05
Bovada,player_rebounds,Trey Murphy III,Under,5.5,-115,2025-12-15,2025-12-14T23:49:19Z,2025-12-14 15:50:05
Bovada,player_rebounds,Trey Murphy III,Over,6.5,155,2025-12-15,2025-12-14T23:49:19Z,2025-12-14 15:50:05
Bovada,player_rebounds,Trey Murphy III,Under,6.5,-210,2025-12-15,2025-12-14T23:49:19Z,2025-12-14 15:50:05
Bovada,player_rebounds,Zach Collins,Over,3.5,-300,2025-12-15,2025-12-14T23:49:19Z,2025-12-14 15:50:05
Bovada,player_rebounds,Zach Collins,Under,3.5,215,2025-12-15,2025-12-14T23:49:19Z,2025-12-14 15:50:05
Bovada,player_rebounds,Zach Collins,Over,4.5,-135,2025-12-15,2025-12-14T23:49:19Z,2025-12-14 15:50:05
Bovada,player_rebounds,Zach Collins,Under,4.5,105,2025-12-15,2025-12-14T23:49:19Z,2025-12-14 15:50:05
Bovada,player_rebounds,Zach Collins,Over,5.5,140,2025-12-15,2025-12-14T23:49:19Z,2025-12-14 15:50:05
Bovada,player_rebounds,Zach Collins,Under,5.5,-185,2025-12-15,2025-12-14T23:49:19Z,2025-12-14 15:50:05
Bovada,player_rebounds,Zion Williamson,Over,3.5,-250,2025-12-15,2025-12-14T23:49:19Z,2025-12-14 15:50:05
Bovada,player_rebounds,Zion Williamson,Under,3.5,185,2025-12-15,2025-12-14T23:49:19Z,2025-12-14 15:50:05
Bovada,player_rebounds,Zion Williamson,Over,4.5,-120,2025-12-15,2025-12-14T23:49:19Z,2025-12-14 15:50:05
Bovada,player_rebounds,Zion Williamson,Under,4.5,-110,2025-12-15,2025-12-14T23:49:19Z,2025-12-14 15:50:05
Bovada,player_rebounds,Zion Williamson,Over,5.5,160,2025-12-15,2025-12-14T23:49:19Z,2025-12-14 15:50:05
Bovada,player_rebounds,Zion Williamson,Under,5.5,-215,2025-12-15,2025-12-14T23:49:19Z,2025-12-14 15:50:05
Bovada,player_rebounds,Jaden McDaniels,Over,4.5,-160,2025-12-15,2025-12-14T23:49:50Z,2025-12-14 15:50:05
Bovada,player_rebounds,Jaden McDaniels,Under,4.5,120,2025-12-15,2025-12-14T23:49:50Z,2025-12-14 15:50:05
Bovada,player_rebounds,Jaden McDaniels,Over,5.5,120,2025-12-15,2025-12-14T23:49:50Z,2025-12-14 15:50:05
Bovada,player_rebounds,Jaden McDaniels,Under,5.5,-160,2025-12-15,2025-12-14T23:49:50Z,2025-12-14 15:50:05
Bovada,player_rebounds,Julius Randle,Over,6.5,-190,2025-12-15,2025-12-14T23:49:50Z,2025-12-14 15:50:05
Bovada,player_rebounds,Julius Randle,Under,6.5,145,2025-12-15,2025-12-14T23:49:50Z,2025-12-14 15:50:05
Bovada,player_rebounds,Julius Randle,Over,7.5,-110,2025-12-15,2025-12-14T23:49:50Z,2025-12-14 15:50:05
Bovada,player_rebounds,Julius Randle,Under,7.5,-120,2025-12-15,2025-12-14T23:49:50Z,2025-12-14 15:50:05
Bovada,player_rebounds,Julius Randle,Over,8.5,150,2025-12-15,2025-12-14T23:49:50Z,2025-12-14 15:50:05
Bovada,player_rebounds,Julius Randle,Under,8.5,-200,2025-12-15,2025-12-14T23:49:50Z,2025-12-14 15:50:05
Bovada,player_rebounds,Keegan Murray,Over,5.5,-190,2025-12-15,2025-12-14T23:49:50Z,2025-12-14 15:50:05
Bovada,player_rebounds,Keegan Murray,Under,5.5,145,2025-12-15,2025-12-14T23:49:50Z,2025-12-14 15:50:05
Bovada,player_rebounds,Keegan Murray,Over,6.5,-105,2025-12-15,2025-12-14T23:49:50Z,2025-12-14 15:50:05
Bovada,player_rebounds,Keegan Murray,Under,6.5,-125,2025-12-15,2025-12-14T23:49:50Z,2025-12-14 15:50:05
Bovada,player_rebounds,Keegan Murray,Over,7.5,165,2025-12-15,2025-12-14T23:49:50Z,2025-12-14 15:50:05
Bovada,player_rebounds,Keegan Murray,Under,7.5,-220,2025-12-15,2025-12-14T23:49:50Z,2025-12-14 15:50:05
Bovada,player_rebounds,Maxime Raynaud,Over,5.5,-260,2025-12-15,2025-12-14T23:49:50Z,2025-12-14 15:50:05
Bovada,player_rebounds,Maxime Raynaud,Under,5.5,190,2025-12-15,2025-12-14T23:49:50Z,2025-12-14 15:50:05
Bovada,player_rebounds,Maxime Raynaud,Over,6.5,-135,2025-12-15,2025-12-14T23:49:50Z,2025-12-14 15:50:05
Bovada,player_rebounds,Maxime Raynaud,Under,6.5,105,2025-12-15,2025-12-14T23:49:50Z,2025-12-14 15:50:05
Bovada,player_rebounds,Maxime Raynaud,Over,7.5,125,2025-12-15,2025-12-14T23:49:50Z,2025-12-14 15:50:05
Bovada,player_rebounds,Maxime Raynaud,Under,7.5,-165,2025-12-15,2025-12-14T23:49:50Z,2025-12-14 15:50:05
Bovada,player_rebounds,Maxime Raynaud,Over,8.5,210,2025-12-15,2025-12-14T23:49:50Z,2025-12-14 15:50:05
Bovada,player_rebounds,Maxime Raynaud,Under,8.5,-290,2025-12-15,2025-12-14T23:49:50Z,2025-12-14 15:50:05
Bovada,player_rebounds,Naz Reid,Over,5.5,-240,2025-12-15,2025-12-14T23:49:50Z,2025-12-14 15:50:05
Bovada,player_rebounds,Naz Reid,Under,5.5,175,2025-12-15,2025-12-14T23:49:50Z,2025-12-14 15:50:05
Bovada,player_rebounds,Naz Reid,Over,6.5,-130,2025-12-15,2025-12-14T23:49:50Z,2025-12-14 15:50:05
Bovada,player_rebounds,Naz Reid,Under,6.5,100,2025-12-15,2025-12-14T23:49:50Z,2025-12-14 15:50:05
Bovada,player_rebounds,Naz Reid,Over,7.5,130,2025-12-15,2025-12-14T23:49:50Z,2025-12-14 15:50:05
Bovada,player_rebounds,Naz Reid,Under,7.5,-170,2025-12-15,2025-12-14T23:49:50Z,2025-12-14 15:50:05
Bovada,player_rebounds,Rudy Gobert,Over,9.5,-240,2025-12-15,2025-12-14T23:49:50Z,2025-12-14 15:50:05
Bovada,player_rebounds,Rudy Gobert,Under,9.5,175,2025-12-15,2025-12-14T23:49:50Z,2025-12-14 15:50:05
Bovada,player_rebounds,Rudy Gobert,Over,10.5,-150,2025-12-15,2025-12-14T23:49:50Z,2025-12-14 15:50:05
Bovada,player_rebounds,Rudy Gobert,Under,10.5,115,2025-12-15,2025-12-14T23:49:50Z,2025-12-14 15:50:05
Bovada,player_rebounds,Rudy Gobert,Over,11.5,105,2025-12-15,2025-12-14T23:49:50Z,2025-12-14 15:50:05
Bovada,player_rebounds,Rudy Gobert,Under,11.5,-135,2025-12-15,2025-12-14T23:49:50Z,2025-12-14 15:50:05
Bovada,player_rebounds,Rudy Gobert,Over,12.5,155,2025-12-15,2025-12-14T23:49:50Z,2025-12-14 15:50:05
Bovada,player_rebounds,Rudy Gobert,Under,12.5,-210,2025-12-15,2025-12-14T23:49:50Z,2025-12-14 15:50:05
Bovada,player_rebounds,Russell Westbrook,Over,5.5,-160,2025-12-15,2025-12-14T23:49:50Z,2025-12-14 15:50:05
Bovada,player_rebounds,Russell Westbrook,Under,5.5,120,2025-12-15,2025-12-14T23:49:50Z,2025-12-14 15:50:05
Bovada,player_rebounds,Russell Westbrook,Over,6.5,115,2025-12-15,2025-12-14T23:49:50Z,2025-12-14 15:50:05
Bovada,player_rebounds,Russell Westbrook,Under,6.5,-150,2025-12-15,2025-12-14T23:49:50Z,2025-12-14 15:50:05
Bovada,player_rebounds,Russell Westbrook,Over,7.5,200,2025-12-15,2025-12-14T23:49:50Z,2025-12-14 15:50:05
Bovada,player_rebounds,Russell Westbrook,Under,7.5,-275,2025-12-15,2025-12-14T23:49:50Z,2025-12-14 15:50:05
Bovada,player_rebounds,Deandre Ayton,Over,7.5,-275,2025-12-15,2025-12-14T23:49:30Z,2025-12-14 15:50:05
Bovada,player_rebounds,Deandre Ayton,Under,7.5,200,2025-12-15,2025-12-14T23:49:30Z,2025-12-14 15:50:05
Bovada,player_rebounds,Deandre Ayton,Over,8.5,-160,2025-12-15,2025-12-14T23:49:30Z,2025-12-14 15:50:05
Bovada,player_rebounds,Deandre Ayton,Under,8.5,120,2025-12-15,2025-12-14T23:49:30Z,2025-12-14 15:50:05
Bovada,player_rebounds,Deandre Ayton,Over,9.5,105,2025-12-15,2025-12-14T23:49:30Z,2025-12-14 15:50:05
Bovada,player_rebounds,Deandre Ayton,Under,9.5,-135,2025-12-15,2025-12-14T23:49:30Z,2025-12-14 15:50:05
Bovada,player_rebounds,Deandre Ayton,Over,10.5,165,2025-12-15,2025-12-14T23:49:30Z,2025-12-14 15:50:05
Bovada,player_rebounds,Deandre Ayton,Under,10.5,-220,2025-12-15,2025-12-14T23:49:30Z,2025-12-14 15:50:05
Bovada,player_rebounds,LeBron James,Over,5.5,-210,2025-12-15,2025-12-14T23:49:30Z,2025-12-14 15:50:05
Bovada,player_rebounds,LeBron James,Under,5.5,155,2025-12-15,2025-12-14T23:49:30Z,2025-12-14 15:50:05
Bovada,player_rebounds,LeBron James,Over,6.5,-115,2025-12-15,2025-12-14T23:49:30Z,2025-12-14 15:50:05
Bovada,player_rebounds,LeBron James,Under,6.5,-115,2025-12-15,2025-12-14T23:49:30Z,2025-12-14 15:50:05
Bovada,player_rebounds,LeBron James,Over,7.5,150,2025-12-15,2025-12-14T23:49:30Z,2025-12-14 15:50:05
Bovada,player_rebounds,LeBron James,Under,7.5,-200,2025-12-15,2025-12-14T23:49:30Z,2025-12-14 15:50:05
Bovada,player_rebounds,Luka Doncic,Over,7.5,-215,2025-12-15,2025-12-14T23:49:30Z,2025-12-14 15:50:05
Bovada,player_rebounds,Luka Doncic,Under,7.5,160,2025-12-15,2025-12-14T23:49:30Z,2025-12-14 15:50:05
Bovada,player_rebounds,Luka Doncic,Over,8.5,-125,2025-12-15,2025-12-14T23:49:30Z,2025-12-14 15:50:05
Bovada,player_rebounds,Luka Doncic,Under,8.5,-105,2025-12-15,2025-12-14T23:49:30Z,2025-12-14 15:50:05
Bovada,player_rebounds,Luka Doncic,Over,9.5,130,2025-12-15,2025-12-14T23:49:30Z,2025-12-14 15:50:05
Bovada,player_rebounds,Luka Doncic,Under,9.5,-170,2025-12-15,2025-12-14T23:49:30Z,2025-12-14 15:50:05
Bovada,player_rebounds,Luka Doncic,Over,10.5,205,2025-12-15,2025-12-14T23:49:30Z,2025-12-14 15:50:05
Bovada,player_rebounds,Luka Doncic,Under,10.5,-280,2025-12-15,2025-12-14T23:49:30Z,2025-12-14 15:50:05
Bovada,player_rebounds,Mark Williams,Over,7.5,-200,2025-12-15,2025-12-14T23:49:30Z,2025-12-14 15:50:05
Bovada,player_rebounds,Mark Williams,Under,7.5,150,2025-12-15,2025-12-14T23:49:30Z,2025-12-14 15:50:05
Bovada,player_rebounds,Mark Williams,Over,8.5,-120,2025-12-15,2025-12-14T23:49:30Z,2025-12-14 15:50:05
Bovada,player_rebounds,Mark Williams,Under,8.5,-110,2025-12-15,2025-12-14T23:49:30Z,2025-12-14 15:50:05
Bovada,player_rebounds,Mark Williams,Over,9.5,135,2025-12-15,2025-12-14T23:49:30Z,2025-12-14 15:50:05
Bovada,player_rebounds,Mark Williams,Under,9.5,-180,2025-12-15,2025-12-14T23:49:30Z,2025-12-14 15:50:05
Bovada,player_rebounds,Brandin Podziemski,Over,2.5,-170,2025-12-15,2025-12-14T23:49:01Z,2025-12-14 15:50:05
Bovada,player_rebounds,Brandin Podziemski,Under,2.5,130,2025-12-15,2025-12-14T23:49:01Z,2025-12-14 15:50:05
Bovada,player_rebounds,Brandin Podziemski,Over,3.5,135,2025-12-15,2025-12-14T23:49:01Z,2025-12-14 15:50:05
Bovada,player_rebounds,Brandin Podziemski,Under,3.5,-180,2025-12-15,2025-12-14T23:49:01Z,2025-12-14 15:50:05
Bovada,player_rebounds,Buddy Hield,Over,2.5,-135,2025-12-15,2025-12-14T23:49:01Z,2025-12-14 15:50:05
Bovada,player_rebounds,Buddy Hield,Under,2.5,105,2025-12-15,2025-12-14T23:49:01Z,2025-12-14 15:50:05
Bovada,player_rebounds,Buddy Hield,Over,3.5,165,2025-12-15,2025-12-14T23:49:01Z,2025-12-14 15:50:05
Bovada,player_rebounds,Buddy Hield,Under,3.5,-220,2025-12-15,2025-12-14T23:49:01Z,2025-12-14 15:50:05
Bovada,player_rebounds,Deni Avdija,Over,7.5,-170,2025-12-15,2025-12-14T23:49:01Z,2025-12-14 15:50:05
Bovada,player_rebounds,Deni Avdija,Under,7.5,130,2025-12-15,2025-12-14T23:49:01Z,2025-12-14 15:50:05
Bovada,player_rebounds,Deni Avdija,Over,8.5,100,2025-12-15,2025-12-14T23:49:01Z,2025-12-14 15:50:05
Bovada,player_rebounds,Deni Avdija,Under,8.5,-130,2025-12-15,2025-12-14T23:49:01Z,2025-12-14 15:50:05
Bovada,player_rebounds,Deni Avdija,Over,9.5,160,2025-12-15,2025-12-14T23:49:01Z,2025-12-14 15:50:05
Bovada,player_rebounds,Deni Avdija,Under,9.5,-215,2025-12-15,2025-12-14T23:49:01Z,2025-12-14 15:50:05
Bovada,player_rebounds,Donovan Clingan,Over,8.5,-250,2025-12-15,2025-12-14T23:49:01Z,2025-12-14 15:50:05
Bovada,player_rebounds,Donovan Clingan,Under,8.5,185,2025-12-15,2025-12-14T23:49:01Z,2025-12-14 15:50:05
Bovada,player_rebounds,Donovan Clingan,Over,9.5,-150,2025-12-15,2025-12-14T23:49:01Z,2025-12-14 15:50:05
Bovada,player_rebounds,Donovan Clingan,Under,9.5,115,2025-12-15,2025-12-14T23:49:01Z,2025-12-14 15:50:05
Bovada,player_rebounds,Donovan Clingan,Over,10.5,105,2025-12-15,2025-12-14T23:49:01Z,2025-12-14 15:50:05
Bovada,player_rebounds,Donovan Clingan,Under,10.5,-135,2025-12-15,2025-12-14T23:49:01Z,2025-12-14 15:50:05
Bovada,player_rebounds,Donovan Clingan,Over,11.5,160,2025-12-15,2025-12-14T23:49:01Z,2025-12-14 15:50:05
Bovada,player_rebounds,Donovan Clingan,Under,11.5,-215,2025-12-15,2025-12-14T23:49:01Z,2025-12-14 15:50:05
Bovada,player_rebounds,Draymond Green,Over,5.5,-220,2025-12-15,2025-12-14T23:49:01Z,2025-12-14 15:50:05
Bovada,player_rebounds,Draymond Green,Under,5.5,165,2025-12-15,2025-12-14T23:49:01Z,2025-12-14 15:50:05
Bovada,player_rebounds,Draymond Green,Over,6.5,-120,2025-12-15,2025-12-14T23:49:01Z,2025-12-14 15:50:05
Bovada,player_rebounds,Draymond Green,Under,6.5,-110,2025-12-15,2025-12-14T23:49:01Z,2025-12-14 15:50:05
Bovada,player_rebounds,Draymond Green,Over,7.5,145,2025-12-15,2025-12-14T23:49:01Z,2025-12-14 15:50:05
Bovada,player_rebounds,Draymond Green,Under,7.5,-190,2025-12-15,2025-12-14T23:49:01Z,2025-12-14 15:50:05
Bovada,player_rebounds,Jerami Grant,Over,3.5,-150,2025-12-15,2025-12-14T23:49:01Z,2025-12-14 15:50:05
Bovada,player_rebounds,Jerami Grant,Under,3.5,115,2025-12-15,2025-12-14T23:49:01Z,2025-12-14 15:50:05
Bovada,player_rebounds,Jerami Grant,Over,4.5,135,2025-12-15,2025-12-14T23:49:01Z,2025-12-14 15:50:05
Bovada,player_rebounds,Jerami Grant,Under,4.5,-180,2025-12-15,2025-12-14T23:49:01Z,2025-12-14 15:50:05
Bovada,player_rebounds,Jimmy Butler,Over,5.5,-190,2025-12-15,2025-12-14T23:49:01Z,2025-12-14 15:50:05
Bovada,player_rebounds,Jimmy Butler,Under,5.5,145,2025-12-15,2025-12-14T23:49:01Z,2025-12-14 15:50:05
Bovada,player_rebounds,Jimmy Butler,Over,6.5,-105,2025-12-15,2025-12-14T23:49:01Z,2025-12-14 15:50:05
Bovada,player_rebounds,Jimmy Butler,Under,6.5,-125,2025-12-15,2025-12-14T23:49:01Z,2025-12-14 15:50:05
Bovada,player_rebounds,Jimmy Butler,Over,7.5,165,2025-12-15,2025-12-14T23:49:01Z,2025-12-14 15:50:05
Bovada,player_rebounds,Jimmy Butler,Under,7.5,-220,2025-12-15,2025-12-14T23:49:01Z,2025-12-14 15:50:05
Bovada,player_rebounds,Kris Murray,Over,3.5,-160,2025-12-15,2025-12-14T23:49:01Z,2025-12-14 15:50:05
Bovada,player_rebounds,Kris Murray,Under,3.5,120,2025-12-15,2025-12-14T23:49:01Z,2025-12-14 15:50:05
Bovada,player_rebounds,Kris Murray,Over,4.5,130,2025-12-15,2025-12-14T23:49:01Z,2025-12-14 15:50:05
Bovada,player_rebounds,Kris Murray,Under,4.5,-170,2025-12-15,2025-12-14T23:49:01Z,2025-12-14 15:50:05
Bovada,player_rebounds,Moses Moody,Over,2.5,-120,2025-12-15,2025-12-14T23:49:01Z,2025-12-14 15:50:05
Bovada,player_rebounds,Moses Moody,Under,2.5,-110,2025-12-15,2025-12-14T23:49:01Z,2025-12-14 15:50:05
Bovada,player_rebounds,Moses Moody,Over,3.5,190,2025-12-15,2025-12-14T23:49:01Z,2025-12-14 15:50:05
Bovada,player_rebounds,Moses Moody,Under,3.5,-260,2025-12-15,2025-12-14T23:49:01Z,2025-12-14 15:50:05
Bovada,player_rebounds,Quinten Post,Over,4.5,-145,2025-12-15,2025-12-14T23:49:01Z,2025-12-14 15:50:05
Bovada,player_rebounds,Quinten Post,Under,4.5,110,2025-12-15,2025-12-14T23:49:01Z,2025-12-14 15:50:05
Bovada,player_rebounds,Quinten Post,Over,5.5,130,2025-12-15,2025-12-14T23:49:01Z,2025-12-14 15:50:05
Bovada,player_rebounds,Quinten Post,Under,5.5,-170,2025-12-15,2025-12-14T23:49:01Z,2025-12-14 15:50:05
Bovada,player_rebounds,Shaedon Sharpe,Over,3.5,-240,2025-12-15,2025-12-14T23:49:01Z,2025-12-14 15:50:05
Bovada,player_rebounds,Shaedon Sharpe,Under,3.5,175,2025-12-15,2025-12-14T23:49:01Z,2025-12-14 15:50:05
Bovada,player_rebounds,Shaedon Sharpe,Over,4.5,-115,2025-12-15,2025-12-14T23:49:01Z,2025-12-14 15:50:05
Bovada,player_rebounds,Shaedon Sharpe,Under,4.5,-115,2025-12-15,2025-12-14T23:49:01Z,2025-12-14 15:50:05
Bovada,player_rebounds,Shaedon Sharpe,Over,5.5,165,2025-12-15,2025-12-14T23:49:01Z,2025-12-14 15:50:05
Bovada,player_rebounds,Shaedon Sharpe,Under,5.5,-220,2025-12-15,2025-12-14T23:49:01Z,2025-12-14 15:50:05
Bovada,player_rebounds,Stephen Curry,Over,3.5,-185,2025-12-15,2025-12-14T23:49:01Z,2025-12-14 15:50:05
Bovada,player_rebounds,Stephen Curry,Under,3.5,140,2025-12-15,2025-12-14T23:49:01Z,2025-12-14 15:50:05
Bovada,player_rebounds,Stephen Curry,Over,4.5,110,2025-12-15,2025-12-14T23:49:01Z,2025-12-14 15:50:05
Bovada,player_rebounds,Stephen Curry,Under,4.5,-145,2025-12-15,2025-12-14T23:49:01Z,2025-12-14 15:50:05
Bovada,player_rebounds,Stephen Curry,Over,5.5,210,2025-12-15,2025-12-14T23:49:01Z,2025-12-14 15:50:05
Bovada,player_rebounds,Stephen Curry,Under,5.5,-290,2025-12-15,2025-12-14T23:49:01Z,2025-12-14 15:50:05
Bovada,player_rebounds,Toumani Camara,Over,4.5,-240,2025-12-15,2025-12-14T23:49:01Z,2025-12-14 15:50:05
Bovada,player_rebounds,Toumani Camara,Under,4.5,175,2025-12-15,2025-12-14T23:49:01Z,2025-12-14 15:50:05
Bovada,player_rebounds,Toumani Camara,Over,5.5,-120,2025-12-15,2025-12-14T23:49:01Z,2025-12-14 15:50:05
Bovada,player_rebounds,Toumani Camara,Under,5.5,-110,2025-12-15,2025-12-14T23:49:01Z,2025-12-14 15:50:05
Bovada,player_rebounds,Toumani Camara,Over,6.5,145,2025-12-15,2025-12-14T23:49:01Z,2025-12-14 15:50:05
Bovada,player_rebounds,Toumani Camara,Under,6.5,-190,2025-12-15,2025-12-14T23:49:01Z,2025-12-14 15:50:05
BetRivers,player_rebounds,Zion Williamson,Over,4.5,-121,2025-12-15,2025-12-14T23:50:03Z,2025-12-14 15:50:05
BetRivers,player_rebounds,Zion Williamson,Under,4.5,-110,2025-12-15,2025-12-14T23:50:03Z,2025-12-14 15:50:05
BetRivers,player_rebounds,Jeremiah Fears,Over,3.5,120,2025-12-15,2025-12-14T23:50:03Z,2025-12-14 15:50:05
BetRivers,player_rebounds,Jeremiah Fears,Under,3.5,-162,2025-12-15,2025-12-14T23:50:03Z,2025-12-14 15:50:05
BetRivers,player_rebounds,Coby White,Over,2.5,-165,2025-12-15,2025-12-14T23:50:03Z,2025-12-14 15:50:05
BetRivers,player_rebounds,Coby White,Under,2.5,123,2025-12-15,2025-12-14T23:50:03Z,2025-12-14 15:50:05
BetRivers,player_rebounds,Derik Queen,Over,7.5,112,2025-12-15,2025-12-14T23:50:03Z,2025-12-14 15:50:05
BetRivers,player_rebounds,Derik Queen,Under,7.5,-148,2025-12-15,2025-12-14T23:50:03Z,2025-12-14 15:50:05
BetRivers,player_rebounds,Herb Jones,Over,3.5,-129,2025-12-15,2025-12-14T23:50:03Z,2025-12-14 15:50:05
BetRivers,player_rebounds,Herb Jones,Under,3.5,-104,2025-12-15,2025-12-14T23:50:03Z,2025-12-14 15:50:05
BetRivers,player_rebounds,Trey Murphy III,Over,5.5,-132,2025-12-15,2025-12-14T23:50:03Z,2025-12-14 15:50:05
BetRivers,player_rebounds,Trey Murphy III,Under,5.5,100,2025-12-15,2025-12-14T23:50:03Z,2025-12-14 15:50:05
BetRivers,player_rebounds,Nikola Vucevic,Over,8.5,104,2025-12-15,2025-12-14T23:50:03Z,2025-12-14 15:50:05
BetRivers,player_rebounds,Nikola Vucevic,Under,8.5,-139,2025-12-15,2025-12-14T23:50:03Z,2025-12-14 15:50:05
BetRivers,player_rebounds,Josh Giddey,Over,8.5,-104,2025-12-15,2025-12-14T23:50:03Z,2025-12-14 15:50:05
BetRivers,player_rebounds,Josh Giddey,Under,8.5,-129,2025-12-15,2025-12-14T23:50:03Z,2025-12-14 15:50:05
BetRivers,player_rebounds,Tre Jones,Over,2.5,-129,2025-12-15,2025-12-14T23:50:03Z,2025-12-14 15:50:05
BetRivers,player_rebounds,Tre Jones,Under,2.5,-104,2025-12-15,2025-12-14T23:50:03Z,2025-12-14 15:50:05
BetRivers,player_rebounds,Isaac Okoro,Over,2.5,112,2025-12-15,2025-12-14T23:50:03Z,2025-12-14 15:50:05
BetRivers,player_rebounds,Isaac Okoro,Under,2.5,-148,2025-12-15,2025-12-14T23:50:03Z,2025-12-14 15:50:05
BetRivers,player_rebounds,Matas Buzelis,Over,4.5,-143,2025-12-15,2025-12-14T23:50:03Z,2025-12-14 15:50:05
BetRivers,player_rebounds,Matas Buzelis,Under,4.5,108,2025-12-15,2025-12-14T23:50:03Z,2025-12-14 15:50:05
BetRivers,player_rebounds,Rudy Gobert,Over,11.5,-103,2025-12-15,2025-12-14T23:49:25Z,2025-12-14 15:50:05
BetRivers,player_rebounds,Rudy Gobert,Under,11.5,-130,2025-12-15,2025-12-14T23:49:25Z,2025-12-14 15:50:05
BetRivers,player_rebounds,Maxime Raynaud,Over,7.5,114,2025-12-15,2025-12-14T23:49:25Z,2025-12-14 15:50:05
BetRivers,player_rebounds,Maxime Raynaud,Under,7.5,-150,2025-12-15,2025-12-14T23:49:25Z,2025-12-14 15:50:05
BetRivers,player_rebounds,Naz Reid,Over,6.5,-118,2025-12-15,2025-12-14T23:49:25Z,2025-12-14 15:50:05
BetRivers,player_rebounds,Naz Reid,Under,6.5,-113,2025-12-15,2025-12-14T23:49:25Z,2025-12-14 15:50:05
BetRivers,player_rebounds,Jaden McDaniels,Over,5.5,114,2025-12-15,2025-12-14T23:49:25Z,2025-12-14 15:50:05
BetRivers,player_rebounds,Jaden McDaniels,Under,5.5,-152,2025-12-15,2025-12-14T23:49:25Z,2025-12-14 15:50:05
BetRivers,player_rebounds,Julius Randle,Over,7.5,104,2025-12-15,2025-12-14T23:49:25Z,2025-12-14 15:50:05
BetRivers,player_rebounds,Julius Randle,Under,7.5,-137,2025-12-15,2025-12-14T23:49:25Z,2025-12-14 15:50:05
BetRivers,player_rebounds,Zach LaVine,Over,2.5,-182,2025-12-15,2025-12-14T23:49:25Z,2025-12-14 15:50:05
BetRivers,player_rebounds,Zach LaVine,Under,2.5,135,2025-12-15,2025-12-14T23:49:25Z,2025-12-14 15:50:05
BetRivers,player_rebounds,DeMar DeRozan,Over,3.5,-113,2025-12-15,2025-12-14T23:49:25Z,2025-12-14 15:50:05
BetRivers,player_rebounds,DeMar DeRozan,Under,3.5,-118,2025-12-15,2025-12-14T23:49:25Z,2025-12-14 15:50:05
BetRivers,player_rebounds,Russell Westbrook,Over,6.5,107,2025-12-15,2025-12-14T23:49:25Z,2025-12-14 15:50:05
BetRivers,player_rebounds,Russell Westbrook,Under,6.5,-141,2025-12-15,2025-12-14T23:49:25Z,2025-12-14 15:50:05
BetRivers,player_rebounds,Keegan Murray,Over,6.5,-122,2025-12-15,2025-12-14T23:49:25Z,2025-12-14 15:50:05
BetRivers,player_rebounds,Keegan Murray,Under,6.5,-109,2025-12-15,2025-12-14T23:49:25Z,2025-12-14 15:50:05
BetRivers,player_rebounds,Donte DiVincenzo,Over,4.5,-103,2025-12-15,2025-12-14T23:49:25Z,2025-12-14 15:50:05
BetRivers,player_rebounds,Donte DiVincenzo,Under,4.5,-130,2025-12-15,2025-12-14T23:49:25Z,2025-12-14 15:50:05
BetRivers,player_rebounds,Deandre Ayton,Over,9.5,-103,2025-12-15,2025-12-14T23:50:15Z,2025-12-14 15:50:05
BetRivers,player_rebounds,Deandre Ayton,Under,9.5,-130,2025-12-15,2025-12-14T23:50:15Z,2025-12-14 15:50:05
BetRivers,player_rebounds,Luka Doncic,Over,8.5,-129,2025-12-15,2025-12-14T23:50:15Z,2025-12-14 15:50:05
BetRivers,player_rebounds,Luka Doncic,Under,8.5,-104,2025-12-15,2025-12-14T23:50:15Z,2025-12-14 15:50:05
BetRivers,player_rebounds,Marcus Smart,Over,2.5,102,2025-12-15,2025-12-14T23:50:15Z,2025-12-14 15:50:05
BetRivers,player_rebounds,Marcus Smart,Under,2.5,-136,2025-12-15,2025-12-14T23:50:15Z,2025-12-14 15:50:05
BetRivers,player_rebounds,Rui Hachimura,Over,3.5,-134,2025-12-15,2025-12-14T23:50:15Z,2025-12-14 15:50:05
BetRivers,player_rebounds,Rui Hachimura,Under,3.5,100,2025-12-15,2025-12-14T23:50:15Z,2025-12-14 15:50:05
BetRivers,player_rebounds,Dillon Brooks,Over,3.5,104,2025-12-15,2025-12-14T23:50:15Z,2025-12-14 15:50:05
BetRivers,player_rebounds,Dillon Brooks,Under,3.5,-137,2025-12-15,2025-12-14T23:50:15Z,2025-12-14 15:50:05
BetRivers,player_rebounds,Grayson Allen,Over,3.5,116,2025-12-15,2025-12-14T23:50:15Z,2025-12-14 15:50:05
BetRivers,player_rebounds,Grayson Allen,Under,3.5,-155,2025-12-15,2025-12-14T23:50:15Z,2025-12-14 15:50:05
BetRivers,player_rebounds,Devin Booker,Over,3.5,100,2025-12-15,2025-12-14T23:50:15Z,2025-12-14 15:50:05
BetRivers,player_rebounds,Devin Booker,Under,3.5,-132,2025-12-15,2025-12-14T23:50:15Z,2025-12-14 15:50:05
BetRivers,player_rebounds,LeBron James,Over,6.5,108,2025-12-15,2025-12-14T23:50:15Z,2025-12-14 15:50:05
BetRivers,player_rebounds,LeBron James,Under,6.5,-143,2025-12-15,2025-12-14T23:50:15Z,2025-12-14 15:50:05
BetRivers,player_rebounds,Mark Williams,Over,8.5,-107,2025-12-15,2025-12-14T23:50:15Z,2025-12-14 15:50:05
BetRivers,player_rebounds,Mark Williams,Under,8.5,-124,2025-12-15,2025-12-14T23:50:15Z,2025-12-14 15:50:05
BetRivers,player_rebounds,Royce O'Neale,Over,4.5,-104,2025-12-15,2025-12-14T23:50:15Z,2025-12-14 15:50:05
BetRivers,player_rebounds,Royce O'Neale,Under,4.5,-129,2025-12-15,2025-12-14T23:50:15Z,2025-12-14 15:50:05
BetRivers,player_rebounds,Collin Gillespie,Over,3.5,-117,2025-12-15,2025-12-14T23:50:15Z,2025-12-14 15:50:05
BetRivers,player_rebounds,Collin Gillespie,Under,3.5,-114,2025-12-15,2025-12-14T23:50:15Z,2025-12-14 15:50:05
BetRivers,player_rebounds,Draymond Green,Over,6.5,-121,2025-12-15,2025-12-14T23:49:37Z,2025-12-14 15:50:05
BetRivers,player_rebounds,Draymond Green,Under,6.5,-110,2025-12-15,2025-12-14T23:49:37Z,2025-12-14 15:50:05
BetRivers,player_rebounds,Jerami Grant,Over,3.5,-125,2025-12-15,2025-12-14T23:49:37Z,2025-12-14 15:50:05
BetRivers,player_rebounds,Jerami Grant,Under,3.5,-106,2025-12-15,2025-12-14T23:49:37Z,2025-12-14 15:50:05
BetRivers,player_rebounds,Toumani Camara,Over,5.5,102,2025-12-15,2025-12-14T23:49:37Z,2025-12-14 15:50:05
BetRivers,player_rebounds,Toumani Camara,Under,5.5,-136,2025-12-15,2025-12-14T23:49:37Z,2025-12-14 15:50:05
BetRivers,player_rebounds,Shaedon Sharpe,Over,4.5,-113,2025-12-15,2025-12-14T23:49:37Z,2025-12-14 15:50:05
BetRivers,player_rebounds,Shaedon Sharpe,Under,4.5,-118,2025-12-15,2025-12-14T23:49:37Z,2025-12-14 15:50:05
BetRivers,player_rebounds,Brandin Podziemski,Over,3.5,-110,2025-12-15,2025-12-14T23:49:37Z,2025-12-14 15:50:05
BetRivers,player_rebounds,Brandin Podziemski,Under,3.5,-120,2025-12-15,2025-12-14T23:49:37Z,2025-12-14 15:50:05
BetRivers,player_rebounds,Quinten Post,Over,5.5,112,2025-12-15,2025-12-14T23:49:37Z,2025-12-14 15:50:05
BetRivers,player_rebounds,Quinten Post,Under,5.5,-150,2025-12-15,2025-12-14T23:49:37Z,2025-12-14 15:50:05
BetRivers,player_rebounds,Donovan Clingan,Over,10.5,106,2025-12-15,2025-12-14T23:49:37Z,2025-12-14 15:50:05
BetRivers,player_rebounds,Donovan Clingan,Under,10.5,-139,2025-12-15,2025-12-14T23:49:37Z,2025-12-14 15:50:05
BetRivers,player_rebounds,Buddy Hield,Over,2.5,-152,2025-12-15,2025-12-14T23:49:37Z,2025-12-14 15:50:05
BetRivers,player_rebounds,Buddy Hield,Under,2.5,114,2025-12-15,2025-12-14T23:49:37Z,2025-12-14 15:50:05
BetRivers,player_rebounds,Jimmy Butler,Over,6.5,-105,2025-12-15,2025-12-14T23:49:37Z,2025-12-14 15:50:05
BetRivers,player_rebounds,Jimmy Butler,Under,6.5,-127,2025-12-15,2025-12-14T23:49:37Z,2025-12-14 15:50:05
BetRivers,player_rebounds,Deni Avdija,Over,7.5,100,2025-12-15,2025-12-14T23:49:37Z,2025-12-14 15:50:05
BetRivers,player_rebounds,Deni Avdija,Under,7.5,-134,2025-12-15,2025-12-14T23:49:37Z,2025-12-14 15:50:05
BetRivers,player_rebounds,Stephen Curry,Over,4.5,125,2025-12-15,2025-12-14T23:49:37Z,2025-12-14 15:50:05
BetRivers,player_rebounds,Stephen Curry,Under,4.5,-167,2025-12-15,2025-12-14T23:49:37Z,2025-12-14 15:50:05
BetOnline.ag,player_rebounds,Trey Murphy III,Over,5.5,-119,2025-12-15,2025-12-14T23:49:53Z,2025-12-14 15:50:05
BetOnline.ag,player_rebounds,Trey Murphy III,Under,5.5,-109,2025-12-15,2025-12-14T23:49:53Z,2025-12-14 15:50:05
BetOnline.ag,player_rebounds,Josh Giddey,Over,8.5,113,2025-12-15,2025-12-14T23:49:53Z,2025-12-14 15:50:05
BetOnline.ag,player_rebounds,Josh Giddey,Under,8.5,-147,2025-12-15,2025-12-14T23:49:53Z,2025-12-14 15:50:05
BetOnline.ag,player_rebounds,Matas Buzelis,Over,4.5,-154,2025-12-15,2025-12-14T23:49:53Z,2025-12-14 15:50:05
BetOnline.ag,player_rebounds,Matas Buzelis,Under,4.5,118,2025-12-15,2025-12-14T23:49:53Z,2025-12-14 15:50:05
BetOnline.ag,player_rebounds,Tre Jones,Over,2.5,-114,2025-12-15,2025-12-14T23:49:53Z,2025-12-14 15:50:05
BetOnline.ag,player_rebounds,Tre Jones,Under,2.5,-114,2025-12-15,2025-12-14T23:49:53Z,2025-12-14 15:50:05
BetOnline.ag,player_rebounds,Jeremiah Fears,Over,3.5,118,2025-12-15,2025-12-14T23:49:53Z,2025-12-14 15:50:05
BetOnline.ag,player_rebounds,Jeremiah Fears,Under,3.5,-154,2025-12-15,2025-12-14T23:49:53Z,2025-12-14 15:50:05
BetOnline.ag,player_rebounds,Derik Queen,Over,7.5,107,2025-12-15,2025-12-14T23:49:53Z,2025-12-14 15:50:05
BetOnline.ag,player_rebounds,Derik Queen,Under,7.5,-139,2025-12-15,2025-12-14T23:49:53Z,2025-12-14 15:50:05
BetOnline.ag,player_rebounds,Isaac Okoro,Over,2.5,110,2025-12-15,2025-12-14T23:49:53Z,2025-12-14 15:50:05
BetOnline.ag,player_rebounds,Isaac Okoro,Under,2.5,-143,2025-12-15,2025-12-14T23:49:53Z,2025-12-14 15:50:05
BetOnline.ag,player_rebounds,Herb Jones,Over,3.5,-130,2025-12-15,2025-12-14T23:49:53Z,2025-12-14 15:50:05
BetOnline.ag,player_rebounds,Herb Jones,Under,3.5,100,2025-12-15,2025-12-14T23:49:53Z,2025-12-14 15:50:05
BetOnline.ag,player_rebounds,Patrick Williams,Over,3.5,128,2025-12-15,2025-12-14T23:49:53Z,2025-12-14 15:50:05
BetOnline.ag,player_rebounds,Patrick Williams,Under,3.5,-167,2025-12-15,2025-12-14T23:49:53Z,2025-12-14 15:50:05
BetOnline.ag,player_rebounds,Jalen Smith,Over,4.5,-122,2025-12-15,2025-12-14T23:49:53Z,2025-12-14 15:50:05
BetOnline.ag,player_rebounds,Jalen Smith,Under,4.5,-106,2025-12-15,2025-12-14T23:49:53Z,2025-12-14 15:50:05
BetOnline.ag,player_rebounds,Jordan Poole,Over,2.5,128,2025-12-15,2025-12-14T23:49:53Z,2025-12-14 15:50:05
BetOnline.ag,player_rebounds,Jordan Poole,Under,2.5,-167,2025-12-15,2025-12-14T23:49:53Z,2025-12-14 15:50:05
BetOnline.ag,player_rebounds,Nikola Vucevic,Over,7.5,-143,2025-12-15,2025-12-14T23:49:53Z,2025-12-14 15:50:05
BetOnline.ag,player_rebounds,Nikola Vucevic,Under,7.5,110,2025-12-15,2025-12-14T23:49:53Z,2025-12-14 15:50:05
BetOnline.ag,player_rebounds,Kevin Huerter,Over,2.5,115,2025-12-15,2025-12-14T23:49:53Z,2025-12-14 15:50:05
BetOnline.ag,player_rebounds,Kevin Huerter,Under,2.5,-149,2025-12-15,2025-12-14T23:49:53Z,2025-12-14 15:50:05
BetOnline.ag,player_rebounds,Coby White,Over,3.5,136,2025-12-15,2025-12-14T23:49:53Z,2025-12-14 15:50:05
BetOnline.ag,player_rebounds,Coby White,Under,3.5,-179,2025-12-15,2025-12-14T23:49:53Z,2025-12-14 15:50:05
BetOnline.ag,player_rebounds,Naz Reid,Over,6.5,-116,2025-12-15,2025-12-14T23:49:52Z,2025-12-14 15:50:05
BetOnline.ag,player_rebounds,Naz Reid,Under,6.5,-111,2025-12-15,2025-12-14T23:49:52Z,2025-12-14 15:50:05
BetOnline.ag,player_rebounds,Keegan Murray,Over,6.5,-106,2025-12-15,2025-12-14T23:49:52Z,2025-12-14 15:50:05
BetOnline.ag,player_rebounds,Keegan Murray,Under,6.5,-122,2025-12-15,2025-12-14T23:49:52Z,2025-12-14 15:50:05
BetOnline.ag,player_rebounds,DeMar DeRozan,Over,3.5,106,2025-12-15,2025-12-14T23:49:52Z,2025-12-14 15:50:05
BetOnline.ag,player_rebounds,DeMar DeRozan,Under,3.5,-137,2025-12-15,2025-12-14T23:49:52Z,2025-12-14 15:50:05
BetOnline.ag,player_rebounds,Russell Westbrook,Over,6.5,103,2025-12-15,2025-12-14T23:49:52Z,2025-12-14 15:50:05
BetOnline.ag,player_rebounds,Russell Westbrook,Under,6.5,-133,2025-12-15,2025-12-14T23:49:52Z,2025-12-14 15:50:05
BetOnline.ag,player_rebounds,Maxime Raynaud,Over,6.5,-133,2025-12-15,2025-12-14T23:49:52Z,2025-12-14 15:50:05
BetOnline.ag,player_rebounds,Maxime Raynaud,Under,6.5,103,2025-12-15,2025-12-14T23:49:52Z,2025-12-14 15:50:05
BetOnline.ag,player_rebounds,Zach LaVine,Over,3.5,132,2025-12-15,2025-12-14T23:49:52Z,2025-12-14 15:50:05
BetOnline.ag,player_rebounds,Zach LaVine,Under,3.5,-172,2025-12-15,2025-12-14T23:49:52Z,2025-12-14 15:50:05
BetOnline.ag,player_rebounds,Donte DiVincenzo,Over,4.5,118,2025-12-15,2025-12-14T23:49:52Z,2025-12-14 15:50:05
BetOnline.ag,player_rebounds,Donte DiVincenzo,Under,4.5,-154,2025-12-15,2025-12-14T23:49:52Z,2025-12-14 15:50:05
BetOnline.ag,player_rebounds,Rudy Gobert,Over,11.5,107,2025-12-15,2025-12-14T23:49:52Z,2025-12-14 15:50:05
BetOnline.ag,player_rebounds,Rudy Gobert,Under,11.5,-139,2025-12-15,2025-12-14T23:49:52Z,2025-12-14 15:50:05
BetOnline.ag,player_rebounds,Julius Randle,Over,7.5,-101,2025-12-15,2025-12-14T23:49:52Z,2025-12-14 15:50:05
BetOnline.ag,player_rebounds,Julius Randle,Under,7.5,-128,2025-12-15,2025-12-14T23:49:52Z,2025-12-14 15:50:05
BetOnline.ag,player_rebounds,Jaden McDaniels,Over,5.5,117,2025-12-15,2025-12-14T23:49:52Z,2025-12-14 15:50:05
BetOnline.ag,player_rebounds,Jaden McDaniels,Under,5.5,-152,2025-12-15,2025-12-14T23:49:52Z,2025-12-14 15:50:05
BetOnline.ag,player_rebounds,Malik Monk,Over,2.5,107,2025-12-15,2025-12-14T23:49:52Z,2025-12-14 15:50:05
BetOnline.ag,player_rebounds,Malik Monk,Under,2.5,-139,2025-12-15,2025-12-14T23:49:52Z,2025-12-14 15:50:05
BetOnline.ag,player_rebounds,Devin Booker,Over,3.5,-106,2025-12-15,2025-12-14T23:49:19Z,2025-12-14 15:50:05
BetOnline.ag,player_rebounds,Devin Booker,Under,3.5,-122,2025-12-15,2025-12-14T23:49:19Z,2025-12-14 15:50:05
BetOnline.ag,player_rebounds,Grayson Allen,Over,3.5,112,2025-12-15,2025-12-14T23:49:19Z,2025-12-14 15:50:05
BetOnline.ag,player_rebounds,Grayson Allen,Under,3.5,-145,2025-12-15,2025-12-14T23:49:19Z,2025-12-14 15:50:05
BetOnline.ag,player_rebounds,LeBron James,Over,6.5,106,2025-12-15,2025-12-14T23:49:19Z,2025-12-14 15:50:05
BetOnline.ag,player_rebounds,LeBron James,Under,6.5,-137,2025-12-15,2025-12-14T23:49:19Z,2025-12-14 15:50:05
BetOnline.ag,player_rebounds,Rui Hachimura,Over,3.5,-118,2025-12-15,2025-12-14T23:49:19Z,2025-12-14 15:50:05
BetOnline.ag,player_rebounds,Rui Hachimura,Under,3.5,-110,2025-12-15,2025-12-14T23:49:19Z,2025-12-14 15:50:05
BetOnline.ag,player_rebounds,Royce O'Neale,Over,4.5,-111,2025-12-15,2025-12-14T23:49:19Z,2025-12-14 15:50:05
BetOnline.ag,player_rebounds,Royce O'Neale,Under,4.5,-116,2025-12-15,2025-12-14T23:49:19Z,2025-12-14 15:50:05
BetOnline.ag,player_rebounds,Mark Williams,Over,8.5,-108,2025-12-15,2025-12-14T23:49:19Z,2025-12-14 15:50:05
BetOnline.ag,player_rebounds,Mark Williams,Under,8.5,-120,2025-12-15,2025-12-14T23:49:19Z,2025-12-14 15:50:05
BetOnline.ag,player_rebounds,Dillon Brooks,Over,3.5,-103,2025-12-15,2025-12-14T23:49:19Z,2025-12-14 15:50:05
BetOnline.ag,player_rebounds,Dillon Brooks,Under,3.5,-125,2025-12-15,2025-12-14T23:49:19Z,2025-12-14 15:50:05
BetOnline.ag,player_rebounds,Deandre Ayton,Over,9.5,106,2025-12-15,2025-12-14T23:49:19Z,2025-12-14 15:50:05
BetOnline.ag,player_rebounds,Deandre Ayton,Under,9.5,-137,2025-12-15,2025-12-14T23:49:19Z,2025-12-14 15:50:05
BetOnline.ag,player_rebounds,Luka Doncic,Over,8.5,-125,2025-12-15,2025-12-14T23:49:19Z,2025-12-14 15:50:05
BetOnline.ag,player_rebounds,Luka Doncic,Under,8.5,-103,2025-12-15,2025-12-14T23:49:19Z,2025-12-14 15:50:05
BetOnline.ag,player_rebounds,Jake LaRavia,Over,2.5,-128,2025-12-15,2025-12-14T23:49:19Z,2025-12-14 15:50:05
BetOnline.ag,player_rebounds,Jake LaRavia,Under,2.5,-101,2025-12-15,2025-12-14T23:49:19Z,2025-12-14 15:50:05
BetOnline.ag,player_rebounds,Marcus Smart,Over,2.5,-110,2025-12-15,2025-12-14T23:49:19Z,2025-12-14 15:50:05
BetOnline.ag,player_rebounds,Marcus Smart,Under,2.5,-118,2025-12-15,2025-12-14T23:49:19Z,2025-12-14 15:50:05
BetOnline.ag,player_rebounds,Collin Gillespie,Over,3.5,100,2025-12-15,2025-12-14T23:49:19Z,2025-12-14 15:50:05
BetOnline.ag,player_rebounds,Collin Gillespie,Under,3.5,-130,2025-12-15,2025-12-14T23:49:19Z,2025-12-14 15:50:05
BetOnline.ag,player_rebounds,Stephen Curry,Over,4.5,115,2025-12-15,2025-12-14T23:49:49Z,2025-12-14 15:50:05
BetOnline.ag,player_rebounds,Stephen Curry,Under,4.5,-149,2025-12-15,2025-12-14T23:49:49Z,2025-12-14 15:50:05
BetOnline.ag,player_rebounds,Draymond Green,Over,6.5,-114,2025-12-15,2025-12-14T23:49:49Z,2025-12-14 15:50:05
BetOnline.ag,player_rebounds,Draymond Green,Under,6.5,-114,2025-12-15,2025-12-14T23:49:49Z,2025-12-14 15:50:05
BetOnline.ag,player_rebounds,Jimmy Butler,Over,6.5,100,2025-12-15,2025-12-14T23:49:49Z,2025-12-14 15:50:05
BetOnline.ag,player_rebounds,Jimmy Butler,Under,6.5,-130,2025-12-15,2025-12-14T23:49:49Z,2025-12-14 15:50:05
BetOnline.ag,player_rebounds,Shaedon Sharpe,Over,4.5,-110,2025-12-15,2025-12-14T23:49:49Z,2025-12-14 15:50:05
BetOnline.ag,player_rebounds,Shaedon Sharpe,Under,4.5,-118,2025-12-15,2025-12-14T23:49:49Z,2025-12-14 15:50:05
BetOnline.ag,player_rebounds,Toumani Camara,Over,5.5,113,2025-12-15,2025-12-14T23:49:49Z,2025-12-14 15:50:05
BetOnline.ag,player_rebounds,Toumani Camara,Under,5.5,-147,2025-12-15,2025-12-14T23:49:49Z,2025-12-14 15:50:05
BetOnline.ag,player_rebounds,Jerami Grant,Over,3.5,-135,2025-12-15,2025-12-14T23:49:49Z,2025-12-14 15:50:05
BetOnline.ag,player_rebounds,Jerami Grant,Under,3.5,105,2025-12-15,2025-12-14T23:49:49Z,2025-12-14 15:50:05
BetOnline.ag,player_rebounds,Buddy Hield,Over,2.5,-135,2025-12-15,2025-12-14T23:49:49Z,2025-12-14 15:50:05
BetOnline.ag,player_rebounds,Buddy Hield,Under,2.5,105,2025-12-15,2025-12-14T23:49:49Z,2025-12-14 15:50:05
BetOnline.ag,player_rebounds,Moses Moody,Over,2.5,-119,2025-12-15,2025-12-14T23:49:49Z,2025-12-14 15:50:05
BetOnline.ag,player_rebounds,Moses Moody,Under,2.5,-109,2025-12-15,2025-12-14T23:49:49Z,2025-12-14 15:50:05
BetOnline.ag,player_rebounds,Quinten Post,Over,5.5,118,2025-12-15,2025-12-14T23:49:49Z,2025-12-14 15:50:05
BetOnline.ag,player_rebounds,Quinten Post,Under,5.5,-154,2025-12-15,2025-12-14T23:49:49Z,2025-12-14 15:50:05
BetOnline.ag,player_rebounds,Kris Murray,Over,3.5,-127,2025-12-15,2025-12-14T23:49:49Z,2025-12-14 15:50:05
BetOnline.ag,player_rebounds,Kris Murray,Under,3.5,-102,2025-12-15,2025-12-14T23:49:49Z,2025-12-14 15:50:05
BetOnline.ag,player_rebounds,Brandin Podziemski,Over,3.5,-103,2025-12-15,2025-12-14T23:49:49Z,2025-12-14 15:50:05
BetOnline.ag,player_rebounds,Brandin Podziemski,Under,3.5,-125,2025-12-15,2025-12-14T23:49:49Z,2025-12-14 15:50:05
BetOnline.ag,player_rebounds,Deni Avdija,Over,7.5,-102,2025-12-15,2025-12-14T23:49:49Z,2025-12-14 15:50:05
BetOnline.ag,player_rebounds,Deni Avdija,Under,7.5,-127,2025-12-15,2025-12-14T23:49:49Z,2025-12-14 15:50:05
BetOnline.ag,player_rebounds,Donovan Clingan,Over,9.5,-135,2025-12-15,2025-12-14T23:49:49Z,2025-12-14 15:50:05
BetOnline.ag,player_rebounds,Donovan Clingan,Under,9.5,104,2025-12-15,2025-12-14T23:49:49Z,2025-12-14 15:50:05
BetMGM,player_rebounds,Herb Jones,Over,3.5,-115,2025-12-15,2025-12-14T23:49:22Z,2025-12-14 15:50:05
BetMGM,player_rebounds,Herb Jones,Under,3.5,-115,2025-12-15,2025-12-14T23:49:22Z,2025-12-14 15:50:05
BetMGM,player_rebounds,Trey Murphy III,Over,5.5,-105,2025-12-15,2025-12-14T23:49:22Z,2025-12-14 15:50:05
BetMGM,player_rebounds,Trey Murphy III,Under,5.5,-125,2025-12-15,2025-12-14T23:49:22Z,2025-12-14 15:50:05
BetMGM,player_rebounds,Jalen Smith,Over,4.5,-130,2025-12-15,2025-12-14T23:49:22Z,2025-12-14 15:50:05
BetMGM,player_rebounds,Jalen Smith,Under,4.5,-105,2025-12-15,2025-12-14T23:49:22Z,2025-12-14 15:50:05
BetMGM,player_rebounds,Saddiq Bey,Over,5.5,-135,2025-12-15,2025-12-14T23:49:22Z,2025-12-14 15:50:05
BetMGM,player_rebounds,Saddiq Bey,Under,5.5,100,2025-12-15,2025-12-14T23:49:22Z,2025-12-14 15:50:05
BetMGM,player_rebounds,Jordan Poole,Over,1.5,-160,2025-12-15,2025-12-14T23:49:22Z,2025-12-14 15:50:05
BetMGM,player_rebounds,Jordan Poole,Under,1.5,120,2025-12-15,2025-12-14T23:49:22Z,2025-12-14 15:50:05
BetMGM,player_rebounds,Coby White,Over,2.5,-145,2025-12-15,2025-12-14T23:49:22Z,2025-12-14 15:50:05
BetMGM,player_rebounds,Coby White,Under,2.5,110,2025-12-15,2025-12-14T23:49:22Z,2025-12-14 15:50:05
BetMGM,player_rebounds,Jose Alvarado,Over,2.5,-140,2025-12-15,2025-12-14T23:49:22Z,2025-12-14 15:50:05
BetMGM,player_rebounds,Jose Alvarado,Under,2.5,105,2025-12-15,2025-12-14T23:49:22Z,2025-12-14 15:50:05
BetMGM,player_rebounds,Tre Jones,Over,2.5,-105,2025-12-15,2025-12-14T23:49:22Z,2025-12-14 15:50:05
BetMGM,player_rebounds,Tre Jones,Under,2.5,-125,2025-12-15,2025-12-14T23:49:22Z,2025-12-14 15:50:05
BetMGM,player_rebounds,Matas Buzelis,Over,4.5,-135,2025-12-15,2025-12-14T23:49:22Z,2025-12-14 15:50:05
BetMGM,player_rebounds,Matas Buzelis,Under,4.5,100,2025-12-15,2025-12-14T23:49:22Z,2025-12-14 15:50:05
BetMGM,player_rebounds,Isaac Okoro,Over,2.5,115,2025-12-15,2025-12-14T23:49:22Z,2025-12-14 15:50:05
BetMGM,player_rebounds,Isaac Okoro,Under,2.5,-155,2025-12-15,2025-12-14T23:49:22Z,2025-12-14 15:50:05
BetMGM,player_rebounds,Patrick Williams,Over,2.5,-145,2025-12-15,2025-12-14T23:49:22Z,2025-12-14 15:50:05
BetMGM,player_rebounds,Patrick Williams,Under,2.5,110,2025-12-15,2025-12-14T23:49:22Z,2025-12-14 15:50:05
BetMGM,player_rebounds,Zach Collins,Over,4.5,-135,2025-12-15,2025-12-14T23:49:22Z,2025-12-14 15:50:05
BetMGM,player_rebounds,Zach Collins,Under,4.5,100,2025-12-15,2025-12-14T23:49:22Z,2025-12-14 15:50:05
BetMGM,player_rebounds,Josh Giddey,Over,7.5,-140,2025-12-15,2025-12-14T23:49:22Z,2025-12-14 15:50:05
BetMGM,player_rebounds,Josh Giddey,Under,7.5,105,2025-12-15,2025-12-14T23:49:22Z,2025-12-14 15:50:05
BetMGM,player_rebounds,Nikola Vucevic,Over,7.5,-145,2025-12-15,2025-12-14T23:49:22Z,2025-12-14 15:50:05
BetMGM,player_rebounds,Nikola Vucevic,Under,7.5,110,2025-12-15,2025-12-14T23:49:22Z,2025-12-14 15:50:05
BetMGM,player_rebounds,Jeremiah Fears,Over,2.5,-155,2025-12-15,2025-12-14T23:49:22Z,2025-12-14 15:50:05
BetMGM,player_rebounds,Jeremiah Fears,Under,2.5,120,2025-12-15,2025-12-14T23:49:22Z,2025-12-14 15:50:05
BetMGM,player_rebounds,Derik Queen,Over,6.5,-145,2025-12-15,2025-12-14T23:49:22Z,2025-12-14 15:50:05
BetMGM,player_rebounds,Derik Queen,Under,6.5,105,2025-12-15,2025-12-14T23:49:22Z,2025-12-14 15:50:05
BetMGM,player_rebounds,Kevin Huerter,Over,1.5,-185,2025-12-15,2025-12-14T23:49:22Z,2025-12-14 15:50:05
BetMGM,player_rebounds,Kevin Huerter,Under,1.5,135,2025-12-15,2025-12-14T23:49:22Z,2025-12-14 15:50:05
BetMGM,player_rebounds,Zion Williamson,Over,4.5,-110,2025-12-15,2025-12-14T23:49:22Z,2025-12-14 15:50:05
BetMGM,player_rebounds,Zion Williamson,Under,4.5,-120,2025-12-15,2025-12-14T23:49:22Z,2025-12-14 15:50:05
BetMGM,player_rebounds,Naz Reid,Over,6.5,-115,2025-12-15,2025-12-14T23:49:31Z,2025-12-14 15:50:05
BetMGM,player_rebounds,Naz Reid,Under,6.5,-115,2025-12-15,2025-12-14T23:49:31Z,2025-12-14 15:50:05
BetMGM,player_rebounds,Donte DiVincenzo,Over,4.5,105,2025-12-15,2025-12-14T23:49:31Z,2025-12-14 15:50:05
BetMGM,player_rebounds,Donte DiVincenzo,Under,4.5,-140,2025-12-15,2025-12-14T23:49:31Z,2025-12-14 15:50:05
BetMGM,player_rebounds,DeMar DeRozan,Over,3.5,100,2025-12-15,2025-12-14T23:49:31Z,2025-12-14 15:50:05
BetMGM,player_rebounds,DeMar DeRozan,Under,3.5,-130,2025-12-15,2025-12-14T23:49:31Z,2025-12-14 15:50:05
BetMGM,player_rebounds,Maxime Raynaud,Over,7.5,105,2025-12-15,2025-12-14T23:49:31Z,2025-12-14 15:50:05
BetMGM,player_rebounds,Maxime Raynaud,Under,7.5,-140,2025-12-15,2025-12-14T23:49:31Z,2025-12-14 15:50:05
BetMGM,player_rebounds,Zach LaVine,Over,3.5,110,2025-12-15,2025-12-14T23:49:31Z,2025-12-14 15:50:05
BetMGM,player_rebounds,Zach LaVine,Under,3.5,-145,2025-12-15,2025-12-14T23:49:31Z,2025-12-14 15:50:05
BetMGM,player_rebounds,Keegan Murray,Over,6.5,-110,2025-12-15,2025-12-14T23:49:31Z,2025-12-14 15:50:05
BetMGM,player_rebounds,Keegan Murray,Under,6.5,-120,2025-12-15,2025-12-14T23:49:31Z,2025-12-14 15:50:05
BetMGM,player_rebounds,Julius Randle,Over,7.5,-115,2025-12-15,2025-12-14T23:49:31Z,2025-12-14 15:50:05
BetMGM,player_rebounds,Julius Randle,Under,7.5,-115,2025-12-15,2025-12-14T23:49:31Z,2025-12-14 15:50:05
BetMGM,player_rebounds,Malik Monk,Over,2.5,-118,2025-12-15,2025-12-14T23:49:31Z,2025-12-14 15:50:05
BetMGM,player_rebounds,Malik Monk,Under,2.5,-110,2025-12-15,2025-12-14T23:49:31Z,2025-12-14 15:50:05
BetMGM,player_rebounds,Rudy Gobert,Over,11.5,-105,2025-12-15,2025-12-14T23:49:31Z,2025-12-14 15:50:05
BetMGM,player_rebounds,Rudy Gobert,Under,11.5,-130,2025-12-15,2025-12-14T23:49:31Z,2025-12-14 15:50:05
BetMGM,player_rebounds,Russell Westbrook,Over,6.5,100,2025-12-15,2025-12-14T23:49:31Z,2025-12-14 15:50:05
BetMGM,player_rebounds,Russell Westbrook,Under,6.5,-130,2025-12-15,2025-12-14T23:49:31Z,2025-12-14 15:50:05
BetMGM,player_rebounds,Jaden McDaniels,Over,5.5,120,2025-12-15,2025-12-14T23:49:31Z,2025-12-14 15:50:05
BetMGM,player_rebounds,Jaden McDaniels,Under,5.5,-155,2025-12-15,2025-12-14T23:49:31Z,2025-12-14 15:50:05
BetMGM,player_rebounds,Dennis Schroder,Over,2.5,-130,2025-12-15,2025-12-14T23:49:31Z,2025-12-14 15:50:05
BetMGM,player_rebounds,Dennis Schroder,Under,2.5,-105,2025-12-15,2025-12-14T23:49:31Z,2025-12-14 15:50:05
BetMGM,player_rebounds,Bones Hyland,Over,2.5,-118,2025-12-15,2025-12-14T23:49:31Z,2025-12-14 15:50:05
BetMGM,player_rebounds,Bones Hyland,Under,2.5,-110,2025-12-15,2025-12-14T23:49:31Z,2025-12-14 15:50:05
BetMGM,player_rebounds,Terrence Shannon Jr.,Over,2.5,-160,2025-12-15,2025-12-14T23:49:31Z,2025-12-14 15:50:05
BetMGM,player_rebounds,Terrence Shannon Jr.,Under,2.5,120,2025-12-15,2025-12-14T23:49:31Z,2025-12-14 15:50:05
BetMGM,player_rebounds,Jaylen Clark,Over,2.5,-105,2025-12-15,2025-12-14T23:49:31Z,2025-12-14 15:50:05
BetMGM,player_rebounds,Jaylen Clark,Under,2.5,-125,2025-12-15,2025-12-14T23:49:31Z,2025-12-14 15:50:05
BetMGM,player_rebounds,Rui Hachimura,Over,3.5,-150,2025-12-15,2025-12-14T23:50:08Z,2025-12-14 15:50:05
BetMGM,player_rebounds,Rui Hachimura,Under,3.5,110,2025-12-15,2025-12-14T23:50:08Z,2025-12-14 15:50:05
BetMGM,player_rebounds,Luka Doncic,Over,8.5,-135,2025-12-15,2025-12-14T23:50:08Z,2025-12-14 15:50:05
BetMGM,player_rebounds,Luka Doncic,Under,8.5,100,2025-12-15,2025-12-14T23:50:08Z,2025-12-14 15:50:05
BetMGM,player_rebounds,Royce O'Neale,Over,4.5,-105,2025-12-15,2025-12-14T23:50:08Z,2025-12-14 15:50:05
BetMGM,player_rebounds,Royce O'Neale,Under,4.5,-125,2025-12-15,2025-12-14T23:50:08Z,2025-12-14 15:50:05
BetMGM,player_rebounds,Mark Williams,Over,8.5,-105,2025-12-15,2025-12-14T23:50:08Z,2025-12-14 15:50:05
BetMGM,player_rebounds,Mark Williams,Under,8.5,-125,2025-12-15,2025-12-14T23:50:08Z,2025-12-14 15:50:05
BetMGM,player_rebounds,Deandre Ayton,Over,9.5,-105,2025-12-15,2025-12-14T23:50:08Z,2025-12-14 15:50:05
BetMGM,player_rebounds,Deandre Ayton,Under,9.5,-130,2025-12-15,2025-12-14T23:50:08Z,2025-12-14 15:50:05
BetMGM,player_rebounds,Grayson Allen,Over,2.5,-165,2025-12-15,2025-12-14T23:50:08Z,2025-12-14 15:50:05
BetMGM,player_rebounds,Grayson Allen,Under,2.5,125,2025-12-15,2025-12-14T23:50:08Z,2025-12-14 15:50:05
BetMGM,player_rebounds,LeBron James,Over,6.5,-110,2025-12-15,2025-12-14T23:50:08Z,2025-12-14 15:50:05
BetMGM,player_rebounds,LeBron James,Under,6.5,-120,2025-12-15,2025-12-14T23:50:08Z,2025-12-14 15:50:05
BetMGM,player_rebounds,Devin Booker,Over,3.5,110,2025-12-15,2025-12-14T23:50:08Z,2025-12-14 15:50:05
BetMGM,player_rebounds,Devin Booker,Under,3.5,-150,2025-12-15,2025-12-14T23:50:08Z,2025-12-14 15:50:05
BetMGM,player_rebounds,Jake LaRavia,Over,3.5,150,2025-12-15,2025-12-14T23:50:08Z,2025-12-14 15:50:05
BetMGM,player_rebounds,Jake LaRavia,Under,3.5,-200,2025-12-15,2025-12-14T23:50:08Z,2025-12-14 15:50:05
BetMGM,player_rebounds,Dillon Brooks,Over,2.5,-160,2025-12-15,2025-12-14T23:50:08Z,2025-12-14 15:50:05
BetMGM,player_rebounds,Dillon Brooks,Under,2.5,120,2025-12-15,2025-12-14T23:50:08Z,2025-12-14 15:50:05
BetMGM,player_rebounds,Marcus Smart,Over,2.5,-120,2025-12-15,2025-12-14T23:50:08Z,2025-12-14 15:50:05
BetMGM,player_rebounds,Marcus Smart,Under,2.5,-110,2025-12-15,2025-12-14T23:50:08Z,2025-12-14 15:50:05
BetMGM,player_rebounds,Collin Gillespie,Over,3.5,-118,2025-12-15,2025-12-14T23:50:08Z,2025-12-14 15:50:05
BetMGM,player_rebounds,Collin Gillespie,Under,3.5,-110,2025-12-15,2025-12-14T23:50:08Z,2025-12-14 15:50:05
BetMGM,player_rebounds,Brandin Podziemski,Over,3.5,105,2025-12-15,2025-12-14T23:49:43Z,2025-12-14 15:50:05
BetMGM,player_rebounds,Brandin Podziemski,Under,3.5,-145,2025-12-15,2025-12-14T23:49:43Z,2025-12-14 15:50:05
BetMGM,player_rebounds,Moses Moody,Over,2.5,-120,2025-12-15,2025-12-14T23:49:43Z,2025-12-14 15:50:05
BetMGM,player_rebounds,Moses Moody,Under,2.5,-110,2025-12-15,2025-12-14T23:49:43Z,2025-12-14 15:50:05
BetMGM,player_rebounds,Draymond Green,Over,6.5,-120,2025-12-15,2025-12-14T23:49:43Z,2025-12-14 15:50:05
BetMGM,player_rebounds,Draymond Green,Under,6.5,-110,2025-12-15,2025-12-14T23:49:43Z,2025-12-14 15:50:05
BetMGM,player_rebounds,Jimmy Butler,Over,6.5,105,2025-12-15,2025-12-14T23:49:43Z,2025-12-14 15:50:05
BetMGM,player_rebounds,Jimmy Butler,Under,6.5,-140,2025-12-15,2025-12-14T23:49:43Z,2025-12-14 15:50:05
BetMGM,player_rebounds,Stephen Curry,Over,4.5,110,2025-12-15,2025-12-14T23:49:43Z,2025-12-14 15:50:05
BetMGM,player_rebounds,Stephen Curry,Under,4.5,-150,2025-12-15,2025-12-14T23:49:43Z,2025-12-14 15:50:05
BetMGM,player_rebounds,Buddy Hield,Over,2.5,-135,2025-12-15,2025-12-14T23:49:43Z,2025-12-14 15:50:05
BetMGM,player_rebounds,Buddy Hield,Under,2.5,100,2025-12-15,2025-12-14T23:49:43Z,2025-12-14 15:50:05
BetMGM,player_rebounds,Donovan Clingan,Over,10.5,100,2025-12-15,2025-12-14T23:49:43Z,2025-12-14 15:50:05
BetMGM,player_rebounds,Donovan Clingan,Under,10.5,-135,2025-12-15,2025-12-14T23:49:43Z,2025-12-14 15:50:05
BetMGM,player_rebounds,Quinten Post,Over,5.5,110,2025-12-15,2025-12-14T23:49:43Z,2025-12-14 15:50:05
BetMGM,player_rebounds,Quinten Post,Under,5.5,-145,2025-12-15,2025-12-14T23:49:43Z,2025-12-14 15:50:05
BetMGM,player_rebounds,Shaedon Sharpe,Over,4.5,-118,2025-12-15,2025-12-14T23:49:43Z,2025-12-14 15:50:05
BetMGM,player_rebounds,Shaedon Sharpe,Under,4.5,-115,2025-12-15,2025-12-14T23:49:43Z,2025-12-14 15:50:05
BetMGM,player_rebounds,Toumani Camara,Over,5.5,100,2025-12-15,2025-12-14T23:49:43Z,2025-12-14 15:50:05
BetMGM,player_rebounds,Toumani Camara,Under,5.5,-135,2025-12-15,2025-12-14T23:49:43Z,2025-12-14 15:50:05
BetMGM,player_rebounds,Jerami Grant,Over,3.5,-150,2025-12-15,2025-12-14T23:49:43Z,2025-12-14 15:50:05
BetMGM,player_rebounds,Jerami Grant,Under,3.5,115,2025-12-15,2025-12-14T23:49:43Z,2025-12-14 15:50:05
BetMGM,player_rebounds,Deni Avdija,Over,7.5,-105,2025-12-15,2025-12-14T23:49:43Z,2025-12-14 15:50:05
BetMGM,player_rebounds,Deni Avdija,Under,7.5,-125,2025-12-15,2025-12-14T23:49:43Z,2025-12-14 15:50:05
BetMGM,player_rebounds,Kris Murray,Over,3.5,-135,2025-12-15,2025-12-14T23:49:43Z,2025-12-14 15:50:05
BetMGM,player_rebounds,Kris Murray,Under,3.5,100,2025-12-15,2025-12-14T23:49:43Z,2025-12-14 15:50:05
FanDuel,player_assists,Joel Embiid,Over,2.5,112,2025-12-14,2025-12-14T23:50:02Z,2025-12-14 15:50:05
FanDuel,player_assists,Joel Embiid,Under,2.5,-148,2025-12-14,2025-12-14T23:50:02Z,2025-12-14 15:50:05
FanDuel,player_assists,Dyson Daniels,Over,5.5,-132,2025-12-14,2025-12-14T23:50:02Z,2025-12-14 15:50:05
FanDuel,player_assists,Dyson Daniels,Under,5.5,100,2025-12-14,2025-12-14T23:50:02Z,2025-12-14 15:50:05
FanDuel,player_assists,Jared McCain,Over,2.5,-210,2025-12-14,2025-12-14T23:50:02Z,2025-12-14 15:50:05
FanDuel,player_assists,Jared McCain,Under,2.5,154,2025-12-14,2025-12-14T23:50:02Z,2025-12-14 15:50:05
FanDuel,player_assists,Nickeil Alexander-Walker,Over,4.5,132,2025-12-14,2025-12-14T23:50:02Z,2025-12-14 15:50:05
FanDuel,player_assists,Nickeil Alexander-Walker,Under,4.5,-178,2025-12-14,2025-12-14T23:50:02Z,2025-12-14 15:50:05
FanDuel,player_assists,VJ Edgecombe,Over,2.5,-138,2025-12-14,2025-12-14T23:50:02Z,2025-12-14 15:50:05
FanDuel,player_assists,VJ Edgecombe,Under,2.5,104,2025-12-14,2025-12-14T23:50:02Z,2025-12-14 15:50:05
FanDuel,player_assists,Quentin Grimes,Over,6.5,136,2025-12-14,2025-12-14T23:50:02Z,2025-12-14 15:50:05
FanDuel,player_assists,Quentin Grimes,Under,6.5,-182,2025-12-14,2025-12-14T23:50:02Z,2025-12-14 15:50:05
FanDuel,player_assists,Jalen Johnson,Over,7.5,-136,2025-12-14,2025-12-14T23:50:02Z,2025-12-14 15:50:05
FanDuel,player_assists,Jalen Johnson,Under,7.5,102,2025-12-14,2025-12-14T23:50:02Z,2025-12-14 15:50:05
FanDuel,player_assists,Paul George,Over,3.5,-114,2025-12-14,2025-12-14T23:50:02Z,2025-12-14 15:50:05
FanDuel,player_assists,Paul George,Under,3.5,-114,2025-12-14,2025-12-14T23:50:02Z,2025-12-14 15:50:05
FanDuel,player_assists,Danny Wolf,Over,1.5,134,2025-12-14,2025-12-14T23:49:22Z,2025-12-14 15:50:05
FanDuel,player_assists,Danny Wolf,Under,1.5,-180,2025-12-14,2025-12-14T23:49:22Z,2025-12-14 15:50:05
FanDuel,player_assists,Ryan Rollins,Over,6.5,-125,2025-12-14,2025-12-14T23:49:22Z,2025-12-14 15:50:05
FanDuel,player_assists,Ryan Rollins,Under,6.5,-106,2025-12-14,2025-12-14T23:49:22Z,2025-12-14 15:50:05
FanDuel,player_assists,Nicolas Claxton,Over,4.5,-136,2025-12-14,2025-12-14T23:49:22Z,2025-12-14 15:50:05
FanDuel,player_assists,Nicolas Claxton,Under,4.5,102,2025-12-14,2025-12-14T23:49:22Z,2025-12-14 15:50:05
FanDuel,player_assists,Egor Demin,Over,2.5,148,2025-12-14,2025-12-14T23:49:22Z,2025-12-14 15:50:05
FanDuel,player_assists,Egor Demin,Under,2.5,-200,2025-12-14,2025-12-14T23:49:22Z,2025-12-14 15:50:05
FanDuel,player_assists,Michael Porter Jr,Over,4.5,-180,2025-12-14,2025-12-14T23:49:22Z,2025-12-14 15:50:05
FanDuel,player_assists,Michael Porter Jr,Under,4.5,134,2025-12-14,2025-12-14T23:49:22Z,2025-12-14 15:50:05
FanDuel,player_assists,Terance Mann,Over,2.5,100,2025-12-14,2025-12-14T23:49:22Z,2025-12-14 15:50:05
FanDuel,player_assists,Terance Mann,Under,2.5,-132,2025-12-14,2025-12-14T23:49:22Z,2025-12-14 15:50:05
FanDuel,player_assists,Kevin Porter Jr.,Over,8.5,-122,2025-12-14,2025-12-14T23:49:22Z,2025-12-14 15:50:05
FanDuel,player_assists,Kevin Porter Jr.,Under,8.5,-108,2025-12-14,2025-12-14T23:49:22Z,2025-12-14 15:50:05
FanDuel,player_assists,Matas Buzelis,Over,1.5,-120,2025-12-15,2025-12-14T23:49:25Z,2025-12-14 15:50:05
FanDuel,player_assists,Matas Buzelis,Under,1.5,-106,2025-12-15,2025-12-14T23:49:25Z,2025-12-14 15:50:05
FanDuel,player_assists,Saddiq Bey,Over,1.5,-184,2025-12-15,2025-12-14T23:49:25Z,2025-12-14 15:50:05
FanDuel,player_assists,Saddiq Bey,Under,1.5,142,2025-12-15,2025-12-14T23:49:25Z,2025-12-14 15:50:05
FanDuel,player_assists,Tre Jones,Over,4.5,108,2025-12-15,2025-12-14T23:49:25Z,2025-12-14 15:50:05
FanDuel,player_assists,Tre Jones,Under,4.5,-138,2025-12-15,2025-12-14T23:49:25Z,2025-12-14 15:50:05
FanDuel,player_assists,Patrick Williams,Over,1.5,150,2025-12-15,2025-12-14T23:49:25Z,2025-12-14 15:50:05
FanDuel,player_assists,Patrick Williams,Under,1.5,-194,2025-12-15,2025-12-14T23:49:25Z,2025-12-14 15:50:05
FanDuel,player_assists,Derik Queen,Over,4.5,-130,2025-12-15,2025-12-14T23:49:25Z,2025-12-14 15:50:05
FanDuel,player_assists,Derik Queen,Under,4.5,102,2025-12-15,2025-12-14T23:49:25Z,2025-12-14 15:50:05
FanDuel,player_assists,Jeremiah Fears,Over,3.5,136,2025-12-15,2025-12-14T23:49:25Z,2025-12-14 15:50:05
FanDuel,player_assists,Jeremiah Fears,Under,3.5,-174,2025-12-15,2025-12-14T23:49:25Z,2025-12-14 15:50:05
FanDuel,player_assists,Josh Giddey,Over,8.5,-142,2025-12-15,2025-12-14T23:49:25Z,2025-12-14 15:50:05
FanDuel,player_assists,Josh Giddey,Under,8.5,112,2025-12-15,2025-12-14T23:49:25Z,2025-12-14 15:50:05
FanDuel,player_assists,Herb Jones,Over,2.5,132,2025-12-15,2025-12-14T23:49:25Z,2025-12-14 15:50:05
FanDuel,player_assists,Herb Jones,Under,2.5,-170,2025-12-15,2025-12-14T23:49:25Z,2025-12-14 15:50:05
FanDuel,player_assists,Zion Williamson,Over,2.5,-174,2025-12-15,2025-12-14T23:49:25Z,2025-12-14 15:50:05
FanDuel,player_assists,Zion Williamson,Under,2.5,136,2025-12-15,2025-12-14T23:49:25Z,2025-12-14 15:50:05
FanDuel,player_assists,Trey Murphy III,Over,3.5,-102,2025-12-15,2025-12-14T23:49:25Z,2025-12-14 15:50:05
FanDuel,player_assists,Trey Murphy III,Under,3.5,-125,2025-12-15,2025-12-14T23:49:25Z,2025-12-14 15:50:05
FanDuel,player_assists,Coby White,Over,4.5,104,2025-12-15,2025-12-14T23:49:25Z,2025-12-14 15:50:05
FanDuel,player_assists,Coby White,Under,4.5,-132,2025-12-15,2025-12-14T23:49:25Z,2025-12-14 15:50:05
FanDuel,player_assists,Nikola Vucevic,Over,2.5,-154,2025-12-15,2025-12-14T23:49:25Z,2025-12-14 15:50:05
FanDuel,player_assists,Nikola Vucevic,Under,2.5,120,2025-12-15,2025-12-14T23:49:25Z,2025-12-14 15:50:05
FanDuel,player_assists,Isaac Okoro,Over,1.5,120,2025-12-15,2025-12-14T23:49:25Z,2025-12-14 15:50:05
FanDuel,player_assists,Isaac Okoro,Under,1.5,-154,2025-12-15,2025-12-14T23:49:25Z,2025-12-14 15:50:05
FanDuel,player_assists,Jordan Poole,Over,2.5,-162,2025-12-15,2025-12-14T23:49:25Z,2025-12-14 15:50:05
FanDuel,player_assists,Jordan Poole,Under,2.5,126,2025-12-15,2025-12-14T23:49:25Z,2025-12-14 15:50:05
FanDuel,player_assists,Julius Randle,Over,5.5,-154,2025-12-15,2025-12-14T23:49:26Z,2025-12-14 15:50:05
FanDuel,player_assists,Julius Randle,Under,5.5,120,2025-12-15,2025-12-14T23:49:26Z,2025-12-14 15:50:05
FanDuel,player_assists,Donte DiVincenzo,Over,4.5,104,2025-12-15,2025-12-14T23:49:26Z,2025-12-14 15:50:05
FanDuel,player_assists,Donte DiVincenzo,Under,4.5,-132,2025-12-15,2025-12-14T23:49:26Z,2025-12-14 15:50:05
FanDuel,player_assists,DeMar DeRozan,Over,3.5,124,2025-12-15,2025-12-14T23:49:26Z,2025-12-14 15:50:05
FanDuel,player_assists,DeMar DeRozan,Under,3.5,-158,2025-12-15,2025-12-14T23:49:26Z,2025-12-14 15:50:05
FanDuel,player_assists,Jaden McDaniels,Over,2.5,-142,2025-12-15,2025-12-14T23:49:26Z,2025-12-14 15:50:05
FanDuel,player_assists,Jaden McDaniels,Under,2.5,112,2025-12-15,2025-12-14T23:49:26Z,2025-12-14 15:50:05
FanDuel,player_assists,Malik Monk,Over,2.5,-106,2025-12-15,2025-12-14T23:49:26Z,2025-12-14 15:50:05
FanDuel,player_assists,Malik Monk,Under,2.5,-120,2025-12-15,2025-12-14T23:49:26Z,2025-12-14 15:50:05
FanDuel,player_assists,Russell Westbrook,Over,6.5,-128,2025-12-15,2025-12-14T23:49:26Z,2025-12-14 15:50:05
FanDuel,player_assists,Russell Westbrook,Under,6.5,100,2025-12-15,2025-12-14T23:49:26Z,2025-12-14 15:50:05
FanDuel,player_assists,Zach LaVine,Over,2.5,-125,2025-12-15,2025-12-14T23:49:26Z,2025-12-14 15:50:05
FanDuel,player_assists,Zach LaVine,Under,2.5,-102,2025-12-15,2025-12-14T23:49:26Z,2025-12-14 15:50:05
FanDuel,player_assists,Rudy Gobert,Over,1.5,-106,2025-12-15,2025-12-14T23:49:26Z,2025-12-14 15:50:05
FanDuel,player_assists,Rudy Gobert,Under,1.5,-120,2025-12-15,2025-12-14T23:49:26Z,2025-12-14 15:50:05
FanDuel,player_assists,Naz Reid,Over,2.5,-128,2025-12-15,2025-12-14T23:49:26Z,2025-12-14 15:50:05
FanDuel,player_assists,Naz Reid,Under,2.5,100,2025-12-15,2025-12-14T23:49:26Z,2025-12-14 15:50:05
FanDuel,player_assists,Grayson Allen,Over,3.5,102,2025-12-15,2025-12-14T23:49:53Z,2025-12-14 15:50:05
FanDuel,player_assists,Grayson Allen,Under,3.5,-130,2025-12-15,2025-12-14T23:49:53Z,2025-12-14 15:50:05
FanDuel,player_assists,Royce O'Neale,Over,2.5,-113,2025-12-15,2025-12-14T23:49:53Z,2025-12-14 15:50:05
FanDuel,player_assists,Royce O'Neale,Under,2.5,-113,2025-12-15,2025-12-14T23:49:53Z,2025-12-14 15:50:05
FanDuel,player_assists,Devin Booker,Over,6.5,126,2025-12-15,2025-12-14T23:49:53Z,2025-12-14 15:50:05
FanDuel,player_assists,Devin Booker,Under,6.5,-162,2025-12-15,2025-12-14T23:49:53Z,2025-12-14 15:50:05
FanDuel,player_assists,Luka Doncic,Over,8.5,-120,2025-12-15,2025-12-14T23:49:53Z,2025-12-14 15:50:05
FanDuel,player_assists,Luka Doncic,Under,8.5,-108,2025-12-15,2025-12-14T23:49:53Z,2025-12-14 15:50:05
FanDuel,player_assists,LeBron James,Over,7.5,108,2025-12-15,2025-12-14T23:49:53Z,2025-12-14 15:50:05
FanDuel,player_assists,LeBron James,Under,7.5,-138,2025-12-15,2025-12-14T23:49:53Z,2025-12-14 15:50:05
FanDuel,player_assists,Marcus Smart,Over,3.5,144,2025-12-15,2025-12-14T23:49:53Z,2025-12-14 15:50:05
FanDuel,player_assists,Marcus Smart,Under,3.5,-186,2025-12-15,2025-12-14T23:49:53Z,2025-12-14 15:50:05
FanDuel,player_assists,Collin Gillespie,Over,4.5,-108,2025-12-15,2025-12-14T23:49:53Z,2025-12-14 15:50:05
FanDuel,player_assists,Collin Gillespie,Under,4.5,-118,2025-12-15,2025-12-14T23:49:53Z,2025-12-14 15:50:05
FanDuel,player_assists,Draymond Green,Over,4.5,-156,2025-12-15,2025-12-14T23:49:44Z,2025-12-14 15:50:05
FanDuel,player_assists,Draymond Green,Under,4.5,122,2025-12-15,2025-12-14T23:49:44Z,2025-12-14 15:50:05
FanDuel,player_assists,Jimmy Butler,Over,5.5,102,2025-12-15,2025-12-14T23:49:44Z,2025-12-14 15:50:05
FanDuel,player_assists,Jimmy Butler,Under,5.5,-130,2025-12-15,2025-12-14T23:49:44Z,2025-12-14 15:50:05
FanDuel,player_assists,Deni Avdija,Over,7.5,106,2025-12-15,2025-12-14T23:49:44Z,2025-12-14 15:50:05
FanDuel,player_assists,Deni Avdija,Under,7.5,-136,2025-12-15,2025-12-14T23:49:44Z,2025-12-14 15:50:05
FanDuel,player_assists,Toumani Camara,Over,2.5,-102,2025-12-15,2025-12-14T23:49:44Z,2025-12-14 15:50:05
FanDuel,player_assists,Toumani Camara,Under,2.5,-125,2025-12-15,2025-12-14T23:49:44Z,2025-12-14 15:50:05
FanDuel,player_assists,Stephen Curry,Over,3.5,-146,2025-12-15,2025-12-14T23:49:44Z,2025-12-14 15:50:05
FanDuel,player_assists,Stephen Curry,Under,3.5,114,2025-12-15,2025-12-14T23:49:44Z,2025-12-14 15:50:05
FanDuel,player_assists,Brandin Podziemski,Over,2.5,-102,2025-12-15,2025-12-14T23:49:44Z,2025-12-14 15:50:05
FanDuel,player_assists,Brandin Podziemski,Under,2.5,-125,2025-12-15,2025-12-14T23:49:44Z,2025-12-14 15:50:05
FanDuel,player_assists,Jerami Grant,Over,2.5,-125,2025-12-15,2025-12-14T23:49:44Z,2025-12-14 15:50:05
FanDuel,player_assists,Jerami Grant,Under,2.5,-102,2025-12-15,2025-12-14T23:49:44Z,2025-12-14 15:50:05
FanDuel,player_assists,Shaedon Sharpe,Over,2.5,-138,2025-12-15,2025-12-14T23:49:44Z,2025-12-14 15:50:05
FanDuel,player_assists,Shaedon Sharpe,Under,2.5,108,2025-12-15,2025-12-14T23:49:44Z,2025-12-14 15:50:05
FanDuel,player_assists,De'Aaron Fox,Over,4.5,-154,2025-12-17,2025-12-14T23:50:52Z,2025-12-14 15:50:05
FanDuel,player_assists,De'Aaron Fox,Under,4.5,116,2025-12-17,2025-12-14T23:50:52Z,2025-12-14 15:50:05
FanDuel,player_assists,Dylan Harper,Over,3.5,116,2025-12-17,2025-12-14T23:50:52Z,2025-12-14 15:50:05
FanDuel,player_assists,Dylan Harper,Under,3.5,-154,2025-12-17,2025-12-14T23:50:52Z,2025-12-14 15:50:05
FanDuel,player_assists,Mikal Bridges,Over,3.5,-104,2025-12-17,2025-12-14T23:50:52Z,2025-12-14 15:50:05
FanDuel,player_assists,Mikal Bridges,Under,3.5,-128,2025-12-17,2025-12-14T23:50:52Z,2025-12-14 15:50:05
FanDuel,player_assists,Karl-Anthony Towns,Over,2.5,-140,2025-12-17,2025-12-14T23:50:52Z,2025-12-14 15:50:05
FanDuel,player_assists,Karl-Anthony Towns,Under,2.5,106,2025-12-17,2025-12-14T23:50:52Z,2025-12-14 15:50:05
FanDuel,player_assists,Stephon Castle,Over,5.5,110,2025-12-17,2025-12-14T23:50:52Z,2025-12-14 15:50:05
FanDuel,player_assists,Stephon Castle,Under,5.5,-146,2025-12-17,2025-12-14T23:50:52Z,2025-12-14 15:50:05
FanDuel,player_assists,Josh Hart,Over,4.5,-162,2025-12-17,2025-12-14T23:50:52Z,2025-12-14 15:50:05
FanDuel,player_assists,Josh Hart,Under,4.5,122,2025-12-17,2025-12-14T23:50:52Z,2025-12-14 15:50:05
FanDuel,player_assists,Jalen Brunson,Over,6.5,-108,2025-12-17,2025-12-14T23:50:52Z,2025-12-14 15:50:05
FanDuel,player_assists,Jalen Brunson,Under,6.5,-122,2025-12-17,2025-12-14T23:50:52Z,2025-12-14 15:50:05
FanDuel,player_assists,Victor Wembanyama,Over,3.5,-104,2025-12-17,2025-12-14T23:50:52Z,2025-12-14 15:50:05
FanDuel,player_assists,Victor Wembanyama,Under,3.5,-128,2025-12-17,2025-12-14T23:50:52Z,2025-12-14 15:50:05
DraftKings,player_assists,Jalen Johnson,Over,7.5,-154,2025-12-14,2025-12-14T23:49:05Z,2025-12-14 15:50:05
DraftKings,player_assists,Jalen Johnson,Under,7.5,120,2025-12-14,2025-12-14T23:49:05Z,2025-12-14 15:50:05
DraftKings,player_assists,Quentin Grimes,Over,5.5,-145,2025-12-14,2025-12-14T23:49:05Z,2025-12-14 15:50:05
DraftKings,player_assists,Quentin Grimes,Under,5.5,114,2025-12-14,2025-12-14T23:49:05Z,2025-12-14 15:50:05
DraftKings,player_assists,Dyson Daniels,Over,5.5,100,2025-12-14,2025-12-14T23:49:05Z,2025-12-14 15:50:05
DraftKings,player_assists,Dyson Daniels,Under,5.5,-130,2025-12-14,2025-12-14T23:49:05Z,2025-12-14 15:50:05
DraftKings,player_assists,Nickeil Alexander-Walker,Over,4.5,124,2025-12-14,2025-12-14T23:49:05Z,2025-12-14 15:50:05
DraftKings,player_assists,Nickeil Alexander-Walker,Under,4.5,-160,2025-12-14,2025-12-14T23:49:05Z,2025-12-14 15:50:05
DraftKings,player_assists,Paul George,Over,3.5,124,2025-12-14,2025-12-14T23:49:05Z,2025-12-14 15:50:05
DraftKings,player_assists,Paul George,Under,3.5,-160,2025-12-14,2025-12-14T23:49:05Z,2025-12-14 15:50:05
DraftKings,player_assists,Jared McCain,Over,3.5,150,2025-12-14,2025-12-14T23:49:05Z,2025-12-14 15:50:05
DraftKings,player_assists,Jared McCain,Under,3.5,-195,2025-12-14,2025-12-14T23:49:05Z,2025-12-14 15:50:05
DraftKings,player_assists,Onyeka Okongwu,Over,2.5,-166,2025-12-14,2025-12-14T23:49:05Z,2025-12-14 15:50:05
DraftKings,player_assists,Onyeka Okongwu,Under,2.5,130,2025-12-14,2025-12-14T23:49:05Z,2025-12-14 15:50:05
DraftKings,player_assists,Joel Embiid,Over,2.5,-105,2025-12-14,2025-12-14T23:49:05Z,2025-12-14 15:50:05
DraftKings,player_assists,Joel Embiid,Under,2.5,-125,2025-12-14,2025-12-14T23:49:05Z,2025-12-14 15:50:05
DraftKings,player_assists,VJ Edgecombe,Over,2.5,100,2025-12-14,2025-12-14T23:49:05Z,2025-12-14 15:50:05
DraftKings,player_assists,VJ Edgecombe,Under,2.5,-130,2025-12-14,2025-12-14T23:49:05Z,2025-12-14 15:50:05
DraftKings,player_assists,Luke Kennard,Over,2.5,145,2025-12-14,2025-12-14T23:49:05Z,2025-12-14 15:50:05
DraftKings,player_assists,Luke Kennard,Under,2.5,-188,2025-12-14,2025-12-14T23:49:05Z,2025-12-14 15:50:05
DraftKings,player_assists,Vit Krejci,Over,1.5,150,2025-12-14,2025-12-14T23:49:05Z,2025-12-14 15:50:05
DraftKings,player_assists,Vit Krejci,Under,1.5,-195,2025-12-14,2025-12-14T23:49:05Z,2025-12-14 15:50:05
DraftKings,player_assists,Kevin Porter Jr.,Over,8.5,105,2025-12-14,2025-12-14T23:49:22Z,2025-12-14 15:50:05
DraftKings,player_assists,Kevin Porter Jr.,Under,8.5,-135,2025-12-14,2025-12-14T23:49:22Z,2025-12-14 15:50:05
DraftKings,player_assists,Ryan Rollins,Over,6.5,-105,2025-12-14,2025-12-14T23:49:22Z,2025-12-14 15:50:05
DraftKings,player_assists,Ryan Rollins,Under,6.5,-125,2025-12-14,2025-12-14T23:49:22Z,2025-12-14 15:50:05
DraftKings,player_assists,Michael Porter Jr,Over,4.5,-160,2025-12-14,2025-12-14T23:49:22Z,2025-12-14 15:50:05
DraftKings,player_assists,Michael Porter Jr,Under,4.5,124,2025-12-14,2025-12-14T23:49:22Z,2025-12-14 15:50:05
DraftKings,player_assists,Nicolas Claxton,Over,4.5,-110,2025-12-14,2025-12-14T23:49:22Z,2025-12-14 15:50:05
DraftKings,player_assists,Nicolas Claxton,Under,4.5,-120,2025-12-14,2025-12-14T23:49:22Z,2025-12-14 15:50:05
DraftKings,player_assists,Day'Ron Sharpe,Over,3.5,124,2025-12-14,2025-12-14T23:49:22Z,2025-12-14 15:50:05
DraftKings,player_assists,Day'Ron Sharpe,Under,3.5,-160,2025-12-14,2025-12-14T23:49:22Z,2025-12-14 15:50:05
DraftKings,player_assists,Kyle Kuzma,Over,3.5,135,2025-12-14,2025-12-14T23:49:22Z,2025-12-14 15:50:05
DraftKings,player_assists,Kyle Kuzma,Under,3.5,-175,2025-12-14,2025-12-14T23:49:22Z,2025-12-14 15:50:05
DraftKings,player_assists,Egor Demin,Over,2.5,124,2025-12-14,2025-12-14T23:49:22Z,2025-12-14 15:50:05
DraftKings,player_assists,Egor Demin,Under,2.5,-160,2025-12-14,2025-12-14T23:49:22Z,2025-12-14 15:50:05
DraftKings,player_assists,Terance Mann,Over,2.5,124,2025-12-14,2025-12-14T23:49:22Z,2025-12-14 15:50:05
DraftKings,player_assists,Terance Mann,Under,2.5,-160,2025-12-14,2025-12-14T23:49:22Z,2025-12-14 15:50:05
DraftKings,player_assists,Danny Wolf,Over,1.5,100,2025-12-14,2025-12-14T23:49:22Z,2025-12-14 15:50:05
DraftKings,player_assists,Danny Wolf,Under,1.5,-130,2025-12-14,2025-12-14T23:49:22Z,2025-12-14 15:50:05
DraftKings,player_assists,Noah Clowney,Over,1.5,150,2025-12-14,2025-12-14T23:49:22Z,2025-12-14 15:50:05
DraftKings,player_assists,Noah Clowney,Under,1.5,-195,2025-12-14,2025-12-14T23:49:22Z,2025-12-14 15:50:05
DraftKings,player_assists,Josh Giddey,Over,9.5,103,2025-12-15,2025-12-14T23:49:22Z,2025-12-14 15:50:05
DraftKings,player_assists,Josh Giddey,Under,9.5,-136,2025-12-15,2025-12-14T23:49:22Z,2025-12-14 15:50:05
DraftKings,player_assists,Derik Queen,Over,4.5,-137,2025-12-15,2025-12-14T23:49:22Z,2025-12-14 15:50:05
DraftKings,player_assists,Derik Queen,Under,4.5,104,2025-12-15,2025-12-14T23:49:22Z,2025-12-14 15:50:05
DraftKings,player_assists,Coby White,Over,4.5,101,2025-12-15,2025-12-14T23:49:22Z,2025-12-14 15:50:05
DraftKings,player_assists,Coby White,Under,4.5,-133,2025-12-15,2025-12-14T23:49:22Z,2025-12-14 15:50:05
DraftKings,player_assists,Tre Jones,Over,4.5,118,2025-12-15,2025-12-14T23:49:22Z,2025-12-14 15:50:05
DraftKings,player_assists,Tre Jones,Under,4.5,-156,2025-12-15,2025-12-14T23:49:22Z,2025-12-14 15:50:05
DraftKings,player_assists,Trey Murphy III,Over,3.5,-104,2025-12-15,2025-12-14T23:49:22Z,2025-12-14 15:50:05
DraftKings,player_assists,Trey Murphy III,Under,3.5,-127,2025-12-15,2025-12-14T23:49:22Z,2025-12-14 15:50:05
DraftKings,player_assists,Zion Williamson,Over,2.5,-165,2025-12-15,2025-12-14T23:49:22Z,2025-12-14 15:50:05
DraftKings,player_assists,Zion Williamson,Under,2.5,125,2025-12-15,2025-12-14T23:49:22Z,2025-12-14 15:50:05
DraftKings,player_assists,Jeremiah Fears,Over,2.5,-161,2025-12-15,2025-12-14T23:49:22Z,2025-12-14 15:50:05
DraftKings,player_assists,Jeremiah Fears,Under,2.5,122,2025-12-15,2025-12-14T23:49:22Z,2025-12-14 15:50:05
DraftKings,player_assists,Nikola Vucevic,Over,2.5,-160,2025-12-15,2025-12-14T23:49:22Z,2025-12-14 15:50:05
DraftKings,player_assists,Nikola Vucevic,Under,2.5,121,2025-12-15,2025-12-14T23:49:22Z,2025-12-14 15:50:05
DraftKings,player_assists,Jordan Poole,Over,2.5,-144,2025-12-15,2025-12-14T23:49:22Z,2025-12-14 15:50:05
DraftKings,player_assists,Jordan Poole,Under,2.5,109,2025-12-15,2025-12-14T23:49:22Z,2025-12-14 15:50:05
DraftKings,player_assists,Herb Jones,Over,2.5,134,2025-12-15,2025-12-14T23:49:22Z,2025-12-14 15:50:05
DraftKings,player_assists,Herb Jones,Under,2.5,-178,2025-12-15,2025-12-14T23:49:22Z,2025-12-14 15:50:05
DraftKings,player_assists,Saddiq Bey,Over,1.5,-175,2025-12-15,2025-12-14T23:49:22Z,2025-12-14 15:50:05
DraftKings,player_assists,Saddiq Bey,Under,1.5,132,2025-12-15,2025-12-14T23:49:22Z,2025-12-14 15:50:05
DraftKings,player_assists,Matas Buzelis,Over,1.5,-113,2025-12-15,2025-12-14T23:49:22Z,2025-12-14 15:50:05
DraftKings,player_assists,Matas Buzelis,Under,1.5,-116,2025-12-15,2025-12-14T23:49:22Z,2025-12-14 15:50:05
DraftKings,player_assists,Russell Westbrook,Over,6.5,-125,2025-12-15,2025-12-14T23:49:26Z,2025-12-14 15:50:05
DraftKings,player_assists,Russell Westbrook,Under,6.5,-105,2025-12-15,2025-12-14T23:49:26Z,2025-12-14 15:50:05
DraftKings,player_assists,Julius Randle,Over,5.5,-139,2025-12-15,2025-12-14T23:49:26Z,2025-12-14 15:50:05
DraftKings,player_assists,Julius Randle,Under,5.5,105,2025-12-15,2025-12-14T23:49:26Z,2025-12-14 15:50:05
DraftKings,player_assists,Donte DiVincenzo,Over,4.5,116,2025-12-15,2025-12-14T23:49:26Z,2025-12-14 15:50:05
DraftKings,player_assists,Donte DiVincenzo,Under,4.5,-153,2025-12-15,2025-12-14T23:49:26Z,2025-12-14 15:50:05
DraftKings,player_assists,Dennis Schroder,Over,4.5,117,2025-12-15,2025-12-14T23:49:26Z,2025-12-14 15:50:05
DraftKings,player_assists,Dennis Schroder,Under,4.5,-155,2025-12-15,2025-12-14T23:49:26Z,2025-12-14 15:50:05
DraftKings,player_assists,DeMar DeRozan,Over,3.5,117,2025-12-15,2025-12-14T23:49:26Z,2025-12-14 15:50:05
DraftKings,player_assists,DeMar DeRozan,Under,3.5,-155,2025-12-15,2025-12-14T23:49:26Z,2025-12-14 15:50:05
DraftKings,player_assists,Naz Reid,Over,2.5,-145,2025-12-15,2025-12-14T23:49:26Z,2025-12-14 15:50:05
DraftKings,player_assists,Naz Reid,Under,2.5,110,2025-12-15,2025-12-14T23:49:26Z,2025-12-14 15:50:05
DraftKings,player_assists,Jaden McDaniels,Over,2.5,-131,2025-12-15,2025-12-14T23:49:26Z,2025-12-14 15:50:05
DraftKings,player_assists,Jaden McDaniels,Under,2.5,-101,2025-12-15,2025-12-14T23:49:26Z,2025-12-14 15:50:05
DraftKings,player_assists,Zach LaVine,Over,2.5,-130,2025-12-15,2025-12-14T23:49:26Z,2025-12-14 15:50:05
DraftKings,player_assists,Zach LaVine,Under,2.5,-101,2025-12-15,2025-12-14T23:49:26Z,2025-12-14 15:50:05
DraftKings,player_assists,Malik Monk,Over,2.5,-127,2025-12-15,2025-12-14T23:49:26Z,2025-12-14 15:50:05
DraftKings,player_assists,Malik Monk,Under,2.5,-104,2025-12-15,2025-12-14T23:49:26Z,2025-12-14 15:50:05
DraftKings,player_assists,Rudy Gobert,Over,1.5,-110,2025-12-15,2025-12-14T23:49:26Z,2025-12-14 15:50:05
DraftKings,player_assists,Rudy Gobert,Under,1.5,-119,2025-12-15,2025-12-14T23:49:26Z,2025-12-14 15:50:05
DraftKings,player_assists,Luka Doncic,Over,8.5,-118,2025-12-15,2025-12-14T23:49:46Z,2025-12-14 15:50:05
DraftKings,player_assists,Luka Doncic,Under,8.5,-112,2025-12-15,2025-12-14T23:49:46Z,2025-12-14 15:50:05
DraftKings,player_assists,LeBron James,Over,7.5,105,2025-12-15,2025-12-14T23:49:46Z,2025-12-14 15:50:05
DraftKings,player_assists,LeBron James,Under,7.5,-139,2025-12-15,2025-12-14T23:49:46Z,2025-12-14 15:50:05
DraftKings,player_assists,Devin Booker,Over,6.5,101,2025-12-15,2025-12-14T23:49:46Z,2025-12-14 15:50:05
DraftKings,player_assists,Devin Booker,Under,6.5,-133,2025-12-15,2025-12-14T23:49:46Z,2025-12-14 15:50:05
DraftKings,player_assists,Collin Gillespie,Over,4.5,-115,2025-12-15,2025-12-14T23:49:46Z,2025-12-14 15:50:05
DraftKings,player_assists,Collin Gillespie,Under,4.5,-114,2025-12-15,2025-12-14T23:49:46Z,2025-12-14 15:50:05
DraftKings,player_assists,Grayson Allen,Over,3.5,110,2025-12-15,2025-12-14T23:49:46Z,2025-12-14 15:50:05
DraftKings,player_assists,Grayson Allen,Under,3.5,-145,2025-12-15,2025-12-14T23:49:46Z,2025-12-14 15:50:05
DraftKings,player_assists,Marcus Smart,Over,2.5,-169,2025-12-15,2025-12-14T23:49:46Z,2025-12-14 15:50:05
DraftKings,player_assists,Marcus Smart,Under,2.5,128,2025-12-15,2025-12-14T23:49:46Z,2025-12-14 15:50:05
DraftKings,player_assists,Royce O'Neale,Over,2.5,-101,2025-12-15,2025-12-14T23:49:46Z,2025-12-14 15:50:05
DraftKings,player_assists,Royce O'Neale,Under,2.5,-131,2025-12-15,2025-12-14T23:49:46Z,2025-12-14 15:50:05
DraftKings,player_assists,Dillon Brooks,Over,1.5,-168,2025-12-15,2025-12-14T23:49:46Z,2025-12-14 15:50:05
DraftKings,player_assists,Dillon Brooks,Under,1.5,127,2025-12-15,2025-12-14T23:49:46Z,2025-12-14 15:50:05
DraftKings,player_assists,Mark Williams,Over,1.5,134,2025-12-15,2025-12-14T23:49:46Z,2025-12-14 15:50:05
DraftKings,player_assists,Mark Williams,Under,1.5,-177,2025-12-15,2025-12-14T23:49:46Z,2025-12-14 15:50:05
DraftKings,player_assists,Deandre Ayton,Over,1.5,138,2025-12-15,2025-12-14T23:49:46Z,2025-12-14 15:50:05
DraftKings,player_assists,Deandre Ayton,Under,1.5,-183,2025-12-15,2025-12-14T23:49:46Z,2025-12-14 15:50:05
DraftKings,player_assists,Rui Hachimura,Over,1.5,170,2025-12-15,2025-12-14T23:49:46Z,2025-12-14 15:50:05
DraftKings,player_assists,Rui Hachimura,Under,1.5,-227,2025-12-15,2025-12-14T23:49:46Z,2025-12-14 15:50:05
DraftKings,player_assists,Jake LaRavia,Over,1.5,171,2025-12-15,2025-12-14T23:49:46Z,2025-12-14 15:50:05
DraftKings,player_assists,Jake LaRavia,Under,1.5,-229,2025-12-15,2025-12-14T23:49:46Z,2025-12-14 15:50:05
DraftKings,player_assists,Deni Avdija,Over,7.5,-102,2025-12-15,2025-12-14T23:49:53Z,2025-12-14 15:50:05
DraftKings,player_assists,Deni Avdija,Under,7.5,-128,2025-12-15,2025-12-14T23:49:53Z,2025-12-14 15:50:05
DraftKings,player_assists,Draymond Green,Over,5.5,115,2025-12-15,2025-12-14T23:49:53Z,2025-12-14 15:50:05
DraftKings,player_assists,Draymond Green,Under,5.5,-152,2025-12-15,2025-12-14T23:49:53Z,2025-12-14 15:50:05
DraftKings,player_assists,Jimmy Butler,Over,5.5,116,2025-12-15,2025-12-14T23:49:53Z,2025-12-14 15:50:05
DraftKings,player_assists,Jimmy Butler,Under,5.5,-153,2025-12-15,2025-12-14T23:49:53Z,2025-12-14 15:50:05
DraftKings,player_assists,Stephen Curry,Over,4.5,125,2025-12-15,2025-12-14T23:49:53Z,2025-12-14 15:50:05
DraftKings,player_assists,Stephen Curry,Under,4.5,-165,2025-12-15,2025-12-14T23:49:53Z,2025-12-14 15:50:05
DraftKings,player_assists,Shaedon Sharpe,Over,2.5,-126,2025-12-15,2025-12-14T23:49:53Z,2025-12-14 15:50:05
DraftKings,player_assists,Shaedon Sharpe,Under,2.5,-104,2025-12-15,2025-12-14T23:49:53Z,2025-12-14 15:50:05
DraftKings,player_assists,Jerami Grant,Over,2.5,-121,2025-12-15,2025-12-14T23:49:53Z,2025-12-14 15:50:05
DraftKings,player_assists,Jerami Grant,Under,2.5,-109,2025-12-15,2025-12-14T23:49:53Z,2025-12-14 15:50:05
DraftKings,player_assists,Toumani Camara,Over,2.5,-109,2025-12-15,2025-12-14T23:49:53Z,2025-12-14 15:50:05
DraftKings,player_assists,Toumani Camara,Under,2.5,-120,2025-12-15,2025-12-14T23:49:53Z,2025-12-14 15:50:05
DraftKings,player_assists,Brandin Podziemski,Over,2.5,-105,2025-12-15,2025-12-14T23:49:53Z,2025-12-14 15:50:05
DraftKings,player_assists,Brandin Podziemski,Under,2.5,-125,2025-12-15,2025-12-14T23:49:53Z,2025-12-14 15:50:05
DraftKings,player_assists,Jalen Brunson,Over,6.5,103,2025-12-17,2025-12-14T23:50:47Z,2025-12-14 15:50:05
DraftKings,player_assists,Jalen Brunson,Under,6.5,-136,2025-12-17,2025-12-14T23:50:47Z,2025-12-14 15:50:05
DraftKings,player_assists,Stephon Castle,Over,5.5,117,2025-12-17,2025-12-14T23:50:47Z,2025-12-14 15:50:05
DraftKings,player_assists,Stephon Castle,Under,5.5,-154,2025-12-17,2025-12-14T23:50:47Z,2025-12-14 15:50:05
DraftKings,player_assists,De'Aaron Fox,Over,4.5,-153,2025-12-17,2025-12-14T23:50:47Z,2025-12-14 15:50:05
DraftKings,player_assists,De'Aaron Fox,Under,4.5,116,2025-12-17,2025-12-14T23:50:47Z,2025-12-14 15:50:05
DraftKings,player_assists,Josh Hart,Over,4.5,-153,2025-12-17,2025-12-14T23:50:47Z,2025-12-14 15:50:05
DraftKings,player_assists,Josh Hart,Under,4.5,116,2025-12-17,2025-12-14T23:50:47Z,2025-12-14 15:50:05
DraftKings,player_assists,Mikal Bridges,Over,3.5,-114,2025-12-17,2025-12-14T23:50:47Z,2025-12-14 15:50:05
DraftKings,player_assists,Mikal Bridges,Under,3.5,-115,2025-12-17,2025-12-14T23:50:47Z,2025-12-14 15:50:05
DraftKings,player_assists,Victor Wembanyama,Over,3.5,111,2025-12-17,2025-12-14T23:50:47Z,2025-12-14 15:50:05
DraftKings,player_assists,Victor Wembanyama,Under,3.5,-146,2025-12-17,2025-12-14T23:50:47Z,2025-12-14 15:50:05
DraftKings,player_assists,Dylan Harper,Over,3.5,122,2025-12-17,2025-12-14T23:50:47Z,2025-12-14 15:50:05
DraftKings,player_assists,Dylan Harper,Under,3.5,-161,2025-12-17,2025-12-14T23:50:47Z,2025-12-14 15:50:05
DraftKings,player_assists,Karl-Anthony Towns,Over,2.5,-150,2025-12-17,2025-12-14T23:50:47Z,2025-12-14 15:50:05
DraftKings,player_assists,Karl-Anthony Towns,Under,2.5,114,2025-12-17,2025-12-14T23:50:47Z,2025-12-14 15:50:05
Bovada,player_assists,Dyson Daniels,Over,4.5,-275,2025-12-14,2025-12-14T23:49:53Z,2025-12-14 15:50:05
Bovada,player_assists,Dyson Daniels,Under,4.5,200,2025-12-14,2025-12-14T23:49:53Z,2025-12-14 15:50:05
Bovada,player_assists,Dyson Daniels,Over,5.5,-130,2025-12-14,2025-12-14T23:49:53Z,2025-12-14 15:50:05
Bovada,player_assists,Dyson Daniels,Under,5.5,100,2025-12-14,2025-12-14T23:49:53Z,2025-12-14 15:50:05
Bovada,player_assists,Dyson Daniels,Over,6.5,140,2025-12-14,2025-12-14T23:49:53Z,2025-12-14 15:50:05
Bovada,player_assists,Dyson Daniels,Under,6.5,-185,2025-12-14,2025-12-14T23:49:53Z,2025-12-14 15:50:05
Bovada,player_assists,Jalen Johnson,Over,7.5,-220,2025-12-14,2025-12-14T23:49:53Z,2025-12-14 15:50:05
Bovada,player_assists,Jalen Johnson,Under,7.5,165,2025-12-14,2025-12-14T23:49:53Z,2025-12-14 15:50:05
Bovada,player_assists,Jalen Johnson,Over,8.5,-125,2025-12-14,2025-12-14T23:49:53Z,2025-12-14 15:50:05
Bovada,player_assists,Jalen Johnson,Under,8.5,-105,2025-12-14,2025-12-14T23:49:53Z,2025-12-14 15:50:05
Bovada,player_assists,Jalen Johnson,Over,9.5,135,2025-12-14,2025-12-14T23:49:53Z,2025-12-14 15:50:05
Bovada,player_assists,Jalen Johnson,Under,9.5,-180,2025-12-14,2025-12-14T23:49:53Z,2025-12-14 15:50:05
Bovada,player_assists,Joel Embiid,Over,3.5,-130,2025-12-14,2025-12-14T23:49:53Z,2025-12-14 15:50:05
Bovada,player_assists,Joel Embiid,Under,3.5,100,2025-12-14,2025-12-14T23:49:53Z,2025-12-14 15:50:05
Bovada,player_assists,Joel Embiid,Over,4.5,165,2025-12-14,2025-12-14T23:49:53Z,2025-12-14 15:50:05
Bovada,player_assists,Joel Embiid,Under,4.5,-220,2025-12-14,2025-12-14T23:49:53Z,2025-12-14 15:50:05
Bovada,player_assists,Nickeil Alexander-Walker,Over,2.5,-200,2025-12-14,2025-12-14T23:49:53Z,2025-12-14 15:50:05
Bovada,player_assists,Nickeil Alexander-Walker,Under,2.5,150,2025-12-14,2025-12-14T23:49:53Z,2025-12-14 15:50:05
Bovada,player_assists,Nickeil Alexander-Walker,Over,3.5,125,2025-12-14,2025-12-14T23:49:53Z,2025-12-14 15:50:05
Bovada,player_assists,Nickeil Alexander-Walker,Under,3.5,-165,2025-12-14,2025-12-14T23:49:53Z,2025-12-14 15:50:05
Bovada,player_assists,Onyeka Okongwu,Over,2.5,-165,2025-12-14,2025-12-14T23:49:53Z,2025-12-14 15:50:05
Bovada,player_assists,Onyeka Okongwu,Under,2.5,125,2025-12-14,2025-12-14T23:49:53Z,2025-12-14 15:50:05
Bovada,player_assists,Onyeka Okongwu,Over,3.5,145,2025-12-14,2025-12-14T23:49:53Z,2025-12-14 15:50:05
Bovada,player_assists,Onyeka Okongwu,Under,3.5,-190,2025-12-14,2025-12-14T23:49:53Z,2025-12-14 15:50:05
Bovada,player_assists,Paul George,Over,3.5,-165,2025-12-14,2025-12-14T23:49:53Z,2025-12-14 15:50:05
Bovada,player_assists,Paul George,Under,3.5,125,2025-12-14,2025-12-14T23:49:53Z,2025-12-14 15:50:05
Bovada,player_assists,Paul George,Over,4.5,130,2025-12-14,2025-12-14T23:49:53Z,2025-12-14 15:50:05
Bovada,player_assists,Paul George,Under,4.5,-170,2025-12-14,2025-12-14T23:49:53Z,2025-12-14 15:50:05
Bovada,player_assists,Quentin Grimes,Over,3.5,-260,2025-12-14,2025-12-14T23:49:53Z,2025-12-14 15:50:05
Bovada,player_assists,Quentin Grimes,Under,3.5,190,2025-12-14,2025-12-14T23:49:53Z,2025-12-14 15:50:05
Bovada,player_assists,Quentin Grimes,Over,4.5,-120,2025-12-14,2025-12-14T23:49:53Z,2025-12-14 15:50:05
Bovada,player_assists,Quentin Grimes,Under,4.5,-110,2025-12-14,2025-12-14T23:49:53Z,2025-12-14 15:50:05
Bovada,player_assists,Quentin Grimes,Over,5.5,165,2025-12-14,2025-12-14T23:49:53Z,2025-12-14 15:50:05
Bovada,player_assists,Quentin Grimes,Under,5.5,-220,2025-12-14,2025-12-14T23:49:53Z,2025-12-14 15:50:05
Bovada,player_assists,VJ Edgecombe,Over,3.5,-200,2025-12-14,2025-12-14T23:49:53Z,2025-12-14 15:50:05
Bovada,player_assists,VJ Edgecombe,Under,3.5,150,2025-12-14,2025-12-14T23:49:53Z,2025-12-14 15:50:05
Bovada,player_assists,VJ Edgecombe,Over,4.5,110,2025-12-14,2025-12-14T23:49:53Z,2025-12-14 15:50:05
Bovada,player_assists,VJ Edgecombe,Under,4.5,-145,2025-12-14,2025-12-14T23:49:53Z,2025-12-14 15:50:05
Bovada,player_assists,Egor Demin,Over,3.5,-165,2025-12-14,2025-12-14T23:49:52Z,2025-12-14 15:50:05
Bovada,player_assists,Egor Demin,Under,3.5,125,2025-12-14,2025-12-14T23:49:52Z,2025-12-14 15:50:05
Bovada,player_assists,Egor Demin,Over,4.5,130,2025-12-14,2025-12-14T23:49:52Z,2025-12-14 15:50:05
Bovada,player_assists,Egor Demin,Under,4.5,-170,2025-12-14,2025-12-14T23:49:52Z,2025-12-14 15:50:05
Bovada,player_assists,Kevin Porter Jr.,Over,6.5,-200,2025-12-14,2025-12-14T23:49:52Z,2025-12-14 15:50:05
Bovada,player_assists,Kevin Porter Jr.,Under,6.5,150,2025-12-14,2025-12-14T23:49:52Z,2025-12-14 15:50:05
Bovada,player_assists,Kevin Porter Jr.,Over,7.5,-110,2025-12-14,2025-12-14T23:49:52Z,2025-12-14 15:50:05
Bovada,player_assists,Kevin Porter Jr.,Under,7.5,-120,2025-12-14,2025-12-14T23:49:52Z,2025-12-14 15:50:05
Bovada,player_assists,Kevin Porter Jr.,Over,8.5,155,2025-12-14,2025-12-14T23:49:52Z,2025-12-14 15:50:05
Bovada,player_assists,Kevin Porter Jr.,Under,8.5,-210,2025-12-14,2025-12-14T23:49:52Z,2025-12-14 15:50:05
Bovada,player_assists,Nicolas Claxton,Over,3.5,-150,2025-12-14,2025-12-14T23:49:52Z,2025-12-14 15:50:05
Bovada,player_assists,Nicolas Claxton,Under,3.5,115,2025-12-14,2025-12-14T23:49:52Z,2025-12-14 15:50:05
Bovada,player_assists,Nicolas Claxton,Over,4.5,145,2025-12-14,2025-12-14T23:49:52Z,2025-12-14 15:50:05
Bovada,player_assists,Nicolas Claxton,Under,4.5,-190,2025-12-14,2025-12-14T23:49:52Z,2025-12-14 15:50:05
Bovada,player_assists,Ryan Rollins,Over,5.5,-165,2025-12-14,2025-12-14T23:49:52Z,2025-12-14 15:50:05
Bovada,player_assists,Ryan Rollins,Under,5.5,125,2025-12-14,2025-12-14T23:49:52Z,2025-12-14 15:50:05
Bovada,player_assists,Ryan Rollins,Over,6.5,115,2025-12-14,2025-12-14T23:49:52Z,2025-12-14 15:50:05
Bovada,player_assists,Ryan Rollins,Under,6.5,-150,2025-12-14,2025-12-14T23:49:52Z,2025-12-14 15:50:05
Bovada,player_assists,Ryan Rollins,Over,7.5,205,2025-12-14,2025-12-14T23:49:52Z,2025-12-14 15:50:05
Bovada,player_assists,Ryan Rollins,Under,7.5,-280,2025-12-14,2025-12-14T23:49:52Z,2025-12-14 15:50:05
Bovada,player_assists,Terance Mann,Over,2.5,-250,2025-12-14,2025-12-14T23:49:52Z,2025-12-14 15:50:05
Bovada,player_assists,Terance Mann,Under,2.5,185,2025-12-14,2025-12-14T23:49:52Z,2025-12-14 15:50:05
Bovada,player_assists,Terance Mann,Over,3.5,100,2025-12-14,2025-12-14T23:49:52Z,2025-12-14 15:50:05
Bovada,player_assists,Terance Mann,Under,3.5,-130,2025-12-14,2025-12-14T23:49:52Z,2025-12-14 15:50:05
Bovada,player_assists,Coby White,Over,3.5,-210,2025-12-15,2025-12-14T23:49:19Z,2025-12-14 15:50:05
Bovada,player_assists,Coby White,Under,3.5,155,2025-12-15,2025-12-14T23:49:19Z,2025-12-14 15:50:05
Bovada,player_assists,Coby White,Over,4.5,105,2025-12-15,2025-12-14T23:49:19Z,2025-12-14 15:50:05
Bovada,player_assists,Coby White,Under,4.5,-135,2025-12-15,2025-12-14T23:49:19Z,2025-12-14 15:50:05
Bovada,player_assists,Derik Queen,Over,3.5,-290,2025-12-15,2025-12-14T23:49:19Z,2025-12-14 15:50:05
Bovada,player_assists,Derik Queen,Under,3.5,210,2025-12-15,2025-12-14T23:49:19Z,2025-12-14 15:50:05
Bovada,player_assists,Derik Queen,Over,4.5,-130,2025-12-15,2025-12-14T23:49:19Z,2025-12-14 15:50:05
Bovada,player_assists,Derik Queen,Under,4.5,100,2025-12-15,2025-12-14T23:49:19Z,2025-12-14 15:50:05
Bovada,player_assists,Derik Queen,Over,5.5,150,2025-12-15,2025-12-14T23:49:19Z,2025-12-14 15:50:05
Bovada,player_assists,Derik Queen,Under,5.5,-200,2025-12-15,2025-12-14T23:49:19Z,2025-12-14 15:50:05
Bovada,player_assists,Jeremiah Fears,Over,2.5,-180,2025-12-15,2025-12-14T23:49:19Z,2025-12-14 15:50:05
Bovada,player_assists,Jeremiah Fears,Under,2.5,135,2025-12-15,2025-12-14T23:49:19Z,2025-12-14 15:50:05
Bovada,player_assists,Jeremiah Fears,Over,3.5,135,2025-12-15,2025-12-14T23:49:19Z,2025-12-14 15:50:05
Bovada,player_assists,Jeremiah Fears,Under,3.5,-180,2025-12-15,2025-12-14T23:49:19Z,2025-12-14 15:50:05
Bovada,player_assists,Josh Giddey,Over,8.5,-170,2025-12-15,2025-12-14T23:49:19Z,2025-12-14 15:50:05
Bovada,player_assists,Josh Giddey,Under,8.5,130,2025-12-15,2025-12-14T23:49:19Z,2025-12-14 15:50:05
Bovada,player_assists,Josh Giddey,Over,9.5,100,2025-12-15,2025-12-14T23:49:19Z,2025-12-14 15:50:05
Bovada,player_assists,Josh Giddey,Under,9.5,-130,2025-12-15,2025-12-14T23:49:19Z,2025-12-14 15:50:05
Bovada,player_assists,Josh Giddey,Over,10.5,165,2025-12-15,2025-12-14T23:49:19Z,2025-12-14 15:50:05
Bovada,player_assists,Josh Giddey,Under,10.5,-220,2025-12-15,2025-12-14T23:49:19Z,2025-12-14 15:50:05
Bovada,player_assists,Tre Jones,Over,3.5,-165,2025-12-15,2025-12-14T23:49:19Z,2025-12-14 15:50:05
Bovada,player_assists,Tre Jones,Under,3.5,125,2025-12-15,2025-12-14T23:49:19Z,2025-12-14 15:50:05
Bovada,player_assists,Tre Jones,Over,4.5,130,2025-12-15,2025-12-14T23:49:19Z,2025-12-14 15:50:05
Bovada,player_assists,Tre Jones,Under,4.5,-170,2025-12-15,2025-12-14T23:49:19Z,2025-12-14 15:50:05
Bovada,player_assists,Trey Murphy III,Over,3.5,-110,2025-12-15,2025-12-14T23:49:19Z,2025-12-14 15:50:05
Bovada,player_assists,Trey Murphy III,Under,3.5,-120,2025-12-15,2025-12-14T23:49:19Z,2025-12-14 15:50:05
Bovada,player_assists,Trey Murphy III,Over,4.5,200,2025-12-15,2025-12-14T23:49:19Z,2025-12-14 15:50:05
Bovada,player_assists,Trey Murphy III,Under,4.5,-275,2025-12-15,2025-12-14T23:49:19Z,2025-12-14 15:50:05
Bovada,player_assists,Zion Williamson,Over,2.5,-185,2025-12-15,2025-12-14T23:49:19Z,2025-12-14 15:50:05
Bovada,player_assists,Zion Williamson,Under,2.5,140,2025-12-15,2025-12-14T23:49:19Z,2025-12-14 15:50:05
Bovada,player_assists,Zion Williamson,Over,3.5,130,2025-12-15,2025-12-14T23:49:19Z,2025-12-14 15:50:05
Bovada,player_assists,Zion Williamson,Under,3.5,-170,2025-12-15,2025-12-14T23:49:19Z,2025-12-14 15:50:05
Bovada,player_assists,DeMar DeRozan,Over,2.5,-165,2025-12-15,2025-12-14T23:49:50Z,2025-12-14 15:50:05
Bovada,player_assists,DeMar DeRozan,Under,2.5,125,2025-12-15,2025-12-14T23:49:50Z,2025-12-14 15:50:05
Bovada,player_assists,DeMar DeRozan,Over,3.5,145,2025-12-15,2025-12-14T23:49:50Z,2025-12-14 15:50:05
Bovada,player_assists,DeMar DeRozan,Under,3.5,-190,2025-12-15,2025-12-14T23:49:50Z,2025-12-14 15:50:05
Bovada,player_assists,Dennis Schroder,Over,3.5,-250,2025-12-15,2025-12-14T23:49:50Z,2025-12-14 15:50:05
Bovada,player_assists,Dennis Schroder,Under,3.5,185,2025-12-15,2025-12-14T23:49:50Z,2025-12-14 15:50:05
Bovada,player_assists,Dennis Schroder,Over,4.5,-115,2025-12-15,2025-12-14T23:49:50Z,2025-12-14 15:50:05
Bovada,player_assists,Dennis Schroder,Under,4.5,-115,2025-12-15,2025-12-14T23:49:50Z,2025-12-14 15:50:05
Bovada,player_assists,Dennis Schroder,Over,5.5,175,2025-12-15,2025-12-14T23:49:50Z,2025-12-14 15:50:05
Bovada,player_assists,Dennis Schroder,Under,5.5,-240,2025-12-15,2025-12-14T23:49:50Z,2025-12-14 15:50:05
Bovada,player_assists,Donte DiVincenzo,Over,3.5,-220,2025-12-15,2025-12-14T23:49:50Z,2025-12-14 15:50:05
Bovada,player_assists,Donte DiVincenzo,Under,3.5,165,2025-12-15,2025-12-14T23:49:50Z,2025-12-14 15:50:05
Bovada,player_assists,Donte DiVincenzo,Over,4.5,100,2025-12-15,2025-12-14T23:49:50Z,2025-12-14 15:50:05
Bovada,player_assists,Donte DiVincenzo,Under,4.5,-130,2025-12-15,2025-12-14T23:49:50Z,2025-12-14 15:50:05
Bovada,player_assists,Julius Randle,Over,5.5,-160,2025-12-15,2025-12-14T23:49:50Z,2025-12-14 15:50:05
Bovada,player_assists,Julius Randle,Under,5.5,120,2025-12-15,2025-12-14T23:49:50Z,2025-12-14 15:50:05
Bovada,player_assists,Julius Randle,Over,6.5,120,2025-12-15,2025-12-14T23:49:50Z,2025-12-14 15:50:05
Bovada,player_assists,Julius Randle,Under,6.5,-160,2025-12-15,2025-12-14T23:49:50Z,2025-12-14 15:50:05
Bovada,player_assists,Naz Reid,Over,2.5,-145,2025-12-15,2025-12-14T23:49:50Z,2025-12-14 15:50:05
Bovada,player_assists,Naz Reid,Under,2.5,110,2025-12-15,2025-12-14T23:49:50Z,2025-12-14 15:50:05
Bovada,player_assists,Naz Reid,Over,3.5,165,2025-12-15,2025-12-14T23:49:50Z,2025-12-14 15:50:05
Bovada,player_assists,Naz Reid,Under,3.5,-220,2025-12-15,2025-12-14T23:49:50Z,2025-12-14 15:50:05
Bovada,player_assists,Russell Westbrook,Over,5.5,-250,2025-12-15,2025-12-14T23:49:50Z,2025-12-14 15:50:05
Bovada,player_assists,Russell Westbrook,Under,5.5,185,2025-12-15,2025-12-14T23:49:50Z,2025-12-14 15:50:05
Bovada,player_assists,Russell Westbrook,Over,6.5,-130,2025-12-15,2025-12-14T23:49:50Z,2025-12-14 15:50:05
Bovada,player_assists,Russell Westbrook,Under,6.5,100,2025-12-15,2025-12-14T23:49:50Z,2025-12-14 15:50:05
Bovada,player_assists,Russell Westbrook,Over,7.5,135,2025-12-15,2025-12-14T23:49:50Z,2025-12-14 15:50:05
Bovada,player_assists,Russell Westbrook,Under,7.5,-180,2025-12-15,2025-12-14T23:49:50Z,2025-12-14 15:50:05
Bovada,player_assists,Devin Booker,Over,5.5,-185,2025-12-15,2025-12-14T23:49:30Z,2025-12-14 15:50:05
Bovada,player_assists,Devin Booker,Under,5.5,140,2025-12-15,2025-12-14T23:49:30Z,2025-12-14 15:50:05
Bovada,player_assists,Devin Booker,Over,6.5,105,2025-12-15,2025-12-14T23:49:30Z,2025-12-14 15:50:05
Bovada,player_assists,Devin Booker,Under,6.5,-135,2025-12-15,2025-12-14T23:49:30Z,2025-12-14 15:50:05
Bovada,player_assists,Devin Booker,Over,7.5,185,2025-12-15,2025-12-14T23:49:30Z,2025-12-14 15:50:05
Bovada,player_assists,Devin Booker,Under,7.5,-250,2025-12-15,2025-12-14T23:49:30Z,2025-12-14 15:50:05
Bovada,player_assists,Grayson Allen,Over,2.5,-215,2025-12-15,2025-12-14T23:49:30Z,2025-12-14 15:50:05
Bovada,player_assists,Grayson Allen,Under,2.5,160,2025-12-15,2025-12-14T23:49:30Z,2025-12-14 15:50:05
Bovada,player_assists,Grayson Allen,Over,3.5,115,2025-12-15,2025-12-14T23:49:30Z,2025-12-14 15:50:05
Bovada,player_assists,Grayson Allen,Under,3.5,-150,2025-12-15,2025-12-14T23:49:30Z,2025-12-14 15:50:05
Bovada,player_assists,LeBron James,Over,6.5,-215,2025-12-15,2025-12-14T23:49:30Z,2025-12-14 15:50:05
Bovada,player_assists,LeBron James,Under,6.5,160,2025-12-15,2025-12-14T23:49:30Z,2025-12-14 15:50:05
Bovada,player_assists,LeBron James,Over,7.5,-120,2025-12-15,2025-12-14T23:49:30Z,2025-12-14 15:50:05
Bovada,player_assists,LeBron James,Under,7.5,-110,2025-12-15,2025-12-14T23:49:30Z,2025-12-14 15:50:05
Bovada,player_assists,LeBron James,Over,8.5,145,2025-12-15,2025-12-14T23:49:30Z,2025-12-14 15:50:05
Bovada,player_assists,LeBron James,Under,8.5,-190,2025-12-15,2025-12-14T23:49:30Z,2025-12-14 15:50:05
Bovada,player_assists,Luka Doncic,Over,7.5,-275,2025-12-15,2025-12-14T23:49:30Z,2025-12-14 15:50:05
Bovada,player_assists,Luka Doncic,Under,7.5,200,2025-12-15,2025-12-14T23:49:30Z,2025-12-14 15:50:05
Bovada,player_assists,Luka Doncic,Over,8.5,-150,2025-12-15,2025-12-14T23:49:30Z,2025-12-14 15:50:05
Bovada,player_assists,Luka Doncic,Under,8.5,115,2025-12-15,2025-12-14T23:49:30Z,2025-12-14 15:50:05
Bovada,player_assists,Luka Doncic,Over,9.5,110,2025-12-15,2025-12-14T23:49:30Z,2025-12-14 15:50:05
Bovada,player_assists,Luka Doncic,Under,9.5,-145,2025-12-15,2025-12-14T23:49:30Z,2025-12-14 15:50:05
Bovada,player_assists,Luka Doncic,Over,10.5,180,2025-12-15,2025-12-14T23:49:30Z,2025-12-14 15:50:05
Bovada,player_assists,Luka Doncic,Under,10.5,-245,2025-12-15,2025-12-14T23:49:30Z,2025-12-14 15:50:05
Bovada,player_assists,Brandin Podziemski,Over,2.5,-105,2025-12-15,2025-12-14T23:49:01Z,2025-12-14 15:50:05
Bovada,player_assists,Brandin Podziemski,Under,2.5,-125,2025-12-15,2025-12-14T23:49:01Z,2025-12-14 15:50:05
Bovada,player_assists,Deni Avdija,Over,6.5,-230,2025-12-15,2025-12-14T23:49:01Z,2025-12-14 15:50:05
Bovada,player_assists,Deni Avdija,Under,6.5,170,2025-12-15,2025-12-14T23:49:01Z,2025-12-14 15:50:05
Bovada,player_assists,Deni Avdija,Over,7.5,-125,2025-12-15,2025-12-14T23:49:01Z,2025-12-14 15:50:05
Bovada,player_assists,Deni Avdija,Under,7.5,-105,2025-12-15,2025-12-14T23:49:01Z,2025-12-14 15:50:05
Bovada,player_assists,Deni Avdija,Over,8.5,140,2025-12-15,2025-12-14T23:49:01Z,2025-12-14 15:50:05
Bovada,player_assists,Deni Avdija,Under,8.5,-185,2025-12-15,2025-12-14T23:49:01Z,2025-12-14 15:50:05
Bovada,player_assists,Draymond Green,Over,4.5,-165,2025-12-15,2025-12-14T23:49:01Z,2025-12-14 15:50:05
Bovada,player_assists,Draymond Green,Under,4.5,125,2025-12-15,2025-12-14T23:49:01Z,2025-12-14 15:50:05
Bovada,player_assists,Draymond Green,Over,5.5,120,2025-12-15,2025-12-14T23:49:01Z,2025-12-14 15:50:05
Bovada,player_assists,Draymond Green,Under,5.5,-160,2025-12-15,2025-12-14T23:49:01Z,2025-12-14 15:50:05
Bovada,player_assists,Jerami Grant,Over,2.5,-115,2025-12-15,2025-12-14T23:49:01Z,2025-12-14 15:50:05
Bovada,player_assists,Jerami Grant,Under,2.5,-115,2025-12-15,2025-12-14T23:49:01Z,2025-12-14 15:50:05
Bovada,player_assists,Jerami Grant,Over,3.5,215,2025-12-15,2025-12-14T23:49:01Z,2025-12-14 15:50:05
Bovada,player_assists,Jerami Grant,Under,3.5,-300,2025-12-15,2025-12-14T23:49:01Z,2025-12-14 15:50:05
Bovada,player_assists,Jimmy Butler,Over,4.5,-145,2025-12-15,2025-12-14T23:49:01Z,2025-12-14 15:50:05
Bovada,player_assists,Jimmy Butler,Under,4.5,110,2025-12-15,2025-12-14T23:49:01Z,2025-12-14 15:50:05
Bovada,player_assists,Jimmy Butler,Over,5.5,135,2025-12-15,2025-12-14T23:49:01Z,2025-12-14 15:50:05
Bovada,player_assists,Jimmy Butler,Under,5.5,-180,2025-12-15,2025-12-14T23:49:01Z,2025-12-14 15:50:05
Bovada,player_assists,Shaedon Sharpe,Over,2.5,100,2025-12-15,2025-12-14T23:49:01Z,2025-12-14 15:50:05
Bovada,player_assists,Shaedon Sharpe,Under,2.5,-130,2025-12-15,2025-12-14T23:49:01Z,2025-12-14 15:50:05
Bovada,player_assists,Stephen Curry,Over,3.5,-210,2025-12-15,2025-12-14T23:49:01Z,2025-12-14 15:50:05
Bovada,player_assists,Stephen Curry,Under,3.5,155,2025-12-15,2025-12-14T23:49:01Z,2025-12-14 15:50:05
Bovada,player_assists,Stephen Curry,Over,4.5,105,2025-12-15,2025-12-14T23:49:01Z,2025-12-14 15:50:05
Bovada,player_assists,Stephen Curry,Under,4.5,-135,2025-12-15,2025-12-14T23:49:01Z,2025-12-14 15:50:05
Bovada,player_assists,Toumani Camara,Over,2.5,-105,2025-12-15,2025-12-14T23:49:01Z,2025-12-14 15:50:05
Bovada,player_assists,Toumani Camara,Under,2.5,-125,2025-12-15,2025-12-14T23:49:01Z,2025-12-14 15:50:05
BetRivers,player_assists,Trey Murphy III,Over,3.5,-110,2025-12-15,2025-12-14T23:50:03Z,2025-12-14 15:50:05
BetRivers,player_assists,Trey Murphy III,Under,3.5,-121,2025-12-15,2025-12-14T23:50:03Z,2025-12-14 15:50:05
BetRivers,player_assists,Josh Giddey,Over,9.5,106,2025-12-15,2025-12-14T23:50:03Z,2025-12-14 15:50:05
BetRivers,player_assists,Josh Giddey,Under,9.5,-141,2025-12-15,2025-12-14T23:50:03Z,2025-12-14 15:50:05
BetRivers,player_assists,Coby White,Over,4.5,-106,2025-12-15,2025-12-14T23:50:03Z,2025-12-14 15:50:05
BetRivers,player_assists,Coby White,Under,4.5,-125,2025-12-15,2025-12-14T23:50:03Z,2025-12-14 15:50:05
BetRivers,player_assists,Jeremiah Fears,Over,3.5,132,2025-12-15,2025-12-14T23:50:03Z,2025-12-14 15:50:05
BetRivers,player_assists,Jeremiah Fears,Under,3.5,-180,2025-12-15,2025-12-14T23:50:03Z,2025-12-14 15:50:05
BetRivers,player_assists,Derik Queen,Over,4.5,-139,2025-12-15,2025-12-14T23:50:03Z,2025-12-14 15:50:05
BetRivers,player_assists,Derik Queen,Under,4.5,105,2025-12-15,2025-12-14T23:50:03Z,2025-12-14 15:50:05
BetRivers,player_assists,Zion Williamson,Over,3.5,132,2025-12-15,2025-12-14T23:50:03Z,2025-12-14 15:50:05
BetRivers,player_assists,Zion Williamson,Under,3.5,-180,2025-12-15,2025-12-14T23:50:03Z,2025-12-14 15:50:05
BetRivers,player_assists,Nikola Vucevic,Over,2.5,-159,2025-12-15,2025-12-14T23:50:03Z,2025-12-14 15:50:05
BetRivers,player_assists,Nikola Vucevic,Under,2.5,120,2025-12-15,2025-12-14T23:50:03Z,2025-12-14 15:50:05
BetRivers,player_assists,Tre Jones,Over,4.5,110,2025-12-15,2025-12-14T23:50:03Z,2025-12-14 15:50:05
BetRivers,player_assists,Tre Jones,Under,4.5,-148,2025-12-15,2025-12-14T23:50:03Z,2025-12-14 15:50:05
BetRivers,player_assists,Zach LaVine,Over,2.5,-132,2025-12-15,2025-12-14T23:49:25Z,2025-12-14 15:50:05
BetRivers,player_assists,Zach LaVine,Under,2.5,100,2025-12-15,2025-12-14T23:49:25Z,2025-12-14 15:50:05
BetRivers,player_assists,Donte DiVincenzo,Over,4.5,100,2025-12-15,2025-12-14T23:49:25Z,2025-12-14 15:50:05
BetRivers,player_assists,Donte DiVincenzo,Under,4.5,-132,2025-12-15,2025-12-14T23:49:25Z,2025-12-14 15:50:05
BetRivers,player_assists,Julius Randle,Over,5.5,-162,2025-12-15,2025-12-14T23:49:25Z,2025-12-14 15:50:05
BetRivers,player_assists,Julius Randle,Under,5.5,123,2025-12-15,2025-12-14T23:49:25Z,2025-12-14 15:50:05
BetRivers,player_assists,DeMar DeRozan,Over,3.5,112,2025-12-15,2025-12-14T23:49:25Z,2025-12-14 15:50:05
BetRivers,player_assists,DeMar DeRozan,Under,3.5,-150,2025-12-15,2025-12-14T23:49:25Z,2025-12-14 15:50:05
BetRivers,player_assists,Russell Westbrook,Over,6.5,-130,2025-12-15,2025-12-14T23:49:25Z,2025-12-14 15:50:05
BetRivers,player_assists,Russell Westbrook,Under,6.5,-103,2025-12-15,2025-12-14T23:49:25Z,2025-12-14 15:50:05
BetRivers,player_assists,Malik Monk,Over,2.5,105,2025-12-15,2025-12-14T23:49:25Z,2025-12-14 15:50:05
BetRivers,player_assists,Malik Monk,Under,2.5,-139,2025-12-15,2025-12-14T23:49:25Z,2025-12-14 15:50:05
BetRivers,player_assists,Jaden McDaniels,Over,2.5,-155,2025-12-15,2025-12-14T23:49:25Z,2025-12-14 15:50:05
BetRivers,player_assists,Jaden McDaniels,Under,2.5,115,2025-12-15,2025-12-14T23:49:25Z,2025-12-14 15:50:05
BetRivers,player_assists,Royce O'Neale,Over,2.5,-118,2025-12-15,2025-12-14T23:50:15Z,2025-12-14 15:50:05
BetRivers,player_assists,Royce O'Neale,Under,2.5,-113,2025-12-15,2025-12-14T23:50:15Z,2025-12-14 15:50:05
BetRivers,player_assists,Collin Gillespie,Over,4.5,-130,2025-12-15,2025-12-14T23:50:15Z,2025-12-14 15:50:05
BetRivers,player_assists,Collin Gillespie,Under,4.5,-103,2025-12-15,2025-12-14T23:50:15Z,2025-12-14 15:50:05
BetRivers,player_assists,Luka Doncic,Over,8.5,-127,2025-12-15,2025-12-14T23:50:15Z,2025-12-14 15:50:05
BetRivers,player_assists,Luka Doncic,Under,8.5,-105,2025-12-15,2025-12-14T23:50:15Z,2025-12-14 15:50:05
BetRivers,player_assists,Rui Hachimura,Over,1.5,165,2025-12-15,2025-12-14T23:50:15Z,2025-12-14 15:50:05
BetRivers,player_assists,Rui Hachimura,Under,1.5,-230,2025-12-15,2025-12-14T23:50:15Z,2025-12-14 15:50:05
BetRivers,player_assists,LeBron James,Over,7.5,-104,2025-12-15,2025-12-14T23:50:15Z,2025-12-14 15:50:05
BetRivers,player_assists,LeBron James,Under,7.5,-129,2025-12-15,2025-12-14T23:50:15Z,2025-12-14 15:50:05
BetRivers,player_assists,Grayson Allen,Over,3.5,106,2025-12-15,2025-12-14T23:50:15Z,2025-12-14 15:50:05
BetRivers,player_assists,Grayson Allen,Under,3.5,-141,2025-12-15,2025-12-14T23:50:15Z,2025-12-14 15:50:05
BetRivers,player_assists,Marcus Smart,Over,2.5,-177,2025-12-15,2025-12-14T23:50:15Z,2025-12-14 15:50:05
BetRivers,player_assists,Marcus Smart,Under,2.5,130,2025-12-15,2025-12-14T23:50:15Z,2025-12-14 15:50:05
BetRivers,player_assists,Devin Booker,Over,6.5,105,2025-12-15,2025-12-14T23:50:15Z,2025-12-14 15:50:05
BetRivers,player_assists,Devin Booker,Under,6.5,-139,2025-12-15,2025-12-14T23:50:15Z,2025-12-14 15:50:05
BetRivers,player_assists,Stephen Curry,Over,4.5,130,2025-12-15,2025-12-14T23:49:37Z,2025-12-14 15:50:05
BetRivers,player_assists,Stephen Curry,Under,4.5,-175,2025-12-15,2025-12-14T23:49:37Z,2025-12-14 15:50:05
BetRivers,player_assists,Brandin Podziemski,Over,2.5,108,2025-12-15,2025-12-14T23:49:37Z,2025-12-14 15:50:05
BetRivers,player_assists,Brandin Podziemski,Under,2.5,-143,2025-12-15,2025-12-14T23:49:37Z,2025-12-14 15:50:05
BetRivers,player_assists,Deni Avdija,Over,7.5,106,2025-12-15,2025-12-14T23:49:37Z,2025-12-14 15:50:05
BetRivers,player_assists,Deni Avdija,Under,7.5,-141,2025-12-15,2025-12-14T23:49:37Z,2025-12-14 15:50:05
BetRivers,player_assists,Jimmy Butler,Over,5.5,120,2025-12-15,2025-12-14T23:49:37Z,2025-12-14 15:50:05
BetRivers,player_assists,Jimmy Butler,Under,5.5,-159,2025-12-15,2025-12-14T23:49:37Z,2025-12-14 15:50:05
BetRivers,player_assists,Shaedon Sharpe,Over,2.5,-129,2025-12-15,2025-12-14T23:49:37Z,2025-12-14 15:50:05
BetRivers,player_assists,Shaedon Sharpe,Under,2.5,-104,2025-12-15,2025-12-14T23:49:37Z,2025-12-14 15:50:05
BetRivers,player_assists,Jerami Grant,Over,2.5,-125,2025-12-15,2025-12-14T23:49:37Z,2025-12-14 15:50:05
BetRivers,player_assists,Jerami Grant,Under,2.5,-106,2025-12-15,2025-12-14T23:49:37Z,2025-12-14 15:50:05
BetRivers,player_assists,Toumani Camara,Over,2.5,-115,2025-12-15,2025-12-14T23:49:37Z,2025-12-14 15:50:05
BetRivers,player_assists,Toumani Camara,Under,2.5,-115,2025-12-15,2025-12-14T23:49:37Z,2025-12-14 15:50:05
BetRivers,player_assists,Draymond Green,Over,5.5,120,2025-12-15,2025-12-14T23:49:37Z,2025-12-14 15:50:05
BetRivers,player_assists,Draymond Green,Under,5.5,-162,2025-12-15,2025-12-14T23:49:37Z,2025-12-14 15:50:05
BetOnline.ag,player_assists,Coby White,Over,4.5,100,2025-12-15,2025-12-14T23:49:53Z,2025-12-14 15:50:05
BetOnline.ag,player_assists,Coby White,Under,4.5,-130,2025-12-15,2025-12-14T23:49:53Z,2025-12-14 15:50:05
BetOnline.ag,player_assists,Nikola Vucevic,Over,2.5,-156,2025-12-15,2025-12-14T23:49:53Z,2025-12-14 15:50:05
BetOnline.ag,player_assists,Nikola Vucevic,Under,2.5,121,2025-12-15,2025-12-14T23:49:53Z,2025-12-14 15:50:05
BetOnline.ag,player_assists,Herb Jones,Over,2.5,126,2025-12-15,2025-12-14T23:49:53Z,2025-12-14 15:50:05
BetOnline.ag,player_assists,Herb Jones,Under,2.5,-164,2025-12-15,2025-12-14T23:49:53Z,2025-12-14 15:50:05
BetOnline.ag,player_assists,Trey Murphy III,Over,3.5,-111,2025-12-15,2025-12-14T23:49:53Z,2025-12-14 15:50:05
BetOnline.ag,player_assists,Trey Murphy III,Under,3.5,-116,2025-12-15,2025-12-14T23:49:53Z,2025-12-14 15:50:05
BetOnline.ag,player_assists,Josh Giddey,Over,9.5,103,2025-12-15,2025-12-14T23:49:53Z,2025-12-14 15:50:05
BetOnline.ag,player_assists,Josh Giddey,Under,9.5,-133,2025-12-15,2025-12-14T23:49:53Z,2025-12-14 15:50:05
BetOnline.ag,player_assists,Tre Jones,Over,4.5,113,2025-12-15,2025-12-14T23:49:53Z,2025-12-14 15:50:05
BetOnline.ag,player_assists,Tre Jones,Under,4.5,-147,2025-12-15,2025-12-14T23:49:53Z,2025-12-14 15:50:05
BetOnline.ag,player_assists,Jeremiah Fears,Over,3.5,126,2025-12-15,2025-12-14T23:49:53Z,2025-12-14 15:50:05
BetOnline.ag,player_assists,Jeremiah Fears,Under,3.5,-164,2025-12-15,2025-12-14T23:49:53Z,2025-12-14 15:50:05
BetOnline.ag,player_assists,Jordan Poole,Over,2.5,-152,2025-12-15,2025-12-14T23:49:53Z,2025-12-14 15:50:05
BetOnline.ag,player_assists,Jordan Poole,Under,2.5,117,2025-12-15,2025-12-14T23:49:53Z,2025-12-14 15:50:05
BetOnline.ag,player_assists,Derik Queen,Over,4.5,-132,2025-12-15,2025-12-14T23:49:53Z,2025-12-14 15:50:05
BetOnline.ag,player_assists,Derik Queen,Under,4.5,102,2025-12-15,2025-12-14T23:49:53Z,2025-12-14 15:50:05
BetOnline.ag,player_assists,Jaden McDaniels,Over,2.5,-137,2025-12-15,2025-12-14T23:49:52Z,2025-12-14 15:50:05
BetOnline.ag,player_assists,Jaden McDaniels,Under,2.5,106,2025-12-15,2025-12-14T23:49:52Z,2025-12-14 15:50:05
BetOnline.ag,player_assists,DeMar DeRozan,Over,3.5,117,2025-12-15,2025-12-14T23:49:52Z,2025-12-14 15:50:05
BetOnline.ag,player_assists,DeMar DeRozan,Under,3.5,-152,2025-12-15,2025-12-14T23:49:52Z,2025-12-14 15:50:05
BetOnline.ag,player_assists,Dennis Schroder,Over,4.5,102,2025-12-15,2025-12-14T23:49:52Z,2025-12-14 15:50:05
BetOnline.ag,player_assists,Dennis Schroder,Under,4.5,-132,2025-12-15,2025-12-14T23:49:52Z,2025-12-14 15:50:05
BetOnline.ag,player_assists,Zach LaVine,Over,2.5,-127,2025-12-15,2025-12-14T23:49:52Z,2025-12-14 15:50:05
BetOnline.ag,player_assists,Zach LaVine,Under,2.5,-102,2025-12-15,2025-12-14T23:49:52Z,2025-12-14 15:50:05
BetOnline.ag,player_assists,Julius Randle,Over,6.5,115,2025-12-15,2025-12-14T23:49:52Z,2025-12-14 15:50:05
BetOnline.ag,player_assists,Julius Randle,Under,6.5,-149,2025-12-15,2025-12-14T23:49:52Z,2025-12-14 15:50:05
BetOnline.ag,player_assists,Malik Monk,Over,2.5,-108,2025-12-15,2025-12-14T23:49:52Z,2025-12-14 15:50:05
BetOnline.ag,player_assists,Malik Monk,Under,2.5,-120,2025-12-15,2025-12-14T23:49:52Z,2025-12-14 15:50:05
BetOnline.ag,player_assists,Donte DiVincenzo,Over,4.5,128,2025-12-15,2025-12-14T23:49:52Z,2025-12-14 15:50:05
BetOnline.ag,player_assists,Donte DiVincenzo,Under,4.5,-167,2025-12-15,2025-12-14T23:49:52Z,2025-12-14 15:50:05
BetOnline.ag,player_assists,Naz Reid,Over,2.5,-139,2025-12-15,2025-12-14T23:49:52Z,2025-12-14 15:50:05
BetOnline.ag,player_assists,Naz Reid,Under,2.5,107,2025-12-15,2025-12-14T23:49:52Z,2025-12-14 15:50:05
BetOnline.ag,player_assists,Russell Westbrook,Over,6.5,-128,2025-12-15,2025-12-14T23:49:52Z,2025-12-14 15:50:05
BetOnline.ag,player_assists,Russell Westbrook,Under,6.5,-101,2025-12-15,2025-12-14T23:49:52Z,2025-12-14 15:50:05
BetOnline.ag,player_assists,Devin Booker,Over,6.5,106,2025-12-15,2025-12-14T23:49:19Z,2025-12-14 15:50:05
BetOnline.ag,player_assists,Devin Booker,Under,6.5,-137,2025-12-15,2025-12-14T23:49:19Z,2025-12-14 15:50:05
BetOnline.ag,player_assists,LeBron James,Over,7.5,-102,2025-12-15,2025-12-14T23:49:19Z,2025-12-14 15:50:05
BetOnline.ag,player_assists,LeBron James,Under,7.5,-127,2025-12-15,2025-12-14T23:49:19Z,2025-12-14 15:50:05
BetOnline.ag,player_assists,Grayson Allen,Over,3.5,113,2025-12-15,2025-12-14T23:49:19Z,2025-12-14 15:50:05
BetOnline.ag,player_assists,Grayson Allen,Under,3.5,-147,2025-12-15,2025-12-14T23:49:19Z,2025-12-14 15:50:05
BetOnline.ag,player_assists,Royce O'Neale,Over,2.5,-109,2025-12-15,2025-12-14T23:49:19Z,2025-12-14 15:50:05
BetOnline.ag,player_assists,Royce O'Neale,Under,2.5,-119,2025-12-15,2025-12-14T23:49:19Z,2025-12-14 15:50:05
BetOnline.ag,player_assists,Dillon Brooks,Over,2.5,152,2025-12-15,2025-12-14T23:49:19Z,2025-12-14 15:50:05
BetOnline.ag,player_assists,Dillon Brooks,Under,2.5,-200,2025-12-15,2025-12-14T23:49:19Z,2025-12-14 15:50:05
BetOnline.ag,player_assists,Collin Gillespie,Over,4.5,-110,2025-12-15,2025-12-14T23:49:19Z,2025-12-14 15:50:05
BetOnline.ag,player_assists,Collin Gillespie,Under,4.5,-118,2025-12-15,2025-12-14T23:49:19Z,2025-12-14 15:50:05
BetOnline.ag,player_assists,Marcus Smart,Over,2.5,-169,2025-12-15,2025-12-14T23:49:19Z,2025-12-14 15:50:05
BetOnline.ag,player_assists,Marcus Smart,Under,2.5,130,2025-12-15,2025-12-14T23:49:19Z,2025-12-14 15:50:05
BetOnline.ag,player_assists,Stephen Curry,Over,4.5,126,2025-12-15,2025-12-14T23:48:22Z,2025-12-14 15:50:05
BetOnline.ag,player_assists,Stephen Curry,Under,4.5,-164,2025-12-15,2025-12-14T23:48:22Z,2025-12-14 15:50:05
BetOnline.ag,player_assists,Jerami Grant,Over,2.5,-123,2025-12-15,2025-12-14T23:48:22Z,2025-12-14 15:50:05
BetOnline.ag,player_assists,Jerami Grant,Under,2.5,-104,2025-12-15,2025-12-14T23:48:22Z,2025-12-14 15:50:05
BetOnline.ag,player_assists,Jimmy Butler,Over,5.5,109,2025-12-15,2025-12-14T23:48:22Z,2025-12-14 15:50:05
BetOnline.ag,player_assists,Jimmy Butler,Under,5.5,-141,2025-12-15,2025-12-14T23:48:22Z,2025-12-14 15:50:05
BetOnline.ag,player_assists,Toumani Camara,Over,2.5,-109,2025-12-15,2025-12-14T23:48:22Z,2025-12-14 15:50:05
BetOnline.ag,player_assists,Toumani Camara,Under,2.5,-119,2025-12-15,2025-12-14T23:48:22Z,2025-12-14 15:50:05
BetOnline.ag,player_assists,Shaedon Sharpe,Over,2.5,-130,2025-12-15,2025-12-14T23:48:22Z,2025-12-14 15:50:05
BetOnline.ag,player_assists,Shaedon Sharpe,Under,2.5,101,2025-12-15,2025-12-14T23:48:22Z,2025-12-14 15:50:05
BetOnline.ag,player_assists,Brandin Podziemski,Over,2.5,-103,2025-12-15,2025-12-14T23:48:22Z,2025-12-14 15:50:05
BetOnline.ag,player_assists,Brandin Podziemski,Under,2.5,-125,2025-12-15,2025-12-14T23:48:22Z,2025-12-14 15:50:05
BetOnline.ag,player_assists,Buddy Hield,Over,1.5,-135,2025-12-15,2025-12-14T23:48:22Z,2025-12-14 15:50:05
BetOnline.ag,player_assists,Buddy Hield,Under,1.5,105,2025-12-15,2025-12-14T23:48:22Z,2025-12-14 15:50:05
BetOnline.ag,player_assists,Deni Avdija,Over,7.5,102,2025-12-15,2025-12-14T23:48:22Z,2025-12-14 15:50:05
BetOnline.ag,player_assists,Deni Avdija,Under,7.5,-132,2025-12-15,2025-12-14T23:48:22Z,2025-12-14 15:50:05
BetOnline.ag,player_assists,Draymond Green,Over,4.5,-159,2025-12-15,2025-12-14T23:48:22Z,2025-12-14 15:50:05
BetOnline.ag,player_assists,Draymond Green,Under,4.5,122,2025-12-15,2025-12-14T23:48:22Z,2025-12-14 15:50:05
BetMGM,player_assists,Herb Jones,Over,1.5,-190,2025-12-15,2025-12-14T23:49:22Z,2025-12-14 15:50:05
BetMGM,player_assists,Herb Jones,Under,1.5,140,2025-12-15,2025-12-14T23:49:22Z,2025-12-14 15:50:05
BetMGM,player_assists,Trey Murphy III,Over,3.5,-110,2025-12-15,2025-12-14T23:49:22Z,2025-12-14 15:50:05
BetMGM,player_assists,Trey Murphy III,Under,3.5,-120,2025-12-15,2025-12-14T23:49:22Z,2025-12-14 15:50:05
BetMGM,player_assists,Josh Giddey,Over,9.5,-105,2025-12-15,2025-12-14T23:49:22Z,2025-12-14 15:50:05
BetMGM,player_assists,Josh Giddey,Under,9.5,-130,2025-12-15,2025-12-14T23:49:22Z,2025-12-14 15:50:05
BetMGM,player_assists,Jalen Smith,Over,0.5,-190,2025-12-15,2025-12-14T23:49:22Z,2025-12-14 15:50:05
BetMGM,player_assists,Jalen Smith,Under,0.5,140,2025-12-15,2025-12-14T23:49:22Z,2025-12-14 15:50:05
BetMGM,player_assists,Nikola Vucevic,Over,2.5,-160,2025-12-15,2025-12-14T23:49:22Z,2025-12-14 15:50:05
BetMGM,player_assists,Nikola Vucevic,Under,2.5,120,2025-12-15,2025-12-14T23:49:22Z,2025-12-14 15:50:05
BetMGM,player_assists,Zion Williamson,Over,3.5,125,2025-12-15,2025-12-14T23:49:22Z,2025-12-14 15:50:05
BetMGM,player_assists,Zion Williamson,Under,3.5,-165,2025-12-15,2025-12-14T23:49:22Z,2025-12-14 15:50:05
BetMGM,player_assists,Derik Queen,Over,4.5,-130,2025-12-15,2025-12-14T23:49:22Z,2025-12-14 15:50:05
BetMGM,player_assists,Derik Queen,Under,4.5,-105,2025-12-15,2025-12-14T23:49:22Z,2025-12-14 15:50:05
BetMGM,player_assists,Jordan Poole,Over,2.5,-135,2025-12-15,2025-12-14T23:49:22Z,2025-12-14 15:50:05
BetMGM,player_assists,Jordan Poole,Under,2.5,100,2025-12-15,2025-12-14T23:49:22Z,2025-12-14 15:50:05
BetMGM,player_assists,Coby White,Over,4.5,110,2025-12-15,2025-12-14T23:49:22Z,2025-12-14 15:50:05
BetMGM,player_assists,Coby White,Under,4.5,-150,2025-12-15,2025-12-14T23:49:22Z,2025-12-14 15:50:05
BetMGM,player_assists,Jose Alvarado,Over,3.5,120,2025-12-15,2025-12-14T23:49:22Z,2025-12-14 15:50:05
BetMGM,player_assists,Jose Alvarado,Under,3.5,-160,2025-12-15,2025-12-14T23:49:22Z,2025-12-14 15:50:05
BetMGM,player_assists,Patrick Williams,Over,1.5,175,2025-12-15,2025-12-14T23:49:22Z,2025-12-14 15:50:05
BetMGM,player_assists,Patrick Williams,Under,1.5,-235,2025-12-15,2025-12-14T23:49:22Z,2025-12-14 15:50:05
BetMGM,player_assists,Matas Buzelis,Over,1.5,-105,2025-12-15,2025-12-14T23:49:22Z,2025-12-14 15:50:05
BetMGM,player_assists,Matas Buzelis,Under,1.5,-125,2025-12-15,2025-12-14T23:49:22Z,2025-12-14 15:50:05
BetMGM,player_assists,Isaac Okoro,Over,1.5,135,2025-12-15,2025-12-14T23:49:22Z,2025-12-14 15:50:05
BetMGM,player_assists,Isaac Okoro,Under,1.5,-185,2025-12-15,2025-12-14T23:49:22Z,2025-12-14 15:50:05
BetMGM,player_assists,Jeremiah Fears,Over,2.5,-175,2025-12-15,2025-12-14T23:49:22Z,2025-12-14 15:50:05
BetMGM,player_assists,Jeremiah Fears,Under,2.5,130,2025-12-15,2025-12-14T23:49:22Z,2025-12-14 15:50:05
BetMGM,player_assists,Zach Collins,Over,1.5,-140,2025-12-15,2025-12-14T23:49:22Z,2025-12-14 15:50:05
BetMGM,player_assists,Zach Collins,Under,1.5,105,2025-12-15,2025-12-14T23:49:22Z,2025-12-14 15:50:05
BetMGM,player_assists,Tre Jones,Over,3.5,-160,2025-12-15,2025-12-14T23:49:22Z,2025-12-14 15:50:05
BetMGM,player_assists,Tre Jones,Under,3.5,120,2025-12-15,2025-12-14T23:49:22Z,2025-12-14 15:50:05
BetMGM,player_assists,Kevin Huerter,Over,1.5,-160,2025-12-15,2025-12-14T23:49:22Z,2025-12-14 15:50:05
BetMGM,player_assists,Kevin Huerter,Under,1.5,120,2025-12-15,2025-12-14T23:49:22Z,2025-12-14 15:50:05
BetMGM,player_assists,Saddiq Bey,Over,2.5,150,2025-12-15,2025-12-14T23:49:22Z,2025-12-14 15:50:05
BetMGM,player_assists,Saddiq Bey,Under,2.5,-200,2025-12-15,2025-12-14T23:49:22Z,2025-12-14 15:50:05
BetMGM,player_assists,Naz Reid,Over,2.5,-145,2025-12-15,2025-12-14T23:49:31Z,2025-12-14 15:50:05
BetMGM,player_assists,Naz Reid,Under,2.5,110,2025-12-15,2025-12-14T23:49:31Z,2025-12-14 15:50:05
BetMGM,player_assists,Jaden McDaniels,Over,2.5,-165,2025-12-15,2025-12-14T23:49:31Z,2025-12-14 15:50:05
BetMGM,player_assists,Jaden McDaniels,Under,2.5,125,2025-12-15,2025-12-14T23:49:31Z,2025-12-14 15:50:05
BetMGM,player_assists,Maxime Raynaud,Over,1.5,140,2025-12-15,2025-12-14T23:49:31Z,2025-12-14 15:50:05
BetMGM,player_assists,Maxime Raynaud,Under,1.5,-190,2025-12-15,2025-12-14T23:49:31Z,2025-12-14 15:50:05
BetMGM,player_assists,Zach LaVine,Over,2.5,-115,2025-12-15,2025-12-14T23:49:31Z,2025-12-14 15:50:05
BetMGM,player_assists,Zach LaVine,Under,2.5,-115,2025-12-15,2025-12-14T23:49:31Z,2025-12-14 15:50:05
BetMGM,player_assists,Keegan Murray,Over,1.5,130,2025-12-15,2025-12-14T23:49:31Z,2025-12-14 15:50:05
BetMGM,player_assists,Keegan Murray,Under,1.5,-175,2025-12-15,2025-12-14T23:49:31Z,2025-12-14 15:50:05
BetMGM,player_assists,Julius Randle,Over,6.5,110,2025-12-15,2025-12-14T23:49:31Z,2025-12-14 15:50:05
BetMGM,player_assists,Julius Randle,Under,6.5,-150,2025-12-15,2025-12-14T23:49:31Z,2025-12-14 15:50:05
BetMGM,player_assists,Rudy Gobert,Over,1.5,-120,2025-12-15,2025-12-14T23:49:31Z,2025-12-14 15:50:05
BetMGM,player_assists,Rudy Gobert,Under,1.5,-110,2025-12-15,2025-12-14T23:49:31Z,2025-12-14 15:50:05
BetMGM,player_assists,Malik Monk,Over,2.5,-120,2025-12-15,2025-12-14T23:49:31Z,2025-12-14 15:50:05
BetMGM,player_assists,Malik Monk,Under,2.5,-110,2025-12-15,2025-12-14T23:49:31Z,2025-12-14 15:50:05
BetMGM,player_assists,Russell Westbrook,Over,6.5,-135,2025-12-15,2025-12-14T23:49:31Z,2025-12-14 15:50:05
BetMGM,player_assists,Russell Westbrook,Under,6.5,100,2025-12-15,2025-12-14T23:49:31Z,2025-12-14 15:50:05
BetMGM,player_assists,DeMar DeRozan,Over,2.5,-155,2025-12-15,2025-12-14T23:49:31Z,2025-12-14 15:50:05
BetMGM,player_assists,DeMar DeRozan,Under,2.5,115,2025-12-15,2025-12-14T23:49:31Z,2025-12-14 15:50:05
BetMGM,player_assists,Donte DiVincenzo,Over,4.5,125,2025-12-15,2025-12-14T23:49:31Z,2025-12-14 15:50:05
BetMGM,player_assists,Donte DiVincenzo,Under,4.5,-165,2025-12-15,2025-12-14T23:49:31Z,2025-12-14 15:50:05
BetMGM,player_assists,Dennis Schroder,Over,4.5,-110,2025-12-15,2025-12-14T23:49:31Z,2025-12-14 15:50:05
BetMGM,player_assists,Dennis Schroder,Under,4.5,-120,2025-12-15,2025-12-14T23:49:31Z,2025-12-14 15:50:05
BetMGM,player_assists,Bones Hyland,Over,4.5,-110,2025-12-15,2025-12-14T23:49:31Z,2025-12-14 15:50:05
BetMGM,player_assists,Bones Hyland,Under,4.5,-120,2025-12-15,2025-12-14T23:49:31Z,2025-12-14 15:50:05
BetMGM,player_assists,Terrence Shannon Jr.,Over,1.5,-155,2025-12-15,2025-12-14T23:49:31Z,2025-12-14 15:50:05
BetMGM,player_assists,Terrence Shannon Jr.,Under,1.5,115,2025-12-15,2025-12-14T23:49:31Z,2025-12-14 15:50:05
BetMGM,player_assists,Jaylen Clark,Over,0.5,105,2025-12-15,2025-12-14T23:49:31Z,2025-12-14 15:50:05
BetMGM,player_assists,Jaylen Clark,Under,0.5,-140,2025-12-15,2025-12-14T23:49:31Z,2025-12-14 15:50:05
BetMGM,player_assists,Rui Hachimura,Over,0.5,-210,2025-12-15,2025-12-14T23:50:08Z,2025-12-14 15:50:05
BetMGM,player_assists,Rui Hachimura,Under,0.5,155,2025-12-15,2025-12-14T23:50:08Z,2025-12-14 15:50:05
BetMGM,player_assists,Luka Doncic,Over,8.5,-120,2025-12-15,2025-12-14T23:50:08Z,2025-12-14 15:50:05
BetMGM,player_assists,Luka Doncic,Under,8.5,-110,2025-12-15,2025-12-14T23:50:08Z,2025-12-14 15:50:05
BetMGM,player_assists,Royce O'Neale,Over,2.5,-105,2025-12-15,2025-12-14T23:50:08Z,2025-12-14 15:50:05
BetMGM,player_assists,Royce O'Neale,Under,2.5,-130,2025-12-15,2025-12-14T23:50:08Z,2025-12-14 15:50:05
BetMGM,player_assists,Mark Williams,Over,1.5,140,2025-12-15,2025-12-14T23:50:08Z,2025-12-14 15:50:05
BetMGM,player_assists,Mark Williams,Under,1.5,-190,2025-12-15,2025-12-14T23:50:08Z,2025-12-14 15:50:05
BetMGM,player_assists,Deandre Ayton,Over,0.5,-165,2025-12-15,2025-12-14T23:50:08Z,2025-12-14 15:50:05
BetMGM,player_assists,Deandre Ayton,Under,0.5,125,2025-12-15,2025-12-14T23:50:08Z,2025-12-14 15:50:05
BetMGM,player_assists,Grayson Allen,Over,3.5,125,2025-12-15,2025-12-14T23:50:08Z,2025-12-14 15:50:05
BetMGM,player_assists,Grayson Allen,Under,3.5,-165,2025-12-15,2025-12-14T23:50:08Z,2025-12-14 15:50:05
BetMGM,player_assists,LeBron James,Over,7.5,-110,2025-12-15,2025-12-14T23:50:08Z,2025-12-14 15:50:05
BetMGM,player_assists,LeBron James,Under,7.5,-125,2025-12-15,2025-12-14T23:50:08Z,2025-12-14 15:50:05
BetMGM,player_assists,Devin Booker,Over,6.5,-105,2025-12-15,2025-12-14T23:50:08Z,2025-12-14 15:50:05
BetMGM,player_assists,Devin Booker,Under,6.5,-130,2025-12-15,2025-12-14T23:50:08Z,2025-12-14 15:50:05
BetMGM,player_assists,Jake LaRavia,Over,1.5,155,2025-12-15,2025-12-14T23:50:08Z,2025-12-14 15:50:05
BetMGM,player_assists,Jake LaRavia,Under,1.5,-210,2025-12-15,2025-12-14T23:50:08Z,2025-12-14 15:50:05
BetMGM,player_assists,Dillon Brooks,Over,1.5,-135,2025-12-15,2025-12-14T23:50:08Z,2025-12-14 15:50:05
BetMGM,player_assists,Dillon Brooks,Under,1.5,100,2025-12-15,2025-12-14T23:50:08Z,2025-12-14 15:50:05
BetMGM,player_assists,Marcus Smart,Over,2.5,-165,2025-12-15,2025-12-14T23:50:08Z,2025-12-14 15:50:05
BetMGM,player_assists,Marcus Smart,Under,2.5,125,2025-12-15,2025-12-14T23:50:08Z,2025-12-14 15:50:05
BetMGM,player_assists,Collin Gillespie,Over,4.5,-110,2025-12-15,2025-12-14T23:50:08Z,2025-12-14 15:50:05
BetMGM,player_assists,Collin Gillespie,Under,4.5,-118,2025-12-15,2025-12-14T23:50:08Z,2025-12-14 15:50:05
BetMGM,player_assists,Brandin Podziemski,Over,2.5,-105,2025-12-15,2025-12-14T23:49:43Z,2025-12-14 15:50:05
BetMGM,player_assists,Brandin Podziemski,Under,2.5,-125,2025-12-15,2025-12-14T23:49:43Z,2025-12-14 15:50:05
BetMGM,player_assists,Draymond Green,Over,4.5,-160,2025-12-15,2025-12-14T23:49:43Z,2025-12-14 15:50:05
BetMGM,player_assists,Draymond Green,Under,4.5,120,2025-12-15,2025-12-14T23:49:43Z,2025-12-14 15:50:05
BetMGM,player_assists,Stephen Curry,Over,3.5,-165,2025-12-15,2025-12-14T23:49:43Z,2025-12-14 15:50:05
BetMGM,player_assists,Stephen Curry,Under,3.5,125,2025-12-15,2025-12-14T23:49:43Z,2025-12-14 15:50:05
BetMGM,player_assists,Buddy Hield,Over,1.5,-125,2025-12-15,2025-12-14T23:49:43Z,2025-12-14 15:50:05
BetMGM,player_assists,Buddy Hield,Under,1.5,-105,2025-12-15,2025-12-14T23:49:43Z,2025-12-14 15:50:05
BetMGM,player_assists,Jerami Grant,Over,2.5,-115,2025-12-15,2025-12-14T23:49:43Z,2025-12-14 15:50:05
BetMGM,player_assists,Jerami Grant,Under,2.5,-115,2025-12-15,2025-12-14T23:49:43Z,2025-12-14 15:50:05
BetMGM,player_assists,Donovan Clingan,Over,1.5,-125,2025-12-15,2025-12-14T23:49:43Z,2025-12-14 15:50:05
BetMGM,player_assists,Donovan Clingan,Under,1.5,-105,2025-12-15,2025-12-14T23:49:43Z,2025-12-14 15:50:05
BetMGM,player_assists,Deni Avdija,Over,7.5,-110,2025-12-15,2025-12-14T23:49:43Z,2025-12-14 15:50:05
BetMGM,player_assists,Deni Avdija,Under,7.5,-120,2025-12-15,2025-12-14T23:49:43Z,2025-12-14 15:50:05
BetMGM,player_assists,Quinten Post,Over,1.5,-140,2025-12-15,2025-12-14T23:49:43Z,2025-12-14 15:50:05
BetMGM,player_assists,Quinten Post,Under,1.5,105,2025-12-15,2025-12-14T23:49:43Z,2025-12-14 15:50:05
BetMGM,player_assists,Shaedon Sharpe,Over,2.5,-115,2025-12-15,2025-12-14T23:49:43Z,2025-12-14 15:50:05
BetMGM,player_assists,Shaedon Sharpe,Under,2.5,-118,2025-12-15,2025-12-14T23:49:43Z,2025-12-14 15:50:05
BetMGM,player_assists,Toumani Camara,Over,2.5,-110,2025-12-15,2025-12-14T23:49:43Z,2025-12-14 15:50:05
BetMGM,player_assists,Toumani Camara,Under,2.5,-118,2025-12-15,2025-12-14T23:49:43Z,2025-12-14 15:50:05
BetMGM,player_assists,Moses Moody,Over,1.5,100,2025-12-15,2025-12-14T23:49:43Z,2025-12-14 15:50:05
BetMGM,player_assists,Moses Moody,Under,1.5,-135,2025-12-15,2025-12-14T23:49:43Z,2025-12-14 15:50:05
BetMGM,player_assists,Jimmy Butler,Over,5.5,120,2025-12-15,2025-12-14T23:49:43Z,2025-12-14 15:50:05
BetMGM,player_assists,Jimmy Butler,Under,5.5,-160,2025-12-15,2025-12-14T23:49:43Z,2025-12-14 15:50:05
BetMGM,player_assists,Kris Murray,Over,0.5,-225,2025-12-15,2025-12-14T23:49:43Z,2025-12-14 15:50:05
BetMGM,player_assists,Kris Murray,Under,0.5,165,2025-12-15,2025-12-14T23:49:43Z,2025-12-14 15:50:05
FanDuel,player_threes,Zaccharie Risacher,Over,0.5,-146,2025-12-14,2025-12-14T23:50:02Z,2025-12-14 15:50:05
FanDuel,player_threes,Zaccharie Risacher,Under,0.5,110,2025-12-14,2025-12-14T23:50:02Z,2025-12-14 15:50:05
FanDuel,player_threes,Jared McCain,Over,0.5,-114,2025-12-14,2025-12-14T23:50:02Z,2025-12-14 15:50:05
FanDuel,player_threes,Jared McCain,Under,0.5,-114,2025-12-14,2025-12-14T23:50:02Z,2025-12-14 15:50:05
FanDuel,player_threes,Joel Embiid,Over,0.5,-245,2025-12-14,2025-12-14T23:50:02Z,2025-12-14 15:50:05
FanDuel,player_threes,Joel Embiid,Under,0.5,178,2025-12-14,2025-12-14T23:50:02Z,2025-12-14 15:50:05
FanDuel,player_threes,Jalen Johnson,Over,1.5,182,2025-12-14,2025-12-14T23:50:02Z,2025-12-14 15:50:05
FanDuel,player_threes,Jalen Johnson,Under,1.5,-250,2025-12-14,2025-12-14T23:50:02Z,2025-12-14 15:50:05
FanDuel,player_threes,VJ Edgecombe,Over,2.5,178,2025-12-14,2025-12-14T23:50:02Z,2025-12-14 15:50:05
FanDuel,player_threes,VJ Edgecombe,Under,2.5,-245,2025-12-14,2025-12-14T23:50:02Z,2025-12-14 15:50:05
FanDuel,player_threes,Paul George,Over,5.5,-114,2025-12-14,2025-12-14T23:50:02Z,2025-12-14 15:50:05
FanDuel,player_threes,Paul George,Under,5.5,-114,2025-12-14,2025-12-14T23:50:02Z,2025-12-14 15:50:05
FanDuel,player_threes,Nickeil Alexander-Walker,Over,2.5,-174,2025-12-14,2025-12-14T23:50:02Z,2025-12-14 15:50:05
FanDuel,player_threes,Nickeil Alexander-Walker,Under,2.5,130,2025-12-14,2025-12-14T23:50:02Z,2025-12-14 15:50:05
FanDuel,player_threes,Luke Kennard,Over,1.5,-136,2025-12-14,2025-12-14T23:50:02Z,2025-12-14 15:50:05
FanDuel,player_threes,Luke Kennard,Under,1.5,102,2025-12-14,2025-12-14T23:50:02Z,2025-12-14 15:50:05
FanDuel,player_threes,Onyeka Okongwu,Over,1.5,-210,2025-12-14,2025-12-14T23:50:02Z,2025-12-14 15:50:05
FanDuel,player_threes,Onyeka Okongwu,Under,1.5,154,2025-12-14,2025-12-14T23:50:02Z,2025-12-14 15:50:05
FanDuel,player_threes,Quentin Grimes,Over,3.5,-102,2025-12-14,2025-12-14T23:50:02Z,2025-12-14 15:50:05
FanDuel,player_threes,Quentin Grimes,Under,3.5,-130,2025-12-14,2025-12-14T23:50:02Z,2025-12-14 15:50:05
FanDuel,player_threes,Vit Krejci,Over,3.5,162,2025-12-14,2025-12-14T23:50:02Z,2025-12-14 15:50:05
FanDuel,player_threes,Vit Krejci,Under,3.5,-220,2025-12-14,2025-12-14T23:50:02Z,2025-12-14 15:50:05
FanDuel,player_threes,Kevin Porter Jr.,Over,1.5,102,2025-12-14,2025-12-14T23:49:22Z,2025-12-14 15:50:05
FanDuel,player_threes,Kevin Porter Jr.,Under,1.5,-136,2025-12-14,2025-12-14T23:49:22Z,2025-12-14 15:50:05
FanDuel,player_threes,Danny Wolf,Over,0.5,-136,2025-12-14,2025-12-14T23:49:22Z,2025-12-14 15:50:05
FanDuel,player_threes,Danny Wolf,Under,0.5,102,2025-12-14,2025-12-14T23:49:22Z,2025-12-14 15:50:05
FanDuel,player_threes,Gary Trent Jr,Over,1.5,126,2025-12-14,2025-12-14T23:49:22Z,2025-12-14 15:50:05
FanDuel,player_threes,Gary Trent Jr,Under,1.5,-168,2025-12-14,2025-12-14T23:49:22Z,2025-12-14 15:50:05
FanDuel,player_threes,Noah Clowney,Over,1.5,-104,2025-12-14,2025-12-14T23:49:22Z,2025-12-14 15:50:05
FanDuel,player_threes,Noah Clowney,Under,1.5,-128,2025-12-14,2025-12-14T23:49:22Z,2025-12-14 15:50:05
FanDuel,player_threes,Ryan Rollins,Over,1.5,142,2025-12-14,2025-12-14T23:49:22Z,2025-12-14 15:50:05
FanDuel,player_threes,Ryan Rollins,Under,1.5,-192,2025-12-14,2025-12-14T23:49:22Z,2025-12-14 15:50:05
FanDuel,player_threes,Ziaire Williams,Over,1.5,-118,2025-12-14,2025-12-14T23:49:22Z,2025-12-14 15:50:05
FanDuel,player_threes,Ziaire Williams,Under,1.5,-112,2025-12-14,2025-12-14T23:49:22Z,2025-12-14 15:50:05
FanDuel,player_threes,Michael Porter Jr,Over,3.5,122,2025-12-14,2025-12-14T23:49:22Z,2025-12-14 15:50:05
FanDuel,player_threes,Michael Porter Jr,Under,3.5,-162,2025-12-14,2025-12-14T23:49:22Z,2025-12-14 15:50:05
FanDuel,player_threes,Myles Turner,Over,1.5,152,2025-12-14,2025-12-14T23:49:22Z,2025-12-14 15:50:05
FanDuel,player_threes,Myles Turner,Under,1.5,-205,2025-12-14,2025-12-14T23:49:22Z,2025-12-14 15:50:05
FanDuel,player_threes,Egor Demin,Over,1.5,-245,2025-12-14,2025-12-14T23:49:22Z,2025-12-14 15:50:05
FanDuel,player_threes,Egor Demin,Under,1.5,178,2025-12-14,2025-12-14T23:49:22Z,2025-12-14 15:50:05
FanDuel,player_threes,Bobby Portis,Over,2.5,172,2025-12-14,2025-12-14T23:49:22Z,2025-12-14 15:50:05
FanDuel,player_threes,Bobby Portis,Under,2.5,-235,2025-12-14,2025-12-14T23:49:22Z,2025-12-14 15:50:05
FanDuel,player_threes,Kyle Kuzma,Over,0.5,110,2025-12-14,2025-12-14T23:49:22Z,2025-12-14 15:50:05
FanDuel,player_threes,Kyle Kuzma,Under,0.5,-146,2025-12-14,2025-12-14T23:49:22Z,2025-12-14 15:50:05
FanDuel,player_threes,Coby White,Over,2.5,-132,2025-12-15,2025-12-14T23:49:25Z,2025-12-14 15:50:05
FanDuel,player_threes,Coby White,Under,2.5,104,2025-12-15,2025-12-14T23:49:25Z,2025-12-14 15:50:05
FanDuel,player_threes,Matas Buzelis,Over,1.5,-111,2025-12-15,2025-12-14T23:49:25Z,2025-12-14 15:50:05
FanDuel,player_threes,Matas Buzelis,Under,1.5,-115,2025-12-15,2025-12-14T23:49:25Z,2025-12-14 15:50:05
FanDuel,player_threes,Nikola Vucevic,Over,1.5,-111,2025-12-15,2025-12-14T23:49:25Z,2025-12-14 15:50:05
FanDuel,player_threes,Nikola Vucevic,Under,1.5,-115,2025-12-15,2025-12-14T23:49:25Z,2025-12-14 15:50:05
FanDuel,player_threes,Herb Jones,Over,1.5,200,2025-12-15,2025-12-14T23:49:25Z,2025-12-14 15:50:05
FanDuel,player_threes,Herb Jones,Under,1.5,-265,2025-12-15,2025-12-14T23:49:25Z,2025-12-14 15:50:05
FanDuel,player_threes,Patrick Williams,Over,1.5,124,2025-12-15,2025-12-14T23:49:25Z,2025-12-14 15:50:05
FanDuel,player_threes,Patrick Williams,Under,1.5,-158,2025-12-15,2025-12-14T23:49:25Z,2025-12-14 15:50:05
FanDuel,player_threes,Saddiq Bey,Over,1.5,-104,2025-12-15,2025-12-14T23:49:25Z,2025-12-14 15:50:05
FanDuel,player_threes,Saddiq Bey,Under,1.5,-122,2025-12-15,2025-12-14T23:49:25Z,2025-12-14 15:50:05
FanDuel,player_threes,Jordan Poole,Over,2.5,106,2025-12-15,2025-12-14T23:49:25Z,2025-12-14 15:50:05
FanDuel,player_threes,Jordan Poole,Under,2.5,-136,2025-12-15,2025-12-14T23:49:25Z,2025-12-14 15:50:05
FanDuel,player_threes,Trey Murphy III,Over,2.5,106,2025-12-15,2025-12-14T23:49:25Z,2025-12-14 15:50:05
FanDuel,player_threes,Trey Murphy III,Under,2.5,-136,2025-12-15,2025-12-14T23:49:25Z,2025-12-14 15:50:05
FanDuel,player_threes,Jalen Smith,Over,1.5,142,2025-12-15,2025-12-14T23:49:25Z,2025-12-14 15:50:05
FanDuel,player_threes,Jalen Smith,Under,1.5,-184,2025-12-15,2025-12-14T23:49:25Z,2025-12-14 15:50:05
FanDuel,player_threes,Josh Giddey,Over,1.5,-150,2025-12-15,2025-12-14T23:49:25Z,2025-12-14 15:50:05
FanDuel,player_threes,Josh Giddey,Under,1.5,118,2025-12-15,2025-12-14T23:49:25Z,2025-12-14 15:50:05
FanDuel,player_threes,Kevin Huerter,Over,1.5,104,2025-12-15,2025-12-14T23:49:25Z,2025-12-14 15:50:05
FanDuel,player_threes,Kevin Huerter,Under,1.5,-132,2025-12-15,2025-12-14T23:49:25Z,2025-12-14 15:50:05
FanDuel,player_threes,Malik Monk,Over,1.5,120,2025-12-15,2025-12-14T23:49:26Z,2025-12-14 15:50:05
FanDuel,player_threes,Malik Monk,Under,1.5,-154,2025-12-15,2025-12-14T23:49:26Z,2025-12-14 15:50:05
FanDuel,player_threes,DeMar DeRozan,Over,0.5,-170,2025-12-15,2025-12-14T23:49:26Z,2025-12-14 15:50:05
FanDuel,player_threes,DeMar DeRozan,Under,0.5,132,2025-12-15,2025-12-14T23:49:26Z,2025-12-14 15:50:05
FanDuel,player_threes,Russell Westbrook,Over,1.5,130,2025-12-15,2025-12-14T23:49:26Z,2025-12-14 15:50:05
FanDuel,player_threes,Russell Westbrook,Under,1.5,-166,2025-12-15,2025-12-14T23:49:26Z,2025-12-14 15:50:05
FanDuel,player_threes,Jaden McDaniels,Over,1.5,-113,2025-12-15,2025-12-14T23:49:26Z,2025-12-14 15:50:05
FanDuel,player_threes,Jaden McDaniels,Under,1.5,-113,2025-12-15,2025-12-14T23:49:26Z,2025-12-14 15:50:05
FanDuel,player_threes,Julius Randle,Over,1.5,-148,2025-12-15,2025-12-14T23:49:26Z,2025-12-14 15:50:05
FanDuel,player_threes,Julius Randle,Under,1.5,116,2025-12-15,2025-12-14T23:49:26Z,2025-12-14 15:50:05
FanDuel,player_threes,Naz Reid,Over,2.5,-118,2025-12-15,2025-12-14T23:49:26Z,2025-12-14 15:50:05
FanDuel,player_threes,Naz Reid,Under,2.5,-108,2025-12-15,2025-12-14T23:49:26Z,2025-12-14 15:50:05
FanDuel,player_threes,Donte DiVincenzo,Over,3.5,104,2025-12-15,2025-12-14T23:49:26Z,2025-12-14 15:50:05
FanDuel,player_threes,Donte DiVincenzo,Under,3.5,-132,2025-12-15,2025-12-14T23:49:26Z,2025-12-14 15:50:05
FanDuel,player_threes,Keegan Murray,Over,1.5,-184,2025-12-15,2025-12-14T23:49:26Z,2025-12-14 15:50:05
FanDuel,player_threes,Keegan Murray,Under,1.5,142,2025-12-15,2025-12-14T23:49:26Z,2025-12-14 15:50:05
FanDuel,player_threes,Zach LaVine,Over,2.5,100,2025-12-15,2025-12-14T23:49:26Z,2025-12-14 15:50:05
FanDuel,player_threes,Zach LaVine,Under,2.5,-128,2025-12-15,2025-12-14T23:49:26Z,2025-12-14 15:50:05
FanDuel,player_threes,LeBron James,Over,1.5,-148,2025-12-15,2025-12-14T23:49:53Z,2025-12-14 15:50:05
FanDuel,player_threes,LeBron James,Under,1.5,116,2025-12-15,2025-12-14T23:49:53Z,2025-12-14 15:50:05
FanDuel,player_threes,Rui Hachimura,Over,1.5,-111,2025-12-15,2025-12-14T23:49:53Z,2025-12-14 15:50:05
FanDuel,player_threes,Rui Hachimura,Under,1.5,-115,2025-12-15,2025-12-14T23:49:53Z,2025-12-14 15:50:05
FanDuel,player_threes,Devin Booker,Over,1.5,-142,2025-12-15,2025-12-14T23:49:53Z,2025-12-14 15:50:05
FanDuel,player_threes,Devin Booker,Under,1.5,112,2025-12-15,2025-12-14T23:49:53Z,2025-12-14 15:50:05
FanDuel,player_threes,Luka Doncic,Over,3.5,-130,2025-12-15,2025-12-14T23:49:53Z,2025-12-14 15:50:05
FanDuel,player_threes,Luka Doncic,Under,3.5,102,2025-12-15,2025-12-14T23:49:53Z,2025-12-14 15:50:05
FanDuel,player_threes,Royce O'Neale,Over,2.5,110,2025-12-15,2025-12-14T23:49:53Z,2025-12-14 15:50:05
FanDuel,player_threes,Royce O'Neale,Under,2.5,-140,2025-12-15,2025-12-14T23:49:53Z,2025-12-14 15:50:05
FanDuel,player_threes,Collin Gillespie,Over,2.5,-130,2025-12-15,2025-12-14T23:49:53Z,2025-12-14 15:50:05
FanDuel,player_threes,Collin Gillespie,Under,2.5,102,2025-12-15,2025-12-14T23:49:53Z,2025-12-14 15:50:05
FanDuel,player_threes,Grayson Allen,Over,3.5,118,2025-12-15,2025-12-14T23:49:53Z,2025-12-14 15:50:05
FanDuel,player_threes,Grayson Allen,Under,3.5,-150,2025-12-15,2025-12-14T23:49:53Z,2025-12-14 15:50:05
FanDuel,player_threes,Marcus Smart,Over,1.5,-111,2025-12-15,2025-12-14T23:49:53Z,2025-12-14 15:50:05
FanDuel,player_threes,Marcus Smart,Under,1.5,-115,2025-12-15,2025-12-14T23:49:53Z,2025-12-14 15:50:05
FanDuel,player_threes,Dillon Brooks,Over,2.5,124,2025-12-15,2025-12-14T23:49:53Z,2025-12-14 15:50:05
FanDuel,player_threes,Dillon Brooks,Under,2.5,-160,2025-12-15,2025-12-14T23:49:53Z,2025-12-14 15:50:05
FanDuel,player_threes,Brandin Podziemski,Over,1.5,138,2025-12-15,2025-12-14T23:49:50Z,2025-12-14 15:50:05
FanDuel,player_threes,Brandin Podziemski,Under,1.5,-178,2025-12-15,2025-12-14T23:49:50Z,2025-12-14 15:50:05
FanDuel,player_threes,Moses Moody,Over,1.5,106,2025-12-15,2025-12-14T23:49:50Z,2025-12-14 15:50:05
FanDuel,player_threes,Moses Moody,Under,1.5,-136,2025-12-15,2025-12-14T23:49:50Z,2025-12-14 15:50:05
FanDuel,player_threes,Buddy Hield,Over,1.5,-156,2025-12-15,2025-12-14T23:49:50Z,2025-12-14 15:50:05
FanDuel,player_threes,Buddy Hield,Under,1.5,122,2025-12-15,2025-12-14T23:49:50Z,2025-12-14 15:50:05
FanDuel,player_threes,Stephen Curry,Over,4.5,-120,2025-12-15,2025-12-14T23:49:50Z,2025-12-14 15:50:05
FanDuel,player_threes,Stephen Curry,Under,4.5,-106,2025-12-15,2025-12-14T23:49:50Z,2025-12-14 15:50:05
FanDuel,player_threes,Draymond Green,Over,1.5,100,2025-12-15,2025-12-14T23:49:50Z,2025-12-14 15:50:05
FanDuel,player_threes,Draymond Green,Under,1.5,-128,2025-12-15,2025-12-14T23:49:50Z,2025-12-14 15:50:05
FanDuel,player_threes,Deni Avdija,Over,2.5,158,2025-12-15,2025-12-14T23:49:50Z,2025-12-14 15:50:05
FanDuel,player_threes,Deni Avdija,Under,2.5,-205,2025-12-15,2025-12-14T23:49:50Z,2025-12-14 15:50:05
FanDuel,player_threes,Shaedon Sharpe,Over,1.5,-154,2025-12-15,2025-12-14T23:49:50Z,2025-12-14 15:50:05
FanDuel,player_threes,Shaedon Sharpe,Under,1.5,120,2025-12-15,2025-12-14T23:49:50Z,2025-12-14 15:50:05
FanDuel,player_threes,Toumani Camara,Over,2.5,112,2025-12-15,2025-12-14T23:49:50Z,2025-12-14 15:50:05
FanDuel,player_threes,Toumani Camara,Under,2.5,-142,2025-12-15,2025-12-14T23:49:50Z,2025-12-14 15:50:05
FanDuel,player_threes,Jerami Grant,Over,2.5,104,2025-12-15,2025-12-14T23:49:50Z,2025-12-14 15:50:05
FanDuel,player_threes,Jerami Grant,Under,2.5,-132,2025-12-15,2025-12-14T23:49:50Z,2025-12-14 15:50:05
FanDuel,player_threes,Quinten Post,Over,1.5,-128,2025-12-15,2025-12-14T23:49:50Z,2025-12-14 15:50:05
FanDuel,player_threes,Quinten Post,Under,1.5,100,2025-12-15,2025-12-14T23:49:50Z,2025-12-14 15:50:05
FanDuel,player_threes,OG Anunoby,Over,1.5,-200,2025-12-17,2025-12-14T23:50:52Z,2025-12-14 15:50:05
FanDuel,player_threes,OG Anunoby,Under,1.5,148,2025-12-17,2025-12-14T23:50:52Z,2025-12-14 15:50:05
FanDuel,player_threes,Josh Hart,Over,1.5,108,2025-12-17,2025-12-14T23:50:52Z,2025-12-14 15:50:05
FanDuel,player_threes,Josh Hart,Under,1.5,-144,2025-12-17,2025-12-14T23:50:52Z,2025-12-14 15:50:05
FanDuel,player_threes,Jalen Brunson,Over,2.5,-158,2025-12-17,2025-12-14T23:50:52Z,2025-12-14 15:50:05
FanDuel,player_threes,Jalen Brunson,Under,2.5,118,2025-12-17,2025-12-14T23:50:52Z,2025-12-14 15:50:05
FanDuel,player_threes,Karl-Anthony Towns,Over,1.5,-138,2025-12-17,2025-12-14T23:50:52Z,2025-12-14 15:50:05
FanDuel,player_threes,Karl-Anthony Towns,Under,1.5,104,2025-12-17,2025-12-14T23:50:52Z,2025-12-14 15:50:05
FanDuel,player_threes,Devin Vassell,Over,2.5,108,2025-12-17,2025-12-14T23:50:52Z,2025-12-14 15:50:05
FanDuel,player_threes,Devin Vassell,Under,2.5,-144,2025-12-17,2025-12-14T23:50:52Z,2025-12-14 15:50:05
FanDuel,player_threes,Mikal Bridges,Over,1.5,-146,2025-12-17,2025-12-14T23:50:52Z,2025-12-14 15:50:05
FanDuel,player_threes,Mikal Bridges,Under,1.5,110,2025-12-17,2025-12-14T23:50:52Z,2025-12-14 15:50:05
FanDuel,player_threes,Julian Champagnie,Over,1.5,-136,2025-12-17,2025-12-14T23:50:52Z,2025-12-14 15:50:05
FanDuel,player_threes,Julian Champagnie,Under,1.5,102,2025-12-17,2025-12-14T23:50:52Z,2025-12-14 15:50:05
FanDuel,player_threes,Harrison Barnes,Over,1.5,-192,2025-12-17,2025-12-14T23:50:52Z,2025-12-14 15:50:05
FanDuel,player_threes,Harrison Barnes,Under,1.5,142,2025-12-17,2025-12-14T23:50:52Z,2025-12-14 15:50:05
FanDuel,player_threes,De'Aaron Fox,Over,1.5,-205,2025-12-17,2025-12-14T23:50:52Z,2025-12-14 15:50:05
FanDuel,player_threes,De'Aaron Fox,Under,1.5,154,2025-12-17,2025-12-14T23:50:52Z,2025-12-14 15:50:05
FanDuel,player_threes,Victor Wembanyama,Over,1.5,-138,2025-12-17,2025-12-14T23:50:52Z,2025-12-14 15:50:05
FanDuel,player_threes,Victor Wembanyama,Under,1.5,104,2025-12-17,2025-12-14T23:50:52Z,2025-12-14 15:50:05
FanDuel,player_threes,Stephon Castle,Over,1.5,134,2025-12-17,2025-12-14T23:50:52Z,2025-12-14 15:50:05
FanDuel,player_threes,Stephon Castle,Under,1.5,-180,2025-12-17,2025-12-14T23:50:52Z,2025-12-14 15:50:05
DraftKings,player_threes,Paul George,Over,5.5,-115,2025-12-14,2025-12-14T23:49:05Z,2025-12-14 15:50:05
DraftKings,player_threes,Paul George,Under,5.5,-115,2025-12-14,2025-12-14T23:49:05Z,2025-12-14 15:50:05
DraftKings,player_threes,Quentin Grimes,Over,3.5,-110,2025-12-14,2025-12-14T23:49:05Z,2025-12-14 15:50:05
DraftKings,player_threes,Quentin Grimes,Under,3.5,-120,2025-12-14,2025-12-14T23:49:05Z,2025-12-14 15:50:05
DraftKings,player_threes,Vit Krejci,Over,3.5,120,2025-12-14,2025-12-14T23:49:05Z,2025-12-14 15:50:05
DraftKings,player_threes,Vit Krejci,Under,3.5,-154,2025-12-14,2025-12-14T23:49:05Z,2025-12-14 15:50:05
DraftKings,player_threes,Nickeil Alexander-Walker,Over,2.5,-140,2025-12-14,2025-12-14T23:49:05Z,2025-12-14 15:50:05
DraftKings,player_threes,Nickeil Alexander-Walker,Under,2.5,110,2025-12-14,2025-12-14T23:49:05Z,2025-12-14 15:50:05
DraftKings,player_threes,Onyeka Okongwu,Over,1.5,-238,2025-12-14,2025-12-14T23:49:05Z,2025-12-14 15:50:05
DraftKings,player_threes,Onyeka Okongwu,Under,1.5,180,2025-12-14,2025-12-14T23:49:05Z,2025-12-14 15:50:05
DraftKings,player_threes,VJ Edgecombe,Over,1.5,-215,2025-12-14,2025-12-14T23:49:05Z,2025-12-14 15:50:05
DraftKings,player_threes,VJ Edgecombe,Under,1.5,165,2025-12-14,2025-12-14T23:49:05Z,2025-12-14 15:50:05
DraftKings,player_threes,Luke Kennard,Over,1.5,-125,2025-12-14,2025-12-14T23:49:05Z,2025-12-14 15:50:05
DraftKings,player_threes,Luke Kennard,Under,1.5,-105,2025-12-14,2025-12-14T23:49:05Z,2025-12-14 15:50:05
DraftKings,player_threes,Jalen Johnson,Over,1.5,145,2025-12-14,2025-12-14T23:49:05Z,2025-12-14 15:50:05
DraftKings,player_threes,Jalen Johnson,Under,1.5,-188,2025-12-14,2025-12-14T23:49:05Z,2025-12-14 15:50:05
DraftKings,player_threes,Joel Embiid,Over,1.5,175,2025-12-14,2025-12-14T23:49:05Z,2025-12-14 15:50:05
DraftKings,player_threes,Joel Embiid,Under,1.5,-230,2025-12-14,2025-12-14T23:49:05Z,2025-12-14 15:50:05
DraftKings,player_threes,Dyson Daniels,Over,1.5,195,2025-12-14,2025-12-14T23:49:05Z,2025-12-14 15:50:05
DraftKings,player_threes,Dyson Daniels,Under,1.5,-260,2025-12-14,2025-12-14T23:49:05Z,2025-12-14 15:50:05
DraftKings,player_threes,Zaccharie Risacher,Over,0.5,-145,2025-12-14,2025-12-14T23:49:05Z,2025-12-14 15:50:05
DraftKings,player_threes,Zaccharie Risacher,Under,0.5,114,2025-12-14,2025-12-14T23:49:05Z,2025-12-14 15:50:05
DraftKings,player_threes,Jared McCain,Over,0.5,-135,2025-12-14,2025-12-14T23:49:05Z,2025-12-14 15:50:05
DraftKings,player_threes,Jared McCain,Under,0.5,105,2025-12-14,2025-12-14T23:49:05Z,2025-12-14 15:50:05
DraftKings,player_threes,Michael Porter Jr,Over,3.5,120,2025-12-14,2025-12-14T23:49:22Z,2025-12-14 15:50:05
DraftKings,player_threes,Michael Porter Jr,Under,3.5,-154,2025-12-14,2025-12-14T23:49:22Z,2025-12-14 15:50:05
DraftKings,player_threes,Bobby Portis,Over,1.5,-220,2025-12-14,2025-12-14T23:49:22Z,2025-12-14 15:50:05
DraftKings,player_threes,Bobby Portis,Under,1.5,170,2025-12-14,2025-12-14T23:49:22Z,2025-12-14 15:50:05
DraftKings,player_threes,Egor Demin,Over,1.5,-200,2025-12-14,2025-12-14T23:49:22Z,2025-12-14 15:50:05
DraftKings,player_threes,Egor Demin,Under,1.5,154,2025-12-14,2025-12-14T23:49:22Z,2025-12-14 15:50:05
DraftKings,player_threes,Ziaire Williams,Over,1.5,-160,2025-12-14,2025-12-14T23:49:22Z,2025-12-14 15:50:05
DraftKings,player_threes,Ziaire Williams,Under,1.5,124,2025-12-14,2025-12-14T23:49:22Z,2025-12-14 15:50:05
DraftKings,player_threes,Kevin Porter Jr.,Over,1.5,-110,2025-12-14,2025-12-14T23:49:22Z,2025-12-14 15:50:05
DraftKings,player_threes,Kevin Porter Jr.,Under,1.5,-120,2025-12-14,2025-12-14T23:49:22Z,2025-12-14 15:50:05
DraftKings,player_threes,Noah Clowney,Over,1.5,100,2025-12-14,2025-12-14T23:49:22Z,2025-12-14 15:50:05
DraftKings,player_threes,Noah Clowney,Under,1.5,-130,2025-12-14,2025-12-14T23:49:22Z,2025-12-14 15:50:05
DraftKings,player_threes,Terance Mann,Over,1.5,105,2025-12-14,2025-12-14T23:49:22Z,2025-12-14 15:50:05
DraftKings,player_threes,Terance Mann,Under,1.5,-135,2025-12-14,2025-12-14T23:49:22Z,2025-12-14 15:50:05
DraftKings,player_threes,Gary Trent Jr,Over,1.5,124,2025-12-14,2025-12-14T23:49:22Z,2025-12-14 15:50:05
DraftKings,player_threes,Gary Trent Jr,Under,1.5,-160,2025-12-14,2025-12-14T23:49:22Z,2025-12-14 15:50:05
DraftKings,player_threes,Myles Turner,Over,1.5,140,2025-12-14,2025-12-14T23:49:22Z,2025-12-14 15:50:05
DraftKings,player_threes,Myles Turner,Under,1.5,-180,2025-12-14,2025-12-14T23:49:22Z,2025-12-14 15:50:05
DraftKings,player_threes,Ryan Rollins,Over,1.5,140,2025-12-14,2025-12-14T23:49:22Z,2025-12-14 15:50:05
DraftKings,player_threes,Ryan Rollins,Under,1.5,-180,2025-12-14,2025-12-14T23:49:22Z,2025-12-14 15:50:05
DraftKings,player_threes,Danny Wolf,Over,0.5,-140,2025-12-14,2025-12-14T23:49:22Z,2025-12-14 15:50:05
DraftKings,player_threes,Danny Wolf,Under,0.5,110,2025-12-14,2025-12-14T23:49:22Z,2025-12-14 15:50:05
DraftKings,player_threes,Kyle Kuzma,Over,0.5,-105,2025-12-14,2025-12-14T23:49:22Z,2025-12-14 15:50:05
DraftKings,player_threes,Kyle Kuzma,Under,0.5,-125,2025-12-14,2025-12-14T23:49:22Z,2025-12-14 15:50:05
DraftKings,player_threes,Coby White,Over,2.5,-147,2025-12-15,2025-12-14T23:49:22Z,2025-12-14 15:50:05
DraftKings,player_threes,Coby White,Under,2.5,111,2025-12-15,2025-12-14T23:49:22Z,2025-12-14 15:50:05
DraftKings,player_threes,Jordan Poole,Over,2.5,-104,2025-12-15,2025-12-14T23:49:22Z,2025-12-14 15:50:05
DraftKings,player_threes,Jordan Poole,Under,2.5,-126,2025-12-15,2025-12-14T23:49:22Z,2025-12-14 15:50:05
DraftKings,player_threes,Trey Murphy III,Over,2.5,120,2025-12-15,2025-12-14T23:49:22Z,2025-12-14 15:50:05
DraftKings,player_threes,Trey Murphy III,Under,2.5,-159,2025-12-15,2025-12-14T23:49:22Z,2025-12-14 15:50:05
DraftKings,player_threes,Josh Giddey,Over,1.5,-160,2025-12-15,2025-12-14T23:49:22Z,2025-12-14 15:50:05
DraftKings,player_threes,Josh Giddey,Under,1.5,121,2025-12-15,2025-12-14T23:49:22Z,2025-12-14 15:50:05
DraftKings,player_threes,Matas Buzelis,Over,1.5,-121,2025-12-15,2025-12-14T23:49:22Z,2025-12-14 15:50:05
DraftKings,player_threes,Matas Buzelis,Under,1.5,-109,2025-12-15,2025-12-14T23:49:22Z,2025-12-14 15:50:05
DraftKings,player_threes,Nikola Vucevic,Over,1.5,-115,2025-12-15,2025-12-14T23:49:22Z,2025-12-14 15:50:05
DraftKings,player_threes,Nikola Vucevic,Under,1.5,-114,2025-12-15,2025-12-14T23:49:22Z,2025-12-14 15:50:05
DraftKings,player_threes,Kevin Huerter,Over,1.5,-102,2025-12-15,2025-12-14T23:49:22Z,2025-12-14 15:50:05
DraftKings,player_threes,Kevin Huerter,Under,1.5,-129,2025-12-15,2025-12-14T23:49:22Z,2025-12-14 15:50:05
DraftKings,player_threes,Saddiq Bey,Over,1.5,-101,2025-12-15,2025-12-14T23:49:22Z,2025-12-14 15:50:05
DraftKings,player_threes,Saddiq Bey,Under,1.5,-130,2025-12-15,2025-12-14T23:49:22Z,2025-12-14 15:50:05
DraftKings,player_threes,Patrick Williams,Over,1.5,113,2025-12-15,2025-12-14T23:49:22Z,2025-12-14 15:50:05
DraftKings,player_threes,Patrick Williams,Under,1.5,-149,2025-12-15,2025-12-14T23:49:22Z,2025-12-14 15:50:05
DraftKings,player_threes,Donte DiVincenzo,Over,3.5,105,2025-12-15,2025-12-14T23:49:26Z,2025-12-14 15:50:05
DraftKings,player_threes,Donte DiVincenzo,Under,3.5,-138,2025-12-15,2025-12-14T23:49:26Z,2025-12-14 15:50:05
DraftKings,player_threes,Naz Reid,Over,2.5,-108,2025-12-15,2025-12-14T23:49:26Z,2025-12-14 15:50:05
DraftKings,player_threes,Naz Reid,Under,2.5,-121,2025-12-15,2025-12-14T23:49:26Z,2025-12-14 15:50:05
DraftKings,player_threes,Zach LaVine,Over,2.5,-105,2025-12-15,2025-12-14T23:49:26Z,2025-12-14 15:50:05
DraftKings,player_threes,Zach LaVine,Under,2.5,-126,2025-12-15,2025-12-14T23:49:26Z,2025-12-14 15:50:05
DraftKings,player_threes,Keegan Murray,Over,1.5,-172,2025-12-15,2025-12-14T23:49:26Z,2025-12-14 15:50:05
DraftKings,player_threes,Keegan Murray,Under,1.5,130,2025-12-15,2025-12-14T23:49:26Z,2025-12-14 15:50:05
DraftKings,player_threes,Julius Randle,Over,1.5,-151,2025-12-15,2025-12-14T23:49:26Z,2025-12-14 15:50:05
DraftKings,player_threes,Julius Randle,Under,1.5,114,2025-12-15,2025-12-14T23:49:26Z,2025-12-14 15:50:05
DraftKings,player_threes,Jaden McDaniels,Over,1.5,105,2025-12-15,2025-12-14T23:49:26Z,2025-12-14 15:50:05
DraftKings,player_threes,Jaden McDaniels,Under,1.5,-138,2025-12-15,2025-12-14T23:49:26Z,2025-12-14 15:50:05
DraftKings,player_threes,Russell Westbrook,Over,1.5,107,2025-12-15,2025-12-14T23:49:26Z,2025-12-14 15:50:05
DraftKings,player_threes,Russell Westbrook,Under,1.5,-140,2025-12-15,2025-12-14T23:49:26Z,2025-12-14 15:50:05
DraftKings,player_threes,Malik Monk,Over,1.5,108,2025-12-15,2025-12-14T23:49:26Z,2025-12-14 15:50:05
DraftKings,player_threes,Malik Monk,Under,1.5,-143,2025-12-15,2025-12-14T23:49:26Z,2025-12-14 15:50:05
DraftKings,player_threes,DeMar DeRozan,Over,0.5,-176,2025-12-15,2025-12-14T23:49:26Z,2025-12-14 15:50:05
DraftKings,player_threes,DeMar DeRozan,Under,0.5,133,2025-12-15,2025-12-14T23:49:26Z,2025-12-14 15:50:05
DraftKings,player_threes,Luka Doncic,Over,3.5,-136,2025-12-15,2025-12-14T23:49:46Z,2025-12-14 15:50:05
DraftKings,player_threes,Luka Doncic,Under,3.5,103,2025-12-15,2025-12-14T23:49:46Z,2025-12-14 15:50:05
DraftKings,player_threes,Grayson Allen,Over,3.5,125,2025-12-15,2025-12-14T23:49:46Z,2025-12-14 15:50:05
DraftKings,player_threes,Grayson Allen,Under,3.5,-166,2025-12-15,2025-12-14T23:49:46Z,2025-12-14 15:50:05
DraftKings,player_threes,Collin Gillespie,Over,2.5,-121,2025-12-15,2025-12-14T23:49:46Z,2025-12-14 15:50:05
DraftKings,player_threes,Collin Gillespie,Under,2.5,-109,2025-12-15,2025-12-14T23:49:46Z,2025-12-14 15:50:05
DraftKings,player_threes,Dillon Brooks,Over,2.5,125,2025-12-15,2025-12-14T23:49:46Z,2025-12-14 15:50:05
DraftKings,player_threes,Dillon Brooks,Under,2.5,-166,2025-12-15,2025-12-14T23:49:46Z,2025-12-14 15:50:05
DraftKings,player_threes,Royce O'Neale,Over,2.5,127,2025-12-15,2025-12-14T23:49:46Z,2025-12-14 15:50:05
DraftKings,player_threes,Royce O'Neale,Under,2.5,-167,2025-12-15,2025-12-14T23:49:46Z,2025-12-14 15:50:05
DraftKings,player_threes,Devin Booker,Over,1.5,-146,2025-12-15,2025-12-14T23:49:46Z,2025-12-14 15:50:05
DraftKings,player_threes,Devin Booker,Under,1.5,111,2025-12-15,2025-12-14T23:49:46Z,2025-12-14 15:50:05
DraftKings,player_threes,LeBron James,Over,1.5,-143,2025-12-15,2025-12-14T23:49:46Z,2025-12-14 15:50:05
DraftKings,player_threes,LeBron James,Under,1.5,108,2025-12-15,2025-12-14T23:49:46Z,2025-12-14 15:50:05
DraftKings,player_threes,Rui Hachimura,Over,1.5,-117,2025-12-15,2025-12-14T23:49:46Z,2025-12-14 15:50:05
DraftKings,player_threes,Rui Hachimura,Under,1.5,-112,2025-12-15,2025-12-14T23:49:46Z,2025-12-14 15:50:05
DraftKings,player_threes,Marcus Smart,Over,1.5,-107,2025-12-15,2025-12-14T23:49:46Z,2025-12-14 15:50:05
DraftKings,player_threes,Marcus Smart,Under,1.5,-123,2025-12-15,2025-12-14T23:49:46Z,2025-12-14 15:50:05
DraftKings,player_threes,Jake LaRavia,Over,0.5,-164,2025-12-15,2025-12-14T23:49:46Z,2025-12-14 15:50:05
DraftKings,player_threes,Jake LaRavia,Under,0.5,124,2025-12-15,2025-12-14T23:49:46Z,2025-12-14 15:50:05
DraftKings,player_threes,Stephen Curry,Over,4.5,-129,2025-12-15,2025-12-14T23:49:53Z,2025-12-14 15:50:05
DraftKings,player_threes,Stephen Curry,Under,4.5,-102,2025-12-15,2025-12-14T23:49:53Z,2025-12-14 15:50:05
DraftKings,player_threes,Jerami Grant,Over,2.5,119,2025-12-15,2025-12-14T23:49:53Z,2025-12-14 15:50:05
DraftKings,player_threes,Jerami Grant,Under,2.5,-158,2025-12-15,2025-12-14T23:49:53Z,2025-12-14 15:50:05
DraftKings,player_threes,Toumani Camara,Over,2.5,122,2025-12-15,2025-12-14T23:49:53Z,2025-12-14 15:50:05
DraftKings,player_threes,Toumani Camara,Under,2.5,-161,2025-12-15,2025-12-14T23:49:53Z,2025-12-14 15:50:05
DraftKings,player_threes,Deni Avdija,Over,1.5,-193,2025-12-15,2025-12-14T23:49:53Z,2025-12-14 15:50:05
DraftKings,player_threes,Deni Avdija,Under,1.5,145,2025-12-15,2025-12-14T23:49:53Z,2025-12-14 15:50:05
DraftKings,player_threes,Quinten Post,Over,1.5,-157,2025-12-15,2025-12-14T23:49:53Z,2025-12-14 15:50:05
DraftKings,player_threes,Quinten Post,Under,1.5,119,2025-12-15,2025-12-14T23:49:53Z,2025-12-14 15:50:05
DraftKings,player_threes,Buddy Hield,Over,1.5,-144,2025-12-15,2025-12-14T23:49:53Z,2025-12-14 15:50:05
DraftKings,player_threes,Buddy Hield,Under,1.5,109,2025-12-15,2025-12-14T23:49:53Z,2025-12-14 15:50:05
DraftKings,player_threes,Shaedon Sharpe,Over,1.5,-144,2025-12-15,2025-12-14T23:49:53Z,2025-12-14 15:50:05
DraftKings,player_threes,Shaedon Sharpe,Under,1.5,109,2025-12-15,2025-12-14T23:49:53Z,2025-12-14 15:50:05
DraftKings,player_threes,Moses Moody,Over,1.5,105,2025-12-15,2025-12-14T23:49:53Z,2025-12-14 15:50:05
DraftKings,player_threes,Moses Moody,Under,1.5,-139,2025-12-15,2025-12-14T23:49:53Z,2025-12-14 15:50:05
DraftKings,player_threes,Draymond Green,Over,1.5,109,2025-12-15,2025-12-14T23:49:53Z,2025-12-14 15:50:05
DraftKings,player_threes,Draymond Green,Under,1.5,-144,2025-12-15,2025-12-14T23:49:53Z,2025-12-14 15:50:05
DraftKings,player_threes,Brandin Podziemski,Over,1.5,143,2025-12-15,2025-12-14T23:49:53Z,2025-12-14 15:50:05
DraftKings,player_threes,Brandin Podziemski,Under,1.5,-191,2025-12-15,2025-12-14T23:49:53Z,2025-12-14 15:50:05
DraftKings,player_threes,Jalen Brunson,Over,2.5,-160,2025-12-17,2025-12-14T23:50:47Z,2025-12-14 15:50:05
DraftKings,player_threes,Jalen Brunson,Under,2.5,121,2025-12-17,2025-12-14T23:50:47Z,2025-12-14 15:50:05
DraftKings,player_threes,Devin Vassell,Over,2.5,103,2025-12-17,2025-12-14T23:50:47Z,2025-12-14 15:50:05
DraftKings,player_threes,Devin Vassell,Under,2.5,-136,2025-12-17,2025-12-14T23:50:47Z,2025-12-14 15:50:05
DraftKings,player_threes,OG Anunoby,Over,2.5,129,2025-12-17,2025-12-14T23:50:47Z,2025-12-14 15:50:05
DraftKings,player_threes,OG Anunoby,Under,2.5,-170,2025-12-17,2025-12-14T23:50:47Z,2025-12-14 15:50:05
DraftKings,player_threes,De'Aaron Fox,Over,1.5,-192,2025-12-17,2025-12-14T23:50:47Z,2025-12-14 15:50:05
DraftKings,player_threes,De'Aaron Fox,Under,1.5,144,2025-12-17,2025-12-14T23:50:47Z,2025-12-14 15:50:05
DraftKings,player_threes,Harrison Barnes,Over,1.5,-185,2025-12-17,2025-12-14T23:50:47Z,2025-12-14 15:50:05
DraftKings,player_threes,Harrison Barnes,Under,1.5,139,2025-12-17,2025-12-14T23:50:47Z,2025-12-14 15:50:05
DraftKings,player_threes,Mikal Bridges,Over,1.5,-158,2025-12-17,2025-12-14T23:50:47Z,2025-12-14 15:50:05
DraftKings,player_threes,Mikal Bridges,Under,1.5,119,2025-12-17,2025-12-14T23:50:47Z,2025-12-14 15:50:05
DraftKings,player_threes,Karl-Anthony Towns,Over,1.5,-142,2025-12-17,2025-12-14T23:50:47Z,2025-12-14 15:50:05
DraftKings,player_threes,Karl-Anthony Towns,Under,1.5,108,2025-12-17,2025-12-14T23:50:47Z,2025-12-14 15:50:05
DraftKings,player_threes,Julian Champagnie,Over,1.5,-141,2025-12-17,2025-12-14T23:50:47Z,2025-12-14 15:50:05
DraftKings,player_threes,Julian Champagnie,Under,1.5,107,2025-12-17,2025-12-14T23:50:47Z,2025-12-14 15:50:05
DraftKings,player_threes,Victor Wembanyama,Over,1.5,-139,2025-12-17,2025-12-14T23:50:47Z,2025-12-14 15:50:05
DraftKings,player_threes,Victor Wembanyama,Under,1.5,105,2025-12-17,2025-12-14T23:50:47Z,2025-12-14 15:50:05
DraftKings,player_threes,Josh Hart,Over,1.5,101,2025-12-17,2025-12-14T23:50:47Z,2025-12-14 15:50:05
DraftKings,player_threes,Josh Hart,Under,1.5,-133,2025-12-17,2025-12-14T23:50:47Z,2025-12-14 15:50:05
DraftKings,player_threes,Stephon Castle,Over,1.5,148,2025-12-17,2025-12-14T23:50:47Z,2025-12-14 15:50:05
DraftKings,player_threes,Stephon Castle,Under,1.5,-197,2025-12-17,2025-12-14T23:50:47Z,2025-12-14 15:50:05
DraftKings,player_threes,Dylan Harper,Over,0.5,-206,2025-12-17,2025-12-14T23:50:47Z,2025-12-14 15:50:05
DraftKings,player_threes,Dylan Harper,Under,0.5,155,2025-12-17,2025-12-14T23:50:47Z,2025-12-14 15:50:05
Bovada,player_threes,Jalen Johnson,Over,1.5,-145,2025-12-14,2025-12-14T23:49:53Z,2025-12-14 15:50:05
Bovada,player_threes,Jalen Johnson,Under,1.5,110,2025-12-14,2025-12-14T23:49:53Z,2025-12-14 15:50:05
Bovada,player_threes,Jalen Johnson,Over,2.5,210,2025-12-14,2025-12-14T23:49:53Z,2025-12-14 15:50:05
Bovada,player_threes,Jalen Johnson,Under,2.5,-290,2025-12-14,2025-12-14T23:49:53Z,2025-12-14 15:50:05
Bovada,player_threes,Jared McCain,Over,1.5,100,2025-12-14,2025-12-14T23:49:53Z,2025-12-14 15:50:05
Bovada,player_threes,Jared McCain,Under,1.5,-130,2025-12-14,2025-12-14T23:49:53Z,2025-12-14 15:50:05
Bovada,player_threes,Joel Embiid,Over,1.5,-105,2025-12-14,2025-12-14T23:49:53Z,2025-12-14 15:50:05
Bovada,player_threes,Joel Embiid,Under,1.5,-125,2025-12-14,2025-12-14T23:49:53Z,2025-12-14 15:50:05
Bovada,player_threes,Luke Kennard,Over,1.5,105,2025-12-14,2025-12-14T23:49:53Z,2025-12-14 15:50:05
Bovada,player_threes,Luke Kennard,Under,1.5,-135,2025-12-14,2025-12-14T23:49:53Z,2025-12-14 15:50:05
Bovada,player_threes,Nickeil Alexander-Walker,Over,2.5,-180,2025-12-14,2025-12-14T23:49:53Z,2025-12-14 15:50:05
Bovada,player_threes,Nickeil Alexander-Walker,Under,2.5,135,2025-12-14,2025-12-14T23:49:53Z,2025-12-14 15:50:05
Bovada,player_threes,Nickeil Alexander-Walker,Over,3.5,140,2025-12-14,2025-12-14T23:49:53Z,2025-12-14 15:50:05
Bovada,player_threes,Nickeil Alexander-Walker,Under,3.5,-185,2025-12-14,2025-12-14T23:49:53Z,2025-12-14 15:50:05
Bovada,player_threes,Onyeka Okongwu,Over,1.5,-150,2025-12-14,2025-12-14T23:49:53Z,2025-12-14 15:50:05
Bovada,player_threes,Onyeka Okongwu,Under,1.5,115,2025-12-14,2025-12-14T23:49:53Z,2025-12-14 15:50:05
Bovada,player_threes,Onyeka Okongwu,Over,2.5,190,2025-12-14,2025-12-14T23:49:53Z,2025-12-14 15:50:05
Bovada,player_threes,Onyeka Okongwu,Under,2.5,-260,2025-12-14,2025-12-14T23:49:53Z,2025-12-14 15:50:05
Bovada,player_threes,Paul George,Over,2.5,105,2025-12-14,2025-12-14T23:49:53Z,2025-12-14 15:50:05
Bovada,player_threes,Paul George,Under,2.5,-135,2025-12-14,2025-12-14T23:49:53Z,2025-12-14 15:50:05
Bovada,player_threes,Quentin Grimes,Over,2.5,-110,2025-12-14,2025-12-14T23:49:53Z,2025-12-14 15:50:05
Bovada,player_threes,Quentin Grimes,Under,2.5,-120,2025-12-14,2025-12-14T23:49:53Z,2025-12-14 15:50:05
Bovada,player_threes,Vit Krejci,Over,1.5,-210,2025-12-14,2025-12-14T23:49:53Z,2025-12-14 15:50:05
Bovada,player_threes,Vit Krejci,Under,1.5,155,2025-12-14,2025-12-14T23:49:53Z,2025-12-14 15:50:05
Bovada,player_threes,Vit Krejci,Over,2.5,155,2025-12-14,2025-12-14T23:49:53Z,2025-12-14 15:50:05
Bovada,player_threes,Vit Krejci,Under,2.5,-210,2025-12-14,2025-12-14T23:49:53Z,2025-12-14 15:50:05
Bovada,player_threes,VJ Edgecombe,Over,1.5,-160,2025-12-14,2025-12-14T23:49:53Z,2025-12-14 15:50:05
Bovada,player_threes,VJ Edgecombe,Under,1.5,120,2025-12-14,2025-12-14T23:49:53Z,2025-12-14 15:50:05
Bovada,player_threes,VJ Edgecombe,Over,2.5,190,2025-12-14,2025-12-14T23:49:53Z,2025-12-14 15:50:05
Bovada,player_threes,VJ Edgecombe,Under,2.5,-260,2025-12-14,2025-12-14T23:49:53Z,2025-12-14 15:50:05
Bovada,player_threes,Zaccharie Risacher,Over,1.5,120,2025-12-14,2025-12-14T23:49:53Z,2025-12-14 15:50:05
Bovada,player_threes,Zaccharie Risacher,Under,1.5,-160,2025-12-14,2025-12-14T23:49:53Z,2025-12-14 15:50:05
Bovada,player_threes,Bobby Portis,Over,1.5,-120,2025-12-14,2025-12-14T23:49:52Z,2025-12-14 15:50:05
Bovada,player_threes,Bobby Portis,Under,1.5,-110,2025-12-14,2025-12-14T23:49:52Z,2025-12-14 15:50:05
Bovada,player_threes,Danny Wolf,Over,1.5,150,2025-12-14,2025-12-14T23:49:52Z,2025-12-14 15:50:05
Bovada,player_threes,Danny Wolf,Under,1.5,-200,2025-12-14,2025-12-14T23:49:52Z,2025-12-14 15:50:05
Bovada,player_threes,Egor Demin,Over,1.5,-125,2025-12-14,2025-12-14T23:49:52Z,2025-12-14 15:50:05
Bovada,player_threes,Egor Demin,Under,1.5,-105,2025-12-14,2025-12-14T23:49:52Z,2025-12-14 15:50:05
Bovada,player_threes,Gary Trent Jr,Over,1.5,-275,2025-12-14,2025-12-14T23:49:52Z,2025-12-14 15:50:05
Bovada,player_threes,Gary Trent Jr,Under,1.5,200,2025-12-14,2025-12-14T23:49:52Z,2025-12-14 15:50:05
Bovada,player_threes,Gary Trent Jr,Over,2.5,115,2025-12-14,2025-12-14T23:49:52Z,2025-12-14 15:50:05
Bovada,player_threes,Gary Trent Jr,Under,2.5,-150,2025-12-14,2025-12-14T23:49:52Z,2025-12-14 15:50:05
Bovada,player_threes,Kevin Porter Jr.,Over,2.5,105,2025-12-14,2025-12-14T23:49:52Z,2025-12-14 15:50:05
Bovada,player_threes,Kevin Porter Jr.,Under,2.5,-135,2025-12-14,2025-12-14T23:49:52Z,2025-12-14 15:50:05
Bovada,player_threes,Kyle Kuzma,Over,0.5,-250,2025-12-14,2025-12-14T23:49:52Z,2025-12-14 15:50:05
Bovada,player_threes,Kyle Kuzma,Under,0.5,185,2025-12-14,2025-12-14T23:49:52Z,2025-12-14 15:50:05
Bovada,player_threes,Kyle Kuzma,Over,1.5,185,2025-12-14,2025-12-14T23:49:52Z,2025-12-14 15:50:05
Bovada,player_threes,Kyle Kuzma,Under,1.5,-250,2025-12-14,2025-12-14T23:49:52Z,2025-12-14 15:50:05
Bovada,player_threes,Michael Porter Jr,Over,2.5,-280,2025-12-14,2025-12-14T23:49:52Z,2025-12-14 15:50:05
Bovada,player_threes,Michael Porter Jr,Under,2.5,205,2025-12-14,2025-12-14T23:49:52Z,2025-12-14 15:50:05
Bovada,player_threes,Michael Porter Jr,Over,3.5,-105,2025-12-14,2025-12-14T23:49:52Z,2025-12-14 15:50:05
Bovada,player_threes,Michael Porter Jr,Under,3.5,-125,2025-12-14,2025-12-14T23:49:52Z,2025-12-14 15:50:05
Bovada,player_threes,Michael Porter Jr,Over,4.5,205,2025-12-14,2025-12-14T23:49:52Z,2025-12-14 15:50:05
Bovada,player_threes,Michael Porter Jr,Under,4.5,-280,2025-12-14,2025-12-14T23:49:52Z,2025-12-14 15:50:05
Bovada,player_threes,Myles Turner,Over,1.5,-185,2025-12-14,2025-12-14T23:49:52Z,2025-12-14 15:50:05
Bovada,player_threes,Myles Turner,Under,1.5,140,2025-12-14,2025-12-14T23:49:52Z,2025-12-14 15:50:05
Bovada,player_threes,Myles Turner,Over,2.5,165,2025-12-14,2025-12-14T23:49:52Z,2025-12-14 15:50:05
Bovada,player_threes,Myles Turner,Under,2.5,-220,2025-12-14,2025-12-14T23:49:52Z,2025-12-14 15:50:05
Bovada,player_threes,Noah Clowney,Over,1.5,-245,2025-12-14,2025-12-14T23:49:52Z,2025-12-14 15:50:05
Bovada,player_threes,Noah Clowney,Under,1.5,180,2025-12-14,2025-12-14T23:49:52Z,2025-12-14 15:50:05
Bovada,player_threes,Noah Clowney,Over,2.5,125,2025-12-14,2025-12-14T23:49:52Z,2025-12-14 15:50:05
Bovada,player_threes,Noah Clowney,Under,2.5,-165,2025-12-14,2025-12-14T23:49:52Z,2025-12-14 15:50:05
Bovada,player_threes,Ryan Rollins,Over,1.5,-210,2025-12-14,2025-12-14T23:49:52Z,2025-12-14 15:50:05
Bovada,player_threes,Ryan Rollins,Under,1.5,155,2025-12-14,2025-12-14T23:49:52Z,2025-12-14 15:50:05
Bovada,player_threes,Ryan Rollins,Over,2.5,145,2025-12-14,2025-12-14T23:49:52Z,2025-12-14 15:50:05
Bovada,player_threes,Ryan Rollins,Under,2.5,-190,2025-12-14,2025-12-14T23:49:52Z,2025-12-14 15:50:05
Bovada,player_threes,Ziaire Williams,Over,1.5,110,2025-12-14,2025-12-14T23:49:52Z,2025-12-14 15:50:05
Bovada,player_threes,Ziaire Williams,Under,1.5,-145,2025-12-14,2025-12-14T23:49:52Z,2025-12-14 15:50:05
Bovada,player_threes,Coby White,Over,2.5,-145,2025-12-15,2025-12-14T23:49:19Z,2025-12-14 15:50:05
Bovada,player_threes,Coby White,Under,2.5,110,2025-12-15,2025-12-14T23:49:19Z,2025-12-14 15:50:05
Bovada,player_threes,Coby White,Over,3.5,170,2025-12-15,2025-12-14T23:49:19Z,2025-12-14 15:50:05
Bovada,player_threes,Coby White,Under,3.5,-230,2025-12-15,2025-12-14T23:49:19Z,2025-12-14 15:50:05
Bovada,player_threes,Herb Jones,Over,0.5,-260,2025-12-15,2025-12-14T23:49:19Z,2025-12-14 15:50:05
Bovada,player_threes,Herb Jones,Under,0.5,190,2025-12-15,2025-12-14T23:49:19Z,2025-12-14 15:50:05
Bovada,player_threes,Herb Jones,Over,1.5,180,2025-12-15,2025-12-14T23:49:19Z,2025-12-14 15:50:05
Bovada,player_threes,Herb Jones,Under,1.5,-245,2025-12-15,2025-12-14T23:49:19Z,2025-12-14 15:50:05
Bovada,player_threes,Isaac Okoro,Over,0.5,-230,2025-12-15,2025-12-14T23:49:19Z,2025-12-14 15:50:05
Bovada,player_threes,Isaac Okoro,Under,0.5,170,2025-12-15,2025-12-14T23:49:19Z,2025-12-14 15:50:05
Bovada,player_threes,Isaac Okoro,Over,1.5,205,2025-12-15,2025-12-14T23:49:19Z,2025-12-14 15:50:05
Bovada,player_threes,Isaac Okoro,Under,1.5,-280,2025-12-15,2025-12-14T23:49:19Z,2025-12-14 15:50:05
Bovada,player_threes,Jalen Smith,Over,0.5,-275,2025-12-15,2025-12-14T23:49:19Z,2025-12-14 15:50:05
Bovada,player_threes,Jalen Smith,Under,0.5,200,2025-12-15,2025-12-14T23:49:19Z,2025-12-14 15:50:05
Bovada,player_threes,Jalen Smith,Over,1.5,170,2025-12-15,2025-12-14T23:49:19Z,2025-12-14 15:50:05
Bovada,player_threes,Jalen Smith,Under,1.5,-230,2025-12-15,2025-12-14T23:49:19Z,2025-12-14 15:50:05
Bovada,player_threes,Josh Giddey,Over,1.5,-125,2025-12-15,2025-12-14T23:49:19Z,2025-12-14 15:50:05
Bovada,player_threes,Josh Giddey,Under,1.5,-105,2025-12-15,2025-12-14T23:49:19Z,2025-12-14 15:50:05
Bovada,player_threes,Kevin Huerter,Over,1.5,105,2025-12-15,2025-12-14T23:49:19Z,2025-12-14 15:50:05
Bovada,player_threes,Kevin Huerter,Under,1.5,-135,2025-12-15,2025-12-14T23:49:19Z,2025-12-14 15:50:05
Bovada,player_threes,Matas Buzelis,Over,1.5,-110,2025-12-15,2025-12-14T23:49:19Z,2025-12-14 15:50:05
Bovada,player_threes,Matas Buzelis,Under,1.5,-120,2025-12-15,2025-12-14T23:49:19Z,2025-12-14 15:50:05
Bovada,player_threes,Nikola Vucevic,Over,1.5,-110,2025-12-15,2025-12-14T23:49:19Z,2025-12-14 15:50:05
Bovada,player_threes,Nikola Vucevic,Under,1.5,-120,2025-12-15,2025-12-14T23:49:19Z,2025-12-14 15:50:05
Bovada,player_threes,Patrick Williams,Over,1.5,120,2025-12-15,2025-12-14T23:49:19Z,2025-12-14 15:50:05
Bovada,player_threes,Patrick Williams,Under,1.5,-160,2025-12-15,2025-12-14T23:49:19Z,2025-12-14 15:50:05
Bovada,player_threes,Saddiq Bey,Over,1.5,115,2025-12-15,2025-12-14T23:49:19Z,2025-12-14 15:50:05
Bovada,player_threes,Saddiq Bey,Under,1.5,-150,2025-12-15,2025-12-14T23:49:19Z,2025-12-14 15:50:05
Bovada,player_threes,Trey Murphy III,Over,1.5,-275,2025-12-15,2025-12-14T23:49:19Z,2025-12-14 15:50:05
Bovada,player_threes,Trey Murphy III,Under,1.5,200,2025-12-15,2025-12-14T23:49:19Z,2025-12-14 15:50:05
Bovada,player_threes,Trey Murphy III,Over,2.5,115,2025-12-15,2025-12-14T23:49:19Z,2025-12-14 15:50:05
Bovada,player_threes,Trey Murphy III,Under,2.5,-150,2025-12-15,2025-12-14T23:49:19Z,2025-12-14 15:50:05
Bovada,player_threes,Dennis Schroder,Over,0.5,-275,2025-12-15,2025-12-14T23:49:50Z,2025-12-14 15:50:05
Bovada,player_threes,Dennis Schroder,Under,0.5,200,2025-12-15,2025-12-14T23:49:50Z,2025-12-14 15:50:05
Bovada,player_threes,Dennis Schroder,Over,1.5,175,2025-12-15,2025-12-14T23:49:50Z,2025-12-14 15:50:05
Bovada,player_threes,Dennis Schroder,Under,1.5,-240,2025-12-15,2025-12-14T23:49:50Z,2025-12-14 15:50:05
Bovada,player_threes,Donte DiVincenzo,Over,2.5,-245,2025-12-15,2025-12-14T23:49:50Z,2025-12-14 15:50:05
Bovada,player_threes,Donte DiVincenzo,Under,2.5,180,2025-12-15,2025-12-14T23:49:50Z,2025-12-14 15:50:05
Bovada,player_threes,Donte DiVincenzo,Over,3.5,105,2025-12-15,2025-12-14T23:49:50Z,2025-12-14 15:50:05
Bovada,player_threes,Donte DiVincenzo,Under,3.5,-135,2025-12-15,2025-12-14T23:49:50Z,2025-12-14 15:50:05
Bovada,player_threes,Jaden McDaniels,Over,1.5,105,2025-12-15,2025-12-14T23:49:50Z,2025-12-14 15:50:05
Bovada,player_threes,Jaden McDaniels,Under,1.5,-135,2025-12-15,2025-12-14T23:49:50Z,2025-12-14 15:50:05
Bovada,player_threes,Julius Randle,Over,1.5,-165,2025-12-15,2025-12-14T23:49:50Z,2025-12-14 15:50:05
Bovada,player_threes,Julius Randle,Under,1.5,125,2025-12-15,2025-12-14T23:49:50Z,2025-12-14 15:50:05
Bovada,player_threes,Julius Randle,Over,2.5,185,2025-12-15,2025-12-14T23:49:50Z,2025-12-14 15:50:05
Bovada,player_threes,Julius Randle,Under,2.5,-250,2025-12-15,2025-12-14T23:49:50Z,2025-12-14 15:50:05
Bovada,player_threes,Keegan Murray,Over,1.5,-145,2025-12-15,2025-12-14T23:49:50Z,2025-12-14 15:50:05
Bovada,player_threes,Keegan Murray,Under,1.5,110,2025-12-15,2025-12-14T23:49:50Z,2025-12-14 15:50:05
Bovada,player_threes,Keegan Murray,Over,2.5,210,2025-12-15,2025-12-14T23:49:50Z,2025-12-14 15:50:05
Bovada,player_threes,Keegan Murray,Under,2.5,-290,2025-12-15,2025-12-14T23:49:50Z,2025-12-14 15:50:05
Bovada,player_threes,Naz Reid,Over,2.5,-115,2025-12-15,2025-12-14T23:49:50Z,2025-12-14 15:50:05
Bovada,player_threes,Naz Reid,Under,2.5,-115,2025-12-15,2025-12-14T23:49:50Z,2025-12-14 15:50:05
Bovada,player_threes,Russell Westbrook,Over,1.5,125,2025-12-15,2025-12-14T23:49:50Z,2025-12-14 15:50:05
Bovada,player_threes,Russell Westbrook,Under,1.5,-165,2025-12-15,2025-12-14T23:49:50Z,2025-12-14 15:50:05
Bovada,player_threes,Zach LaVine,Over,2.5,-105,2025-12-15,2025-12-14T23:49:50Z,2025-12-14 15:50:05
Bovada,player_threes,Zach LaVine,Under,2.5,-125,2025-12-15,2025-12-14T23:49:50Z,2025-12-14 15:50:05
Bovada,player_threes,Devin Booker,Over,1.5,-165,2025-12-15,2025-12-14T23:49:30Z,2025-12-14 15:50:05
Bovada,player_threes,Devin Booker,Under,1.5,125,2025-12-15,2025-12-14T23:49:30Z,2025-12-14 15:50:05
Bovada,player_threes,Devin Booker,Over,2.5,185,2025-12-15,2025-12-14T23:49:30Z,2025-12-14 15:50:05
Bovada,player_threes,Devin Booker,Under,2.5,-250,2025-12-15,2025-12-14T23:49:30Z,2025-12-14 15:50:05
Bovada,player_threes,Dillon Brooks,Over,1.5,-275,2025-12-15,2025-12-14T23:49:30Z,2025-12-14 15:50:05
Bovada,player_threes,Dillon Brooks,Under,1.5,200,2025-12-15,2025-12-14T23:49:30Z,2025-12-14 15:50:05
Bovada,player_threes,Dillon Brooks,Over,2.5,115,2025-12-15,2025-12-14T23:49:30Z,2025-12-14 15:50:05
Bovada,player_threes,Dillon Brooks,Under,2.5,-150,2025-12-15,2025-12-14T23:49:30Z,2025-12-14 15:50:05
Bovada,player_threes,Grayson Allen,Over,2.5,-180,2025-12-15,2025-12-14T23:49:30Z,2025-12-14 15:50:05
Bovada,player_threes,Grayson Allen,Under,2.5,135,2025-12-15,2025-12-14T23:49:30Z,2025-12-14 15:50:05
Bovada,player_threes,Grayson Allen,Over,3.5,140,2025-12-15,2025-12-14T23:49:30Z,2025-12-14 15:50:05
Bovada,player_threes,Grayson Allen,Under,3.5,-185,2025-12-15,2025-12-14T23:49:30Z,2025-12-14 15:50:05
Bovada,player_threes,LeBron James,Over,1.5,-130,2025-12-15,2025-12-14T23:49:30Z,2025-12-14 15:50:05
Bovada,player_threes,LeBron James,Under,1.5,100,2025-12-15,2025-12-14T23:49:30Z,2025-12-14 15:50:05
Bovada,player_threes,Luka Doncic,Over,3.5,-145,2025-12-15,2025-12-14T23:49:30Z,2025-12-14 15:50:05
Bovada,player_threes,Luka Doncic,Under,3.5,110,2025-12-15,2025-12-14T23:49:30Z,2025-12-14 15:50:05
Bovada,player_threes,Luka Doncic,Over,4.5,150,2025-12-15,2025-12-14T23:49:30Z,2025-12-14 15:50:05
Bovada,player_threes,Luka Doncic,Under,4.5,-200,2025-12-15,2025-12-14T23:49:30Z,2025-12-14 15:50:05
Bovada,player_threes,Marcus Smart,Over,1.5,-120,2025-12-15,2025-12-14T23:49:30Z,2025-12-14 15:50:05
Bovada,player_threes,Marcus Smart,Under,1.5,-110,2025-12-15,2025-12-14T23:49:30Z,2025-12-14 15:50:05
Bovada,player_threes,Royce O'Neale,Over,2.5,100,2025-12-15,2025-12-14T23:49:30Z,2025-12-14 15:50:05
Bovada,player_threes,Royce O'Neale,Under,2.5,-130,2025-12-15,2025-12-14T23:49:30Z,2025-12-14 15:50:05
Bovada,player_threes,Rui Hachimura,Over,1.5,-130,2025-12-15,2025-12-14T23:49:30Z,2025-12-14 15:50:05
Bovada,player_threes,Rui Hachimura,Under,1.5,100,2025-12-15,2025-12-14T23:49:30Z,2025-12-14 15:50:05
Bovada,player_threes,Brandin Podziemski,Over,1.5,155,2025-12-15,2025-12-14T23:49:01Z,2025-12-14 15:50:05
Bovada,player_threes,Brandin Podziemski,Under,1.5,-210,2025-12-15,2025-12-14T23:49:01Z,2025-12-14 15:50:05
Bovada,player_threes,Buddy Hield,Over,1.5,-125,2025-12-15,2025-12-14T23:49:01Z,2025-12-14 15:50:05
Bovada,player_threes,Buddy Hield,Under,1.5,-105,2025-12-15,2025-12-14T23:49:01Z,2025-12-14 15:50:05
Bovada,player_threes,Deni Avdija,Over,1.5,-210,2025-12-15,2025-12-14T23:49:01Z,2025-12-14 15:50:05
Bovada,player_threes,Deni Avdija,Under,1.5,155,2025-12-15,2025-12-14T23:49:01Z,2025-12-14 15:50:05
Bovada,player_threes,Deni Avdija,Over,2.5,145,2025-12-15,2025-12-14T23:49:01Z,2025-12-14 15:50:05
Bovada,player_threes,Deni Avdija,Under,2.5,-190,2025-12-15,2025-12-14T23:49:01Z,2025-12-14 15:50:05
Bovada,player_threes,Draymond Green,Over,1.5,-120,2025-12-15,2025-12-14T23:49:01Z,2025-12-14 15:50:05
Bovada,player_threes,Draymond Green,Under,1.5,-110,2025-12-15,2025-12-14T23:49:01Z,2025-12-14 15:50:05
Bovada,player_threes,Jerami Grant,Over,1.5,-275,2025-12-15,2025-12-14T23:49:01Z,2025-12-14 15:50:05
Bovada,player_threes,Jerami Grant,Under,1.5,200,2025-12-15,2025-12-14T23:49:01Z,2025-12-14 15:50:05
Bovada,player_threes,Jerami Grant,Over,2.5,115,2025-12-15,2025-12-14T23:49:01Z,2025-12-14 15:50:05
Bovada,player_threes,Jerami Grant,Under,2.5,-150,2025-12-15,2025-12-14T23:49:01Z,2025-12-14 15:50:05
Bovada,player_threes,Moses Moody,Over,1.5,120,2025-12-15,2025-12-14T23:49:01Z,2025-12-14 15:50:05
Bovada,player_threes,Moses Moody,Under,1.5,-160,2025-12-15,2025-12-14T23:49:01Z,2025-12-14 15:50:05
Bovada,player_threes,Quinten Post,Over,1.5,-160,2025-12-15,2025-12-14T23:49:01Z,2025-12-14 15:50:05
Bovada,player_threes,Quinten Post,Under,1.5,120,2025-12-15,2025-12-14T23:49:01Z,2025-12-14 15:50:05
Bovada,player_threes,Quinten Post,Over,2.5,190,2025-12-15,2025-12-14T23:49:01Z,2025-12-14 15:50:05
Bovada,player_threes,Quinten Post,Under,2.5,-260,2025-12-15,2025-12-14T23:49:01Z,2025-12-14 15:50:05
Bovada,player_threes,Shaedon Sharpe,Over,1.5,-145,2025-12-15,2025-12-14T23:49:01Z,2025-12-14 15:50:05
Bovada,player_threes,Shaedon Sharpe,Under,1.5,110,2025-12-15,2025-12-14T23:49:01Z,2025-12-14 15:50:05
Bovada,player_threes,Shaedon Sharpe,Over,2.5,210,2025-12-15,2025-12-14T23:49:01Z,2025-12-14 15:50:05
Bovada,player_threes,Shaedon Sharpe,Under,2.5,-290,2025-12-15,2025-12-14T23:49:01Z,2025-12-14 15:50:05
Bovada,player_threes,Stephen Curry,Over,3.5,-280,2025-12-15,2025-12-14T23:49:01Z,2025-12-14 15:50:05
Bovada,player_threes,Stephen Curry,Under,3.5,205,2025-12-15,2025-12-14T23:49:01Z,2025-12-14 15:50:05
Bovada,player_threes,Stephen Curry,Over,4.5,-125,2025-12-15,2025-12-14T23:49:01Z,2025-12-14 15:50:05
Bovada,player_threes,Stephen Curry,Under,4.5,-105,2025-12-15,2025-12-14T23:49:01Z,2025-12-14 15:50:05
Bovada,player_threes,Stephen Curry,Over,5.5,165,2025-12-15,2025-12-14T23:49:01Z,2025-12-14 15:50:05
Bovada,player_threes,Stephen Curry,Under,5.5,-220,2025-12-15,2025-12-14T23:49:01Z,2025-12-14 15:50:05
Bovada,player_threes,Toumani Camara,Over,1.5,-250,2025-12-15,2025-12-14T23:49:01Z,2025-12-14 15:50:05
Bovada,player_threes,Toumani Camara,Under,1.5,185,2025-12-15,2025-12-14T23:49:01Z,2025-12-14 15:50:05
Bovada,player_threes,Toumani Camara,Over,2.5,120,2025-12-15,2025-12-14T23:49:01Z,2025-12-14 15:50:05
Bovada,player_threes,Toumani Camara,Under,2.5,-160,2025-12-15,2025-12-14T23:49:01Z,2025-12-14 15:50:05
BetRivers,player_threes,Herb Jones,Over,1.5,185,2025-12-15,2025-12-14T23:50:03Z,2025-12-14 15:50:05
BetRivers,player_threes,Herb Jones,Under,1.5,-250,2025-12-15,2025-12-14T23:50:03Z,2025-12-14 15:50:05
BetRivers,player_threes,Coby White,Over,2.5,-157,2025-12-15,2025-12-14T23:50:03Z,2025-12-14 15:50:05
BetRivers,player_threes,Coby White,Under,2.5,118,2025-12-15,2025-12-14T23:50:03Z,2025-12-14 15:50:05
BetRivers,player_threes,Josh Giddey,Over,1.5,-162,2025-12-15,2025-12-14T23:50:03Z,2025-12-14 15:50:05
BetRivers,player_threes,Josh Giddey,Under,1.5,120,2025-12-15,2025-12-14T23:50:03Z,2025-12-14 15:50:05
BetRivers,player_threes,Nikola Vucevic,Over,1.5,-115,2025-12-15,2025-12-14T23:50:03Z,2025-12-14 15:50:05
BetRivers,player_threes,Nikola Vucevic,Under,1.5,-115,2025-12-15,2025-12-14T23:50:03Z,2025-12-14 15:50:05
BetRivers,player_threes,Trey Murphy III,Over,2.5,130,2025-12-15,2025-12-14T23:50:03Z,2025-12-14 15:50:05
BetRivers,player_threes,Trey Murphy III,Under,2.5,-175,2025-12-15,2025-12-14T23:50:03Z,2025-12-14 15:50:05
BetRivers,player_threes,Matas Buzelis,Over,1.5,-121,2025-12-15,2025-12-14T23:50:03Z,2025-12-14 15:50:05
BetRivers,player_threes,Matas Buzelis,Under,1.5,-110,2025-12-15,2025-12-14T23:50:03Z,2025-12-14 15:50:05
BetRivers,player_threes,Herb Jones,Over,1.5,185,2025-12-15,2025-12-14T23:50:03Z,2025-12-14 15:50:05
BetRivers,player_threes,Herb Jones,Under,1.5,-250,2025-12-15,2025-12-14T23:50:03Z,2025-12-14 15:50:05
BetRivers,player_threes,Coby White,Over,2.5,-157,2025-12-15,2025-12-14T23:50:03Z,2025-12-14 15:50:05
BetRivers,player_threes,Coby White,Under,2.5,118,2025-12-15,2025-12-14T23:50:03Z,2025-12-14 15:50:05
BetRivers,player_threes,Josh Giddey,Over,1.5,-162,2025-12-15,2025-12-14T23:50:03Z,2025-12-14 15:50:05
BetRivers,player_threes,Josh Giddey,Under,1.5,120,2025-12-15,2025-12-14T23:50:03Z,2025-12-14 15:50:05
BetRivers,player_threes,Nikola Vucevic,Over,1.5,-115,2025-12-15,2025-12-14T23:50:03Z,2025-12-14 15:50:05
BetRivers,player_threes,Nikola Vucevic,Under,1.5,-115,2025-12-15,2025-12-14T23:50:03Z,2025-12-14 15:50:05
BetRivers,player_threes,Trey Murphy III,Over,2.5,130,2025-12-15,2025-12-14T23:50:03Z,2025-12-14 15:50:05
BetRivers,player_threes,Trey Murphy III,Under,2.5,-175,2025-12-15,2025-12-14T23:50:03Z,2025-12-14 15:50:05
BetRivers,player_threes,Matas Buzelis,Over,1.5,-121,2025-12-15,2025-12-14T23:50:03Z,2025-12-14 15:50:05
BetRivers,player_threes,Matas Buzelis,Under,1.5,-110,2025-12-15,2025-12-14T23:50:03Z,2025-12-14 15:50:05
BetRivers,player_threes,Zach LaVine,Over,2.5,-112,2025-12-15,2025-12-14T23:49:25Z,2025-12-14 15:50:05
BetRivers,player_threes,Zach LaVine,Under,2.5,-118,2025-12-15,2025-12-14T23:49:25Z,2025-12-14 15:50:05
BetRivers,player_threes,Malik Monk,Over,1.5,-110,2025-12-15,2025-12-14T23:49:25Z,2025-12-14 15:50:05
BetRivers,player_threes,Malik Monk,Under,1.5,-120,2025-12-15,2025-12-14T23:49:25Z,2025-12-14 15:50:05
BetRivers,player_threes,Naz Reid,Over,2.5,-109,2025-12-15,2025-12-14T23:49:25Z,2025-12-14 15:50:05
BetRivers,player_threes,Naz Reid,Under,2.5,-121,2025-12-15,2025-12-14T23:49:25Z,2025-12-14 15:50:05
BetRivers,player_threes,Russell Westbrook,Over,1.5,110,2025-12-15,2025-12-14T23:49:25Z,2025-12-14 15:50:05
BetRivers,player_threes,Russell Westbrook,Under,1.5,-148,2025-12-15,2025-12-14T23:49:25Z,2025-12-14 15:50:05
BetRivers,player_threes,Jaden McDaniels,Over,1.5,100,2025-12-15,2025-12-14T23:49:25Z,2025-12-14 15:50:05
BetRivers,player_threes,Jaden McDaniels,Under,1.5,-132,2025-12-15,2025-12-14T23:49:25Z,2025-12-14 15:50:05
BetRivers,player_threes,Julius Randle,Over,1.5,-157,2025-12-15,2025-12-14T23:49:25Z,2025-12-14 15:50:05
BetRivers,player_threes,Julius Randle,Under,1.5,117,2025-12-15,2025-12-14T23:49:25Z,2025-12-14 15:50:05
BetRivers,player_threes,Donte DiVincenzo,Over,3.5,102,2025-12-15,2025-12-14T23:49:25Z,2025-12-14 15:50:05
BetRivers,player_threes,Donte DiVincenzo,Under,3.5,-136,2025-12-15,2025-12-14T23:49:25Z,2025-12-14 15:50:05
BetRivers,player_threes,Keegan Murray,Over,2.5,138,2025-12-15,2025-12-14T23:49:25Z,2025-12-14 15:50:05
BetRivers,player_threes,Keegan Murray,Under,2.5,-186,2025-12-15,2025-12-14T23:49:25Z,2025-12-14 15:50:05
BetRivers,player_threes,Zach LaVine,Over,2.5,-112,2025-12-15,2025-12-14T23:49:25Z,2025-12-14 15:50:05
BetRivers,player_threes,Zach LaVine,Under,2.5,-118,2025-12-15,2025-12-14T23:49:25Z,2025-12-14 15:50:05
BetRivers,player_threes,Malik Monk,Over,1.5,-110,2025-12-15,2025-12-14T23:49:25Z,2025-12-14 15:50:05
BetRivers,player_threes,Malik Monk,Under,1.5,-120,2025-12-15,2025-12-14T23:49:25Z,2025-12-14 15:50:05
BetRivers,player_threes,Naz Reid,Over,2.5,-109,2025-12-15,2025-12-14T23:49:25Z,2025-12-14 15:50:05
BetRivers,player_threes,Naz Reid,Under,2.5,-121,2025-12-15,2025-12-14T23:49:25Z,2025-12-14 15:50:05
BetRivers,player_threes,Russell Westbrook,Over,1.5,110,2025-12-15,2025-12-14T23:49:25Z,2025-12-14 15:50:05
BetRivers,player_threes,Russell Westbrook,Under,1.5,-148,2025-12-15,2025-12-14T23:49:25Z,2025-12-14 15:50:05
BetRivers,player_threes,Jaden McDaniels,Over,1.5,100,2025-12-15,2025-12-14T23:49:25Z,2025-12-14 15:50:05
BetRivers,player_threes,Jaden McDaniels,Under,1.5,-132,2025-12-15,2025-12-14T23:49:25Z,2025-12-14 15:50:05
BetRivers,player_threes,Julius Randle,Over,1.5,-157,2025-12-15,2025-12-14T23:49:25Z,2025-12-14 15:50:05
BetRivers,player_threes,Julius Randle,Under,1.5,117,2025-12-15,2025-12-14T23:49:25Z,2025-12-14 15:50:05
BetRivers,player_threes,Donte DiVincenzo,Over,3.5,102,2025-12-15,2025-12-14T23:49:25Z,2025-12-14 15:50:05
BetRivers,player_threes,Donte DiVincenzo,Under,3.5,-136,2025-12-15,2025-12-14T23:49:25Z,2025-12-14 15:50:05
BetRivers,player_threes,Keegan Murray,Over,2.5,138,2025-12-15,2025-12-14T23:49:25Z,2025-12-14 15:50:05
BetRivers,player_threes,Keegan Murray,Under,2.5,-186,2025-12-15,2025-12-14T23:49:25Z,2025-12-14 15:50:05
BetRivers,player_threes,LeBron James,Over,1.5,-157,2025-12-15,2025-12-14T23:50:15Z,2025-12-14 15:50:05
BetRivers,player_threes,LeBron James,Under,1.5,118,2025-12-15,2025-12-14T23:50:15Z,2025-12-14 15:50:05
BetRivers,player_threes,Marcus Smart,Over,1.5,-120,2025-12-15,2025-12-14T23:50:15Z,2025-12-14 15:50:05
BetRivers,player_threes,Marcus Smart,Under,1.5,-112,2025-12-15,2025-12-14T23:50:15Z,2025-12-14 15:50:05
BetRivers,player_threes,Royce O'Neale,Over,2.5,110,2025-12-15,2025-12-14T23:50:15Z,2025-12-14 15:50:05
BetRivers,player_threes,Royce O'Neale,Under,2.5,-143,2025-12-15,2025-12-14T23:50:15Z,2025-12-14 15:50:05
BetRivers,player_threes,Grayson Allen,Over,3.5,130,2025-12-15,2025-12-14T23:50:15Z,2025-12-14 15:50:05
BetRivers,player_threes,Grayson Allen,Under,3.5,-177,2025-12-15,2025-12-14T23:50:15Z,2025-12-14 15:50:05
BetRivers,player_threes,Rui Hachimura,Over,1.5,-113,2025-12-15,2025-12-14T23:50:15Z,2025-12-14 15:50:05
BetRivers,player_threes,Rui Hachimura,Under,1.5,-118,2025-12-15,2025-12-14T23:50:15Z,2025-12-14 15:50:05
BetRivers,player_threes,Luka Doncic,Over,3.5,-139,2025-12-15,2025-12-14T23:50:15Z,2025-12-14 15:50:05
BetRivers,player_threes,Luka Doncic,Under,3.5,105,2025-12-15,2025-12-14T23:50:15Z,2025-12-14 15:50:05
BetRivers,player_threes,Devin Booker,Over,1.5,-139,2025-12-15,2025-12-14T23:50:15Z,2025-12-14 15:50:05
BetRivers,player_threes,Devin Booker,Under,1.5,105,2025-12-15,2025-12-14T23:50:15Z,2025-12-14 15:50:05
BetRivers,player_threes,Dillon Brooks,Over,2.5,125,2025-12-15,2025-12-14T23:50:15Z,2025-12-14 15:50:05
BetRivers,player_threes,Dillon Brooks,Under,2.5,-167,2025-12-15,2025-12-14T23:50:15Z,2025-12-14 15:50:05
BetRivers,player_threes,Collin Gillespie,Over,2.5,-155,2025-12-15,2025-12-14T23:50:15Z,2025-12-14 15:50:05
BetRivers,player_threes,Collin Gillespie,Under,2.5,116,2025-12-15,2025-12-14T23:50:15Z,2025-12-14 15:50:05
BetRivers,player_threes,LeBron James,Over,1.5,-157,2025-12-15,2025-12-14T23:50:15Z,2025-12-14 15:50:05
BetRivers,player_threes,LeBron James,Under,1.5,118,2025-12-15,2025-12-14T23:50:15Z,2025-12-14 15:50:05
BetRivers,player_threes,Marcus Smart,Over,1.5,-120,2025-12-15,2025-12-14T23:50:15Z,2025-12-14 15:50:05
BetRivers,player_threes,Marcus Smart,Under,1.5,-112,2025-12-15,2025-12-14T23:50:15Z,2025-12-14 15:50:05
BetRivers,player_threes,Royce O'Neale,Over,2.5,110,2025-12-15,2025-12-14T23:50:15Z,2025-12-14 15:50:05
BetRivers,player_threes,Royce O'Neale,Under,2.5,-143,2025-12-15,2025-12-14T23:50:15Z,2025-12-14 15:50:05
BetRivers,player_threes,Grayson Allen,Over,3.5,130,2025-12-15,2025-12-14T23:50:15Z,2025-12-14 15:50:05
BetRivers,player_threes,Grayson Allen,Under,3.5,-177,2025-12-15,2025-12-14T23:50:15Z,2025-12-14 15:50:05
BetRivers,player_threes,Rui Hachimura,Over,1.5,-113,2025-12-15,2025-12-14T23:50:15Z,2025-12-14 15:50:05
BetRivers,player_threes,Rui Hachimura,Under,1.5,-118,2025-12-15,2025-12-14T23:50:15Z,2025-12-14 15:50:05
BetRivers,player_threes,Luka Doncic,Over,3.5,-139,2025-12-15,2025-12-14T23:50:15Z,2025-12-14 15:50:05
BetRivers,player_threes,Luka Doncic,Under,3.5,105,2025-12-15,2025-12-14T23:50:15Z,2025-12-14 15:50:05
BetRivers,player_threes,Devin Booker,Over,1.5,-139,2025-12-15,2025-12-14T23:50:15Z,2025-12-14 15:50:05
BetRivers,player_threes,Devin Booker,Under,1.5,105,2025-12-15,2025-12-14T23:50:15Z,2025-12-14 15:50:05
BetRivers,player_threes,Dillon Brooks,Over,2.5,125,2025-12-15,2025-12-14T23:50:15Z,2025-12-14 15:50:05
BetRivers,player_threes,Dillon Brooks,Under,2.5,-167,2025-12-15,2025-12-14T23:50:15Z,2025-12-14 15:50:05
BetRivers,player_threes,Collin Gillespie,Over,2.5,-155,2025-12-15,2025-12-14T23:50:15Z,2025-12-14 15:50:05
BetRivers,player_threes,Collin Gillespie,Under,2.5,116,2025-12-15,2025-12-14T23:50:15Z,2025-12-14 15:50:05
BetRivers,player_threes,Quinten Post,Over,1.5,-157,2025-12-15,2025-12-14T23:49:37Z,2025-12-14 15:50:05
BetRivers,player_threes,Quinten Post,Under,1.5,118,2025-12-15,2025-12-14T23:49:37Z,2025-12-14 15:50:05
BetRivers,player_threes,Draymond Green,Over,1.5,-103,2025-12-15,2025-12-14T23:49:37Z,2025-12-14 15:50:05
BetRivers,player_threes,Draymond Green,Under,1.5,-130,2025-12-15,2025-12-14T23:49:37Z,2025-12-14 15:50:05
BetRivers,player_threes,Shaedon Sharpe,Over,1.5,-150,2025-12-15,2025-12-14T23:49:37Z,2025-12-14 15:50:05
BetRivers,player_threes,Shaedon Sharpe,Under,1.5,112,2025-12-15,2025-12-14T23:49:37Z,2025-12-14 15:50:05
BetRivers,player_threes,Jerami Grant,Over,2.5,104,2025-12-15,2025-12-14T23:49:37Z,2025-12-14 15:50:05
BetRivers,player_threes,Jerami Grant,Under,2.5,-137,2025-12-15,2025-12-14T23:49:37Z,2025-12-14 15:50:05
BetRivers,player_threes,Brandin Podziemski,Over,1.5,143,2025-12-15,2025-12-14T23:49:37Z,2025-12-14 15:50:05
BetRivers,player_threes,Brandin Podziemski,Under,1.5,-195,2025-12-15,2025-12-14T23:49:37Z,2025-12-14 15:50:05
BetRivers,player_threes,Buddy Hield,Over,1.5,-148,2025-12-15,2025-12-14T23:49:37Z,2025-12-14 15:50:05
BetRivers,player_threes,Buddy Hield,Under,1.5,110,2025-12-15,2025-12-14T23:49:37Z,2025-12-14 15:50:05
BetRivers,player_threes,Deni Avdija,Over,1.5,-205,2025-12-15,2025-12-14T23:49:37Z,2025-12-14 15:50:05
BetRivers,player_threes,Deni Avdija,Under,1.5,150,2025-12-15,2025-12-14T23:49:37Z,2025-12-14 15:50:05
BetRivers,player_threes,Toumani Camara,Over,2.5,118,2025-12-15,2025-12-14T23:49:37Z,2025-12-14 15:50:05
BetRivers,player_threes,Toumani Camara,Under,2.5,-157,2025-12-15,2025-12-14T23:49:37Z,2025-12-14 15:50:05
BetRivers,player_threes,Stephen Curry,Over,4.5,-134,2025-12-15,2025-12-14T23:49:37Z,2025-12-14 15:50:05
BetRivers,player_threes,Stephen Curry,Under,4.5,100,2025-12-15,2025-12-14T23:49:37Z,2025-12-14 15:50:05
BetRivers,player_threes,Quinten Post,Over,1.5,-157,2025-12-15,2025-12-14T23:49:37Z,2025-12-14 15:50:05
BetRivers,player_threes,Quinten Post,Under,1.5,118,2025-12-15,2025-12-14T23:49:37Z,2025-12-14 15:50:05
BetRivers,player_threes,Draymond Green,Over,1.5,-103,2025-12-15,2025-12-14T23:49:37Z,2025-12-14 15:50:05
BetRivers,player_threes,Draymond Green,Under,1.5,-130,2025-12-15,2025-12-14T23:49:37Z,2025-12-14 15:50:05
BetRivers,player_threes,Shaedon Sharpe,Over,1.5,-150,2025-12-15,2025-12-14T23:49:37Z,2025-12-14 15:50:05
BetRivers,player_threes,Shaedon Sharpe,Under,1.5,112,2025-12-15,2025-12-14T23:49:37Z,2025-12-14 15:50:05
BetRivers,player_threes,Jerami Grant,Over,2.5,104,2025-12-15,2025-12-14T23:49:37Z,2025-12-14 15:50:05
BetRivers,player_threes,Jerami Grant,Under,2.5,-137,2025-12-15,2025-12-14T23:49:37Z,2025-12-14 15:50:05
BetRivers,player_threes,Brandin Podziemski,Over,1.5,143,2025-12-15,2025-12-14T23:49:37Z,2025-12-14 15:50:05
BetRivers,player_threes,Brandin Podziemski,Under,1.5,-195,2025-12-15,2025-12-14T23:49:37Z,2025-12-14 15:50:05
BetRivers,player_threes,Buddy Hield,Over,1.5,-148,2025-12-15,2025-12-14T23:49:37Z,2025-12-14 15:50:05
BetRivers,player_threes,Buddy Hield,Under,1.5,110,2025-12-15,2025-12-14T23:49:37Z,2025-12-14 15:50:05
BetRivers,player_threes,Deni Avdija,Over,1.5,-205,2025-12-15,2025-12-14T23:49:37Z,2025-12-14 15:50:05
BetRivers,player_threes,Deni Avdija,Under,1.5,150,2025-12-15,2025-12-14T23:49:37Z,2025-12-14 15:50:05
BetRivers,player_threes,Toumani Camara,Over,2.5,118,2025-12-15,2025-12-14T23:49:37Z,2025-12-14 15:50:05
BetRivers,player_threes,Toumani Camara,Under,2.5,-157,2025-12-15,2025-12-14T23:49:37Z,2025-12-14 15:50:05
BetRivers,player_threes,Stephen Curry,Over,4.5,-134,2025-12-15,2025-12-14T23:49:37Z,2025-12-14 15:50:05
BetRivers,player_threes,Stephen Curry,Under,4.5,100,2025-12-15,2025-12-14T23:49:37Z,2025-12-14 15:50:05
BetOnline.ag,player_threes,Coby White,Over,2.5,-141,2025-12-15,2025-12-14T23:48:31Z,2025-12-14 15:50:05
BetOnline.ag,player_threes,Coby White,Under,2.5,108,2025-12-15,2025-12-14T23:48:31Z,2025-12-14 15:50:05
BetOnline.ag,player_threes,Patrick Williams,Over,1.5,117,2025-12-15,2025-12-14T23:48:31Z,2025-12-14 15:50:05
BetOnline.ag,player_threes,Patrick Williams,Under,1.5,-152,2025-12-15,2025-12-14T23:48:31Z,2025-12-14 15:50:05
BetOnline.ag,player_threes,Nikola Vucevic,Over,1.5,-110,2025-12-15,2025-12-14T23:48:31Z,2025-12-14 15:50:05
BetOnline.ag,player_threes,Nikola Vucevic,Under,1.5,-118,2025-12-15,2025-12-14T23:48:31Z,2025-12-14 15:50:05
BetOnline.ag,player_threes,Trey Murphy III,Over,2.5,118,2025-12-15,2025-12-14T23:48:31Z,2025-12-14 15:50:05
BetOnline.ag,player_threes,Trey Murphy III,Under,2.5,-154,2025-12-15,2025-12-14T23:48:31Z,2025-12-14 15:50:05
BetOnline.ag,player_threes,Josh Giddey,Over,1.5,-139,2025-12-15,2025-12-14T23:48:31Z,2025-12-14 15:50:05
BetOnline.ag,player_threes,Josh Giddey,Under,1.5,107,2025-12-15,2025-12-14T23:48:31Z,2025-12-14 15:50:05
BetOnline.ag,player_threes,Matas Buzelis,Over,1.5,-112,2025-12-15,2025-12-14T23:48:31Z,2025-12-14 15:50:05
BetOnline.ag,player_threes,Matas Buzelis,Under,1.5,-115,2025-12-15,2025-12-14T23:48:31Z,2025-12-14 15:50:05
BetOnline.ag,player_threes,Jordan Poole,Over,2.5,104,2025-12-15,2025-12-14T23:48:31Z,2025-12-14 15:50:05
BetOnline.ag,player_threes,Jordan Poole,Under,2.5,-135,2025-12-15,2025-12-14T23:48:31Z,2025-12-14 15:50:05
BetOnline.ag,player_threes,Tre Jones,Over,0.5,103,2025-12-15,2025-12-14T23:48:31Z,2025-12-14 15:50:05
BetOnline.ag,player_threes,Tre Jones,Under,0.5,-133,2025-12-15,2025-12-14T23:48:31Z,2025-12-14 15:50:05
BetOnline.ag,player_threes,Isaac Okoro,Over,1.5,164,2025-12-15,2025-12-14T23:48:31Z,2025-12-14 15:50:05
BetOnline.ag,player_threes,Isaac Okoro,Under,1.5,-217,2025-12-15,2025-12-14T23:48:31Z,2025-12-14 15:50:05
BetOnline.ag,player_threes,Jeremiah Fears,Over,0.5,-185,2025-12-15,2025-12-14T23:48:31Z,2025-12-14 15:50:05
BetOnline.ag,player_threes,Jeremiah Fears,Under,0.5,140,2025-12-15,2025-12-14T23:48:31Z,2025-12-14 15:50:05
BetOnline.ag,player_threes,Jalen Smith,Over,1.5,152,2025-12-15,2025-12-14T23:48:31Z,2025-12-14 15:50:05
BetOnline.ag,player_threes,Jalen Smith,Under,1.5,-200,2025-12-15,2025-12-14T23:48:31Z,2025-12-14 15:50:05
BetOnline.ag,player_threes,Kevin Huerter,Over,1.5,103,2025-12-15,2025-12-14T23:48:31Z,2025-12-14 15:50:05
BetOnline.ag,player_threes,Kevin Huerter,Under,1.5,-133,2025-12-15,2025-12-14T23:48:31Z,2025-12-14 15:50:05
BetOnline.ag,player_threes,Herb Jones,Over,0.5,-233,2025-12-15,2025-12-14T23:48:31Z,2025-12-14 15:50:05
BetOnline.ag,player_threes,Herb Jones,Under,0.5,174,2025-12-15,2025-12-14T23:48:31Z,2025-12-14 15:50:05
BetOnline.ag,player_threes,Jaden McDaniels,Over,1.5,-103,2025-12-15,2025-12-14T23:49:52Z,2025-12-14 15:50:05
BetOnline.ag,player_threes,Jaden McDaniels,Under,1.5,-125,2025-12-15,2025-12-14T23:49:52Z,2025-12-14 15:50:05
BetOnline.ag,player_threes,Julius Randle,Over,1.5,-154,2025-12-15,2025-12-14T23:49:52Z,2025-12-14 15:50:05
BetOnline.ag,player_threes,Julius Randle,Under,1.5,119,2025-12-15,2025-12-14T23:49:52Z,2025-12-14 15:50:05
BetOnline.ag,player_threes,DeMar DeRozan,Over,0.5,-172,2025-12-15,2025-12-14T23:49:52Z,2025-12-14 15:50:05
BetOnline.ag,player_threes,DeMar DeRozan,Under,0.5,133,2025-12-15,2025-12-14T23:49:52Z,2025-12-14 15:50:05
BetOnline.ag,player_threes,Donte DiVincenzo,Over,3.5,106,2025-12-15,2025-12-14T23:49:52Z,2025-12-14 15:50:05
BetOnline.ag,player_threes,Donte DiVincenzo,Under,3.5,-137,2025-12-15,2025-12-14T23:49:52Z,2025-12-14 15:50:05
BetOnline.ag,player_threes,Russell Westbrook,Over,1.5,122,2025-12-15,2025-12-14T23:49:52Z,2025-12-14 15:50:05
BetOnline.ag,player_threes,Russell Westbrook,Under,1.5,-159,2025-12-15,2025-12-14T23:49:52Z,2025-12-14 15:50:05
BetOnline.ag,player_threes,Zach LaVine,Over,2.5,-103,2025-12-15,2025-12-14T23:49:52Z,2025-12-14 15:50:05
BetOnline.ag,player_threes,Zach LaVine,Under,2.5,-125,2025-12-15,2025-12-14T23:49:52Z,2025-12-14 15:50:05
BetOnline.ag,player_threes,Malik Monk,Over,1.5,115,2025-12-15,2025-12-14T23:49:52Z,2025-12-14 15:50:05
BetOnline.ag,player_threes,Malik Monk,Under,1.5,-149,2025-12-15,2025-12-14T23:49:52Z,2025-12-14 15:50:05
BetOnline.ag,player_threes,Keegan Murray,Over,1.5,-169,2025-12-15,2025-12-14T23:49:52Z,2025-12-14 15:50:05
BetOnline.ag,player_threes,Keegan Murray,Under,1.5,130,2025-12-15,2025-12-14T23:49:52Z,2025-12-14 15:50:05
BetOnline.ag,player_threes,Devin Booker,Over,1.5,-147,2025-12-15,2025-12-14T23:49:19Z,2025-12-14 15:50:05
BetOnline.ag,player_threes,Devin Booker,Under,1.5,113,2025-12-15,2025-12-14T23:49:19Z,2025-12-14 15:50:05
BetOnline.ag,player_threes,LeBron James,Over,1.5,-139,2025-12-15,2025-12-14T23:49:19Z,2025-12-14 15:50:05
BetOnline.ag,player_threes,LeBron James,Under,1.5,107,2025-12-15,2025-12-14T23:49:19Z,2025-12-14 15:50:05
BetOnline.ag,player_threes,Rui Hachimura,Over,1.5,-120,2025-12-15,2025-12-14T23:49:19Z,2025-12-14 15:50:05
BetOnline.ag,player_threes,Rui Hachimura,Under,1.5,-108,2025-12-15,2025-12-14T23:49:19Z,2025-12-14 15:50:05
BetOnline.ag,player_threes,Royce O'Neale,Over,2.5,117,2025-12-15,2025-12-14T23:49:19Z,2025-12-14 15:50:05
BetOnline.ag,player_threes,Royce O'Neale,Under,2.5,-152,2025-12-15,2025-12-14T23:49:19Z,2025-12-14 15:50:05
BetOnline.ag,player_threes,Luka Doncic,Over,3.5,-116,2025-12-15,2025-12-14T23:49:19Z,2025-12-14 15:50:05
BetOnline.ag,player_threes,Luka Doncic,Under,3.5,-111,2025-12-15,2025-12-14T23:49:19Z,2025-12-14 15:50:05
BetOnline.ag,player_threes,Dillon Brooks,Over,2.5,122,2025-12-15,2025-12-14T23:49:19Z,2025-12-14 15:50:05
BetOnline.ag,player_threes,Dillon Brooks,Under,2.5,-159,2025-12-15,2025-12-14T23:49:19Z,2025-12-14 15:50:05
BetOnline.ag,player_threes,Marcus Smart,Over,1.5,-114,2025-12-15,2025-12-14T23:49:19Z,2025-12-14 15:50:05
BetOnline.ag,player_threes,Marcus Smart,Under,1.5,-114,2025-12-15,2025-12-14T23:49:19Z,2025-12-14 15:50:05
BetOnline.ag,player_threes,Jake LaRavia,Over,0.5,-161,2025-12-15,2025-12-14T23:49:19Z,2025-12-14 15:50:05
BetOnline.ag,player_threes,Jake LaRavia,Under,0.5,124,2025-12-15,2025-12-14T23:49:19Z,2025-12-14 15:50:05
BetOnline.ag,player_threes,Grayson Allen,Over,3.5,128,2025-12-15,2025-12-14T23:49:19Z,2025-12-14 15:50:05
BetOnline.ag,player_threes,Grayson Allen,Under,3.5,-167,2025-12-15,2025-12-14T23:49:19Z,2025-12-14 15:50:05
BetOnline.ag,player_threes,Collin Gillespie,Over,2.5,-123,2025-12-15,2025-12-14T23:49:19Z,2025-12-14 15:50:05
BetOnline.ag,player_threes,Collin Gillespie,Under,2.5,-105,2025-12-15,2025-12-14T23:49:19Z,2025-12-14 15:50:05
BetOnline.ag,player_threes,Stephen Curry,Over,4.5,-123,2025-12-15,2025-12-14T23:49:49Z,2025-12-14 15:50:05
BetOnline.ag,player_threes,Stephen Curry,Under,4.5,-104,2025-12-15,2025-12-14T23:49:49Z,2025-12-14 15:50:05
BetOnline.ag,player_threes,Jerami Grant,Over,2.5,109,2025-12-15,2025-12-14T23:49:49Z,2025-12-14 15:50:05
BetOnline.ag,player_threes,Jerami Grant,Under,2.5,-141,2025-12-15,2025-12-14T23:49:49Z,2025-12-14 15:50:05
BetOnline.ag,player_threes,Draymond Green,Over,1.5,110,2025-12-15,2025-12-14T23:49:49Z,2025-12-14 15:50:05
BetOnline.ag,player_threes,Draymond Green,Under,1.5,-143,2025-12-15,2025-12-14T23:49:49Z,2025-12-14 15:50:05
BetOnline.ag,player_threes,Shaedon Sharpe,Over,1.5,-161,2025-12-15,2025-12-14T23:49:49Z,2025-12-14 15:50:05
BetOnline.ag,player_threes,Shaedon Sharpe,Under,1.5,123,2025-12-15,2025-12-14T23:49:49Z,2025-12-14 15:50:05
BetOnline.ag,player_threes,Quinten Post,Over,1.5,-141,2025-12-15,2025-12-14T23:49:49Z,2025-12-14 15:50:05
BetOnline.ag,player_threes,Quinten Post,Under,1.5,109,2025-12-15,2025-12-14T23:49:49Z,2025-12-14 15:50:05
BetOnline.ag,player_threes,Toumani Camara,Over,2.5,110,2025-12-15,2025-12-14T23:49:49Z,2025-12-14 15:50:05
BetOnline.ag,player_threes,Toumani Camara,Under,2.5,-143,2025-12-15,2025-12-14T23:49:49Z,2025-12-14 15:50:05
BetOnline.ag,player_threes,Moses Moody,Over,1.5,106,2025-12-15,2025-12-14T23:49:49Z,2025-12-14 15:50:05
BetOnline.ag,player_threes,Moses Moody,Under,1.5,-137,2025-12-15,2025-12-14T23:49:49Z,2025-12-14 15:50:05
BetOnline.ag,player_threes,Brandin Podziemski,Over,1.5,136,2025-12-15,2025-12-14T23:49:49Z,2025-12-14 15:50:05
BetOnline.ag,player_threes,Brandin Podziemski,Under,1.5,-179,2025-12-15,2025-12-14T23:49:49Z,2025-12-14 15:50:05
BetOnline.ag,player_threes,Buddy Hield,Over,1.5,-161,2025-12-15,2025-12-14T23:49:49Z,2025-12-14 15:50:05
BetOnline.ag,player_threes,Buddy Hield,Under,1.5,124,2025-12-15,2025-12-14T23:49:49Z,2025-12-14 15:50:05
BetOnline.ag,player_threes,Jimmy Butler,Over,0.5,-128,2025-12-15,2025-12-14T23:49:49Z,2025-12-14 15:50:05
BetOnline.ag,player_threes,Jimmy Butler,Under,0.5,-101,2025-12-15,2025-12-14T23:49:49Z,2025-12-14 15:50:05
BetOnline.ag,player_threes,Deni Avdija,Over,1.5,-185,2025-12-15,2025-12-14T23:49:49Z,2025-12-14 15:50:05
BetOnline.ag,player_threes,Deni Avdija,Under,1.5,140,2025-12-15,2025-12-14T23:49:49Z,2025-12-14 15:50:05
BetMGM,player_threes,Trey Murphy III,Over,2.5,120,2025-12-15,2025-12-14T23:49:22Z,2025-12-14 15:50:05
BetMGM,player_threes,Trey Murphy III,Under,2.5,-160,2025-12-15,2025-12-14T23:49:22Z,2025-12-14 15:50:05
BetMGM,player_threes,Josh Giddey,Over,1.5,-150,2025-12-15,2025-12-14T23:49:22Z,2025-12-14 15:50:05
BetMGM,player_threes,Josh Giddey,Under,1.5,110,2025-12-15,2025-12-14T23:49:22Z,2025-12-14 15:50:05
BetMGM,player_threes,Jalen Smith,Over,1.5,165,2025-12-15,2025-12-14T23:49:22Z,2025-12-14 15:50:05
BetMGM,player_threes,Jalen Smith,Under,1.5,-220,2025-12-15,2025-12-14T23:49:22Z,2025-12-14 15:50:05
BetMGM,player_threes,Nikola Vucevic,Over,1.5,-118,2025-12-15,2025-12-14T23:49:22Z,2025-12-14 15:50:05
BetMGM,player_threes,Nikola Vucevic,Under,1.5,-110,2025-12-15,2025-12-14T23:49:22Z,2025-12-14 15:50:05
BetMGM,player_threes,Saddiq Bey,Over,1.5,100,2025-12-15,2025-12-14T23:49:22Z,2025-12-14 15:50:05
BetMGM,player_threes,Saddiq Bey,Under,1.5,-135,2025-12-15,2025-12-14T23:49:22Z,2025-12-14 15:50:05
BetMGM,player_threes,Jordan Poole,Over,2.5,105,2025-12-15,2025-12-14T23:49:22Z,2025-12-14 15:50:05
BetMGM,player_threes,Jordan Poole,Under,2.5,-140,2025-12-15,2025-12-14T23:49:22Z,2025-12-14 15:50:05
BetMGM,player_threes,Jose Alvarado,Over,1.5,110,2025-12-15,2025-12-14T23:49:22Z,2025-12-14 15:50:05
BetMGM,player_threes,Jose Alvarado,Under,1.5,-145,2025-12-15,2025-12-14T23:49:22Z,2025-12-14 15:50:05
BetMGM,player_threes,Patrick Williams,Over,1.5,125,2025-12-15,2025-12-14T23:49:22Z,2025-12-14 15:50:05
BetMGM,player_threes,Patrick Williams,Under,1.5,-165,2025-12-15,2025-12-14T23:49:22Z,2025-12-14 15:50:05
BetMGM,player_threes,Tre Jones,Over,0.5,120,2025-12-15,2025-12-14T23:49:22Z,2025-12-14 15:50:05
BetMGM,player_threes,Tre Jones,Under,0.5,-160,2025-12-15,2025-12-14T23:49:22Z,2025-12-14 15:50:05
BetMGM,player_threes,Jeremiah Fears,Over,0.5,-175,2025-12-15,2025-12-14T23:49:22Z,2025-12-14 15:50:05
BetMGM,player_threes,Jeremiah Fears,Under,0.5,130,2025-12-15,2025-12-14T23:49:22Z,2025-12-14 15:50:05
BetMGM,player_threes,Matas Buzelis,Over,1.5,-120,2025-12-15,2025-12-14T23:49:22Z,2025-12-14 15:50:05
BetMGM,player_threes,Matas Buzelis,Under,1.5,-110,2025-12-15,2025-12-14T23:49:22Z,2025-12-14 15:50:05
BetMGM,player_threes,Zach Collins,Over,0.5,-125,2025-12-15,2025-12-14T23:49:22Z,2025-12-14 15:50:05
BetMGM,player_threes,Zach Collins,Under,0.5,-105,2025-12-15,2025-12-14T23:49:22Z,2025-12-14 15:50:05
BetMGM,player_threes,Isaac Okoro,Over,0.5,-220,2025-12-15,2025-12-14T23:49:22Z,2025-12-14 15:50:05
BetMGM,player_threes,Isaac Okoro,Under,0.5,165,2025-12-15,2025-12-14T23:49:22Z,2025-12-14 15:50:05
BetMGM,player_threes,Coby White,Over,2.5,-145,2025-12-15,2025-12-14T23:49:22Z,2025-12-14 15:50:05
BetMGM,player_threes,Coby White,Under,2.5,110,2025-12-15,2025-12-14T23:49:22Z,2025-12-14 15:50:05
BetMGM,player_threes,Kevin Huerter,Over,1.5,105,2025-12-15,2025-12-14T23:49:22Z,2025-12-14 15:50:05
BetMGM,player_threes,Kevin Huerter,Under,1.5,-145,2025-12-15,2025-12-14T23:49:22Z,2025-12-14 15:50:05
BetMGM,player_threes,Herb Jones,Over,0.5,-250,2025-12-15,2025-12-14T23:49:22Z,2025-12-14 15:50:05
BetMGM,player_threes,Herb Jones,Under,0.5,175,2025-12-15,2025-12-14T23:49:22Z,2025-12-14 15:50:05
BetMGM,player_threes,Naz Reid,Over,2.5,-135,2025-12-15,2025-12-14T23:49:31Z,2025-12-14 15:50:05
BetMGM,player_threes,Naz Reid,Under,2.5,100,2025-12-15,2025-12-14T23:49:31Z,2025-12-14 15:50:05
BetMGM,player_threes,Donte DiVincenzo,Over,3.5,105,2025-12-15,2025-12-14T23:49:31Z,2025-12-14 15:50:05
BetMGM,player_threes,Donte DiVincenzo,Under,3.5,-140,2025-12-15,2025-12-14T23:49:31Z,2025-12-14 15:50:05
BetMGM,player_threes,DeMar DeRozan,Over,0.5,-150,2025-12-15,2025-12-14T23:49:31Z,2025-12-14 15:50:05
BetMGM,player_threes,DeMar DeRozan,Under,0.5,110,2025-12-15,2025-12-14T23:49:31Z,2025-12-14 15:50:05
BetMGM,player_threes,Jaden McDaniels,Over,1.5,100,2025-12-15,2025-12-14T23:49:31Z,2025-12-14 15:50:05
BetMGM,player_threes,Jaden McDaniels,Under,1.5,-135,2025-12-15,2025-12-14T23:49:31Z,2025-12-14 15:50:05
BetMGM,player_threes,Maxime Raynaud,Over,0.5,165,2025-12-15,2025-12-14T23:49:31Z,2025-12-14 15:50:05
BetMGM,player_threes,Maxime Raynaud,Under,0.5,-225,2025-12-15,2025-12-14T23:49:31Z,2025-12-14 15:50:05
BetMGM,player_threes,Zach LaVine,Over,2.5,-115,2025-12-15,2025-12-14T23:49:31Z,2025-12-14 15:50:05
BetMGM,player_threes,Zach LaVine,Under,2.5,-118,2025-12-15,2025-12-14T23:49:31Z,2025-12-14 15:50:05
BetMGM,player_threes,Keegan Murray,Over,1.5,-165,2025-12-15,2025-12-14T23:49:31Z,2025-12-14 15:50:05
BetMGM,player_threes,Keegan Murray,Under,1.5,125,2025-12-15,2025-12-14T23:49:31Z,2025-12-14 15:50:05
BetMGM,player_threes,Julius Randle,Over,1.5,-160,2025-12-15,2025-12-14T23:49:31Z,2025-12-14 15:50:05
BetMGM,player_threes,Julius Randle,Under,1.5,120,2025-12-15,2025-12-14T23:49:31Z,2025-12-14 15:50:05
BetMGM,player_threes,Russell Westbrook,Over,1.5,130,2025-12-15,2025-12-14T23:49:31Z,2025-12-14 15:50:05
BetMGM,player_threes,Russell Westbrook,Under,1.5,-175,2025-12-15,2025-12-14T23:49:31Z,2025-12-14 15:50:05
BetMGM,player_threes,Malik Monk,Over,1.5,110,2025-12-15,2025-12-14T23:49:31Z,2025-12-14 15:50:05
BetMGM,player_threes,Malik Monk,Under,1.5,-150,2025-12-15,2025-12-14T23:49:31Z,2025-12-14 15:50:05
BetMGM,player_threes,Dennis Schroder,Over,1.5,175,2025-12-15,2025-12-14T23:49:31Z,2025-12-14 15:50:05
BetMGM,player_threes,Dennis Schroder,Under,1.5,-235,2025-12-15,2025-12-14T23:49:31Z,2025-12-14 15:50:05
BetMGM,player_threes,Bones Hyland,Over,1.5,-190,2025-12-15,2025-12-14T23:49:31Z,2025-12-14 15:50:05
BetMGM,player_threes,Bones Hyland,Under,1.5,145,2025-12-15,2025-12-14T23:49:31Z,2025-12-14 15:50:05
BetMGM,player_threes,Terrence Shannon Jr.,Over,0.5,-165,2025-12-15,2025-12-14T23:49:31Z,2025-12-14 15:50:05
BetMGM,player_threes,Terrence Shannon Jr.,Under,0.5,125,2025-12-15,2025-12-14T23:49:31Z,2025-12-14 15:50:05
BetMGM,player_threes,Jaylen Clark,Over,0.5,-140,2025-12-15,2025-12-14T23:49:31Z,2025-12-14 15:50:05
BetMGM,player_threes,Jaylen Clark,Under,0.5,105,2025-12-15,2025-12-14T23:49:31Z,2025-12-14 15:50:05
BetMGM,player_threes,Rui Hachimura,Over,1.5,-120,2025-12-15,2025-12-14T23:50:08Z,2025-12-14 15:50:05
BetMGM,player_threes,Rui Hachimura,Under,1.5,-110,2025-12-15,2025-12-14T23:50:08Z,2025-12-14 15:50:05
BetMGM,player_threes,Luka Doncic,Over,3.5,-140,2025-12-15,2025-12-14T23:50:08Z,2025-12-14 15:50:05
BetMGM,player_threes,Luka Doncic,Under,3.5,105,2025-12-15,2025-12-14T23:50:08Z,2025-12-14 15:50:05
BetMGM,player_threes,Royce O'Neale,Over,2.5,115,2025-12-15,2025-12-14T23:50:08Z,2025-12-14 15:50:05
BetMGM,player_threes,Royce O'Neale,Under,2.5,-155,2025-12-15,2025-12-14T23:50:08Z,2025-12-14 15:50:05
BetMGM,player_threes,Grayson Allen,Over,3.5,135,2025-12-15,2025-12-14T23:50:08Z,2025-12-14 15:50:05
BetMGM,player_threes,Grayson Allen,Under,3.5,-175,2025-12-15,2025-12-14T23:50:08Z,2025-12-14 15:50:05
BetMGM,player_threes,LeBron James,Over,1.5,-135,2025-12-15,2025-12-14T23:50:08Z,2025-12-14 15:50:05
BetMGM,player_threes,LeBron James,Under,1.5,100,2025-12-15,2025-12-14T23:50:08Z,2025-12-14 15:50:05
BetMGM,player_threes,Devin Booker,Over,1.5,-155,2025-12-15,2025-12-14T23:50:08Z,2025-12-14 15:50:05
BetMGM,player_threes,Devin Booker,Under,1.5,115,2025-12-15,2025-12-14T23:50:08Z,2025-12-14 15:50:05
BetMGM,player_threes,Jake LaRavia,Over,0.5,-200,2025-12-15,2025-12-14T23:50:08Z,2025-12-14 15:50:05
BetMGM,player_threes,Jake LaRavia,Under,0.5,145,2025-12-15,2025-12-14T23:50:08Z,2025-12-14 15:50:05
BetMGM,player_threes,Dillon Brooks,Over,2.5,120,2025-12-15,2025-12-14T23:50:08Z,2025-12-14 15:50:05
BetMGM,player_threes,Dillon Brooks,Under,2.5,-155,2025-12-15,2025-12-14T23:50:08Z,2025-12-14 15:50:05
BetMGM,player_threes,Marcus Smart,Over,1.5,-135,2025-12-15,2025-12-14T23:50:08Z,2025-12-14 15:50:05
BetMGM,player_threes,Marcus Smart,Under,1.5,100,2025-12-15,2025-12-14T23:50:08Z,2025-12-14 15:50:05
BetMGM,player_threes,Collin Gillespie,Over,2.5,-118,2025-12-15,2025-12-14T23:50:08Z,2025-12-14 15:50:05
BetMGM,player_threes,Collin Gillespie,Under,2.5,-115,2025-12-15,2025-12-14T23:50:08Z,2025-12-14 15:50:05
BetMGM,player_threes,Brandin Podziemski,Over,1.5,140,2025-12-15,2025-12-14T23:49:43Z,2025-12-14 15:50:05
BetMGM,player_threes,Brandin Podziemski,Under,1.5,-190,2025-12-15,2025-12-14T23:49:43Z,2025-12-14 15:50:05
BetMGM,player_threes,Moses Moody,Over,1.5,115,2025-12-15,2025-12-14T23:49:43Z,2025-12-14 15:50:05
BetMGM,player_threes,Moses Moody,Under,1.5,-150,2025-12-15,2025-12-14T23:49:43Z,2025-12-14 15:50:05
BetMGM,player_threes,Draymond Green,Over,1.5,100,2025-12-15,2025-12-14T23:49:43Z,2025-12-14 15:50:05
BetMGM,player_threes,Draymond Green,Under,1.5,-135,2025-12-15,2025-12-14T23:49:43Z,2025-12-14 15:50:05
BetMGM,player_threes,Jimmy Butler,Over,0.5,-110,2025-12-15,2025-12-14T23:49:43Z,2025-12-14 15:50:05
BetMGM,player_threes,Jimmy Butler,Under,0.5,-120,2025-12-15,2025-12-14T23:49:43Z,2025-12-14 15:50:05
BetMGM,player_threes,Stephen Curry,Over,4.5,-135,2025-12-15,2025-12-14T23:49:43Z,2025-12-14 15:50:05
BetMGM,player_threes,Stephen Curry,Under,4.5,100,2025-12-15,2025-12-14T23:49:43Z,2025-12-14 15:50:05
BetMGM,player_threes,Buddy Hield,Over,1.5,-130,2025-12-15,2025-12-14T23:49:43Z,2025-12-14 15:50:05
BetMGM,player_threes,Buddy Hield,Under,1.5,-105,2025-12-15,2025-12-14T23:49:43Z,2025-12-14 15:50:05
BetMGM,player_threes,Jerami Grant,Over,2.5,100,2025-12-15,2025-12-14T23:49:43Z,2025-12-14 15:50:05
BetMGM,player_threes,Jerami Grant,Under,2.5,-135,2025-12-15,2025-12-14T23:49:43Z,2025-12-14 15:50:05
BetMGM,player_threes,Donovan Clingan,Over,0.5,105,2025-12-15,2025-12-14T23:49:43Z,2025-12-14 15:50:05
BetMGM,player_threes,Donovan Clingan,Under,0.5,-140,2025-12-15,2025-12-14T23:49:43Z,2025-12-14 15:50:05
BetMGM,player_threes,Quinten Post,Over,1.5,-165,2025-12-15,2025-12-14T23:49:43Z,2025-12-14 15:50:05
BetMGM,player_threes,Quinten Post,Under,1.5,125,2025-12-15,2025-12-14T23:49:43Z,2025-12-14 15:50:05
BetMGM,player_threes,Shaedon Sharpe,Over,1.5,-175,2025-12-15,2025-12-14T23:49:43Z,2025-12-14 15:50:05
BetMGM,player_threes,Shaedon Sharpe,Under,1.5,130,2025-12-15,2025-12-14T23:49:43Z,2025-12-14 15:50:05
BetMGM,player_threes,Toumani Camara,Over,2.5,105,2025-12-15,2025-12-14T23:49:43Z,2025-12-14 15:50:05
BetMGM,player_threes,Toumani Camara,Under,2.5,-140,2025-12-15,2025-12-14T23:49:43Z,2025-12-14 15:50:05
BetMGM,player_threes,Deni Avdija,Over,1.5,-160,2025-12-15,2025-12-14T23:49:43Z,2025-12-14 15:50:05
BetMGM,player_threes,Deni Avdija,Under,1.5,120,2025-12-15,2025-12-14T23:49:43Z,2025-12-14 15:50:05
BetMGM,player_threes,Kris Murray,Over,0.5,105,2025-12-15,2025-12-14T23:49:43Z,2025-12-14 15:50:05
BetMGM,player_threes,Kris Murray,Under,0.5,-145,2025-12-15,2025-12-14T23:49:43Z,2025-12-14 15:50:05
FanDuel,player_blocks,Matas Buzelis,Over,1.5,116,2025-12-15,2025-12-14T23:49:25Z,2025-12-14 15:50:05
FanDuel,player_blocks,Matas Buzelis,Under,1.5,-154,2025-12-15,2025-12-14T23:49:25Z,2025-12-14 15:50:05
FanDuel,player_blocks,Rudy Gobert,Over,1.5,114,2025-12-15,2025-12-14T23:49:26Z,2025-12-14 15:50:05
FanDuel,player_blocks,Rudy Gobert,Under,1.5,-152,2025-12-15,2025-12-14T23:49:26Z,2025-12-14 15:50:05
FanDuel,player_blocks,Deandre Ayton,Over,1.5,162,2025-12-15,2025-12-14T23:49:53Z,2025-12-14 15:50:05
FanDuel,player_blocks,Deandre Ayton,Under,1.5,-220,2025-12-15,2025-12-14T23:49:53Z,2025-12-14 15:50:05
FanDuel,player_blocks,Donovan Clingan,Over,1.5,108,2025-12-15,2025-12-14T23:49:50Z,2025-12-14 15:50:05
FanDuel,player_blocks,Donovan Clingan,Under,1.5,-144,2025-12-15,2025-12-14T23:49:50Z,2025-12-14 15:50:05
FanDuel,player_blocks,Victor Wembanyama,Over,2.5,-114,2025-12-17,2025-12-14T23:50:52Z,2025-12-14 15:50:05
FanDuel,player_blocks,Victor Wembanyama,Under,2.5,-114,2025-12-17,2025-12-14T23:50:52Z,2025-12-14 15:50:05
DraftKings,player_blocks,Matas Buzelis,Over,1.5,122,2025-12-15,2025-12-14T23:49:22Z,2025-12-14 15:50:05
DraftKings,player_blocks,Matas Buzelis,Under,1.5,-163,2025-12-15,2025-12-14T23:49:22Z,2025-12-14 15:50:05
DraftKings,player_blocks,Derik Queen,Over,1.5,180,2025-12-15,2025-12-14T23:49:22Z,2025-12-14 15:50:05
DraftKings,player_blocks,Derik Queen,Under,1.5,-244,2025-12-15,2025-12-14T23:49:22Z,2025-12-14 15:50:05
DraftKings,player_blocks,Zion Williamson,Over,0.5,119,2025-12-15,2025-12-14T23:49:22Z,2025-12-14 15:50:05
DraftKings,player_blocks,Zion Williamson,Under,0.5,-159,2025-12-15,2025-12-14T23:49:22Z,2025-12-14 15:50:05
DraftKings,player_blocks,Nikola Vucevic,Over,0.5,155,2025-12-15,2025-12-14T23:49:22Z,2025-12-14 15:50:05
DraftKings,player_blocks,Nikola Vucevic,Under,0.5,-209,2025-12-15,2025-12-14T23:49:22Z,2025-12-14 15:50:05
DraftKings,player_blocks,Trey Murphy III,Over,0.5,172,2025-12-15,2025-12-14T23:49:22Z,2025-12-14 15:50:05
DraftKings,player_blocks,Trey Murphy III,Under,0.5,-233,2025-12-15,2025-12-14T23:49:22Z,2025-12-14 15:50:05
DraftKings,player_blocks,Herb Jones,Over,0.5,182,2025-12-15,2025-12-14T23:49:22Z,2025-12-14 15:50:05
DraftKings,player_blocks,Herb Jones,Under,0.5,-247,2025-12-15,2025-12-14T23:49:22Z,2025-12-14 15:50:05
DraftKings,player_blocks,Keegan Murray,Over,0.5,-243,2025-12-15,2025-12-14T23:49:26Z,2025-12-14 15:50:05
DraftKings,player_blocks,Keegan Murray,Under,0.5,179,2025-12-15,2025-12-14T23:49:26Z,2025-12-14 15:50:05
DraftKings,player_blocks,Deandre Ayton,Over,1.5,173,2025-12-15,2025-12-14T23:49:46Z,2025-12-14 15:50:05
DraftKings,player_blocks,Deandre Ayton,Under,1.5,-234,2025-12-15,2025-12-14T23:49:46Z,2025-12-14 15:50:05
DraftKings,player_blocks,Mark Williams,Over,0.5,-158,2025-12-15,2025-12-14T23:49:46Z,2025-12-14 15:50:05
DraftKings,player_blocks,Mark Williams,Under,0.5,119,2025-12-15,2025-12-14T23:49:46Z,2025-12-14 15:50:05
DraftKings,player_blocks,LeBron James,Over,0.5,120,2025-12-15,2025-12-14T23:49:46Z,2025-12-14 15:50:05
DraftKings,player_blocks,LeBron James,Under,0.5,-160,2025-12-15,2025-12-14T23:49:46Z,2025-12-14 15:50:05
DraftKings,player_blocks,Luka Doncic,Over,0.5,128,2025-12-15,2025-12-14T23:49:46Z,2025-12-14 15:50:05
DraftKings,player_blocks,Luka Doncic,Under,0.5,-171,2025-12-15,2025-12-14T23:49:46Z,2025-12-14 15:50:05
DraftKings,player_blocks,Donovan Clingan,Over,1.5,111,2025-12-15,2025-12-14T23:49:53Z,2025-12-14 15:50:05
DraftKings,player_blocks,Donovan Clingan,Under,1.5,-148,2025-12-15,2025-12-14T23:49:53Z,2025-12-14 15:50:05
DraftKings,player_blocks,Draymond Green,Over,0.5,-193,2025-12-15,2025-12-14T23:49:53Z,2025-12-14 15:50:05
DraftKings,player_blocks,Draymond Green,Under,0.5,144,2025-12-15,2025-12-14T23:49:53Z,2025-12-14 15:50:05
DraftKings,player_blocks,Jerami Grant,Over,0.5,-118,2025-12-15,2025-12-14T23:49:53Z,2025-12-14 15:50:05
DraftKings,player_blocks,Jerami Grant,Under,0.5,-112,2025-12-15,2025-12-14T23:49:53Z,2025-12-14 15:50:05
DraftKings,player_blocks,Toumani Camara,Over,0.5,-105,2025-12-15,2025-12-14T23:49:53Z,2025-12-14 15:50:05
DraftKings,player_blocks,Toumani Camara,Under,0.5,-127,2025-12-15,2025-12-14T23:49:53Z,2025-12-14 15:50:05
DraftKings,player_blocks,Deni Avdija,Over,0.5,107,2025-12-15,2025-12-14T23:49:53Z,2025-12-14 15:50:05
DraftKings,player_blocks,Deni Avdija,Under,0.5,-142,2025-12-15,2025-12-14T23:49:53Z,2025-12-14 15:50:05
DraftKings,player_blocks,Jimmy Butler,Over,0.5,213,2025-12-15,2025-12-14T23:49:53Z,2025-12-14 15:50:05
DraftKings,player_blocks,Jimmy Butler,Under,0.5,-292,2025-12-15,2025-12-14T23:49:53Z,2025-12-14 15:50:05
DraftKings,player_blocks,Victor Wembanyama,Over,2.5,-130,2025-12-17,2025-12-14T23:50:47Z,2025-12-14 15:50:05
DraftKings,player_blocks,Victor Wembanyama,Under,2.5,-102,2025-12-17,2025-12-14T23:50:47Z,2025-12-14 15:50:05
BetMGM,player_blocks,Herb Jones,Over,0.5,195,2025-12-15,2025-12-14T23:49:22Z,2025-12-14 15:50:05
BetMGM,player_blocks,Herb Jones,Under,0.5,-285,2025-12-15,2025-12-14T23:49:22Z,2025-12-14 15:50:05
BetMGM,player_blocks,Trey Murphy III,Over,0.5,230,2025-12-15,2025-12-14T23:49:22Z,2025-12-14 15:50:05
BetMGM,player_blocks,Trey Murphy III,Under,0.5,-350,2025-12-15,2025-12-14T23:49:22Z,2025-12-14 15:50:05
BetMGM,player_blocks,Josh Giddey,Over,0.5,100,2025-12-15,2025-12-14T23:49:22Z,2025-12-14 15:50:05
BetMGM,player_blocks,Josh Giddey,Under,0.5,-140,2025-12-15,2025-12-14T23:49:22Z,2025-12-14 15:50:05
BetMGM,player_blocks,Nikola Vucevic,Over,0.5,165,2025-12-15,2025-12-14T23:49:22Z,2025-12-14 15:50:05
BetMGM,player_blocks,Nikola Vucevic,Under,0.5,-235,2025-12-15,2025-12-14T23:49:22Z,2025-12-14 15:50:05
BetMGM,player_blocks,Zion Williamson,Over,0.5,120,2025-12-15,2025-12-14T23:49:22Z,2025-12-14 15:50:05
BetMGM,player_blocks,Zion Williamson,Under,0.5,-160,2025-12-15,2025-12-14T23:49:22Z,2025-12-14 15:50:05
BetMGM,player_blocks,Coby White,Over,0.5,350,2025-12-15,2025-12-14T23:49:22Z,2025-12-14 15:50:05
BetMGM,player_blocks,Coby White,Under,0.5,-625,2025-12-15,2025-12-14T23:49:22Z,2025-12-14 15:50:05
BetMGM,player_blocks,Jeremiah Fears,Over,0.5,350,2025-12-15,2025-12-14T23:49:22Z,2025-12-14 15:50:05
BetMGM,player_blocks,Jeremiah Fears,Under,0.5,-625,2025-12-15,2025-12-14T23:49:22Z,2025-12-14 15:50:05
BetMGM,player_blocks,Matas Buzelis,Over,1.5,115,2025-12-15,2025-12-14T23:49:22Z,2025-12-14 15:50:05
BetMGM,player_blocks,Matas Buzelis,Under,1.5,-155,2025-12-15,2025-12-14T23:49:22Z,2025-12-14 15:50:05
BetMGM,player_blocks,Isaac Okoro,Over,0.5,100,2025-12-15,2025-12-14T23:49:22Z,2025-12-14 15:50:05
BetMGM,player_blocks,Isaac Okoro,Under,0.5,-140,2025-12-15,2025-12-14T23:49:22Z,2025-12-14 15:50:05
BetMGM,player_blocks,Derik Queen,Over,0.5,-220,2025-12-15,2025-12-14T23:49:22Z,2025-12-14 15:50:05
BetMGM,player_blocks,Derik Queen,Under,0.5,155,2025-12-15,2025-12-14T23:49:22Z,2025-12-14 15:50:05
BetMGM,player_blocks,Saddiq Bey,Over,0.5,400,2025-12-15,2025-12-14T23:49:22Z,2025-12-14 15:50:05
BetMGM,player_blocks,Saddiq Bey,Under,0.5,-750,2025-12-15,2025-12-14T23:49:22Z,2025-12-14 15:50:05
BetMGM,player_blocks,Donte DiVincenzo,Over,0.5,150,2025-12-15,2025-12-14T23:49:31Z,2025-12-14 15:50:05
BetMGM,player_blocks,Donte DiVincenzo,Under,0.5,-210,2025-12-15,2025-12-14T23:49:31Z,2025-12-14 15:50:05
BetMGM,player_blocks,DeMar DeRozan,Over,0.5,250,2025-12-15,2025-12-14T23:49:31Z,2025-12-14 15:50:05
BetMGM,player_blocks,DeMar DeRozan,Under,0.5,-375,2025-12-15,2025-12-14T23:49:31Z,2025-12-14 15:50:05
BetMGM,player_blocks,Jaden McDaniels,Over,0.5,-175,2025-12-15,2025-12-14T23:49:31Z,2025-12-14 15:50:05
BetMGM,player_blocks,Jaden McDaniels,Under,0.5,125,2025-12-15,2025-12-14T23:49:31Z,2025-12-14 15:50:05
BetMGM,player_blocks,Maxime Raynaud,Over,0.5,-155,2025-12-15,2025-12-14T23:49:31Z,2025-12-14 15:50:05
BetMGM,player_blocks,Maxime Raynaud,Under,0.5,115,2025-12-15,2025-12-14T23:49:31Z,2025-12-14 15:50:05
BetMGM,player_blocks,Zach LaVine,Over,0.5,300,2025-12-15,2025-12-14T23:49:31Z,2025-12-14 15:50:05
BetMGM,player_blocks,Zach LaVine,Under,0.5,-500,2025-12-15,2025-12-14T23:49:31Z,2025-12-14 15:50:05
BetMGM,player_blocks,Keegan Murray,Over,1.5,150,2025-12-15,2025-12-14T23:49:31Z,2025-12-14 15:50:05
BetMGM,player_blocks,Keegan Murray,Under,1.5,-210,2025-12-15,2025-12-14T23:49:31Z,2025-12-14 15:50:05
BetMGM,player_blocks,Julius Randle,Over,0.5,320,2025-12-15,2025-12-14T23:49:31Z,2025-12-14 15:50:05
BetMGM,player_blocks,Julius Randle,Under,0.5,-525,2025-12-15,2025-12-14T23:49:31Z,2025-12-14 15:50:05
BetMGM,player_blocks,Russell Westbrook,Over,0.5,360,2025-12-15,2025-12-14T23:49:31Z,2025-12-14 15:50:05
BetMGM,player_blocks,Russell Westbrook,Under,0.5,-625,2025-12-15,2025-12-14T23:49:31Z,2025-12-14 15:50:05
BetMGM,player_blocks,Rudy Gobert,Over,1.5,130,2025-12-15,2025-12-14T23:49:31Z,2025-12-14 15:50:05
BetMGM,player_blocks,Rudy Gobert,Under,1.5,-185,2025-12-15,2025-12-14T23:49:31Z,2025-12-14 15:50:05
BetMGM,player_blocks,Bones Hyland,Over,0.5,350,2025-12-15,2025-12-14T23:49:31Z,2025-12-14 15:50:05
BetMGM,player_blocks,Bones Hyland,Under,0.5,-625,2025-12-15,2025-12-14T23:49:31Z,2025-12-14 15:50:05
BetMGM,player_blocks,Rui Hachimura,Over,0.5,310,2025-12-15,2025-12-14T23:50:08Z,2025-12-14 15:50:05
BetMGM,player_blocks,Rui Hachimura,Under,0.5,-525,2025-12-15,2025-12-14T23:50:08Z,2025-12-14 15:50:05
BetMGM,player_blocks,Luka Doncic,Over,0.5,120,2025-12-15,2025-12-14T23:50:08Z,2025-12-14 15:50:05
BetMGM,player_blocks,Luka Doncic,Under,0.5,-165,2025-12-15,2025-12-14T23:50:08Z,2025-12-14 15:50:05
BetMGM,player_blocks,Royce O'Neale,Over,0.5,320,2025-12-15,2025-12-14T23:50:08Z,2025-12-14 15:50:05
BetMGM,player_blocks,Royce O'Neale,Under,0.5,-525,2025-12-15,2025-12-14T23:50:08Z,2025-12-14 15:50:05
BetMGM,player_blocks,Mark Williams,Over,0.5,-155,2025-12-15,2025-12-14T23:50:08Z,2025-12-14 15:50:05
BetMGM,player_blocks,Mark Williams,Under,0.5,110,2025-12-15,2025-12-14T23:50:08Z,2025-12-14 15:50:05
BetMGM,player_blocks,Deandre Ayton,Over,0.5,-200,2025-12-15,2025-12-14T23:50:08Z,2025-12-14 15:50:05
BetMGM,player_blocks,Deandre Ayton,Under,0.5,145,2025-12-15,2025-12-14T23:50:08Z,2025-12-14 15:50:05
BetMGM,player_blocks,Grayson Allen,Over,0.5,333,2025-12-15,2025-12-14T23:50:08Z,2025-12-14 15:50:05
BetMGM,player_blocks,Grayson Allen,Under,0.5,-550,2025-12-15,2025-12-14T23:50:08Z,2025-12-14 15:50:05
BetMGM,player_blocks,LeBron James,Over,0.5,120,2025-12-15,2025-12-14T23:50:08Z,2025-12-14 15:50:05
BetMGM,player_blocks,LeBron James,Under,0.5,-165,2025-12-15,2025-12-14T23:50:08Z,2025-12-14 15:50:05
BetMGM,player_blocks,Devin Booker,Over,0.5,290,2025-12-15,2025-12-14T23:50:08Z,2025-12-14 15:50:05
BetMGM,player_blocks,Devin Booker,Under,0.5,-450,2025-12-15,2025-12-14T23:50:08Z,2025-12-14 15:50:05
BetMGM,player_blocks,Dillon Brooks,Over,0.5,500,2025-12-15,2025-12-14T23:50:08Z,2025-12-14 15:50:05
BetMGM,player_blocks,Dillon Brooks,Under,0.5,-1100,2025-12-15,2025-12-14T23:50:08Z,2025-12-14 15:50:05
BetMGM,player_blocks,Marcus Smart,Over,0.5,240,2025-12-15,2025-12-14T23:50:08Z,2025-12-14 15:50:05
BetMGM,player_blocks,Marcus Smart,Under,0.5,-350,2025-12-15,2025-12-14T23:50:08Z,2025-12-14 15:50:05
BetMGM,player_blocks,Draymond Green,Over,0.5,-190,2025-12-15,2025-12-14T23:49:43Z,2025-12-14 15:50:05
BetMGM,player_blocks,Draymond Green,Under,0.5,135,2025-12-15,2025-12-14T23:49:43Z,2025-12-14 15:50:05
BetMGM,player_blocks,Jimmy Butler,Over,0.5,230,2025-12-15,2025-12-14T23:49:43Z,2025-12-14 15:50:05
BetMGM,player_blocks,Jimmy Butler,Under,0.5,-350,2025-12-15,2025-12-14T23:49:43Z,2025-12-14 15:50:05
BetMGM,player_blocks,Stephen Curry,Over,0.5,145,2025-12-15,2025-12-14T23:49:43Z,2025-12-14 15:50:05
BetMGM,player_blocks,Stephen Curry,Under,0.5,-210,2025-12-15,2025-12-14T23:49:43Z,2025-12-14 15:50:05
BetMGM,player_blocks,Jerami Grant,Over,0.5,-105,2025-12-15,2025-12-14T23:49:43Z,2025-12-14 15:50:05
BetMGM,player_blocks,Jerami Grant,Under,0.5,-135,2025-12-15,2025-12-14T23:49:43Z,2025-12-14 15:50:05
BetMGM,player_blocks,Donovan Clingan,Over,1.5,-105,2025-12-15,2025-12-14T23:49:43Z,2025-12-14 15:50:05
BetMGM,player_blocks,Donovan Clingan,Under,1.5,-135,2025-12-15,2025-12-14T23:49:43Z,2025-12-14 15:50:05
BetMGM,player_blocks,Deni Avdija,Over,0.5,100,2025-12-15,2025-12-14T23:49:43Z,2025-12-14 15:50:05
BetMGM,player_blocks,Deni Avdija,Under,0.5,-135,2025-12-15,2025-12-14T23:49:43Z,2025-12-14 15:50:05
BetMGM,player_blocks,Quinten Post,Over,0.5,-165,2025-12-15,2025-12-14T23:49:43Z,2025-12-14 15:50:05
BetMGM,player_blocks,Quinten Post,Under,0.5,120,2025-12-15,2025-12-14T23:49:43Z,2025-12-14 15:50:05
BetMGM,player_blocks,Shaedon Sharpe,Over,0.5,300,2025-12-15,2025-12-14T23:49:43Z,2025-12-14 15:50:05
BetMGM,player_blocks,Shaedon Sharpe,Under,0.5,-500,2025-12-15,2025-12-14T23:49:43Z,2025-12-14 15:50:05
BetMGM,player_blocks,Toumani Camara,Over,0.5,110,2025-12-15,2025-12-14T23:49:43Z,2025-12-14 15:50:05
BetMGM,player_blocks,Toumani Camara,Under,0.5,-150,2025-12-15,2025-12-14T23:49:43Z,2025-12-14 15:50:05
DraftKings,player_steals,Jalen Johnson,Over,1.5,-230,2025-12-14,2025-12-14T23:49:05Z,2025-12-14 15:50:05
DraftKings,player_steals,Jalen Johnson,Under,1.5,175,2025-12-14,2025-12-14T23:49:05Z,2025-12-14 15:50:05
DraftKings,player_steals,Onyeka Okongwu,Over,1.5,-125,2025-12-14,2025-12-14T23:49:05Z,2025-12-14 15:50:05
DraftKings,player_steals,Onyeka Okongwu,Under,1.5,-105,2025-12-14,2025-12-14T23:49:05Z,2025-12-14 15:50:05
DraftKings,player_steals,Nickeil Alexander-Walker,Over,1.5,-110,2025-12-14,2025-12-14T23:49:05Z,2025-12-14 15:50:05
DraftKings,player_steals,Nickeil Alexander-Walker,Under,1.5,-120,2025-12-14,2025-12-14T23:49:05Z,2025-12-14 15:50:05
DraftKings,player_steals,Dyson Daniels,Over,1.5,120,2025-12-14,2025-12-14T23:49:05Z,2025-12-14 15:50:05
DraftKings,player_steals,Dyson Daniels,Under,1.5,-154,2025-12-14,2025-12-14T23:49:05Z,2025-12-14 15:50:05
DraftKings,player_steals,Quentin Grimes,Over,0.5,-135,2025-12-14,2025-12-14T23:49:05Z,2025-12-14 15:50:05
DraftKings,player_steals,Quentin Grimes,Under,0.5,105,2025-12-14,2025-12-14T23:49:05Z,2025-12-14 15:50:05
DraftKings,player_steals,Joel Embiid,Over,0.5,100,2025-12-14,2025-12-14T23:49:05Z,2025-12-14 15:50:05
DraftKings,player_steals,Joel Embiid,Under,0.5,-130,2025-12-14,2025-12-14T23:49:05Z,2025-12-14 15:50:05
DraftKings,player_steals,Zaccharie Risacher,Over,0.5,100,2025-12-14,2025-12-14T23:49:05Z,2025-12-14 15:50:05
DraftKings,player_steals,Zaccharie Risacher,Under,0.5,-130,2025-12-14,2025-12-14T23:49:05Z,2025-12-14 15:50:05
DraftKings,player_steals,Vit Krejci,Over,0.5,135,2025-12-14,2025-12-14T23:49:05Z,2025-12-14 15:50:05
DraftKings,player_steals,Vit Krejci,Under,0.5,-175,2025-12-14,2025-12-14T23:49:05Z,2025-12-14 15:50:05
DraftKings,player_steals,Luke Kennard,Over,0.5,175,2025-12-14,2025-12-14T23:49:05Z,2025-12-14 15:50:05
DraftKings,player_steals,Luke Kennard,Under,0.5,-230,2025-12-14,2025-12-14T23:49:05Z,2025-12-14 15:50:05
DraftKings,player_steals,Kevin Porter Jr.,Over,3.5,-188,2025-12-14,2025-12-14T23:49:22Z,2025-12-14 15:50:05
DraftKings,player_steals,Kevin Porter Jr.,Under,3.5,145,2025-12-14,2025-12-14T23:49:22Z,2025-12-14 15:50:05
DraftKings,player_steals,Terance Mann,Over,1.5,130,2025-12-14,2025-12-14T23:49:22Z,2025-12-14 15:50:05
DraftKings,player_steals,Terance Mann,Under,1.5,-166,2025-12-14,2025-12-14T23:49:22Z,2025-12-14 15:50:05
DraftKings,player_steals,Day'Ron Sharpe,Over,1.5,160,2025-12-14,2025-12-14T23:49:22Z,2025-12-14 15:50:05
DraftKings,player_steals,Day'Ron Sharpe,Under,1.5,-210,2025-12-14,2025-12-14T23:49:22Z,2025-12-14 15:50:05
DraftKings,player_steals,Ryan Rollins,Over,0.5,-166,2025-12-14,2025-12-14T23:49:22Z,2025-12-14 15:50:05
DraftKings,player_steals,Ryan Rollins,Under,0.5,130,2025-12-14,2025-12-14T23:49:22Z,2025-12-14 15:50:05
DraftKings,player_steals,Michael Porter Jr,Over,0.5,-120,2025-12-14,2025-12-14T23:49:22Z,2025-12-14 15:50:05
DraftKings,player_steals,Michael Porter Jr,Under,0.5,-110,2025-12-14,2025-12-14T23:49:22Z,2025-12-14 15:50:05
DraftKings,player_steals,Gary Trent Jr,Over,0.5,110,2025-12-14,2025-12-14T23:49:22Z,2025-12-14 15:50:05
DraftKings,player_steals,Gary Trent Jr,Under,0.5,-140,2025-12-14,2025-12-14T23:49:22Z,2025-12-14 15:50:05
DraftKings,player_steals,Egor Demin,Over,0.5,120,2025-12-14,2025-12-14T23:49:22Z,2025-12-14 15:50:05
DraftKings,player_steals,Egor Demin,Under,0.5,-154,2025-12-14,2025-12-14T23:49:22Z,2025-12-14 15:50:05
DraftKings,player_steals,Noah Clowney,Over,0.5,120,2025-12-14,2025-12-14T23:49:22Z,2025-12-14 15:50:05
DraftKings,player_steals,Noah Clowney,Under,0.5,-154,2025-12-14,2025-12-14T23:49:22Z,2025-12-14 15:50:05
DraftKings,player_steals,Kyle Kuzma,Over,0.5,135,2025-12-14,2025-12-14T23:49:22Z,2025-12-14 15:50:05
DraftKings,player_steals,Kyle Kuzma,Under,0.5,-175,2025-12-14,2025-12-14T23:49:22Z,2025-12-14 15:50:05
DraftKings,player_steals,Bobby Portis,Over,0.5,180,2025-12-14,2025-12-14T23:49:22Z,2025-12-14 15:50:05
DraftKings,player_steals,Bobby Portis,Under,0.5,-238,2025-12-14,2025-12-14T23:49:22Z,2025-12-14 15:50:05
DraftKings,player_steals,Myles Turner,Over,0.5,210,2025-12-14,2025-12-14T23:49:22Z,2025-12-14 15:50:05
DraftKings,player_steals,Myles Turner,Under,0.5,-280,2025-12-14,2025-12-14T23:49:22Z,2025-12-14 15:50:05
DraftKings,player_steals,Trey Murphy III,Over,1.5,104,2025-12-15,2025-12-14T23:49:22Z,2025-12-14 15:50:05
DraftKings,player_steals,Trey Murphy III,Under,1.5,-138,2025-12-15,2025-12-14T23:49:22Z,2025-12-14 15:50:05
DraftKings,player_steals,Herb Jones,Over,1.5,135,2025-12-15,2025-12-14T23:49:22Z,2025-12-14 15:50:05
DraftKings,player_steals,Herb Jones,Under,1.5,-181,2025-12-15,2025-12-14T23:49:22Z,2025-12-14 15:50:05
DraftKings,player_steals,Josh Giddey,Over,1.5,162,2025-12-15,2025-12-14T23:49:22Z,2025-12-14 15:50:05
DraftKings,player_steals,Josh Giddey,Under,1.5,-219,2025-12-15,2025-12-14T23:49:22Z,2025-12-14 15:50:05
DraftKings,player_steals,Zion Williamson,Over,0.5,-228,2025-12-15,2025-12-14T23:49:22Z,2025-12-14 15:50:05
DraftKings,player_steals,Zion Williamson,Under,0.5,169,2025-12-15,2025-12-14T23:49:22Z,2025-12-14 15:50:05
DraftKings,player_steals,Matas Buzelis,Over,0.5,-150,2025-12-15,2025-12-14T23:49:22Z,2025-12-14 15:50:05
DraftKings,player_steals,Matas Buzelis,Under,0.5,113,2025-12-15,2025-12-14T23:49:22Z,2025-12-14 15:50:05
DraftKings,player_steals,Coby White,Over,0.5,-144,2025-12-15,2025-12-14T23:49:22Z,2025-12-14 15:50:05
DraftKings,player_steals,Coby White,Under,0.5,109,2025-12-15,2025-12-14T23:49:22Z,2025-12-14 15:50:05
DraftKings,player_steals,Nikola Vucevic,Over,0.5,-140,2025-12-15,2025-12-14T23:49:22Z,2025-12-14 15:50:05
DraftKings,player_steals,Nikola Vucevic,Under,0.5,105,2025-12-15,2025-12-14T23:49:22Z,2025-12-14 15:50:05
DraftKings,player_steals,Jordan Poole,Over,0.5,-129,2025-12-15,2025-12-14T23:49:22Z,2025-12-14 15:50:05
DraftKings,player_steals,Jordan Poole,Under,0.5,-103,2025-12-15,2025-12-14T23:49:22Z,2025-12-14 15:50:05
DraftKings,player_steals,Russell Westbrook,Over,1.5,146,2025-12-15,2025-12-14T23:49:26Z,2025-12-14 15:50:05
DraftKings,player_steals,Russell Westbrook,Under,1.5,-196,2025-12-15,2025-12-14T23:49:26Z,2025-12-14 15:50:05
DraftKings,player_steals,DeMar DeRozan,Over,0.5,-222,2025-12-15,2025-12-14T23:49:26Z,2025-12-14 15:50:05
DraftKings,player_steals,DeMar DeRozan,Under,0.5,165,2025-12-15,2025-12-14T23:49:26Z,2025-12-14 15:50:05
DraftKings,player_steals,Zach LaVine,Over,0.5,-200,2025-12-15,2025-12-14T23:49:26Z,2025-12-14 15:50:05
DraftKings,player_steals,Zach LaVine,Under,0.5,149,2025-12-15,2025-12-14T23:49:26Z,2025-12-14 15:50:05
DraftKings,player_steals,Malik Monk,Over,0.5,-123,2025-12-15,2025-12-14T23:49:26Z,2025-12-14 15:50:05
DraftKings,player_steals,Malik Monk,Under,0.5,-108,2025-12-15,2025-12-14T23:49:26Z,2025-12-14 15:50:05
DraftKings,player_steals,Luka Doncic,Over,1.5,106,2025-12-15,2025-12-14T23:49:46Z,2025-12-14 15:50:05
DraftKings,player_steals,Luka Doncic,Under,1.5,-140,2025-12-15,2025-12-14T23:49:46Z,2025-12-14 15:50:05
DraftKings,player_steals,Marcus Smart,Over,1.5,109,2025-12-15,2025-12-14T23:49:46Z,2025-12-14 15:50:05
DraftKings,player_steals,Marcus Smart,Under,1.5,-145,2025-12-15,2025-12-14T23:49:46Z,2025-12-14 15:50:05
DraftKings,player_steals,Grayson Allen,Over,1.5,170,2025-12-15,2025-12-14T23:49:46Z,2025-12-14 15:50:05
DraftKings,player_steals,Grayson Allen,Under,1.5,-229,2025-12-15,2025-12-14T23:49:46Z,2025-12-14 15:50:05
DraftKings,player_steals,LeBron James,Over,1.5,173,2025-12-15,2025-12-14T23:49:46Z,2025-12-14 15:50:05
DraftKings,player_steals,LeBron James,Under,1.5,-233,2025-12-15,2025-12-14T23:49:46Z,2025-12-14 15:50:05
DraftKings,player_steals,Dillon Brooks,Over,1.5,177,2025-12-15,2025-12-14T23:49:46Z,2025-12-14 15:50:05
DraftKings,player_steals,Dillon Brooks,Under,1.5,-239,2025-12-15,2025-12-14T23:49:46Z,2025-12-14 15:50:05
DraftKings,player_steals,Deandre Ayton,Over,0.5,-163,2025-12-15,2025-12-14T23:49:46Z,2025-12-14 15:50:05
DraftKings,player_steals,Deandre Ayton,Under,0.5,123,2025-12-15,2025-12-14T23:49:46Z,2025-12-14 15:50:05
DraftKings,player_steals,Devin Booker,Over,0.5,-156,2025-12-15,2025-12-14T23:49:46Z,2025-12-14 15:50:05
DraftKings,player_steals,Devin Booker,Under,0.5,117,2025-12-15,2025-12-14T23:49:46Z,2025-12-14 15:50:05
DraftKings,player_steals,Jimmy Butler,Over,1.5,-101,2025-12-15,2025-12-14T23:49:53Z,2025-12-14 15:50:05
DraftKings,player_steals,Jimmy Butler,Under,1.5,-131,2025-12-15,2025-12-14T23:49:53Z,2025-12-14 15:50:05
DraftKings,player_steals,Shaedon Sharpe,Over,1.5,153,2025-12-15,2025-12-14T23:49:53Z,2025-12-14 15:50:05
DraftKings,player_steals,Shaedon Sharpe,Under,1.5,-206,2025-12-15,2025-12-14T23:49:53Z,2025-12-14 15:50:05
DraftKings,player_steals,Stephen Curry,Over,1.5,162,2025-12-15,2025-12-14T23:49:53Z,2025-12-14 15:50:05
DraftKings,player_steals,Stephen Curry,Under,1.5,-218,2025-12-15,2025-12-14T23:49:53Z,2025-12-14 15:50:05
DraftKings,player_steals,Toumani Camara,Over,1.5,163,2025-12-15,2025-12-14T23:49:53Z,2025-12-14 15:50:05
DraftKings,player_steals,Toumani Camara,Under,1.5,-220,2025-12-15,2025-12-14T23:49:53Z,2025-12-14 15:50:05
DraftKings,player_steals,Deni Avdija,Over,0.5,-188,2025-12-15,2025-12-14T23:49:53Z,2025-12-14 15:50:05
DraftKings,player_steals,Deni Avdija,Under,0.5,140,2025-12-15,2025-12-14T23:49:53Z,2025-12-14 15:50:05
DraftKings,player_steals,Draymond Green,Over,0.5,-183,2025-12-15,2025-12-14T23:49:53Z,2025-12-14 15:50:05
DraftKings,player_steals,Draymond Green,Under,0.5,137,2025-12-15,2025-12-14T23:49:53Z,2025-12-14 15:50:05
DraftKings,player_steals,Jerami Grant,Over,0.5,-176,2025-12-15,2025-12-14T23:49:53Z,2025-12-14 15:50:05
DraftKings,player_steals,Jerami Grant,Under,0.5,132,2025-12-15,2025-12-14T23:49:53Z,2025-12-14 15:50:05
DraftKings,player_steals,OG Anunoby,Over,1.5,-139,2025-12-17,2025-12-14T23:50:47Z,2025-12-14 15:50:05
DraftKings,player_steals,OG Anunoby,Under,1.5,104,2025-12-17,2025-12-14T23:50:47Z,2025-12-14 15:50:05
DraftKings,player_steals,Mikal Bridges,Over,1.5,-109,2025-12-17,2025-12-14T23:50:47Z,2025-12-14 15:50:05
DraftKings,player_steals,Mikal Bridges,Under,1.5,-121,2025-12-17,2025-12-14T23:50:47Z,2025-12-14 15:50:05
DraftKings,player_steals,Josh Hart,Over,1.5,113,2025-12-17,2025-12-14T23:50:47Z,2025-12-14 15:50:05
DraftKings,player_steals,Josh Hart,Under,1.5,-150,2025-12-17,2025-12-14T23:50:47Z,2025-12-14 15:50:05
DraftKings,player_steals,De'Aaron Fox,Over,1.5,151,2025-12-17,2025-12-14T23:50:47Z,2025-12-14 15:50:05
DraftKings,player_steals,De'Aaron Fox,Under,1.5,-203,2025-12-17,2025-12-14T23:50:47Z,2025-12-14 15:50:05
FanDuel,player_steals,Trey Murphy III,Over,1.5,100,2025-12-15,2025-12-14T23:49:25Z,2025-12-14 15:50:05
FanDuel,player_steals,Trey Murphy III,Under,1.5,-132,2025-12-15,2025-12-14T23:49:25Z,2025-12-14 15:50:05
FanDuel,player_steals,Herb Jones,Over,1.5,108,2025-12-15,2025-12-14T23:49:25Z,2025-12-14 15:50:05
FanDuel,player_steals,Herb Jones,Under,1.5,-144,2025-12-15,2025-12-14T23:49:25Z,2025-12-14 15:50:05
FanDuel,player_steals,Zion Williamson,Over,1.5,178,2025-12-15,2025-12-14T23:49:25Z,2025-12-14 15:50:05
FanDuel,player_steals,Zion Williamson,Under,1.5,-245,2025-12-15,2025-12-14T23:49:25Z,2025-12-14 15:50:05
FanDuel,player_steals,Jeremiah Fears,Over,1.5,162,2025-12-15,2025-12-14T23:49:25Z,2025-12-14 15:50:05
FanDuel,player_steals,Jeremiah Fears,Under,1.5,-220,2025-12-15,2025-12-14T23:49:25Z,2025-12-14 15:50:05
FanDuel,player_steals,Josh Giddey,Over,0.5,-245,2025-12-15,2025-12-14T23:49:25Z,2025-12-14 15:50:05
FanDuel,player_steals,Josh Giddey,Under,0.5,178,2025-12-15,2025-12-14T23:49:25Z,2025-12-14 15:50:05
FanDuel,player_steals,Matas Buzelis,Over,0.5,-158,2025-12-15,2025-12-14T23:49:25Z,2025-12-14 15:50:05
FanDuel,player_steals,Matas Buzelis,Under,0.5,118,2025-12-15,2025-12-14T23:49:25Z,2025-12-14 15:50:05
FanDuel,player_steals,Donte DiVincenzo,Over,1.5,168,2025-12-15,2025-12-14T23:49:26Z,2025-12-14 15:50:05
FanDuel,player_steals,Donte DiVincenzo,Under,1.5,-230,2025-12-15,2025-12-14T23:49:26Z,2025-12-14 15:50:05
FanDuel,player_steals,DeMar DeRozan,Over,0.5,-245,2025-12-15,2025-12-14T23:49:26Z,2025-12-14 15:50:05
FanDuel,player_steals,DeMar DeRozan,Under,0.5,178,2025-12-15,2025-12-14T23:49:26Z,2025-12-14 15:50:05
FanDuel,player_steals,Russell Westbrook,Over,1.5,126,2025-12-15,2025-12-14T23:49:26Z,2025-12-14 15:50:05
FanDuel,player_steals,Russell Westbrook,Under,1.5,-168,2025-12-15,2025-12-14T23:49:26Z,2025-12-14 15:50:05
FanDuel,player_steals,Keegan Murray,Over,1.5,178,2025-12-15,2025-12-14T23:49:26Z,2025-12-14 15:50:05
FanDuel,player_steals,Keegan Murray,Under,1.5,-245,2025-12-15,2025-12-14T23:49:26Z,2025-12-14 15:50:05
FanDuel,player_steals,Jaden McDaniels,Over,1.5,148,2025-12-15,2025-12-14T23:49:26Z,2025-12-14 15:50:05
FanDuel,player_steals,Jaden McDaniels,Under,1.5,-200,2025-12-15,2025-12-14T23:49:26Z,2025-12-14 15:50:05
FanDuel,player_steals,LeBron James,Over,1.5,194,2025-12-15,2025-12-14T23:49:53Z,2025-12-14 15:50:05
FanDuel,player_steals,LeBron James,Under,1.5,-270,2025-12-15,2025-12-14T23:49:53Z,2025-12-14 15:50:05
FanDuel,player_steals,Luka Doncic,Over,1.5,100,2025-12-15,2025-12-14T23:49:53Z,2025-12-14 15:50:05
FanDuel,player_steals,Luka Doncic,Under,1.5,-132,2025-12-15,2025-12-14T23:49:53Z,2025-12-14 15:50:05
FanDuel,player_steals,Dillon Brooks,Over,1.5,178,2025-12-15,2025-12-14T23:49:53Z,2025-12-14 15:50:05
FanDuel,player_steals,Dillon Brooks,Under,1.5,-245,2025-12-15,2025-12-14T23:49:53Z,2025-12-14 15:50:05
FanDuel,player_steals,Grayson Allen,Over,1.5,178,2025-12-15,2025-12-14T23:49:53Z,2025-12-14 15:50:05
FanDuel,player_steals,Grayson Allen,Under,1.5,-245,2025-12-15,2025-12-14T23:49:53Z,2025-12-14 15:50:05
FanDuel,player_steals,Toumani Camara,Over,1.5,148,2025-12-15,2025-12-14T23:49:50Z,2025-12-14 15:50:05
FanDuel,player_steals,Toumani Camara,Under,1.5,-200,2025-12-15,2025-12-14T23:49:50Z,2025-12-14 15:50:05
FanDuel,player_steals,Shaedon Sharpe,Over,1.5,162,2025-12-15,2025-12-14T23:49:50Z,2025-12-14 15:50:05
FanDuel,player_steals,Shaedon Sharpe,Under,1.5,-220,2025-12-15,2025-12-14T23:49:50Z,2025-12-14 15:50:05
FanDuel,player_steals,Jimmy Butler,Over,1.5,-122,2025-12-15,2025-12-14T23:49:50Z,2025-12-14 15:50:05
FanDuel,player_steals,Jimmy Butler,Under,1.5,-108,2025-12-15,2025-12-14T23:49:50Z,2025-12-14 15:50:05
FanDuel,player_steals,Victor Wembanyama,Over,0.5,-245,2025-12-17,2025-12-14T23:50:52Z,2025-12-14 15:50:05
FanDuel,player_steals,Victor Wembanyama,Under,0.5,178,2025-12-17,2025-12-14T23:50:52Z,2025-12-14 15:50:05
FanDuel,player_steals,De'Aaron Fox,Over,1.5,148,2025-12-17,2025-12-14T23:50:52Z,2025-12-14 15:50:05
FanDuel,player_steals,De'Aaron Fox,Under,1.5,-200,2025-12-17,2025-12-14T23:50:52Z,2025-12-14 15:50:05
FanDuel,player_steals,Stephon Castle,Over,1.5,178,2025-12-17,2025-12-14T23:50:52Z,2025-12-14 15:50:05
FanDuel,player_steals,Stephon Castle,Under,1.5,-245,2025-12-17,2025-12-14T23:50:52Z,2025-12-14 15:50:05
FanDuel,player_steals,Josh Hart,Over,1.5,100,2025-12-17,2025-12-14T23:50:52Z,2025-12-14 15:50:05
FanDuel,player_steals,Josh Hart,Under,1.5,-132,2025-12-17,2025-12-14T23:50:52Z,2025-12-14 15:50:05
FanDuel,player_steals,Mikal Bridges,Over,1.5,-106,2025-12-17,2025-12-14T23:50:52Z,2025-12-14 15:50:05
FanDuel,player_steals,Mikal Bridges,Under,1.5,-125,2025-12-17,2025-12-14T23:50:52Z,2025-12-14 15:50:05
FanDuel,player_steals,OG Anunoby,Over,1.5,-130,2025-12-17,2025-12-14T23:50:52Z,2025-12-14 15:50:05
FanDuel,player_steals,OG Anunoby,Under,1.5,-102,2025-12-17,2025-12-14T23:50:52Z,2025-12-14 15:50:05
DraftKings,player_points_rebounds_assists,Jalen Johnson,Over,40.5,-125,2025-12-14,2025-12-14T23:49:05Z,2025-12-14 15:50:05
DraftKings,player_points_rebounds_assists,Jalen Johnson,Under,40.5,-105,2025-12-14,2025-12-14T23:49:05Z,2025-12-14 15:50:05
DraftKings,player_points_rebounds_assists,Joel Embiid,Over,36.5,-120,2025-12-14,2025-12-14T23:49:05Z,2025-12-14 15:50:05
DraftKings,player_points_rebounds_assists,Joel Embiid,Under,36.5,-110,2025-12-14,2025-12-14T23:49:05Z,2025-12-14 15:50:05
DraftKings,player_points_rebounds_assists,Onyeka Okongwu,Over,29.5,-105,2025-12-14,2025-12-14T23:49:05Z,2025-12-14 15:50:05
DraftKings,player_points_rebounds_assists,Onyeka Okongwu,Under,29.5,-125,2025-12-14,2025-12-14T23:49:05Z,2025-12-14 15:50:05
DraftKings,player_points_rebounds_assists,Nickeil Alexander-Walker,Over,29.5,100,2025-12-14,2025-12-14T23:49:05Z,2025-12-14 15:50:05
DraftKings,player_points_rebounds_assists,Nickeil Alexander-Walker,Under,29.5,-130,2025-12-14,2025-12-14T23:49:05Z,2025-12-14 15:50:05
DraftKings,player_points_rebounds_assists,Quentin Grimes,Over,28.5,-120,2025-12-14,2025-12-14T23:49:05Z,2025-12-14 15:50:05
DraftKings,player_points_rebounds_assists,Quentin Grimes,Under,28.5,-110,2025-12-14,2025-12-14T23:49:05Z,2025-12-14 15:50:05
DraftKings,player_points_rebounds_assists,Dyson Daniels,Over,27.5,100,2025-12-14,2025-12-14T23:49:05Z,2025-12-14 15:50:05
DraftKings,player_points_rebounds_assists,Dyson Daniels,Under,27.5,-130,2025-12-14,2025-12-14T23:49:05Z,2025-12-14 15:50:05
DraftKings,player_points_rebounds_assists,Vit Krejci,Over,19.5,-105,2025-12-14,2025-12-14T23:49:05Z,2025-12-14 15:50:05
DraftKings,player_points_rebounds_assists,Vit Krejci,Under,19.5,-125,2025-12-14,2025-12-14T23:49:05Z,2025-12-14 15:50:05
DraftKings,player_points_rebounds_assists,Zaccharie Risacher,Over,14.5,-135,2025-12-14,2025-12-14T23:49:05Z,2025-12-14 15:50:05
DraftKings,player_points_rebounds_assists,Zaccharie Risacher,Under,14.5,105,2025-12-14,2025-12-14T23:49:05Z,2025-12-14 15:50:05
DraftKings,player_points_rebounds_assists,Luke Kennard,Over,14.5,105,2025-12-14,2025-12-14T23:49:05Z,2025-12-14 15:50:05
DraftKings,player_points_rebounds_assists,Luke Kennard,Under,14.5,-135,2025-12-14,2025-12-14T23:49:05Z,2025-12-14 15:50:05
DraftKings,player_points_rebounds_assists,Jared McCain,Over,10.5,-115,2025-12-14,2025-12-14T23:49:05Z,2025-12-14 15:50:05
DraftKings,player_points_rebounds_assists,Jared McCain,Under,10.5,-115,2025-12-14,2025-12-14T23:49:05Z,2025-12-14 15:50:05
DraftKings,player_points_rebounds_assists,Kevin Porter Jr.,Over,33.5,-110,2025-12-14,2025-12-14T23:49:22Z,2025-12-14 15:50:05
DraftKings,player_points_rebounds_assists,Kevin Porter Jr.,Under,33.5,-120,2025-12-14,2025-12-14T23:49:22Z,2025-12-14 15:50:05
DraftKings,player_points_rebounds_assists,Michael Porter Jr,Over,31.5,-125,2025-12-14,2025-12-14T23:49:22Z,2025-12-14 15:50:05
DraftKings,player_points_rebounds_assists,Michael Porter Jr,Under,31.5,-105,2025-12-14,2025-12-14T23:49:22Z,2025-12-14 15:50:05
DraftKings,player_points_rebounds_assists,Kyle Kuzma,Over,27.5,-125,2025-12-14,2025-12-14T23:49:22Z,2025-12-14 15:50:05
DraftKings,player_points_rebounds_assists,Kyle Kuzma,Under,27.5,-105,2025-12-14,2025-12-14T23:49:22Z,2025-12-14 15:50:05
DraftKings,player_points_rebounds_assists,Nicolas Claxton,Over,26.5,-125,2025-12-14,2025-12-14T23:49:22Z,2025-12-14 15:50:05
DraftKings,player_points_rebounds_assists,Nicolas Claxton,Under,26.5,-105,2025-12-14,2025-12-14T23:49:22Z,2025-12-14 15:50:05
DraftKings,player_points_rebounds_assists,Day'Ron Sharpe,Over,23.5,-115,2025-12-14,2025-12-14T23:49:22Z,2025-12-14 15:50:05
DraftKings,player_points_rebounds_assists,Day'Ron Sharpe,Under,23.5,-115,2025-12-14,2025-12-14T23:49:22Z,2025-12-14 15:50:05
DraftKings,player_points_rebounds_assists,Bobby Portis,Over,21.5,-110,2025-12-14,2025-12-14T23:49:22Z,2025-12-14 15:50:05
DraftKings,player_points_rebounds_assists,Bobby Portis,Under,21.5,-120,2025-12-14,2025-12-14T23:49:22Z,2025-12-14 15:50:05
DraftKings,player_points_rebounds_assists,Myles Turner,Over,15.5,-125,2025-12-14,2025-12-14T23:49:22Z,2025-12-14 15:50:05
DraftKings,player_points_rebounds_assists,Myles Turner,Under,15.5,-105,2025-12-14,2025-12-14T23:49:22Z,2025-12-14 15:50:05
DraftKings,player_points_rebounds_assists,Danny Wolf,Over,14.5,-125,2025-12-14,2025-12-14T23:49:22Z,2025-12-14 15:50:05
DraftKings,player_points_rebounds_assists,Danny Wolf,Under,14.5,-105,2025-12-14,2025-12-14T23:49:22Z,2025-12-14 15:50:05
DraftKings,player_points_rebounds_assists,Ziaire Williams,Over,14.5,-115,2025-12-14,2025-12-14T23:49:22Z,2025-12-14 15:50:05
DraftKings,player_points_rebounds_assists,Ziaire Williams,Under,14.5,-115,2025-12-14,2025-12-14T23:49:22Z,2025-12-14 15:50:05
DraftKings,player_points_rebounds_assists,Noah Clowney,Over,14.5,100,2025-12-14,2025-12-14T23:49:22Z,2025-12-14 15:50:05
DraftKings,player_points_rebounds_assists,Noah Clowney,Under,14.5,-130,2025-12-14,2025-12-14T23:49:22Z,2025-12-14 15:50:05
DraftKings,player_points_rebounds_assists,Terance Mann,Over,13.5,-115,2025-12-14,2025-12-14T23:49:22Z,2025-12-14 15:50:05
DraftKings,player_points_rebounds_assists,Terance Mann,Under,13.5,-115,2025-12-14,2025-12-14T23:49:22Z,2025-12-14 15:50:05
DraftKings,player_points_rebounds_assists,Gary Trent Jr,Over,8.5,-120,2025-12-14,2025-12-14T23:49:22Z,2025-12-14 15:50:05
DraftKings,player_points_rebounds_assists,Gary Trent Jr,Under,8.5,-110,2025-12-14,2025-12-14T23:49:22Z,2025-12-14 15:50:05
DraftKings,player_points_rebounds_assists,Josh Giddey,Over,38.5,-111,2025-12-15,2025-12-14T23:49:22Z,2025-12-14 15:50:05
DraftKings,player_points_rebounds_assists,Josh Giddey,Under,38.5,-118,2025-12-15,2025-12-14T23:49:22Z,2025-12-14 15:50:05
DraftKings,player_points_rebounds_assists,Coby White,Over,29.5,-125,2025-12-15,2025-12-14T23:49:22Z,2025-12-14 15:50:05
DraftKings,player_points_rebounds_assists,Coby White,Under,29.5,-106,2025-12-15,2025-12-14T23:49:22Z,2025-12-14 15:50:05
DraftKings,player_points_rebounds_assists,Trey Murphy III,Over,29.5,-116,2025-12-15,2025-12-14T23:49:22Z,2025-12-14 15:50:05
DraftKings,player_points_rebounds_assists,Trey Murphy III,Under,29.5,-114,2025-12-15,2025-12-14T23:49:22Z,2025-12-14 15:50:05
DraftKings,player_points_rebounds_assists,Derik Queen,Over,27.5,-111,2025-12-15,2025-12-14T23:49:22Z,2025-12-14 15:50:05
DraftKings,player_points_rebounds_assists,Derik Queen,Under,27.5,-119,2025-12-15,2025-12-14T23:49:22Z,2025-12-14 15:50:05
DraftKings,player_points_rebounds_assists,Nikola Vucevic,Over,26.5,-110,2025-12-15,2025-12-14T23:49:22Z,2025-12-14 15:50:05
DraftKings,player_points_rebounds_assists,Nikola Vucevic,Under,26.5,-120,2025-12-15,2025-12-14T23:49:22Z,2025-12-14 15:50:05
DraftKings,player_points_rebounds_assists,Zion Williamson,Over,25.5,-116,2025-12-15,2025-12-14T23:49:22Z,2025-12-14 15:50:05
DraftKings,player_points_rebounds_assists,Zion Williamson,Under,25.5,-113,2025-12-15,2025-12-14T23:49:22Z,2025-12-14 15:50:05
DraftKings,player_points_rebounds_assists,Jeremiah Fears,Over,20.5,-119,2025-12-15,2025-12-14T23:49:22Z,2025-12-14 15:50:05
DraftKings,player_points_rebounds_assists,Jeremiah Fears,Under,20.5,-110,2025-12-15,2025-12-14T23:49:22Z,2025-12-14 15:50:05
DraftKings,player_points_rebounds_assists,Saddiq Bey,Over,20.5,-117,2025-12-15,2025-12-14T23:49:22Z,2025-12-14 15:50:05
DraftKings,player_points_rebounds_assists,Saddiq Bey,Under,20.5,-113,2025-12-15,2025-12-14T23:49:22Z,2025-12-14 15:50:05
DraftKings,player_points_rebounds_assists,Matas Buzelis,Over,20.5,-107,2025-12-15,2025-12-14T23:49:22Z,2025-12-14 15:50:05
DraftKings,player_points_rebounds_assists,Matas Buzelis,Under,20.5,-123,2025-12-15,2025-12-14T23:49:22Z,2025-12-14 15:50:05
DraftKings,player_points_rebounds_assists,Tre Jones,Over,17.5,-125,2025-12-15,2025-12-14T23:49:22Z,2025-12-14 15:50:05
DraftKings,player_points_rebounds_assists,Tre Jones,Under,17.5,-105,2025-12-15,2025-12-14T23:49:22Z,2025-12-14 15:50:05
DraftKings,player_points_rebounds_assists,Herb Jones,Over,15.5,-106,2025-12-15,2025-12-14T23:49:22Z,2025-12-14 15:50:05
DraftKings,player_points_rebounds_assists,Herb Jones,Under,15.5,-124,2025-12-15,2025-12-14T23:49:22Z,2025-12-14 15:50:05
DraftKings,player_points_rebounds_assists,Julius Randle,Over,38.5,-123,2025-12-15,2025-12-14T23:49:26Z,2025-12-14 15:50:05
DraftKings,player_points_rebounds_assists,Julius Randle,Under,38.5,-107,2025-12-15,2025-12-14T23:49:26Z,2025-12-14 15:50:05
DraftKings,player_points_rebounds_assists,Naz Reid,Over,27.5,-105,2025-12-15,2025-12-14T23:49:26Z,2025-12-14 15:50:05
DraftKings,player_points_rebounds_assists,Naz Reid,Under,27.5,-125,2025-12-15,2025-12-14T23:49:26Z,2025-12-14 15:50:05
DraftKings,player_points_rebounds_assists,Rudy Gobert,Over,26.5,-109,2025-12-15,2025-12-14T23:49:26Z,2025-12-14 15:50:05
DraftKings,player_points_rebounds_assists,Rudy Gobert,Under,26.5,-120,2025-12-15,2025-12-14T23:49:26Z,2025-12-14 15:50:05
DraftKings,player_points_rebounds_assists,Russell Westbrook,Over,26.5,-105,2025-12-15,2025-12-14T23:49:26Z,2025-12-14 15:50:05
DraftKings,player_points_rebounds_assists,Russell Westbrook,Under,26.5,-126,2025-12-15,2025-12-14T23:49:26Z,2025-12-14 15:50:05
DraftKings,player_points_rebounds_assists,Zach LaVine,Over,25.5,-123,2025-12-15,2025-12-14T23:49:26Z,2025-12-14 15:50:05
DraftKings,player_points_rebounds_assists,Zach LaVine,Under,25.5,-107,2025-12-15,2025-12-14T23:49:26Z,2025-12-14 15:50:05
DraftKings,player_points_rebounds_assists,Jaden McDaniels,Over,25.5,-118,2025-12-15,2025-12-14T23:49:26Z,2025-12-14 15:50:05
DraftKings,player_points_rebounds_assists,Jaden McDaniels,Under,25.5,-111,2025-12-15,2025-12-14T23:49:26Z,2025-12-14 15:50:05
DraftKings,player_points_rebounds_assists,DeMar DeRozan,Over,25.5,-106,2025-12-15,2025-12-14T23:49:26Z,2025-12-14 15:50:05
DraftKings,player_points_rebounds_assists,DeMar DeRozan,Under,25.5,-124,2025-12-15,2025-12-14T23:49:26Z,2025-12-14 15:50:05
DraftKings,player_points_rebounds_assists,Donte DiVincenzo,Over,23.5,-122,2025-12-15,2025-12-14T23:49:26Z,2025-12-14 15:50:05
DraftKings,player_points_rebounds_assists,Donte DiVincenzo,Under,23.5,-108,2025-12-15,2025-12-14T23:49:26Z,2025-12-14 15:50:05
DraftKings,player_points_rebounds_assists,Keegan Murray,Over,21.5,-126,2025-12-15,2025-12-14T23:49:26Z,2025-12-14 15:50:05
DraftKings,player_points_rebounds_assists,Keegan Murray,Under,21.5,-104,2025-12-15,2025-12-14T23:49:26Z,2025-12-14 15:50:05
DraftKings,player_points_rebounds_assists,Malik Monk,Over,16.5,-127,2025-12-15,2025-12-14T23:49:26Z,2025-12-14 15:50:05
DraftKings,player_points_rebounds_assists,Malik Monk,Under,16.5,-104,2025-12-15,2025-12-14T23:49:26Z,2025-12-14 15:50:05
DraftKings,player_points_rebounds_assists,Luka Doncic,Over,52.5,-111,2025-12-15,2025-12-14T23:49:46Z,2025-12-14 15:50:05
DraftKings,player_points_rebounds_assists,Luka Doncic,Under,52.5,-118,2025-12-15,2025-12-14T23:49:46Z,2025-12-14 15:50:05
DraftKings,player_points_rebounds_assists,LeBron James,Over,33.5,-119,2025-12-15,2025-12-14T23:49:46Z,2025-12-14 15:50:05
DraftKings,player_points_rebounds_assists,LeBron James,Under,33.5,-111,2025-12-15,2025-12-14T23:49:46Z,2025-12-14 15:50:05
DraftKings,player_points_rebounds_assists,Devin Booker,Over,31.5,-124,2025-12-15,2025-12-14T23:49:46Z,2025-12-14 15:50:05
DraftKings,player_points_rebounds_assists,Devin Booker,Under,31.5,-106,2025-12-15,2025-12-14T23:49:46Z,2025-12-14 15:50:05
DraftKings,player_points_rebounds_assists,Deandre Ayton,Over,24.5,-123,2025-12-15,2025-12-14T23:49:46Z,2025-12-14 15:50:05
DraftKings,player_points_rebounds_assists,Deandre Ayton,Under,24.5,-107,2025-12-15,2025-12-14T23:49:46Z,2025-12-14 15:50:05
DraftKings,player_points_rebounds_assists,Dillon Brooks,Over,23.5,-125,2025-12-15,2025-12-14T23:49:46Z,2025-12-14 15:50:05
DraftKings,player_points_rebounds_assists,Dillon Brooks,Under,23.5,-105,2025-12-15,2025-12-14T23:49:46Z,2025-12-14 15:50:05
DraftKings,player_points_rebounds_assists,Grayson Allen,Over,22.5,-115,2025-12-15,2025-12-14T23:49:46Z,2025-12-14 15:50:05
DraftKings,player_points_rebounds_assists,Grayson Allen,Under,22.5,-114,2025-12-15,2025-12-14T23:49:46Z,2025-12-14 15:50:05
DraftKings,player_points_rebounds_assists,Mark Williams,Over,21.5,-111,2025-12-15,2025-12-14T23:49:46Z,2025-12-14 15:50:05
DraftKings,player_points_rebounds_assists,Mark Williams,Under,21.5,-119,2025-12-15,2025-12-14T23:49:46Z,2025-12-14 15:50:05
DraftKings,player_points_rebounds_assists,Collin Gillespie,Over,20.5,-121,2025-12-15,2025-12-14T23:49:46Z,2025-12-14 15:50:05
DraftKings,player_points_rebounds_assists,Collin Gillespie,Under,20.5,-108,2025-12-15,2025-12-14T23:49:46Z,2025-12-14 15:50:05
DraftKings,player_points_rebounds_assists,Rui Hachimura,Over,16.5,-129,2025-12-15,2025-12-14T23:49:46Z,2025-12-14 15:50:05
DraftKings,player_points_rebounds_assists,Rui Hachimura,Under,16.5,-102,2025-12-15,2025-12-14T23:49:46Z,2025-12-14 15:50:05
DraftKings,player_points_rebounds_assists,Royce O'Neale,Over,16.5,-116,2025-12-15,2025-12-14T23:49:46Z,2025-12-14 15:50:05
DraftKings,player_points_rebounds_assists,Royce O'Neale,Under,16.5,-114,2025-12-15,2025-12-14T23:49:46Z,2025-12-14 15:50:05
DraftKings,player_points_rebounds_assists,Marcus Smart,Over,15.5,-102,2025-12-15,2025-12-14T23:49:46Z,2025-12-14 15:50:05
DraftKings,player_points_rebounds_assists,Marcus Smart,Under,15.5,-128,2025-12-15,2025-12-14T23:49:46Z,2025-12-14 15:50:05
DraftKings,player_points_rebounds_assists,Jake LaRavia,Over,10.5,-131,2025-12-15,2025-12-14T23:49:46Z,2025-12-14 15:50:05
DraftKings,player_points_rebounds_assists,Jake LaRavia,Under,10.5,100,2025-12-15,2025-12-14T23:49:46Z,2025-12-14 15:50:05
DraftKings,player_points_rebounds_assists,Deni Avdija,Over,38.5,-119,2025-12-15,2025-12-14T23:49:53Z,2025-12-14 15:50:05
DraftKings,player_points_rebounds_assists,Deni Avdija,Under,38.5,-110,2025-12-15,2025-12-14T23:49:53Z,2025-12-14 15:50:05
DraftKings,player_points_rebounds_assists,Stephen Curry,Over,36.5,-120,2025-12-15,2025-12-14T23:49:53Z,2025-12-14 15:50:05
DraftKings,player_points_rebounds_assists,Stephen Curry,Under,36.5,-110,2025-12-15,2025-12-14T23:49:53Z,2025-12-14 15:50:05
DraftKings,player_points_rebounds_assists,Jimmy Butler,Over,31.5,-111,2025-12-15,2025-12-14T23:49:53Z,2025-12-14 15:50:05
DraftKings,player_points_rebounds_assists,Jimmy Butler,Under,31.5,-118,2025-12-15,2025-12-14T23:49:53Z,2025-12-14 15:50:05
DraftKings,player_points_rebounds_assists,Shaedon Sharpe,Over,29.5,-113,2025-12-15,2025-12-14T23:49:53Z,2025-12-14 15:50:05
DraftKings,player_points_rebounds_assists,Shaedon Sharpe,Under,29.5,-116,2025-12-15,2025-12-14T23:49:53Z,2025-12-14 15:50:05
DraftKings,player_points_rebounds_assists,Jerami Grant,Over,26.5,-105,2025-12-15,2025-12-14T23:49:53Z,2025-12-14 15:50:05
DraftKings,player_points_rebounds_assists,Jerami Grant,Under,26.5,-125,2025-12-15,2025-12-14T23:49:53Z,2025-12-14 15:50:05
DraftKings,player_points_rebounds_assists,Donovan Clingan,Over,21.5,-114,2025-12-15,2025-12-14T23:49:53Z,2025-12-14 15:50:05
DraftKings,player_points_rebounds_assists,Donovan Clingan,Under,21.5,-115,2025-12-15,2025-12-14T23:49:53Z,2025-12-14 15:50:05
DraftKings,player_points_rebounds_assists,Draymond Green,Over,21.5,-104,2025-12-15,2025-12-14T23:49:53Z,2025-12-14 15:50:05
DraftKings,player_points_rebounds_assists,Draymond Green,Under,21.5,-126,2025-12-15,2025-12-14T23:49:53Z,2025-12-14 15:50:05
DraftKings,player_points_rebounds_assists,Toumani Camara,Over,20.5,-116,2025-12-15,2025-12-14T23:49:53Z,2025-12-14 15:50:05
DraftKings,player_points_rebounds_assists,Toumani Camara,Under,20.5,-113,2025-12-15,2025-12-14T23:49:53Z,2025-12-14 15:50:05
DraftKings,player_points_rebounds_assists,Quinten Post,Over,16.5,-112,2025-12-15,2025-12-14T23:49:53Z,2025-12-14 15:50:05
DraftKings,player_points_rebounds_assists,Quinten Post,Under,16.5,-118,2025-12-15,2025-12-14T23:49:53Z,2025-12-14 15:50:05
DraftKings,player_points_rebounds_assists,Brandin Podziemski,Over,15.5,-108,2025-12-15,2025-12-14T23:49:53Z,2025-12-14 15:50:05
DraftKings,player_points_rebounds_assists,Brandin Podziemski,Under,15.5,-122,2025-12-15,2025-12-14T23:49:53Z,2025-12-14 15:50:05
DraftKings,player_points_rebounds_assists,Buddy Hield,Over,13.5,-104,2025-12-15,2025-12-14T23:49:53Z,2025-12-14 15:50:05
DraftKings,player_points_rebounds_assists,Buddy Hield,Under,13.5,-126,2025-12-15,2025-12-14T23:49:53Z,2025-12-14 15:50:05
DraftKings,player_points_rebounds_assists,Moses Moody,Over,12.5,-130,2025-12-15,2025-12-14T23:49:53Z,2025-12-14 15:50:05
DraftKings,player_points_rebounds_assists,Moses Moody,Under,12.5,-101,2025-12-15,2025-12-14T23:49:53Z,2025-12-14 15:50:05
DraftKings,player_points_rebounds_assists,Jalen Brunson,Over,40.5,-111,2025-12-17,2025-12-14T23:50:47Z,2025-12-14 15:50:05
DraftKings,player_points_rebounds_assists,Jalen Brunson,Under,40.5,-119,2025-12-17,2025-12-14T23:50:47Z,2025-12-14 15:50:05
DraftKings,player_points_rebounds_assists,Victor Wembanyama,Over,35.5,-110,2025-12-17,2025-12-14T23:50:47Z,2025-12-14 15:50:05
DraftKings,player_points_rebounds_assists,Victor Wembanyama,Under,35.5,-119,2025-12-17,2025-12-14T23:50:47Z,2025-12-14 15:50:05
DraftKings,player_points_rebounds_assists,Karl-Anthony Towns,Over,35.5,-109,2025-12-17,2025-12-14T23:50:47Z,2025-12-14 15:50:05
DraftKings,player_points_rebounds_assists,Karl-Anthony Towns,Under,35.5,-121,2025-12-17,2025-12-14T23:50:47Z,2025-12-14 15:50:05
DraftKings,player_points_rebounds_assists,De'Aaron Fox,Over,29.5,-120,2025-12-17,2025-12-14T23:50:47Z,2025-12-14 15:50:05
DraftKings,player_points_rebounds_assists,De'Aaron Fox,Under,29.5,-110,2025-12-17,2025-12-14T23:50:47Z,2025-12-14 15:50:05
DraftKings,player_points_rebounds_assists,Josh Hart,Over,27.5,-118,2025-12-17,2025-12-14T23:50:47Z,2025-12-14 15:50:05
DraftKings,player_points_rebounds_assists,Josh Hart,Under,27.5,-111,2025-12-17,2025-12-14T23:50:47Z,2025-12-14 15:50:05
DraftKings,player_points_rebounds_assists,Stephon Castle,Over,27.5,-115,2025-12-17,2025-12-14T23:50:47Z,2025-12-14 15:50:05
DraftKings,player_points_rebounds_assists,Stephon Castle,Under,27.5,-114,2025-12-17,2025-12-14T23:50:47Z,2025-12-14 15:50:05
DraftKings,player_points_rebounds_assists,OG Anunoby,Over,22.5,-121,2025-12-17,2025-12-14T23:50:47Z,2025-12-14 15:50:05
DraftKings,player_points_rebounds_assists,OG Anunoby,Under,22.5,-109,2025-12-17,2025-12-14T23:50:47Z,2025-12-14 15:50:05
DraftKings,player_points_rebounds_assists,Mikal Bridges,Over,21.5,-126,2025-12-17,2025-12-14T23:50:47Z,2025-12-14 15:50:05
DraftKings,player_points_rebounds_assists,Mikal Bridges,Under,21.5,-104,2025-12-17,2025-12-14T23:50:47Z,2025-12-14 15:50:05
DraftKings,player_points_rebounds_assists,Devin Vassell,Over,18.5,-128,2025-12-17,2025-12-14T23:50:47Z,2025-12-14 15:50:05
DraftKings,player_points_rebounds_assists,Devin Vassell,Under,18.5,-103,2025-12-17,2025-12-14T23:50:47Z,2025-12-14 15:50:05
DraftKings,player_points_rebounds_assists,Dylan Harper,Over,17.5,-106,2025-12-17,2025-12-14T23:50:47Z,2025-12-14 15:50:05
DraftKings,player_points_rebounds_assists,Dylan Harper,Under,17.5,-124,2025-12-17,2025-12-14T23:50:47Z,2025-12-14 15:50:05
DraftKings,player_points_rebounds_assists,Harrison Barnes,Over,14.5,-119,2025-12-17,2025-12-14T23:50:47Z,2025-12-14 15:50:05
DraftKings,player_points_rebounds_assists,Harrison Barnes,Under,14.5,-111,2025-12-17,2025-12-14T23:50:47Z,2025-12-14 15:50:05
DraftKings,player_points_rebounds_assists,Mitchell Robinson,Over,10.5,-116,2025-12-17,2025-12-14T23:50:47Z,2025-12-14 15:50:05
DraftKings,player_points_rebounds_assists,Mitchell Robinson,Under,10.5,-113,2025-12-17,2025-12-14T23:50:47Z,2025-12-14 15:50:05
Bovada,player_points_rebounds_assists,Dominick Barlow,Over,15.5,-190,2025-12-14,2025-12-14T23:49:53Z,2025-12-14 15:50:05
Bovada,player_points_rebounds_assists,Dominick Barlow,Under,15.5,145,2025-12-14,2025-12-14T23:49:53Z,2025-12-14 15:50:05
Bovada,player_points_rebounds_assists,Dominick Barlow,Over,16.5,-145,2025-12-14,2025-12-14T23:49:53Z,2025-12-14 15:50:05
Bovada,player_points_rebounds_assists,Dominick Barlow,Under,16.5,110,2025-12-14,2025-12-14T23:49:53Z,2025-12-14 15:50:05
Bovada,player_points_rebounds_assists,Dominick Barlow,Over,17.5,-115,2025-12-14,2025-12-14T23:49:53Z,2025-12-14 15:50:05
Bovada,player_points_rebounds_assists,Dominick Barlow,Under,17.5,-115,2025-12-14,2025-12-14T23:49:53Z,2025-12-14 15:50:05
Bovada,player_points_rebounds_assists,Dominick Barlow,Over,18.5,110,2025-12-14,2025-12-14T23:49:53Z,2025-12-14 15:50:05
Bovada,player_points_rebounds_assists,Dominick Barlow,Under,18.5,-145,2025-12-14,2025-12-14T23:49:53Z,2025-12-14 15:50:05
Bovada,player_points_rebounds_assists,Dominick Barlow,Over,19.5,135,2025-12-14,2025-12-14T23:49:53Z,2025-12-14 15:50:05
Bovada,player_points_rebounds_assists,Dominick Barlow,Under,19.5,-180,2025-12-14,2025-12-14T23:49:53Z,2025-12-14 15:50:05
Bovada,player_points_rebounds_assists,Dyson Daniels,Over,22.5,-200,2025-12-14,2025-12-14T23:49:53Z,2025-12-14 15:50:05
Bovada,player_points_rebounds_assists,Dyson Daniels,Under,22.5,150,2025-12-14,2025-12-14T23:49:53Z,2025-12-14 15:50:05
Bovada,player_points_rebounds_assists,Dyson Daniels,Over,23.5,-160,2025-12-14,2025-12-14T23:49:53Z,2025-12-14 15:50:05
Bovada,player_points_rebounds_assists,Dyson Daniels,Under,23.5,120,2025-12-14,2025-12-14T23:49:53Z,2025-12-14 15:50:05
Bovada,player_points_rebounds_assists,Dyson Daniels,Over,24.5,-130,2025-12-14,2025-12-14T23:49:53Z,2025-12-14 15:50:05
Bovada,player_points_rebounds_assists,Dyson Daniels,Under,24.5,100,2025-12-14,2025-12-14T23:49:53Z,2025-12-14 15:50:05
Bovada,player_points_rebounds_assists,Dyson Daniels,Over,25.5,-110,2025-12-14,2025-12-14T23:49:53Z,2025-12-14 15:50:05
Bovada,player_points_rebounds_assists,Dyson Daniels,Under,25.5,-120,2025-12-14,2025-12-14T23:49:53Z,2025-12-14 15:50:05
Bovada,player_points_rebounds_assists,Dyson Daniels,Over,26.5,105,2025-12-14,2025-12-14T23:49:53Z,2025-12-14 15:50:05
Bovada,player_points_rebounds_assists,Dyson Daniels,Under,26.5,-135,2025-12-14,2025-12-14T23:49:53Z,2025-12-14 15:50:05
Bovada,player_points_rebounds_assists,Jalen Johnson,Over,41.5,-165,2025-12-14,2025-12-14T23:49:53Z,2025-12-14 15:50:05
Bovada,player_points_rebounds_assists,Jalen Johnson,Under,41.5,125,2025-12-14,2025-12-14T23:49:53Z,2025-12-14 15:50:05
Bovada,player_points_rebounds_assists,Jalen Johnson,Over,42.5,-145,2025-12-14,2025-12-14T23:49:53Z,2025-12-14 15:50:05
Bovada,player_points_rebounds_assists,Jalen Johnson,Under,42.5,110,2025-12-14,2025-12-14T23:49:53Z,2025-12-14 15:50:05
Bovada,player_points_rebounds_assists,Jalen Johnson,Over,43.5,-120,2025-12-14,2025-12-14T23:49:53Z,2025-12-14 15:50:05
Bovada,player_points_rebounds_assists,Jalen Johnson,Under,43.5,-110,2025-12-14,2025-12-14T23:49:53Z,2025-12-14 15:50:05
Bovada,player_points_rebounds_assists,Jalen Johnson,Over,44.5,-105,2025-12-14,2025-12-14T23:49:53Z,2025-12-14 15:50:05
Bovada,player_points_rebounds_assists,Jalen Johnson,Under,44.5,-125,2025-12-14,2025-12-14T23:49:53Z,2025-12-14 15:50:05
Bovada,player_points_rebounds_assists,Jalen Johnson,Over,45.5,110,2025-12-14,2025-12-14T23:49:53Z,2025-12-14 15:50:05
Bovada,player_points_rebounds_assists,Jalen Johnson,Under,45.5,-145,2025-12-14,2025-12-14T23:49:53Z,2025-12-14 15:50:05
Bovada,player_points_rebounds_assists,Jared McCain,Over,13.5,-215,2025-12-14,2025-12-14T23:49:53Z,2025-12-14 15:50:05
Bovada,player_points_rebounds_assists,Jared McCain,Under,13.5,160,2025-12-14,2025-12-14T23:49:53Z,2025-12-14 15:50:05
Bovada,player_points_rebounds_assists,Jared McCain,Over,14.5,-160,2025-12-14,2025-12-14T23:49:53Z,2025-12-14 15:50:05
Bovada,player_points_rebounds_assists,Jared McCain,Under,14.5,120,2025-12-14,2025-12-14T23:49:53Z,2025-12-14 15:50:05
Bovada,player_points_rebounds_assists,Jared McCain,Over,15.5,-125,2025-12-14,2025-12-14T23:49:53Z,2025-12-14 15:50:05
Bovada,player_points_rebounds_assists,Jared McCain,Under,15.5,-105,2025-12-14,2025-12-14T23:49:53Z,2025-12-14 15:50:05
Bovada,player_points_rebounds_assists,Jared McCain,Over,16.5,100,2025-12-14,2025-12-14T23:49:53Z,2025-12-14 15:50:05
Bovada,player_points_rebounds_assists,Jared McCain,Under,16.5,-130,2025-12-14,2025-12-14T23:49:53Z,2025-12-14 15:50:05
Bovada,player_points_rebounds_assists,Jared McCain,Over,17.5,130,2025-12-14,2025-12-14T23:49:53Z,2025-12-14 15:50:05
Bovada,player_points_rebounds_assists,Jared McCain,Under,17.5,-170,2025-12-14,2025-12-14T23:49:53Z,2025-12-14 15:50:05
Bovada,player_points_rebounds_assists,Joel Embiid,Over,33.5,-165,2025-12-14,2025-12-14T23:49:53Z,2025-12-14 15:50:05
Bovada,player_points_rebounds_assists,Joel Embiid,Under,33.5,125,2025-12-14,2025-12-14T23:49:53Z,2025-12-14 15:50:05
Bovada,player_points_rebounds_assists,Joel Embiid,Over,34.5,-135,2025-12-14,2025-12-14T23:49:53Z,2025-12-14 15:50:05
Bovada,player_points_rebounds_assists,Joel Embiid,Under,34.5,105,2025-12-14,2025-12-14T23:49:53Z,2025-12-14 15:50:05
Bovada,player_points_rebounds_assists,Joel Embiid,Over,35.5,-120,2025-12-14,2025-12-14T23:49:53Z,2025-12-14 15:50:05
Bovada,player_points_rebounds_assists,Joel Embiid,Under,35.5,-110,2025-12-14,2025-12-14T23:49:53Z,2025-12-14 15:50:05
Bovada,player_points_rebounds_assists,Joel Embiid,Over,36.5,100,2025-12-14,2025-12-14T23:49:53Z,2025-12-14 15:50:05
Bovada,player_points_rebounds_assists,Joel Embiid,Under,36.5,-130,2025-12-14,2025-12-14T23:49:53Z,2025-12-14 15:50:05
Bovada,player_points_rebounds_assists,Joel Embiid,Over,37.5,115,2025-12-14,2025-12-14T23:49:53Z,2025-12-14 15:50:05
Bovada,player_points_rebounds_assists,Joel Embiid,Under,37.5,-150,2025-12-14,2025-12-14T23:49:53Z,2025-12-14 15:50:05
Bovada,player_points_rebounds_assists,Nickeil Alexander-Walker,Over,24.5,-185,2025-12-14,2025-12-14T23:49:53Z,2025-12-14 15:50:05
Bovada,player_points_rebounds_assists,Nickeil Alexander-Walker,Under,24.5,140,2025-12-14,2025-12-14T23:49:53Z,2025-12-14 15:50:05
Bovada,player_points_rebounds_assists,Nickeil Alexander-Walker,Over,25.5,-150,2025-12-14,2025-12-14T23:49:53Z,2025-12-14 15:50:05
Bovada,player_points_rebounds_assists,Nickeil Alexander-Walker,Under,25.5,115,2025-12-14,2025-12-14T23:49:53Z,2025-12-14 15:50:05
Bovada,player_points_rebounds_assists,Nickeil Alexander-Walker,Over,26.5,-125,2025-12-14,2025-12-14T23:49:53Z,2025-12-14 15:50:05
Bovada,player_points_rebounds_assists,Nickeil Alexander-Walker,Under,26.5,-105,2025-12-14,2025-12-14T23:49:53Z,2025-12-14 15:50:05
Bovada,player_points_rebounds_assists,Nickeil Alexander-Walker,Over,27.5,-105,2025-12-14,2025-12-14T23:49:53Z,2025-12-14 15:50:05
Bovada,player_points_rebounds_assists,Nickeil Alexander-Walker,Under,27.5,-125,2025-12-14,2025-12-14T23:49:53Z,2025-12-14 15:50:05
Bovada,player_points_rebounds_assists,Nickeil Alexander-Walker,Over,28.5,115,2025-12-14,2025-12-14T23:49:53Z,2025-12-14 15:50:05
Bovada,player_points_rebounds_assists,Nickeil Alexander-Walker,Under,28.5,-150,2025-12-14,2025-12-14T23:49:53Z,2025-12-14 15:50:05
Bovada,player_points_rebounds_assists,Onyeka Okongwu,Over,27.5,-170,2025-12-14,2025-12-14T23:49:53Z,2025-12-14 15:50:05
Bovada,player_points_rebounds_assists,Onyeka Okongwu,Under,27.5,130,2025-12-14,2025-12-14T23:49:53Z,2025-12-14 15:50:05
Bovada,player_points_rebounds_assists,Onyeka Okongwu,Over,28.5,-145,2025-12-14,2025-12-14T23:49:53Z,2025-12-14 15:50:05
Bovada,player_points_rebounds_assists,Onyeka Okongwu,Under,28.5,110,2025-12-14,2025-12-14T23:49:53Z,2025-12-14 15:50:05
Bovada,player_points_rebounds_assists,Onyeka Okongwu,Over,29.5,-120,2025-12-14,2025-12-14T23:49:53Z,2025-12-14 15:50:05
Bovada,player_points_rebounds_assists,Onyeka Okongwu,Under,29.5,-110,2025-12-14,2025-12-14T23:49:53Z,2025-12-14 15:50:05
Bovada,player_points_rebounds_assists,Onyeka Okongwu,Over,30.5,100,2025-12-14,2025-12-14T23:49:53Z,2025-12-14 15:50:05
Bovada,player_points_rebounds_assists,Onyeka Okongwu,Under,30.5,-130,2025-12-14,2025-12-14T23:49:53Z,2025-12-14 15:50:05
Bovada,player_points_rebounds_assists,Onyeka Okongwu,Over,31.5,120,2025-12-14,2025-12-14T23:49:53Z,2025-12-14 15:50:05
Bovada,player_points_rebounds_assists,Onyeka Okongwu,Under,31.5,-160,2025-12-14,2025-12-14T23:49:53Z,2025-12-14 15:50:05
Bovada,player_points_rebounds_assists,Paul George,Over,25.5,-185,2025-12-14,2025-12-14T23:49:53Z,2025-12-14 15:50:05
Bovada,player_points_rebounds_assists,Paul George,Under,25.5,140,2025-12-14,2025-12-14T23:49:53Z,2025-12-14 15:50:05
Bovada,player_points_rebounds_assists,Paul George,Over,26.5,-150,2025-12-14,2025-12-14T23:49:53Z,2025-12-14 15:50:05
Bovada,player_points_rebounds_assists,Paul George,Under,26.5,115,2025-12-14,2025-12-14T23:49:53Z,2025-12-14 15:50:05
Bovada,player_points_rebounds_assists,Paul George,Over,27.5,-125,2025-12-14,2025-12-14T23:49:53Z,2025-12-14 15:50:05
Bovada,player_points_rebounds_assists,Paul George,Under,27.5,-105,2025-12-14,2025-12-14T23:49:53Z,2025-12-14 15:50:05
Bovada,player_points_rebounds_assists,Paul George,Over,28.5,-105,2025-12-14,2025-12-14T23:49:53Z,2025-12-14 15:50:05
Bovada,player_points_rebounds_assists,Paul George,Under,28.5,-125,2025-12-14,2025-12-14T23:49:53Z,2025-12-14 15:50:05
Bovada,player_points_rebounds_assists,Paul George,Over,29.5,115,2025-12-14,2025-12-14T23:49:53Z,2025-12-14 15:50:05
Bovada,player_points_rebounds_assists,Paul George,Under,29.5,-150,2025-12-14,2025-12-14T23:49:53Z,2025-12-14 15:50:05
Bovada,player_points_rebounds_assists,Quentin Grimes,Over,24.5,-200,2025-12-14,2025-12-14T23:49:53Z,2025-12-14 15:50:05
Bovada,player_points_rebounds_assists,Quentin Grimes,Under,24.5,150,2025-12-14,2025-12-14T23:49:53Z,2025-12-14 15:50:05
Bovada,player_points_rebounds_assists,Quentin Grimes,Over,25.5,-160,2025-12-14,2025-12-14T23:49:53Z,2025-12-14 15:50:05
Bovada,player_points_rebounds_assists,Quentin Grimes,Under,25.5,120,2025-12-14,2025-12-14T23:49:53Z,2025-12-14 15:50:05
Bovada,player_points_rebounds_assists,Quentin Grimes,Over,26.5,-130,2025-12-14,2025-12-14T23:49:53Z,2025-12-14 15:50:05
Bovada,player_points_rebounds_assists,Quentin Grimes,Under,26.5,100,2025-12-14,2025-12-14T23:49:53Z,2025-12-14 15:50:05
Bovada,player_points_rebounds_assists,Quentin Grimes,Over,27.5,-110,2025-12-14,2025-12-14T23:49:53Z,2025-12-14 15:50:05
Bovada,player_points_rebounds_assists,Quentin Grimes,Under,27.5,-120,2025-12-14,2025-12-14T23:49:53Z,2025-12-14 15:50:05
Bovada,player_points_rebounds_assists,Quentin Grimes,Over,28.5,110,2025-12-14,2025-12-14T23:49:53Z,2025-12-14 15:50:05
Bovada,player_points_rebounds_assists,Quentin Grimes,Under,28.5,-145,2025-12-14,2025-12-14T23:49:53Z,2025-12-14 15:50:05
Bovada,player_points_rebounds_assists,Vit Krejci,Over,11.5,-210,2025-12-14,2025-12-14T23:49:53Z,2025-12-14 15:50:05
Bovada,player_points_rebounds_assists,Vit Krejci,Under,11.5,155,2025-12-14,2025-12-14T23:49:53Z,2025-12-14 15:50:05
Bovada,player_points_rebounds_assists,Vit Krejci,Over,12.5,-160,2025-12-14,2025-12-14T23:49:53Z,2025-12-14 15:50:05
Bovada,player_points_rebounds_assists,Vit Krejci,Under,12.5,120,2025-12-14,2025-12-14T23:49:53Z,2025-12-14 15:50:05
Bovada,player_points_rebounds_assists,Vit Krejci,Over,13.5,-120,2025-12-14,2025-12-14T23:49:53Z,2025-12-14 15:50:05
Bovada,player_points_rebounds_assists,Vit Krejci,Under,13.5,-110,2025-12-14,2025-12-14T23:49:53Z,2025-12-14 15:50:05
Bovada,player_points_rebounds_assists,Vit Krejci,Over,14.5,110,2025-12-14,2025-12-14T23:49:53Z,2025-12-14 15:50:05
Bovada,player_points_rebounds_assists,Vit Krejci,Under,14.5,-145,2025-12-14,2025-12-14T23:49:53Z,2025-12-14 15:50:05
Bovada,player_points_rebounds_assists,Vit Krejci,Over,15.5,140,2025-12-14,2025-12-14T23:49:53Z,2025-12-14 15:50:05
Bovada,player_points_rebounds_assists,Vit Krejci,Under,15.5,-185,2025-12-14,2025-12-14T23:49:53Z,2025-12-14 15:50:05
Bovada,player_points_rebounds_assists,VJ Edgecombe,Over,22.5,-190,2025-12-14,2025-12-14T23:49:53Z,2025-12-14 15:50:05
Bovada,player_points_rebounds_assists,VJ Edgecombe,Under,22.5,145,2025-12-14,2025-12-14T23:49:53Z,2025-12-14 15:50:05
Bovada,player_points_rebounds_assists,VJ Edgecombe,Over,23.5,-150,2025-12-14,2025-12-14T23:49:53Z,2025-12-14 15:50:05
Bovada,player_points_rebounds_assists,VJ Edgecombe,Under,23.5,115,2025-12-14,2025-12-14T23:49:53Z,2025-12-14 15:50:05
Bovada,player_points_rebounds_assists,VJ Edgecombe,Over,24.5,-125,2025-12-14,2025-12-14T23:49:53Z,2025-12-14 15:50:05
Bovada,player_points_rebounds_assists,VJ Edgecombe,Under,24.5,-105,2025-12-14,2025-12-14T23:49:53Z,2025-12-14 15:50:05
Bovada,player_points_rebounds_assists,VJ Edgecombe,Over,25.5,-105,2025-12-14,2025-12-14T23:49:53Z,2025-12-14 15:50:05
Bovada,player_points_rebounds_assists,VJ Edgecombe,Under,25.5,-125,2025-12-14,2025-12-14T23:49:53Z,2025-12-14 15:50:05
Bovada,player_points_rebounds_assists,VJ Edgecombe,Over,26.5,115,2025-12-14,2025-12-14T23:49:53Z,2025-12-14 15:50:05
Bovada,player_points_rebounds_assists,VJ Edgecombe,Under,26.5,-150,2025-12-14,2025-12-14T23:49:53Z,2025-12-14 15:50:05
Bovada,player_points_rebounds_assists,Zaccharie Risacher,Over,13.5,-220,2025-12-14,2025-12-14T23:49:53Z,2025-12-14 15:50:05
Bovada,player_points_rebounds_assists,Zaccharie Risacher,Under,13.5,165,2025-12-14,2025-12-14T23:49:53Z,2025-12-14 15:50:05
Bovada,player_points_rebounds_assists,Zaccharie Risacher,Over,14.5,-170,2025-12-14,2025-12-14T23:49:53Z,2025-12-14 15:50:05
Bovada,player_points_rebounds_assists,Zaccharie Risacher,Under,14.5,130,2025-12-14,2025-12-14T23:49:53Z,2025-12-14 15:50:05
Bovada,player_points_rebounds_assists,Zaccharie Risacher,Over,15.5,-130,2025-12-14,2025-12-14T23:49:53Z,2025-12-14 15:50:05
Bovada,player_points_rebounds_assists,Zaccharie Risacher,Under,15.5,100,2025-12-14,2025-12-14T23:49:53Z,2025-12-14 15:50:05
Bovada,player_points_rebounds_assists,Zaccharie Risacher,Over,16.5,-105,2025-12-14,2025-12-14T23:49:53Z,2025-12-14 15:50:05
Bovada,player_points_rebounds_assists,Zaccharie Risacher,Under,16.5,-125,2025-12-14,2025-12-14T23:49:53Z,2025-12-14 15:50:05
Bovada,player_points_rebounds_assists,Zaccharie Risacher,Over,17.5,120,2025-12-14,2025-12-14T23:49:53Z,2025-12-14 15:50:05
Bovada,player_points_rebounds_assists,Zaccharie Risacher,Under,17.5,-160,2025-12-14,2025-12-14T23:49:53Z,2025-12-14 15:50:05
Bovada,player_points_rebounds_assists,Bobby Portis,Over,20.5,-185,2025-12-14,2025-12-14T23:49:52Z,2025-12-14 15:50:05
Bovada,player_points_rebounds_assists,Bobby Portis,Under,20.5,140,2025-12-14,2025-12-14T23:49:52Z,2025-12-14 15:50:05
Bovada,player_points_rebounds_assists,Bobby Portis,Over,21.5,-150,2025-12-14,2025-12-14T23:49:52Z,2025-12-14 15:50:05
Bovada,player_points_rebounds_assists,Bobby Portis,Under,21.5,115,2025-12-14,2025-12-14T23:49:52Z,2025-12-14 15:50:05
Bovada,player_points_rebounds_assists,Bobby Portis,Over,22.5,-120,2025-12-14,2025-12-14T23:49:52Z,2025-12-14 15:50:05
Bovada,player_points_rebounds_assists,Bobby Portis,Under,22.5,-110,2025-12-14,2025-12-14T23:49:52Z,2025-12-14 15:50:05
Bovada,player_points_rebounds_assists,Bobby Portis,Over,23.5,100,2025-12-14,2025-12-14T23:49:52Z,2025-12-14 15:50:05
Bovada,player_points_rebounds_assists,Bobby Portis,Under,23.5,-130,2025-12-14,2025-12-14T23:49:52Z,2025-12-14 15:50:05
Bovada,player_points_rebounds_assists,Bobby Portis,Over,24.5,125,2025-12-14,2025-12-14T23:49:52Z,2025-12-14 15:50:05
Bovada,player_points_rebounds_assists,Bobby Portis,Under,24.5,-165,2025-12-14,2025-12-14T23:49:52Z,2025-12-14 15:50:05
Bovada,player_points_rebounds_assists,Danny Wolf,Over,14.5,-210,2025-12-14,2025-12-14T23:49:52Z,2025-12-14 15:50:05
Bovada,player_points_rebounds_assists,Danny Wolf,Under,14.5,155,2025-12-14,2025-12-14T23:49:52Z,2025-12-14 15:50:05
Bovada,player_points_rebounds_assists,Danny Wolf,Over,15.5,-160,2025-12-14,2025-12-14T23:49:52Z,2025-12-14 15:50:05
Bovada,player_points_rebounds_assists,Danny Wolf,Under,15.5,120,2025-12-14,2025-12-14T23:49:52Z,2025-12-14 15:50:05
Bovada,player_points_rebounds_assists,Danny Wolf,Over,16.5,-125,2025-12-14,2025-12-14T23:49:52Z,2025-12-14 15:50:05
Bovada,player_points_rebounds_assists,Danny Wolf,Under,16.5,-105,2025-12-14,2025-12-14T23:49:52Z,2025-12-14 15:50:05
Bovada,player_points_rebounds_assists,Danny Wolf,Over,17.5,100,2025-12-14,2025-12-14T23:49:52Z,2025-12-14 15:50:05
Bovada,player_points_rebounds_assists,Danny Wolf,Under,17.5,-130,2025-12-14,2025-12-14T23:49:52Z,2025-12-14 15:50:05
Bovada,player_points_rebounds_assists,Danny Wolf,Over,18.5,125,2025-12-14,2025-12-14T23:49:52Z,2025-12-14 15:50:05
Bovada,player_points_rebounds_assists,Danny Wolf,Under,18.5,-165,2025-12-14,2025-12-14T23:49:52Z,2025-12-14 15:50:05
Bovada,player_points_rebounds_assists,Day'Ron Sharpe,Over,11.5,-210,2025-12-14,2025-12-14T23:49:52Z,2025-12-14 15:50:05
Bovada,player_points_rebounds_assists,Day'Ron Sharpe,Under,11.5,155,2025-12-14,2025-12-14T23:49:52Z,2025-12-14 15:50:05
Bovada,player_points_rebounds_assists,Day'Ron Sharpe,Over,12.5,-150,2025-12-14,2025-12-14T23:49:52Z,2025-12-14 15:50:05
Bovada,player_points_rebounds_assists,Day'Ron Sharpe,Under,12.5,115,2025-12-14,2025-12-14T23:49:52Z,2025-12-14 15:50:05
Bovada,player_points_rebounds_assists,Day'Ron Sharpe,Over,13.5,-115,2025-12-14,2025-12-14T23:49:52Z,2025-12-14 15:50:05
Bovada,player_points_rebounds_assists,Day'Ron Sharpe,Under,13.5,-115,2025-12-14,2025-12-14T23:49:52Z,2025-12-14 15:50:05
Bovada,player_points_rebounds_assists,Day'Ron Sharpe,Over,14.5,110,2025-12-14,2025-12-14T23:49:52Z,2025-12-14 15:50:05
Bovada,player_points_rebounds_assists,Day'Ron Sharpe,Under,14.5,-145,2025-12-14,2025-12-14T23:49:52Z,2025-12-14 15:50:05
Bovada,player_points_rebounds_assists,Day'Ron Sharpe,Over,15.5,145,2025-12-14,2025-12-14T23:49:52Z,2025-12-14 15:50:05
Bovada,player_points_rebounds_assists,Day'Ron Sharpe,Under,15.5,-190,2025-12-14,2025-12-14T23:49:52Z,2025-12-14 15:50:05
Bovada,player_points_rebounds_assists,Egor Demin,Over,13.5,-200,2025-12-14,2025-12-14T23:49:52Z,2025-12-14 15:50:05
Bovada,player_points_rebounds_assists,Egor Demin,Under,13.5,150,2025-12-14,2025-12-14T23:49:52Z,2025-12-14 15:50:05
Bovada,player_points_rebounds_assists,Egor Demin,Over,14.5,-150,2025-12-14,2025-12-14T23:49:52Z,2025-12-14 15:50:05
Bovada,player_points_rebounds_assists,Egor Demin,Under,14.5,115,2025-12-14,2025-12-14T23:49:52Z,2025-12-14 15:50:05
Bovada,player_points_rebounds_assists,Egor Demin,Over,15.5,-115,2025-12-14,2025-12-14T23:49:52Z,2025-12-14 15:50:05
Bovada,player_points_rebounds_assists,Egor Demin,Under,15.5,-115,2025-12-14,2025-12-14T23:49:52Z,2025-12-14 15:50:05
Bovada,player_points_rebounds_assists,Egor Demin,Over,16.5,110,2025-12-14,2025-12-14T23:49:52Z,2025-12-14 15:50:05
Bovada,player_points_rebounds_assists,Egor Demin,Under,16.5,-145,2025-12-14,2025-12-14T23:49:52Z,2025-12-14 15:50:05
Bovada,player_points_rebounds_assists,Egor Demin,Over,17.5,140,2025-12-14,2025-12-14T23:49:52Z,2025-12-14 15:50:05
Bovada,player_points_rebounds_assists,Egor Demin,Under,17.5,-185,2025-12-14,2025-12-14T23:49:52Z,2025-12-14 15:50:05
Bovada,player_points_rebounds_assists,Gary Trent Jr,Over,12.5,-220,2025-12-14,2025-12-14T23:49:52Z,2025-12-14 15:50:05
Bovada,player_points_rebounds_assists,Gary Trent Jr,Under,12.5,165,2025-12-14,2025-12-14T23:49:52Z,2025-12-14 15:50:05
Bovada,player_points_rebounds_assists,Gary Trent Jr,Over,13.5,-170,2025-12-14,2025-12-14T23:49:52Z,2025-12-14 15:50:05
Bovada,player_points_rebounds_assists,Gary Trent Jr,Under,13.5,130,2025-12-14,2025-12-14T23:49:52Z,2025-12-14 15:50:05
Bovada,player_points_rebounds_assists,Gary Trent Jr,Over,14.5,-130,2025-12-14,2025-12-14T23:49:52Z,2025-12-14 15:50:05
Bovada,player_points_rebounds_assists,Gary Trent Jr,Under,14.5,100,2025-12-14,2025-12-14T23:49:52Z,2025-12-14 15:50:05
Bovada,player_points_rebounds_assists,Gary Trent Jr,Over,15.5,100,2025-12-14,2025-12-14T23:49:52Z,2025-12-14 15:50:05
Bovada,player_points_rebounds_assists,Gary Trent Jr,Under,15.5,-130,2025-12-14,2025-12-14T23:49:52Z,2025-12-14 15:50:05
Bovada,player_points_rebounds_assists,Gary Trent Jr,Over,16.5,125,2025-12-14,2025-12-14T23:49:52Z,2025-12-14 15:50:05
Bovada,player_points_rebounds_assists,Gary Trent Jr,Under,16.5,-165,2025-12-14,2025-12-14T23:49:52Z,2025-12-14 15:50:05
Bovada,player_points_rebounds_assists,Kevin Porter Jr.,Over,31.5,-185,2025-12-14,2025-12-14T23:49:52Z,2025-12-14 15:50:05
Bovada,player_points_rebounds_assists,Kevin Porter Jr.,Under,31.5,140,2025-12-14,2025-12-14T23:49:52Z,2025-12-14 15:50:05
Bovada,player_points_rebounds_assists,Kevin Porter Jr.,Over,32.5,-150,2025-12-14,2025-12-14T23:49:52Z,2025-12-14 15:50:05
Bovada,player_points_rebounds_assists,Kevin Porter Jr.,Under,32.5,115,2025-12-14,2025-12-14T23:49:52Z,2025-12-14 15:50:05
Bovada,player_points_rebounds_assists,Kevin Porter Jr.,Over,33.5,-130,2025-12-14,2025-12-14T23:49:52Z,2025-12-14 15:50:05
Bovada,player_points_rebounds_assists,Kevin Porter Jr.,Under,33.5,100,2025-12-14,2025-12-14T23:49:52Z,2025-12-14 15:50:05
Bovada,player_points_rebounds_assists,Kevin Porter Jr.,Over,34.5,-110,2025-12-14,2025-12-14T23:49:52Z,2025-12-14 15:50:05
Bovada,player_points_rebounds_assists,Kevin Porter Jr.,Under,34.5,-120,2025-12-14,2025-12-14T23:49:52Z,2025-12-14 15:50:05
Bovada,player_points_rebounds_assists,Kevin Porter Jr.,Over,35.5,110,2025-12-14,2025-12-14T23:49:52Z,2025-12-14 15:50:05
Bovada,player_points_rebounds_assists,Kevin Porter Jr.,Under,35.5,-145,2025-12-14,2025-12-14T23:49:52Z,2025-12-14 15:50:05
Bovada,player_points_rebounds_assists,Kyle Kuzma,Over,21.5,-180,2025-12-14,2025-12-14T23:49:52Z,2025-12-14 15:50:05
Bovada,player_points_rebounds_assists,Kyle Kuzma,Under,21.5,135,2025-12-14,2025-12-14T23:49:52Z,2025-12-14 15:50:05
Bovada,player_points_rebounds_assists,Kyle Kuzma,Over,22.5,-145,2025-12-14,2025-12-14T23:49:52Z,2025-12-14 15:50:05
Bovada,player_points_rebounds_assists,Kyle Kuzma,Under,22.5,110,2025-12-14,2025-12-14T23:49:52Z,2025-12-14 15:50:05
Bovada,player_points_rebounds_assists,Kyle Kuzma,Over,23.5,-120,2025-12-14,2025-12-14T23:49:52Z,2025-12-14 15:50:05
Bovada,player_points_rebounds_assists,Kyle Kuzma,Under,23.5,-110,2025-12-14,2025-12-14T23:49:52Z,2025-12-14 15:50:05
Bovada,player_points_rebounds_assists,Kyle Kuzma,Over,24.5,100,2025-12-14,2025-12-14T23:49:52Z,2025-12-14 15:50:05
Bovada,player_points_rebounds_assists,Kyle Kuzma,Under,24.5,-130,2025-12-14,2025-12-14T23:49:52Z,2025-12-14 15:50:05
Bovada,player_points_rebounds_assists,Kyle Kuzma,Over,25.5,125,2025-12-14,2025-12-14T23:49:52Z,2025-12-14 15:50:05
Bovada,player_points_rebounds_assists,Kyle Kuzma,Under,25.5,-165,2025-12-14,2025-12-14T23:49:52Z,2025-12-14 15:50:05
Bovada,player_points_rebounds_assists,Michael Porter Jr,Over,33.5,-160,2025-12-14,2025-12-14T23:49:52Z,2025-12-14 15:50:05
Bovada,player_points_rebounds_assists,Michael Porter Jr,Under,33.5,120,2025-12-14,2025-12-14T23:49:52Z,2025-12-14 15:50:05
Bovada,player_points_rebounds_assists,Michael Porter Jr,Over,34.5,-135,2025-12-14,2025-12-14T23:49:52Z,2025-12-14 15:50:05
Bovada,player_points_rebounds_assists,Michael Porter Jr,Under,34.5,105,2025-12-14,2025-12-14T23:49:52Z,2025-12-14 15:50:05
Bovada,player_points_rebounds_assists,Michael Porter Jr,Over,35.5,-115,2025-12-14,2025-12-14T23:49:52Z,2025-12-14 15:50:05
Bovada,player_points_rebounds_assists,Michael Porter Jr,Under,35.5,-115,2025-12-14,2025-12-14T23:49:52Z,2025-12-14 15:50:05
Bovada,player_points_rebounds_assists,Michael Porter Jr,Over,36.5,100,2025-12-14,2025-12-14T23:49:52Z,2025-12-14 15:50:05
Bovada,player_points_rebounds_assists,Michael Porter Jr,Under,36.5,-130,2025-12-14,2025-12-14T23:49:52Z,2025-12-14 15:50:05
Bovada,player_points_rebounds_assists,Michael Porter Jr,Over,37.5,120,2025-12-14,2025-12-14T23:49:52Z,2025-12-14 15:50:05
Bovada,player_points_rebounds_assists,Michael Porter Jr,Under,37.5,-160,2025-12-14,2025-12-14T23:49:52Z,2025-12-14 15:50:05
Bovada,player_points_rebounds_assists,Myles Turner,Over,16.5,-215,2025-12-14,2025-12-14T23:49:52Z,2025-12-14 15:50:05
Bovada,player_points_rebounds_assists,Myles Turner,Under,16.5,160,2025-12-14,2025-12-14T23:49:52Z,2025-12-14 15:50:05
Bovada,player_points_rebounds_assists,Myles Turner,Over,17.5,-165,2025-12-14,2025-12-14T23:49:52Z,2025-12-14 15:50:05
Bovada,player_points_rebounds_assists,Myles Turner,Under,17.5,125,2025-12-14,2025-12-14T23:49:52Z,2025-12-14 15:50:05
Bovada,player_points_rebounds_assists,Myles Turner,Over,18.5,-130,2025-12-14,2025-12-14T23:49:52Z,2025-12-14 15:50:05
Bovada,player_points_rebounds_assists,Myles Turner,Under,18.5,100,2025-12-14,2025-12-14T23:49:52Z,2025-12-14 15:50:05
Bovada,player_points_rebounds_assists,Myles Turner,Over,19.5,-105,2025-12-14,2025-12-14T23:49:52Z,2025-12-14 15:50:05
Bovada,player_points_rebounds_assists,Myles Turner,Under,19.5,-125,2025-12-14,2025-12-14T23:49:52Z,2025-12-14 15:50:05
Bovada,player_points_rebounds_assists,Myles Turner,Over,20.5,120,2025-12-14,2025-12-14T23:49:52Z,2025-12-14 15:50:05
Bovada,player_points_rebounds_assists,Myles Turner,Under,20.5,-160,2025-12-14,2025-12-14T23:49:52Z,2025-12-14 15:50:05
Bovada,player_points_rebounds_assists,Nicolas Claxton,Over,23.5,-180,2025-12-14,2025-12-14T23:49:52Z,2025-12-14 15:50:05
Bovada,player_points_rebounds_assists,Nicolas Claxton,Under,23.5,135,2025-12-14,2025-12-14T23:49:52Z,2025-12-14 15:50:05
Bovada,player_points_rebounds_assists,Nicolas Claxton,Over,24.5,-145,2025-12-14,2025-12-14T23:49:52Z,2025-12-14 15:50:05
Bovada,player_points_rebounds_assists,Nicolas Claxton,Under,24.5,110,2025-12-14,2025-12-14T23:49:52Z,2025-12-14 15:50:05
Bovada,player_points_rebounds_assists,Nicolas Claxton,Over,25.5,-120,2025-12-14,2025-12-14T23:49:52Z,2025-12-14 15:50:05
Bovada,player_points_rebounds_assists,Nicolas Claxton,Under,25.5,-110,2025-12-14,2025-12-14T23:49:52Z,2025-12-14 15:50:05
Bovada,player_points_rebounds_assists,Nicolas Claxton,Over,26.5,100,2025-12-14,2025-12-14T23:49:52Z,2025-12-14 15:50:05
Bovada,player_points_rebounds_assists,Nicolas Claxton,Under,26.5,-130,2025-12-14,2025-12-14T23:49:52Z,2025-12-14 15:50:05
Bovada,player_points_rebounds_assists,Nicolas Claxton,Over,27.5,120,2025-12-14,2025-12-14T23:49:52Z,2025-12-14 15:50:05
Bovada,player_points_rebounds_assists,Nicolas Claxton,Under,27.5,-160,2025-12-14,2025-12-14T23:49:52Z,2025-12-14 15:50:05
Bovada,player_points_rebounds_assists,Noah Clowney,Over,17.5,-220,2025-12-14,2025-12-14T23:49:52Z,2025-12-14 15:50:05
Bovada,player_points_rebounds_assists,Noah Clowney,Under,17.5,165,2025-12-14,2025-12-14T23:49:52Z,2025-12-14 15:50:05
Bovada,player_points_rebounds_assists,Noah Clowney,Over,18.5,-170,2025-12-14,2025-12-14T23:49:52Z,2025-12-14 15:50:05
Bovada,player_points_rebounds_assists,Noah Clowney,Under,18.5,130,2025-12-14,2025-12-14T23:49:52Z,2025-12-14 15:50:05
Bovada,player_points_rebounds_assists,Noah Clowney,Over,19.5,-135,2025-12-14,2025-12-14T23:49:52Z,2025-12-14 15:50:05
Bovada,player_points_rebounds_assists,Noah Clowney,Under,19.5,105,2025-12-14,2025-12-14T23:49:52Z,2025-12-14 15:50:05
Bovada,player_points_rebounds_assists,Noah Clowney,Over,20.5,-110,2025-12-14,2025-12-14T23:49:52Z,2025-12-14 15:50:05
Bovada,player_points_rebounds_assists,Noah Clowney,Under,20.5,-120,2025-12-14,2025-12-14T23:49:52Z,2025-12-14 15:50:05
Bovada,player_points_rebounds_assists,Noah Clowney,Over,21.5,110,2025-12-14,2025-12-14T23:49:52Z,2025-12-14 15:50:05
Bovada,player_points_rebounds_assists,Noah Clowney,Under,21.5,-145,2025-12-14,2025-12-14T23:49:52Z,2025-12-14 15:50:05
Bovada,player_points_rebounds_assists,Ryan Rollins,Over,26.5,-170,2025-12-14,2025-12-14T23:49:52Z,2025-12-14 15:50:05
Bovada,player_points_rebounds_assists,Ryan Rollins,Under,26.5,130,2025-12-14,2025-12-14T23:49:52Z,2025-12-14 15:50:05
Bovada,player_points_rebounds_assists,Ryan Rollins,Over,27.5,-135,2025-12-14,2025-12-14T23:49:52Z,2025-12-14 15:50:05
Bovada,player_points_rebounds_assists,Ryan Rollins,Under,27.5,105,2025-12-14,2025-12-14T23:49:52Z,2025-12-14 15:50:05
Bovada,player_points_rebounds_assists,Ryan Rollins,Over,28.5,-115,2025-12-14,2025-12-14T23:49:52Z,2025-12-14 15:50:05
Bovada,player_points_rebounds_assists,Ryan Rollins,Under,28.5,-115,2025-12-14,2025-12-14T23:49:52Z,2025-12-14 15:50:05
Bovada,player_points_rebounds_assists,Ryan Rollins,Over,29.5,105,2025-12-14,2025-12-14T23:49:52Z,2025-12-14 15:50:05
Bovada,player_points_rebounds_assists,Ryan Rollins,Under,29.5,-135,2025-12-14,2025-12-14T23:49:52Z,2025-12-14 15:50:05
Bovada,player_points_rebounds_assists,Ryan Rollins,Over,30.5,125,2025-12-14,2025-12-14T23:49:52Z,2025-12-14 15:50:05
Bovada,player_points_rebounds_assists,Ryan Rollins,Under,30.5,-165,2025-12-14,2025-12-14T23:49:52Z,2025-12-14 15:50:05
Bovada,player_points_rebounds_assists,Terance Mann,Over,13.5,-200,2025-12-14,2025-12-14T23:49:52Z,2025-12-14 15:50:05
Bovada,player_points_rebounds_assists,Terance Mann,Under,13.5,150,2025-12-14,2025-12-14T23:49:52Z,2025-12-14 15:50:05
Bovada,player_points_rebounds_assists,Terance Mann,Over,14.5,-150,2025-12-14,2025-12-14T23:49:52Z,2025-12-14 15:50:05
Bovada,player_points_rebounds_assists,Terance Mann,Under,14.5,115,2025-12-14,2025-12-14T23:49:52Z,2025-12-14 15:50:05
Bovada,player_points_rebounds_assists,Terance Mann,Over,15.5,-115,2025-12-14,2025-12-14T23:49:52Z,2025-12-14 15:50:05
Bovada,player_points_rebounds_assists,Terance Mann,Under,15.5,-115,2025-12-14,2025-12-14T23:49:52Z,2025-12-14 15:50:05
Bovada,player_points_rebounds_assists,Terance Mann,Over,16.5,110,2025-12-14,2025-12-14T23:49:52Z,2025-12-14 15:50:05
Bovada,player_points_rebounds_assists,Terance Mann,Under,16.5,-145,2025-12-14,2025-12-14T23:49:52Z,2025-12-14 15:50:05
Bovada,player_points_rebounds_assists,Terance Mann,Over,17.5,140,2025-12-14,2025-12-14T23:49:52Z,2025-12-14 15:50:05
Bovada,player_points_rebounds_assists,Terance Mann,Under,17.5,-185,2025-12-14,2025-12-14T23:49:52Z,2025-12-14 15:50:05
Bovada,player_points_rebounds_assists,Coby White,Over,27.5,-190,2025-12-15,2025-12-14T23:49:19Z,2025-12-14 15:50:05
Bovada,player_points_rebounds_assists,Coby White,Under,27.5,145,2025-12-15,2025-12-14T23:49:19Z,2025-12-14 15:50:05
Bovada,player_points_rebounds_assists,Coby White,Over,28.5,-160,2025-12-15,2025-12-14T23:49:19Z,2025-12-14 15:50:05
Bovada,player_points_rebounds_assists,Coby White,Under,28.5,120,2025-12-15,2025-12-14T23:49:19Z,2025-12-14 15:50:05
Bovada,player_points_rebounds_assists,Coby White,Over,29.5,-130,2025-12-15,2025-12-14T23:49:19Z,2025-12-14 15:50:05
Bovada,player_points_rebounds_assists,Coby White,Under,29.5,100,2025-12-15,2025-12-14T23:49:19Z,2025-12-14 15:50:05
Bovada,player_points_rebounds_assists,Coby White,Over,30.5,-110,2025-12-15,2025-12-14T23:49:19Z,2025-12-14 15:50:05
Bovada,player_points_rebounds_assists,Coby White,Under,30.5,-120,2025-12-15,2025-12-14T23:49:19Z,2025-12-14 15:50:05
Bovada,player_points_rebounds_assists,Coby White,Over,31.5,110,2025-12-15,2025-12-14T23:49:19Z,2025-12-14 15:50:05
Bovada,player_points_rebounds_assists,Coby White,Under,31.5,-145,2025-12-15,2025-12-14T23:49:19Z,2025-12-14 15:50:05
Bovada,player_points_rebounds_assists,Derik Queen,Over,23.5,-180,2025-12-15,2025-12-14T23:49:19Z,2025-12-14 15:50:05
Bovada,player_points_rebounds_assists,Derik Queen,Under,23.5,135,2025-12-15,2025-12-14T23:49:19Z,2025-12-14 15:50:05
Bovada,player_points_rebounds_assists,Derik Queen,Over,24.5,-145,2025-12-15,2025-12-14T23:49:19Z,2025-12-14 15:50:05
Bovada,player_points_rebounds_assists,Derik Queen,Under,24.5,110,2025-12-15,2025-12-14T23:49:19Z,2025-12-14 15:50:05
Bovada,player_points_rebounds_assists,Derik Queen,Over,25.5,-120,2025-12-15,2025-12-14T23:49:19Z,2025-12-14 15:50:05
Bovada,player_points_rebounds_assists,Derik Queen,Under,25.5,-110,2025-12-15,2025-12-14T23:49:19Z,2025-12-14 15:50:05
Bovada,player_points_rebounds_assists,Derik Queen,Over,26.5,100,2025-12-15,2025-12-14T23:49:19Z,2025-12-14 15:50:05
Bovada,player_points_rebounds_assists,Derik Queen,Under,26.5,-130,2025-12-15,2025-12-14T23:49:19Z,2025-12-14 15:50:05
Bovada,player_points_rebounds_assists,Derik Queen,Over,27.5,120,2025-12-15,2025-12-14T23:49:19Z,2025-12-14 15:50:05
Bovada,player_points_rebounds_assists,Derik Queen,Under,27.5,-160,2025-12-15,2025-12-14T23:49:19Z,2025-12-14 15:50:05
Bovada,player_points_rebounds_assists,Herb Jones,Over,12.5,-215,2025-12-15,2025-12-14T23:49:19Z,2025-12-14 15:50:05
Bovada,player_points_rebounds_assists,Herb Jones,Under,12.5,160,2025-12-15,2025-12-14T23:49:19Z,2025-12-14 15:50:05
Bovada,player_points_rebounds_assists,Herb Jones,Over,13.5,-165,2025-12-15,2025-12-14T23:49:19Z,2025-12-14 15:50:05
Bovada,player_points_rebounds_assists,Herb Jones,Under,13.5,125,2025-12-15,2025-12-14T23:49:19Z,2025-12-14 15:50:05
Bovada,player_points_rebounds_assists,Herb Jones,Over,14.5,-125,2025-12-15,2025-12-14T23:49:19Z,2025-12-14 15:50:05
Bovada,player_points_rebounds_assists,Herb Jones,Under,14.5,-105,2025-12-15,2025-12-14T23:49:19Z,2025-12-14 15:50:05
Bovada,player_points_rebounds_assists,Herb Jones,Over,15.5,105,2025-12-15,2025-12-14T23:49:19Z,2025-12-14 15:50:05
Bovada,player_points_rebounds_assists,Herb Jones,Under,15.5,-135,2025-12-15,2025-12-14T23:49:19Z,2025-12-14 15:50:05
Bovada,player_points_rebounds_assists,Herb Jones,Over,16.5,130,2025-12-15,2025-12-14T23:49:19Z,2025-12-14 15:50:05
Bovada,player_points_rebounds_assists,Herb Jones,Under,16.5,-170,2025-12-15,2025-12-14T23:49:19Z,2025-12-14 15:50:05
Bovada,player_points_rebounds_assists,Jalen Smith,Over,10.5,-260,2025-12-15,2025-12-14T23:49:19Z,2025-12-14 15:50:05
Bovada,player_points_rebounds_assists,Jalen Smith,Under,10.5,190,2025-12-15,2025-12-14T23:49:19Z,2025-12-14 15:50:05
Bovada,player_points_rebounds_assists,Jalen Smith,Over,11.5,-190,2025-12-15,2025-12-14T23:49:19Z,2025-12-14 15:50:05
Bovada,player_points_rebounds_assists,Jalen Smith,Under,11.5,145,2025-12-15,2025-12-14T23:49:19Z,2025-12-14 15:50:05
Bovada,player_points_rebounds_assists,Jalen Smith,Over,12.5,-145,2025-12-15,2025-12-14T23:49:19Z,2025-12-14 15:50:05
Bovada,player_points_rebounds_assists,Jalen Smith,Under,12.5,110,2025-12-15,2025-12-14T23:49:19Z,2025-12-14 15:50:05
Bovada,player_points_rebounds_assists,Jalen Smith,Over,13.5,-110,2025-12-15,2025-12-14T23:49:19Z,2025-12-14 15:50:05
Bovada,player_points_rebounds_assists,Jalen Smith,Under,13.5,-120,2025-12-15,2025-12-14T23:49:19Z,2025-12-14 15:50:05
Bovada,player_points_rebounds_assists,Jalen Smith,Over,14.5,120,2025-12-15,2025-12-14T23:49:19Z,2025-12-14 15:50:05
Bovada,player_points_rebounds_assists,Jalen Smith,Under,14.5,-160,2025-12-15,2025-12-14T23:49:19Z,2025-12-14 15:50:05
Bovada,player_points_rebounds_assists,Jeremiah Fears,Over,17.5,-190,2025-12-15,2025-12-14T23:49:19Z,2025-12-14 15:50:05
Bovada,player_points_rebounds_assists,Jeremiah Fears,Under,17.5,145,2025-12-15,2025-12-14T23:49:19Z,2025-12-14 15:50:05
Bovada,player_points_rebounds_assists,Jeremiah Fears,Over,18.5,-150,2025-12-15,2025-12-14T23:49:19Z,2025-12-14 15:50:05
Bovada,player_points_rebounds_assists,Jeremiah Fears,Under,18.5,115,2025-12-15,2025-12-14T23:49:19Z,2025-12-14 15:50:05
Bovada,player_points_rebounds_assists,Jeremiah Fears,Over,19.5,-120,2025-12-15,2025-12-14T23:49:19Z,2025-12-14 15:50:05
Bovada,player_points_rebounds_assists,Jeremiah Fears,Under,19.5,-110,2025-12-15,2025-12-14T23:49:19Z,2025-12-14 15:50:05
Bovada,player_points_rebounds_assists,Jeremiah Fears,Over,20.5,105,2025-12-15,2025-12-14T23:49:19Z,2025-12-14 15:50:05
Bovada,player_points_rebounds_assists,Jeremiah Fears,Under,20.5,-135,2025-12-15,2025-12-14T23:49:19Z,2025-12-14 15:50:05
Bovada,player_points_rebounds_assists,Jeremiah Fears,Over,21.5,130,2025-12-15,2025-12-14T23:49:19Z,2025-12-14 15:50:05
Bovada,player_points_rebounds_assists,Jeremiah Fears,Under,21.5,-170,2025-12-15,2025-12-14T23:49:19Z,2025-12-14 15:50:05
Bovada,player_points_rebounds_assists,Josh Giddey,Over,35.5,-165,2025-12-15,2025-12-14T23:49:19Z,2025-12-14 15:50:05
Bovada,player_points_rebounds_assists,Josh Giddey,Under,35.5,125,2025-12-15,2025-12-14T23:49:19Z,2025-12-14 15:50:05
Bovada,player_points_rebounds_assists,Josh Giddey,Over,36.5,-135,2025-12-15,2025-12-14T23:49:19Z,2025-12-14 15:50:05
Bovada,player_points_rebounds_assists,Josh Giddey,Under,36.5,105,2025-12-15,2025-12-14T23:49:19Z,2025-12-14 15:50:05
Bovada,player_points_rebounds_assists,Josh Giddey,Over,37.5,-120,2025-12-15,2025-12-14T23:49:19Z,2025-12-14 15:50:05
Bovada,player_points_rebounds_assists,Josh Giddey,Under,37.5,-110,2025-12-15,2025-12-14T23:49:19Z,2025-12-14 15:50:05
Bovada,player_points_rebounds_assists,Josh Giddey,Over,38.5,100,2025-12-15,2025-12-14T23:49:19Z,2025-12-14 15:50:05
Bovada,player_points_rebounds_assists,Josh Giddey,Under,38.5,-130,2025-12-15,2025-12-14T23:49:19Z,2025-12-14 15:50:05
Bovada,player_points_rebounds_assists,Josh Giddey,Over,39.5,115,2025-12-15,2025-12-14T23:49:19Z,2025-12-14 15:50:05
Bovada,player_points_rebounds_assists,Josh Giddey,Under,39.5,-150,2025-12-15,2025-12-14T23:49:19Z,2025-12-14 15:50:05
Bovada,player_points_rebounds_assists,Kevin Huerter,Over,10.5,-230,2025-12-15,2025-12-14T23:49:19Z,2025-12-14 15:50:05
Bovada,player_points_rebounds_assists,Kevin Huerter,Under,10.5,170,2025-12-15,2025-12-14T23:49:19Z,2025-12-14 15:50:05
Bovada,player_points_rebounds_assists,Kevin Huerter,Over,11.5,-165,2025-12-15,2025-12-14T23:49:19Z,2025-12-14 15:50:05
Bovada,player_points_rebounds_assists,Kevin Huerter,Under,11.5,125,2025-12-15,2025-12-14T23:49:19Z,2025-12-14 15:50:05
Bovada,player_points_rebounds_assists,Kevin Huerter,Over,12.5,-125,2025-12-15,2025-12-14T23:49:19Z,2025-12-14 15:50:05
Bovada,player_points_rebounds_assists,Kevin Huerter,Under,12.5,-105,2025-12-15,2025-12-14T23:49:19Z,2025-12-14 15:50:05
Bovada,player_points_rebounds_assists,Kevin Huerter,Over,13.5,105,2025-12-15,2025-12-14T23:49:19Z,2025-12-14 15:50:05
Bovada,player_points_rebounds_assists,Kevin Huerter,Under,13.5,-135,2025-12-15,2025-12-14T23:49:19Z,2025-12-14 15:50:05
Bovada,player_points_rebounds_assists,Kevin Huerter,Over,14.5,135,2025-12-15,2025-12-14T23:49:19Z,2025-12-14 15:50:05
Bovada,player_points_rebounds_assists,Kevin Huerter,Under,14.5,-180,2025-12-15,2025-12-14T23:49:19Z,2025-12-14 15:50:05
Bovada,player_points_rebounds_assists,Matas Buzelis,Over,17.5,-200,2025-12-15,2025-12-14T23:49:19Z,2025-12-14 15:50:05
Bovada,player_points_rebounds_assists,Matas Buzelis,Under,17.5,150,2025-12-15,2025-12-14T23:49:19Z,2025-12-14 15:50:05
Bovada,player_points_rebounds_assists,Matas Buzelis,Over,18.5,-160,2025-12-15,2025-12-14T23:49:19Z,2025-12-14 15:50:05
Bovada,player_points_rebounds_assists,Matas Buzelis,Under,18.5,120,2025-12-15,2025-12-14T23:49:19Z,2025-12-14 15:50:05
Bovada,player_points_rebounds_assists,Matas Buzelis,Over,19.5,-125,2025-12-15,2025-12-14T23:49:19Z,2025-12-14 15:50:05
Bovada,player_points_rebounds_assists,Matas Buzelis,Under,19.5,-105,2025-12-15,2025-12-14T23:49:19Z,2025-12-14 15:50:05
Bovada,player_points_rebounds_assists,Matas Buzelis,Over,20.5,100,2025-12-15,2025-12-14T23:49:19Z,2025-12-14 15:50:05
Bovada,player_points_rebounds_assists,Matas Buzelis,Under,20.5,-130,2025-12-15,2025-12-14T23:49:19Z,2025-12-14 15:50:05
Bovada,player_points_rebounds_assists,Matas Buzelis,Over,21.5,120,2025-12-15,2025-12-14T23:49:19Z,2025-12-14 15:50:05
Bovada,player_points_rebounds_assists,Matas Buzelis,Under,21.5,-160,2025-12-15,2025-12-14T23:49:19Z,2025-12-14 15:50:05
Bovada,player_points_rebounds_assists,Nikola Vucevic,Over,24.5,-170,2025-12-15,2025-12-14T23:49:19Z,2025-12-14 15:50:05
Bovada,player_points_rebounds_assists,Nikola Vucevic,Under,24.5,130,2025-12-15,2025-12-14T23:49:19Z,2025-12-14 15:50:05
Bovada,player_points_rebounds_assists,Nikola Vucevic,Over,25.5,-145,2025-12-15,2025-12-14T23:49:19Z,2025-12-14 15:50:05
Bovada,player_points_rebounds_assists,Nikola Vucevic,Under,25.5,110,2025-12-15,2025-12-14T23:49:19Z,2025-12-14 15:50:05
Bovada,player_points_rebounds_assists,Nikola Vucevic,Over,26.5,-115,2025-12-15,2025-12-14T23:49:19Z,2025-12-14 15:50:05
Bovada,player_points_rebounds_assists,Nikola Vucevic,Under,26.5,-115,2025-12-15,2025-12-14T23:49:19Z,2025-12-14 15:50:05
Bovada,player_points_rebounds_assists,Nikola Vucevic,Over,27.5,105,2025-12-15,2025-12-14T23:49:19Z,2025-12-14 15:50:05
Bovada,player_points_rebounds_assists,Nikola Vucevic,Under,27.5,-135,2025-12-15,2025-12-14T23:49:19Z,2025-12-14 15:50:05
Bovada,player_points_rebounds_assists,Nikola Vucevic,Over,28.5,125,2025-12-15,2025-12-14T23:49:19Z,2025-12-14 15:50:05
Bovada,player_points_rebounds_assists,Nikola Vucevic,Under,28.5,-165,2025-12-15,2025-12-14T23:49:19Z,2025-12-14 15:50:05
Bovada,player_points_rebounds_assists,Patrick Williams,Over,9.5,-240,2025-12-15,2025-12-14T23:49:19Z,2025-12-14 15:50:05
Bovada,player_points_rebounds_assists,Patrick Williams,Under,9.5,175,2025-12-15,2025-12-14T23:49:19Z,2025-12-14 15:50:05
Bovada,player_points_rebounds_assists,Patrick Williams,Over,10.5,-170,2025-12-15,2025-12-14T23:49:19Z,2025-12-14 15:50:05
Bovada,player_points_rebounds_assists,Patrick Williams,Under,10.5,130,2025-12-15,2025-12-14T23:49:19Z,2025-12-14 15:50:05
Bovada,player_points_rebounds_assists,Patrick Williams,Over,11.5,-125,2025-12-15,2025-12-14T23:49:19Z,2025-12-14 15:50:05
Bovada,player_points_rebounds_assists,Patrick Williams,Under,11.5,-105,2025-12-15,2025-12-14T23:49:19Z,2025-12-14 15:50:05
Bovada,player_points_rebounds_assists,Patrick Williams,Over,12.5,105,2025-12-15,2025-12-14T23:49:19Z,2025-12-14 15:50:05
Bovada,player_points_rebounds_assists,Patrick Williams,Under,12.5,-135,2025-12-15,2025-12-14T23:49:19Z,2025-12-14 15:50:05
Bovada,player_points_rebounds_assists,Patrick Williams,Over,13.5,140,2025-12-15,2025-12-14T23:49:19Z,2025-12-14 15:50:05
Bovada,player_points_rebounds_assists,Patrick Williams,Under,13.5,-185,2025-12-15,2025-12-14T23:49:19Z,2025-12-14 15:50:05
Bovada,player_points_rebounds_assists,Saddiq Bey,Over,18.5,-180,2025-12-15,2025-12-14T23:49:19Z,2025-12-14 15:50:05
Bovada,player_points_rebounds_assists,Saddiq Bey,Under,18.5,135,2025-12-15,2025-12-14T23:49:19Z,2025-12-14 15:50:05
Bovada,player_points_rebounds_assists,Saddiq Bey,Over,19.5,-145,2025-12-15,2025-12-14T23:49:19Z,2025-12-14 15:50:05
Bovada,player_points_rebounds_assists,Saddiq Bey,Under,19.5,110,2025-12-15,2025-12-14T23:49:19Z,2025-12-14 15:50:05
Bovada,player_points_rebounds_assists,Saddiq Bey,Over,20.5,-115,2025-12-15,2025-12-14T23:49:19Z,2025-12-14 15:50:05
Bovada,player_points_rebounds_assists,Saddiq Bey,Under,20.5,-115,2025-12-15,2025-12-14T23:49:19Z,2025-12-14 15:50:05
Bovada,player_points_rebounds_assists,Saddiq Bey,Over,21.5,110,2025-12-15,2025-12-14T23:49:19Z,2025-12-14 15:50:05
Bovada,player_points_rebounds_assists,Saddiq Bey,Under,21.5,-145,2025-12-15,2025-12-14T23:49:19Z,2025-12-14 15:50:05
Bovada,player_points_rebounds_assists,Saddiq Bey,Over,22.5,130,2025-12-15,2025-12-14T23:49:19Z,2025-12-14 15:50:05
Bovada,player_points_rebounds_assists,Saddiq Bey,Under,22.5,-170,2025-12-15,2025-12-14T23:49:19Z,2025-12-14 15:50:05
Bovada,player_points_rebounds_assists,Tre Jones,Over,15.5,-200,2025-12-15,2025-12-14T23:49:19Z,2025-12-14 15:50:05
Bovada,player_points_rebounds_assists,Tre Jones,Under,15.5,150,2025-12-15,2025-12-14T23:49:19Z,2025-12-14 15:50:05
Bovada,player_points_rebounds_assists,Tre Jones,Over,16.5,-150,2025-12-15,2025-12-14T23:49:19Z,2025-12-14 15:50:05
Bovada,player_points_rebounds_assists,Tre Jones,Under,16.5,115,2025-12-15,2025-12-14T23:49:19Z,2025-12-14 15:50:05
Bovada,player_points_rebounds_assists,Tre Jones,Over,17.5,-120,2025-12-15,2025-12-14T23:49:19Z,2025-12-14 15:50:05
Bovada,player_points_rebounds_assists,Tre Jones,Under,17.5,-110,2025-12-15,2025-12-14T23:49:19Z,2025-12-14 15:50:05
Bovada,player_points_rebounds_assists,Tre Jones,Over,18.5,105,2025-12-15,2025-12-14T23:49:19Z,2025-12-14 15:50:05
Bovada,player_points_rebounds_assists,Tre Jones,Under,18.5,-135,2025-12-15,2025-12-14T23:49:19Z,2025-12-14 15:50:05
Bovada,player_points_rebounds_assists,Tre Jones,Over,19.5,130,2025-12-15,2025-12-14T23:49:19Z,2025-12-14 15:50:05
Bovada,player_points_rebounds_assists,Tre Jones,Under,19.5,-170,2025-12-15,2025-12-14T23:49:19Z,2025-12-14 15:50:05
Bovada,player_points_rebounds_assists,Trey Murphy III,Over,26.5,-170,2025-12-15,2025-12-14T23:49:19Z,2025-12-14 15:50:05
Bovada,player_points_rebounds_assists,Trey Murphy III,Under,26.5,130,2025-12-15,2025-12-14T23:49:19Z,2025-12-14 15:50:05
Bovada,player_points_rebounds_assists,Trey Murphy III,Over,27.5,-145,2025-12-15,2025-12-14T23:49:19Z,2025-12-14 15:50:05
Bovada,player_points_rebounds_assists,Trey Murphy III,Under,27.5,110,2025-12-15,2025-12-14T23:49:19Z,2025-12-14 15:50:05
Bovada,player_points_rebounds_assists,Trey Murphy III,Over,28.5,-120,2025-12-15,2025-12-14T23:49:19Z,2025-12-14 15:50:05
Bovada,player_points_rebounds_assists,Trey Murphy III,Under,28.5,-110,2025-12-15,2025-12-14T23:49:19Z,2025-12-14 15:50:05
Bovada,player_points_rebounds_assists,Trey Murphy III,Over,29.5,100,2025-12-15,2025-12-14T23:49:19Z,2025-12-14 15:50:05
Bovada,player_points_rebounds_assists,Trey Murphy III,Under,29.5,-130,2025-12-15,2025-12-14T23:49:19Z,2025-12-14 15:50:05
Bovada,player_points_rebounds_assists,Trey Murphy III,Over,30.5,120,2025-12-15,2025-12-14T23:49:19Z,2025-12-14 15:50:05
Bovada,player_points_rebounds_assists,Trey Murphy III,Under,30.5,-160,2025-12-15,2025-12-14T23:49:19Z,2025-12-14 15:50:05
Bovada,player_points_rebounds_assists,Zach Collins,Over,11.5,-260,2025-12-15,2025-12-14T23:49:19Z,2025-12-14 15:50:05
Bovada,player_points_rebounds_assists,Zach Collins,Under,11.5,190,2025-12-15,2025-12-14T23:49:19Z,2025-12-14 15:50:05
Bovada,player_points_rebounds_assists,Zach Collins,Over,12.5,-190,2025-12-15,2025-12-14T23:49:19Z,2025-12-14 15:50:05
Bovada,player_points_rebounds_assists,Zach Collins,Under,12.5,145,2025-12-15,2025-12-14T23:49:19Z,2025-12-14 15:50:05
Bovada,player_points_rebounds_assists,Zach Collins,Over,13.5,-145,2025-12-15,2025-12-14T23:49:19Z,2025-12-14 15:50:05
Bovada,player_points_rebounds_assists,Zach Collins,Under,13.5,110,2025-12-15,2025-12-14T23:49:19Z,2025-12-14 15:50:05
Bovada,player_points_rebounds_assists,Zach Collins,Over,14.5,-110,2025-12-15,2025-12-14T23:49:19Z,2025-12-14 15:50:05
Bovada,player_points_rebounds_assists,Zach Collins,Under,14.5,-120,2025-12-15,2025-12-14T23:49:19Z,2025-12-14 15:50:05
Bovada,player_points_rebounds_assists,Zach Collins,Over,15.5,115,2025-12-15,2025-12-14T23:49:19Z,2025-12-14 15:50:05
Bovada,player_points_rebounds_assists,Zach Collins,Under,15.5,-150,2025-12-15,2025-12-14T23:49:19Z,2025-12-14 15:50:05
Bovada,player_points_rebounds_assists,Zion Williamson,Over,22.5,-165,2025-12-15,2025-12-14T23:49:19Z,2025-12-14 15:50:05
Bovada,player_points_rebounds_assists,Zion Williamson,Under,22.5,125,2025-12-15,2025-12-14T23:49:19Z,2025-12-14 15:50:05
Bovada,player_points_rebounds_assists,Zion Williamson,Over,23.5,-135,2025-12-15,2025-12-14T23:49:19Z,2025-12-14 15:50:05
Bovada,player_points_rebounds_assists,Zion Williamson,Under,23.5,105,2025-12-15,2025-12-14T23:49:19Z,2025-12-14 15:50:05
Bovada,player_points_rebounds_assists,Zion Williamson,Over,24.5,-110,2025-12-15,2025-12-14T23:49:19Z,2025-12-14 15:50:05
Bovada,player_points_rebounds_assists,Zion Williamson,Under,24.5,-120,2025-12-15,2025-12-14T23:49:19Z,2025-12-14 15:50:05
Bovada,player_points_rebounds_assists,Zion Williamson,Over,25.5,110,2025-12-15,2025-12-14T23:49:19Z,2025-12-14 15:50:05
Bovada,player_points_rebounds_assists,Zion Williamson,Under,25.5,-145,2025-12-15,2025-12-14T23:49:19Z,2025-12-14 15:50:05
Bovada,player_points_rebounds_assists,Zion Williamson,Over,26.5,135,2025-12-15,2025-12-14T23:49:19Z,2025-12-14 15:50:05
Bovada,player_points_rebounds_assists,Zion Williamson,Under,26.5,-180,2025-12-15,2025-12-14T23:49:19Z,2025-12-14 15:50:05
Bovada,player_points_rebounds_assists,DeMar DeRozan,Over,22.5,-180,2025-12-15,2025-12-14T23:49:50Z,2025-12-14 15:50:05
Bovada,player_points_rebounds_assists,DeMar DeRozan,Under,22.5,135,2025-12-15,2025-12-14T23:49:50Z,2025-12-14 15:50:05
Bovada,player_points_rebounds_assists,DeMar DeRozan,Over,23.5,-145,2025-12-15,2025-12-14T23:49:50Z,2025-12-14 15:50:05
Bovada,player_points_rebounds_assists,DeMar DeRozan,Under,23.5,110,2025-12-15,2025-12-14T23:49:50Z,2025-12-14 15:50:05
Bovada,player_points_rebounds_assists,DeMar DeRozan,Over,24.5,-120,2025-12-15,2025-12-14T23:49:50Z,2025-12-14 15:50:05
Bovada,player_points_rebounds_assists,DeMar DeRozan,Under,24.5,-110,2025-12-15,2025-12-14T23:49:50Z,2025-12-14 15:50:05
Bovada,player_points_rebounds_assists,DeMar DeRozan,Over,25.5,100,2025-12-15,2025-12-14T23:49:50Z,2025-12-14 15:50:05
Bovada,player_points_rebounds_assists,DeMar DeRozan,Under,25.5,-130,2025-12-15,2025-12-14T23:49:50Z,2025-12-14 15:50:05
Bovada,player_points_rebounds_assists,DeMar DeRozan,Over,26.5,120,2025-12-15,2025-12-14T23:49:50Z,2025-12-14 15:50:05
Bovada,player_points_rebounds_assists,DeMar DeRozan,Under,26.5,-160,2025-12-15,2025-12-14T23:49:50Z,2025-12-14 15:50:05
Bovada,player_points_rebounds_assists,Dennis Schroder,Over,14.5,-215,2025-12-15,2025-12-14T23:49:50Z,2025-12-14 15:50:05
Bovada,player_points_rebounds_assists,Dennis Schroder,Under,14.5,160,2025-12-15,2025-12-14T23:49:50Z,2025-12-14 15:50:05
Bovada,player_points_rebounds_assists,Dennis Schroder,Over,15.5,-165,2025-12-15,2025-12-14T23:49:50Z,2025-12-14 15:50:05
Bovada,player_points_rebounds_assists,Dennis Schroder,Under,15.5,125,2025-12-15,2025-12-14T23:49:50Z,2025-12-14 15:50:05
Bovada,player_points_rebounds_assists,Dennis Schroder,Over,16.5,-125,2025-12-15,2025-12-14T23:49:50Z,2025-12-14 15:50:05
Bovada,player_points_rebounds_assists,Dennis Schroder,Under,16.5,-105,2025-12-15,2025-12-14T23:49:50Z,2025-12-14 15:50:05
Bovada,player_points_rebounds_assists,Dennis Schroder,Over,17.5,100,2025-12-15,2025-12-14T23:49:50Z,2025-12-14 15:50:05
Bovada,player_points_rebounds_assists,Dennis Schroder,Under,17.5,-130,2025-12-15,2025-12-14T23:49:50Z,2025-12-14 15:50:05
Bovada,player_points_rebounds_assists,Dennis Schroder,Over,18.5,125,2025-12-15,2025-12-14T23:49:50Z,2025-12-14 15:50:05
Bovada,player_points_rebounds_assists,Dennis Schroder,Under,18.5,-165,2025-12-15,2025-12-14T23:49:50Z,2025-12-14 15:50:05
Bovada,player_points_rebounds_assists,Donte DiVincenzo,Over,20.5,-215,2025-12-15,2025-12-14T23:49:50Z,2025-12-14 15:50:05
Bovada,player_points_rebounds_assists,Donte DiVincenzo,Under,20.5,160,2025-12-15,2025-12-14T23:49:50Z,2025-12-14 15:50:05
Bovada,player_points_rebounds_assists,Donte DiVincenzo,Over,21.5,-170,2025-12-15,2025-12-14T23:49:50Z,2025-12-14 15:50:05
Bovada,player_points_rebounds_assists,Donte DiVincenzo,Under,21.5,130,2025-12-15,2025-12-14T23:49:50Z,2025-12-14 15:50:05
Bovada,player_points_rebounds_assists,Donte DiVincenzo,Over,22.5,-135,2025-12-15,2025-12-14T23:49:50Z,2025-12-14 15:50:05
Bovada,player_points_rebounds_assists,Donte DiVincenzo,Under,22.5,105,2025-12-15,2025-12-14T23:49:50Z,2025-12-14 15:50:05
Bovada,player_points_rebounds_assists,Donte DiVincenzo,Over,23.5,-110,2025-12-15,2025-12-14T23:49:50Z,2025-12-14 15:50:05
Bovada,player_points_rebounds_assists,Donte DiVincenzo,Under,23.5,-120,2025-12-15,2025-12-14T23:49:50Z,2025-12-14 15:50:05
Bovada,player_points_rebounds_assists,Donte DiVincenzo,Over,24.5,110,2025-12-15,2025-12-14T23:49:50Z,2025-12-14 15:50:05
Bovada,player_points_rebounds_assists,Donte DiVincenzo,Under,24.5,-145,2025-12-15,2025-12-14T23:49:50Z,2025-12-14 15:50:05
Bovada,player_points_rebounds_assists,Jaden McDaniels,Over,22.5,-200,2025-12-15,2025-12-14T23:49:50Z,2025-12-14 15:50:05
Bovada,player_points_rebounds_assists,Jaden McDaniels,Under,22.5,150,2025-12-15,2025-12-14T23:49:50Z,2025-12-14 15:50:05
Bovada,player_points_rebounds_assists,Jaden McDaniels,Over,23.5,-165,2025-12-15,2025-12-14T23:49:50Z,2025-12-14 15:50:05
Bovada,player_points_rebounds_assists,Jaden McDaniels,Under,23.5,125,2025-12-15,2025-12-14T23:49:50Z,2025-12-14 15:50:05
Bovada,player_points_rebounds_assists,Jaden McDaniels,Over,24.5,-130,2025-12-15,2025-12-14T23:49:50Z,2025-12-14 15:50:05
Bovada,player_points_rebounds_assists,Jaden McDaniels,Under,24.5,100,2025-12-15,2025-12-14T23:49:50Z,2025-12-14 15:50:05
Bovada,player_points_rebounds_assists,Jaden McDaniels,Over,25.5,-110,2025-12-15,2025-12-14T23:49:50Z,2025-12-14 15:50:05
Bovada,player_points_rebounds_assists,Jaden McDaniels,Under,25.5,-120,2025-12-15,2025-12-14T23:49:50Z,2025-12-14 15:50:05
Bovada,player_points_rebounds_assists,Jaden McDaniels,Over,26.5,110,2025-12-15,2025-12-14T23:49:50Z,2025-12-14 15:50:05
Bovada,player_points_rebounds_assists,Jaden McDaniels,Under,26.5,-145,2025-12-15,2025-12-14T23:49:50Z,2025-12-14 15:50:05
Bovada,player_points_rebounds_assists,Julius Randle,Over,36.5,-180,2025-12-15,2025-12-14T23:49:50Z,2025-12-14 15:50:05
Bovada,player_points_rebounds_assists,Julius Randle,Under,36.5,135,2025-12-15,2025-12-14T23:49:50Z,2025-12-14 15:50:05
Bovada,player_points_rebounds_assists,Julius Randle,Over,37.5,-150,2025-12-15,2025-12-14T23:49:50Z,2025-12-14 15:50:05
Bovada,player_points_rebounds_assists,Julius Randle,Under,37.5,115,2025-12-15,2025-12-14T23:49:50Z,2025-12-14 15:50:05
Bovada,player_points_rebounds_assists,Julius Randle,Over,38.5,-130,2025-12-15,2025-12-14T23:49:50Z,2025-12-14 15:50:05
Bovada,player_points_rebounds_assists,Julius Randle,Under,38.5,100,2025-12-15,2025-12-14T23:49:50Z,2025-12-14 15:50:05
Bovada,player_points_rebounds_assists,Julius Randle,Over,39.5,-115,2025-12-15,2025-12-14T23:49:50Z,2025-12-14 15:50:05
Bovada,player_points_rebounds_assists,Julius Randle,Under,39.5,-115,2025-12-15,2025-12-14T23:49:50Z,2025-12-14 15:50:05
Bovada,player_points_rebounds_assists,Julius Randle,Over,40.5,105,2025-12-15,2025-12-14T23:49:50Z,2025-12-14 15:50:05
Bovada,player_points_rebounds_assists,Julius Randle,Under,40.5,-135,2025-12-15,2025-12-14T23:49:50Z,2025-12-14 15:50:05
Bovada,player_points_rebounds_assists,Keegan Murray,Over,19.5,-190,2025-12-15,2025-12-14T23:49:50Z,2025-12-14 15:50:05
Bovada,player_points_rebounds_assists,Keegan Murray,Under,19.5,145,2025-12-15,2025-12-14T23:49:50Z,2025-12-14 15:50:05
Bovada,player_points_rebounds_assists,Keegan Murray,Over,20.5,-160,2025-12-15,2025-12-14T23:49:50Z,2025-12-14 15:50:05
Bovada,player_points_rebounds_assists,Keegan Murray,Under,20.5,120,2025-12-15,2025-12-14T23:49:50Z,2025-12-14 15:50:05
Bovada,player_points_rebounds_assists,Keegan Murray,Over,21.5,-125,2025-12-15,2025-12-14T23:49:50Z,2025-12-14 15:50:05
Bovada,player_points_rebounds_assists,Keegan Murray,Under,21.5,-105,2025-12-15,2025-12-14T23:49:50Z,2025-12-14 15:50:05
Bovada,player_points_rebounds_assists,Keegan Murray,Over,22.5,100,2025-12-15,2025-12-14T23:49:50Z,2025-12-14 15:50:05
Bovada,player_points_rebounds_assists,Keegan Murray,Under,22.5,-130,2025-12-15,2025-12-14T23:49:50Z,2025-12-14 15:50:05
Bovada,player_points_rebounds_assists,Keegan Murray,Over,23.5,120,2025-12-15,2025-12-14T23:49:50Z,2025-12-14 15:50:05
Bovada,player_points_rebounds_assists,Keegan Murray,Under,23.5,-160,2025-12-15,2025-12-14T23:49:50Z,2025-12-14 15:50:05
Bovada,player_points_rebounds_assists,Maxime Raynaud,Over,17.5,-210,2025-12-15,2025-12-14T23:49:50Z,2025-12-14 15:50:05
Bovada,player_points_rebounds_assists,Maxime Raynaud,Under,17.5,155,2025-12-15,2025-12-14T23:49:50Z,2025-12-14 15:50:05
Bovada,player_points_rebounds_assists,Maxime Raynaud,Over,18.5,-165,2025-12-15,2025-12-14T23:49:50Z,2025-12-14 15:50:05
Bovada,player_points_rebounds_assists,Maxime Raynaud,Under,18.5,125,2025-12-15,2025-12-14T23:49:50Z,2025-12-14 15:50:05
Bovada,player_points_rebounds_assists,Maxime Raynaud,Over,19.5,-130,2025-12-15,2025-12-14T23:49:50Z,2025-12-14 15:50:05
Bovada,player_points_rebounds_assists,Maxime Raynaud,Under,19.5,100,2025-12-15,2025-12-14T23:49:50Z,2025-12-14 15:50:05
Bovada,player_points_rebounds_assists,Maxime Raynaud,Over,20.5,-105,2025-12-15,2025-12-14T23:49:50Z,2025-12-14 15:50:05
Bovada,player_points_rebounds_assists,Maxime Raynaud,Under,20.5,-125,2025-12-15,2025-12-14T23:49:50Z,2025-12-14 15:50:05
Bovada,player_points_rebounds_assists,Maxime Raynaud,Over,21.5,115,2025-12-15,2025-12-14T23:49:50Z,2025-12-14 15:50:05
Bovada,player_points_rebounds_assists,Maxime Raynaud,Under,21.5,-150,2025-12-15,2025-12-14T23:49:50Z,2025-12-14 15:50:05
Bovada,player_points_rebounds_assists,Naz Reid,Over,23.5,-200,2025-12-15,2025-12-14T23:49:50Z,2025-12-14 15:50:05
Bovada,player_points_rebounds_assists,Naz Reid,Under,23.5,150,2025-12-15,2025-12-14T23:49:50Z,2025-12-14 15:50:05
Bovada,player_points_rebounds_assists,Naz Reid,Over,24.5,-160,2025-12-15,2025-12-14T23:49:50Z,2025-12-14 15:50:05
Bovada,player_points_rebounds_assists,Naz Reid,Under,24.5,120,2025-12-15,2025-12-14T23:49:50Z,2025-12-14 15:50:05
Bovada,player_points_rebounds_assists,Naz Reid,Over,25.5,-130,2025-12-15,2025-12-14T23:49:50Z,2025-12-14 15:50:05
Bovada,player_points_rebounds_assists,Naz Reid,Under,25.5,100,2025-12-15,2025-12-14T23:49:50Z,2025-12-14 15:50:05
Bovada,player_points_rebounds_assists,Naz Reid,Over,26.5,-110,2025-12-15,2025-12-14T23:49:50Z,2025-12-14 15:50:05
Bovada,player_points_rebounds_assists,Naz Reid,Under,26.5,-120,2025-12-15,2025-12-14T23:49:50Z,2025-12-14 15:50:05
Bovada,player_points_rebounds_assists,Naz Reid,Over,27.5,110,2025-12-15,2025-12-14T23:49:50Z,2025-12-14 15:50:05
Bovada,player_points_rebounds_assists,Naz Reid,Under,27.5,-145,2025-12-15,2025-12-14T23:49:50Z,2025-12-14 15:50:05
Bovada,player_points_rebounds_assists,Rudy Gobert,Over,23.5,-200,2025-12-15,2025-12-14T23:49:50Z,2025-12-14 15:50:05
Bovada,player_points_rebounds_assists,Rudy Gobert,Under,23.5,150,2025-12-15,2025-12-14T23:49:50Z,2025-12-14 15:50:05
Bovada,player_points_rebounds_assists,Rudy Gobert,Over,24.5,-160,2025-12-15,2025-12-14T23:49:50Z,2025-12-14 15:50:05
Bovada,player_points_rebounds_assists,Rudy Gobert,Under,24.5,120,2025-12-15,2025-12-14T23:49:50Z,2025-12-14 15:50:05
Bovada,player_points_rebounds_assists,Rudy Gobert,Over,25.5,-130,2025-12-15,2025-12-14T23:49:50Z,2025-12-14 15:50:05
Bovada,player_points_rebounds_assists,Rudy Gobert,Under,25.5,100,2025-12-15,2025-12-14T23:49:50Z,2025-12-14 15:50:05
Bovada,player_points_rebounds_assists,Rudy Gobert,Over,26.5,-110,2025-12-15,2025-12-14T23:49:50Z,2025-12-14 15:50:05
Bovada,player_points_rebounds_assists,Rudy Gobert,Under,26.5,-120,2025-12-15,2025-12-14T23:49:50Z,2025-12-14 15:50:05
Bovada,player_points_rebounds_assists,Rudy Gobert,Over,27.5,110,2025-12-15,2025-12-14T23:49:50Z,2025-12-14 15:50:05
Bovada,player_points_rebounds_assists,Rudy Gobert,Under,27.5,-145,2025-12-15,2025-12-14T23:49:50Z,2025-12-14 15:50:05
Bovada,player_points_rebounds_assists,Russell Westbrook,Over,23.5,-170,2025-12-15,2025-12-14T23:49:50Z,2025-12-14 15:50:05
Bovada,player_points_rebounds_assists,Russell Westbrook,Under,23.5,130,2025-12-15,2025-12-14T23:49:50Z,2025-12-14 15:50:05
Bovada,player_points_rebounds_assists,Russell Westbrook,Over,24.5,-145,2025-12-15,2025-12-14T23:49:50Z,2025-12-14 15:50:05
Bovada,player_points_rebounds_assists,Russell Westbrook,Under,24.5,110,2025-12-15,2025-12-14T23:49:50Z,2025-12-14 15:50:05
Bovada,player_points_rebounds_assists,Russell Westbrook,Over,25.5,-115,2025-12-15,2025-12-14T23:49:50Z,2025-12-14 15:50:05
Bovada,player_points_rebounds_assists,Russell Westbrook,Under,25.5,-115,2025-12-15,2025-12-14T23:49:50Z,2025-12-14 15:50:05
Bovada,player_points_rebounds_assists,Russell Westbrook,Over,26.5,105,2025-12-15,2025-12-14T23:49:50Z,2025-12-14 15:50:05
Bovada,player_points_rebounds_assists,Russell Westbrook,Under,26.5,-135,2025-12-15,2025-12-14T23:49:50Z,2025-12-14 15:50:05
Bovada,player_points_rebounds_assists,Russell Westbrook,Over,27.5,125,2025-12-15,2025-12-14T23:49:50Z,2025-12-14 15:50:05
Bovada,player_points_rebounds_assists,Russell Westbrook,Under,27.5,-165,2025-12-15,2025-12-14T23:49:50Z,2025-12-14 15:50:05
Bovada,player_points_rebounds_assists,Zach LaVine,Over,23.5,-190,2025-12-15,2025-12-14T23:49:50Z,2025-12-14 15:50:05
Bovada,player_points_rebounds_assists,Zach LaVine,Under,23.5,145,2025-12-15,2025-12-14T23:49:50Z,2025-12-14 15:50:05
Bovada,player_points_rebounds_assists,Zach LaVine,Over,24.5,-160,2025-12-15,2025-12-14T23:49:50Z,2025-12-14 15:50:05
Bovada,player_points_rebounds_assists,Zach LaVine,Under,24.5,120,2025-12-15,2025-12-14T23:49:50Z,2025-12-14 15:50:05
Bovada,player_points_rebounds_assists,Zach LaVine,Over,25.5,-125,2025-12-15,2025-12-14T23:49:50Z,2025-12-14 15:50:05
Bovada,player_points_rebounds_assists,Zach LaVine,Under,25.5,-105,2025-12-15,2025-12-14T23:49:50Z,2025-12-14 15:50:05
Bovada,player_points_rebounds_assists,Zach LaVine,Over,26.5,-105,2025-12-15,2025-12-14T23:49:50Z,2025-12-14 15:50:05
Bovada,player_points_rebounds_assists,Zach LaVine,Under,26.5,-125,2025-12-15,2025-12-14T23:49:50Z,2025-12-14 15:50:05
Bovada,player_points_rebounds_assists,Zach LaVine,Over,27.5,115,2025-12-15,2025-12-14T23:49:50Z,2025-12-14 15:50:05
Bovada,player_points_rebounds_assists,Zach LaVine,Under,27.5,-150,2025-12-15,2025-12-14T23:49:50Z,2025-12-14 15:50:05
Bovada,player_points_rebounds_assists,Collin Gillespie,Over,21.5,-180,2025-12-15,2025-12-14T23:49:30Z,2025-12-14 15:50:05
Bovada,player_points_rebounds_assists,Collin Gillespie,Under,21.5,135,2025-12-15,2025-12-14T23:49:30Z,2025-12-14 15:50:05
Bovada,player_points_rebounds_assists,Collin Gillespie,Over,22.5,-145,2025-12-15,2025-12-14T23:49:30Z,2025-12-14 15:50:05
Bovada,player_points_rebounds_assists,Collin Gillespie,Under,22.5,110,2025-12-15,2025-12-14T23:49:30Z,2025-12-14 15:50:05
Bovada,player_points_rebounds_assists,Collin Gillespie,Over,23.5,-115,2025-12-15,2025-12-14T23:49:30Z,2025-12-14 15:50:05
Bovada,player_points_rebounds_assists,Collin Gillespie,Under,23.5,-115,2025-12-15,2025-12-14T23:49:30Z,2025-12-14 15:50:05
Bovada,player_points_rebounds_assists,Collin Gillespie,Over,24.5,105,2025-12-15,2025-12-14T23:49:30Z,2025-12-14 15:50:05
Bovada,player_points_rebounds_assists,Collin Gillespie,Under,24.5,-135,2025-12-15,2025-12-14T23:49:30Z,2025-12-14 15:50:05
Bovada,player_points_rebounds_assists,Collin Gillespie,Over,25.5,125,2025-12-15,2025-12-14T23:49:30Z,2025-12-14 15:50:05
Bovada,player_points_rebounds_assists,Collin Gillespie,Under,25.5,-165,2025-12-15,2025-12-14T23:49:30Z,2025-12-14 15:50:05
Bovada,player_points_rebounds_assists,Deandre Ayton,Over,21.5,-190,2025-12-15,2025-12-14T23:49:30Z,2025-12-14 15:50:05
Bovada,player_points_rebounds_assists,Deandre Ayton,Under,21.5,145,2025-12-15,2025-12-14T23:49:30Z,2025-12-14 15:50:05
Bovada,player_points_rebounds_assists,Deandre Ayton,Over,22.5,-150,2025-12-15,2025-12-14T23:49:30Z,2025-12-14 15:50:05
Bovada,player_points_rebounds_assists,Deandre Ayton,Under,22.5,115,2025-12-15,2025-12-14T23:49:30Z,2025-12-14 15:50:05
Bovada,player_points_rebounds_assists,Deandre Ayton,Over,23.5,-125,2025-12-15,2025-12-14T23:49:30Z,2025-12-14 15:50:05
Bovada,player_points_rebounds_assists,Deandre Ayton,Under,23.5,-105,2025-12-15,2025-12-14T23:49:30Z,2025-12-14 15:50:05
Bovada,player_points_rebounds_assists,Deandre Ayton,Over,24.5,-105,2025-12-15,2025-12-14T23:49:30Z,2025-12-14 15:50:05
Bovada,player_points_rebounds_assists,Deandre Ayton,Under,24.5,-125,2025-12-15,2025-12-14T23:49:30Z,2025-12-14 15:50:05
Bovada,player_points_rebounds_assists,Deandre Ayton,Over,25.5,120,2025-12-15,2025-12-14T23:49:30Z,2025-12-14 15:50:05
Bovada,player_points_rebounds_assists,Deandre Ayton,Under,25.5,-160,2025-12-15,2025-12-14T23:49:30Z,2025-12-14 15:50:05
Bovada,player_points_rebounds_assists,Devin Booker,Over,30.5,-165,2025-12-15,2025-12-14T23:49:30Z,2025-12-14 15:50:05
Bovada,player_points_rebounds_assists,Devin Booker,Under,30.5,125,2025-12-15,2025-12-14T23:49:30Z,2025-12-14 15:50:05
Bovada,player_points_rebounds_assists,Devin Booker,Over,31.5,-135,2025-12-15,2025-12-14T23:49:30Z,2025-12-14 15:50:05
Bovada,player_points_rebounds_assists,Devin Booker,Under,31.5,105,2025-12-15,2025-12-14T23:49:30Z,2025-12-14 15:50:05
Bovada,player_points_rebounds_assists,Devin Booker,Over,32.5,-115,2025-12-15,2025-12-14T23:49:30Z,2025-12-14 15:50:05
Bovada,player_points_rebounds_assists,Devin Booker,Under,32.5,-115,2025-12-15,2025-12-14T23:49:30Z,2025-12-14 15:50:05
Bovada,player_points_rebounds_assists,Devin Booker,Over,33.5,105,2025-12-15,2025-12-14T23:49:30Z,2025-12-14 15:50:05
Bovada,player_points_rebounds_assists,Devin Booker,Under,33.5,-135,2025-12-15,2025-12-14T23:49:30Z,2025-12-14 15:50:05
Bovada,player_points_rebounds_assists,Devin Booker,Over,34.5,120,2025-12-15,2025-12-14T23:49:30Z,2025-12-14 15:50:05
Bovada,player_points_rebounds_assists,Devin Booker,Under,34.5,-160,2025-12-15,2025-12-14T23:49:30Z,2025-12-14 15:50:05
Bovada,player_points_rebounds_assists,Dillon Brooks,Over,21.5,-210,2025-12-15,2025-12-14T23:49:30Z,2025-12-14 15:50:05
Bovada,player_points_rebounds_assists,Dillon Brooks,Under,21.5,155,2025-12-15,2025-12-14T23:49:30Z,2025-12-14 15:50:05
Bovada,player_points_rebounds_assists,Dillon Brooks,Over,22.5,-170,2025-12-15,2025-12-14T23:49:30Z,2025-12-14 15:50:05
Bovada,player_points_rebounds_assists,Dillon Brooks,Under,22.5,130,2025-12-15,2025-12-14T23:49:30Z,2025-12-14 15:50:05
Bovada,player_points_rebounds_assists,Dillon Brooks,Over,23.5,-135,2025-12-15,2025-12-14T23:49:30Z,2025-12-14 15:50:05
Bovada,player_points_rebounds_assists,Dillon Brooks,Under,23.5,105,2025-12-15,2025-12-14T23:49:30Z,2025-12-14 15:50:05
Bovada,player_points_rebounds_assists,Dillon Brooks,Over,24.5,-110,2025-12-15,2025-12-14T23:49:30Z,2025-12-14 15:50:05
Bovada,player_points_rebounds_assists,Dillon Brooks,Under,24.5,-120,2025-12-15,2025-12-14T23:49:30Z,2025-12-14 15:50:05
Bovada,player_points_rebounds_assists,Dillon Brooks,Over,25.5,110,2025-12-15,2025-12-14T23:49:30Z,2025-12-14 15:50:05
Bovada,player_points_rebounds_assists,Dillon Brooks,Under,25.5,-145,2025-12-15,2025-12-14T23:49:30Z,2025-12-14 15:50:05
Bovada,player_points_rebounds_assists,Grayson Allen,Over,19.5,-200,2025-12-15,2025-12-14T23:49:30Z,2025-12-14 15:50:05
Bovada,player_points_rebounds_assists,Grayson Allen,Under,19.5,150,2025-12-15,2025-12-14T23:49:30Z,2025-12-14 15:50:05
Bovada,player_points_rebounds_assists,Grayson Allen,Over,20.5,-160,2025-12-15,2025-12-14T23:49:30Z,2025-12-14 15:50:05
Bovada,player_points_rebounds_assists,Grayson Allen,Under,20.5,120,2025-12-15,2025-12-14T23:49:30Z,2025-12-14 15:50:05
Bovada,player_points_rebounds_assists,Grayson Allen,Over,21.5,-130,2025-12-15,2025-12-14T23:49:30Z,2025-12-14 15:50:05
Bovada,player_points_rebounds_assists,Grayson Allen,Under,21.5,100,2025-12-15,2025-12-14T23:49:30Z,2025-12-14 15:50:05
Bovada,player_points_rebounds_assists,Grayson Allen,Over,22.5,-105,2025-12-15,2025-12-14T23:49:30Z,2025-12-14 15:50:05
Bovada,player_points_rebounds_assists,Grayson Allen,Under,22.5,-125,2025-12-15,2025-12-14T23:49:30Z,2025-12-14 15:50:05
Bovada,player_points_rebounds_assists,Grayson Allen,Over,23.5,115,2025-12-15,2025-12-14T23:49:30Z,2025-12-14 15:50:05
Bovada,player_points_rebounds_assists,Grayson Allen,Under,23.5,-150,2025-12-15,2025-12-14T23:49:30Z,2025-12-14 15:50:05
Bovada,player_points_rebounds_assists,LeBron James,Over,31.5,-185,2025-12-15,2025-12-14T23:49:30Z,2025-12-14 15:50:05
Bovada,player_points_rebounds_assists,LeBron James,Under,31.5,140,2025-12-15,2025-12-14T23:49:30Z,2025-12-14 15:50:05
Bovada,player_points_rebounds_assists,LeBron James,Over,32.5,-150,2025-12-15,2025-12-14T23:49:30Z,2025-12-14 15:50:05
Bovada,player_points_rebounds_assists,LeBron James,Under,32.5,115,2025-12-15,2025-12-14T23:49:30Z,2025-12-14 15:50:05
Bovada,player_points_rebounds_assists,LeBron James,Over,33.5,-130,2025-12-15,2025-12-14T23:49:30Z,2025-12-14 15:50:05
Bovada,player_points_rebounds_assists,LeBron James,Under,33.5,100,2025-12-15,2025-12-14T23:49:30Z,2025-12-14 15:50:05
Bovada,player_points_rebounds_assists,LeBron James,Over,34.5,-110,2025-12-15,2025-12-14T23:49:30Z,2025-12-14 15:50:05
Bovada,player_points_rebounds_assists,LeBron James,Under,34.5,-120,2025-12-15,2025-12-14T23:49:30Z,2025-12-14 15:50:05
Bovada,player_points_rebounds_assists,LeBron James,Over,35.5,110,2025-12-15,2025-12-14T23:49:30Z,2025-12-14 15:50:05
Bovada,player_points_rebounds_assists,LeBron James,Under,35.5,-145,2025-12-15,2025-12-14T23:49:30Z,2025-12-14 15:50:05
Bovada,player_points_rebounds_assists,Luka Doncic,Over,50.5,-165,2025-12-15,2025-12-14T23:49:30Z,2025-12-14 15:50:05
Bovada,player_points_rebounds_assists,Luka Doncic,Under,50.5,125,2025-12-15,2025-12-14T23:49:30Z,2025-12-14 15:50:05
Bovada,player_points_rebounds_assists,Luka Doncic,Over,51.5,-145,2025-12-15,2025-12-14T23:49:30Z,2025-12-14 15:50:05
Bovada,player_points_rebounds_assists,Luka Doncic,Under,51.5,110,2025-12-15,2025-12-14T23:49:30Z,2025-12-14 15:50:05
Bovada,player_points_rebounds_assists,Luka Doncic,Over,52.5,-125,2025-12-15,2025-12-14T23:49:30Z,2025-12-14 15:50:05
Bovada,player_points_rebounds_assists,Luka Doncic,Under,52.5,-105,2025-12-15,2025-12-14T23:49:30Z,2025-12-14 15:50:05
Bovada,player_points_rebounds_assists,Luka Doncic,Over,53.5,-110,2025-12-15,2025-12-14T23:49:30Z,2025-12-14 15:50:05
Bovada,player_points_rebounds_assists,Luka Doncic,Under,53.5,-120,2025-12-15,2025-12-14T23:49:30Z,2025-12-14 15:50:05
Bovada,player_points_rebounds_assists,Luka Doncic,Over,54.5,105,2025-12-15,2025-12-14T23:49:30Z,2025-12-14 15:50:05
Bovada,player_points_rebounds_assists,Luka Doncic,Under,54.5,-135,2025-12-15,2025-12-14T23:49:30Z,2025-12-14 15:50:05
Bovada,player_points_rebounds_assists,Marcus Smart,Over,13.5,-210,2025-12-15,2025-12-14T23:49:30Z,2025-12-14 15:50:05
Bovada,player_points_rebounds_assists,Marcus Smart,Under,13.5,155,2025-12-15,2025-12-14T23:49:30Z,2025-12-14 15:50:05
Bovada,player_points_rebounds_assists,Marcus Smart,Over,14.5,-160,2025-12-15,2025-12-14T23:49:30Z,2025-12-14 15:50:05
Bovada,player_points_rebounds_assists,Marcus Smart,Under,14.5,120,2025-12-15,2025-12-14T23:49:30Z,2025-12-14 15:50:05
Bovada,player_points_rebounds_assists,Marcus Smart,Over,15.5,-125,2025-12-15,2025-12-14T23:49:30Z,2025-12-14 15:50:05
Bovada,player_points_rebounds_assists,Marcus Smart,Under,15.5,-105,2025-12-15,2025-12-14T23:49:30Z,2025-12-14 15:50:05
Bovada,player_points_rebounds_assists,Marcus Smart,Over,16.5,105,2025-12-15,2025-12-14T23:49:30Z,2025-12-14 15:50:05
Bovada,player_points_rebounds_assists,Marcus Smart,Under,16.5,-135,2025-12-15,2025-12-14T23:49:30Z,2025-12-14 15:50:05
Bovada,player_points_rebounds_assists,Marcus Smart,Over,17.5,130,2025-12-15,2025-12-14T23:49:30Z,2025-12-14 15:50:05
Bovada,player_points_rebounds_assists,Marcus Smart,Under,17.5,-170,2025-12-15,2025-12-14T23:49:30Z,2025-12-14 15:50:05
Bovada,player_points_rebounds_assists,Mark Williams,Over,19.5,-215,2025-12-15,2025-12-14T23:49:30Z,2025-12-14 15:50:05
Bovada,player_points_rebounds_assists,Mark Williams,Under,19.5,160,2025-12-15,2025-12-14T23:49:30Z,2025-12-14 15:50:05
Bovada,player_points_rebounds_assists,Mark Williams,Over,20.5,-170,2025-12-15,2025-12-14T23:49:30Z,2025-12-14 15:50:05
Bovada,player_points_rebounds_assists,Mark Williams,Under,20.5,130,2025-12-15,2025-12-14T23:49:30Z,2025-12-14 15:50:05
Bovada,player_points_rebounds_assists,Mark Williams,Over,21.5,-135,2025-12-15,2025-12-14T23:49:30Z,2025-12-14 15:50:05
Bovada,player_points_rebounds_assists,Mark Williams,Under,21.5,105,2025-12-15,2025-12-14T23:49:30Z,2025-12-14 15:50:05
Bovada,player_points_rebounds_assists,Mark Williams,Over,22.5,-110,2025-12-15,2025-12-14T23:49:30Z,2025-12-14 15:50:05
Bovada,player_points_rebounds_assists,Mark Williams,Under,22.5,-120,2025-12-15,2025-12-14T23:49:30Z,2025-12-14 15:50:05
Bovada,player_points_rebounds_assists,Mark Williams,Over,23.5,110,2025-12-15,2025-12-14T23:49:30Z,2025-12-14 15:50:05
Bovada,player_points_rebounds_assists,Mark Williams,Under,23.5,-145,2025-12-15,2025-12-14T23:49:30Z,2025-12-14 15:50:05
Bovada,player_points_rebounds_assists,Royce O'Neale,Over,14.5,-230,2025-12-15,2025-12-14T23:49:30Z,2025-12-14 15:50:05
Bovada,player_points_rebounds_assists,Royce O'Neale,Under,14.5,170,2025-12-15,2025-12-14T23:49:30Z,2025-12-14 15:50:05
Bovada,player_points_rebounds_assists,Royce O'Neale,Over,15.5,-180,2025-12-15,2025-12-14T23:49:30Z,2025-12-14 15:50:05
Bovada,player_points_rebounds_assists,Royce O'Neale,Under,15.5,135,2025-12-15,2025-12-14T23:49:30Z,2025-12-14 15:50:05
Bovada,player_points_rebounds_assists,Royce O'Neale,Over,16.5,-135,2025-12-15,2025-12-14T23:49:30Z,2025-12-14 15:50:05
Bovada,player_points_rebounds_assists,Royce O'Neale,Under,16.5,105,2025-12-15,2025-12-14T23:49:30Z,2025-12-14 15:50:05
Bovada,player_points_rebounds_assists,Royce O'Neale,Over,17.5,-110,2025-12-15,2025-12-14T23:49:30Z,2025-12-14 15:50:05
Bovada,player_points_rebounds_assists,Royce O'Neale,Under,17.5,-120,2025-12-15,2025-12-14T23:49:30Z,2025-12-14 15:50:05
Bovada,player_points_rebounds_assists,Royce O'Neale,Over,18.5,115,2025-12-15,2025-12-14T23:49:30Z,2025-12-14 15:50:05
Bovada,player_points_rebounds_assists,Royce O'Neale,Under,18.5,-150,2025-12-15,2025-12-14T23:49:30Z,2025-12-14 15:50:05
Bovada,player_points_rebounds_assists,Rui Hachimura,Over,14.5,-245,2025-12-15,2025-12-14T23:49:30Z,2025-12-14 15:50:05
Bovada,player_points_rebounds_assists,Rui Hachimura,Under,14.5,180,2025-12-15,2025-12-14T23:49:30Z,2025-12-14 15:50:05
Bovada,player_points_rebounds_assists,Rui Hachimura,Over,15.5,-185,2025-12-15,2025-12-14T23:49:30Z,2025-12-14 15:50:05
Bovada,player_points_rebounds_assists,Rui Hachimura,Under,15.5,140,2025-12-15,2025-12-14T23:49:30Z,2025-12-14 15:50:05
Bovada,player_points_rebounds_assists,Rui Hachimura,Over,16.5,-145,2025-12-15,2025-12-14T23:49:30Z,2025-12-14 15:50:05
Bovada,player_points_rebounds_assists,Rui Hachimura,Under,16.5,110,2025-12-15,2025-12-14T23:49:30Z,2025-12-14 15:50:05
Bovada,player_points_rebounds_assists,Rui Hachimura,Over,17.5,-115,2025-12-15,2025-12-14T23:49:30Z,2025-12-14 15:50:05
Bovada,player_points_rebounds_assists,Rui Hachimura,Under,17.5,-115,2025-12-15,2025-12-14T23:49:30Z,2025-12-14 15:50:05
Bovada,player_points_rebounds_assists,Rui Hachimura,Over,18.5,110,2025-12-15,2025-12-14T23:49:30Z,2025-12-14 15:50:05
Bovada,player_points_rebounds_assists,Rui Hachimura,Under,18.5,-145,2025-12-15,2025-12-14T23:49:30Z,2025-12-14 15:50:05
Bovada,player_points_rebounds_assists,Brandin Podziemski,Over,11.5,-210,2025-12-15,2025-12-14T23:49:01Z,2025-12-14 15:50:05
Bovada,player_points_rebounds_assists,Brandin Podziemski,Under,11.5,155,2025-12-15,2025-12-14T23:49:01Z,2025-12-14 15:50:05
Bovada,player_points_rebounds_assists,Brandin Podziemski,Over,12.5,-150,2025-12-15,2025-12-14T23:49:01Z,2025-12-14 15:50:05
Bovada,player_points_rebounds_assists,Brandin Podziemski,Under,12.5,115,2025-12-15,2025-12-14T23:49:01Z,2025-12-14 15:50:05
Bovada,player_points_rebounds_assists,Brandin Podziemski,Over,13.5,-115,2025-12-15,2025-12-14T23:49:01Z,2025-12-14 15:50:05
Bovada,player_points_rebounds_assists,Brandin Podziemski,Under,13.5,-115,2025-12-15,2025-12-14T23:49:01Z,2025-12-14 15:50:05
Bovada,player_points_rebounds_assists,Brandin Podziemski,Over,14.5,110,2025-12-15,2025-12-14T23:49:01Z,2025-12-14 15:50:05
Bovada,player_points_rebounds_assists,Brandin Podziemski,Under,14.5,-145,2025-12-15,2025-12-14T23:49:01Z,2025-12-14 15:50:05
Bovada,player_points_rebounds_assists,Brandin Podziemski,Over,15.5,145,2025-12-15,2025-12-14T23:49:01Z,2025-12-14 15:50:05
Bovada,player_points_rebounds_assists,Brandin Podziemski,Under,15.5,-190,2025-12-15,2025-12-14T23:49:01Z,2025-12-14 15:50:05
Bovada,player_points_rebounds_assists,Deni Avdija,Over,39.5,-170,2025-12-15,2025-12-14T23:49:01Z,2025-12-14 15:50:05
Bovada,player_points_rebounds_assists,Deni Avdija,Under,39.5,130,2025-12-15,2025-12-14T23:49:01Z,2025-12-14 15:50:05
Bovada,player_points_rebounds_assists,Deni Avdija,Over,40.5,-150,2025-12-15,2025-12-14T23:49:01Z,2025-12-14 15:50:05
Bovada,player_points_rebounds_assists,Deni Avdija,Under,40.5,115,2025-12-15,2025-12-14T23:49:01Z,2025-12-14 15:50:05
Bovada,player_points_rebounds_assists,Deni Avdija,Over,41.5,-125,2025-12-15,2025-12-14T23:49:01Z,2025-12-14 15:50:05
Bovada,player_points_rebounds_assists,Deni Avdija,Under,41.5,-105,2025-12-15,2025-12-14T23:49:01Z,2025-12-14 15:50:05
Bovada,player_points_rebounds_assists,Deni Avdija,Over,42.5,-110,2025-12-15,2025-12-14T23:49:01Z,2025-12-14 15:50:05
Bovada,player_points_rebounds_assists,Deni Avdija,Under,42.5,-120,2025-12-15,2025-12-14T23:49:01Z,2025-12-14 15:50:05
Bovada,player_points_rebounds_assists,Deni Avdija,Over,43.5,105,2025-12-15,2025-12-14T23:49:01Z,2025-12-14 15:50:05
Bovada,player_points_rebounds_assists,Deni Avdija,Under,43.5,-135,2025-12-15,2025-12-14T23:49:01Z,2025-12-14 15:50:05
Bovada,player_points_rebounds_assists,Draymond Green,Over,18.5,-215,2025-12-15,2025-12-14T23:49:01Z,2025-12-14 15:50:05
Bovada,player_points_rebounds_assists,Draymond Green,Under,18.5,160,2025-12-15,2025-12-14T23:49:01Z,2025-12-14 15:50:05
Bovada,player_points_rebounds_assists,Draymond Green,Over,19.5,-170,2025-12-15,2025-12-14T23:49:01Z,2025-12-14 15:50:05
Bovada,player_points_rebounds_assists,Draymond Green,Under,19.5,130,2025-12-15,2025-12-14T23:49:01Z,2025-12-14 15:50:05
Bovada,player_points_rebounds_assists,Draymond Green,Over,20.5,-135,2025-12-15,2025-12-14T23:49:01Z,2025-12-14 15:50:05
Bovada,player_points_rebounds_assists,Draymond Green,Under,20.5,105,2025-12-15,2025-12-14T23:49:01Z,2025-12-14 15:50:05
Bovada,player_points_rebounds_assists,Draymond Green,Over,21.5,-110,2025-12-15,2025-12-14T23:49:01Z,2025-12-14 15:50:05
Bovada,player_points_rebounds_assists,Draymond Green,Under,21.5,-120,2025-12-15,2025-12-14T23:49:01Z,2025-12-14 15:50:05
Bovada,player_points_rebounds_assists,Draymond Green,Over,22.5,110,2025-12-15,2025-12-14T23:49:01Z,2025-12-14 15:50:05
Bovada,player_points_rebounds_assists,Draymond Green,Under,22.5,-145,2025-12-15,2025-12-14T23:49:01Z,2025-12-14 15:50:05
Bovada,player_points_rebounds_assists,Jerami Grant,Over,24.5,-180,2025-12-15,2025-12-14T23:49:01Z,2025-12-14 15:50:05
Bovada,player_points_rebounds_assists,Jerami Grant,Under,24.5,135,2025-12-15,2025-12-14T23:49:01Z,2025-12-14 15:50:05
Bovada,player_points_rebounds_assists,Jerami Grant,Over,25.5,-145,2025-12-15,2025-12-14T23:49:01Z,2025-12-14 15:50:05
Bovada,player_points_rebounds_assists,Jerami Grant,Under,25.5,110,2025-12-15,2025-12-14T23:49:01Z,2025-12-14 15:50:05
Bovada,player_points_rebounds_assists,Jerami Grant,Over,26.5,-120,2025-12-15,2025-12-14T23:49:01Z,2025-12-14 15:50:05
Bovada,player_points_rebounds_assists,Jerami Grant,Under,26.5,-110,2025-12-15,2025-12-14T23:49:01Z,2025-12-14 15:50:05
Bovada,player_points_rebounds_assists,Jerami Grant,Over,27.5,100,2025-12-15,2025-12-14T23:49:01Z,2025-12-14 15:50:05
Bovada,player_points_rebounds_assists,Jerami Grant,Under,27.5,-130,2025-12-15,2025-12-14T23:49:01Z,2025-12-14 15:50:05
Bovada,player_points_rebounds_assists,Jerami Grant,Over,28.5,120,2025-12-15,2025-12-14T23:49:01Z,2025-12-14 15:50:05
Bovada,player_points_rebounds_assists,Jerami Grant,Under,28.5,-160,2025-12-15,2025-12-14T23:49:01Z,2025-12-14 15:50:05
Bovada,player_points_rebounds_assists,Jimmy Butler,Over,28.5,-190,2025-12-15,2025-12-14T23:49:01Z,2025-12-14 15:50:05
Bovada,player_points_rebounds_assists,Jimmy Butler,Under,28.5,145,2025-12-15,2025-12-14T23:49:01Z,2025-12-14 15:50:05
Bovada,player_points_rebounds_assists,Jimmy Butler,Over,29.5,-160,2025-12-15,2025-12-14T23:49:01Z,2025-12-14 15:50:05
Bovada,player_points_rebounds_assists,Jimmy Butler,Under,29.5,120,2025-12-15,2025-12-14T23:49:01Z,2025-12-14 15:50:05
Bovada,player_points_rebounds_assists,Jimmy Butler,Over,30.5,-130,2025-12-15,2025-12-14T23:49:01Z,2025-12-14 15:50:05
Bovada,player_points_rebounds_assists,Jimmy Butler,Under,30.5,100,2025-12-15,2025-12-14T23:49:01Z,2025-12-14 15:50:05
Bovada,player_points_rebounds_assists,Jimmy Butler,Over,31.5,-110,2025-12-15,2025-12-14T23:49:01Z,2025-12-14 15:50:05
Bovada,player_points_rebounds_assists,Jimmy Butler,Under,31.5,-120,2025-12-15,2025-12-14T23:49:01Z,2025-12-14 15:50:05
Bovada,player_points_rebounds_assists,Jimmy Butler,Over,32.5,110,2025-12-15,2025-12-14T23:49:01Z,2025-12-14 15:50:05
Bovada,player_points_rebounds_assists,Jimmy Butler,Under,32.5,-145,2025-12-15,2025-12-14T23:49:01Z,2025-12-14 15:50:05
Bovada,player_points_rebounds_assists,Shaedon Sharpe,Over,26.5,-170,2025-12-15,2025-12-14T23:49:01Z,2025-12-14 15:50:05
Bovada,player_points_rebounds_assists,Shaedon Sharpe,Under,26.5,130,2025-12-15,2025-12-14T23:49:01Z,2025-12-14 15:50:05
Bovada,player_points_rebounds_assists,Shaedon Sharpe,Over,27.5,-145,2025-12-15,2025-12-14T23:49:01Z,2025-12-14 15:50:05
Bovada,player_points_rebounds_assists,Shaedon Sharpe,Under,27.5,110,2025-12-15,2025-12-14T23:49:01Z,2025-12-14 15:50:05
Bovada,player_points_rebounds_assists,Shaedon Sharpe,Over,28.5,-120,2025-12-15,2025-12-14T23:49:01Z,2025-12-14 15:50:05
Bovada,player_points_rebounds_assists,Shaedon Sharpe,Under,28.5,-110,2025-12-15,2025-12-14T23:49:01Z,2025-12-14 15:50:05
Bovada,player_points_rebounds_assists,Shaedon Sharpe,Over,29.5,100,2025-12-15,2025-12-14T23:49:01Z,2025-12-14 15:50:05
Bovada,player_points_rebounds_assists,Shaedon Sharpe,Under,29.5,-130,2025-12-15,2025-12-14T23:49:01Z,2025-12-14 15:50:05
Bovada,player_points_rebounds_assists,Shaedon Sharpe,Over,30.5,120,2025-12-15,2025-12-14T23:49:01Z,2025-12-14 15:50:05
Bovada,player_points_rebounds_assists,Shaedon Sharpe,Under,30.5,-160,2025-12-15,2025-12-14T23:49:01Z,2025-12-14 15:50:05
Bovada,player_points_rebounds_assists,Stephen Curry,Over,34.5,-170,2025-12-15,2025-12-14T23:49:01Z,2025-12-14 15:50:05
Bovada,player_points_rebounds_assists,Stephen Curry,Under,34.5,130,2025-12-15,2025-12-14T23:49:01Z,2025-12-14 15:50:05
Bovada,player_points_rebounds_assists,Stephen Curry,Over,35.5,-145,2025-12-15,2025-12-14T23:49:01Z,2025-12-14 15:50:05
Bovada,player_points_rebounds_assists,Stephen Curry,Under,35.5,110,2025-12-15,2025-12-14T23:49:01Z,2025-12-14 15:50:05
Bovada,player_points_rebounds_assists,Stephen Curry,Over,36.5,-125,2025-12-15,2025-12-14T23:49:01Z,2025-12-14 15:50:05
Bovada,player_points_rebounds_assists,Stephen Curry,Under,36.5,-105,2025-12-15,2025-12-14T23:49:01Z,2025-12-14 15:50:05
Bovada,player_points_rebounds_assists,Stephen Curry,Over,37.5,-105,2025-12-15,2025-12-14T23:49:01Z,2025-12-14 15:50:05
Bovada,player_points_rebounds_assists,Stephen Curry,Under,37.5,-125,2025-12-15,2025-12-14T23:49:01Z,2025-12-14 15:50:05
Bovada,player_points_rebounds_assists,Stephen Curry,Over,38.5,110,2025-12-15,2025-12-14T23:49:01Z,2025-12-14 15:50:05
Bovada,player_points_rebounds_assists,Stephen Curry,Under,38.5,-145,2025-12-15,2025-12-14T23:49:01Z,2025-12-14 15:50:05
Bovada,player_points_rebounds_assists,Toumani Camara,Over,18.5,-210,2025-12-15,2025-12-14T23:49:01Z,2025-12-14 15:50:05
Bovada,player_points_rebounds_assists,Toumani Camara,Under,18.5,155,2025-12-15,2025-12-14T23:49:01Z,2025-12-14 15:50:05
Bovada,player_points_rebounds_assists,Toumani Camara,Over,19.5,-165,2025-12-15,2025-12-14T23:49:01Z,2025-12-14 15:50:05
Bovada,player_points_rebounds_assists,Toumani Camara,Under,19.5,125,2025-12-15,2025-12-14T23:49:01Z,2025-12-14 15:50:05
Bovada,player_points_rebounds_assists,Toumani Camara,Over,20.5,-130,2025-12-15,2025-12-14T23:49:01Z,2025-12-14 15:50:05
Bovada,player_points_rebounds_assists,Toumani Camara,Under,20.5,100,2025-12-15,2025-12-14T23:49:01Z,2025-12-14 15:50:05
Bovada,player_points_rebounds_assists,Toumani Camara,Over,21.5,-105,2025-12-15,2025-12-14T23:49:01Z,2025-12-14 15:50:05
Bovada,player_points_rebounds_assists,Toumani Camara,Under,21.5,-125,2025-12-15,2025-12-14T23:49:01Z,2025-12-14 15:50:05
Bovada,player_points_rebounds_assists,Toumani Camara,Over,22.5,115,2025-12-15,2025-12-14T23:49:01Z,2025-12-14 15:50:05
Bovada,player_points_rebounds_assists,Toumani Camara,Under,22.5,-150,2025-12-15,2025-12-14T23:49:01Z,2025-12-14 15:50:05
FanDuel,player_points_rebounds_assists,Zion Williamson,Over,25.5,-120,2025-12-15,2025-12-14T23:49:25Z,2025-12-14 15:50:05
FanDuel,player_points_rebounds_assists,Zion Williamson,Under,25.5,-106,2025-12-15,2025-12-14T23:49:25Z,2025-12-14 15:50:05
FanDuel,player_points_rebounds_assists,Trey Murphy III,Over,29.5,-113,2025-12-15,2025-12-14T23:49:25Z,2025-12-14 15:50:05
FanDuel,player_points_rebounds_assists,Trey Murphy III,Under,29.5,-113,2025-12-15,2025-12-14T23:49:25Z,2025-12-14 15:50:05
FanDuel,player_points_rebounds_assists,Tre Jones,Over,18.5,100,2025-12-15,2025-12-14T23:49:25Z,2025-12-14 15:50:05
FanDuel,player_points_rebounds_assists,Tre Jones,Under,18.5,-128,2025-12-15,2025-12-14T23:49:25Z,2025-12-14 15:50:05
FanDuel,player_points_rebounds_assists,Saddiq Bey,Over,20.5,-108,2025-12-15,2025-12-14T23:49:25Z,2025-12-14 15:50:05
FanDuel,player_points_rebounds_assists,Saddiq Bey,Under,20.5,-118,2025-12-15,2025-12-14T23:49:25Z,2025-12-14 15:50:05
FanDuel,player_points_rebounds_assists,Josh Giddey,Over,37.5,-115,2025-12-15,2025-12-14T23:49:25Z,2025-12-14 15:50:05
FanDuel,player_points_rebounds_assists,Josh Giddey,Under,37.5,-111,2025-12-15,2025-12-14T23:49:25Z,2025-12-14 15:50:05
FanDuel,player_points_rebounds_assists,Herb Jones,Over,15.5,100,2025-12-15,2025-12-14T23:49:25Z,2025-12-14 15:50:05
FanDuel,player_points_rebounds_assists,Herb Jones,Under,15.5,-128,2025-12-15,2025-12-14T23:49:25Z,2025-12-14 15:50:05
FanDuel,player_points_rebounds_assists,Nikola Vucevic,Over,26.5,-104,2025-12-15,2025-12-14T23:49:25Z,2025-12-14 15:50:05
FanDuel,player_points_rebounds_assists,Nikola Vucevic,Under,26.5,-122,2025-12-15,2025-12-14T23:49:25Z,2025-12-14 15:50:05
FanDuel,player_points_rebounds_assists,Jeremiah Fears,Over,20.5,-113,2025-12-15,2025-12-14T23:49:25Z,2025-12-14 15:50:05
FanDuel,player_points_rebounds_assists,Jeremiah Fears,Under,20.5,-113,2025-12-15,2025-12-14T23:49:25Z,2025-12-14 15:50:05
FanDuel,player_points_rebounds_assists,Jordan Poole,Over,20.5,-125,2025-12-15,2025-12-14T23:49:25Z,2025-12-14 15:50:05
FanDuel,player_points_rebounds_assists,Jordan Poole,Under,20.5,-102,2025-12-15,2025-12-14T23:49:25Z,2025-12-14 15:50:05
FanDuel,player_points_rebounds_assists,Matas Buzelis,Over,20.5,-106,2025-12-15,2025-12-14T23:49:25Z,2025-12-14 15:50:05
FanDuel,player_points_rebounds_assists,Matas Buzelis,Under,20.5,-120,2025-12-15,2025-12-14T23:49:25Z,2025-12-14 15:50:05
FanDuel,player_points_rebounds_assists,Derik Queen,Over,27.5,-106,2025-12-15,2025-12-14T23:49:25Z,2025-12-14 15:50:05
FanDuel,player_points_rebounds_assists,Derik Queen,Under,27.5,-120,2025-12-15,2025-12-14T23:49:25Z,2025-12-14 15:50:05
FanDuel,player_points_rebounds_assists,Coby White,Over,29.5,-122,2025-12-15,2025-12-14T23:49:25Z,2025-12-14 15:50:05
FanDuel,player_points_rebounds_assists,Coby White,Under,29.5,-104,2025-12-15,2025-12-14T23:49:25Z,2025-12-14 15:50:05
FanDuel,player_points_rebounds_assists,Jaden McDaniels,Over,26.5,-102,2025-12-15,2025-12-14T23:49:26Z,2025-12-14 15:50:05
FanDuel,player_points_rebounds_assists,Jaden McDaniels,Under,26.5,-125,2025-12-15,2025-12-14T23:49:26Z,2025-12-14 15:50:05
FanDuel,player_points_rebounds_assists,Rudy Gobert,Over,25.5,-125,2025-12-15,2025-12-14T23:49:26Z,2025-12-14 15:50:05
FanDuel,player_points_rebounds_assists,Rudy Gobert,Under,25.5,-102,2025-12-15,2025-12-14T23:49:26Z,2025-12-14 15:50:05
FanDuel,player_points_rebounds_assists,Donte DiVincenzo,Over,23.5,-125,2025-12-15,2025-12-14T23:49:26Z,2025-12-14 15:50:05
FanDuel,player_points_rebounds_assists,Donte DiVincenzo,Under,23.5,-102,2025-12-15,2025-12-14T23:49:26Z,2025-12-14 15:50:05
FanDuel,player_points_rebounds_assists,Naz Reid,Over,26.5,-115,2025-12-15,2025-12-14T23:49:26Z,2025-12-14 15:50:05
FanDuel,player_points_rebounds_assists,Naz Reid,Under,26.5,-111,2025-12-15,2025-12-14T23:49:26Z,2025-12-14 15:50:05
FanDuel,player_points_rebounds_assists,DeMar DeRozan,Over,24.5,-111,2025-12-15,2025-12-14T23:49:26Z,2025-12-14 15:50:05
FanDuel,player_points_rebounds_assists,DeMar DeRozan,Under,24.5,-115,2025-12-15,2025-12-14T23:49:26Z,2025-12-14 15:50:05
FanDuel,player_points_rebounds_assists,Zach LaVine,Over,25.5,-106,2025-12-15,2025-12-14T23:49:26Z,2025-12-14 15:50:05
FanDuel,player_points_rebounds_assists,Zach LaVine,Under,25.5,-120,2025-12-15,2025-12-14T23:49:26Z,2025-12-14 15:50:05
FanDuel,player_points_rebounds_assists,Julius Randle,Over,38.5,-122,2025-12-15,2025-12-14T23:49:26Z,2025-12-14 15:50:05
FanDuel,player_points_rebounds_assists,Julius Randle,Under,38.5,-104,2025-12-15,2025-12-14T23:49:26Z,2025-12-14 15:50:05
FanDuel,player_points_rebounds_assists,Russell Westbrook,Over,26.5,-104,2025-12-15,2025-12-14T23:49:26Z,2025-12-14 15:50:05
FanDuel,player_points_rebounds_assists,Russell Westbrook,Under,26.5,-122,2025-12-15,2025-12-14T23:49:26Z,2025-12-14 15:50:05
FanDuel,player_points_rebounds_assists,Malik Monk,Over,16.5,-113,2025-12-15,2025-12-14T23:49:26Z,2025-12-14 15:50:05
FanDuel,player_points_rebounds_assists,Malik Monk,Under,16.5,-113,2025-12-15,2025-12-14T23:49:26Z,2025-12-14 15:50:05
FanDuel,player_points_rebounds_assists,Rui Hachimura,Over,17.5,100,2025-12-15,2025-12-14T23:49:53Z,2025-12-14 15:50:05
FanDuel,player_points_rebounds_assists,Rui Hachimura,Under,17.5,-128,2025-12-15,2025-12-14T23:49:53Z,2025-12-14 15:50:05
FanDuel,player_points_rebounds_assists,Marcus Smart,Over,15.5,-122,2025-12-15,2025-12-14T23:49:53Z,2025-12-14 15:50:05
FanDuel,player_points_rebounds_assists,Marcus Smart,Under,15.5,-104,2025-12-15,2025-12-14T23:49:53Z,2025-12-14 15:50:05
FanDuel,player_points_rebounds_assists,Luka Doncic,Over,52.5,-113,2025-12-15,2025-12-14T23:49:53Z,2025-12-14 15:50:05
FanDuel,player_points_rebounds_assists,Luka Doncic,Under,52.5,-113,2025-12-15,2025-12-14T23:49:53Z,2025-12-14 15:50:05
FanDuel,player_points_rebounds_assists,LeBron James,Over,33.5,-120,2025-12-15,2025-12-14T23:49:53Z,2025-12-14 15:50:05
FanDuel,player_points_rebounds_assists,LeBron James,Under,33.5,-106,2025-12-15,2025-12-14T23:49:53Z,2025-12-14 15:50:05
FanDuel,player_points_rebounds_assists,Deandre Ayton,Over,24.5,-122,2025-12-15,2025-12-14T23:49:53Z,2025-12-14 15:50:05
FanDuel,player_points_rebounds_assists,Deandre Ayton,Under,24.5,-104,2025-12-15,2025-12-14T23:49:53Z,2025-12-14 15:50:05
FanDuel,player_points_rebounds_assists,Royce O'Neale,Over,16.5,-122,2025-12-15,2025-12-14T23:49:53Z,2025-12-14 15:50:05
FanDuel,player_points_rebounds_assists,Royce O'Neale,Under,16.5,-104,2025-12-15,2025-12-14T23:49:53Z,2025-12-14 15:50:05
FanDuel,player_points_rebounds_assists,Dillon Brooks,Over,24.5,-106,2025-12-15,2025-12-14T23:49:53Z,2025-12-14 15:50:05
FanDuel,player_points_rebounds_assists,Dillon Brooks,Under,24.5,-120,2025-12-15,2025-12-14T23:49:53Z,2025-12-14 15:50:05
FanDuel,player_points_rebounds_assists,Jake LaRavia,Over,10.5,-122,2025-12-15,2025-12-14T23:49:53Z,2025-12-14 15:50:05
FanDuel,player_points_rebounds_assists,Jake LaRavia,Under,10.5,-104,2025-12-15,2025-12-14T23:49:53Z,2025-12-14 15:50:05
FanDuel,player_points_rebounds_assists,Collin Gillespie,Over,20.5,-118,2025-12-15,2025-12-14T23:49:53Z,2025-12-14 15:50:05
FanDuel,player_points_rebounds_assists,Collin Gillespie,Under,20.5,-108,2025-12-15,2025-12-14T23:49:53Z,2025-12-14 15:50:05
FanDuel,player_points_rebounds_assists,Devin Booker,Over,31.5,-106,2025-12-15,2025-12-14T23:49:53Z,2025-12-14 15:50:05
FanDuel,player_points_rebounds_assists,Devin Booker,Under,31.5,-120,2025-12-15,2025-12-14T23:49:53Z,2025-12-14 15:50:05
FanDuel,player_points_rebounds_assists,Mark Williams,Over,21.5,-113,2025-12-15,2025-12-14T23:49:53Z,2025-12-14 15:50:05
FanDuel,player_points_rebounds_assists,Mark Williams,Under,21.5,-113,2025-12-15,2025-12-14T23:49:53Z,2025-12-14 15:50:05
FanDuel,player_points_rebounds_assists,Grayson Allen,Over,23.5,-102,2025-12-15,2025-12-14T23:49:53Z,2025-12-14 15:50:05
FanDuel,player_points_rebounds_assists,Grayson Allen,Under,23.5,-125,2025-12-15,2025-12-14T23:49:53Z,2025-12-14 15:50:05
FanDuel,player_points_rebounds_assists,Jimmy Butler,Over,31.5,-115,2025-12-15,2025-12-14T23:49:50Z,2025-12-14 15:50:05
FanDuel,player_points_rebounds_assists,Jimmy Butler,Under,31.5,-111,2025-12-15,2025-12-14T23:49:50Z,2025-12-14 15:50:05
FanDuel,player_points_rebounds_assists,Quinten Post,Over,16.5,-115,2025-12-15,2025-12-14T23:49:50Z,2025-12-14 15:50:05
FanDuel,player_points_rebounds_assists,Quinten Post,Under,16.5,-111,2025-12-15,2025-12-14T23:49:50Z,2025-12-14 15:50:05
FanDuel,player_points_rebounds_assists,Jerami Grant,Over,26.5,-120,2025-12-15,2025-12-14T23:49:50Z,2025-12-14 15:50:05
FanDuel,player_points_rebounds_assists,Jerami Grant,Under,26.5,-106,2025-12-15,2025-12-14T23:49:50Z,2025-12-14 15:50:05
FanDuel,player_points_rebounds_assists,Deni Avdija,Over,38.5,-111,2025-12-15,2025-12-14T23:49:50Z,2025-12-14 15:50:05
FanDuel,player_points_rebounds_assists,Deni Avdija,Under,38.5,-115,2025-12-15,2025-12-14T23:49:50Z,2025-12-14 15:50:05
FanDuel,player_points_rebounds_assists,Brandin Podziemski,Over,15.5,-111,2025-12-15,2025-12-14T23:49:50Z,2025-12-14 15:50:05
FanDuel,player_points_rebounds_assists,Brandin Podziemski,Under,15.5,-115,2025-12-15,2025-12-14T23:49:50Z,2025-12-14 15:50:05
FanDuel,player_points_rebounds_assists,Draymond Green,Over,21.5,-104,2025-12-15,2025-12-14T23:49:50Z,2025-12-14 15:50:05
FanDuel,player_points_rebounds_assists,Draymond Green,Under,21.5,-122,2025-12-15,2025-12-14T23:49:50Z,2025-12-14 15:50:05
FanDuel,player_points_rebounds_assists,Shaedon Sharpe,Over,30.5,-113,2025-12-15,2025-12-14T23:49:50Z,2025-12-14 15:50:05
FanDuel,player_points_rebounds_assists,Shaedon Sharpe,Under,30.5,-113,2025-12-15,2025-12-14T23:49:50Z,2025-12-14 15:50:05
FanDuel,player_points_rebounds_assists,Buddy Hield,Over,13.5,-113,2025-12-15,2025-12-14T23:49:50Z,2025-12-14 15:50:05
FanDuel,player_points_rebounds_assists,Buddy Hield,Under,13.5,-113,2025-12-15,2025-12-14T23:49:50Z,2025-12-14 15:50:05
FanDuel,player_points_rebounds_assists,Moses Moody,Over,13.5,102,2025-12-15,2025-12-14T23:49:50Z,2025-12-14 15:50:05
FanDuel,player_points_rebounds_assists,Moses Moody,Under,13.5,-130,2025-12-15,2025-12-14T23:49:50Z,2025-12-14 15:50:05
FanDuel,player_points_rebounds_assists,Toumani Camara,Over,20.5,-111,2025-12-15,2025-12-14T23:49:50Z,2025-12-14 15:50:05
FanDuel,player_points_rebounds_assists,Toumani Camara,Under,20.5,-115,2025-12-15,2025-12-14T23:49:50Z,2025-12-14 15:50:05
FanDuel,player_points_rebounds_assists,Stephen Curry,Over,36.5,-108,2025-12-15,2025-12-14T23:49:50Z,2025-12-14 15:50:05
FanDuel,player_points_rebounds_assists,Stephen Curry,Under,36.5,-120,2025-12-15,2025-12-14T23:49:50Z,2025-12-14 15:50:05
FanDuel,player_points_rebounds_assists,Donovan Clingan,Over,20.5,-120,2025-12-15,2025-12-14T23:49:50Z,2025-12-14 15:50:05
FanDuel,player_points_rebounds_assists,Donovan Clingan,Under,20.5,-106,2025-12-15,2025-12-14T23:49:50Z,2025-12-14 15:50:05
FanDuel,player_points_rebounds_assists,OG Anunoby,Over,22.5,-102,2025-12-17,2025-12-14T23:50:52Z,2025-12-14 15:50:05
FanDuel,player_points_rebounds_assists,OG Anunoby,Under,22.5,-130,2025-12-17,2025-12-14T23:50:52Z,2025-12-14 15:50:05
FanDuel,player_points_rebounds_assists,Dylan Harper,Over,17.5,100,2025-12-17,2025-12-14T23:50:52Z,2025-12-14 15:50:05
FanDuel,player_points_rebounds_assists,Dylan Harper,Under,17.5,-132,2025-12-17,2025-12-14T23:50:52Z,2025-12-14 15:50:05
FanDuel,player_points_rebounds_assists,Mikal Bridges,Over,21.5,-122,2025-12-17,2025-12-14T23:50:52Z,2025-12-14 15:50:05
FanDuel,player_points_rebounds_assists,Mikal Bridges,Under,21.5,-106,2025-12-17,2025-12-14T23:50:52Z,2025-12-14 15:50:05
FanDuel,player_points_rebounds_assists,Karl-Anthony Towns,Over,34.5,-122,2025-12-17,2025-12-14T23:50:52Z,2025-12-14 15:50:05
FanDuel,player_points_rebounds_assists,Karl-Anthony Towns,Under,34.5,-108,2025-12-17,2025-12-14T23:50:52Z,2025-12-14 15:50:05
FanDuel,player_points_rebounds_assists,Stephon Castle,Over,27.5,-120,2025-12-17,2025-12-14T23:50:52Z,2025-12-14 15:50:05
FanDuel,player_points_rebounds_assists,Stephon Castle,Under,27.5,-110,2025-12-17,2025-12-14T23:50:52Z,2025-12-14 15:50:05
FanDuel,player_points_rebounds_assists,Josh Hart,Over,27.5,-114,2025-12-17,2025-12-14T23:50:52Z,2025-12-14 15:50:05
FanDuel,player_points_rebounds_assists,Josh Hart,Under,27.5,-114,2025-12-17,2025-12-14T23:50:52Z,2025-12-14 15:50:05
FanDuel,player_points_rebounds_assists,Harrison Barnes,Over,15.5,100,2025-12-17,2025-12-14T23:50:52Z,2025-12-14 15:50:05
FanDuel,player_points_rebounds_assists,Harrison Barnes,Under,15.5,-132,2025-12-17,2025-12-14T23:50:52Z,2025-12-14 15:50:05
FanDuel,player_points_rebounds_assists,Devin Vassell,Over,19.5,-102,2025-12-17,2025-12-14T23:50:52Z,2025-12-14 15:50:05
FanDuel,player_points_rebounds_assists,Devin Vassell,Under,19.5,-130,2025-12-17,2025-12-14T23:50:52Z,2025-12-14 15:50:05
FanDuel,player_points_rebounds_assists,De'Aaron Fox,Over,29.5,-122,2025-12-17,2025-12-14T23:50:52Z,2025-12-14 15:50:05
FanDuel,player_points_rebounds_assists,De'Aaron Fox,Under,29.5,-108,2025-12-17,2025-12-14T23:50:52Z,2025-12-14 15:50:05
FanDuel,player_points_rebounds_assists,Victor Wembanyama,Over,36.5,-125,2025-12-17,2025-12-14T23:50:52Z,2025-12-14 15:50:05
FanDuel,player_points_rebounds_assists,Victor Wembanyama,Under,36.5,-106,2025-12-17,2025-12-14T23:50:52Z,2025-12-14 15:50:05
FanDuel,player_points_rebounds_assists,Jalen Brunson,Over,39.5,-118,2025-12-17,2025-12-14T23:50:52Z,2025-12-14 15:50:05
FanDuel,player_points_rebounds_assists,Jalen Brunson,Under,39.5,-112,2025-12-17,2025-12-14T23:50:52Z,2025-12-14 15:50:05
BetRivers,player_points_rebounds_assists,Josh Giddey,Over,37.5,-139,2025-12-15,2025-12-14T23:50:03Z,2025-12-14 15:50:05
BetRivers,player_points_rebounds_assists,Josh Giddey,Under,37.5,104,2025-12-15,2025-12-14T23:50:03Z,2025-12-14 15:50:05
BetRivers,player_points_rebounds_assists,Zion Williamson,Over,26.5,106,2025-12-15,2025-12-14T23:50:03Z,2025-12-14 15:50:05
BetRivers,player_points_rebounds_assists,Zion Williamson,Under,26.5,-143,2025-12-15,2025-12-14T23:50:03Z,2025-12-14 15:50:05
BetRivers,player_points_rebounds_assists,Zion Williamson,Over,25.5,-118,2025-12-15,2025-12-14T23:50:03Z,2025-12-14 15:50:05
BetRivers,player_points_rebounds_assists,Zion Williamson,Under,25.5,-113,2025-12-15,2025-12-14T23:50:03Z,2025-12-14 15:50:05
BetRivers,player_points_rebounds_assists,Coby White,Over,29.5,-139,2025-12-15,2025-12-14T23:50:03Z,2025-12-14 15:50:05
BetRivers,player_points_rebounds_assists,Coby White,Under,29.5,104,2025-12-15,2025-12-14T23:50:03Z,2025-12-14 15:50:05
BetRivers,player_points_rebounds_assists,Nikola Vucevic,Over,25.5,-155,2025-12-15,2025-12-14T23:50:03Z,2025-12-14 15:50:05
BetRivers,player_points_rebounds_assists,Nikola Vucevic,Under,25.5,114,2025-12-15,2025-12-14T23:50:03Z,2025-12-14 15:50:05
BetRivers,player_points_rebounds_assists,Jeremiah Fears,Over,20.5,-109,2025-12-15,2025-12-14T23:50:03Z,2025-12-14 15:50:05
BetRivers,player_points_rebounds_assists,Jeremiah Fears,Under,20.5,-122,2025-12-15,2025-12-14T23:50:03Z,2025-12-14 15:50:05
BetRivers,player_points_rebounds_assists,Zion Williamson,Over,24.5,-152,2025-12-15,2025-12-14T23:50:03Z,2025-12-14 15:50:05
BetRivers,player_points_rebounds_assists,Zion Williamson,Under,24.5,112,2025-12-15,2025-12-14T23:50:03Z,2025-12-14 15:50:05
BetRivers,player_points_rebounds_assists,Trey Murphy III,Over,29.5,-108,2025-12-15,2025-12-14T23:50:03Z,2025-12-14 15:50:05
BetRivers,player_points_rebounds_assists,Trey Murphy III,Under,29.5,-122,2025-12-15,2025-12-14T23:50:03Z,2025-12-14 15:50:05
BetRivers,player_points_rebounds_assists,Coby White,Over,31.5,110,2025-12-15,2025-12-14T23:50:03Z,2025-12-14 15:50:05
BetRivers,player_points_rebounds_assists,Coby White,Under,31.5,-148,2025-12-15,2025-12-14T23:50:03Z,2025-12-14 15:50:05
BetRivers,player_points_rebounds_assists,Coby White,Over,30.5,-113,2025-12-15,2025-12-14T23:50:03Z,2025-12-14 15:50:05
BetRivers,player_points_rebounds_assists,Coby White,Under,30.5,-118,2025-12-15,2025-12-14T23:50:03Z,2025-12-14 15:50:05
BetRivers,player_points_rebounds_assists,Tre Jones,Over,18.5,-104,2025-12-15,2025-12-14T23:50:03Z,2025-12-14 15:50:05
BetRivers,player_points_rebounds_assists,Tre Jones,Under,18.5,-129,2025-12-15,2025-12-14T23:50:03Z,2025-12-14 15:50:05
BetRivers,player_points_rebounds_assists,Josh Giddey,Over,38.5,-114,2025-12-15,2025-12-14T23:50:03Z,2025-12-14 15:50:05
BetRivers,player_points_rebounds_assists,Josh Giddey,Under,38.5,-117,2025-12-15,2025-12-14T23:50:03Z,2025-12-14 15:50:05
BetRivers,player_points_rebounds_assists,Trey Murphy III,Over,27.5,-167,2025-12-15,2025-12-14T23:50:03Z,2025-12-14 15:50:05
BetRivers,player_points_rebounds_assists,Trey Murphy III,Under,27.5,123,2025-12-15,2025-12-14T23:50:03Z,2025-12-14 15:50:05
BetRivers,player_points_rebounds_assists,Jeremiah Fears,Over,19.5,-141,2025-12-15,2025-12-14T23:50:03Z,2025-12-14 15:50:05
BetRivers,player_points_rebounds_assists,Jeremiah Fears,Under,19.5,105,2025-12-15,2025-12-14T23:50:03Z,2025-12-14 15:50:05
BetRivers,player_points_rebounds_assists,Trey Murphy III,Over,30.5,112,2025-12-15,2025-12-14T23:50:03Z,2025-12-14 15:50:05
BetRivers,player_points_rebounds_assists,Trey Murphy III,Under,30.5,-155,2025-12-15,2025-12-14T23:50:03Z,2025-12-14 15:50:05
BetRivers,player_points_rebounds_assists,Derik Queen,Over,27.5,100,2025-12-15,2025-12-14T23:50:03Z,2025-12-14 15:50:05
BetRivers,player_points_rebounds_assists,Derik Queen,Under,27.5,-134,2025-12-15,2025-12-14T23:50:03Z,2025-12-14 15:50:05
BetRivers,player_points_rebounds_assists,Josh Giddey,Over,39.5,107,2025-12-15,2025-12-14T23:50:03Z,2025-12-14 15:50:05
BetRivers,player_points_rebounds_assists,Josh Giddey,Under,39.5,-143,2025-12-15,2025-12-14T23:50:03Z,2025-12-14 15:50:05
BetRivers,player_points_rebounds_assists,Nikola Vucevic,Over,27.5,104,2025-12-15,2025-12-14T23:50:03Z,2025-12-14 15:50:05
BetRivers,player_points_rebounds_assists,Nikola Vucevic,Under,27.5,-137,2025-12-15,2025-12-14T23:50:03Z,2025-12-14 15:50:05
BetRivers,player_points_rebounds_assists,Jeremiah Fears,Over,21.5,117,2025-12-15,2025-12-14T23:50:03Z,2025-12-14 15:50:05
BetRivers,player_points_rebounds_assists,Jeremiah Fears,Under,21.5,-162,2025-12-15,2025-12-14T23:50:03Z,2025-12-14 15:50:05
BetRivers,player_points_rebounds_assists,Derik Queen,Over,26.5,-125,2025-12-15,2025-12-14T23:50:03Z,2025-12-14 15:50:05
BetRivers,player_points_rebounds_assists,Derik Queen,Under,26.5,-106,2025-12-15,2025-12-14T23:50:03Z,2025-12-14 15:50:05
BetRivers,player_points_rebounds_assists,Trey Murphy III,Over,28.5,-134,2025-12-15,2025-12-14T23:50:03Z,2025-12-14 15:50:05
BetRivers,player_points_rebounds_assists,Trey Murphy III,Under,28.5,100,2025-12-15,2025-12-14T23:50:03Z,2025-12-14 15:50:05
BetRivers,player_points_rebounds_assists,Tre Jones,Over,17.5,-137,2025-12-15,2025-12-14T23:50:03Z,2025-12-14 15:50:05
BetRivers,player_points_rebounds_assists,Tre Jones,Under,17.5,104,2025-12-15,2025-12-14T23:50:03Z,2025-12-14 15:50:05
BetRivers,player_points_rebounds_assists,Nikola Vucevic,Over,26.5,-121,2025-12-15,2025-12-14T23:50:03Z,2025-12-14 15:50:05
BetRivers,player_points_rebounds_assists,Nikola Vucevic,Under,26.5,-110,2025-12-15,2025-12-14T23:50:03Z,2025-12-14 15:50:05
BetRivers,player_points_rebounds_assists,Derik Queen,Over,25.5,-165,2025-12-15,2025-12-14T23:50:03Z,2025-12-14 15:50:05
BetRivers,player_points_rebounds_assists,Derik Queen,Under,25.5,118,2025-12-15,2025-12-14T23:50:03Z,2025-12-14 15:50:05
BetRivers,player_points_rebounds_assists,Zach LaVine,Over,27.5,120,2025-12-15,2025-12-14T23:49:25Z,2025-12-14 15:50:05
BetRivers,player_points_rebounds_assists,Zach LaVine,Under,27.5,-167,2025-12-15,2025-12-14T23:49:25Z,2025-12-14 15:50:05
BetRivers,player_points_rebounds_assists,Zach LaVine,Over,25.5,-124,2025-12-15,2025-12-14T23:49:25Z,2025-12-14 15:50:05
BetRivers,player_points_rebounds_assists,Zach LaVine,Under,25.5,-107,2025-12-15,2025-12-14T23:49:25Z,2025-12-14 15:50:05
BetRivers,player_points_rebounds_assists,Zach LaVine,Over,26.5,100,2025-12-15,2025-12-14T23:49:25Z,2025-12-14 15:50:05
BetRivers,player_points_rebounds_assists,Zach LaVine,Under,26.5,-132,2025-12-15,2025-12-14T23:49:25Z,2025-12-14 15:50:05
BetRivers,player_points_rebounds_assists,DeMar DeRozan,Over,24.5,-134,2025-12-15,2025-12-14T23:49:25Z,2025-12-14 15:50:05
BetRivers,player_points_rebounds_assists,DeMar DeRozan,Under,24.5,102,2025-12-15,2025-12-14T23:49:25Z,2025-12-14 15:50:05
BetRivers,player_points_rebounds_assists,Donte DiVincenzo,Over,24.5,-108,2025-12-15,2025-12-14T23:49:25Z,2025-12-14 15:50:05
BetRivers,player_points_rebounds_assists,Donte DiVincenzo,Under,24.5,-124,2025-12-15,2025-12-14T23:49:25Z,2025-12-14 15:50:05
BetRivers,player_points_rebounds_assists,Donte DiVincenzo,Over,23.5,-137,2025-12-15,2025-12-14T23:49:25Z,2025-12-14 15:50:05
BetRivers,player_points_rebounds_assists,Donte DiVincenzo,Under,23.5,102,2025-12-15,2025-12-14T23:49:25Z,2025-12-14 15:50:05
BetRivers,player_points_rebounds_assists,Julius Randle,Over,38.5,-124,2025-12-15,2025-12-14T23:49:25Z,2025-12-14 15:50:05
BetRivers,player_points_rebounds_assists,Julius Randle,Under,38.5,-108,2025-12-15,2025-12-14T23:49:25Z,2025-12-14 15:50:05
BetRivers,player_points_rebounds_assists,DeMar DeRozan,Over,25.5,-107,2025-12-15,2025-12-14T23:49:25Z,2025-12-14 15:50:05
BetRivers,player_points_rebounds_assists,DeMar DeRozan,Under,25.5,-125,2025-12-15,2025-12-14T23:49:25Z,2025-12-14 15:50:05
BetRivers,player_points_rebounds_assists,Julius Randle,Over,40.5,118,2025-12-15,2025-12-14T23:49:25Z,2025-12-14 15:50:05
BetRivers,player_points_rebounds_assists,Julius Randle,Under,40.5,-162,2025-12-15,2025-12-14T23:49:25Z,2025-12-14 15:50:05
BetRivers,player_points_rebounds_assists,Russell Westbrook,Over,26.5,-104,2025-12-15,2025-12-14T23:49:25Z,2025-12-14 15:50:05
BetRivers,player_points_rebounds_assists,Russell Westbrook,Under,26.5,-129,2025-12-15,2025-12-14T23:49:25Z,2025-12-14 15:50:05
BetRivers,player_points_rebounds_assists,Donte DiVincenzo,Over,25.5,115,2025-12-15,2025-12-14T23:49:25Z,2025-12-14 15:50:05
BetRivers,player_points_rebounds_assists,Donte DiVincenzo,Under,25.5,-159,2025-12-15,2025-12-14T23:49:25Z,2025-12-14 15:50:05
BetRivers,player_points_rebounds_assists,Russell Westbrook,Over,25.5,-132,2025-12-15,2025-12-14T23:49:25Z,2025-12-14 15:50:05
BetRivers,player_points_rebounds_assists,Russell Westbrook,Under,25.5,-103,2025-12-15,2025-12-14T23:49:25Z,2025-12-14 15:50:05
BetRivers,player_points_rebounds_assists,Julius Randle,Over,37.5,-152,2025-12-15,2025-12-14T23:49:25Z,2025-12-14 15:50:05
BetRivers,player_points_rebounds_assists,Julius Randle,Under,37.5,112,2025-12-15,2025-12-14T23:49:25Z,2025-12-14 15:50:05
BetRivers,player_points_rebounds_assists,Julius Randle,Over,39.5,-103,2025-12-15,2025-12-14T23:49:25Z,2025-12-14 15:50:05
BetRivers,player_points_rebounds_assists,Julius Randle,Under,39.5,-130,2025-12-15,2025-12-14T23:49:25Z,2025-12-14 15:50:05
BetRivers,player_points_rebounds_assists,Russell Westbrook,Over,27.5,120,2025-12-15,2025-12-14T23:49:25Z,2025-12-14 15:50:05
BetRivers,player_points_rebounds_assists,Russell Westbrook,Under,27.5,-167,2025-12-15,2025-12-14T23:49:25Z,2025-12-14 15:50:05
BetRivers,player_points_rebounds_assists,DeMar DeRozan,Over,26.5,116,2025-12-15,2025-12-14T23:49:25Z,2025-12-14 15:50:05
BetRivers,player_points_rebounds_assists,DeMar DeRozan,Under,26.5,-159,2025-12-15,2025-12-14T23:49:25Z,2025-12-14 15:50:05
BetRivers,player_points_rebounds_assists,Zach LaVine,Over,24.5,-159,2025-12-15,2025-12-14T23:49:25Z,2025-12-14 15:50:05
BetRivers,player_points_rebounds_assists,Zach LaVine,Under,24.5,115,2025-12-15,2025-12-14T23:49:25Z,2025-12-14 15:50:05
BetRivers,player_points_rebounds_assists,Marcus Smart,Over,16.5,115,2025-12-15,2025-12-14T23:50:15Z,2025-12-14 15:50:05
BetRivers,player_points_rebounds_assists,Marcus Smart,Under,16.5,-157,2025-12-15,2025-12-14T23:50:15Z,2025-12-14 15:50:05
BetRivers,player_points_rebounds_assists,Devin Booker,Over,30.5,-150,2025-12-15,2025-12-14T23:50:15Z,2025-12-14 15:50:05
BetRivers,player_points_rebounds_assists,Devin Booker,Under,30.5,110,2025-12-15,2025-12-14T23:50:15Z,2025-12-14 15:50:05
BetRivers,player_points_rebounds_assists,Royce O'Neale,Over,15.5,-165,2025-12-15,2025-12-14T23:50:15Z,2025-12-14 15:50:05
BetRivers,player_points_rebounds_assists,Royce O'Neale,Under,15.5,118,2025-12-15,2025-12-14T23:50:15Z,2025-12-14 15:50:05
BetRivers,player_points_rebounds_assists,Royce O'Neale,Over,17.5,110,2025-12-15,2025-12-14T23:50:15Z,2025-12-14 15:50:05
BetRivers,player_points_rebounds_assists,Royce O'Neale,Under,17.5,-150,2025-12-15,2025-12-14T23:50:15Z,2025-12-14 15:50:05
BetRivers,player_points_rebounds_assists,Royce O'Neale,Over,16.5,-120,2025-12-15,2025-12-14T23:50:15Z,2025-12-14 15:50:05
BetRivers,player_points_rebounds_assists,Royce O'Neale,Under,16.5,-112,2025-12-15,2025-12-14T23:50:15Z,2025-12-14 15:50:05
BetRivers,player_points_rebounds_assists,Devin Booker,Over,31.5,-120,2025-12-15,2025-12-14T23:50:15Z,2025-12-14 15:50:05
BetRivers,player_points_rebounds_assists,Devin Booker,Under,31.5,-112,2025-12-15,2025-12-14T23:50:15Z,2025-12-14 15:50:05
BetRivers,player_points_rebounds_assists,Luka Doncic,Over,51.5,-150,2025-12-15,2025-12-14T23:50:15Z,2025-12-14 15:50:05
BetRivers,player_points_rebounds_assists,Luka Doncic,Under,51.5,110,2025-12-15,2025-12-14T23:50:15Z,2025-12-14 15:50:05
BetRivers,player_points_rebounds_assists,LeBron James,Over,33.5,-120,2025-12-15,2025-12-14T23:50:15Z,2025-12-14 15:50:05
BetRivers,player_points_rebounds_assists,LeBron James,Under,33.5,-112,2025-12-15,2025-12-14T23:50:15Z,2025-12-14 15:50:05
BetRivers,player_points_rebounds_assists,LeBron James,Over,32.5,-150,2025-12-15,2025-12-14T23:50:15Z,2025-12-14 15:50:05
BetRivers,player_points_rebounds_assists,LeBron James,Under,32.5,110,2025-12-15,2025-12-14T23:50:15Z,2025-12-14 15:50:05
BetRivers,player_points_rebounds_assists,Luka Doncic,Over,52.5,-125,2025-12-15,2025-12-14T23:50:15Z,2025-12-14 15:50:05
BetRivers,player_points_rebounds_assists,Luka Doncic,Under,52.5,-106,2025-12-15,2025-12-14T23:50:15Z,2025-12-14 15:50:05
BetRivers,player_points_rebounds_assists,LeBron James,Over,34.5,104,2025-12-15,2025-12-14T23:50:15Z,2025-12-14 15:50:05
BetRivers,player_points_rebounds_assists,LeBron James,Under,34.5,-137,2025-12-15,2025-12-14T23:50:15Z,2025-12-14 15:50:05
BetRivers,player_points_rebounds_assists,Marcus Smart,Over,14.5,-165,2025-12-15,2025-12-14T23:50:15Z,2025-12-14 15:50:05
BetRivers,player_points_rebounds_assists,Marcus Smart,Under,14.5,118,2025-12-15,2025-12-14T23:50:15Z,2025-12-14 15:50:05
BetRivers,player_points_rebounds_assists,Luka Doncic,Over,53.5,-107,2025-12-15,2025-12-14T23:50:15Z,2025-12-14 15:50:05
BetRivers,player_points_rebounds_assists,Luka Doncic,Under,53.5,-124,2025-12-15,2025-12-14T23:50:15Z,2025-12-14 15:50:05
BetRivers,player_points_rebounds_assists,Rui Hachimura,Over,17.5,-108,2025-12-15,2025-12-14T23:50:15Z,2025-12-14 15:50:05
BetRivers,player_points_rebounds_assists,Rui Hachimura,Under,17.5,-124,2025-12-15,2025-12-14T23:50:15Z,2025-12-14 15:50:05
BetRivers,player_points_rebounds_assists,Marcus Smart,Over,15.5,-117,2025-12-15,2025-12-14T23:50:15Z,2025-12-14 15:50:05
BetRivers,player_points_rebounds_assists,Marcus Smart,Under,15.5,-114,2025-12-15,2025-12-14T23:50:15Z,2025-12-14 15:50:05
BetRivers,player_points_rebounds_assists,Collin Gillespie,Over,20.5,-139,2025-12-15,2025-12-14T23:50:15Z,2025-12-14 15:50:05
BetRivers,player_points_rebounds_assists,Collin Gillespie,Under,20.5,105,2025-12-15,2025-12-14T23:50:15Z,2025-12-14 15:50:05
BetRivers,player_points_rebounds_assists,Luka Doncic,Over,54.5,108,2025-12-15,2025-12-14T23:50:15Z,2025-12-14 15:50:05
BetRivers,player_points_rebounds_assists,Luka Doncic,Under,54.5,-148,2025-12-15,2025-12-14T23:50:15Z,2025-12-14 15:50:05
BetRivers,player_points_rebounds_assists,Grayson Allen,Over,22.5,-122,2025-12-15,2025-12-14T23:50:15Z,2025-12-14 15:50:05
BetRivers,player_points_rebounds_assists,Grayson Allen,Under,22.5,-108,2025-12-15,2025-12-14T23:50:15Z,2025-12-14 15:50:05
BetRivers,player_points_rebounds_assists,Collin Gillespie,Over,22.5,116,2025-12-15,2025-12-14T23:50:15Z,2025-12-14 15:50:05
BetRivers,player_points_rebounds_assists,Collin Gillespie,Under,22.5,-159,2025-12-15,2025-12-14T23:50:15Z,2025-12-14 15:50:05
BetRivers,player_points_rebounds_assists,Devin Booker,Over,32.5,104,2025-12-15,2025-12-14T23:50:15Z,2025-12-14 15:50:05
BetRivers,player_points_rebounds_assists,Devin Booker,Under,32.5,-137,2025-12-15,2025-12-14T23:50:15Z,2025-12-14 15:50:05
BetRivers,player_points_rebounds_assists,Collin Gillespie,Over,21.5,-108,2025-12-15,2025-12-14T23:50:15Z,2025-12-14 15:50:05
BetRivers,player_points_rebounds_assists,Collin Gillespie,Under,21.5,-122,2025-12-15,2025-12-14T23:50:15Z,2025-12-14 15:50:05
BetRivers,player_points_rebounds_assists,Grayson Allen,Over,21.5,-162,2025-12-15,2025-12-14T23:50:15Z,2025-12-14 15:50:05
BetRivers,player_points_rebounds_assists,Grayson Allen,Under,21.5,116,2025-12-15,2025-12-14T23:50:15Z,2025-12-14 15:50:05
BetRivers,player_points_rebounds_assists,Rui Hachimura,Over,16.5,-143,2025-12-15,2025-12-14T23:50:15Z,2025-12-14 15:50:05
BetRivers,player_points_rebounds_assists,Rui Hachimura,Under,16.5,107,2025-12-15,2025-12-14T23:50:15Z,2025-12-14 15:50:05
BetRivers,player_points_rebounds_assists,Grayson Allen,Over,23.5,104,2025-12-15,2025-12-14T23:50:15Z,2025-12-14 15:50:05
BetRivers,player_points_rebounds_assists,Grayson Allen,Under,23.5,-137,2025-12-15,2025-12-14T23:50:15Z,2025-12-14 15:50:05
BetRivers,player_points_rebounds_assists,Stephen Curry,Over,35.5,-136,2025-12-15,2025-12-14T23:49:37Z,2025-12-14 15:50:05
BetRivers,player_points_rebounds_assists,Stephen Curry,Under,35.5,102,2025-12-15,2025-12-14T23:49:37Z,2025-12-14 15:50:05
BetRivers,player_points_rebounds_assists,Draymond Green,Over,20.5,-134,2025-12-15,2025-12-14T23:49:37Z,2025-12-14 15:50:05
BetRivers,player_points_rebounds_assists,Draymond Green,Under,20.5,100,2025-12-15,2025-12-14T23:49:37Z,2025-12-14 15:50:05
BetRivers,player_points_rebounds_assists,Jimmy Butler,Over,30.5,-139,2025-12-15,2025-12-14T23:49:37Z,2025-12-14 15:50:05
BetRivers,player_points_rebounds_assists,Jimmy Butler,Under,30.5,104,2025-12-15,2025-12-14T23:49:37Z,2025-12-14 15:50:05
BetRivers,player_points_rebounds_assists,Deni Avdija,Over,39.5,110,2025-12-15,2025-12-14T23:49:37Z,2025-12-14 15:50:05
BetRivers,player_points_rebounds_assists,Deni Avdija,Under,39.5,-148,2025-12-15,2025-12-14T23:49:37Z,2025-12-14 15:50:05
BetRivers,player_points_rebounds_assists,Stephen Curry,Over,37.5,108,2025-12-15,2025-12-14T23:49:37Z,2025-12-14 15:50:05
BetRivers,player_points_rebounds_assists,Stephen Curry,Under,37.5,-148,2025-12-15,2025-12-14T23:49:37Z,2025-12-14 15:50:05
BetRivers,player_points_rebounds_assists,Brandin Podziemski,Over,15.5,-103,2025-12-15,2025-12-14T23:49:37Z,2025-12-14 15:50:05
BetRivers,player_points_rebounds_assists,Brandin Podziemski,Under,15.5,-130,2025-12-15,2025-12-14T23:49:37Z,2025-12-14 15:50:05
BetRivers,player_points_rebounds_assists,Jimmy Butler,Over,31.5,-110,2025-12-15,2025-12-14T23:49:37Z,2025-12-14 15:50:05
BetRivers,player_points_rebounds_assists,Jimmy Butler,Under,31.5,-121,2025-12-15,2025-12-14T23:49:37Z,2025-12-14 15:50:05
BetRivers,player_points_rebounds_assists,Deni Avdija,Over,37.5,-132,2025-12-15,2025-12-14T23:49:37Z,2025-12-14 15:50:05
BetRivers,player_points_rebounds_assists,Deni Avdija,Under,37.5,100,2025-12-15,2025-12-14T23:49:37Z,2025-12-14 15:50:05
BetRivers,player_points_rebounds_assists,Deni Avdija,Over,38.5,-110,2025-12-15,2025-12-14T23:49:37Z,2025-12-14 15:50:05
BetRivers,player_points_rebounds_assists,Deni Avdija,Under,38.5,-121,2025-12-15,2025-12-14T23:49:37Z,2025-12-14 15:50:05
BetRivers,player_points_rebounds_assists,Brandin Podziemski,Over,14.5,-137,2025-12-15,2025-12-14T23:49:37Z,2025-12-14 15:50:05
BetRivers,player_points_rebounds_assists,Brandin Podziemski,Under,14.5,104,2025-12-15,2025-12-14T23:49:37Z,2025-12-14 15:50:05
BetRivers,player_points_rebounds_assists,Stephen Curry,Over,36.5,-112,2025-12-15,2025-12-14T23:49:37Z,2025-12-14 15:50:05
BetRivers,player_points_rebounds_assists,Stephen Curry,Under,36.5,-120,2025-12-15,2025-12-14T23:49:37Z,2025-12-14 15:50:05
BetRivers,player_points_rebounds_assists,Deni Avdija,Over,36.5,-165,2025-12-15,2025-12-14T23:49:37Z,2025-12-14 15:50:05
BetRivers,player_points_rebounds_assists,Deni Avdija,Under,36.5,118,2025-12-15,2025-12-14T23:49:37Z,2025-12-14 15:50:05
BetRivers,player_points_rebounds_assists,Draymond Green,Over,21.5,-103,2025-12-15,2025-12-14T23:49:37Z,2025-12-14 15:50:05
BetRivers,player_points_rebounds_assists,Draymond Green,Under,21.5,-130,2025-12-15,2025-12-14T23:49:37Z,2025-12-14 15:50:05
BetRivers,player_points_rebounds_assists,Jimmy Butler,Over,32.5,112,2025-12-15,2025-12-14T23:49:37Z,2025-12-14 15:50:05
BetRivers,player_points_rebounds_assists,Jimmy Butler,Under,32.5,-152,2025-12-15,2025-12-14T23:49:37Z,2025-12-14 15:50:05
BetOnline.ag,player_points_rebounds_assists,Coby White,Over,30.5,-105,2025-12-15,2025-12-14T23:48:31Z,2025-12-14 15:50:05
BetOnline.ag,player_points_rebounds_assists,Coby White,Under,30.5,-122,2025-12-15,2025-12-14T23:48:31Z,2025-12-14 15:50:05
BetOnline.ag,player_points_rebounds_assists,Nikola Vucevic,Over,26.5,-109,2025-12-15,2025-12-14T23:48:31Z,2025-12-14 15:50:05
BetOnline.ag,player_points_rebounds_assists,Nikola Vucevic,Under,26.5,-119,2025-12-15,2025-12-14T23:48:31Z,2025-12-14 15:50:05
BetOnline.ag,player_points_rebounds_assists,Josh Giddey,Over,38.5,-105,2025-12-15,2025-12-14T23:48:31Z,2025-12-14 15:50:05
BetOnline.ag,player_points_rebounds_assists,Josh Giddey,Under,38.5,-123,2025-12-15,2025-12-14T23:48:31Z,2025-12-14 15:50:05
BetOnline.ag,player_points_rebounds_assists,Derik Queen,Over,27.5,-103,2025-12-15,2025-12-14T23:48:31Z,2025-12-14 15:50:05
BetOnline.ag,player_points_rebounds_assists,Derik Queen,Under,27.5,-125,2025-12-15,2025-12-14T23:48:31Z,2025-12-14 15:50:05
BetOnline.ag,player_points_rebounds_assists,Jeremiah Fears,Over,20.5,-114,2025-12-15,2025-12-14T23:48:31Z,2025-12-14 15:50:05
BetOnline.ag,player_points_rebounds_assists,Jeremiah Fears,Under,20.5,-114,2025-12-15,2025-12-14T23:48:31Z,2025-12-14 15:50:05
BetOnline.ag,player_points_rebounds_assists,Jordan Poole,Over,20.5,-123,2025-12-15,2025-12-14T23:48:31Z,2025-12-14 15:50:05
BetOnline.ag,player_points_rebounds_assists,Isaac Okoro,Over,10.5,-128,2025-12-15,2025-12-14T23:48:31Z,2025-12-14 15:50:05
BetOnline.ag,player_points_rebounds_assists,Isaac Okoro,Under,10.5,-101,2025-12-15,2025-12-14T23:48:31Z,2025-12-14 15:50:05
BetOnline.ag,player_points_rebounds_assists,Tre Jones,Over,17.5,-122,2025-12-15,2025-12-14T23:48:31Z,2025-12-14 15:50:05
BetOnline.ag,player_points_rebounds_assists,Tre Jones,Under,17.5,-106,2025-12-15,2025-12-14T23:48:31Z,2025-12-14 15:50:05
BetOnline.ag,player_points_rebounds_assists,Matas Buzelis,Over,20.5,-108,2025-12-15,2025-12-14T23:48:31Z,2025-12-14 15:50:05
BetOnline.ag,player_points_rebounds_assists,Matas Buzelis,Under,20.5,-120,2025-12-15,2025-12-14T23:48:31Z,2025-12-14 15:50:05
BetOnline.ag,player_points_rebounds_assists,Trey Murphy III,Over,29.5,-112,2025-12-15,2025-12-14T23:48:31Z,2025-12-14 15:50:05
BetOnline.ag,player_points_rebounds_assists,Trey Murphy III,Under,29.5,-115,2025-12-15,2025-12-14T23:48:31Z,2025-12-14 15:50:05
BetOnline.ag,player_points_rebounds_assists,Kevin Huerter,Over,12.5,-122,2025-12-15,2025-12-14T23:48:31Z,2025-12-14 15:50:05
BetOnline.ag,player_points_rebounds_assists,Kevin Huerter,Under,12.5,-106,2025-12-15,2025-12-14T23:48:31Z,2025-12-14 15:50:05
BetOnline.ag,player_points_rebounds_assists,Herb Jones,Over,14.5,-123,2025-12-15,2025-12-14T23:48:31Z,2025-12-14 15:50:05
BetOnline.ag,player_points_rebounds_assists,Herb Jones,Under,14.5,-104,2025-12-15,2025-12-14T23:48:31Z,2025-12-14 15:50:05
BetOnline.ag,player_points_rebounds_assists,Patrick Williams,Over,11.5,-123,2025-12-15,2025-12-14T23:48:31Z,2025-12-14 15:50:05
BetOnline.ag,player_points_rebounds_assists,Patrick Williams,Under,11.5,-105,2025-12-15,2025-12-14T23:48:31Z,2025-12-14 15:50:05
BetOnline.ag,player_points_rebounds_assists,Keegan Murray,Over,22.5,-108,2025-12-15,2025-12-14T23:49:52Z,2025-12-14 15:50:05
BetOnline.ag,player_points_rebounds_assists,Keegan Murray,Under,22.5,-120,2025-12-15,2025-12-14T23:49:52Z,2025-12-14 15:50:05
BetOnline.ag,player_points_rebounds_assists,Russell Westbrook,Over,26.5,-105,2025-12-15,2025-12-14T23:49:52Z,2025-12-14 15:50:05
BetOnline.ag,player_points_rebounds_assists,Russell Westbrook,Under,26.5,-123,2025-12-15,2025-12-14T23:49:52Z,2025-12-14 15:50:05
BetOnline.ag,player_points_rebounds_assists,Jaden McDaniels,Over,25.5,-112,2025-12-15,2025-12-14T23:49:52Z,2025-12-14 15:50:05
BetOnline.ag,player_points_rebounds_assists,Jaden McDaniels,Under,25.5,-115,2025-12-15,2025-12-14T23:49:52Z,2025-12-14 15:50:05
BetOnline.ag,player_points_rebounds_assists,Julius Randle,Over,39.5,-109,2025-12-15,2025-12-14T23:49:52Z,2025-12-14 15:50:05
BetOnline.ag,player_points_rebounds_assists,Julius Randle,Under,39.5,-119,2025-12-15,2025-12-14T23:49:52Z,2025-12-14 15:50:05
BetOnline.ag,player_points_rebounds_assists,Rudy Gobert,Over,26.5,-103,2025-12-15,2025-12-14T23:49:52Z,2025-12-14 15:50:05
BetOnline.ag,player_points_rebounds_assists,Rudy Gobert,Under,26.5,-125,2025-12-15,2025-12-14T23:49:52Z,2025-12-14 15:50:05
BetOnline.ag,player_points_rebounds_assists,Donte DiVincenzo,Over,23.5,-115,2025-12-15,2025-12-14T23:49:52Z,2025-12-14 15:50:05
BetOnline.ag,player_points_rebounds_assists,Donte DiVincenzo,Under,23.5,-112,2025-12-15,2025-12-14T23:49:52Z,2025-12-14 15:50:05
BetOnline.ag,player_points_rebounds_assists,Zach LaVine,Over,26.5,-102,2025-12-15,2025-12-14T23:49:52Z,2025-12-14 15:50:05
BetOnline.ag,player_points_rebounds_assists,Zach LaVine,Under,26.5,-127,2025-12-15,2025-12-14T23:49:52Z,2025-12-14 15:50:05
BetOnline.ag,player_points_rebounds_assists,DeMar DeRozan,Over,24.5,-116,2025-12-15,2025-12-14T23:49:52Z,2025-12-14 15:50:05
BetOnline.ag,player_points_rebounds_assists,DeMar DeRozan,Under,24.5,-111,2025-12-15,2025-12-14T23:49:52Z,2025-12-14 15:50:05
BetOnline.ag,player_points_rebounds_assists,Dennis Schroder,Over,16.5,-123,2025-12-15,2025-12-14T23:49:52Z,2025-12-14 15:50:05
BetOnline.ag,player_points_rebounds_assists,Dennis Schroder,Under,16.5,-105,2025-12-15,2025-12-14T23:49:52Z,2025-12-14 15:50:05
BetOnline.ag,player_points_rebounds_assists,Maxime Raynaud,Over,19.5,-123,2025-12-15,2025-12-14T23:49:52Z,2025-12-14 15:50:05
BetOnline.ag,player_points_rebounds_assists,Maxime Raynaud,Under,19.5,-104,2025-12-15,2025-12-14T23:49:52Z,2025-12-14 15:50:05
BetOnline.ag,player_points_rebounds_assists,Rui Hachimura,Over,17.5,100,2025-12-15,2025-12-14T23:49:19Z,2025-12-14 15:50:05
BetOnline.ag,player_points_rebounds_assists,Rui Hachimura,Under,17.5,-130,2025-12-15,2025-12-14T23:49:19Z,2025-12-14 15:50:05
BetOnline.ag,player_points_rebounds_assists,Dillon Brooks,Over,23.5,-112,2025-12-15,2025-12-14T23:49:19Z,2025-12-14 15:50:05
BetOnline.ag,player_points_rebounds_assists,Dillon Brooks,Under,23.5,-115,2025-12-15,2025-12-14T23:49:19Z,2025-12-14 15:50:05
BetOnline.ag,player_points_rebounds_assists,Mark Williams,Over,21.5,-111,2025-12-15,2025-12-14T23:49:19Z,2025-12-14 15:50:05
BetOnline.ag,player_points_rebounds_assists,Mark Williams,Under,21.5,-116,2025-12-15,2025-12-14T23:49:19Z,2025-12-14 15:50:05
BetOnline.ag,player_points_rebounds_assists,Royce O'Neale,Over,16.5,-112,2025-12-15,2025-12-14T23:49:19Z,2025-12-14 15:50:05
BetOnline.ag,player_points_rebounds_assists,Royce O'Neale,Under,16.5,-115,2025-12-15,2025-12-14T23:49:19Z,2025-12-14 15:50:05
BetOnline.ag,player_points_rebounds_assists,Luka Doncic,Over,52.5,-112,2025-12-15,2025-12-14T23:49:19Z,2025-12-14 15:50:05
BetOnline.ag,player_points_rebounds_assists,Luka Doncic,Under,52.5,-115,2025-12-15,2025-12-14T23:49:19Z,2025-12-14 15:50:05
BetOnline.ag,player_points_rebounds_assists,Devin Booker,Over,32.5,-102,2025-12-15,2025-12-14T23:49:19Z,2025-12-14 15:50:05
BetOnline.ag,player_points_rebounds_assists,Devin Booker,Under,32.5,-127,2025-12-15,2025-12-14T23:49:19Z,2025-12-14 15:50:05
BetOnline.ag,player_points_rebounds_assists,Deandre Ayton,Over,24.5,-112,2025-12-15,2025-12-14T23:49:19Z,2025-12-14 15:50:05
BetOnline.ag,player_points_rebounds_assists,Deandre Ayton,Under,24.5,-115,2025-12-15,2025-12-14T23:49:19Z,2025-12-14 15:50:05
BetOnline.ag,player_points_rebounds_assists,Grayson Allen,Over,22.5,-114,2025-12-15,2025-12-14T23:49:19Z,2025-12-14 15:50:05
BetOnline.ag,player_points_rebounds_assists,Grayson Allen,Under,22.5,-114,2025-12-15,2025-12-14T23:49:19Z,2025-12-14 15:50:05
BetOnline.ag,player_points_rebounds_assists,LeBron James,Over,34.5,-108,2025-12-15,2025-12-14T23:49:19Z,2025-12-14 15:50:05
BetOnline.ag,player_points_rebounds_assists,LeBron James,Under,34.5,-120,2025-12-15,2025-12-14T23:49:19Z,2025-12-14 15:50:05
BetOnline.ag,player_points_rebounds_assists,Jake LaRavia,Over,10.5,-127,2025-12-15,2025-12-14T23:49:19Z,2025-12-14 15:50:05
BetOnline.ag,player_points_rebounds_assists,Jake LaRavia,Under,10.5,-102,2025-12-15,2025-12-14T23:49:19Z,2025-12-14 15:50:05
BetOnline.ag,player_points_rebounds_assists,Marcus Smart,Over,15.5,-116,2025-12-15,2025-12-14T23:49:19Z,2025-12-14 15:50:05
BetOnline.ag,player_points_rebounds_assists,Marcus Smart,Under,15.5,-111,2025-12-15,2025-12-14T23:49:19Z,2025-12-14 15:50:05
BetOnline.ag,player_points_rebounds_assists,Collin Gillespie,Over,20.5,-118,2025-12-15,2025-12-14T23:49:19Z,2025-12-14 15:50:05
BetOnline.ag,player_points_rebounds_assists,Collin Gillespie,Under,20.5,-110,2025-12-15,2025-12-14T23:49:19Z,2025-12-14 15:50:05
BetOnline.ag,player_points_rebounds_assists,Stephen Curry,Over,36.5,-114,2025-12-15,2025-12-14T23:49:49Z,2025-12-14 15:50:05
BetOnline.ag,player_points_rebounds_assists,Stephen Curry,Under,36.5,-114,2025-12-15,2025-12-14T23:49:49Z,2025-12-14 15:50:05
BetOnline.ag,player_points_rebounds_assists,Jimmy Butler,Over,31.5,-114,2025-12-15,2025-12-14T23:49:49Z,2025-12-14 15:50:05
BetOnline.ag,player_points_rebounds_assists,Jimmy Butler,Under,31.5,-114,2025-12-15,2025-12-14T23:49:49Z,2025-12-14 15:50:05
BetOnline.ag,player_points_rebounds_assists,Draymond Green,Over,21.5,-106,2025-12-15,2025-12-14T23:49:49Z,2025-12-14 15:50:05
BetOnline.ag,player_points_rebounds_assists,Draymond Green,Under,21.5,-122,2025-12-15,2025-12-14T23:49:49Z,2025-12-14 15:50:05
BetOnline.ag,player_points_rebounds_assists,Jerami Grant,Over,26.5,-110,2025-12-15,2025-12-14T23:49:49Z,2025-12-14 15:50:05
BetOnline.ag,player_points_rebounds_assists,Jerami Grant,Under,26.5,-118,2025-12-15,2025-12-14T23:49:49Z,2025-12-14 15:50:05
BetOnline.ag,player_points_rebounds_assists,Donovan Clingan,Over,21.5,-109,2025-12-15,2025-12-14T23:49:49Z,2025-12-14 15:50:05
BetOnline.ag,player_points_rebounds_assists,Donovan Clingan,Under,21.5,-119,2025-12-15,2025-12-14T23:49:49Z,2025-12-14 15:50:05
BetOnline.ag,player_points_rebounds_assists,Quinten Post,Over,16.5,-114,2025-12-15,2025-12-14T23:49:49Z,2025-12-14 15:50:05
BetOnline.ag,player_points_rebounds_assists,Quinten Post,Under,16.5,-114,2025-12-15,2025-12-14T23:49:49Z,2025-12-14 15:50:05
BetOnline.ag,player_points_rebounds_assists,Buddy Hield,Over,13.5,-112,2025-12-15,2025-12-14T23:49:49Z,2025-12-14 15:50:05
BetOnline.ag,player_points_rebounds_assists,Buddy Hield,Under,13.5,-115,2025-12-15,2025-12-14T23:49:49Z,2025-12-14 15:50:05
BetOnline.ag,player_points_rebounds_assists,Toumani Camara,Over,20.5,-112,2025-12-15,2025-12-14T23:49:49Z,2025-12-14 15:50:05
BetOnline.ag,player_points_rebounds_assists,Toumani Camara,Under,20.5,-115,2025-12-15,2025-12-14T23:49:49Z,2025-12-14 15:50:05
BetOnline.ag,player_points_rebounds_assists,Moses Moody,Over,13.5,106,2025-12-15,2025-12-14T23:49:49Z,2025-12-14 15:50:05
BetOnline.ag,player_points_rebounds_assists,Moses Moody,Under,13.5,-137,2025-12-15,2025-12-14T23:49:49Z,2025-12-14 15:50:05
BetOnline.ag,player_points_rebounds_assists,Shaedon Sharpe,Over,30.5,-114,2025-12-15,2025-12-14T23:49:49Z,2025-12-14 15:50:05
BetOnline.ag,player_points_rebounds_assists,Shaedon Sharpe,Under,30.5,-114,2025-12-15,2025-12-14T23:49:49Z,2025-12-14 15:50:05
BetOnline.ag,player_points_rebounds_assists,Deni Avdija,Over,39.5,-111,2025-12-15,2025-12-14T23:49:49Z,2025-12-14 15:50:05
BetOnline.ag,player_points_rebounds_assists,Deni Avdija,Under,39.5,-116,2025-12-15,2025-12-14T23:49:49Z,2025-12-14 15:50:05
BetOnline.ag,player_points_rebounds_assists,Brandin Podziemski,Over,15.5,-111,2025-12-15,2025-12-14T23:49:49Z,2025-12-14 15:50:05
BetOnline.ag,player_points_rebounds_assists,Brandin Podziemski,Under,15.5,-116,2025-12-15,2025-12-14T23:49:49Z,2025-12-14 15:50:05
BetMGM,player_points_rebounds_assists,Trey Murphy III,Over,28.5,-110,2025-12-15,2025-12-14T23:49:22Z,2025-12-14 15:50:05
BetMGM,player_points_rebounds_assists,Trey Murphy III,Under,28.5,-120,2025-12-15,2025-12-14T23:49:22Z,2025-12-14 15:50:05
BetMGM,player_points_rebounds_assists,Jalen Smith,Over,13.5,-110,2025-12-15,2025-12-14T23:49:22Z,2025-12-14 15:50:05
BetMGM,player_points_rebounds_assists,Jalen Smith,Under,13.5,-118,2025-12-15,2025-12-14T23:49:22Z,2025-12-14 15:50:05
BetMGM,player_points_rebounds_assists,Nikola Vucevic,Over,26.5,-125,2025-12-15,2025-12-14T23:49:22Z,2025-12-14 15:50:05
BetMGM,player_points_rebounds_assists,Nikola Vucevic,Under,26.5,-105,2025-12-15,2025-12-14T23:49:22Z,2025-12-14 15:50:05
BetMGM,player_points_rebounds_assists,Jose Alvarado,Over,13.5,-118,2025-12-15,2025-12-14T23:49:22Z,2025-12-14 15:50:05
BetMGM,player_points_rebounds_assists,Jose Alvarado,Under,13.5,-115,2025-12-15,2025-12-14T23:49:22Z,2025-12-14 15:50:05
BetMGM,player_points_rebounds_assists,Matas Buzelis,Over,19.5,-115,2025-12-15,2025-12-14T23:49:22Z,2025-12-14 15:50:05
BetMGM,player_points_rebounds_assists,Matas Buzelis,Under,19.5,-115,2025-12-15,2025-12-14T23:49:22Z,2025-12-14 15:50:05
BetMGM,player_points_rebounds_assists,Zach Collins,Over,14.5,-110,2025-12-15,2025-12-14T23:49:22Z,2025-12-14 15:50:05
BetMGM,player_points_rebounds_assists,Zach Collins,Under,14.5,-120,2025-12-15,2025-12-14T23:49:22Z,2025-12-14 15:50:05
BetMGM,player_points_rebounds_assists,Coby White,Over,30.5,-110,2025-12-15,2025-12-14T23:49:22Z,2025-12-14 15:50:05
BetMGM,player_points_rebounds_assists,Coby White,Under,30.5,-120,2025-12-15,2025-12-14T23:49:22Z,2025-12-14 15:50:05
BetMGM,player_points_rebounds_assists,Isaac Okoro,Over,10.5,-125,2025-12-15,2025-12-14T23:49:22Z,2025-12-14 15:50:05
BetMGM,player_points_rebounds_assists,Isaac Okoro,Under,10.5,-105,2025-12-15,2025-12-14T23:49:22Z,2025-12-14 15:50:05
BetMGM,player_points_rebounds_assists,Josh Giddey,Over,38.5,-115,2025-12-15,2025-12-14T23:49:22Z,2025-12-14 15:50:05
BetMGM,player_points_rebounds_assists,Josh Giddey,Under,38.5,-115,2025-12-15,2025-12-14T23:49:22Z,2025-12-14 15:50:05
BetMGM,player_points_rebounds_assists,Tre Jones,Over,17.5,-120,2025-12-15,2025-12-14T23:49:22Z,2025-12-14 15:50:05
BetMGM,player_points_rebounds_assists,Tre Jones,Under,17.5,-110,2025-12-15,2025-12-14T23:49:22Z,2025-12-14 15:50:05
BetMGM,player_points_rebounds_assists,Kevin Huerter,Over,12.5,-125,2025-12-15,2025-12-14T23:49:22Z,2025-12-14 15:50:05
BetMGM,player_points_rebounds_assists,Kevin Huerter,Under,12.5,-105,2025-12-15,2025-12-14T23:49:22Z,2025-12-14 15:50:05
BetMGM,player_points_rebounds_assists,Jeremiah Fears,Over,19.5,-115,2025-12-15,2025-12-14T23:49:22Z,2025-12-14 15:50:05
BetMGM,player_points_rebounds_assists,Jeremiah Fears,Under,19.5,-115,2025-12-15,2025-12-14T23:49:22Z,2025-12-14 15:50:05
BetMGM,player_points_rebounds_assists,Patrick Williams,Over,11.5,-125,2025-12-15,2025-12-14T23:49:22Z,2025-12-14 15:50:05
BetMGM,player_points_rebounds_assists,Patrick Williams,Under,11.5,-105,2025-12-15,2025-12-14T23:49:22Z,2025-12-14 15:50:05
BetMGM,player_points_rebounds_assists,Jordan Poole,Over,19.5,-125,2025-12-15,2025-12-14T23:49:22Z,2025-12-14 15:50:05
BetMGM,player_points_rebounds_assists,Jordan Poole,Under,19.5,-105,2025-12-15,2025-12-14T23:49:22Z,2025-12-14 15:50:05
BetMGM,player_points_rebounds_assists,Derik Queen,Over,25.5,-120,2025-12-15,2025-12-14T23:49:22Z,2025-12-14 15:50:05
BetMGM,player_points_rebounds_assists,Derik Queen,Under,25.5,-110,2025-12-15,2025-12-14T23:49:22Z,2025-12-14 15:50:05
BetMGM,player_points_rebounds_assists,Herb Jones,Over,14.5,-125,2025-12-15,2025-12-14T23:49:22Z,2025-12-14 15:50:05
BetMGM,player_points_rebounds_assists,Herb Jones,Under,14.5,-110,2025-12-15,2025-12-14T23:49:22Z,2025-12-14 15:50:05
BetMGM,player_points_rebounds_assists,Saddiq Bey,Over,21.5,-110,2025-12-15,2025-12-14T23:49:22Z,2025-12-14 15:50:05
BetMGM,player_points_rebounds_assists,Saddiq Bey,Under,21.5,-120,2025-12-15,2025-12-14T23:49:22Z,2025-12-14 15:50:05
BetMGM,player_points_rebounds_assists,Zion Williamson,Over,25.5,-105,2025-12-15,2025-12-14T23:49:22Z,2025-12-14 15:50:05
BetMGM,player_points_rebounds_assists,Zion Williamson,Under,25.5,-125,2025-12-15,2025-12-14T23:49:22Z,2025-12-14 15:50:05
BetMGM,player_points_rebounds_assists,Rudy Gobert,Over,25.5,-125,2025-12-15,2025-12-14T23:49:31Z,2025-12-14 15:50:05
BetMGM,player_points_rebounds_assists,Rudy Gobert,Under,25.5,-105,2025-12-15,2025-12-14T23:49:31Z,2025-12-14 15:50:05
BetMGM,player_points_rebounds_assists,Julius Randle,Over,39.5,-105,2025-12-15,2025-12-14T23:49:31Z,2025-12-14 15:50:05
BetMGM,player_points_rebounds_assists,Julius Randle,Under,39.5,-125,2025-12-15,2025-12-14T23:49:31Z,2025-12-14 15:50:05
BetMGM,player_points_rebounds_assists,Keegan Murray,Over,21.5,-110,2025-12-15,2025-12-14T23:49:31Z,2025-12-14 15:50:05
BetMGM,player_points_rebounds_assists,Keegan Murray,Under,21.5,-118,2025-12-15,2025-12-14T23:49:31Z,2025-12-14 15:50:05
BetMGM,player_points_rebounds_assists,Maxime Raynaud,Over,19.5,-125,2025-12-15,2025-12-14T23:49:31Z,2025-12-14 15:50:05
BetMGM,player_points_rebounds_assists,Maxime Raynaud,Under,19.5,-105,2025-12-15,2025-12-14T23:49:31Z,2025-12-14 15:50:05
BetMGM,player_points_rebounds_assists,Zach LaVine,Over,26.5,-110,2025-12-15,2025-12-14T23:49:31Z,2025-12-14 15:50:05
BetMGM,player_points_rebounds_assists,Zach LaVine,Under,26.5,-120,2025-12-15,2025-12-14T23:49:31Z,2025-12-14 15:50:05
BetMGM,player_points_rebounds_assists,DeMar DeRozan,Over,24.5,-120,2025-12-15,2025-12-14T23:49:31Z,2025-12-14 15:50:05
BetMGM,player_points_rebounds_assists,DeMar DeRozan,Under,24.5,-110,2025-12-15,2025-12-14T23:49:31Z,2025-12-14 15:50:05
BetMGM,player_points_rebounds_assists,Naz Reid,Over,26.5,-110,2025-12-15,2025-12-14T23:49:31Z,2025-12-14 15:50:05
BetMGM,player_points_rebounds_assists,Naz Reid,Under,26.5,-118,2025-12-15,2025-12-14T23:49:31Z,2025-12-14 15:50:05
BetMGM,player_points_rebounds_assists,Donte DiVincenzo,Over,23.5,-105,2025-12-15,2025-12-14T23:49:31Z,2025-12-14 15:50:05
BetMGM,player_points_rebounds_assists,Donte DiVincenzo,Under,23.5,-125,2025-12-15,2025-12-14T23:49:31Z,2025-12-14 15:50:05
BetMGM,player_points_rebounds_assists,Jaden McDaniels,Over,25.5,-110,2025-12-15,2025-12-14T23:49:31Z,2025-12-14 15:50:05
BetMGM,player_points_rebounds_assists,Jaden McDaniels,Under,25.5,-118,2025-12-15,2025-12-14T23:49:31Z,2025-12-14 15:50:05
BetMGM,player_points_rebounds_assists,Malik Monk,Over,16.5,-118,2025-12-15,2025-12-14T23:49:31Z,2025-12-14 15:50:05
BetMGM,player_points_rebounds_assists,Malik Monk,Under,16.5,-110,2025-12-15,2025-12-14T23:49:31Z,2025-12-14 15:50:05
BetMGM,player_points_rebounds_assists,Russell Westbrook,Over,25.5,-115,2025-12-15,2025-12-14T23:49:31Z,2025-12-14 15:50:05
BetMGM,player_points_rebounds_assists,Russell Westbrook,Under,25.5,-115,2025-12-15,2025-12-14T23:49:31Z,2025-12-14 15:50:05
BetMGM,player_points_rebounds_assists,Dennis Schroder,Over,17.5,-110,2025-12-15,2025-12-14T23:49:31Z,2025-12-14 15:50:05
BetMGM,player_points_rebounds_assists,Dennis Schroder,Under,17.5,-120,2025-12-15,2025-12-14T23:49:31Z,2025-12-14 15:50:05
BetMGM,player_points_rebounds_assists,Bones Hyland,Over,17.5,-120,2025-12-15,2025-12-14T23:49:31Z,2025-12-14 15:50:05
BetMGM,player_points_rebounds_assists,Bones Hyland,Under,17.5,-110,2025-12-15,2025-12-14T23:49:31Z,2025-12-14 15:50:05
BetMGM,player_points_rebounds_assists,Terrence Shannon Jr.,Over,13.5,-110,2025-12-15,2025-12-14T23:49:31Z,2025-12-14 15:50:05
BetMGM,player_points_rebounds_assists,Terrence Shannon Jr.,Under,13.5,-125,2025-12-15,2025-12-14T23:49:31Z,2025-12-14 15:50:05
BetMGM,player_points_rebounds_assists,Jaylen Clark,Over,8.5,-110,2025-12-15,2025-12-14T23:49:31Z,2025-12-14 15:50:05
BetMGM,player_points_rebounds_assists,Jaylen Clark,Under,8.5,-120,2025-12-15,2025-12-14T23:49:31Z,2025-12-14 15:50:05
BetMGM,player_points_rebounds_assists,Rui Hachimura,Over,17.5,-105,2025-12-15,2025-12-14T23:50:08Z,2025-12-14 15:50:05
BetMGM,player_points_rebounds_assists,Rui Hachimura,Under,17.5,-130,2025-12-15,2025-12-14T23:50:08Z,2025-12-14 15:50:05
BetMGM,player_points_rebounds_assists,Luka Doncic,Over,53.5,-110,2025-12-15,2025-12-14T23:50:08Z,2025-12-14 15:50:05
BetMGM,player_points_rebounds_assists,Luka Doncic,Under,53.5,-118,2025-12-15,2025-12-14T23:50:08Z,2025-12-14 15:50:05
BetMGM,player_points_rebounds_assists,Royce O'Neale,Over,16.5,-105,2025-12-15,2025-12-14T23:50:08Z,2025-12-14 15:50:05
BetMGM,player_points_rebounds_assists,Royce O'Neale,Under,16.5,-130,2025-12-15,2025-12-14T23:50:08Z,2025-12-14 15:50:05
BetMGM,player_points_rebounds_assists,Mark Williams,Over,22.5,-105,2025-12-15,2025-12-14T23:50:08Z,2025-12-14 15:50:05
BetMGM,player_points_rebounds_assists,Mark Williams,Under,22.5,-130,2025-12-15,2025-12-14T23:50:08Z,2025-12-14 15:50:05
BetMGM,player_points_rebounds_assists,Deandre Ayton,Over,24.5,-105,2025-12-15,2025-12-14T23:50:08Z,2025-12-14 15:50:05
BetMGM,player_points_rebounds_assists,Deandre Ayton,Under,24.5,-125,2025-12-15,2025-12-14T23:50:08Z,2025-12-14 15:50:05
BetMGM,player_points_rebounds_assists,LeBron James,Over,34.5,-110,2025-12-15,2025-12-14T23:50:08Z,2025-12-14 15:50:05
BetMGM,player_points_rebounds_assists,LeBron James,Under,34.5,-120,2025-12-15,2025-12-14T23:50:08Z,2025-12-14 15:50:05
BetMGM,player_points_rebounds_assists,Devin Booker,Over,32.5,-105,2025-12-15,2025-12-14T23:50:08Z,2025-12-14 15:50:05
BetMGM,player_points_rebounds_assists,Devin Booker,Under,32.5,-130,2025-12-15,2025-12-14T23:50:08Z,2025-12-14 15:50:05
BetMGM,player_points_rebounds_assists,Jake LaRavia,Over,11.5,-120,2025-12-15,2025-12-14T23:50:08Z,2025-12-14 15:50:05
BetMGM,player_points_rebounds_assists,Jake LaRavia,Under,11.5,-110,2025-12-15,2025-12-14T23:50:08Z,2025-12-14 15:50:05
BetMGM,player_points_rebounds_assists,Marcus Smart,Over,16.5,100,2025-12-15,2025-12-14T23:50:08Z,2025-12-14 15:50:05
BetMGM,player_points_rebounds_assists,Marcus Smart,Under,16.5,-130,2025-12-15,2025-12-14T23:50:08Z,2025-12-14 15:50:05
BetMGM,player_points_rebounds_assists,Dillon Brooks,Over,23.5,-115,2025-12-15,2025-12-14T23:50:08Z,2025-12-14 15:50:05
BetMGM,player_points_rebounds_assists,Dillon Brooks,Under,23.5,-115,2025-12-15,2025-12-14T23:50:08Z,2025-12-14 15:50:05
BetMGM,player_points_rebounds_assists,Collin Gillespie,Over,21.5,-105,2025-12-15,2025-12-14T23:50:08Z,2025-12-14 15:50:05
BetMGM,player_points_rebounds_assists,Collin Gillespie,Under,21.5,-125,2025-12-15,2025-12-14T23:50:08Z,2025-12-14 15:50:05
BetMGM,player_points_rebounds_assists,Grayson Allen,Over,21.5,-125,2025-12-15,2025-12-14T23:50:08Z,2025-12-14 15:50:05
BetMGM,player_points_rebounds_assists,Grayson Allen,Under,21.5,-105,2025-12-15,2025-12-14T23:50:08Z,2025-12-14 15:50:05
BetMGM,player_points_rebounds_assists,Brandin Podziemski,Over,14.5,-125,2025-12-15,2025-12-14T23:49:43Z,2025-12-14 15:50:05
BetMGM,player_points_rebounds_assists,Brandin Podziemski,Under,14.5,-105,2025-12-15,2025-12-14T23:49:43Z,2025-12-14 15:50:05
BetMGM,player_points_rebounds_assists,Draymond Green,Over,21.5,-118,2025-12-15,2025-12-14T23:49:43Z,2025-12-14 15:50:05
BetMGM,player_points_rebounds_assists,Draymond Green,Under,21.5,-110,2025-12-15,2025-12-14T23:49:43Z,2025-12-14 15:50:05
BetMGM,player_points_rebounds_assists,Jimmy Butler,Over,30.5,-125,2025-12-15,2025-12-14T23:49:43Z,2025-12-14 15:50:05
BetMGM,player_points_rebounds_assists,Jimmy Butler,Under,30.5,-105,2025-12-15,2025-12-14T23:49:43Z,2025-12-14 15:50:05
BetMGM,player_points_rebounds_assists,Jerami Grant,Over,26.5,-110,2025-12-15,2025-12-14T23:49:43Z,2025-12-14 15:50:05
BetMGM,player_points_rebounds_assists,Jerami Grant,Under,26.5,-118,2025-12-15,2025-12-14T23:49:43Z,2025-12-14 15:50:05
BetMGM,player_points_rebounds_assists,Donovan Clingan,Over,21.5,-110,2025-12-15,2025-12-14T23:49:43Z,2025-12-14 15:50:05
BetMGM,player_points_rebounds_assists,Donovan Clingan,Under,21.5,-120,2025-12-15,2025-12-14T23:49:43Z,2025-12-14 15:50:05
BetMGM,player_points_rebounds_assists,Toumani Camara,Over,20.5,-115,2025-12-15,2025-12-14T23:49:43Z,2025-12-14 15:50:05
BetMGM,player_points_rebounds_assists,Toumani Camara,Under,20.5,-118,2025-12-15,2025-12-14T23:49:43Z,2025-12-14 15:50:05
BetMGM,player_points_rebounds_assists,Quinten Post,Over,16.5,-120,2025-12-15,2025-12-14T23:49:43Z,2025-12-14 15:50:05
BetMGM,player_points_rebounds_assists,Quinten Post,Under,16.5,-110,2025-12-15,2025-12-14T23:49:43Z,2025-12-14 15:50:05
BetMGM,player_points_rebounds_assists,Buddy Hield,Over,12.5,-150,2025-12-15,2025-12-14T23:49:43Z,2025-12-14 15:50:05
BetMGM,player_points_rebounds_assists,Buddy Hield,Under,12.5,115,2025-12-15,2025-12-14T23:49:43Z,2025-12-14 15:50:05
BetMGM,player_points_rebounds_assists,Stephen Curry,Over,37.5,-105,2025-12-15,2025-12-14T23:49:43Z,2025-12-14 15:50:05
BetMGM,player_points_rebounds_assists,Stephen Curry,Under,37.5,-125,2025-12-15,2025-12-14T23:49:43Z,2025-12-14 15:50:05
BetMGM,player_points_rebounds_assists,Kris Murray,Over,10.5,-105,2025-12-15,2025-12-14T23:49:43Z,2025-12-14 15:50:05
BetMGM,player_points_rebounds_assists,Kris Murray,Under,10.5,-125,2025-12-15,2025-12-14T23:49:43Z,2025-12-14 15:50:05
BetMGM,player_points_rebounds_assists,Moses Moody,Over,12.5,-120,2025-12-15,2025-12-14T23:49:43Z,2025-12-14 15:50:05
BetMGM,player_points_rebounds_assists,Moses Moody,Under,12.5,-110,2025-12-15,2025-12-14T23:49:43Z,2025-12-14 15:50:05
BetMGM,player_points_rebounds_assists,Shaedon Sharpe,Over,29.5,-110,2025-12-15,2025-12-14T23:49:43Z,2025-12-14 15:50:05
BetMGM,player_points_rebounds_assists,Shaedon Sharpe,Under,29.5,-120,2025-12-15,2025-12-14T23:49:43Z,2025-12-14 15:50:05
BetMGM,player_points_rebounds_assists,Deni Avdija,Over,39.5,-105,2025-12-15,2025-12-14T23:49:43Z,2025-12-14 15:50:05
BetMGM,player_points_rebounds_assists,Deni Avdija,Under,39.5,-125,2025-12-15,2025-12-14T23:49:43Z,2025-12-14 15:50:05
DraftKings,player_points_rebounds,Joel Embiid,Over,34.5,-105,2025-12-14,2025-12-14T23:49:05Z,2025-12-14 15:50:05
DraftKings,player_points_rebounds,Joel Embiid,Under,34.5,-125,2025-12-14,2025-12-14T23:49:05Z,2025-12-14 15:50:05
DraftKings,player_points_rebounds,Jalen Johnson,Over,32.5,-125,2025-12-14,2025-12-14T23:49:05Z,2025-12-14 15:50:05
DraftKings,player_points_rebounds,Jalen Johnson,Under,32.5,-105,2025-12-14,2025-12-14T23:49:05Z,2025-12-14 15:50:05
DraftKings,player_points_rebounds,Onyeka Okongwu,Over,26.5,-105,2025-12-14,2025-12-14T23:49:05Z,2025-12-14 15:50:05
DraftKings,player_points_rebounds,Onyeka Okongwu,Under,26.5,-125,2025-12-14,2025-12-14T23:49:05Z,2025-12-14 15:50:05
DraftKings,player_points_rebounds,Nickeil Alexander-Walker,Over,24.5,-120,2025-12-14,2025-12-14T23:49:05Z,2025-12-14 15:50:05
DraftKings,player_points_rebounds,Nickeil Alexander-Walker,Under,24.5,-110,2025-12-14,2025-12-14T23:49:05Z,2025-12-14 15:50:05
DraftKings,player_points_rebounds,Quentin Grimes,Over,22.5,-120,2025-12-14,2025-12-14T23:49:05Z,2025-12-14 15:50:05
DraftKings,player_points_rebounds,Quentin Grimes,Under,22.5,-110,2025-12-14,2025-12-14T23:49:05Z,2025-12-14 15:50:05
DraftKings,player_points_rebounds,Dyson Daniels,Over,21.5,-115,2025-12-14,2025-12-14T23:49:05Z,2025-12-14 15:50:05
DraftKings,player_points_rebounds,Dyson Daniels,Under,21.5,-115,2025-12-14,2025-12-14T23:49:05Z,2025-12-14 15:50:05
DraftKings,player_points_rebounds,Vit Krejci,Over,17.5,-130,2025-12-14,2025-12-14T23:49:05Z,2025-12-14 15:50:05
DraftKings,player_points_rebounds,Vit Krejci,Under,17.5,100,2025-12-14,2025-12-14T23:49:05Z,2025-12-14 15:50:05
DraftKings,player_points_rebounds,Zaccharie Risacher,Over,13.5,100,2025-12-14,2025-12-14T23:49:05Z,2025-12-14 15:50:05
DraftKings,player_points_rebounds,Zaccharie Risacher,Under,13.5,-130,2025-12-14,2025-12-14T23:49:05Z,2025-12-14 15:50:05
DraftKings,player_points_rebounds,Luke Kennard,Over,11.5,-120,2025-12-14,2025-12-14T23:49:05Z,2025-12-14 15:50:05
DraftKings,player_points_rebounds,Luke Kennard,Under,11.5,-110,2025-12-14,2025-12-14T23:49:05Z,2025-12-14 15:50:05
DraftKings,player_points_rebounds,Jared McCain,Over,7.5,100,2025-12-14,2025-12-14T23:49:05Z,2025-12-14 15:50:05
DraftKings,player_points_rebounds,Jared McCain,Under,7.5,-130,2025-12-14,2025-12-14T23:49:05Z,2025-12-14 15:50:05
DraftKings,player_points_rebounds,Michael Porter Jr,Over,26.5,-125,2025-12-14,2025-12-14T23:49:22Z,2025-12-14 15:50:05
DraftKings,player_points_rebounds,Michael Porter Jr,Under,26.5,-105,2025-12-14,2025-12-14T23:49:22Z,2025-12-14 15:50:05
DraftKings,player_points_rebounds,Kevin Porter Jr.,Over,24.5,-120,2025-12-14,2025-12-14T23:49:22Z,2025-12-14 15:50:05
DraftKings,player_points_rebounds,Kevin Porter Jr.,Under,24.5,-110,2025-12-14,2025-12-14T23:49:22Z,2025-12-14 15:50:05
DraftKings,player_points_rebounds,Kyle Kuzma,Over,24.5,-115,2025-12-14,2025-12-14T23:49:22Z,2025-12-14 15:50:05
DraftKings,player_points_rebounds,Kyle Kuzma,Under,24.5,-115,2025-12-14,2025-12-14T23:49:22Z,2025-12-14 15:50:05
DraftKings,player_points_rebounds,Nicolas Claxton,Over,22.5,-105,2025-12-14,2025-12-14T23:49:22Z,2025-12-14 15:50:05
DraftKings,player_points_rebounds,Nicolas Claxton,Under,22.5,-125,2025-12-14,2025-12-14T23:49:22Z,2025-12-14 15:50:05
DraftKings,player_points_rebounds,Day'Ron Sharpe,Over,20.5,100,2025-12-14,2025-12-14T23:49:22Z,2025-12-14 15:50:05
DraftKings,player_points_rebounds,Day'Ron Sharpe,Under,20.5,-130,2025-12-14,2025-12-14T23:49:22Z,2025-12-14 15:50:05
DraftKings,player_points_rebounds,Bobby Portis,Over,19.5,-115,2025-12-14,2025-12-14T23:49:22Z,2025-12-14 15:50:05
DraftKings,player_points_rebounds,Bobby Portis,Under,19.5,-115,2025-12-14,2025-12-14T23:49:22Z,2025-12-14 15:50:05
DraftKings,player_points_rebounds,Myles Turner,Over,14.5,-125,2025-12-14,2025-12-14T23:49:22Z,2025-12-14 15:50:05
DraftKings,player_points_rebounds,Myles Turner,Under,14.5,-105,2025-12-14,2025-12-14T23:49:22Z,2025-12-14 15:50:05
DraftKings,player_points_rebounds,Danny Wolf,Over,13.5,-105,2025-12-14,2025-12-14T23:49:22Z,2025-12-14 15:50:05
DraftKings,player_points_rebounds,Danny Wolf,Under,13.5,-125,2025-12-14,2025-12-14T23:49:22Z,2025-12-14 15:50:05
DraftKings,player_points_rebounds,Noah Clowney,Over,12.5,-120,2025-12-14,2025-12-14T23:49:22Z,2025-12-14 15:50:05
DraftKings,player_points_rebounds,Noah Clowney,Under,12.5,-110,2025-12-14,2025-12-14T23:49:22Z,2025-12-14 15:50:05
DraftKings,player_points_rebounds,Ziaire Williams,Over,11.5,-135,2025-12-14,2025-12-14T23:49:22Z,2025-12-14 15:50:05
DraftKings,player_points_rebounds,Ziaire Williams,Under,11.5,105,2025-12-14,2025-12-14T23:49:22Z,2025-12-14 15:50:05
DraftKings,player_points_rebounds,Terance Mann,Over,11.5,100,2025-12-14,2025-12-14T23:49:22Z,2025-12-14 15:50:05
DraftKings,player_points_rebounds,Terance Mann,Under,11.5,-130,2025-12-14,2025-12-14T23:49:22Z,2025-12-14 15:50:05
DraftKings,player_points_rebounds,Gary Trent Jr,Over,7.5,-120,2025-12-14,2025-12-14T23:49:22Z,2025-12-14 15:50:05
DraftKings,player_points_rebounds,Gary Trent Jr,Under,7.5,-110,2025-12-14,2025-12-14T23:49:22Z,2025-12-14 15:50:05
DraftKings,player_points_rebounds,Josh Giddey,Over,28.5,-122,2025-12-15,2025-12-14T23:49:22Z,2025-12-14 15:50:05
DraftKings,player_points_rebounds,Josh Giddey,Under,28.5,-108,2025-12-15,2025-12-14T23:49:22Z,2025-12-14 15:50:05
DraftKings,player_points_rebounds,Trey Murphy III,Over,25.5,-126,2025-12-15,2025-12-14T23:49:22Z,2025-12-14 15:50:05
DraftKings,player_points_rebounds,Trey Murphy III,Under,25.5,-105,2025-12-15,2025-12-14T23:49:22Z,2025-12-14 15:50:05
DraftKings,player_points_rebounds,Coby White,Over,25.5,-116,2025-12-15,2025-12-14T23:49:22Z,2025-12-14 15:50:05
DraftKings,player_points_rebounds,Coby White,Under,25.5,-113,2025-12-15,2025-12-14T23:49:22Z,2025-12-14 15:50:05
DraftKings,player_points_rebounds,Nikola Vucevic,Over,23.5,-109,2025-12-15,2025-12-14T23:49:22Z,2025-12-14 15:50:05
DraftKings,player_points_rebounds,Nikola Vucevic,Under,23.5,-121,2025-12-15,2025-12-14T23:49:22Z,2025-12-14 15:50:05
DraftKings,player_points_rebounds,Zion Williamson,Over,22.5,-113,2025-12-15,2025-12-14T23:49:22Z,2025-12-14 15:50:05
DraftKings,player_points_rebounds,Zion Williamson,Under,22.5,-116,2025-12-15,2025-12-14T23:49:22Z,2025-12-14 15:50:05
DraftKings,player_points_rebounds,Derik Queen,Over,22.5,-109,2025-12-15,2025-12-14T23:49:22Z,2025-12-14 15:50:05
DraftKings,player_points_rebounds,Derik Queen,Under,22.5,-121,2025-12-15,2025-12-14T23:49:22Z,2025-12-14 15:50:05
DraftKings,player_points_rebounds,Matas Buzelis,Over,18.5,-115,2025-12-15,2025-12-14T23:49:22Z,2025-12-14 15:50:05
DraftKings,player_points_rebounds,Matas Buzelis,Under,18.5,-114,2025-12-15,2025-12-14T23:49:22Z,2025-12-14 15:50:05
DraftKings,player_points_rebounds,Saddiq Bey,Over,18.5,-113,2025-12-15,2025-12-14T23:49:22Z,2025-12-14 15:50:05
DraftKings,player_points_rebounds,Saddiq Bey,Under,18.5,-117,2025-12-15,2025-12-14T23:49:22Z,2025-12-14 15:50:05
DraftKings,player_points_rebounds,Jeremiah Fears,Over,17.5,-120,2025-12-15,2025-12-14T23:49:22Z,2025-12-14 15:50:05
DraftKings,player_points_rebounds,Jeremiah Fears,Under,17.5,-109,2025-12-15,2025-12-14T23:49:22Z,2025-12-14 15:50:05
DraftKings,player_points_rebounds,Tre Jones,Over,13.5,-118,2025-12-15,2025-12-14T23:49:22Z,2025-12-14 15:50:05
DraftKings,player_points_rebounds,Tre Jones,Under,13.5,-111,2025-12-15,2025-12-14T23:49:22Z,2025-12-14 15:50:05
DraftKings,player_points_rebounds,Herb Jones,Over,12.5,-126,2025-12-15,2025-12-14T23:49:22Z,2025-12-14 15:50:05
DraftKings,player_points_rebounds,Herb Jones,Under,12.5,-105,2025-12-15,2025-12-14T23:49:22Z,2025-12-14 15:50:05
DraftKings,player_points_rebounds,Jalen Smith,Over,12.5,-121,2025-12-15,2025-12-14T23:49:22Z,2025-12-14 15:50:05
DraftKings,player_points_rebounds,Jalen Smith,Under,12.5,-109,2025-12-15,2025-12-14T23:49:22Z,2025-12-14 15:50:05
DraftKings,player_points_rebounds,Kevin Huerter,Over,11.5,-120,2025-12-15,2025-12-14T23:49:22Z,2025-12-14 15:50:05
DraftKings,player_points_rebounds,Kevin Huerter,Under,11.5,-110,2025-12-15,2025-12-14T23:49:22Z,2025-12-14 15:50:05
DraftKings,player_points_rebounds,Isaac Okoro,Over,9.5,-105,2025-12-15,2025-12-14T23:49:22Z,2025-12-14 15:50:05
DraftKings,player_points_rebounds,Isaac Okoro,Under,9.5,-125,2025-12-15,2025-12-14T23:49:22Z,2025-12-14 15:50:05
DraftKings,player_points_rebounds,Julius Randle,Over,32.5,-120,2025-12-15,2025-12-14T23:49:26Z,2025-12-14 15:50:05
DraftKings,player_points_rebounds,Julius Randle,Under,32.5,-110,2025-12-15,2025-12-14T23:49:26Z,2025-12-14 15:50:05
DraftKings,player_points_rebounds,Rudy Gobert,Over,24.5,-118,2025-12-15,2025-12-14T23:49:26Z,2025-12-14 15:50:05
DraftKings,player_points_rebounds,Rudy Gobert,Under,24.5,-112,2025-12-15,2025-12-14T23:49:26Z,2025-12-14 15:50:05
DraftKings,player_points_rebounds,Naz Reid,Over,24.5,-107,2025-12-15,2025-12-14T23:49:26Z,2025-12-14 15:50:05
DraftKings,player_points_rebounds,Naz Reid,Under,24.5,-122,2025-12-15,2025-12-14T23:49:26Z,2025-12-14 15:50:05
DraftKings,player_points_rebounds,Zach LaVine,Over,22.5,-125,2025-12-15,2025-12-14T23:49:26Z,2025-12-14 15:50:05
DraftKings,player_points_rebounds,Zach LaVine,Under,22.5,-105,2025-12-15,2025-12-14T23:49:26Z,2025-12-14 15:50:05
DraftKings,player_points_rebounds,Jaden McDaniels,Over,22.5,-123,2025-12-15,2025-12-14T23:49:26Z,2025-12-14 15:50:05
DraftKings,player_points_rebounds,Jaden McDaniels,Under,22.5,-107,2025-12-15,2025-12-14T23:49:26Z,2025-12-14 15:50:05
DraftKings,player_points_rebounds,DeMar DeRozan,Over,21.5,-119,2025-12-15,2025-12-14T23:49:26Z,2025-12-14 15:50:05
DraftKings,player_points_rebounds,DeMar DeRozan,Under,21.5,-111,2025-12-15,2025-12-14T23:49:26Z,2025-12-14 15:50:05
DraftKings,player_points_rebounds,Keegan Murray,Over,20.5,-114,2025-12-15,2025-12-14T23:49:26Z,2025-12-14 15:50:05
DraftKings,player_points_rebounds,Keegan Murray,Under,20.5,-115,2025-12-15,2025-12-14T23:49:26Z,2025-12-14 15:50:05
DraftKings,player_points_rebounds,Donte DiVincenzo,Over,19.5,-113,2025-12-15,2025-12-14T23:49:26Z,2025-12-14 15:50:05
DraftKings,player_points_rebounds,Donte DiVincenzo,Under,19.5,-116,2025-12-15,2025-12-14T23:49:26Z,2025-12-14 15:50:05
DraftKings,player_points_rebounds,Russell Westbrook,Over,19.5,-108,2025-12-15,2025-12-14T23:49:26Z,2025-12-14 15:50:05
DraftKings,player_points_rebounds,Russell Westbrook,Under,19.5,-121,2025-12-15,2025-12-14T23:49:26Z,2025-12-14 15:50:05
DraftKings,player_points_rebounds,Maxime Raynaud,Over,18.5,-117,2025-12-15,2025-12-14T23:49:26Z,2025-12-14 15:50:05
DraftKings,player_points_rebounds,Maxime Raynaud,Under,18.5,-112,2025-12-15,2025-12-14T23:49:26Z,2025-12-14 15:50:05
DraftKings,player_points_rebounds,Malik Monk,Over,14.5,-106,2025-12-15,2025-12-14T23:49:26Z,2025-12-14 15:50:05
DraftKings,player_points_rebounds,Malik Monk,Under,14.5,-124,2025-12-15,2025-12-14T23:49:26Z,2025-12-14 15:50:05
DraftKings,player_points_rebounds,Luka Doncic,Over,43.5,-114,2025-12-15,2025-12-14T23:49:46Z,2025-12-14 15:50:05
DraftKings,player_points_rebounds,Luka Doncic,Under,43.5,-116,2025-12-15,2025-12-14T23:49:46Z,2025-12-14 15:50:05
DraftKings,player_points_rebounds,LeBron James,Over,26.5,-113,2025-12-15,2025-12-14T23:49:46Z,2025-12-14 15:50:05
DraftKings,player_points_rebounds,LeBron James,Under,26.5,-116,2025-12-15,2025-12-14T23:49:46Z,2025-12-14 15:50:05
DraftKings,player_points_rebounds,Devin Booker,Over,25.5,-112,2025-12-15,2025-12-14T23:49:46Z,2025-12-14 15:50:05
DraftKings,player_points_rebounds,Devin Booker,Under,25.5,-118,2025-12-15,2025-12-14T23:49:46Z,2025-12-14 15:50:05
DraftKings,player_points_rebounds,Deandre Ayton,Over,23.5,-113,2025-12-15,2025-12-14T23:49:46Z,2025-12-14 15:50:05
DraftKings,player_points_rebounds,Deandre Ayton,Under,23.5,-117,2025-12-15,2025-12-14T23:49:46Z,2025-12-14 15:50:05
DraftKings,player_points_rebounds,Dillon Brooks,Over,21.5,-127,2025-12-15,2025-12-14T23:49:46Z,2025-12-14 15:50:05
DraftKings,player_points_rebounds,Dillon Brooks,Under,21.5,-103,2025-12-15,2025-12-14T23:49:46Z,2025-12-14 15:50:05
DraftKings,player_points_rebounds,Mark Williams,Over,20.5,-104,2025-12-15,2025-12-14T23:49:46Z,2025-12-14 15:50:05
DraftKings,player_points_rebounds,Mark Williams,Under,20.5,-126,2025-12-15,2025-12-14T23:49:46Z,2025-12-14 15:50:05
DraftKings,player_points_rebounds,Grayson Allen,Over,19.5,-110,2025-12-15,2025-12-14T23:49:46Z,2025-12-14 15:50:05
DraftKings,player_points_rebounds,Grayson Allen,Under,19.5,-120,2025-12-15,2025-12-14T23:49:46Z,2025-12-14 15:50:05
DraftKings,player_points_rebounds,Collin Gillespie,Over,16.5,-105,2025-12-15,2025-12-14T23:49:46Z,2025-12-14 15:50:05
DraftKings,player_points_rebounds,Collin Gillespie,Under,16.5,-125,2025-12-15,2025-12-14T23:49:46Z,2025-12-14 15:50:05
DraftKings,player_points_rebounds,Rui Hachimura,Over,15.5,-124,2025-12-15,2025-12-14T23:49:46Z,2025-12-14 15:50:05
DraftKings,player_points_rebounds,Rui Hachimura,Under,15.5,-106,2025-12-15,2025-12-14T23:49:46Z,2025-12-14 15:50:05
DraftKings,player_points_rebounds,Royce O'Neale,Over,14.5,-102,2025-12-15,2025-12-14T23:49:46Z,2025-12-14 15:50:05
DraftKings,player_points_rebounds,Royce O'Neale,Under,14.5,-128,2025-12-15,2025-12-14T23:49:46Z,2025-12-14 15:50:05
DraftKings,player_points_rebounds,Marcus Smart,Over,12.5,-101,2025-12-15,2025-12-14T23:49:46Z,2025-12-14 15:50:05
DraftKings,player_points_rebounds,Marcus Smart,Under,12.5,-130,2025-12-15,2025-12-14T23:49:46Z,2025-12-14 15:50:05
DraftKings,player_points_rebounds,Jake LaRavia,Over,9.5,-124,2025-12-15,2025-12-14T23:49:46Z,2025-12-14 15:50:05
DraftKings,player_points_rebounds,Jake LaRavia,Under,9.5,-106,2025-12-15,2025-12-14T23:49:46Z,2025-12-14 15:50:05
DraftKings,player_points_rebounds,Stephen Curry,Over,32.5,-115,2025-12-15,2025-12-14T23:49:53Z,2025-12-14 15:50:05
DraftKings,player_points_rebounds,Stephen Curry,Under,32.5,-114,2025-12-15,2025-12-14T23:49:53Z,2025-12-14 15:50:05
DraftKings,player_points_rebounds,Deni Avdija,Over,31.5,-109,2025-12-15,2025-12-14T23:49:53Z,2025-12-14 15:50:05
DraftKings,player_points_rebounds,Deni Avdija,Under,31.5,-121,2025-12-15,2025-12-14T23:49:53Z,2025-12-14 15:50:05
DraftKings,player_points_rebounds,Shaedon Sharpe,Over,26.5,-117,2025-12-15,2025-12-14T23:49:53Z,2025-12-14 15:50:05
DraftKings,player_points_rebounds,Shaedon Sharpe,Under,26.5,-112,2025-12-15,2025-12-14T23:49:53Z,2025-12-14 15:50:05
DraftKings,player_points_rebounds,Jimmy Butler,Over,26.5,-104,2025-12-15,2025-12-14T23:49:53Z,2025-12-14 15:50:05
DraftKings,player_points_rebounds,Jimmy Butler,Under,26.5,-126,2025-12-15,2025-12-14T23:49:53Z,2025-12-14 15:50:05
DraftKings,player_points_rebounds,Jerami Grant,Over,23.5,-111,2025-12-15,2025-12-14T23:49:53Z,2025-12-14 15:50:05
DraftKings,player_points_rebounds,Jerami Grant,Under,23.5,-119,2025-12-15,2025-12-14T23:49:53Z,2025-12-14 15:50:05
DraftKings,player_points_rebounds,Donovan Clingan,Over,19.5,-114,2025-12-15,2025-12-14T23:49:53Z,2025-12-14 15:50:05
DraftKings,player_points_rebounds,Donovan Clingan,Under,19.5,-116,2025-12-15,2025-12-14T23:49:53Z,2025-12-14 15:50:05
DraftKings,player_points_rebounds,Toumani Camara,Over,17.5,-123,2025-12-15,2025-12-14T23:49:53Z,2025-12-14 15:50:05
DraftKings,player_points_rebounds,Toumani Camara,Under,17.5,-107,2025-12-15,2025-12-14T23:49:53Z,2025-12-14 15:50:05
DraftKings,player_points_rebounds,Draymond Green,Over,15.5,-126,2025-12-15,2025-12-14T23:49:53Z,2025-12-14 15:50:05
DraftKings,player_points_rebounds,Draymond Green,Under,15.5,-105,2025-12-15,2025-12-14T23:49:53Z,2025-12-14 15:50:05
DraftKings,player_points_rebounds,Quinten Post,Over,14.5,-109,2025-12-15,2025-12-14T23:49:53Z,2025-12-14 15:50:05
DraftKings,player_points_rebounds,Quinten Post,Under,14.5,-120,2025-12-15,2025-12-14T23:49:53Z,2025-12-14 15:50:05
DraftKings,player_points_rebounds,Brandin Podziemski,Over,12.5,-119,2025-12-15,2025-12-14T23:49:53Z,2025-12-14 15:50:05
DraftKings,player_points_rebounds,Brandin Podziemski,Under,12.5,-110,2025-12-15,2025-12-14T23:49:53Z,2025-12-14 15:50:05
DraftKings,player_points_rebounds,Buddy Hield,Over,11.5,-106,2025-12-15,2025-12-14T23:49:53Z,2025-12-14 15:50:05
DraftKings,player_points_rebounds,Buddy Hield,Under,11.5,-125,2025-12-15,2025-12-14T23:49:53Z,2025-12-14 15:50:05
DraftKings,player_points_rebounds,Moses Moody,Over,11.5,-103,2025-12-15,2025-12-14T23:49:53Z,2025-12-14 15:50:05
DraftKings,player_points_rebounds,Moses Moody,Under,11.5,-128,2025-12-15,2025-12-14T23:49:53Z,2025-12-14 15:50:05
DraftKings,player_points_rebounds,Kris Murray,Over,9.5,-103,2025-12-15,2025-12-14T23:49:53Z,2025-12-14 15:50:05
DraftKings,player_points_rebounds,Kris Murray,Under,9.5,-127,2025-12-15,2025-12-14T23:49:53Z,2025-12-14 15:50:05
DraftKings,player_points_rebounds,Jalen Brunson,Over,33.5,-122,2025-12-17,2025-12-14T23:50:47Z,2025-12-14 15:50:05
DraftKings,player_points_rebounds,Jalen Brunson,Under,33.5,-108,2025-12-17,2025-12-14T23:50:47Z,2025-12-14 15:50:05
DraftKings,player_points_rebounds,Karl-Anthony Towns,Over,32.5,-107,2025-12-17,2025-12-14T23:50:47Z,2025-12-14 15:50:05
DraftKings,player_points_rebounds,Karl-Anthony Towns,Under,32.5,-123,2025-12-17,2025-12-14T23:50:47Z,2025-12-14 15:50:05
DraftKings,player_points_rebounds,Victor Wembanyama,Over,31.5,-121,2025-12-17,2025-12-14T23:50:47Z,2025-12-14 15:50:05
DraftKings,player_points_rebounds,Victor Wembanyama,Under,31.5,-109,2025-12-17,2025-12-14T23:50:47Z,2025-12-14 15:50:05
DraftKings,player_points_rebounds,De'Aaron Fox,Over,24.5,-118,2025-12-17,2025-12-14T23:50:47Z,2025-12-14 15:50:05
DraftKings,player_points_rebounds,De'Aaron Fox,Under,24.5,-112,2025-12-17,2025-12-14T23:50:47Z,2025-12-14 15:50:05
DraftKings,player_points_rebounds,Josh Hart,Over,22.5,-114,2025-12-17,2025-12-14T23:50:47Z,2025-12-14 15:50:05
DraftKings,player_points_rebounds,Josh Hart,Under,22.5,-116,2025-12-17,2025-12-14T23:50:47Z,2025-12-14 15:50:05
DraftKings,player_points_rebounds,Stephon Castle,Over,22.5,-112,2025-12-17,2025-12-14T23:50:47Z,2025-12-14 15:50:05
DraftKings,player_points_rebounds,Stephon Castle,Under,22.5,-118,2025-12-17,2025-12-14T23:50:47Z,2025-12-14 15:50:05
DraftKings,player_points_rebounds,OG Anunoby,Over,20.5,-120,2025-12-17,2025-12-14T23:50:47Z,2025-12-14 15:50:05
DraftKings,player_points_rebounds,OG Anunoby,Under,20.5,-110,2025-12-17,2025-12-14T23:50:47Z,2025-12-14 15:50:05
DraftKings,player_points_rebounds,Mikal Bridges,Over,18.5,-107,2025-12-17,2025-12-14T23:50:47Z,2025-12-14 15:50:05
DraftKings,player_points_rebounds,Mikal Bridges,Under,18.5,-123,2025-12-17,2025-12-14T23:50:47Z,2025-12-14 15:50:05
DraftKings,player_points_rebounds,Devin Vassell,Over,16.5,-124,2025-12-17,2025-12-14T23:50:47Z,2025-12-14 15:50:05
DraftKings,player_points_rebounds,Devin Vassell,Under,16.5,-106,2025-12-17,2025-12-14T23:50:47Z,2025-12-14 15:50:05
DraftKings,player_points_rebounds,Dylan Harper,Over,13.5,-127,2025-12-17,2025-12-14T23:50:47Z,2025-12-14 15:50:05
DraftKings,player_points_rebounds,Dylan Harper,Under,13.5,-103,2025-12-17,2025-12-14T23:50:47Z,2025-12-14 15:50:05
DraftKings,player_points_rebounds,Harrison Barnes,Over,13.5,-107,2025-12-17,2025-12-14T23:50:47Z,2025-12-14 15:50:05
DraftKings,player_points_rebounds,Harrison Barnes,Under,13.5,-123,2025-12-17,2025-12-14T23:50:47Z,2025-12-14 15:50:05
DraftKings,player_points_rebounds,Julian Champagnie,Over,11.5,-118,2025-12-17,2025-12-14T23:50:47Z,2025-12-14 15:50:05
DraftKings,player_points_rebounds,Julian Champagnie,Under,11.5,-112,2025-12-17,2025-12-14T23:50:47Z,2025-12-14 15:50:05
DraftKings,player_points_rebounds,Mitchell Robinson,Over,9.5,-130,2025-12-17,2025-12-14T23:50:47Z,2025-12-14 15:50:05
DraftKings,player_points_rebounds,Mitchell Robinson,Under,9.5,-101,2025-12-17,2025-12-14T23:50:47Z,2025-12-14 15:50:05
Bovada,player_points_rebounds,Dyson Daniels,Over,17.5,-160,2025-12-14,2025-12-14T23:49:53Z,2025-12-14 15:50:05
Bovada,player_points_rebounds,Dyson Daniels,Under,17.5,120,2025-12-14,2025-12-14T23:49:53Z,2025-12-14 15:50:05
Bovada,player_points_rebounds,Dyson Daniels,Over,18.5,-125,2025-12-14,2025-12-14T23:49:53Z,2025-12-14 15:50:05
Bovada,player_points_rebounds,Dyson Daniels,Under,18.5,-105,2025-12-14,2025-12-14T23:49:53Z,2025-12-14 15:50:05
Bovada,player_points_rebounds,Dyson Daniels,Over,19.5,100,2025-12-14,2025-12-14T23:49:53Z,2025-12-14 15:50:05
Bovada,player_points_rebounds,Dyson Daniels,Under,19.5,-130,2025-12-14,2025-12-14T23:49:53Z,2025-12-14 15:50:05
Bovada,player_points_rebounds,Joel Embiid,Over,30.5,-160,2025-12-14,2025-12-14T23:49:53Z,2025-12-14 15:50:05
Bovada,player_points_rebounds,Joel Embiid,Under,30.5,120,2025-12-14,2025-12-14T23:49:53Z,2025-12-14 15:50:05
Bovada,player_points_rebounds,Joel Embiid,Over,31.5,-130,2025-12-14,2025-12-14T23:49:53Z,2025-12-14 15:50:05
Bovada,player_points_rebounds,Joel Embiid,Under,31.5,100,2025-12-14,2025-12-14T23:49:53Z,2025-12-14 15:50:05
Bovada,player_points_rebounds,Joel Embiid,Over,32.5,-110,2025-12-14,2025-12-14T23:49:53Z,2025-12-14 15:50:05
Bovada,player_points_rebounds,Joel Embiid,Under,32.5,-120,2025-12-14,2025-12-14T23:49:53Z,2025-12-14 15:50:05
Bovada,player_points_rebounds,Nickeil Alexander-Walker,Over,22.5,-160,2025-12-14,2025-12-14T23:49:53Z,2025-12-14 15:50:05
Bovada,player_points_rebounds,Nickeil Alexander-Walker,Under,22.5,120,2025-12-14,2025-12-14T23:49:53Z,2025-12-14 15:50:05
Bovada,player_points_rebounds,Nickeil Alexander-Walker,Over,23.5,-130,2025-12-14,2025-12-14T23:49:53Z,2025-12-14 15:50:05
Bovada,player_points_rebounds,Nickeil Alexander-Walker,Under,23.5,100,2025-12-14,2025-12-14T23:49:53Z,2025-12-14 15:50:05
Bovada,player_points_rebounds,Nickeil Alexander-Walker,Over,24.5,-105,2025-12-14,2025-12-14T23:49:53Z,2025-12-14 15:50:05
Bovada,player_points_rebounds,Nickeil Alexander-Walker,Under,24.5,-125,2025-12-14,2025-12-14T23:49:53Z,2025-12-14 15:50:05
Bovada,player_points_rebounds,Onyeka Okongwu,Over,25.5,-135,2025-12-14,2025-12-14T23:49:53Z,2025-12-14 15:50:05
Bovada,player_points_rebounds,Onyeka Okongwu,Under,25.5,105,2025-12-14,2025-12-14T23:49:53Z,2025-12-14 15:50:05
Bovada,player_points_rebounds,Onyeka Okongwu,Over,26.5,-115,2025-12-14,2025-12-14T23:49:53Z,2025-12-14 15:50:05
Bovada,player_points_rebounds,Onyeka Okongwu,Under,26.5,-115,2025-12-14,2025-12-14T23:49:53Z,2025-12-14 15:50:05
Bovada,player_points_rebounds,Onyeka Okongwu,Over,27.5,105,2025-12-14,2025-12-14T23:49:53Z,2025-12-14 15:50:05
Bovada,player_points_rebounds,Onyeka Okongwu,Under,27.5,-135,2025-12-14,2025-12-14T23:49:53Z,2025-12-14 15:50:05
Bovada,player_points_rebounds,Quentin Grimes,Over,20.5,-170,2025-12-14,2025-12-14T23:49:53Z,2025-12-14 15:50:05
Bovada,player_points_rebounds,Quentin Grimes,Under,20.5,130,2025-12-14,2025-12-14T23:49:53Z,2025-12-14 15:50:05
Bovada,player_points_rebounds,Quentin Grimes,Over,21.5,-135,2025-12-14,2025-12-14T23:49:53Z,2025-12-14 15:50:05
Bovada,player_points_rebounds,Quentin Grimes,Under,21.5,105,2025-12-14,2025-12-14T23:49:53Z,2025-12-14 15:50:05
Bovada,player_points_rebounds,Quentin Grimes,Over,22.5,-110,2025-12-14,2025-12-14T23:49:53Z,2025-12-14 15:50:05
Bovada,player_points_rebounds,Quentin Grimes,Under,22.5,-120,2025-12-14,2025-12-14T23:49:53Z,2025-12-14 15:50:05
Bovada,player_points_rebounds,Vit Krejci,Over,9.5,-165,2025-12-14,2025-12-14T23:49:53Z,2025-12-14 15:50:05
Bovada,player_points_rebounds,Vit Krejci,Under,9.5,125,2025-12-14,2025-12-14T23:49:53Z,2025-12-14 15:50:05
Bovada,player_points_rebounds,Vit Krejci,Over,10.5,-120,2025-12-14,2025-12-14T23:49:53Z,2025-12-14 15:50:05
Bovada,player_points_rebounds,Vit Krejci,Under,10.5,-110,2025-12-14,2025-12-14T23:49:53Z,2025-12-14 15:50:05
Bovada,player_points_rebounds,Vit Krejci,Over,11.5,115,2025-12-14,2025-12-14T23:49:53Z,2025-12-14 15:50:05
Bovada,player_points_rebounds,Vit Krejci,Under,11.5,-150,2025-12-14,2025-12-14T23:49:53Z,2025-12-14 15:50:05
Bovada,player_points_rebounds,VJ Edgecombe,Over,19.5,-145,2025-12-14,2025-12-14T23:49:53Z,2025-12-14 15:50:05
Bovada,player_points_rebounds,VJ Edgecombe,Under,19.5,110,2025-12-14,2025-12-14T23:49:53Z,2025-12-14 15:50:05
Bovada,player_points_rebounds,VJ Edgecombe,Over,20.5,-115,2025-12-14,2025-12-14T23:49:53Z,2025-12-14 15:50:05
Bovada,player_points_rebounds,VJ Edgecombe,Under,20.5,-115,2025-12-14,2025-12-14T23:49:53Z,2025-12-14 15:50:05
Bovada,player_points_rebounds,VJ Edgecombe,Over,21.5,110,2025-12-14,2025-12-14T23:49:53Z,2025-12-14 15:50:05
Bovada,player_points_rebounds,VJ Edgecombe,Under,21.5,-145,2025-12-14,2025-12-14T23:49:53Z,2025-12-14 15:50:05
Bovada,player_points_rebounds,Zaccharie Risacher,Over,13.5,-150,2025-12-14,2025-12-14T23:49:53Z,2025-12-14 15:50:05
Bovada,player_points_rebounds,Zaccharie Risacher,Under,13.5,115,2025-12-14,2025-12-14T23:49:53Z,2025-12-14 15:50:05
Bovada,player_points_rebounds,Zaccharie Risacher,Over,14.5,-115,2025-12-14,2025-12-14T23:49:53Z,2025-12-14 15:50:05
Bovada,player_points_rebounds,Zaccharie Risacher,Under,14.5,-115,2025-12-14,2025-12-14T23:49:53Z,2025-12-14 15:50:05
Bovada,player_points_rebounds,Zaccharie Risacher,Over,15.5,110,2025-12-14,2025-12-14T23:49:53Z,2025-12-14 15:50:05
Bovada,player_points_rebounds,Zaccharie Risacher,Under,15.5,-145,2025-12-14,2025-12-14T23:49:53Z,2025-12-14 15:50:05
Bovada,player_points_rebounds,Bobby Portis,Over,19.5,-160,2025-12-14,2025-12-14T23:49:52Z,2025-12-14 15:50:05
Bovada,player_points_rebounds,Bobby Portis,Under,19.5,120,2025-12-14,2025-12-14T23:49:52Z,2025-12-14 15:50:05
Bovada,player_points_rebounds,Bobby Portis,Over,20.5,-125,2025-12-14,2025-12-14T23:49:52Z,2025-12-14 15:50:05
Bovada,player_points_rebounds,Bobby Portis,Under,20.5,-105,2025-12-14,2025-12-14T23:49:52Z,2025-12-14 15:50:05
Bovada,player_points_rebounds,Bobby Portis,Over,21.5,100,2025-12-14,2025-12-14T23:49:52Z,2025-12-14 15:50:05
Bovada,player_points_rebounds,Bobby Portis,Under,21.5,-130,2025-12-14,2025-12-14T23:49:52Z,2025-12-14 15:50:05
Bovada,player_points_rebounds,Danny Wolf,Over,13.5,-160,2025-12-14,2025-12-14T23:49:52Z,2025-12-14 15:50:05
Bovada,player_points_rebounds,Danny Wolf,Under,13.5,120,2025-12-14,2025-12-14T23:49:52Z,2025-12-14 15:50:05
Bovada,player_points_rebounds,Danny Wolf,Over,14.5,-120,2025-12-14,2025-12-14T23:49:52Z,2025-12-14 15:50:05
Bovada,player_points_rebounds,Danny Wolf,Under,14.5,-110,2025-12-14,2025-12-14T23:49:52Z,2025-12-14 15:50:05
Bovada,player_points_rebounds,Danny Wolf,Over,15.5,110,2025-12-14,2025-12-14T23:49:52Z,2025-12-14 15:50:05
Bovada,player_points_rebounds,Danny Wolf,Under,15.5,-145,2025-12-14,2025-12-14T23:49:52Z,2025-12-14 15:50:05
Bovada,player_points_rebounds,Day'Ron Sharpe,Over,9.5,-210,2025-12-14,2025-12-14T23:49:52Z,2025-12-14 15:50:05
Bovada,player_points_rebounds,Day'Ron Sharpe,Under,9.5,155,2025-12-14,2025-12-14T23:49:52Z,2025-12-14 15:50:05
Bovada,player_points_rebounds,Day'Ron Sharpe,Over,10.5,-150,2025-12-14,2025-12-14T23:49:52Z,2025-12-14 15:50:05
Bovada,player_points_rebounds,Day'Ron Sharpe,Under,10.5,115,2025-12-14,2025-12-14T23:49:52Z,2025-12-14 15:50:05
Bovada,player_points_rebounds,Day'Ron Sharpe,Over,11.5,-110,2025-12-14,2025-12-14T23:49:52Z,2025-12-14 15:50:05
Bovada,player_points_rebounds,Day'Ron Sharpe,Under,11.5,-120,2025-12-14,2025-12-14T23:49:52Z,2025-12-14 15:50:05
Bovada,player_points_rebounds,Kevin Porter Jr.,Over,25.5,-135,2025-12-14,2025-12-14T23:49:52Z,2025-12-14 15:50:05
Bovada,player_points_rebounds,Kevin Porter Jr.,Under,25.5,105,2025-12-14,2025-12-14T23:49:52Z,2025-12-14 15:50:05
Bovada,player_points_rebounds,Kevin Porter Jr.,Over,26.5,-115,2025-12-14,2025-12-14T23:49:52Z,2025-12-14 15:50:05
Bovada,player_points_rebounds,Kevin Porter Jr.,Under,26.5,-115,2025-12-14,2025-12-14T23:49:52Z,2025-12-14 15:50:05
Bovada,player_points_rebounds,Kevin Porter Jr.,Over,27.5,105,2025-12-14,2025-12-14T23:49:52Z,2025-12-14 15:50:05
Bovada,player_points_rebounds,Kevin Porter Jr.,Under,27.5,-135,2025-12-14,2025-12-14T23:49:52Z,2025-12-14 15:50:05
Bovada,player_points_rebounds,Kyle Kuzma,Over,19.5,-150,2025-12-14,2025-12-14T23:49:52Z,2025-12-14 15:50:05
Bovada,player_points_rebounds,Kyle Kuzma,Under,19.5,115,2025-12-14,2025-12-14T23:49:52Z,2025-12-14 15:50:05
Bovada,player_points_rebounds,Kyle Kuzma,Over,20.5,-120,2025-12-14,2025-12-14T23:49:52Z,2025-12-14 15:50:05
Bovada,player_points_rebounds,Kyle Kuzma,Under,20.5,-110,2025-12-14,2025-12-14T23:49:52Z,2025-12-14 15:50:05
Bovada,player_points_rebounds,Kyle Kuzma,Over,21.5,105,2025-12-14,2025-12-14T23:49:52Z,2025-12-14 15:50:05
Bovada,player_points_rebounds,Kyle Kuzma,Under,21.5,-135,2025-12-14,2025-12-14T23:49:52Z,2025-12-14 15:50:05
Bovada,player_points_rebounds,Michael Porter Jr,Over,31.5,-150,2025-12-14,2025-12-14T23:49:52Z,2025-12-14 15:50:05
Bovada,player_points_rebounds,Michael Porter Jr,Under,31.5,115,2025-12-14,2025-12-14T23:49:52Z,2025-12-14 15:50:05
Bovada,player_points_rebounds,Michael Porter Jr,Over,32.5,-125,2025-12-14,2025-12-14T23:49:52Z,2025-12-14 15:50:05
Bovada,player_points_rebounds,Michael Porter Jr,Under,32.5,-105,2025-12-14,2025-12-14T23:49:52Z,2025-12-14 15:50:05
Bovada,player_points_rebounds,Michael Porter Jr,Over,33.5,-105,2025-12-14,2025-12-14T23:49:52Z,2025-12-14 15:50:05
Bovada,player_points_rebounds,Michael Porter Jr,Under,33.5,-125,2025-12-14,2025-12-14T23:49:52Z,2025-12-14 15:50:05
Bovada,player_points_rebounds,Myles Turner,Over,17.5,-145,2025-12-14,2025-12-14T23:49:52Z,2025-12-14 15:50:05
Bovada,player_points_rebounds,Myles Turner,Under,17.5,110,2025-12-14,2025-12-14T23:49:52Z,2025-12-14 15:50:05
Bovada,player_points_rebounds,Myles Turner,Over,18.5,-115,2025-12-14,2025-12-14T23:49:52Z,2025-12-14 15:50:05
Bovada,player_points_rebounds,Myles Turner,Under,18.5,-115,2025-12-14,2025-12-14T23:49:52Z,2025-12-14 15:50:05
Bovada,player_points_rebounds,Myles Turner,Over,19.5,110,2025-12-14,2025-12-14T23:49:52Z,2025-12-14 15:50:05
Bovada,player_points_rebounds,Myles Turner,Under,19.5,-145,2025-12-14,2025-12-14T23:49:52Z,2025-12-14 15:50:05
Bovada,player_points_rebounds,Nicolas Claxton,Over,19.5,-165,2025-12-14,2025-12-14T23:49:52Z,2025-12-14 15:50:05
Bovada,player_points_rebounds,Nicolas Claxton,Under,19.5,125,2025-12-14,2025-12-14T23:49:52Z,2025-12-14 15:50:05
Bovada,player_points_rebounds,Nicolas Claxton,Over,20.5,-130,2025-12-14,2025-12-14T23:49:52Z,2025-12-14 15:50:05
Bovada,player_points_rebounds,Nicolas Claxton,Under,20.5,100,2025-12-14,2025-12-14T23:49:52Z,2025-12-14 15:50:05
Bovada,player_points_rebounds,Nicolas Claxton,Over,21.5,-105,2025-12-14,2025-12-14T23:49:52Z,2025-12-14 15:50:05
Bovada,player_points_rebounds,Nicolas Claxton,Under,21.5,-125,2025-12-14,2025-12-14T23:49:52Z,2025-12-14 15:50:05
Bovada,player_points_rebounds,Noah Clowney,Over,17.5,-145,2025-12-14,2025-12-14T23:49:52Z,2025-12-14 15:50:05
Bovada,player_points_rebounds,Noah Clowney,Under,17.5,110,2025-12-14,2025-12-14T23:49:52Z,2025-12-14 15:50:05
Bovada,player_points_rebounds,Noah Clowney,Over,18.5,-115,2025-12-14,2025-12-14T23:49:52Z,2025-12-14 15:50:05
Bovada,player_points_rebounds,Noah Clowney,Under,18.5,-115,2025-12-14,2025-12-14T23:49:52Z,2025-12-14 15:50:05
Bovada,player_points_rebounds,Noah Clowney,Over,19.5,110,2025-12-14,2025-12-14T23:49:52Z,2025-12-14 15:50:05
Bovada,player_points_rebounds,Noah Clowney,Under,19.5,-145,2025-12-14,2025-12-14T23:49:52Z,2025-12-14 15:50:05
Bovada,player_points_rebounds,Ryan Rollins,Over,20.5,-150,2025-12-14,2025-12-14T23:49:52Z,2025-12-14 15:50:05
Bovada,player_points_rebounds,Ryan Rollins,Under,20.5,115,2025-12-14,2025-12-14T23:49:52Z,2025-12-14 15:50:05
Bovada,player_points_rebounds,Ryan Rollins,Over,21.5,-120,2025-12-14,2025-12-14T23:49:52Z,2025-12-14 15:50:05
Bovada,player_points_rebounds,Ryan Rollins,Under,21.5,-110,2025-12-14,2025-12-14T23:49:52Z,2025-12-14 15:50:05
Bovada,player_points_rebounds,Ryan Rollins,Over,22.5,105,2025-12-14,2025-12-14T23:49:52Z,2025-12-14 15:50:05
Bovada,player_points_rebounds,Ryan Rollins,Under,22.5,-135,2025-12-14,2025-12-14T23:49:52Z,2025-12-14 15:50:05
Bovada,player_points_rebounds,Terance Mann,Over,10.5,-165,2025-12-14,2025-12-14T23:49:52Z,2025-12-14 15:50:05
Bovada,player_points_rebounds,Terance Mann,Under,10.5,125,2025-12-14,2025-12-14T23:49:52Z,2025-12-14 15:50:05
Bovada,player_points_rebounds,Terance Mann,Over,11.5,-120,2025-12-14,2025-12-14T23:49:52Z,2025-12-14 15:50:05
Bovada,player_points_rebounds,Terance Mann,Under,11.5,-110,2025-12-14,2025-12-14T23:49:52Z,2025-12-14 15:50:05
Bovada,player_points_rebounds,Terance Mann,Over,12.5,110,2025-12-14,2025-12-14T23:49:52Z,2025-12-14 15:50:05
Bovada,player_points_rebounds,Terance Mann,Under,12.5,-145,2025-12-14,2025-12-14T23:49:52Z,2025-12-14 15:50:05
Bovada,player_points_rebounds,Ziaire Williams,Over,8.5,-215,2025-12-14,2025-12-14T23:49:52Z,2025-12-14 15:50:05
Bovada,player_points_rebounds,Ziaire Williams,Under,8.5,160,2025-12-14,2025-12-14T23:49:52Z,2025-12-14 15:50:05
Bovada,player_points_rebounds,Ziaire Williams,Over,9.5,-150,2025-12-14,2025-12-14T23:49:52Z,2025-12-14 15:50:05
Bovada,player_points_rebounds,Ziaire Williams,Under,9.5,115,2025-12-14,2025-12-14T23:49:52Z,2025-12-14 15:50:05
Bovada,player_points_rebounds,Ziaire Williams,Over,10.5,-110,2025-12-14,2025-12-14T23:49:52Z,2025-12-14 15:50:05
Bovada,player_points_rebounds,Ziaire Williams,Under,10.5,-120,2025-12-14,2025-12-14T23:49:52Z,2025-12-14 15:50:05
Bovada,player_points_rebounds,Kevin Huerter,Over,10.5,-165,2025-12-15,2025-12-14T23:49:19Z,2025-12-14 15:50:05
Bovada,player_points_rebounds,Kevin Huerter,Under,10.5,125,2025-12-15,2025-12-14T23:49:19Z,2025-12-14 15:50:05
Bovada,player_points_rebounds,Kevin Huerter,Over,11.5,-120,2025-12-15,2025-12-14T23:49:19Z,2025-12-14 15:50:05
Bovada,player_points_rebounds,Kevin Huerter,Under,11.5,-110,2025-12-15,2025-12-14T23:49:19Z,2025-12-14 15:50:05
Bovada,player_points_rebounds,Kevin Huerter,Over,12.5,110,2025-12-15,2025-12-14T23:49:19Z,2025-12-14 15:50:05
Bovada,player_points_rebounds,Kevin Huerter,Under,12.5,-145,2025-12-15,2025-12-14T23:49:19Z,2025-12-14 15:50:05
Bovada,player_points_rebounds,Coby White,Over,24.5,-135,2025-12-15,2025-12-14T23:49:19Z,2025-12-14 15:50:05
Bovada,player_points_rebounds,Coby White,Under,24.5,105,2025-12-15,2025-12-14T23:49:19Z,2025-12-14 15:50:05
Bovada,player_points_rebounds,Coby White,Over,25.5,-115,2025-12-15,2025-12-14T23:49:19Z,2025-12-14 15:50:05
Bovada,player_points_rebounds,Coby White,Under,25.5,-115,2025-12-15,2025-12-14T23:49:19Z,2025-12-14 15:50:05
Bovada,player_points_rebounds,Coby White,Over,26.5,105,2025-12-15,2025-12-14T23:49:19Z,2025-12-14 15:50:05
Bovada,player_points_rebounds,Coby White,Under,26.5,-135,2025-12-15,2025-12-14T23:49:19Z,2025-12-14 15:50:05
Bovada,player_points_rebounds,Derik Queen,Over,20.5,-170,2025-12-15,2025-12-14T23:49:19Z,2025-12-14 15:50:05
Bovada,player_points_rebounds,Derik Queen,Under,20.5,130,2025-12-15,2025-12-14T23:49:19Z,2025-12-14 15:50:05
Bovada,player_points_rebounds,Derik Queen,Over,21.5,-135,2025-12-15,2025-12-14T23:49:19Z,2025-12-14 15:50:05
Bovada,player_points_rebounds,Derik Queen,Under,21.5,105,2025-12-15,2025-12-14T23:49:19Z,2025-12-14 15:50:05
Bovada,player_points_rebounds,Derik Queen,Over,22.5,-110,2025-12-15,2025-12-14T23:49:19Z,2025-12-14 15:50:05
Bovada,player_points_rebounds,Derik Queen,Under,22.5,-120,2025-12-15,2025-12-14T23:49:19Z,2025-12-14 15:50:05
Bovada,player_points_rebounds,Herb Jones,Over,11.5,-170,2025-12-15,2025-12-14T23:49:19Z,2025-12-14 15:50:05
Bovada,player_points_rebounds,Herb Jones,Under,11.5,130,2025-12-15,2025-12-14T23:49:19Z,2025-12-14 15:50:05
Bovada,player_points_rebounds,Herb Jones,Over,12.5,-125,2025-12-15,2025-12-14T23:49:19Z,2025-12-14 15:50:05
Bovada,player_points_rebounds,Herb Jones,Under,12.5,-105,2025-12-15,2025-12-14T23:49:19Z,2025-12-14 15:50:05
Bovada,player_points_rebounds,Herb Jones,Over,13.5,105,2025-12-15,2025-12-14T23:49:19Z,2025-12-14 15:50:05
Bovada,player_points_rebounds,Herb Jones,Under,13.5,-135,2025-12-15,2025-12-14T23:49:19Z,2025-12-14 15:50:05
Bovada,player_points_rebounds,Isaac Okoro,Over,7.5,-215,2025-12-15,2025-12-14T23:49:19Z,2025-12-14 15:50:05
Bovada,player_points_rebounds,Isaac Okoro,Under,7.5,160,2025-12-15,2025-12-14T23:49:19Z,2025-12-14 15:50:05
Bovada,player_points_rebounds,Isaac Okoro,Over,8.5,-145,2025-12-15,2025-12-14T23:49:19Z,2025-12-14 15:50:05
Bovada,player_points_rebounds,Isaac Okoro,Under,8.5,110,2025-12-15,2025-12-14T23:49:19Z,2025-12-14 15:50:05
Bovada,player_points_rebounds,Isaac Okoro,Over,9.5,-105,2025-12-15,2025-12-14T23:49:19Z,2025-12-14 15:50:05
Bovada,player_points_rebounds,Isaac Okoro,Under,9.5,-125,2025-12-15,2025-12-14T23:49:19Z,2025-12-14 15:50:05
Bovada,player_points_rebounds,Jalen Smith,Over,10.5,-190,2025-12-15,2025-12-14T23:49:19Z,2025-12-14 15:50:05
Bovada,player_points_rebounds,Jalen Smith,Under,10.5,145,2025-12-15,2025-12-14T23:49:19Z,2025-12-14 15:50:05
Bovada,player_points_rebounds,Jalen Smith,Over,11.5,-145,2025-12-15,2025-12-14T23:49:19Z,2025-12-14 15:50:05
Bovada,player_points_rebounds,Jalen Smith,Under,11.5,110,2025-12-15,2025-12-14T23:49:19Z,2025-12-14 15:50:05
Bovada,player_points_rebounds,Jalen Smith,Over,12.5,-105,2025-12-15,2025-12-14T23:49:19Z,2025-12-14 15:50:05
Bovada,player_points_rebounds,Jalen Smith,Under,12.5,-125,2025-12-15,2025-12-14T23:49:19Z,2025-12-14 15:50:05
Bovada,player_points_rebounds,Jeremiah Fears,Over,16.5,-150,2025-12-15,2025-12-14T23:49:19Z,2025-12-14 15:50:05
Bovada,player_points_rebounds,Jeremiah Fears,Under,16.5,115,2025-12-15,2025-12-14T23:49:19Z,2025-12-14 15:50:05
Bovada,player_points_rebounds,Jeremiah Fears,Over,17.5,-120,2025-12-15,2025-12-14T23:49:19Z,2025-12-14 15:50:05
Bovada,player_points_rebounds,Jeremiah Fears,Under,17.5,-110,2025-12-15,2025-12-14T23:49:19Z,2025-12-14 15:50:05
Bovada,player_points_rebounds,Jeremiah Fears,Over,18.5,105,2025-12-15,2025-12-14T23:49:19Z,2025-12-14 15:50:05
Bovada,player_points_rebounds,Jeremiah Fears,Under,18.5,-135,2025-12-15,2025-12-14T23:49:19Z,2025-12-14 15:50:05
Bovada,player_points_rebounds,Josh Giddey,Over,27.5,-150,2025-12-15,2025-12-14T23:49:19Z,2025-12-14 15:50:05
Bovada,player_points_rebounds,Josh Giddey,Under,27.5,115,2025-12-15,2025-12-14T23:49:19Z,2025-12-14 15:50:05
Bovada,player_points_rebounds,Josh Giddey,Over,28.5,-125,2025-12-15,2025-12-14T23:49:19Z,2025-12-14 15:50:05
Bovada,player_points_rebounds,Josh Giddey,Under,28.5,-105,2025-12-15,2025-12-14T23:49:19Z,2025-12-14 15:50:05
Bovada,player_points_rebounds,Josh Giddey,Over,29.5,-105,2025-12-15,2025-12-14T23:49:19Z,2025-12-14 15:50:05
Bovada,player_points_rebounds,Josh Giddey,Under,29.5,-125,2025-12-15,2025-12-14T23:49:19Z,2025-12-14 15:50:05
Bovada,player_points_rebounds,Matas Buzelis,Over,17.5,-145,2025-12-15,2025-12-14T23:49:19Z,2025-12-14 15:50:05
Bovada,player_points_rebounds,Matas Buzelis,Under,17.5,110,2025-12-15,2025-12-14T23:49:19Z,2025-12-14 15:50:05
Bovada,player_points_rebounds,Matas Buzelis,Over,18.5,-115,2025-12-15,2025-12-14T23:49:19Z,2025-12-14 15:50:05
Bovada,player_points_rebounds,Matas Buzelis,Under,18.5,-115,2025-12-15,2025-12-14T23:49:19Z,2025-12-14 15:50:05
Bovada,player_points_rebounds,Matas Buzelis,Over,19.5,110,2025-12-15,2025-12-14T23:49:19Z,2025-12-14 15:50:05
Bovada,player_points_rebounds,Matas Buzelis,Under,19.5,-145,2025-12-15,2025-12-14T23:49:19Z,2025-12-14 15:50:05
Bovada,player_points_rebounds,Nikola Vucevic,Over,21.5,-165,2025-12-15,2025-12-14T23:49:19Z,2025-12-14 15:50:05
Bovada,player_points_rebounds,Nikola Vucevic,Under,21.5,125,2025-12-15,2025-12-14T23:49:19Z,2025-12-14 15:50:05
Bovada,player_points_rebounds,Nikola Vucevic,Over,22.5,-135,2025-12-15,2025-12-14T23:49:19Z,2025-12-14 15:50:05
Bovada,player_points_rebounds,Nikola Vucevic,Under,22.5,105,2025-12-15,2025-12-14T23:49:19Z,2025-12-14 15:50:05
Bovada,player_points_rebounds,Nikola Vucevic,Over,23.5,-110,2025-12-15,2025-12-14T23:49:19Z,2025-12-14 15:50:05
Bovada,player_points_rebounds,Nikola Vucevic,Under,23.5,-120,2025-12-15,2025-12-14T23:49:19Z,2025-12-14 15:50:05
Bovada,player_points_rebounds,Saddiq Bey,Over,17.5,-145,2025-12-15,2025-12-14T23:49:19Z,2025-12-14 15:50:05
Bovada,player_points_rebounds,Saddiq Bey,Under,17.5,110,2025-12-15,2025-12-14T23:49:19Z,2025-12-14 15:50:05
Bovada,player_points_rebounds,Saddiq Bey,Over,18.5,-115,2025-12-15,2025-12-14T23:49:19Z,2025-12-14 15:50:05
Bovada,player_points_rebounds,Saddiq Bey,Under,18.5,-115,2025-12-15,2025-12-14T23:49:19Z,2025-12-14 15:50:05
Bovada,player_points_rebounds,Saddiq Bey,Over,19.5,110,2025-12-15,2025-12-14T23:49:19Z,2025-12-14 15:50:05
Bovada,player_points_rebounds,Saddiq Bey,Under,19.5,-145,2025-12-15,2025-12-14T23:49:19Z,2025-12-14 15:50:05
Bovada,player_points_rebounds,Tre Jones,Over,12.5,-160,2025-12-15,2025-12-14T23:49:19Z,2025-12-14 15:50:05
Bovada,player_points_rebounds,Tre Jones,Under,12.5,120,2025-12-15,2025-12-14T23:49:19Z,2025-12-14 15:50:05
Bovada,player_points_rebounds,Tre Jones,Over,13.5,-120,2025-12-15,2025-12-14T23:49:19Z,2025-12-14 15:50:05
Bovada,player_points_rebounds,Tre Jones,Under,13.5,-110,2025-12-15,2025-12-14T23:49:19Z,2025-12-14 15:50:05
Bovada,player_points_rebounds,Tre Jones,Over,14.5,110,2025-12-15,2025-12-14T23:49:19Z,2025-12-14 15:50:05
Bovada,player_points_rebounds,Tre Jones,Under,14.5,-145,2025-12-15,2025-12-14T23:49:19Z,2025-12-14 15:50:05
Bovada,player_points_rebounds,Trey Murphy III,Over,24.5,-150,2025-12-15,2025-12-14T23:49:19Z,2025-12-14 15:50:05
Bovada,player_points_rebounds,Trey Murphy III,Under,24.5,115,2025-12-15,2025-12-14T23:49:19Z,2025-12-14 15:50:05
Bovada,player_points_rebounds,Trey Murphy III,Over,25.5,-125,2025-12-15,2025-12-14T23:49:19Z,2025-12-14 15:50:05
Bovada,player_points_rebounds,Trey Murphy III,Under,25.5,-105,2025-12-15,2025-12-14T23:49:19Z,2025-12-14 15:50:05
Bovada,player_points_rebounds,Trey Murphy III,Over,26.5,-105,2025-12-15,2025-12-14T23:49:19Z,2025-12-14 15:50:05
Bovada,player_points_rebounds,Trey Murphy III,Under,26.5,-125,2025-12-15,2025-12-14T23:49:19Z,2025-12-14 15:50:05
Bovada,player_points_rebounds,Zion Williamson,Over,21.5,-150,2025-12-15,2025-12-14T23:49:19Z,2025-12-14 15:50:05
Bovada,player_points_rebounds,Zion Williamson,Under,21.5,115,2025-12-15,2025-12-14T23:49:19Z,2025-12-14 15:50:05
Bovada,player_points_rebounds,Zion Williamson,Over,22.5,-120,2025-12-15,2025-12-14T23:49:19Z,2025-12-14 15:50:05
Bovada,player_points_rebounds,Zion Williamson,Under,22.5,-110,2025-12-15,2025-12-14T23:49:19Z,2025-12-14 15:50:05
Bovada,player_points_rebounds,Zion Williamson,Over,23.5,105,2025-12-15,2025-12-14T23:49:19Z,2025-12-14 15:50:05
Bovada,player_points_rebounds,Zion Williamson,Under,23.5,-135,2025-12-15,2025-12-14T23:49:19Z,2025-12-14 15:50:05
Bovada,player_points_rebounds,DeMar DeRozan,Over,20.5,-150,2025-12-15,2025-12-14T23:49:50Z,2025-12-14 15:50:05
Bovada,player_points_rebounds,DeMar DeRozan,Under,20.5,115,2025-12-15,2025-12-14T23:49:50Z,2025-12-14 15:50:05
Bovada,player_points_rebounds,DeMar DeRozan,Over,21.5,-120,2025-12-15,2025-12-14T23:49:50Z,2025-12-14 15:50:05
Bovada,player_points_rebounds,DeMar DeRozan,Under,21.5,-110,2025-12-15,2025-12-14T23:49:50Z,2025-12-14 15:50:05
Bovada,player_points_rebounds,DeMar DeRozan,Over,22.5,105,2025-12-15,2025-12-14T23:49:50Z,2025-12-14 15:50:05
Bovada,player_points_rebounds,DeMar DeRozan,Under,22.5,-135,2025-12-15,2025-12-14T23:49:50Z,2025-12-14 15:50:05
Bovada,player_points_rebounds,Donte DiVincenzo,Over,18.5,-145,2025-12-15,2025-12-14T23:49:50Z,2025-12-14 15:50:05
Bovada,player_points_rebounds,Donte DiVincenzo,Under,18.5,110,2025-12-15,2025-12-14T23:49:50Z,2025-12-14 15:50:05
Bovada,player_points_rebounds,Donte DiVincenzo,Over,19.5,-115,2025-12-15,2025-12-14T23:49:50Z,2025-12-14 15:50:05
Bovada,player_points_rebounds,Donte DiVincenzo,Under,19.5,-115,2025-12-15,2025-12-14T23:49:50Z,2025-12-14 15:50:05
Bovada,player_points_rebounds,Donte DiVincenzo,Over,20.5,110,2025-12-15,2025-12-14T23:49:50Z,2025-12-14 15:50:05
Bovada,player_points_rebounds,Donte DiVincenzo,Under,20.5,-145,2025-12-15,2025-12-14T23:49:50Z,2025-12-14 15:50:05
Bovada,player_points_rebounds,Jaden McDaniels,Over,21.5,-150,2025-12-15,2025-12-14T23:49:50Z,2025-12-14 15:50:05
Bovada,player_points_rebounds,Jaden McDaniels,Under,21.5,115,2025-12-15,2025-12-14T23:49:50Z,2025-12-14 15:50:05
Bovada,player_points_rebounds,Jaden McDaniels,Over,22.5,-120,2025-12-15,2025-12-14T23:49:50Z,2025-12-14 15:50:05
Bovada,player_points_rebounds,Jaden McDaniels,Under,22.5,-110,2025-12-15,2025-12-14T23:49:50Z,2025-12-14 15:50:05
Bovada,player_points_rebounds,Jaden McDaniels,Over,23.5,105,2025-12-15,2025-12-14T23:49:50Z,2025-12-14 15:50:05
Bovada,player_points_rebounds,Jaden McDaniels,Under,23.5,-135,2025-12-15,2025-12-14T23:49:50Z,2025-12-14 15:50:05
Bovada,player_points_rebounds,Julius Randle,Over,31.5,-145,2025-12-15,2025-12-14T23:49:50Z,2025-12-14 15:50:05
Bovada,player_points_rebounds,Julius Randle,Under,31.5,110,2025-12-15,2025-12-14T23:49:50Z,2025-12-14 15:50:05
Bovada,player_points_rebounds,Julius Randle,Over,32.5,-120,2025-12-15,2025-12-14T23:49:50Z,2025-12-14 15:50:05
Bovada,player_points_rebounds,Julius Randle,Under,32.5,-110,2025-12-15,2025-12-14T23:49:50Z,2025-12-14 15:50:05
Bovada,player_points_rebounds,Julius Randle,Over,33.5,100,2025-12-15,2025-12-14T23:49:50Z,2025-12-14 15:50:05
Bovada,player_points_rebounds,Julius Randle,Under,33.5,-130,2025-12-15,2025-12-14T23:49:50Z,2025-12-14 15:50:05
Bovada,player_points_rebounds,Keegan Murray,Over,19.5,-145,2025-12-15,2025-12-14T23:49:50Z,2025-12-14 15:50:05
Bovada,player_points_rebounds,Keegan Murray,Under,19.5,110,2025-12-15,2025-12-14T23:49:50Z,2025-12-14 15:50:05
Bovada,player_points_rebounds,Keegan Murray,Over,20.5,-115,2025-12-15,2025-12-14T23:49:50Z,2025-12-14 15:50:05
Bovada,player_points_rebounds,Keegan Murray,Under,20.5,-115,2025-12-15,2025-12-14T23:49:50Z,2025-12-14 15:50:05
Bovada,player_points_rebounds,Keegan Murray,Over,21.5,110,2025-12-15,2025-12-14T23:49:50Z,2025-12-14 15:50:05
Bovada,player_points_rebounds,Keegan Murray,Under,21.5,-145,2025-12-15,2025-12-14T23:49:50Z,2025-12-14 15:50:05
Bovada,player_points_rebounds,Maxime Raynaud,Over,17.5,-150,2025-12-15,2025-12-14T23:49:50Z,2025-12-14 15:50:05
Bovada,player_points_rebounds,Maxime Raynaud,Under,17.5,115,2025-12-15,2025-12-14T23:49:50Z,2025-12-14 15:50:05
Bovada,player_points_rebounds,Maxime Raynaud,Over,18.5,-120,2025-12-15,2025-12-14T23:49:50Z,2025-12-14 15:50:05
Bovada,player_points_rebounds,Maxime Raynaud,Under,18.5,-110,2025-12-15,2025-12-14T23:49:50Z,2025-12-14 15:50:05
Bovada,player_points_rebounds,Maxime Raynaud,Over,19.5,105,2025-12-15,2025-12-14T23:49:50Z,2025-12-14 15:50:05
Bovada,player_points_rebounds,Maxime Raynaud,Under,19.5,-135,2025-12-15,2025-12-14T23:49:50Z,2025-12-14 15:50:05
Bovada,player_points_rebounds,Naz Reid,Over,22.5,-165,2025-12-15,2025-12-14T23:49:50Z,2025-12-14 15:50:05
Bovada,player_points_rebounds,Naz Reid,Under,22.5,125,2025-12-15,2025-12-14T23:49:50Z,2025-12-14 15:50:05
Bovada,player_points_rebounds,Naz Reid,Over,23.5,-135,2025-12-15,2025-12-14T23:49:50Z,2025-12-14 15:50:05
Bovada,player_points_rebounds,Naz Reid,Under,23.5,105,2025-12-15,2025-12-14T23:49:50Z,2025-12-14 15:50:05
Bovada,player_points_rebounds,Naz Reid,Over,24.5,-110,2025-12-15,2025-12-14T23:49:50Z,2025-12-14 15:50:05
Bovada,player_points_rebounds,Naz Reid,Under,24.5,-120,2025-12-15,2025-12-14T23:49:50Z,2025-12-14 15:50:05
Bovada,player_points_rebounds,Rudy Gobert,Over,23.5,-145,2025-12-15,2025-12-14T23:49:50Z,2025-12-14 15:50:05
Bovada,player_points_rebounds,Rudy Gobert,Under,23.5,110,2025-12-15,2025-12-14T23:49:50Z,2025-12-14 15:50:05
Bovada,player_points_rebounds,Rudy Gobert,Over,24.5,-115,2025-12-15,2025-12-14T23:49:50Z,2025-12-14 15:50:05
Bovada,player_points_rebounds,Rudy Gobert,Under,24.5,-115,2025-12-15,2025-12-14T23:49:50Z,2025-12-14 15:50:05
Bovada,player_points_rebounds,Rudy Gobert,Over,25.5,105,2025-12-15,2025-12-14T23:49:50Z,2025-12-14 15:50:05
Bovada,player_points_rebounds,Rudy Gobert,Under,25.5,-135,2025-12-15,2025-12-14T23:49:50Z,2025-12-14 15:50:05
Bovada,player_points_rebounds,Russell Westbrook,Over,17.5,-170,2025-12-15,2025-12-14T23:49:50Z,2025-12-14 15:50:05
Bovada,player_points_rebounds,Russell Westbrook,Under,17.5,130,2025-12-15,2025-12-14T23:49:50Z,2025-12-14 15:50:05
Bovada,player_points_rebounds,Russell Westbrook,Over,18.5,-130,2025-12-15,2025-12-14T23:49:50Z,2025-12-14 15:50:05
Bovada,player_points_rebounds,Russell Westbrook,Under,18.5,100,2025-12-15,2025-12-14T23:49:50Z,2025-12-14 15:50:05
Bovada,player_points_rebounds,Russell Westbrook,Over,19.5,-105,2025-12-15,2025-12-14T23:49:50Z,2025-12-14 15:50:05
Bovada,player_points_rebounds,Russell Westbrook,Under,19.5,-125,2025-12-15,2025-12-14T23:49:50Z,2025-12-14 15:50:05
Bovada,player_points_rebounds,Zach LaVine,Over,21.5,-165,2025-12-15,2025-12-14T23:49:50Z,2025-12-14 15:50:05
Bovada,player_points_rebounds,Zach LaVine,Under,21.5,125,2025-12-15,2025-12-14T23:49:50Z,2025-12-14 15:50:05
Bovada,player_points_rebounds,Zach LaVine,Over,22.5,-135,2025-12-15,2025-12-14T23:49:50Z,2025-12-14 15:50:05
Bovada,player_points_rebounds,Zach LaVine,Under,22.5,105,2025-12-15,2025-12-14T23:49:50Z,2025-12-14 15:50:05
Bovada,player_points_rebounds,Zach LaVine,Over,23.5,-110,2025-12-15,2025-12-14T23:49:50Z,2025-12-14 15:50:05
Bovada,player_points_rebounds,Zach LaVine,Under,23.5,-120,2025-12-15,2025-12-14T23:49:50Z,2025-12-14 15:50:05
Bovada,player_points_rebounds,Collin Gillespie,Over,16.5,-180,2025-12-15,2025-12-14T23:49:30Z,2025-12-14 15:50:05
Bovada,player_points_rebounds,Collin Gillespie,Under,16.5,135,2025-12-15,2025-12-14T23:49:30Z,2025-12-14 15:50:05
Bovada,player_points_rebounds,Collin Gillespie,Over,17.5,-135,2025-12-15,2025-12-14T23:49:30Z,2025-12-14 15:50:05
Bovada,player_points_rebounds,Collin Gillespie,Under,17.5,105,2025-12-15,2025-12-14T23:49:30Z,2025-12-14 15:50:05
Bovada,player_points_rebounds,Collin Gillespie,Over,18.5,-110,2025-12-15,2025-12-14T23:49:30Z,2025-12-14 15:50:05
Bovada,player_points_rebounds,Collin Gillespie,Under,18.5,-120,2025-12-15,2025-12-14T23:49:30Z,2025-12-14 15:50:05
Bovada,player_points_rebounds,Deandre Ayton,Over,22.5,-145,2025-12-15,2025-12-14T23:49:30Z,2025-12-14 15:50:05
Bovada,player_points_rebounds,Deandre Ayton,Under,22.5,110,2025-12-15,2025-12-14T23:49:30Z,2025-12-14 15:50:05
Bovada,player_points_rebounds,Deandre Ayton,Over,23.5,-115,2025-12-15,2025-12-14T23:49:30Z,2025-12-14 15:50:05
Bovada,player_points_rebounds,Deandre Ayton,Under,23.5,-115,2025-12-15,2025-12-14T23:49:30Z,2025-12-14 15:50:05
Bovada,player_points_rebounds,Deandre Ayton,Over,24.5,105,2025-12-15,2025-12-14T23:49:30Z,2025-12-14 15:50:05
Bovada,player_points_rebounds,Deandre Ayton,Under,24.5,-135,2025-12-15,2025-12-14T23:49:30Z,2025-12-14 15:50:05
Bovada,player_points_rebounds,Devin Booker,Over,23.5,-160,2025-12-15,2025-12-14T23:49:30Z,2025-12-14 15:50:05
Bovada,player_points_rebounds,Devin Booker,Under,23.5,120,2025-12-15,2025-12-14T23:49:30Z,2025-12-14 15:50:05
Bovada,player_points_rebounds,Devin Booker,Over,24.5,-130,2025-12-15,2025-12-14T23:49:30Z,2025-12-14 15:50:05
Bovada,player_points_rebounds,Devin Booker,Under,24.5,100,2025-12-15,2025-12-14T23:49:30Z,2025-12-14 15:50:05
Bovada,player_points_rebounds,Devin Booker,Over,25.5,-105,2025-12-15,2025-12-14T23:49:30Z,2025-12-14 15:50:05
Bovada,player_points_rebounds,Devin Booker,Under,25.5,-125,2025-12-15,2025-12-14T23:49:30Z,2025-12-14 15:50:05
Bovada,player_points_rebounds,Dillon Brooks,Over,19.5,-170,2025-12-15,2025-12-14T23:49:30Z,2025-12-14 15:50:05
Bovada,player_points_rebounds,Dillon Brooks,Under,19.5,130,2025-12-15,2025-12-14T23:49:30Z,2025-12-14 15:50:05
Bovada,player_points_rebounds,Dillon Brooks,Over,20.5,-135,2025-12-15,2025-12-14T23:49:30Z,2025-12-14 15:50:05
Bovada,player_points_rebounds,Dillon Brooks,Under,20.5,105,2025-12-15,2025-12-14T23:49:30Z,2025-12-14 15:50:05
Bovada,player_points_rebounds,Dillon Brooks,Over,21.5,-110,2025-12-15,2025-12-14T23:49:30Z,2025-12-14 15:50:05
Bovada,player_points_rebounds,Dillon Brooks,Under,21.5,-120,2025-12-15,2025-12-14T23:49:30Z,2025-12-14 15:50:05
Bovada,player_points_rebounds,Grayson Allen,Over,17.5,-160,2025-12-15,2025-12-14T23:49:30Z,2025-12-14 15:50:05
Bovada,player_points_rebounds,Grayson Allen,Under,17.5,120,2025-12-15,2025-12-14T23:49:30Z,2025-12-14 15:50:05
Bovada,player_points_rebounds,Grayson Allen,Over,18.5,-125,2025-12-15,2025-12-14T23:49:30Z,2025-12-14 15:50:05
Bovada,player_points_rebounds,Grayson Allen,Under,18.5,-105,2025-12-15,2025-12-14T23:49:30Z,2025-12-14 15:50:05
Bovada,player_points_rebounds,Grayson Allen,Over,19.5,100,2025-12-15,2025-12-14T23:49:30Z,2025-12-14 15:50:05
Bovada,player_points_rebounds,Grayson Allen,Under,19.5,-130,2025-12-15,2025-12-14T23:49:30Z,2025-12-14 15:50:05
Bovada,player_points_rebounds,Jake LaRavia,Over,8.5,-200,2025-12-15,2025-12-14T23:49:30Z,2025-12-14 15:50:05
Bovada,player_points_rebounds,Jake LaRavia,Under,8.5,150,2025-12-15,2025-12-14T23:49:30Z,2025-12-14 15:50:05
Bovada,player_points_rebounds,Jake LaRavia,Over,9.5,-145,2025-12-15,2025-12-14T23:49:30Z,2025-12-14 15:50:05
Bovada,player_points_rebounds,Jake LaRavia,Under,9.5,110,2025-12-15,2025-12-14T23:49:30Z,2025-12-14 15:50:05
Bovada,player_points_rebounds,Jake LaRavia,Over,10.5,-105,2025-12-15,2025-12-14T23:49:30Z,2025-12-14 15:50:05
Bovada,player_points_rebounds,Jake LaRavia,Under,10.5,-125,2025-12-15,2025-12-14T23:49:30Z,2025-12-14 15:50:05
Bovada,player_points_rebounds,LeBron James,Over,25.5,-135,2025-12-15,2025-12-14T23:49:30Z,2025-12-14 15:50:05
Bovada,player_points_rebounds,LeBron James,Under,25.5,105,2025-12-15,2025-12-14T23:49:30Z,2025-12-14 15:50:05
Bovada,player_points_rebounds,LeBron James,Over,26.5,-115,2025-12-15,2025-12-14T23:49:30Z,2025-12-14 15:50:05
Bovada,player_points_rebounds,LeBron James,Under,26.5,-115,2025-12-15,2025-12-14T23:49:30Z,2025-12-14 15:50:05
Bovada,player_points_rebounds,LeBron James,Over,27.5,105,2025-12-15,2025-12-14T23:49:30Z,2025-12-14 15:50:05
Bovada,player_points_rebounds,LeBron James,Under,27.5,-135,2025-12-15,2025-12-14T23:49:30Z,2025-12-14 15:50:05
Bovada,player_points_rebounds,Luka Doncic,Over,43.5,-130,2025-12-15,2025-12-14T23:49:30Z,2025-12-14 15:50:05
Bovada,player_points_rebounds,Luka Doncic,Under,43.5,100,2025-12-15,2025-12-14T23:49:30Z,2025-12-14 15:50:05
Bovada,player_points_rebounds,Luka Doncic,Over,44.5,-115,2025-12-15,2025-12-14T23:49:30Z,2025-12-14 15:50:05
Bovada,player_points_rebounds,Luka Doncic,Under,44.5,-115,2025-12-15,2025-12-14T23:49:30Z,2025-12-14 15:50:05
Bovada,player_points_rebounds,Luka Doncic,Over,45.5,100,2025-12-15,2025-12-14T23:49:30Z,2025-12-14 15:50:05
Bovada,player_points_rebounds,Luka Doncic,Under,45.5,-130,2025-12-15,2025-12-14T23:49:30Z,2025-12-14 15:50:05
Bovada,player_points_rebounds,Marcus Smart,Over,11.5,-190,2025-12-15,2025-12-14T23:49:30Z,2025-12-14 15:50:05
Bovada,player_points_rebounds,Marcus Smart,Under,11.5,145,2025-12-15,2025-12-14T23:49:30Z,2025-12-14 15:50:05
Bovada,player_points_rebounds,Marcus Smart,Over,12.5,-145,2025-12-15,2025-12-14T23:49:30Z,2025-12-14 15:50:05
Bovada,player_points_rebounds,Marcus Smart,Under,12.5,110,2025-12-15,2025-12-14T23:49:30Z,2025-12-14 15:50:05
Bovada,player_points_rebounds,Marcus Smart,Over,13.5,-110,2025-12-15,2025-12-14T23:49:30Z,2025-12-14 15:50:05
Bovada,player_points_rebounds,Marcus Smart,Under,13.5,-120,2025-12-15,2025-12-14T23:49:30Z,2025-12-14 15:50:05
Bovada,player_points_rebounds,Mark Williams,Over,19.5,-160,2025-12-15,2025-12-14T23:49:30Z,2025-12-14 15:50:05
Bovada,player_points_rebounds,Mark Williams,Under,19.5,120,2025-12-15,2025-12-14T23:49:30Z,2025-12-14 15:50:05
Bovada,player_points_rebounds,Mark Williams,Over,20.5,-125,2025-12-15,2025-12-14T23:49:30Z,2025-12-14 15:50:05
Bovada,player_points_rebounds,Mark Williams,Under,20.5,-105,2025-12-15,2025-12-14T23:49:30Z,2025-12-14 15:50:05
Bovada,player_points_rebounds,Mark Williams,Over,21.5,100,2025-12-15,2025-12-14T23:49:30Z,2025-12-14 15:50:05
Bovada,player_points_rebounds,Mark Williams,Under,21.5,-130,2025-12-15,2025-12-14T23:49:30Z,2025-12-14 15:50:05
Bovada,player_points_rebounds,Royce O'Neale,Over,12.5,-170,2025-12-15,2025-12-14T23:49:30Z,2025-12-14 15:50:05
Bovada,player_points_rebounds,Royce O'Neale,Under,12.5,130,2025-12-15,2025-12-14T23:49:30Z,2025-12-14 15:50:05
Bovada,player_points_rebounds,Royce O'Neale,Over,13.5,-130,2025-12-15,2025-12-14T23:49:30Z,2025-12-14 15:50:05
Bovada,player_points_rebounds,Royce O'Neale,Under,13.5,100,2025-12-15,2025-12-14T23:49:30Z,2025-12-14 15:50:05
Bovada,player_points_rebounds,Royce O'Neale,Over,14.5,100,2025-12-15,2025-12-14T23:49:30Z,2025-12-14 15:50:05
Bovada,player_points_rebounds,Royce O'Neale,Under,14.5,-130,2025-12-15,2025-12-14T23:49:30Z,2025-12-14 15:50:05
Bovada,player_points_rebounds,Rui Hachimura,Over,14.5,-160,2025-12-15,2025-12-14T23:49:30Z,2025-12-14 15:50:05
Bovada,player_points_rebounds,Rui Hachimura,Under,14.5,120,2025-12-15,2025-12-14T23:49:30Z,2025-12-14 15:50:05
Bovada,player_points_rebounds,Rui Hachimura,Over,15.5,-120,2025-12-15,2025-12-14T23:49:30Z,2025-12-14 15:50:05
Bovada,player_points_rebounds,Rui Hachimura,Under,15.5,-110,2025-12-15,2025-12-14T23:49:30Z,2025-12-14 15:50:05
Bovada,player_points_rebounds,Rui Hachimura,Over,16.5,105,2025-12-15,2025-12-14T23:49:30Z,2025-12-14 15:50:05
Bovada,player_points_rebounds,Rui Hachimura,Under,16.5,-135,2025-12-15,2025-12-14T23:49:30Z,2025-12-14 15:50:05
Bovada,player_points_rebounds,Brandin Podziemski,Over,9.5,-165,2025-12-15,2025-12-14T23:49:01Z,2025-12-14 15:50:05
Bovada,player_points_rebounds,Brandin Podziemski,Under,9.5,125,2025-12-15,2025-12-14T23:49:01Z,2025-12-14 15:50:05
Bovada,player_points_rebounds,Brandin Podziemski,Over,10.5,-120,2025-12-15,2025-12-14T23:49:01Z,2025-12-14 15:50:05
Bovada,player_points_rebounds,Brandin Podziemski,Under,10.5,-110,2025-12-15,2025-12-14T23:49:01Z,2025-12-14 15:50:05
Bovada,player_points_rebounds,Brandin Podziemski,Over,11.5,115,2025-12-15,2025-12-14T23:49:01Z,2025-12-14 15:50:05
Bovada,player_points_rebounds,Brandin Podziemski,Under,11.5,-150,2025-12-15,2025-12-14T23:49:01Z,2025-12-14 15:50:05
Bovada,player_points_rebounds,Buddy Hield,Over,8.5,-215,2025-12-15,2025-12-14T23:49:01Z,2025-12-14 15:50:05
Bovada,player_points_rebounds,Buddy Hield,Under,8.5,160,2025-12-15,2025-12-14T23:49:01Z,2025-12-14 15:50:05
Bovada,player_points_rebounds,Buddy Hield,Over,9.5,-150,2025-12-15,2025-12-14T23:49:01Z,2025-12-14 15:50:05
Bovada,player_points_rebounds,Buddy Hield,Under,9.5,115,2025-12-15,2025-12-14T23:49:01Z,2025-12-14 15:50:05
Bovada,player_points_rebounds,Buddy Hield,Over,10.5,-110,2025-12-15,2025-12-14T23:49:01Z,2025-12-14 15:50:05
Bovada,player_points_rebounds,Buddy Hield,Under,10.5,-120,2025-12-15,2025-12-14T23:49:01Z,2025-12-14 15:50:05
Bovada,player_points_rebounds,Deni Avdija,Over,32.5,-160,2025-12-15,2025-12-14T23:49:01Z,2025-12-14 15:50:05
Bovada,player_points_rebounds,Deni Avdija,Under,32.5,120,2025-12-15,2025-12-14T23:49:01Z,2025-12-14 15:50:05
Bovada,player_points_rebounds,Deni Avdija,Over,33.5,-130,2025-12-15,2025-12-14T23:49:01Z,2025-12-14 15:50:05
Bovada,player_points_rebounds,Deni Avdija,Under,33.5,100,2025-12-15,2025-12-14T23:49:01Z,2025-12-14 15:50:05
Bovada,player_points_rebounds,Deni Avdija,Over,34.5,-110,2025-12-15,2025-12-14T23:49:01Z,2025-12-14 15:50:05
Bovada,player_points_rebounds,Deni Avdija,Under,34.5,-120,2025-12-15,2025-12-14T23:49:01Z,2025-12-14 15:50:05
Bovada,player_points_rebounds,Donovan Clingan,Over,18.5,-150,2025-12-15,2025-12-14T23:49:01Z,2025-12-14 15:50:05
Bovada,player_points_rebounds,Donovan Clingan,Under,18.5,115,2025-12-15,2025-12-14T23:49:01Z,2025-12-14 15:50:05
Bovada,player_points_rebounds,Donovan Clingan,Over,19.5,-120,2025-12-15,2025-12-14T23:49:01Z,2025-12-14 15:50:05
Bovada,player_points_rebounds,Donovan Clingan,Under,19.5,-110,2025-12-15,2025-12-14T23:49:01Z,2025-12-14 15:50:05
Bovada,player_points_rebounds,Donovan Clingan,Over,20.5,105,2025-12-15,2025-12-14T23:49:01Z,2025-12-14 15:50:05
Bovada,player_points_rebounds,Donovan Clingan,Under,20.5,-135,2025-12-15,2025-12-14T23:49:01Z,2025-12-14 15:50:05
Bovada,player_points_rebounds,Draymond Green,Over,14.5,-170,2025-12-15,2025-12-14T23:49:01Z,2025-12-14 15:50:05
Bovada,player_points_rebounds,Draymond Green,Under,14.5,130,2025-12-15,2025-12-14T23:49:01Z,2025-12-14 15:50:05
Bovada,player_points_rebounds,Draymond Green,Over,15.5,-130,2025-12-15,2025-12-14T23:49:01Z,2025-12-14 15:50:05
Bovada,player_points_rebounds,Draymond Green,Under,15.5,100,2025-12-15,2025-12-14T23:49:01Z,2025-12-14 15:50:05
Bovada,player_points_rebounds,Draymond Green,Over,16.5,-105,2025-12-15,2025-12-14T23:49:01Z,2025-12-14 15:50:05
Bovada,player_points_rebounds,Draymond Green,Under,16.5,-125,2025-12-15,2025-12-14T23:49:01Z,2025-12-14 15:50:05
Bovada,player_points_rebounds,Jerami Grant,Over,22.5,-160,2025-12-15,2025-12-14T23:49:01Z,2025-12-14 15:50:05
Bovada,player_points_rebounds,Jerami Grant,Under,22.5,120,2025-12-15,2025-12-14T23:49:01Z,2025-12-14 15:50:05
Bovada,player_points_rebounds,Jerami Grant,Over,23.5,-130,2025-12-15,2025-12-14T23:49:01Z,2025-12-14 15:50:05
Bovada,player_points_rebounds,Jerami Grant,Under,23.5,100,2025-12-15,2025-12-14T23:49:01Z,2025-12-14 15:50:05
Bovada,player_points_rebounds,Jerami Grant,Over,24.5,-105,2025-12-15,2025-12-14T23:49:01Z,2025-12-14 15:50:05
Bovada,player_points_rebounds,Jerami Grant,Under,24.5,-125,2025-12-15,2025-12-14T23:49:01Z,2025-12-14 15:50:05
Bovada,player_points_rebounds,Jimmy Butler,Over,24.5,-160,2025-12-15,2025-12-14T23:49:01Z,2025-12-14 15:50:05
Bovada,player_points_rebounds,Jimmy Butler,Under,24.5,120,2025-12-15,2025-12-14T23:49:01Z,2025-12-14 15:50:05
Bovada,player_points_rebounds,Jimmy Butler,Over,25.5,-125,2025-12-15,2025-12-14T23:49:01Z,2025-12-14 15:50:05
Bovada,player_points_rebounds,Jimmy Butler,Under,25.5,-105,2025-12-15,2025-12-14T23:49:01Z,2025-12-14 15:50:05
Bovada,player_points_rebounds,Jimmy Butler,Over,26.5,-105,2025-12-15,2025-12-14T23:49:01Z,2025-12-14 15:50:05
Bovada,player_points_rebounds,Jimmy Butler,Under,26.5,-125,2025-12-15,2025-12-14T23:49:01Z,2025-12-14 15:50:05
Bovada,player_points_rebounds,Kris Murray,Over,8.5,-180,2025-12-15,2025-12-14T23:49:01Z,2025-12-14 15:50:05
Bovada,player_points_rebounds,Kris Murray,Under,8.5,135,2025-12-15,2025-12-14T23:49:01Z,2025-12-14 15:50:05
Bovada,player_points_rebounds,Kris Murray,Over,9.5,-125,2025-12-15,2025-12-14T23:49:01Z,2025-12-14 15:50:05
Bovada,player_points_rebounds,Kris Murray,Under,9.5,-105,2025-12-15,2025-12-14T23:49:01Z,2025-12-14 15:50:05
Bovada,player_points_rebounds,Kris Murray,Over,10.5,110,2025-12-15,2025-12-14T23:49:01Z,2025-12-14 15:50:05
Bovada,player_points_rebounds,Kris Murray,Under,10.5,-145,2025-12-15,2025-12-14T23:49:01Z,2025-12-14 15:50:05
Bovada,player_points_rebounds,Moses Moody,Over,8.5,-200,2025-12-15,2025-12-14T23:49:01Z,2025-12-14 15:50:05
Bovada,player_points_rebounds,Moses Moody,Under,8.5,150,2025-12-15,2025-12-14T23:49:01Z,2025-12-14 15:50:05
Bovada,player_points_rebounds,Moses Moody,Over,9.5,-145,2025-12-15,2025-12-14T23:49:01Z,2025-12-14 15:50:05
Bovada,player_points_rebounds,Moses Moody,Under,9.5,110,2025-12-15,2025-12-14T23:49:01Z,2025-12-14 15:50:05
Bovada,player_points_rebounds,Moses Moody,Over,10.5,-105,2025-12-15,2025-12-14T23:49:01Z,2025-12-14 15:50:05
Bovada,player_points_rebounds,Moses Moody,Under,10.5,-125,2025-12-15,2025-12-14T23:49:01Z,2025-12-14 15:50:05
Bovada,player_points_rebounds,Quinten Post,Over,12.5,-190,2025-12-15,2025-12-14T23:49:01Z,2025-12-14 15:50:05
Bovada,player_points_rebounds,Quinten Post,Under,12.5,145,2025-12-15,2025-12-14T23:49:01Z,2025-12-14 15:50:05
Bovada,player_points_rebounds,Quinten Post,Over,13.5,-145,2025-12-15,2025-12-14T23:49:01Z,2025-12-14 15:50:05
Bovada,player_points_rebounds,Quinten Post,Under,13.5,110,2025-12-15,2025-12-14T23:49:01Z,2025-12-14 15:50:05
Bovada,player_points_rebounds,Quinten Post,Over,14.5,-110,2025-12-15,2025-12-14T23:49:01Z,2025-12-14 15:50:05
Bovada,player_points_rebounds,Quinten Post,Under,14.5,-120,2025-12-15,2025-12-14T23:49:01Z,2025-12-14 15:50:05
Bovada,player_points_rebounds,Shaedon Sharpe,Over,24.5,-165,2025-12-15,2025-12-14T23:49:01Z,2025-12-14 15:50:05
Bovada,player_points_rebounds,Shaedon Sharpe,Under,24.5,125,2025-12-15,2025-12-14T23:49:01Z,2025-12-14 15:50:05
Bovada,player_points_rebounds,Shaedon Sharpe,Over,25.5,-135,2025-12-15,2025-12-14T23:49:01Z,2025-12-14 15:50:05
Bovada,player_points_rebounds,Shaedon Sharpe,Under,25.5,105,2025-12-15,2025-12-14T23:49:01Z,2025-12-14 15:50:05
Bovada,player_points_rebounds,Shaedon Sharpe,Over,26.5,-110,2025-12-15,2025-12-14T23:49:01Z,2025-12-14 15:50:05
Bovada,player_points_rebounds,Shaedon Sharpe,Under,26.5,-120,2025-12-15,2025-12-14T23:49:01Z,2025-12-14 15:50:05
Bovada,player_points_rebounds,Stephen Curry,Over,31.5,-135,2025-12-15,2025-12-14T23:49:01Z,2025-12-14 15:50:05
Bovada,player_points_rebounds,Stephen Curry,Under,31.5,105,2025-12-15,2025-12-14T23:49:01Z,2025-12-14 15:50:05
Bovada,player_points_rebounds,Stephen Curry,Over,32.5,-115,2025-12-15,2025-12-14T23:49:01Z,2025-12-14 15:50:05
Bovada,player_points_rebounds,Stephen Curry,Under,32.5,-115,2025-12-15,2025-12-14T23:49:01Z,2025-12-14 15:50:05
Bovada,player_points_rebounds,Stephen Curry,Over,33.5,105,2025-12-15,2025-12-14T23:49:01Z,2025-12-14 15:50:05
Bovada,player_points_rebounds,Stephen Curry,Under,33.5,-135,2025-12-15,2025-12-14T23:49:01Z,2025-12-14 15:50:05
Bovada,player_points_rebounds,Toumani Camara,Over,17.5,-145,2025-12-15,2025-12-14T23:49:01Z,2025-12-14 15:50:05
Bovada,player_points_rebounds,Toumani Camara,Under,17.5,110,2025-12-15,2025-12-14T23:49:01Z,2025-12-14 15:50:05
Bovada,player_points_rebounds,Toumani Camara,Over,18.5,-115,2025-12-15,2025-12-14T23:49:01Z,2025-12-14 15:50:05
Bovada,player_points_rebounds,Toumani Camara,Under,18.5,-115,2025-12-15,2025-12-14T23:49:01Z,2025-12-14 15:50:05
Bovada,player_points_rebounds,Toumani Camara,Over,19.5,110,2025-12-15,2025-12-14T23:49:01Z,2025-12-14 15:50:05
Bovada,player_points_rebounds,Toumani Camara,Under,19.5,-145,2025-12-15,2025-12-14T23:49:01Z,2025-12-14 15:50:05
FanDuel,player_points_rebounds,Derik Queen,Over,22.5,-106,2025-12-15,2025-12-14T23:49:25Z,2025-12-14 15:50:05
FanDuel,player_points_rebounds,Derik Queen,Under,22.5,-120,2025-12-15,2025-12-14T23:49:25Z,2025-12-14 15:50:05
FanDuel,player_points_rebounds,Jalen Smith,Over,13.5,-102,2025-12-15,2025-12-14T23:49:25Z,2025-12-14 15:50:05
FanDuel,player_points_rebounds,Jalen Smith,Under,13.5,-125,2025-12-15,2025-12-14T23:49:25Z,2025-12-14 15:50:05
FanDuel,player_points_rebounds,Nikola Vucevic,Over,23.5,-104,2025-12-15,2025-12-14T23:49:25Z,2025-12-14 15:50:05
FanDuel,player_points_rebounds,Nikola Vucevic,Under,23.5,-122,2025-12-15,2025-12-14T23:49:25Z,2025-12-14 15:50:05
FanDuel,player_points_rebounds,Matas Buzelis,Over,18.5,-113,2025-12-15,2025-12-14T23:49:25Z,2025-12-14 15:50:05
FanDuel,player_points_rebounds,Matas Buzelis,Under,18.5,-113,2025-12-15,2025-12-14T23:49:25Z,2025-12-14 15:50:05
FanDuel,player_points_rebounds,Josh Giddey,Over,28.5,-111,2025-12-15,2025-12-14T23:49:25Z,2025-12-14 15:50:05
FanDuel,player_points_rebounds,Josh Giddey,Under,28.5,-115,2025-12-15,2025-12-14T23:49:25Z,2025-12-14 15:50:05
FanDuel,player_points_rebounds,Tre Jones,Over,13.5,-113,2025-12-15,2025-12-14T23:49:25Z,2025-12-14 15:50:05
FanDuel,player_points_rebounds,Tre Jones,Under,13.5,-113,2025-12-15,2025-12-14T23:49:25Z,2025-12-14 15:50:05
FanDuel,player_points_rebounds,Herb Jones,Over,12.5,-120,2025-12-15,2025-12-14T23:49:25Z,2025-12-14 15:50:05
FanDuel,player_points_rebounds,Herb Jones,Under,12.5,-106,2025-12-15,2025-12-14T23:49:25Z,2025-12-14 15:50:05
FanDuel,player_points_rebounds,Saddiq Bey,Over,18.5,-104,2025-12-15,2025-12-14T23:49:25Z,2025-12-14 15:50:05
FanDuel,player_points_rebounds,Saddiq Bey,Under,18.5,-122,2025-12-15,2025-12-14T23:49:25Z,2025-12-14 15:50:05
FanDuel,player_points_rebounds,Coby White,Over,25.5,-111,2025-12-15,2025-12-14T23:49:25Z,2025-12-14 15:50:05
FanDuel,player_points_rebounds,Coby White,Under,25.5,-115,2025-12-15,2025-12-14T23:49:25Z,2025-12-14 15:50:05
FanDuel,player_points_rebounds,Jeremiah Fears,Over,17.5,-104,2025-12-15,2025-12-14T23:49:25Z,2025-12-14 15:50:05
FanDuel,player_points_rebounds,Jeremiah Fears,Under,17.5,-122,2025-12-15,2025-12-14T23:49:25Z,2025-12-14 15:50:05
FanDuel,player_points_rebounds,Trey Murphy III,Over,25.5,-125,2025-12-15,2025-12-14T23:49:25Z,2025-12-14 15:50:05
FanDuel,player_points_rebounds,Trey Murphy III,Under,25.5,-102,2025-12-15,2025-12-14T23:49:25Z,2025-12-14 15:50:05
FanDuel,player_points_rebounds,Rudy Gobert,Over,24.5,-108,2025-12-15,2025-12-14T23:49:26Z,2025-12-14 15:50:05
FanDuel,player_points_rebounds,Rudy Gobert,Under,24.5,-118,2025-12-15,2025-12-14T23:49:26Z,2025-12-14 15:50:05
FanDuel,player_points_rebounds,Russell Westbrook,Over,19.5,-102,2025-12-15,2025-12-14T23:49:26Z,2025-12-14 15:50:05
FanDuel,player_points_rebounds,Russell Westbrook,Under,19.5,-125,2025-12-15,2025-12-14T23:49:26Z,2025-12-14 15:50:05
FanDuel,player_points_rebounds,Zach LaVine,Over,22.5,-113,2025-12-15,2025-12-14T23:49:26Z,2025-12-14 15:50:05
FanDuel,player_points_rebounds,Zach LaVine,Under,22.5,-113,2025-12-15,2025-12-14T23:49:26Z,2025-12-14 15:50:05
FanDuel,player_points_rebounds,Naz Reid,Over,23.5,-118,2025-12-15,2025-12-14T23:49:26Z,2025-12-14 15:50:05
FanDuel,player_points_rebounds,Naz Reid,Under,23.5,-108,2025-12-15,2025-12-14T23:49:26Z,2025-12-14 15:50:05
FanDuel,player_points_rebounds,Julius Randle,Over,32.5,-115,2025-12-15,2025-12-14T23:49:26Z,2025-12-14 15:50:05
FanDuel,player_points_rebounds,Julius Randle,Under,32.5,-111,2025-12-15,2025-12-14T23:49:26Z,2025-12-14 15:50:05
FanDuel,player_points_rebounds,Maxime Raynaud,Over,18.5,-115,2025-12-15,2025-12-14T23:49:26Z,2025-12-14 15:50:05
FanDuel,player_points_rebounds,Maxime Raynaud,Under,18.5,-111,2025-12-15,2025-12-14T23:49:26Z,2025-12-14 15:50:05
FanDuel,player_points_rebounds,Donte DiVincenzo,Over,19.5,-111,2025-12-15,2025-12-14T23:49:26Z,2025-12-14 15:50:05
FanDuel,player_points_rebounds,Donte DiVincenzo,Under,19.5,-115,2025-12-15,2025-12-14T23:49:26Z,2025-12-14 15:50:05
FanDuel,player_points_rebounds,Keegan Murray,Over,21.5,-102,2025-12-15,2025-12-14T23:49:26Z,2025-12-14 15:50:05
FanDuel,player_points_rebounds,Keegan Murray,Under,21.5,-125,2025-12-15,2025-12-14T23:49:26Z,2025-12-14 15:50:05
FanDuel,player_points_rebounds,Jaden McDaniels,Over,22.5,-125,2025-12-15,2025-12-14T23:49:26Z,2025-12-14 15:50:05
FanDuel,player_points_rebounds,Jaden McDaniels,Under,22.5,-102,2025-12-15,2025-12-14T23:49:26Z,2025-12-14 15:50:05
FanDuel,player_points_rebounds,DeMar DeRozan,Over,21.5,-104,2025-12-15,2025-12-14T23:49:26Z,2025-12-14 15:50:05
FanDuel,player_points_rebounds,DeMar DeRozan,Under,21.5,-122,2025-12-15,2025-12-14T23:49:26Z,2025-12-14 15:50:05
FanDuel,player_points_rebounds,Malik Monk,Over,13.5,-122,2025-12-15,2025-12-14T23:49:26Z,2025-12-14 15:50:05
FanDuel,player_points_rebounds,Malik Monk,Under,13.5,-104,2025-12-15,2025-12-14T23:49:26Z,2025-12-14 15:50:05
FanDuel,player_points_rebounds,Dillon Brooks,Over,22.5,-104,2025-12-15,2025-12-14T23:49:53Z,2025-12-14 15:50:05
FanDuel,player_points_rebounds,Dillon Brooks,Under,22.5,-120,2025-12-15,2025-12-14T23:49:53Z,2025-12-14 15:50:05
FanDuel,player_points_rebounds,Marcus Smart,Over,12.5,-115,2025-12-15,2025-12-14T23:49:53Z,2025-12-14 15:50:05
FanDuel,player_points_rebounds,Marcus Smart,Under,12.5,-111,2025-12-15,2025-12-14T23:49:53Z,2025-12-14 15:50:05
FanDuel,player_points_rebounds,Deandre Ayton,Over,23.5,-115,2025-12-15,2025-12-14T23:49:53Z,2025-12-14 15:50:05
FanDuel,player_points_rebounds,Deandre Ayton,Under,23.5,-111,2025-12-15,2025-12-14T23:49:53Z,2025-12-14 15:50:05
FanDuel,player_points_rebounds,LeBron James,Over,26.5,-111,2025-12-15,2025-12-14T23:49:53Z,2025-12-14 15:50:05
FanDuel,player_points_rebounds,LeBron James,Under,26.5,-115,2025-12-15,2025-12-14T23:49:53Z,2025-12-14 15:50:05
FanDuel,player_points_rebounds,Grayson Allen,Over,19.5,-113,2025-12-15,2025-12-14T23:49:53Z,2025-12-14 15:50:05
FanDuel,player_points_rebounds,Grayson Allen,Under,19.5,-113,2025-12-15,2025-12-14T23:49:53Z,2025-12-14 15:50:05
FanDuel,player_points_rebounds,Rui Hachimura,Over,15.5,-122,2025-12-15,2025-12-14T23:49:53Z,2025-12-14 15:50:05
FanDuel,player_points_rebounds,Rui Hachimura,Under,15.5,-104,2025-12-15,2025-12-14T23:49:53Z,2025-12-14 15:50:05
FanDuel,player_points_rebounds,Royce O'Neale,Over,13.5,-128,2025-12-15,2025-12-14T23:49:53Z,2025-12-14 15:50:05
FanDuel,player_points_rebounds,Royce O'Neale,Under,13.5,100,2025-12-15,2025-12-14T23:49:53Z,2025-12-14 15:50:05
FanDuel,player_points_rebounds,Devin Booker,Over,24.5,-125,2025-12-15,2025-12-14T23:49:53Z,2025-12-14 15:50:05
FanDuel,player_points_rebounds,Devin Booker,Under,24.5,-102,2025-12-15,2025-12-14T23:49:53Z,2025-12-14 15:50:05
FanDuel,player_points_rebounds,Collin Gillespie,Over,15.5,-128,2025-12-15,2025-12-14T23:49:53Z,2025-12-14 15:50:05
FanDuel,player_points_rebounds,Collin Gillespie,Under,15.5,100,2025-12-15,2025-12-14T23:49:53Z,2025-12-14 15:50:05
FanDuel,player_points_rebounds,Luka Doncic,Over,43.5,-113,2025-12-15,2025-12-14T23:49:53Z,2025-12-14 15:50:05
FanDuel,player_points_rebounds,Luka Doncic,Under,43.5,-113,2025-12-15,2025-12-14T23:49:53Z,2025-12-14 15:50:05
FanDuel,player_points_rebounds,Jake LaRavia,Over,9.5,-113,2025-12-15,2025-12-14T23:49:53Z,2025-12-14 15:50:05
FanDuel,player_points_rebounds,Jake LaRavia,Under,9.5,-113,2025-12-15,2025-12-14T23:49:53Z,2025-12-14 15:50:05
FanDuel,player_points_rebounds,Mark Williams,Over,20.5,-104,2025-12-15,2025-12-14T23:49:53Z,2025-12-14 15:50:05
FanDuel,player_points_rebounds,Mark Williams,Under,20.5,-122,2025-12-15,2025-12-14T23:49:53Z,2025-12-14 15:50:05
FanDuel,player_points_rebounds,Jimmy Butler,Over,25.5,-125,2025-12-15,2025-12-14T23:49:50Z,2025-12-14 15:50:05
FanDuel,player_points_rebounds,Jimmy Butler,Under,25.5,-102,2025-12-15,2025-12-14T23:49:50Z,2025-12-14 15:50:05
FanDuel,player_points_rebounds,Deni Avdija,Over,30.5,-120,2025-12-15,2025-12-14T23:49:50Z,2025-12-14 15:50:05
FanDuel,player_points_rebounds,Deni Avdija,Under,30.5,-106,2025-12-15,2025-12-14T23:49:50Z,2025-12-14 15:50:05
FanDuel,player_points_rebounds,Moses Moody,Over,11.5,102,2025-12-15,2025-12-14T23:49:50Z,2025-12-14 15:50:05
FanDuel,player_points_rebounds,Moses Moody,Under,11.5,-130,2025-12-15,2025-12-14T23:49:50Z,2025-12-14 15:50:05
FanDuel,player_points_rebounds,Shaedon Sharpe,Over,27.5,-113,2025-12-15,2025-12-14T23:49:50Z,2025-12-14 15:50:05
FanDuel,player_points_rebounds,Shaedon Sharpe,Under,27.5,-113,2025-12-15,2025-12-14T23:49:50Z,2025-12-14 15:50:05
FanDuel,player_points_rebounds,Jerami Grant,Over,23.5,-125,2025-12-15,2025-12-14T23:49:50Z,2025-12-14 15:50:05
FanDuel,player_points_rebounds,Jerami Grant,Under,23.5,-102,2025-12-15,2025-12-14T23:49:50Z,2025-12-14 15:50:05
FanDuel,player_points_rebounds,Buddy Hield,Over,11.5,-106,2025-12-15,2025-12-14T23:49:50Z,2025-12-14 15:50:05
FanDuel,player_points_rebounds,Buddy Hield,Under,11.5,-120,2025-12-15,2025-12-14T23:49:50Z,2025-12-14 15:50:05
FanDuel,player_points_rebounds,Brandin Podziemski,Over,12.5,-122,2025-12-15,2025-12-14T23:49:50Z,2025-12-14 15:50:05
FanDuel,player_points_rebounds,Brandin Podziemski,Under,12.5,-104,2025-12-15,2025-12-14T23:49:50Z,2025-12-14 15:50:05
FanDuel,player_points_rebounds,Toumani Camara,Over,17.5,-120,2025-12-15,2025-12-14T23:49:50Z,2025-12-14 15:50:05
FanDuel,player_points_rebounds,Toumani Camara,Under,17.5,-106,2025-12-15,2025-12-14T23:49:50Z,2025-12-14 15:50:05
FanDuel,player_points_rebounds,Donovan Clingan,Over,18.5,-118,2025-12-15,2025-12-14T23:49:50Z,2025-12-14 15:50:05
FanDuel,player_points_rebounds,Donovan Clingan,Under,18.5,-108,2025-12-15,2025-12-14T23:49:50Z,2025-12-14 15:50:05
FanDuel,player_points_rebounds,Stephen Curry,Over,32.5,-106,2025-12-15,2025-12-14T23:49:50Z,2025-12-14 15:50:05
FanDuel,player_points_rebounds,Stephen Curry,Under,32.5,-120,2025-12-15,2025-12-14T23:49:50Z,2025-12-14 15:50:05
FanDuel,player_points_rebounds,Draymond Green,Over,15.5,-130,2025-12-15,2025-12-14T23:49:50Z,2025-12-14 15:50:05
FanDuel,player_points_rebounds,Draymond Green,Under,15.5,102,2025-12-15,2025-12-14T23:49:50Z,2025-12-14 15:50:05
FanDuel,player_points_rebounds,Quinten Post,Over,14.5,-102,2025-12-15,2025-12-14T23:49:50Z,2025-12-14 15:50:05
FanDuel,player_points_rebounds,Quinten Post,Under,14.5,-125,2025-12-15,2025-12-14T23:49:50Z,2025-12-14 15:50:05
FanDuel,player_points_rebounds,Dylan Harper,Over,13.5,-114,2025-12-17,2025-12-14T23:50:52Z,2025-12-14 15:50:05
FanDuel,player_points_rebounds,Dylan Harper,Under,13.5,-114,2025-12-17,2025-12-14T23:50:52Z,2025-12-14 15:50:05
FanDuel,player_points_rebounds,OG Anunoby,Over,20.5,-108,2025-12-17,2025-12-14T23:50:52Z,2025-12-14 15:50:05
FanDuel,player_points_rebounds,OG Anunoby,Under,20.5,-122,2025-12-17,2025-12-14T23:50:52Z,2025-12-14 15:50:05
FanDuel,player_points_rebounds,Mikal Bridges,Over,18.5,-106,2025-12-17,2025-12-14T23:50:52Z,2025-12-14 15:50:05
FanDuel,player_points_rebounds,Mikal Bridges,Under,18.5,-125,2025-12-17,2025-12-14T23:50:52Z,2025-12-14 15:50:05
FanDuel,player_points_rebounds,Karl-Anthony Towns,Over,31.5,-125,2025-12-17,2025-12-14T23:50:52Z,2025-12-14 15:50:05
FanDuel,player_points_rebounds,Karl-Anthony Towns,Under,31.5,-106,2025-12-17,2025-12-14T23:50:52Z,2025-12-14 15:50:05
FanDuel,player_points_rebounds,De'Aaron Fox,Over,24.5,-118,2025-12-17,2025-12-14T23:50:52Z,2025-12-14 15:50:05
FanDuel,player_points_rebounds,De'Aaron Fox,Under,24.5,-112,2025-12-17,2025-12-14T23:50:52Z,2025-12-14 15:50:05
FanDuel,player_points_rebounds,Harrison Barnes,Over,13.5,-114,2025-12-17,2025-12-14T23:50:52Z,2025-12-14 15:50:05
FanDuel,player_points_rebounds,Harrison Barnes,Under,13.5,-114,2025-12-17,2025-12-14T23:50:52Z,2025-12-14 15:50:05
FanDuel,player_points_rebounds,Josh Hart,Over,22.5,-110,2025-12-17,2025-12-14T23:50:52Z,2025-12-14 15:50:05
FanDuel,player_points_rebounds,Josh Hart,Under,22.5,-120,2025-12-17,2025-12-14T23:50:52Z,2025-12-14 15:50:05
FanDuel,player_points_rebounds,Devin Vassell,Over,16.5,-125,2025-12-17,2025-12-14T23:50:52Z,2025-12-14 15:50:05
FanDuel,player_points_rebounds,Devin Vassell,Under,16.5,-106,2025-12-17,2025-12-14T23:50:52Z,2025-12-14 15:50:05
FanDuel,player_points_rebounds,Victor Wembanyama,Over,33.5,-110,2025-12-17,2025-12-14T23:50:52Z,2025-12-14 15:50:05
FanDuel,player_points_rebounds,Victor Wembanyama,Under,33.5,-120,2025-12-17,2025-12-14T23:50:52Z,2025-12-14 15:50:05
FanDuel,player_points_rebounds,Jalen Brunson,Over,32.5,-125,2025-12-17,2025-12-14T23:50:52Z,2025-12-14 15:50:05
FanDuel,player_points_rebounds,Jalen Brunson,Under,32.5,-106,2025-12-17,2025-12-14T23:50:52Z,2025-12-14 15:50:05
FanDuel,player_points_rebounds,Julian Champagnie,Over,11.5,-130,2025-12-17,2025-12-14T23:50:52Z,2025-12-14 15:50:05
FanDuel,player_points_rebounds,Julian Champagnie,Under,11.5,-102,2025-12-17,2025-12-14T23:50:52Z,2025-12-14 15:50:05
FanDuel,player_points_rebounds,Stephon Castle,Over,22.5,-108,2025-12-17,2025-12-14T23:50:52Z,2025-12-14 15:50:05
FanDuel,player_points_rebounds,Stephon Castle,Under,22.5,-122,2025-12-17,2025-12-14T23:50:52Z,2025-12-14 15:50:05
BetMGM,player_points_rebounds,Nikola Vucevic,Over,23.5,-120,2025-12-15,2025-12-14T23:49:22Z,2025-12-14 15:50:05
BetMGM,player_points_rebounds,Nikola Vucevic,Under,23.5,-110,2025-12-15,2025-12-14T23:49:22Z,2025-12-14 15:50:05
BetMGM,player_points_rebounds,Isaac Okoro,Over,9.5,-110,2025-12-15,2025-12-14T23:49:22Z,2025-12-14 15:50:05
BetMGM,player_points_rebounds,Isaac Okoro,Under,9.5,-118,2025-12-15,2025-12-14T23:49:22Z,2025-12-14 15:50:05
BetMGM,player_points_rebounds,Coby White,Over,25.5,-120,2025-12-15,2025-12-14T23:49:22Z,2025-12-14 15:50:05
BetMGM,player_points_rebounds,Coby White,Under,25.5,-110,2025-12-15,2025-12-14T23:49:22Z,2025-12-14 15:50:05
BetMGM,player_points_rebounds,Matas Buzelis,Over,17.5,-125,2025-12-15,2025-12-14T23:49:22Z,2025-12-14 15:50:05
BetMGM,player_points_rebounds,Matas Buzelis,Under,17.5,-105,2025-12-15,2025-12-14T23:49:22Z,2025-12-14 15:50:05
BetMGM,player_points_rebounds,Jeremiah Fears,Over,16.5,-110,2025-12-15,2025-12-14T23:49:22Z,2025-12-14 15:50:05
BetMGM,player_points_rebounds,Jeremiah Fears,Under,16.5,-120,2025-12-15,2025-12-14T23:49:22Z,2025-12-14 15:50:05
BetMGM,player_points_rebounds,Josh Giddey,Over,28.5,-120,2025-12-15,2025-12-14T23:49:22Z,2025-12-14 15:50:05
BetMGM,player_points_rebounds,Josh Giddey,Under,28.5,-110,2025-12-15,2025-12-14T23:49:22Z,2025-12-14 15:50:05
BetMGM,player_points_rebounds,Derik Queen,Over,20.5,-130,2025-12-15,2025-12-14T23:49:22Z,2025-12-14 15:50:05
BetMGM,player_points_rebounds,Derik Queen,Under,20.5,-105,2025-12-15,2025-12-14T23:49:22Z,2025-12-14 15:50:05
BetMGM,player_points_rebounds,Herb Jones,Over,12.5,-120,2025-12-15,2025-12-14T23:49:22Z,2025-12-14 15:50:05
BetMGM,player_points_rebounds,Herb Jones,Under,12.5,-110,2025-12-15,2025-12-14T23:49:22Z,2025-12-14 15:50:05
BetMGM,player_points_rebounds,Trey Murphy III,Over,24.5,-115,2025-12-15,2025-12-14T23:49:22Z,2025-12-14 15:50:05
BetMGM,player_points_rebounds,Trey Murphy III,Under,24.5,-115,2025-12-15,2025-12-14T23:49:22Z,2025-12-14 15:50:05
BetMGM,player_points_rebounds,Saddiq Bey,Over,19.5,-105,2025-12-15,2025-12-14T23:49:22Z,2025-12-14 15:50:05
BetMGM,player_points_rebounds,Saddiq Bey,Under,19.5,-125,2025-12-15,2025-12-14T23:49:22Z,2025-12-14 15:50:05
BetMGM,player_points_rebounds,Zion Williamson,Over,21.5,-125,2025-12-15,2025-12-14T23:49:22Z,2025-12-14 15:50:05
BetMGM,player_points_rebounds,Zion Williamson,Under,21.5,-105,2025-12-15,2025-12-14T23:49:22Z,2025-12-14 15:50:05
BetMGM,player_points_rebounds,DeMar DeRozan,Over,21.5,-118,2025-12-15,2025-12-14T23:49:31Z,2025-12-14 15:50:05
BetMGM,player_points_rebounds,DeMar DeRozan,Under,21.5,-110,2025-12-15,2025-12-14T23:49:31Z,2025-12-14 15:50:05
BetMGM,player_points_rebounds,Julius Randle,Over,32.5,-118,2025-12-15,2025-12-14T23:49:31Z,2025-12-14 15:50:05
BetMGM,player_points_rebounds,Julius Randle,Under,32.5,-110,2025-12-15,2025-12-14T23:49:31Z,2025-12-14 15:50:05
BetMGM,player_points_rebounds,Rudy Gobert,Over,24.5,-105,2025-12-15,2025-12-14T23:49:31Z,2025-12-14 15:50:05
BetMGM,player_points_rebounds,Rudy Gobert,Under,24.5,-125,2025-12-15,2025-12-14T23:49:31Z,2025-12-14 15:50:05
BetMGM,player_points_rebounds,Donte DiVincenzo,Over,18.5,-125,2025-12-15,2025-12-14T23:49:31Z,2025-12-14 15:50:05
BetMGM,player_points_rebounds,Donte DiVincenzo,Under,18.5,-110,2025-12-15,2025-12-14T23:49:31Z,2025-12-14 15:50:05
BetMGM,player_points_rebounds,Keegan Murray,Over,19.5,-130,2025-12-15,2025-12-14T23:49:31Z,2025-12-14 15:50:05
BetMGM,player_points_rebounds,Keegan Murray,Under,19.5,-105,2025-12-15,2025-12-14T23:49:31Z,2025-12-14 15:50:05
BetMGM,player_points_rebounds,Maxime Raynaud,Over,18.5,-118,2025-12-15,2025-12-14T23:49:31Z,2025-12-14 15:50:05
BetMGM,player_points_rebounds,Maxime Raynaud,Under,18.5,-110,2025-12-15,2025-12-14T23:49:31Z,2025-12-14 15:50:05
BetMGM,player_points_rebounds,Russell Westbrook,Over,18.5,-110,2025-12-15,2025-12-14T23:49:31Z,2025-12-14 15:50:05
BetMGM,player_points_rebounds,Russell Westbrook,Under,18.5,-118,2025-12-15,2025-12-14T23:49:31Z,2025-12-14 15:50:05
BetMGM,player_points_rebounds,Zach LaVine,Over,23.5,-120,2025-12-15,2025-12-14T23:49:31Z,2025-12-14 15:50:05
BetMGM,player_points_rebounds,Zach LaVine,Under,23.5,-110,2025-12-15,2025-12-14T23:49:31Z,2025-12-14 15:50:05
BetMGM,player_points_rebounds,Jaden McDaniels,Over,22.5,-110,2025-12-15,2025-12-14T23:49:31Z,2025-12-14 15:50:05
BetMGM,player_points_rebounds,Jaden McDaniels,Under,22.5,-120,2025-12-15,2025-12-14T23:49:31Z,2025-12-14 15:50:05
BetMGM,player_points_rebounds,Bones Hyland,Over,12.5,-130,2025-12-15,2025-12-14T23:49:31Z,2025-12-14 15:50:05
BetMGM,player_points_rebounds,Bones Hyland,Under,12.5,-105,2025-12-15,2025-12-14T23:49:31Z,2025-12-14 15:50:05
BetMGM,player_points_rebounds,Rui Hachimura,Over,16.5,-105,2025-12-15,2025-12-14T23:50:08Z,2025-12-14 15:50:05
BetMGM,player_points_rebounds,Rui Hachimura,Under,16.5,-130,2025-12-15,2025-12-14T23:50:08Z,2025-12-14 15:50:05
BetMGM,player_points_rebounds,Luka Doncic,Over,44.5,-105,2025-12-15,2025-12-14T23:50:08Z,2025-12-14 15:50:05
BetMGM,player_points_rebounds,Luka Doncic,Under,44.5,-125,2025-12-15,2025-12-14T23:50:08Z,2025-12-14 15:50:05
BetMGM,player_points_rebounds,Royce O'Neale,Over,13.5,-110,2025-12-15,2025-12-14T23:50:08Z,2025-12-14 15:50:05
BetMGM,player_points_rebounds,Royce O'Neale,Under,13.5,-118,2025-12-15,2025-12-14T23:50:08Z,2025-12-14 15:50:05
BetMGM,player_points_rebounds,Deandre Ayton,Over,23.5,-110,2025-12-15,2025-12-14T23:50:08Z,2025-12-14 15:50:05
BetMGM,player_points_rebounds,Deandre Ayton,Under,23.5,-120,2025-12-15,2025-12-14T23:50:08Z,2025-12-14 15:50:05
BetMGM,player_points_rebounds,Grayson Allen,Over,18.5,-118,2025-12-15,2025-12-14T23:50:08Z,2025-12-14 15:50:05
BetMGM,player_points_rebounds,Grayson Allen,Under,18.5,-110,2025-12-15,2025-12-14T23:50:08Z,2025-12-14 15:50:05
BetMGM,player_points_rebounds,LeBron James,Over,26.5,-110,2025-12-15,2025-12-14T23:50:08Z,2025-12-14 15:50:05
BetMGM,player_points_rebounds,LeBron James,Under,26.5,-120,2025-12-15,2025-12-14T23:50:08Z,2025-12-14 15:50:05
BetMGM,player_points_rebounds,Devin Booker,Over,25.5,-110,2025-12-15,2025-12-14T23:50:08Z,2025-12-14 15:50:05
BetMGM,player_points_rebounds,Devin Booker,Under,25.5,-118,2025-12-15,2025-12-14T23:50:08Z,2025-12-14 15:50:05
BetMGM,player_points_rebounds,Mark Williams,Over,20.5,-120,2025-12-15,2025-12-14T23:50:08Z,2025-12-14 15:50:05
BetMGM,player_points_rebounds,Mark Williams,Under,20.5,-110,2025-12-15,2025-12-14T23:50:08Z,2025-12-14 15:50:05
BetMGM,player_points_rebounds,Dillon Brooks,Over,21.5,-120,2025-12-15,2025-12-14T23:50:08Z,2025-12-14 15:50:05
BetMGM,player_points_rebounds,Dillon Brooks,Under,21.5,-110,2025-12-15,2025-12-14T23:50:08Z,2025-12-14 15:50:05
BetMGM,player_points_rebounds,Marcus Smart,Over,12.5,-130,2025-12-15,2025-12-14T23:50:08Z,2025-12-14 15:50:05
BetMGM,player_points_rebounds,Marcus Smart,Under,12.5,100,2025-12-15,2025-12-14T23:50:08Z,2025-12-14 15:50:05
BetMGM,player_points_rebounds,Draymond Green,Over,16.5,-110,2025-12-15,2025-12-14T23:49:43Z,2025-12-14 15:50:05
BetMGM,player_points_rebounds,Draymond Green,Under,16.5,-118,2025-12-15,2025-12-14T23:49:43Z,2025-12-14 15:50:05
BetMGM,player_points_rebounds,Jimmy Butler,Over,25.5,-118,2025-12-15,2025-12-14T23:49:43Z,2025-12-14 15:50:05
BetMGM,player_points_rebounds,Jimmy Butler,Under,25.5,-110,2025-12-15,2025-12-14T23:49:43Z,2025-12-14 15:50:05
BetMGM,player_points_rebounds,Stephen Curry,Over,32.5,-120,2025-12-15,2025-12-14T23:49:43Z,2025-12-14 15:50:05
BetMGM,player_points_rebounds,Stephen Curry,Under,32.5,-110,2025-12-15,2025-12-14T23:49:43Z,2025-12-14 15:50:05
BetMGM,player_points_rebounds,Jerami Grant,Over,23.5,-118,2025-12-15,2025-12-14T23:49:43Z,2025-12-14 15:50:05
BetMGM,player_points_rebounds,Jerami Grant,Under,23.5,-110,2025-12-15,2025-12-14T23:49:43Z,2025-12-14 15:50:05
BetMGM,player_points_rebounds,Donovan Clingan,Over,19.5,-115,2025-12-15,2025-12-14T23:49:43Z,2025-12-14 15:50:05
BetMGM,player_points_rebounds,Donovan Clingan,Under,19.5,-118,2025-12-15,2025-12-14T23:49:43Z,2025-12-14 15:50:05
BetMGM,player_points_rebounds,Quinten Post,Over,15.5,100,2025-12-15,2025-12-14T23:49:43Z,2025-12-14 15:50:05
BetMGM,player_points_rebounds,Quinten Post,Under,15.5,-130,2025-12-15,2025-12-14T23:49:43Z,2025-12-14 15:50:05
BetMGM,player_points_rebounds,Toumani Camara,Over,17.5,-120,2025-12-15,2025-12-14T23:49:43Z,2025-12-14 15:50:05
BetMGM,player_points_rebounds,Toumani Camara,Under,17.5,-110,2025-12-15,2025-12-14T23:49:43Z,2025-12-14 15:50:05
BetMGM,player_points_rebounds,Shaedon Sharpe,Over,26.5,-115,2025-12-15,2025-12-14T23:49:43Z,2025-12-14 15:50:05
BetMGM,player_points_rebounds,Shaedon Sharpe,Under,26.5,-115,2025-12-15,2025-12-14T23:49:43Z,2025-12-14 15:50:05
BetMGM,player_points_rebounds,Deni Avdija,Over,31.5,-110,2025-12-15,2025-12-14T23:49:43Z,2025-12-14 15:50:05
BetMGM,player_points_rebounds,Deni Avdija,Under,31.5,-120,2025-12-15,2025-12-14T23:49:43Z,2025-12-14 15:50:05
DraftKings,player_points_assists,Jalen Johnson,Over,31.5,-110,2025-12-14,2025-12-14T23:49:05Z,2025-12-14 15:50:05
DraftKings,player_points_assists,Jalen Johnson,Under,31.5,-120,2025-12-14,2025-12-14T23:49:05Z,2025-12-14 15:50:05
DraftKings,player_points_assists,Joel Embiid,Over,27.5,-105,2025-12-14,2025-12-14T23:49:05Z,2025-12-14 15:50:05
DraftKings,player_points_assists,Joel Embiid,Under,27.5,-125,2025-12-14,2025-12-14T23:49:05Z,2025-12-14 15:50:05
DraftKings,player_points_assists,Nickeil Alexander-Walker,Over,23.5,-130,2025-12-14,2025-12-14T23:49:05Z,2025-12-14 15:50:05
DraftKings,player_points_assists,Nickeil Alexander-Walker,Under,23.5,100,2025-12-14,2025-12-14T23:49:05Z,2025-12-14 15:50:05
DraftKings,player_points_assists,Quentin Grimes,Over,23.5,-105,2025-12-14,2025-12-14T23:49:05Z,2025-12-14 15:50:05
DraftKings,player_points_assists,Quentin Grimes,Under,23.5,-125,2025-12-14,2025-12-14T23:49:05Z,2025-12-14 15:50:05
DraftKings,player_points_assists,Dyson Daniels,Over,20.5,100,2025-12-14,2025-12-14T23:49:05Z,2025-12-14 15:50:05
DraftKings,player_points_assists,Dyson Daniels,Under,20.5,-130,2025-12-14,2025-12-14T23:49:05Z,2025-12-14 15:50:05
DraftKings,player_points_assists,Vit Krejci,Over,17.5,-115,2025-12-14,2025-12-14T23:49:05Z,2025-12-14 15:50:05
DraftKings,player_points_assists,Vit Krejci,Under,17.5,-115,2025-12-14,2025-12-14T23:49:05Z,2025-12-14 15:50:05
DraftKings,player_points_assists,Onyeka Okongwu,Over,16.5,-125,2025-12-14,2025-12-14T23:49:05Z,2025-12-14 15:50:05
DraftKings,player_points_assists,Onyeka Okongwu,Under,16.5,-105,2025-12-14,2025-12-14T23:49:05Z,2025-12-14 15:50:05
DraftKings,player_points_assists,Zaccharie Risacher,Over,12.5,100,2025-12-14,2025-12-14T23:49:05Z,2025-12-14 15:50:05
DraftKings,player_points_assists,Zaccharie Risacher,Under,12.5,-130,2025-12-14,2025-12-14T23:49:05Z,2025-12-14 15:50:05
DraftKings,player_points_assists,Luke Kennard,Over,10.5,-130,2025-12-14,2025-12-14T23:49:05Z,2025-12-14 15:50:05
DraftKings,player_points_assists,Luke Kennard,Under,10.5,100,2025-12-14,2025-12-14T23:49:05Z,2025-12-14 15:50:05
DraftKings,player_points_assists,Jared McCain,Over,8.5,-105,2025-12-14,2025-12-14T23:49:05Z,2025-12-14 15:50:05
DraftKings,player_points_assists,Jared McCain,Under,8.5,-125,2025-12-14,2025-12-14T23:49:05Z,2025-12-14 15:50:05
DraftKings,player_points_assists,Kevin Porter Jr.,Over,26.5,-120,2025-12-14,2025-12-14T23:49:22Z,2025-12-14 15:50:05
DraftKings,player_points_assists,Kevin Porter Jr.,Under,26.5,-110,2025-12-14,2025-12-14T23:49:22Z,2025-12-14 15:50:05
DraftKings,player_points_assists,Michael Porter Jr,Over,26.5,-110,2025-12-14,2025-12-14T23:49:22Z,2025-12-14 15:50:05
DraftKings,player_points_assists,Michael Porter Jr,Under,26.5,-120,2025-12-14,2025-12-14T23:49:22Z,2025-12-14 15:50:05
DraftKings,player_points_assists,Kyle Kuzma,Over,22.5,-120,2025-12-14,2025-12-14T23:49:22Z,2025-12-14 15:50:05
DraftKings,player_points_assists,Kyle Kuzma,Under,22.5,-110,2025-12-14,2025-12-14T23:49:22Z,2025-12-14 15:50:05
DraftKings,player_points_assists,Nicolas Claxton,Over,20.5,-115,2025-12-14,2025-12-14T23:49:22Z,2025-12-14 15:50:05
DraftKings,player_points_assists,Nicolas Claxton,Under,20.5,-115,2025-12-14,2025-12-14T23:49:22Z,2025-12-14 15:50:05
DraftKings,player_points_assists,Day'Ron Sharpe,Over,15.5,105,2025-12-14,2025-12-14T23:49:22Z,2025-12-14 15:50:05
DraftKings,player_points_assists,Day'Ron Sharpe,Under,15.5,-135,2025-12-14,2025-12-14T23:49:22Z,2025-12-14 15:50:05
DraftKings,player_points_assists,Bobby Portis,Over,14.5,-130,2025-12-14,2025-12-14T23:49:22Z,2025-12-14 15:50:05
DraftKings,player_points_assists,Bobby Portis,Under,14.5,100,2025-12-14,2025-12-14T23:49:22Z,2025-12-14 15:50:05
DraftKings,player_points_assists,Myles Turner,Over,12.5,-115,2025-12-14,2025-12-14T23:49:22Z,2025-12-14 15:50:05
DraftKings,player_points_assists,Myles Turner,Under,12.5,-115,2025-12-14,2025-12-14T23:49:22Z,2025-12-14 15:50:05
DraftKings,player_points_assists,Ziaire Williams,Over,11.5,-135,2025-12-14,2025-12-14T23:49:22Z,2025-12-14 15:50:05
DraftKings,player_points_assists,Ziaire Williams,Under,11.5,105,2025-12-14,2025-12-14T23:49:22Z,2025-12-14 15:50:05
DraftKings,player_points_assists,Danny Wolf,Over,11.5,-125,2025-12-14,2025-12-14T23:49:22Z,2025-12-14 15:50:05
DraftKings,player_points_assists,Danny Wolf,Under,11.5,-105,2025-12-14,2025-12-14T23:49:22Z,2025-12-14 15:50:05
DraftKings,player_points_assists,Noah Clowney,Over,10.5,100,2025-12-14,2025-12-14T23:49:22Z,2025-12-14 15:50:05
DraftKings,player_points_assists,Noah Clowney,Under,10.5,-130,2025-12-14,2025-12-14T23:49:22Z,2025-12-14 15:50:05
DraftKings,player_points_assists,Terance Mann,Over,10.5,105,2025-12-14,2025-12-14T23:49:22Z,2025-12-14 15:50:05
DraftKings,player_points_assists,Terance Mann,Under,10.5,-135,2025-12-14,2025-12-14T23:49:22Z,2025-12-14 15:50:05
DraftKings,player_points_assists,Gary Trent Jr,Over,7.5,-110,2025-12-14,2025-12-14T23:49:22Z,2025-12-14 15:50:05
DraftKings,player_points_assists,Gary Trent Jr,Under,7.5,-120,2025-12-14,2025-12-14T23:49:22Z,2025-12-14 15:50:05
DraftKings,player_points_assists,Josh Giddey,Over,29.5,-124,2025-12-15,2025-12-14T23:49:22Z,2025-12-14 15:50:05
DraftKings,player_points_assists,Josh Giddey,Under,29.5,-106,2025-12-15,2025-12-14T23:49:22Z,2025-12-14 15:50:05
DraftKings,player_points_assists,Coby White,Over,26.5,-121,2025-12-15,2025-12-14T23:49:22Z,2025-12-14 15:50:05
DraftKings,player_points_assists,Coby White,Under,26.5,-109,2025-12-15,2025-12-14T23:49:22Z,2025-12-14 15:50:05
DraftKings,player_points_assists,Trey Murphy III,Over,23.5,-119,2025-12-15,2025-12-14T23:49:22Z,2025-12-14 15:50:05
DraftKings,player_points_assists,Trey Murphy III,Under,23.5,-111,2025-12-15,2025-12-14T23:49:22Z,2025-12-14 15:50:05
DraftKings,player_points_assists,Zion Williamson,Over,20.5,-122,2025-12-15,2025-12-14T23:49:22Z,2025-12-14 15:50:05
DraftKings,player_points_assists,Zion Williamson,Under,20.5,-108,2025-12-15,2025-12-14T23:49:22Z,2025-12-14 15:50:05
DraftKings,player_points_assists,Derik Queen,Over,19.5,-122,2025-12-15,2025-12-14T23:49:22Z,2025-12-14 15:50:05
DraftKings,player_points_assists,Derik Queen,Under,19.5,-108,2025-12-15,2025-12-14T23:49:22Z,2025-12-14 15:50:05
DraftKings,player_points_assists,Jordan Poole,Over,18.5,-115,2025-12-15,2025-12-14T23:49:22Z,2025-12-14 15:50:05
DraftKings,player_points_assists,Jordan Poole,Under,18.5,-115,2025-12-15,2025-12-14T23:49:22Z,2025-12-14 15:50:05
DraftKings,player_points_assists,Nikola Vucevic,Over,18.5,-103,2025-12-15,2025-12-14T23:49:22Z,2025-12-14 15:50:05
DraftKings,player_points_assists,Nikola Vucevic,Under,18.5,-128,2025-12-15,2025-12-14T23:49:22Z,2025-12-14 15:50:05
DraftKings,player_points_assists,Jeremiah Fears,Over,17.5,-114,2025-12-15,2025-12-14T23:49:22Z,2025-12-14 15:50:05
DraftKings,player_points_assists,Jeremiah Fears,Under,17.5,-115,2025-12-15,2025-12-14T23:49:22Z,2025-12-14 15:50:05
DraftKings,player_points_assists,Matas Buzelis,Over,15.5,-108,2025-12-15,2025-12-14T23:49:22Z,2025-12-14 15:50:05
DraftKings,player_points_assists,Matas Buzelis,Under,15.5,-122,2025-12-15,2025-12-14T23:49:22Z,2025-12-14 15:50:05
DraftKings,player_points_assists,Tre Jones,Over,15.5,-103,2025-12-15,2025-12-14T23:49:22Z,2025-12-14 15:50:05
DraftKings,player_points_assists,Tre Jones,Under,15.5,-128,2025-12-15,2025-12-14T23:49:22Z,2025-12-14 15:50:05
DraftKings,player_points_assists,Saddiq Bey,Over,14.5,-117,2025-12-15,2025-12-14T23:49:22Z,2025-12-14 15:50:05
DraftKings,player_points_assists,Saddiq Bey,Under,14.5,-113,2025-12-15,2025-12-14T23:49:22Z,2025-12-14 15:50:05
DraftKings,player_points_assists,Herb Jones,Over,11.5,-105,2025-12-15,2025-12-14T23:49:22Z,2025-12-14 15:50:05
DraftKings,player_points_assists,Herb Jones,Under,11.5,-126,2025-12-15,2025-12-14T23:49:22Z,2025-12-14 15:50:05
DraftKings,player_points_assists,Julius Randle,Over,31.5,-114,2025-12-15,2025-12-14T23:49:26Z,2025-12-14 15:50:05
DraftKings,player_points_assists,Julius Randle,Under,31.5,-116,2025-12-15,2025-12-14T23:49:26Z,2025-12-14 15:50:05
DraftKings,player_points_assists,Zach LaVine,Over,22.5,-118,2025-12-15,2025-12-14T23:49:26Z,2025-12-14 15:50:05
DraftKings,player_points_assists,Zach LaVine,Under,22.5,-111,2025-12-15,2025-12-14T23:49:26Z,2025-12-14 15:50:05
DraftKings,player_points_assists,DeMar DeRozan,Over,21.5,-117,2025-12-15,2025-12-14T23:49:26Z,2025-12-14 15:50:05
DraftKings,player_points_assists,DeMar DeRozan,Under,21.5,-112,2025-12-15,2025-12-14T23:49:26Z,2025-12-14 15:50:05
DraftKings,player_points_assists,Jaden McDaniels,Over,20.5,-117,2025-12-15,2025-12-14T23:49:26Z,2025-12-14 15:50:05
DraftKings,player_points_assists,Jaden McDaniels,Under,20.5,-113,2025-12-15,2025-12-14T23:49:26Z,2025-12-14 15:50:05
DraftKings,player_points_assists,Naz Reid,Over,20.5,-110,2025-12-15,2025-12-14T23:49:26Z,2025-12-14 15:50:05
DraftKings,player_points_assists,Naz Reid,Under,20.5,-120,2025-12-15,2025-12-14T23:49:26Z,2025-12-14 15:50:05
DraftKings,player_points_assists,Donte DiVincenzo,Over,19.5,-115,2025-12-15,2025-12-14T23:49:26Z,2025-12-14 15:50:05
DraftKings,player_points_assists,Donte DiVincenzo,Under,19.5,-114,2025-12-15,2025-12-14T23:49:26Z,2025-12-14 15:50:05
DraftKings,player_points_assists,Russell Westbrook,Over,19.5,-115,2025-12-15,2025-12-14T23:49:26Z,2025-12-14 15:50:05
DraftKings,player_points_assists,Russell Westbrook,Under,19.5,-114,2025-12-15,2025-12-14T23:49:26Z,2025-12-14 15:50:05
DraftKings,player_points_assists,Rudy Gobert,Over,15.5,100,2025-12-15,2025-12-14T23:49:26Z,2025-12-14 15:50:05
DraftKings,player_points_assists,Rudy Gobert,Under,15.5,-131,2025-12-15,2025-12-14T23:49:26Z,2025-12-14 15:50:05
DraftKings,player_points_assists,Malik Monk,Over,14.5,-110,2025-12-15,2025-12-14T23:49:26Z,2025-12-14 15:50:05
DraftKings,player_points_assists,Malik Monk,Under,14.5,-119,2025-12-15,2025-12-14T23:49:26Z,2025-12-14 15:50:05
DraftKings,player_points_assists,Dennis Schroder,Over,13.5,-127,2025-12-15,2025-12-14T23:49:26Z,2025-12-14 15:50:05
DraftKings,player_points_assists,Dennis Schroder,Under,13.5,-103,2025-12-15,2025-12-14T23:49:26Z,2025-12-14 15:50:05
DraftKings,player_points_assists,Luka Doncic,Over,43.5,-109,2025-12-15,2025-12-14T23:49:46Z,2025-12-14 15:50:05
DraftKings,player_points_assists,Luka Doncic,Under,43.5,-121,2025-12-15,2025-12-14T23:49:46Z,2025-12-14 15:50:05
DraftKings,player_points_assists,Devin Booker,Over,28.5,-107,2025-12-15,2025-12-14T23:49:46Z,2025-12-14 15:50:05
DraftKings,player_points_assists,Devin Booker,Under,28.5,-122,2025-12-15,2025-12-14T23:49:46Z,2025-12-14 15:50:05
DraftKings,player_points_assists,LeBron James,Over,27.5,-111,2025-12-15,2025-12-14T23:49:46Z,2025-12-14 15:50:05
DraftKings,player_points_assists,LeBron James,Under,27.5,-119,2025-12-15,2025-12-14T23:49:46Z,2025-12-14 15:50:05
DraftKings,player_points_assists,Dillon Brooks,Over,20.5,-108,2025-12-15,2025-12-14T23:49:46Z,2025-12-14 15:50:05
DraftKings,player_points_assists,Dillon Brooks,Under,20.5,-122,2025-12-15,2025-12-14T23:49:46Z,2025-12-14 15:50:05
DraftKings,player_points_assists,Grayson Allen,Over,19.5,-109,2025-12-15,2025-12-14T23:49:46Z,2025-12-14 15:50:05
DraftKings,player_points_assists,Grayson Allen,Under,19.5,-120,2025-12-15,2025-12-14T23:49:46Z,2025-12-14 15:50:05
DraftKings,player_points_assists,Collin Gillespie,Over,17.5,-107,2025-12-15,2025-12-14T23:49:46Z,2025-12-14 15:50:05
DraftKings,player_points_assists,Collin Gillespie,Under,17.5,-123,2025-12-15,2025-12-14T23:49:46Z,2025-12-14 15:50:05
DraftKings,player_points_assists,Deandre Ayton,Over,15.5,-114,2025-12-15,2025-12-14T23:49:46Z,2025-12-14 15:50:05
DraftKings,player_points_assists,Deandre Ayton,Under,15.5,-116,2025-12-15,2025-12-14T23:49:46Z,2025-12-14 15:50:05
DraftKings,player_points_assists,Rui Hachimura,Over,13.5,-108,2025-12-15,2025-12-14T23:49:46Z,2025-12-14 15:50:05
DraftKings,player_points_assists,Rui Hachimura,Under,13.5,-122,2025-12-15,2025-12-14T23:49:46Z,2025-12-14 15:50:05
DraftKings,player_points_assists,Mark Williams,Over,12.5,-125,2025-12-15,2025-12-14T23:49:46Z,2025-12-14 15:50:05
DraftKings,player_points_assists,Mark Williams,Under,12.5,-105,2025-12-15,2025-12-14T23:49:46Z,2025-12-14 15:50:05
DraftKings,player_points_assists,Marcus Smart,Over,12.5,-118,2025-12-15,2025-12-14T23:49:46Z,2025-12-14 15:50:05
DraftKings,player_points_assists,Marcus Smart,Under,12.5,-112,2025-12-15,2025-12-14T23:49:46Z,2025-12-14 15:50:05
DraftKings,player_points_assists,Royce O'Neale,Over,11.5,-124,2025-12-15,2025-12-14T23:49:46Z,2025-12-14 15:50:05
DraftKings,player_points_assists,Royce O'Neale,Under,11.5,-106,2025-12-15,2025-12-14T23:49:46Z,2025-12-14 15:50:05
DraftKings,player_points_assists,Jake LaRavia,Over,7.5,-134,2025-12-15,2025-12-14T23:49:46Z,2025-12-14 15:50:05
DraftKings,player_points_assists,Jake LaRavia,Under,7.5,101,2025-12-15,2025-12-14T23:49:46Z,2025-12-14 15:50:05
DraftKings,player_points_assists,Stephen Curry,Over,32.5,-110,2025-12-15,2025-12-14T23:49:53Z,2025-12-14 15:50:05
DraftKings,player_points_assists,Stephen Curry,Under,32.5,-119,2025-12-15,2025-12-14T23:49:53Z,2025-12-14 15:50:05
DraftKings,player_points_assists,Deni Avdija,Over,31.5,-106,2025-12-15,2025-12-14T23:49:53Z,2025-12-14 15:50:05
DraftKings,player_points_assists,Deni Avdija,Under,31.5,-124,2025-12-15,2025-12-14T23:49:53Z,2025-12-14 15:50:05
DraftKings,player_points_assists,Shaedon Sharpe,Over,24.5,-124,2025-12-15,2025-12-14T23:49:53Z,2025-12-14 15:50:05
DraftKings,player_points_assists,Shaedon Sharpe,Under,24.5,-106,2025-12-15,2025-12-14T23:49:53Z,2025-12-14 15:50:05
DraftKings,player_points_assists,Jimmy Butler,Over,24.5,-118,2025-12-15,2025-12-14T23:49:53Z,2025-12-14 15:50:05
DraftKings,player_points_assists,Jimmy Butler,Under,24.5,-111,2025-12-15,2025-12-14T23:49:53Z,2025-12-14 15:50:05
DraftKings,player_points_assists,Jerami Grant,Over,22.5,-106,2025-12-15,2025-12-14T23:49:53Z,2025-12-14 15:50:05
DraftKings,player_points_assists,Jerami Grant,Under,22.5,-124,2025-12-15,2025-12-14T23:49:53Z,2025-12-14 15:50:05
DraftKings,player_points_assists,Toumani Camara,Over,15.5,-104,2025-12-15,2025-12-14T23:49:53Z,2025-12-14 15:50:05
DraftKings,player_points_assists,Toumani Camara,Under,15.5,-127,2025-12-15,2025-12-14T23:49:53Z,2025-12-14 15:50:05
DraftKings,player_points_assists,Draymond Green,Over,14.5,-108,2025-12-15,2025-12-14T23:49:53Z,2025-12-14 15:50:05
DraftKings,player_points_assists,Draymond Green,Under,14.5,-121,2025-12-15,2025-12-14T23:49:53Z,2025-12-14 15:50:05
DraftKings,player_points_assists,Brandin Podziemski,Over,11.5,-117,2025-12-15,2025-12-14T23:49:53Z,2025-12-14 15:50:05
DraftKings,player_points_assists,Brandin Podziemski,Under,11.5,-112,2025-12-15,2025-12-14T23:49:53Z,2025-12-14 15:50:05
DraftKings,player_points_assists,Jalen Brunson,Over,37.5,-107,2025-12-17,2025-12-14T23:50:47Z,2025-12-14 15:50:05
DraftKings,player_points_assists,Jalen Brunson,Under,37.5,-123,2025-12-17,2025-12-14T23:50:47Z,2025-12-14 15:50:05
DraftKings,player_points_assists,De'Aaron Fox,Over,25.5,-124,2025-12-17,2025-12-14T23:50:47Z,2025-12-14 15:50:05
DraftKings,player_points_assists,De'Aaron Fox,Under,25.5,-106,2025-12-17,2025-12-14T23:50:47Z,2025-12-14 15:50:05
DraftKings,player_points_assists,Victor Wembanyama,Over,24.5,-118,2025-12-17,2025-12-14T23:50:47Z,2025-12-14 15:50:05
DraftKings,player_points_assists,Victor Wembanyama,Under,24.5,-111,2025-12-17,2025-12-14T23:50:47Z,2025-12-14 15:50:05
DraftKings,player_points_assists,Karl-Anthony Towns,Over,23.5,-124,2025-12-17,2025-12-14T23:50:47Z,2025-12-14 15:50:05
DraftKings,player_points_assists,Karl-Anthony Towns,Under,23.5,-107,2025-12-17,2025-12-14T23:50:47Z,2025-12-14 15:50:05
DraftKings,player_points_assists,Stephon Castle,Over,22.5,-110,2025-12-17,2025-12-14T23:50:47Z,2025-12-14 15:50:05
DraftKings,player_points_assists,Stephon Castle,Under,22.5,-120,2025-12-17,2025-12-14T23:50:47Z,2025-12-14 15:50:05
DraftKings,player_points_assists,Josh Hart,Over,19.5,-108,2025-12-17,2025-12-14T23:50:47Z,2025-12-14 15:50:05
DraftKings,player_points_assists,Josh Hart,Under,19.5,-122,2025-12-17,2025-12-14T23:50:47Z,2025-12-14 15:50:05
DraftKings,player_points_assists,Mikal Bridges,Over,17.5,-121,2025-12-17,2025-12-14T23:50:47Z,2025-12-14 15:50:05
DraftKings,player_points_assists,Mikal Bridges,Under,17.5,-109,2025-12-17,2025-12-14T23:50:47Z,2025-12-14 15:50:05
DraftKings,player_points_assists,Dylan Harper,Over,14.5,-104,2025-12-17,2025-12-14T23:50:47Z,2025-12-14 15:50:05
DraftKings,player_points_assists,Dylan Harper,Under,14.5,-126,2025-12-17,2025-12-14T23:50:47Z,2025-12-14 15:50:05
Bovada,player_points_assists,Dyson Daniels,Over,16.5,-180,2025-12-14,2025-12-14T23:49:53Z,2025-12-14 15:50:05
Bovada,player_points_assists,Dyson Daniels,Under,16.5,135,2025-12-14,2025-12-14T23:49:53Z,2025-12-14 15:50:05
Bovada,player_points_assists,Dyson Daniels,Over,17.5,-135,2025-12-14,2025-12-14T23:49:53Z,2025-12-14 15:50:05
Bovada,player_points_assists,Dyson Daniels,Under,17.5,105,2025-12-14,2025-12-14T23:49:53Z,2025-12-14 15:50:05
Bovada,player_points_assists,Dyson Daniels,Over,18.5,-110,2025-12-14,2025-12-14T23:49:53Z,2025-12-14 15:50:05
Bovada,player_points_assists,Dyson Daniels,Under,18.5,-120,2025-12-14,2025-12-14T23:49:53Z,2025-12-14 15:50:05
Bovada,player_points_assists,Jalen Johnson,Over,32.5,-145,2025-12-14,2025-12-14T23:49:53Z,2025-12-14 15:50:05
Bovada,player_points_assists,Jalen Johnson,Under,32.5,110,2025-12-14,2025-12-14T23:49:53Z,2025-12-14 15:50:05
Bovada,player_points_assists,Jalen Johnson,Over,33.5,-120,2025-12-14,2025-12-14T23:49:53Z,2025-12-14 15:50:05
Bovada,player_points_assists,Jalen Johnson,Under,33.5,-110,2025-12-14,2025-12-14T23:49:53Z,2025-12-14 15:50:05
Bovada,player_points_assists,Jalen Johnson,Over,34.5,100,2025-12-14,2025-12-14T23:49:53Z,2025-12-14 15:50:05
Bovada,player_points_assists,Jalen Johnson,Under,34.5,-130,2025-12-14,2025-12-14T23:49:53Z,2025-12-14 15:50:05
Bovada,player_points_assists,Joel Embiid,Over,26.5,-150,2025-12-14,2025-12-14T23:49:53Z,2025-12-14 15:50:05
Bovada,player_points_assists,Joel Embiid,Under,26.5,115,2025-12-14,2025-12-14T23:49:53Z,2025-12-14 15:50:05
Bovada,player_points_assists,Joel Embiid,Over,27.5,-125,2025-12-14,2025-12-14T23:49:53Z,2025-12-14 15:50:05
Bovada,player_points_assists,Joel Embiid,Under,27.5,-105,2025-12-14,2025-12-14T23:49:53Z,2025-12-14 15:50:05
Bovada,player_points_assists,Joel Embiid,Over,28.5,-105,2025-12-14,2025-12-14T23:49:53Z,2025-12-14 15:50:05
Bovada,player_points_assists,Joel Embiid,Under,28.5,-125,2025-12-14,2025-12-14T23:49:53Z,2025-12-14 15:50:05
Bovada,player_points_assists,Nickeil Alexander-Walker,Over,22.5,-145,2025-12-14,2025-12-14T23:49:53Z,2025-12-14 15:50:05
Bovada,player_points_assists,Nickeil Alexander-Walker,Under,22.5,110,2025-12-14,2025-12-14T23:49:53Z,2025-12-14 15:50:05
Bovada,player_points_assists,Nickeil Alexander-Walker,Over,23.5,-115,2025-12-14,2025-12-14T23:49:53Z,2025-12-14 15:50:05
Bovada,player_points_assists,Nickeil Alexander-Walker,Under,23.5,-115,2025-12-14,2025-12-14T23:49:53Z,2025-12-14 15:50:05
Bovada,player_points_assists,Nickeil Alexander-Walker,Over,24.5,110,2025-12-14,2025-12-14T23:49:53Z,2025-12-14 15:50:05
Bovada,player_points_assists,Nickeil Alexander-Walker,Under,24.5,-145,2025-12-14,2025-12-14T23:49:53Z,2025-12-14 15:50:05
Bovada,player_points_assists,Paul George,Over,19.5,-170,2025-12-14,2025-12-14T23:49:53Z,2025-12-14 15:50:05
Bovada,player_points_assists,Paul George,Under,19.5,130,2025-12-14,2025-12-14T23:49:53Z,2025-12-14 15:50:05
Bovada,player_points_assists,Paul George,Over,20.5,-135,2025-12-14,2025-12-14T23:49:53Z,2025-12-14 15:50:05
Bovada,player_points_assists,Paul George,Under,20.5,105,2025-12-14,2025-12-14T23:49:53Z,2025-12-14 15:50:05
Bovada,player_points_assists,Paul George,Over,21.5,-110,2025-12-14,2025-12-14T23:49:53Z,2025-12-14 15:50:05
Bovada,player_points_assists,Paul George,Under,21.5,-120,2025-12-14,2025-12-14T23:49:53Z,2025-12-14 15:50:05
Bovada,player_points_assists,Quentin Grimes,Over,20.5,-160,2025-12-14,2025-12-14T23:49:53Z,2025-12-14 15:50:05
Bovada,player_points_assists,Quentin Grimes,Under,20.5,120,2025-12-14,2025-12-14T23:49:53Z,2025-12-14 15:50:05
Bovada,player_points_assists,Quentin Grimes,Over,21.5,-125,2025-12-14,2025-12-14T23:49:53Z,2025-12-14 15:50:05
Bovada,player_points_assists,Quentin Grimes,Under,21.5,-105,2025-12-14,2025-12-14T23:49:53Z,2025-12-14 15:50:05
Bovada,player_points_assists,Quentin Grimes,Over,22.5,-105,2025-12-14,2025-12-14T23:49:53Z,2025-12-14 15:50:05
Bovada,player_points_assists,Quentin Grimes,Under,22.5,-125,2025-12-14,2025-12-14T23:49:53Z,2025-12-14 15:50:05
Bovada,player_points_assists,VJ Edgecombe,Over,18.5,-165,2025-12-14,2025-12-14T23:49:53Z,2025-12-14 15:50:05
Bovada,player_points_assists,VJ Edgecombe,Under,18.5,125,2025-12-14,2025-12-14T23:49:53Z,2025-12-14 15:50:05
Bovada,player_points_assists,VJ Edgecombe,Over,19.5,-130,2025-12-14,2025-12-14T23:49:53Z,2025-12-14 15:50:05
Bovada,player_points_assists,VJ Edgecombe,Under,19.5,100,2025-12-14,2025-12-14T23:49:53Z,2025-12-14 15:50:05
Bovada,player_points_assists,VJ Edgecombe,Over,20.5,-105,2025-12-14,2025-12-14T23:49:53Z,2025-12-14 15:50:05
Bovada,player_points_assists,VJ Edgecombe,Under,20.5,-125,2025-12-14,2025-12-14T23:49:53Z,2025-12-14 15:50:05
Bovada,player_points_assists,Danny Wolf,Over,10.5,-185,2025-12-14,2025-12-14T23:49:52Z,2025-12-14 15:50:05
Bovada,player_points_assists,Danny Wolf,Under,10.5,140,2025-12-14,2025-12-14T23:49:52Z,2025-12-14 15:50:05
Bovada,player_points_assists,Danny Wolf,Over,11.5,-135,2025-12-14,2025-12-14T23:49:52Z,2025-12-14 15:50:05
Bovada,player_points_assists,Danny Wolf,Under,11.5,105,2025-12-14,2025-12-14T23:49:52Z,2025-12-14 15:50:05
Bovada,player_points_assists,Danny Wolf,Over,12.5,100,2025-12-14,2025-12-14T23:49:52Z,2025-12-14 15:50:05
Bovada,player_points_assists,Danny Wolf,Under,12.5,-130,2025-12-14,2025-12-14T23:49:52Z,2025-12-14 15:50:05
Bovada,player_points_assists,Egor Demin,Over,10.5,-165,2025-12-14,2025-12-14T23:49:52Z,2025-12-14 15:50:05
Bovada,player_points_assists,Egor Demin,Under,10.5,125,2025-12-14,2025-12-14T23:49:52Z,2025-12-14 15:50:05
Bovada,player_points_assists,Egor Demin,Over,11.5,-120,2025-12-14,2025-12-14T23:49:52Z,2025-12-14 15:50:05
Bovada,player_points_assists,Egor Demin,Under,11.5,-110,2025-12-14,2025-12-14T23:49:52Z,2025-12-14 15:50:05
Bovada,player_points_assists,Egor Demin,Over,12.5,110,2025-12-14,2025-12-14T23:49:52Z,2025-12-14 15:50:05
Bovada,player_points_assists,Egor Demin,Under,12.5,-145,2025-12-14,2025-12-14T23:49:52Z,2025-12-14 15:50:05
Bovada,player_points_assists,Kevin Porter Jr.,Over,27.5,-135,2025-12-14,2025-12-14T23:49:52Z,2025-12-14 15:50:05
Bovada,player_points_assists,Kevin Porter Jr.,Under,27.5,105,2025-12-14,2025-12-14T23:49:52Z,2025-12-14 15:50:05
Bovada,player_points_assists,Kevin Porter Jr.,Over,28.5,-115,2025-12-14,2025-12-14T23:49:52Z,2025-12-14 15:50:05
Bovada,player_points_assists,Kevin Porter Jr.,Under,28.5,-115,2025-12-14,2025-12-14T23:49:52Z,2025-12-14 15:50:05
Bovada,player_points_assists,Kevin Porter Jr.,Over,29.5,105,2025-12-14,2025-12-14T23:49:52Z,2025-12-14 15:50:05
Bovada,player_points_assists,Kevin Porter Jr.,Under,29.5,-135,2025-12-14,2025-12-14T23:49:52Z,2025-12-14 15:50:05
Bovada,player_points_assists,Michael Porter Jr,Over,27.5,-145,2025-12-14,2025-12-14T23:49:52Z,2025-12-14 15:50:05
Bovada,player_points_assists,Michael Porter Jr,Under,27.5,110,2025-12-14,2025-12-14T23:49:52Z,2025-12-14 15:50:05
Bovada,player_points_assists,Michael Porter Jr,Over,28.5,-120,2025-12-14,2025-12-14T23:49:52Z,2025-12-14 15:50:05
Bovada,player_points_assists,Michael Porter Jr,Under,28.5,-110,2025-12-14,2025-12-14T23:49:52Z,2025-12-14 15:50:05
Bovada,player_points_assists,Michael Porter Jr,Over,29.5,100,2025-12-14,2025-12-14T23:49:52Z,2025-12-14 15:50:05
Bovada,player_points_assists,Michael Porter Jr,Under,29.5,-130,2025-12-14,2025-12-14T23:49:52Z,2025-12-14 15:50:05
Bovada,player_points_assists,Nicolas Claxton,Over,15.5,-170,2025-12-14,2025-12-14T23:49:52Z,2025-12-14 15:50:05
Bovada,player_points_assists,Nicolas Claxton,Under,15.5,130,2025-12-14,2025-12-14T23:49:52Z,2025-12-14 15:50:05
Bovada,player_points_assists,Nicolas Claxton,Over,16.5,-130,2025-12-14,2025-12-14T23:49:52Z,2025-12-14 15:50:05
Bovada,player_points_assists,Nicolas Claxton,Under,16.5,100,2025-12-14,2025-12-14T23:49:52Z,2025-12-14 15:50:05
Bovada,player_points_assists,Nicolas Claxton,Over,17.5,100,2025-12-14,2025-12-14T23:49:52Z,2025-12-14 15:50:05
Bovada,player_points_assists,Nicolas Claxton,Under,17.5,-130,2025-12-14,2025-12-14T23:49:52Z,2025-12-14 15:50:05
Bovada,player_points_assists,Ryan Rollins,Over,22.5,-145,2025-12-14,2025-12-14T23:49:52Z,2025-12-14 15:50:05
Bovada,player_points_assists,Ryan Rollins,Under,22.5,110,2025-12-14,2025-12-14T23:49:52Z,2025-12-14 15:50:05
Bovada,player_points_assists,Ryan Rollins,Over,23.5,-115,2025-12-14,2025-12-14T23:49:52Z,2025-12-14 15:50:05
Bovada,player_points_assists,Ryan Rollins,Under,23.5,-115,2025-12-14,2025-12-14T23:49:52Z,2025-12-14 15:50:05
Bovada,player_points_assists,Ryan Rollins,Over,24.5,110,2025-12-14,2025-12-14T23:49:52Z,2025-12-14 15:50:05
Bovada,player_points_assists,Ryan Rollins,Under,24.5,-145,2025-12-14,2025-12-14T23:49:52Z,2025-12-14 15:50:05
Bovada,player_points_assists,Terance Mann,Over,10.5,-165,2025-12-14,2025-12-14T23:49:52Z,2025-12-14 15:50:05
Bovada,player_points_assists,Terance Mann,Under,10.5,125,2025-12-14,2025-12-14T23:49:52Z,2025-12-14 15:50:05
Bovada,player_points_assists,Terance Mann,Over,11.5,-120,2025-12-14,2025-12-14T23:49:52Z,2025-12-14 15:50:05
Bovada,player_points_assists,Terance Mann,Under,11.5,-110,2025-12-14,2025-12-14T23:49:52Z,2025-12-14 15:50:05
Bovada,player_points_assists,Terance Mann,Over,12.5,110,2025-12-14,2025-12-14T23:49:52Z,2025-12-14 15:50:05
Bovada,player_points_assists,Terance Mann,Under,12.5,-145,2025-12-14,2025-12-14T23:49:52Z,2025-12-14 15:50:05
Bovada,player_points_assists,Coby White,Over,25.5,-145,2025-12-15,2025-12-14T23:49:19Z,2025-12-14 15:50:05
Bovada,player_points_assists,Coby White,Under,25.5,110,2025-12-15,2025-12-14T23:49:19Z,2025-12-14 15:50:05
Bovada,player_points_assists,Coby White,Over,26.5,-120,2025-12-15,2025-12-14T23:49:19Z,2025-12-14 15:50:05
Bovada,player_points_assists,Coby White,Under,26.5,-110,2025-12-15,2025-12-14T23:49:19Z,2025-12-14 15:50:05
Bovada,player_points_assists,Coby White,Over,27.5,100,2025-12-15,2025-12-14T23:49:19Z,2025-12-14 15:50:05
Bovada,player_points_assists,Coby White,Under,27.5,-130,2025-12-15,2025-12-14T23:49:19Z,2025-12-14 15:50:05
Bovada,player_points_assists,Derik Queen,Over,18.5,-150,2025-12-15,2025-12-14T23:49:19Z,2025-12-14 15:50:05
Bovada,player_points_assists,Derik Queen,Under,18.5,115,2025-12-15,2025-12-14T23:49:19Z,2025-12-14 15:50:05
Bovada,player_points_assists,Derik Queen,Over,19.5,-120,2025-12-15,2025-12-14T23:49:19Z,2025-12-14 15:50:05
Bovada,player_points_assists,Derik Queen,Under,19.5,-110,2025-12-15,2025-12-14T23:49:19Z,2025-12-14 15:50:05
Bovada,player_points_assists,Derik Queen,Over,20.5,105,2025-12-15,2025-12-14T23:49:19Z,2025-12-14 15:50:05
Bovada,player_points_assists,Derik Queen,Under,20.5,-135,2025-12-15,2025-12-14T23:49:19Z,2025-12-14 15:50:05
Bovada,player_points_assists,Herb Jones,Over,9.5,-200,2025-12-15,2025-12-14T23:49:19Z,2025-12-14 15:50:05
Bovada,player_points_assists,Herb Jones,Under,9.5,150,2025-12-15,2025-12-14T23:49:19Z,2025-12-14 15:50:05
Bovada,player_points_assists,Herb Jones,Over,10.5,-145,2025-12-15,2025-12-14T23:49:19Z,2025-12-14 15:50:05
Bovada,player_points_assists,Herb Jones,Under,10.5,110,2025-12-15,2025-12-14T23:49:19Z,2025-12-14 15:50:05
Bovada,player_points_assists,Herb Jones,Over,11.5,-105,2025-12-15,2025-12-14T23:49:19Z,2025-12-14 15:50:05
Bovada,player_points_assists,Herb Jones,Under,11.5,-125,2025-12-15,2025-12-14T23:49:19Z,2025-12-14 15:50:05
Bovada,player_points_assists,Jeremiah Fears,Over,16.5,-150,2025-12-15,2025-12-14T23:49:19Z,2025-12-14 15:50:05
Bovada,player_points_assists,Jeremiah Fears,Under,16.5,115,2025-12-15,2025-12-14T23:49:19Z,2025-12-14 15:50:05
Bovada,player_points_assists,Jeremiah Fears,Over,17.5,-120,2025-12-15,2025-12-14T23:49:19Z,2025-12-14 15:50:05
Bovada,player_points_assists,Jeremiah Fears,Under,17.5,-110,2025-12-15,2025-12-14T23:49:19Z,2025-12-14 15:50:05
Bovada,player_points_assists,Jeremiah Fears,Over,18.5,105,2025-12-15,2025-12-14T23:49:19Z,2025-12-14 15:50:05
Bovada,player_points_assists,Jeremiah Fears,Under,18.5,-135,2025-12-15,2025-12-14T23:49:19Z,2025-12-14 15:50:05
Bovada,player_points_assists,Jordan Poole,Over,17.5,-145,2025-12-15,2025-12-14T23:49:19Z,2025-12-14 15:50:05
Bovada,player_points_assists,Jordan Poole,Under,17.5,110,2025-12-15,2025-12-14T23:49:19Z,2025-12-14 15:50:05
Bovada,player_points_assists,Jordan Poole,Over,18.5,-115,2025-12-15,2025-12-14T23:49:19Z,2025-12-14 15:50:05
Bovada,player_points_assists,Jordan Poole,Under,18.5,-115,2025-12-15,2025-12-14T23:49:19Z,2025-12-14 15:50:05
Bovada,player_points_assists,Jordan Poole,Over,19.5,110,2025-12-15,2025-12-14T23:49:19Z,2025-12-14 15:50:05
Bovada,player_points_assists,Jordan Poole,Under,19.5,-145,2025-12-15,2025-12-14T23:49:19Z,2025-12-14 15:50:05
Bovada,player_points_assists,Josh Giddey,Over,28.5,-150,2025-12-15,2025-12-14T23:49:19Z,2025-12-14 15:50:05
Bovada,player_points_assists,Josh Giddey,Under,28.5,115,2025-12-15,2025-12-14T23:49:19Z,2025-12-14 15:50:05
Bovada,player_points_assists,Josh Giddey,Over,29.5,-125,2025-12-15,2025-12-14T23:49:19Z,2025-12-14 15:50:05
Bovada,player_points_assists,Josh Giddey,Under,29.5,-105,2025-12-15,2025-12-14T23:49:19Z,2025-12-14 15:50:05
Bovada,player_points_assists,Josh Giddey,Over,30.5,-105,2025-12-15,2025-12-14T23:49:19Z,2025-12-14 15:50:05
Bovada,player_points_assists,Josh Giddey,Under,30.5,-125,2025-12-15,2025-12-14T23:49:19Z,2025-12-14 15:50:05
Bovada,player_points_assists,Matas Buzelis,Over,13.5,-190,2025-12-15,2025-12-14T23:49:19Z,2025-12-14 15:50:05
Bovada,player_points_assists,Matas Buzelis,Under,13.5,145,2025-12-15,2025-12-14T23:49:19Z,2025-12-14 15:50:05
Bovada,player_points_assists,Matas Buzelis,Over,14.5,-145,2025-12-15,2025-12-14T23:49:19Z,2025-12-14 15:50:05
Bovada,player_points_assists,Matas Buzelis,Under,14.5,110,2025-12-15,2025-12-14T23:49:19Z,2025-12-14 15:50:05
Bovada,player_points_assists,Matas Buzelis,Over,15.5,-110,2025-12-15,2025-12-14T23:49:19Z,2025-12-14 15:50:05
Bovada,player_points_assists,Matas Buzelis,Under,15.5,-120,2025-12-15,2025-12-14T23:49:19Z,2025-12-14 15:50:05
Bovada,player_points_assists,Nikola Vucevic,Over,16.5,-170,2025-12-15,2025-12-14T23:49:19Z,2025-12-14 15:50:05
Bovada,player_points_assists,Nikola Vucevic,Under,16.5,130,2025-12-15,2025-12-14T23:49:19Z,2025-12-14 15:50:05
Bovada,player_points_assists,Nikola Vucevic,Over,17.5,-130,2025-12-15,2025-12-14T23:49:19Z,2025-12-14 15:50:05
Bovada,player_points_assists,Nikola Vucevic,Under,17.5,100,2025-12-15,2025-12-14T23:49:19Z,2025-12-14 15:50:05
Bovada,player_points_assists,Nikola Vucevic,Over,18.5,-105,2025-12-15,2025-12-14T23:49:19Z,2025-12-14 15:50:05
Bovada,player_points_assists,Nikola Vucevic,Under,18.5,-125,2025-12-15,2025-12-14T23:49:19Z,2025-12-14 15:50:05
Bovada,player_points_assists,Saddiq Bey,Over,13.5,-150,2025-12-15,2025-12-14T23:49:19Z,2025-12-14 15:50:05
Bovada,player_points_assists,Saddiq Bey,Under,13.5,115,2025-12-15,2025-12-14T23:49:19Z,2025-12-14 15:50:05
Bovada,player_points_assists,Saddiq Bey,Over,14.5,-115,2025-12-15,2025-12-14T23:49:19Z,2025-12-14 15:50:05
Bovada,player_points_assists,Saddiq Bey,Under,14.5,-115,2025-12-15,2025-12-14T23:49:19Z,2025-12-14 15:50:05
Bovada,player_points_assists,Saddiq Bey,Over,15.5,115,2025-12-15,2025-12-14T23:49:19Z,2025-12-14 15:50:05
Bovada,player_points_assists,Saddiq Bey,Under,15.5,-150,2025-12-15,2025-12-14T23:49:19Z,2025-12-14 15:50:05
Bovada,player_points_assists,Tre Jones,Over,13.5,-180,2025-12-15,2025-12-14T23:49:19Z,2025-12-14 15:50:05
Bovada,player_points_assists,Tre Jones,Under,13.5,135,2025-12-15,2025-12-14T23:49:19Z,2025-12-14 15:50:05
Bovada,player_points_assists,Tre Jones,Over,14.5,-135,2025-12-15,2025-12-14T23:49:19Z,2025-12-14 15:50:05
Bovada,player_points_assists,Tre Jones,Under,14.5,105,2025-12-15,2025-12-14T23:49:19Z,2025-12-14 15:50:05
Bovada,player_points_assists,Tre Jones,Over,15.5,-105,2025-12-15,2025-12-14T23:49:19Z,2025-12-14 15:50:05
Bovada,player_points_assists,Tre Jones,Under,15.5,-125,2025-12-15,2025-12-14T23:49:19Z,2025-12-14 15:50:05
Bovada,player_points_assists,Trey Murphy III,Over,22.5,-150,2025-12-15,2025-12-14T23:49:19Z,2025-12-14 15:50:05
Bovada,player_points_assists,Trey Murphy III,Under,22.5,115,2025-12-15,2025-12-14T23:49:19Z,2025-12-14 15:50:05
Bovada,player_points_assists,Trey Murphy III,Over,23.5,-120,2025-12-15,2025-12-14T23:49:19Z,2025-12-14 15:50:05
Bovada,player_points_assists,Trey Murphy III,Under,23.5,-110,2025-12-15,2025-12-14T23:49:19Z,2025-12-14 15:50:05
Bovada,player_points_assists,Trey Murphy III,Over,24.5,105,2025-12-15,2025-12-14T23:49:19Z,2025-12-14 15:50:05
Bovada,player_points_assists,Trey Murphy III,Under,24.5,-135,2025-12-15,2025-12-14T23:49:19Z,2025-12-14 15:50:05
Bovada,player_points_assists,Zion Williamson,Over,19.5,-170,2025-12-15,2025-12-14T23:49:19Z,2025-12-14 15:50:05
Bovada,player_points_assists,Zion Williamson,Under,19.5,130,2025-12-15,2025-12-14T23:49:19Z,2025-12-14 15:50:05
Bovada,player_points_assists,Zion Williamson,Over,20.5,-135,2025-12-15,2025-12-14T23:49:19Z,2025-12-14 15:50:05
Bovada,player_points_assists,Zion Williamson,Under,20.5,105,2025-12-15,2025-12-14T23:49:19Z,2025-12-14 15:50:05
Bovada,player_points_assists,Zion Williamson,Over,21.5,-110,2025-12-15,2025-12-14T23:49:19Z,2025-12-14 15:50:05
Bovada,player_points_assists,Zion Williamson,Under,21.5,-120,2025-12-15,2025-12-14T23:49:19Z,2025-12-14 15:50:05
Bovada,player_points_assists,DeMar DeRozan,Over,20.5,-145,2025-12-15,2025-12-14T23:49:50Z,2025-12-14 15:50:05
Bovada,player_points_assists,DeMar DeRozan,Under,20.5,110,2025-12-15,2025-12-14T23:49:50Z,2025-12-14 15:50:05
Bovada,player_points_assists,DeMar DeRozan,Over,21.5,-115,2025-12-15,2025-12-14T23:49:50Z,2025-12-14 15:50:05
Bovada,player_points_assists,DeMar DeRozan,Under,21.5,-115,2025-12-15,2025-12-14T23:49:50Z,2025-12-14 15:50:05
Bovada,player_points_assists,DeMar DeRozan,Over,22.5,110,2025-12-15,2025-12-14T23:49:50Z,2025-12-14 15:50:05
Bovada,player_points_assists,DeMar DeRozan,Under,22.5,-145,2025-12-15,2025-12-14T23:49:50Z,2025-12-14 15:50:05
Bovada,player_points_assists,Dennis Schroder,Over,12.5,-165,2025-12-15,2025-12-14T23:49:50Z,2025-12-14 15:50:05
Bovada,player_points_assists,Dennis Schroder,Under,12.5,125,2025-12-15,2025-12-14T23:49:50Z,2025-12-14 15:50:05
Bovada,player_points_assists,Dennis Schroder,Over,13.5,-125,2025-12-15,2025-12-14T23:49:50Z,2025-12-14 15:50:05
Bovada,player_points_assists,Dennis Schroder,Under,13.5,-105,2025-12-15,2025-12-14T23:49:50Z,2025-12-14 15:50:05
Bovada,player_points_assists,Dennis Schroder,Over,14.5,105,2025-12-15,2025-12-14T23:49:50Z,2025-12-14 15:50:05
Bovada,player_points_assists,Dennis Schroder,Under,14.5,-135,2025-12-15,2025-12-14T23:49:50Z,2025-12-14 15:50:05
Bovada,player_points_assists,Donte DiVincenzo,Over,17.5,-180,2025-12-15,2025-12-14T23:49:50Z,2025-12-14 15:50:05
Bovada,player_points_assists,Donte DiVincenzo,Under,17.5,135,2025-12-15,2025-12-14T23:49:50Z,2025-12-14 15:50:05
Bovada,player_points_assists,Donte DiVincenzo,Over,18.5,-135,2025-12-15,2025-12-14T23:49:50Z,2025-12-14 15:50:05
Bovada,player_points_assists,Donte DiVincenzo,Under,18.5,105,2025-12-15,2025-12-14T23:49:50Z,2025-12-14 15:50:05
Bovada,player_points_assists,Donte DiVincenzo,Over,19.5,-110,2025-12-15,2025-12-14T23:49:50Z,2025-12-14 15:50:05
Bovada,player_points_assists,Donte DiVincenzo,Under,19.5,-120,2025-12-15,2025-12-14T23:49:50Z,2025-12-14 15:50:05
Bovada,player_points_assists,Jaden McDaniels,Over,19.5,-150,2025-12-15,2025-12-14T23:49:50Z,2025-12-14 15:50:05
Bovada,player_points_assists,Jaden McDaniels,Under,19.5,115,2025-12-15,2025-12-14T23:49:50Z,2025-12-14 15:50:05
Bovada,player_points_assists,Jaden McDaniels,Over,20.5,-120,2025-12-15,2025-12-14T23:49:50Z,2025-12-14 15:50:05
Bovada,player_points_assists,Jaden McDaniels,Under,20.5,-110,2025-12-15,2025-12-14T23:49:50Z,2025-12-14 15:50:05
Bovada,player_points_assists,Jaden McDaniels,Over,21.5,105,2025-12-15,2025-12-14T23:49:50Z,2025-12-14 15:50:05
Bovada,player_points_assists,Jaden McDaniels,Under,21.5,-135,2025-12-15,2025-12-14T23:49:50Z,2025-12-14 15:50:05
Bovada,player_points_assists,Julius Randle,Over,30.5,-135,2025-12-15,2025-12-14T23:49:50Z,2025-12-14 15:50:05
Bovada,player_points_assists,Julius Randle,Under,30.5,105,2025-12-15,2025-12-14T23:49:50Z,2025-12-14 15:50:05
Bovada,player_points_assists,Julius Randle,Over,31.5,-115,2025-12-15,2025-12-14T23:49:50Z,2025-12-14 15:50:05
Bovada,player_points_assists,Julius Randle,Under,31.5,-115,2025-12-15,2025-12-14T23:49:50Z,2025-12-14 15:50:05
Bovada,player_points_assists,Julius Randle,Over,32.5,105,2025-12-15,2025-12-14T23:49:50Z,2025-12-14 15:50:05
Bovada,player_points_assists,Julius Randle,Under,32.5,-135,2025-12-15,2025-12-14T23:49:50Z,2025-12-14 15:50:05
Bovada,player_points_assists,Malik Monk,Over,12.5,-185,2025-12-15,2025-12-14T23:49:50Z,2025-12-14 15:50:05
Bovada,player_points_assists,Malik Monk,Under,12.5,140,2025-12-15,2025-12-14T23:49:50Z,2025-12-14 15:50:05
Bovada,player_points_assists,Malik Monk,Over,13.5,-135,2025-12-15,2025-12-14T23:49:50Z,2025-12-14 15:50:05
Bovada,player_points_assists,Malik Monk,Under,13.5,105,2025-12-15,2025-12-14T23:49:50Z,2025-12-14 15:50:05
Bovada,player_points_assists,Malik Monk,Over,14.5,-105,2025-12-15,2025-12-14T23:49:50Z,2025-12-14 15:50:05
Bovada,player_points_assists,Malik Monk,Under,14.5,-125,2025-12-15,2025-12-14T23:49:50Z,2025-12-14 15:50:05
Bovada,player_points_assists,Naz Reid,Over,19.5,-145,2025-12-15,2025-12-14T23:49:50Z,2025-12-14 15:50:05
Bovada,player_points_assists,Naz Reid,Under,19.5,110,2025-12-15,2025-12-14T23:49:50Z,2025-12-14 15:50:05
Bovada,player_points_assists,Naz Reid,Over,20.5,-115,2025-12-15,2025-12-14T23:49:50Z,2025-12-14 15:50:05
Bovada,player_points_assists,Naz Reid,Under,20.5,-115,2025-12-15,2025-12-14T23:49:50Z,2025-12-14 15:50:05
Bovada,player_points_assists,Naz Reid,Over,21.5,110,2025-12-15,2025-12-14T23:49:50Z,2025-12-14 15:50:05
Bovada,player_points_assists,Naz Reid,Under,21.5,-145,2025-12-15,2025-12-14T23:49:50Z,2025-12-14 15:50:05
Bovada,player_points_assists,Rudy Gobert,Over,13.5,-170,2025-12-15,2025-12-14T23:49:50Z,2025-12-14 15:50:05
Bovada,player_points_assists,Rudy Gobert,Under,13.5,130,2025-12-15,2025-12-14T23:49:50Z,2025-12-14 15:50:05
Bovada,player_points_assists,Rudy Gobert,Over,14.5,-130,2025-12-15,2025-12-14T23:49:50Z,2025-12-14 15:50:05
Bovada,player_points_assists,Rudy Gobert,Under,14.5,100,2025-12-15,2025-12-14T23:49:50Z,2025-12-14 15:50:05
Bovada,player_points_assists,Rudy Gobert,Over,15.5,100,2025-12-15,2025-12-14T23:49:50Z,2025-12-14 15:50:05
Bovada,player_points_assists,Rudy Gobert,Under,15.5,-130,2025-12-15,2025-12-14T23:49:50Z,2025-12-14 15:50:05
Bovada,player_points_assists,Russell Westbrook,Over,17.5,-180,2025-12-15,2025-12-14T23:49:50Z,2025-12-14 15:50:05
Bovada,player_points_assists,Russell Westbrook,Under,17.5,135,2025-12-15,2025-12-14T23:49:50Z,2025-12-14 15:50:05
Bovada,player_points_assists,Russell Westbrook,Over,18.5,-135,2025-12-15,2025-12-14T23:49:50Z,2025-12-14 15:50:05
Bovada,player_points_assists,Russell Westbrook,Under,18.5,105,2025-12-15,2025-12-14T23:49:50Z,2025-12-14 15:50:05
Bovada,player_points_assists,Russell Westbrook,Over,19.5,-110,2025-12-15,2025-12-14T23:49:50Z,2025-12-14 15:50:05
Bovada,player_points_assists,Russell Westbrook,Under,19.5,-120,2025-12-15,2025-12-14T23:49:50Z,2025-12-14 15:50:05
Bovada,player_points_assists,Zach LaVine,Over,21.5,-150,2025-12-15,2025-12-14T23:49:50Z,2025-12-14 15:50:05
Bovada,player_points_assists,Zach LaVine,Under,21.5,115,2025-12-15,2025-12-14T23:49:50Z,2025-12-14 15:50:05
Bovada,player_points_assists,Zach LaVine,Over,22.5,-120,2025-12-15,2025-12-14T23:49:50Z,2025-12-14 15:50:05
Bovada,player_points_assists,Zach LaVine,Under,22.5,-110,2025-12-15,2025-12-14T23:49:50Z,2025-12-14 15:50:05
Bovada,player_points_assists,Zach LaVine,Over,23.5,105,2025-12-15,2025-12-14T23:49:50Z,2025-12-14 15:50:05
Bovada,player_points_assists,Zach LaVine,Under,23.5,-135,2025-12-15,2025-12-14T23:49:50Z,2025-12-14 15:50:05
Bovada,player_points_assists,Collin Gillespie,Over,17.5,-180,2025-12-15,2025-12-14T23:49:30Z,2025-12-14 15:50:05
Bovada,player_points_assists,Collin Gillespie,Under,17.5,135,2025-12-15,2025-12-14T23:49:30Z,2025-12-14 15:50:05
Bovada,player_points_assists,Collin Gillespie,Over,18.5,-135,2025-12-15,2025-12-14T23:49:30Z,2025-12-14 15:50:05
Bovada,player_points_assists,Collin Gillespie,Under,18.5,105,2025-12-15,2025-12-14T23:49:30Z,2025-12-14 15:50:05
Bovada,player_points_assists,Collin Gillespie,Over,19.5,-110,2025-12-15,2025-12-14T23:49:30Z,2025-12-14 15:50:05
Bovada,player_points_assists,Collin Gillespie,Under,19.5,-120,2025-12-15,2025-12-14T23:49:30Z,2025-12-14 15:50:05
Bovada,player_points_assists,Devin Booker,Over,26.5,-160,2025-12-15,2025-12-14T23:49:30Z,2025-12-14 15:50:05
Bovada,player_points_assists,Devin Booker,Under,26.5,120,2025-12-15,2025-12-14T23:49:30Z,2025-12-14 15:50:05
Bovada,player_points_assists,Devin Booker,Over,27.5,-130,2025-12-15,2025-12-14T23:49:30Z,2025-12-14 15:50:05
Bovada,player_points_assists,Devin Booker,Under,27.5,100,2025-12-15,2025-12-14T23:49:30Z,2025-12-14 15:50:05
Bovada,player_points_assists,Devin Booker,Over,28.5,-105,2025-12-15,2025-12-14T23:49:30Z,2025-12-14 15:50:05
Bovada,player_points_assists,Devin Booker,Under,28.5,-125,2025-12-15,2025-12-14T23:49:30Z,2025-12-14 15:50:05
Bovada,player_points_assists,Dillon Brooks,Over,18.5,-180,2025-12-15,2025-12-14T23:49:30Z,2025-12-14 15:50:05
Bovada,player_points_assists,Dillon Brooks,Under,18.5,135,2025-12-15,2025-12-14T23:49:30Z,2025-12-14 15:50:05
Bovada,player_points_assists,Dillon Brooks,Over,19.5,-135,2025-12-15,2025-12-14T23:49:30Z,2025-12-14 15:50:05
Bovada,player_points_assists,Dillon Brooks,Under,19.5,105,2025-12-15,2025-12-14T23:49:30Z,2025-12-14 15:50:05
Bovada,player_points_assists,Dillon Brooks,Over,20.5,-110,2025-12-15,2025-12-14T23:49:30Z,2025-12-14 15:50:05
Bovada,player_points_assists,Dillon Brooks,Under,20.5,-120,2025-12-15,2025-12-14T23:49:30Z,2025-12-14 15:50:05
Bovada,player_points_assists,Grayson Allen,Over,17.5,-150,2025-12-15,2025-12-14T23:49:30Z,2025-12-14 15:50:05
Bovada,player_points_assists,Grayson Allen,Under,17.5,115,2025-12-15,2025-12-14T23:49:30Z,2025-12-14 15:50:05
Bovada,player_points_assists,Grayson Allen,Over,18.5,-120,2025-12-15,2025-12-14T23:49:30Z,2025-12-14 15:50:05
Bovada,player_points_assists,Grayson Allen,Under,18.5,-110,2025-12-15,2025-12-14T23:49:30Z,2025-12-14 15:50:05
Bovada,player_points_assists,Grayson Allen,Over,19.5,105,2025-12-15,2025-12-14T23:49:30Z,2025-12-14 15:50:05
Bovada,player_points_assists,Grayson Allen,Under,19.5,-135,2025-12-15,2025-12-14T23:49:30Z,2025-12-14 15:50:05
Bovada,player_points_assists,LeBron James,Over,26.5,-145,2025-12-15,2025-12-14T23:49:30Z,2025-12-14 15:50:05
Bovada,player_points_assists,LeBron James,Under,26.5,110,2025-12-15,2025-12-14T23:49:30Z,2025-12-14 15:50:05
Bovada,player_points_assists,LeBron James,Over,27.5,-120,2025-12-15,2025-12-14T23:49:30Z,2025-12-14 15:50:05
Bovada,player_points_assists,LeBron James,Under,27.5,-110,2025-12-15,2025-12-14T23:49:30Z,2025-12-14 15:50:05
Bovada,player_points_assists,LeBron James,Over,28.5,100,2025-12-15,2025-12-14T23:49:30Z,2025-12-14 15:50:05
Bovada,player_points_assists,LeBron James,Under,28.5,-130,2025-12-15,2025-12-14T23:49:30Z,2025-12-14 15:50:05
Bovada,player_points_assists,Luka Doncic,Over,43.5,-130,2025-12-15,2025-12-14T23:49:30Z,2025-12-14 15:50:05
Bovada,player_points_assists,Luka Doncic,Under,43.5,100,2025-12-15,2025-12-14T23:49:30Z,2025-12-14 15:50:05
Bovada,player_points_assists,Luka Doncic,Over,44.5,-115,2025-12-15,2025-12-14T23:49:30Z,2025-12-14 15:50:05
Bovada,player_points_assists,Luka Doncic,Under,44.5,-115,2025-12-15,2025-12-14T23:49:30Z,2025-12-14 15:50:05
Bovada,player_points_assists,Luka Doncic,Over,45.5,100,2025-12-15,2025-12-14T23:49:30Z,2025-12-14 15:50:05
Bovada,player_points_assists,Luka Doncic,Under,45.5,-130,2025-12-15,2025-12-14T23:49:30Z,2025-12-14 15:50:05
Bovada,player_points_assists,Marcus Smart,Over,12.5,-150,2025-12-15,2025-12-14T23:49:30Z,2025-12-14 15:50:05
Bovada,player_points_assists,Marcus Smart,Under,12.5,115,2025-12-15,2025-12-14T23:49:30Z,2025-12-14 15:50:05
Bovada,player_points_assists,Marcus Smart,Over,13.5,-115,2025-12-15,2025-12-14T23:49:30Z,2025-12-14 15:50:05
Bovada,player_points_assists,Marcus Smart,Under,13.5,-115,2025-12-15,2025-12-14T23:49:30Z,2025-12-14 15:50:05
Bovada,player_points_assists,Marcus Smart,Over,14.5,115,2025-12-15,2025-12-14T23:49:30Z,2025-12-14 15:50:05
Bovada,player_points_assists,Marcus Smart,Under,14.5,-150,2025-12-15,2025-12-14T23:49:30Z,2025-12-14 15:50:05
Bovada,player_points_assists,Royce O'Neale,Over,10.5,-185,2025-12-15,2025-12-14T23:49:30Z,2025-12-14 15:50:05
Bovada,player_points_assists,Royce O'Neale,Under,10.5,140,2025-12-15,2025-12-14T23:49:30Z,2025-12-14 15:50:05
Bovada,player_points_assists,Royce O'Neale,Over,11.5,-135,2025-12-15,2025-12-14T23:49:30Z,2025-12-14 15:50:05
Bovada,player_points_assists,Royce O'Neale,Under,11.5,105,2025-12-15,2025-12-14T23:49:30Z,2025-12-14 15:50:05
Bovada,player_points_assists,Royce O'Neale,Over,12.5,100,2025-12-15,2025-12-14T23:49:30Z,2025-12-14 15:50:05
Bovada,player_points_assists,Royce O'Neale,Under,12.5,-130,2025-12-15,2025-12-14T23:49:30Z,2025-12-14 15:50:05
Bovada,player_points_assists,Brandin Podziemski,Over,8.5,-210,2025-12-15,2025-12-14T23:49:01Z,2025-12-14 15:50:05
Bovada,player_points_assists,Brandin Podziemski,Under,8.5,155,2025-12-15,2025-12-14T23:49:01Z,2025-12-14 15:50:05
Bovada,player_points_assists,Brandin Podziemski,Over,9.5,-145,2025-12-15,2025-12-14T23:49:01Z,2025-12-14 15:50:05
Bovada,player_points_assists,Brandin Podziemski,Under,9.5,110,2025-12-15,2025-12-14T23:49:01Z,2025-12-14 15:50:05
Bovada,player_points_assists,Brandin Podziemski,Over,10.5,-105,2025-12-15,2025-12-14T23:49:01Z,2025-12-14 15:50:05
Bovada,player_points_assists,Brandin Podziemski,Under,10.5,-125,2025-12-15,2025-12-14T23:49:01Z,2025-12-14 15:50:05
Bovada,player_points_assists,Deni Avdija,Over,32.5,-145,2025-12-15,2025-12-14T23:49:01Z,2025-12-14 15:50:05
Bovada,player_points_assists,Deni Avdija,Under,32.5,110,2025-12-15,2025-12-14T23:49:01Z,2025-12-14 15:50:05
Bovada,player_points_assists,Deni Avdija,Over,33.5,-120,2025-12-15,2025-12-14T23:49:01Z,2025-12-14 15:50:05
Bovada,player_points_assists,Deni Avdija,Under,33.5,-110,2025-12-15,2025-12-14T23:49:01Z,2025-12-14 15:50:05
Bovada,player_points_assists,Deni Avdija,Over,34.5,100,2025-12-15,2025-12-14T23:49:01Z,2025-12-14 15:50:05
Bovada,player_points_assists,Deni Avdija,Under,34.5,-130,2025-12-15,2025-12-14T23:49:01Z,2025-12-14 15:50:05
Bovada,player_points_assists,Draymond Green,Over,12.5,-190,2025-12-15,2025-12-14T23:49:01Z,2025-12-14 15:50:05
Bovada,player_points_assists,Draymond Green,Under,12.5,145,2025-12-15,2025-12-14T23:49:01Z,2025-12-14 15:50:05
Bovada,player_points_assists,Draymond Green,Over,13.5,-145,2025-12-15,2025-12-14T23:49:01Z,2025-12-14 15:50:05
Bovada,player_points_assists,Draymond Green,Under,13.5,110,2025-12-15,2025-12-14T23:49:01Z,2025-12-14 15:50:05
Bovada,player_points_assists,Draymond Green,Over,14.5,-110,2025-12-15,2025-12-14T23:49:01Z,2025-12-14 15:50:05
Bovada,player_points_assists,Draymond Green,Under,14.5,-120,2025-12-15,2025-12-14T23:49:01Z,2025-12-14 15:50:05
Bovada,player_points_assists,Jerami Grant,Over,21.5,-150,2025-12-15,2025-12-14T23:49:01Z,2025-12-14 15:50:05
Bovada,player_points_assists,Jerami Grant,Under,21.5,115,2025-12-15,2025-12-14T23:49:01Z,2025-12-14 15:50:05
Bovada,player_points_assists,Jerami Grant,Over,22.5,-120,2025-12-15,2025-12-14T23:49:01Z,2025-12-14 15:50:05
Bovada,player_points_assists,Jerami Grant,Under,22.5,-110,2025-12-15,2025-12-14T23:49:01Z,2025-12-14 15:50:05
Bovada,player_points_assists,Jerami Grant,Over,23.5,105,2025-12-15,2025-12-14T23:49:01Z,2025-12-14 15:50:05
Bovada,player_points_assists,Jerami Grant,Under,23.5,-135,2025-12-15,2025-12-14T23:49:01Z,2025-12-14 15:50:05
Bovada,player_points_assists,Jimmy Butler,Over,23.5,-150,2025-12-15,2025-12-14T23:49:01Z,2025-12-14 15:50:05
Bovada,player_points_assists,Jimmy Butler,Under,23.5,115,2025-12-15,2025-12-14T23:49:01Z,2025-12-14 15:50:05
Bovada,player_points_assists,Jimmy Butler,Over,24.5,-120,2025-12-15,2025-12-14T23:49:01Z,2025-12-14 15:50:05
Bovada,player_points_assists,Jimmy Butler,Under,24.5,-110,2025-12-15,2025-12-14T23:49:01Z,2025-12-14 15:50:05
Bovada,player_points_assists,Jimmy Butler,Over,25.5,105,2025-12-15,2025-12-14T23:49:01Z,2025-12-14 15:50:05
Bovada,player_points_assists,Jimmy Butler,Under,25.5,-135,2025-12-15,2025-12-14T23:49:01Z,2025-12-14 15:50:05
Bovada,player_points_assists,Shaedon Sharpe,Over,22.5,-160,2025-12-15,2025-12-14T23:49:01Z,2025-12-14 15:50:05
Bovada,player_points_assists,Shaedon Sharpe,Under,22.5,120,2025-12-15,2025-12-14T23:49:01Z,2025-12-14 15:50:05
Bovada,player_points_assists,Shaedon Sharpe,Over,23.5,-130,2025-12-15,2025-12-14T23:49:01Z,2025-12-14 15:50:05
Bovada,player_points_assists,Shaedon Sharpe,Under,23.5,100,2025-12-15,2025-12-14T23:49:01Z,2025-12-14 15:50:05
Bovada,player_points_assists,Shaedon Sharpe,Over,24.5,-105,2025-12-15,2025-12-14T23:49:01Z,2025-12-14 15:50:05
Bovada,player_points_assists,Shaedon Sharpe,Under,24.5,-125,2025-12-15,2025-12-14T23:49:01Z,2025-12-14 15:50:05
Bovada,player_points_assists,Stephen Curry,Over,31.5,-145,2025-12-15,2025-12-14T23:49:01Z,2025-12-14 15:50:05
Bovada,player_points_assists,Stephen Curry,Under,31.5,110,2025-12-15,2025-12-14T23:49:01Z,2025-12-14 15:50:05
Bovada,player_points_assists,Stephen Curry,Over,32.5,-120,2025-12-15,2025-12-14T23:49:01Z,2025-12-14 15:50:05
Bovada,player_points_assists,Stephen Curry,Under,32.5,-110,2025-12-15,2025-12-14T23:49:01Z,2025-12-14 15:50:05
Bovada,player_points_assists,Stephen Curry,Over,33.5,100,2025-12-15,2025-12-14T23:49:01Z,2025-12-14 15:50:05
Bovada,player_points_assists,Stephen Curry,Under,33.5,-130,2025-12-15,2025-12-14T23:49:01Z,2025-12-14 15:50:05
Bovada,player_points_assists,Toumani Camara,Over,13.5,-190,2025-12-15,2025-12-14T23:49:01Z,2025-12-14 15:50:05
Bovada,player_points_assists,Toumani Camara,Under,13.5,145,2025-12-15,2025-12-14T23:49:01Z,2025-12-14 15:50:05
Bovada,player_points_assists,Toumani Camara,Over,14.5,-145,2025-12-15,2025-12-14T23:49:01Z,2025-12-14 15:50:05
Bovada,player_points_assists,Toumani Camara,Under,14.5,110,2025-12-15,2025-12-14T23:49:01Z,2025-12-14 15:50:05
Bovada,player_points_assists,Toumani Camara,Over,15.5,-110,2025-12-15,2025-12-14T23:49:01Z,2025-12-14 15:50:05
Bovada,player_points_assists,Toumani Camara,Under,15.5,-120,2025-12-15,2025-12-14T23:49:01Z,2025-12-14 15:50:05
FanDuel,player_points_assists,Saddiq Bey,Over,14.5,-112,2025-12-15,2025-12-14T23:49:25Z,2025-12-14 15:50:05
FanDuel,player_points_assists,Saddiq Bey,Under,14.5,-118,2025-12-15,2025-12-14T23:49:25Z,2025-12-14 15:50:05
FanDuel,player_points_assists,Derik Queen,Over,19.5,-125,2025-12-15,2025-12-14T23:49:25Z,2025-12-14 15:50:05
FanDuel,player_points_assists,Derik Queen,Under,19.5,-106,2025-12-15,2025-12-14T23:49:25Z,2025-12-14 15:50:05
FanDuel,player_points_assists,Zion Williamson,Over,20.5,-125,2025-12-15,2025-12-14T23:49:25Z,2025-12-14 15:50:05
FanDuel,player_points_assists,Zion Williamson,Under,20.5,-106,2025-12-15,2025-12-14T23:49:25Z,2025-12-14 15:50:05
FanDuel,player_points_assists,Tre Jones,Over,15.5,-110,2025-12-15,2025-12-14T23:49:25Z,2025-12-14 15:50:05
FanDuel,player_points_assists,Tre Jones,Under,15.5,-120,2025-12-15,2025-12-14T23:49:25Z,2025-12-14 15:50:05
FanDuel,player_points_assists,Coby White,Over,26.5,-122,2025-12-15,2025-12-14T23:49:25Z,2025-12-14 15:50:05
FanDuel,player_points_assists,Coby White,Under,26.5,-108,2025-12-15,2025-12-14T23:49:25Z,2025-12-14 15:50:05
FanDuel,player_points_assists,Jeremiah Fears,Over,17.5,-102,2025-12-15,2025-12-14T23:49:25Z,2025-12-14 15:50:05
FanDuel,player_points_assists,Jeremiah Fears,Under,17.5,-130,2025-12-15,2025-12-14T23:49:25Z,2025-12-14 15:50:05
FanDuel,player_points_assists,Josh Giddey,Over,29.5,-110,2025-12-15,2025-12-14T23:49:25Z,2025-12-14 15:50:05
FanDuel,player_points_assists,Josh Giddey,Under,29.5,-120,2025-12-15,2025-12-14T23:49:25Z,2025-12-14 15:50:05
FanDuel,player_points_assists,Matas Buzelis,Over,15.5,-108,2025-12-15,2025-12-14T23:49:25Z,2025-12-14 15:50:05
FanDuel,player_points_assists,Matas Buzelis,Under,15.5,-122,2025-12-15,2025-12-14T23:49:25Z,2025-12-14 15:50:05
FanDuel,player_points_assists,Nikola Vucevic,Over,17.5,-130,2025-12-15,2025-12-14T23:49:25Z,2025-12-14 15:50:05
FanDuel,player_points_assists,Nikola Vucevic,Under,17.5,-102,2025-12-15,2025-12-14T23:49:25Z,2025-12-14 15:50:05
FanDuel,player_points_assists,Herb Jones,Over,11.5,-102,2025-12-15,2025-12-14T23:49:25Z,2025-12-14 15:50:05
FanDuel,player_points_assists,Herb Jones,Under,11.5,-130,2025-12-15,2025-12-14T23:49:25Z,2025-12-14 15:50:05
FanDuel,player_points_assists,Trey Murphy III,Over,23.5,-122,2025-12-15,2025-12-14T23:49:25Z,2025-12-14 15:50:05
FanDuel,player_points_assists,Trey Murphy III,Under,23.5,-108,2025-12-15,2025-12-14T23:49:25Z,2025-12-14 15:50:05
FanDuel,player_points_assists,Jordan Poole,Over,18.5,-120,2025-12-15,2025-12-14T23:49:25Z,2025-12-14 15:50:05
FanDuel,player_points_assists,Jordan Poole,Under,18.5,-110,2025-12-15,2025-12-14T23:49:25Z,2025-12-14 15:50:05
FanDuel,player_points_assists,Russell Westbrook,Over,19.5,-120,2025-12-15,2025-12-14T23:49:26Z,2025-12-14 15:50:05
FanDuel,player_points_assists,Russell Westbrook,Under,19.5,-110,2025-12-15,2025-12-14T23:49:26Z,2025-12-14 15:50:05
FanDuel,player_points_assists,Zach LaVine,Over,22.5,-106,2025-12-15,2025-12-14T23:49:26Z,2025-12-14 15:50:05
FanDuel,player_points_assists,Zach LaVine,Under,22.5,-125,2025-12-15,2025-12-14T23:49:26Z,2025-12-14 15:50:05
FanDuel,player_points_assists,Jaden McDaniels,Over,20.5,-118,2025-12-15,2025-12-14T23:49:26Z,2025-12-14 15:50:05
FanDuel,player_points_assists,Jaden McDaniels,Under,20.5,-112,2025-12-15,2025-12-14T23:49:26Z,2025-12-14 15:50:05
FanDuel,player_points_assists,DeMar DeRozan,Over,20.5,-130,2025-12-15,2025-12-14T23:49:26Z,2025-12-14 15:50:05
FanDuel,player_points_assists,DeMar DeRozan,Under,20.5,-102,2025-12-15,2025-12-14T23:49:26Z,2025-12-14 15:50:05
FanDuel,player_points_assists,Naz Reid,Over,19.5,-128,2025-12-15,2025-12-14T23:49:26Z,2025-12-14 15:50:05
FanDuel,player_points_assists,Naz Reid,Under,19.5,-104,2025-12-15,2025-12-14T23:49:26Z,2025-12-14 15:50:05
FanDuel,player_points_assists,Julius Randle,Over,31.5,-114,2025-12-15,2025-12-14T23:49:26Z,2025-12-14 15:50:05
FanDuel,player_points_assists,Julius Randle,Under,31.5,-114,2025-12-15,2025-12-14T23:49:26Z,2025-12-14 15:50:05
FanDuel,player_points_assists,Malik Monk,Over,14.5,-102,2025-12-15,2025-12-14T23:49:26Z,2025-12-14 15:50:05
FanDuel,player_points_assists,Malik Monk,Under,14.5,-130,2025-12-15,2025-12-14T23:49:26Z,2025-12-14 15:50:05
FanDuel,player_points_assists,Donte DiVincenzo,Over,19.5,-118,2025-12-15,2025-12-14T23:49:26Z,2025-12-14 15:50:05
FanDuel,player_points_assists,Donte DiVincenzo,Under,19.5,-112,2025-12-15,2025-12-14T23:49:26Z,2025-12-14 15:50:05
FanDuel,player_points_assists,Grayson Allen,Over,19.5,-118,2025-12-15,2025-12-14T23:49:53Z,2025-12-14 15:50:05
FanDuel,player_points_assists,Grayson Allen,Under,19.5,-112,2025-12-15,2025-12-14T23:49:53Z,2025-12-14 15:50:05
FanDuel,player_points_assists,Royce O'Neale,Over,12.5,100,2025-12-15,2025-12-14T23:49:53Z,2025-12-14 15:50:05
FanDuel,player_points_assists,Royce O'Neale,Under,12.5,-132,2025-12-15,2025-12-14T23:49:53Z,2025-12-14 15:50:05
FanDuel,player_points_assists,Dillon Brooks,Over,20.5,-118,2025-12-15,2025-12-14T23:49:53Z,2025-12-14 15:50:05
FanDuel,player_points_assists,Dillon Brooks,Under,20.5,-112,2025-12-15,2025-12-14T23:49:53Z,2025-12-14 15:50:05
FanDuel,player_points_assists,Devin Booker,Over,27.5,-118,2025-12-15,2025-12-14T23:49:53Z,2025-12-14 15:50:05
FanDuel,player_points_assists,Devin Booker,Under,27.5,-112,2025-12-15,2025-12-14T23:49:53Z,2025-12-14 15:50:05
FanDuel,player_points_assists,Collin Gillespie,Over,17.5,-104,2025-12-15,2025-12-14T23:49:53Z,2025-12-14 15:50:05
FanDuel,player_points_assists,Collin Gillespie,Under,17.5,-128,2025-12-15,2025-12-14T23:49:53Z,2025-12-14 15:50:05
FanDuel,player_points_assists,LeBron James,Over,27.5,-110,2025-12-15,2025-12-14T23:49:53Z,2025-12-14 15:50:05
FanDuel,player_points_assists,LeBron James,Under,27.5,-118,2025-12-15,2025-12-14T23:49:53Z,2025-12-14 15:50:05
FanDuel,player_points_assists,Luka Doncic,Over,43.5,-118,2025-12-15,2025-12-14T23:49:53Z,2025-12-14 15:50:05
FanDuel,player_points_assists,Luka Doncic,Under,43.5,-112,2025-12-15,2025-12-14T23:49:53Z,2025-12-14 15:50:05
FanDuel,player_points_assists,Marcus Smart,Over,13.5,-102,2025-12-15,2025-12-14T23:49:53Z,2025-12-14 15:50:05
FanDuel,player_points_assists,Marcus Smart,Under,13.5,-130,2025-12-15,2025-12-14T23:49:53Z,2025-12-14 15:50:05
FanDuel,player_points_assists,Jimmy Butler,Over,25.5,-104,2025-12-15,2025-12-14T23:49:50Z,2025-12-14 15:50:05
FanDuel,player_points_assists,Jimmy Butler,Under,25.5,-128,2025-12-15,2025-12-14T23:49:50Z,2025-12-14 15:50:05
FanDuel,player_points_assists,Deni Avdija,Over,30.5,-128,2025-12-15,2025-12-14T23:49:50Z,2025-12-14 15:50:05
FanDuel,player_points_assists,Deni Avdija,Under,30.5,-104,2025-12-15,2025-12-14T23:49:50Z,2025-12-14 15:50:05
FanDuel,player_points_assists,Brandin Podziemski,Over,11.5,-120,2025-12-15,2025-12-14T23:49:50Z,2025-12-14 15:50:05
FanDuel,player_points_assists,Brandin Podziemski,Under,11.5,-110,2025-12-15,2025-12-14T23:49:50Z,2025-12-14 15:50:05
FanDuel,player_points_assists,Toumani Camara,Over,15.5,-102,2025-12-15,2025-12-14T23:49:50Z,2025-12-14 15:50:05
FanDuel,player_points_assists,Toumani Camara,Under,15.5,-130,2025-12-15,2025-12-14T23:49:50Z,2025-12-14 15:50:05
FanDuel,player_points_assists,Stephen Curry,Over,32.5,-104,2025-12-15,2025-12-14T23:49:50Z,2025-12-14 15:50:05
FanDuel,player_points_assists,Stephen Curry,Under,32.5,-128,2025-12-15,2025-12-14T23:49:50Z,2025-12-14 15:50:05
FanDuel,player_points_assists,Jerami Grant,Over,22.5,-125,2025-12-15,2025-12-14T23:49:50Z,2025-12-14 15:50:05
FanDuel,player_points_assists,Jerami Grant,Under,22.5,-106,2025-12-15,2025-12-14T23:49:50Z,2025-12-14 15:50:05
FanDuel,player_points_assists,Shaedon Sharpe,Over,25.5,-122,2025-12-15,2025-12-14T23:49:50Z,2025-12-14 15:50:05
FanDuel,player_points_assists,Shaedon Sharpe,Under,25.5,-108,2025-12-15,2025-12-14T23:49:50Z,2025-12-14 15:50:05
FanDuel,player_points_assists,Draymond Green,Over,14.5,-114,2025-12-15,2025-12-14T23:49:50Z,2025-12-14 15:50:05
FanDuel,player_points_assists,Draymond Green,Under,14.5,-114,2025-12-15,2025-12-14T23:49:50Z,2025-12-14 15:50:05
FanDuel,player_points_assists,Karl-Anthony Towns,Over,23.5,-125,2025-12-17,2025-12-14T23:50:52Z,2025-12-14 15:50:05
FanDuel,player_points_assists,Karl-Anthony Towns,Under,23.5,-106,2025-12-17,2025-12-14T23:50:52Z,2025-12-14 15:50:05
FanDuel,player_points_assists,Dylan Harper,Over,13.5,-130,2025-12-17,2025-12-14T23:50:52Z,2025-12-14 15:50:05
FanDuel,player_points_assists,Dylan Harper,Under,13.5,-102,2025-12-17,2025-12-14T23:50:52Z,2025-12-14 15:50:05
FanDuel,player_points_assists,Stephon Castle,Over,22.5,-114,2025-12-17,2025-12-14T23:50:52Z,2025-12-14 15:50:05
FanDuel,player_points_assists,Stephon Castle,Under,22.5,-114,2025-12-17,2025-12-14T23:50:52Z,2025-12-14 15:50:05
FanDuel,player_points_assists,Mikal Bridges,Over,17.5,-118,2025-12-17,2025-12-14T23:50:52Z,2025-12-14 15:50:05
FanDuel,player_points_assists,Mikal Bridges,Under,17.5,-112,2025-12-17,2025-12-14T23:50:52Z,2025-12-14 15:50:05
FanDuel,player_points_assists,De'Aaron Fox,Over,26.5,-106,2025-12-17,2025-12-14T23:50:52Z,2025-12-14 15:50:05
FanDuel,player_points_assists,De'Aaron Fox,Under,26.5,-125,2025-12-17,2025-12-14T23:50:52Z,2025-12-14 15:50:05
FanDuel,player_points_assists,Jalen Brunson,Over,36.5,-114,2025-12-17,2025-12-14T23:50:52Z,2025-12-14 15:50:05
FanDuel,player_points_assists,Jalen Brunson,Under,36.5,-114,2025-12-17,2025-12-14T23:50:52Z,2025-12-14 15:50:05
FanDuel,player_points_assists,Josh Hart,Over,19.5,-102,2025-12-17,2025-12-14T23:50:52Z,2025-12-14 15:50:05
FanDuel,player_points_assists,Josh Hart,Under,19.5,-130,2025-12-17,2025-12-14T23:50:52Z,2025-12-14 15:50:05
FanDuel,player_points_assists,Victor Wembanyama,Over,26.5,-108,2025-12-17,2025-12-14T23:50:52Z,2025-12-14 15:50:05
FanDuel,player_points_assists,Victor Wembanyama,Under,26.5,-122,2025-12-17,2025-12-14T23:50:52Z,2025-12-14 15:50:05
BetMGM,player_points_assists,Herb Jones,Over,11.5,100,2025-12-15,2025-12-14T23:49:22Z,2025-12-14 15:50:05
BetMGM,player_points_assists,Herb Jones,Under,11.5,-135,2025-12-15,2025-12-14T23:49:22Z,2025-12-14 15:50:05
BetMGM,player_points_assists,Nikola Vucevic,Over,18.5,-120,2025-12-15,2025-12-14T23:49:22Z,2025-12-14 15:50:05
BetMGM,player_points_assists,Nikola Vucevic,Under,18.5,-110,2025-12-15,2025-12-14T23:49:22Z,2025-12-14 15:50:05
BetMGM,player_points_assists,Coby White,Over,27.5,-110,2025-12-15,2025-12-14T23:49:22Z,2025-12-14 15:50:05
BetMGM,player_points_assists,Coby White,Under,27.5,-118,2025-12-15,2025-12-14T23:49:22Z,2025-12-14 15:50:05
BetMGM,player_points_assists,Isaac Okoro,Over,8.5,-110,2025-12-15,2025-12-14T23:49:22Z,2025-12-14 15:50:05
BetMGM,player_points_assists,Isaac Okoro,Under,8.5,-120,2025-12-15,2025-12-14T23:49:22Z,2025-12-14 15:50:05
BetMGM,player_points_assists,Josh Giddey,Over,30.5,-110,2025-12-15,2025-12-14T23:49:22Z,2025-12-14 15:50:05
BetMGM,player_points_assists,Josh Giddey,Under,30.5,-120,2025-12-15,2025-12-14T23:49:22Z,2025-12-14 15:50:05
BetMGM,player_points_assists,Matas Buzelis,Over,14.5,-130,2025-12-15,2025-12-14T23:49:22Z,2025-12-14 15:50:05
BetMGM,player_points_assists,Matas Buzelis,Under,14.5,-105,2025-12-15,2025-12-14T23:49:22Z,2025-12-14 15:50:05
BetMGM,player_points_assists,Derik Queen,Over,18.5,-125,2025-12-15,2025-12-14T23:49:22Z,2025-12-14 15:50:05
BetMGM,player_points_assists,Derik Queen,Under,18.5,-105,2025-12-15,2025-12-14T23:49:22Z,2025-12-14 15:50:05
BetMGM,player_points_assists,Trey Murphy III,Over,22.5,-125,2025-12-15,2025-12-14T23:49:22Z,2025-12-14 15:50:05
BetMGM,player_points_assists,Trey Murphy III,Under,22.5,-105,2025-12-15,2025-12-14T23:49:22Z,2025-12-14 15:50:05
BetMGM,player_points_assists,Jeremiah Fears,Over,16.5,-115,2025-12-15,2025-12-14T23:49:22Z,2025-12-14 15:50:05
BetMGM,player_points_assists,Jeremiah Fears,Under,16.5,-118,2025-12-15,2025-12-14T23:49:22Z,2025-12-14 15:50:05
BetMGM,player_points_assists,Saddiq Bey,Over,15.5,-110,2025-12-15,2025-12-14T23:49:22Z,2025-12-14 15:50:05
BetMGM,player_points_assists,Saddiq Bey,Under,15.5,-118,2025-12-15,2025-12-14T23:49:22Z,2025-12-14 15:50:05
BetMGM,player_points_assists,Zion Williamson,Over,20.5,-110,2025-12-15,2025-12-14T23:49:22Z,2025-12-14 15:50:05
BetMGM,player_points_assists,Zion Williamson,Under,20.5,-118,2025-12-15,2025-12-14T23:49:22Z,2025-12-14 15:50:05
BetMGM,player_points_assists,DeMar DeRozan,Over,21.5,-105,2025-12-15,2025-12-14T23:49:31Z,2025-12-14 15:50:05
BetMGM,player_points_assists,DeMar DeRozan,Under,21.5,-125,2025-12-15,2025-12-14T23:49:31Z,2025-12-14 15:50:05
BetMGM,player_points_assists,Julius Randle,Over,31.5,-110,2025-12-15,2025-12-14T23:49:31Z,2025-12-14 15:50:05
BetMGM,player_points_assists,Julius Randle,Under,31.5,-120,2025-12-15,2025-12-14T23:49:31Z,2025-12-14 15:50:05
BetMGM,player_points_assists,Donte DiVincenzo,Over,18.5,-115,2025-12-15,2025-12-14T23:49:31Z,2025-12-14 15:50:05
BetMGM,player_points_assists,Donte DiVincenzo,Under,18.5,-118,2025-12-15,2025-12-14T23:49:31Z,2025-12-14 15:50:05
BetMGM,player_points_assists,Rudy Gobert,Over,14.5,-115,2025-12-15,2025-12-14T23:49:31Z,2025-12-14 15:50:05
BetMGM,player_points_assists,Rudy Gobert,Under,14.5,-118,2025-12-15,2025-12-14T23:49:31Z,2025-12-14 15:50:05
BetMGM,player_points_assists,Maxime Raynaud,Over,12.5,-118,2025-12-15,2025-12-14T23:49:31Z,2025-12-14 15:50:05
BetMGM,player_points_assists,Maxime Raynaud,Under,12.5,-115,2025-12-15,2025-12-14T23:49:31Z,2025-12-14 15:50:05
BetMGM,player_points_assists,Keegan Murray,Over,14.5,-118,2025-12-15,2025-12-14T23:49:31Z,2025-12-14 15:50:05
BetMGM,player_points_assists,Keegan Murray,Under,14.5,-115,2025-12-15,2025-12-14T23:49:31Z,2025-12-14 15:50:05
BetMGM,player_points_assists,Zach LaVine,Over,22.5,-110,2025-12-15,2025-12-14T23:49:31Z,2025-12-14 15:50:05
BetMGM,player_points_assists,Zach LaVine,Under,22.5,-120,2025-12-15,2025-12-14T23:49:31Z,2025-12-14 15:50:05
BetMGM,player_points_assists,Jaden McDaniels,Over,20.5,-105,2025-12-15,2025-12-14T23:49:31Z,2025-12-14 15:50:05
BetMGM,player_points_assists,Jaden McDaniels,Under,20.5,-130,2025-12-15,2025-12-14T23:49:31Z,2025-12-14 15:50:05
BetMGM,player_points_assists,Russell Westbrook,Over,18.5,-130,2025-12-15,2025-12-14T23:49:31Z,2025-12-14 15:50:05
BetMGM,player_points_assists,Russell Westbrook,Under,18.5,-105,2025-12-15,2025-12-14T23:49:31Z,2025-12-14 15:50:05
BetMGM,player_points_assists,Bones Hyland,Over,14.5,-130,2025-12-15,2025-12-14T23:49:31Z,2025-12-14 15:50:05
BetMGM,player_points_assists,Bones Hyland,Under,14.5,-105,2025-12-15,2025-12-14T23:49:31Z,2025-12-14 15:50:05
BetMGM,player_points_assists,Luka Doncic,Over,44.5,-110,2025-12-15,2025-12-14T23:50:08Z,2025-12-14 15:50:05
BetMGM,player_points_assists,Luka Doncic,Under,44.5,-120,2025-12-15,2025-12-14T23:50:08Z,2025-12-14 15:50:05
BetMGM,player_points_assists,Royce O'Neale,Over,11.5,-110,2025-12-15,2025-12-14T23:50:08Z,2025-12-14 15:50:05
BetMGM,player_points_assists,Royce O'Neale,Under,11.5,-118,2025-12-15,2025-12-14T23:50:08Z,2025-12-14 15:50:05
BetMGM,player_points_assists,Mark Williams,Over,13.5,-105,2025-12-15,2025-12-14T23:50:08Z,2025-12-14 15:50:05
BetMGM,player_points_assists,Mark Williams,Under,13.5,-125,2025-12-15,2025-12-14T23:50:08Z,2025-12-14 15:50:05
BetMGM,player_points_assists,Deandre Ayton,Over,14.5,-118,2025-12-15,2025-12-14T23:50:08Z,2025-12-14 15:50:05
BetMGM,player_points_assists,Deandre Ayton,Under,14.5,-115,2025-12-15,2025-12-14T23:50:08Z,2025-12-14 15:50:05
BetMGM,player_points_assists,LeBron James,Over,27.5,-118,2025-12-15,2025-12-14T23:50:08Z,2025-12-14 15:50:05
BetMGM,player_points_assists,LeBron James,Under,27.5,-110,2025-12-15,2025-12-14T23:50:08Z,2025-12-14 15:50:05
BetMGM,player_points_assists,Marcus Smart,Over,13.5,-105,2025-12-15,2025-12-14T23:50:08Z,2025-12-14 15:50:05
BetMGM,player_points_assists,Marcus Smart,Under,13.5,-130,2025-12-15,2025-12-14T23:50:08Z,2025-12-14 15:50:05
BetMGM,player_points_assists,Devin Booker,Over,28.5,-115,2025-12-15,2025-12-14T23:50:08Z,2025-12-14 15:50:05
BetMGM,player_points_assists,Devin Booker,Under,28.5,-118,2025-12-15,2025-12-14T23:50:08Z,2025-12-14 15:50:05
BetMGM,player_points_assists,Rui Hachimura,Over,12.5,-135,2025-12-15,2025-12-14T23:50:08Z,2025-12-14 15:50:05
BetMGM,player_points_assists,Rui Hachimura,Under,12.5,100,2025-12-15,2025-12-14T23:50:08Z,2025-12-14 15:50:05
BetMGM,player_points_assists,Dillon Brooks,Over,20.5,-115,2025-12-15,2025-12-14T23:50:08Z,2025-12-14 15:50:05
BetMGM,player_points_assists,Dillon Brooks,Under,20.5,-115,2025-12-15,2025-12-14T23:50:08Z,2025-12-14 15:50:05
BetMGM,player_points_assists,Grayson Allen,Over,18.5,-120,2025-12-15,2025-12-14T23:50:08Z,2025-12-14 15:50:05
BetMGM,player_points_assists,Grayson Allen,Under,18.5,-110,2025-12-15,2025-12-14T23:50:08Z,2025-12-14 15:50:05
BetMGM,player_points_assists,Draymond Green,Over,14.5,-125,2025-12-15,2025-12-14T23:49:43Z,2025-12-14 15:50:05
BetMGM,player_points_assists,Draymond Green,Under,14.5,-110,2025-12-15,2025-12-14T23:49:43Z,2025-12-14 15:50:05
BetMGM,player_points_assists,Jimmy Butler,Over,24.5,-118,2025-12-15,2025-12-14T23:49:43Z,2025-12-14 15:50:05
BetMGM,player_points_assists,Jimmy Butler,Under,24.5,-115,2025-12-15,2025-12-14T23:49:43Z,2025-12-14 15:50:05
BetMGM,player_points_assists,Stephen Curry,Over,32.5,-118,2025-12-15,2025-12-14T23:49:43Z,2025-12-14 15:50:05
BetMGM,player_points_assists,Stephen Curry,Under,32.5,-115,2025-12-15,2025-12-14T23:49:43Z,2025-12-14 15:50:05
BetMGM,player_points_assists,Jerami Grant,Over,22.5,-110,2025-12-15,2025-12-14T23:49:43Z,2025-12-14 15:50:05
BetMGM,player_points_assists,Jerami Grant,Under,22.5,-120,2025-12-15,2025-12-14T23:49:43Z,2025-12-14 15:50:05
BetMGM,player_points_assists,Donovan Clingan,Over,10.5,-135,2025-12-15,2025-12-14T23:49:43Z,2025-12-14 15:50:05
BetMGM,player_points_assists,Donovan Clingan,Under,10.5,100,2025-12-15,2025-12-14T23:49:43Z,2025-12-14 15:50:05
BetMGM,player_points_assists,Quinten Post,Over,11.5,-110,2025-12-15,2025-12-14T23:49:43Z,2025-12-14 15:50:05
BetMGM,player_points_assists,Quinten Post,Under,11.5,-120,2025-12-15,2025-12-14T23:49:43Z,2025-12-14 15:50:05
BetMGM,player_points_assists,Toumani Camara,Over,14.5,-130,2025-12-15,2025-12-14T23:49:43Z,2025-12-14 15:50:05
BetMGM,player_points_assists,Toumani Camara,Under,14.5,-105,2025-12-15,2025-12-14T23:49:43Z,2025-12-14 15:50:05
BetMGM,player_points_assists,Shaedon Sharpe,Over,24.5,-115,2025-12-15,2025-12-14T23:49:43Z,2025-12-14 15:50:05
BetMGM,player_points_assists,Shaedon Sharpe,Under,24.5,-115,2025-12-15,2025-12-14T23:49:43Z,2025-12-14 15:50:05
BetMGM,player_points_assists,Deni Avdija,Over,30.5,-125,2025-12-15,2025-12-14T23:49:43Z,2025-12-14 15:50:05
BetMGM,player_points_assists,Deni Avdija,Under,30.5,-105,2025-12-15,2025-12-14T23:49:43Z,2025-12-14 15:50:05
DraftKings,player_rebounds_assists,Jalen Johnson,Over,17.5,-115,2025-12-14,2025-12-14T23:49:05Z,2025-12-14 15:50:05
DraftKings,player_rebounds_assists,Jalen Johnson,Under,17.5,-115,2025-12-14,2025-12-14T23:49:05Z,2025-12-14 15:50:05
DraftKings,player_rebounds_assists,Onyeka Okongwu,Over,15.5,110,2025-12-14,2025-12-14T23:49:05Z,2025-12-14 15:50:05
DraftKings,player_rebounds_assists,Onyeka Okongwu,Under,15.5,-140,2025-12-14,2025-12-14T23:49:05Z,2025-12-14 15:50:05
DraftKings,player_rebounds_assists,Dyson Daniels,Over,12.5,-105,2025-12-14,2025-12-14T23:49:05Z,2025-12-14 15:50:05
DraftKings,player_rebounds_assists,Dyson Daniels,Under,12.5,-125,2025-12-14,2025-12-14T23:49:05Z,2025-12-14 15:50:05
DraftKings,player_rebounds_assists,Joel Embiid,Over,11.5,-130,2025-12-14,2025-12-14T23:49:05Z,2025-12-14 15:50:05
DraftKings,player_rebounds_assists,Joel Embiid,Under,11.5,100,2025-12-14,2025-12-14T23:49:05Z,2025-12-14 15:50:05
DraftKings,player_rebounds_assists,Quentin Grimes,Over,11.5,-105,2025-12-14,2025-12-14T23:49:05Z,2025-12-14 15:50:05
DraftKings,player_rebounds_assists,Quentin Grimes,Under,11.5,-125,2025-12-14,2025-12-14T23:49:05Z,2025-12-14 15:50:05
DraftKings,player_rebounds_assists,Andre Drummond,Over,9.5,-135,2025-12-14,2025-12-14T23:49:05Z,2025-12-14 15:50:05
DraftKings,player_rebounds_assists,Andre Drummond,Under,9.5,105,2025-12-14,2025-12-14T23:49:05Z,2025-12-14 15:50:05
DraftKings,player_rebounds_assists,Nickeil Alexander-Walker,Over,9.5,105,2025-12-14,2025-12-14T23:49:05Z,2025-12-14 15:50:05
DraftKings,player_rebounds_assists,Nickeil Alexander-Walker,Under,9.5,-135,2025-12-14,2025-12-14T23:49:05Z,2025-12-14 15:50:05
DraftKings,player_rebounds_assists,VJ Edgecombe,Over,7.5,-120,2025-12-14,2025-12-14T23:49:05Z,2025-12-14 15:50:05
DraftKings,player_rebounds_assists,VJ Edgecombe,Under,7.5,-110,2025-12-14,2025-12-14T23:49:05Z,2025-12-14 15:50:05
DraftKings,player_rebounds_assists,Paul George,Over,6.5,-135,2025-12-14,2025-12-14T23:49:05Z,2025-12-14 15:50:05
DraftKings,player_rebounds_assists,Paul George,Under,6.5,105,2025-12-14,2025-12-14T23:49:05Z,2025-12-14 15:50:05
DraftKings,player_rebounds_assists,Jared McCain,Over,5.5,100,2025-12-14,2025-12-14T23:49:05Z,2025-12-14 15:50:05
DraftKings,player_rebounds_assists,Jared McCain,Under,5.5,-130,2025-12-14,2025-12-14T23:49:05Z,2025-12-14 15:50:05
DraftKings,player_rebounds_assists,Luke Kennard,Over,5.5,100,2025-12-14,2025-12-14T23:49:05Z,2025-12-14 15:50:05
DraftKings,player_rebounds_assists,Luke Kennard,Under,5.5,-130,2025-12-14,2025-12-14T23:49:05Z,2025-12-14 15:50:05
DraftKings,player_rebounds_assists,Zaccharie Risacher,Over,4.5,-130,2025-12-14,2025-12-14T23:49:05Z,2025-12-14 15:50:05
DraftKings,player_rebounds_assists,Zaccharie Risacher,Under,4.5,100,2025-12-14,2025-12-14T23:49:05Z,2025-12-14 15:50:05
DraftKings,player_rebounds_assists,Vit Krejci,Over,2.5,-140,2025-12-14,2025-12-14T23:49:05Z,2025-12-14 15:50:05
DraftKings,player_rebounds_assists,Vit Krejci,Under,2.5,110,2025-12-14,2025-12-14T23:49:05Z,2025-12-14 15:50:05
DraftKings,player_rebounds_assists,Kevin Porter Jr.,Over,14.5,-125,2025-12-14,2025-12-14T23:49:22Z,2025-12-14 15:50:05
DraftKings,player_rebounds_assists,Kevin Porter Jr.,Under,14.5,-105,2025-12-14,2025-12-14T23:49:22Z,2025-12-14 15:50:05
DraftKings,player_rebounds_assists,Day'Ron Sharpe,Over,11.5,-125,2025-12-14,2025-12-14T23:49:22Z,2025-12-14 15:50:05
DraftKings,player_rebounds_assists,Day'Ron Sharpe,Under,11.5,-105,2025-12-14,2025-12-14T23:49:22Z,2025-12-14 15:50:05
DraftKings,player_rebounds_assists,Nicolas Claxton,Over,10.5,-130,2025-12-14,2025-12-14T23:49:22Z,2025-12-14 15:50:05
DraftKings,player_rebounds_assists,Nicolas Claxton,Under,10.5,100,2025-12-14,2025-12-14T23:49:22Z,2025-12-14 15:50:05
DraftKings,player_rebounds_assists,Michael Porter Jr,Over,10.5,105,2025-12-14,2025-12-14T23:49:22Z,2025-12-14 15:50:05
DraftKings,player_rebounds_assists,Michael Porter Jr,Under,10.5,-135,2025-12-14,2025-12-14T23:49:22Z,2025-12-14 15:50:05
DraftKings,player_rebounds_assists,Ryan Rollins,Over,9.5,-140,2025-12-14,2025-12-14T23:49:22Z,2025-12-14 15:50:05
DraftKings,player_rebounds_assists,Ryan Rollins,Under,9.5,110,2025-12-14,2025-12-14T23:49:22Z,2025-12-14 15:50:05
DraftKings,player_rebounds_assists,Kyle Kuzma,Over,8.5,105,2025-12-14,2025-12-14T23:49:22Z,2025-12-14 15:50:05
DraftKings,player_rebounds_assists,Kyle Kuzma,Under,8.5,-135,2025-12-14,2025-12-14T23:49:22Z,2025-12-14 15:50:05
DraftKings,player_rebounds_assists,Bobby Portis,Over,8.5,110,2025-12-14,2025-12-14T23:49:22Z,2025-12-14 15:50:05
DraftKings,player_rebounds_assists,Bobby Portis,Under,8.5,-140,2025-12-14,2025-12-14T23:49:22Z,2025-12-14 15:50:05
DraftKings,player_rebounds_assists,Terance Mann,Over,5.5,-120,2025-12-14,2025-12-14T23:49:22Z,2025-12-14 15:50:05
DraftKings,player_rebounds_assists,Terance Mann,Under,5.5,-110,2025-12-14,2025-12-14T23:49:22Z,2025-12-14 15:50:05
DraftKings,player_rebounds_assists,Noah Clowney,Over,5.5,120,2025-12-14,2025-12-14T23:49:22Z,2025-12-14 15:50:05
DraftKings,player_rebounds_assists,Noah Clowney,Under,5.5,-154,2025-12-14,2025-12-14T23:49:22Z,2025-12-14 15:50:05
DraftKings,player_rebounds_assists,Ziaire Williams,Over,4.5,-166,2025-12-14,2025-12-14T23:49:22Z,2025-12-14 15:50:05
DraftKings,player_rebounds_assists,Ziaire Williams,Under,4.5,130,2025-12-14,2025-12-14T23:49:22Z,2025-12-14 15:50:05
DraftKings,player_rebounds_assists,Danny Wolf,Over,4.5,-115,2025-12-14,2025-12-14T23:49:22Z,2025-12-14 15:50:05
DraftKings,player_rebounds_assists,Danny Wolf,Under,4.5,-115,2025-12-14,2025-12-14T23:49:22Z,2025-12-14 15:50:05
DraftKings,player_rebounds_assists,Myles Turner,Over,4.5,114,2025-12-14,2025-12-14T23:49:22Z,2025-12-14 15:50:05
DraftKings,player_rebounds_assists,Myles Turner,Under,4.5,-145,2025-12-14,2025-12-14T23:49:22Z,2025-12-14 15:50:05
DraftKings,player_rebounds_assists,Gary Trent Jr,Over,2.5,130,2025-12-14,2025-12-14T23:49:22Z,2025-12-14 15:50:05
DraftKings,player_rebounds_assists,Gary Trent Jr,Under,2.5,-166,2025-12-14,2025-12-14T23:49:22Z,2025-12-14 15:50:05
DraftKings,player_rebounds_assists,Josh Giddey,Over,17.5,-112,2025-12-15,2025-12-14T23:49:22Z,2025-12-14 15:50:05
DraftKings,player_rebounds_assists,Josh Giddey,Under,17.5,-117,2025-12-15,2025-12-14T23:49:22Z,2025-12-14 15:50:05
DraftKings,player_rebounds_assists,Derik Queen,Over,12.5,-102,2025-12-15,2025-12-14T23:49:22Z,2025-12-14 15:50:05
DraftKings,player_rebounds_assists,Derik Queen,Under,12.5,-129,2025-12-15,2025-12-14T23:49:22Z,2025-12-14 15:50:05
DraftKings,player_rebounds_assists,Nikola Vucevic,Over,11.5,108,2025-12-15,2025-12-14T23:49:22Z,2025-12-14 15:50:05
DraftKings,player_rebounds_assists,Nikola Vucevic,Under,11.5,-143,2025-12-15,2025-12-14T23:49:22Z,2025-12-14 15:50:05
DraftKings,player_rebounds_assists,Trey Murphy III,Over,9.5,-102,2025-12-15,2025-12-14T23:49:22Z,2025-12-14 15:50:05
DraftKings,player_rebounds_assists,Trey Murphy III,Under,9.5,-129,2025-12-15,2025-12-14T23:49:22Z,2025-12-14 15:50:05
DraftKings,player_rebounds_assists,Saddiq Bey,Over,7.5,-134,2025-12-15,2025-12-14T23:49:22Z,2025-12-14 15:50:05
DraftKings,player_rebounds_assists,Saddiq Bey,Under,7.5,101,2025-12-15,2025-12-14T23:49:22Z,2025-12-14 15:50:05
DraftKings,player_rebounds_assists,Zion Williamson,Over,7.5,-128,2025-12-15,2025-12-14T23:49:22Z,2025-12-14 15:50:05
DraftKings,player_rebounds_assists,Zion Williamson,Under,7.5,-103,2025-12-15,2025-12-14T23:49:22Z,2025-12-14 15:50:05
DraftKings,player_rebounds_assists,Coby White,Over,7.5,-112,2025-12-15,2025-12-14T23:49:22Z,2025-12-14 15:50:05
DraftKings,player_rebounds_assists,Coby White,Under,7.5,-118,2025-12-15,2025-12-14T23:49:22Z,2025-12-14 15:50:05
DraftKings,player_rebounds_assists,Jeremiah Fears,Over,6.5,105,2025-12-15,2025-12-14T23:49:22Z,2025-12-14 15:50:05
DraftKings,player_rebounds_assists,Jeremiah Fears,Under,6.5,-138,2025-12-15,2025-12-14T23:49:22Z,2025-12-14 15:50:05
DraftKings,player_rebounds_assists,Herb Jones,Over,5.5,-152,2025-12-15,2025-12-14T23:49:22Z,2025-12-14 15:50:05
DraftKings,player_rebounds_assists,Herb Jones,Under,5.5,115,2025-12-15,2025-12-14T23:49:22Z,2025-12-14 15:50:05
DraftKings,player_rebounds_assists,Julius Randle,Over,13.5,-107,2025-12-15,2025-12-14T23:49:26Z,2025-12-14 15:50:05
DraftKings,player_rebounds_assists,Julius Randle,Under,13.5,-123,2025-12-15,2025-12-14T23:49:26Z,2025-12-14 15:50:05
DraftKings,player_rebounds_assists,Russell Westbrook,Over,13.5,101,2025-12-15,2025-12-14T23:49:26Z,2025-12-14 15:50:05
DraftKings,player_rebounds_assists,Russell Westbrook,Under,13.5,-133,2025-12-15,2025-12-14T23:49:26Z,2025-12-14 15:50:05
DraftKings,player_rebounds_assists,Rudy Gobert,Over,12.5,-122,2025-12-15,2025-12-14T23:49:26Z,2025-12-14 15:50:05
DraftKings,player_rebounds_assists,Rudy Gobert,Under,12.5,-108,2025-12-15,2025-12-14T23:49:26Z,2025-12-14 15:50:05
DraftKings,player_rebounds_assists,Naz Reid,Over,9.5,-113,2025-12-15,2025-12-14T23:49:26Z,2025-12-14 15:50:05
DraftKings,player_rebounds_assists,Naz Reid,Under,9.5,-117,2025-12-15,2025-12-14T23:49:26Z,2025-12-14 15:50:05
DraftKings,player_rebounds_assists,Donte DiVincenzo,Over,8.5,-106,2025-12-15,2025-12-14T23:49:26Z,2025-12-14 15:50:05
DraftKings,player_rebounds_assists,Donte DiVincenzo,Under,8.5,-124,2025-12-15,2025-12-14T23:49:26Z,2025-12-14 15:50:05
DraftKings,player_rebounds_assists,Jaden McDaniels,Over,7.5,-137,2025-12-15,2025-12-14T23:49:26Z,2025-12-14 15:50:05
DraftKings,player_rebounds_assists,Jaden McDaniels,Under,7.5,104,2025-12-15,2025-12-14T23:49:26Z,2025-12-14 15:50:05
DraftKings,player_rebounds_assists,DeMar DeRozan,Over,6.5,-120,2025-12-15,2025-12-14T23:49:26Z,2025-12-14 15:50:05
DraftKings,player_rebounds_assists,DeMar DeRozan,Under,6.5,-110,2025-12-15,2025-12-14T23:49:26Z,2025-12-14 15:50:05
DraftKings,player_rebounds_assists,Zach LaVine,Over,5.5,-139,2025-12-15,2025-12-14T23:49:26Z,2025-12-14 15:50:05
DraftKings,player_rebounds_assists,Zach LaVine,Under,5.5,106,2025-12-15,2025-12-14T23:49:26Z,2025-12-14 15:50:05
DraftKings,player_rebounds_assists,Malik Monk,Over,5.5,109,2025-12-15,2025-12-14T23:49:26Z,2025-12-14 15:50:05
DraftKings,player_rebounds_assists,Malik Monk,Under,5.5,-144,2025-12-15,2025-12-14T23:49:26Z,2025-12-14 15:50:05
DraftKings,player_rebounds_assists,Luka Doncic,Over,17.5,-118,2025-12-15,2025-12-14T23:49:46Z,2025-12-14 15:50:05
DraftKings,player_rebounds_assists,Luka Doncic,Under,17.5,-112,2025-12-15,2025-12-14T23:49:46Z,2025-12-14 15:50:05
DraftKings,player_rebounds_assists,LeBron James,Over,13.5,-117,2025-12-15,2025-12-14T23:49:46Z,2025-12-14 15:50:05
DraftKings,player_rebounds_assists,LeBron James,Under,13.5,-112,2025-12-15,2025-12-14T23:49:46Z,2025-12-14 15:50:05
DraftKings,player_rebounds_assists,Deandre Ayton,Over,10.5,-109,2025-12-15,2025-12-14T23:49:46Z,2025-12-14 15:50:05
DraftKings,player_rebounds_assists,Deandre Ayton,Under,10.5,-120,2025-12-15,2025-12-14T23:49:46Z,2025-12-14 15:50:05
DraftKings,player_rebounds_assists,Devin Booker,Over,9.5,-133,2025-12-15,2025-12-14T23:49:46Z,2025-12-14 15:50:05
DraftKings,player_rebounds_assists,Devin Booker,Under,9.5,101,2025-12-15,2025-12-14T23:49:46Z,2025-12-14 15:50:05
DraftKings,player_rebounds_assists,Mark Williams,Over,9.5,-132,2025-12-15,2025-12-14T23:49:46Z,2025-12-14 15:50:05
DraftKings,player_rebounds_assists,Mark Williams,Under,9.5,100,2025-12-15,2025-12-14T23:49:46Z,2025-12-14 15:50:05
DraftKings,player_rebounds_assists,Collin Gillespie,Over,8.5,107,2025-12-15,2025-12-14T23:49:46Z,2025-12-14 15:50:05
DraftKings,player_rebounds_assists,Collin Gillespie,Under,8.5,-141,2025-12-15,2025-12-14T23:49:46Z,2025-12-14 15:50:05
DraftKings,player_rebounds_assists,Royce O'Neale,Over,7.5,107,2025-12-15,2025-12-14T23:49:46Z,2025-12-14 15:50:05
DraftKings,player_rebounds_assists,Royce O'Neale,Under,7.5,-141,2025-12-15,2025-12-14T23:49:46Z,2025-12-14 15:50:05
DraftKings,player_rebounds_assists,Grayson Allen,Over,6.5,-119,2025-12-15,2025-12-14T23:49:46Z,2025-12-14 15:50:05
DraftKings,player_rebounds_assists,Grayson Allen,Under,6.5,-111,2025-12-15,2025-12-14T23:49:46Z,2025-12-14 15:50:05
DraftKings,player_rebounds_assists,Dillon Brooks,Over,5.5,-115,2025-12-15,2025-12-14T23:49:46Z,2025-12-14 15:50:05
DraftKings,player_rebounds_assists,Dillon Brooks,Under,5.5,-115,2025-12-15,2025-12-14T23:49:46Z,2025-12-14 15:50:05
DraftKings,player_rebounds_assists,Marcus Smart,Over,5.5,-112,2025-12-15,2025-12-14T23:49:46Z,2025-12-14 15:50:05
DraftKings,player_rebounds_assists,Marcus Smart,Under,5.5,-117,2025-12-15,2025-12-14T23:49:46Z,2025-12-14 15:50:05
DraftKings,player_rebounds_assists,Rui Hachimura,Over,4.5,-129,2025-12-15,2025-12-14T23:49:46Z,2025-12-14 15:50:05
DraftKings,player_rebounds_assists,Rui Hachimura,Under,4.5,-102,2025-12-15,2025-12-14T23:49:46Z,2025-12-14 15:50:05
DraftKings,player_rebounds_assists,Deni Avdija,Over,14.5,-131,2025-12-15,2025-12-14T23:49:53Z,2025-12-14 15:50:05
DraftKings,player_rebounds_assists,Deni Avdija,Under,14.5,100,2025-12-15,2025-12-14T23:49:53Z,2025-12-14 15:50:05
DraftKings,player_rebounds_assists,Draymond Green,Over,11.5,-127,2025-12-15,2025-12-14T23:49:53Z,2025-12-14 15:50:05
DraftKings,player_rebounds_assists,Draymond Green,Under,11.5,-103,2025-12-15,2025-12-14T23:49:53Z,2025-12-14 15:50:05
DraftKings,player_rebounds_assists,Jimmy Butler,Over,11.5,-116,2025-12-15,2025-12-14T23:49:53Z,2025-12-14 15:50:05
DraftKings,player_rebounds_assists,Jimmy Butler,Under,11.5,-114,2025-12-15,2025-12-14T23:49:53Z,2025-12-14 15:50:05
DraftKings,player_rebounds_assists,Stephen Curry,Over,8.5,-101,2025-12-15,2025-12-14T23:49:53Z,2025-12-14 15:50:05
DraftKings,player_rebounds_assists,Stephen Curry,Under,8.5,-130,2025-12-15,2025-12-14T23:49:53Z,2025-12-14 15:50:05
DraftKings,player_rebounds_assists,Toumani Camara,Over,7.5,-124,2025-12-15,2025-12-14T23:49:53Z,2025-12-14 15:50:05
DraftKings,player_rebounds_assists,Toumani Camara,Under,7.5,-106,2025-12-15,2025-12-14T23:49:53Z,2025-12-14 15:50:05
DraftKings,player_rebounds_assists,Shaedon Sharpe,Over,7.5,103,2025-12-15,2025-12-14T23:49:53Z,2025-12-14 15:50:05
DraftKings,player_rebounds_assists,Shaedon Sharpe,Under,7.5,-136,2025-12-15,2025-12-14T23:49:53Z,2025-12-14 15:50:05
DraftKings,player_rebounds_assists,Jerami Grant,Over,6.5,-117,2025-12-15,2025-12-14T23:49:53Z,2025-12-14 15:50:05
DraftKings,player_rebounds_assists,Jerami Grant,Under,6.5,-113,2025-12-15,2025-12-14T23:49:53Z,2025-12-14 15:50:05
DraftKings,player_rebounds_assists,Brandin Podziemski,Over,6.5,113,2025-12-15,2025-12-14T23:49:53Z,2025-12-14 15:50:05
DraftKings,player_rebounds_assists,Brandin Podziemski,Under,6.5,-150,2025-12-15,2025-12-14T23:49:53Z,2025-12-14 15:50:05
DraftKings,player_rebounds_assists,Karl-Anthony Towns,Over,14.5,-103,2025-12-17,2025-12-14T23:50:47Z,2025-12-14 15:50:05
DraftKings,player_rebounds_assists,Karl-Anthony Towns,Under,14.5,-127,2025-12-17,2025-12-14T23:50:47Z,2025-12-14 15:50:05
DraftKings,player_rebounds_assists,Victor Wembanyama,Over,13.5,-127,2025-12-17,2025-12-14T23:50:47Z,2025-12-14 15:50:05
DraftKings,player_rebounds_assists,Victor Wembanyama,Under,13.5,-104,2025-12-17,2025-12-14T23:50:47Z,2025-12-14 15:50:05
DraftKings,player_rebounds_assists,Josh Hart,Over,13.5,-113,2025-12-17,2025-12-14T23:50:47Z,2025-12-14 15:50:05
DraftKings,player_rebounds_assists,Josh Hart,Under,13.5,-116,2025-12-17,2025-12-14T23:50:47Z,2025-12-14 15:50:05
DraftKings,player_rebounds_assists,Stephon Castle,Over,10.5,-105,2025-12-17,2025-12-14T23:50:47Z,2025-12-14 15:50:05
DraftKings,player_rebounds_assists,Stephon Castle,Under,10.5,-125,2025-12-17,2025-12-14T23:50:47Z,2025-12-14 15:50:05
DraftKings,player_rebounds_assists,Jalen Brunson,Over,9.5,-109,2025-12-17,2025-12-14T23:50:47Z,2025-12-14 15:50:05
DraftKings,player_rebounds_assists,Jalen Brunson,Under,9.5,-121,2025-12-17,2025-12-14T23:50:47Z,2025-12-14 15:50:05
DraftKings,player_rebounds_assists,De'Aaron Fox,Over,8.5,-132,2025-12-17,2025-12-14T23:50:47Z,2025-12-14 15:50:05
DraftKings,player_rebounds_assists,De'Aaron Fox,Under,8.5,100,2025-12-17,2025-12-14T23:50:47Z,2025-12-14 15:50:05
DraftKings,player_rebounds_assists,Mikal Bridges,Over,7.5,-126,2025-12-17,2025-12-14T23:50:47Z,2025-12-14 15:50:05
DraftKings,player_rebounds_assists,Mikal Bridges,Under,7.5,-105,2025-12-17,2025-12-14T23:50:47Z,2025-12-14 15:50:05
DraftKings,player_rebounds_assists,Dylan Harper,Over,6.5,-101,2025-12-17,2025-12-14T23:50:47Z,2025-12-14 15:50:05
DraftKings,player_rebounds_assists,Dylan Harper,Under,6.5,-130,2025-12-17,2025-12-14T23:50:47Z,2025-12-14 15:50:05
Bovada,player_rebounds_assists,Jalen Johnson,Over,17.5,-190,2025-12-14,2025-12-14T23:49:53Z,2025-12-14 15:50:05
Bovada,player_rebounds_assists,Jalen Johnson,Under,17.5,145,2025-12-14,2025-12-14T23:49:53Z,2025-12-14 15:50:05
Bovada,player_rebounds_assists,Jalen Johnson,Over,18.5,-135,2025-12-14,2025-12-14T23:49:53Z,2025-12-14 15:50:05
Bovada,player_rebounds_assists,Jalen Johnson,Under,18.5,105,2025-12-14,2025-12-14T23:49:53Z,2025-12-14 15:50:05
Bovada,player_rebounds_assists,Jalen Johnson,Over,19.5,100,2025-12-14,2025-12-14T23:49:53Z,2025-12-14 15:50:05
Bovada,player_rebounds_assists,Jalen Johnson,Under,19.5,-130,2025-12-14,2025-12-14T23:49:53Z,2025-12-14 15:50:05
Bovada,player_rebounds_assists,Nickeil Alexander-Walker,Over,5.5,-230,2025-12-14,2025-12-14T23:49:53Z,2025-12-14 15:50:05
Bovada,player_rebounds_assists,Nickeil Alexander-Walker,Under,5.5,170,2025-12-14,2025-12-14T23:49:53Z,2025-12-14 15:50:05
Bovada,player_rebounds_assists,Nickeil Alexander-Walker,Over,6.5,-130,2025-12-14,2025-12-14T23:49:53Z,2025-12-14 15:50:05
Bovada,player_rebounds_assists,Nickeil Alexander-Walker,Under,6.5,100,2025-12-14,2025-12-14T23:49:53Z,2025-12-14 15:50:05
Bovada,player_rebounds_assists,Nickeil Alexander-Walker,Over,7.5,130,2025-12-14,2025-12-14T23:49:53Z,2025-12-14 15:50:05
Bovada,player_rebounds_assists,Nickeil Alexander-Walker,Under,7.5,-170,2025-12-14,2025-12-14T23:49:53Z,2025-12-14 15:50:05
Bovada,player_rebounds_assists,Paul George,Over,8.5,-185,2025-12-14,2025-12-14T23:49:53Z,2025-12-14 15:50:05
Bovada,player_rebounds_assists,Paul George,Under,8.5,140,2025-12-14,2025-12-14T23:49:53Z,2025-12-14 15:50:05
Bovada,player_rebounds_assists,Paul George,Over,9.5,-115,2025-12-14,2025-12-14T23:49:53Z,2025-12-14 15:50:05
Bovada,player_rebounds_assists,Paul George,Under,9.5,-115,2025-12-14,2025-12-14T23:49:53Z,2025-12-14 15:50:05
Bovada,player_rebounds_assists,Paul George,Over,10.5,135,2025-12-14,2025-12-14T23:49:53Z,2025-12-14 15:50:05
Bovada,player_rebounds_assists,Paul George,Under,10.5,-180,2025-12-14,2025-12-14T23:49:53Z,2025-12-14 15:50:05
Bovada,player_rebounds_assists,Quentin Grimes,Over,7.5,-260,2025-12-14,2025-12-14T23:49:53Z,2025-12-14 15:50:05
Bovada,player_rebounds_assists,Quentin Grimes,Under,7.5,190,2025-12-14,2025-12-14T23:49:53Z,2025-12-14 15:50:05
Bovada,player_rebounds_assists,Quentin Grimes,Over,8.5,-160,2025-12-14,2025-12-14T23:49:53Z,2025-12-14 15:50:05
Bovada,player_rebounds_assists,Quentin Grimes,Under,8.5,120,2025-12-14,2025-12-14T23:49:53Z,2025-12-14 15:50:05
Bovada,player_rebounds_assists,Quentin Grimes,Over,9.5,100,2025-12-14,2025-12-14T23:49:53Z,2025-12-14 15:50:05
Bovada,player_rebounds_assists,Quentin Grimes,Under,9.5,-130,2025-12-14,2025-12-14T23:49:53Z,2025-12-14 15:50:05
Bovada,player_rebounds_assists,VJ Edgecombe,Over,7.5,-210,2025-12-14,2025-12-14T23:49:53Z,2025-12-14 15:50:05
Bovada,player_rebounds_assists,VJ Edgecombe,Under,7.5,155,2025-12-14,2025-12-14T23:49:53Z,2025-12-14 15:50:05
Bovada,player_rebounds_assists,VJ Edgecombe,Over,8.5,-125,2025-12-14,2025-12-14T23:49:53Z,2025-12-14 15:50:05
Bovada,player_rebounds_assists,VJ Edgecombe,Under,8.5,-105,2025-12-14,2025-12-14T23:49:53Z,2025-12-14 15:50:05
Bovada,player_rebounds_assists,VJ Edgecombe,Over,9.5,125,2025-12-14,2025-12-14T23:49:53Z,2025-12-14 15:50:05
Bovada,player_rebounds_assists,VJ Edgecombe,Under,9.5,-165,2025-12-14,2025-12-14T23:49:53Z,2025-12-14 15:50:05
Bovada,player_rebounds_assists,Danny Wolf,Over,5.5,-220,2025-12-14,2025-12-14T23:49:52Z,2025-12-14 15:50:05
Bovada,player_rebounds_assists,Danny Wolf,Under,5.5,165,2025-12-14,2025-12-14T23:49:52Z,2025-12-14 15:50:05
Bovada,player_rebounds_assists,Danny Wolf,Over,6.5,-125,2025-12-14,2025-12-14T23:49:52Z,2025-12-14 15:50:05
Bovada,player_rebounds_assists,Danny Wolf,Under,6.5,-105,2025-12-14,2025-12-14T23:49:52Z,2025-12-14 15:50:05
Bovada,player_rebounds_assists,Danny Wolf,Over,7.5,130,2025-12-14,2025-12-14T23:49:52Z,2025-12-14 15:50:05
Bovada,player_rebounds_assists,Danny Wolf,Under,7.5,-170,2025-12-14,2025-12-14T23:49:52Z,2025-12-14 15:50:05
Bovada,player_rebounds_assists,Kevin Porter Jr.,Over,11.5,-185,2025-12-14,2025-12-14T23:49:52Z,2025-12-14 15:50:05
Bovada,player_rebounds_assists,Kevin Porter Jr.,Under,11.5,140,2025-12-14,2025-12-14T23:49:52Z,2025-12-14 15:50:05
Bovada,player_rebounds_assists,Kevin Porter Jr.,Over,12.5,-125,2025-12-14,2025-12-14T23:49:52Z,2025-12-14 15:50:05
Bovada,player_rebounds_assists,Kevin Porter Jr.,Under,12.5,-105,2025-12-14,2025-12-14T23:49:52Z,2025-12-14 15:50:05
Bovada,player_rebounds_assists,Kevin Porter Jr.,Over,13.5,115,2025-12-14,2025-12-14T23:49:52Z,2025-12-14 15:50:05
Bovada,player_rebounds_assists,Kevin Porter Jr.,Under,13.5,-150,2025-12-14,2025-12-14T23:49:52Z,2025-12-14 15:50:05
Bovada,player_rebounds_assists,Michael Porter Jr,Over,8.5,-210,2025-12-14,2025-12-14T23:49:52Z,2025-12-14 15:50:05
Bovada,player_rebounds_assists,Michael Porter Jr,Under,8.5,155,2025-12-14,2025-12-14T23:49:52Z,2025-12-14 15:50:05
Bovada,player_rebounds_assists,Michael Porter Jr,Over,9.5,-130,2025-12-14,2025-12-14T23:49:52Z,2025-12-14 15:50:05
Bovada,player_rebounds_assists,Michael Porter Jr,Under,9.5,100,2025-12-14,2025-12-14T23:49:52Z,2025-12-14 15:50:05
Bovada,player_rebounds_assists,Michael Porter Jr,Over,10.5,115,2025-12-14,2025-12-14T23:49:52Z,2025-12-14 15:50:05
Bovada,player_rebounds_assists,Michael Porter Jr,Under,10.5,-150,2025-12-14,2025-12-14T23:49:52Z,2025-12-14 15:50:05
Bovada,player_rebounds_assists,Nicolas Claxton,Over,10.5,-220,2025-12-14,2025-12-14T23:49:52Z,2025-12-14 15:50:05
Bovada,player_rebounds_assists,Nicolas Claxton,Under,10.5,165,2025-12-14,2025-12-14T23:49:52Z,2025-12-14 15:50:05
Bovada,player_rebounds_assists,Nicolas Claxton,Over,11.5,-135,2025-12-14,2025-12-14T23:49:52Z,2025-12-14 15:50:05
Bovada,player_rebounds_assists,Nicolas Claxton,Under,11.5,105,2025-12-14,2025-12-14T23:49:52Z,2025-12-14 15:50:05
Bovada,player_rebounds_assists,Nicolas Claxton,Over,12.5,105,2025-12-14,2025-12-14T23:49:52Z,2025-12-14 15:50:05
Bovada,player_rebounds_assists,Nicolas Claxton,Under,12.5,-135,2025-12-14,2025-12-14T23:49:52Z,2025-12-14 15:50:05
Bovada,player_rebounds_assists,Ryan Rollins,Over,8.5,-260,2025-12-14,2025-12-14T23:49:52Z,2025-12-14 15:50:05
Bovada,player_rebounds_assists,Ryan Rollins,Under,8.5,190,2025-12-14,2025-12-14T23:49:52Z,2025-12-14 15:50:05
Bovada,player_rebounds_assists,Ryan Rollins,Over,9.5,-165,2025-12-14,2025-12-14T23:49:52Z,2025-12-14 15:50:05
Bovada,player_rebounds_assists,Ryan Rollins,Under,9.5,125,2025-12-14,2025-12-14T23:49:52Z,2025-12-14 15:50:05
Bovada,player_rebounds_assists,Ryan Rollins,Over,10.5,-105,2025-12-14,2025-12-14T23:49:52Z,2025-12-14 15:50:05
Bovada,player_rebounds_assists,Ryan Rollins,Under,10.5,-125,2025-12-14,2025-12-14T23:49:52Z,2025-12-14 15:50:05
Bovada,player_rebounds_assists,Terance Mann,Over,5.5,-220,2025-12-14,2025-12-14T23:49:52Z,2025-12-14 15:50:05
Bovada,player_rebounds_assists,Terance Mann,Under,5.5,165,2025-12-14,2025-12-14T23:49:52Z,2025-12-14 15:50:05
Bovada,player_rebounds_assists,Terance Mann,Over,6.5,-125,2025-12-14,2025-12-14T23:49:52Z,2025-12-14 15:50:05
Bovada,player_rebounds_assists,Terance Mann,Under,6.5,-105,2025-12-14,2025-12-14T23:49:52Z,2025-12-14 15:50:05
Bovada,player_rebounds_assists,Terance Mann,Over,7.5,130,2025-12-14,2025-12-14T23:49:52Z,2025-12-14 15:50:05
Bovada,player_rebounds_assists,Terance Mann,Under,7.5,-170,2025-12-14,2025-12-14T23:49:52Z,2025-12-14 15:50:05
Bovada,player_rebounds_assists,Coby White,Over,6.5,-185,2025-12-15,2025-12-14T23:49:19Z,2025-12-14 15:50:05
Bovada,player_rebounds_assists,Coby White,Under,6.5,140,2025-12-15,2025-12-14T23:49:19Z,2025-12-14 15:50:05
Bovada,player_rebounds_assists,Coby White,Over,7.5,-110,2025-12-15,2025-12-14T23:49:19Z,2025-12-14 15:50:05
Bovada,player_rebounds_assists,Coby White,Under,7.5,-120,2025-12-15,2025-12-14T23:49:19Z,2025-12-14 15:50:05
Bovada,player_rebounds_assists,Coby White,Over,8.5,150,2025-12-15,2025-12-14T23:49:19Z,2025-12-14 15:50:05
Bovada,player_rebounds_assists,Coby White,Under,8.5,-200,2025-12-15,2025-12-14T23:49:19Z,2025-12-14 15:50:05
Bovada,player_rebounds_assists,Derik Queen,Over,10.5,-240,2025-12-15,2025-12-14T23:49:19Z,2025-12-14 15:50:05
Bovada,player_rebounds_assists,Derik Queen,Under,10.5,175,2025-12-15,2025-12-14T23:49:19Z,2025-12-14 15:50:05
Bovada,player_rebounds_assists,Derik Queen,Over,11.5,-160,2025-12-15,2025-12-14T23:49:19Z,2025-12-14 15:50:05
Bovada,player_rebounds_assists,Derik Queen,Under,11.5,120,2025-12-15,2025-12-14T23:49:19Z,2025-12-14 15:50:05
Bovada,player_rebounds_assists,Derik Queen,Over,12.5,-105,2025-12-15,2025-12-14T23:49:19Z,2025-12-14 15:50:05
Bovada,player_rebounds_assists,Derik Queen,Under,12.5,-125,2025-12-15,2025-12-14T23:49:19Z,2025-12-14 15:50:05
Bovada,player_rebounds_assists,Herb Jones,Over,5.5,-160,2025-12-15,2025-12-14T23:49:19Z,2025-12-14 15:50:05
Bovada,player_rebounds_assists,Herb Jones,Under,5.5,120,2025-12-15,2025-12-14T23:49:19Z,2025-12-14 15:50:05
Bovada,player_rebounds_assists,Herb Jones,Over,6.5,110,2025-12-15,2025-12-14T23:49:19Z,2025-12-14 15:50:05
Bovada,player_rebounds_assists,Herb Jones,Under,6.5,-145,2025-12-15,2025-12-14T23:49:19Z,2025-12-14 15:50:05
Bovada,player_rebounds_assists,Herb Jones,Over,7.5,185,2025-12-15,2025-12-14T23:49:19Z,2025-12-14 15:50:05
Bovada,player_rebounds_assists,Herb Jones,Under,7.5,-250,2025-12-15,2025-12-14T23:49:19Z,2025-12-14 15:50:05
Bovada,player_rebounds_assists,Jeremiah Fears,Over,5.5,-200,2025-12-15,2025-12-14T23:49:19Z,2025-12-14 15:50:05
Bovada,player_rebounds_assists,Jeremiah Fears,Under,5.5,150,2025-12-15,2025-12-14T23:49:19Z,2025-12-14 15:50:05
Bovada,player_rebounds_assists,Jeremiah Fears,Over,6.5,-115,2025-12-15,2025-12-14T23:49:19Z,2025-12-14 15:50:05
Bovada,player_rebounds_assists,Jeremiah Fears,Under,6.5,-115,2025-12-15,2025-12-14T23:49:19Z,2025-12-14 15:50:05
Bovada,player_rebounds_assists,Jeremiah Fears,Over,7.5,145,2025-12-15,2025-12-14T23:49:19Z,2025-12-14 15:50:05
Bovada,player_rebounds_assists,Jeremiah Fears,Under,7.5,-190,2025-12-15,2025-12-14T23:49:19Z,2025-12-14 15:50:05
Bovada,player_rebounds_assists,Josh Giddey,Over,15.5,-220,2025-12-15,2025-12-14T23:49:19Z,2025-12-14 15:50:05
Bovada,player_rebounds_assists,Josh Giddey,Under,15.5,165,2025-12-15,2025-12-14T23:49:19Z,2025-12-14 15:50:05
Bovada,player_rebounds_assists,Josh Giddey,Over,16.5,-150,2025-12-15,2025-12-14T23:49:19Z,2025-12-14 15:50:05
Bovada,player_rebounds_assists,Josh Giddey,Under,16.5,115,2025-12-15,2025-12-14T23:49:19Z,2025-12-14 15:50:05
Bovada,player_rebounds_assists,Josh Giddey,Over,17.5,-110,2025-12-15,2025-12-14T23:49:19Z,2025-12-14 15:50:05
Bovada,player_rebounds_assists,Josh Giddey,Under,17.5,-120,2025-12-15,2025-12-14T23:49:19Z,2025-12-14 15:50:05
Bovada,player_rebounds_assists,Nikola Vucevic,Over,9.5,-215,2025-12-15,2025-12-14T23:49:19Z,2025-12-14 15:50:05
Bovada,player_rebounds_assists,Nikola Vucevic,Under,9.5,160,2025-12-15,2025-12-14T23:49:19Z,2025-12-14 15:50:05
Bovada,player_rebounds_assists,Nikola Vucevic,Over,10.5,-135,2025-12-15,2025-12-14T23:49:19Z,2025-12-14 15:50:05
Bovada,player_rebounds_assists,Nikola Vucevic,Under,10.5,105,2025-12-15,2025-12-14T23:49:19Z,2025-12-14 15:50:05
Bovada,player_rebounds_assists,Nikola Vucevic,Over,11.5,110,2025-12-15,2025-12-14T23:49:19Z,2025-12-14 15:50:05
Bovada,player_rebounds_assists,Nikola Vucevic,Under,11.5,-145,2025-12-15,2025-12-14T23:49:19Z,2025-12-14 15:50:05
Bovada,player_rebounds_assists,Saddiq Bey,Over,6.5,-240,2025-12-15,2025-12-14T23:49:19Z,2025-12-14 15:50:05
Bovada,player_rebounds_assists,Saddiq Bey,Under,6.5,175,2025-12-15,2025-12-14T23:49:19Z,2025-12-14 15:50:05
Bovada,player_rebounds_assists,Saddiq Bey,Over,7.5,-135,2025-12-15,2025-12-14T23:49:19Z,2025-12-14 15:50:05
Bovada,player_rebounds_assists,Saddiq Bey,Under,7.5,105,2025-12-15,2025-12-14T23:49:19Z,2025-12-14 15:50:05
Bovada,player_rebounds_assists,Saddiq Bey,Over,8.5,120,2025-12-15,2025-12-14T23:49:19Z,2025-12-14 15:50:05
Bovada,player_rebounds_assists,Saddiq Bey,Under,8.5,-160,2025-12-15,2025-12-14T23:49:19Z,2025-12-14 15:50:05
Bovada,player_rebounds_assists,Trey Murphy III,Over,7.5,-275,2025-12-15,2025-12-14T23:49:19Z,2025-12-14 15:50:05
Bovada,player_rebounds_assists,Trey Murphy III,Under,7.5,200,2025-12-15,2025-12-14T23:49:19Z,2025-12-14 15:50:05
Bovada,player_rebounds_assists,Trey Murphy III,Over,8.5,-165,2025-12-15,2025-12-14T23:49:19Z,2025-12-14 15:50:05
Bovada,player_rebounds_assists,Trey Murphy III,Under,8.5,125,2025-12-15,2025-12-14T23:49:19Z,2025-12-14 15:50:05
Bovada,player_rebounds_assists,Trey Murphy III,Over,9.5,-105,2025-12-15,2025-12-14T23:49:19Z,2025-12-14 15:50:05
Bovada,player_rebounds_assists,Trey Murphy III,Under,9.5,-125,2025-12-15,2025-12-14T23:49:19Z,2025-12-14 15:50:05
Bovada,player_rebounds_assists,Zion Williamson,Over,6.5,-215,2025-12-15,2025-12-14T23:49:19Z,2025-12-14 15:50:05
Bovada,player_rebounds_assists,Zion Williamson,Under,6.5,160,2025-12-15,2025-12-14T23:49:19Z,2025-12-14 15:50:05
Bovada,player_rebounds_assists,Zion Williamson,Over,7.5,-125,2025-12-15,2025-12-14T23:49:19Z,2025-12-14 15:50:05
Bovada,player_rebounds_assists,Zion Williamson,Under,7.5,-105,2025-12-15,2025-12-14T23:49:19Z,2025-12-14 15:50:05
Bovada,player_rebounds_assists,Zion Williamson,Over,8.5,130,2025-12-15,2025-12-14T23:49:19Z,2025-12-14 15:50:05
Bovada,player_rebounds_assists,Zion Williamson,Under,8.5,-170,2025-12-15,2025-12-14T23:49:19Z,2025-12-14 15:50:05
Bovada,player_rebounds_assists,DeMar DeRozan,Over,5.5,-210,2025-12-15,2025-12-14T23:49:50Z,2025-12-14 15:50:05
Bovada,player_rebounds_assists,DeMar DeRozan,Under,5.5,155,2025-12-15,2025-12-14T23:49:50Z,2025-12-14 15:50:05
Bovada,player_rebounds_assists,DeMar DeRozan,Over,6.5,-120,2025-12-15,2025-12-14T23:49:50Z,2025-12-14 15:50:05
Bovada,player_rebounds_assists,DeMar DeRozan,Under,6.5,-110,2025-12-15,2025-12-14T23:49:50Z,2025-12-14 15:50:05
Bovada,player_rebounds_assists,DeMar DeRozan,Over,7.5,140,2025-12-15,2025-12-14T23:49:50Z,2025-12-14 15:50:05
Bovada,player_rebounds_assists,DeMar DeRozan,Under,7.5,-185,2025-12-15,2025-12-14T23:49:50Z,2025-12-14 15:50:05
Bovada,player_rebounds_assists,Donte DiVincenzo,Over,7.5,-180,2025-12-15,2025-12-14T23:49:50Z,2025-12-14 15:50:05
Bovada,player_rebounds_assists,Donte DiVincenzo,Under,7.5,135,2025-12-15,2025-12-14T23:49:50Z,2025-12-14 15:50:05
Bovada,player_rebounds_assists,Donte DiVincenzo,Over,8.5,-110,2025-12-15,2025-12-14T23:49:50Z,2025-12-14 15:50:05
Bovada,player_rebounds_assists,Donte DiVincenzo,Under,8.5,-120,2025-12-15,2025-12-14T23:49:50Z,2025-12-14 15:50:05
Bovada,player_rebounds_assists,Donte DiVincenzo,Over,9.5,145,2025-12-15,2025-12-14T23:49:50Z,2025-12-14 15:50:05
Bovada,player_rebounds_assists,Donte DiVincenzo,Under,9.5,-190,2025-12-15,2025-12-14T23:49:50Z,2025-12-14 15:50:05
Bovada,player_rebounds_assists,Jaden McDaniels,Over,6.5,-240,2025-12-15,2025-12-14T23:49:50Z,2025-12-14 15:50:05
Bovada,player_rebounds_assists,Jaden McDaniels,Under,6.5,175,2025-12-15,2025-12-14T23:49:50Z,2025-12-14 15:50:05
Bovada,player_rebounds_assists,Jaden McDaniels,Over,7.5,-135,2025-12-15,2025-12-14T23:49:50Z,2025-12-14 15:50:05
Bovada,player_rebounds_assists,Jaden McDaniels,Under,7.5,105,2025-12-15,2025-12-14T23:49:50Z,2025-12-14 15:50:05
Bovada,player_rebounds_assists,Jaden McDaniels,Over,8.5,120,2025-12-15,2025-12-14T23:49:50Z,2025-12-14 15:50:05
Bovada,player_rebounds_assists,Jaden McDaniels,Under,8.5,-160,2025-12-15,2025-12-14T23:49:50Z,2025-12-14 15:50:05
Bovada,player_rebounds_assists,Julius Randle,Over,12.5,-170,2025-12-15,2025-12-14T23:49:50Z,2025-12-14 15:50:05
Bovada,player_rebounds_assists,Julius Randle,Under,12.5,130,2025-12-15,2025-12-14T23:49:50Z,2025-12-14 15:50:05
Bovada,player_rebounds_assists,Julius Randle,Over,13.5,-115,2025-12-15,2025-12-14T23:49:50Z,2025-12-14 15:50:05
Bovada,player_rebounds_assists,Julius Randle,Under,13.5,-115,2025-12-15,2025-12-14T23:49:50Z,2025-12-14 15:50:05
Bovada,player_rebounds_assists,Julius Randle,Over,14.5,125,2025-12-15,2025-12-14T23:49:50Z,2025-12-14 15:50:05
Bovada,player_rebounds_assists,Julius Randle,Under,14.5,-165,2025-12-15,2025-12-14T23:49:50Z,2025-12-14 15:50:05
Bovada,player_rebounds_assists,Naz Reid,Over,8.5,-190,2025-12-15,2025-12-14T23:49:50Z,2025-12-14 15:50:05
Bovada,player_rebounds_assists,Naz Reid,Under,8.5,145,2025-12-15,2025-12-14T23:49:50Z,2025-12-14 15:50:05
Bovada,player_rebounds_assists,Naz Reid,Over,9.5,-120,2025-12-15,2025-12-14T23:49:50Z,2025-12-14 15:50:05
Bovada,player_rebounds_assists,Naz Reid,Under,9.5,-110,2025-12-15,2025-12-14T23:49:50Z,2025-12-14 15:50:05
Bovada,player_rebounds_assists,Naz Reid,Over,10.5,130,2025-12-15,2025-12-14T23:49:50Z,2025-12-14 15:50:05
Bovada,player_rebounds_assists,Naz Reid,Under,10.5,-170,2025-12-15,2025-12-14T23:49:50Z,2025-12-14 15:50:05
Bovada,player_rebounds_assists,Rudy Gobert,Over,11.5,-170,2025-12-15,2025-12-14T23:49:50Z,2025-12-14 15:50:05
Bovada,player_rebounds_assists,Rudy Gobert,Under,11.5,130,2025-12-15,2025-12-14T23:49:50Z,2025-12-14 15:50:05
Bovada,player_rebounds_assists,Rudy Gobert,Over,12.5,-115,2025-12-15,2025-12-14T23:49:50Z,2025-12-14 15:50:05
Bovada,player_rebounds_assists,Rudy Gobert,Under,12.5,-115,2025-12-15,2025-12-14T23:49:50Z,2025-12-14 15:50:05
Bovada,player_rebounds_assists,Rudy Gobert,Over,13.5,125,2025-12-15,2025-12-14T23:49:50Z,2025-12-14 15:50:05
Bovada,player_rebounds_assists,Rudy Gobert,Under,13.5,-165,2025-12-15,2025-12-14T23:49:50Z,2025-12-14 15:50:05
Bovada,player_rebounds_assists,Russell Westbrook,Over,11.5,-210,2025-12-15,2025-12-14T23:49:50Z,2025-12-14 15:50:05
Bovada,player_rebounds_assists,Russell Westbrook,Under,11.5,155,2025-12-15,2025-12-14T23:49:50Z,2025-12-14 15:50:05
Bovada,player_rebounds_assists,Russell Westbrook,Over,12.5,-135,2025-12-15,2025-12-14T23:49:50Z,2025-12-14 15:50:05
Bovada,player_rebounds_assists,Russell Westbrook,Under,12.5,105,2025-12-15,2025-12-14T23:49:50Z,2025-12-14 15:50:05
Bovada,player_rebounds_assists,Russell Westbrook,Over,13.5,105,2025-12-15,2025-12-14T23:49:50Z,2025-12-14 15:50:05
Bovada,player_rebounds_assists,Russell Westbrook,Under,13.5,-135,2025-12-15,2025-12-14T23:49:50Z,2025-12-14 15:50:05
Bovada,player_rebounds_assists,Zach LaVine,Over,4.5,-260,2025-12-15,2025-12-14T23:49:50Z,2025-12-14 15:50:05
Bovada,player_rebounds_assists,Zach LaVine,Under,4.5,190,2025-12-15,2025-12-14T23:49:50Z,2025-12-14 15:50:05
Bovada,player_rebounds_assists,Zach LaVine,Over,5.5,-135,2025-12-15,2025-12-14T23:49:50Z,2025-12-14 15:50:05
Bovada,player_rebounds_assists,Zach LaVine,Under,5.5,105,2025-12-15,2025-12-14T23:49:50Z,2025-12-14 15:50:05
Bovada,player_rebounds_assists,Zach LaVine,Over,6.5,130,2025-12-15,2025-12-14T23:49:50Z,2025-12-14 15:50:05
Bovada,player_rebounds_assists,Zach LaVine,Under,6.5,-170,2025-12-15,2025-12-14T23:49:50Z,2025-12-14 15:50:05
Bovada,player_rebounds_assists,Collin Gillespie,Over,7.5,-230,2025-12-15,2025-12-14T23:49:30Z,2025-12-14 15:50:05
Bovada,player_rebounds_assists,Collin Gillespie,Under,7.5,170,2025-12-15,2025-12-14T23:49:30Z,2025-12-14 15:50:05
Bovada,player_rebounds_assists,Collin Gillespie,Over,8.5,-135,2025-12-15,2025-12-14T23:49:30Z,2025-12-14 15:50:05
Bovada,player_rebounds_assists,Collin Gillespie,Under,8.5,105,2025-12-15,2025-12-14T23:49:30Z,2025-12-14 15:50:05
Bovada,player_rebounds_assists,Collin Gillespie,Over,9.5,115,2025-12-15,2025-12-14T23:49:30Z,2025-12-14 15:50:05
Bovada,player_rebounds_assists,Collin Gillespie,Under,9.5,-150,2025-12-15,2025-12-14T23:49:30Z,2025-12-14 15:50:05
Bovada,player_rebounds_assists,Devin Booker,Over,7.5,-300,2025-12-15,2025-12-14T23:49:30Z,2025-12-14 15:50:05
Bovada,player_rebounds_assists,Devin Booker,Under,7.5,215,2025-12-15,2025-12-14T23:49:30Z,2025-12-14 15:50:05
Bovada,player_rebounds_assists,Devin Booker,Over,8.5,-170,2025-12-15,2025-12-14T23:49:30Z,2025-12-14 15:50:05
Bovada,player_rebounds_assists,Devin Booker,Under,8.5,130,2025-12-15,2025-12-14T23:49:30Z,2025-12-14 15:50:05
Bovada,player_rebounds_assists,Devin Booker,Over,9.5,-110,2025-12-15,2025-12-14T23:49:30Z,2025-12-14 15:50:05
Bovada,player_rebounds_assists,Devin Booker,Under,9.5,-120,2025-12-15,2025-12-14T23:49:30Z,2025-12-14 15:50:05
Bovada,player_rebounds_assists,Dillon Brooks,Over,4.5,-150,2025-12-15,2025-12-14T23:49:30Z,2025-12-14 15:50:05
Bovada,player_rebounds_assists,Dillon Brooks,Under,4.5,115,2025-12-15,2025-12-14T23:49:30Z,2025-12-14 15:50:05
Bovada,player_rebounds_assists,Dillon Brooks,Over,5.5,120,2025-12-15,2025-12-14T23:49:30Z,2025-12-14 15:50:05
Bovada,player_rebounds_assists,Dillon Brooks,Under,5.5,-160,2025-12-15,2025-12-14T23:49:30Z,2025-12-14 15:50:05
Bovada,player_rebounds_assists,Dillon Brooks,Over,6.5,210,2025-12-15,2025-12-14T23:49:30Z,2025-12-14 15:50:05
Bovada,player_rebounds_assists,Dillon Brooks,Under,6.5,-290,2025-12-15,2025-12-14T23:49:30Z,2025-12-14 15:50:05
Bovada,player_rebounds_assists,Grayson Allen,Over,5.5,-190,2025-12-15,2025-12-14T23:49:30Z,2025-12-14 15:50:05
Bovada,player_rebounds_assists,Grayson Allen,Under,5.5,145,2025-12-15,2025-12-14T23:49:30Z,2025-12-14 15:50:05
Bovada,player_rebounds_assists,Grayson Allen,Over,6.5,-105,2025-12-15,2025-12-14T23:49:30Z,2025-12-14 15:50:05
Bovada,player_rebounds_assists,Grayson Allen,Under,6.5,-125,2025-12-15,2025-12-14T23:49:30Z,2025-12-14 15:50:05
Bovada,player_rebounds_assists,Grayson Allen,Over,7.5,150,2025-12-15,2025-12-14T23:49:30Z,2025-12-14 15:50:05
Bovada,player_rebounds_assists,Grayson Allen,Under,7.5,-200,2025-12-15,2025-12-14T23:49:30Z,2025-12-14 15:50:05
Bovada,player_rebounds_assists,LeBron James,Over,12.5,-220,2025-12-15,2025-12-14T23:49:30Z,2025-12-14 15:50:05
Bovada,player_rebounds_assists,LeBron James,Under,12.5,165,2025-12-15,2025-12-14T23:49:30Z,2025-12-14 15:50:05
Bovada,player_rebounds_assists,LeBron James,Over,13.5,-150,2025-12-15,2025-12-14T23:49:30Z,2025-12-14 15:50:05
Bovada,player_rebounds_assists,LeBron James,Under,13.5,115,2025-12-15,2025-12-14T23:49:30Z,2025-12-14 15:50:05
Bovada,player_rebounds_assists,LeBron James,Over,14.5,-105,2025-12-15,2025-12-14T23:49:30Z,2025-12-14 15:50:05
Bovada,player_rebounds_assists,LeBron James,Under,14.5,-125,2025-12-15,2025-12-14T23:49:30Z,2025-12-14 15:50:05
Bovada,player_rebounds_assists,Luka Doncic,Over,16.5,-210,2025-12-15,2025-12-14T23:49:30Z,2025-12-14 15:50:05
Bovada,player_rebounds_assists,Luka Doncic,Under,16.5,155,2025-12-15,2025-12-14T23:49:30Z,2025-12-14 15:50:05
Bovada,player_rebounds_assists,Luka Doncic,Over,17.5,-145,2025-12-15,2025-12-14T23:49:30Z,2025-12-14 15:50:05
Bovada,player_rebounds_assists,Luka Doncic,Under,17.5,110,2025-12-15,2025-12-14T23:49:30Z,2025-12-14 15:50:05
Bovada,player_rebounds_assists,Luka Doncic,Over,18.5,-105,2025-12-15,2025-12-14T23:49:30Z,2025-12-14 15:50:05
Bovada,player_rebounds_assists,Luka Doncic,Under,18.5,-125,2025-12-15,2025-12-14T23:49:30Z,2025-12-14 15:50:05
Bovada,player_rebounds_assists,Marcus Smart,Over,4.5,-275,2025-12-15,2025-12-14T23:49:30Z,2025-12-14 15:50:05
Bovada,player_rebounds_assists,Marcus Smart,Under,4.5,200,2025-12-15,2025-12-14T23:49:30Z,2025-12-14 15:50:05
Bovada,player_rebounds_assists,Marcus Smart,Over,5.5,-145,2025-12-15,2025-12-14T23:49:30Z,2025-12-14 15:50:05
Bovada,player_rebounds_assists,Marcus Smart,Under,5.5,110,2025-12-15,2025-12-14T23:49:30Z,2025-12-14 15:50:05
Bovada,player_rebounds_assists,Marcus Smart,Over,6.5,120,2025-12-15,2025-12-14T23:49:30Z,2025-12-14 15:50:05
Bovada,player_rebounds_assists,Marcus Smart,Under,6.5,-160,2025-12-15,2025-12-14T23:49:30Z,2025-12-14 15:50:05
Bovada,player_rebounds_assists,Brandin Podziemski,Over,4.5,-220,2025-12-15,2025-12-14T23:49:01Z,2025-12-14 15:50:05
Bovada,player_rebounds_assists,Brandin Podziemski,Under,4.5,165,2025-12-15,2025-12-14T23:49:01Z,2025-12-14 15:50:05
Bovada,player_rebounds_assists,Brandin Podziemski,Over,5.5,-120,2025-12-15,2025-12-14T23:49:01Z,2025-12-14 15:50:05
Bovada,player_rebounds_assists,Brandin Podziemski,Under,5.5,-110,2025-12-15,2025-12-14T23:49:01Z,2025-12-14 15:50:05
Bovada,player_rebounds_assists,Brandin Podziemski,Over,6.5,145,2025-12-15,2025-12-14T23:49:01Z,2025-12-14 15:50:05
Bovada,player_rebounds_assists,Brandin Podziemski,Under,6.5,-190,2025-12-15,2025-12-14T23:49:01Z,2025-12-14 15:50:05
Bovada,player_rebounds_assists,Deni Avdija,Over,14.5,-200,2025-12-15,2025-12-14T23:49:01Z,2025-12-14 15:50:05
Bovada,player_rebounds_assists,Deni Avdija,Under,14.5,150,2025-12-15,2025-12-14T23:49:01Z,2025-12-14 15:50:05
Bovada,player_rebounds_assists,Deni Avdija,Over,15.5,-145,2025-12-15,2025-12-14T23:49:01Z,2025-12-14 15:50:05
Bovada,player_rebounds_assists,Deni Avdija,Under,15.5,110,2025-12-15,2025-12-14T23:49:01Z,2025-12-14 15:50:05
Bovada,player_rebounds_assists,Deni Avdija,Over,16.5,100,2025-12-15,2025-12-14T23:49:01Z,2025-12-14 15:50:05
Bovada,player_rebounds_assists,Deni Avdija,Under,16.5,-130,2025-12-15,2025-12-14T23:49:01Z,2025-12-14 15:50:05
Bovada,player_rebounds_assists,Draymond Green,Over,10.5,-190,2025-12-15,2025-12-14T23:49:01Z,2025-12-14 15:50:05
Bovada,player_rebounds_assists,Draymond Green,Under,10.5,145,2025-12-15,2025-12-14T23:49:01Z,2025-12-14 15:50:05
Bovada,player_rebounds_assists,Draymond Green,Over,11.5,-125,2025-12-15,2025-12-14T23:49:01Z,2025-12-14 15:50:05
Bovada,player_rebounds_assists,Draymond Green,Under,11.5,-105,2025-12-15,2025-12-14T23:49:01Z,2025-12-14 15:50:05
Bovada,player_rebounds_assists,Draymond Green,Over,12.5,120,2025-12-15,2025-12-14T23:49:01Z,2025-12-14 15:50:05
Bovada,player_rebounds_assists,Draymond Green,Under,12.5,-160,2025-12-15,2025-12-14T23:49:01Z,2025-12-14 15:50:05
Bovada,player_rebounds_assists,Jerami Grant,Over,5.5,-210,2025-12-15,2025-12-14T23:49:01Z,2025-12-14 15:50:05
Bovada,player_rebounds_assists,Jerami Grant,Under,5.5,155,2025-12-15,2025-12-14T23:49:01Z,2025-12-14 15:50:05
Bovada,player_rebounds_assists,Jerami Grant,Over,6.5,-120,2025-12-15,2025-12-14T23:49:01Z,2025-12-14 15:50:05
Bovada,player_rebounds_assists,Jerami Grant,Under,6.5,-110,2025-12-15,2025-12-14T23:49:01Z,2025-12-14 15:50:05
Bovada,player_rebounds_assists,Jerami Grant,Over,7.5,140,2025-12-15,2025-12-14T23:49:01Z,2025-12-14 15:50:05
Bovada,player_rebounds_assists,Jerami Grant,Under,7.5,-185,2025-12-15,2025-12-14T23:49:01Z,2025-12-14 15:50:05
Bovada,player_rebounds_assists,Jimmy Butler,Over,9.5,-260,2025-12-15,2025-12-14T23:49:01Z,2025-12-14 15:50:05
Bovada,player_rebounds_assists,Jimmy Butler,Under,9.5,190,2025-12-15,2025-12-14T23:49:01Z,2025-12-14 15:50:05
Bovada,player_rebounds_assists,Jimmy Butler,Over,10.5,-165,2025-12-15,2025-12-14T23:49:01Z,2025-12-14 15:50:05
Bovada,player_rebounds_assists,Jimmy Butler,Under,10.5,125,2025-12-15,2025-12-14T23:49:01Z,2025-12-14 15:50:05
Bovada,player_rebounds_assists,Jimmy Butler,Over,11.5,-110,2025-12-15,2025-12-14T23:49:01Z,2025-12-14 15:50:05
Bovada,player_rebounds_assists,Jimmy Butler,Under,11.5,-120,2025-12-15,2025-12-14T23:49:01Z,2025-12-14 15:50:05
Bovada,player_rebounds_assists,Shaedon Sharpe,Over,5.5,-275,2025-12-15,2025-12-14T23:49:01Z,2025-12-14 15:50:05
Bovada,player_rebounds_assists,Shaedon Sharpe,Under,5.5,200,2025-12-15,2025-12-14T23:49:01Z,2025-12-14 15:50:05
Bovada,player_rebounds_assists,Shaedon Sharpe,Over,6.5,-150,2025-12-15,2025-12-14T23:49:01Z,2025-12-14 15:50:05
Bovada,player_rebounds_assists,Shaedon Sharpe,Under,6.5,115,2025-12-15,2025-12-14T23:49:01Z,2025-12-14 15:50:05
Bovada,player_rebounds_assists,Shaedon Sharpe,Over,7.5,110,2025-12-15,2025-12-14T23:49:01Z,2025-12-14 15:50:05
Bovada,player_rebounds_assists,Shaedon Sharpe,Under,7.5,-145,2025-12-15,2025-12-14T23:49:01Z,2025-12-14 15:50:05
Bovada,player_rebounds_assists,Stephen Curry,Over,7.5,-200,2025-12-15,2025-12-14T23:49:01Z,2025-12-14 15:50:05
Bovada,player_rebounds_assists,Stephen Curry,Under,7.5,150,2025-12-15,2025-12-14T23:49:01Z,2025-12-14 15:50:05
Bovada,player_rebounds_assists,Stephen Curry,Over,8.5,-120,2025-12-15,2025-12-14T23:49:01Z,2025-12-14 15:50:05
Bovada,player_rebounds_assists,Stephen Curry,Under,8.5,-110,2025-12-15,2025-12-14T23:49:01Z,2025-12-14 15:50:05
Bovada,player_rebounds_assists,Stephen Curry,Over,9.5,130,2025-12-15,2025-12-14T23:49:01Z,2025-12-14 15:50:05
Bovada,player_rebounds_assists,Stephen Curry,Under,9.5,-170,2025-12-15,2025-12-14T23:49:01Z,2025-12-14 15:50:05
Bovada,player_rebounds_assists,Toumani Camara,Over,6.5,-275,2025-12-15,2025-12-14T23:49:01Z,2025-12-14 15:50:05
Bovada,player_rebounds_assists,Toumani Camara,Under,6.5,200,2025-12-15,2025-12-14T23:49:01Z,2025-12-14 15:50:05
Bovada,player_rebounds_assists,Toumani Camara,Over,7.5,-160,2025-12-15,2025-12-14T23:49:01Z,2025-12-14 15:50:05
Bovada,player_rebounds_assists,Toumani Camara,Under,7.5,120,2025-12-15,2025-12-14T23:49:01Z,2025-12-14 15:50:05
Bovada,player_rebounds_assists,Toumani Camara,Over,8.5,105,2025-12-15,2025-12-14T23:49:01Z,2025-12-14 15:50:05
Bovada,player_rebounds_assists,Toumani Camara,Under,8.5,-135,2025-12-15,2025-12-14T23:49:01Z,2025-12-14 15:50:05
FanDuel,player_rebounds_assists,Coby White,Over,7.5,-104,2025-12-15,2025-12-14T23:49:25Z,2025-12-14 15:50:05
FanDuel,player_rebounds_assists,Coby White,Under,7.5,-122,2025-12-15,2025-12-14T23:49:25Z,2025-12-14 15:50:05
FanDuel,player_rebounds_assists,Josh Giddey,Over,17.5,-102,2025-12-15,2025-12-14T23:49:25Z,2025-12-14 15:50:05
FanDuel,player_rebounds_assists,Josh Giddey,Under,17.5,-125,2025-12-15,2025-12-14T23:49:25Z,2025-12-14 15:50:05
FanDuel,player_rebounds_assists,Herb Jones,Over,5.5,-148,2025-12-15,2025-12-14T23:49:25Z,2025-12-14 15:50:05
FanDuel,player_rebounds_assists,Herb Jones,Under,5.5,116,2025-12-15,2025-12-14T23:49:25Z,2025-12-14 15:50:05
FanDuel,player_rebounds_assists,Jeremiah Fears,Over,6.5,-104,2025-12-15,2025-12-14T23:49:25Z,2025-12-14 15:50:05
FanDuel,player_rebounds_assists,Jeremiah Fears,Under,6.5,-122,2025-12-15,2025-12-14T23:49:25Z,2025-12-14 15:50:05
FanDuel,player_rebounds_assists,Nikola Vucevic,Over,10.5,-132,2025-12-15,2025-12-14T23:49:25Z,2025-12-14 15:50:05
FanDuel,player_rebounds_assists,Nikola Vucevic,Under,10.5,104,2025-12-15,2025-12-14T23:49:25Z,2025-12-14 15:50:05
FanDuel,player_rebounds_assists,Trey Murphy III,Over,9.5,110,2025-12-15,2025-12-14T23:49:25Z,2025-12-14 15:50:05
FanDuel,player_rebounds_assists,Trey Murphy III,Under,9.5,-140,2025-12-15,2025-12-14T23:49:25Z,2025-12-14 15:50:05
FanDuel,player_rebounds_assists,Derik Queen,Over,12.5,100,2025-12-15,2025-12-14T23:49:25Z,2025-12-14 15:50:05
FanDuel,player_rebounds_assists,Derik Queen,Under,12.5,-128,2025-12-15,2025-12-14T23:49:25Z,2025-12-14 15:50:05
FanDuel,player_rebounds_assists,Saddiq Bey,Over,7.5,-128,2025-12-15,2025-12-14T23:49:25Z,2025-12-14 15:50:05
FanDuel,player_rebounds_assists,Saddiq Bey,Under,7.5,100,2025-12-15,2025-12-14T23:49:25Z,2025-12-14 15:50:05
FanDuel,player_rebounds_assists,Jaden McDaniels,Over,8.5,110,2025-12-15,2025-12-14T23:49:26Z,2025-12-14 15:50:05
FanDuel,player_rebounds_assists,Jaden McDaniels,Under,8.5,-140,2025-12-15,2025-12-14T23:49:26Z,2025-12-14 15:50:05
FanDuel,player_rebounds_assists,Russell Westbrook,Over,13.5,-102,2025-12-15,2025-12-14T23:49:26Z,2025-12-14 15:50:05
FanDuel,player_rebounds_assists,Russell Westbrook,Under,13.5,-125,2025-12-15,2025-12-14T23:49:26Z,2025-12-14 15:50:05
FanDuel,player_rebounds_assists,DeMar DeRozan,Over,6.5,-115,2025-12-15,2025-12-14T23:49:26Z,2025-12-14 15:50:05
FanDuel,player_rebounds_assists,DeMar DeRozan,Under,6.5,-111,2025-12-15,2025-12-14T23:49:26Z,2025-12-14 15:50:05
FanDuel,player_rebounds_assists,Naz Reid,Over,9.5,100,2025-12-15,2025-12-14T23:49:26Z,2025-12-14 15:50:05
FanDuel,player_rebounds_assists,Naz Reid,Under,9.5,-128,2025-12-15,2025-12-14T23:49:26Z,2025-12-14 15:50:05
FanDuel,player_rebounds_assists,Julius Randle,Over,13.5,-104,2025-12-15,2025-12-14T23:49:26Z,2025-12-14 15:50:05
FanDuel,player_rebounds_assists,Julius Randle,Under,13.5,-122,2025-12-15,2025-12-14T23:49:26Z,2025-12-14 15:50:05
FanDuel,player_rebounds_assists,Malik Monk,Over,4.5,-142,2025-12-15,2025-12-14T23:49:26Z,2025-12-14 15:50:05
FanDuel,player_rebounds_assists,Malik Monk,Under,4.5,112,2025-12-15,2025-12-14T23:49:26Z,2025-12-14 15:50:05
FanDuel,player_rebounds_assists,Donte DiVincenzo,Over,8.5,-118,2025-12-15,2025-12-14T23:49:26Z,2025-12-14 15:50:05
FanDuel,player_rebounds_assists,Donte DiVincenzo,Under,8.5,-108,2025-12-15,2025-12-14T23:49:26Z,2025-12-14 15:50:05
FanDuel,player_rebounds_assists,Zach LaVine,Over,5.5,-132,2025-12-15,2025-12-14T23:49:26Z,2025-12-14 15:50:05
FanDuel,player_rebounds_assists,Zach LaVine,Under,5.5,104,2025-12-15,2025-12-14T23:49:26Z,2025-12-14 15:50:05
FanDuel,player_rebounds_assists,Luka Doncic,Over,17.5,-111,2025-12-15,2025-12-14T23:49:53Z,2025-12-14 15:50:05
FanDuel,player_rebounds_assists,Luka Doncic,Under,17.5,-115,2025-12-15,2025-12-14T23:49:53Z,2025-12-14 15:50:05
FanDuel,player_rebounds_assists,LeBron James,Over,13.5,-115,2025-12-15,2025-12-14T23:49:53Z,2025-12-14 15:50:05
FanDuel,player_rebounds_assists,LeBron James,Under,13.5,-111,2025-12-15,2025-12-14T23:49:53Z,2025-12-14 15:50:05
FanDuel,player_rebounds_assists,Devin Booker,Over,9.5,-115,2025-12-15,2025-12-14T23:49:53Z,2025-12-14 15:50:05
FanDuel,player_rebounds_assists,Devin Booker,Under,9.5,-111,2025-12-15,2025-12-14T23:49:53Z,2025-12-14 15:50:05
FanDuel,player_rebounds_assists,Marcus Smart,Over,5.5,-128,2025-12-15,2025-12-14T23:49:53Z,2025-12-14 15:50:05
FanDuel,player_rebounds_assists,Marcus Smart,Under,5.5,100,2025-12-15,2025-12-14T23:49:53Z,2025-12-14 15:50:05
FanDuel,player_rebounds_assists,Royce O'Neale,Over,7.5,112,2025-12-15,2025-12-14T23:49:53Z,2025-12-14 15:50:05
FanDuel,player_rebounds_assists,Royce O'Neale,Under,7.5,-142,2025-12-15,2025-12-14T23:49:53Z,2025-12-14 15:50:05
FanDuel,player_rebounds_assists,Jerami Grant,Over,6.5,-115,2025-12-15,2025-12-14T23:49:50Z,2025-12-14 15:50:05
FanDuel,player_rebounds_assists,Jerami Grant,Under,6.5,-111,2025-12-15,2025-12-14T23:49:50Z,2025-12-14 15:50:05
FanDuel,player_rebounds_assists,Deni Avdija,Over,14.5,-118,2025-12-15,2025-12-14T23:49:50Z,2025-12-14 15:50:05
FanDuel,player_rebounds_assists,Deni Avdija,Under,14.5,-108,2025-12-15,2025-12-14T23:49:50Z,2025-12-14 15:50:05
FanDuel,player_rebounds_assists,Toumani Camara,Over,7.5,-122,2025-12-15,2025-12-14T23:49:50Z,2025-12-14 15:50:05
FanDuel,player_rebounds_assists,Toumani Camara,Under,7.5,-104,2025-12-15,2025-12-14T23:49:50Z,2025-12-14 15:50:05
FanDuel,player_rebounds_assists,Stephen Curry,Over,7.5,-142,2025-12-15,2025-12-14T23:49:50Z,2025-12-14 15:50:05
FanDuel,player_rebounds_assists,Stephen Curry,Under,7.5,112,2025-12-15,2025-12-14T23:49:50Z,2025-12-14 15:50:05
FanDuel,player_rebounds_assists,Shaedon Sharpe,Over,7.5,-108,2025-12-15,2025-12-14T23:49:50Z,2025-12-14 15:50:05
FanDuel,player_rebounds_assists,Shaedon Sharpe,Under,7.5,-118,2025-12-15,2025-12-14T23:49:50Z,2025-12-14 15:50:05
FanDuel,player_rebounds_assists,Jimmy Butler,Over,11.5,-130,2025-12-15,2025-12-14T23:49:50Z,2025-12-14 15:50:05
FanDuel,player_rebounds_assists,Jimmy Butler,Under,11.5,102,2025-12-15,2025-12-14T23:49:50Z,2025-12-14 15:50:05
FanDuel,player_rebounds_assists,Draymond Green,Over,11.5,-120,2025-12-15,2025-12-14T23:49:50Z,2025-12-14 15:50:05
FanDuel,player_rebounds_assists,Draymond Green,Under,11.5,-106,2025-12-15,2025-12-14T23:49:50Z,2025-12-14 15:50:05
FanDuel,player_rebounds_assists,Jalen Brunson,Over,9.5,-114,2025-12-17,2025-12-14T23:50:52Z,2025-12-14 15:50:05
FanDuel,player_rebounds_assists,Jalen Brunson,Under,9.5,-114,2025-12-17,2025-12-14T23:50:52Z,2025-12-14 15:50:05
FanDuel,player_rebounds_assists,Victor Wembanyama,Over,14.5,-102,2025-12-17,2025-12-14T23:50:52Z,2025-12-14 15:50:05
FanDuel,player_rebounds_assists,Victor Wembanyama,Under,14.5,-130,2025-12-17,2025-12-14T23:50:52Z,2025-12-14 15:50:05
FanDuel,player_rebounds_assists,Karl-Anthony Towns,Over,13.5,-128,2025-12-17,2025-12-14T23:50:52Z,2025-12-14 15:50:05
FanDuel,player_rebounds_assists,Karl-Anthony Towns,Under,13.5,-104,2025-12-17,2025-12-14T23:50:52Z,2025-12-14 15:50:05
FanDuel,player_rebounds_assists,Josh Hart,Over,13.5,-112,2025-12-17,2025-12-14T23:50:52Z,2025-12-14 15:50:05
FanDuel,player_rebounds_assists,Josh Hart,Under,13.5,-118,2025-12-17,2025-12-14T23:50:52Z,2025-12-14 15:50:05
FanDuel,player_rebounds_assists,Mikal Bridges,Over,7.5,-114,2025-12-17,2025-12-14T23:50:52Z,2025-12-14 15:50:05
FanDuel,player_rebounds_assists,Mikal Bridges,Under,7.5,-114,2025-12-17,2025-12-14T23:50:52Z,2025-12-14 15:50:05
FanDuel,player_rebounds_assists,Stephon Castle,Over,10.5,-104,2025-12-17,2025-12-14T23:50:52Z,2025-12-14 15:50:05
FanDuel,player_rebounds_assists,Stephon Castle,Under,10.5,-128,2025-12-17,2025-12-14T23:50:52Z,2025-12-14 15:50:05
FanDuel,player_rebounds_assists,De'Aaron Fox,Over,8.5,-118,2025-12-17,2025-12-14T23:50:52Z,2025-12-14 15:50:05
FanDuel,player_rebounds_assists,De'Aaron Fox,Under,8.5,-114,2025-12-17,2025-12-14T23:50:52Z,2025-12-14 15:50:05
BetMGM,player_rebounds_assists,Herb Jones,Over,5.5,-130,2025-12-15,2025-12-14T23:49:22Z,2025-12-14 15:50:05
BetMGM,player_rebounds_assists,Herb Jones,Under,5.5,-105,2025-12-15,2025-12-14T23:49:22Z,2025-12-14 15:50:05
BetMGM,player_rebounds_assists,Josh Giddey,Over,17.5,-110,2025-12-15,2025-12-14T23:49:22Z,2025-12-14 15:50:05
BetMGM,player_rebounds_assists,Josh Giddey,Under,17.5,-118,2025-12-15,2025-12-14T23:49:22Z,2025-12-14 15:50:05
BetMGM,player_rebounds_assists,Matas Buzelis,Over,5.5,-155,2025-12-15,2025-12-14T23:49:22Z,2025-12-14 15:50:05
BetMGM,player_rebounds_assists,Matas Buzelis,Under,5.5,115,2025-12-15,2025-12-14T23:49:22Z,2025-12-14 15:50:05
BetMGM,player_rebounds_assists,Isaac Okoro,Over,3.5,-118,2025-12-15,2025-12-14T23:49:22Z,2025-12-14 15:50:05
BetMGM,player_rebounds_assists,Isaac Okoro,Under,3.5,-115,2025-12-15,2025-12-14T23:49:22Z,2025-12-14 15:50:05
BetMGM,player_rebounds_assists,Trey Murphy III,Over,8.5,-130,2025-12-15,2025-12-14T23:49:22Z,2025-12-14 15:50:05
BetMGM,player_rebounds_assists,Trey Murphy III,Under,8.5,-105,2025-12-15,2025-12-14T23:49:22Z,2025-12-14 15:50:05
BetMGM,player_rebounds_assists,Coby White,Over,6.5,-150,2025-12-15,2025-12-14T23:49:22Z,2025-12-14 15:50:05
BetMGM,player_rebounds_assists,Coby White,Under,6.5,110,2025-12-15,2025-12-14T23:49:22Z,2025-12-14 15:50:05
BetMGM,player_rebounds_assists,Jeremiah Fears,Over,5.5,-155,2025-12-15,2025-12-14T23:49:22Z,2025-12-14 15:50:05
BetMGM,player_rebounds_assists,Jeremiah Fears,Under,5.5,115,2025-12-15,2025-12-14T23:49:22Z,2025-12-14 15:50:05
BetMGM,player_rebounds_assists,Nikola Vucevic,Over,10.5,-145,2025-12-15,2025-12-14T23:49:22Z,2025-12-14 15:50:05
BetMGM,player_rebounds_assists,Nikola Vucevic,Under,10.5,105,2025-12-15,2025-12-14T23:49:22Z,2025-12-14 15:50:05
BetMGM,player_rebounds_assists,Derik Queen,Over,11.5,-110,2025-12-15,2025-12-14T23:49:22Z,2025-12-14 15:50:05
BetMGM,player_rebounds_assists,Derik Queen,Under,11.5,-118,2025-12-15,2025-12-14T23:49:22Z,2025-12-14 15:50:05
BetMGM,player_rebounds_assists,Zion Williamson,Over,7.5,-125,2025-12-15,2025-12-14T23:49:22Z,2025-12-14 15:50:05
BetMGM,player_rebounds_assists,Zion Williamson,Under,7.5,-105,2025-12-15,2025-12-14T23:49:22Z,2025-12-14 15:50:05
BetMGM,player_rebounds_assists,Saddiq Bey,Over,7.5,-140,2025-12-15,2025-12-14T23:49:22Z,2025-12-14 15:50:05
BetMGM,player_rebounds_assists,Saddiq Bey,Under,7.5,105,2025-12-15,2025-12-14T23:49:22Z,2025-12-14 15:50:05
BetMGM,player_rebounds_assists,DeMar DeRozan,Over,6.5,-110,2025-12-15,2025-12-14T23:49:31Z,2025-12-14 15:50:05
BetMGM,player_rebounds_assists,DeMar DeRozan,Under,6.5,-120,2025-12-15,2025-12-14T23:49:31Z,2025-12-14 15:50:05
BetMGM,player_rebounds_assists,Maxime Raynaud,Over,8.5,-110,2025-12-15,2025-12-14T23:49:31Z,2025-12-14 15:50:05
BetMGM,player_rebounds_assists,Maxime Raynaud,Under,8.5,-120,2025-12-15,2025-12-14T23:49:31Z,2025-12-14 15:50:05
BetMGM,player_rebounds_assists,Julius Randle,Over,13.5,105,2025-12-15,2025-12-14T23:49:31Z,2025-12-14 15:50:05
BetMGM,player_rebounds_assists,Julius Randle,Under,13.5,-140,2025-12-15,2025-12-14T23:49:31Z,2025-12-14 15:50:05
BetMGM,player_rebounds_assists,Rudy Gobert,Over,12.5,-140,2025-12-15,2025-12-14T23:49:31Z,2025-12-14 15:50:05
BetMGM,player_rebounds_assists,Rudy Gobert,Under,12.5,105,2025-12-15,2025-12-14T23:49:31Z,2025-12-14 15:50:05
BetMGM,player_rebounds_assists,Jaden McDaniels,Over,8.5,105,2025-12-15,2025-12-14T23:49:31Z,2025-12-14 15:50:05
BetMGM,player_rebounds_assists,Jaden McDaniels,Under,8.5,-140,2025-12-15,2025-12-14T23:49:31Z,2025-12-14 15:50:05
BetMGM,player_rebounds_assists,Donte DiVincenzo,Over,8.5,-120,2025-12-15,2025-12-14T23:49:31Z,2025-12-14 15:50:05
BetMGM,player_rebounds_assists,Donte DiVincenzo,Under,8.5,-110,2025-12-15,2025-12-14T23:49:31Z,2025-12-14 15:50:05
BetMGM,player_rebounds_assists,Russell Westbrook,Over,13.5,-105,2025-12-15,2025-12-14T23:49:31Z,2025-12-14 15:50:05
BetMGM,player_rebounds_assists,Russell Westbrook,Under,13.5,-125,2025-12-15,2025-12-14T23:49:31Z,2025-12-14 15:50:05
BetMGM,player_rebounds_assists,Zach LaVine,Over,5.5,-135,2025-12-15,2025-12-14T23:49:31Z,2025-12-14 15:50:05
BetMGM,player_rebounds_assists,Zach LaVine,Under,5.5,100,2025-12-15,2025-12-14T23:49:31Z,2025-12-14 15:50:05
BetMGM,player_rebounds_assists,Keegan Murray,Over,7.5,-145,2025-12-15,2025-12-14T23:49:31Z,2025-12-14 15:50:05
BetMGM,player_rebounds_assists,Keegan Murray,Under,7.5,110,2025-12-15,2025-12-14T23:49:31Z,2025-12-14 15:50:05
BetMGM,player_rebounds_assists,Bones Hyland,Over,7.5,100,2025-12-15,2025-12-14T23:49:31Z,2025-12-14 15:50:05
BetMGM,player_rebounds_assists,Bones Hyland,Under,7.5,-135,2025-12-15,2025-12-14T23:49:31Z,2025-12-14 15:50:05
BetMGM,player_rebounds_assists,Rui Hachimura,Over,4.5,-140,2025-12-15,2025-12-14T23:50:08Z,2025-12-14 15:50:05
BetMGM,player_rebounds_assists,Rui Hachimura,Under,4.5,105,2025-12-15,2025-12-14T23:50:08Z,2025-12-14 15:50:05
BetMGM,player_rebounds_assists,Luka Doncic,Over,17.5,-125,2025-12-15,2025-12-14T23:50:08Z,2025-12-14 15:50:05
BetMGM,player_rebounds_assists,Luka Doncic,Under,17.5,-105,2025-12-15,2025-12-14T23:50:08Z,2025-12-14 15:50:05
BetMGM,player_rebounds_assists,Royce O'Neale,Over,7.5,115,2025-12-15,2025-12-14T23:50:08Z,2025-12-14 15:50:05
BetMGM,player_rebounds_assists,Royce O'Neale,Under,7.5,-150,2025-12-15,2025-12-14T23:50:08Z,2025-12-14 15:50:05
BetMGM,player_rebounds_assists,Mark Williams,Over,9.5,-140,2025-12-15,2025-12-14T23:50:08Z,2025-12-14 15:50:05
BetMGM,player_rebounds_assists,Mark Williams,Under,9.5,105,2025-12-15,2025-12-14T23:50:08Z,2025-12-14 15:50:05
BetMGM,player_rebounds_assists,Deandre Ayton,Over,10.5,105,2025-12-15,2025-12-14T23:50:08Z,2025-12-14 15:50:05
BetMGM,player_rebounds_assists,Deandre Ayton,Under,10.5,-140,2025-12-15,2025-12-14T23:50:08Z,2025-12-14 15:50:05
BetMGM,player_rebounds_assists,Grayson Allen,Over,6.5,-125,2025-12-15,2025-12-14T23:50:08Z,2025-12-14 15:50:05
BetMGM,player_rebounds_assists,Grayson Allen,Under,6.5,-105,2025-12-15,2025-12-14T23:50:08Z,2025-12-14 15:50:05
BetMGM,player_rebounds_assists,LeBron James,Over,14.5,100,2025-12-15,2025-12-14T23:50:08Z,2025-12-14 15:50:05
BetMGM,player_rebounds_assists,LeBron James,Under,14.5,-135,2025-12-15,2025-12-14T23:50:08Z,2025-12-14 15:50:05
BetMGM,player_rebounds_assists,Devin Booker,Over,9.5,-115,2025-12-15,2025-12-14T23:50:08Z,2025-12-14 15:50:05
BetMGM,player_rebounds_assists,Devin Booker,Under,9.5,-115,2025-12-15,2025-12-14T23:50:08Z,2025-12-14 15:50:05
BetMGM,player_rebounds_assists,Dillon Brooks,Over,4.5,-135,2025-12-15,2025-12-14T23:50:08Z,2025-12-14 15:50:05
BetMGM,player_rebounds_assists,Dillon Brooks,Under,4.5,100,2025-12-15,2025-12-14T23:50:08Z,2025-12-14 15:50:05
BetMGM,player_rebounds_assists,Marcus Smart,Over,5.5,-118,2025-12-15,2025-12-14T23:50:08Z,2025-12-14 15:50:05
BetMGM,player_rebounds_assists,Marcus Smart,Under,5.5,-115,2025-12-15,2025-12-14T23:50:08Z,2025-12-14 15:50:05
BetMGM,player_rebounds_assists,Draymond Green,Over,11.5,-125,2025-12-15,2025-12-14T23:49:43Z,2025-12-14 15:50:05
BetMGM,player_rebounds_assists,Draymond Green,Under,11.5,-105,2025-12-15,2025-12-14T23:49:43Z,2025-12-14 15:50:05
BetMGM,player_rebounds_assists,Jimmy Butler,Over,11.5,-110,2025-12-15,2025-12-14T23:49:43Z,2025-12-14 15:50:05
BetMGM,player_rebounds_assists,Jimmy Butler,Under,11.5,-120,2025-12-15,2025-12-14T23:49:43Z,2025-12-14 15:50:05
BetMGM,player_rebounds_assists,Stephen Curry,Over,8.5,-105,2025-12-15,2025-12-14T23:49:43Z,2025-12-14 15:50:05
BetMGM,player_rebounds_assists,Stephen Curry,Under,8.5,-125,2025-12-15,2025-12-14T23:49:43Z,2025-12-14 15:50:05
BetMGM,player_rebounds_assists,Jerami Grant,Over,6.5,-115,2025-12-15,2025-12-14T23:49:43Z,2025-12-14 15:50:05
BetMGM,player_rebounds_assists,Jerami Grant,Under,6.5,-115,2025-12-15,2025-12-14T23:49:43Z,2025-12-14 15:50:05
BetMGM,player_rebounds_assists,Donovan Clingan,Over,11.5,-135,2025-12-15,2025-12-14T23:49:43Z,2025-12-14 15:50:05
BetMGM,player_rebounds_assists,Donovan Clingan,Under,11.5,100,2025-12-15,2025-12-14T23:49:43Z,2025-12-14 15:50:05
BetMGM,player_rebounds_assists,Deni Avdija,Over,15.5,-110,2025-12-15,2025-12-14T23:49:43Z,2025-12-14 15:50:05
BetMGM,player_rebounds_assists,Deni Avdija,Under,15.5,-120,2025-12-15,2025-12-14T23:49:43Z,2025-12-14 15:50:05
BetMGM,player_rebounds_assists,Quinten Post,Over,6.5,-140,2025-12-15,2025-12-14T23:49:43Z,2025-12-14 15:50:05
BetMGM,player_rebounds_assists,Quinten Post,Under,6.5,105,2025-12-15,2025-12-14T23:49:43Z,2025-12-14 15:50:05
BetMGM,player_rebounds_assists,Shaedon Sharpe,Over,7.5,100,2025-12-15,2025-12-14T23:49:43Z,2025-12-14 15:50:05
BetMGM,player_rebounds_assists,Shaedon Sharpe,Under,7.5,-135,2025-12-15,2025-12-14T23:49:43Z,2025-12-14 15:50:05
BetMGM,player_rebounds_assists,Toumani Camara,Over,7.5,-150,2025-12-15,2025-12-14T23:49:43Z,2025-12-14 15:50:05
BetMGM,player_rebounds_assists,Toumani Camara,Under,7.5,110,2025-12-15,2025-12-14T23:49:43Z,2025-12-14 15:50:05
DraftKings,player_blocks_steals,Matas Buzelis,Over,2.5,111,2025-12-15,2025-12-14T23:49:22Z,2025-12-14 15:50:05
DraftKings,player_blocks_steals,Matas Buzelis,Under,2.5,-143,2025-12-15,2025-12-14T23:49:22Z,2025-12-14 15:50:05
DraftKings,player_blocks_steals,Trey Murphy III,Over,1.5,-155,2025-12-15,2025-12-14T23:49:22Z,2025-12-14 15:50:05
DraftKings,player_blocks_steals,Trey Murphy III,Under,1.5,116,2025-12-15,2025-12-14T23:49:22Z,2025-12-14 15:50:05
DraftKings,player_blocks_steals,Herb Jones,Over,1.5,-122,2025-12-15,2025-12-14T23:49:22Z,2025-12-14 15:50:05
DraftKings,player_blocks_steals,Herb Jones,Under,1.5,-109,2025-12-15,2025-12-14T23:49:22Z,2025-12-14 15:50:05
DraftKings,player_blocks_steals,Zion Williamson,Over,1.5,-107,2025-12-15,2025-12-14T23:49:22Z,2025-12-14 15:50:05
DraftKings,player_blocks_steals,Zion Williamson,Under,1.5,-124,2025-12-15,2025-12-14T23:49:22Z,2025-12-14 15:50:05
DraftKings,player_blocks_steals,Nikola Vucevic,Over,1.5,155,2025-12-15,2025-12-14T23:49:22Z,2025-12-14 15:50:05
DraftKings,player_blocks_steals,Nikola Vucevic,Under,1.5,-208,2025-12-15,2025-12-14T23:49:22Z,2025-12-14 15:50:05
DraftKings,player_blocks_steals,Deandre Ayton,Over,1.5,-174,2025-12-15,2025-12-14T23:49:46Z,2025-12-14 15:50:05
DraftKings,player_blocks_steals,Deandre Ayton,Under,1.5,130,2025-12-15,2025-12-14T23:49:46Z,2025-12-14 15:50:05
DraftKings,player_blocks_steals,Luka Doncic,Over,1.5,-173,2025-12-15,2025-12-14T23:49:46Z,2025-12-14 15:50:05
DraftKings,player_blocks_steals,Luka Doncic,Under,1.5,130,2025-12-15,2025-12-14T23:49:46Z,2025-12-14 15:50:05
DraftKings,player_blocks_steals,LeBron James,Over,1.5,-121,2025-12-15,2025-12-14T23:49:46Z,2025-12-14 15:50:05
DraftKings,player_blocks_steals,LeBron James,Under,1.5,-110,2025-12-15,2025-12-14T23:49:46Z,2025-12-14 15:50:05
DraftKings,player_blocks_steals,Draymond Green,Over,1.5,-156,2025-12-15,2025-12-14T23:49:53Z,2025-12-14 15:50:05
DraftKings,player_blocks_steals,Draymond Green,Under,1.5,117,2025-12-15,2025-12-14T23:49:53Z,2025-12-14 15:50:05
DraftKings,player_blocks_steals,Jimmy Butler,Over,1.5,-152,2025-12-15,2025-12-14T23:49:53Z,2025-12-14 15:50:05
DraftKings,player_blocks_steals,Jimmy Butler,Under,1.5,114,2025-12-15,2025-12-14T23:49:53Z,2025-12-14 15:50:05
DraftKings,player_blocks_steals,Jerami Grant,Over,1.5,-109,2025-12-15,2025-12-14T23:49:53Z,2025-12-14 15:50:05
DraftKings,player_blocks_steals,Jerami Grant,Under,1.5,-121,2025-12-15,2025-12-14T23:49:53Z,2025-12-14 15:50:05
DraftKings,player_blocks_steals,Deni Avdija,Over,1.5,102,2025-12-15,2025-12-14T23:49:53Z,2025-12-14 15:50:05
DraftKings,player_blocks_steals,Deni Avdija,Under,1.5,-136,2025-12-15,2025-12-14T23:49:53Z,2025-12-14 15:50:05
