BOOKMAKER,CATEGORY,NAME,OVER/UNDER,LINE,ODDS,COMMENCE_TIME,LAST_UPDATE,DATA_PULLED_AT
Betr DFS,player_points,Quentin Grimes,Over,17.5,-137,2025-12-14,2025-12-14T23:50:21Z,2025-12-14 15:51:15
Betr DFS,player_points,Quentin Grimes,Under,17.5,-137,2025-12-14,2025-12-14T23:50:21Z,2025-12-14 15:51:15
Betr DFS,player_points,Joel Embiid,Over,24.5,-137,2025-12-14,2025-12-14T23:50:21Z,2025-12-14 15:51:15
Betr DFS,player_points,Joel Embiid,Under,24.5,-137,2025-12-14,2025-12-14T23:50:21Z,2025-12-14 15:51:15
Betr DFS,player_points,Paul George,Over,28.5,-137,2025-12-14,2025-12-14T23:50:21Z,2025-12-14 15:51:15
Betr DFS,player_points,Paul George,Under,28.5,-137,2025-12-14,2025-12-14T23:50:21Z,2025-12-14 15:51:15
Betr DFS,player_points,VJ Edgecombe,Over,13.5,-137,2025-12-14,2025-12-14T23:50:21Z,2025-12-14 15:51:15
Betr DFS,player_points,VJ Edgecombe,Under,13.5,-137,2025-12-14,2025-12-14T23:50:21Z,2025-12-14 15:51:15
Betr DFS,player_points,Onyeka Okongwu,Over,13.5,-137,2025-12-14,2025-12-14T23:50:21Z,2025-12-14 15:51:15
Betr DFS,player_points,Onyeka Okongwu,Under,13.5,-137,2025-12-14,2025-12-14T23:50:21Z,2025-12-14 15:51:15
Betr DFS,player_points,Vit Krejci,Over,17.5,-137,2025-12-14,2025-12-14T23:50:21Z,2025-12-14 15:51:15
Betr DFS,player_points,Vit Krejci,Under,17.5,-137,2025-12-14,2025-12-14T23:50:21Z,2025-12-14 15:51:15
Betr DFS,player_points,Jalen Johnson,Over,23.5,-137,2025-12-14,2025-12-14T23:50:21Z,2025-12-14 15:51:15
Betr DFS,player_points,Nickeil Alexander-Walker,Over,19.5,-137,2025-12-14,2025-12-14T23:50:21Z,2025-12-14 15:51:15
Betr DFS,player_points,Nickeil Alexander-Walker,Under,19.5,-137,2025-12-14,2025-12-14T23:50:21Z,2025-12-14 15:51:15
Betr DFS,player_points,Dyson Daniels,Over,15.5,-137,2025-12-14,2025-12-14T23:50:21Z,2025-12-14 15:51:15
Betr DFS,player_points,Dyson Daniels,Under,15.5,-137,2025-12-14,2025-12-14T23:50:21Z,2025-12-14 15:51:15
Betr DFS,player_points,Zaccharie Risacher,Over,10.5,-137,2025-12-14,2025-12-14T23:50:21Z,2025-12-14 15:51:15
Betr DFS,player_points,Zaccharie Risacher,Under,10.5,-137,2025-12-14,2025-12-14T23:50:21Z,2025-12-14 15:51:15
Betr DFS,player_points,Kyle Kuzma,Over,19.5,-137,2025-12-14,2025-12-14T23:50:44Z,2025-12-14 15:51:15
Betr DFS,player_points,Kyle Kuzma,Under,19.5,-137,2025-12-14,2025-12-14T23:50:44Z,2025-12-14 15:51:15
Betr DFS,player_points,Gary Trent Jr,Over,6.5,-137,2025-12-14,2025-12-14T23:50:44Z,2025-12-14 15:51:15
Betr DFS,player_points,Gary Trent Jr,Under,6.5,-137,2025-12-14,2025-12-14T23:50:44Z,2025-12-14 15:51:15
Betr DFS,player_points,Myles Turner,Over,11.5,-137,2025-12-14,2025-12-14T23:50:44Z,2025-12-14 15:51:15
Betr DFS,player_points,Myles Turner,Under,11.5,-137,2025-12-14,2025-12-14T23:50:44Z,2025-12-14 15:51:15
Betr DFS,player_points,Bobby Portis,Over,13.5,-137,2025-12-14,2025-12-14T23:50:44Z,2025-12-14 15:51:15
Betr DFS,player_points,Bobby Portis,Under,13.5,-137,2025-12-14,2025-12-14T23:50:44Z,2025-12-14 15:51:15
Betr DFS,player_points,Kevin Porter Jr.,Over,19.5,-137,2025-12-14,2025-12-14T23:50:44Z,2025-12-14 15:51:15
Betr DFS,player_points,Kevin Porter Jr.,Under,19.5,-137,2025-12-14,2025-12-14T23:50:44Z,2025-12-14 15:51:15
Betr DFS,player_points,Ryan Rollins,Over,15.5,-137,2025-12-14,2025-12-14T23:50:44Z,2025-12-14 15:51:15
Betr DFS,player_points,Ryan Rollins,Under,15.5,-137,2025-12-14,2025-12-14T23:50:44Z,2025-12-14 15:51:15
Betr DFS,player_points,Day'Ron Sharpe,Over,11.5,-137,2025-12-14,2025-12-14T23:50:44Z,2025-12-14 15:51:15
Betr DFS,player_points,Day'Ron Sharpe,Under,11.5,-137,2025-12-14,2025-12-14T23:50:44Z,2025-12-14 15:51:15
Betr DFS,player_points,Michael Porter Jr,Over,21.5,-137,2025-12-14,2025-12-14T23:50:44Z,2025-12-14 15:51:15
Betr DFS,player_points,Michael Porter Jr,Under,21.5,-137,2025-12-14,2025-12-14T23:50:44Z,2025-12-14 15:51:15
Betr DFS,player_points,Ziaire Williams,Over,9.5,-137,2025-12-14,2025-12-14T23:50:44Z,2025-12-14 15:51:15
Betr DFS,player_points,Ziaire Williams,Under,9.5,-137,2025-12-14,2025-12-14T23:50:44Z,2025-12-14 15:51:15
Betr DFS,player_points,Terance Mann,Over,8.5,-137,2025-12-14,2025-12-14T23:50:44Z,2025-12-14 15:51:15
Betr DFS,player_points,Saddiq Bey,Over,12.5,-137,2025-12-15,2025-12-14T23:50:47Z,2025-12-14 15:51:15
Betr DFS,player_points,Saddiq Bey,Under,12.5,-137,2025-12-15,2025-12-14T23:50:47Z,2025-12-14 15:51:15
Betr DFS,player_points,Zion Williamson,Over,17.5,-137,2025-12-15,2025-12-14T23:50:47Z,2025-12-14 15:51:15
Betr DFS,player_points,Zion Williamson,Under,17.5,-137,2025-12-15,2025-12-14T23:50:47Z,2025-12-14 15:51:15
Betr DFS,player_points,Herb Jones,Over,8.5,-137,2025-12-15,2025-12-14T23:50:47Z,2025-12-14 15:51:15
Betr DFS,player_points,Herb Jones,Under,8.5,-137,2025-12-15,2025-12-14T23:50:47Z,2025-12-14 15:51:15
Betr DFS,player_points,Trey Murphy III,Over,19.5,-137,2025-12-15,2025-12-14T23:50:47Z,2025-12-14 15:51:15
Betr DFS,player_points,Trey Murphy III,Under,19.5,-137,2025-12-15,2025-12-14T23:50:47Z,2025-12-14 15:51:15
Betr DFS,player_points,Jose Alvarado,Over,7.5,-137,2025-12-15,2025-12-14T23:50:47Z,2025-12-14 15:51:15
Betr DFS,player_points,Jose Alvarado,Under,7.5,-137,2025-12-15,2025-12-14T23:50:47Z,2025-12-14 15:51:15
Betr DFS,player_points,Jordan Poole,Over,15.5,-137,2025-12-15,2025-12-14T23:50:47Z,2025-12-14 15:51:15
Betr DFS,player_points,Jordan Poole,Under,15.5,-137,2025-12-15,2025-12-14T23:50:47Z,2025-12-14 15:51:15
Betr DFS,player_points,Jeremiah Fears,Over,13.5,-137,2025-12-15,2025-12-14T23:50:47Z,2025-12-14 15:51:15
Betr DFS,player_points,Jeremiah Fears,Under,13.5,-137,2025-12-15,2025-12-14T23:50:47Z,2025-12-14 15:51:15
Betr DFS,player_points,Derik Queen,Over,14.5,-137,2025-12-15,2025-12-14T23:50:47Z,2025-12-14 15:51:15
Betr DFS,player_points,Derik Queen,Under,14.5,-137,2025-12-15,2025-12-14T23:50:47Z,2025-12-14 15:51:15
Betr DFS,player_points,Nikola Vucevic,Over,15.5,-137,2025-12-15,2025-12-14T23:50:47Z,2025-12-14 15:51:15
Betr DFS,player_points,Nikola Vucevic,Under,15.5,-137,2025-12-15,2025-12-14T23:50:47Z,2025-12-14 15:51:15
Betr DFS,player_points,Coby White,Over,22.5,-137,2025-12-15,2025-12-14T23:50:47Z,2025-12-14 15:51:15
Betr DFS,player_points,Coby White,Under,22.5,-137,2025-12-15,2025-12-14T23:50:47Z,2025-12-14 15:51:15
Betr DFS,player_points,Patrick Williams,Over,7.5,-137,2025-12-15,2025-12-14T23:50:47Z,2025-12-14 15:51:15
Betr DFS,player_points,Patrick Williams,Under,7.5,-137,2025-12-15,2025-12-14T23:50:47Z,2025-12-14 15:51:15
Betr DFS,player_points,Jalen Smith,Over,7.5,-137,2025-12-15,2025-12-14T23:50:47Z,2025-12-14 15:51:15
Betr DFS,player_points,Jalen Smith,Under,7.5,-137,2025-12-15,2025-12-14T23:50:47Z,2025-12-14 15:51:15
Betr DFS,player_points,Josh Giddey,Over,20.5,-137,2025-12-15,2025-12-14T23:50:47Z,2025-12-14 15:51:15
Betr DFS,player_points,Josh Giddey,Under,20.5,-137,2025-12-15,2025-12-14T23:50:47Z,2025-12-14 15:51:15
Betr DFS,player_points,Zach Collins,Over,7.5,-137,2025-12-15,2025-12-14T23:50:47Z,2025-12-14 15:51:15
Betr DFS,player_points,Zach Collins,Under,7.5,-137,2025-12-15,2025-12-14T23:50:47Z,2025-12-14 15:51:15
Betr DFS,player_points,Tre Jones,Over,10.5,-137,2025-12-15,2025-12-14T23:50:47Z,2025-12-14 15:51:15
Betr DFS,player_points,Tre Jones,Under,10.5,-137,2025-12-15,2025-12-14T23:50:47Z,2025-12-14 15:51:15
Betr DFS,player_points,Kevin Huerter,Over,9.5,-137,2025-12-15,2025-12-14T23:50:47Z,2025-12-14 15:51:15
Betr DFS,player_points,Kevin Huerter,Under,9.5,-137,2025-12-15,2025-12-14T23:50:47Z,2025-12-14 15:51:15
Betr DFS,player_points,Matas Buzelis,Over,13.5,-137,2025-12-15,2025-12-14T23:50:47Z,2025-12-14 15:51:15
Betr DFS,player_points,Matas Buzelis,Under,13.5,-137,2025-12-15,2025-12-14T23:50:47Z,2025-12-14 15:51:15
Betr DFS,player_points,DeMar DeRozan,Over,18.5,-137,2025-12-15,2025-12-14T23:51:24Z,2025-12-14 15:51:15
Betr DFS,player_points,DeMar DeRozan,Under,18.5,-137,2025-12-15,2025-12-14T23:51:24Z,2025-12-14 15:51:15
Betr DFS,player_points,Zach LaVine,Over,19.5,-137,2025-12-15,2025-12-14T23:51:24Z,2025-12-14 15:51:15
Betr DFS,player_points,Zach LaVine,Under,19.5,-137,2025-12-15,2025-12-14T23:51:24Z,2025-12-14 15:51:15
Betr DFS,player_points,Russell Westbrook,Over,12.5,-137,2025-12-15,2025-12-14T23:51:24Z,2025-12-14 15:51:15
Betr DFS,player_points,Russell Westbrook,Under,12.5,-137,2025-12-15,2025-12-14T23:51:24Z,2025-12-14 15:51:15
Betr DFS,player_points,Malik Monk,Over,11.5,-137,2025-12-15,2025-12-14T23:51:24Z,2025-12-14 15:51:15
Betr DFS,player_points,Malik Monk,Under,11.5,-137,2025-12-15,2025-12-14T23:51:24Z,2025-12-14 15:51:15
Betr DFS,player_points,Maxime Raynaud,Over,11.5,-137,2025-12-15,2025-12-14T23:51:24Z,2025-12-14 15:51:15
Betr DFS,player_points,Maxime Raynaud,Under,11.5,-137,2025-12-15,2025-12-14T23:51:24Z,2025-12-14 15:51:15
Betr DFS,player_points,Julius Randle,Over,25.5,-137,2025-12-15,2025-12-14T23:51:24Z,2025-12-14 15:51:15
Betr DFS,player_points,Julius Randle,Under,25.5,-137,2025-12-15,2025-12-14T23:51:24Z,2025-12-14 15:51:15
Betr DFS,player_points,Rudy Gobert,Over,12.5,-137,2025-12-15,2025-12-14T23:51:24Z,2025-12-14 15:51:15
Betr DFS,player_points,Rudy Gobert,Under,12.5,-137,2025-12-15,2025-12-14T23:51:24Z,2025-12-14 15:51:15
Betr DFS,player_points,Naz Reid,Over,17.5,-137,2025-12-15,2025-12-14T23:51:24Z,2025-12-14 15:51:15
Betr DFS,player_points,Naz Reid,Under,17.5,-137,2025-12-15,2025-12-14T23:51:24Z,2025-12-14 15:51:15
Betr DFS,player_points,Jaden McDaniels,Over,17.5,-137,2025-12-15,2025-12-14T23:51:24Z,2025-12-14 15:51:15
Betr DFS,player_points,Jaden McDaniels,Under,17.5,-137,2025-12-15,2025-12-14T23:51:24Z,2025-12-14 15:51:15
Betr DFS,player_points,Donte DiVincenzo,Over,15.5,-137,2025-12-15,2025-12-14T23:51:24Z,2025-12-14 15:51:15
Betr DFS,player_points,Donte DiVincenzo,Under,15.5,-137,2025-12-15,2025-12-14T23:51:24Z,2025-12-14 15:51:15
Betr DFS,player_points,Terrence Shannon Jr.,Over,8.5,-137,2025-12-15,2025-12-14T23:51:24Z,2025-12-14 15:51:15
Betr DFS,player_points,Terrence Shannon Jr.,Under,8.5,-137,2025-12-15,2025-12-14T23:51:24Z,2025-12-14 15:51:15
Betr DFS,player_points,Marcus Smart,Over,9.5,-137,2025-12-15,2025-12-14T23:50:48Z,2025-12-14 15:51:15
Betr DFS,player_points,Marcus Smart,Under,9.5,-137,2025-12-15,2025-12-14T23:50:48Z,2025-12-14 15:51:15
Betr DFS,player_points,Luka Doncic,Over,35.5,-137,2025-12-15,2025-12-14T23:50:48Z,2025-12-14 15:51:15
Betr DFS,player_points,Luka Doncic,Under,35.5,-137,2025-12-15,2025-12-14T23:50:48Z,2025-12-14 15:51:15
Betr DFS,player_points,LeBron James,Over,19.5,-137,2025-12-15,2025-12-14T23:50:48Z,2025-12-14 15:51:15
Betr DFS,player_points,LeBron James,Under,19.5,-137,2025-12-15,2025-12-14T23:50:48Z,2025-12-14 15:51:15
Betr DFS,player_points,Rui Hachimura,Over,12.5,-137,2025-12-15,2025-12-14T23:50:48Z,2025-12-14 15:51:15
Betr DFS,player_points,Rui Hachimura,Under,12.5,-137,2025-12-15,2025-12-14T23:50:48Z,2025-12-14 15:51:15
Betr DFS,player_points,Deandre Ayton,Over,14.5,-137,2025-12-15,2025-12-14T23:50:48Z,2025-12-14 15:51:15
Betr DFS,player_points,Deandre Ayton,Under,14.5,-137,2025-12-15,2025-12-14T23:50:48Z,2025-12-14 15:51:15
Betr DFS,player_points,Mark Williams,Over,11.5,-137,2025-12-15,2025-12-14T23:50:48Z,2025-12-14 15:51:15
Betr DFS,player_points,Mark Williams,Under,11.5,-137,2025-12-15,2025-12-14T23:50:48Z,2025-12-14 15:51:15
Betr DFS,player_points,Royce O'Neale,Over,9.5,-137,2025-12-15,2025-12-14T23:50:48Z,2025-12-14 15:51:15
Betr DFS,player_points,Royce O'Neale,Under,9.5,-137,2025-12-15,2025-12-14T23:50:48Z,2025-12-14 15:51:15
Betr DFS,player_points,Grayson Allen,Over,15.5,-137,2025-12-15,2025-12-14T23:50:48Z,2025-12-14 15:51:15
Betr DFS,player_points,Grayson Allen,Under,15.5,-137,2025-12-15,2025-12-14T23:50:48Z,2025-12-14 15:51:15
Betr DFS,player_points,Collin Gillespie,Over,12.5,-137,2025-12-15,2025-12-14T23:50:48Z,2025-12-14 15:51:15
Betr DFS,player_points,Collin Gillespie,Under,12.5,-137,2025-12-15,2025-12-14T23:50:48Z,2025-12-14 15:51:15
Betr DFS,player_points,Dillon Brooks,Over,18.5,-137,2025-12-15,2025-12-14T23:50:48Z,2025-12-14 15:51:15
Betr DFS,player_points,Dillon Brooks,Under,18.5,-137,2025-12-15,2025-12-14T23:50:48Z,2025-12-14 15:51:15
Betr DFS,player_points,Devin Booker,Over,21.5,-137,2025-12-15,2025-12-14T23:50:48Z,2025-12-14 15:51:15
Betr DFS,player_points,Devin Booker,Under,21.5,-137,2025-12-15,2025-12-14T23:50:48Z,2025-12-14 15:51:15
Betr DFS,player_points,Jimmy Butler,Over,19.5,-137,2025-12-15,2025-12-14T23:51:32Z,2025-12-14 15:51:15
Betr DFS,player_points,Jimmy Butler,Under,19.5,-137,2025-12-15,2025-12-14T23:51:32Z,2025-12-14 15:51:15
Betr DFS,player_points,Draymond Green,Over,9.5,-137,2025-12-15,2025-12-14T23:51:32Z,2025-12-14 15:51:15
Betr DFS,player_points,Draymond Green,Under,9.5,-137,2025-12-15,2025-12-14T23:51:32Z,2025-12-14 15:51:15
Betr DFS,player_points,Stephen Curry,Over,28.5,-137,2025-12-15,2025-12-14T23:51:32Z,2025-12-14 15:51:15
Betr DFS,player_points,Stephen Curry,Under,28.5,-137,2025-12-15,2025-12-14T23:51:32Z,2025-12-14 15:51:15
Betr DFS,player_points,Moses Moody,Over,8.5,-137,2025-12-15,2025-12-14T23:51:32Z,2025-12-14 15:51:15
Betr DFS,player_points,Moses Moody,Under,8.5,-137,2025-12-15,2025-12-14T23:51:32Z,2025-12-14 15:51:15
Betr DFS,player_points,Brandin Podziemski,Over,8.5,-137,2025-12-15,2025-12-14T23:51:32Z,2025-12-14 15:51:15
Betr DFS,player_points,Brandin Podziemski,Under,8.5,-137,2025-12-15,2025-12-14T23:51:32Z,2025-12-14 15:51:15
Betr DFS,player_points,Quinten Post,Over,8.5,-137,2025-12-15,2025-12-14T23:51:32Z,2025-12-14 15:51:15
Betr DFS,player_points,Quinten Post,Under,8.5,-137,2025-12-15,2025-12-14T23:51:32Z,2025-12-14 15:51:15
Betr DFS,player_points,Deni Avdija,Over,23.5,-137,2025-12-15,2025-12-14T23:51:32Z,2025-12-14 15:51:15
Betr DFS,player_points,Deni Avdija,Under,23.5,-137,2025-12-15,2025-12-14T23:51:32Z,2025-12-14 15:51:15
Betr DFS,player_points,Jerami Grant,Over,19.5,-137,2025-12-15,2025-12-14T23:51:32Z,2025-12-14 15:51:15
Betr DFS,player_points,Jerami Grant,Under,19.5,-137,2025-12-15,2025-12-14T23:51:32Z,2025-12-14 15:51:15
Betr DFS,player_points,Shaedon Sharpe,Over,22.5,-137,2025-12-15,2025-12-14T23:51:32Z,2025-12-14 15:51:15
Betr DFS,player_points,Shaedon Sharpe,Under,22.5,-137,2025-12-15,2025-12-14T23:51:32Z,2025-12-14 15:51:15
Betr DFS,player_points,Toumani Camara,Over,12.5,-137,2025-12-15,2025-12-14T23:51:32Z,2025-12-14 15:51:15
Betr DFS,player_points,Toumani Camara,Under,12.5,-137,2025-12-15,2025-12-14T23:51:32Z,2025-12-14 15:51:15
Betr DFS,player_points,Donovan Clingan,Over,9.5,-137,2025-12-15,2025-12-14T23:51:32Z,2025-12-14 15:51:15
Betr DFS,player_points,Donovan Clingan,Under,9.5,-137,2025-12-15,2025-12-14T23:51:32Z,2025-12-14 15:51:15
DraftKings Pick6,player_points,Joel Embiid,Over,24.5,-137,2025-12-14,2025-12-14T23:50:57Z,2025-12-14 15:51:15
DraftKings Pick6,player_points,Joel Embiid,Under,24.5,-137,2025-12-14,2025-12-14T23:50:57Z,2025-12-14 15:51:15
DraftKings Pick6,player_points,Jalen Johnson,Over,23.5,-137,2025-12-14,2025-12-14T23:50:57Z,2025-12-14 15:51:15
DraftKings Pick6,player_points,Jalen Johnson,Under,23.5,-137,2025-12-14,2025-12-14T23:50:57Z,2025-12-14 15:51:15
DraftKings Pick6,player_points,Nickeil Alexander-Walker,Over,20.5,-137,2025-12-14,2025-12-14T23:50:57Z,2025-12-14 15:51:15
DraftKings Pick6,player_points,Nickeil Alexander-Walker,Under,20.5,-137,2025-12-14,2025-12-14T23:50:57Z,2025-12-14 15:51:15
DraftKings Pick6,player_points,Quentin Grimes,Over,17.5,-137,2025-12-14,2025-12-14T23:50:57Z,2025-12-14 15:51:15
DraftKings Pick6,player_points,Quentin Grimes,Under,17.5,-137,2025-12-14,2025-12-14T23:50:57Z,2025-12-14 15:51:15
DraftKings Pick6,player_points,Vit Krejci,Over,16.5,-137,2025-12-14,2025-12-14T23:50:57Z,2025-12-14 15:51:15
DraftKings Pick6,player_points,Vit Krejci,Under,16.5,-137,2025-12-14,2025-12-14T23:50:57Z,2025-12-14 15:51:15
DraftKings Pick6,player_points,Onyeka Okongwu,Over,13.5,-137,2025-12-14,2025-12-14T23:50:57Z,2025-12-14 15:51:15
DraftKings Pick6,player_points,Onyeka Okongwu,Under,13.5,-137,2025-12-14,2025-12-14T23:50:57Z,2025-12-14 15:51:15
DraftKings Pick6,player_points,Zaccharie Risacher,Over,10.5,-137,2025-12-14,2025-12-14T23:50:57Z,2025-12-14 15:51:15
DraftKings Pick6,player_points,Zaccharie Risacher,Under,10.5,-137,2025-12-14,2025-12-14T23:50:57Z,2025-12-14 15:51:15
DraftKings Pick6,player_points,Luke Kennard,Over,5.5,-137,2025-12-14,2025-12-14T23:50:57Z,2025-12-14 15:51:15
DraftKings Pick6,player_points,Luke Kennard,Under,5.5,-137,2025-12-14,2025-12-14T23:50:57Z,2025-12-14 15:51:15
DraftKings Pick6,player_points,VJ Edgecombe,Over,11.5,-137,2025-12-14,2025-12-14T23:50:57Z,2025-12-14 15:51:15
DraftKings Pick6,player_points,VJ Edgecombe,Under,11.5,-137,2025-12-14,2025-12-14T23:50:57Z,2025-12-14 15:51:15
DraftKings Pick6,player_points,Paul George,Over,29.5,-137,2025-12-14,2025-12-14T23:50:57Z,2025-12-14 15:51:15
DraftKings Pick6,player_points,Paul George,Under,29.5,-137,2025-12-14,2025-12-14T23:50:57Z,2025-12-14 15:51:15
DraftKings Pick6,player_points,Jared McCain,Over,5.5,-137,2025-12-14,2025-12-14T23:50:57Z,2025-12-14 15:51:15
DraftKings Pick6,player_points,Jared McCain,Under,5.5,-137,2025-12-14,2025-12-14T23:50:57Z,2025-12-14 15:51:15
DraftKings Pick6,player_points,Michael Porter Jr,Over,21.5,-137,2025-12-14,2025-12-14T23:50:14Z,2025-12-14 15:51:15
DraftKings Pick6,player_points,Michael Porter Jr,Under,21.5,-137,2025-12-14,2025-12-14T23:50:14Z,2025-12-14 15:51:15
DraftKings Pick6,player_points,Kevin Porter Jr.,Over,19.5,-137,2025-12-14,2025-12-14T23:50:14Z,2025-12-14 15:51:15
DraftKings Pick6,player_points,Kevin Porter Jr.,Under,19.5,-137,2025-12-14,2025-12-14T23:50:14Z,2025-12-14 15:51:15
DraftKings Pick6,player_points,Kyle Kuzma,Over,18.5,-137,2025-12-14,2025-12-14T23:50:14Z,2025-12-14 15:51:15
DraftKings Pick6,player_points,Kyle Kuzma,Under,18.5,-137,2025-12-14,2025-12-14T23:50:14Z,2025-12-14 15:51:15
DraftKings Pick6,player_points,Bobby Portis,Over,12.5,-137,2025-12-14,2025-12-14T23:50:14Z,2025-12-14 15:51:15
DraftKings Pick6,player_points,Bobby Portis,Under,12.5,-137,2025-12-14,2025-12-14T23:50:14Z,2025-12-14 15:51:15
DraftKings Pick6,player_points,Day'Ron Sharpe,Over,11.5,-137,2025-12-14,2025-12-14T23:50:14Z,2025-12-14 15:51:15
DraftKings Pick6,player_points,Day'Ron Sharpe,Under,11.5,-137,2025-12-14,2025-12-14T23:50:14Z,2025-12-14 15:51:15
DraftKings Pick6,player_points,Gary Trent Jr,Over,7.5,-137,2025-12-14,2025-12-14T23:50:14Z,2025-12-14 15:51:15
DraftKings Pick6,player_points,Gary Trent Jr,Under,7.5,-137,2025-12-14,2025-12-14T23:50:14Z,2025-12-14 15:51:15
DraftKings Pick6,player_points,Nicolas Claxton,Over,14.5,-137,2025-12-14,2025-12-14T23:50:14Z,2025-12-14 15:51:15
DraftKings Pick6,player_points,Nicolas Claxton,Under,14.5,-137,2025-12-14,2025-12-14T23:50:14Z,2025-12-14 15:51:15
DraftKings Pick6,player_points,Danny Wolf,Over,10.5,-137,2025-12-14,2025-12-14T23:50:14Z,2025-12-14 15:51:15
DraftKings Pick6,player_points,Danny Wolf,Under,10.5,-137,2025-12-14,2025-12-14T23:50:14Z,2025-12-14 15:51:15
DraftKings Pick6,player_points,Coby White,Over,22.5,-137,2025-12-15,2025-12-14T23:50:16Z,2025-12-14 15:51:15
DraftKings Pick6,player_points,Coby White,Under,22.5,-137,2025-12-15,2025-12-14T23:50:16Z,2025-12-14 15:51:15
DraftKings Pick6,player_points,Josh Giddey,Over,20.5,-137,2025-12-15,2025-12-14T23:50:16Z,2025-12-14 15:51:15
DraftKings Pick6,player_points,Josh Giddey,Under,20.5,-137,2025-12-15,2025-12-14T23:50:16Z,2025-12-14 15:51:15
DraftKings Pick6,player_points,Jordan Poole,Over,15.5,-137,2025-12-15,2025-12-14T23:50:16Z,2025-12-14 15:51:15
DraftKings Pick6,player_points,Jordan Poole,Under,15.5,-137,2025-12-15,2025-12-14T23:50:16Z,2025-12-14 15:51:15
DraftKings Pick6,player_points,Jeremiah Fears,Over,14.5,-137,2025-12-15,2025-12-14T23:50:16Z,2025-12-14 15:51:15
DraftKings Pick6,player_points,Jeremiah Fears,Under,14.5,-137,2025-12-15,2025-12-14T23:50:16Z,2025-12-14 15:51:15
DraftKings Pick6,player_points,Derik Queen,Over,14.5,-137,2025-12-15,2025-12-14T23:50:16Z,2025-12-14 15:51:15
DraftKings Pick6,player_points,Derik Queen,Under,14.5,-137,2025-12-15,2025-12-14T23:50:16Z,2025-12-14 15:51:15
DraftKings Pick6,player_points,Matas Buzelis,Over,13.5,-137,2025-12-15,2025-12-14T23:50:16Z,2025-12-14 15:51:15
DraftKings Pick6,player_points,Matas Buzelis,Under,13.5,-137,2025-12-15,2025-12-14T23:50:16Z,2025-12-14 15:51:15
DraftKings Pick6,player_points,Saddiq Bey,Over,12.5,-137,2025-12-15,2025-12-14T23:50:16Z,2025-12-14 15:51:15
DraftKings Pick6,player_points,Saddiq Bey,Under,12.5,-137,2025-12-15,2025-12-14T23:50:16Z,2025-12-14 15:51:15
DraftKings Pick6,player_points,Tre Jones,Over,10.5,-137,2025-12-15,2025-12-14T23:50:16Z,2025-12-14 15:51:15
DraftKings Pick6,player_points,Tre Jones,Under,10.5,-137,2025-12-15,2025-12-14T23:50:16Z,2025-12-14 15:51:15
DraftKings Pick6,player_points,Kevin Huerter,Over,9.5,-137,2025-12-15,2025-12-14T23:50:16Z,2025-12-14 15:51:15
DraftKings Pick6,player_points,Kevin Huerter,Under,9.5,-137,2025-12-15,2025-12-14T23:50:16Z,2025-12-14 15:51:15
DraftKings Pick6,player_points,Patrick Williams,Over,7.5,-137,2025-12-15,2025-12-14T23:50:16Z,2025-12-14 15:51:15
DraftKings Pick6,player_points,Patrick Williams,Under,7.5,-137,2025-12-15,2025-12-14T23:50:16Z,2025-12-14 15:51:15
DraftKings Pick6,player_points,Isaac Okoro,Over,6.5,-137,2025-12-15,2025-12-14T23:50:16Z,2025-12-14 15:51:15
DraftKings Pick6,player_points,Isaac Okoro,Under,6.5,-137,2025-12-15,2025-12-14T23:50:16Z,2025-12-14 15:51:15
DraftKings Pick6,player_points,Julius Randle,Over,25.5,-137,2025-12-15,2025-12-14T23:50:32Z,2025-12-14 15:51:15
DraftKings Pick6,player_points,Julius Randle,Under,25.5,-137,2025-12-15,2025-12-14T23:50:32Z,2025-12-14 15:51:15
DraftKings Pick6,player_points,Zach LaVine,Over,19.5,-137,2025-12-15,2025-12-14T23:50:32Z,2025-12-14 15:51:15
DraftKings Pick6,player_points,Zach LaVine,Under,19.5,-137,2025-12-15,2025-12-14T23:50:32Z,2025-12-14 15:51:15
DraftKings Pick6,player_points,Rudy Gobert,Over,13.5,-137,2025-12-15,2025-12-14T23:50:32Z,2025-12-14 15:51:15
DraftKings Pick6,player_points,Rudy Gobert,Under,13.5,-137,2025-12-15,2025-12-14T23:50:32Z,2025-12-14 15:51:15
DraftKings Pick6,player_points,Russell Westbrook,Over,12.5,-137,2025-12-15,2025-12-14T23:50:32Z,2025-12-14 15:51:15
DraftKings Pick6,player_points,Russell Westbrook,Under,12.5,-137,2025-12-15,2025-12-14T23:50:32Z,2025-12-14 15:51:15
DraftKings Pick6,player_points,Malik Monk,Over,11.5,-137,2025-12-15,2025-12-14T23:50:32Z,2025-12-14 15:51:15
DraftKings Pick6,player_points,Malik Monk,Under,11.5,-137,2025-12-15,2025-12-14T23:50:32Z,2025-12-14 15:51:15
DraftKings Pick6,player_points,Maxime Raynaud,Over,11.5,-137,2025-12-15,2025-12-14T23:50:32Z,2025-12-14 15:51:15
DraftKings Pick6,player_points,Maxime Raynaud,Under,11.5,-137,2025-12-15,2025-12-14T23:50:32Z,2025-12-14 15:51:15
DraftKings Pick6,player_points,Dennis Schroder,Over,9.5,-137,2025-12-15,2025-12-14T23:50:32Z,2025-12-14 15:51:15
DraftKings Pick6,player_points,Dennis Schroder,Under,9.5,-137,2025-12-15,2025-12-14T23:50:32Z,2025-12-14 15:51:15
DraftKings Pick6,player_points,Luka Doncic,Over,34.5,-137,2025-12-15,2025-12-14T23:50:32Z,2025-12-14 15:51:15
DraftKings Pick6,player_points,Luka Doncic,Under,34.5,-137,2025-12-15,2025-12-14T23:50:32Z,2025-12-14 15:51:15
DraftKings Pick6,player_points,Grayson Allen,Over,15.5,-137,2025-12-15,2025-12-14T23:50:32Z,2025-12-14 15:51:15
DraftKings Pick6,player_points,Grayson Allen,Under,15.5,-137,2025-12-15,2025-12-14T23:50:32Z,2025-12-14 15:51:15
DraftKings Pick6,player_points,Deandre Ayton,Over,14.5,-137,2025-12-15,2025-12-14T23:50:32Z,2025-12-14 15:51:15
DraftKings Pick6,player_points,Deandre Ayton,Under,14.5,-137,2025-12-15,2025-12-14T23:50:32Z,2025-12-14 15:51:15
DraftKings Pick6,player_points,Collin Gillespie,Over,12.5,-137,2025-12-15,2025-12-14T23:50:32Z,2025-12-14 15:51:15
DraftKings Pick6,player_points,Collin Gillespie,Under,12.5,-137,2025-12-15,2025-12-14T23:50:32Z,2025-12-14 15:51:15
DraftKings Pick6,player_points,Mark Williams,Over,11.5,-137,2025-12-15,2025-12-14T23:50:32Z,2025-12-14 15:51:15
DraftKings Pick6,player_points,Mark Williams,Under,11.5,-137,2025-12-15,2025-12-14T23:50:32Z,2025-12-14 15:51:15
DraftKings Pick6,player_points,Marcus Smart,Over,9.5,-137,2025-12-15,2025-12-14T23:50:32Z,2025-12-14 15:51:15
DraftKings Pick6,player_points,Marcus Smart,Under,9.5,-137,2025-12-15,2025-12-14T23:50:32Z,2025-12-14 15:51:15
DraftKings Pick6,player_points,Jake LaRavia,Over,6.5,-137,2025-12-15,2025-12-14T23:50:32Z,2025-12-14 15:51:15
DraftKings Pick6,player_points,Jake LaRavia,Under,6.5,-137,2025-12-15,2025-12-14T23:50:32Z,2025-12-14 15:51:15
DraftKings Pick6,player_points,Stephen Curry,Over,28.5,-137,2025-12-15,2025-12-14T23:51:21Z,2025-12-14 15:51:15
DraftKings Pick6,player_points,Stephen Curry,Under,28.5,-137,2025-12-15,2025-12-14T23:51:21Z,2025-12-14 15:51:15
DraftKings Pick6,player_points,Deni Avdija,Over,23.5,-137,2025-12-15,2025-12-14T23:51:21Z,2025-12-14 15:51:15
DraftKings Pick6,player_points,Deni Avdija,Under,23.5,-137,2025-12-15,2025-12-14T23:51:21Z,2025-12-14 15:51:15
DraftKings Pick6,player_points,Shaedon Sharpe,Over,22.5,-137,2025-12-15,2025-12-14T23:51:21Z,2025-12-14 15:51:15
DraftKings Pick6,player_points,Shaedon Sharpe,Under,22.5,-137,2025-12-15,2025-12-14T23:51:21Z,2025-12-14 15:51:15
DraftKings Pick6,player_points,Toumani Camara,Over,12.5,-137,2025-12-15,2025-12-14T23:51:21Z,2025-12-14 15:51:15
DraftKings Pick6,player_points,Toumani Camara,Under,12.5,-137,2025-12-15,2025-12-14T23:51:21Z,2025-12-14 15:51:15
DraftKings Pick6,player_points,Buddy Hield,Over,8.5,-137,2025-12-15,2025-12-14T23:51:21Z,2025-12-14 15:51:15
DraftKings Pick6,player_points,Buddy Hield,Under,8.5,-137,2025-12-15,2025-12-14T23:51:21Z,2025-12-14 15:51:15
DraftKings Pick6,player_points,Moses Moody,Over,8.5,-137,2025-12-15,2025-12-14T23:51:21Z,2025-12-14 15:51:15
DraftKings Pick6,player_points,Moses Moody,Under,8.5,-137,2025-12-15,2025-12-14T23:51:21Z,2025-12-14 15:51:15
DraftKings Pick6,player_points,Kris Murray,Over,5.5,-137,2025-12-15,2025-12-14T23:51:21Z,2025-12-14 15:51:15
DraftKings Pick6,player_points,Kris Murray,Under,5.5,-137,2025-12-15,2025-12-14T23:51:21Z,2025-12-14 15:51:15
PrizePicks,player_points,Coby White,Over,23.0,-137,2025-12-15,2025-12-14T23:51:08Z,2025-12-14 15:51:15
PrizePicks,player_points,Coby White,Under,23.0,-137,2025-12-15,2025-12-14T23:51:08Z,2025-12-14 15:51:15
PrizePicks,player_points,Josh Giddey,Over,20.5,-137,2025-12-15,2025-12-14T23:51:08Z,2025-12-14 15:51:15
PrizePicks,player_points,Josh Giddey,Under,20.5,-137,2025-12-15,2025-12-14T23:51:08Z,2025-12-14 15:51:15
PrizePicks,player_points,Trey Murphy III,Over,19.5,-137,2025-12-15,2025-12-14T23:51:08Z,2025-12-14 15:51:15
PrizePicks,player_points,Trey Murphy III,Under,19.5,-137,2025-12-15,2025-12-14T23:51:08Z,2025-12-14 15:51:15
PrizePicks,player_points,Zion Williamson,Over,17.5,-137,2025-12-15,2025-12-14T23:51:08Z,2025-12-14 15:51:15
PrizePicks,player_points,Zion Williamson,Under,17.5,-137,2025-12-15,2025-12-14T23:51:08Z,2025-12-14 15:51:15
PrizePicks,player_points,Jordan Poole,Over,16.0,-137,2025-12-15,2025-12-14T23:51:08Z,2025-12-14 15:51:15
PrizePicks,player_points,Jordan Poole,Under,16.0,-137,2025-12-15,2025-12-14T23:51:08Z,2025-12-14 15:51:15
PrizePicks,player_points,Nikola Vucevic,Over,15.5,-137,2025-12-15,2025-12-14T23:51:08Z,2025-12-14 15:51:15
PrizePicks,player_points,Nikola Vucevic,Under,15.5,-137,2025-12-15,2025-12-14T23:51:08Z,2025-12-14 15:51:15
PrizePicks,player_points,Derik Queen,Over,14.5,-137,2025-12-15,2025-12-14T23:51:08Z,2025-12-14 15:51:15
PrizePicks,player_points,Derik Queen,Under,14.5,-137,2025-12-15,2025-12-14T23:51:08Z,2025-12-14 15:51:15
PrizePicks,player_points,Jeremiah Fears,Over,13.5,-137,2025-12-15,2025-12-14T23:51:08Z,2025-12-14 15:51:15
PrizePicks,player_points,Jeremiah Fears,Under,13.5,-137,2025-12-15,2025-12-14T23:51:08Z,2025-12-14 15:51:15
PrizePicks,player_points,Matas Buzelis,Over,13.0,-137,2025-12-15,2025-12-14T23:51:08Z,2025-12-14 15:51:15
PrizePicks,player_points,Matas Buzelis,Under,13.0,-137,2025-12-15,2025-12-14T23:51:08Z,2025-12-14 15:51:15
PrizePicks,player_points,Saddiq Bey,Over,12.5,-137,2025-12-15,2025-12-14T23:51:08Z,2025-12-14 15:51:15
PrizePicks,player_points,Saddiq Bey,Under,12.5,-137,2025-12-15,2025-12-14T23:51:08Z,2025-12-14 15:51:15
PrizePicks,player_points,Tre Jones,Over,11.0,-137,2025-12-15,2025-12-14T23:51:08Z,2025-12-14 15:51:15
PrizePicks,player_points,Tre Jones,Under,11.0,-137,2025-12-15,2025-12-14T23:51:08Z,2025-12-14 15:51:15
PrizePicks,player_points,Kevin Huerter,Over,9.5,-137,2025-12-15,2025-12-14T23:51:08Z,2025-12-14 15:51:15
PrizePicks,player_points,Kevin Huerter,Under,9.5,-137,2025-12-15,2025-12-14T23:51:08Z,2025-12-14 15:51:15
PrizePicks,player_points,Jalen Smith,Over,8.5,-137,2025-12-15,2025-12-14T23:51:08Z,2025-12-14 15:51:15
PrizePicks,player_points,Jalen Smith,Under,8.5,-137,2025-12-15,2025-12-14T23:51:08Z,2025-12-14 15:51:15
PrizePicks,player_points,Herb Jones,Over,8.5,-137,2025-12-15,2025-12-14T23:51:08Z,2025-12-14 15:51:15
PrizePicks,player_points,Herb Jones,Under,8.5,-137,2025-12-15,2025-12-14T23:51:08Z,2025-12-14 15:51:15
PrizePicks,player_points,Jose Alvarado,Over,7.5,-137,2025-12-15,2025-12-14T23:51:08Z,2025-12-14 15:51:15
PrizePicks,player_points,Jose Alvarado,Under,7.5,-137,2025-12-15,2025-12-14T23:51:08Z,2025-12-14 15:51:15
PrizePicks,player_points,Patrick Williams,Over,7.5,-137,2025-12-15,2025-12-14T23:51:08Z,2025-12-14 15:51:15
PrizePicks,player_points,Patrick Williams,Under,7.5,-137,2025-12-15,2025-12-14T23:51:08Z,2025-12-14 15:51:15
PrizePicks,player_points,Zach Collins,Over,7.5,-137,2025-12-15,2025-12-14T23:51:08Z,2025-12-14 15:51:15
PrizePicks,player_points,Zach Collins,Under,7.5,-137,2025-12-15,2025-12-14T23:51:08Z,2025-12-14 15:51:15
PrizePicks,player_points,Isaac Okoro,Over,7.0,-137,2025-12-15,2025-12-14T23:51:08Z,2025-12-14 15:51:15
PrizePicks,player_points,Isaac Okoro,Under,7.0,-137,2025-12-15,2025-12-14T23:51:08Z,2025-12-14 15:51:15
PrizePicks,player_points,Julius Randle,Over,25.5,-137,2025-12-15,2025-12-14T23:51:12Z,2025-12-14 15:51:15
PrizePicks,player_points,Julius Randle,Under,25.5,-137,2025-12-15,2025-12-14T23:51:12Z,2025-12-14 15:51:15
PrizePicks,player_points,Zach LaVine,Over,19.5,-137,2025-12-15,2025-12-14T23:51:12Z,2025-12-14 15:51:15
PrizePicks,player_points,Zach LaVine,Under,19.5,-137,2025-12-15,2025-12-14T23:51:12Z,2025-12-14 15:51:15
PrizePicks,player_points,DeMar DeRozan,Over,17.5,-137,2025-12-15,2025-12-14T23:51:12Z,2025-12-14 15:51:15
PrizePicks,player_points,DeMar DeRozan,Under,17.5,-137,2025-12-15,2025-12-14T23:51:12Z,2025-12-14 15:51:15
PrizePicks,player_points,Jaden McDaniels,Over,17.5,-137,2025-12-15,2025-12-14T23:51:12Z,2025-12-14 15:51:15
PrizePicks,player_points,Jaden McDaniels,Under,17.5,-137,2025-12-15,2025-12-14T23:51:12Z,2025-12-14 15:51:15
PrizePicks,player_points,Naz Reid,Over,17.0,-137,2025-12-15,2025-12-14T23:51:12Z,2025-12-14 15:51:15
PrizePicks,player_points,Naz Reid,Under,17.0,-137,2025-12-15,2025-12-14T23:51:12Z,2025-12-14 15:51:15
PrizePicks,player_points,Donte DiVincenzo,Over,15.0,-137,2025-12-15,2025-12-14T23:51:12Z,2025-12-14 15:51:15
PrizePicks,player_points,Donte DiVincenzo,Under,15.0,-137,2025-12-15,2025-12-14T23:51:12Z,2025-12-14 15:51:15
PrizePicks,player_points,Keegan Murray,Over,14.0,-137,2025-12-15,2025-12-14T23:51:12Z,2025-12-14 15:51:15
PrizePicks,player_points,Keegan Murray,Under,14.0,-137,2025-12-15,2025-12-14T23:51:12Z,2025-12-14 15:51:15
PrizePicks,player_points,Rudy Gobert,Over,12.5,-137,2025-12-15,2025-12-14T23:51:12Z,2025-12-14 15:51:15
PrizePicks,player_points,Rudy Gobert,Under,12.5,-137,2025-12-15,2025-12-14T23:51:12Z,2025-12-14 15:51:15
PrizePicks,player_points,Russell Westbrook,Over,12.5,-137,2025-12-15,2025-12-14T23:51:12Z,2025-12-14 15:51:15
PrizePicks,player_points,Russell Westbrook,Under,12.5,-137,2025-12-15,2025-12-14T23:51:12Z,2025-12-14 15:51:15
PrizePicks,player_points,Maxime Raynaud,Over,11.5,-137,2025-12-15,2025-12-14T23:51:12Z,2025-12-14 15:51:15
PrizePicks,player_points,Maxime Raynaud,Under,11.5,-137,2025-12-15,2025-12-14T23:51:12Z,2025-12-14 15:51:15
PrizePicks,player_points,Malik Monk,Over,11.5,-137,2025-12-15,2025-12-14T23:51:12Z,2025-12-14 15:51:15
PrizePicks,player_points,Malik Monk,Under,11.5,-137,2025-12-15,2025-12-14T23:51:12Z,2025-12-14 15:51:15
PrizePicks,player_points,Bones Hyland,Over,10.5,-137,2025-12-15,2025-12-14T23:51:12Z,2025-12-14 15:51:15
PrizePicks,player_points,Bones Hyland,Under,10.5,-137,2025-12-15,2025-12-14T23:51:12Z,2025-12-14 15:51:15
PrizePicks,player_points,Terrence Shannon Jr.,Over,8.5,-137,2025-12-15,2025-12-14T23:51:12Z,2025-12-14 15:51:15
PrizePicks,player_points,Terrence Shannon Jr.,Under,8.5,-137,2025-12-15,2025-12-14T23:51:12Z,2025-12-14 15:51:15
PrizePicks,player_points,Luka Doncic,Over,35.5,-137,2025-12-15,2025-12-14T23:51:09Z,2025-12-14 15:51:15
PrizePicks,player_points,Luka Doncic,Under,35.5,-137,2025-12-15,2025-12-14T23:51:09Z,2025-12-14 15:51:15
PrizePicks,player_points,Devin Booker,Over,21.5,-137,2025-12-15,2025-12-14T23:51:09Z,2025-12-14 15:51:15
PrizePicks,player_points,Devin Booker,Under,21.5,-137,2025-12-15,2025-12-14T23:51:09Z,2025-12-14 15:51:15
PrizePicks,player_points,LeBron James,Over,20.0,-137,2025-12-15,2025-12-14T23:51:09Z,2025-12-14 15:51:15
PrizePicks,player_points,LeBron James,Under,20.0,-137,2025-12-15,2025-12-14T23:51:09Z,2025-12-14 15:51:15
PrizePicks,player_points,Dillon Brooks,Over,18.5,-137,2025-12-15,2025-12-14T23:51:09Z,2025-12-14 15:51:15
PrizePicks,player_points,Dillon Brooks,Under,18.5,-137,2025-12-15,2025-12-14T23:51:09Z,2025-12-14 15:51:15
PrizePicks,player_points,Grayson Allen,Over,15.5,-137,2025-12-15,2025-12-14T23:51:09Z,2025-12-14 15:51:15
PrizePicks,player_points,Grayson Allen,Under,15.5,-137,2025-12-15,2025-12-14T23:51:09Z,2025-12-14 15:51:15
PrizePicks,player_points,Deandre Ayton,Over,14.5,-137,2025-12-15,2025-12-14T23:51:09Z,2025-12-14 15:51:15
PrizePicks,player_points,Deandre Ayton,Under,14.5,-137,2025-12-15,2025-12-14T23:51:09Z,2025-12-14 15:51:15
PrizePicks,player_points,Rui Hachimura,Over,12.5,-137,2025-12-15,2025-12-14T23:51:09Z,2025-12-14 15:51:15
PrizePicks,player_points,Rui Hachimura,Under,12.5,-137,2025-12-15,2025-12-14T23:51:09Z,2025-12-14 15:51:15
PrizePicks,player_points,Collin Gillespie,Over,12.5,-137,2025-12-15,2025-12-14T23:51:09Z,2025-12-14 15:51:15
PrizePicks,player_points,Collin Gillespie,Under,12.5,-137,2025-12-15,2025-12-14T23:51:09Z,2025-12-14 15:51:15
PrizePicks,player_points,Mark Williams,Over,12.0,-137,2025-12-15,2025-12-14T23:51:09Z,2025-12-14 15:51:15
PrizePicks,player_points,Mark Williams,Under,12.0,-137,2025-12-15,2025-12-14T23:51:09Z,2025-12-14 15:51:15
PrizePicks,player_points,Marcus Smart,Over,10.0,-137,2025-12-15,2025-12-14T23:51:09Z,2025-12-14 15:51:15
PrizePicks,player_points,Marcus Smart,Under,10.0,-137,2025-12-15,2025-12-14T23:51:09Z,2025-12-14 15:51:15
PrizePicks,player_points,Royce O'Neale,Over,9.5,-137,2025-12-15,2025-12-14T23:51:09Z,2025-12-14 15:51:15
PrizePicks,player_points,Royce O'Neale,Under,9.5,-137,2025-12-15,2025-12-14T23:51:09Z,2025-12-14 15:51:15
PrizePicks,player_points,Jake LaRavia,Over,6.5,-137,2025-12-15,2025-12-14T23:51:09Z,2025-12-14 15:51:15
PrizePicks,player_points,Jake LaRavia,Under,6.5,-137,2025-12-15,2025-12-14T23:51:09Z,2025-12-14 15:51:15
PrizePicks,player_points,Stephen Curry,Over,28.0,-137,2025-12-15,2025-12-14T23:51:11Z,2025-12-14 15:51:15
PrizePicks,player_points,Stephen Curry,Under,28.0,-137,2025-12-15,2025-12-14T23:51:11Z,2025-12-14 15:51:15
PrizePicks,player_points,Deni Avdija,Over,23.5,-137,2025-12-15,2025-12-14T23:51:11Z,2025-12-14 15:51:15
PrizePicks,player_points,Deni Avdija,Under,23.5,-137,2025-12-15,2025-12-14T23:51:11Z,2025-12-14 15:51:15
PrizePicks,player_points,Shaedon Sharpe,Over,22.0,-137,2025-12-15,2025-12-14T23:51:11Z,2025-12-14 15:51:15
PrizePicks,player_points,Shaedon Sharpe,Under,22.0,-137,2025-12-15,2025-12-14T23:51:11Z,2025-12-14 15:51:15
PrizePicks,player_points,Jerami Grant,Over,19.5,-137,2025-12-15,2025-12-14T23:51:11Z,2025-12-14 15:51:15
PrizePicks,player_points,Jerami Grant,Under,19.5,-137,2025-12-15,2025-12-14T23:51:11Z,2025-12-14 15:51:15
PrizePicks,player_points,Jimmy Butler,Over,19.5,-137,2025-12-15,2025-12-14T23:51:11Z,2025-12-14 15:51:15
PrizePicks,player_points,Jimmy Butler,Under,19.5,-137,2025-12-15,2025-12-14T23:51:11Z,2025-12-14 15:51:15
PrizePicks,player_points,Toumani Camara,Over,12.5,-137,2025-12-15,2025-12-14T23:51:11Z,2025-12-14 15:51:15
PrizePicks,player_points,Toumani Camara,Under,12.5,-137,2025-12-15,2025-12-14T23:51:11Z,2025-12-14 15:51:15
PrizePicks,player_points,Draymond Green,Over,9.5,-137,2025-12-15,2025-12-14T23:51:11Z,2025-12-14 15:51:15
PrizePicks,player_points,Draymond Green,Under,9.5,-137,2025-12-15,2025-12-14T23:51:11Z,2025-12-14 15:51:15
PrizePicks,player_points,Donovan Clingan,Over,9.5,-137,2025-12-15,2025-12-14T23:51:11Z,2025-12-14 15:51:15
PrizePicks,player_points,Donovan Clingan,Under,9.5,-137,2025-12-15,2025-12-14T23:51:11Z,2025-12-14 15:51:15
PrizePicks,player_points,Quinten Post,Over,9.0,-137,2025-12-15,2025-12-14T23:51:11Z,2025-12-14 15:51:15
PrizePicks,player_points,Quinten Post,Under,9.0,-137,2025-12-15,2025-12-14T23:51:11Z,2025-12-14 15:51:15
PrizePicks,player_points,Buddy Hield,Over,8.5,-137,2025-12-15,2025-12-14T23:51:11Z,2025-12-14 15:51:15
PrizePicks,player_points,Buddy Hield,Under,8.5,-137,2025-12-15,2025-12-14T23:51:11Z,2025-12-14 15:51:15
PrizePicks,player_points,Moses Moody,Over,8.0,-137,2025-12-15,2025-12-14T23:51:11Z,2025-12-14 15:51:15
PrizePicks,player_points,Moses Moody,Under,8.0,-137,2025-12-15,2025-12-14T23:51:11Z,2025-12-14 15:51:15
PrizePicks,player_points,Kris Murray,Over,5.5,-137,2025-12-15,2025-12-14T23:51:11Z,2025-12-14 15:51:15
PrizePicks,player_points,Kris Murray,Under,5.5,-137,2025-12-15,2025-12-14T23:51:11Z,2025-12-14 15:51:15
PrizePicks,player_points,Brandon Ingram,Over,23.5,-137,2025-12-16,2025-12-14T23:51:07Z,2025-12-14 15:51:15
PrizePicks,player_points,Brandon Ingram,Under,23.5,-137,2025-12-16,2025-12-14T23:51:07Z,2025-12-14 15:51:15
PrizePicks,player_points,Tyler Herro,Over,22.5,-137,2025-12-16,2025-12-14T23:51:07Z,2025-12-14 15:51:15
PrizePicks,player_points,Tyler Herro,Under,22.5,-137,2025-12-16,2025-12-14T23:51:07Z,2025-12-14 15:51:15
PrizePicks,player_points,Norman Powell,Over,21.5,-137,2025-12-16,2025-12-14T23:51:07Z,2025-12-14 15:51:15
PrizePicks,player_points,Norman Powell,Under,21.5,-137,2025-12-16,2025-12-14T23:51:07Z,2025-12-14 15:51:15
PrizePicks,player_points,Scottie Barnes,Over,20.5,-137,2025-12-16,2025-12-14T23:51:07Z,2025-12-14 15:51:15
PrizePicks,player_points,Scottie Barnes,Under,20.5,-137,2025-12-16,2025-12-14T23:51:07Z,2025-12-14 15:51:15
PrizePicks,player_points,Bam Adebayo,Over,18.5,-137,2025-12-16,2025-12-14T23:51:07Z,2025-12-14 15:51:15
PrizePicks,player_points,Bam Adebayo,Under,18.5,-137,2025-12-16,2025-12-14T23:51:07Z,2025-12-14 15:51:15
PrizePicks,player_points,Immanuel Quickley,Over,17.5,-137,2025-12-16,2025-12-14T23:51:07Z,2025-12-14 15:51:15
PrizePicks,player_points,Immanuel Quickley,Under,17.5,-137,2025-12-16,2025-12-14T23:51:07Z,2025-12-14 15:51:15
PrizePicks,player_points,Andrew Wiggins,Over,14.5,-137,2025-12-16,2025-12-14T23:51:07Z,2025-12-14 15:51:15
PrizePicks,player_points,Andrew Wiggins,Under,14.5,-137,2025-12-16,2025-12-14T23:51:07Z,2025-12-14 15:51:15
PrizePicks,player_points,Davion Mitchell,Over,8.5,-137,2025-12-16,2025-12-14T23:51:07Z,2025-12-14 15:51:15
PrizePicks,player_points,Davion Mitchell,Under,8.5,-137,2025-12-16,2025-12-14T23:51:07Z,2025-12-14 15:51:15
PrizePicks,player_points,Sandro Mamukelashvili,Over,8.5,-137,2025-12-16,2025-12-14T23:51:07Z,2025-12-14 15:51:15
PrizePicks,player_points,Sandro Mamukelashvili,Under,8.5,-137,2025-12-16,2025-12-14T23:51:07Z,2025-12-14 15:51:15
PrizePicks,player_points,Jalen Brunson,Over,30.5,-137,2025-12-17,2025-12-14T23:51:06Z,2025-12-14 15:51:15
PrizePicks,player_points,Jalen Brunson,Under,30.5,-137,2025-12-17,2025-12-14T23:51:06Z,2025-12-14 15:51:15
PrizePicks,player_points,Victor Wembanyama,Over,22.5,-137,2025-12-17,2025-12-14T23:51:06Z,2025-12-14 15:51:15
PrizePicks,player_points,Victor Wembanyama,Under,22.5,-137,2025-12-17,2025-12-14T23:51:06Z,2025-12-14 15:51:15
PrizePicks,player_points,De'Aaron Fox,Over,20.5,-137,2025-12-17,2025-12-14T23:51:06Z,2025-12-14 15:51:15
PrizePicks,player_points,De'Aaron Fox,Under,20.5,-137,2025-12-17,2025-12-14T23:51:06Z,2025-12-14 15:51:15
PrizePicks,player_points,Karl-Anthony Towns,Over,20.5,-137,2025-12-17,2025-12-14T23:51:06Z,2025-12-14 15:51:15
PrizePicks,player_points,Karl-Anthony Towns,Under,20.5,-137,2025-12-17,2025-12-14T23:51:06Z,2025-12-14 15:51:15
PrizePicks,player_points,Stephon Castle,Over,17.5,-137,2025-12-17,2025-12-14T23:51:06Z,2025-12-14 15:51:15
PrizePicks,player_points,Stephon Castle,Under,17.5,-137,2025-12-17,2025-12-14T23:51:06Z,2025-12-14 15:51:15
PrizePicks,player_points,OG Anunoby,Over,15.5,-137,2025-12-17,2025-12-14T23:51:06Z,2025-12-14 15:51:15
PrizePicks,player_points,OG Anunoby,Under,15.5,-137,2025-12-17,2025-12-14T23:51:06Z,2025-12-14 15:51:15
PrizePicks,player_points,Devin Vassell,Over,13.5,-137,2025-12-17,2025-12-14T23:51:06Z,2025-12-14 15:51:15
PrizePicks,player_points,Devin Vassell,Under,13.5,-137,2025-12-17,2025-12-14T23:51:06Z,2025-12-14 15:51:15
PrizePicks,player_points,Josh Hart,Over,13.5,-137,2025-12-17,2025-12-14T23:51:06Z,2025-12-14 15:51:15
PrizePicks,player_points,Josh Hart,Under,13.5,-137,2025-12-17,2025-12-14T23:51:06Z,2025-12-14 15:51:15
PrizePicks,player_points,Dylan Harper,Over,10.5,-137,2025-12-17,2025-12-14T23:51:06Z,2025-12-14 15:51:15
PrizePicks,player_points,Dylan Harper,Under,10.5,-137,2025-12-17,2025-12-14T23:51:06Z,2025-12-14 15:51:15
PrizePicks,player_points,Jordan Clarkson,Over,7.5,-137,2025-12-17,2025-12-14T23:51:06Z,2025-12-14 15:51:15
PrizePicks,player_points,Jordan Clarkson,Under,7.5,-137,2025-12-17,2025-12-14T23:51:06Z,2025-12-14 15:51:15
PrizePicks,player_points,Julian Champagnie,Over,7.5,-137,2025-12-17,2025-12-14T23:51:06Z,2025-12-14 15:51:15
PrizePicks,player_points,Julian Champagnie,Under,7.5,-137,2025-12-17,2025-12-14T23:51:06Z,2025-12-14 15:51:15
PrizePicks,player_points,Mitchell Robinson,Over,3.5,-137,2025-12-17,2025-12-14T23:51:06Z,2025-12-14 15:51:15
PrizePicks,player_points,Mitchell Robinson,Under,3.5,-137,2025-12-17,2025-12-14T23:51:06Z,2025-12-14 15:51:15
Underdog,player_points,Zion Williamson,Over,17.5,-137,2025-12-15,2025-12-14T23:50:42Z,2025-12-14 15:51:15
Underdog,player_points,Zion Williamson,Under,17.5,-137,2025-12-15,2025-12-14T23:50:42Z,2025-12-14 15:51:15
Underdog,player_points,Nikola Vucevic,Over,15.5,-137,2025-12-15,2025-12-14T23:50:42Z,2025-12-14 15:51:15
Underdog,player_points,Nikola Vucevic,Under,15.5,-137,2025-12-15,2025-12-14T23:50:42Z,2025-12-14 15:51:15
Underdog,player_points,Josh Giddey,Over,20.5,-137,2025-12-15,2025-12-14T23:50:42Z,2025-12-14 15:51:15
Underdog,player_points,Josh Giddey,Under,20.5,-137,2025-12-15,2025-12-14T23:50:42Z,2025-12-14 15:51:15
Underdog,player_points,Jordan Poole,Over,16.5,-137,2025-12-15,2025-12-14T23:50:42Z,2025-12-14 15:51:15
Underdog,player_points,Jordan Poole,Under,16.5,-137,2025-12-15,2025-12-14T23:50:42Z,2025-12-14 15:51:15
Underdog,player_points,Jose Alvarado,Over,7.5,-137,2025-12-15,2025-12-14T23:50:42Z,2025-12-14 15:51:15
Underdog,player_points,Jose Alvarado,Under,7.5,-137,2025-12-15,2025-12-14T23:50:42Z,2025-12-14 15:51:15
Underdog,player_points,Saddiq Bey,Over,11.5,-137,2025-12-15,2025-12-14T23:50:42Z,2025-12-14 15:51:15
Underdog,player_points,Saddiq Bey,Under,11.5,-137,2025-12-15,2025-12-14T23:50:42Z,2025-12-14 15:51:15
Underdog,player_points,Zach Collins,Over,7.5,-137,2025-12-15,2025-12-14T23:50:42Z,2025-12-14 15:51:15
Underdog,player_points,Zach Collins,Under,7.5,-137,2025-12-15,2025-12-14T23:50:42Z,2025-12-14 15:51:15
Underdog,player_points,Kevin Huerter,Over,9.5,-137,2025-12-15,2025-12-14T23:50:42Z,2025-12-14 15:51:15
Underdog,player_points,Kevin Huerter,Under,9.5,-137,2025-12-15,2025-12-14T23:50:42Z,2025-12-14 15:51:15
Underdog,player_points,Jalen Smith,Over,7.5,-137,2025-12-15,2025-12-14T23:50:42Z,2025-12-14 15:51:15
Underdog,player_points,Jalen Smith,Under,7.5,-137,2025-12-15,2025-12-14T23:50:42Z,2025-12-14 15:51:15
Underdog,player_points,Jeremiah Fears,Over,13.5,-137,2025-12-15,2025-12-14T23:50:42Z,2025-12-14 15:51:15
Underdog,player_points,Jeremiah Fears,Under,13.5,-137,2025-12-15,2025-12-14T23:50:42Z,2025-12-14 15:51:15
Underdog,player_points,Julius Randle,Over,25.5,-137,2025-12-15,2025-12-14T23:50:28Z,2025-12-14 15:51:15
Underdog,player_points,Julius Randle,Under,25.5,-137,2025-12-15,2025-12-14T23:50:28Z,2025-12-14 15:51:15
Underdog,player_points,Zach LaVine,Over,20.5,-137,2025-12-15,2025-12-14T23:50:28Z,2025-12-14 15:51:15
Underdog,player_points,Zach LaVine,Under,20.5,-137,2025-12-15,2025-12-14T23:50:28Z,2025-12-14 15:51:15
Underdog,player_points,DeMar DeRozan,Over,18.5,-137,2025-12-15,2025-12-14T23:50:28Z,2025-12-14 15:51:15
Underdog,player_points,DeMar DeRozan,Under,18.5,-137,2025-12-15,2025-12-14T23:50:28Z,2025-12-14 15:51:15
Underdog,player_points,Rudy Gobert,Over,12.5,-137,2025-12-15,2025-12-14T23:50:28Z,2025-12-14 15:51:15
Underdog,player_points,Rudy Gobert,Under,12.5,-137,2025-12-15,2025-12-14T23:50:28Z,2025-12-14 15:51:15
Underdog,player_points,Donte DiVincenzo,Over,14.5,-137,2025-12-15,2025-12-14T23:50:28Z,2025-12-14 15:51:15
Underdog,player_points,Donte DiVincenzo,Under,14.5,-137,2025-12-15,2025-12-14T23:50:28Z,2025-12-14 15:51:15
Underdog,player_points,Jaden McDaniels,Over,17.5,-137,2025-12-15,2025-12-14T23:50:28Z,2025-12-14 15:51:15
Underdog,player_points,Jaden McDaniels,Under,17.5,-137,2025-12-15,2025-12-14T23:50:28Z,2025-12-14 15:51:15
Underdog,player_points,Russell Westbrook,Over,11.5,-137,2025-12-15,2025-12-14T23:50:28Z,2025-12-14 15:51:15
Underdog,player_points,Russell Westbrook,Under,11.5,-137,2025-12-15,2025-12-14T23:50:28Z,2025-12-14 15:51:15
Underdog,player_points,Dennis Schroder,Over,9.5,-137,2025-12-15,2025-12-14T23:50:28Z,2025-12-14 15:51:15
Underdog,player_points,Dennis Schroder,Under,9.5,-137,2025-12-15,2025-12-14T23:50:28Z,2025-12-14 15:51:15
Underdog,player_points,Malik Monk,Over,11.5,-137,2025-12-15,2025-12-14T23:50:28Z,2025-12-14 15:51:15
Underdog,player_points,Malik Monk,Under,11.5,-137,2025-12-15,2025-12-14T23:50:28Z,2025-12-14 15:51:15
Underdog,player_points,Naz Reid,Over,16.5,-137,2025-12-15,2025-12-14T23:50:28Z,2025-12-14 15:51:15
Underdog,player_points,Naz Reid,Under,16.5,-137,2025-12-15,2025-12-14T23:50:28Z,2025-12-14 15:51:15
Underdog,player_points,Terrence Shannon Jr.,Over,8.5,-137,2025-12-15,2025-12-14T23:50:28Z,2025-12-14 15:51:15
Underdog,player_points,Terrence Shannon Jr.,Under,8.5,-137,2025-12-15,2025-12-14T23:50:28Z,2025-12-14 15:51:15
Underdog,player_points,Maxime Raynaud,Over,12.5,-137,2025-12-15,2025-12-14T23:50:28Z,2025-12-14 15:51:15
Underdog,player_points,Maxime Raynaud,Under,12.5,-137,2025-12-15,2025-12-14T23:50:28Z,2025-12-14 15:51:15
Underdog,player_points,Bones Hyland,Over,10.5,-137,2025-12-15,2025-12-14T23:50:28Z,2025-12-14 15:51:15
Underdog,player_points,Bones Hyland,Under,10.5,-137,2025-12-15,2025-12-14T23:50:28Z,2025-12-14 15:51:15
Underdog,player_points,Luka Doncic,Over,34.5,-137,2025-12-15,2025-12-14T23:51:07Z,2025-12-14 15:51:15
Underdog,player_points,Luka Doncic,Under,34.5,-137,2025-12-15,2025-12-14T23:51:07Z,2025-12-14 15:51:15
Underdog,player_points,Devin Booker,Over,21.5,-137,2025-12-15,2025-12-14T23:51:07Z,2025-12-14 15:51:15
Underdog,player_points,Devin Booker,Under,21.5,-137,2025-12-15,2025-12-14T23:51:07Z,2025-12-14 15:51:15
Underdog,player_points,Rui Hachimura,Over,12.5,-137,2025-12-15,2025-12-14T23:51:07Z,2025-12-14 15:51:15
Underdog,player_points,Rui Hachimura,Under,12.5,-137,2025-12-15,2025-12-14T23:51:07Z,2025-12-14 15:51:15
Underdog,player_points,Deandre Ayton,Over,14.5,-137,2025-12-15,2025-12-14T23:51:07Z,2025-12-14 15:51:15
Underdog,player_points,Deandre Ayton,Under,14.5,-137,2025-12-15,2025-12-14T23:51:07Z,2025-12-14 15:51:15
Underdog,player_points,Collin Gillespie,Over,13.5,-137,2025-12-15,2025-12-14T23:51:07Z,2025-12-14 15:51:15
Underdog,player_points,Collin Gillespie,Under,13.5,-137,2025-12-15,2025-12-14T23:51:07Z,2025-12-14 15:51:15
Underdog,player_points,Stephen Curry,Over,28.5,-137,2025-12-15,2025-12-14T23:51:12Z,2025-12-14 15:51:15
Underdog,player_points,Stephen Curry,Under,28.5,-137,2025-12-15,2025-12-14T23:51:12Z,2025-12-14 15:51:15
Underdog,player_points,Jimmy Butler,Over,19.5,-137,2025-12-15,2025-12-14T23:51:12Z,2025-12-14 15:51:15
Underdog,player_points,Jimmy Butler,Under,19.5,-137,2025-12-15,2025-12-14T23:51:12Z,2025-12-14 15:51:15
Underdog,player_points,Draymond Green,Over,9.5,-137,2025-12-15,2025-12-14T23:51:12Z,2025-12-14 15:51:15
Underdog,player_points,Draymond Green,Under,9.5,-137,2025-12-15,2025-12-14T23:51:12Z,2025-12-14 15:51:15
Underdog,player_points,Deni Avdija,Over,23.5,-137,2025-12-15,2025-12-14T23:51:12Z,2025-12-14 15:51:15
Underdog,player_points,Deni Avdija,Under,23.5,-137,2025-12-15,2025-12-14T23:51:12Z,2025-12-14 15:51:15
Underdog,player_points,Shaedon Sharpe,Over,22.5,-137,2025-12-15,2025-12-14T23:51:12Z,2025-12-14 15:51:15
Underdog,player_points,Shaedon Sharpe,Under,22.5,-137,2025-12-15,2025-12-14T23:51:12Z,2025-12-14 15:51:15
Underdog,player_points,Donovan Clingan,Over,9.5,-137,2025-12-15,2025-12-14T23:51:12Z,2025-12-14 15:51:15
Underdog,player_points,Donovan Clingan,Under,9.5,-137,2025-12-15,2025-12-14T23:51:12Z,2025-12-14 15:51:15
Underdog,player_points,Toumani Camara,Over,12.5,-137,2025-12-15,2025-12-14T23:51:12Z,2025-12-14 15:51:15
Underdog,player_points,Toumani Camara,Under,12.5,-137,2025-12-15,2025-12-14T23:51:12Z,2025-12-14 15:51:15
Underdog,player_points,Scottie Barnes,Over,20.5,-137,2025-12-16,2025-12-14T23:51:26Z,2025-12-14 15:51:15
Underdog,player_points,Scottie Barnes,Under,20.5,-137,2025-12-16,2025-12-14T23:51:26Z,2025-12-14 15:51:15
Underdog,player_points,Bam Adebayo,Over,18.5,-137,2025-12-16,2025-12-14T23:51:26Z,2025-12-14 15:51:15
Underdog,player_points,Bam Adebayo,Under,18.5,-137,2025-12-16,2025-12-14T23:51:26Z,2025-12-14 15:51:15
Underdog,player_points,Brandon Ingram,Over,23.5,-137,2025-12-16,2025-12-14T23:51:26Z,2025-12-14 15:51:15
Underdog,player_points,Brandon Ingram,Under,23.5,-137,2025-12-16,2025-12-14T23:51:26Z,2025-12-14 15:51:15
Underdog,player_points,Tyler Herro,Over,22.5,-137,2025-12-16,2025-12-14T23:51:26Z,2025-12-14 15:51:15
Underdog,player_points,Tyler Herro,Under,22.5,-137,2025-12-16,2025-12-14T23:51:26Z,2025-12-14 15:51:15
Underdog,player_points,Andrew Wiggins,Over,14.5,-137,2025-12-16,2025-12-14T23:51:26Z,2025-12-14 15:51:15
Underdog,player_points,Andrew Wiggins,Under,14.5,-137,2025-12-16,2025-12-14T23:51:26Z,2025-12-14 15:51:15
Underdog,player_points,Immanuel Quickley,Over,17.5,-137,2025-12-16,2025-12-14T23:51:26Z,2025-12-14 15:51:15
Underdog,player_points,Immanuel Quickley,Under,17.5,-137,2025-12-16,2025-12-14T23:51:26Z,2025-12-14 15:51:15
Underdog,player_points,Norman Powell,Over,21.5,-137,2025-12-16,2025-12-14T23:51:26Z,2025-12-14 15:51:15
Underdog,player_points,Norman Powell,Under,21.5,-137,2025-12-16,2025-12-14T23:51:26Z,2025-12-14 15:51:15
Underdog,player_points,Davion Mitchell,Over,8.5,-137,2025-12-16,2025-12-14T23:51:26Z,2025-12-14 15:51:15
Underdog,player_points,Davion Mitchell,Under,8.5,-137,2025-12-16,2025-12-14T23:51:26Z,2025-12-14 15:51:15
Underdog,player_points,Sandro Mamukelashvili,Over,8.5,-137,2025-12-16,2025-12-14T23:51:26Z,2025-12-14 15:51:15
Underdog,player_points,Sandro Mamukelashvili,Under,8.5,-137,2025-12-16,2025-12-14T23:51:26Z,2025-12-14 15:51:15
Underdog,player_points,Victor Wembanyama,Over,22.5,-137,2025-12-17,2025-12-14T23:51:33Z,2025-12-14 15:51:15
Underdog,player_points,Victor Wembanyama,Under,22.5,-137,2025-12-17,2025-12-14T23:51:33Z,2025-12-14 15:51:15
Underdog,player_points,Karl-Anthony Towns,Over,21.5,-137,2025-12-17,2025-12-14T23:51:33Z,2025-12-14 15:51:15
Underdog,player_points,Karl-Anthony Towns,Under,21.5,-137,2025-12-17,2025-12-14T23:51:33Z,2025-12-14 15:51:15
Underdog,player_points,Jalen Brunson,Over,30.5,-137,2025-12-17,2025-12-14T23:51:33Z,2025-12-14 15:51:15
Underdog,player_points,Jalen Brunson,Under,30.5,-137,2025-12-17,2025-12-14T23:51:33Z,2025-12-14 15:51:15
Underdog,player_points,De'Aaron Fox,Over,20.5,-137,2025-12-17,2025-12-14T23:51:33Z,2025-12-14 15:51:15
Underdog,player_points,De'Aaron Fox,Under,20.5,-137,2025-12-17,2025-12-14T23:51:33Z,2025-12-14 15:51:15
Underdog,player_points,OG Anunoby,Over,15.5,-137,2025-12-17,2025-12-14T23:51:33Z,2025-12-14 15:51:15
Underdog,player_points,OG Anunoby,Under,15.5,-137,2025-12-17,2025-12-14T23:51:33Z,2025-12-14 15:51:15
Underdog,player_points,Mikal Bridges,Over,14.5,-137,2025-12-17,2025-12-14T23:51:33Z,2025-12-14 15:51:15
Underdog,player_points,Mikal Bridges,Under,14.5,-137,2025-12-17,2025-12-14T23:51:33Z,2025-12-14 15:51:15
Underdog,player_points,Josh Hart,Over,13.5,-137,2025-12-17,2025-12-14T23:51:33Z,2025-12-14 15:51:15
Underdog,player_points,Josh Hart,Under,13.5,-137,2025-12-17,2025-12-14T23:51:33Z,2025-12-14 15:51:15
Underdog,player_points,Stephon Castle,Over,16.5,-137,2025-12-17,2025-12-14T23:51:33Z,2025-12-14 15:51:15
Underdog,player_points,Stephon Castle,Under,16.5,-137,2025-12-17,2025-12-14T23:51:33Z,2025-12-14 15:51:15
Underdog,player_points,Julian Champagnie,Over,6.5,-137,2025-12-17,2025-12-14T23:51:33Z,2025-12-14 15:51:15
Underdog,player_points,Julian Champagnie,Under,6.5,-137,2025-12-17,2025-12-14T23:51:33Z,2025-12-14 15:51:15
Betr DFS,player_rebounds,Joel Embiid,Over,9.5,-137,2025-12-14,2025-12-14T23:50:21Z,2025-12-14 15:51:15
Betr DFS,player_rebounds,Joel Embiid,Under,9.5,-137,2025-12-14,2025-12-14T23:50:21Z,2025-12-14 15:51:15
Betr DFS,player_rebounds,Jalen Johnson,Over,9.5,-137,2025-12-14,2025-12-14T23:50:21Z,2025-12-14 15:51:15
Betr DFS,player_rebounds,Zaccharie Risacher,Over,2.5,-137,2025-12-14,2025-12-14T23:50:21Z,2025-12-14 15:51:15
Betr DFS,player_rebounds,Zaccharie Risacher,Under,2.5,-137,2025-12-14,2025-12-14T23:50:21Z,2025-12-14 15:51:15
Betr DFS,player_rebounds,Ryan Rollins,Over,3.5,-137,2025-12-14,2025-12-14T23:50:44Z,2025-12-14 15:51:15
Betr DFS,player_rebounds,Ryan Rollins,Under,3.5,-137,2025-12-14,2025-12-14T23:50:44Z,2025-12-14 15:51:15
Betr DFS,player_rebounds,Nicolas Claxton,Over,6.5,-137,2025-12-14,2025-12-14T23:50:44Z,2025-12-14 15:51:15
Betr DFS,player_rebounds,Saddiq Bey,Over,5.5,-137,2025-12-15,2025-12-14T23:50:47Z,2025-12-14 15:51:15
Betr DFS,player_rebounds,Saddiq Bey,Under,5.5,-137,2025-12-15,2025-12-14T23:50:47Z,2025-12-14 15:51:15
Betr DFS,player_rebounds,Zion Williamson,Over,4.5,-137,2025-12-15,2025-12-14T23:50:47Z,2025-12-14 15:51:15
Betr DFS,player_rebounds,Zion Williamson,Under,4.5,-137,2025-12-15,2025-12-14T23:50:47Z,2025-12-14 15:51:15
Betr DFS,player_rebounds,Herb Jones,Over,3.5,-137,2025-12-15,2025-12-14T23:50:47Z,2025-12-14 15:51:15
Betr DFS,player_rebounds,Herb Jones,Under,3.5,-137,2025-12-15,2025-12-14T23:50:47Z,2025-12-14 15:51:15
Betr DFS,player_rebounds,Trey Murphy III,Over,5.5,-137,2025-12-15,2025-12-14T23:50:47Z,2025-12-14 15:51:15
Betr DFS,player_rebounds,Trey Murphy III,Under,5.5,-137,2025-12-15,2025-12-14T23:50:47Z,2025-12-14 15:51:15
Betr DFS,player_rebounds,Derik Queen,Over,7.5,-137,2025-12-15,2025-12-14T23:50:47Z,2025-12-14 15:51:15
Betr DFS,player_rebounds,Nikola Vucevic,Over,8.0,-137,2025-12-15,2025-12-14T23:50:47Z,2025-12-14 15:51:15
Betr DFS,player_rebounds,Nikola Vucevic,Under,8.0,-137,2025-12-15,2025-12-14T23:50:47Z,2025-12-14 15:51:15
Betr DFS,player_rebounds,Jalen Smith,Over,4.5,-137,2025-12-15,2025-12-14T23:50:47Z,2025-12-14 15:51:15
Betr DFS,player_rebounds,Jalen Smith,Under,4.5,-137,2025-12-15,2025-12-14T23:50:47Z,2025-12-14 15:51:15
Betr DFS,player_rebounds,Zach Collins,Over,4.5,-137,2025-12-15,2025-12-14T23:50:47Z,2025-12-14 15:51:15
Betr DFS,player_rebounds,Zach Collins,Under,4.5,-137,2025-12-15,2025-12-14T23:50:47Z,2025-12-14 15:51:15
Betr DFS,player_rebounds,Matas Buzelis,Over,4.5,-137,2025-12-15,2025-12-14T23:50:47Z,2025-12-14 15:51:15
Betr DFS,player_rebounds,Matas Buzelis,Under,4.5,-137,2025-12-15,2025-12-14T23:50:47Z,2025-12-14 15:51:15
Betr DFS,player_rebounds,DeMar DeRozan,Over,3.5,-137,2025-12-15,2025-12-14T23:51:24Z,2025-12-14 15:51:15
Betr DFS,player_rebounds,Russell Westbrook,Over,6.0,-137,2025-12-15,2025-12-14T23:51:24Z,2025-12-14 15:51:15
Betr DFS,player_rebounds,Russell Westbrook,Under,6.0,-137,2025-12-15,2025-12-14T23:51:24Z,2025-12-14 15:51:15
Betr DFS,player_rebounds,Keegan Murray,Over,6.5,-137,2025-12-15,2025-12-14T23:51:24Z,2025-12-14 15:51:15
Betr DFS,player_rebounds,Keegan Murray,Under,6.5,-137,2025-12-15,2025-12-14T23:51:24Z,2025-12-14 15:51:15
Betr DFS,player_rebounds,Maxime Raynaud,Over,7.0,-137,2025-12-15,2025-12-14T23:51:24Z,2025-12-14 15:51:15
Betr DFS,player_rebounds,Maxime Raynaud,Under,7.0,-137,2025-12-15,2025-12-14T23:51:24Z,2025-12-14 15:51:15
Betr DFS,player_rebounds,Julius Randle,Over,7.5,-137,2025-12-15,2025-12-14T23:51:24Z,2025-12-14 15:51:15
Betr DFS,player_rebounds,Julius Randle,Under,7.5,-137,2025-12-15,2025-12-14T23:51:24Z,2025-12-14 15:51:15
Betr DFS,player_rebounds,Rudy Gobert,Over,11.5,-137,2025-12-15,2025-12-14T23:51:24Z,2025-12-14 15:51:15
Betr DFS,player_rebounds,Rudy Gobert,Under,11.5,-137,2025-12-15,2025-12-14T23:51:24Z,2025-12-14 15:51:15
Betr DFS,player_rebounds,Naz Reid,Over,6.5,-137,2025-12-15,2025-12-14T23:51:24Z,2025-12-14 15:51:15
Betr DFS,player_rebounds,Naz Reid,Under,6.5,-137,2025-12-15,2025-12-14T23:51:24Z,2025-12-14 15:51:15
Betr DFS,player_rebounds,Jaden McDaniels,Over,5.0,-137,2025-12-15,2025-12-14T23:51:24Z,2025-12-14 15:51:15
Betr DFS,player_rebounds,Jaden McDaniels,Under,5.0,-137,2025-12-15,2025-12-14T23:51:24Z,2025-12-14 15:51:15
Betr DFS,player_rebounds,Luka Doncic,Over,8.5,-137,2025-12-15,2025-12-14T23:50:48Z,2025-12-14 15:51:15
Betr DFS,player_rebounds,Luka Doncic,Under,8.5,-137,2025-12-15,2025-12-14T23:50:48Z,2025-12-14 15:51:15
Betr DFS,player_rebounds,LeBron James,Over,6.5,-137,2025-12-15,2025-12-14T23:50:48Z,2025-12-14 15:51:15
Betr DFS,player_rebounds,LeBron James,Under,6.5,-137,2025-12-15,2025-12-14T23:50:48Z,2025-12-14 15:51:15
Betr DFS,player_rebounds,Deandre Ayton,Over,9.0,-137,2025-12-15,2025-12-14T23:50:48Z,2025-12-14 15:51:15
Betr DFS,player_rebounds,Deandre Ayton,Under,9.0,-137,2025-12-15,2025-12-14T23:50:48Z,2025-12-14 15:51:15
Betr DFS,player_rebounds,Mark Williams,Over,8.5,-137,2025-12-15,2025-12-14T23:50:48Z,2025-12-14 15:51:15
Betr DFS,player_rebounds,Mark Williams,Under,8.5,-137,2025-12-15,2025-12-14T23:50:48Z,2025-12-14 15:51:15
Betr DFS,player_rebounds,Royce O'Neale,Over,4.5,-137,2025-12-15,2025-12-14T23:50:48Z,2025-12-14 15:51:15
Betr DFS,player_rebounds,Royce O'Neale,Under,4.5,-137,2025-12-15,2025-12-14T23:50:48Z,2025-12-14 15:51:15
Betr DFS,player_rebounds,Collin Gillespie,Over,3.5,-137,2025-12-15,2025-12-14T23:50:48Z,2025-12-14 15:51:15
Betr DFS,player_rebounds,Collin Gillespie,Under,3.5,-137,2025-12-15,2025-12-14T23:50:48Z,2025-12-14 15:51:15
Betr DFS,player_rebounds,Dillon Brooks,Over,3.5,-137,2025-12-15,2025-12-14T23:50:48Z,2025-12-14 15:51:15
Betr DFS,player_rebounds,Dillon Brooks,Under,3.5,-137,2025-12-15,2025-12-14T23:50:48Z,2025-12-14 15:51:15
Betr DFS,player_rebounds,Devin Booker,Over,3.5,-137,2025-12-15,2025-12-14T23:50:48Z,2025-12-14 15:51:15
Betr DFS,player_rebounds,Devin Booker,Under,3.5,-137,2025-12-15,2025-12-14T23:50:48Z,2025-12-14 15:51:15
Betr DFS,player_rebounds,Draymond Green,Over,6.5,-137,2025-12-15,2025-12-14T23:51:32Z,2025-12-14 15:51:15
Betr DFS,player_rebounds,Draymond Green,Under,6.5,-137,2025-12-15,2025-12-14T23:51:32Z,2025-12-14 15:51:15
Betr DFS,player_rebounds,Brandin Podziemski,Over,3.5,-137,2025-12-15,2025-12-14T23:51:32Z,2025-12-14 15:51:15
Betr DFS,player_rebounds,Brandin Podziemski,Under,3.5,-137,2025-12-15,2025-12-14T23:51:32Z,2025-12-14 15:51:15
Betr DFS,player_rebounds,Quinten Post,Over,5.0,-137,2025-12-15,2025-12-14T23:51:32Z,2025-12-14 15:51:15
Betr DFS,player_rebounds,Quinten Post,Under,5.0,-137,2025-12-15,2025-12-14T23:51:32Z,2025-12-14 15:51:15
Betr DFS,player_rebounds,Deni Avdija,Over,7.5,-137,2025-12-15,2025-12-14T23:51:32Z,2025-12-14 15:51:15
Betr DFS,player_rebounds,Deni Avdija,Under,7.5,-137,2025-12-15,2025-12-14T23:51:32Z,2025-12-14 15:51:15
Betr DFS,player_rebounds,Shaedon Sharpe,Over,4.5,-137,2025-12-15,2025-12-14T23:51:32Z,2025-12-14 15:51:15
Betr DFS,player_rebounds,Shaedon Sharpe,Under,4.5,-137,2025-12-15,2025-12-14T23:51:32Z,2025-12-14 15:51:15
Betr DFS,player_rebounds,Kris Murray,Over,3.5,-137,2025-12-15,2025-12-14T23:51:32Z,2025-12-14 15:51:15
Betr DFS,player_rebounds,Kris Murray,Under,3.5,-137,2025-12-15,2025-12-14T23:51:32Z,2025-12-14 15:51:15
Betr DFS,player_rebounds,Donovan Clingan,Over,9.5,-137,2025-12-15,2025-12-14T23:51:32Z,2025-12-14 15:51:15
Betr DFS,player_rebounds,Donovan Clingan,Under,9.5,-137,2025-12-15,2025-12-14T23:51:32Z,2025-12-14 15:51:15
DraftKings Pick6,player_rebounds,Joel Embiid,Over,9.5,-137,2025-12-14,2025-12-14T23:50:57Z,2025-12-14 15:51:15
DraftKings Pick6,player_rebounds,Joel Embiid,Under,9.5,-137,2025-12-14,2025-12-14T23:50:57Z,2025-12-14 15:51:15
DraftKings Pick6,player_rebounds,Jalen Johnson,Over,9.5,-137,2025-12-14,2025-12-14T23:50:57Z,2025-12-14 15:51:15
DraftKings Pick6,player_rebounds,Jalen Johnson,Under,9.5,-137,2025-12-14,2025-12-14T23:50:57Z,2025-12-14 15:51:15
DraftKings Pick6,player_rebounds,Quentin Grimes,Over,5.5,-137,2025-12-14,2025-12-14T23:50:57Z,2025-12-14 15:51:15
DraftKings Pick6,player_rebounds,Quentin Grimes,Under,5.5,-137,2025-12-14,2025-12-14T23:50:57Z,2025-12-14 15:51:15
DraftKings Pick6,player_rebounds,Vit Krejci,Over,1.5,-137,2025-12-14,2025-12-14T23:50:57Z,2025-12-14 15:51:15
DraftKings Pick6,player_rebounds,Vit Krejci,Under,1.5,-137,2025-12-14,2025-12-14T23:50:57Z,2025-12-14 15:51:15
DraftKings Pick6,player_rebounds,Nicolas Claxton,Over,6.5,-137,2025-12-14,2025-12-14T23:50:14Z,2025-12-14 15:51:15
DraftKings Pick6,player_rebounds,Nicolas Claxton,Under,6.5,-137,2025-12-14,2025-12-14T23:50:14Z,2025-12-14 15:51:15
DraftKings Pick6,player_rebounds,Ryan Rollins,Over,3.5,-137,2025-12-14,2025-12-14T23:50:14Z,2025-12-14 15:51:15
DraftKings Pick6,player_rebounds,Ryan Rollins,Under,3.5,-137,2025-12-14,2025-12-14T23:50:14Z,2025-12-14 15:51:15
DraftKings Pick6,player_rebounds,Myles Turner,Over,3.5,-137,2025-12-14,2025-12-14T23:50:14Z,2025-12-14 15:51:15
DraftKings Pick6,player_rebounds,Myles Turner,Under,3.5,-137,2025-12-14,2025-12-14T23:50:14Z,2025-12-14 15:51:15
DraftKings Pick6,player_rebounds,Trey Murphy III,Over,5.5,-137,2025-12-15,2025-12-14T23:50:16Z,2025-12-14 15:51:15
DraftKings Pick6,player_rebounds,Trey Murphy III,Under,5.5,-137,2025-12-15,2025-12-14T23:50:16Z,2025-12-14 15:51:15
DraftKings Pick6,player_rebounds,Jalen Smith,Over,4.5,-137,2025-12-15,2025-12-14T23:50:16Z,2025-12-14 15:51:15
DraftKings Pick6,player_rebounds,Jalen Smith,Under,4.5,-137,2025-12-15,2025-12-14T23:50:16Z,2025-12-14 15:51:15
DraftKings Pick6,player_rebounds,Tre Jones,Over,2.5,-137,2025-12-15,2025-12-14T23:50:16Z,2025-12-14 15:51:15
DraftKings Pick6,player_rebounds,Tre Jones,Under,2.5,-137,2025-12-15,2025-12-14T23:50:16Z,2025-12-14 15:51:15
DraftKings Pick6,player_rebounds,Derik Queen,Over,7.5,-137,2025-12-15,2025-12-14T23:50:16Z,2025-12-14 15:51:15
DraftKings Pick6,player_rebounds,Naz Reid,Over,6.5,-137,2025-12-15,2025-12-14T23:50:32Z,2025-12-14 15:51:15
DraftKings Pick6,player_rebounds,Naz Reid,Under,6.5,-137,2025-12-15,2025-12-14T23:50:32Z,2025-12-14 15:51:15
DraftKings Pick6,player_rebounds,Julius Randle,Over,7.5,-137,2025-12-15,2025-12-14T23:50:32Z,2025-12-14 15:51:15
DraftKings Pick6,player_rebounds,Royce O'Neale,Over,4.5,-137,2025-12-15,2025-12-14T23:50:32Z,2025-12-14 15:51:15
DraftKings Pick6,player_rebounds,Royce O'Neale,Under,4.5,-137,2025-12-15,2025-12-14T23:50:32Z,2025-12-14 15:51:15
DraftKings Pick6,player_rebounds,Collin Gillespie,Over,3.5,-137,2025-12-15,2025-12-14T23:50:32Z,2025-12-14 15:51:15
DraftKings Pick6,player_rebounds,Collin Gillespie,Under,3.5,-137,2025-12-15,2025-12-14T23:50:32Z,2025-12-14 15:51:15
DraftKings Pick6,player_rebounds,Rui Hachimura,Over,3.5,-137,2025-12-15,2025-12-14T23:50:32Z,2025-12-14 15:51:15
DraftKings Pick6,player_rebounds,Rui Hachimura,Under,3.5,-137,2025-12-15,2025-12-14T23:50:32Z,2025-12-14 15:51:15
DraftKings Pick6,player_rebounds,Draymond Green,Over,6.5,-137,2025-12-15,2025-12-14T23:51:21Z,2025-12-14 15:51:15
DraftKings Pick6,player_rebounds,Draymond Green,Under,6.5,-137,2025-12-15,2025-12-14T23:51:21Z,2025-12-14 15:51:15
DraftKings Pick6,player_rebounds,Shaedon Sharpe,Over,4.5,-137,2025-12-15,2025-12-14T23:51:21Z,2025-12-14 15:51:15
DraftKings Pick6,player_rebounds,Shaedon Sharpe,Under,4.5,-137,2025-12-15,2025-12-14T23:51:21Z,2025-12-14 15:51:15
DraftKings Pick6,player_rebounds,Kris Murray,Over,3.5,-137,2025-12-15,2025-12-14T23:51:21Z,2025-12-14 15:51:15
DraftKings Pick6,player_rebounds,Kris Murray,Under,3.5,-137,2025-12-15,2025-12-14T23:51:21Z,2025-12-14 15:51:15
DraftKings Pick6,player_rebounds,Brandin Podziemski,Over,3.5,-137,2025-12-15,2025-12-14T23:51:21Z,2025-12-14 15:51:15
DraftKings Pick6,player_rebounds,Brandin Podziemski,Under,3.5,-137,2025-12-15,2025-12-14T23:51:21Z,2025-12-14 15:51:15
DraftKings Pick6,player_rebounds,Moses Moody,Over,2.5,-137,2025-12-15,2025-12-14T23:51:21Z,2025-12-14 15:51:15
DraftKings Pick6,player_rebounds,Moses Moody,Under,2.5,-137,2025-12-15,2025-12-14T23:51:21Z,2025-12-14 15:51:15
PrizePicks,player_rebounds,Nikola Vucevic,Over,8.0,-137,2025-12-15,2025-12-14T23:51:08Z,2025-12-14 15:51:15
PrizePicks,player_rebounds,Nikola Vucevic,Under,8.0,-137,2025-12-15,2025-12-14T23:51:08Z,2025-12-14 15:51:15
PrizePicks,player_rebounds,Derik Queen,Over,7.0,-137,2025-12-15,2025-12-14T23:51:08Z,2025-12-14 15:51:15
PrizePicks,player_rebounds,Derik Queen,Under,7.0,-137,2025-12-15,2025-12-14T23:51:08Z,2025-12-14 15:51:15
PrizePicks,player_rebounds,Trey Murphy III,Over,5.5,-137,2025-12-15,2025-12-14T23:51:08Z,2025-12-14 15:51:15
PrizePicks,player_rebounds,Trey Murphy III,Under,5.5,-137,2025-12-15,2025-12-14T23:51:08Z,2025-12-14 15:51:15
PrizePicks,player_rebounds,Jalen Smith,Over,4.5,-137,2025-12-15,2025-12-14T23:51:08Z,2025-12-14 15:51:15
PrizePicks,player_rebounds,Jalen Smith,Under,4.5,-137,2025-12-15,2025-12-14T23:51:08Z,2025-12-14 15:51:15
PrizePicks,player_rebounds,Zion Williamson,Over,4.5,-137,2025-12-15,2025-12-14T23:51:08Z,2025-12-14 15:51:15
PrizePicks,player_rebounds,Zion Williamson,Under,4.5,-137,2025-12-15,2025-12-14T23:51:08Z,2025-12-14 15:51:15
PrizePicks,player_rebounds,Tre Jones,Over,2.5,-137,2025-12-15,2025-12-14T23:51:08Z,2025-12-14 15:51:15
PrizePicks,player_rebounds,Tre Jones,Under,2.5,-137,2025-12-15,2025-12-14T23:51:08Z,2025-12-14 15:51:15
PrizePicks,player_rebounds,Rudy Gobert,Over,11.0,-137,2025-12-15,2025-12-14T23:51:12Z,2025-12-14 15:51:15
PrizePicks,player_rebounds,Rudy Gobert,Under,11.0,-137,2025-12-15,2025-12-14T23:51:12Z,2025-12-14 15:51:15
PrizePicks,player_rebounds,Julius Randle,Over,7.5,-137,2025-12-15,2025-12-14T23:51:12Z,2025-12-14 15:51:15
PrizePicks,player_rebounds,Julius Randle,Under,7.5,-137,2025-12-15,2025-12-14T23:51:12Z,2025-12-14 15:51:15
PrizePicks,player_rebounds,Maxime Raynaud,Over,7.0,-137,2025-12-15,2025-12-14T23:51:12Z,2025-12-14 15:51:15
PrizePicks,player_rebounds,Maxime Raynaud,Under,7.0,-137,2025-12-15,2025-12-14T23:51:12Z,2025-12-14 15:51:15
PrizePicks,player_rebounds,Keegan Murray,Over,6.5,-137,2025-12-15,2025-12-14T23:51:12Z,2025-12-14 15:51:15
PrizePicks,player_rebounds,Keegan Murray,Under,6.5,-137,2025-12-15,2025-12-14T23:51:12Z,2025-12-14 15:51:15
PrizePicks,player_rebounds,Naz Reid,Over,6.5,-137,2025-12-15,2025-12-14T23:51:12Z,2025-12-14 15:51:15
PrizePicks,player_rebounds,Naz Reid,Under,6.5,-137,2025-12-15,2025-12-14T23:51:12Z,2025-12-14 15:51:15
PrizePicks,player_rebounds,Russell Westbrook,Over,6.0,-137,2025-12-15,2025-12-14T23:51:12Z,2025-12-14 15:51:15
PrizePicks,player_rebounds,Russell Westbrook,Under,6.0,-137,2025-12-15,2025-12-14T23:51:12Z,2025-12-14 15:51:15
PrizePicks,player_rebounds,Jaden McDaniels,Over,5.0,-137,2025-12-15,2025-12-14T23:51:12Z,2025-12-14 15:51:15
PrizePicks,player_rebounds,Jaden McDaniels,Under,5.0,-137,2025-12-15,2025-12-14T23:51:12Z,2025-12-14 15:51:15
PrizePicks,player_rebounds,Dennis Schroder,Over,2.5,-137,2025-12-15,2025-12-14T23:51:12Z,2025-12-14 15:51:15
PrizePicks,player_rebounds,Dennis Schroder,Under,2.5,-137,2025-12-15,2025-12-14T23:51:12Z,2025-12-14 15:51:15
PrizePicks,player_rebounds,Bones Hyland,Over,2.5,-137,2025-12-15,2025-12-14T23:51:12Z,2025-12-14 15:51:15
PrizePicks,player_rebounds,Bones Hyland,Under,2.5,-137,2025-12-15,2025-12-14T23:51:12Z,2025-12-14 15:51:15
PrizePicks,player_rebounds,Jaylen Clark,Over,2.5,-137,2025-12-15,2025-12-14T23:51:12Z,2025-12-14 15:51:15
PrizePicks,player_rebounds,Jaylen Clark,Under,2.5,-137,2025-12-15,2025-12-14T23:51:12Z,2025-12-14 15:51:15
PrizePicks,player_rebounds,Deandre Ayton,Over,9.0,-137,2025-12-15,2025-12-14T23:51:09Z,2025-12-14 15:51:15
PrizePicks,player_rebounds,Deandre Ayton,Under,9.0,-137,2025-12-15,2025-12-14T23:51:09Z,2025-12-14 15:51:15
PrizePicks,player_rebounds,Luka Doncic,Over,9.0,-137,2025-12-15,2025-12-14T23:51:09Z,2025-12-14 15:51:15
PrizePicks,player_rebounds,Luka Doncic,Under,9.0,-137,2025-12-15,2025-12-14T23:51:09Z,2025-12-14 15:51:15
PrizePicks,player_rebounds,Mark Williams,Over,8.5,-137,2025-12-15,2025-12-14T23:51:09Z,2025-12-14 15:51:15
PrizePicks,player_rebounds,Mark Williams,Under,8.5,-137,2025-12-15,2025-12-14T23:51:09Z,2025-12-14 15:51:15
PrizePicks,player_rebounds,LeBron James,Over,6.0,-137,2025-12-15,2025-12-14T23:51:09Z,2025-12-14 15:51:15
PrizePicks,player_rebounds,LeBron James,Under,6.0,-137,2025-12-15,2025-12-14T23:51:09Z,2025-12-14 15:51:15
PrizePicks,player_rebounds,Royce O'Neale,Over,4.5,-137,2025-12-15,2025-12-14T23:51:09Z,2025-12-14 15:51:15
PrizePicks,player_rebounds,Royce O'Neale,Under,4.5,-137,2025-12-15,2025-12-14T23:51:09Z,2025-12-14 15:51:15
PrizePicks,player_rebounds,Collin Gillespie,Over,3.5,-137,2025-12-15,2025-12-14T23:51:09Z,2025-12-14 15:51:15
PrizePicks,player_rebounds,Collin Gillespie,Under,3.5,-137,2025-12-15,2025-12-14T23:51:09Z,2025-12-14 15:51:15
PrizePicks,player_rebounds,Donovan Clingan,Over,10.0,-137,2025-12-15,2025-12-14T23:51:11Z,2025-12-14 15:51:15
PrizePicks,player_rebounds,Donovan Clingan,Under,10.0,-137,2025-12-15,2025-12-14T23:51:11Z,2025-12-14 15:51:15
PrizePicks,player_rebounds,Deni Avdija,Over,7.5,-137,2025-12-15,2025-12-14T23:51:11Z,2025-12-14 15:51:15
PrizePicks,player_rebounds,Deni Avdija,Under,7.5,-137,2025-12-15,2025-12-14T23:51:11Z,2025-12-14 15:51:15
PrizePicks,player_rebounds,Draymond Green,Over,6.5,-137,2025-12-15,2025-12-14T23:51:11Z,2025-12-14 15:51:15
PrizePicks,player_rebounds,Draymond Green,Under,6.5,-137,2025-12-15,2025-12-14T23:51:11Z,2025-12-14 15:51:15
PrizePicks,player_rebounds,Jimmy Butler,Over,6.0,-137,2025-12-15,2025-12-14T23:51:11Z,2025-12-14 15:51:15
PrizePicks,player_rebounds,Jimmy Butler,Under,6.0,-137,2025-12-15,2025-12-14T23:51:11Z,2025-12-14 15:51:15
PrizePicks,player_rebounds,Quinten Post,Over,5.0,-137,2025-12-15,2025-12-14T23:51:11Z,2025-12-14 15:51:15
PrizePicks,player_rebounds,Quinten Post,Under,5.0,-137,2025-12-15,2025-12-14T23:51:11Z,2025-12-14 15:51:15
PrizePicks,player_rebounds,Shaedon Sharpe,Over,4.5,-137,2025-12-15,2025-12-14T23:51:11Z,2025-12-14 15:51:15
PrizePicks,player_rebounds,Shaedon Sharpe,Under,4.5,-137,2025-12-15,2025-12-14T23:51:11Z,2025-12-14 15:51:15
PrizePicks,player_rebounds,Kris Murray,Over,4.0,-137,2025-12-15,2025-12-14T23:51:11Z,2025-12-14 15:51:15
PrizePicks,player_rebounds,Kris Murray,Under,4.0,-137,2025-12-15,2025-12-14T23:51:11Z,2025-12-14 15:51:15
PrizePicks,player_rebounds,Jerami Grant,Over,4.0,-137,2025-12-15,2025-12-14T23:51:11Z,2025-12-14 15:51:15
PrizePicks,player_rebounds,Jerami Grant,Under,4.0,-137,2025-12-15,2025-12-14T23:51:11Z,2025-12-14 15:51:15
PrizePicks,player_rebounds,Stephen Curry,Over,4.0,-137,2025-12-15,2025-12-14T23:51:11Z,2025-12-14 15:51:15
PrizePicks,player_rebounds,Stephen Curry,Under,4.0,-137,2025-12-15,2025-12-14T23:51:11Z,2025-12-14 15:51:15
PrizePicks,player_rebounds,Moses Moody,Over,2.5,-137,2025-12-15,2025-12-14T23:51:11Z,2025-12-14 15:51:15
PrizePicks,player_rebounds,Moses Moody,Under,2.5,-137,2025-12-15,2025-12-14T23:51:11Z,2025-12-14 15:51:15
PrizePicks,player_rebounds,Bam Adebayo,Over,9.5,-137,2025-12-16,2025-12-14T23:51:07Z,2025-12-14 15:51:15
PrizePicks,player_rebounds,Bam Adebayo,Under,9.5,-137,2025-12-16,2025-12-14T23:51:07Z,2025-12-14 15:51:15
PrizePicks,player_rebounds,Andrew Wiggins,Over,4.5,-137,2025-12-16,2025-12-14T23:51:07Z,2025-12-14 15:51:15
PrizePicks,player_rebounds,Andrew Wiggins,Under,4.5,-137,2025-12-16,2025-12-14T23:51:07Z,2025-12-14 15:51:15
PrizePicks,player_rebounds,Sandro Mamukelashvili,Over,4.5,-137,2025-12-16,2025-12-14T23:51:07Z,2025-12-14 15:51:15
PrizePicks,player_rebounds,Sandro Mamukelashvili,Under,4.5,-137,2025-12-16,2025-12-14T23:51:07Z,2025-12-14 15:51:15
PrizePicks,player_rebounds,Tyler Herro,Over,4.5,-137,2025-12-16,2025-12-14T23:51:07Z,2025-12-14 15:51:15
PrizePicks,player_rebounds,Tyler Herro,Under,4.5,-137,2025-12-16,2025-12-14T23:51:07Z,2025-12-14 15:51:15
PrizePicks,player_rebounds,Immanuel Quickley,Over,3.5,-137,2025-12-16,2025-12-14T23:51:07Z,2025-12-14 15:51:15
PrizePicks,player_rebounds,Immanuel Quickley,Under,3.5,-137,2025-12-16,2025-12-14T23:51:07Z,2025-12-14 15:51:15
PrizePicks,player_rebounds,Karl-Anthony Towns,Over,11.0,-137,2025-12-17,2025-12-14T23:51:06Z,2025-12-14 15:51:15
PrizePicks,player_rebounds,Karl-Anthony Towns,Under,11.0,-137,2025-12-17,2025-12-14T23:51:06Z,2025-12-14 15:51:15
PrizePicks,player_rebounds,Victor Wembanyama,Over,10.5,-137,2025-12-17,2025-12-14T23:51:06Z,2025-12-14 15:51:15
PrizePicks,player_rebounds,Victor Wembanyama,Under,10.5,-137,2025-12-17,2025-12-14T23:51:06Z,2025-12-14 15:51:15
PrizePicks,player_rebounds,Josh Hart,Over,8.0,-137,2025-12-17,2025-12-14T23:51:06Z,2025-12-14 15:51:15
PrizePicks,player_rebounds,Josh Hart,Under,8.0,-137,2025-12-17,2025-12-14T23:51:06Z,2025-12-14 15:51:15
PrizePicks,player_rebounds,Julian Champagnie,Over,4.5,-137,2025-12-17,2025-12-14T23:51:06Z,2025-12-14 15:51:15
PrizePicks,player_rebounds,Julian Champagnie,Under,4.5,-137,2025-12-17,2025-12-14T23:51:06Z,2025-12-14 15:51:15
PrizePicks,player_rebounds,OG Anunoby,Over,4.5,-137,2025-12-17,2025-12-14T23:51:06Z,2025-12-14 15:51:15
PrizePicks,player_rebounds,OG Anunoby,Under,4.5,-137,2025-12-17,2025-12-14T23:51:06Z,2025-12-14 15:51:15
PrizePicks,player_rebounds,De'Aaron Fox,Over,3.5,-137,2025-12-17,2025-12-14T23:51:06Z,2025-12-14 15:51:15
PrizePicks,player_rebounds,De'Aaron Fox,Under,3.5,-137,2025-12-17,2025-12-14T23:51:06Z,2025-12-14 15:51:15
PrizePicks,player_rebounds,Devin Vassell,Over,3.5,-137,2025-12-17,2025-12-14T23:51:06Z,2025-12-14 15:51:15
PrizePicks,player_rebounds,Devin Vassell,Under,3.5,-137,2025-12-17,2025-12-14T23:51:06Z,2025-12-14 15:51:15
Underdog,player_rebounds,Zion Williamson,Over,4.5,-137,2025-12-15,2025-12-14T23:50:42Z,2025-12-14 15:51:15
Underdog,player_rebounds,Zion Williamson,Under,4.5,-137,2025-12-15,2025-12-14T23:50:42Z,2025-12-14 15:51:15
Underdog,player_rebounds,Herb Jones,Over,3.5,-137,2025-12-15,2025-12-14T23:50:42Z,2025-12-14 15:51:15
Underdog,player_rebounds,Herb Jones,Under,3.5,-137,2025-12-15,2025-12-14T23:50:42Z,2025-12-14 15:51:15
Underdog,player_rebounds,Derik Queen,Over,6.5,-137,2025-12-15,2025-12-14T23:50:42Z,2025-12-14 15:51:15
Underdog,player_rebounds,Derik Queen,Under,6.5,-137,2025-12-15,2025-12-14T23:50:42Z,2025-12-14 15:51:15
Underdog,player_rebounds,Jalen Smith,Over,4.5,-137,2025-12-15,2025-12-14T23:50:42Z,2025-12-14 15:51:15
Underdog,player_rebounds,Jalen Smith,Under,4.5,-137,2025-12-15,2025-12-14T23:50:42Z,2025-12-14 15:51:15
Underdog,player_rebounds,Julius Randle,Over,7.5,-137,2025-12-15,2025-12-14T23:51:29Z,2025-12-14 15:51:15
Underdog,player_rebounds,Julius Randle,Under,7.5,-137,2025-12-15,2025-12-14T23:51:29Z,2025-12-14 15:51:15
Underdog,player_rebounds,Keegan Murray,Over,6.5,-137,2025-12-15,2025-12-14T23:51:29Z,2025-12-14 15:51:15
Underdog,player_rebounds,Keegan Murray,Under,6.5,-137,2025-12-15,2025-12-14T23:51:29Z,2025-12-14 15:51:15
Underdog,player_rebounds,Jaylen Clark,Over,2.5,-137,2025-12-15,2025-12-14T23:51:29Z,2025-12-14 15:51:15
Underdog,player_rebounds,Jaylen Clark,Under,2.5,-137,2025-12-15,2025-12-14T23:51:29Z,2025-12-14 15:51:15
Underdog,player_rebounds,Bones Hyland,Over,2.5,-137,2025-12-15,2025-12-14T23:51:29Z,2025-12-14 15:51:15
Underdog,player_rebounds,Bones Hyland,Under,2.5,-137,2025-12-15,2025-12-14T23:51:29Z,2025-12-14 15:51:15
Underdog,player_rebounds,Collin Gillespie,Over,3.5,-137,2025-12-15,2025-12-14T23:51:07Z,2025-12-14 15:51:15
Underdog,player_rebounds,Collin Gillespie,Under,3.5,-137,2025-12-15,2025-12-14T23:51:07Z,2025-12-14 15:51:15
Underdog,player_rebounds,Draymond Green,Over,6.5,-137,2025-12-15,2025-12-14T23:51:12Z,2025-12-14 15:51:15
Underdog,player_rebounds,Draymond Green,Under,6.5,-137,2025-12-15,2025-12-14T23:51:12Z,2025-12-14 15:51:15
Underdog,player_rebounds,Shaedon Sharpe,Over,4.5,-137,2025-12-15,2025-12-14T23:51:12Z,2025-12-14 15:51:15
Underdog,player_rebounds,Shaedon Sharpe,Under,4.5,-137,2025-12-15,2025-12-14T23:51:12Z,2025-12-14 15:51:15
Underdog,player_rebounds,Moses Moody,Over,2.5,-137,2025-12-15,2025-12-14T23:51:12Z,2025-12-14 15:51:15
Underdog,player_rebounds,Moses Moody,Under,2.5,-137,2025-12-15,2025-12-14T23:51:12Z,2025-12-14 15:51:15
Underdog,player_rebounds,Bam Adebayo,Over,9.5,-137,2025-12-16,2025-12-14T23:51:26Z,2025-12-14 15:51:15
Underdog,player_rebounds,Bam Adebayo,Under,9.5,-137,2025-12-16,2025-12-14T23:51:26Z,2025-12-14 15:51:15
Underdog,player_rebounds,Tyler Herro,Over,4.5,-137,2025-12-16,2025-12-14T23:51:26Z,2025-12-14 15:51:15
Underdog,player_rebounds,Tyler Herro,Under,4.5,-137,2025-12-16,2025-12-14T23:51:26Z,2025-12-14 15:51:15
Underdog,player_rebounds,Immanuel Quickley,Over,3.5,-137,2025-12-16,2025-12-14T23:51:26Z,2025-12-14 15:51:15
Underdog,player_rebounds,Immanuel Quickley,Under,3.5,-137,2025-12-16,2025-12-14T23:51:26Z,2025-12-14 15:51:15
Underdog,player_rebounds,Sandro Mamukelashvili,Over,4.5,-137,2025-12-16,2025-12-14T23:51:26Z,2025-12-14 15:51:15
Underdog,player_rebounds,Sandro Mamukelashvili,Under,4.5,-137,2025-12-16,2025-12-14T23:51:26Z,2025-12-14 15:51:15
Underdog,player_rebounds,Victor Wembanyama,Over,10.5,-137,2025-12-17,2025-12-14T23:51:33Z,2025-12-14 15:51:15
Underdog,player_rebounds,Victor Wembanyama,Under,10.5,-137,2025-12-17,2025-12-14T23:51:33Z,2025-12-14 15:51:15
Underdog,player_rebounds,OG Anunoby,Over,4.5,-137,2025-12-17,2025-12-14T23:51:33Z,2025-12-14 15:51:15
Underdog,player_rebounds,OG Anunoby,Under,4.5,-137,2025-12-17,2025-12-14T23:51:33Z,2025-12-14 15:51:15
Betr DFS,player_assists,Quentin Grimes,Over,6.5,-137,2025-12-14,2025-12-14T23:50:21Z,2025-12-14 15:51:15
Betr DFS,player_assists,Joel Embiid,Over,2.5,-137,2025-12-14,2025-12-14T23:50:21Z,2025-12-14 15:51:15
Betr DFS,player_assists,Joel Embiid,Under,2.5,-137,2025-12-14,2025-12-14T23:50:21Z,2025-12-14 15:51:15
Betr DFS,player_assists,VJ Edgecombe,Over,2.5,-137,2025-12-14,2025-12-14T23:50:21Z,2025-12-14 15:51:15
Betr DFS,player_assists,VJ Edgecombe,Under,2.5,-137,2025-12-14,2025-12-14T23:50:21Z,2025-12-14 15:51:15
Betr DFS,player_assists,Jalen Johnson,Over,8.5,-137,2025-12-14,2025-12-14T23:50:21Z,2025-12-14 15:51:15
Betr DFS,player_assists,Terance Mann,Over,2.5,-137,2025-12-14,2025-12-14T23:42:25Z,2025-12-14 15:51:15
Betr DFS,player_assists,Trey Murphy III,Over,3.5,-137,2025-12-15,2025-12-14T23:50:47Z,2025-12-14 15:51:15
Betr DFS,player_assists,Trey Murphy III,Under,3.5,-137,2025-12-15,2025-12-14T23:50:47Z,2025-12-14 15:51:15
Betr DFS,player_assists,Russell Westbrook,Over,7.0,-137,2025-12-15,2025-12-14T23:51:24Z,2025-12-14 15:51:15
Betr DFS,player_assists,Russell Westbrook,Under,7.0,-137,2025-12-15,2025-12-14T23:51:24Z,2025-12-14 15:51:15
Betr DFS,player_assists,Julius Randle,Over,6.0,-137,2025-12-15,2025-12-14T23:51:24Z,2025-12-14 15:51:15
Betr DFS,player_assists,Julius Randle,Under,6.0,-137,2025-12-15,2025-12-14T23:51:24Z,2025-12-14 15:51:15
Betr DFS,player_assists,Luka Doncic,Over,8.5,-137,2025-12-15,2025-12-14T23:50:48Z,2025-12-14 15:51:15
Betr DFS,player_assists,Luka Doncic,Under,8.5,-137,2025-12-15,2025-12-14T23:50:48Z,2025-12-14 15:51:15
Betr DFS,player_assists,LeBron James,Over,7.5,-137,2025-12-15,2025-12-14T23:50:48Z,2025-12-14 15:51:15
Betr DFS,player_assists,LeBron James,Under,7.5,-137,2025-12-15,2025-12-14T23:50:48Z,2025-12-14 15:51:15
Betr DFS,player_assists,Grayson Allen,Over,3.5,-137,2025-12-15,2025-12-14T23:50:48Z,2025-12-14 15:51:15
Betr DFS,player_assists,Collin Gillespie,Over,4.5,-137,2025-12-15,2025-12-14T23:50:48Z,2025-12-14 15:51:15
Betr DFS,player_assists,Collin Gillespie,Under,4.5,-137,2025-12-15,2025-12-14T23:50:48Z,2025-12-14 15:51:15
Betr DFS,player_assists,Devin Booker,Over,6.5,-137,2025-12-15,2025-12-14T23:50:48Z,2025-12-14 15:51:15
Betr DFS,player_assists,Jimmy Butler,Over,5.5,-137,2025-12-15,2025-12-14T23:51:32Z,2025-12-14 15:51:15
Betr DFS,player_assists,Draymond Green,Over,5.0,-137,2025-12-15,2025-12-14T23:51:32Z,2025-12-14 15:51:15
Betr DFS,player_assists,Draymond Green,Under,5.0,-137,2025-12-15,2025-12-14T23:51:32Z,2025-12-14 15:51:15
Betr DFS,player_assists,Stephen Curry,Over,4.0,-137,2025-12-15,2025-12-14T23:51:32Z,2025-12-14 15:51:15
Betr DFS,player_assists,Stephen Curry,Under,4.0,-137,2025-12-15,2025-12-14T23:51:32Z,2025-12-14 15:51:15
Betr DFS,player_assists,Deni Avdija,Over,7.5,-137,2025-12-15,2025-12-14T23:51:32Z,2025-12-14 15:51:15
Betr DFS,player_assists,Deni Avdija,Under,7.5,-137,2025-12-15,2025-12-14T23:51:32Z,2025-12-14 15:51:15
DraftKings Pick6,player_assists,Paul George,Over,3.5,-137,2025-12-14,2025-12-14T23:50:57Z,2025-12-14 15:51:15
DraftKings Pick6,player_assists,Paul George,Under,3.5,-137,2025-12-14,2025-12-14T23:50:57Z,2025-12-14 15:51:15
DraftKings Pick6,player_assists,Joel Embiid,Over,2.5,-137,2025-12-14,2025-12-14T23:50:57Z,2025-12-14 15:51:15
DraftKings Pick6,player_assists,Joel Embiid,Under,2.5,-137,2025-12-14,2025-12-14T23:50:57Z,2025-12-14 15:51:15
DraftKings Pick6,player_assists,Dyson Daniels,Over,5.5,-137,2025-12-14,2025-12-14T23:50:57Z,2025-12-14 15:51:15
DraftKings Pick6,player_assists,Dyson Daniels,Under,5.5,-137,2025-12-14,2025-12-14T23:50:57Z,2025-12-14 15:51:15
DraftKings Pick6,player_assists,VJ Edgecombe,Over,2.5,-137,2025-12-14,2025-12-14T23:50:57Z,2025-12-14 15:51:15
DraftKings Pick6,player_assists,VJ Edgecombe,Under,2.5,-137,2025-12-14,2025-12-14T23:50:57Z,2025-12-14 15:51:15
DraftKings Pick6,player_assists,Ryan Rollins,Over,6.5,-137,2025-12-14,2025-12-14T23:50:14Z,2025-12-14 15:51:15
DraftKings Pick6,player_assists,Ryan Rollins,Under,6.5,-137,2025-12-14,2025-12-14T23:50:14Z,2025-12-14 15:51:15
DraftKings Pick6,player_assists,Danny Wolf,Over,1.5,-137,2025-12-14,2025-12-14T23:50:14Z,2025-12-14 15:51:15
DraftKings Pick6,player_assists,Danny Wolf,Under,1.5,-137,2025-12-14,2025-12-14T23:50:14Z,2025-12-14 15:51:15
DraftKings Pick6,player_assists,Trey Murphy III,Over,3.5,-137,2025-12-15,2025-12-14T23:50:16Z,2025-12-14 15:51:15
DraftKings Pick6,player_assists,Trey Murphy III,Under,3.5,-137,2025-12-15,2025-12-14T23:50:16Z,2025-12-14 15:51:15
DraftKings Pick6,player_assists,Matas Buzelis,Over,1.5,-137,2025-12-15,2025-12-14T23:50:16Z,2025-12-14 15:51:15
DraftKings Pick6,player_assists,Matas Buzelis,Under,1.5,-137,2025-12-15,2025-12-14T23:50:16Z,2025-12-14 15:51:15
DraftKings Pick6,player_assists,Russell Westbrook,Over,6.5,-137,2025-12-15,2025-12-14T23:50:32Z,2025-12-14 15:51:15
DraftKings Pick6,player_assists,Russell Westbrook,Under,6.5,-137,2025-12-15,2025-12-14T23:50:32Z,2025-12-14 15:51:15
DraftKings Pick6,player_assists,Rudy Gobert,Over,1.5,-137,2025-12-15,2025-12-14T23:50:32Z,2025-12-14 15:51:15
DraftKings Pick6,player_assists,Rudy Gobert,Under,1.5,-137,2025-12-15,2025-12-14T23:50:32Z,2025-12-14 15:51:15
DraftKings Pick6,player_assists,Luka Doncic,Over,8.5,-137,2025-12-15,2025-12-14T23:50:32Z,2025-12-14 15:51:15
DraftKings Pick6,player_assists,Luka Doncic,Under,8.5,-137,2025-12-15,2025-12-14T23:50:32Z,2025-12-14 15:51:15
DraftKings Pick6,player_assists,Collin Gillespie,Over,4.5,-137,2025-12-15,2025-12-14T23:50:32Z,2025-12-14 15:51:15
DraftKings Pick6,player_assists,Collin Gillespie,Under,4.5,-137,2025-12-15,2025-12-14T23:50:32Z,2025-12-14 15:51:15
DraftKings Pick6,player_assists,Royce O'Neale,Over,2.5,-137,2025-12-15,2025-12-14T23:50:32Z,2025-12-14 15:51:15
DraftKings Pick6,player_assists,Royce O'Neale,Under,2.5,-137,2025-12-15,2025-12-14T23:50:32Z,2025-12-14 15:51:15
DraftKings Pick6,player_assists,Toumani Camara,Over,2.5,-137,2025-12-15,2025-12-14T23:51:21Z,2025-12-14 15:51:15
DraftKings Pick6,player_assists,Toumani Camara,Under,2.5,-137,2025-12-15,2025-12-14T23:51:21Z,2025-12-14 15:51:15
DraftKings Pick6,player_assists,Jerami Grant,Over,2.5,-137,2025-12-15,2025-12-14T23:51:21Z,2025-12-14 15:51:15
DraftKings Pick6,player_assists,Jerami Grant,Under,2.5,-137,2025-12-15,2025-12-14T23:51:21Z,2025-12-14 15:51:15
DraftKings Pick6,player_assists,Brandin Podziemski,Over,2.5,-137,2025-12-15,2025-12-14T23:51:21Z,2025-12-14 15:51:15
DraftKings Pick6,player_assists,Brandin Podziemski,Under,2.5,-137,2025-12-15,2025-12-14T23:51:21Z,2025-12-14 15:51:15
DraftKings Pick6,player_assists,Shaedon Sharpe,Over,2.5,-137,2025-12-15,2025-12-14T23:51:21Z,2025-12-14 15:51:15
DraftKings Pick6,player_assists,Shaedon Sharpe,Under,2.5,-137,2025-12-15,2025-12-14T23:51:21Z,2025-12-14 15:51:15
PrizePicks,player_assists,Josh Giddey,Over,9.0,-137,2025-12-15,2025-12-14T23:51:08Z,2025-12-14 15:51:15
PrizePicks,player_assists,Josh Giddey,Under,9.0,-137,2025-12-15,2025-12-14T23:51:08Z,2025-12-14 15:51:15
PrizePicks,player_assists,Tre Jones,Over,4.0,-137,2025-12-15,2025-12-14T23:51:08Z,2025-12-14 15:51:15
PrizePicks,player_assists,Tre Jones,Under,4.0,-137,2025-12-15,2025-12-14T23:51:08Z,2025-12-14 15:51:15
PrizePicks,player_assists,Trey Murphy III,Over,3.5,-137,2025-12-15,2025-12-14T23:51:08Z,2025-12-14 15:51:15
PrizePicks,player_assists,Trey Murphy III,Under,3.5,-137,2025-12-15,2025-12-14T23:51:08Z,2025-12-14 15:51:15
PrizePicks,player_assists,Matas Buzelis,Over,1.5,-137,2025-12-15,2025-12-14T23:51:08Z,2025-12-14 15:51:15
PrizePicks,player_assists,Matas Buzelis,Under,1.5,-137,2025-12-15,2025-12-14T23:51:08Z,2025-12-14 15:51:15
PrizePicks,player_assists,Russell Westbrook,Over,6.5,-137,2025-12-15,2025-12-14T23:51:12Z,2025-12-14 15:51:15
PrizePicks,player_assists,Russell Westbrook,Under,6.5,-137,2025-12-15,2025-12-14T23:51:12Z,2025-12-14 15:51:15
PrizePicks,player_assists,Julius Randle,Over,6.0,-137,2025-12-15,2025-12-14T23:51:12Z,2025-12-14 15:51:15
PrizePicks,player_assists,Julius Randle,Under,6.0,-137,2025-12-15,2025-12-14T23:51:12Z,2025-12-14 15:51:15
PrizePicks,player_assists,Bones Hyland,Over,4.5,-137,2025-12-15,2025-12-14T23:51:12Z,2025-12-14 15:51:15
PrizePicks,player_assists,Bones Hyland,Under,4.5,-137,2025-12-15,2025-12-14T23:51:12Z,2025-12-14 15:51:15
PrizePicks,player_assists,Rudy Gobert,Over,1.5,-137,2025-12-15,2025-12-14T23:51:12Z,2025-12-14 15:51:15
PrizePicks,player_assists,Rudy Gobert,Under,1.5,-137,2025-12-15,2025-12-14T23:51:12Z,2025-12-14 15:51:15
PrizePicks,player_assists,Luka Doncic,Over,8.5,-137,2025-12-15,2025-12-14T23:51:09Z,2025-12-14 15:51:15
PrizePicks,player_assists,Luka Doncic,Under,8.5,-137,2025-12-15,2025-12-14T23:51:09Z,2025-12-14 15:51:15
PrizePicks,player_assists,LeBron James,Over,7.5,-137,2025-12-15,2025-12-14T23:51:09Z,2025-12-14 15:51:15
PrizePicks,player_assists,LeBron James,Under,7.5,-137,2025-12-15,2025-12-14T23:51:09Z,2025-12-14 15:51:15
PrizePicks,player_assists,Devin Booker,Over,6.0,-137,2025-12-15,2025-12-14T23:51:09Z,2025-12-14 15:51:15
PrizePicks,player_assists,Devin Booker,Under,6.0,-137,2025-12-15,2025-12-14T23:51:09Z,2025-12-14 15:51:15
PrizePicks,player_assists,Collin Gillespie,Over,4.5,-137,2025-12-15,2025-12-14T23:51:09Z,2025-12-14 15:51:15
PrizePicks,player_assists,Collin Gillespie,Under,4.5,-137,2025-12-15,2025-12-14T23:51:09Z,2025-12-14 15:51:15
PrizePicks,player_assists,Royce O'Neale,Over,2.5,-137,2025-12-15,2025-12-14T23:51:09Z,2025-12-14 15:51:15
PrizePicks,player_assists,Royce O'Neale,Under,2.5,-137,2025-12-15,2025-12-14T23:51:09Z,2025-12-14 15:51:15
PrizePicks,player_assists,Deni Avdija,Over,7.0,-137,2025-12-15,2025-12-14T23:51:11Z,2025-12-14 15:51:15
PrizePicks,player_assists,Deni Avdija,Under,7.0,-137,2025-12-15,2025-12-14T23:51:11Z,2025-12-14 15:51:15
PrizePicks,player_assists,Draymond Green,Over,5.0,-137,2025-12-15,2025-12-14T23:51:11Z,2025-12-14 15:51:15
PrizePicks,player_assists,Draymond Green,Under,5.0,-137,2025-12-15,2025-12-14T23:51:11Z,2025-12-14 15:51:15
PrizePicks,player_assists,Jimmy Butler,Over,5.0,-137,2025-12-15,2025-12-14T23:51:11Z,2025-12-14 15:51:15
PrizePicks,player_assists,Jimmy Butler,Under,5.0,-137,2025-12-15,2025-12-14T23:51:11Z,2025-12-14 15:51:15
PrizePicks,player_assists,Stephen Curry,Over,4.0,-137,2025-12-15,2025-12-14T23:51:11Z,2025-12-14 15:51:15
PrizePicks,player_assists,Stephen Curry,Under,4.0,-137,2025-12-15,2025-12-14T23:51:11Z,2025-12-14 15:51:15
PrizePicks,player_assists,Jerami Grant,Over,2.5,-137,2025-12-15,2025-12-14T23:51:11Z,2025-12-14 15:51:15
PrizePicks,player_assists,Jerami Grant,Under,2.5,-137,2025-12-15,2025-12-14T23:51:11Z,2025-12-14 15:51:15
PrizePicks,player_assists,Shaedon Sharpe,Over,2.5,-137,2025-12-15,2025-12-14T23:51:11Z,2025-12-14 15:51:15
PrizePicks,player_assists,Shaedon Sharpe,Under,2.5,-137,2025-12-15,2025-12-14T23:51:11Z,2025-12-14 15:51:15
PrizePicks,player_assists,Toumani Camara,Over,2.5,-137,2025-12-15,2025-12-14T23:51:11Z,2025-12-14 15:51:15
PrizePicks,player_assists,Toumani Camara,Under,2.5,-137,2025-12-15,2025-12-14T23:51:11Z,2025-12-14 15:51:15
PrizePicks,player_assists,Brandin Podziemski,Over,2.5,-137,2025-12-15,2025-12-14T23:51:11Z,2025-12-14 15:51:15
PrizePicks,player_assists,Brandin Podziemski,Under,2.5,-137,2025-12-15,2025-12-14T23:51:11Z,2025-12-14 15:51:15
PrizePicks,player_assists,Tyler Herro,Over,3.5,-137,2025-12-16,2025-12-14T23:51:07Z,2025-12-14 15:51:15
PrizePicks,player_assists,Tyler Herro,Under,3.5,-137,2025-12-16,2025-12-14T23:51:07Z,2025-12-14 15:51:15
PrizePicks,player_assists,Bam Adebayo,Over,2.5,-137,2025-12-16,2025-12-14T23:51:07Z,2025-12-14 15:51:15
PrizePicks,player_assists,Bam Adebayo,Under,2.5,-137,2025-12-16,2025-12-14T23:51:07Z,2025-12-14 15:51:15
PrizePicks,player_assists,Jalen Brunson,Over,6.5,-137,2025-12-17,2025-12-14T23:51:06Z,2025-12-14 15:51:15
PrizePicks,player_assists,Jalen Brunson,Under,6.5,-137,2025-12-17,2025-12-14T23:51:06Z,2025-12-14 15:51:15
PrizePicks,player_assists,Mikal Bridges,Over,3.5,-137,2025-12-17,2025-12-14T23:51:06Z,2025-12-14 15:51:15
PrizePicks,player_assists,Mikal Bridges,Under,3.5,-137,2025-12-17,2025-12-14T23:51:06Z,2025-12-14 15:51:15
Underdog,player_assists,Matas Buzelis,Over,1.5,-137,2025-12-15,2025-12-14T23:50:42Z,2025-12-14 15:51:15
Underdog,player_assists,Matas Buzelis,Under,1.5,-137,2025-12-15,2025-12-14T23:50:42Z,2025-12-14 15:51:15
Underdog,player_assists,Trey Murphy III,Over,3.5,-137,2025-12-15,2025-12-14T23:50:42Z,2025-12-14 15:51:15
Underdog,player_assists,Trey Murphy III,Under,3.5,-137,2025-12-15,2025-12-14T23:50:42Z,2025-12-14 15:51:15
Underdog,player_assists,Rudy Gobert,Over,1.5,-137,2025-12-15,2025-12-14T23:51:29Z,2025-12-14 15:51:15
Underdog,player_assists,Rudy Gobert,Under,1.5,-137,2025-12-15,2025-12-14T23:51:29Z,2025-12-14 15:51:15
Underdog,player_assists,Bones Hyland,Over,4.5,-137,2025-12-15,2025-12-14T23:51:29Z,2025-12-14 15:51:15
Underdog,player_assists,Bones Hyland,Under,4.5,-137,2025-12-15,2025-12-14T23:51:29Z,2025-12-14 15:51:15
Underdog,player_assists,Royce O'Neale,Over,2.5,-137,2025-12-15,2025-12-14T23:51:07Z,2025-12-14 15:51:15
Underdog,player_assists,Royce O'Neale,Under,2.5,-137,2025-12-15,2025-12-14T23:51:07Z,2025-12-14 15:51:15
Underdog,player_assists,Collin Gillespie,Over,4.5,-137,2025-12-15,2025-12-14T23:51:07Z,2025-12-14 15:51:15
Underdog,player_assists,Collin Gillespie,Under,4.5,-137,2025-12-15,2025-12-14T23:51:07Z,2025-12-14 15:51:15
Underdog,player_assists,Jerami Grant,Over,2.5,-137,2025-12-15,2025-12-14T23:51:12Z,2025-12-14 15:51:15
Underdog,player_assists,Jerami Grant,Under,2.5,-137,2025-12-15,2025-12-14T23:51:12Z,2025-12-14 15:51:15
Underdog,player_assists,Brandin Podziemski,Over,2.5,-137,2025-12-15,2025-12-14T23:51:12Z,2025-12-14 15:51:15
Underdog,player_assists,Brandin Podziemski,Under,2.5,-137,2025-12-15,2025-12-14T23:51:12Z,2025-12-14 15:51:15
Underdog,player_assists,Shaedon Sharpe,Over,2.5,-137,2025-12-15,2025-12-14T23:51:12Z,2025-12-14 15:51:15
Underdog,player_assists,Shaedon Sharpe,Under,2.5,-137,2025-12-15,2025-12-14T23:51:12Z,2025-12-14 15:51:15
Underdog,player_assists,Toumani Camara,Over,2.5,-137,2025-12-15,2025-12-14T23:51:12Z,2025-12-14 15:51:15
Underdog,player_assists,Toumani Camara,Under,2.5,-137,2025-12-15,2025-12-14T23:51:12Z,2025-12-14 15:51:15
Underdog,player_assists,Victor Wembanyama,Over,3.5,-137,2025-12-17,2025-12-14T23:51:33Z,2025-12-14 15:51:15
Underdog,player_assists,Victor Wembanyama,Under,3.5,-137,2025-12-17,2025-12-14T23:51:33Z,2025-12-14 15:51:15
Underdog,player_assists,Jalen Brunson,Over,6.5,-137,2025-12-17,2025-12-14T23:51:33Z,2025-12-14 15:51:15
Underdog,player_assists,Jalen Brunson,Under,6.5,-137,2025-12-17,2025-12-14T23:51:33Z,2025-12-14 15:51:15
Underdog,player_assists,Jordan Clarkson,Over,1.5,-137,2025-12-17,2025-12-14T23:51:33Z,2025-12-14 15:51:15
Underdog,player_assists,Jordan Clarkson,Under,1.5,-137,2025-12-17,2025-12-14T23:51:33Z,2025-12-14 15:51:15
Underdog,player_assists,Harrison Barnes,Over,1.5,-137,2025-12-17,2025-12-14T23:51:33Z,2025-12-14 15:51:15
Underdog,player_assists,Harrison Barnes,Under,1.5,-137,2025-12-17,2025-12-14T23:51:33Z,2025-12-14 15:51:15
Underdog,player_assists,Mikal Bridges,Over,3.5,-137,2025-12-17,2025-12-14T23:51:33Z,2025-12-14 15:51:15
Underdog,player_assists,Mikal Bridges,Under,3.5,-137,2025-12-17,2025-12-14T23:51:33Z,2025-12-14 15:51:15
Betr DFS,player_threes,Vit Krejci,Over,3.5,-137,2025-12-14,2025-12-14T23:50:21Z,2025-12-14 15:51:15
Betr DFS,player_threes,Luke Kennard,Over,1.5,-137,2025-12-14,2025-12-14T23:50:21Z,2025-12-14 15:51:15
Betr DFS,player_threes,Ryan Rollins,Over,1.5,-137,2025-12-14,2025-12-14T23:50:44Z,2025-12-14 15:51:15
Betr DFS,player_threes,Noah Clowney,Over,1.5,-137,2025-12-14,2025-12-14T23:50:44Z,2025-12-14 15:51:15
Betr DFS,player_threes,Saddiq Bey,Over,1.5,-137,2025-12-15,2025-12-14T23:50:47Z,2025-12-14 15:51:15
Betr DFS,player_threes,Saddiq Bey,Under,1.5,-137,2025-12-15,2025-12-14T23:50:47Z,2025-12-14 15:51:15
Betr DFS,player_threes,Jordan Poole,Over,2.5,-137,2025-12-15,2025-12-14T23:50:47Z,2025-12-14 15:51:15
Betr DFS,player_threes,Jordan Poole,Under,2.5,-137,2025-12-15,2025-12-14T23:50:47Z,2025-12-14 15:51:15
Betr DFS,player_threes,Nikola Vucevic,Over,1.5,-137,2025-12-15,2025-12-14T23:50:47Z,2025-12-14 15:51:15
Betr DFS,player_threes,Nikola Vucevic,Under,1.5,-137,2025-12-15,2025-12-14T23:50:47Z,2025-12-14 15:51:15
Betr DFS,player_threes,Kevin Huerter,Over,1.5,-137,2025-12-15,2025-12-14T23:50:47Z,2025-12-14 15:51:15
Betr DFS,player_threes,Kevin Huerter,Under,1.5,-137,2025-12-15,2025-12-14T23:50:47Z,2025-12-14 15:51:15
Betr DFS,player_threes,Matas Buzelis,Over,1.5,-137,2025-12-15,2025-12-14T23:50:47Z,2025-12-14 15:51:15
Betr DFS,player_threes,Matas Buzelis,Under,1.5,-137,2025-12-15,2025-12-14T23:50:47Z,2025-12-14 15:51:15
Betr DFS,player_threes,Zach LaVine,Over,2.5,-137,2025-12-15,2025-12-14T23:51:24Z,2025-12-14 15:51:15
Betr DFS,player_threes,Zach LaVine,Under,2.5,-137,2025-12-15,2025-12-14T23:51:24Z,2025-12-14 15:51:15
Betr DFS,player_threes,Naz Reid,Over,2.5,-137,2025-12-15,2025-12-14T23:51:24Z,2025-12-14 15:51:15
Betr DFS,player_threes,Naz Reid,Under,2.5,-137,2025-12-15,2025-12-14T23:51:24Z,2025-12-14 15:51:15
Betr DFS,player_threes,Jaden McDaniels,Over,1.5,-137,2025-12-15,2025-12-14T23:51:24Z,2025-12-14 15:51:15
Betr DFS,player_threes,Jaden McDaniels,Under,1.5,-137,2025-12-15,2025-12-14T23:51:24Z,2025-12-14 15:51:15
Betr DFS,player_threes,Marcus Smart,Over,1.5,-137,2025-12-15,2025-12-14T23:50:48Z,2025-12-14 15:51:15
Betr DFS,player_threes,Marcus Smart,Under,1.5,-137,2025-12-15,2025-12-14T23:50:48Z,2025-12-14 15:51:15
Betr DFS,player_threes,Rui Hachimura,Over,1.5,-137,2025-12-15,2025-12-14T23:50:48Z,2025-12-14 15:51:15
Betr DFS,player_threes,Rui Hachimura,Under,1.5,-137,2025-12-15,2025-12-14T23:50:48Z,2025-12-14 15:51:15
Betr DFS,player_threes,Royce O'Neale,Over,2.5,-137,2025-12-15,2025-12-14T23:50:48Z,2025-12-14 15:51:15
Betr DFS,player_threes,Collin Gillespie,Over,2.5,-137,2025-12-15,2025-12-14T23:50:48Z,2025-12-14 15:51:15
Betr DFS,player_threes,Collin Gillespie,Under,2.5,-137,2025-12-15,2025-12-14T23:50:48Z,2025-12-14 15:51:15
Betr DFS,player_threes,Draymond Green,Over,1.5,-137,2025-12-15,2025-12-14T23:51:32Z,2025-12-14 15:51:15
Betr DFS,player_threes,Stephen Curry,Over,4.5,-137,2025-12-15,2025-12-14T23:51:32Z,2025-12-14 15:51:15
Betr DFS,player_threes,Stephen Curry,Under,4.5,-137,2025-12-15,2025-12-14T23:51:32Z,2025-12-14 15:51:15
DraftKings Pick6,player_threes,Quentin Grimes,Over,3.5,-137,2025-12-14,2025-12-14T23:50:57Z,2025-12-14 15:51:15
DraftKings Pick6,player_threes,Quentin Grimes,Under,3.5,-137,2025-12-14,2025-12-14T23:50:57Z,2025-12-14 15:51:15
DraftKings Pick6,player_threes,Terance Mann,Over,1.5,-137,2025-12-14,2025-12-14T23:50:14Z,2025-12-14 15:51:15
DraftKings Pick6,player_threes,Terance Mann,Under,1.5,-137,2025-12-14,2025-12-14T23:50:14Z,2025-12-14 15:51:15
DraftKings Pick6,player_threes,Jordan Poole,Over,2.5,-137,2025-12-15,2025-12-14T23:50:16Z,2025-12-14 15:51:15
DraftKings Pick6,player_threes,Jordan Poole,Over,2.5,-137,2025-12-15,2025-12-14T23:50:16Z,2025-12-14 15:51:15
DraftKings Pick6,player_threes,Jordan Poole,Under,2.5,-137,2025-12-15,2025-12-14T23:50:16Z,2025-12-14 15:51:15
DraftKings Pick6,player_threes,Saddiq Bey,Over,1.5,-137,2025-12-15,2025-12-14T23:50:16Z,2025-12-14 15:51:15
DraftKings Pick6,player_threes,Saddiq Bey,Under,1.5,-137,2025-12-15,2025-12-14T23:50:16Z,2025-12-14 15:51:15
DraftKings Pick6,player_threes,Matas Buzelis,Over,1.5,-137,2025-12-15,2025-12-14T23:50:16Z,2025-12-14 15:51:15
DraftKings Pick6,player_threes,Matas Buzelis,Under,1.5,-137,2025-12-15,2025-12-14T23:50:16Z,2025-12-14 15:51:15
DraftKings Pick6,player_threes,Nikola Vucevic,Over,1.5,-137,2025-12-15,2025-12-14T23:50:16Z,2025-12-14 15:51:15
DraftKings Pick6,player_threes,Nikola Vucevic,Under,1.5,-137,2025-12-15,2025-12-14T23:50:16Z,2025-12-14 15:51:15
DraftKings Pick6,player_threes,Zach LaVine,Over,2.5,-137,2025-12-15,2025-12-14T23:50:32Z,2025-12-14 15:51:15
DraftKings Pick6,player_threes,Zach LaVine,Over,2.5,-137,2025-12-15,2025-12-14T23:50:32Z,2025-12-14 15:51:15
DraftKings Pick6,player_threes,Zach LaVine,Under,2.5,-137,2025-12-15,2025-12-14T23:50:32Z,2025-12-14 15:51:15
DraftKings Pick6,player_threes,Naz Reid,Over,2.5,-137,2025-12-15,2025-12-14T23:50:32Z,2025-12-14 15:51:15
DraftKings Pick6,player_threes,Naz Reid,Under,2.5,-137,2025-12-15,2025-12-14T23:50:32Z,2025-12-14 15:51:15
DraftKings Pick6,player_threes,Rui Hachimura,Over,1.5,-137,2025-12-15,2025-12-14T23:50:32Z,2025-12-14 15:51:15
DraftKings Pick6,player_threes,Rui Hachimura,Under,1.5,-137,2025-12-15,2025-12-14T23:50:32Z,2025-12-14 15:51:15
DraftKings Pick6,player_threes,Marcus Smart,Over,1.5,-137,2025-12-15,2025-12-14T23:50:32Z,2025-12-14 15:51:15
DraftKings Pick6,player_threes,Marcus Smart,Under,1.5,-137,2025-12-15,2025-12-14T23:50:32Z,2025-12-14 15:51:15
PrizePicks,player_threes,Matas Buzelis,Over,1.5,-137,2025-12-15,2025-12-14T23:51:08Z,2025-12-14 15:51:15
PrizePicks,player_threes,Matas Buzelis,Under,1.5,-137,2025-12-15,2025-12-14T23:51:08Z,2025-12-14 15:51:15
PrizePicks,player_threes,Zach Collins,Over,0.5,-137,2025-12-15,2025-12-14T23:51:08Z,2025-12-14 15:51:15
PrizePicks,player_threes,Zach Collins,Under,0.5,-137,2025-12-15,2025-12-14T23:51:08Z,2025-12-14 15:51:15
PrizePicks,player_threes,Zach LaVine,Over,2.5,-137,2025-12-15,2025-12-14T23:51:12Z,2025-12-14 15:51:15
PrizePicks,player_threes,Zach LaVine,Under,2.5,-137,2025-12-15,2025-12-14T23:51:12Z,2025-12-14 15:51:15
PrizePicks,player_threes,Marcus Smart,Over,1.5,-137,2025-12-15,2025-12-14T23:51:09Z,2025-12-14 15:51:15
PrizePicks,player_threes,Marcus Smart,Under,1.5,-137,2025-12-15,2025-12-14T23:51:09Z,2025-12-14 15:51:15
PrizePicks,player_threes,Rui Hachimura,Over,1.5,-137,2025-12-15,2025-12-14T23:51:09Z,2025-12-14 15:51:15
PrizePicks,player_threes,Rui Hachimura,Under,1.5,-137,2025-12-15,2025-12-14T23:51:09Z,2025-12-14 15:51:15
PrizePicks,player_threes,Stephen Curry,Over,4.5,-137,2025-12-15,2025-12-14T23:51:11Z,2025-12-14 15:51:15
PrizePicks,player_threes,Stephen Curry,Under,4.5,-137,2025-12-15,2025-12-14T23:51:11Z,2025-12-14 15:51:15
PrizePicks,player_threes,Jimmy Butler,Over,0.5,-137,2025-12-15,2025-12-14T23:51:11Z,2025-12-14 15:51:15
PrizePicks,player_threes,Jimmy Butler,Under,0.5,-137,2025-12-15,2025-12-14T23:51:11Z,2025-12-14 15:51:15
PrizePicks,player_threes,Tyler Herro,Over,2.5,-137,2025-12-16,2025-12-14T23:51:07Z,2025-12-14 15:51:15
PrizePicks,player_threes,Tyler Herro,Under,2.5,-137,2025-12-16,2025-12-14T23:51:07Z,2025-12-14 15:51:15
PrizePicks,player_threes,Andrew Wiggins,Over,1.5,-137,2025-12-16,2025-12-14T23:51:07Z,2025-12-14 15:51:15
PrizePicks,player_threes,Andrew Wiggins,Under,1.5,-137,2025-12-16,2025-12-14T23:51:07Z,2025-12-14 15:51:15
Underdog,player_threes,Matas Buzelis,Over,1.5,-137,2025-12-15,2025-12-14T23:50:42Z,2025-12-14 15:51:15
Underdog,player_threes,Matas Buzelis,Under,1.5,-137,2025-12-15,2025-12-14T23:50:42Z,2025-12-14 15:51:15
Underdog,player_threes,Zach Collins,Over,0.5,-137,2025-12-15,2025-12-14T23:50:42Z,2025-12-14 15:51:15
Underdog,player_threes,Zach Collins,Under,0.5,-137,2025-12-15,2025-12-14T23:50:42Z,2025-12-14 15:51:15
Underdog,player_threes,Zach LaVine,Over,2.5,-137,2025-12-15,2025-12-14T23:51:29Z,2025-12-14 15:51:15
Underdog,player_threes,Zach LaVine,Under,2.5,-137,2025-12-15,2025-12-14T23:51:29Z,2025-12-14 15:51:15
Underdog,player_threes,Marcus Smart,Over,1.5,-137,2025-12-15,2025-12-14T23:51:07Z,2025-12-14 15:51:15
Underdog,player_threes,Marcus Smart,Under,1.5,-137,2025-12-15,2025-12-14T23:51:07Z,2025-12-14 15:51:15
Underdog,player_threes,Rui Hachimura,Over,1.5,-137,2025-12-15,2025-12-14T23:51:07Z,2025-12-14 15:51:15
Underdog,player_threes,Rui Hachimura,Under,1.5,-137,2025-12-15,2025-12-14T23:51:07Z,2025-12-14 15:51:15
Underdog,player_threes,Jimmy Butler,Over,0.5,-137,2025-12-15,2025-12-14T23:51:12Z,2025-12-14 15:51:15
Underdog,player_threes,Jimmy Butler,Under,0.5,-137,2025-12-15,2025-12-14T23:51:12Z,2025-12-14 15:51:15
Underdog,player_threes,Tyler Herro,Over,2.5,-137,2025-12-16,2025-12-14T23:51:26Z,2025-12-14 15:51:15
Underdog,player_threes,Tyler Herro,Under,2.5,-137,2025-12-16,2025-12-14T23:51:26Z,2025-12-14 15:51:15
Underdog,player_threes,Andrew Wiggins,Over,1.5,-137,2025-12-16,2025-12-14T23:51:26Z,2025-12-14 15:51:15
Underdog,player_threes,Andrew Wiggins,Under,1.5,-137,2025-12-16,2025-12-14T23:51:26Z,2025-12-14 15:51:15
PrizePicks,player_blocks,Jalen Smith,Over,0.5,-137,2025-12-15,2025-12-14T23:51:08Z,2025-12-14 15:51:15
PrizePicks,player_blocks,Jalen Smith,Under,0.5,-137,2025-12-15,2025-12-14T23:51:08Z,2025-12-14 15:51:15
PrizePicks,player_blocks,Zach Collins,Over,0.5,-137,2025-12-15,2025-12-14T23:51:08Z,2025-12-14 15:51:15
PrizePicks,player_blocks,Zach Collins,Under,0.5,-137,2025-12-15,2025-12-14T23:51:08Z,2025-12-14 15:51:15
PrizePicks,player_blocks,Victor Wembanyama,Over,2.5,-137,2025-12-17,2025-12-14T23:51:06Z,2025-12-14 15:51:15
PrizePicks,player_blocks,Victor Wembanyama,Under,2.5,-137,2025-12-17,2025-12-14T23:51:06Z,2025-12-14 15:51:15
Betr DFS,player_blocks,Isaac Okoro,Over,0.5,-137,2025-12-15,2025-12-14T23:50:47Z,2025-12-14 15:51:15
Betr DFS,player_blocks,Jalen Smith,Over,0.5,-137,2025-12-15,2025-12-14T23:50:47Z,2025-12-14 15:51:15
Betr DFS,player_blocks,Jalen Smith,Under,0.5,-137,2025-12-15,2025-12-14T23:50:47Z,2025-12-14 15:51:15
Betr DFS,player_blocks,Josh Giddey,Over,0.5,-137,2025-12-15,2025-12-14T23:50:47Z,2025-12-14 15:51:15
Betr DFS,player_blocks,Zach Collins,Over,0.5,-137,2025-12-15,2025-12-14T23:50:47Z,2025-12-14 15:51:15
Betr DFS,player_blocks,Zach Collins,Under,0.5,-137,2025-12-15,2025-12-14T23:50:47Z,2025-12-14 15:51:15
Betr DFS,player_blocks,Jerami Grant,Over,0.5,-137,2025-12-15,2025-12-14T23:51:32Z,2025-12-14 15:51:15
Betr DFS,player_blocks,Jerami Grant,Under,0.5,-137,2025-12-15,2025-12-14T23:51:32Z,2025-12-14 15:51:15
Betr DFS,player_blocks,Toumani Camara,Over,0.5,-137,2025-12-15,2025-12-14T23:51:32Z,2025-12-14 15:51:15
Betr DFS,player_blocks,Toumani Camara,Under,0.5,-137,2025-12-15,2025-12-14T23:51:32Z,2025-12-14 15:51:15
DraftKings Pick6,player_blocks,Toumani Camara,Over,0.5,-137,2025-12-15,2025-12-14T23:46:31Z,2025-12-14 15:51:15
DraftKings Pick6,player_blocks,Toumani Camara,Under,0.5,-137,2025-12-15,2025-12-14T23:46:31Z,2025-12-14 15:51:15
DraftKings Pick6,player_blocks,Jerami Grant,Over,0.5,-137,2025-12-15,2025-12-14T23:46:31Z,2025-12-14 15:51:15
DraftKings Pick6,player_blocks,Jerami Grant,Under,0.5,-137,2025-12-15,2025-12-14T23:46:31Z,2025-12-14 15:51:15
Betr DFS,player_steals,Joel Embiid,Over,0.5,-137,2025-12-14,2025-12-14T23:50:21Z,2025-12-14 15:51:15
Betr DFS,player_steals,Onyeka Okongwu,Over,1.5,-137,2025-12-14,2025-12-14T23:50:21Z,2025-12-14 15:51:15
Betr DFS,player_steals,Nickeil Alexander-Walker,Over,1.5,-137,2025-12-14,2025-12-14T23:50:21Z,2025-12-14 15:51:15
Betr DFS,player_steals,Trey Murphy III,Over,1.5,-137,2025-12-15,2025-12-14T23:50:47Z,2025-12-14 15:51:15
Betr DFS,player_steals,Jordan Poole,Over,0.5,-137,2025-12-15,2025-12-14T23:50:47Z,2025-12-14 15:51:15
Betr DFS,player_steals,Coby White,Over,0.5,-137,2025-12-15,2025-12-14T23:50:47Z,2025-12-14 15:51:15
Betr DFS,player_steals,Isaac Okoro,Over,0.5,-137,2025-12-15,2025-12-14T23:50:47Z,2025-12-14 15:51:15
Betr DFS,player_steals,Kevin Huerter,Over,0.5,-137,2025-12-15,2025-12-14T23:50:47Z,2025-12-14 15:51:15
Betr DFS,player_steals,Malik Monk,Over,0.5,-137,2025-12-15,2025-12-14T23:51:24Z,2025-12-14 15:51:15
Betr DFS,player_steals,Maxime Raynaud,Over,0.5,-137,2025-12-15,2025-12-14T23:51:24Z,2025-12-14 15:51:15
Betr DFS,player_steals,Rudy Gobert,Over,0.5,-137,2025-12-15,2025-12-14T23:51:24Z,2025-12-14 15:51:15
Betr DFS,player_steals,Terrence Shannon Jr.,Over,0.5,-137,2025-12-15,2025-12-14T23:51:24Z,2025-12-14 15:51:15
Betr DFS,player_steals,Marcus Smart,Over,1.5,-137,2025-12-15,2025-12-14T23:50:48Z,2025-12-14 15:51:15
Betr DFS,player_steals,Luka Doncic,Over,1.5,-137,2025-12-15,2025-12-14T23:50:48Z,2025-12-14 15:51:15
Betr DFS,player_steals,Rui Hachimura,Over,0.5,-137,2025-12-15,2025-12-14T23:50:48Z,2025-12-14 15:51:15
Betr DFS,player_steals,Jimmy Butler,Over,1.5,-137,2025-12-15,2025-12-14T23:51:32Z,2025-12-14 15:51:15
Betr DFS,player_steals,Donovan Clingan,Over,0.5,-137,2025-12-15,2025-12-14T23:51:32Z,2025-12-14 15:51:15
DraftKings Pick6,player_steals,Dominick Barlow,Over,1.5,-137,2025-12-14,2025-12-14T23:50:57Z,2025-12-14 15:51:15
DraftKings Pick6,player_steals,Dominick Barlow,Under,1.5,-137,2025-12-14,2025-12-14T23:50:57Z,2025-12-14 15:51:15
DraftKings Pick6,player_steals,Onyeka Okongwu,Over,1.5,-137,2025-12-14,2025-12-14T23:50:57Z,2025-12-14 15:51:15
DraftKings Pick6,player_steals,Onyeka Okongwu,Under,1.5,-137,2025-12-14,2025-12-14T23:50:57Z,2025-12-14 15:51:15
DraftKings Pick6,player_steals,Joel Embiid,Over,0.5,-137,2025-12-14,2025-12-14T23:50:57Z,2025-12-14 15:51:15
DraftKings Pick6,player_steals,Joel Embiid,Under,0.5,-137,2025-12-14,2025-12-14T23:50:57Z,2025-12-14 15:51:15
DraftKings Pick6,player_steals,Nickeil Alexander-Walker,Over,1.5,-137,2025-12-14,2025-12-14T23:50:57Z,2025-12-14 15:51:15
DraftKings Pick6,player_steals,Nickeil Alexander-Walker,Under,1.5,-137,2025-12-14,2025-12-14T23:50:57Z,2025-12-14 15:51:15
DraftKings Pick6,player_steals,Gary Trent Jr,Over,0.5,-137,2025-12-14,2025-12-14T23:50:14Z,2025-12-14 15:51:15
DraftKings Pick6,player_steals,Gary Trent Jr,Under,0.5,-137,2025-12-14,2025-12-14T23:50:14Z,2025-12-14 15:51:15
DraftKings Pick6,player_steals,Trey Murphy III,Over,1.5,-137,2025-12-15,2025-12-14T23:50:16Z,2025-12-14 15:51:15
DraftKings Pick6,player_steals,Malik Monk,Over,0.5,-137,2025-12-15,2025-12-14T23:50:32Z,2025-12-14 15:51:15
DraftKings Pick6,player_steals,Malik Monk,Under,0.5,-137,2025-12-15,2025-12-14T23:50:32Z,2025-12-14 15:51:15
DraftKings Pick6,player_steals,Luka Doncic,Over,1.5,-137,2025-12-15,2025-12-14T23:50:32Z,2025-12-14 15:51:15
DraftKings Pick6,player_steals,Marcus Smart,Over,1.5,-137,2025-12-15,2025-12-14T23:50:32Z,2025-12-14 15:51:15
DraftKings Pick6,player_steals,Jimmy Butler,Over,1.5,-137,2025-12-15,2025-12-14T23:51:21Z,2025-12-14 15:51:15
PrizePicks,player_steals,Jordan Poole,Over,0.5,-137,2025-12-15,2025-12-14T23:51:08Z,2025-12-14 15:51:15
PrizePicks,player_steals,Jordan Poole,Under,0.5,-137,2025-12-15,2025-12-14T23:51:08Z,2025-12-14 15:51:15
PrizePicks,player_steals,Maxime Raynaud,Over,0.5,-137,2025-12-15,2025-12-14T23:51:12Z,2025-12-14 15:51:15
PrizePicks,player_steals,Maxime Raynaud,Under,0.5,-137,2025-12-15,2025-12-14T23:51:12Z,2025-12-14 15:51:15
PrizePicks,player_steals,Rudy Gobert,Over,0.5,-137,2025-12-15,2025-12-14T23:51:12Z,2025-12-14 15:51:15
PrizePicks,player_steals,Rudy Gobert,Under,0.5,-137,2025-12-15,2025-12-14T23:51:12Z,2025-12-14 15:51:15
PrizePicks,player_steals,Dennis Schroder,Over,0.5,-137,2025-12-15,2025-12-14T23:51:12Z,2025-12-14 15:51:15
PrizePicks,player_steals,Dennis Schroder,Under,0.5,-137,2025-12-15,2025-12-14T23:51:12Z,2025-12-14 15:51:15
PrizePicks,player_steals,Rui Hachimura,Over,0.5,-137,2025-12-15,2025-12-14T23:51:09Z,2025-12-14 15:51:15
PrizePicks,player_steals,Rui Hachimura,Under,0.5,-137,2025-12-15,2025-12-14T23:51:09Z,2025-12-14 15:51:15
PrizePicks,player_steals,Mikal Bridges,Over,1.5,-137,2025-12-17,2025-12-14T23:51:06Z,2025-12-14 15:51:15
PrizePicks,player_steals,Mikal Bridges,Under,1.5,-137,2025-12-17,2025-12-14T23:51:06Z,2025-12-14 15:51:15
Underdog,player_steals,Josh Hart,Over,1.5,-137,2025-12-17,2025-12-14T23:51:33Z,2025-12-14 15:51:15
Underdog,player_steals,Josh Hart,Under,1.5,-137,2025-12-17,2025-12-14T23:51:33Z,2025-12-14 15:51:15
PrizePicks,player_field_goals,Coby White,Over,7.5,-137,2025-12-15,2025-12-14T23:51:08Z,2025-12-14 15:51:15
PrizePicks,player_field_goals,Coby White,Under,7.5,-137,2025-12-15,2025-12-14T23:51:08Z,2025-12-14 15:51:15
PrizePicks,player_field_goals,Derik Queen,Over,5.5,-137,2025-12-15,2025-12-14T23:51:08Z,2025-12-14 15:51:15
PrizePicks,player_field_goals,Derik Queen,Under,5.5,-137,2025-12-15,2025-12-14T23:51:08Z,2025-12-14 15:51:15
PrizePicks,player_field_goals,Jalen Smith,Over,2.5,-137,2025-12-15,2025-12-14T23:51:08Z,2025-12-14 15:51:15
PrizePicks,player_field_goals,Jalen Smith,Under,2.5,-137,2025-12-15,2025-12-14T23:51:08Z,2025-12-14 15:51:15
PrizePicks,player_field_goals,DeMar DeRozan,Over,6.5,-137,2025-12-15,2025-12-14T23:51:12Z,2025-12-14 15:51:15
PrizePicks,player_field_goals,DeMar DeRozan,Under,6.5,-137,2025-12-15,2025-12-14T23:51:12Z,2025-12-14 15:51:15
PrizePicks,player_field_goals,Rui Hachimura,Over,4.5,-137,2025-12-15,2025-12-14T23:51:09Z,2025-12-14 15:51:15
PrizePicks,player_field_goals,Rui Hachimura,Under,4.5,-137,2025-12-15,2025-12-14T23:51:09Z,2025-12-14 15:51:15
PrizePicks,player_field_goals,Marcus Smart,Over,3.5,-137,2025-12-15,2025-12-14T23:51:09Z,2025-12-14 15:51:15
PrizePicks,player_field_goals,Marcus Smart,Under,3.5,-137,2025-12-15,2025-12-14T23:51:09Z,2025-12-14 15:51:15
PrizePicks,player_field_goals,Jake LaRavia,Over,2.5,-137,2025-12-15,2025-12-14T23:51:09Z,2025-12-14 15:51:15
PrizePicks,player_field_goals,Jake LaRavia,Under,2.5,-137,2025-12-15,2025-12-14T23:51:09Z,2025-12-14 15:51:15
PrizePicks,player_field_goals,Donovan Clingan,Over,3.5,-137,2025-12-15,2025-12-14T23:51:11Z,2025-12-14 15:51:15
PrizePicks,player_field_goals,Donovan Clingan,Under,3.5,-137,2025-12-15,2025-12-14T23:51:11Z,2025-12-14 15:51:15
PrizePicks,player_field_goals,Draymond Green,Over,3.5,-137,2025-12-15,2025-12-14T23:51:11Z,2025-12-14 15:51:15
PrizePicks,player_field_goals,Draymond Green,Under,3.5,-137,2025-12-15,2025-12-14T23:51:11Z,2025-12-14 15:51:15
PrizePicks,player_field_goals,Quinten Post,Over,3.5,-137,2025-12-15,2025-12-14T23:51:11Z,2025-12-14 15:51:15
PrizePicks,player_field_goals,Quinten Post,Under,3.5,-137,2025-12-15,2025-12-14T23:51:11Z,2025-12-14 15:51:15
PrizePicks,player_frees_made,Coby White,Over,4.5,-137,2025-12-15,2025-12-14T23:51:08Z,2025-12-14 15:51:15
PrizePicks,player_frees_made,Coby White,Under,4.5,-137,2025-12-15,2025-12-14T23:51:08Z,2025-12-14 15:51:15
PrizePicks,player_frees_made,Derik Queen,Over,2.5,-137,2025-12-15,2025-12-14T23:51:08Z,2025-12-14 15:51:15
PrizePicks,player_frees_made,Derik Queen,Under,2.5,-137,2025-12-15,2025-12-14T23:51:08Z,2025-12-14 15:51:15
PrizePicks,player_frees_made,Maxime Raynaud,Over,1.5,-137,2025-12-15,2025-12-14T23:51:12Z,2025-12-14 15:51:15
PrizePicks,player_frees_made,Maxime Raynaud,Under,1.5,-137,2025-12-15,2025-12-14T23:51:12Z,2025-12-14 15:51:15
PrizePicks,player_frees_made,Luka Doncic,Over,8.5,-137,2025-12-15,2025-12-14T23:51:09Z,2025-12-14 15:51:15
PrizePicks,player_frees_made,Luka Doncic,Under,8.5,-137,2025-12-15,2025-12-14T23:51:09Z,2025-12-14 15:51:15
PrizePicks,player_frees_made,Devin Booker,Over,5.5,-137,2025-12-15,2025-12-14T23:51:09Z,2025-12-14 15:51:15
PrizePicks,player_frees_made,Devin Booker,Under,5.5,-137,2025-12-15,2025-12-14T23:51:09Z,2025-12-14 15:51:15
PrizePicks,player_frees_made,LeBron James,Over,3.5,-137,2025-12-15,2025-12-14T23:51:09Z,2025-12-14 15:51:15
PrizePicks,player_frees_made,LeBron James,Under,3.5,-137,2025-12-15,2025-12-14T23:51:09Z,2025-12-14 15:51:15
PrizePicks,player_frees_made,Dillon Brooks,Over,2.5,-137,2025-12-15,2025-12-14T23:51:09Z,2025-12-14 15:51:15
PrizePicks,player_frees_made,Dillon Brooks,Under,2.5,-137,2025-12-15,2025-12-14T23:51:09Z,2025-12-14 15:51:15
PrizePicks,player_frees_made,Jimmy Butler,Over,6.5,-137,2025-12-15,2025-12-14T23:51:11Z,2025-12-14 15:51:15
PrizePicks,player_frees_made,Jimmy Butler,Under,6.5,-137,2025-12-15,2025-12-14T23:51:11Z,2025-12-14 15:51:15
PrizePicks,player_frees_made,Jerami Grant,Over,4.5,-137,2025-12-15,2025-12-14T23:51:11Z,2025-12-14 15:51:15
PrizePicks,player_frees_made,Jerami Grant,Under,4.5,-137,2025-12-15,2025-12-14T23:51:11Z,2025-12-14 15:51:15
PrizePicks,player_frees_made,Draymond Green,Over,0.5,-137,2025-12-15,2025-12-14T23:51:11Z,2025-12-14 15:51:15
PrizePicks,player_frees_made,Draymond Green,Under,0.5,-137,2025-12-15,2025-12-14T23:51:11Z,2025-12-14 15:51:15
Underdog,player_frees_made,Shaedon Sharpe,Over,3.5,-137,2025-12-15,2025-12-14T23:51:12Z,2025-12-14 15:51:15
Underdog,player_frees_made,Shaedon Sharpe,Under,3.5,-137,2025-12-15,2025-12-14T23:51:12Z,2025-12-14 15:51:15
Betr DFS,player_points_rebounds_assists,Quentin Grimes,Over,29.5,-137,2025-12-14,2025-12-14T23:50:21Z,2025-12-14 15:51:15
Betr DFS,player_points_rebounds_assists,Quentin Grimes,Under,29.5,-137,2025-12-14,2025-12-14T23:50:21Z,2025-12-14 15:51:15
Betr DFS,player_points_rebounds_assists,Joel Embiid,Over,36.5,-137,2025-12-14,2025-12-14T23:50:21Z,2025-12-14 15:51:15
Betr DFS,player_points_rebounds_assists,Joel Embiid,Under,36.5,-137,2025-12-14,2025-12-14T23:50:21Z,2025-12-14 15:51:15
Betr DFS,player_points_rebounds_assists,Paul George,Over,35.5,-137,2025-12-14,2025-12-14T23:50:21Z,2025-12-14 15:51:15
Betr DFS,player_points_rebounds_assists,Paul George,Under,35.5,-137,2025-12-14,2025-12-14T23:50:21Z,2025-12-14 15:51:15
Betr DFS,player_points_rebounds_assists,VJ Edgecombe,Over,21.5,-137,2025-12-14,2025-12-14T23:50:21Z,2025-12-14 15:51:15
Betr DFS,player_points_rebounds_assists,VJ Edgecombe,Under,21.5,-137,2025-12-14,2025-12-14T23:50:21Z,2025-12-14 15:51:15
Betr DFS,player_points_rebounds_assists,Jalen Johnson,Over,40.5,-137,2025-12-14,2025-12-14T23:50:21Z,2025-12-14 15:51:15
Betr DFS,player_points_rebounds_assists,Jalen Johnson,Under,40.5,-137,2025-12-14,2025-12-14T23:50:21Z,2025-12-14 15:51:15
Betr DFS,player_points_rebounds_assists,Nickeil Alexander-Walker,Over,28.5,-137,2025-12-14,2025-12-14T23:50:21Z,2025-12-14 15:51:15
Betr DFS,player_points_rebounds_assists,Nickeil Alexander-Walker,Under,28.5,-137,2025-12-14,2025-12-14T23:50:21Z,2025-12-14 15:51:15
Betr DFS,player_points_rebounds_assists,Dyson Daniels,Over,28.5,-137,2025-12-14,2025-12-14T23:50:21Z,2025-12-14 15:51:15
Betr DFS,player_points_rebounds_assists,Dyson Daniels,Under,28.5,-137,2025-12-14,2025-12-14T23:50:21Z,2025-12-14 15:51:15
Betr DFS,player_points_rebounds_assists,Terance Mann,Over,13.5,-137,2025-12-14,2025-12-14T23:48:42Z,2025-12-14 15:51:15
Betr DFS,player_points_rebounds_assists,Terance Mann,Under,13.5,-137,2025-12-14,2025-12-14T23:48:42Z,2025-12-14 15:51:15
Betr DFS,player_points_rebounds_assists,Saddiq Bey,Over,20.5,-137,2025-12-15,2025-12-14T23:50:47Z,2025-12-14 15:51:15
Betr DFS,player_points_rebounds_assists,Saddiq Bey,Under,20.5,-137,2025-12-15,2025-12-14T23:50:47Z,2025-12-14 15:51:15
Betr DFS,player_points_rebounds_assists,Zion Williamson,Over,25.5,-137,2025-12-15,2025-12-14T23:50:47Z,2025-12-14 15:51:15
Betr DFS,player_points_rebounds_assists,Zion Williamson,Under,25.5,-137,2025-12-15,2025-12-14T23:50:47Z,2025-12-14 15:51:15
Betr DFS,player_points_rebounds_assists,Trey Murphy III,Over,29.5,-137,2025-12-15,2025-12-14T23:50:47Z,2025-12-14 15:51:15
Betr DFS,player_points_rebounds_assists,Trey Murphy III,Under,29.5,-137,2025-12-15,2025-12-14T23:50:47Z,2025-12-14 15:51:15
Betr DFS,player_points_rebounds_assists,Jeremiah Fears,Over,20.5,-137,2025-12-15,2025-12-14T23:50:47Z,2025-12-14 15:51:15
Betr DFS,player_points_rebounds_assists,Jeremiah Fears,Under,20.5,-137,2025-12-15,2025-12-14T23:50:47Z,2025-12-14 15:51:15
Betr DFS,player_points_rebounds_assists,Derik Queen,Over,27.5,-137,2025-12-15,2025-12-14T23:50:47Z,2025-12-14 15:51:15
Betr DFS,player_points_rebounds_assists,Derik Queen,Under,27.5,-137,2025-12-15,2025-12-14T23:50:47Z,2025-12-14 15:51:15
Betr DFS,player_points_rebounds_assists,Nikola Vucevic,Over,26.5,-137,2025-12-15,2025-12-14T23:50:47Z,2025-12-14 15:51:15
Betr DFS,player_points_rebounds_assists,Nikola Vucevic,Under,26.5,-137,2025-12-15,2025-12-14T23:50:47Z,2025-12-14 15:51:15
Betr DFS,player_points_rebounds_assists,Coby White,Over,29.5,-137,2025-12-15,2025-12-14T23:50:47Z,2025-12-14 15:51:15
Betr DFS,player_points_rebounds_assists,Coby White,Under,29.5,-137,2025-12-15,2025-12-14T23:50:47Z,2025-12-14 15:51:15
Betr DFS,player_points_rebounds_assists,Josh Giddey,Over,38.5,-137,2025-12-15,2025-12-14T23:50:47Z,2025-12-14 15:51:15
Betr DFS,player_points_rebounds_assists,Josh Giddey,Under,38.5,-137,2025-12-15,2025-12-14T23:50:47Z,2025-12-14 15:51:15
Betr DFS,player_points_rebounds_assists,Tre Jones,Over,17.5,-137,2025-12-15,2025-12-14T23:50:47Z,2025-12-14 15:51:15
Betr DFS,player_points_rebounds_assists,Tre Jones,Under,17.5,-137,2025-12-15,2025-12-14T23:50:47Z,2025-12-14 15:51:15
Betr DFS,player_points_rebounds_assists,Matas Buzelis,Over,20.5,-137,2025-12-15,2025-12-14T23:50:47Z,2025-12-14 15:51:15
Betr DFS,player_points_rebounds_assists,Matas Buzelis,Under,20.5,-137,2025-12-15,2025-12-14T23:50:47Z,2025-12-14 15:51:15
Betr DFS,player_points_rebounds_assists,DeMar DeRozan,Over,24.5,-137,2025-12-15,2025-12-14T23:51:24Z,2025-12-14 15:51:15
Betr DFS,player_points_rebounds_assists,DeMar DeRozan,Under,24.5,-137,2025-12-15,2025-12-14T23:51:24Z,2025-12-14 15:51:15
Betr DFS,player_points_rebounds_assists,Zach LaVine,Over,25.5,-137,2025-12-15,2025-12-14T23:51:24Z,2025-12-14 15:51:15
Betr DFS,player_points_rebounds_assists,Zach LaVine,Under,25.5,-137,2025-12-15,2025-12-14T23:51:24Z,2025-12-14 15:51:15
Betr DFS,player_points_rebounds_assists,Russell Westbrook,Over,26.5,-137,2025-12-15,2025-12-14T23:51:24Z,2025-12-14 15:51:15
Betr DFS,player_points_rebounds_assists,Russell Westbrook,Under,26.5,-137,2025-12-15,2025-12-14T23:51:24Z,2025-12-14 15:51:15
Betr DFS,player_points_rebounds_assists,Keegan Murray,Over,21.5,-137,2025-12-15,2025-12-14T23:51:24Z,2025-12-14 15:51:15
Betr DFS,player_points_rebounds_assists,Keegan Murray,Under,21.5,-137,2025-12-15,2025-12-14T23:51:24Z,2025-12-14 15:51:15
Betr DFS,player_points_rebounds_assists,Maxime Raynaud,Over,19.5,-137,2025-12-15,2025-12-14T23:51:24Z,2025-12-14 15:51:15
Betr DFS,player_points_rebounds_assists,Maxime Raynaud,Under,19.5,-137,2025-12-15,2025-12-14T23:51:24Z,2025-12-14 15:51:15
Betr DFS,player_points_rebounds_assists,Julius Randle,Over,38.5,-137,2025-12-15,2025-12-14T23:51:24Z,2025-12-14 15:51:15
Betr DFS,player_points_rebounds_assists,Julius Randle,Under,38.5,-137,2025-12-15,2025-12-14T23:51:24Z,2025-12-14 15:51:15
Betr DFS,player_points_rebounds_assists,Rudy Gobert,Over,25.5,-137,2025-12-15,2025-12-14T23:51:24Z,2025-12-14 15:51:15
Betr DFS,player_points_rebounds_assists,Rudy Gobert,Under,25.5,-137,2025-12-15,2025-12-14T23:51:24Z,2025-12-14 15:51:15
Betr DFS,player_points_rebounds_assists,Naz Reid,Over,26.5,-137,2025-12-15,2025-12-14T23:51:24Z,2025-12-14 15:51:15
Betr DFS,player_points_rebounds_assists,Naz Reid,Under,26.5,-137,2025-12-15,2025-12-14T23:51:24Z,2025-12-14 15:51:15
Betr DFS,player_points_rebounds_assists,Jaden McDaniels,Over,25.5,-137,2025-12-15,2025-12-14T23:51:24Z,2025-12-14 15:51:15
Betr DFS,player_points_rebounds_assists,Jaden McDaniels,Under,25.5,-137,2025-12-15,2025-12-14T23:51:24Z,2025-12-14 15:51:15
Betr DFS,player_points_rebounds_assists,Donte DiVincenzo,Over,23.5,-137,2025-12-15,2025-12-14T23:51:24Z,2025-12-14 15:51:15
Betr DFS,player_points_rebounds_assists,Donte DiVincenzo,Under,23.5,-137,2025-12-15,2025-12-14T23:51:24Z,2025-12-14 15:51:15
Betr DFS,player_points_rebounds_assists,Luka Doncic,Over,52.5,-137,2025-12-15,2025-12-14T23:50:48Z,2025-12-14 15:51:15
Betr DFS,player_points_rebounds_assists,Luka Doncic,Under,52.5,-137,2025-12-15,2025-12-14T23:50:48Z,2025-12-14 15:51:15
Betr DFS,player_points_rebounds_assists,LeBron James,Over,33.5,-137,2025-12-15,2025-12-14T23:50:48Z,2025-12-14 15:51:15
Betr DFS,player_points_rebounds_assists,LeBron James,Under,33.5,-137,2025-12-15,2025-12-14T23:50:48Z,2025-12-14 15:51:15
Betr DFS,player_points_rebounds_assists,Rui Hachimura,Over,17.5,-137,2025-12-15,2025-12-14T23:50:48Z,2025-12-14 15:51:15
Betr DFS,player_points_rebounds_assists,Rui Hachimura,Under,17.5,-137,2025-12-15,2025-12-14T23:50:48Z,2025-12-14 15:51:15
Betr DFS,player_points_rebounds_assists,Deandre Ayton,Over,24.5,-137,2025-12-15,2025-12-14T23:50:48Z,2025-12-14 15:51:15
Betr DFS,player_points_rebounds_assists,Deandre Ayton,Under,24.5,-137,2025-12-15,2025-12-14T23:50:48Z,2025-12-14 15:51:15
Betr DFS,player_points_rebounds_assists,Mark Williams,Over,21.5,-137,2025-12-15,2025-12-14T23:50:48Z,2025-12-14 15:51:15
Betr DFS,player_points_rebounds_assists,Mark Williams,Under,21.5,-137,2025-12-15,2025-12-14T23:50:48Z,2025-12-14 15:51:15
Betr DFS,player_points_rebounds_assists,Grayson Allen,Over,22.5,-137,2025-12-15,2025-12-14T23:50:48Z,2025-12-14 15:51:15
Betr DFS,player_points_rebounds_assists,Grayson Allen,Under,22.5,-137,2025-12-15,2025-12-14T23:50:48Z,2025-12-14 15:51:15
Betr DFS,player_points_rebounds_assists,Collin Gillespie,Over,20.5,-137,2025-12-15,2025-12-14T23:50:48Z,2025-12-14 15:51:15
Betr DFS,player_points_rebounds_assists,Collin Gillespie,Under,20.5,-137,2025-12-15,2025-12-14T23:50:48Z,2025-12-14 15:51:15
Betr DFS,player_points_rebounds_assists,Dillon Brooks,Over,23.5,-137,2025-12-15,2025-12-14T23:50:48Z,2025-12-14 15:51:15
Betr DFS,player_points_rebounds_assists,Dillon Brooks,Under,23.5,-137,2025-12-15,2025-12-14T23:50:48Z,2025-12-14 15:51:15
Betr DFS,player_points_rebounds_assists,Devin Booker,Over,31.5,-137,2025-12-15,2025-12-14T23:50:48Z,2025-12-14 15:51:15
Betr DFS,player_points_rebounds_assists,Devin Booker,Under,31.5,-137,2025-12-15,2025-12-14T23:50:48Z,2025-12-14 15:51:15
Betr DFS,player_points_rebounds_assists,Jimmy Butler,Over,31.5,-137,2025-12-15,2025-12-14T23:51:32Z,2025-12-14 15:51:15
Betr DFS,player_points_rebounds_assists,Jimmy Butler,Under,31.5,-137,2025-12-15,2025-12-14T23:51:32Z,2025-12-14 15:51:15
Betr DFS,player_points_rebounds_assists,Draymond Green,Over,21.5,-137,2025-12-15,2025-12-14T23:51:32Z,2025-12-14 15:51:15
Betr DFS,player_points_rebounds_assists,Draymond Green,Under,21.5,-137,2025-12-15,2025-12-14T23:51:32Z,2025-12-14 15:51:15
Betr DFS,player_points_rebounds_assists,Stephen Curry,Over,36.5,-137,2025-12-15,2025-12-14T23:51:32Z,2025-12-14 15:51:15
Betr DFS,player_points_rebounds_assists,Stephen Curry,Under,36.5,-137,2025-12-15,2025-12-14T23:51:32Z,2025-12-14 15:51:15
Betr DFS,player_points_rebounds_assists,Deni Avdija,Over,38.5,-137,2025-12-15,2025-12-14T23:51:32Z,2025-12-14 15:51:15
Betr DFS,player_points_rebounds_assists,Deni Avdija,Under,38.5,-137,2025-12-15,2025-12-14T23:51:32Z,2025-12-14 15:51:15
Betr DFS,player_points_rebounds_assists,Jerami Grant,Over,26.5,-137,2025-12-15,2025-12-14T23:51:32Z,2025-12-14 15:51:15
Betr DFS,player_points_rebounds_assists,Jerami Grant,Under,26.5,-137,2025-12-15,2025-12-14T23:51:32Z,2025-12-14 15:51:15
Betr DFS,player_points_rebounds_assists,Shaedon Sharpe,Over,29.5,-137,2025-12-15,2025-12-14T23:51:32Z,2025-12-14 15:51:15
Betr DFS,player_points_rebounds_assists,Shaedon Sharpe,Under,29.5,-137,2025-12-15,2025-12-14T23:51:32Z,2025-12-14 15:51:15
Betr DFS,player_points_rebounds_assists,Toumani Camara,Over,20.5,-137,2025-12-15,2025-12-14T23:51:32Z,2025-12-14 15:51:15
Betr DFS,player_points_rebounds_assists,Toumani Camara,Under,20.5,-137,2025-12-15,2025-12-14T23:51:32Z,2025-12-14 15:51:15
Betr DFS,player_points_rebounds_assists,Donovan Clingan,Over,21.5,-137,2025-12-15,2025-12-14T23:51:32Z,2025-12-14 15:51:15
Betr DFS,player_points_rebounds_assists,Donovan Clingan,Under,21.5,-137,2025-12-15,2025-12-14T23:51:32Z,2025-12-14 15:51:15
DraftKings Pick6,player_points_rebounds_assists,Joel Embiid,Over,37.5,-137,2025-12-14,2025-12-14T23:50:57Z,2025-12-14 15:51:15
DraftKings Pick6,player_points_rebounds_assists,Joel Embiid,Under,37.5,-137,2025-12-14,2025-12-14T23:50:57Z,2025-12-14 15:51:15
DraftKings Pick6,player_points_rebounds_assists,Quentin Grimes,Over,29.5,-137,2025-12-14,2025-12-14T23:50:57Z,2025-12-14 15:51:15
DraftKings Pick6,player_points_rebounds_assists,Quentin Grimes,Under,29.5,-137,2025-12-14,2025-12-14T23:50:57Z,2025-12-14 15:51:15
DraftKings Pick6,player_points_rebounds_assists,Dyson Daniels,Over,28.5,-137,2025-12-14,2025-12-14T23:50:57Z,2025-12-14 15:51:15
DraftKings Pick6,player_points_rebounds_assists,Dyson Daniels,Under,28.5,-137,2025-12-14,2025-12-14T23:50:57Z,2025-12-14 15:51:15
DraftKings Pick6,player_points_rebounds_assists,Andre Drummond,Over,15.5,-137,2025-12-14,2025-12-14T23:50:57Z,2025-12-14 15:51:15
DraftKings Pick6,player_points_rebounds_assists,Andre Drummond,Under,15.5,-137,2025-12-14,2025-12-14T23:50:57Z,2025-12-14 15:51:15
DraftKings Pick6,player_points_rebounds_assists,VJ Edgecombe,Over,19.5,-137,2025-12-14,2025-12-14T23:50:57Z,2025-12-14 15:51:15
DraftKings Pick6,player_points_rebounds_assists,VJ Edgecombe,Under,19.5,-137,2025-12-14,2025-12-14T23:50:57Z,2025-12-14 15:51:15
DraftKings Pick6,player_points_rebounds_assists,Paul George,Over,36.5,-137,2025-12-14,2025-12-14T23:50:57Z,2025-12-14 15:51:15
DraftKings Pick6,player_points_rebounds_assists,Paul George,Under,36.5,-137,2025-12-14,2025-12-14T23:50:57Z,2025-12-14 15:51:15
DraftKings Pick6,player_points_rebounds_assists,Jared McCain,Over,11.5,-137,2025-12-14,2025-12-14T23:50:57Z,2025-12-14 15:51:15
DraftKings Pick6,player_points_rebounds_assists,Jared McCain,Under,11.5,-137,2025-12-14,2025-12-14T23:50:57Z,2025-12-14 15:51:15
DraftKings Pick6,player_points_rebounds_assists,Kevin Porter Jr.,Over,34.5,-137,2025-12-14,2025-12-14T23:50:14Z,2025-12-14 15:51:15
DraftKings Pick6,player_points_rebounds_assists,Kevin Porter Jr.,Under,34.5,-137,2025-12-14,2025-12-14T23:50:14Z,2025-12-14 15:51:15
DraftKings Pick6,player_points_rebounds_assists,Nicolas Claxton,Over,26.5,-137,2025-12-14,2025-12-14T23:50:14Z,2025-12-14 15:51:15
DraftKings Pick6,player_points_rebounds_assists,Nicolas Claxton,Under,26.5,-137,2025-12-14,2025-12-14T23:50:14Z,2025-12-14 15:51:15
DraftKings Pick6,player_points_rebounds_assists,Kyle Kuzma,Over,25.5,-137,2025-12-14,2025-12-14T23:50:14Z,2025-12-14 15:51:15
DraftKings Pick6,player_points_rebounds_assists,Kyle Kuzma,Under,25.5,-137,2025-12-14,2025-12-14T23:50:14Z,2025-12-14 15:51:15
DraftKings Pick6,player_points_rebounds_assists,Day'Ron Sharpe,Over,23.5,-137,2025-12-14,2025-12-14T23:50:14Z,2025-12-14 15:51:15
DraftKings Pick6,player_points_rebounds_assists,Day'Ron Sharpe,Under,23.5,-137,2025-12-14,2025-12-14T23:50:14Z,2025-12-14 15:51:15
DraftKings Pick6,player_points_rebounds_assists,Bobby Portis,Over,21.5,-137,2025-12-14,2025-12-14T23:50:14Z,2025-12-14 15:51:15
DraftKings Pick6,player_points_rebounds_assists,Bobby Portis,Under,21.5,-137,2025-12-14,2025-12-14T23:50:14Z,2025-12-14 15:51:15
DraftKings Pick6,player_points_rebounds_assists,Josh Giddey,Over,38.5,-137,2025-12-15,2025-12-14T23:50:16Z,2025-12-14 15:51:15
DraftKings Pick6,player_points_rebounds_assists,Josh Giddey,Under,38.5,-137,2025-12-15,2025-12-14T23:50:16Z,2025-12-14 15:51:15
DraftKings Pick6,player_points_rebounds_assists,Trey Murphy III,Over,29.5,-137,2025-12-15,2025-12-14T23:50:16Z,2025-12-14 15:51:15
DraftKings Pick6,player_points_rebounds_assists,Trey Murphy III,Under,29.5,-137,2025-12-15,2025-12-14T23:50:16Z,2025-12-14 15:51:15
DraftKings Pick6,player_points_rebounds_assists,Coby White,Over,29.5,-137,2025-12-15,2025-12-14T23:50:16Z,2025-12-14 15:51:15
DraftKings Pick6,player_points_rebounds_assists,Coby White,Under,29.5,-137,2025-12-15,2025-12-14T23:50:16Z,2025-12-14 15:51:15
DraftKings Pick6,player_points_rebounds_assists,Derik Queen,Over,27.5,-137,2025-12-15,2025-12-14T23:50:16Z,2025-12-14 15:51:15
DraftKings Pick6,player_points_rebounds_assists,Derik Queen,Under,27.5,-137,2025-12-15,2025-12-14T23:50:16Z,2025-12-14 15:51:15
DraftKings Pick6,player_points_rebounds_assists,Nikola Vucevic,Over,26.5,-137,2025-12-15,2025-12-14T23:50:16Z,2025-12-14 15:51:15
DraftKings Pick6,player_points_rebounds_assists,Nikola Vucevic,Under,26.5,-137,2025-12-15,2025-12-14T23:50:16Z,2025-12-14 15:51:15
DraftKings Pick6,player_points_rebounds_assists,Tre Jones,Over,17.5,-137,2025-12-15,2025-12-14T23:50:16Z,2025-12-14 15:51:15
DraftKings Pick6,player_points_rebounds_assists,Tre Jones,Under,17.5,-137,2025-12-15,2025-12-14T23:50:16Z,2025-12-14 15:51:15
DraftKings Pick6,player_points_rebounds_assists,Herb Jones,Over,15.5,-137,2025-12-15,2025-12-14T23:50:16Z,2025-12-14 15:51:15
DraftKings Pick6,player_points_rebounds_assists,Herb Jones,Under,15.5,-137,2025-12-15,2025-12-14T23:50:16Z,2025-12-14 15:51:15
DraftKings Pick6,player_points_rebounds_assists,Julius Randle,Over,38.5,-137,2025-12-15,2025-12-14T23:50:32Z,2025-12-14 15:51:15
DraftKings Pick6,player_points_rebounds_assists,Julius Randle,Under,38.5,-137,2025-12-15,2025-12-14T23:50:32Z,2025-12-14 15:51:15
DraftKings Pick6,player_points_rebounds_assists,Naz Reid,Over,27.5,-137,2025-12-15,2025-12-14T23:50:32Z,2025-12-14 15:51:15
DraftKings Pick6,player_points_rebounds_assists,Naz Reid,Under,27.5,-137,2025-12-15,2025-12-14T23:50:32Z,2025-12-14 15:51:15
DraftKings Pick6,player_points_rebounds_assists,Rudy Gobert,Over,26.5,-137,2025-12-15,2025-12-14T23:50:32Z,2025-12-14 15:51:15
DraftKings Pick6,player_points_rebounds_assists,Rudy Gobert,Under,26.5,-137,2025-12-15,2025-12-14T23:50:32Z,2025-12-14 15:51:15
DraftKings Pick6,player_points_rebounds_assists,Zach LaVine,Over,25.5,-137,2025-12-15,2025-12-14T23:50:32Z,2025-12-14 15:51:15
DraftKings Pick6,player_points_rebounds_assists,Zach LaVine,Under,25.5,-137,2025-12-15,2025-12-14T23:50:32Z,2025-12-14 15:51:15
DraftKings Pick6,player_points_rebounds_assists,Jaden McDaniels,Over,25.5,-137,2025-12-15,2025-12-14T23:50:32Z,2025-12-14 15:51:15
DraftKings Pick6,player_points_rebounds_assists,Jaden McDaniels,Under,25.5,-137,2025-12-15,2025-12-14T23:50:32Z,2025-12-14 15:51:15
DraftKings Pick6,player_points_rebounds_assists,Russell Westbrook,Over,25.5,-137,2025-12-15,2025-12-14T23:50:32Z,2025-12-14 15:51:15
DraftKings Pick6,player_points_rebounds_assists,Russell Westbrook,Under,25.5,-137,2025-12-15,2025-12-14T23:50:32Z,2025-12-14 15:51:15
DraftKings Pick6,player_points_rebounds_assists,DeMar DeRozan,Over,24.5,-137,2025-12-15,2025-12-14T23:50:32Z,2025-12-14 15:51:15
DraftKings Pick6,player_points_rebounds_assists,DeMar DeRozan,Under,24.5,-137,2025-12-15,2025-12-14T23:50:32Z,2025-12-14 15:51:15
DraftKings Pick6,player_points_rebounds_assists,Donte DiVincenzo,Over,23.5,-137,2025-12-15,2025-12-14T23:50:32Z,2025-12-14 15:51:15
DraftKings Pick6,player_points_rebounds_assists,Donte DiVincenzo,Under,23.5,-137,2025-12-15,2025-12-14T23:50:32Z,2025-12-14 15:51:15
DraftKings Pick6,player_points_rebounds_assists,Luka Doncic,Over,52.5,-137,2025-12-15,2025-12-14T23:50:32Z,2025-12-14 15:51:15
DraftKings Pick6,player_points_rebounds_assists,Luka Doncic,Under,52.5,-137,2025-12-15,2025-12-14T23:50:32Z,2025-12-14 15:51:15
DraftKings Pick6,player_points_rebounds_assists,LeBron James,Over,33.5,-137,2025-12-15,2025-12-14T23:50:32Z,2025-12-14 15:51:15
DraftKings Pick6,player_points_rebounds_assists,LeBron James,Under,33.5,-137,2025-12-15,2025-12-14T23:50:32Z,2025-12-14 15:51:15
DraftKings Pick6,player_points_rebounds_assists,Deandre Ayton,Over,24.5,-137,2025-12-15,2025-12-14T23:50:32Z,2025-12-14 15:51:15
DraftKings Pick6,player_points_rebounds_assists,Deandre Ayton,Under,24.5,-137,2025-12-15,2025-12-14T23:50:32Z,2025-12-14 15:51:15
DraftKings Pick6,player_points_rebounds_assists,Rui Hachimura,Over,16.5,-137,2025-12-15,2025-12-14T23:50:32Z,2025-12-14 15:51:15
DraftKings Pick6,player_points_rebounds_assists,Rui Hachimura,Under,16.5,-137,2025-12-15,2025-12-14T23:50:32Z,2025-12-14 15:51:15
DraftKings Pick6,player_points_rebounds_assists,Royce O'Neale,Over,16.5,-137,2025-12-15,2025-12-14T23:50:32Z,2025-12-14 15:51:15
DraftKings Pick6,player_points_rebounds_assists,Royce O'Neale,Under,16.5,-137,2025-12-15,2025-12-14T23:50:32Z,2025-12-14 15:51:15
DraftKings Pick6,player_points_rebounds_assists,Marcus Smart,Over,15.5,-137,2025-12-15,2025-12-14T23:50:32Z,2025-12-14 15:51:15
DraftKings Pick6,player_points_rebounds_assists,Marcus Smart,Under,15.5,-137,2025-12-15,2025-12-14T23:50:32Z,2025-12-14 15:51:15
DraftKings Pick6,player_points_rebounds_assists,Deni Avdija,Over,38.5,-137,2025-12-15,2025-12-14T23:51:21Z,2025-12-14 15:51:15
DraftKings Pick6,player_points_rebounds_assists,Deni Avdija,Under,38.5,-137,2025-12-15,2025-12-14T23:51:21Z,2025-12-14 15:51:15
DraftKings Pick6,player_points_rebounds_assists,Stephen Curry,Over,36.5,-137,2025-12-15,2025-12-14T23:51:21Z,2025-12-14 15:51:15
DraftKings Pick6,player_points_rebounds_assists,Stephen Curry,Under,36.5,-137,2025-12-15,2025-12-14T23:51:21Z,2025-12-14 15:51:15
DraftKings Pick6,player_points_rebounds_assists,Jimmy Butler,Over,31.5,-137,2025-12-15,2025-12-14T23:51:21Z,2025-12-14 15:51:15
DraftKings Pick6,player_points_rebounds_assists,Jimmy Butler,Under,31.5,-137,2025-12-15,2025-12-14T23:51:21Z,2025-12-14 15:51:15
DraftKings Pick6,player_points_rebounds_assists,Shaedon Sharpe,Over,29.5,-137,2025-12-15,2025-12-14T23:51:21Z,2025-12-14 15:51:15
DraftKings Pick6,player_points_rebounds_assists,Shaedon Sharpe,Under,29.5,-137,2025-12-15,2025-12-14T23:51:21Z,2025-12-14 15:51:15
DraftKings Pick6,player_points_rebounds_assists,Jerami Grant,Over,26.5,-137,2025-12-15,2025-12-14T23:51:21Z,2025-12-14 15:51:15
DraftKings Pick6,player_points_rebounds_assists,Jerami Grant,Under,26.5,-137,2025-12-15,2025-12-14T23:51:21Z,2025-12-14 15:51:15
DraftKings Pick6,player_points_rebounds_assists,Quinten Post,Over,16.5,-137,2025-12-15,2025-12-14T23:51:21Z,2025-12-14 15:51:15
DraftKings Pick6,player_points_rebounds_assists,Quinten Post,Under,16.5,-137,2025-12-15,2025-12-14T23:51:21Z,2025-12-14 15:51:15
DraftKings Pick6,player_points_rebounds_assists,Brandin Podziemski,Over,15.5,-137,2025-12-15,2025-12-14T23:51:21Z,2025-12-14 15:51:15
DraftKings Pick6,player_points_rebounds_assists,Brandin Podziemski,Under,15.5,-137,2025-12-15,2025-12-14T23:51:21Z,2025-12-14 15:51:15
DraftKings Pick6,player_points_rebounds_assists,Buddy Hield,Over,13.5,-137,2025-12-15,2025-12-14T23:51:21Z,2025-12-14 15:51:15
DraftKings Pick6,player_points_rebounds_assists,Buddy Hield,Under,13.5,-137,2025-12-15,2025-12-14T23:51:21Z,2025-12-14 15:51:15
PrizePicks,player_points_rebounds_assists,Josh Giddey,Over,38.5,-137,2025-12-15,2025-12-14T23:51:08Z,2025-12-14 15:51:15
PrizePicks,player_points_rebounds_assists,Josh Giddey,Under,38.5,-137,2025-12-15,2025-12-14T23:51:08Z,2025-12-14 15:51:15
PrizePicks,player_points_rebounds_assists,Coby White,Over,30.5,-137,2025-12-15,2025-12-14T23:51:08Z,2025-12-14 15:51:15
PrizePicks,player_points_rebounds_assists,Coby White,Under,30.5,-137,2025-12-15,2025-12-14T23:51:08Z,2025-12-14 15:51:15
PrizePicks,player_points_rebounds_assists,Trey Murphy III,Over,29.5,-137,2025-12-15,2025-12-14T23:51:08Z,2025-12-14 15:51:15
PrizePicks,player_points_rebounds_assists,Trey Murphy III,Under,29.5,-137,2025-12-15,2025-12-14T23:51:08Z,2025-12-14 15:51:15
PrizePicks,player_points_rebounds_assists,Derik Queen,Over,27.0,-137,2025-12-15,2025-12-14T23:51:08Z,2025-12-14 15:51:15
PrizePicks,player_points_rebounds_assists,Derik Queen,Under,27.0,-137,2025-12-15,2025-12-14T23:51:08Z,2025-12-14 15:51:15
PrizePicks,player_points_rebounds_assists,Nikola Vucevic,Over,26.5,-137,2025-12-15,2025-12-14T23:51:08Z,2025-12-14 15:51:15
PrizePicks,player_points_rebounds_assists,Nikola Vucevic,Under,26.5,-137,2025-12-15,2025-12-14T23:51:08Z,2025-12-14 15:51:15
PrizePicks,player_points_rebounds_assists,Zion Williamson,Over,25.5,-137,2025-12-15,2025-12-14T23:51:08Z,2025-12-14 15:51:15
PrizePicks,player_points_rebounds_assists,Zion Williamson,Under,25.5,-137,2025-12-15,2025-12-14T23:51:08Z,2025-12-14 15:51:15
PrizePicks,player_points_rebounds_assists,Jeremiah Fears,Over,20.5,-137,2025-12-15,2025-12-14T23:51:08Z,2025-12-14 15:51:15
PrizePicks,player_points_rebounds_assists,Jeremiah Fears,Under,20.5,-137,2025-12-15,2025-12-14T23:51:08Z,2025-12-14 15:51:15
PrizePicks,player_points_rebounds_assists,Jordan Poole,Over,20.5,-137,2025-12-15,2025-12-14T23:51:08Z,2025-12-14 15:51:15
PrizePicks,player_points_rebounds_assists,Jordan Poole,Under,20.5,-137,2025-12-15,2025-12-14T23:51:08Z,2025-12-14 15:51:15
PrizePicks,player_points_rebounds_assists,Matas Buzelis,Over,19.5,-137,2025-12-15,2025-12-14T23:51:08Z,2025-12-14 15:51:15
PrizePicks,player_points_rebounds_assists,Matas Buzelis,Under,19.5,-137,2025-12-15,2025-12-14T23:51:08Z,2025-12-14 15:51:15
PrizePicks,player_points_rebounds_assists,Tre Jones,Over,18.0,-137,2025-12-15,2025-12-14T23:51:08Z,2025-12-14 15:51:15
PrizePicks,player_points_rebounds_assists,Tre Jones,Under,18.0,-137,2025-12-15,2025-12-14T23:51:08Z,2025-12-14 15:51:15
PrizePicks,player_points_rebounds_assists,Herb Jones,Over,14.5,-137,2025-12-15,2025-12-14T23:51:08Z,2025-12-14 15:51:15
PrizePicks,player_points_rebounds_assists,Herb Jones,Under,14.5,-137,2025-12-15,2025-12-14T23:51:08Z,2025-12-14 15:51:15
PrizePicks,player_points_rebounds_assists,Zach Collins,Over,14.5,-137,2025-12-15,2025-12-14T23:51:08Z,2025-12-14 15:51:15
PrizePicks,player_points_rebounds_assists,Zach Collins,Under,14.5,-137,2025-12-15,2025-12-14T23:51:08Z,2025-12-14 15:51:15
PrizePicks,player_points_rebounds_assists,Jose Alvarado,Over,13.5,-137,2025-12-15,2025-12-14T23:51:08Z,2025-12-14 15:51:15
PrizePicks,player_points_rebounds_assists,Jose Alvarado,Under,13.5,-137,2025-12-15,2025-12-14T23:51:08Z,2025-12-14 15:51:15
PrizePicks,player_points_rebounds_assists,Jalen Smith,Over,13.5,-137,2025-12-15,2025-12-14T23:51:08Z,2025-12-14 15:51:15
PrizePicks,player_points_rebounds_assists,Jalen Smith,Under,13.5,-137,2025-12-15,2025-12-14T23:51:08Z,2025-12-14 15:51:15
PrizePicks,player_points_rebounds_assists,Kevin Huerter,Over,13.5,-137,2025-12-15,2025-12-14T23:51:08Z,2025-12-14 15:51:15
PrizePicks,player_points_rebounds_assists,Kevin Huerter,Under,13.5,-137,2025-12-15,2025-12-14T23:51:08Z,2025-12-14 15:51:15
PrizePicks,player_points_rebounds_assists,Patrick Williams,Over,12.0,-137,2025-12-15,2025-12-14T23:51:08Z,2025-12-14 15:51:15
PrizePicks,player_points_rebounds_assists,Patrick Williams,Under,12.0,-137,2025-12-15,2025-12-14T23:51:08Z,2025-12-14 15:51:15
PrizePicks,player_points_rebounds_assists,Isaac Okoro,Over,10.5,-137,2025-12-15,2025-12-14T23:51:08Z,2025-12-14 15:51:15
PrizePicks,player_points_rebounds_assists,Isaac Okoro,Under,10.5,-137,2025-12-15,2025-12-14T23:51:08Z,2025-12-14 15:51:15
PrizePicks,player_points_rebounds_assists,Julius Randle,Over,38.5,-137,2025-12-15,2025-12-14T23:51:12Z,2025-12-14 15:51:15
PrizePicks,player_points_rebounds_assists,Julius Randle,Under,38.5,-137,2025-12-15,2025-12-14T23:51:12Z,2025-12-14 15:51:15
PrizePicks,player_points_rebounds_assists,Naz Reid,Over,26.5,-137,2025-12-15,2025-12-14T23:51:12Z,2025-12-14 15:51:15
PrizePicks,player_points_rebounds_assists,Naz Reid,Under,26.5,-137,2025-12-15,2025-12-14T23:51:12Z,2025-12-14 15:51:15
PrizePicks,player_points_rebounds_assists,Rudy Gobert,Over,26.5,-137,2025-12-15,2025-12-14T23:51:12Z,2025-12-14 15:51:15
PrizePicks,player_points_rebounds_assists,Rudy Gobert,Under,26.5,-137,2025-12-15,2025-12-14T23:51:12Z,2025-12-14 15:51:15
PrizePicks,player_points_rebounds_assists,Jaden McDaniels,Over,25.5,-137,2025-12-15,2025-12-14T23:51:12Z,2025-12-14 15:51:15
PrizePicks,player_points_rebounds_assists,Jaden McDaniels,Under,25.5,-137,2025-12-15,2025-12-14T23:51:12Z,2025-12-14 15:51:15
PrizePicks,player_points_rebounds_assists,Russell Westbrook,Over,25.5,-137,2025-12-15,2025-12-14T23:51:12Z,2025-12-14 15:51:15
PrizePicks,player_points_rebounds_assists,Russell Westbrook,Under,25.5,-137,2025-12-15,2025-12-14T23:51:12Z,2025-12-14 15:51:15
PrizePicks,player_points_rebounds_assists,Zach LaVine,Over,25.5,-137,2025-12-15,2025-12-14T23:51:12Z,2025-12-14 15:51:15
PrizePicks,player_points_rebounds_assists,Zach LaVine,Under,25.5,-137,2025-12-15,2025-12-14T23:51:12Z,2025-12-14 15:51:15
PrizePicks,player_points_rebounds_assists,DeMar DeRozan,Over,24.5,-137,2025-12-15,2025-12-14T23:51:12Z,2025-12-14 15:51:15
PrizePicks,player_points_rebounds_assists,DeMar DeRozan,Under,24.5,-137,2025-12-15,2025-12-14T23:51:12Z,2025-12-14 15:51:15
PrizePicks,player_points_rebounds_assists,Donte DiVincenzo,Over,23.5,-137,2025-12-15,2025-12-14T23:51:12Z,2025-12-14 15:51:15
PrizePicks,player_points_rebounds_assists,Donte DiVincenzo,Under,23.5,-137,2025-12-15,2025-12-14T23:51:12Z,2025-12-14 15:51:15
PrizePicks,player_points_rebounds_assists,Keegan Murray,Over,21.5,-137,2025-12-15,2025-12-14T23:51:12Z,2025-12-14 15:51:15
PrizePicks,player_points_rebounds_assists,Keegan Murray,Under,21.5,-137,2025-12-15,2025-12-14T23:51:12Z,2025-12-14 15:51:15
PrizePicks,player_points_rebounds_assists,Maxime Raynaud,Over,19.5,-137,2025-12-15,2025-12-14T23:51:12Z,2025-12-14 15:51:15
PrizePicks,player_points_rebounds_assists,Maxime Raynaud,Under,19.5,-137,2025-12-15,2025-12-14T23:51:12Z,2025-12-14 15:51:15
PrizePicks,player_points_rebounds_assists,Bones Hyland,Over,17.5,-137,2025-12-15,2025-12-14T23:51:12Z,2025-12-14 15:51:15
PrizePicks,player_points_rebounds_assists,Bones Hyland,Under,17.5,-137,2025-12-15,2025-12-14T23:51:12Z,2025-12-14 15:51:15
PrizePicks,player_points_rebounds_assists,Malik Monk,Over,16.5,-137,2025-12-15,2025-12-14T23:51:12Z,2025-12-14 15:51:15
PrizePicks,player_points_rebounds_assists,Malik Monk,Under,16.5,-137,2025-12-15,2025-12-14T23:51:12Z,2025-12-14 15:51:15
PrizePicks,player_points_rebounds_assists,Dennis Schroder,Over,16.5,-137,2025-12-15,2025-12-14T23:51:12Z,2025-12-14 15:51:15
PrizePicks,player_points_rebounds_assists,Dennis Schroder,Under,16.5,-137,2025-12-15,2025-12-14T23:51:12Z,2025-12-14 15:51:15
PrizePicks,player_points_rebounds_assists,Terrence Shannon Jr.,Over,13.5,-137,2025-12-15,2025-12-14T23:51:12Z,2025-12-14 15:51:15
PrizePicks,player_points_rebounds_assists,Terrence Shannon Jr.,Under,13.5,-137,2025-12-15,2025-12-14T23:51:12Z,2025-12-14 15:51:15
PrizePicks,player_points_rebounds_assists,Jaylen Clark,Over,8.5,-137,2025-12-15,2025-12-14T23:51:12Z,2025-12-14 15:51:15
PrizePicks,player_points_rebounds_assists,Jaylen Clark,Under,8.5,-137,2025-12-15,2025-12-14T23:51:12Z,2025-12-14 15:51:15
PrizePicks,player_points_rebounds_assists,Luka Doncic,Over,53.5,-137,2025-12-15,2025-12-14T23:51:09Z,2025-12-14 15:51:15
PrizePicks,player_points_rebounds_assists,Luka Doncic,Under,53.5,-137,2025-12-15,2025-12-14T23:51:09Z,2025-12-14 15:51:15
PrizePicks,player_points_rebounds_assists,LeBron James,Over,34.0,-137,2025-12-15,2025-12-14T23:51:09Z,2025-12-14 15:51:15
PrizePicks,player_points_rebounds_assists,LeBron James,Under,34.0,-137,2025-12-15,2025-12-14T23:51:09Z,2025-12-14 15:51:15
PrizePicks,player_points_rebounds_assists,Devin Booker,Over,31.5,-137,2025-12-15,2025-12-14T23:51:09Z,2025-12-14 15:51:15
PrizePicks,player_points_rebounds_assists,Devin Booker,Under,31.5,-137,2025-12-15,2025-12-14T23:51:09Z,2025-12-14 15:51:15
PrizePicks,player_points_rebounds_assists,Deandre Ayton,Over,24.5,-137,2025-12-15,2025-12-14T23:51:09Z,2025-12-14 15:51:15
PrizePicks,player_points_rebounds_assists,Deandre Ayton,Under,24.5,-137,2025-12-15,2025-12-14T23:51:09Z,2025-12-14 15:51:15
PrizePicks,player_points_rebounds_assists,Dillon Brooks,Over,24.0,-137,2025-12-15,2025-12-14T23:51:09Z,2025-12-14 15:51:15
PrizePicks,player_points_rebounds_assists,Dillon Brooks,Under,24.0,-137,2025-12-15,2025-12-14T23:51:09Z,2025-12-14 15:51:15
PrizePicks,player_points_rebounds_assists,Grayson Allen,Over,22.5,-137,2025-12-15,2025-12-14T23:51:09Z,2025-12-14 15:51:15
PrizePicks,player_points_rebounds_assists,Grayson Allen,Under,22.5,-137,2025-12-15,2025-12-14T23:51:09Z,2025-12-14 15:51:15
PrizePicks,player_points_rebounds_assists,Mark Williams,Over,21.5,-137,2025-12-15,2025-12-14T23:51:09Z,2025-12-14 15:51:15
PrizePicks,player_points_rebounds_assists,Mark Williams,Under,21.5,-137,2025-12-15,2025-12-14T23:51:09Z,2025-12-14 15:51:15
PrizePicks,player_points_rebounds_assists,Collin Gillespie,Over,20.5,-137,2025-12-15,2025-12-14T23:51:09Z,2025-12-14 15:51:15
PrizePicks,player_points_rebounds_assists,Collin Gillespie,Under,20.5,-137,2025-12-15,2025-12-14T23:51:09Z,2025-12-14 15:51:15
PrizePicks,player_points_rebounds_assists,Rui Hachimura,Over,17.5,-137,2025-12-15,2025-12-14T23:51:09Z,2025-12-14 15:51:15
PrizePicks,player_points_rebounds_assists,Rui Hachimura,Under,17.5,-137,2025-12-15,2025-12-14T23:51:09Z,2025-12-14 15:51:15
PrizePicks,player_points_rebounds_assists,Royce O'Neale,Over,16.5,-137,2025-12-15,2025-12-14T23:51:09Z,2025-12-14 15:51:15
PrizePicks,player_points_rebounds_assists,Royce O'Neale,Under,16.5,-137,2025-12-15,2025-12-14T23:51:09Z,2025-12-14 15:51:15
PrizePicks,player_points_rebounds_assists,Marcus Smart,Over,15.5,-137,2025-12-15,2025-12-14T23:51:09Z,2025-12-14 15:51:15
PrizePicks,player_points_rebounds_assists,Marcus Smart,Under,15.5,-137,2025-12-15,2025-12-14T23:51:09Z,2025-12-14 15:51:15
PrizePicks,player_points_rebounds_assists,Jake LaRavia,Over,11.0,-137,2025-12-15,2025-12-14T23:51:09Z,2025-12-14 15:51:15
PrizePicks,player_points_rebounds_assists,Jake LaRavia,Under,11.0,-137,2025-12-15,2025-12-14T23:51:09Z,2025-12-14 15:51:15
PrizePicks,player_points_rebounds_assists,Deni Avdija,Over,39.0,-137,2025-12-15,2025-12-14T23:51:11Z,2025-12-14 15:51:15
PrizePicks,player_points_rebounds_assists,Deni Avdija,Under,39.0,-137,2025-12-15,2025-12-14T23:51:11Z,2025-12-14 15:51:15
PrizePicks,player_points_rebounds_assists,Stephen Curry,Over,37.0,-137,2025-12-15,2025-12-14T23:51:11Z,2025-12-14 15:51:15
PrizePicks,player_points_rebounds_assists,Stephen Curry,Under,37.0,-137,2025-12-15,2025-12-14T23:51:11Z,2025-12-14 15:51:15
PrizePicks,player_points_rebounds_assists,Jimmy Butler,Over,31.5,-137,2025-12-15,2025-12-14T23:51:11Z,2025-12-14 15:51:15
PrizePicks,player_points_rebounds_assists,Jimmy Butler,Under,31.5,-137,2025-12-15,2025-12-14T23:51:11Z,2025-12-14 15:51:15
PrizePicks,player_points_rebounds_assists,Shaedon Sharpe,Over,29.5,-137,2025-12-15,2025-12-14T23:51:11Z,2025-12-14 15:51:15
PrizePicks,player_points_rebounds_assists,Shaedon Sharpe,Under,29.5,-137,2025-12-15,2025-12-14T23:51:11Z,2025-12-14 15:51:15
PrizePicks,player_points_rebounds_assists,Jerami Grant,Over,26.5,-137,2025-12-15,2025-12-14T23:51:11Z,2025-12-14 15:51:15
PrizePicks,player_points_rebounds_assists,Jerami Grant,Under,26.5,-137,2025-12-15,2025-12-14T23:51:11Z,2025-12-14 15:51:15
PrizePicks,player_points_rebounds_assists,Draymond Green,Over,21.5,-137,2025-12-15,2025-12-14T23:51:11Z,2025-12-14 15:51:15
PrizePicks,player_points_rebounds_assists,Draymond Green,Under,21.5,-137,2025-12-15,2025-12-14T23:51:11Z,2025-12-14 15:51:15
PrizePicks,player_points_rebounds_assists,Donovan Clingan,Over,21.5,-137,2025-12-15,2025-12-14T23:51:11Z,2025-12-14 15:51:15
PrizePicks,player_points_rebounds_assists,Donovan Clingan,Under,21.5,-137,2025-12-15,2025-12-14T23:51:11Z,2025-12-14 15:51:15
PrizePicks,player_points_rebounds_assists,Toumani Camara,Over,20.5,-137,2025-12-15,2025-12-14T23:51:11Z,2025-12-14 15:51:15
PrizePicks,player_points_rebounds_assists,Toumani Camara,Under,20.5,-137,2025-12-15,2025-12-14T23:51:11Z,2025-12-14 15:51:15
PrizePicks,player_points_rebounds_assists,Quinten Post,Over,16.5,-137,2025-12-15,2025-12-14T23:51:11Z,2025-12-14 15:51:15
PrizePicks,player_points_rebounds_assists,Quinten Post,Under,16.5,-137,2025-12-15,2025-12-14T23:51:11Z,2025-12-14 15:51:15
PrizePicks,player_points_rebounds_assists,Brandin Podziemski,Over,15.0,-137,2025-12-15,2025-12-14T23:51:11Z,2025-12-14 15:51:15
PrizePicks,player_points_rebounds_assists,Brandin Podziemski,Under,15.0,-137,2025-12-15,2025-12-14T23:51:11Z,2025-12-14 15:51:15
PrizePicks,player_points_rebounds_assists,Buddy Hield,Over,13.5,-137,2025-12-15,2025-12-14T23:51:11Z,2025-12-14 15:51:15
PrizePicks,player_points_rebounds_assists,Buddy Hield,Under,13.5,-137,2025-12-15,2025-12-14T23:51:11Z,2025-12-14 15:51:15
PrizePicks,player_points_rebounds_assists,Kris Murray,Over,10.5,-137,2025-12-15,2025-12-14T23:51:11Z,2025-12-14 15:51:15
PrizePicks,player_points_rebounds_assists,Kris Murray,Under,10.5,-137,2025-12-15,2025-12-14T23:51:11Z,2025-12-14 15:51:15
PrizePicks,player_points_rebounds_assists,Brandon Ingram,Over,33.5,-137,2025-12-16,2025-12-14T23:51:07Z,2025-12-14 15:51:15
PrizePicks,player_points_rebounds_assists,Brandon Ingram,Under,33.5,-137,2025-12-16,2025-12-14T23:51:07Z,2025-12-14 15:51:15
PrizePicks,player_points_rebounds_assists,Scottie Barnes,Over,33.5,-137,2025-12-16,2025-12-14T23:51:07Z,2025-12-14 15:51:15
PrizePicks,player_points_rebounds_assists,Scottie Barnes,Under,33.5,-137,2025-12-16,2025-12-14T23:51:07Z,2025-12-14 15:51:15
PrizePicks,player_points_rebounds_assists,Bam Adebayo,Over,31.5,-137,2025-12-16,2025-12-14T23:51:07Z,2025-12-14 15:51:15
PrizePicks,player_points_rebounds_assists,Bam Adebayo,Under,31.5,-137,2025-12-16,2025-12-14T23:51:07Z,2025-12-14 15:51:15
PrizePicks,player_points_rebounds_assists,Tyler Herro,Over,30.5,-137,2025-12-16,2025-12-14T23:51:07Z,2025-12-14 15:51:15
PrizePicks,player_points_rebounds_assists,Tyler Herro,Under,30.5,-137,2025-12-16,2025-12-14T23:51:07Z,2025-12-14 15:51:15
PrizePicks,player_points_rebounds_assists,Immanuel Quickley,Over,27.5,-137,2025-12-16,2025-12-14T23:51:07Z,2025-12-14 15:51:15
PrizePicks,player_points_rebounds_assists,Immanuel Quickley,Under,27.5,-137,2025-12-16,2025-12-14T23:51:07Z,2025-12-14 15:51:15
PrizePicks,player_points_rebounds_assists,Norman Powell,Over,27.5,-137,2025-12-16,2025-12-14T23:51:07Z,2025-12-14 15:51:15
PrizePicks,player_points_rebounds_assists,Norman Powell,Under,27.5,-137,2025-12-16,2025-12-14T23:51:07Z,2025-12-14 15:51:15
PrizePicks,player_points_rebounds_assists,Andrew Wiggins,Over,22.5,-137,2025-12-16,2025-12-14T23:51:07Z,2025-12-14 15:51:15
PrizePicks,player_points_rebounds_assists,Andrew Wiggins,Under,22.5,-137,2025-12-16,2025-12-14T23:51:07Z,2025-12-14 15:51:15
PrizePicks,player_points_rebounds_assists,Jakob Poeltl,Over,21.5,-137,2025-12-16,2025-12-14T23:51:07Z,2025-12-14 15:51:15
PrizePicks,player_points_rebounds_assists,Jakob Poeltl,Under,21.5,-137,2025-12-16,2025-12-14T23:51:07Z,2025-12-14 15:51:15
PrizePicks,player_points_rebounds_assists,Davion Mitchell,Over,19.5,-137,2025-12-16,2025-12-14T23:51:07Z,2025-12-14 15:51:15
PrizePicks,player_points_rebounds_assists,Davion Mitchell,Under,19.5,-137,2025-12-16,2025-12-14T23:51:07Z,2025-12-14 15:51:15
PrizePicks,player_points_rebounds_assists,Jalen Brunson,Over,40.5,-137,2025-12-17,2025-12-14T23:51:06Z,2025-12-14 15:51:15
PrizePicks,player_points_rebounds_assists,Jalen Brunson,Under,40.5,-137,2025-12-17,2025-12-14T23:51:06Z,2025-12-14 15:51:15
PrizePicks,player_points_rebounds_assists,Victor Wembanyama,Over,36.5,-137,2025-12-17,2025-12-14T23:51:06Z,2025-12-14 15:51:15
PrizePicks,player_points_rebounds_assists,Victor Wembanyama,Under,36.5,-137,2025-12-17,2025-12-14T23:51:06Z,2025-12-14 15:51:15
PrizePicks,player_points_rebounds_assists,Karl-Anthony Towns,Over,35.5,-137,2025-12-17,2025-12-14T23:51:06Z,2025-12-14 15:51:15
PrizePicks,player_points_rebounds_assists,Karl-Anthony Towns,Under,35.5,-137,2025-12-17,2025-12-14T23:51:06Z,2025-12-14 15:51:15
PrizePicks,player_points_rebounds_assists,De'Aaron Fox,Over,29.5,-137,2025-12-17,2025-12-14T23:51:06Z,2025-12-14 15:51:15
PrizePicks,player_points_rebounds_assists,De'Aaron Fox,Under,29.5,-137,2025-12-17,2025-12-14T23:51:06Z,2025-12-14 15:51:15
PrizePicks,player_points_rebounds_assists,Josh Hart,Over,27.5,-137,2025-12-17,2025-12-14T23:51:06Z,2025-12-14 15:51:15
PrizePicks,player_points_rebounds_assists,Josh Hart,Under,27.5,-137,2025-12-17,2025-12-14T23:51:06Z,2025-12-14 15:51:15
PrizePicks,player_points_rebounds_assists,Stephon Castle,Over,27.5,-137,2025-12-17,2025-12-14T23:51:06Z,2025-12-14 15:51:15
PrizePicks,player_points_rebounds_assists,Stephon Castle,Under,27.5,-137,2025-12-17,2025-12-14T23:51:06Z,2025-12-14 15:51:15
PrizePicks,player_points_rebounds_assists,OG Anunoby,Over,22.5,-137,2025-12-17,2025-12-14T23:51:06Z,2025-12-14 15:51:15
PrizePicks,player_points_rebounds_assists,OG Anunoby,Under,22.5,-137,2025-12-17,2025-12-14T23:51:06Z,2025-12-14 15:51:15
PrizePicks,player_points_rebounds_assists,Mikal Bridges,Over,21.5,-137,2025-12-17,2025-12-14T23:51:06Z,2025-12-14 15:51:15
PrizePicks,player_points_rebounds_assists,Mikal Bridges,Under,21.5,-137,2025-12-17,2025-12-14T23:51:06Z,2025-12-14 15:51:15
PrizePicks,player_points_rebounds_assists,Devin Vassell,Over,18.5,-137,2025-12-17,2025-12-14T23:51:06Z,2025-12-14 15:51:15
PrizePicks,player_points_rebounds_assists,Devin Vassell,Under,18.5,-137,2025-12-17,2025-12-14T23:51:06Z,2025-12-14 15:51:15
PrizePicks,player_points_rebounds_assists,Dylan Harper,Over,17.0,-137,2025-12-17,2025-12-14T23:51:06Z,2025-12-14 15:51:15
PrizePicks,player_points_rebounds_assists,Dylan Harper,Under,17.0,-137,2025-12-17,2025-12-14T23:51:06Z,2025-12-14 15:51:15
PrizePicks,player_points_rebounds_assists,Harrison Barnes,Over,14.5,-137,2025-12-17,2025-12-14T23:51:06Z,2025-12-14 15:51:15
PrizePicks,player_points_rebounds_assists,Harrison Barnes,Under,14.5,-137,2025-12-17,2025-12-14T23:51:06Z,2025-12-14 15:51:15
PrizePicks,player_points_rebounds_assists,Mitchell Robinson,Over,10.5,-137,2025-12-17,2025-12-14T23:51:06Z,2025-12-14 15:51:15
PrizePicks,player_points_rebounds_assists,Mitchell Robinson,Under,10.5,-137,2025-12-17,2025-12-14T23:51:06Z,2025-12-14 15:51:15
Underdog,player_points_rebounds_assists,Zion Williamson,Over,25.5,-137,2025-12-15,2025-12-14T23:50:42Z,2025-12-14 15:51:15
Underdog,player_points_rebounds_assists,Zion Williamson,Under,25.5,-137,2025-12-15,2025-12-14T23:50:42Z,2025-12-14 15:51:15
Underdog,player_points_rebounds_assists,Nikola Vucevic,Over,26.5,-137,2025-12-15,2025-12-14T23:50:42Z,2025-12-14 15:51:15
Underdog,player_points_rebounds_assists,Nikola Vucevic,Under,26.5,-137,2025-12-15,2025-12-14T23:50:42Z,2025-12-14 15:51:15
Underdog,player_points_rebounds_assists,Josh Giddey,Over,37.5,-137,2025-12-15,2025-12-14T23:50:42Z,2025-12-14 15:51:15
Underdog,player_points_rebounds_assists,Josh Giddey,Under,37.5,-137,2025-12-15,2025-12-14T23:50:42Z,2025-12-14 15:51:15
Underdog,player_points_rebounds_assists,Jordan Poole,Over,19.5,-137,2025-12-15,2025-12-14T23:50:42Z,2025-12-14 15:51:15
Underdog,player_points_rebounds_assists,Jordan Poole,Under,19.5,-137,2025-12-15,2025-12-14T23:50:42Z,2025-12-14 15:51:15
Underdog,player_points_rebounds_assists,Matas Buzelis,Over,20.5,-137,2025-12-15,2025-12-14T23:50:42Z,2025-12-14 15:51:15
Underdog,player_points_rebounds_assists,Matas Buzelis,Under,20.5,-137,2025-12-15,2025-12-14T23:50:42Z,2025-12-14 15:51:15
Underdog,player_points_rebounds_assists,Tre Jones,Over,17.5,-137,2025-12-15,2025-12-14T23:50:42Z,2025-12-14 15:51:15
Underdog,player_points_rebounds_assists,Tre Jones,Under,17.5,-137,2025-12-15,2025-12-14T23:50:42Z,2025-12-14 15:51:15
Underdog,player_points_rebounds_assists,Jose Alvarado,Over,13.5,-137,2025-12-15,2025-12-14T23:50:42Z,2025-12-14 15:51:15
Underdog,player_points_rebounds_assists,Jose Alvarado,Under,13.5,-137,2025-12-15,2025-12-14T23:50:42Z,2025-12-14 15:51:15
Underdog,player_points_rebounds_assists,Trey Murphy III,Over,28.5,-137,2025-12-15,2025-12-14T23:50:42Z,2025-12-14 15:51:15
Underdog,player_points_rebounds_assists,Trey Murphy III,Under,28.5,-137,2025-12-15,2025-12-14T23:50:42Z,2025-12-14 15:51:15
Underdog,player_points_rebounds_assists,Herb Jones,Over,14.5,-137,2025-12-15,2025-12-14T23:50:42Z,2025-12-14 15:51:15
Underdog,player_points_rebounds_assists,Herb Jones,Under,14.5,-137,2025-12-15,2025-12-14T23:50:42Z,2025-12-14 15:51:15
Underdog,player_points_rebounds_assists,Saddiq Bey,Over,21.5,-137,2025-12-15,2025-12-14T23:50:42Z,2025-12-14 15:51:15
Underdog,player_points_rebounds_assists,Saddiq Bey,Under,21.5,-137,2025-12-15,2025-12-14T23:50:42Z,2025-12-14 15:51:15
Underdog,player_points_rebounds_assists,Zach Collins,Over,14.5,-137,2025-12-15,2025-12-14T23:50:42Z,2025-12-14 15:51:15
Underdog,player_points_rebounds_assists,Zach Collins,Under,14.5,-137,2025-12-15,2025-12-14T23:50:42Z,2025-12-14 15:51:15
Underdog,player_points_rebounds_assists,Kevin Huerter,Over,12.5,-137,2025-12-15,2025-12-14T23:50:42Z,2025-12-14 15:51:15
Underdog,player_points_rebounds_assists,Kevin Huerter,Under,12.5,-137,2025-12-15,2025-12-14T23:50:42Z,2025-12-14 15:51:15
Underdog,player_points_rebounds_assists,Derik Queen,Over,27.5,-137,2025-12-15,2025-12-14T23:50:42Z,2025-12-14 15:51:15
Underdog,player_points_rebounds_assists,Derik Queen,Under,27.5,-137,2025-12-15,2025-12-14T23:50:42Z,2025-12-14 15:51:15
Underdog,player_points_rebounds_assists,Jalen Smith,Over,13.5,-137,2025-12-15,2025-12-14T23:50:42Z,2025-12-14 15:51:15
Underdog,player_points_rebounds_assists,Jalen Smith,Under,13.5,-137,2025-12-15,2025-12-14T23:50:42Z,2025-12-14 15:51:15
Underdog,player_points_rebounds_assists,Jeremiah Fears,Over,19.5,-137,2025-12-15,2025-12-14T23:50:42Z,2025-12-14 15:51:15
Underdog,player_points_rebounds_assists,Jeremiah Fears,Under,19.5,-137,2025-12-15,2025-12-14T23:50:42Z,2025-12-14 15:51:15
Underdog,player_points_rebounds_assists,Julius Randle,Over,39.5,-137,2025-12-15,2025-12-14T23:51:29Z,2025-12-14 15:51:15
Underdog,player_points_rebounds_assists,Julius Randle,Under,39.5,-137,2025-12-15,2025-12-14T23:51:29Z,2025-12-14 15:51:15
Underdog,player_points_rebounds_assists,Zach LaVine,Over,26.5,-137,2025-12-15,2025-12-14T23:51:29Z,2025-12-14 15:51:15
Underdog,player_points_rebounds_assists,Zach LaVine,Under,26.5,-137,2025-12-15,2025-12-14T23:51:29Z,2025-12-14 15:51:15
Underdog,player_points_rebounds_assists,DeMar DeRozan,Over,25.5,-137,2025-12-15,2025-12-14T23:51:29Z,2025-12-14 15:51:15
Underdog,player_points_rebounds_assists,DeMar DeRozan,Under,25.5,-137,2025-12-15,2025-12-14T23:51:29Z,2025-12-14 15:51:15
Underdog,player_points_rebounds_assists,Rudy Gobert,Over,25.5,-137,2025-12-15,2025-12-14T23:51:29Z,2025-12-14 15:51:15
Underdog,player_points_rebounds_assists,Rudy Gobert,Under,25.5,-137,2025-12-15,2025-12-14T23:51:29Z,2025-12-14 15:51:15
Underdog,player_points_rebounds_assists,Keegan Murray,Over,21.5,-137,2025-12-15,2025-12-14T23:51:29Z,2025-12-14 15:51:15
Underdog,player_points_rebounds_assists,Keegan Murray,Under,21.5,-137,2025-12-15,2025-12-14T23:51:29Z,2025-12-14 15:51:15
Underdog,player_points_rebounds_assists,Donte DiVincenzo,Over,23.5,-137,2025-12-15,2025-12-14T23:51:29Z,2025-12-14 15:51:15
Underdog,player_points_rebounds_assists,Donte DiVincenzo,Under,23.5,-137,2025-12-15,2025-12-14T23:51:29Z,2025-12-14 15:51:15
Underdog,player_points_rebounds_assists,Jaden McDaniels,Over,25.5,-137,2025-12-15,2025-12-14T23:51:29Z,2025-12-14 15:51:15
Underdog,player_points_rebounds_assists,Jaden McDaniels,Under,25.5,-137,2025-12-15,2025-12-14T23:51:29Z,2025-12-14 15:51:15
Underdog,player_points_rebounds_assists,Dennis Schroder,Over,17.5,-137,2025-12-15,2025-12-14T23:51:29Z,2025-12-14 15:51:15
Underdog,player_points_rebounds_assists,Dennis Schroder,Under,17.5,-137,2025-12-15,2025-12-14T23:51:29Z,2025-12-14 15:51:15
Underdog,player_points_rebounds_assists,Russell Westbrook,Over,25.5,-137,2025-12-15,2025-12-14T23:51:29Z,2025-12-14 15:51:15
Underdog,player_points_rebounds_assists,Russell Westbrook,Under,25.5,-137,2025-12-15,2025-12-14T23:51:29Z,2025-12-14 15:51:15
Underdog,player_points_rebounds_assists,Malik Monk,Over,18.5,-137,2025-12-15,2025-12-14T23:51:29Z,2025-12-14 15:51:15
Underdog,player_points_rebounds_assists,Malik Monk,Under,18.5,-137,2025-12-15,2025-12-14T23:51:29Z,2025-12-14 15:51:15
Underdog,player_points_rebounds_assists,Naz Reid,Over,26.5,-137,2025-12-15,2025-12-14T23:51:29Z,2025-12-14 15:51:15
Underdog,player_points_rebounds_assists,Naz Reid,Under,26.5,-137,2025-12-15,2025-12-14T23:51:29Z,2025-12-14 15:51:15
Underdog,player_points_rebounds_assists,Maxime Raynaud,Over,19.5,-137,2025-12-15,2025-12-14T23:51:29Z,2025-12-14 15:51:15
Underdog,player_points_rebounds_assists,Maxime Raynaud,Under,19.5,-137,2025-12-15,2025-12-14T23:51:29Z,2025-12-14 15:51:15
Underdog,player_points_rebounds_assists,Bones Hyland,Over,17.5,-137,2025-12-15,2025-12-14T23:51:29Z,2025-12-14 15:51:15
Underdog,player_points_rebounds_assists,Bones Hyland,Under,17.5,-137,2025-12-15,2025-12-14T23:51:29Z,2025-12-14 15:51:15
Underdog,player_points_rebounds_assists,Terrence Shannon Jr.,Over,13.5,-137,2025-12-15,2025-12-14T23:51:29Z,2025-12-14 15:51:15
Underdog,player_points_rebounds_assists,Terrence Shannon Jr.,Under,13.5,-137,2025-12-15,2025-12-14T23:51:29Z,2025-12-14 15:51:15
Underdog,player_points_rebounds_assists,Luka Doncic,Over,53.5,-137,2025-12-15,2025-12-14T23:51:07Z,2025-12-14 15:51:15
Underdog,player_points_rebounds_assists,Luka Doncic,Under,53.5,-137,2025-12-15,2025-12-14T23:51:07Z,2025-12-14 15:51:15
Underdog,player_points_rebounds_assists,LeBron James,Over,33.5,-137,2025-12-15,2025-12-14T23:51:07Z,2025-12-14 15:51:15
Underdog,player_points_rebounds_assists,LeBron James,Under,33.5,-137,2025-12-15,2025-12-14T23:51:07Z,2025-12-14 15:51:15
Underdog,player_points_rebounds_assists,Devin Booker,Over,31.5,-137,2025-12-15,2025-12-14T23:51:07Z,2025-12-14 15:51:15
Underdog,player_points_rebounds_assists,Devin Booker,Under,31.5,-137,2025-12-15,2025-12-14T23:51:07Z,2025-12-14 15:51:15
Underdog,player_points_rebounds_assists,Dillon Brooks,Over,24.5,-137,2025-12-15,2025-12-14T23:51:07Z,2025-12-14 15:51:15
Underdog,player_points_rebounds_assists,Dillon Brooks,Under,24.5,-137,2025-12-15,2025-12-14T23:51:07Z,2025-12-14 15:51:15
Underdog,player_points_rebounds_assists,Deandre Ayton,Over,24.5,-137,2025-12-15,2025-12-14T23:51:07Z,2025-12-14 15:51:15
Underdog,player_points_rebounds_assists,Deandre Ayton,Under,24.5,-137,2025-12-15,2025-12-14T23:51:07Z,2025-12-14 15:51:15
Underdog,player_points_rebounds_assists,Grayson Allen,Over,22.5,-137,2025-12-15,2025-12-14T23:51:07Z,2025-12-14 15:51:15
Underdog,player_points_rebounds_assists,Grayson Allen,Under,22.5,-137,2025-12-15,2025-12-14T23:51:07Z,2025-12-14 15:51:15
Underdog,player_points_rebounds_assists,Royce O'Neale,Over,16.5,-137,2025-12-15,2025-12-14T23:51:07Z,2025-12-14 15:51:15
Underdog,player_points_rebounds_assists,Royce O'Neale,Under,16.5,-137,2025-12-15,2025-12-14T23:51:07Z,2025-12-14 15:51:15
Underdog,player_points_rebounds_assists,Collin Gillespie,Over,21.5,-137,2025-12-15,2025-12-14T23:51:07Z,2025-12-14 15:51:15
Underdog,player_points_rebounds_assists,Collin Gillespie,Under,21.5,-137,2025-12-15,2025-12-14T23:51:07Z,2025-12-14 15:51:15
Underdog,player_points_rebounds_assists,Stephen Curry,Over,36.5,-137,2025-12-15,2025-12-14T23:51:12Z,2025-12-14 15:51:15
Underdog,player_points_rebounds_assists,Stephen Curry,Under,36.5,-137,2025-12-15,2025-12-14T23:51:12Z,2025-12-14 15:51:15
Underdog,player_points_rebounds_assists,Jimmy Butler,Over,30.5,-137,2025-12-15,2025-12-14T23:51:12Z,2025-12-14 15:51:15
Underdog,player_points_rebounds_assists,Jimmy Butler,Under,30.5,-137,2025-12-15,2025-12-14T23:51:12Z,2025-12-14 15:51:15
Underdog,player_points_rebounds_assists,Draymond Green,Over,21.5,-137,2025-12-15,2025-12-14T23:51:12Z,2025-12-14 15:51:15
Underdog,player_points_rebounds_assists,Draymond Green,Under,21.5,-137,2025-12-15,2025-12-14T23:51:12Z,2025-12-14 15:51:15
Underdog,player_points_rebounds_assists,Jerami Grant,Over,26.5,-137,2025-12-15,2025-12-14T23:51:12Z,2025-12-14 15:51:15
Underdog,player_points_rebounds_assists,Jerami Grant,Under,26.5,-137,2025-12-15,2025-12-14T23:51:12Z,2025-12-14 15:51:15
Underdog,player_points_rebounds_assists,Brandin Podziemski,Over,15.5,-137,2025-12-15,2025-12-14T23:51:12Z,2025-12-14 15:51:15
Underdog,player_points_rebounds_assists,Brandin Podziemski,Under,15.5,-137,2025-12-15,2025-12-14T23:51:12Z,2025-12-14 15:51:15
Underdog,player_points_rebounds_assists,Deni Avdija,Over,38.5,-137,2025-12-15,2025-12-14T23:51:12Z,2025-12-14 15:51:15
Underdog,player_points_rebounds_assists,Deni Avdija,Under,38.5,-137,2025-12-15,2025-12-14T23:51:12Z,2025-12-14 15:51:15
Underdog,player_points_rebounds_assists,Shaedon Sharpe,Over,29.5,-137,2025-12-15,2025-12-14T23:51:12Z,2025-12-14 15:51:15
Underdog,player_points_rebounds_assists,Shaedon Sharpe,Under,29.5,-137,2025-12-15,2025-12-14T23:51:12Z,2025-12-14 15:51:15
Underdog,player_points_rebounds_assists,Donovan Clingan,Over,21.5,-137,2025-12-15,2025-12-14T23:51:12Z,2025-12-14 15:51:15
Underdog,player_points_rebounds_assists,Donovan Clingan,Under,21.5,-137,2025-12-15,2025-12-14T23:51:12Z,2025-12-14 15:51:15
Underdog,player_points_rebounds_assists,Toumani Camara,Over,20.5,-137,2025-12-15,2025-12-14T23:51:12Z,2025-12-14 15:51:15
Underdog,player_points_rebounds_assists,Toumani Camara,Under,20.5,-137,2025-12-15,2025-12-14T23:51:12Z,2025-12-14 15:51:15
Underdog,player_points_rebounds_assists,Quinten Post,Over,16.5,-137,2025-12-15,2025-12-14T23:51:12Z,2025-12-14 15:51:15
Underdog,player_points_rebounds_assists,Quinten Post,Under,16.5,-137,2025-12-15,2025-12-14T23:51:12Z,2025-12-14 15:51:15
Underdog,player_points_rebounds_assists,Kris Murray,Over,10.5,-137,2025-12-15,2025-12-14T23:51:12Z,2025-12-14 15:51:15
Underdog,player_points_rebounds_assists,Kris Murray,Under,10.5,-137,2025-12-15,2025-12-14T23:51:12Z,2025-12-14 15:51:15
Underdog,player_points_rebounds_assists,Scottie Barnes,Over,33.5,-137,2025-12-16,2025-12-14T23:51:26Z,2025-12-14 15:51:15
Underdog,player_points_rebounds_assists,Scottie Barnes,Under,33.5,-137,2025-12-16,2025-12-14T23:51:26Z,2025-12-14 15:51:15
Underdog,player_points_rebounds_assists,Bam Adebayo,Over,31.5,-137,2025-12-16,2025-12-14T23:51:26Z,2025-12-14 15:51:15
Underdog,player_points_rebounds_assists,Bam Adebayo,Under,31.5,-137,2025-12-16,2025-12-14T23:51:26Z,2025-12-14 15:51:15
Underdog,player_points_rebounds_assists,Brandon Ingram,Over,33.5,-137,2025-12-16,2025-12-14T23:51:26Z,2025-12-14 15:51:15
Underdog,player_points_rebounds_assists,Brandon Ingram,Under,33.5,-137,2025-12-16,2025-12-14T23:51:26Z,2025-12-14 15:51:15
Underdog,player_points_rebounds_assists,Tyler Herro,Over,30.5,-137,2025-12-16,2025-12-14T23:51:26Z,2025-12-14 15:51:15
Underdog,player_points_rebounds_assists,Tyler Herro,Under,30.5,-137,2025-12-16,2025-12-14T23:51:26Z,2025-12-14 15:51:15
Underdog,player_points_rebounds_assists,Andrew Wiggins,Over,22.5,-137,2025-12-16,2025-12-14T23:51:26Z,2025-12-14 15:51:15
Underdog,player_points_rebounds_assists,Andrew Wiggins,Under,22.5,-137,2025-12-16,2025-12-14T23:51:26Z,2025-12-14 15:51:15
Underdog,player_points_rebounds_assists,Immanuel Quickley,Over,27.5,-137,2025-12-16,2025-12-14T23:51:26Z,2025-12-14 15:51:15
Underdog,player_points_rebounds_assists,Immanuel Quickley,Under,27.5,-137,2025-12-16,2025-12-14T23:51:26Z,2025-12-14 15:51:15
Underdog,player_points_rebounds_assists,Jakob Poeltl,Over,21.5,-137,2025-12-16,2025-12-14T23:51:26Z,2025-12-14 15:51:15
Underdog,player_points_rebounds_assists,Jakob Poeltl,Under,21.5,-137,2025-12-16,2025-12-14T23:51:26Z,2025-12-14 15:51:15
Underdog,player_points_rebounds_assists,Norman Powell,Over,27.5,-137,2025-12-16,2025-12-14T23:51:26Z,2025-12-14 15:51:15
Underdog,player_points_rebounds_assists,Norman Powell,Under,27.5,-137,2025-12-16,2025-12-14T23:51:26Z,2025-12-14 15:51:15
Underdog,player_points_rebounds_assists,Jamal Shead,Over,14.5,-137,2025-12-16,2025-12-14T23:51:26Z,2025-12-14 15:51:15
Underdog,player_points_rebounds_assists,Jamal Shead,Under,14.5,-137,2025-12-16,2025-12-14T23:51:26Z,2025-12-14 15:51:15
Underdog,player_points_rebounds_assists,Davion Mitchell,Over,19.5,-137,2025-12-16,2025-12-14T23:51:26Z,2025-12-14 15:51:15
Underdog,player_points_rebounds_assists,Davion Mitchell,Under,19.5,-137,2025-12-16,2025-12-14T23:51:26Z,2025-12-14 15:51:15
Underdog,player_points_rebounds_assists,Sandro Mamukelashvili,Over,14.5,-137,2025-12-16,2025-12-14T23:51:26Z,2025-12-14 15:51:15
Underdog,player_points_rebounds_assists,Sandro Mamukelashvili,Under,14.5,-137,2025-12-16,2025-12-14T23:51:26Z,2025-12-14 15:51:15
Underdog,player_points_rebounds_assists,Victor Wembanyama,Over,36.5,-137,2025-12-17,2025-12-14T23:51:33Z,2025-12-14 15:51:15
Underdog,player_points_rebounds_assists,Victor Wembanyama,Under,36.5,-137,2025-12-17,2025-12-14T23:51:33Z,2025-12-14 15:51:15
Underdog,player_points_rebounds_assists,Karl-Anthony Towns,Over,35.5,-137,2025-12-17,2025-12-14T23:51:33Z,2025-12-14 15:51:15
Underdog,player_points_rebounds_assists,Karl-Anthony Towns,Under,35.5,-137,2025-12-17,2025-12-14T23:51:33Z,2025-12-14 15:51:15
Underdog,player_points_rebounds_assists,Jalen Brunson,Over,39.5,-137,2025-12-17,2025-12-14T23:51:33Z,2025-12-14 15:51:15
Underdog,player_points_rebounds_assists,Jalen Brunson,Under,39.5,-137,2025-12-17,2025-12-14T23:51:33Z,2025-12-14 15:51:15
Underdog,player_points_rebounds_assists,De'Aaron Fox,Over,29.5,-137,2025-12-17,2025-12-14T23:51:33Z,2025-12-14 15:51:15
Underdog,player_points_rebounds_assists,De'Aaron Fox,Under,29.5,-137,2025-12-17,2025-12-14T23:51:33Z,2025-12-14 15:51:15
Underdog,player_points_rebounds_assists,Jordan Clarkson,Over,11.5,-137,2025-12-17,2025-12-14T23:51:33Z,2025-12-14 15:51:15
Underdog,player_points_rebounds_assists,Jordan Clarkson,Under,11.5,-137,2025-12-17,2025-12-14T23:51:33Z,2025-12-14 15:51:15
Underdog,player_points_rebounds_assists,OG Anunoby,Over,22.5,-137,2025-12-17,2025-12-14T23:51:33Z,2025-12-14 15:51:15
Underdog,player_points_rebounds_assists,OG Anunoby,Under,22.5,-137,2025-12-17,2025-12-14T23:51:33Z,2025-12-14 15:51:15
Underdog,player_points_rebounds_assists,Mikal Bridges,Over,21.5,-137,2025-12-17,2025-12-14T23:51:33Z,2025-12-14 15:51:15
Underdog,player_points_rebounds_assists,Mikal Bridges,Under,21.5,-137,2025-12-17,2025-12-14T23:51:33Z,2025-12-14 15:51:15
Underdog,player_points_rebounds_assists,Josh Hart,Over,27.5,-137,2025-12-17,2025-12-14T23:51:33Z,2025-12-14 15:51:15
Underdog,player_points_rebounds_assists,Josh Hart,Under,27.5,-137,2025-12-17,2025-12-14T23:51:33Z,2025-12-14 15:51:15
Underdog,player_points_rebounds_assists,Dylan Harper,Over,16.5,-137,2025-12-17,2025-12-14T23:51:33Z,2025-12-14 15:51:15
Underdog,player_points_rebounds_assists,Dylan Harper,Under,16.5,-137,2025-12-17,2025-12-14T23:51:33Z,2025-12-14 15:51:15
Underdog,player_points_rebounds_assists,Stephon Castle,Over,27.5,-137,2025-12-17,2025-12-14T23:51:33Z,2025-12-14 15:51:15
Underdog,player_points_rebounds_assists,Stephon Castle,Under,27.5,-137,2025-12-17,2025-12-14T23:51:33Z,2025-12-14 15:51:15
Underdog,player_points_rebounds_assists,Mitchell Robinson,Over,10.5,-137,2025-12-17,2025-12-14T23:51:33Z,2025-12-14 15:51:15
Underdog,player_points_rebounds_assists,Mitchell Robinson,Under,10.5,-137,2025-12-17,2025-12-14T23:51:33Z,2025-12-14 15:51:15
Underdog,player_points_rebounds_assists,Julian Champagnie,Over,12.5,-137,2025-12-17,2025-12-14T23:51:33Z,2025-12-14 15:51:15
Underdog,player_points_rebounds_assists,Julian Champagnie,Under,12.5,-137,2025-12-17,2025-12-14T23:51:33Z,2025-12-14 15:51:15
Betr DFS,player_points_rebounds,Quentin Grimes,Over,23.5,-137,2025-12-14,2025-12-14T23:50:21Z,2025-12-14 15:51:15
Betr DFS,player_points_rebounds,Quentin Grimes,Under,23.5,-137,2025-12-14,2025-12-14T23:50:21Z,2025-12-14 15:51:15
Betr DFS,player_points_rebounds,Joel Embiid,Over,34.5,-137,2025-12-14,2025-12-14T23:50:21Z,2025-12-14 15:51:15
Betr DFS,player_points_rebounds,Joel Embiid,Under,34.5,-137,2025-12-14,2025-12-14T23:50:21Z,2025-12-14 15:51:15
Betr DFS,player_points_rebounds,Paul George,Over,31.5,-137,2025-12-14,2025-12-14T23:50:21Z,2025-12-14 15:51:15
Betr DFS,player_points_rebounds,Paul George,Under,31.5,-137,2025-12-14,2025-12-14T23:50:21Z,2025-12-14 15:51:15
Betr DFS,player_points_rebounds,Jared McCain,Over,7.5,-137,2025-12-14,2025-12-14T23:50:21Z,2025-12-14 15:51:15
Betr DFS,player_points_rebounds,Jared McCain,Under,7.5,-137,2025-12-14,2025-12-14T23:50:21Z,2025-12-14 15:51:15
Betr DFS,player_points_rebounds,VJ Edgecombe,Over,18.5,-137,2025-12-14,2025-12-14T23:50:21Z,2025-12-14 15:51:15
Betr DFS,player_points_rebounds,VJ Edgecombe,Under,18.5,-137,2025-12-14,2025-12-14T23:50:21Z,2025-12-14 15:51:15
Betr DFS,player_points_rebounds,Onyeka Okongwu,Over,26.5,-137,2025-12-14,2025-12-14T23:50:21Z,2025-12-14 15:51:15
Betr DFS,player_points_rebounds,Onyeka Okongwu,Under,26.5,-137,2025-12-14,2025-12-14T23:50:21Z,2025-12-14 15:51:15
Betr DFS,player_points_rebounds,Jalen Johnson,Over,32.5,-137,2025-12-14,2025-12-14T23:50:21Z,2025-12-14 15:51:15
Betr DFS,player_points_rebounds,Jalen Johnson,Under,32.5,-137,2025-12-14,2025-12-14T23:50:21Z,2025-12-14 15:51:15
Betr DFS,player_points_rebounds,Nickeil Alexander-Walker,Over,24.5,-137,2025-12-14,2025-12-14T23:50:21Z,2025-12-14 15:51:15
Betr DFS,player_points_rebounds,Nickeil Alexander-Walker,Under,24.5,-137,2025-12-14,2025-12-14T23:50:21Z,2025-12-14 15:51:15
Betr DFS,player_points_rebounds,Dyson Daniels,Over,22.5,-137,2025-12-14,2025-12-14T23:50:21Z,2025-12-14 15:51:15
Betr DFS,player_points_rebounds,Dyson Daniels,Under,22.5,-137,2025-12-14,2025-12-14T23:50:21Z,2025-12-14 15:51:15
Betr DFS,player_points_rebounds,Zaccharie Risacher,Over,13.5,-137,2025-12-14,2025-12-14T23:50:21Z,2025-12-14 15:51:15
Betr DFS,player_points_rebounds,Myles Turner,Over,14.5,-137,2025-12-14,2025-12-14T23:50:44Z,2025-12-14 15:51:15
Betr DFS,player_points_rebounds,Myles Turner,Under,14.5,-137,2025-12-14,2025-12-14T23:50:44Z,2025-12-14 15:51:15
Betr DFS,player_points_rebounds,Ryan Rollins,Over,19.5,-137,2025-12-14,2025-12-14T23:50:44Z,2025-12-14 15:51:15
Betr DFS,player_points_rebounds,Ryan Rollins,Under,19.5,-137,2025-12-14,2025-12-14T23:50:44Z,2025-12-14 15:51:15
Betr DFS,player_points_rebounds,Nicolas Claxton,Over,22.5,-137,2025-12-14,2025-12-14T23:50:44Z,2025-12-14 15:51:15
Betr DFS,player_points_rebounds,Nicolas Claxton,Under,22.5,-137,2025-12-14,2025-12-14T23:50:44Z,2025-12-14 15:51:15
Betr DFS,player_points_rebounds,Terance Mann,Over,11.5,-137,2025-12-14,2025-12-14T23:50:44Z,2025-12-14 15:51:15
Betr DFS,player_points_rebounds,Terance Mann,Under,11.5,-137,2025-12-14,2025-12-14T23:50:44Z,2025-12-14 15:51:15
Betr DFS,player_points_rebounds,Saddiq Bey,Over,18.5,-137,2025-12-15,2025-12-14T23:50:47Z,2025-12-14 15:51:15
Betr DFS,player_points_rebounds,Saddiq Bey,Under,18.5,-137,2025-12-15,2025-12-14T23:50:47Z,2025-12-14 15:51:15
Betr DFS,player_points_rebounds,Zion Williamson,Over,22.5,-137,2025-12-15,2025-12-14T23:50:47Z,2025-12-14 15:51:15
Betr DFS,player_points_rebounds,Zion Williamson,Under,22.5,-137,2025-12-15,2025-12-14T23:50:47Z,2025-12-14 15:51:15
Betr DFS,player_points_rebounds,Trey Murphy III,Over,25.5,-137,2025-12-15,2025-12-14T23:50:47Z,2025-12-14 15:51:15
Betr DFS,player_points_rebounds,Trey Murphy III,Under,25.5,-137,2025-12-15,2025-12-14T23:50:47Z,2025-12-14 15:51:15
Betr DFS,player_points_rebounds,Jordan Poole,Over,17.5,-137,2025-12-15,2025-12-14T23:50:47Z,2025-12-14 15:51:15
Betr DFS,player_points_rebounds,Jordan Poole,Under,17.5,-137,2025-12-15,2025-12-14T23:50:47Z,2025-12-14 15:51:15
Betr DFS,player_points_rebounds,Jeremiah Fears,Over,17.5,-137,2025-12-15,2025-12-14T23:50:47Z,2025-12-14 15:51:15
Betr DFS,player_points_rebounds,Jeremiah Fears,Under,17.5,-137,2025-12-15,2025-12-14T23:50:47Z,2025-12-14 15:51:15
Betr DFS,player_points_rebounds,Derik Queen,Over,22.5,-137,2025-12-15,2025-12-14T23:50:47Z,2025-12-14 15:51:15
Betr DFS,player_points_rebounds,Derik Queen,Under,22.5,-137,2025-12-15,2025-12-14T23:50:47Z,2025-12-14 15:51:15
Betr DFS,player_points_rebounds,Nikola Vucevic,Over,23.5,-137,2025-12-15,2025-12-14T23:50:47Z,2025-12-14 15:51:15
Betr DFS,player_points_rebounds,Nikola Vucevic,Under,23.5,-137,2025-12-15,2025-12-14T23:50:47Z,2025-12-14 15:51:15
Betr DFS,player_points_rebounds,Coby White,Over,25.5,-137,2025-12-15,2025-12-14T23:50:47Z,2025-12-14 15:51:15
Betr DFS,player_points_rebounds,Coby White,Under,25.5,-137,2025-12-15,2025-12-14T23:50:47Z,2025-12-14 15:51:15
Betr DFS,player_points_rebounds,Josh Giddey,Over,28.5,-137,2025-12-15,2025-12-14T23:50:47Z,2025-12-14 15:51:15
Betr DFS,player_points_rebounds,Josh Giddey,Under,28.5,-137,2025-12-15,2025-12-14T23:50:47Z,2025-12-14 15:51:15
Betr DFS,player_points_rebounds,Matas Buzelis,Over,18.5,-137,2025-12-15,2025-12-14T23:50:47Z,2025-12-14 15:51:15
Betr DFS,player_points_rebounds,Matas Buzelis,Under,18.5,-137,2025-12-15,2025-12-14T23:50:47Z,2025-12-14 15:51:15
Betr DFS,player_points_rebounds,DeMar DeRozan,Over,21.5,-137,2025-12-15,2025-12-14T23:51:24Z,2025-12-14 15:51:15
Betr DFS,player_points_rebounds,DeMar DeRozan,Under,21.5,-137,2025-12-15,2025-12-14T23:51:24Z,2025-12-14 15:51:15
Betr DFS,player_points_rebounds,Russell Westbrook,Over,19.5,-137,2025-12-15,2025-12-14T23:51:24Z,2025-12-14 15:51:15
Betr DFS,player_points_rebounds,Russell Westbrook,Under,19.5,-137,2025-12-15,2025-12-14T23:51:24Z,2025-12-14 15:51:15
Betr DFS,player_points_rebounds,Malik Monk,Over,14.5,-137,2025-12-15,2025-12-14T23:51:24Z,2025-12-14 15:51:15
Betr DFS,player_points_rebounds,Malik Monk,Under,14.5,-137,2025-12-15,2025-12-14T23:51:24Z,2025-12-14 15:51:15
Betr DFS,player_points_rebounds,Keegan Murray,Over,20.5,-137,2025-12-15,2025-12-14T23:51:24Z,2025-12-14 15:51:15
Betr DFS,player_points_rebounds,Keegan Murray,Under,20.5,-137,2025-12-15,2025-12-14T23:51:24Z,2025-12-14 15:51:15
Betr DFS,player_points_rebounds,Maxime Raynaud,Over,18.5,-137,2025-12-15,2025-12-14T23:51:24Z,2025-12-14 15:51:15
Betr DFS,player_points_rebounds,Maxime Raynaud,Under,18.5,-137,2025-12-15,2025-12-14T23:51:24Z,2025-12-14 15:51:15
Betr DFS,player_points_rebounds,Julius Randle,Over,32.5,-137,2025-12-15,2025-12-14T23:51:24Z,2025-12-14 15:51:15
Betr DFS,player_points_rebounds,Julius Randle,Under,32.5,-137,2025-12-15,2025-12-14T23:51:24Z,2025-12-14 15:51:15
Betr DFS,player_points_rebounds,Naz Reid,Over,23.5,-137,2025-12-15,2025-12-14T23:51:24Z,2025-12-14 15:51:15
Betr DFS,player_points_rebounds,Naz Reid,Under,23.5,-137,2025-12-15,2025-12-14T23:51:24Z,2025-12-14 15:51:15
Betr DFS,player_points_rebounds,Jaden McDaniels,Over,22.5,-137,2025-12-15,2025-12-14T23:51:24Z,2025-12-14 15:51:15
Betr DFS,player_points_rebounds,Jaden McDaniels,Under,22.5,-137,2025-12-15,2025-12-14T23:51:24Z,2025-12-14 15:51:15
Betr DFS,player_points_rebounds,Luka Doncic,Over,43.5,-137,2025-12-15,2025-12-14T23:50:48Z,2025-12-14 15:51:15
Betr DFS,player_points_rebounds,Luka Doncic,Under,43.5,-137,2025-12-15,2025-12-14T23:50:48Z,2025-12-14 15:51:15
Betr DFS,player_points_rebounds,LeBron James,Over,26.5,-137,2025-12-15,2025-12-14T23:50:48Z,2025-12-14 15:51:15
Betr DFS,player_points_rebounds,LeBron James,Under,26.5,-137,2025-12-15,2025-12-14T23:50:48Z,2025-12-14 15:51:15
Betr DFS,player_points_rebounds,Rui Hachimura,Over,15.5,-137,2025-12-15,2025-12-14T23:50:48Z,2025-12-14 15:51:15
Betr DFS,player_points_rebounds,Rui Hachimura,Under,15.5,-137,2025-12-15,2025-12-14T23:50:48Z,2025-12-14 15:51:15
Betr DFS,player_points_rebounds,Deandre Ayton,Over,23.5,-137,2025-12-15,2025-12-14T23:50:48Z,2025-12-14 15:51:15
Betr DFS,player_points_rebounds,Deandre Ayton,Under,23.5,-137,2025-12-15,2025-12-14T23:50:48Z,2025-12-14 15:51:15
Betr DFS,player_points_rebounds,Mark Williams,Over,20.5,-137,2025-12-15,2025-12-14T23:50:48Z,2025-12-14 15:51:15
Betr DFS,player_points_rebounds,Mark Williams,Under,20.5,-137,2025-12-15,2025-12-14T23:50:48Z,2025-12-14 15:51:15
Betr DFS,player_points_rebounds,Grayson Allen,Over,19.5,-137,2025-12-15,2025-12-14T23:50:48Z,2025-12-14 15:51:15
Betr DFS,player_points_rebounds,Grayson Allen,Under,19.5,-137,2025-12-15,2025-12-14T23:50:48Z,2025-12-14 15:51:15
Betr DFS,player_points_rebounds,Collin Gillespie,Over,16.5,-137,2025-12-15,2025-12-14T23:50:48Z,2025-12-14 15:51:15
Betr DFS,player_points_rebounds,Collin Gillespie,Under,16.5,-137,2025-12-15,2025-12-14T23:50:48Z,2025-12-14 15:51:15
Betr DFS,player_points_rebounds,Dillon Brooks,Over,21.5,-137,2025-12-15,2025-12-14T23:50:48Z,2025-12-14 15:51:15
Betr DFS,player_points_rebounds,Dillon Brooks,Under,21.5,-137,2025-12-15,2025-12-14T23:50:48Z,2025-12-14 15:51:15
Betr DFS,player_points_rebounds,Devin Booker,Over,25.5,-137,2025-12-15,2025-12-14T23:50:48Z,2025-12-14 15:51:15
Betr DFS,player_points_rebounds,Devin Booker,Under,25.5,-137,2025-12-15,2025-12-14T23:50:48Z,2025-12-14 15:51:15
Betr DFS,player_points_rebounds,Jimmy Butler,Over,25.5,-137,2025-12-15,2025-12-14T23:51:32Z,2025-12-14 15:51:15
Betr DFS,player_points_rebounds,Jimmy Butler,Under,25.5,-137,2025-12-15,2025-12-14T23:51:32Z,2025-12-14 15:51:15
Betr DFS,player_points_rebounds,Draymond Green,Over,15.5,-137,2025-12-15,2025-12-14T23:51:32Z,2025-12-14 15:51:15
Betr DFS,player_points_rebounds,Draymond Green,Under,15.5,-137,2025-12-15,2025-12-14T23:51:32Z,2025-12-14 15:51:15
Betr DFS,player_points_rebounds,Stephen Curry,Over,32.5,-137,2025-12-15,2025-12-14T23:51:32Z,2025-12-14 15:51:15
Betr DFS,player_points_rebounds,Stephen Curry,Under,32.5,-137,2025-12-15,2025-12-14T23:51:32Z,2025-12-14 15:51:15
Betr DFS,player_points_rebounds,Quinten Post,Over,14.5,-137,2025-12-15,2025-12-14T23:51:32Z,2025-12-14 15:51:15
Betr DFS,player_points_rebounds,Quinten Post,Under,14.5,-137,2025-12-15,2025-12-14T23:51:32Z,2025-12-14 15:51:15
Betr DFS,player_points_rebounds,Deni Avdija,Over,31.5,-137,2025-12-15,2025-12-14T23:51:32Z,2025-12-14 15:51:15
Betr DFS,player_points_rebounds,Deni Avdija,Under,31.5,-137,2025-12-15,2025-12-14T23:51:32Z,2025-12-14 15:51:15
Betr DFS,player_points_rebounds,Jerami Grant,Over,23.5,-137,2025-12-15,2025-12-14T23:51:32Z,2025-12-14 15:51:15
Betr DFS,player_points_rebounds,Jerami Grant,Under,23.5,-137,2025-12-15,2025-12-14T23:51:32Z,2025-12-14 15:51:15
Betr DFS,player_points_rebounds,Shaedon Sharpe,Over,26.5,-137,2025-12-15,2025-12-14T23:51:32Z,2025-12-14 15:51:15
Betr DFS,player_points_rebounds,Shaedon Sharpe,Under,26.5,-137,2025-12-15,2025-12-14T23:51:32Z,2025-12-14 15:51:15
Betr DFS,player_points_rebounds,Donovan Clingan,Over,19.5,-137,2025-12-15,2025-12-14T23:51:32Z,2025-12-14 15:51:15
Betr DFS,player_points_rebounds,Donovan Clingan,Under,19.5,-137,2025-12-15,2025-12-14T23:51:32Z,2025-12-14 15:51:15
DraftKings Pick6,player_points_rebounds,Joel Embiid,Over,34.5,-137,2025-12-14,2025-12-14T23:50:57Z,2025-12-14 15:51:15
DraftKings Pick6,player_points_rebounds,Joel Embiid,Under,34.5,-137,2025-12-14,2025-12-14T23:50:57Z,2025-12-14 15:51:15
DraftKings Pick6,player_points_rebounds,Zaccharie Risacher,Over,13.5,-137,2025-12-14,2025-12-14T23:50:57Z,2025-12-14 15:51:15
DraftKings Pick6,player_points_rebounds,Zaccharie Risacher,Under,13.5,-137,2025-12-14,2025-12-14T23:50:57Z,2025-12-14 15:51:15
DraftKings Pick6,player_points_rebounds,VJ Edgecombe,Over,16.5,-137,2025-12-14,2025-12-14T23:50:57Z,2025-12-14 15:51:15
DraftKings Pick6,player_points_rebounds,VJ Edgecombe,Under,16.5,-137,2025-12-14,2025-12-14T23:50:57Z,2025-12-14 15:51:15
DraftKings Pick6,player_points_rebounds,Quentin Grimes,Over,22.5,-137,2025-12-14,2025-12-14T23:50:57Z,2025-12-14 15:51:15
DraftKings Pick6,player_points_rebounds,Quentin Grimes,Under,22.5,-137,2025-12-14,2025-12-14T23:50:57Z,2025-12-14 15:51:15
DraftKings Pick6,player_points_rebounds,Kevin Porter Jr.,Over,26.5,-137,2025-12-14,2025-12-14T23:50:14Z,2025-12-14 15:51:15
DraftKings Pick6,player_points_rebounds,Kevin Porter Jr.,Under,26.5,-137,2025-12-14,2025-12-14T23:50:14Z,2025-12-14 15:51:15
DraftKings Pick6,player_points_rebounds,Kyle Kuzma,Over,22.5,-137,2025-12-14,2025-12-14T23:50:14Z,2025-12-14 15:51:15
DraftKings Pick6,player_points_rebounds,Kyle Kuzma,Under,22.5,-137,2025-12-14,2025-12-14T23:50:14Z,2025-12-14 15:51:15
DraftKings Pick6,player_points_rebounds,Nicolas Claxton,Over,21.5,-137,2025-12-14,2025-12-14T23:50:14Z,2025-12-14 15:51:15
DraftKings Pick6,player_points_rebounds,Nicolas Claxton,Under,21.5,-137,2025-12-14,2025-12-14T23:50:14Z,2025-12-14 15:51:15
DraftKings Pick6,player_points_rebounds,Bobby Portis,Over,19.5,-137,2025-12-14,2025-12-14T23:50:14Z,2025-12-14 15:51:15
DraftKings Pick6,player_points_rebounds,Bobby Portis,Under,19.5,-137,2025-12-14,2025-12-14T23:50:14Z,2025-12-14 15:51:15
DraftKings Pick6,player_points_rebounds,Myles Turner,Over,15.5,-137,2025-12-14,2025-12-14T23:50:14Z,2025-12-14 15:51:15
DraftKings Pick6,player_points_rebounds,Myles Turner,Under,15.5,-137,2025-12-14,2025-12-14T23:50:14Z,2025-12-14 15:51:15
DraftKings Pick6,player_points_rebounds,Danny Wolf,Over,14.5,-137,2025-12-14,2025-12-14T23:50:14Z,2025-12-14 15:51:15
DraftKings Pick6,player_points_rebounds,Danny Wolf,Under,14.5,-137,2025-12-14,2025-12-14T23:50:14Z,2025-12-14 15:51:15
DraftKings Pick6,player_points_rebounds,Gary Trent Jr,Over,8.5,-137,2025-12-14,2025-12-14T23:50:14Z,2025-12-14 15:51:15
DraftKings Pick6,player_points_rebounds,Gary Trent Jr,Under,8.5,-137,2025-12-14,2025-12-14T23:50:14Z,2025-12-14 15:51:15
DraftKings Pick6,player_points_rebounds,Day'Ron Sharpe,Over,19.5,-137,2025-12-14,2025-12-14T23:50:14Z,2025-12-14 15:51:15
DraftKings Pick6,player_points_rebounds,Day'Ron Sharpe,Under,19.5,-137,2025-12-14,2025-12-14T23:50:14Z,2025-12-14 15:51:15
DraftKings Pick6,player_points_rebounds,Josh Giddey,Over,28.5,-137,2025-12-15,2025-12-14T23:50:16Z,2025-12-14 15:51:15
DraftKings Pick6,player_points_rebounds,Josh Giddey,Under,28.5,-137,2025-12-15,2025-12-14T23:50:16Z,2025-12-14 15:51:15
DraftKings Pick6,player_points_rebounds,Trey Murphy III,Over,25.5,-137,2025-12-15,2025-12-14T23:50:16Z,2025-12-14 15:51:15
DraftKings Pick6,player_points_rebounds,Trey Murphy III,Under,25.5,-137,2025-12-15,2025-12-14T23:50:16Z,2025-12-14 15:51:15
DraftKings Pick6,player_points_rebounds,Coby White,Over,25.5,-137,2025-12-15,2025-12-14T23:50:16Z,2025-12-14 15:51:15
DraftKings Pick6,player_points_rebounds,Coby White,Under,25.5,-137,2025-12-15,2025-12-14T23:50:16Z,2025-12-14 15:51:15
DraftKings Pick6,player_points_rebounds,Derik Queen,Over,22.5,-137,2025-12-15,2025-12-14T23:50:16Z,2025-12-14 15:51:15
DraftKings Pick6,player_points_rebounds,Derik Queen,Under,22.5,-137,2025-12-15,2025-12-14T23:50:16Z,2025-12-14 15:51:15
DraftKings Pick6,player_points_rebounds,Matas Buzelis,Over,18.5,-137,2025-12-15,2025-12-14T23:50:16Z,2025-12-14 15:51:15
DraftKings Pick6,player_points_rebounds,Matas Buzelis,Under,18.5,-137,2025-12-15,2025-12-14T23:50:16Z,2025-12-14 15:51:15
DraftKings Pick6,player_points_rebounds,Jeremiah Fears,Over,17.5,-137,2025-12-15,2025-12-14T23:50:16Z,2025-12-14 15:51:15
DraftKings Pick6,player_points_rebounds,Jeremiah Fears,Under,17.5,-137,2025-12-15,2025-12-14T23:50:16Z,2025-12-14 15:51:15
DraftKings Pick6,player_points_rebounds,Tre Jones,Over,13.5,-137,2025-12-15,2025-12-14T23:50:16Z,2025-12-14 15:51:15
DraftKings Pick6,player_points_rebounds,Tre Jones,Under,13.5,-137,2025-12-15,2025-12-14T23:50:16Z,2025-12-14 15:51:15
DraftKings Pick6,player_points_rebounds,Herb Jones,Over,12.5,-137,2025-12-15,2025-12-14T23:50:16Z,2025-12-14 15:51:15
DraftKings Pick6,player_points_rebounds,Herb Jones,Under,12.5,-137,2025-12-15,2025-12-14T23:50:16Z,2025-12-14 15:51:15
DraftKings Pick6,player_points_rebounds,Jalen Smith,Over,12.5,-137,2025-12-15,2025-12-14T23:50:16Z,2025-12-14 15:51:15
DraftKings Pick6,player_points_rebounds,Jalen Smith,Under,12.5,-137,2025-12-15,2025-12-14T23:50:16Z,2025-12-14 15:51:15
DraftKings Pick6,player_points_rebounds,Kevin Huerter,Over,11.5,-137,2025-12-15,2025-12-14T23:50:16Z,2025-12-14 15:51:15
DraftKings Pick6,player_points_rebounds,Kevin Huerter,Under,11.5,-137,2025-12-15,2025-12-14T23:50:16Z,2025-12-14 15:51:15
DraftKings Pick6,player_points_rebounds,Isaac Okoro,Over,9.5,-137,2025-12-15,2025-12-14T23:50:16Z,2025-12-14 15:51:15
DraftKings Pick6,player_points_rebounds,Isaac Okoro,Under,9.5,-137,2025-12-15,2025-12-14T23:50:16Z,2025-12-14 15:51:15
DraftKings Pick6,player_points_rebounds,Zach LaVine,Over,24.5,-137,2025-12-15,2025-12-14T23:50:32Z,2025-12-14 15:51:15
DraftKings Pick6,player_points_rebounds,Naz Reid,Over,24.5,-137,2025-12-15,2025-12-14T23:50:32Z,2025-12-14 15:51:15
DraftKings Pick6,player_points_rebounds,Julius Randle,Over,32.5,-137,2025-12-15,2025-12-14T23:50:32Z,2025-12-14 15:51:15
DraftKings Pick6,player_points_rebounds,Julius Randle,Under,32.5,-137,2025-12-15,2025-12-14T23:50:32Z,2025-12-14 15:51:15
DraftKings Pick6,player_points_rebounds,Rudy Gobert,Over,24.5,-137,2025-12-15,2025-12-14T23:50:32Z,2025-12-14 15:51:15
DraftKings Pick6,player_points_rebounds,Rudy Gobert,Under,24.5,-137,2025-12-15,2025-12-14T23:50:32Z,2025-12-14 15:51:15
DraftKings Pick6,player_points_rebounds,Naz Reid,Over,24.5,-137,2025-12-15,2025-12-14T23:50:32Z,2025-12-14 15:51:15
DraftKings Pick6,player_points_rebounds,Naz Reid,Under,24.5,-137,2025-12-15,2025-12-14T23:50:32Z,2025-12-14 15:51:15
DraftKings Pick6,player_points_rebounds,Zach LaVine,Over,23.5,-137,2025-12-15,2025-12-14T23:50:32Z,2025-12-14 15:51:15
DraftKings Pick6,player_points_rebounds,Zach LaVine,Under,23.5,-137,2025-12-15,2025-12-14T23:50:32Z,2025-12-14 15:51:15
DraftKings Pick6,player_points_rebounds,DeMar DeRozan,Over,21.5,-137,2025-12-15,2025-12-14T23:50:32Z,2025-12-14 15:51:15
DraftKings Pick6,player_points_rebounds,DeMar DeRozan,Under,21.5,-137,2025-12-15,2025-12-14T23:50:32Z,2025-12-14 15:51:15
DraftKings Pick6,player_points_rebounds,Keegan Murray,Over,20.5,-137,2025-12-15,2025-12-14T23:50:32Z,2025-12-14 15:51:15
DraftKings Pick6,player_points_rebounds,Keegan Murray,Under,20.5,-137,2025-12-15,2025-12-14T23:50:32Z,2025-12-14 15:51:15
DraftKings Pick6,player_points_rebounds,Donte DiVincenzo,Over,19.5,-137,2025-12-15,2025-12-14T23:50:32Z,2025-12-14 15:51:15
DraftKings Pick6,player_points_rebounds,Donte DiVincenzo,Under,19.5,-137,2025-12-15,2025-12-14T23:50:32Z,2025-12-14 15:51:15
DraftKings Pick6,player_points_rebounds,Russell Westbrook,Over,19.5,-137,2025-12-15,2025-12-14T23:50:32Z,2025-12-14 15:51:15
DraftKings Pick6,player_points_rebounds,Russell Westbrook,Under,19.5,-137,2025-12-15,2025-12-14T23:50:32Z,2025-12-14 15:51:15
DraftKings Pick6,player_points_rebounds,Maxime Raynaud,Over,18.5,-137,2025-12-15,2025-12-14T23:50:32Z,2025-12-14 15:51:15
DraftKings Pick6,player_points_rebounds,Maxime Raynaud,Under,18.5,-137,2025-12-15,2025-12-14T23:50:32Z,2025-12-14 15:51:15
DraftKings Pick6,player_points_rebounds,Deandre Ayton,Over,24.5,-137,2025-12-15,2025-12-14T23:50:32Z,2025-12-14 15:51:15
DraftKings Pick6,player_points_rebounds,Luka Doncic,Over,43.5,-137,2025-12-15,2025-12-14T23:50:32Z,2025-12-14 15:51:15
DraftKings Pick6,player_points_rebounds,Luka Doncic,Under,43.5,-137,2025-12-15,2025-12-14T23:50:32Z,2025-12-14 15:51:15
DraftKings Pick6,player_points_rebounds,LeBron James,Over,26.5,-137,2025-12-15,2025-12-14T23:50:32Z,2025-12-14 15:51:15
DraftKings Pick6,player_points_rebounds,LeBron James,Under,26.5,-137,2025-12-15,2025-12-14T23:50:32Z,2025-12-14 15:51:15
DraftKings Pick6,player_points_rebounds,Deandre Ayton,Over,23.5,-137,2025-12-15,2025-12-14T23:50:32Z,2025-12-14 15:51:15
DraftKings Pick6,player_points_rebounds,Deandre Ayton,Under,23.5,-137,2025-12-15,2025-12-14T23:50:32Z,2025-12-14 15:51:15
DraftKings Pick6,player_points_rebounds,Mark Williams,Over,20.5,-137,2025-12-15,2025-12-14T23:50:32Z,2025-12-14 15:51:15
DraftKings Pick6,player_points_rebounds,Mark Williams,Under,20.5,-137,2025-12-15,2025-12-14T23:50:32Z,2025-12-14 15:51:15
DraftKings Pick6,player_points_rebounds,Grayson Allen,Over,19.5,-137,2025-12-15,2025-12-14T23:50:32Z,2025-12-14 15:51:15
DraftKings Pick6,player_points_rebounds,Grayson Allen,Under,19.5,-137,2025-12-15,2025-12-14T23:50:32Z,2025-12-14 15:51:15
DraftKings Pick6,player_points_rebounds,Collin Gillespie,Over,16.5,-137,2025-12-15,2025-12-14T23:50:32Z,2025-12-14 15:51:15
DraftKings Pick6,player_points_rebounds,Collin Gillespie,Under,16.5,-137,2025-12-15,2025-12-14T23:50:32Z,2025-12-14 15:51:15
DraftKings Pick6,player_points_rebounds,Rui Hachimura,Over,15.5,-137,2025-12-15,2025-12-14T23:50:32Z,2025-12-14 15:51:15
DraftKings Pick6,player_points_rebounds,Rui Hachimura,Under,15.5,-137,2025-12-15,2025-12-14T23:50:32Z,2025-12-14 15:51:15
DraftKings Pick6,player_points_rebounds,Jake LaRavia,Over,9.5,-137,2025-12-15,2025-12-14T23:50:32Z,2025-12-14 15:51:15
DraftKings Pick6,player_points_rebounds,Jake LaRavia,Under,9.5,-137,2025-12-15,2025-12-14T23:50:32Z,2025-12-14 15:51:15
DraftKings Pick6,player_points_rebounds,Jerami Grant,Over,24.5,-137,2025-12-15,2025-12-14T23:51:21Z,2025-12-14 15:51:15
DraftKings Pick6,player_points_rebounds,Stephen Curry,Over,32.5,-137,2025-12-15,2025-12-14T23:51:21Z,2025-12-14 15:51:15
DraftKings Pick6,player_points_rebounds,Stephen Curry,Under,32.5,-137,2025-12-15,2025-12-14T23:51:21Z,2025-12-14 15:51:15
DraftKings Pick6,player_points_rebounds,Deni Avdija,Over,31.5,-137,2025-12-15,2025-12-14T23:51:21Z,2025-12-14 15:51:15
DraftKings Pick6,player_points_rebounds,Deni Avdija,Under,31.5,-137,2025-12-15,2025-12-14T23:51:21Z,2025-12-14 15:51:15
DraftKings Pick6,player_points_rebounds,Jimmy Butler,Over,26.5,-137,2025-12-15,2025-12-14T23:51:21Z,2025-12-14 15:51:15
DraftKings Pick6,player_points_rebounds,Jimmy Butler,Under,26.5,-137,2025-12-15,2025-12-14T23:51:21Z,2025-12-14 15:51:15
DraftKings Pick6,player_points_rebounds,Shaedon Sharpe,Over,26.5,-137,2025-12-15,2025-12-14T23:51:21Z,2025-12-14 15:51:15
DraftKings Pick6,player_points_rebounds,Shaedon Sharpe,Under,26.5,-137,2025-12-15,2025-12-14T23:51:21Z,2025-12-14 15:51:15
DraftKings Pick6,player_points_rebounds,Jerami Grant,Over,23.5,-137,2025-12-15,2025-12-14T23:51:21Z,2025-12-14 15:51:15
DraftKings Pick6,player_points_rebounds,Jerami Grant,Under,23.5,-137,2025-12-15,2025-12-14T23:51:21Z,2025-12-14 15:51:15
DraftKings Pick6,player_points_rebounds,Draymond Green,Over,15.5,-137,2025-12-15,2025-12-14T23:51:21Z,2025-12-14 15:51:15
DraftKings Pick6,player_points_rebounds,Draymond Green,Under,15.5,-137,2025-12-15,2025-12-14T23:51:21Z,2025-12-14 15:51:15
DraftKings Pick6,player_points_rebounds,Quinten Post,Over,14.5,-137,2025-12-15,2025-12-14T23:51:21Z,2025-12-14 15:51:15
DraftKings Pick6,player_points_rebounds,Quinten Post,Under,14.5,-137,2025-12-15,2025-12-14T23:51:21Z,2025-12-14 15:51:15
DraftKings Pick6,player_points_rebounds,Brandin Podziemski,Over,12.5,-137,2025-12-15,2025-12-14T23:51:21Z,2025-12-14 15:51:15
DraftKings Pick6,player_points_rebounds,Brandin Podziemski,Under,12.5,-137,2025-12-15,2025-12-14T23:51:21Z,2025-12-14 15:51:15
DraftKings Pick6,player_points_rebounds,Buddy Hield,Over,11.5,-137,2025-12-15,2025-12-14T23:51:21Z,2025-12-14 15:51:15
DraftKings Pick6,player_points_rebounds,Buddy Hield,Under,11.5,-137,2025-12-15,2025-12-14T23:51:21Z,2025-12-14 15:51:15
PrizePicks,player_points_rebounds,Josh Giddey,Over,29.0,-137,2025-12-15,2025-12-14T23:51:08Z,2025-12-14 15:51:15
PrizePicks,player_points_rebounds,Josh Giddey,Under,29.0,-137,2025-12-15,2025-12-14T23:51:08Z,2025-12-14 15:51:15
PrizePicks,player_points_rebounds,Coby White,Over,26.0,-137,2025-12-15,2025-12-14T23:51:08Z,2025-12-14 15:51:15
PrizePicks,player_points_rebounds,Coby White,Under,26.0,-137,2025-12-15,2025-12-14T23:51:08Z,2025-12-14 15:51:15
PrizePicks,player_points_rebounds,Trey Murphy III,Over,25.5,-137,2025-12-15,2025-12-14T23:51:08Z,2025-12-14 15:51:15
PrizePicks,player_points_rebounds,Trey Murphy III,Under,25.5,-137,2025-12-15,2025-12-14T23:51:08Z,2025-12-14 15:51:15
PrizePicks,player_points_rebounds,Nikola Vucevic,Over,23.5,-137,2025-12-15,2025-12-14T23:51:08Z,2025-12-14 15:51:15
PrizePicks,player_points_rebounds,Nikola Vucevic,Under,23.5,-137,2025-12-15,2025-12-14T23:51:08Z,2025-12-14 15:51:15
PrizePicks,player_points_rebounds,Zion Williamson,Over,22.5,-137,2025-12-15,2025-12-14T23:51:08Z,2025-12-14 15:51:15
PrizePicks,player_points_rebounds,Zion Williamson,Under,22.5,-137,2025-12-15,2025-12-14T23:51:08Z,2025-12-14 15:51:15
PrizePicks,player_points_rebounds,Derik Queen,Over,21.5,-137,2025-12-15,2025-12-14T23:51:08Z,2025-12-14 15:51:15
PrizePicks,player_points_rebounds,Derik Queen,Under,21.5,-137,2025-12-15,2025-12-14T23:51:08Z,2025-12-14 15:51:15
PrizePicks,player_points_rebounds,Matas Buzelis,Over,18.5,-137,2025-12-15,2025-12-14T23:51:08Z,2025-12-14 15:51:15
PrizePicks,player_points_rebounds,Matas Buzelis,Under,18.5,-137,2025-12-15,2025-12-14T23:51:08Z,2025-12-14 15:51:15
PrizePicks,player_points_rebounds,Jeremiah Fears,Over,17.5,-137,2025-12-15,2025-12-14T23:51:08Z,2025-12-14 15:51:15
PrizePicks,player_points_rebounds,Jeremiah Fears,Under,17.5,-137,2025-12-15,2025-12-14T23:51:08Z,2025-12-14 15:51:15
PrizePicks,player_points_rebounds,Jordan Poole,Over,17.5,-137,2025-12-15,2025-12-14T23:51:08Z,2025-12-14 15:51:15
PrizePicks,player_points_rebounds,Jordan Poole,Under,17.5,-137,2025-12-15,2025-12-14T23:51:08Z,2025-12-14 15:51:15
PrizePicks,player_points_rebounds,Tre Jones,Over,14.0,-137,2025-12-15,2025-12-14T23:51:08Z,2025-12-14 15:51:15
PrizePicks,player_points_rebounds,Tre Jones,Under,14.0,-137,2025-12-15,2025-12-14T23:51:08Z,2025-12-14 15:51:15
PrizePicks,player_points_rebounds,Jalen Smith,Over,13.0,-137,2025-12-15,2025-12-14T23:51:08Z,2025-12-14 15:51:15
PrizePicks,player_points_rebounds,Jalen Smith,Under,13.0,-137,2025-12-15,2025-12-14T23:51:08Z,2025-12-14 15:51:15
PrizePicks,player_points_rebounds,Herb Jones,Over,12.5,-137,2025-12-15,2025-12-14T23:51:08Z,2025-12-14 15:51:15
PrizePicks,player_points_rebounds,Herb Jones,Under,12.5,-137,2025-12-15,2025-12-14T23:51:08Z,2025-12-14 15:51:15
PrizePicks,player_points_rebounds,Zach Collins,Over,12.5,-137,2025-12-15,2025-12-14T23:51:08Z,2025-12-14 15:51:15
PrizePicks,player_points_rebounds,Zach Collins,Under,12.5,-137,2025-12-15,2025-12-14T23:51:08Z,2025-12-14 15:51:15
PrizePicks,player_points_rebounds,Jose Alvarado,Over,11.5,-137,2025-12-15,2025-12-14T23:51:08Z,2025-12-14 15:51:15
PrizePicks,player_points_rebounds,Jose Alvarado,Under,11.5,-137,2025-12-15,2025-12-14T23:51:08Z,2025-12-14 15:51:15
PrizePicks,player_points_rebounds,Kevin Huerter,Over,11.5,-137,2025-12-15,2025-12-14T23:51:08Z,2025-12-14 15:51:15
PrizePicks,player_points_rebounds,Kevin Huerter,Under,11.5,-137,2025-12-15,2025-12-14T23:51:08Z,2025-12-14 15:51:15
PrizePicks,player_points_rebounds,Patrick Williams,Over,10.5,-137,2025-12-15,2025-12-14T23:51:08Z,2025-12-14 15:51:15
PrizePicks,player_points_rebounds,Patrick Williams,Under,10.5,-137,2025-12-15,2025-12-14T23:51:08Z,2025-12-14 15:51:15
PrizePicks,player_points_rebounds,Isaac Okoro,Over,9.5,-137,2025-12-15,2025-12-14T23:51:08Z,2025-12-14 15:51:15
PrizePicks,player_points_rebounds,Isaac Okoro,Under,9.5,-137,2025-12-15,2025-12-14T23:51:08Z,2025-12-14 15:51:15
PrizePicks,player_points_rebounds,Julius Randle,Over,32.5,-137,2025-12-15,2025-12-14T23:51:12Z,2025-12-14 15:51:15
PrizePicks,player_points_rebounds,Julius Randle,Under,32.5,-137,2025-12-15,2025-12-14T23:51:12Z,2025-12-14 15:51:15
PrizePicks,player_points_rebounds,Rudy Gobert,Over,24.5,-137,2025-12-15,2025-12-14T23:51:12Z,2025-12-14 15:51:15
PrizePicks,player_points_rebounds,Rudy Gobert,Under,24.5,-137,2025-12-15,2025-12-14T23:51:12Z,2025-12-14 15:51:15
PrizePicks,player_points_rebounds,Naz Reid,Over,23.5,-137,2025-12-15,2025-12-14T23:51:12Z,2025-12-14 15:51:15
PrizePicks,player_points_rebounds,Naz Reid,Under,23.5,-137,2025-12-15,2025-12-14T23:51:12Z,2025-12-14 15:51:15
PrizePicks,player_points_rebounds,Zach LaVine,Over,23.5,-137,2025-12-15,2025-12-14T23:51:12Z,2025-12-14 15:51:15
PrizePicks,player_points_rebounds,Zach LaVine,Under,23.5,-137,2025-12-15,2025-12-14T23:51:12Z,2025-12-14 15:51:15
PrizePicks,player_points_rebounds,Jaden McDaniels,Over,22.5,-137,2025-12-15,2025-12-14T23:51:12Z,2025-12-14 15:51:15
PrizePicks,player_points_rebounds,Jaden McDaniels,Under,22.5,-137,2025-12-15,2025-12-14T23:51:12Z,2025-12-14 15:51:15
PrizePicks,player_points_rebounds,DeMar DeRozan,Over,22.0,-137,2025-12-15,2025-12-14T23:51:12Z,2025-12-14 15:51:15
PrizePicks,player_points_rebounds,DeMar DeRozan,Under,22.0,-137,2025-12-15,2025-12-14T23:51:12Z,2025-12-14 15:51:15
PrizePicks,player_points_rebounds,Keegan Murray,Over,20.5,-137,2025-12-15,2025-12-14T23:51:12Z,2025-12-14 15:51:15
PrizePicks,player_points_rebounds,Keegan Murray,Under,20.5,-137,2025-12-15,2025-12-14T23:51:12Z,2025-12-14 15:51:15
PrizePicks,player_points_rebounds,Donte DiVincenzo,Over,19.5,-137,2025-12-15,2025-12-14T23:51:12Z,2025-12-14 15:51:15
PrizePicks,player_points_rebounds,Donte DiVincenzo,Under,19.5,-137,2025-12-15,2025-12-14T23:51:12Z,2025-12-14 15:51:15
PrizePicks,player_points_rebounds,Maxime Raynaud,Over,18.5,-137,2025-12-15,2025-12-14T23:51:12Z,2025-12-14 15:51:15
PrizePicks,player_points_rebounds,Maxime Raynaud,Under,18.5,-137,2025-12-15,2025-12-14T23:51:12Z,2025-12-14 15:51:15
PrizePicks,player_points_rebounds,Russell Westbrook,Over,18.5,-137,2025-12-15,2025-12-14T23:51:12Z,2025-12-14 15:51:15
PrizePicks,player_points_rebounds,Russell Westbrook,Under,18.5,-137,2025-12-15,2025-12-14T23:51:12Z,2025-12-14 15:51:15
PrizePicks,player_points_rebounds,Malik Monk,Over,13.5,-137,2025-12-15,2025-12-14T23:51:12Z,2025-12-14 15:51:15
PrizePicks,player_points_rebounds,Malik Monk,Under,13.5,-137,2025-12-15,2025-12-14T23:51:12Z,2025-12-14 15:51:15
PrizePicks,player_points_rebounds,Bones Hyland,Over,13.5,-137,2025-12-15,2025-12-14T23:51:12Z,2025-12-14 15:51:15
PrizePicks,player_points_rebounds,Bones Hyland,Under,13.5,-137,2025-12-15,2025-12-14T23:51:12Z,2025-12-14 15:51:15
PrizePicks,player_points_rebounds,Dennis Schroder,Over,12.5,-137,2025-12-15,2025-12-14T23:51:12Z,2025-12-14 15:51:15
PrizePicks,player_points_rebounds,Dennis Schroder,Under,12.5,-137,2025-12-15,2025-12-14T23:51:12Z,2025-12-14 15:51:15
PrizePicks,player_points_rebounds,Terrence Shannon Jr.,Over,11.5,-137,2025-12-15,2025-12-14T23:51:12Z,2025-12-14 15:51:15
PrizePicks,player_points_rebounds,Terrence Shannon Jr.,Under,11.5,-137,2025-12-15,2025-12-14T23:51:12Z,2025-12-14 15:51:15
PrizePicks,player_points_rebounds,Luka Doncic,Over,43.5,-137,2025-12-15,2025-12-14T23:51:09Z,2025-12-14 15:51:15
PrizePicks,player_points_rebounds,Luka Doncic,Under,43.5,-137,2025-12-15,2025-12-14T23:51:09Z,2025-12-14 15:51:15
PrizePicks,player_points_rebounds,LeBron James,Over,26.5,-137,2025-12-15,2025-12-14T23:51:09Z,2025-12-14 15:51:15
PrizePicks,player_points_rebounds,LeBron James,Under,26.5,-137,2025-12-15,2025-12-14T23:51:09Z,2025-12-14 15:51:15
PrizePicks,player_points_rebounds,Devin Booker,Over,25.5,-137,2025-12-15,2025-12-14T23:51:09Z,2025-12-14 15:51:15
PrizePicks,player_points_rebounds,Devin Booker,Under,25.5,-137,2025-12-15,2025-12-14T23:51:09Z,2025-12-14 15:51:15
PrizePicks,player_points_rebounds,Deandre Ayton,Over,23.5,-137,2025-12-15,2025-12-14T23:51:09Z,2025-12-14 15:51:15
PrizePicks,player_points_rebounds,Deandre Ayton,Under,23.5,-137,2025-12-15,2025-12-14T23:51:09Z,2025-12-14 15:51:15
PrizePicks,player_points_rebounds,Dillon Brooks,Over,22.0,-137,2025-12-15,2025-12-14T23:51:09Z,2025-12-14 15:51:15
PrizePicks,player_points_rebounds,Dillon Brooks,Under,22.0,-137,2025-12-15,2025-12-14T23:51:09Z,2025-12-14 15:51:15
PrizePicks,player_points_rebounds,Mark Williams,Over,20.5,-137,2025-12-15,2025-12-14T23:51:09Z,2025-12-14 15:51:15
PrizePicks,player_points_rebounds,Mark Williams,Under,20.5,-137,2025-12-15,2025-12-14T23:51:09Z,2025-12-14 15:51:15
PrizePicks,player_points_rebounds,Grayson Allen,Over,19.0,-137,2025-12-15,2025-12-14T23:51:09Z,2025-12-14 15:51:15
PrizePicks,player_points_rebounds,Grayson Allen,Under,19.0,-137,2025-12-15,2025-12-14T23:51:09Z,2025-12-14 15:51:15
PrizePicks,player_points_rebounds,Collin Gillespie,Over,16.5,-137,2025-12-15,2025-12-14T23:51:09Z,2025-12-14 15:51:15
PrizePicks,player_points_rebounds,Collin Gillespie,Under,16.5,-137,2025-12-15,2025-12-14T23:51:09Z,2025-12-14 15:51:15
PrizePicks,player_points_rebounds,Rui Hachimura,Over,15.5,-137,2025-12-15,2025-12-14T23:51:09Z,2025-12-14 15:51:15
PrizePicks,player_points_rebounds,Rui Hachimura,Under,15.5,-137,2025-12-15,2025-12-14T23:51:09Z,2025-12-14 15:51:15
PrizePicks,player_points_rebounds,Royce O'Neale,Over,13.5,-137,2025-12-15,2025-12-14T23:51:09Z,2025-12-14 15:51:15
PrizePicks,player_points_rebounds,Royce O'Neale,Under,13.5,-137,2025-12-15,2025-12-14T23:51:09Z,2025-12-14 15:51:15
PrizePicks,player_points_rebounds,Marcus Smart,Over,12.5,-137,2025-12-15,2025-12-14T23:51:09Z,2025-12-14 15:51:15
PrizePicks,player_points_rebounds,Marcus Smart,Under,12.5,-137,2025-12-15,2025-12-14T23:51:09Z,2025-12-14 15:51:15
PrizePicks,player_points_rebounds,Jake LaRavia,Over,9.5,-137,2025-12-15,2025-12-14T23:51:09Z,2025-12-14 15:51:15
PrizePicks,player_points_rebounds,Jake LaRavia,Under,9.5,-137,2025-12-15,2025-12-14T23:51:09Z,2025-12-14 15:51:15
PrizePicks,player_points_rebounds,Stephen Curry,Over,32.5,-137,2025-12-15,2025-12-14T23:51:11Z,2025-12-14 15:51:15
PrizePicks,player_points_rebounds,Stephen Curry,Under,32.5,-137,2025-12-15,2025-12-14T23:51:11Z,2025-12-14 15:51:15
PrizePicks,player_points_rebounds,Deni Avdija,Over,31.5,-137,2025-12-15,2025-12-14T23:51:11Z,2025-12-14 15:51:15
PrizePicks,player_points_rebounds,Deni Avdija,Under,31.5,-137,2025-12-15,2025-12-14T23:51:11Z,2025-12-14 15:51:15
PrizePicks,player_points_rebounds,Shaedon Sharpe,Over,26.5,-137,2025-12-15,2025-12-14T23:51:11Z,2025-12-14 15:51:15
PrizePicks,player_points_rebounds,Shaedon Sharpe,Under,26.5,-137,2025-12-15,2025-12-14T23:51:11Z,2025-12-14 15:51:15
PrizePicks,player_points_rebounds,Jimmy Butler,Over,25.5,-137,2025-12-15,2025-12-14T23:51:11Z,2025-12-14 15:51:15
PrizePicks,player_points_rebounds,Jimmy Butler,Under,25.5,-137,2025-12-15,2025-12-14T23:51:11Z,2025-12-14 15:51:15
PrizePicks,player_points_rebounds,Jerami Grant,Over,23.5,-137,2025-12-15,2025-12-14T23:51:11Z,2025-12-14 15:51:15
PrizePicks,player_points_rebounds,Jerami Grant,Under,23.5,-137,2025-12-15,2025-12-14T23:51:11Z,2025-12-14 15:51:15
PrizePicks,player_points_rebounds,Donovan Clingan,Over,19.5,-137,2025-12-15,2025-12-14T23:51:11Z,2025-12-14 15:51:15
PrizePicks,player_points_rebounds,Donovan Clingan,Under,19.5,-137,2025-12-15,2025-12-14T23:51:11Z,2025-12-14 15:51:15
PrizePicks,player_points_rebounds,Toumani Camara,Over,18.0,-137,2025-12-15,2025-12-14T23:51:11Z,2025-12-14 15:51:15
PrizePicks,player_points_rebounds,Toumani Camara,Under,18.0,-137,2025-12-15,2025-12-14T23:51:11Z,2025-12-14 15:51:15
PrizePicks,player_points_rebounds,Draymond Green,Over,16.0,-137,2025-12-15,2025-12-14T23:51:11Z,2025-12-14 15:51:15
PrizePicks,player_points_rebounds,Draymond Green,Under,16.0,-137,2025-12-15,2025-12-14T23:51:11Z,2025-12-14 15:51:15
PrizePicks,player_points_rebounds,Quinten Post,Over,14.0,-137,2025-12-15,2025-12-14T23:51:11Z,2025-12-14 15:51:15
PrizePicks,player_points_rebounds,Quinten Post,Under,14.0,-137,2025-12-15,2025-12-14T23:51:11Z,2025-12-14 15:51:15
PrizePicks,player_points_rebounds,Brandin Podziemski,Over,12.5,-137,2025-12-15,2025-12-14T23:51:11Z,2025-12-14 15:51:15
PrizePicks,player_points_rebounds,Brandin Podziemski,Under,12.5,-137,2025-12-15,2025-12-14T23:51:11Z,2025-12-14 15:51:15
PrizePicks,player_points_rebounds,Buddy Hield,Over,11.5,-137,2025-12-15,2025-12-14T23:51:11Z,2025-12-14 15:51:15
PrizePicks,player_points_rebounds,Buddy Hield,Under,11.5,-137,2025-12-15,2025-12-14T23:51:11Z,2025-12-14 15:51:15
PrizePicks,player_points_rebounds,Moses Moody,Over,11.0,-137,2025-12-15,2025-12-14T23:51:11Z,2025-12-14 15:51:15
PrizePicks,player_points_rebounds,Moses Moody,Under,11.0,-137,2025-12-15,2025-12-14T23:51:11Z,2025-12-14 15:51:15
PrizePicks,player_points_rebounds,Kris Murray,Over,9.5,-137,2025-12-15,2025-12-14T23:51:11Z,2025-12-14 15:51:15
PrizePicks,player_points_rebounds,Kris Murray,Under,9.5,-137,2025-12-15,2025-12-14T23:51:11Z,2025-12-14 15:51:15
PrizePicks,player_points_rebounds,Brandon Ingram,Over,29.5,-137,2025-12-16,2025-12-14T23:51:07Z,2025-12-14 15:51:15
PrizePicks,player_points_rebounds,Brandon Ingram,Under,29.5,-137,2025-12-16,2025-12-14T23:51:07Z,2025-12-14 15:51:15
PrizePicks,player_points_rebounds,Bam Adebayo,Over,28.5,-137,2025-12-16,2025-12-14T23:51:07Z,2025-12-14 15:51:15
PrizePicks,player_points_rebounds,Bam Adebayo,Under,28.5,-137,2025-12-16,2025-12-14T23:51:07Z,2025-12-14 15:51:15
PrizePicks,player_points_rebounds,Scottie Barnes,Over,28.5,-137,2025-12-16,2025-12-14T23:51:07Z,2025-12-14 15:51:15
PrizePicks,player_points_rebounds,Scottie Barnes,Under,28.5,-137,2025-12-16,2025-12-14T23:51:07Z,2025-12-14 15:51:15
PrizePicks,player_points_rebounds,Tyler Herro,Over,26.5,-137,2025-12-16,2025-12-14T23:51:07Z,2025-12-14 15:51:15
PrizePicks,player_points_rebounds,Tyler Herro,Under,26.5,-137,2025-12-16,2025-12-14T23:51:07Z,2025-12-14 15:51:15
PrizePicks,player_points_rebounds,Norman Powell,Over,25.5,-137,2025-12-16,2025-12-14T23:51:07Z,2025-12-14 15:51:15
PrizePicks,player_points_rebounds,Norman Powell,Under,25.5,-137,2025-12-16,2025-12-14T23:51:07Z,2025-12-14 15:51:15
PrizePicks,player_points_rebounds,Immanuel Quickley,Over,21.5,-137,2025-12-16,2025-12-14T23:51:07Z,2025-12-14 15:51:15
PrizePicks,player_points_rebounds,Immanuel Quickley,Under,21.5,-137,2025-12-16,2025-12-14T23:51:07Z,2025-12-14 15:51:15
PrizePicks,player_points_rebounds,Andrew Wiggins,Over,19.5,-137,2025-12-16,2025-12-14T23:51:07Z,2025-12-14 15:51:15
PrizePicks,player_points_rebounds,Andrew Wiggins,Under,19.5,-137,2025-12-16,2025-12-14T23:51:07Z,2025-12-14 15:51:15
PrizePicks,player_points_rebounds,Jakob Poeltl,Over,19.5,-137,2025-12-16,2025-12-14T23:51:07Z,2025-12-14 15:51:15
PrizePicks,player_points_rebounds,Jakob Poeltl,Under,19.5,-137,2025-12-16,2025-12-14T23:51:07Z,2025-12-14 15:51:15
PrizePicks,player_points_rebounds,Sandro Mamukelashvili,Over,13.5,-137,2025-12-16,2025-12-14T23:51:07Z,2025-12-14 15:51:15
PrizePicks,player_points_rebounds,Sandro Mamukelashvili,Under,13.5,-137,2025-12-16,2025-12-14T23:51:07Z,2025-12-14 15:51:15
PrizePicks,player_points_rebounds,Davion Mitchell,Over,11.5,-137,2025-12-16,2025-12-14T23:51:07Z,2025-12-14 15:51:15
PrizePicks,player_points_rebounds,Davion Mitchell,Under,11.5,-137,2025-12-16,2025-12-14T23:51:07Z,2025-12-14 15:51:15
PrizePicks,player_points_rebounds,Jalen Brunson,Over,33.5,-137,2025-12-17,2025-12-14T23:51:06Z,2025-12-14 15:51:15
PrizePicks,player_points_rebounds,Jalen Brunson,Under,33.5,-137,2025-12-17,2025-12-14T23:51:06Z,2025-12-14 15:51:15
PrizePicks,player_points_rebounds,Karl-Anthony Towns,Over,32.5,-137,2025-12-17,2025-12-14T23:51:06Z,2025-12-14 15:51:15
PrizePicks,player_points_rebounds,Karl-Anthony Towns,Under,32.5,-137,2025-12-17,2025-12-14T23:51:06Z,2025-12-14 15:51:15
PrizePicks,player_points_rebounds,Victor Wembanyama,Over,32.5,-137,2025-12-17,2025-12-14T23:51:06Z,2025-12-14 15:51:15
PrizePicks,player_points_rebounds,Victor Wembanyama,Under,32.5,-137,2025-12-17,2025-12-14T23:51:06Z,2025-12-14 15:51:15
PrizePicks,player_points_rebounds,De'Aaron Fox,Over,24.5,-137,2025-12-17,2025-12-14T23:51:06Z,2025-12-14 15:51:15
PrizePicks,player_points_rebounds,De'Aaron Fox,Under,24.5,-137,2025-12-17,2025-12-14T23:51:06Z,2025-12-14 15:51:15
PrizePicks,player_points_rebounds,Josh Hart,Over,22.5,-137,2025-12-17,2025-12-14T23:51:06Z,2025-12-14 15:51:15
PrizePicks,player_points_rebounds,Josh Hart,Under,22.5,-137,2025-12-17,2025-12-14T23:51:06Z,2025-12-14 15:51:15
PrizePicks,player_points_rebounds,Stephon Castle,Over,22.0,-137,2025-12-17,2025-12-14T23:51:06Z,2025-12-14 15:51:15
PrizePicks,player_points_rebounds,Stephon Castle,Under,22.0,-137,2025-12-17,2025-12-14T23:51:06Z,2025-12-14 15:51:15
PrizePicks,player_points_rebounds,OG Anunoby,Over,20.5,-137,2025-12-17,2025-12-14T23:51:06Z,2025-12-14 15:51:15
PrizePicks,player_points_rebounds,OG Anunoby,Under,20.5,-137,2025-12-17,2025-12-14T23:51:06Z,2025-12-14 15:51:15
PrizePicks,player_points_rebounds,Mikal Bridges,Over,18.5,-137,2025-12-17,2025-12-14T23:51:06Z,2025-12-14 15:51:15
PrizePicks,player_points_rebounds,Mikal Bridges,Under,18.5,-137,2025-12-17,2025-12-14T23:51:06Z,2025-12-14 15:51:15
PrizePicks,player_points_rebounds,Devin Vassell,Over,16.5,-137,2025-12-17,2025-12-14T23:51:06Z,2025-12-14 15:51:15
PrizePicks,player_points_rebounds,Devin Vassell,Under,16.5,-137,2025-12-17,2025-12-14T23:51:06Z,2025-12-14 15:51:15
PrizePicks,player_points_rebounds,Dylan Harper,Over,13.5,-137,2025-12-17,2025-12-14T23:51:06Z,2025-12-14 15:51:15
PrizePicks,player_points_rebounds,Dylan Harper,Under,13.5,-137,2025-12-17,2025-12-14T23:51:06Z,2025-12-14 15:51:15
PrizePicks,player_points_rebounds,Harrison Barnes,Over,13.5,-137,2025-12-17,2025-12-14T23:51:06Z,2025-12-14 15:51:15
PrizePicks,player_points_rebounds,Harrison Barnes,Under,13.5,-137,2025-12-17,2025-12-14T23:51:06Z,2025-12-14 15:51:15
PrizePicks,player_points_rebounds,Julian Champagnie,Over,12.0,-137,2025-12-17,2025-12-14T23:51:06Z,2025-12-14 15:51:15
PrizePicks,player_points_rebounds,Julian Champagnie,Under,12.0,-137,2025-12-17,2025-12-14T23:51:06Z,2025-12-14 15:51:15
PrizePicks,player_points_rebounds,Mitchell Robinson,Over,9.5,-137,2025-12-17,2025-12-14T23:51:06Z,2025-12-14 15:51:15
PrizePicks,player_points_rebounds,Mitchell Robinson,Under,9.5,-137,2025-12-17,2025-12-14T23:51:06Z,2025-12-14 15:51:15
Underdog,player_points_rebounds,Zion Williamson,Over,21.5,-137,2025-12-15,2025-12-14T23:50:42Z,2025-12-14 15:51:15
Underdog,player_points_rebounds,Zion Williamson,Under,21.5,-137,2025-12-15,2025-12-14T23:50:42Z,2025-12-14 15:51:15
Underdog,player_points_rebounds,Coby White,Over,26.5,-137,2025-12-15,2025-12-14T23:50:42Z,2025-12-14 15:51:15
Underdog,player_points_rebounds,Coby White,Under,26.5,-137,2025-12-15,2025-12-14T23:50:42Z,2025-12-14 15:51:15
Underdog,player_points_rebounds,Nikola Vucevic,Over,23.5,-137,2025-12-15,2025-12-14T23:50:42Z,2025-12-14 15:51:15
Underdog,player_points_rebounds,Nikola Vucevic,Under,23.5,-137,2025-12-15,2025-12-14T23:50:42Z,2025-12-14 15:51:15
Underdog,player_points_rebounds,Josh Giddey,Over,29.5,-137,2025-12-15,2025-12-14T23:50:42Z,2025-12-14 15:51:15
Underdog,player_points_rebounds,Josh Giddey,Under,29.5,-137,2025-12-15,2025-12-14T23:50:42Z,2025-12-14 15:51:15
Underdog,player_points_rebounds,Trey Murphy III,Over,25.5,-137,2025-12-15,2025-12-14T23:50:42Z,2025-12-14 15:51:15
Underdog,player_points_rebounds,Trey Murphy III,Under,25.5,-137,2025-12-15,2025-12-14T23:50:42Z,2025-12-14 15:51:15
Underdog,player_points_rebounds,Saddiq Bey,Over,19.5,-137,2025-12-15,2025-12-14T23:50:42Z,2025-12-14 15:51:15
Underdog,player_points_rebounds,Saddiq Bey,Under,19.5,-137,2025-12-15,2025-12-14T23:50:42Z,2025-12-14 15:51:15
Underdog,player_points_rebounds,Derik Queen,Over,20.5,-137,2025-12-15,2025-12-14T23:50:42Z,2025-12-14 15:51:15
Underdog,player_points_rebounds,Derik Queen,Under,20.5,-137,2025-12-15,2025-12-14T23:50:42Z,2025-12-14 15:51:15
Underdog,player_points_rebounds,Julius Randle,Over,32.5,-137,2025-12-15,2025-12-14T23:51:29Z,2025-12-14 15:51:15
Underdog,player_points_rebounds,Julius Randle,Under,32.5,-137,2025-12-15,2025-12-14T23:51:29Z,2025-12-14 15:51:15
Underdog,player_points_rebounds,Zach LaVine,Over,23.5,-137,2025-12-15,2025-12-14T23:51:29Z,2025-12-14 15:51:15
Underdog,player_points_rebounds,Zach LaVine,Under,23.5,-137,2025-12-15,2025-12-14T23:51:29Z,2025-12-14 15:51:15
Underdog,player_points_rebounds,DeMar DeRozan,Over,21.5,-137,2025-12-15,2025-12-14T23:51:29Z,2025-12-14 15:51:15
Underdog,player_points_rebounds,DeMar DeRozan,Under,21.5,-137,2025-12-15,2025-12-14T23:51:29Z,2025-12-14 15:51:15
Underdog,player_points_rebounds,Jaden McDaniels,Over,22.5,-137,2025-12-15,2025-12-14T23:51:29Z,2025-12-14 15:51:15
Underdog,player_points_rebounds,Jaden McDaniels,Under,22.5,-137,2025-12-15,2025-12-14T23:51:29Z,2025-12-14 15:51:15
Underdog,player_points_rebounds,Naz Reid,Over,23.5,-137,2025-12-15,2025-12-14T23:51:29Z,2025-12-14 15:51:15
Underdog,player_points_rebounds,Naz Reid,Under,23.5,-137,2025-12-15,2025-12-14T23:51:29Z,2025-12-14 15:51:15
Underdog,player_points_rebounds,Luka Doncic,Over,44.5,-137,2025-12-15,2025-12-14T23:51:07Z,2025-12-14 15:51:15
Underdog,player_points_rebounds,Luka Doncic,Under,44.5,-137,2025-12-15,2025-12-14T23:51:07Z,2025-12-14 15:51:15
Underdog,player_points_rebounds,LeBron James,Over,26.5,-137,2025-12-15,2025-12-14T23:51:07Z,2025-12-14 15:51:15
Underdog,player_points_rebounds,LeBron James,Under,26.5,-137,2025-12-15,2025-12-14T23:51:07Z,2025-12-14 15:51:15
Underdog,player_points_rebounds,Devin Booker,Over,25.5,-137,2025-12-15,2025-12-14T23:51:07Z,2025-12-14 15:51:15
Underdog,player_points_rebounds,Devin Booker,Under,25.5,-137,2025-12-15,2025-12-14T23:51:07Z,2025-12-14 15:51:15
Underdog,player_points_rebounds,Deandre Ayton,Over,23.5,-137,2025-12-15,2025-12-14T23:51:07Z,2025-12-14 15:51:15
Underdog,player_points_rebounds,Deandre Ayton,Under,23.5,-137,2025-12-15,2025-12-14T23:51:07Z,2025-12-14 15:51:15
Underdog,player_points_rebounds,Grayson Allen,Over,19.5,-137,2025-12-15,2025-12-14T23:51:07Z,2025-12-14 15:51:15
Underdog,player_points_rebounds,Grayson Allen,Under,19.5,-137,2025-12-15,2025-12-14T23:51:07Z,2025-12-14 15:51:15
Underdog,player_points_rebounds,Mark Williams,Over,20.5,-137,2025-12-15,2025-12-14T23:51:07Z,2025-12-14 15:51:15
Underdog,player_points_rebounds,Mark Williams,Under,20.5,-137,2025-12-15,2025-12-14T23:51:07Z,2025-12-14 15:51:15
Underdog,player_points_rebounds,Stephen Curry,Over,32.5,-137,2025-12-15,2025-12-14T23:51:12Z,2025-12-14 15:51:15
Underdog,player_points_rebounds,Stephen Curry,Under,32.5,-137,2025-12-15,2025-12-14T23:51:12Z,2025-12-14 15:51:15
Underdog,player_points_rebounds,Deni Avdija,Over,31.5,-137,2025-12-15,2025-12-14T23:51:12Z,2025-12-14 15:51:15
Underdog,player_points_rebounds,Deni Avdija,Under,31.5,-137,2025-12-15,2025-12-14T23:51:12Z,2025-12-14 15:51:15
Underdog,player_points_rebounds,Shaedon Sharpe,Over,26.5,-137,2025-12-15,2025-12-14T23:51:12Z,2025-12-14 15:51:15
Underdog,player_points_rebounds,Shaedon Sharpe,Under,26.5,-137,2025-12-15,2025-12-14T23:51:12Z,2025-12-14 15:51:15
Underdog,player_points_rebounds,Donovan Clingan,Over,19.5,-137,2025-12-15,2025-12-14T23:51:12Z,2025-12-14 15:51:15
Underdog,player_points_rebounds,Donovan Clingan,Under,19.5,-137,2025-12-15,2025-12-14T23:51:12Z,2025-12-14 15:51:15
Underdog,player_points_rebounds,Scottie Barnes,Over,28.5,-137,2025-12-16,2025-12-14T23:51:26Z,2025-12-14 15:51:15
Underdog,player_points_rebounds,Scottie Barnes,Under,28.5,-137,2025-12-16,2025-12-14T23:51:26Z,2025-12-14 15:51:15
Underdog,player_points_rebounds,Bam Adebayo,Over,28.5,-137,2025-12-16,2025-12-14T23:51:26Z,2025-12-14 15:51:15
Underdog,player_points_rebounds,Bam Adebayo,Under,28.5,-137,2025-12-16,2025-12-14T23:51:26Z,2025-12-14 15:51:15
Underdog,player_points_rebounds,Brandon Ingram,Over,29.5,-137,2025-12-16,2025-12-14T23:51:26Z,2025-12-14 15:51:15
Underdog,player_points_rebounds,Brandon Ingram,Under,29.5,-137,2025-12-16,2025-12-14T23:51:26Z,2025-12-14 15:51:15
Underdog,player_points_rebounds,Tyler Herro,Over,26.5,-137,2025-12-16,2025-12-14T23:51:26Z,2025-12-14 15:51:15
Underdog,player_points_rebounds,Tyler Herro,Under,26.5,-137,2025-12-16,2025-12-14T23:51:26Z,2025-12-14 15:51:15
Underdog,player_points_rebounds,Andrew Wiggins,Over,19.5,-137,2025-12-16,2025-12-14T23:51:26Z,2025-12-14 15:51:15
Underdog,player_points_rebounds,Andrew Wiggins,Under,19.5,-137,2025-12-16,2025-12-14T23:51:26Z,2025-12-14 15:51:15
Underdog,player_points_rebounds,Immanuel Quickley,Over,21.5,-137,2025-12-16,2025-12-14T23:51:26Z,2025-12-14 15:51:15
Underdog,player_points_rebounds,Immanuel Quickley,Under,21.5,-137,2025-12-16,2025-12-14T23:51:26Z,2025-12-14 15:51:15
Underdog,player_points_rebounds,Victor Wembanyama,Over,33.5,-137,2025-12-17,2025-12-14T23:51:33Z,2025-12-14 15:51:15
Underdog,player_points_rebounds,Victor Wembanyama,Under,33.5,-137,2025-12-17,2025-12-14T23:51:33Z,2025-12-14 15:51:15
Underdog,player_points_rebounds,Karl-Anthony Towns,Over,32.5,-137,2025-12-17,2025-12-14T23:51:33Z,2025-12-14 15:51:15
Underdog,player_points_rebounds,Karl-Anthony Towns,Under,32.5,-137,2025-12-17,2025-12-14T23:51:33Z,2025-12-14 15:51:15
Underdog,player_points_rebounds,Jalen Brunson,Over,33.5,-137,2025-12-17,2025-12-14T23:51:33Z,2025-12-14 15:51:15
Underdog,player_points_rebounds,Jalen Brunson,Under,33.5,-137,2025-12-17,2025-12-14T23:51:33Z,2025-12-14 15:51:15
Underdog,player_points_rebounds,De'Aaron Fox,Over,24.5,-137,2025-12-17,2025-12-14T23:51:33Z,2025-12-14 15:51:15
Underdog,player_points_rebounds,De'Aaron Fox,Under,24.5,-137,2025-12-17,2025-12-14T23:51:33Z,2025-12-14 15:51:15
Underdog,player_points_rebounds,OG Anunoby,Over,20.5,-137,2025-12-17,2025-12-14T23:51:33Z,2025-12-14 15:51:15
Underdog,player_points_rebounds,OG Anunoby,Under,20.5,-137,2025-12-17,2025-12-14T23:51:33Z,2025-12-14 15:51:15
Underdog,player_points_rebounds,Josh Hart,Over,22.5,-137,2025-12-17,2025-12-14T23:51:33Z,2025-12-14 15:51:15
Underdog,player_points_rebounds,Josh Hart,Under,22.5,-137,2025-12-17,2025-12-14T23:51:33Z,2025-12-14 15:51:15
Underdog,player_points_rebounds,Stephon Castle,Over,21.5,-137,2025-12-17,2025-12-14T23:51:33Z,2025-12-14 15:51:15
Underdog,player_points_rebounds,Stephon Castle,Under,21.5,-137,2025-12-17,2025-12-14T23:51:33Z,2025-12-14 15:51:15
Betr DFS,player_points_assists,Joel Embiid,Over,26.5,-137,2025-12-14,2025-12-14T23:50:21Z,2025-12-14 15:51:15
Betr DFS,player_points_assists,Joel Embiid,Under,26.5,-137,2025-12-14,2025-12-14T23:50:21Z,2025-12-14 15:51:15
Betr DFS,player_points_assists,VJ Edgecombe,Over,16.5,-137,2025-12-14,2025-12-14T23:50:21Z,2025-12-14 15:51:15
Betr DFS,player_points_assists,Onyeka Okongwu,Over,16.5,-137,2025-12-14,2025-12-14T23:50:21Z,2025-12-14 15:51:15
Betr DFS,player_points_assists,Onyeka Okongwu,Under,16.5,-137,2025-12-14,2025-12-14T23:50:21Z,2025-12-14 15:51:15
Betr DFS,player_points_assists,Jalen Johnson,Over,31.5,-137,2025-12-14,2025-12-14T23:50:21Z,2025-12-14 15:51:15
Betr DFS,player_points_assists,Jalen Johnson,Under,31.5,-137,2025-12-14,2025-12-14T23:50:21Z,2025-12-14 15:51:15
Betr DFS,player_points_assists,Nickeil Alexander-Walker,Over,24.5,-137,2025-12-14,2025-12-14T23:50:21Z,2025-12-14 15:51:15
Betr DFS,player_points_assists,Nickeil Alexander-Walker,Under,24.5,-137,2025-12-14,2025-12-14T23:50:21Z,2025-12-14 15:51:15
Betr DFS,player_points_assists,Dyson Daniels,Over,21.5,-137,2025-12-14,2025-12-14T23:50:21Z,2025-12-14 15:51:15
Betr DFS,player_points_assists,Dyson Daniels,Under,21.5,-137,2025-12-14,2025-12-14T23:50:21Z,2025-12-14 15:51:15
Betr DFS,player_points_assists,Michael Porter Jr,Over,25.5,-137,2025-12-14,2025-12-14T23:50:44Z,2025-12-14 15:51:15
Betr DFS,player_points_assists,Michael Porter Jr,Under,25.5,-137,2025-12-14,2025-12-14T23:50:44Z,2025-12-14 15:51:15
Betr DFS,player_points_assists,Saddiq Bey,Over,14.5,-137,2025-12-15,2025-12-14T23:50:47Z,2025-12-14 15:51:15
Betr DFS,player_points_assists,Saddiq Bey,Under,14.5,-137,2025-12-15,2025-12-14T23:50:47Z,2025-12-14 15:51:15
Betr DFS,player_points_assists,Zion Williamson,Over,20.5,-137,2025-12-15,2025-12-14T23:50:47Z,2025-12-14 15:51:15
Betr DFS,player_points_assists,Zion Williamson,Under,20.5,-137,2025-12-15,2025-12-14T23:50:47Z,2025-12-14 15:51:15
Betr DFS,player_points_assists,Herb Jones,Over,11.5,-137,2025-12-15,2025-12-14T23:50:47Z,2025-12-14 15:51:15
Betr DFS,player_points_assists,Herb Jones,Under,11.5,-137,2025-12-15,2025-12-14T23:50:47Z,2025-12-14 15:51:15
Betr DFS,player_points_assists,Trey Murphy III,Over,23.5,-137,2025-12-15,2025-12-14T23:50:47Z,2025-12-14 15:51:15
Betr DFS,player_points_assists,Trey Murphy III,Under,23.5,-137,2025-12-15,2025-12-14T23:50:47Z,2025-12-14 15:51:15
Betr DFS,player_points_assists,Jose Alvarado,Over,10.5,-137,2025-12-15,2025-12-14T23:50:47Z,2025-12-14 15:51:15
Betr DFS,player_points_assists,Jose Alvarado,Under,10.5,-137,2025-12-15,2025-12-14T23:50:47Z,2025-12-14 15:51:15
Betr DFS,player_points_assists,Jordan Poole,Over,18.5,-137,2025-12-15,2025-12-14T23:50:47Z,2025-12-14 15:51:15
Betr DFS,player_points_assists,Jordan Poole,Under,18.5,-137,2025-12-15,2025-12-14T23:50:47Z,2025-12-14 15:51:15
Betr DFS,player_points_assists,Jeremiah Fears,Over,17.5,-137,2025-12-15,2025-12-14T23:50:47Z,2025-12-14 15:51:15
Betr DFS,player_points_assists,Jeremiah Fears,Under,17.5,-137,2025-12-15,2025-12-14T23:50:47Z,2025-12-14 15:51:15
Betr DFS,player_points_assists,Derik Queen,Under,19.5,-137,2025-12-15,2025-12-14T23:50:47Z,2025-12-14 15:51:15
Betr DFS,player_points_assists,Derik Queen,Over,19.5,-137,2025-12-15,2025-12-14T23:50:47Z,2025-12-14 15:51:15
Betr DFS,player_points_assists,Nikola Vucevic,Over,18.5,-137,2025-12-15,2025-12-14T23:50:47Z,2025-12-14 15:51:15
Betr DFS,player_points_assists,Nikola Vucevic,Under,18.5,-137,2025-12-15,2025-12-14T23:50:47Z,2025-12-14 15:51:15
Betr DFS,player_points_assists,Coby White,Over,26.5,-137,2025-12-15,2025-12-14T23:50:47Z,2025-12-14 15:51:15
Betr DFS,player_points_assists,Coby White,Under,26.5,-137,2025-12-15,2025-12-14T23:50:47Z,2025-12-14 15:51:15
Betr DFS,player_points_assists,Josh Giddey,Over,29.5,-137,2025-12-15,2025-12-14T23:50:47Z,2025-12-14 15:51:15
Betr DFS,player_points_assists,Josh Giddey,Under,29.5,-137,2025-12-15,2025-12-14T23:50:47Z,2025-12-14 15:51:15
Betr DFS,player_points_assists,Tre Jones,Over,15.5,-137,2025-12-15,2025-12-14T23:50:47Z,2025-12-14 15:51:15
Betr DFS,player_points_assists,Tre Jones,Under,15.5,-137,2025-12-15,2025-12-14T23:50:47Z,2025-12-14 15:51:15
Betr DFS,player_points_assists,Kevin Huerter,Under,10.5,-137,2025-12-15,2025-12-14T23:50:47Z,2025-12-14 15:51:15
Betr DFS,player_points_assists,Matas Buzelis,Over,15.5,-137,2025-12-15,2025-12-14T23:50:47Z,2025-12-14 15:51:15
Betr DFS,player_points_assists,Matas Buzelis,Under,15.5,-137,2025-12-15,2025-12-14T23:50:47Z,2025-12-14 15:51:15
Betr DFS,player_points_assists,DeMar DeRozan,Over,21.5,-137,2025-12-15,2025-12-14T23:51:24Z,2025-12-14 15:51:15
Betr DFS,player_points_assists,DeMar DeRozan,Under,21.5,-137,2025-12-15,2025-12-14T23:51:24Z,2025-12-14 15:51:15
Betr DFS,player_points_assists,Zach LaVine,Over,22.5,-137,2025-12-15,2025-12-14T23:51:24Z,2025-12-14 15:51:15
Betr DFS,player_points_assists,Zach LaVine,Under,22.5,-137,2025-12-15,2025-12-14T23:51:24Z,2025-12-14 15:51:15
Betr DFS,player_points_assists,Russell Westbrook,Over,19.5,-137,2025-12-15,2025-12-14T23:51:24Z,2025-12-14 15:51:15
Betr DFS,player_points_assists,Russell Westbrook,Under,19.5,-137,2025-12-15,2025-12-14T23:51:24Z,2025-12-14 15:51:15
Betr DFS,player_points_assists,Malik Monk,Over,14.5,-137,2025-12-15,2025-12-14T23:51:24Z,2025-12-14 15:51:15
Betr DFS,player_points_assists,Malik Monk,Under,14.5,-137,2025-12-15,2025-12-14T23:51:24Z,2025-12-14 15:51:15
Betr DFS,player_points_assists,Keegan Murray,Over,14.5,-137,2025-12-15,2025-12-14T23:51:24Z,2025-12-14 15:51:15
Betr DFS,player_points_assists,Keegan Murray,Under,14.5,-137,2025-12-15,2025-12-14T23:51:24Z,2025-12-14 15:51:15
Betr DFS,player_points_assists,Maxime Raynaud,Over,12.5,-137,2025-12-15,2025-12-14T23:51:24Z,2025-12-14 15:51:15
Betr DFS,player_points_assists,Maxime Raynaud,Under,12.5,-137,2025-12-15,2025-12-14T23:51:24Z,2025-12-14 15:51:15
Betr DFS,player_points_assists,Julius Randle,Over,31.5,-137,2025-12-15,2025-12-14T23:51:24Z,2025-12-14 15:51:15
Betr DFS,player_points_assists,Julius Randle,Under,31.5,-137,2025-12-15,2025-12-14T23:51:24Z,2025-12-14 15:51:15
Betr DFS,player_points_assists,Rudy Gobert,Over,14.5,-137,2025-12-15,2025-12-14T23:51:24Z,2025-12-14 15:51:15
Betr DFS,player_points_assists,Rudy Gobert,Under,14.5,-137,2025-12-15,2025-12-14T23:51:24Z,2025-12-14 15:51:15
Betr DFS,player_points_assists,Naz Reid,Over,19.5,-137,2025-12-15,2025-12-14T23:51:24Z,2025-12-14 15:51:15
Betr DFS,player_points_assists,Naz Reid,Under,19.5,-137,2025-12-15,2025-12-14T23:51:24Z,2025-12-14 15:51:15
Betr DFS,player_points_assists,Jaden McDaniels,Over,20.5,-137,2025-12-15,2025-12-14T23:51:24Z,2025-12-14 15:51:15
Betr DFS,player_points_assists,Jaden McDaniels,Under,20.5,-137,2025-12-15,2025-12-14T23:51:24Z,2025-12-14 15:51:15
Betr DFS,player_points_assists,Donte DiVincenzo,Over,19.5,-137,2025-12-15,2025-12-14T23:51:24Z,2025-12-14 15:51:15
Betr DFS,player_points_assists,Donte DiVincenzo,Under,19.5,-137,2025-12-15,2025-12-14T23:51:24Z,2025-12-14 15:51:15
Betr DFS,player_points_assists,Terrence Shannon Jr.,Over,10.5,-137,2025-12-15,2025-12-14T23:51:24Z,2025-12-14 15:51:15
Betr DFS,player_points_assists,Terrence Shannon Jr.,Under,10.5,-137,2025-12-15,2025-12-14T23:51:24Z,2025-12-14 15:51:15
Betr DFS,player_points_assists,Marcus Smart,Over,13.5,-137,2025-12-15,2025-12-14T23:50:48Z,2025-12-14 15:51:15
Betr DFS,player_points_assists,Marcus Smart,Under,13.5,-137,2025-12-15,2025-12-14T23:50:48Z,2025-12-14 15:51:15
Betr DFS,player_points_assists,Luka Doncic,Over,43.5,-137,2025-12-15,2025-12-14T23:50:48Z,2025-12-14 15:51:15
Betr DFS,player_points_assists,Luka Doncic,Under,43.5,-137,2025-12-15,2025-12-14T23:50:48Z,2025-12-14 15:51:15
Betr DFS,player_points_assists,LeBron James,Over,27.5,-137,2025-12-15,2025-12-14T23:50:48Z,2025-12-14 15:51:15
Betr DFS,player_points_assists,LeBron James,Under,27.5,-137,2025-12-15,2025-12-14T23:50:48Z,2025-12-14 15:51:15
Betr DFS,player_points_assists,Rui Hachimura,Over,13.5,-137,2025-12-15,2025-12-14T23:50:48Z,2025-12-14 15:51:15
Betr DFS,player_points_assists,Rui Hachimura,Under,13.5,-137,2025-12-15,2025-12-14T23:50:48Z,2025-12-14 15:51:15
Betr DFS,player_points_assists,Deandre Ayton,Over,15.5,-137,2025-12-15,2025-12-14T23:50:48Z,2025-12-14 15:51:15
Betr DFS,player_points_assists,Deandre Ayton,Under,15.5,-137,2025-12-15,2025-12-14T23:50:48Z,2025-12-14 15:51:15
Betr DFS,player_points_assists,Mark Williams,Over,12.5,-137,2025-12-15,2025-12-14T23:50:48Z,2025-12-14 15:51:15
Betr DFS,player_points_assists,Mark Williams,Under,12.5,-137,2025-12-15,2025-12-14T23:50:48Z,2025-12-14 15:51:15
Betr DFS,player_points_assists,Royce O'Neale,Over,11.5,-137,2025-12-15,2025-12-14T23:50:48Z,2025-12-14 15:51:15
Betr DFS,player_points_assists,Royce O'Neale,Under,11.5,-137,2025-12-15,2025-12-14T23:50:48Z,2025-12-14 15:51:15
Betr DFS,player_points_assists,Grayson Allen,Over,19.5,-137,2025-12-15,2025-12-14T23:50:48Z,2025-12-14 15:51:15
Betr DFS,player_points_assists,Grayson Allen,Under,19.5,-137,2025-12-15,2025-12-14T23:50:48Z,2025-12-14 15:51:15
Betr DFS,player_points_assists,Collin Gillespie,Over,17.5,-137,2025-12-15,2025-12-14T23:50:48Z,2025-12-14 15:51:15
Betr DFS,player_points_assists,Collin Gillespie,Under,17.5,-137,2025-12-15,2025-12-14T23:50:48Z,2025-12-14 15:51:15
Betr DFS,player_points_assists,Dillon Brooks,Over,20.5,-137,2025-12-15,2025-12-14T23:50:48Z,2025-12-14 15:51:15
Betr DFS,player_points_assists,Dillon Brooks,Under,20.5,-137,2025-12-15,2025-12-14T23:50:48Z,2025-12-14 15:51:15
Betr DFS,player_points_assists,Devin Booker,Over,28.5,-137,2025-12-15,2025-12-14T23:50:48Z,2025-12-14 15:51:15
Betr DFS,player_points_assists,Devin Booker,Under,28.5,-137,2025-12-15,2025-12-14T23:50:48Z,2025-12-14 15:51:15
Betr DFS,player_points_assists,Jimmy Butler,Over,24.5,-137,2025-12-15,2025-12-14T23:51:32Z,2025-12-14 15:51:15
Betr DFS,player_points_assists,Jimmy Butler,Under,24.5,-137,2025-12-15,2025-12-14T23:51:32Z,2025-12-14 15:51:15
Betr DFS,player_points_assists,Draymond Green,Over,14.5,-137,2025-12-15,2025-12-14T23:51:32Z,2025-12-14 15:51:15
Betr DFS,player_points_assists,Draymond Green,Under,14.5,-137,2025-12-15,2025-12-14T23:51:32Z,2025-12-14 15:51:15
Betr DFS,player_points_assists,Stephen Curry,Over,32.5,-137,2025-12-15,2025-12-14T23:51:32Z,2025-12-14 15:51:15
Betr DFS,player_points_assists,Stephen Curry,Under,32.5,-137,2025-12-15,2025-12-14T23:51:32Z,2025-12-14 15:51:15
Betr DFS,player_points_assists,Brandin Podziemski,Over,11.5,-137,2025-12-15,2025-12-14T23:51:32Z,2025-12-14 15:51:15
Betr DFS,player_points_assists,Brandin Podziemski,Under,11.5,-137,2025-12-15,2025-12-14T23:51:32Z,2025-12-14 15:51:15
Betr DFS,player_points_assists,Deni Avdija,Over,30.5,-137,2025-12-15,2025-12-14T23:51:32Z,2025-12-14 15:51:15
Betr DFS,player_points_assists,Deni Avdija,Under,30.5,-137,2025-12-15,2025-12-14T23:51:32Z,2025-12-14 15:51:15
Betr DFS,player_points_assists,Jerami Grant,Over,22.5,-137,2025-12-15,2025-12-14T23:51:32Z,2025-12-14 15:51:15
Betr DFS,player_points_assists,Jerami Grant,Under,22.5,-137,2025-12-15,2025-12-14T23:51:32Z,2025-12-14 15:51:15
Betr DFS,player_points_assists,Shaedon Sharpe,Over,24.5,-137,2025-12-15,2025-12-14T23:51:32Z,2025-12-14 15:51:15
Betr DFS,player_points_assists,Shaedon Sharpe,Under,24.5,-137,2025-12-15,2025-12-14T23:51:32Z,2025-12-14 15:51:15
Betr DFS,player_points_assists,Toumani Camara,Over,15.5,-137,2025-12-15,2025-12-14T23:51:32Z,2025-12-14 15:51:15
Betr DFS,player_points_assists,Toumani Camara,Under,15.5,-137,2025-12-15,2025-12-14T23:51:32Z,2025-12-14 15:51:15
Betr DFS,player_points_assists,Donovan Clingan,Over,10.5,-137,2025-12-15,2025-12-14T23:51:32Z,2025-12-14 15:51:15
Betr DFS,player_points_assists,Donovan Clingan,Under,10.5,-137,2025-12-15,2025-12-14T23:51:32Z,2025-12-14 15:51:15
DraftKings Pick6,player_points_assists,Joel Embiid,Over,27.5,-137,2025-12-14,2025-12-14T23:50:57Z,2025-12-14 15:51:15
DraftKings Pick6,player_points_assists,Joel Embiid,Under,27.5,-137,2025-12-14,2025-12-14T23:50:57Z,2025-12-14 15:51:15
DraftKings Pick6,player_points_assists,Quentin Grimes,Over,23.5,-137,2025-12-14,2025-12-14T23:50:57Z,2025-12-14 15:51:15
DraftKings Pick6,player_points_assists,Quentin Grimes,Under,23.5,-137,2025-12-14,2025-12-14T23:50:57Z,2025-12-14 15:51:15
DraftKings Pick6,player_points_assists,Dominick Barlow,Over,12.5,-137,2025-12-14,2025-12-14T23:50:57Z,2025-12-14 15:51:15
DraftKings Pick6,player_points_assists,Dominick Barlow,Under,12.5,-137,2025-12-14,2025-12-14T23:50:57Z,2025-12-14 15:51:15
DraftKings Pick6,player_points_assists,VJ Edgecombe,Over,14.5,-137,2025-12-14,2025-12-14T23:50:57Z,2025-12-14 15:51:15
DraftKings Pick6,player_points_assists,VJ Edgecombe,Under,14.5,-137,2025-12-14,2025-12-14T23:50:57Z,2025-12-14 15:51:15
DraftKings Pick6,player_points_assists,Paul George,Over,32.5,-137,2025-12-14,2025-12-14T23:50:57Z,2025-12-14 15:51:15
DraftKings Pick6,player_points_assists,Paul George,Under,32.5,-137,2025-12-14,2025-12-14T23:50:57Z,2025-12-14 15:51:15
DraftKings Pick6,player_points_assists,Luke Kennard,Over,8.5,-137,2025-12-14,2025-12-14T23:50:57Z,2025-12-14 15:51:15
DraftKings Pick6,player_points_assists,Luke Kennard,Under,8.5,-137,2025-12-14,2025-12-14T23:50:57Z,2025-12-14 15:51:15
DraftKings Pick6,player_points_assists,Onyeka Okongwu,Over,17.5,-137,2025-12-14,2025-12-14T23:50:57Z,2025-12-14 15:51:15
DraftKings Pick6,player_points_assists,Onyeka Okongwu,Under,17.5,-137,2025-12-14,2025-12-14T23:50:57Z,2025-12-14 15:51:15
DraftKings Pick6,player_points_assists,Zaccharie Risacher,Over,12.5,-137,2025-12-14,2025-12-14T23:50:57Z,2025-12-14 15:51:15
DraftKings Pick6,player_points_assists,Zaccharie Risacher,Under,12.5,-137,2025-12-14,2025-12-14T23:50:57Z,2025-12-14 15:51:15
DraftKings Pick6,player_points_assists,Bobby Portis,Over,14.5,-137,2025-12-14,2025-12-14T23:50:14Z,2025-12-14 15:51:15
DraftKings Pick6,player_points_assists,Bobby Portis,Under,14.5,-137,2025-12-14,2025-12-14T23:50:14Z,2025-12-14 15:51:15
DraftKings Pick6,player_points_assists,Danny Wolf,Over,12.5,-137,2025-12-14,2025-12-14T23:50:14Z,2025-12-14 15:51:15
DraftKings Pick6,player_points_assists,Danny Wolf,Under,12.5,-137,2025-12-14,2025-12-14T23:50:14Z,2025-12-14 15:51:15
DraftKings Pick6,player_points_assists,Nicolas Claxton,Over,19.5,-137,2025-12-14,2025-12-14T23:50:14Z,2025-12-14 15:51:15
DraftKings Pick6,player_points_assists,Nicolas Claxton,Under,19.5,-137,2025-12-14,2025-12-14T23:50:14Z,2025-12-14 15:51:15
DraftKings Pick6,player_points_assists,Kyle Kuzma,Over,22.5,-137,2025-12-14,2025-12-14T23:50:14Z,2025-12-14 15:51:15
DraftKings Pick6,player_points_assists,Kyle Kuzma,Under,22.5,-137,2025-12-14,2025-12-14T23:50:14Z,2025-12-14 15:51:15
DraftKings Pick6,player_points_assists,Trey Murphy III,Over,24.5,-137,2025-12-15,2025-12-14T23:50:16Z,2025-12-14 15:51:15
DraftKings Pick6,player_points_assists,Josh Giddey,Over,30.5,-137,2025-12-15,2025-12-14T23:50:16Z,2025-12-14 15:51:15
DraftKings Pick6,player_points_assists,Josh Giddey,Under,30.5,-137,2025-12-15,2025-12-14T23:50:16Z,2025-12-14 15:51:15
DraftKings Pick6,player_points_assists,Coby White,Over,26.5,-137,2025-12-15,2025-12-14T23:50:16Z,2025-12-14 15:51:15
DraftKings Pick6,player_points_assists,Coby White,Under,26.5,-137,2025-12-15,2025-12-14T23:50:16Z,2025-12-14 15:51:15
DraftKings Pick6,player_points_assists,Trey Murphy III,Over,23.5,-137,2025-12-15,2025-12-14T23:50:16Z,2025-12-14 15:51:15
DraftKings Pick6,player_points_assists,Trey Murphy III,Under,23.5,-137,2025-12-15,2025-12-14T23:50:16Z,2025-12-14 15:51:15
DraftKings Pick6,player_points_assists,Derik Queen,Over,19.5,-137,2025-12-15,2025-12-14T23:50:16Z,2025-12-14 15:51:15
DraftKings Pick6,player_points_assists,Derik Queen,Under,19.5,-137,2025-12-15,2025-12-14T23:50:16Z,2025-12-14 15:51:15
DraftKings Pick6,player_points_assists,Jordan Poole,Over,18.5,-137,2025-12-15,2025-12-14T23:50:16Z,2025-12-14 15:51:15
DraftKings Pick6,player_points_assists,Jordan Poole,Under,18.5,-137,2025-12-15,2025-12-14T23:50:16Z,2025-12-14 15:51:15
DraftKings Pick6,player_points_assists,Jeremiah Fears,Over,17.5,-137,2025-12-15,2025-12-14T23:50:16Z,2025-12-14 15:51:15
DraftKings Pick6,player_points_assists,Jeremiah Fears,Under,17.5,-137,2025-12-15,2025-12-14T23:50:16Z,2025-12-14 15:51:15
DraftKings Pick6,player_points_assists,Herb Jones,Over,11.5,-137,2025-12-15,2025-12-14T23:50:16Z,2025-12-14 15:51:15
DraftKings Pick6,player_points_assists,Herb Jones,Under,11.5,-137,2025-12-15,2025-12-14T23:50:16Z,2025-12-14 15:51:15
DraftKings Pick6,player_points_assists,Julius Randle,Over,31.5,-137,2025-12-15,2025-12-14T23:50:32Z,2025-12-14 15:51:15
DraftKings Pick6,player_points_assists,Julius Randle,Under,31.5,-137,2025-12-15,2025-12-14T23:50:32Z,2025-12-14 15:51:15
DraftKings Pick6,player_points_assists,Zach LaVine,Over,22.5,-137,2025-12-15,2025-12-14T23:50:32Z,2025-12-14 15:51:15
DraftKings Pick6,player_points_assists,Zach LaVine,Under,22.5,-137,2025-12-15,2025-12-14T23:50:32Z,2025-12-14 15:51:15
DraftKings Pick6,player_points_assists,DeMar DeRozan,Over,21.5,-137,2025-12-15,2025-12-14T23:50:32Z,2025-12-14 15:51:15
DraftKings Pick6,player_points_assists,DeMar DeRozan,Under,21.5,-137,2025-12-15,2025-12-14T23:50:32Z,2025-12-14 15:51:15
DraftKings Pick6,player_points_assists,Jaden McDaniels,Over,20.5,-137,2025-12-15,2025-12-14T23:50:32Z,2025-12-14 15:51:15
DraftKings Pick6,player_points_assists,Jaden McDaniels,Under,20.5,-137,2025-12-15,2025-12-14T23:50:32Z,2025-12-14 15:51:15
DraftKings Pick6,player_points_assists,Naz Reid,Over,20.5,-137,2025-12-15,2025-12-14T23:50:32Z,2025-12-14 15:51:15
DraftKings Pick6,player_points_assists,Naz Reid,Under,20.5,-137,2025-12-15,2025-12-14T23:50:32Z,2025-12-14 15:51:15
DraftKings Pick6,player_points_assists,Donte DiVincenzo,Over,19.5,-137,2025-12-15,2025-12-14T23:50:32Z,2025-12-14 15:51:15
DraftKings Pick6,player_points_assists,Donte DiVincenzo,Under,19.5,-137,2025-12-15,2025-12-14T23:50:32Z,2025-12-14 15:51:15
DraftKings Pick6,player_points_assists,Russell Westbrook,Over,19.5,-137,2025-12-15,2025-12-14T23:50:32Z,2025-12-14 15:51:15
DraftKings Pick6,player_points_assists,Russell Westbrook,Under,19.5,-137,2025-12-15,2025-12-14T23:50:32Z,2025-12-14 15:51:15
DraftKings Pick6,player_points_assists,Luka Doncic,Over,43.5,-137,2025-12-15,2025-12-14T23:50:32Z,2025-12-14 15:51:15
DraftKings Pick6,player_points_assists,Luka Doncic,Under,43.5,-137,2025-12-15,2025-12-14T23:50:32Z,2025-12-14 15:51:15
DraftKings Pick6,player_points_assists,LeBron James,Over,27.5,-137,2025-12-15,2025-12-14T23:50:32Z,2025-12-14 15:51:15
DraftKings Pick6,player_points_assists,LeBron James,Under,27.5,-137,2025-12-15,2025-12-14T23:50:32Z,2025-12-14 15:51:15
DraftKings Pick6,player_points_assists,Grayson Allen,Over,19.5,-137,2025-12-15,2025-12-14T23:50:32Z,2025-12-14 15:51:15
DraftKings Pick6,player_points_assists,Grayson Allen,Under,19.5,-137,2025-12-15,2025-12-14T23:50:32Z,2025-12-14 15:51:15
DraftKings Pick6,player_points_assists,Collin Gillespie,Over,17.5,-137,2025-12-15,2025-12-14T23:50:32Z,2025-12-14 15:51:15
DraftKings Pick6,player_points_assists,Collin Gillespie,Under,17.5,-137,2025-12-15,2025-12-14T23:50:32Z,2025-12-14 15:51:15
DraftKings Pick6,player_points_assists,Marcus Smart,Over,12.5,-137,2025-12-15,2025-12-14T23:50:32Z,2025-12-14 15:51:15
DraftKings Pick6,player_points_assists,Marcus Smart,Under,12.5,-137,2025-12-15,2025-12-14T23:50:32Z,2025-12-14 15:51:15
DraftKings Pick6,player_points_assists,Mark Williams,Over,12.5,-137,2025-12-15,2025-12-14T23:50:32Z,2025-12-14 15:51:15
DraftKings Pick6,player_points_assists,Mark Williams,Under,12.5,-137,2025-12-15,2025-12-14T23:50:32Z,2025-12-14 15:51:15
DraftKings Pick6,player_points_assists,Royce O'Neale,Over,11.5,-137,2025-12-15,2025-12-14T23:50:32Z,2025-12-14 15:51:15
DraftKings Pick6,player_points_assists,Royce O'Neale,Under,11.5,-137,2025-12-15,2025-12-14T23:50:32Z,2025-12-14 15:51:15
DraftKings Pick6,player_points_assists,Stephen Curry,Over,32.5,-137,2025-12-15,2025-12-14T23:51:21Z,2025-12-14 15:51:15
DraftKings Pick6,player_points_assists,Stephen Curry,Under,32.5,-137,2025-12-15,2025-12-14T23:51:21Z,2025-12-14 15:51:15
DraftKings Pick6,player_points_assists,Deni Avdija,Over,31.5,-137,2025-12-15,2025-12-14T23:51:21Z,2025-12-14 15:51:15
DraftKings Pick6,player_points_assists,Deni Avdija,Under,31.5,-137,2025-12-15,2025-12-14T23:51:21Z,2025-12-14 15:51:15
DraftKings Pick6,player_points_assists,Shaedon Sharpe,Over,25.5,-137,2025-12-15,2025-12-14T23:51:21Z,2025-12-14 15:51:15
DraftKings Pick6,player_points_assists,Shaedon Sharpe,Under,25.5,-137,2025-12-15,2025-12-14T23:51:21Z,2025-12-14 15:51:15
DraftKings Pick6,player_points_assists,Jimmy Butler,Over,24.5,-137,2025-12-15,2025-12-14T23:51:21Z,2025-12-14 15:51:15
DraftKings Pick6,player_points_assists,Jimmy Butler,Under,24.5,-137,2025-12-15,2025-12-14T23:51:21Z,2025-12-14 15:51:15
DraftKings Pick6,player_points_assists,Jerami Grant,Over,22.5,-137,2025-12-15,2025-12-14T23:51:21Z,2025-12-14 15:51:15
DraftKings Pick6,player_points_assists,Jerami Grant,Under,22.5,-137,2025-12-15,2025-12-14T23:51:21Z,2025-12-14 15:51:15
DraftKings Pick6,player_points_assists,Brandin Podziemski,Over,11.5,-137,2025-12-15,2025-12-14T23:51:21Z,2025-12-14 15:51:15
DraftKings Pick6,player_points_assists,Brandin Podziemski,Under,11.5,-137,2025-12-15,2025-12-14T23:51:21Z,2025-12-14 15:51:15
PrizePicks,player_points_assists,Josh Giddey,Over,30.0,-137,2025-12-15,2025-12-14T23:51:08Z,2025-12-14 15:51:15
PrizePicks,player_points_assists,Josh Giddey,Under,30.0,-137,2025-12-15,2025-12-14T23:51:08Z,2025-12-14 15:51:15
PrizePicks,player_points_assists,Coby White,Over,27.5,-137,2025-12-15,2025-12-14T23:51:08Z,2025-12-14 15:51:15
PrizePicks,player_points_assists,Coby White,Under,27.5,-137,2025-12-15,2025-12-14T23:51:08Z,2025-12-14 15:51:15
PrizePicks,player_points_assists,Trey Murphy III,Over,23.5,-137,2025-12-15,2025-12-14T23:51:08Z,2025-12-14 15:51:15
PrizePicks,player_points_assists,Trey Murphy III,Under,23.5,-137,2025-12-15,2025-12-14T23:51:08Z,2025-12-14 15:51:15
PrizePicks,player_points_assists,Zion Williamson,Over,20.5,-137,2025-12-15,2025-12-14T23:51:08Z,2025-12-14 15:51:15
PrizePicks,player_points_assists,Zion Williamson,Under,20.5,-137,2025-12-15,2025-12-14T23:51:08Z,2025-12-14 15:51:15
PrizePicks,player_points_assists,Derik Queen,Over,19.5,-137,2025-12-15,2025-12-14T23:51:08Z,2025-12-14 15:51:15
PrizePicks,player_points_assists,Derik Queen,Under,19.5,-137,2025-12-15,2025-12-14T23:51:08Z,2025-12-14 15:51:15
PrizePicks,player_points_assists,Jordan Poole,Over,18.5,-137,2025-12-15,2025-12-14T23:51:08Z,2025-12-14 15:51:15
PrizePicks,player_points_assists,Jordan Poole,Under,18.5,-137,2025-12-15,2025-12-14T23:51:08Z,2025-12-14 15:51:15
PrizePicks,player_points_assists,Nikola Vucevic,Over,18.5,-137,2025-12-15,2025-12-14T23:51:08Z,2025-12-14 15:51:15
PrizePicks,player_points_assists,Nikola Vucevic,Under,18.5,-137,2025-12-15,2025-12-14T23:51:08Z,2025-12-14 15:51:15
PrizePicks,player_points_assists,Jeremiah Fears,Over,16.5,-137,2025-12-15,2025-12-14T23:51:08Z,2025-12-14 15:51:15
PrizePicks,player_points_assists,Jeremiah Fears,Under,16.5,-137,2025-12-15,2025-12-14T23:51:08Z,2025-12-14 15:51:15
PrizePicks,player_points_assists,Tre Jones,Over,15.5,-137,2025-12-15,2025-12-14T23:51:08Z,2025-12-14 15:51:15
PrizePicks,player_points_assists,Tre Jones,Under,15.5,-137,2025-12-15,2025-12-14T23:51:08Z,2025-12-14 15:51:15
PrizePicks,player_points_assists,Matas Buzelis,Over,15.0,-137,2025-12-15,2025-12-14T23:51:08Z,2025-12-14 15:51:15
PrizePicks,player_points_assists,Matas Buzelis,Under,15.0,-137,2025-12-15,2025-12-14T23:51:08Z,2025-12-14 15:51:15
PrizePicks,player_points_assists,Saddiq Bey,Over,14.5,-137,2025-12-15,2025-12-14T23:51:08Z,2025-12-14 15:51:15
PrizePicks,player_points_assists,Saddiq Bey,Under,14.5,-137,2025-12-15,2025-12-14T23:51:08Z,2025-12-14 15:51:15
PrizePicks,player_points_assists,Herb Jones,Over,11.5,-137,2025-12-15,2025-12-14T23:51:08Z,2025-12-14 15:51:15
PrizePicks,player_points_assists,Herb Jones,Under,11.5,-137,2025-12-15,2025-12-14T23:51:08Z,2025-12-14 15:51:15
PrizePicks,player_points_assists,Jose Alvarado,Over,10.5,-137,2025-12-15,2025-12-14T23:51:08Z,2025-12-14 15:51:15
PrizePicks,player_points_assists,Jose Alvarado,Under,10.5,-137,2025-12-15,2025-12-14T23:51:08Z,2025-12-14 15:51:15
PrizePicks,player_points_assists,Kevin Huerter,Over,10.5,-137,2025-12-15,2025-12-14T23:51:08Z,2025-12-14 15:51:15
PrizePicks,player_points_assists,Kevin Huerter,Under,10.5,-137,2025-12-15,2025-12-14T23:51:08Z,2025-12-14 15:51:15
PrizePicks,player_points_assists,Isaac Okoro,Over,8.5,-137,2025-12-15,2025-12-14T23:51:08Z,2025-12-14 15:51:15
PrizePicks,player_points_assists,Isaac Okoro,Under,8.5,-137,2025-12-15,2025-12-14T23:51:08Z,2025-12-14 15:51:15
PrizePicks,player_points_assists,Julius Randle,Over,31.5,-137,2025-12-15,2025-12-14T23:51:12Z,2025-12-14 15:51:15
PrizePicks,player_points_assists,Julius Randle,Under,31.5,-137,2025-12-15,2025-12-14T23:51:12Z,2025-12-14 15:51:15
PrizePicks,player_points_assists,Zach LaVine,Over,22.5,-137,2025-12-15,2025-12-14T23:51:12Z,2025-12-14 15:51:15
PrizePicks,player_points_assists,Zach LaVine,Under,22.5,-137,2025-12-15,2025-12-14T23:51:12Z,2025-12-14 15:51:15
PrizePicks,player_points_assists,DeMar DeRozan,Over,21.5,-137,2025-12-15,2025-12-14T23:51:12Z,2025-12-14 15:51:15
PrizePicks,player_points_assists,DeMar DeRozan,Under,21.5,-137,2025-12-15,2025-12-14T23:51:12Z,2025-12-14 15:51:15
PrizePicks,player_points_assists,Jaden McDaniels,Over,20.5,-137,2025-12-15,2025-12-14T23:51:12Z,2025-12-14 15:51:15
PrizePicks,player_points_assists,Jaden McDaniels,Under,20.5,-137,2025-12-15,2025-12-14T23:51:12Z,2025-12-14 15:51:15
PrizePicks,player_points_assists,Donte DiVincenzo,Over,19.5,-137,2025-12-15,2025-12-14T23:51:12Z,2025-12-14 15:51:15
PrizePicks,player_points_assists,Donte DiVincenzo,Under,19.5,-137,2025-12-15,2025-12-14T23:51:12Z,2025-12-14 15:51:15
PrizePicks,player_points_assists,Russell Westbrook,Over,19.5,-137,2025-12-15,2025-12-14T23:51:12Z,2025-12-14 15:51:15
PrizePicks,player_points_assists,Russell Westbrook,Under,19.5,-137,2025-12-15,2025-12-14T23:51:12Z,2025-12-14 15:51:15
PrizePicks,player_points_assists,Bones Hyland,Over,15.5,-137,2025-12-15,2025-12-14T23:51:12Z,2025-12-14 15:51:15
PrizePicks,player_points_assists,Bones Hyland,Under,15.5,-137,2025-12-15,2025-12-14T23:51:12Z,2025-12-14 15:51:15
PrizePicks,player_points_assists,Malik Monk,Over,14.5,-137,2025-12-15,2025-12-14T23:51:12Z,2025-12-14 15:51:15
PrizePicks,player_points_assists,Malik Monk,Under,14.5,-137,2025-12-15,2025-12-14T23:51:12Z,2025-12-14 15:51:15
PrizePicks,player_points_assists,Keegan Murray,Over,14.5,-137,2025-12-15,2025-12-14T23:51:12Z,2025-12-14 15:51:15
PrizePicks,player_points_assists,Keegan Murray,Under,14.5,-137,2025-12-15,2025-12-14T23:51:12Z,2025-12-14 15:51:15
PrizePicks,player_points_assists,Rudy Gobert,Over,14.5,-137,2025-12-15,2025-12-14T23:51:12Z,2025-12-14 15:51:15
PrizePicks,player_points_assists,Rudy Gobert,Under,14.5,-137,2025-12-15,2025-12-14T23:51:12Z,2025-12-14 15:51:15
PrizePicks,player_points_assists,Maxime Raynaud,Over,12.5,-137,2025-12-15,2025-12-14T23:51:12Z,2025-12-14 15:51:15
PrizePicks,player_points_assists,Maxime Raynaud,Under,12.5,-137,2025-12-15,2025-12-14T23:51:12Z,2025-12-14 15:51:15
PrizePicks,player_points_assists,Luka Doncic,Over,43.5,-137,2025-12-15,2025-12-14T23:51:09Z,2025-12-14 15:51:15
PrizePicks,player_points_assists,Luka Doncic,Under,43.5,-137,2025-12-15,2025-12-14T23:51:09Z,2025-12-14 15:51:15
PrizePicks,player_points_assists,Devin Booker,Over,28.0,-137,2025-12-15,2025-12-14T23:51:09Z,2025-12-14 15:51:15
PrizePicks,player_points_assists,Devin Booker,Under,28.0,-137,2025-12-15,2025-12-14T23:51:09Z,2025-12-14 15:51:15
PrizePicks,player_points_assists,LeBron James,Over,27.5,-137,2025-12-15,2025-12-14T23:51:09Z,2025-12-14 15:51:15
PrizePicks,player_points_assists,LeBron James,Under,27.5,-137,2025-12-15,2025-12-14T23:51:09Z,2025-12-14 15:51:15
PrizePicks,player_points_assists,Dillon Brooks,Over,20.5,-137,2025-12-15,2025-12-14T23:51:09Z,2025-12-14 15:51:15
PrizePicks,player_points_assists,Dillon Brooks,Under,20.5,-137,2025-12-15,2025-12-14T23:51:09Z,2025-12-14 15:51:15
PrizePicks,player_points_assists,Grayson Allen,Over,19.5,-137,2025-12-15,2025-12-14T23:51:09Z,2025-12-14 15:51:15
PrizePicks,player_points_assists,Grayson Allen,Under,19.5,-137,2025-12-15,2025-12-14T23:51:09Z,2025-12-14 15:51:15
PrizePicks,player_points_assists,Collin Gillespie,Over,17.5,-137,2025-12-15,2025-12-14T23:51:09Z,2025-12-14 15:51:15
PrizePicks,player_points_assists,Collin Gillespie,Under,17.5,-137,2025-12-15,2025-12-14T23:51:09Z,2025-12-14 15:51:15
PrizePicks,player_points_assists,Deandre Ayton,Over,15.5,-137,2025-12-15,2025-12-14T23:51:09Z,2025-12-14 15:51:15
PrizePicks,player_points_assists,Deandre Ayton,Under,15.5,-137,2025-12-15,2025-12-14T23:51:09Z,2025-12-14 15:51:15
PrizePicks,player_points_assists,Rui Hachimura,Over,13.5,-137,2025-12-15,2025-12-14T23:51:09Z,2025-12-14 15:51:15
PrizePicks,player_points_assists,Rui Hachimura,Under,13.5,-137,2025-12-15,2025-12-14T23:51:09Z,2025-12-14 15:51:15
PrizePicks,player_points_assists,Marcus Smart,Over,12.5,-137,2025-12-15,2025-12-14T23:51:09Z,2025-12-14 15:51:15
PrizePicks,player_points_assists,Marcus Smart,Under,12.5,-137,2025-12-15,2025-12-14T23:51:09Z,2025-12-14 15:51:15
PrizePicks,player_points_assists,Mark Williams,Over,12.5,-137,2025-12-15,2025-12-14T23:51:09Z,2025-12-14 15:51:15
PrizePicks,player_points_assists,Mark Williams,Under,12.5,-137,2025-12-15,2025-12-14T23:51:09Z,2025-12-14 15:51:15
PrizePicks,player_points_assists,Royce O'Neale,Over,12.0,-137,2025-12-15,2025-12-14T23:51:09Z,2025-12-14 15:51:15
PrizePicks,player_points_assists,Royce O'Neale,Under,12.0,-137,2025-12-15,2025-12-14T23:51:09Z,2025-12-14 15:51:15
PrizePicks,player_points_assists,Stephen Curry,Over,32.5,-137,2025-12-15,2025-12-14T23:51:11Z,2025-12-14 15:51:15
PrizePicks,player_points_assists,Stephen Curry,Under,32.5,-137,2025-12-15,2025-12-14T23:51:11Z,2025-12-14 15:51:15
PrizePicks,player_points_assists,Deni Avdija,Over,31.0,-137,2025-12-15,2025-12-14T23:51:11Z,2025-12-14 15:51:15
PrizePicks,player_points_assists,Deni Avdija,Under,31.0,-137,2025-12-15,2025-12-14T23:51:11Z,2025-12-14 15:51:15
PrizePicks,player_points_assists,Shaedon Sharpe,Over,25.5,-137,2025-12-15,2025-12-14T23:51:11Z,2025-12-14 15:51:15
PrizePicks,player_points_assists,Shaedon Sharpe,Under,25.5,-137,2025-12-15,2025-12-14T23:51:11Z,2025-12-14 15:51:15
PrizePicks,player_points_assists,Jimmy Butler,Over,24.5,-137,2025-12-15,2025-12-14T23:51:11Z,2025-12-14 15:51:15
PrizePicks,player_points_assists,Jimmy Butler,Under,24.5,-137,2025-12-15,2025-12-14T23:51:11Z,2025-12-14 15:51:15
PrizePicks,player_points_assists,Jerami Grant,Over,23.0,-137,2025-12-15,2025-12-14T23:51:11Z,2025-12-14 15:51:15
PrizePicks,player_points_assists,Jerami Grant,Under,23.0,-137,2025-12-15,2025-12-14T23:51:11Z,2025-12-14 15:51:15
PrizePicks,player_points_assists,Toumani Camara,Over,15.5,-137,2025-12-15,2025-12-14T23:51:11Z,2025-12-14 15:51:15
PrizePicks,player_points_assists,Toumani Camara,Under,15.5,-137,2025-12-15,2025-12-14T23:51:11Z,2025-12-14 15:51:15
PrizePicks,player_points_assists,Draymond Green,Over,14.5,-137,2025-12-15,2025-12-14T23:51:11Z,2025-12-14 15:51:15
PrizePicks,player_points_assists,Draymond Green,Under,14.5,-137,2025-12-15,2025-12-14T23:51:11Z,2025-12-14 15:51:15
PrizePicks,player_points_assists,Brandin Podziemski,Over,11.5,-137,2025-12-15,2025-12-14T23:51:11Z,2025-12-14 15:51:15
PrizePicks,player_points_assists,Brandin Podziemski,Under,11.5,-137,2025-12-15,2025-12-14T23:51:11Z,2025-12-14 15:51:15
PrizePicks,player_points_assists,Quinten Post,Over,11.5,-137,2025-12-15,2025-12-14T23:51:11Z,2025-12-14 15:51:15
PrizePicks,player_points_assists,Quinten Post,Under,11.5,-137,2025-12-15,2025-12-14T23:51:11Z,2025-12-14 15:51:15
PrizePicks,player_points_assists,Moses Moody,Over,9.5,-137,2025-12-15,2025-12-14T23:51:11Z,2025-12-14 15:51:15
PrizePicks,player_points_assists,Moses Moody,Under,9.5,-137,2025-12-15,2025-12-14T23:51:11Z,2025-12-14 15:51:15
PrizePicks,player_points_assists,Brandon Ingram,Over,27.5,-137,2025-12-16,2025-12-14T23:51:07Z,2025-12-14 15:51:15
PrizePicks,player_points_assists,Brandon Ingram,Under,27.5,-137,2025-12-16,2025-12-14T23:51:07Z,2025-12-14 15:51:15
PrizePicks,player_points_assists,Scottie Barnes,Over,25.5,-137,2025-12-16,2025-12-14T23:51:07Z,2025-12-14 15:51:15
PrizePicks,player_points_assists,Scottie Barnes,Under,25.5,-137,2025-12-16,2025-12-14T23:51:07Z,2025-12-14 15:51:15
PrizePicks,player_points_assists,Tyler Herro,Over,25.5,-137,2025-12-16,2025-12-14T23:51:07Z,2025-12-14 15:51:15
PrizePicks,player_points_assists,Tyler Herro,Under,25.5,-137,2025-12-16,2025-12-14T23:51:07Z,2025-12-14 15:51:15
PrizePicks,player_points_assists,Immanuel Quickley,Over,23.5,-137,2025-12-16,2025-12-14T23:51:07Z,2025-12-14 15:51:15
PrizePicks,player_points_assists,Immanuel Quickley,Under,23.5,-137,2025-12-16,2025-12-14T23:51:07Z,2025-12-14 15:51:15
PrizePicks,player_points_assists,Norman Powell,Over,23.5,-137,2025-12-16,2025-12-14T23:51:07Z,2025-12-14 15:51:15
PrizePicks,player_points_assists,Norman Powell,Under,23.5,-137,2025-12-16,2025-12-14T23:51:07Z,2025-12-14 15:51:15
PrizePicks,player_points_assists,Bam Adebayo,Over,21.5,-137,2025-12-16,2025-12-14T23:51:07Z,2025-12-14 15:51:15
PrizePicks,player_points_assists,Bam Adebayo,Under,21.5,-137,2025-12-16,2025-12-14T23:51:07Z,2025-12-14 15:51:15
PrizePicks,player_points_assists,Andrew Wiggins,Over,17.5,-137,2025-12-16,2025-12-14T23:51:07Z,2025-12-14 15:51:15
PrizePicks,player_points_assists,Andrew Wiggins,Under,17.5,-137,2025-12-16,2025-12-14T23:51:07Z,2025-12-14 15:51:15
PrizePicks,player_points_assists,Davion Mitchell,Over,16.5,-137,2025-12-16,2025-12-14T23:51:07Z,2025-12-14 15:51:15
PrizePicks,player_points_assists,Davion Mitchell,Under,16.5,-137,2025-12-16,2025-12-14T23:51:07Z,2025-12-14 15:51:15
PrizePicks,player_points_assists,Jalen Brunson,Over,36.5,-137,2025-12-17,2025-12-14T23:52:07Z,2025-12-14 15:51:15
PrizePicks,player_points_assists,Jalen Brunson,Under,36.5,-137,2025-12-17,2025-12-14T23:52:07Z,2025-12-14 15:51:15
PrizePicks,player_points_assists,De'Aaron Fox,Over,25.5,-137,2025-12-17,2025-12-14T23:52:07Z,2025-12-14 15:51:15
PrizePicks,player_points_assists,De'Aaron Fox,Under,25.5,-137,2025-12-17,2025-12-14T23:52:07Z,2025-12-14 15:51:15
PrizePicks,player_points_assists,Victor Wembanyama,Over,25.5,-137,2025-12-17,2025-12-14T23:52:07Z,2025-12-14 15:51:15
PrizePicks,player_points_assists,Victor Wembanyama,Under,25.5,-137,2025-12-17,2025-12-14T23:52:07Z,2025-12-14 15:51:15
PrizePicks,player_points_assists,Karl-Anthony Towns,Over,23.5,-137,2025-12-17,2025-12-14T23:52:07Z,2025-12-14 15:51:15
PrizePicks,player_points_assists,Karl-Anthony Towns,Under,23.5,-137,2025-12-17,2025-12-14T23:52:07Z,2025-12-14 15:51:15
PrizePicks,player_points_assists,Stephon Castle,Over,22.5,-137,2025-12-17,2025-12-14T23:52:07Z,2025-12-14 15:51:15
PrizePicks,player_points_assists,Stephon Castle,Under,22.5,-137,2025-12-17,2025-12-14T23:52:07Z,2025-12-14 15:51:15
PrizePicks,player_points_assists,Josh Hart,Over,19.5,-137,2025-12-17,2025-12-14T23:52:07Z,2025-12-14 15:51:15
PrizePicks,player_points_assists,Josh Hart,Under,19.5,-137,2025-12-17,2025-12-14T23:52:07Z,2025-12-14 15:51:15
PrizePicks,player_points_assists,Mikal Bridges,Over,17.5,-137,2025-12-17,2025-12-14T23:52:07Z,2025-12-14 15:51:15
PrizePicks,player_points_assists,Mikal Bridges,Under,17.5,-137,2025-12-17,2025-12-14T23:52:07Z,2025-12-14 15:51:15
PrizePicks,player_points_assists,Dylan Harper,Over,14.5,-137,2025-12-17,2025-12-14T23:52:07Z,2025-12-14 15:51:15
PrizePicks,player_points_assists,Dylan Harper,Under,14.5,-137,2025-12-17,2025-12-14T23:52:07Z,2025-12-14 15:51:15
Underdog,player_points_assists,Zion Williamson,Over,20.5,-137,2025-12-15,2025-12-14T23:50:42Z,2025-12-14 15:51:15
Underdog,player_points_assists,Zion Williamson,Under,20.5,-137,2025-12-15,2025-12-14T23:50:42Z,2025-12-14 15:51:15
Underdog,player_points_assists,Coby White,Over,27.5,-137,2025-12-15,2025-12-14T23:50:42Z,2025-12-14 15:51:15
Underdog,player_points_assists,Coby White,Under,27.5,-137,2025-12-15,2025-12-14T23:50:42Z,2025-12-14 15:51:15
Underdog,player_points_assists,Josh Giddey,Over,30.5,-137,2025-12-15,2025-12-14T23:50:42Z,2025-12-14 15:51:15
Underdog,player_points_assists,Josh Giddey,Under,30.5,-137,2025-12-15,2025-12-14T23:50:42Z,2025-12-14 15:51:15
Underdog,player_points_assists,Jordan Poole,Over,19.5,-137,2025-12-15,2025-12-14T23:50:42Z,2025-12-14 15:51:15
Underdog,player_points_assists,Jordan Poole,Under,19.5,-137,2025-12-15,2025-12-14T23:50:42Z,2025-12-14 15:51:15
Underdog,player_points_assists,Trey Murphy III,Over,22.5,-137,2025-12-15,2025-12-14T23:50:42Z,2025-12-14 15:51:15
Underdog,player_points_assists,Trey Murphy III,Under,22.5,-137,2025-12-15,2025-12-14T23:50:42Z,2025-12-14 15:51:15
Underdog,player_points_assists,Julius Randle,Over,31.5,-137,2025-12-15,2025-12-14T23:51:29Z,2025-12-14 15:51:15
Underdog,player_points_assists,Julius Randle,Under,31.5,-137,2025-12-15,2025-12-14T23:51:29Z,2025-12-14 15:51:15
Underdog,player_points_assists,Zach LaVine,Over,22.5,-137,2025-12-15,2025-12-14T23:51:29Z,2025-12-14 15:51:15
Underdog,player_points_assists,Zach LaVine,Under,22.5,-137,2025-12-15,2025-12-14T23:51:29Z,2025-12-14 15:51:15
Underdog,player_points_assists,Jaden McDaniels,Over,20.5,-137,2025-12-15,2025-12-14T23:51:29Z,2025-12-14 15:51:15
Underdog,player_points_assists,Jaden McDaniels,Under,20.5,-137,2025-12-15,2025-12-14T23:51:29Z,2025-12-14 15:51:15
Underdog,player_points_assists,Naz Reid,Over,19.5,-137,2025-12-15,2025-12-14T23:51:29Z,2025-12-14 15:51:15
Underdog,player_points_assists,Naz Reid,Under,19.5,-137,2025-12-15,2025-12-14T23:51:29Z,2025-12-14 15:51:15
Underdog,player_points_assists,Luka Doncic,Over,44.5,-137,2025-12-15,2025-12-14T23:51:07Z,2025-12-14 15:51:15
Underdog,player_points_assists,Luka Doncic,Under,44.5,-137,2025-12-15,2025-12-14T23:51:07Z,2025-12-14 15:51:15
Underdog,player_points_assists,LeBron James,Over,27.5,-137,2025-12-15,2025-12-14T23:51:07Z,2025-12-14 15:51:15
Underdog,player_points_assists,LeBron James,Under,27.5,-137,2025-12-15,2025-12-14T23:51:07Z,2025-12-14 15:51:15
Underdog,player_points_assists,Devin Booker,Over,28.5,-137,2025-12-15,2025-12-14T23:51:07Z,2025-12-14 15:51:15
Underdog,player_points_assists,Devin Booker,Under,28.5,-137,2025-12-15,2025-12-14T23:51:07Z,2025-12-14 15:51:15
Underdog,player_points_assists,Collin Gillespie,Over,18.5,-137,2025-12-15,2025-12-14T23:51:07Z,2025-12-14 15:51:15
Underdog,player_points_assists,Collin Gillespie,Under,18.5,-137,2025-12-15,2025-12-14T23:51:07Z,2025-12-14 15:51:15
Underdog,player_points_assists,Stephen Curry,Over,32.5,-137,2025-12-15,2025-12-14T23:51:12Z,2025-12-14 15:51:15
Underdog,player_points_assists,Stephen Curry,Under,32.5,-137,2025-12-15,2025-12-14T23:51:12Z,2025-12-14 15:51:15
Underdog,player_points_assists,Jimmy Butler,Over,24.5,-137,2025-12-15,2025-12-14T23:51:12Z,2025-12-14 15:51:15
Underdog,player_points_assists,Jimmy Butler,Under,24.5,-137,2025-12-15,2025-12-14T23:51:12Z,2025-12-14 15:51:15
Underdog,player_points_assists,Deni Avdija,Over,31.5,-137,2025-12-15,2025-12-14T23:51:12Z,2025-12-14 15:51:15
Underdog,player_points_assists,Deni Avdija,Under,31.5,-137,2025-12-15,2025-12-14T23:51:12Z,2025-12-14 15:51:15
Underdog,player_points_assists,Shaedon Sharpe,Over,25.5,-137,2025-12-15,2025-12-14T23:51:12Z,2025-12-14 15:51:15
Underdog,player_points_assists,Shaedon Sharpe,Under,25.5,-137,2025-12-15,2025-12-14T23:51:12Z,2025-12-14 15:51:15
Underdog,player_points_assists,Scottie Barnes,Over,25.5,-137,2025-12-16,2025-12-14T23:51:26Z,2025-12-14 15:51:15
Underdog,player_points_assists,Scottie Barnes,Under,25.5,-137,2025-12-16,2025-12-14T23:51:26Z,2025-12-14 15:51:15
Underdog,player_points_assists,Bam Adebayo,Over,21.5,-137,2025-12-16,2025-12-14T23:51:26Z,2025-12-14 15:51:15
Underdog,player_points_assists,Bam Adebayo,Under,21.5,-137,2025-12-16,2025-12-14T23:51:26Z,2025-12-14 15:51:15
Underdog,player_points_assists,Brandon Ingram,Over,27.5,-137,2025-12-16,2025-12-14T23:51:26Z,2025-12-14 15:51:15
Underdog,player_points_assists,Brandon Ingram,Under,27.5,-137,2025-12-16,2025-12-14T23:51:26Z,2025-12-14 15:51:15
Underdog,player_points_assists,Immanuel Quickley,Over,23.5,-137,2025-12-16,2025-12-14T23:51:26Z,2025-12-14 15:51:15
Underdog,player_points_assists,Immanuel Quickley,Under,23.5,-137,2025-12-16,2025-12-14T23:51:26Z,2025-12-14 15:51:15
Underdog,player_points_assists,Norman Powell,Over,23.5,-137,2025-12-16,2025-12-14T23:51:26Z,2025-12-14 15:51:15
Underdog,player_points_assists,Norman Powell,Under,23.5,-137,2025-12-16,2025-12-14T23:51:26Z,2025-12-14 15:51:15
Underdog,player_points_assists,Victor Wembanyama,Over,25.5,-137,2025-12-17,2025-12-14T23:51:33Z,2025-12-14 15:51:15
Underdog,player_points_assists,Victor Wembanyama,Under,25.5,-137,2025-12-17,2025-12-14T23:51:33Z,2025-12-14 15:51:15
Underdog,player_points_assists,Karl-Anthony Towns,Over,24.5,-137,2025-12-17,2025-12-14T23:51:33Z,2025-12-14 15:51:15
Underdog,player_points_assists,Karl-Anthony Towns,Under,24.5,-137,2025-12-17,2025-12-14T23:51:33Z,2025-12-14 15:51:15
Underdog,player_points_assists,Jalen Brunson,Over,36.5,-137,2025-12-17,2025-12-14T23:51:33Z,2025-12-14 15:51:15
Underdog,player_points_assists,Jalen Brunson,Under,36.5,-137,2025-12-17,2025-12-14T23:51:33Z,2025-12-14 15:51:15
Underdog,player_points_assists,De'Aaron Fox,Over,25.5,-137,2025-12-17,2025-12-14T23:51:33Z,2025-12-14 15:51:15
Underdog,player_points_assists,De'Aaron Fox,Under,25.5,-137,2025-12-17,2025-12-14T23:51:33Z,2025-12-14 15:51:15
Underdog,player_points_assists,Josh Hart,Over,19.5,-137,2025-12-17,2025-12-14T23:51:33Z,2025-12-14 15:51:15
Underdog,player_points_assists,Josh Hart,Under,19.5,-137,2025-12-17,2025-12-14T23:51:33Z,2025-12-14 15:51:15
Underdog,player_points_assists,Stephon Castle,Over,21.5,-137,2025-12-17,2025-12-14T23:51:33Z,2025-12-14 15:51:15
Underdog,player_points_assists,Stephon Castle,Under,21.5,-137,2025-12-17,2025-12-14T23:51:33Z,2025-12-14 15:51:15
Betr DFS,player_rebounds_assists,Paul George,Over,6.5,-137,2025-12-14,2025-12-14T23:50:21Z,2025-12-14 15:51:15
Betr DFS,player_rebounds_assists,VJ Edgecombe,Over,7.5,-137,2025-12-14,2025-12-14T23:50:21Z,2025-12-14 15:51:15
Betr DFS,player_rebounds_assists,VJ Edgecombe,Under,7.5,-137,2025-12-14,2025-12-14T23:50:21Z,2025-12-14 15:51:15
Betr DFS,player_rebounds_assists,Jalen Johnson,Over,17.5,-137,2025-12-14,2025-12-14T23:50:21Z,2025-12-14 15:51:15
Betr DFS,player_rebounds_assists,Jalen Johnson,Under,17.5,-137,2025-12-14,2025-12-14T23:50:21Z,2025-12-14 15:51:15
Betr DFS,player_rebounds_assists,Nickeil Alexander-Walker,Over,8.5,-137,2025-12-14,2025-12-14T23:50:21Z,2025-12-14 15:51:15
Betr DFS,player_rebounds_assists,Nickeil Alexander-Walker,Under,8.5,-137,2025-12-14,2025-12-14T23:50:21Z,2025-12-14 15:51:15
Betr DFS,player_rebounds_assists,Terance Mann,Over,5.5,-137,2025-12-14,2025-12-14T23:48:42Z,2025-12-14 15:51:15
Betr DFS,player_rebounds_assists,Zion Williamson,Over,7.5,-137,2025-12-15,2025-12-14T23:50:47Z,2025-12-14 15:51:15
Betr DFS,player_rebounds_assists,Zion Williamson,Under,7.5,-137,2025-12-15,2025-12-14T23:50:47Z,2025-12-14 15:51:15
Betr DFS,player_rebounds_assists,Trey Murphy III,Over,9.0,-137,2025-12-15,2025-12-14T23:50:47Z,2025-12-14 15:51:15
Betr DFS,player_rebounds_assists,Trey Murphy III,Under,9.0,-137,2025-12-15,2025-12-14T23:50:47Z,2025-12-14 15:51:15
Betr DFS,player_rebounds_assists,Derik Queen,Over,12.0,-137,2025-12-15,2025-12-14T23:50:47Z,2025-12-14 15:51:15
Betr DFS,player_rebounds_assists,Derik Queen,Under,12.0,-137,2025-12-15,2025-12-14T23:50:47Z,2025-12-14 15:51:15
Betr DFS,player_rebounds_assists,Coby White,Over,7.5,-137,2025-12-15,2025-12-14T23:50:47Z,2025-12-14 15:51:15
Betr DFS,player_rebounds_assists,Coby White,Under,7.5,-137,2025-12-15,2025-12-14T23:50:47Z,2025-12-14 15:51:15
Betr DFS,player_rebounds_assists,Josh Giddey,Over,17.5,-137,2025-12-15,2025-12-14T23:50:47Z,2025-12-14 15:51:15
Betr DFS,player_rebounds_assists,Josh Giddey,Under,17.5,-137,2025-12-15,2025-12-14T23:50:47Z,2025-12-14 15:51:15
Betr DFS,player_rebounds_assists,Julius Randle,Over,13.5,-137,2025-12-15,2025-12-14T23:51:24Z,2025-12-14 15:51:15
Betr DFS,player_rebounds_assists,Julius Randle,Under,13.5,-137,2025-12-15,2025-12-14T23:51:24Z,2025-12-14 15:51:15
Betr DFS,player_rebounds_assists,Rudy Gobert,Over,12.5,-137,2025-12-15,2025-12-14T23:51:24Z,2025-12-14 15:51:15
Betr DFS,player_rebounds_assists,Rudy Gobert,Under,12.5,-137,2025-12-15,2025-12-14T23:51:24Z,2025-12-14 15:51:15
Betr DFS,player_rebounds_assists,Naz Reid,Over,9.5,-137,2025-12-15,2025-12-14T23:51:24Z,2025-12-14 15:51:15
Betr DFS,player_rebounds_assists,Naz Reid,Under,9.5,-137,2025-12-15,2025-12-14T23:51:24Z,2025-12-14 15:51:15
Betr DFS,player_rebounds_assists,Jaden McDaniels,Over,8.5,-137,2025-12-15,2025-12-14T23:51:24Z,2025-12-14 15:51:15
Betr DFS,player_rebounds_assists,Donte DiVincenzo,Over,8.5,-137,2025-12-15,2025-12-14T23:51:24Z,2025-12-14 15:51:15
Betr DFS,player_rebounds_assists,Donte DiVincenzo,Under,8.5,-137,2025-12-15,2025-12-14T23:51:24Z,2025-12-14 15:51:15
Betr DFS,player_rebounds_assists,Luka Doncic,Over,17.5,-137,2025-12-15,2025-12-14T23:50:48Z,2025-12-14 15:51:15
Betr DFS,player_rebounds_assists,Luka Doncic,Under,17.5,-137,2025-12-15,2025-12-14T23:50:48Z,2025-12-14 15:51:15
Betr DFS,player_rebounds_assists,LeBron James,Over,13.5,-137,2025-12-15,2025-12-14T23:50:48Z,2025-12-14 15:51:15
Betr DFS,player_rebounds_assists,LeBron James,Under,13.5,-137,2025-12-15,2025-12-14T23:50:48Z,2025-12-14 15:51:15
Betr DFS,player_rebounds_assists,Deandre Ayton,Over,10.5,-137,2025-12-15,2025-12-14T23:50:48Z,2025-12-14 15:51:15
Betr DFS,player_rebounds_assists,Deandre Ayton,Under,10.5,-137,2025-12-15,2025-12-14T23:50:48Z,2025-12-14 15:51:15
Betr DFS,player_rebounds_assists,Mark Williams,Over,9.5,-137,2025-12-15,2025-12-14T23:50:48Z,2025-12-14 15:51:15
Betr DFS,player_rebounds_assists,Mark Williams,Under,9.5,-137,2025-12-15,2025-12-14T23:50:48Z,2025-12-14 15:51:15
Betr DFS,player_rebounds_assists,Collin Gillespie,Over,8.5,-137,2025-12-15,2025-12-14T23:50:48Z,2025-12-14 15:51:15
Betr DFS,player_rebounds_assists,Devin Booker,Over,9.5,-137,2025-12-15,2025-12-14T23:50:48Z,2025-12-14 15:51:15
Betr DFS,player_rebounds_assists,Devin Booker,Under,9.5,-137,2025-12-15,2025-12-14T23:50:48Z,2025-12-14 15:51:15
Betr DFS,player_rebounds_assists,Jimmy Butler,Over,11.5,-137,2025-12-15,2025-12-14T23:51:32Z,2025-12-14 15:51:15
Betr DFS,player_rebounds_assists,Jimmy Butler,Under,11.5,-137,2025-12-15,2025-12-14T23:51:32Z,2025-12-14 15:51:15
Betr DFS,player_rebounds_assists,Draymond Green,Over,11.5,-137,2025-12-15,2025-12-14T23:51:32Z,2025-12-14 15:51:15
Betr DFS,player_rebounds_assists,Draymond Green,Under,11.5,-137,2025-12-15,2025-12-14T23:51:32Z,2025-12-14 15:51:15
Betr DFS,player_rebounds_assists,Stephen Curry,Over,8.0,-137,2025-12-15,2025-12-14T23:51:32Z,2025-12-14 15:51:15
Betr DFS,player_rebounds_assists,Stephen Curry,Under,8.0,-137,2025-12-15,2025-12-14T23:51:32Z,2025-12-14 15:51:15
Betr DFS,player_rebounds_assists,Shaedon Sharpe,Over,7.5,-137,2025-12-15,2025-12-14T23:51:32Z,2025-12-14 15:51:15
Betr DFS,player_rebounds_assists,Shaedon Sharpe,Under,7.5,-137,2025-12-15,2025-12-14T23:51:32Z,2025-12-14 15:51:15
Betr DFS,player_rebounds_assists,Toumani Camara,Over,7.5,-137,2025-12-15,2025-12-14T23:51:32Z,2025-12-14 15:51:15
Betr DFS,player_rebounds_assists,Toumani Camara,Under,7.5,-137,2025-12-15,2025-12-14T23:51:32Z,2025-12-14 15:51:15
DraftKings Pick6,player_rebounds_assists,Quentin Grimes,Over,11.5,-137,2025-12-14,2025-12-14T23:50:57Z,2025-12-14 15:51:15
DraftKings Pick6,player_rebounds_assists,Quentin Grimes,Under,11.5,-137,2025-12-14,2025-12-14T23:50:57Z,2025-12-14 15:51:15
DraftKings Pick6,player_rebounds_assists,Dyson Daniels,Over,12.5,-137,2025-12-14,2025-12-14T23:50:57Z,2025-12-14 15:51:15
DraftKings Pick6,player_rebounds_assists,Dyson Daniels,Under,12.5,-137,2025-12-14,2025-12-14T23:50:57Z,2025-12-14 15:51:15
DraftKings Pick6,player_rebounds_assists,Paul George,Over,7.5,-137,2025-12-14,2025-12-14T23:50:57Z,2025-12-14 15:51:15
DraftKings Pick6,player_rebounds_assists,Paul George,Under,7.5,-137,2025-12-14,2025-12-14T23:50:57Z,2025-12-14 15:51:15
DraftKings Pick6,player_rebounds_assists,Nicolas Claxton,Over,11.5,-137,2025-12-14,2025-12-14T23:50:14Z,2025-12-14 15:51:15
DraftKings Pick6,player_rebounds_assists,Nicolas Claxton,Under,11.5,-137,2025-12-14,2025-12-14T23:50:14Z,2025-12-14 15:51:15
DraftKings Pick6,player_rebounds_assists,Day'Ron Sharpe,Over,11.5,-137,2025-12-14,2025-12-14T23:50:14Z,2025-12-14 15:51:15
DraftKings Pick6,player_rebounds_assists,Day'Ron Sharpe,Under,11.5,-137,2025-12-14,2025-12-14T23:50:14Z,2025-12-14 15:51:15
DraftKings Pick6,player_rebounds_assists,Ryan Rollins,Over,10.5,-137,2025-12-14,2025-12-14T23:50:14Z,2025-12-14 15:51:15
DraftKings Pick6,player_rebounds_assists,Ryan Rollins,Under,10.5,-137,2025-12-14,2025-12-14T23:50:14Z,2025-12-14 15:51:15
DraftKings Pick6,player_rebounds_assists,Myles Turner,Over,4.5,-137,2025-12-14,2025-12-14T23:50:14Z,2025-12-14 15:51:15
DraftKings Pick6,player_rebounds_assists,Myles Turner,Under,4.5,-137,2025-12-14,2025-12-14T23:50:14Z,2025-12-14 15:51:15
DraftKings Pick6,player_rebounds_assists,Kevin Porter Jr.,Over,15.5,-137,2025-12-14,2025-12-14T23:50:14Z,2025-12-14 15:51:15
DraftKings Pick6,player_rebounds_assists,Kevin Porter Jr.,Under,15.5,-137,2025-12-14,2025-12-14T23:50:14Z,2025-12-14 15:51:15
DraftKings Pick6,player_rebounds_assists,Josh Giddey,Over,17.5,-137,2025-12-15,2025-12-14T23:50:16Z,2025-12-14 15:51:15
DraftKings Pick6,player_rebounds_assists,Josh Giddey,Under,17.5,-137,2025-12-15,2025-12-14T23:50:16Z,2025-12-14 15:51:15
DraftKings Pick6,player_rebounds_assists,Trey Murphy III,Over,9.5,-137,2025-12-15,2025-12-14T23:50:16Z,2025-12-14 15:51:15
DraftKings Pick6,player_rebounds_assists,Trey Murphy III,Under,9.5,-137,2025-12-15,2025-12-14T23:50:16Z,2025-12-14 15:51:15
DraftKings Pick6,player_rebounds_assists,Coby White,Over,7.5,-137,2025-12-15,2025-12-14T23:50:16Z,2025-12-14 15:51:15
DraftKings Pick6,player_rebounds_assists,Coby White,Under,7.5,-137,2025-12-15,2025-12-14T23:50:16Z,2025-12-14 15:51:15
DraftKings Pick6,player_rebounds_assists,Jeremiah Fears,Over,6.5,-137,2025-12-15,2025-12-14T23:50:16Z,2025-12-14 15:51:15
DraftKings Pick6,player_rebounds_assists,Jeremiah Fears,Under,6.5,-137,2025-12-15,2025-12-14T23:50:16Z,2025-12-14 15:51:15
DraftKings Pick6,player_rebounds_assists,Julius Randle,Over,13.5,-137,2025-12-15,2025-12-14T23:50:32Z,2025-12-14 15:51:15
DraftKings Pick6,player_rebounds_assists,Julius Randle,Under,13.5,-137,2025-12-15,2025-12-14T23:50:32Z,2025-12-14 15:51:15
DraftKings Pick6,player_rebounds_assists,Rudy Gobert,Over,12.5,-137,2025-12-15,2025-12-14T23:50:32Z,2025-12-14 15:51:15
DraftKings Pick6,player_rebounds_assists,Rudy Gobert,Under,12.5,-137,2025-12-15,2025-12-14T23:50:32Z,2025-12-14 15:51:15
DraftKings Pick6,player_rebounds_assists,Naz Reid,Over,9.5,-137,2025-12-15,2025-12-14T23:50:32Z,2025-12-14 15:51:15
DraftKings Pick6,player_rebounds_assists,Naz Reid,Under,9.5,-137,2025-12-15,2025-12-14T23:50:32Z,2025-12-14 15:51:15
DraftKings Pick6,player_rebounds_assists,Donte DiVincenzo,Over,8.5,-137,2025-12-15,2025-12-14T23:50:32Z,2025-12-14 15:51:15
DraftKings Pick6,player_rebounds_assists,Donte DiVincenzo,Under,8.5,-137,2025-12-15,2025-12-14T23:50:32Z,2025-12-14 15:51:15
DraftKings Pick6,player_rebounds_assists,DeMar DeRozan,Over,6.5,-137,2025-12-15,2025-12-14T23:50:32Z,2025-12-14 15:51:15
DraftKings Pick6,player_rebounds_assists,DeMar DeRozan,Under,6.5,-137,2025-12-15,2025-12-14T23:50:32Z,2025-12-14 15:51:15
DraftKings Pick6,player_rebounds_assists,Luka Doncic,Over,17.5,-137,2025-12-15,2025-12-14T23:50:32Z,2025-12-14 15:51:15
DraftKings Pick6,player_rebounds_assists,Luka Doncic,Under,17.5,-137,2025-12-15,2025-12-14T23:50:32Z,2025-12-14 15:51:15
DraftKings Pick6,player_rebounds_assists,LeBron James,Over,13.5,-137,2025-12-15,2025-12-14T23:50:32Z,2025-12-14 15:51:15
DraftKings Pick6,player_rebounds_assists,LeBron James,Under,13.5,-137,2025-12-15,2025-12-14T23:50:32Z,2025-12-14 15:51:15
DraftKings Pick6,player_rebounds_assists,Deandre Ayton,Over,10.5,-137,2025-12-15,2025-12-14T23:50:32Z,2025-12-14 15:51:15
DraftKings Pick6,player_rebounds_assists,Deandre Ayton,Under,10.5,-137,2025-12-15,2025-12-14T23:50:32Z,2025-12-14 15:51:15
DraftKings Pick6,player_rebounds_assists,Grayson Allen,Over,6.5,-137,2025-12-15,2025-12-14T23:50:32Z,2025-12-14 15:51:15
DraftKings Pick6,player_rebounds_assists,Grayson Allen,Under,6.5,-137,2025-12-15,2025-12-14T23:50:32Z,2025-12-14 15:51:15
DraftKings Pick6,player_rebounds_assists,Marcus Smart,Over,5.5,-137,2025-12-15,2025-12-14T23:50:32Z,2025-12-14 15:51:15
DraftKings Pick6,player_rebounds_assists,Marcus Smart,Under,5.5,-137,2025-12-15,2025-12-14T23:50:32Z,2025-12-14 15:51:15
DraftKings Pick6,player_rebounds_assists,Jimmy Butler,Over,11.5,-137,2025-12-15,2025-12-14T23:51:21Z,2025-12-14 15:51:15
DraftKings Pick6,player_rebounds_assists,Jimmy Butler,Under,11.5,-137,2025-12-15,2025-12-14T23:51:21Z,2025-12-14 15:51:15
DraftKings Pick6,player_rebounds_assists,Draymond Green,Over,11.5,-137,2025-12-15,2025-12-14T23:51:21Z,2025-12-14 15:51:15
DraftKings Pick6,player_rebounds_assists,Draymond Green,Under,11.5,-137,2025-12-15,2025-12-14T23:51:21Z,2025-12-14 15:51:15
DraftKings Pick6,player_rebounds_assists,Toumani Camara,Over,7.5,-137,2025-12-15,2025-12-14T23:51:21Z,2025-12-14 15:51:15
DraftKings Pick6,player_rebounds_assists,Toumani Camara,Under,7.5,-137,2025-12-15,2025-12-14T23:51:21Z,2025-12-14 15:51:15
DraftKings Pick6,player_rebounds_assists,Jerami Grant,Over,6.5,-137,2025-12-15,2025-12-14T23:51:21Z,2025-12-14 15:51:15
DraftKings Pick6,player_rebounds_assists,Jerami Grant,Under,6.5,-137,2025-12-15,2025-12-14T23:51:21Z,2025-12-14 15:51:15
PrizePicks,player_rebounds_assists,Coby White,Over,7.5,-137,2025-12-15,2025-12-14T23:51:08Z,2025-12-14 15:51:15
PrizePicks,player_rebounds_assists,Coby White,Under,7.5,-137,2025-12-15,2025-12-14T23:51:08Z,2025-12-14 15:51:15
PrizePicks,player_rebounds_assists,Josh Giddey,Over,17.5,-137,2025-12-15,2025-12-14T23:51:08Z,2025-12-14 15:51:15
PrizePicks,player_rebounds_assists,Josh Giddey,Under,17.5,-137,2025-12-15,2025-12-14T23:51:08Z,2025-12-14 15:51:15
PrizePicks,player_rebounds_assists,Derik Queen,Over,12.0,-137,2025-12-15,2025-12-14T23:51:08Z,2025-12-14 15:51:15
PrizePicks,player_rebounds_assists,Derik Queen,Under,12.0,-137,2025-12-15,2025-12-14T23:51:08Z,2025-12-14 15:51:15
PrizePicks,player_rebounds_assists,Nikola Vucevic,Over,11.0,-137,2025-12-15,2025-12-14T23:51:08Z,2025-12-14 15:51:15
PrizePicks,player_rebounds_assists,Nikola Vucevic,Under,11.0,-137,2025-12-15,2025-12-14T23:51:08Z,2025-12-14 15:51:15
PrizePicks,player_rebounds_assists,Trey Murphy III,Over,9.0,-137,2025-12-15,2025-12-14T23:51:08Z,2025-12-14 15:51:15
PrizePicks,player_rebounds_assists,Trey Murphy III,Under,9.0,-137,2025-12-15,2025-12-14T23:51:08Z,2025-12-14 15:51:15
PrizePicks,player_rebounds_assists,Zion Williamson,Over,7.5,-137,2025-12-15,2025-12-14T23:51:08Z,2025-12-14 15:51:15
PrizePicks,player_rebounds_assists,Zion Williamson,Under,7.5,-137,2025-12-15,2025-12-14T23:51:08Z,2025-12-14 15:51:15
PrizePicks,player_rebounds_assists,Jeremiah Fears,Over,6.5,-137,2025-12-15,2025-12-14T23:51:08Z,2025-12-14 15:51:15
PrizePicks,player_rebounds_assists,Jeremiah Fears,Under,6.5,-137,2025-12-15,2025-12-14T23:51:08Z,2025-12-14 15:51:15
PrizePicks,player_rebounds_assists,Herb Jones,Over,6.0,-137,2025-12-15,2025-12-14T23:51:08Z,2025-12-14 15:51:15
PrizePicks,player_rebounds_assists,Herb Jones,Under,6.0,-137,2025-12-15,2025-12-14T23:51:08Z,2025-12-14 15:51:15
PrizePicks,player_rebounds_assists,Russell Westbrook,Over,13.5,-137,2025-12-15,2025-12-14T23:51:12Z,2025-12-14 15:51:15
PrizePicks,player_rebounds_assists,Russell Westbrook,Under,13.5,-137,2025-12-15,2025-12-14T23:51:12Z,2025-12-14 15:51:15
PrizePicks,player_rebounds_assists,Julius Randle,Over,13.5,-137,2025-12-15,2025-12-14T23:51:12Z,2025-12-14 15:51:15
PrizePicks,player_rebounds_assists,Julius Randle,Under,13.5,-137,2025-12-15,2025-12-14T23:51:12Z,2025-12-14 15:51:15
PrizePicks,player_rebounds_assists,Donte DiVincenzo,Over,8.5,-137,2025-12-15,2025-12-14T23:51:12Z,2025-12-14 15:51:15
PrizePicks,player_rebounds_assists,Donte DiVincenzo,Under,8.5,-137,2025-12-15,2025-12-14T23:51:12Z,2025-12-14 15:51:15
PrizePicks,player_rebounds_assists,Jaden McDaniels,Over,8.0,-137,2025-12-15,2025-12-14T23:51:12Z,2025-12-14 15:51:15
PrizePicks,player_rebounds_assists,Jaden McDaniels,Under,8.0,-137,2025-12-15,2025-12-14T23:51:12Z,2025-12-14 15:51:15
PrizePicks,player_rebounds_assists,Dennis Schroder,Over,7.5,-137,2025-12-15,2025-12-14T23:51:12Z,2025-12-14 15:51:15
PrizePicks,player_rebounds_assists,Dennis Schroder,Under,7.5,-137,2025-12-15,2025-12-14T23:51:12Z,2025-12-14 15:51:15
PrizePicks,player_rebounds_assists,DeMar DeRozan,Over,6.5,-137,2025-12-15,2025-12-14T23:51:12Z,2025-12-14 15:51:15
PrizePicks,player_rebounds_assists,DeMar DeRozan,Under,6.5,-137,2025-12-15,2025-12-14T23:51:12Z,2025-12-14 15:51:15
PrizePicks,player_rebounds_assists,Zach LaVine,Over,6.0,-137,2025-12-15,2025-12-14T23:51:12Z,2025-12-14 15:51:15
PrizePicks,player_rebounds_assists,Zach LaVine,Under,6.0,-137,2025-12-15,2025-12-14T23:51:12Z,2025-12-14 15:51:15
PrizePicks,player_rebounds_assists,Luka Doncic,Over,17.5,-137,2025-12-15,2025-12-14T23:51:09Z,2025-12-14 15:51:15
PrizePicks,player_rebounds_assists,Luka Doncic,Under,17.5,-137,2025-12-15,2025-12-14T23:51:09Z,2025-12-14 15:51:15
PrizePicks,player_rebounds_assists,LeBron James,Over,13.5,-137,2025-12-15,2025-12-14T23:51:09Z,2025-12-14 15:51:15
PrizePicks,player_rebounds_assists,LeBron James,Under,13.5,-137,2025-12-15,2025-12-14T23:51:09Z,2025-12-14 15:51:15
PrizePicks,player_rebounds_assists,Deandre Ayton,Over,10.0,-137,2025-12-15,2025-12-14T23:51:09Z,2025-12-14 15:51:15
PrizePicks,player_rebounds_assists,Deandre Ayton,Under,10.0,-137,2025-12-15,2025-12-14T23:51:09Z,2025-12-14 15:51:15
PrizePicks,player_rebounds_assists,Mark Williams,Over,10.0,-137,2025-12-15,2025-12-14T23:51:09Z,2025-12-14 15:51:15
PrizePicks,player_rebounds_assists,Mark Williams,Under,10.0,-137,2025-12-15,2025-12-14T23:51:09Z,2025-12-14 15:51:15
PrizePicks,player_rebounds_assists,Devin Booker,Over,9.5,-137,2025-12-15,2025-12-14T23:51:09Z,2025-12-14 15:51:15
PrizePicks,player_rebounds_assists,Devin Booker,Under,9.5,-137,2025-12-15,2025-12-14T23:51:09Z,2025-12-14 15:51:15
PrizePicks,player_rebounds_assists,Collin Gillespie,Over,8.0,-137,2025-12-15,2025-12-14T23:51:09Z,2025-12-14 15:51:15
PrizePicks,player_rebounds_assists,Collin Gillespie,Under,8.0,-137,2025-12-15,2025-12-14T23:51:09Z,2025-12-14 15:51:15
PrizePicks,player_rebounds_assists,Royce O'Neale,Over,7.0,-137,2025-12-15,2025-12-14T23:51:09Z,2025-12-14 15:51:15
PrizePicks,player_rebounds_assists,Royce O'Neale,Under,7.0,-137,2025-12-15,2025-12-14T23:51:09Z,2025-12-14 15:51:15
PrizePicks,player_rebounds_assists,Grayson Allen,Over,6.5,-137,2025-12-15,2025-12-14T23:51:09Z,2025-12-14 15:51:15
PrizePicks,player_rebounds_assists,Grayson Allen,Under,6.5,-137,2025-12-15,2025-12-14T23:51:09Z,2025-12-14 15:51:15
PrizePicks,player_rebounds_assists,Marcus Smart,Over,5.5,-137,2025-12-15,2025-12-14T23:51:09Z,2025-12-14 15:51:15
PrizePicks,player_rebounds_assists,Marcus Smart,Under,5.5,-137,2025-12-15,2025-12-14T23:51:09Z,2025-12-14 15:51:15
PrizePicks,player_rebounds_assists,Dillon Brooks,Over,5.5,-137,2025-12-15,2025-12-14T23:51:09Z,2025-12-14 15:51:15
PrizePicks,player_rebounds_assists,Dillon Brooks,Under,5.5,-137,2025-12-15,2025-12-14T23:51:09Z,2025-12-14 15:51:15
PrizePicks,player_rebounds_assists,Rui Hachimura,Over,5.0,-137,2025-12-15,2025-12-14T23:51:09Z,2025-12-14 15:51:15
PrizePicks,player_rebounds_assists,Rui Hachimura,Under,5.0,-137,2025-12-15,2025-12-14T23:51:09Z,2025-12-14 15:51:15
PrizePicks,player_rebounds_assists,Deni Avdija,Over,15.0,-137,2025-12-15,2025-12-14T23:51:11Z,2025-12-14 15:51:15
PrizePicks,player_rebounds_assists,Deni Avdija,Under,15.0,-137,2025-12-15,2025-12-14T23:51:11Z,2025-12-14 15:51:15
PrizePicks,player_rebounds_assists,Draymond Green,Over,12.0,-137,2025-12-15,2025-12-14T23:51:11Z,2025-12-14 15:51:15
PrizePicks,player_rebounds_assists,Draymond Green,Under,12.0,-137,2025-12-15,2025-12-14T23:51:11Z,2025-12-14 15:51:15
PrizePicks,player_rebounds_assists,Jimmy Butler,Over,11.5,-137,2025-12-15,2025-12-14T23:51:11Z,2025-12-14 15:51:15
PrizePicks,player_rebounds_assists,Jimmy Butler,Under,11.5,-137,2025-12-15,2025-12-14T23:51:11Z,2025-12-14 15:51:15
PrizePicks,player_rebounds_assists,Stephen Curry,Over,8.0,-137,2025-12-15,2025-12-14T23:51:11Z,2025-12-14 15:51:15
PrizePicks,player_rebounds_assists,Stephen Curry,Under,8.0,-137,2025-12-15,2025-12-14T23:51:11Z,2025-12-14 15:51:15
PrizePicks,player_rebounds_assists,Toumani Camara,Over,8.0,-137,2025-12-15,2025-12-14T23:51:11Z,2025-12-14 15:51:15
PrizePicks,player_rebounds_assists,Toumani Camara,Under,8.0,-137,2025-12-15,2025-12-14T23:51:11Z,2025-12-14 15:51:15
PrizePicks,player_rebounds_assists,Shaedon Sharpe,Over,7.0,-137,2025-12-15,2025-12-14T23:51:11Z,2025-12-14 15:51:15
PrizePicks,player_rebounds_assists,Shaedon Sharpe,Under,7.0,-137,2025-12-15,2025-12-14T23:51:11Z,2025-12-14 15:51:15
PrizePicks,player_rebounds_assists,Jerami Grant,Over,6.5,-137,2025-12-15,2025-12-14T23:51:11Z,2025-12-14 15:51:15
PrizePicks,player_rebounds_assists,Jerami Grant,Under,6.5,-137,2025-12-15,2025-12-14T23:51:11Z,2025-12-14 15:51:15
PrizePicks,player_rebounds_assists,Brandin Podziemski,Over,6.0,-137,2025-12-15,2025-12-14T23:51:11Z,2025-12-14 15:51:15
PrizePicks,player_rebounds_assists,Brandin Podziemski,Under,6.0,-137,2025-12-15,2025-12-14T23:51:11Z,2025-12-14 15:51:15
PrizePicks,player_rebounds_assists,Bam Adebayo,Over,12.5,-137,2025-12-16,2025-12-14T23:51:07Z,2025-12-14 15:51:15
PrizePicks,player_rebounds_assists,Bam Adebayo,Under,12.5,-137,2025-12-16,2025-12-14T23:51:07Z,2025-12-14 15:51:15
PrizePicks,player_rebounds_assists,Davion Mitchell,Over,10.5,-137,2025-12-16,2025-12-14T23:51:07Z,2025-12-14 15:51:15
PrizePicks,player_rebounds_assists,Davion Mitchell,Under,10.5,-137,2025-12-16,2025-12-14T23:51:07Z,2025-12-14 15:51:15
PrizePicks,player_rebounds_assists,Tyler Herro,Over,8.5,-137,2025-12-16,2025-12-14T23:51:07Z,2025-12-14 15:51:15
PrizePicks,player_rebounds_assists,Tyler Herro,Under,8.5,-137,2025-12-16,2025-12-14T23:51:07Z,2025-12-14 15:51:15
PrizePicks,player_rebounds_assists,Karl-Anthony Towns,Over,14.0,-137,2025-12-17,2025-12-14T23:52:07Z,2025-12-14 15:51:15
PrizePicks,player_rebounds_assists,Karl-Anthony Towns,Under,14.0,-137,2025-12-17,2025-12-14T23:52:07Z,2025-12-14 15:51:15
PrizePicks,player_rebounds_assists,Victor Wembanyama,Over,14.0,-137,2025-12-17,2025-12-14T23:52:07Z,2025-12-14 15:51:15
PrizePicks,player_rebounds_assists,Victor Wembanyama,Under,14.0,-137,2025-12-17,2025-12-14T23:52:07Z,2025-12-14 15:51:15
PrizePicks,player_rebounds_assists,Josh Hart,Over,13.5,-137,2025-12-17,2025-12-14T23:52:07Z,2025-12-14 15:51:15
PrizePicks,player_rebounds_assists,Josh Hart,Under,13.5,-137,2025-12-17,2025-12-14T23:52:07Z,2025-12-14 15:51:15
PrizePicks,player_rebounds_assists,Jalen Brunson,Over,9.5,-137,2025-12-17,2025-12-14T23:52:07Z,2025-12-14 15:51:15
PrizePicks,player_rebounds_assists,Jalen Brunson,Under,9.5,-137,2025-12-17,2025-12-14T23:52:07Z,2025-12-14 15:51:15
PrizePicks,player_rebounds_assists,De'Aaron Fox,Over,8.5,-137,2025-12-17,2025-12-14T23:52:07Z,2025-12-14 15:51:15
PrizePicks,player_rebounds_assists,De'Aaron Fox,Under,8.5,-137,2025-12-17,2025-12-14T23:52:07Z,2025-12-14 15:51:15
PrizePicks,player_rebounds_assists,Mikal Bridges,Over,7.5,-137,2025-12-17,2025-12-14T23:52:07Z,2025-12-14 15:51:15
PrizePicks,player_rebounds_assists,Mikal Bridges,Under,7.5,-137,2025-12-17,2025-12-14T23:52:07Z,2025-12-14 15:51:15
Underdog,player_rebounds_assists,Zion Williamson,Over,7.5,-137,2025-12-15,2025-12-14T23:50:42Z,2025-12-14 15:51:15
Underdog,player_rebounds_assists,Zion Williamson,Under,7.5,-137,2025-12-15,2025-12-14T23:50:42Z,2025-12-14 15:51:15
Underdog,player_rebounds_assists,Josh Giddey,Over,17.5,-137,2025-12-15,2025-12-14T23:50:42Z,2025-12-14 15:51:15
Underdog,player_rebounds_assists,Josh Giddey,Under,17.5,-137,2025-12-15,2025-12-14T23:50:42Z,2025-12-14 15:51:15
Underdog,player_rebounds_assists,Trey Murphy III,Over,8.5,-137,2025-12-15,2025-12-14T23:50:42Z,2025-12-14 15:51:15
Underdog,player_rebounds_assists,Trey Murphy III,Under,8.5,-137,2025-12-15,2025-12-14T23:50:42Z,2025-12-14 15:51:15
Underdog,player_rebounds_assists,Derik Queen,Over,11.5,-137,2025-12-15,2025-12-14T23:50:42Z,2025-12-14 15:51:15
Underdog,player_rebounds_assists,Derik Queen,Under,11.5,-137,2025-12-15,2025-12-14T23:50:42Z,2025-12-14 15:51:15
Underdog,player_rebounds_assists,Donte DiVincenzo,Over,8.5,-137,2025-12-15,2025-12-14T23:51:29Z,2025-12-14 15:51:15
Underdog,player_rebounds_assists,Donte DiVincenzo,Under,8.5,-137,2025-12-15,2025-12-14T23:51:29Z,2025-12-14 15:51:15
Underdog,player_rebounds_assists,Dennis Schroder,Over,7.5,-137,2025-12-15,2025-12-14T23:51:29Z,2025-12-14 15:51:15
Underdog,player_rebounds_assists,Dennis Schroder,Under,7.5,-137,2025-12-15,2025-12-14T23:51:29Z,2025-12-14 15:51:15
Underdog,player_rebounds_assists,Russell Westbrook,Over,13.5,-137,2025-12-15,2025-12-14T23:51:29Z,2025-12-14 15:51:15
Underdog,player_rebounds_assists,Russell Westbrook,Under,13.5,-137,2025-12-15,2025-12-14T23:51:29Z,2025-12-14 15:51:15
Underdog,player_rebounds_assists,Maxime Raynaud,Over,8.5,-137,2025-12-15,2025-12-14T23:51:29Z,2025-12-14 15:51:15
Underdog,player_rebounds_assists,Maxime Raynaud,Under,8.5,-137,2025-12-15,2025-12-14T23:51:29Z,2025-12-14 15:51:15
Underdog,player_rebounds_assists,Jimmy Butler,Over,11.5,-137,2025-12-15,2025-12-14T23:51:12Z,2025-12-14 15:51:15
Underdog,player_rebounds_assists,Jimmy Butler,Under,11.5,-137,2025-12-15,2025-12-14T23:51:12Z,2025-12-14 15:51:15
Underdog,player_rebounds_assists,Bam Adebayo,Over,12.5,-137,2025-12-16,2025-12-14T23:51:26Z,2025-12-14 15:51:15
Underdog,player_rebounds_assists,Bam Adebayo,Under,12.5,-137,2025-12-16,2025-12-14T23:51:26Z,2025-12-14 15:51:15
Underdog,player_rebounds_assists,Tyler Herro,Over,8.5,-137,2025-12-16,2025-12-14T23:51:26Z,2025-12-14 15:51:15
Underdog,player_rebounds_assists,Tyler Herro,Under,8.5,-137,2025-12-16,2025-12-14T23:51:26Z,2025-12-14 15:51:15
Underdog,player_rebounds_assists,Davion Mitchell,Over,10.5,-137,2025-12-16,2025-12-14T23:51:26Z,2025-12-14 15:51:15
Underdog,player_rebounds_assists,Davion Mitchell,Under,10.5,-137,2025-12-16,2025-12-14T23:51:26Z,2025-12-14 15:51:15
Underdog,player_rebounds_assists,Victor Wembanyama,Over,14.5,-137,2025-12-17,2025-12-14T23:51:33Z,2025-12-14 15:51:15
Underdog,player_rebounds_assists,Victor Wembanyama,Under,14.5,-137,2025-12-17,2025-12-14T23:51:33Z,2025-12-14 15:51:15
Underdog,player_rebounds_assists,Jalen Brunson,Over,9.5,-137,2025-12-17,2025-12-14T23:51:33Z,2025-12-14 15:51:15
Underdog,player_rebounds_assists,Jalen Brunson,Under,9.5,-137,2025-12-17,2025-12-14T23:51:33Z,2025-12-14 15:51:15
Underdog,player_rebounds_assists,De'Aaron Fox,Over,8.5,-137,2025-12-17,2025-12-14T23:51:33Z,2025-12-14 15:51:15
Underdog,player_rebounds_assists,De'Aaron Fox,Under,8.5,-137,2025-12-17,2025-12-14T23:51:33Z,2025-12-14 15:51:15
Underdog,player_rebounds_assists,Mikal Bridges,Over,7.5,-137,2025-12-17,2025-12-14T23:51:33Z,2025-12-14 15:51:15
Underdog,player_rebounds_assists,Mikal Bridges,Under,7.5,-137,2025-12-17,2025-12-14T23:51:33Z,2025-12-14 15:51:15
PrizePicks,player_turnovers,Coby White,Over,2.5,-137,2025-12-15,2025-12-14T23:51:08Z,2025-12-14 15:51:15
PrizePicks,player_turnovers,Coby White,Under,2.5,-137,2025-12-15,2025-12-14T23:51:08Z,2025-12-14 15:51:15
PrizePicks,player_turnovers,Matas Buzelis,Over,1.5,-137,2025-12-15,2025-12-14T23:51:08Z,2025-12-14 15:51:15
PrizePicks,player_turnovers,Matas Buzelis,Under,1.5,-137,2025-12-15,2025-12-14T23:51:08Z,2025-12-14 15:51:15
PrizePicks,player_turnovers,Nikola Vucevic,Over,1.5,-137,2025-12-15,2025-12-14T23:51:08Z,2025-12-14 15:51:15
PrizePicks,player_turnovers,Nikola Vucevic,Under,1.5,-137,2025-12-15,2025-12-14T23:51:08Z,2025-12-14 15:51:15
PrizePicks,player_turnovers,Trey Murphy III,Over,1.5,-137,2025-12-15,2025-12-14T23:51:08Z,2025-12-14 15:51:15
PrizePicks,player_turnovers,Trey Murphy III,Under,1.5,-137,2025-12-15,2025-12-14T23:51:08Z,2025-12-14 15:51:15
PrizePicks,player_turnovers,Jaden McDaniels,Over,1.5,-137,2025-12-15,2025-12-14T23:51:12Z,2025-12-14 15:51:15
PrizePicks,player_turnovers,Jaden McDaniels,Under,1.5,-137,2025-12-15,2025-12-14T23:51:12Z,2025-12-14 15:51:15
PrizePicks,player_turnovers,Naz Reid,Over,1.5,-137,2025-12-15,2025-12-14T23:51:12Z,2025-12-14 15:51:15
PrizePicks,player_turnovers,Naz Reid,Under,1.5,-137,2025-12-15,2025-12-14T23:51:12Z,2025-12-14 15:51:15
PrizePicks,player_turnovers,Deandre Ayton,Over,1.5,-137,2025-12-15,2025-12-14T23:51:09Z,2025-12-14 15:51:15
PrizePicks,player_turnovers,Deandre Ayton,Under,1.5,-137,2025-12-15,2025-12-14T23:51:09Z,2025-12-14 15:51:15
PrizePicks,player_turnovers,Grayson Allen,Over,1.5,-137,2025-12-15,2025-12-14T23:51:09Z,2025-12-14 15:51:15
PrizePicks,player_turnovers,Grayson Allen,Under,1.5,-137,2025-12-15,2025-12-14T23:51:09Z,2025-12-14 15:51:15
Betr DFS,player_turnovers,Coby White,Over,2.5,-137,2025-12-15,2025-12-14T23:50:47Z,2025-12-14 15:51:15
Underdog,player_turnovers,Zion Williamson,Over,2.5,-137,2025-12-15,2025-12-14T23:42:22Z,2025-12-14 15:51:15
Underdog,player_turnovers,Zion Williamson,Under,2.5,-137,2025-12-15,2025-12-14T23:42:22Z,2025-12-14 15:51:15
Underdog,player_turnovers,Deni Avdija,Over,3.5,-137,2025-12-15,2025-12-14T23:51:12Z,2025-12-14 15:51:15
Underdog,player_turnovers,Deni Avdija,Under,3.5,-137,2025-12-15,2025-12-14T23:51:12Z,2025-12-14 15:51:15
Underdog,player_turnovers,Victor Wembanyama,Over,3.5,-137,2025-12-17,2025-12-14T23:51:33Z,2025-12-14 15:51:15
Underdog,player_turnovers,Victor Wembanyama,Under,3.5,-137,2025-12-17,2025-12-14T23:51:33Z,2025-12-14 15:51:15
PrizePicks,player_blocks_steals,Herb Jones,Over,1.5,-137,2025-12-15,2025-12-14T23:51:08Z,2025-12-14 15:51:15
PrizePicks,player_blocks_steals,Herb Jones,Under,1.5,-137,2025-12-15,2025-12-14T23:51:08Z,2025-12-14 15:51:15
PrizePicks,player_blocks_steals,LeBron James,Over,1.5,-137,2025-12-15,2025-12-14T23:51:09Z,2025-12-14 15:51:15
PrizePicks,player_blocks_steals,LeBron James,Under,1.5,-137,2025-12-15,2025-12-14T23:51:09Z,2025-12-14 15:51:15
PrizePicks,player_blocks_steals,Collin Gillespie,Over,1.5,-137,2025-12-15,2025-12-14T23:51:09Z,2025-12-14 15:51:15
PrizePicks,player_blocks_steals,Collin Gillespie,Under,1.5,-137,2025-12-15,2025-12-14T23:51:09Z,2025-12-14 15:51:15
PrizePicks,player_blocks_steals,Quinten Post,Over,1.5,-137,2025-12-15,2025-12-14T23:51:11Z,2025-12-14 15:51:15
PrizePicks,player_blocks_steals,Quinten Post,Under,1.5,-137,2025-12-15,2025-12-14T23:51:11Z,2025-12-14 15:51:15
PrizePicks,player_blocks_steals,Jerami Grant,Over,1.5,-137,2025-12-15,2025-12-14T23:51:11Z,2025-12-14 15:51:15
PrizePicks,player_blocks_steals,Jerami Grant,Under,1.5,-137,2025-12-15,2025-12-14T23:51:11Z,2025-12-14 15:51:15
Betr DFS,player_blocks_steals,Zion Williamson,Over,1.5,-137,2025-12-15,2025-12-14T23:50:47Z,2025-12-14 15:51:15
Betr DFS,player_blocks_steals,Herb Jones,Over,1.5,-137,2025-12-15,2025-12-14T23:50:47Z,2025-12-14 15:51:15
Betr DFS,player_blocks_steals,Matas Buzelis,Over,2.5,-137,2025-12-15,2025-12-14T23:50:47Z,2025-12-14 15:51:15
Betr DFS,player_blocks_steals,Keegan Murray,Over,2.5,-137,2025-12-15,2025-12-14T23:51:24Z,2025-12-14 15:51:15
Betr DFS,player_blocks_steals,Maxime Raynaud,Over,1.5,-137,2025-12-15,2025-12-14T23:51:24Z,2025-12-14 15:51:15
Betr DFS,player_blocks_steals,Donte DiVincenzo,Over,1.5,-137,2025-12-15,2025-12-14T23:51:24Z,2025-12-14 15:51:15
Betr DFS,player_blocks_steals,LeBron James,Over,1.5,-137,2025-12-15,2025-12-14T23:50:48Z,2025-12-14 15:51:15
Betr DFS,player_blocks_steals,Royce O'Neale,Over,1.5,-137,2025-12-15,2025-12-14T23:50:48Z,2025-12-14 15:51:15
Betr DFS,player_blocks_steals,Grayson Allen,Over,1.5,-137,2025-12-15,2025-12-14T23:50:48Z,2025-12-14 15:51:15
Betr DFS,player_blocks_steals,Collin Gillespie,Over,1.5,-137,2025-12-15,2025-12-14T23:50:48Z,2025-12-14 15:51:15
Betr DFS,player_blocks_steals,Stephen Curry,Over,1.5,-137,2025-12-15,2025-12-14T23:51:32Z,2025-12-14 15:51:15
Betr DFS,player_blocks_steals,Quinten Post,Over,1.5,-137,2025-12-15,2025-12-14T23:51:32Z,2025-12-14 15:51:15
Betr DFS,player_blocks_steals,Deni Avdija,Over,1.5,-137,2025-12-15,2025-12-14T23:51:32Z,2025-12-14 15:51:15
Betr DFS,player_blocks_steals,Jerami Grant,Over,1.5,-137,2025-12-15,2025-12-14T23:51:32Z,2025-12-14 15:51:15
Betr DFS,player_blocks_steals,Shaedon Sharpe,Over,1.5,-137,2025-12-15,2025-12-14T23:51:32Z,2025-12-14 15:51:15
Betr DFS,player_blocks_steals,Toumani Camara,Over,1.5,-137,2025-12-15,2025-12-14T23:51:32Z,2025-12-14 15:51:15
DraftKings Pick6,player_blocks_steals,Herb Jones,Over,1.5,-137,2025-12-15,2025-12-14T23:50:16Z,2025-12-14 15:51:15
DraftKings Pick6,player_blocks_steals,Herb Jones,Under,1.5,-137,2025-12-15,2025-12-14T23:50:16Z,2025-12-14 15:51:15
DraftKings Pick6,player_blocks_steals,LeBron James,Over,1.5,-137,2025-12-15,2025-12-14T23:50:32Z,2025-12-14 15:51:15
DraftKings Pick6,player_blocks_steals,LeBron James,Under,1.5,-137,2025-12-15,2025-12-14T23:50:32Z,2025-12-14 15:51:15
DraftKings Pick6,player_blocks_steals,Jerami Grant,Over,1.5,-137,2025-12-15,2025-12-14T23:51:21Z,2025-12-14 15:51:15
DraftKings Pick6,player_blocks_steals,Jerami Grant,Under,1.5,-137,2025-12-15,2025-12-14T23:51:21Z,2025-12-14 15:51:15
Underdog,player_blocks_steals,Scottie Barnes,Over,2.5,-137,2025-12-16,2025-12-14T23:51:26Z,2025-12-14 15:51:15
Underdog,player_blocks_steals,Scottie Barnes,Under,2.5,-137,2025-12-16,2025-12-14T23:51:26Z,2025-12-14 15:51:15
