BOOKMAKER,CATEGORY,NAME,OVER/UNDER,LINE,ODDS,COMMENCE_TIME,LAST_UPDATE,DATA_PULLED_AT
PrizePicks,player_points,Joel Embiid,Over,28.0,-137,2026-03-30,2026-03-30T18:24:01Z,2026-03-30 11:24:16
PrizePicks,player_points,Joel Embiid,Under,28.0,-137,2026-03-30,2026-03-30T18:24:01Z,2026-03-30 11:24:16
PrizePicks,player_points,Tyrese Maxey,Over,27.5,-137,2026-03-30,2026-03-30T18:24:01Z,2026-03-30 11:24:16
PrizePicks,player_points,Tyrese Maxey,Under,27.5,-137,2026-03-30,2026-03-30T18:24:01Z,2026-03-30 11:24:16
PrizePicks,player_points,Tyler Herro,Over,23.5,-137,2026-03-30,2026-03-30T18:24:01Z,2026-03-30 11:24:16
PrizePicks,player_points,Tyler Herro,Under,23.5,-137,2026-03-30,2026-03-30T18:24:01Z,2026-03-30 11:24:16
PrizePicks,player_points,Bam Adebayo,Over,21.5,-137,2026-03-30,2026-03-30T18:24:01Z,2026-03-30 11:24:16
PrizePicks,player_points,Bam Adebayo,Under,21.5,-137,2026-03-30,2026-03-30T18:24:01Z,2026-03-30 11:24:16
PrizePicks,player_points,Paul George,Over,18.5,-137,2026-03-30,2026-03-30T18:24:01Z,2026-03-30 11:24:16
PrizePicks,player_points,Paul George,Under,18.5,-137,2026-03-30,2026-03-30T18:24:01Z,2026-03-30 11:24:16
PrizePicks,player_points,Andrew Wiggins,Over,14.5,-137,2026-03-30,2026-03-30T18:24:01Z,2026-03-30 11:24:16
PrizePicks,player_points,Andrew Wiggins,Under,14.5,-137,2026-03-30,2026-03-30T18:24:01Z,2026-03-30 11:24:16
PrizePicks,player_points,VJ Edgecombe,Over,13.5,-137,2026-03-30,2026-03-30T18:24:01Z,2026-03-30 11:24:16
PrizePicks,player_points,VJ Edgecombe,Under,13.5,-137,2026-03-30,2026-03-30T18:24:01Z,2026-03-30 11:24:16
PrizePicks,player_points,Jaime Jaquez Jr,Over,12.5,-137,2026-03-30,2026-03-30T18:24:01Z,2026-03-30 11:24:16
PrizePicks,player_points,Jaime Jaquez Jr,Under,12.5,-137,2026-03-30,2026-03-30T18:24:01Z,2026-03-30 11:24:16
PrizePicks,player_points,Quentin Grimes,Over,9.5,-137,2026-03-30,2026-03-30T18:24:01Z,2026-03-30 11:24:16
PrizePicks,player_points,Quentin Grimes,Under,9.5,-137,2026-03-30,2026-03-30T18:24:01Z,2026-03-30 11:24:16
PrizePicks,player_points,Kelly Oubre Jr,Over,9.5,-137,2026-03-30,2026-03-30T18:24:01Z,2026-03-30 11:24:16
PrizePicks,player_points,Kelly Oubre Jr,Under,9.5,-137,2026-03-30,2026-03-30T18:24:01Z,2026-03-30 11:24:16
PrizePicks,player_points,Davion Mitchell,Over,9.5,-137,2026-03-30,2026-03-30T18:24:01Z,2026-03-30 11:24:16
PrizePicks,player_points,Davion Mitchell,Under,9.5,-137,2026-03-30,2026-03-30T18:24:01Z,2026-03-30 11:24:16
PrizePicks,player_points,Dominick Barlow,Over,4.5,-137,2026-03-30,2026-03-30T18:24:01Z,2026-03-30 11:24:16
PrizePicks,player_points,Dominick Barlow,Under,4.5,-137,2026-03-30,2026-03-30T18:24:01Z,2026-03-30 11:24:16
PrizePicks,player_points,Jaylen Brown,Over,28.5,-137,2026-03-30,2026-03-30T18:23:38Z,2026-03-30 11:24:16
PrizePicks,player_points,Jaylen Brown,Under,28.5,-137,2026-03-30,2026-03-30T18:23:38Z,2026-03-30 11:24:16
PrizePicks,player_points,Jalen Johnson,Over,22.5,-137,2026-03-30,2026-03-30T18:23:38Z,2026-03-30 11:24:16
PrizePicks,player_points,Jalen Johnson,Under,22.5,-137,2026-03-30,2026-03-30T18:23:38Z,2026-03-30 11:24:16
PrizePicks,player_points,Derrick White,Over,18.5,-137,2026-03-30,2026-03-30T18:23:38Z,2026-03-30 11:24:16
PrizePicks,player_points,Derrick White,Under,18.5,-137,2026-03-30,2026-03-30T18:23:38Z,2026-03-30 11:24:16
PrizePicks,player_points,Payton Pritchard,Over,18.5,-137,2026-03-30,2026-03-30T18:23:38Z,2026-03-30 11:24:16
PrizePicks,player_points,Payton Pritchard,Under,18.5,-137,2026-03-30,2026-03-30T18:23:38Z,2026-03-30 11:24:16
PrizePicks,player_points,Nickeil Alexander-Walker,Over,18.0,-137,2026-03-30,2026-03-30T18:23:38Z,2026-03-30 11:24:16
PrizePicks,player_points,Nickeil Alexander-Walker,Under,18.0,-137,2026-03-30,2026-03-30T18:23:38Z,2026-03-30 11:24:16
PrizePicks,player_points,C.J. McCollum,Over,17.5,-137,2026-03-30,2026-03-30T18:23:38Z,2026-03-30 11:24:16
PrizePicks,player_points,C.J. McCollum,Under,17.5,-137,2026-03-30,2026-03-30T18:23:38Z,2026-03-30 11:24:16
PrizePicks,player_points,Onyeka Okongwu,Over,12.0,-137,2026-03-30,2026-03-30T18:23:38Z,2026-03-30 11:24:16
PrizePicks,player_points,Onyeka Okongwu,Under,12.0,-137,2026-03-30,2026-03-30T18:23:38Z,2026-03-30 11:24:16
PrizePicks,player_points,Dyson Daniels,Over,11.5,-137,2026-03-30,2026-03-30T18:23:38Z,2026-03-30 11:24:16
PrizePicks,player_points,Dyson Daniels,Under,11.5,-137,2026-03-30,2026-03-30T18:23:38Z,2026-03-30 11:24:16
PrizePicks,player_points,Sam Hauser,Over,9.5,-137,2026-03-30,2026-03-30T18:23:38Z,2026-03-30 11:24:16
PrizePicks,player_points,Sam Hauser,Under,9.5,-137,2026-03-30,2026-03-30T18:23:38Z,2026-03-30 11:24:16
PrizePicks,player_points,Jonathan Kuminga,Over,8.5,-137,2026-03-30,2026-03-30T18:23:38Z,2026-03-30 11:24:16
PrizePicks,player_points,Jonathan Kuminga,Under,8.5,-137,2026-03-30,2026-03-30T18:23:38Z,2026-03-30 11:24:16
PrizePicks,player_points,Zaccharie Risacher,Over,6.5,-137,2026-03-30,2026-03-30T18:23:38Z,2026-03-30 11:24:16
PrizePicks,player_points,Zaccharie Risacher,Under,6.5,-137,2026-03-30,2026-03-30T18:23:38Z,2026-03-30 11:24:16
PrizePicks,player_points,Victor Wembanyama,Over,26.5,-137,2026-03-31,2026-03-30T18:23:28Z,2026-03-30 11:24:16
PrizePicks,player_points,Victor Wembanyama,Under,26.5,-137,2026-03-31,2026-03-30T18:23:28Z,2026-03-30 11:24:16
PrizePicks,player_points,Matas Buzelis,Over,18.5,-137,2026-03-31,2026-03-30T18:23:28Z,2026-03-30 11:24:16
PrizePicks,player_points,Matas Buzelis,Under,18.5,-137,2026-03-31,2026-03-30T18:23:28Z,2026-03-30 11:24:16
PrizePicks,player_points,Collin Sexton,Over,17.0,-137,2026-03-31,2026-03-30T18:23:28Z,2026-03-30 11:24:16
PrizePicks,player_points,Collin Sexton,Under,17.0,-137,2026-03-31,2026-03-30T18:23:28Z,2026-03-30 11:24:16
PrizePicks,player_points,De'Aaron Fox,Over,16.5,-137,2026-03-31,2026-03-30T18:23:28Z,2026-03-30 11:24:16
PrizePicks,player_points,De'Aaron Fox,Under,16.5,-137,2026-03-31,2026-03-30T18:23:28Z,2026-03-30 11:24:16
PrizePicks,player_points,Josh Giddey,Over,16.5,-137,2026-03-31,2026-03-30T18:23:28Z,2026-03-30 11:24:16
PrizePicks,player_points,Josh Giddey,Under,16.5,-137,2026-03-31,2026-03-30T18:23:28Z,2026-03-30 11:24:16
PrizePicks,player_points,Stephon Castle,Over,15.5,-137,2026-03-31,2026-03-30T18:23:28Z,2026-03-30 11:24:16
PrizePicks,player_points,Stephon Castle,Under,15.5,-137,2026-03-31,2026-03-30T18:23:28Z,2026-03-30 11:24:16
PrizePicks,player_points,Dylan Harper,Over,13.5,-137,2026-03-31,2026-03-30T18:23:28Z,2026-03-30 11:24:16
PrizePicks,player_points,Dylan Harper,Under,13.5,-137,2026-03-31,2026-03-30T18:23:28Z,2026-03-30 11:24:16
PrizePicks,player_points,Keldon Johnson,Over,13.5,-137,2026-03-31,2026-03-30T18:23:28Z,2026-03-30 11:24:16
PrizePicks,player_points,Keldon Johnson,Under,13.5,-137,2026-03-31,2026-03-30T18:23:28Z,2026-03-30 11:24:16
PrizePicks,player_points,Devin Vassell,Over,13.0,-137,2026-03-31,2026-03-30T18:23:28Z,2026-03-30 11:24:16
PrizePicks,player_points,Devin Vassell,Under,13.0,-137,2026-03-31,2026-03-30T18:23:28Z,2026-03-30 11:24:16
PrizePicks,player_points,Tre Jones,Over,13.0,-137,2026-03-31,2026-03-30T18:23:28Z,2026-03-30 11:24:16
PrizePicks,player_points,Tre Jones,Under,13.0,-137,2026-03-31,2026-03-30T18:23:28Z,2026-03-30 11:24:16
PrizePicks,player_points,Julian Champagnie,Over,10.0,-137,2026-03-31,2026-03-30T18:23:28Z,2026-03-30 11:24:16
PrizePicks,player_points,Julian Champagnie,Under,10.0,-137,2026-03-31,2026-03-30T18:23:28Z,2026-03-30 11:24:16
PrizePicks,player_points,Isaac Okoro,Over,8.5,-137,2026-03-31,2026-03-30T18:23:28Z,2026-03-30 11:24:16
PrizePicks,player_points,Isaac Okoro,Under,8.5,-137,2026-03-31,2026-03-30T18:23:28Z,2026-03-30 11:24:16
PrizePicks,player_points,Nick Richards,Over,8.5,-137,2026-03-31,2026-03-30T18:23:28Z,2026-03-30 11:24:16
PrizePicks,player_points,Nick Richards,Under,8.5,-137,2026-03-31,2026-03-30T18:23:28Z,2026-03-30 11:24:16
PrizePicks,player_points,Harrison Barnes,Over,7.5,-137,2026-03-31,2026-03-30T18:23:28Z,2026-03-30 11:24:16
PrizePicks,player_points,Harrison Barnes,Under,7.5,-137,2026-03-31,2026-03-30T18:23:28Z,2026-03-30 11:24:16
PrizePicks,player_points,Luke Kornet,Over,5.5,-137,2026-03-31,2026-03-30T18:23:28Z,2026-03-30 11:24:16
PrizePicks,player_points,Luke Kornet,Under,5.5,-137,2026-03-31,2026-03-30T18:23:28Z,2026-03-30 11:24:16
PrizePicks,player_points,Devin Booker,Over,26.5,-137,2026-03-31,2026-03-30T18:24:23Z,2026-03-30 11:24:16
PrizePicks,player_points,Devin Booker,Under,26.5,-137,2026-03-31,2026-03-30T18:24:23Z,2026-03-30 11:24:16
PrizePicks,player_points,Jalen Green,Over,21.5,-137,2026-03-31,2026-03-30T18:24:23Z,2026-03-30 11:24:16
PrizePicks,player_points,Jalen Green,Under,21.5,-137,2026-03-31,2026-03-30T18:24:23Z,2026-03-30 11:24:16
PrizePicks,player_points,G.G. Jackson,Over,17.5,-137,2026-03-31,2026-03-30T18:24:23Z,2026-03-30 11:24:16
PrizePicks,player_points,G.G. Jackson,Under,17.5,-137,2026-03-31,2026-03-30T18:24:23Z,2026-03-30 11:24:16
PrizePicks,player_points,Grayson Allen,Over,15.5,-137,2026-03-31,2026-03-30T18:24:23Z,2026-03-30 11:24:16
PrizePicks,player_points,Grayson Allen,Under,15.5,-137,2026-03-31,2026-03-30T18:24:23Z,2026-03-30 11:24:16
PrizePicks,player_points,Cedric Coward,Over,14.5,-137,2026-03-31,2026-03-30T18:24:23Z,2026-03-30 11:24:16
PrizePicks,player_points,Cedric Coward,Under,14.5,-137,2026-03-31,2026-03-30T18:24:23Z,2026-03-30 11:24:16
PrizePicks,player_points,Collin Gillespie,Over,12.5,-137,2026-03-31,2026-03-30T18:24:23Z,2026-03-30 11:24:16
PrizePicks,player_points,Collin Gillespie,Under,12.5,-137,2026-03-31,2026-03-30T18:24:23Z,2026-03-30 11:24:16
PrizePicks,player_points,Taylor Hendricks,Over,11.5,-137,2026-03-31,2026-03-30T18:24:23Z,2026-03-30 11:24:16
PrizePicks,player_points,Taylor Hendricks,Under,11.5,-137,2026-03-31,2026-03-30T18:24:23Z,2026-03-30 11:24:16
PrizePicks,player_points,Walter Clayton Jr.,Over,11.0,-137,2026-03-31,2026-03-30T18:24:23Z,2026-03-30 11:24:16
PrizePicks,player_points,Walter Clayton Jr.,Under,11.0,-137,2026-03-31,2026-03-30T18:24:23Z,2026-03-30 11:24:16
PrizePicks,player_points,Jordan Goodwin,Over,9.5,-137,2026-03-31,2026-03-30T18:24:23Z,2026-03-30 11:24:16
PrizePicks,player_points,Jordan Goodwin,Under,9.5,-137,2026-03-31,2026-03-30T18:24:23Z,2026-03-30 11:24:16
PrizePicks,player_points,Oso Ighodaro,Over,9.5,-137,2026-03-31,2026-03-30T18:24:23Z,2026-03-30 11:24:16
PrizePicks,player_points,Oso Ighodaro,Under,9.5,-137,2026-03-31,2026-03-30T18:24:23Z,2026-03-30 11:24:16
PrizePicks,player_points,Royce O'Neale,Over,9.5,-137,2026-03-31,2026-03-30T18:24:23Z,2026-03-30 11:24:16
PrizePicks,player_points,Royce O'Neale,Under,9.5,-137,2026-03-31,2026-03-30T18:24:23Z,2026-03-30 11:24:16
PrizePicks,player_points,Rayan Rupert,Over,9.0,-137,2026-03-31,2026-03-30T18:24:23Z,2026-03-30 11:24:16
PrizePicks,player_points,Rayan Rupert,Under,9.0,-137,2026-03-31,2026-03-30T18:24:23Z,2026-03-30 11:24:16
PrizePicks,player_points,Rasheer Fleming,Over,7.5,-137,2026-03-31,2026-03-30T18:24:23Z,2026-03-30 11:24:16
PrizePicks,player_points,Rasheer Fleming,Under,7.5,-137,2026-03-31,2026-03-30T18:24:23Z,2026-03-30 11:24:16
Betr DFS,player_points,Kelly Oubre Jr,Over,9.5,-137,2026-03-30,2026-03-30T18:23:29Z,2026-03-30 11:24:16
Betr DFS,player_points,Kelly Oubre Jr,Under,9.5,-137,2026-03-30,2026-03-30T18:23:29Z,2026-03-30 11:24:16
Betr DFS,player_points,Quentin Grimes,Over,9.5,-137,2026-03-30,2026-03-30T18:23:29Z,2026-03-30 11:24:16
Betr DFS,player_points,Quentin Grimes,Under,9.5,-137,2026-03-30,2026-03-30T18:23:29Z,2026-03-30 11:24:16
Betr DFS,player_points,Joel Embiid,Over,28.5,-137,2026-03-30,2026-03-30T18:23:29Z,2026-03-30 11:24:16
Betr DFS,player_points,Joel Embiid,Under,28.5,-137,2026-03-30,2026-03-30T18:23:29Z,2026-03-30 11:24:16
Betr DFS,player_points,Tyrese Maxey,Over,28.5,-137,2026-03-30,2026-03-30T18:23:29Z,2026-03-30 11:24:16
Betr DFS,player_points,Tyrese Maxey,Under,28.5,-137,2026-03-30,2026-03-30T18:23:29Z,2026-03-30 11:24:16
Betr DFS,player_points,Paul George,Over,18.5,-137,2026-03-30,2026-03-30T18:23:29Z,2026-03-30 11:24:16
Betr DFS,player_points,Paul George,Under,18.5,-137,2026-03-30,2026-03-30T18:23:29Z,2026-03-30 11:24:16
Betr DFS,player_points,VJ Edgecombe,Over,13.5,-137,2026-03-30,2026-03-30T18:23:29Z,2026-03-30 11:24:16
Betr DFS,player_points,VJ Edgecombe,Under,13.5,-137,2026-03-30,2026-03-30T18:23:29Z,2026-03-30 11:24:16
Betr DFS,player_points,Bam Adebayo,Over,21.5,-137,2026-03-30,2026-03-30T18:23:29Z,2026-03-30 11:24:16
Betr DFS,player_points,Bam Adebayo,Under,21.5,-137,2026-03-30,2026-03-30T18:23:29Z,2026-03-30 11:24:16
Betr DFS,player_points,Tyler Herro,Over,22.5,-137,2026-03-30,2026-03-30T18:23:29Z,2026-03-30 11:24:16
Betr DFS,player_points,Tyler Herro,Under,22.5,-137,2026-03-30,2026-03-30T18:23:29Z,2026-03-30 11:24:16
Betr DFS,player_points,Andrew Wiggins,Over,14.5,-137,2026-03-30,2026-03-30T18:23:29Z,2026-03-30 11:24:16
Betr DFS,player_points,Andrew Wiggins,Under,14.5,-137,2026-03-30,2026-03-30T18:23:29Z,2026-03-30 11:24:16
Betr DFS,player_points,Davion Mitchell,Over,9.5,-137,2026-03-30,2026-03-30T18:23:29Z,2026-03-30 11:24:16
Betr DFS,player_points,Davion Mitchell,Under,9.5,-137,2026-03-30,2026-03-30T18:23:29Z,2026-03-30 11:24:16
Betr DFS,player_points,Jaime Jaquez Jr,Over,13.5,-137,2026-03-30,2026-03-30T18:23:29Z,2026-03-30 11:24:16
Betr DFS,player_points,Jaime Jaquez Jr,Under,13.5,-137,2026-03-30,2026-03-30T18:23:29Z,2026-03-30 11:24:16
Betr DFS,player_points,Pelle Larsson,Over,12.5,-137,2026-03-30,2026-03-30T18:23:29Z,2026-03-30 11:24:16
Betr DFS,player_points,Pelle Larsson,Under,12.5,-137,2026-03-30,2026-03-30T18:23:29Z,2026-03-30 11:24:16
Betr DFS,player_points,Jaylen Brown,Over,28.5,-137,2026-03-30,2026-03-30T18:23:19Z,2026-03-30 11:24:16
Betr DFS,player_points,Jaylen Brown,Under,28.5,-137,2026-03-30,2026-03-30T18:23:19Z,2026-03-30 11:24:16
Betr DFS,player_points,Derrick White,Over,18.5,-137,2026-03-30,2026-03-30T18:23:19Z,2026-03-30 11:24:16
Betr DFS,player_points,Derrick White,Under,18.5,-137,2026-03-30,2026-03-30T18:23:19Z,2026-03-30 11:24:16
Betr DFS,player_points,Payton Pritchard,Over,18.5,-137,2026-03-30,2026-03-30T18:23:19Z,2026-03-30 11:24:16
Betr DFS,player_points,Payton Pritchard,Under,18.5,-137,2026-03-30,2026-03-30T18:23:19Z,2026-03-30 11:24:16
Betr DFS,player_points,Sam Hauser,Over,9.5,-137,2026-03-30,2026-03-30T18:23:19Z,2026-03-30 11:24:16
Betr DFS,player_points,Sam Hauser,Under,9.5,-137,2026-03-30,2026-03-30T18:23:19Z,2026-03-30 11:24:16
Betr DFS,player_points,Onyeka Okongwu,Over,12.5,-137,2026-03-30,2026-03-30T18:23:19Z,2026-03-30 11:24:16
Betr DFS,player_points,Onyeka Okongwu,Under,12.5,-137,2026-03-30,2026-03-30T18:23:19Z,2026-03-30 11:24:16
Betr DFS,player_points,Jalen Johnson,Over,22.5,-137,2026-03-30,2026-03-30T18:23:19Z,2026-03-30 11:24:16
Betr DFS,player_points,Jalen Johnson,Under,22.5,-137,2026-03-30,2026-03-30T18:23:19Z,2026-03-30 11:24:16
Betr DFS,player_points,Nickeil Alexander-Walker,Over,17.5,-137,2026-03-30,2026-03-30T18:23:19Z,2026-03-30 11:24:16
Betr DFS,player_points,Nickeil Alexander-Walker,Under,17.5,-137,2026-03-30,2026-03-30T18:23:19Z,2026-03-30 11:24:16
Betr DFS,player_points,C.J. McCollum,Over,17.5,-137,2026-03-30,2026-03-30T18:23:19Z,2026-03-30 11:24:16
Betr DFS,player_points,C.J. McCollum,Under,17.5,-137,2026-03-30,2026-03-30T18:23:19Z,2026-03-30 11:24:16
Betr DFS,player_points,Dyson Daniels,Over,10.5,-137,2026-03-30,2026-03-30T18:23:19Z,2026-03-30 11:24:16
Betr DFS,player_points,Dyson Daniels,Under,10.5,-137,2026-03-30,2026-03-30T18:23:19Z,2026-03-30 11:24:16
Betr DFS,player_points,Jonathan Kuminga,Over,8.5,-137,2026-03-30,2026-03-30T18:23:19Z,2026-03-30 11:24:16
Betr DFS,player_points,Jonathan Kuminga,Under,8.5,-137,2026-03-30,2026-03-30T18:23:19Z,2026-03-30 11:24:16
Betr DFS,player_points,Nick Richards,Over,8.5,-137,2026-03-31,2026-03-30T18:23:23Z,2026-03-30 11:24:16
Betr DFS,player_points,Nick Richards,Under,8.5,-137,2026-03-31,2026-03-30T18:23:23Z,2026-03-30 11:24:16
Betr DFS,player_points,Isaac Okoro,Over,8.5,-137,2026-03-31,2026-03-30T18:23:23Z,2026-03-30 11:24:16
Betr DFS,player_points,Isaac Okoro,Under,8.5,-137,2026-03-31,2026-03-30T18:23:23Z,2026-03-30 11:24:16
Betr DFS,player_points,Collin Sexton,Over,16.5,-137,2026-03-31,2026-03-30T18:23:23Z,2026-03-30 11:24:16
Betr DFS,player_points,Collin Sexton,Under,16.5,-137,2026-03-31,2026-03-30T18:23:23Z,2026-03-30 11:24:16
Betr DFS,player_points,Josh Giddey,Over,16.5,-137,2026-03-31,2026-03-30T18:23:23Z,2026-03-30 11:24:16
Betr DFS,player_points,Josh Giddey,Under,16.5,-137,2026-03-31,2026-03-30T18:23:23Z,2026-03-30 11:24:16
Betr DFS,player_points,Tre Jones,Over,13.5,-137,2026-03-31,2026-03-30T18:23:23Z,2026-03-30 11:24:16
Betr DFS,player_points,Tre Jones,Under,13.5,-137,2026-03-31,2026-03-30T18:23:23Z,2026-03-30 11:24:16
Betr DFS,player_points,Matas Buzelis,Over,18.5,-137,2026-03-31,2026-03-30T18:23:23Z,2026-03-30 11:24:16
Betr DFS,player_points,Matas Buzelis,Under,18.5,-137,2026-03-31,2026-03-30T18:23:23Z,2026-03-30 11:24:16
Betr DFS,player_points,Keldon Johnson,Over,13.5,-137,2026-03-31,2026-03-30T18:23:23Z,2026-03-30 11:24:16
Betr DFS,player_points,Keldon Johnson,Under,13.5,-137,2026-03-31,2026-03-30T18:23:23Z,2026-03-30 11:24:16
Betr DFS,player_points,Devin Vassell,Over,13.5,-137,2026-03-31,2026-03-30T18:23:23Z,2026-03-30 11:24:16
Betr DFS,player_points,Devin Vassell,Under,13.5,-137,2026-03-31,2026-03-30T18:23:23Z,2026-03-30 11:24:16
Betr DFS,player_points,Julian Champagnie,Over,9.5,-137,2026-03-31,2026-03-30T18:23:23Z,2026-03-30 11:24:16
Betr DFS,player_points,Julian Champagnie,Under,9.5,-137,2026-03-31,2026-03-30T18:23:23Z,2026-03-30 11:24:16
Betr DFS,player_points,Harrison Barnes,Over,7.5,-137,2026-03-31,2026-03-30T18:23:23Z,2026-03-30 11:24:16
Betr DFS,player_points,Harrison Barnes,Under,7.5,-137,2026-03-31,2026-03-30T18:23:23Z,2026-03-30 11:24:16
Betr DFS,player_points,De'Aaron Fox,Over,16.5,-137,2026-03-31,2026-03-30T18:23:23Z,2026-03-30 11:24:16
Betr DFS,player_points,De'Aaron Fox,Under,16.5,-137,2026-03-31,2026-03-30T18:23:23Z,2026-03-30 11:24:16
Betr DFS,player_points,Victor Wembanyama,Over,26.5,-137,2026-03-31,2026-03-30T18:23:23Z,2026-03-30 11:24:16
Betr DFS,player_points,Victor Wembanyama,Under,26.5,-137,2026-03-31,2026-03-30T18:23:23Z,2026-03-30 11:24:16
Betr DFS,player_points,Stephon Castle,Over,15.5,-137,2026-03-31,2026-03-30T18:23:23Z,2026-03-30 11:24:16
Betr DFS,player_points,Stephon Castle,Under,15.5,-137,2026-03-31,2026-03-30T18:23:23Z,2026-03-30 11:24:16
Betr DFS,player_points,Dylan Harper,Over,13.5,-137,2026-03-31,2026-03-30T18:23:23Z,2026-03-30 11:24:16
Betr DFS,player_points,Dylan Harper,Under,13.5,-137,2026-03-31,2026-03-30T18:23:23Z,2026-03-30 11:24:16
Betr DFS,player_points,Jordan Goodwin,Over,9.5,-137,2026-03-31,2026-03-30T18:23:45Z,2026-03-30 11:24:16
Betr DFS,player_points,Jordan Goodwin,Under,9.5,-137,2026-03-31,2026-03-30T18:23:45Z,2026-03-30 11:24:16
Betr DFS,player_points,Royce O'Neale,Over,9.5,-137,2026-03-31,2026-03-30T18:23:45Z,2026-03-30 11:24:16
Betr DFS,player_points,Royce O'Neale,Under,9.5,-137,2026-03-31,2026-03-30T18:23:45Z,2026-03-30 11:24:16
Betr DFS,player_points,Grayson Allen,Over,15.5,-137,2026-03-31,2026-03-30T18:23:45Z,2026-03-30 11:24:16
Betr DFS,player_points,Grayson Allen,Under,15.5,-137,2026-03-31,2026-03-30T18:23:45Z,2026-03-30 11:24:16
Betr DFS,player_points,Collin Gillespie,Over,12.5,-137,2026-03-31,2026-03-30T18:23:45Z,2026-03-30 11:24:16
Betr DFS,player_points,Collin Gillespie,Under,12.5,-137,2026-03-31,2026-03-30T18:23:45Z,2026-03-30 11:24:16
Betr DFS,player_points,Jalen Green,Over,22.5,-137,2026-03-31,2026-03-30T18:23:45Z,2026-03-30 11:24:16
Betr DFS,player_points,Jalen Green,Under,22.5,-137,2026-03-31,2026-03-30T18:23:45Z,2026-03-30 11:24:16
Betr DFS,player_points,Devin Booker,Over,26.5,-137,2026-03-31,2026-03-30T18:23:45Z,2026-03-30 11:24:16
Betr DFS,player_points,Devin Booker,Under,26.5,-137,2026-03-31,2026-03-30T18:23:45Z,2026-03-30 11:24:16
Betr DFS,player_points,Oso Ighodaro,Over,9.5,-137,2026-03-31,2026-03-30T18:23:45Z,2026-03-30 11:24:16
Betr DFS,player_points,Oso Ighodaro,Under,9.5,-137,2026-03-31,2026-03-30T18:23:45Z,2026-03-30 11:24:16
Betr DFS,player_points,G.G. Jackson,Over,17.5,-137,2026-03-31,2026-03-30T18:23:45Z,2026-03-30 11:24:16
Betr DFS,player_points,G.G. Jackson,Under,17.5,-137,2026-03-31,2026-03-30T18:23:45Z,2026-03-30 11:24:16
Betr DFS,player_points,Taylor Hendricks,Over,11.5,-137,2026-03-31,2026-03-30T18:23:45Z,2026-03-30 11:24:16
Betr DFS,player_points,Taylor Hendricks,Under,11.5,-137,2026-03-31,2026-03-30T18:23:45Z,2026-03-30 11:24:16
Betr DFS,player_points,Walter Clayton Jr.,Over,10.5,-137,2026-03-31,2026-03-30T18:23:45Z,2026-03-30 11:24:16
Betr DFS,player_points,Walter Clayton Jr.,Under,10.5,-137,2026-03-31,2026-03-30T18:23:45Z,2026-03-30 11:24:16
Betr DFS,player_points,Cedric Coward,Over,14.5,-137,2026-03-31,2026-03-30T18:23:45Z,2026-03-30 11:24:16
Betr DFS,player_points,Cedric Coward,Under,14.5,-137,2026-03-31,2026-03-30T18:23:45Z,2026-03-30 11:24:16
Underdog,player_points,Joel Embiid,Over,28.5,-137,2026-03-30,2026-03-30T18:23:42Z,2026-03-30 11:24:16
Underdog,player_points,Joel Embiid,Under,28.5,-137,2026-03-30,2026-03-30T18:23:42Z,2026-03-30 11:24:16
Underdog,player_points,Paul George,Over,18.5,-137,2026-03-30,2026-03-30T18:23:42Z,2026-03-30 11:24:16
Underdog,player_points,Paul George,Under,18.5,-137,2026-03-30,2026-03-30T18:23:42Z,2026-03-30 11:24:16
Underdog,player_points,Bam Adebayo,Over,21.5,-137,2026-03-30,2026-03-30T18:23:42Z,2026-03-30 11:24:16
Underdog,player_points,Bam Adebayo,Under,21.5,-137,2026-03-30,2026-03-30T18:23:42Z,2026-03-30 11:24:16
Underdog,player_points,VJ Edgecombe,Over,13.5,-137,2026-03-30,2026-03-30T18:23:42Z,2026-03-30 11:24:16
Underdog,player_points,VJ Edgecombe,Under,13.5,-137,2026-03-30,2026-03-30T18:23:42Z,2026-03-30 11:24:16
Underdog,player_points,Tyler Herro,Over,23.5,-137,2026-03-30,2026-03-30T18:23:42Z,2026-03-30 11:24:16
Underdog,player_points,Tyler Herro,Under,23.5,-137,2026-03-30,2026-03-30T18:23:42Z,2026-03-30 11:24:16
Underdog,player_points,Tyrese Maxey,Over,27.5,-137,2026-03-30,2026-03-30T18:23:42Z,2026-03-30 11:24:16
Underdog,player_points,Tyrese Maxey,Under,27.5,-137,2026-03-30,2026-03-30T18:23:42Z,2026-03-30 11:24:16
Underdog,player_points,Jaime Jaquez Jr,Over,13.5,-137,2026-03-30,2026-03-30T18:23:42Z,2026-03-30 11:24:16
Underdog,player_points,Jaime Jaquez Jr,Under,13.5,-137,2026-03-30,2026-03-30T18:23:42Z,2026-03-30 11:24:16
Underdog,player_points,Quentin Grimes,Over,9.5,-137,2026-03-30,2026-03-30T18:23:42Z,2026-03-30 11:24:16
Underdog,player_points,Quentin Grimes,Under,9.5,-137,2026-03-30,2026-03-30T18:23:42Z,2026-03-30 11:24:16
Underdog,player_points,Kelly Oubre Jr,Over,9.5,-137,2026-03-30,2026-03-30T18:23:42Z,2026-03-30 11:24:16
Underdog,player_points,Kelly Oubre Jr,Under,9.5,-137,2026-03-30,2026-03-30T18:23:42Z,2026-03-30 11:24:16
Underdog,player_points,Jayson Tatum,Over,23.5,-137,2026-03-30,2026-03-30T18:24:13Z,2026-03-30 11:24:16
Underdog,player_points,Jayson Tatum,Under,23.5,-137,2026-03-30,2026-03-30T18:24:13Z,2026-03-30 11:24:16
Underdog,player_points,Jaylen Brown,Over,28.5,-137,2026-03-30,2026-03-30T18:24:13Z,2026-03-30 11:24:16
Underdog,player_points,Jaylen Brown,Under,28.5,-137,2026-03-30,2026-03-30T18:24:13Z,2026-03-30 11:24:16
Underdog,player_points,Jalen Johnson,Over,22.5,-137,2026-03-30,2026-03-30T18:24:13Z,2026-03-30 11:24:16
Underdog,player_points,Jalen Johnson,Under,22.5,-137,2026-03-30,2026-03-30T18:24:13Z,2026-03-30 11:24:16
Underdog,player_points,Payton Pritchard,Over,18.5,-137,2026-03-30,2026-03-30T18:24:13Z,2026-03-30 11:24:16
Underdog,player_points,Payton Pritchard,Under,18.5,-137,2026-03-30,2026-03-30T18:24:13Z,2026-03-30 11:24:16
Underdog,player_points,Nickeil Alexander-Walker,Over,17.5,-137,2026-03-30,2026-03-30T18:24:13Z,2026-03-30 11:24:16
Underdog,player_points,Nickeil Alexander-Walker,Under,17.5,-137,2026-03-30,2026-03-30T18:24:13Z,2026-03-30 11:24:16
Underdog,player_points,Victor Wembanyama,Over,26.5,-137,2026-03-31,2026-03-30T18:23:28Z,2026-03-30 11:24:16
Underdog,player_points,Victor Wembanyama,Under,26.5,-137,2026-03-31,2026-03-30T18:23:28Z,2026-03-30 11:24:16
Underdog,player_points,De'Aaron Fox,Over,16.5,-137,2026-03-31,2026-03-30T18:23:28Z,2026-03-30 11:24:16
Underdog,player_points,De'Aaron Fox,Under,16.5,-137,2026-03-31,2026-03-30T18:23:28Z,2026-03-30 11:24:16
Underdog,player_points,Harrison Barnes,Over,7.5,-137,2026-03-31,2026-03-30T18:23:28Z,2026-03-30 11:24:16
Underdog,player_points,Harrison Barnes,Under,7.5,-137,2026-03-31,2026-03-30T18:23:28Z,2026-03-30 11:24:16
Underdog,player_points,Devin Vassell,Over,13.5,-137,2026-03-31,2026-03-30T18:23:28Z,2026-03-30 11:24:16
Underdog,player_points,Devin Vassell,Under,13.5,-137,2026-03-31,2026-03-30T18:23:28Z,2026-03-30 11:24:16
Underdog,player_points,Josh Giddey,Over,16.5,-137,2026-03-31,2026-03-30T18:23:28Z,2026-03-30 11:24:16
Underdog,player_points,Josh Giddey,Under,16.5,-137,2026-03-31,2026-03-30T18:23:28Z,2026-03-30 11:24:16
Underdog,player_points,Dylan Harper,Over,13.5,-137,2026-03-31,2026-03-30T18:23:28Z,2026-03-30 11:24:16
Underdog,player_points,Dylan Harper,Under,13.5,-137,2026-03-31,2026-03-30T18:23:28Z,2026-03-30 11:24:16
Underdog,player_points,Collin Sexton,Over,16.5,-137,2026-03-31,2026-03-30T18:23:28Z,2026-03-30 11:24:16
Underdog,player_points,Collin Sexton,Under,16.5,-137,2026-03-31,2026-03-30T18:23:28Z,2026-03-30 11:24:16
Underdog,player_points,Devin Booker,Over,26.5,-137,2026-03-31,2026-03-30T18:23:40Z,2026-03-30 11:24:16
Underdog,player_points,Devin Booker,Under,26.5,-137,2026-03-31,2026-03-30T18:23:40Z,2026-03-30 11:24:16
Underdog,player_points,Grayson Allen,Over,15.5,-137,2026-03-31,2026-03-30T18:23:40Z,2026-03-30 11:24:16
Underdog,player_points,Grayson Allen,Under,15.5,-137,2026-03-31,2026-03-30T18:23:40Z,2026-03-30 11:24:16
Underdog,player_points,G.G. Jackson,Over,17.5,-137,2026-03-31,2026-03-30T18:23:40Z,2026-03-30 11:24:16
Underdog,player_points,G.G. Jackson,Under,17.5,-137,2026-03-31,2026-03-30T18:23:40Z,2026-03-30 11:24:16
Underdog,player_points,Cedric Coward,Over,14.5,-137,2026-03-31,2026-03-30T18:23:40Z,2026-03-30 11:24:16
Underdog,player_points,Cedric Coward,Under,14.5,-137,2026-03-31,2026-03-30T18:23:40Z,2026-03-30 11:24:16
Underdog,player_points,Rasheer Fleming,Over,7.5,-137,2026-03-31,2026-03-30T18:23:40Z,2026-03-30 11:24:16
Underdog,player_points,Rasheer Fleming,Under,7.5,-137,2026-03-31,2026-03-30T18:23:40Z,2026-03-30 11:24:16
Underdog,player_points,Jordan Goodwin,Over,9.5,-137,2026-03-31,2026-03-30T18:23:40Z,2026-03-30 11:24:16
Underdog,player_points,Jordan Goodwin,Under,9.5,-137,2026-03-31,2026-03-30T18:23:40Z,2026-03-30 11:24:16
Underdog,player_points,Taylor Hendricks,Over,11.5,-137,2026-03-31,2026-03-30T18:23:40Z,2026-03-30 11:24:16
Underdog,player_points,Taylor Hendricks,Under,11.5,-137,2026-03-31,2026-03-30T18:23:40Z,2026-03-30 11:24:16
Underdog,player_points,Oso Ighodaro,Over,9.5,-137,2026-03-31,2026-03-30T18:23:40Z,2026-03-30 11:24:16
Underdog,player_points,Oso Ighodaro,Under,9.5,-137,2026-03-31,2026-03-30T18:23:40Z,2026-03-30 11:24:16
DraftKings Pick6,player_points,Andrew Wiggins,Over,14.5,-137,2026-03-30,2026-03-30T18:23:22Z,2026-03-30 11:24:16
DraftKings Pick6,player_points,Andrew Wiggins,Under,14.5,-137,2026-03-30,2026-03-30T18:23:22Z,2026-03-30 11:24:16
DraftKings Pick6,player_points,VJ Edgecombe,Over,13.5,-137,2026-03-30,2026-03-30T18:23:22Z,2026-03-30 11:24:16
DraftKings Pick6,player_points,VJ Edgecombe,Under,13.5,-137,2026-03-30,2026-03-30T18:23:22Z,2026-03-30 11:24:16
DraftKings Pick6,player_points,Paul George,Over,18.5,-137,2026-03-30,2026-03-30T18:23:22Z,2026-03-30 11:24:16
DraftKings Pick6,player_points,Paul George,Under,18.5,-137,2026-03-30,2026-03-30T18:23:22Z,2026-03-30 11:24:16
DraftKings Pick6,player_points,Tyler Herro,Over,23.5,-137,2026-03-30,2026-03-30T18:23:22Z,2026-03-30 11:24:16
DraftKings Pick6,player_points,Tyler Herro,Under,23.5,-137,2026-03-30,2026-03-30T18:23:22Z,2026-03-30 11:24:16
DraftKings Pick6,player_points,Bam Adebayo,Over,21.5,-137,2026-03-30,2026-03-30T18:23:22Z,2026-03-30 11:24:16
DraftKings Pick6,player_points,Bam Adebayo,Under,21.5,-137,2026-03-30,2026-03-30T18:23:22Z,2026-03-30 11:24:16
DraftKings Pick6,player_points,Tyrese Maxey,Over,28.5,-137,2026-03-30,2026-03-30T18:23:22Z,2026-03-30 11:24:16
DraftKings Pick6,player_points,Tyrese Maxey,Under,28.5,-137,2026-03-30,2026-03-30T18:23:22Z,2026-03-30 11:24:16
DraftKings Pick6,player_points,Joel Embiid,Over,27.5,-137,2026-03-30,2026-03-30T18:23:22Z,2026-03-30 11:24:16
DraftKings Pick6,player_points,Joel Embiid,Under,27.5,-137,2026-03-30,2026-03-30T18:23:22Z,2026-03-30 11:24:16
DraftKings Pick6,player_points,Dominick Barlow,Over,4.5,-137,2026-03-30,2026-03-30T18:23:22Z,2026-03-30 11:24:16
DraftKings Pick6,player_points,Dominick Barlow,Under,4.5,-137,2026-03-30,2026-03-30T18:23:22Z,2026-03-30 11:24:16
DraftKings Pick6,player_points,Kelly Oubre Jr,Over,9.5,-137,2026-03-30,2026-03-30T18:23:22Z,2026-03-30 11:24:16
DraftKings Pick6,player_points,Kelly Oubre Jr,Under,9.5,-137,2026-03-30,2026-03-30T18:23:22Z,2026-03-30 11:24:16
DraftKings Pick6,player_points,Quentin Grimes,Over,9.5,-137,2026-03-30,2026-03-30T18:23:22Z,2026-03-30 11:24:16
DraftKings Pick6,player_points,Quentin Grimes,Under,9.5,-137,2026-03-30,2026-03-30T18:23:22Z,2026-03-30 11:24:16
DraftKings Pick6,player_points,Davion Mitchell,Over,9.5,-137,2026-03-30,2026-03-30T18:23:22Z,2026-03-30 11:24:16
DraftKings Pick6,player_points,Davion Mitchell,Under,9.5,-137,2026-03-30,2026-03-30T18:23:22Z,2026-03-30 11:24:16
DraftKings Pick6,player_points,Pelle Larsson,Over,12.5,-137,2026-03-30,2026-03-30T18:23:22Z,2026-03-30 11:24:16
DraftKings Pick6,player_points,Pelle Larsson,Under,12.5,-137,2026-03-30,2026-03-30T18:23:22Z,2026-03-30 11:24:16
DraftKings Pick6,player_points,Onyeka Okongwu,Over,12.5,-137,2026-03-30,2026-03-30T18:23:19Z,2026-03-30 11:24:16
DraftKings Pick6,player_points,Onyeka Okongwu,Under,12.5,-137,2026-03-30,2026-03-30T18:23:19Z,2026-03-30 11:24:16
DraftKings Pick6,player_points,C.J. McCollum,Over,17.5,-137,2026-03-30,2026-03-30T18:23:19Z,2026-03-30 11:24:16
DraftKings Pick6,player_points,C.J. McCollum,Under,17.5,-137,2026-03-30,2026-03-30T18:23:19Z,2026-03-30 11:24:16
DraftKings Pick6,player_points,Sam Hauser,Over,9.5,-137,2026-03-30,2026-03-30T18:23:19Z,2026-03-30 11:24:16
DraftKings Pick6,player_points,Jalen Johnson,Over,22.5,-137,2026-03-30,2026-03-30T18:23:19Z,2026-03-30 11:24:16
DraftKings Pick6,player_points,Jalen Johnson,Under,22.5,-137,2026-03-30,2026-03-30T18:23:19Z,2026-03-30 11:24:16
DraftKings Pick6,player_points,Nickeil Alexander-Walker,Over,18.5,-137,2026-03-30,2026-03-30T18:23:19Z,2026-03-30 11:24:16
DraftKings Pick6,player_points,Nickeil Alexander-Walker,Under,18.5,-137,2026-03-30,2026-03-30T18:23:19Z,2026-03-30 11:24:16
DraftKings Pick6,player_points,Zaccharie Risacher,Over,6.5,-137,2026-03-30,2026-03-30T18:23:19Z,2026-03-30 11:24:16
DraftKings Pick6,player_points,Zaccharie Risacher,Under,6.5,-137,2026-03-30,2026-03-30T18:23:19Z,2026-03-30 11:24:16
DraftKings Pick6,player_points,Dyson Daniels,Over,10.5,-137,2026-03-30,2026-03-30T18:23:19Z,2026-03-30 11:24:16
DraftKings Pick6,player_points,Dyson Daniels,Under,10.5,-137,2026-03-30,2026-03-30T18:23:19Z,2026-03-30 11:24:16
DraftKings Pick6,player_points,Jonathan Kuminga,Over,8.5,-137,2026-03-30,2026-03-30T18:23:19Z,2026-03-30 11:24:16
DraftKings Pick6,player_points,Payton Pritchard,Over,18.5,-137,2026-03-30,2026-03-30T18:23:19Z,2026-03-30 11:24:16
DraftKings Pick6,player_points,Payton Pritchard,Under,18.5,-137,2026-03-30,2026-03-30T18:23:19Z,2026-03-30 11:24:16
DraftKings Pick6,player_points,Jaylen Brown,Over,28.5,-137,2026-03-30,2026-03-30T18:23:19Z,2026-03-30 11:24:16
DraftKings Pick6,player_points,Jaylen Brown,Under,28.5,-137,2026-03-30,2026-03-30T18:23:19Z,2026-03-30 11:24:16
DraftKings Pick6,player_points,Derrick White,Over,18.5,-137,2026-03-30,2026-03-30T18:23:19Z,2026-03-30 11:24:16
DraftKings Pick6,player_points,Derrick White,Under,18.5,-137,2026-03-30,2026-03-30T18:23:19Z,2026-03-30 11:24:16
DraftKings Pick6,player_points,Julian Champagnie,Over,9.5,-137,2026-03-31,2026-03-30T18:23:33Z,2026-03-30 11:24:16
DraftKings Pick6,player_points,Julian Champagnie,Under,9.5,-137,2026-03-31,2026-03-30T18:23:33Z,2026-03-30 11:24:16
DraftKings Pick6,player_points,Devin Vassell,Over,13.5,-137,2026-03-31,2026-03-30T18:23:33Z,2026-03-30 11:24:16
DraftKings Pick6,player_points,Devin Vassell,Under,13.5,-137,2026-03-31,2026-03-30T18:23:33Z,2026-03-30 11:24:16
DraftKings Pick6,player_points,Josh Giddey,Over,17.5,-137,2026-03-31,2026-03-30T18:23:33Z,2026-03-30 11:24:16
DraftKings Pick6,player_points,Josh Giddey,Under,17.5,-137,2026-03-31,2026-03-30T18:23:33Z,2026-03-30 11:24:16
DraftKings Pick6,player_points,Victor Wembanyama,Over,26.5,-137,2026-03-31,2026-03-30T18:23:33Z,2026-03-30 11:24:16
DraftKings Pick6,player_points,Victor Wembanyama,Under,26.5,-137,2026-03-31,2026-03-30T18:23:33Z,2026-03-30 11:24:16
DraftKings Pick6,player_points,Collin Sexton,Over,16.5,-137,2026-03-31,2026-03-30T18:23:33Z,2026-03-30 11:24:16
DraftKings Pick6,player_points,Collin Sexton,Under,16.5,-137,2026-03-31,2026-03-30T18:23:33Z,2026-03-30 11:24:16
DraftKings Pick6,player_points,Stephon Castle,Over,16.5,-137,2026-03-31,2026-03-30T18:23:33Z,2026-03-30 11:24:16
DraftKings Pick6,player_points,Stephon Castle,Under,16.5,-137,2026-03-31,2026-03-30T18:23:33Z,2026-03-30 11:24:16
DraftKings Pick6,player_points,De'Aaron Fox,Over,16.5,-137,2026-03-31,2026-03-30T18:23:33Z,2026-03-30 11:24:16
DraftKings Pick6,player_points,De'Aaron Fox,Under,16.5,-137,2026-03-31,2026-03-30T18:23:33Z,2026-03-30 11:24:16
DraftKings Pick6,player_points,Matas Buzelis,Over,18.5,-137,2026-03-31,2026-03-30T18:23:33Z,2026-03-30 11:24:16
DraftKings Pick6,player_points,Matas Buzelis,Under,18.5,-137,2026-03-31,2026-03-30T18:23:33Z,2026-03-30 11:24:16
DraftKings Pick6,player_points,Tre Jones,Over,13.5,-137,2026-03-31,2026-03-30T18:23:33Z,2026-03-30 11:24:16
DraftKings Pick6,player_points,Keldon Johnson,Over,13.5,-137,2026-03-31,2026-03-30T18:23:33Z,2026-03-30 11:24:16
DraftKings Pick6,player_points,Keldon Johnson,Under,13.5,-137,2026-03-31,2026-03-30T18:23:33Z,2026-03-30 11:24:16
DraftKings Pick6,player_points,Dylan Harper,Over,13.5,-137,2026-03-31,2026-03-30T18:23:33Z,2026-03-30 11:24:16
DraftKings Pick6,player_points,Dylan Harper,Under,13.5,-137,2026-03-31,2026-03-30T18:23:33Z,2026-03-30 11:24:16
DraftKings Pick6,player_points,Harrison Barnes,Over,8.5,-137,2026-03-31,2026-03-30T18:23:33Z,2026-03-30 11:24:16
DraftKings Pick6,player_points,Isaac Okoro,Over,9.5,-137,2026-03-31,2026-03-30T18:23:33Z,2026-03-30 11:24:16
DraftKings Pick6,player_points,G.G. Jackson,Over,17.5,-137,2026-03-31,2026-03-30T18:24:13Z,2026-03-30 11:24:16
DraftKings Pick6,player_points,G.G. Jackson,Under,17.5,-137,2026-03-31,2026-03-30T18:24:13Z,2026-03-30 11:24:16
DraftKings Pick6,player_points,Taylor Hendricks,Over,11.5,-137,2026-03-31,2026-03-30T18:24:13Z,2026-03-30 11:24:16
DraftKings Pick6,player_points,Taylor Hendricks,Under,11.5,-137,2026-03-31,2026-03-30T18:24:13Z,2026-03-30 11:24:16
DraftKings Pick6,player_points,Jordan Goodwin,Over,9.5,-137,2026-03-31,2026-03-30T18:24:13Z,2026-03-30 11:24:16
DraftKings Pick6,player_points,Cedric Coward,Over,14.5,-137,2026-03-31,2026-03-30T18:24:13Z,2026-03-30 11:24:16
DraftKings Pick6,player_points,Cedric Coward,Under,14.5,-137,2026-03-31,2026-03-30T18:24:13Z,2026-03-30 11:24:16
DraftKings Pick6,player_points,Collin Gillespie,Over,12.5,-137,2026-03-31,2026-03-30T18:24:13Z,2026-03-30 11:24:16
DraftKings Pick6,player_points,Collin Gillespie,Under,12.5,-137,2026-03-31,2026-03-30T18:24:13Z,2026-03-30 11:24:16
DraftKings Pick6,player_points,Devin Booker,Over,26.5,-137,2026-03-31,2026-03-30T18:24:13Z,2026-03-30 11:24:16
DraftKings Pick6,player_points,Devin Booker,Under,26.5,-137,2026-03-31,2026-03-30T18:24:13Z,2026-03-30 11:24:16
DraftKings Pick6,player_points,Jalen Green,Over,21.5,-137,2026-03-31,2026-03-30T18:24:13Z,2026-03-30 11:24:16
DraftKings Pick6,player_points,Jalen Green,Under,21.5,-137,2026-03-31,2026-03-30T18:24:13Z,2026-03-30 11:24:16
DraftKings Pick6,player_points,Royce O'Neale,Over,9.5,-137,2026-03-31,2026-03-30T18:24:13Z,2026-03-30 11:24:16
DraftKings Pick6,player_points,Royce O'Neale,Under,9.5,-137,2026-03-31,2026-03-30T18:24:13Z,2026-03-30 11:24:16
DraftKings Pick6,player_points,Oso Ighodaro,Over,9.5,-137,2026-03-31,2026-03-30T18:24:13Z,2026-03-30 11:24:16
DraftKings Pick6,player_points,Oso Ighodaro,Under,9.5,-137,2026-03-31,2026-03-30T18:24:13Z,2026-03-30 11:24:16
PrizePicks,player_rebounds,Bam Adebayo,Over,10.0,-137,2026-03-30,2026-03-30T18:24:01Z,2026-03-30 11:24:16
PrizePicks,player_rebounds,Bam Adebayo,Under,10.0,-137,2026-03-30,2026-03-30T18:24:01Z,2026-03-30 11:24:16
PrizePicks,player_rebounds,Joel Embiid,Over,7.5,-137,2026-03-30,2026-03-30T18:24:01Z,2026-03-30 11:24:16
PrizePicks,player_rebounds,Joel Embiid,Under,7.5,-137,2026-03-30,2026-03-30T18:24:01Z,2026-03-30 11:24:16
PrizePicks,player_rebounds,VJ Edgecombe,Over,5.0,-137,2026-03-30,2026-03-30T18:24:01Z,2026-03-30 11:24:16
PrizePicks,player_rebounds,VJ Edgecombe,Under,5.0,-137,2026-03-30,2026-03-30T18:24:01Z,2026-03-30 11:24:16
PrizePicks,player_rebounds,Tyler Herro,Over,4.5,-137,2026-03-30,2026-03-30T18:24:01Z,2026-03-30 11:24:16
PrizePicks,player_rebounds,Tyler Herro,Under,4.5,-137,2026-03-30,2026-03-30T18:24:01Z,2026-03-30 11:24:16
PrizePicks,player_rebounds,Andrew Wiggins,Over,4.5,-137,2026-03-30,2026-03-30T18:24:01Z,2026-03-30 11:24:16
PrizePicks,player_rebounds,Andrew Wiggins,Under,4.5,-137,2026-03-30,2026-03-30T18:24:01Z,2026-03-30 11:24:16
PrizePicks,player_rebounds,Kelly Oubre Jr,Over,4.0,-137,2026-03-30,2026-03-30T18:24:01Z,2026-03-30 11:24:16
PrizePicks,player_rebounds,Kelly Oubre Jr,Under,4.0,-137,2026-03-30,2026-03-30T18:24:01Z,2026-03-30 11:24:16
PrizePicks,player_rebounds,Tyrese Maxey,Over,4.0,-137,2026-03-30,2026-03-30T18:24:01Z,2026-03-30 11:24:16
PrizePicks,player_rebounds,Tyrese Maxey,Under,4.0,-137,2026-03-30,2026-03-30T18:24:01Z,2026-03-30 11:24:16
PrizePicks,player_rebounds,Jalen Johnson,Over,9.0,-137,2026-03-30,2026-03-30T18:23:38Z,2026-03-30 11:24:16
PrizePicks,player_rebounds,Jalen Johnson,Under,9.0,-137,2026-03-30,2026-03-30T18:23:38Z,2026-03-30 11:24:16
PrizePicks,player_rebounds,Onyeka Okongwu,Over,7.0,-137,2026-03-30,2026-03-30T18:23:38Z,2026-03-30 11:24:16
PrizePicks,player_rebounds,Onyeka Okongwu,Under,7.0,-137,2026-03-30,2026-03-30T18:23:38Z,2026-03-30 11:24:16
PrizePicks,player_rebounds,Jaylen Brown,Over,7.0,-137,2026-03-30,2026-03-30T18:23:38Z,2026-03-30 11:24:16
PrizePicks,player_rebounds,Jaylen Brown,Under,7.0,-137,2026-03-30,2026-03-30T18:23:38Z,2026-03-30 11:24:16
PrizePicks,player_rebounds,Dyson Daniels,Over,6.0,-137,2026-03-30,2026-03-30T18:23:38Z,2026-03-30 11:24:16
PrizePicks,player_rebounds,Dyson Daniels,Under,6.0,-137,2026-03-30,2026-03-30T18:23:38Z,2026-03-30 11:24:16
PrizePicks,player_rebounds,Derrick White,Over,4.5,-137,2026-03-30,2026-03-30T18:23:38Z,2026-03-30 11:24:16
PrizePicks,player_rebounds,Derrick White,Under,4.5,-137,2026-03-30,2026-03-30T18:23:38Z,2026-03-30 11:24:16
PrizePicks,player_rebounds,Jonathan Kuminga,Over,4.0,-137,2026-03-30,2026-03-30T18:23:38Z,2026-03-30 11:24:16
PrizePicks,player_rebounds,Jonathan Kuminga,Under,4.0,-137,2026-03-30,2026-03-30T18:23:38Z,2026-03-30 11:24:16
PrizePicks,player_rebounds,Victor Wembanyama,Over,12.0,-137,2026-03-31,2026-03-30T18:23:28Z,2026-03-30 11:24:16
PrizePicks,player_rebounds,Victor Wembanyama,Under,12.0,-137,2026-03-31,2026-03-30T18:23:28Z,2026-03-30 11:24:16
PrizePicks,player_rebounds,Josh Giddey,Over,8.0,-137,2026-03-31,2026-03-30T18:23:28Z,2026-03-30 11:24:16
PrizePicks,player_rebounds,Josh Giddey,Under,8.0,-137,2026-03-31,2026-03-30T18:23:28Z,2026-03-30 11:24:16
PrizePicks,player_rebounds,Matas Buzelis,Over,6.0,-137,2026-03-31,2026-03-30T18:23:28Z,2026-03-30 11:24:16
PrizePicks,player_rebounds,Matas Buzelis,Under,6.0,-137,2026-03-31,2026-03-30T18:23:28Z,2026-03-30 11:24:16
PrizePicks,player_rebounds,Luke Kornet,Over,5.0,-137,2026-03-31,2026-03-30T18:23:28Z,2026-03-30 11:24:16
PrizePicks,player_rebounds,Luke Kornet,Under,5.0,-137,2026-03-31,2026-03-30T18:23:28Z,2026-03-30 11:24:16
PrizePicks,player_rebounds,Julian Champagnie,Over,5.0,-137,2026-03-31,2026-03-30T18:23:28Z,2026-03-30 11:24:16
PrizePicks,player_rebounds,Julian Champagnie,Under,5.0,-137,2026-03-31,2026-03-30T18:23:28Z,2026-03-30 11:24:16
PrizePicks,player_rebounds,Stephon Castle,Over,5.0,-137,2026-03-31,2026-03-30T18:23:28Z,2026-03-30 11:24:16
PrizePicks,player_rebounds,Stephon Castle,Under,5.0,-137,2026-03-31,2026-03-30T18:23:28Z,2026-03-30 11:24:16
PrizePicks,player_rebounds,Keldon Johnson,Over,4.5,-137,2026-03-31,2026-03-30T18:23:28Z,2026-03-30 11:24:16
PrizePicks,player_rebounds,Keldon Johnson,Under,4.5,-137,2026-03-31,2026-03-30T18:23:28Z,2026-03-30 11:24:16
PrizePicks,player_rebounds,Devin Vassell,Over,3.5,-137,2026-03-31,2026-03-30T18:23:28Z,2026-03-30 11:24:16
PrizePicks,player_rebounds,Devin Vassell,Under,3.5,-137,2026-03-31,2026-03-30T18:23:28Z,2026-03-30 11:24:16
PrizePicks,player_rebounds,Harrison Barnes,Over,2.5,-137,2026-03-31,2026-03-30T18:23:28Z,2026-03-30 11:24:16
PrizePicks,player_rebounds,Harrison Barnes,Under,2.5,-137,2026-03-31,2026-03-30T18:23:28Z,2026-03-30 11:24:16
PrizePicks,player_rebounds,Oso Ighodaro,Over,7.0,-137,2026-03-31,2026-03-30T18:24:23Z,2026-03-30 11:24:16
PrizePicks,player_rebounds,Oso Ighodaro,Under,7.0,-137,2026-03-31,2026-03-30T18:24:23Z,2026-03-30 11:24:16
PrizePicks,player_rebounds,Taylor Hendricks,Over,6.0,-137,2026-03-31,2026-03-30T18:24:23Z,2026-03-30 11:24:16
PrizePicks,player_rebounds,Taylor Hendricks,Under,6.0,-137,2026-03-31,2026-03-30T18:24:23Z,2026-03-30 11:24:16
PrizePicks,player_rebounds,Cedric Coward,Over,5.5,-137,2026-03-31,2026-03-30T18:24:23Z,2026-03-30 11:24:16
PrizePicks,player_rebounds,Cedric Coward,Under,5.5,-137,2026-03-31,2026-03-30T18:24:23Z,2026-03-30 11:24:16
PrizePicks,player_rebounds,Jordan Goodwin,Over,5.5,-137,2026-03-31,2026-03-30T18:24:23Z,2026-03-30 11:24:16
PrizePicks,player_rebounds,Jordan Goodwin,Under,5.5,-137,2026-03-31,2026-03-30T18:24:23Z,2026-03-30 11:24:16
PrizePicks,player_rebounds,G.G. Jackson,Over,5.5,-137,2026-03-31,2026-03-30T18:24:23Z,2026-03-30 11:24:16
PrizePicks,player_rebounds,G.G. Jackson,Under,5.5,-137,2026-03-31,2026-03-30T18:24:23Z,2026-03-30 11:24:16
PrizePicks,player_rebounds,Royce O'Neale,Over,4.5,-137,2026-03-31,2026-03-30T18:24:23Z,2026-03-30 11:24:16
PrizePicks,player_rebounds,Royce O'Neale,Under,4.5,-137,2026-03-31,2026-03-30T18:24:23Z,2026-03-30 11:24:16
PrizePicks,player_rebounds,Collin Gillespie,Over,4.0,-137,2026-03-31,2026-03-30T18:24:23Z,2026-03-30 11:24:16
PrizePicks,player_rebounds,Collin Gillespie,Under,4.0,-137,2026-03-31,2026-03-30T18:24:23Z,2026-03-30 11:24:16
PrizePicks,player_rebounds,Devin Booker,Over,4.0,-137,2026-03-31,2026-03-30T18:24:23Z,2026-03-30 11:24:16
PrizePicks,player_rebounds,Devin Booker,Under,4.0,-137,2026-03-31,2026-03-30T18:24:23Z,2026-03-30 11:24:16
PrizePicks,player_rebounds,Grayson Allen,Over,2.5,-137,2026-03-31,2026-03-30T18:24:23Z,2026-03-30 11:24:16
PrizePicks,player_rebounds,Grayson Allen,Under,2.5,-137,2026-03-31,2026-03-30T18:24:23Z,2026-03-30 11:24:16
Betr DFS,player_rebounds,Kelly Oubre Jr,Over,4.5,-137,2026-03-30,2026-03-30T18:23:29Z,2026-03-30 11:24:16
Betr DFS,player_rebounds,Joel Embiid,Over,7.5,-137,2026-03-30,2026-03-30T18:23:29Z,2026-03-30 11:24:16
Betr DFS,player_rebounds,Joel Embiid,Under,7.5,-137,2026-03-30,2026-03-30T18:23:29Z,2026-03-30 11:24:16
Betr DFS,player_rebounds,Dominick Barlow,Over,3.5,-137,2026-03-30,2026-03-30T18:23:29Z,2026-03-30 11:24:16
Betr DFS,player_rebounds,Dominick Barlow,Under,3.5,-137,2026-03-30,2026-03-30T18:23:29Z,2026-03-30 11:24:16
Betr DFS,player_rebounds,VJ Edgecombe,Over,5.5,-137,2026-03-30,2026-03-30T18:23:29Z,2026-03-30 11:24:16
Betr DFS,player_rebounds,Bam Adebayo,Over,10.0,-137,2026-03-30,2026-03-30T18:23:29Z,2026-03-30 11:24:16
Betr DFS,player_rebounds,Bam Adebayo,Under,10.0,-137,2026-03-30,2026-03-30T18:23:29Z,2026-03-30 11:24:16
Betr DFS,player_rebounds,Tyler Herro,Over,4.5,-137,2026-03-30,2026-03-30T18:23:29Z,2026-03-30 11:24:16
Betr DFS,player_rebounds,Tyler Herro,Under,4.5,-137,2026-03-30,2026-03-30T18:23:29Z,2026-03-30 11:24:16
Betr DFS,player_rebounds,Andrew Wiggins,Over,4.5,-137,2026-03-30,2026-03-30T18:23:29Z,2026-03-30 11:24:16
Betr DFS,player_rebounds,Andrew Wiggins,Under,4.5,-137,2026-03-30,2026-03-30T18:23:29Z,2026-03-30 11:24:16
Betr DFS,player_rebounds,Jaylen Brown,Over,7.0,-137,2026-03-30,2026-03-30T18:24:20Z,2026-03-30 11:24:16
Betr DFS,player_rebounds,Jaylen Brown,Under,7.0,-137,2026-03-30,2026-03-30T18:24:20Z,2026-03-30 11:24:16
Betr DFS,player_rebounds,Derrick White,Over,4.5,-137,2026-03-30,2026-03-30T18:24:20Z,2026-03-30 11:24:16
Betr DFS,player_rebounds,Derrick White,Under,4.5,-137,2026-03-30,2026-03-30T18:24:20Z,2026-03-30 11:24:16
Betr DFS,player_rebounds,Onyeka Okongwu,Over,7.5,-137,2026-03-30,2026-03-30T18:24:20Z,2026-03-30 11:24:16
Betr DFS,player_rebounds,Jalen Johnson,Over,9.5,-137,2026-03-30,2026-03-30T18:24:20Z,2026-03-30 11:24:16
Betr DFS,player_rebounds,Jalen Johnson,Under,9.5,-137,2026-03-30,2026-03-30T18:24:20Z,2026-03-30 11:24:16
Betr DFS,player_rebounds,Dyson Daniels,Over,6.0,-137,2026-03-30,2026-03-30T18:24:20Z,2026-03-30 11:24:16
Betr DFS,player_rebounds,Dyson Daniels,Under,6.0,-137,2026-03-30,2026-03-30T18:24:20Z,2026-03-30 11:24:16
Betr DFS,player_rebounds,Jonathan Kuminga,Over,4.5,-137,2026-03-30,2026-03-30T18:24:20Z,2026-03-30 11:24:16
Betr DFS,player_rebounds,Nick Richards,Over,7.0,-137,2026-03-31,2026-03-30T18:23:23Z,2026-03-30 11:24:16
Betr DFS,player_rebounds,Nick Richards,Under,7.0,-137,2026-03-31,2026-03-30T18:23:23Z,2026-03-30 11:24:16
Betr DFS,player_rebounds,Josh Giddey,Over,8.5,-137,2026-03-31,2026-03-30T18:23:23Z,2026-03-30 11:24:16
Betr DFS,player_rebounds,Tre Jones,Over,3.5,-137,2026-03-31,2026-03-30T18:23:23Z,2026-03-30 11:24:16
Betr DFS,player_rebounds,Matas Buzelis,Over,6.5,-137,2026-03-31,2026-03-30T18:23:23Z,2026-03-30 11:24:16
Betr DFS,player_rebounds,Keldon Johnson,Over,4.5,-137,2026-03-31,2026-03-30T18:23:23Z,2026-03-30 11:24:16
Betr DFS,player_rebounds,Keldon Johnson,Under,4.5,-137,2026-03-31,2026-03-30T18:23:23Z,2026-03-30 11:24:16
Betr DFS,player_rebounds,Devin Vassell,Over,3.5,-137,2026-03-31,2026-03-30T18:23:23Z,2026-03-30 11:24:16
Betr DFS,player_rebounds,Devin Vassell,Under,3.5,-137,2026-03-31,2026-03-30T18:23:23Z,2026-03-30 11:24:16
Betr DFS,player_rebounds,Victor Wembanyama,Over,12.0,-137,2026-03-31,2026-03-30T18:23:23Z,2026-03-30 11:24:16
Betr DFS,player_rebounds,Victor Wembanyama,Under,12.0,-137,2026-03-31,2026-03-30T18:23:23Z,2026-03-30 11:24:16
Betr DFS,player_rebounds,Jordan Goodwin,Over,5.5,-137,2026-03-31,2026-03-30T18:23:45Z,2026-03-30 11:24:16
Betr DFS,player_rebounds,Jordan Goodwin,Under,5.5,-137,2026-03-31,2026-03-30T18:23:45Z,2026-03-30 11:24:16
Betr DFS,player_rebounds,Royce O'Neale,Over,4.5,-137,2026-03-31,2026-03-30T18:23:45Z,2026-03-30 11:24:16
Betr DFS,player_rebounds,Royce O'Neale,Under,4.5,-137,2026-03-31,2026-03-30T18:23:45Z,2026-03-30 11:24:16
Betr DFS,player_rebounds,Oso Ighodaro,Over,7.0,-137,2026-03-31,2026-03-30T18:23:45Z,2026-03-30 11:24:16
Betr DFS,player_rebounds,Oso Ighodaro,Under,7.0,-137,2026-03-31,2026-03-30T18:23:45Z,2026-03-30 11:24:16
Betr DFS,player_rebounds,G.G. Jackson,Over,5.5,-137,2026-03-31,2026-03-30T18:23:45Z,2026-03-30 11:24:16
Betr DFS,player_rebounds,G.G. Jackson,Under,5.5,-137,2026-03-31,2026-03-30T18:23:45Z,2026-03-30 11:24:16
Betr DFS,player_rebounds,Cedric Coward,Over,5.5,-137,2026-03-31,2026-03-30T18:23:45Z,2026-03-30 11:24:16
Betr DFS,player_rebounds,Cedric Coward,Under,5.5,-137,2026-03-31,2026-03-30T18:23:45Z,2026-03-30 11:24:16
Underdog,player_rebounds,Joel Embiid,Over,7.5,-137,2026-03-30,2026-03-30T18:23:42Z,2026-03-30 11:24:16
Underdog,player_rebounds,Joel Embiid,Under,7.5,-137,2026-03-30,2026-03-30T18:23:42Z,2026-03-30 11:24:16
Underdog,player_rebounds,Tyler Herro,Over,4.5,-137,2026-03-30,2026-03-30T18:23:42Z,2026-03-30 11:24:16
Underdog,player_rebounds,Tyler Herro,Under,4.5,-137,2026-03-30,2026-03-30T18:23:42Z,2026-03-30 11:24:16
Underdog,player_rebounds,Andrew Wiggins,Over,4.5,-137,2026-03-30,2026-03-30T18:23:42Z,2026-03-30 11:24:16
Underdog,player_rebounds,Andrew Wiggins,Under,4.5,-137,2026-03-30,2026-03-30T18:23:42Z,2026-03-30 11:24:16
Underdog,player_rebounds,Dominick Barlow,Over,3.5,-137,2026-03-30,2026-03-30T18:23:42Z,2026-03-30 11:24:16
Underdog,player_rebounds,Dominick Barlow,Under,3.5,-137,2026-03-30,2026-03-30T18:23:42Z,2026-03-30 11:24:16
Underdog,player_rebounds,Devin Vassell,Over,3.5,-137,2026-03-31,2026-03-30T18:23:28Z,2026-03-30 11:24:16
Underdog,player_rebounds,Devin Vassell,Under,3.5,-137,2026-03-31,2026-03-30T18:23:28Z,2026-03-30 11:24:16
Underdog,player_rebounds,Grayson Allen,Over,2.5,-137,2026-03-31,2026-03-30T18:23:40Z,2026-03-30 11:24:16
Underdog,player_rebounds,Grayson Allen,Under,2.5,-137,2026-03-31,2026-03-30T18:23:40Z,2026-03-30 11:24:16
Underdog,player_rebounds,G.G. Jackson,Over,5.5,-137,2026-03-31,2026-03-30T18:23:40Z,2026-03-30 11:24:16
Underdog,player_rebounds,G.G. Jackson,Under,5.5,-137,2026-03-31,2026-03-30T18:23:40Z,2026-03-30 11:24:16
Underdog,player_rebounds,Royce O'Neale,Over,4.5,-137,2026-03-31,2026-03-30T18:23:40Z,2026-03-30 11:24:16
Underdog,player_rebounds,Royce O'Neale,Under,4.5,-137,2026-03-31,2026-03-30T18:23:40Z,2026-03-30 11:24:16
Underdog,player_rebounds,Rasheer Fleming,Over,4.5,-137,2026-03-31,2026-03-30T18:23:40Z,2026-03-30 11:24:16
Underdog,player_rebounds,Rasheer Fleming,Under,4.5,-137,2026-03-31,2026-03-30T18:23:40Z,2026-03-30 11:24:16
Underdog,player_rebounds,Jordan Goodwin,Over,5.5,-137,2026-03-31,2026-03-30T18:23:40Z,2026-03-30 11:24:16
Underdog,player_rebounds,Jordan Goodwin,Under,5.5,-137,2026-03-31,2026-03-30T18:23:40Z,2026-03-30 11:24:16
DraftKings Pick6,player_rebounds,Tyler Herro,Over,4.5,-137,2026-03-30,2026-03-30T18:23:22Z,2026-03-30 11:24:16
DraftKings Pick6,player_rebounds,Tyler Herro,Under,4.5,-137,2026-03-30,2026-03-30T18:23:22Z,2026-03-30 11:24:16
DraftKings Pick6,player_rebounds,Andrew Wiggins,Over,4.5,-137,2026-03-30,2026-03-30T18:23:22Z,2026-03-30 11:24:16
DraftKings Pick6,player_rebounds,Andrew Wiggins,Under,4.5,-137,2026-03-30,2026-03-30T18:23:22Z,2026-03-30 11:24:16
DraftKings Pick6,player_rebounds,Kelly Oubre Jr,Over,4.5,-137,2026-03-30,2026-03-30T18:23:22Z,2026-03-30 11:24:16
DraftKings Pick6,player_rebounds,VJ Edgecombe,Over,5.5,-137,2026-03-30,2026-03-30T18:23:22Z,2026-03-30 11:24:16
DraftKings Pick6,player_rebounds,Dominick Barlow,Over,3.5,-137,2026-03-30,2026-03-30T18:23:22Z,2026-03-30 11:24:16
DraftKings Pick6,player_rebounds,Dominick Barlow,Under,3.5,-137,2026-03-30,2026-03-30T18:23:22Z,2026-03-30 11:24:16
DraftKings Pick6,player_rebounds,Pelle Larsson,Over,4.5,-137,2026-03-30,2026-03-30T18:23:22Z,2026-03-30 11:24:16
DraftKings Pick6,player_rebounds,Zaccharie Risacher,Over,3.5,-137,2026-03-30,2026-03-30T18:23:19Z,2026-03-30 11:24:16
DraftKings Pick6,player_rebounds,Jalen Johnson,Over,9.5,-137,2026-03-30,2026-03-30T18:23:19Z,2026-03-30 11:24:16
DraftKings Pick6,player_rebounds,Jalen Johnson,Under,9.5,-137,2026-03-30,2026-03-30T18:23:19Z,2026-03-30 11:24:16
DraftKings Pick6,player_rebounds,C.J. McCollum,Over,3.5,-137,2026-03-30,2026-03-30T18:23:19Z,2026-03-30 11:24:16
DraftKings Pick6,player_rebounds,Onyeka Okongwu,Over,7.5,-137,2026-03-30,2026-03-30T18:23:19Z,2026-03-30 11:24:16
DraftKings Pick6,player_rebounds,Dyson Daniels,Over,6.5,-137,2026-03-30,2026-03-30T18:23:19Z,2026-03-30 11:24:16
DraftKings Pick6,player_rebounds,Jonathan Kuminga,Over,4.5,-137,2026-03-30,2026-03-30T18:23:19Z,2026-03-30 11:24:16
DraftKings Pick6,player_rebounds,Nickeil Alexander-Walker,Over,3.5,-137,2026-03-30,2026-03-30T18:23:19Z,2026-03-30 11:24:16
DraftKings Pick6,player_rebounds,Josh Giddey,Over,8.5,-137,2026-03-31,2026-03-30T18:23:33Z,2026-03-30 11:24:16
DraftKings Pick6,player_rebounds,Matas Buzelis,Over,6.5,-137,2026-03-31,2026-03-30T18:23:33Z,2026-03-30 11:24:16
DraftKings Pick6,player_rebounds,Victor Wembanyama,Over,11.5,-137,2026-03-31,2026-03-30T18:23:33Z,2026-03-30 11:24:16
DraftKings Pick6,player_rebounds,Victor Wembanyama,Under,11.5,-137,2026-03-31,2026-03-30T18:23:33Z,2026-03-30 11:24:16
DraftKings Pick6,player_rebounds,De'Aaron Fox,Over,3.5,-137,2026-03-31,2026-03-30T18:23:33Z,2026-03-30 11:24:16
DraftKings Pick6,player_rebounds,Devin Vassell,Over,3.5,-137,2026-03-31,2026-03-30T18:23:33Z,2026-03-30 11:24:16
DraftKings Pick6,player_rebounds,Devin Vassell,Under,3.5,-137,2026-03-31,2026-03-30T18:23:33Z,2026-03-30 11:24:16
DraftKings Pick6,player_rebounds,Keldon Johnson,Over,4.5,-137,2026-03-31,2026-03-30T18:23:33Z,2026-03-30 11:24:16
DraftKings Pick6,player_rebounds,Keldon Johnson,Under,4.5,-137,2026-03-31,2026-03-30T18:23:33Z,2026-03-30 11:24:16
DraftKings Pick6,player_rebounds,Luke Kornet,Over,5.5,-137,2026-03-31,2026-03-30T18:23:33Z,2026-03-30 11:24:16
DraftKings Pick6,player_rebounds,Tre Jones,Over,3.5,-137,2026-03-31,2026-03-30T18:23:33Z,2026-03-30 11:24:16
DraftKings Pick6,player_rebounds,Oso Ighodaro,Over,7.5,-137,2026-03-31,2026-03-30T18:24:13Z,2026-03-30 11:24:16
DraftKings Pick6,player_rebounds,G.G. Jackson,Over,5.5,-137,2026-03-31,2026-03-30T18:24:13Z,2026-03-30 11:24:16
DraftKings Pick6,player_rebounds,G.G. Jackson,Under,5.5,-137,2026-03-31,2026-03-30T18:24:13Z,2026-03-30 11:24:16
DraftKings Pick6,player_rebounds,Jordan Goodwin,Over,5.5,-137,2026-03-31,2026-03-30T18:24:13Z,2026-03-30 11:24:16
DraftKings Pick6,player_rebounds,Jordan Goodwin,Under,5.5,-137,2026-03-31,2026-03-30T18:24:13Z,2026-03-30 11:24:16
DraftKings Pick6,player_rebounds,Royce O'Neale,Over,4.5,-137,2026-03-31,2026-03-30T18:24:13Z,2026-03-30 11:24:16
DraftKings Pick6,player_rebounds,Royce O'Neale,Under,4.5,-137,2026-03-31,2026-03-30T18:24:13Z,2026-03-30 11:24:16
DraftKings Pick6,player_rebounds,Cedric Coward,Over,5.5,-137,2026-03-31,2026-03-30T18:24:13Z,2026-03-30 11:24:16
DraftKings Pick6,player_rebounds,Cedric Coward,Under,5.5,-137,2026-03-31,2026-03-30T18:24:13Z,2026-03-30 11:24:16
PrizePicks,player_assists,Tyrese Maxey,Over,7.0,-137,2026-03-30,2026-03-30T18:24:01Z,2026-03-30 11:24:16
PrizePicks,player_assists,Tyrese Maxey,Under,7.0,-137,2026-03-30,2026-03-30T18:24:01Z,2026-03-30 11:24:16
PrizePicks,player_assists,Davion Mitchell,Over,6.0,-137,2026-03-30,2026-03-30T18:24:01Z,2026-03-30 11:24:16
PrizePicks,player_assists,Davion Mitchell,Under,6.0,-137,2026-03-30,2026-03-30T18:24:01Z,2026-03-30 11:24:16
PrizePicks,player_assists,Joel Embiid,Over,4.0,-137,2026-03-30,2026-03-30T18:24:01Z,2026-03-30 11:24:16
PrizePicks,player_assists,Joel Embiid,Under,4.0,-137,2026-03-30,2026-03-30T18:24:01Z,2026-03-30 11:24:16
PrizePicks,player_assists,Tyler Herro,Over,4.0,-137,2026-03-30,2026-03-30T18:24:01Z,2026-03-30 11:24:16
PrizePicks,player_assists,Tyler Herro,Under,4.0,-137,2026-03-30,2026-03-30T18:24:01Z,2026-03-30 11:24:16
PrizePicks,player_assists,Jalen Johnson,Over,7.5,-137,2026-03-30,2026-03-30T18:23:38Z,2026-03-30 11:24:16
PrizePicks,player_assists,Jalen Johnson,Under,7.5,-137,2026-03-30,2026-03-30T18:23:38Z,2026-03-30 11:24:16
PrizePicks,player_assists,Jaylen Brown,Over,5.5,-137,2026-03-30,2026-03-30T18:23:38Z,2026-03-30 11:24:16
PrizePicks,player_assists,Jaylen Brown,Under,5.5,-137,2026-03-30,2026-03-30T18:23:38Z,2026-03-30 11:24:16
PrizePicks,player_assists,Payton Pritchard,Over,5.5,-137,2026-03-30,2026-03-30T18:23:38Z,2026-03-30 11:24:16
PrizePicks,player_assists,Payton Pritchard,Under,5.5,-137,2026-03-30,2026-03-30T18:23:38Z,2026-03-30 11:24:16
PrizePicks,player_assists,Derrick White,Over,5.0,-137,2026-03-30,2026-03-30T18:23:38Z,2026-03-30 11:24:16
PrizePicks,player_assists,Derrick White,Under,5.0,-137,2026-03-30,2026-03-30T18:23:38Z,2026-03-30 11:24:16
PrizePicks,player_assists,C.J. McCollum,Over,3.5,-137,2026-03-30,2026-03-30T18:23:38Z,2026-03-30 11:24:16
PrizePicks,player_assists,C.J. McCollum,Under,3.5,-137,2026-03-30,2026-03-30T18:23:38Z,2026-03-30 11:24:16
PrizePicks,player_assists,Nickeil Alexander-Walker,Over,3.5,-137,2026-03-30,2026-03-30T18:23:38Z,2026-03-30 11:24:16
PrizePicks,player_assists,Nickeil Alexander-Walker,Under,3.5,-137,2026-03-30,2026-03-30T18:23:38Z,2026-03-30 11:24:16
PrizePicks,player_assists,Josh Giddey,Over,9.5,-137,2026-03-31,2026-03-30T18:23:28Z,2026-03-30 11:24:16
PrizePicks,player_assists,Josh Giddey,Under,9.5,-137,2026-03-31,2026-03-30T18:23:28Z,2026-03-30 11:24:16
PrizePicks,player_assists,Stephon Castle,Over,8.0,-137,2026-03-31,2026-03-30T18:23:28Z,2026-03-30 11:24:16
PrizePicks,player_assists,Stephon Castle,Under,8.0,-137,2026-03-31,2026-03-30T18:23:28Z,2026-03-30 11:24:16
PrizePicks,player_assists,De'Aaron Fox,Over,6.0,-137,2026-03-31,2026-03-30T18:23:28Z,2026-03-30 11:24:16
PrizePicks,player_assists,De'Aaron Fox,Under,6.0,-137,2026-03-31,2026-03-30T18:23:28Z,2026-03-30 11:24:16
PrizePicks,player_assists,Tre Jones,Over,5.0,-137,2026-03-31,2026-03-30T18:23:28Z,2026-03-30 11:24:16
PrizePicks,player_assists,Tre Jones,Under,5.0,-137,2026-03-31,2026-03-30T18:23:28Z,2026-03-30 11:24:16
PrizePicks,player_assists,Collin Sexton,Over,2.5,-137,2026-03-31,2026-03-30T18:23:28Z,2026-03-30 11:24:16
PrizePicks,player_assists,Collin Sexton,Under,2.5,-137,2026-03-31,2026-03-30T18:23:28Z,2026-03-30 11:24:16
PrizePicks,player_assists,Matas Buzelis,Over,1.5,-137,2026-03-31,2026-03-30T18:23:28Z,2026-03-30 11:24:16
PrizePicks,player_assists,Matas Buzelis,Under,1.5,-137,2026-03-31,2026-03-30T18:23:28Z,2026-03-30 11:24:16
PrizePicks,player_assists,Devin Booker,Over,6.0,-137,2026-03-31,2026-03-30T18:24:23Z,2026-03-30 11:24:16
PrizePicks,player_assists,Devin Booker,Under,6.0,-137,2026-03-31,2026-03-30T18:24:23Z,2026-03-30 11:24:16
Betr DFS,player_assists,Tyrese Maxey,Over,7.5,-137,2026-03-30,2026-03-30T18:23:29Z,2026-03-30 11:24:16
Betr DFS,player_assists,Paul George,Under,3.5,-137,2026-03-30,2026-03-30T18:23:29Z,2026-03-30 11:24:16
Betr DFS,player_assists,VJ Edgecombe,Over,3.5,-137,2026-03-30,2026-03-30T18:23:29Z,2026-03-30 11:24:16
Betr DFS,player_assists,VJ Edgecombe,Under,3.5,-137,2026-03-30,2026-03-30T18:23:29Z,2026-03-30 11:24:16
Betr DFS,player_assists,Tyler Herro,Over,4.5,-137,2026-03-30,2026-03-30T18:23:29Z,2026-03-30 11:24:16
Betr DFS,player_assists,Davion Mitchell,Over,6.5,-137,2026-03-30,2026-03-30T18:23:29Z,2026-03-30 11:24:16
Betr DFS,player_assists,Pelle Larsson,Over,3.5,-137,2026-03-30,2026-03-30T18:23:29Z,2026-03-30 11:24:16
Betr DFS,player_assists,Pelle Larsson,Under,3.5,-137,2026-03-30,2026-03-30T18:23:29Z,2026-03-30 11:24:16
Betr DFS,player_assists,Jaylen Brown,Over,5.5,-137,2026-03-30,2026-03-30T18:24:20Z,2026-03-30 11:24:16
Betr DFS,player_assists,Jaylen Brown,Under,5.5,-137,2026-03-30,2026-03-30T18:24:20Z,2026-03-30 11:24:16
Betr DFS,player_assists,Jayson Tatum,Over,5.0,-137,2026-03-30,2026-03-30T18:24:20Z,2026-03-30 11:24:16
Betr DFS,player_assists,Jayson Tatum,Under,5.0,-137,2026-03-30,2026-03-30T18:24:20Z,2026-03-30 11:24:16
Betr DFS,player_assists,Derrick White,Over,5.5,-137,2026-03-30,2026-03-30T18:24:20Z,2026-03-30 11:24:16
Betr DFS,player_assists,Payton Pritchard,Over,5.5,-137,2026-03-30,2026-03-30T18:24:20Z,2026-03-30 11:24:16
Betr DFS,player_assists,Payton Pritchard,Under,5.5,-137,2026-03-30,2026-03-30T18:24:20Z,2026-03-30 11:24:16
Betr DFS,player_assists,Jalen Johnson,Over,7.5,-137,2026-03-30,2026-03-30T18:24:20Z,2026-03-30 11:24:16
Betr DFS,player_assists,Jalen Johnson,Under,7.5,-137,2026-03-30,2026-03-30T18:24:20Z,2026-03-30 11:24:16
Betr DFS,player_assists,Nickeil Alexander-Walker,Over,3.5,-137,2026-03-30,2026-03-30T18:24:20Z,2026-03-30 11:24:16
Betr DFS,player_assists,Nickeil Alexander-Walker,Under,3.5,-137,2026-03-30,2026-03-30T18:24:20Z,2026-03-30 11:24:16
Betr DFS,player_assists,C.J. McCollum,Over,3.5,-137,2026-03-30,2026-03-30T18:24:20Z,2026-03-30 11:24:16
Betr DFS,player_assists,C.J. McCollum,Under,3.5,-137,2026-03-30,2026-03-30T18:24:20Z,2026-03-30 11:24:16
Betr DFS,player_assists,Dyson Daniels,Over,4.5,-137,2026-03-30,2026-03-30T18:24:20Z,2026-03-30 11:24:16
Betr DFS,player_assists,Dyson Daniels,Under,4.5,-137,2026-03-30,2026-03-30T18:24:20Z,2026-03-30 11:24:16
Betr DFS,player_assists,Josh Giddey,Over,9.5,-137,2026-03-31,2026-03-30T18:23:23Z,2026-03-30 11:24:16
Betr DFS,player_assists,Josh Giddey,Under,9.5,-137,2026-03-31,2026-03-30T18:23:23Z,2026-03-30 11:24:16
Betr DFS,player_assists,De'Aaron Fox,Over,6.5,-137,2026-03-31,2026-03-30T18:23:23Z,2026-03-30 11:24:16
Betr DFS,player_assists,Stephon Castle,Over,8.0,-137,2026-03-31,2026-03-30T18:23:23Z,2026-03-30 11:24:16
Betr DFS,player_assists,Stephon Castle,Under,8.0,-137,2026-03-31,2026-03-30T18:23:23Z,2026-03-30 11:24:16
Betr DFS,player_assists,Dylan Harper,Over,4.5,-137,2026-03-31,2026-03-30T18:23:23Z,2026-03-30 11:24:16
Betr DFS,player_assists,Jalen Green,Over,3.5,-137,2026-03-31,2026-03-30T18:23:45Z,2026-03-30 11:24:16
Betr DFS,player_assists,Devin Booker,Over,6.0,-137,2026-03-31,2026-03-30T18:23:45Z,2026-03-30 11:24:16
Betr DFS,player_assists,Devin Booker,Under,6.0,-137,2026-03-31,2026-03-30T18:23:45Z,2026-03-30 11:24:16
Betr DFS,player_assists,Walter Clayton Jr.,Over,5.5,-137,2026-03-31,2026-03-30T18:23:45Z,2026-03-30 11:24:16
Betr DFS,player_assists,Walter Clayton Jr.,Under,5.5,-137,2026-03-31,2026-03-30T18:23:45Z,2026-03-30 11:24:16
Underdog,player_assists,VJ Edgecombe,Over,3.5,-137,2026-03-30,2026-03-30T18:23:42Z,2026-03-30 11:24:16
Underdog,player_assists,VJ Edgecombe,Under,3.5,-137,2026-03-30,2026-03-30T18:23:42Z,2026-03-30 11:24:16
Underdog,player_assists,Pelle Larsson,Over,3.5,-137,2026-03-30,2026-03-30T18:23:42Z,2026-03-30 11:24:16
Underdog,player_assists,Pelle Larsson,Under,3.5,-137,2026-03-30,2026-03-30T18:23:42Z,2026-03-30 11:24:16
Underdog,player_assists,C.J. McCollum,Over,3.5,-137,2026-03-30,2026-03-30T18:24:13Z,2026-03-30 11:24:16
Underdog,player_assists,C.J. McCollum,Under,3.5,-137,2026-03-30,2026-03-30T18:24:13Z,2026-03-30 11:24:16
Underdog,player_assists,Jalen Johnson,Over,7.5,-137,2026-03-30,2026-03-30T18:24:13Z,2026-03-30 11:24:16
Underdog,player_assists,Jalen Johnson,Under,7.5,-137,2026-03-30,2026-03-30T18:24:13Z,2026-03-30 11:24:16
Underdog,player_assists,Payton Pritchard,Over,5.5,-137,2026-03-30,2026-03-30T18:24:13Z,2026-03-30 11:24:16
Underdog,player_assists,Payton Pritchard,Under,5.5,-137,2026-03-30,2026-03-30T18:24:13Z,2026-03-30 11:24:16
Underdog,player_assists,Collin Sexton,Over,2.5,-137,2026-03-31,2026-03-30T18:23:28Z,2026-03-30 11:24:16
Underdog,player_assists,Collin Sexton,Under,2.5,-137,2026-03-31,2026-03-30T18:23:28Z,2026-03-30 11:24:16
Underdog,player_assists,Walter Clayton Jr.,Over,5.5,-137,2026-03-31,2026-03-30T18:23:40Z,2026-03-30 11:24:16
Underdog,player_assists,Walter Clayton Jr.,Under,5.5,-137,2026-03-31,2026-03-30T18:23:40Z,2026-03-30 11:24:16
DraftKings Pick6,player_assists,Davion Mitchell,Over,6.5,-137,2026-03-30,2026-03-30T18:23:22Z,2026-03-30 11:24:16
DraftKings Pick6,player_assists,Tyrese Maxey,Over,7.5,-137,2026-03-30,2026-03-30T18:23:22Z,2026-03-30 11:24:16
DraftKings Pick6,player_assists,VJ Edgecombe,Over,3.5,-137,2026-03-30,2026-03-30T18:23:22Z,2026-03-30 11:24:16
DraftKings Pick6,player_assists,VJ Edgecombe,Under,3.5,-137,2026-03-30,2026-03-30T18:23:22Z,2026-03-30 11:24:16
DraftKings Pick6,player_assists,Pelle Larsson,Over,3.5,-137,2026-03-30,2026-03-30T18:23:22Z,2026-03-30 11:24:16
DraftKings Pick6,player_assists,Nickeil Alexander-Walker,Over,3.5,-137,2026-03-30,2026-03-30T18:23:19Z,2026-03-30 11:24:16
DraftKings Pick6,player_assists,Nickeil Alexander-Walker,Under,3.5,-137,2026-03-30,2026-03-30T18:23:19Z,2026-03-30 11:24:16
DraftKings Pick6,player_assists,C.J. McCollum,Over,3.5,-137,2026-03-30,2026-03-30T18:23:19Z,2026-03-30 11:24:16
DraftKings Pick6,player_assists,C.J. McCollum,Under,3.5,-137,2026-03-30,2026-03-30T18:23:19Z,2026-03-30 11:24:16
DraftKings Pick6,player_assists,Jalen Johnson,Over,7.5,-137,2026-03-30,2026-03-30T18:23:19Z,2026-03-30 11:24:16
DraftKings Pick6,player_assists,Jalen Johnson,Under,7.5,-137,2026-03-30,2026-03-30T18:23:19Z,2026-03-30 11:24:16
DraftKings Pick6,player_assists,Onyeka Okongwu,Over,2.5,-137,2026-03-30,2026-03-30T18:23:19Z,2026-03-30 11:24:16
DraftKings Pick6,player_assists,Onyeka Okongwu,Under,2.5,-137,2026-03-30,2026-03-30T18:23:19Z,2026-03-30 11:24:16
DraftKings Pick6,player_assists,Payton Pritchard,Over,5.5,-137,2026-03-30,2026-03-30T18:23:19Z,2026-03-30 11:24:16
DraftKings Pick6,player_assists,Payton Pritchard,Under,5.5,-137,2026-03-30,2026-03-30T18:23:19Z,2026-03-30 11:24:16
DraftKings Pick6,player_assists,Jaylen Brown,Over,5.5,-137,2026-03-30,2026-03-30T18:23:19Z,2026-03-30 11:24:16
DraftKings Pick6,player_assists,Jaylen Brown,Under,5.5,-137,2026-03-30,2026-03-30T18:23:19Z,2026-03-30 11:24:16
DraftKings Pick6,player_assists,Josh Giddey,Over,9.5,-137,2026-03-31,2026-03-30T18:23:33Z,2026-03-30 11:24:16
DraftKings Pick6,player_assists,Josh Giddey,Under,9.5,-137,2026-03-31,2026-03-30T18:23:33Z,2026-03-30 11:24:16
DraftKings Pick6,player_assists,Stephon Castle,Over,8.5,-137,2026-03-31,2026-03-30T18:23:33Z,2026-03-30 11:24:16
DraftKings Pick6,player_assists,Collin Sexton,Over,2.5,-137,2026-03-31,2026-03-30T18:23:33Z,2026-03-30 11:24:16
DraftKings Pick6,player_assists,Collin Sexton,Under,2.5,-137,2026-03-31,2026-03-30T18:23:33Z,2026-03-30 11:24:16
DraftKings Pick6,player_assists,Devin Vassell,Over,2.5,-137,2026-03-31,2026-03-30T18:23:33Z,2026-03-30 11:24:16
DraftKings Pick6,player_assists,Dylan Harper,Over,4.5,-137,2026-03-31,2026-03-30T18:23:33Z,2026-03-30 11:24:16
DraftKings Pick6,player_assists,Cedric Coward,Over,2.5,-137,2026-03-31,2026-03-30T18:24:13Z,2026-03-30 11:24:16
DraftKings Pick6,player_assists,Cedric Coward,Under,2.5,-137,2026-03-31,2026-03-30T18:24:13Z,2026-03-30 11:24:16
DraftKings Pick6,player_assists,Jalen Green,Over,3.5,-137,2026-03-31,2026-03-30T18:24:13Z,2026-03-30 11:24:16
DraftKings Pick6,player_assists,Devin Booker,Over,6.5,-137,2026-03-31,2026-03-30T18:24:13Z,2026-03-30 11:24:16
PrizePicks,player_threes,Paul George,Over,2.5,-137,2026-03-30,2026-03-30T18:24:01Z,2026-03-30 11:24:16
PrizePicks,player_threes,Paul George,Under,2.5,-137,2026-03-30,2026-03-30T18:24:01Z,2026-03-30 11:24:16
PrizePicks,player_threes,Joel Embiid,Over,1.5,-137,2026-03-30,2026-03-30T18:24:01Z,2026-03-30 11:24:16
PrizePicks,player_threes,Joel Embiid,Under,1.5,-137,2026-03-30,2026-03-30T18:24:01Z,2026-03-30 11:24:16
PrizePicks,player_threes,C.J. McCollum,Over,2.5,-137,2026-03-30,2026-03-30T18:23:38Z,2026-03-30 11:24:16
PrizePicks,player_threes,C.J. McCollum,Under,2.5,-137,2026-03-30,2026-03-30T18:23:38Z,2026-03-30 11:24:16
PrizePicks,player_threes,De'Aaron Fox,Over,1.5,-137,2026-03-31,2026-03-30T18:23:28Z,2026-03-30 11:24:16
PrizePicks,player_threes,De'Aaron Fox,Under,1.5,-137,2026-03-31,2026-03-30T18:23:28Z,2026-03-30 11:24:16
PrizePicks,player_threes,Royce O'Neale,Over,2.5,-137,2026-03-31,2026-03-30T18:24:23Z,2026-03-30 11:24:16
PrizePicks,player_threes,Royce O'Neale,Under,2.5,-137,2026-03-31,2026-03-30T18:24:23Z,2026-03-30 11:24:16
PrizePicks,player_threes,G.G. Jackson,Over,1.5,-137,2026-03-31,2026-03-30T18:24:23Z,2026-03-30 11:24:16
PrizePicks,player_threes,G.G. Jackson,Under,1.5,-137,2026-03-31,2026-03-30T18:24:23Z,2026-03-30 11:24:16
PrizePicks,player_threes,Taylor Hendricks,Over,1.5,-137,2026-03-31,2026-03-30T18:24:23Z,2026-03-30 11:24:16
PrizePicks,player_threes,Taylor Hendricks,Under,1.5,-137,2026-03-31,2026-03-30T18:24:23Z,2026-03-30 11:24:16
PrizePicks,player_threes,Cedric Coward,Over,1.5,-137,2026-03-31,2026-03-30T18:24:23Z,2026-03-30 11:24:16
PrizePicks,player_threes,Cedric Coward,Under,1.5,-137,2026-03-31,2026-03-30T18:24:23Z,2026-03-30 11:24:16
Betr DFS,player_threes,Joel Embiid,Over,1.5,-137,2026-03-30,2026-03-30T18:23:29Z,2026-03-30 11:24:16
Betr DFS,player_threes,Joel Embiid,Under,1.5,-137,2026-03-30,2026-03-30T18:23:29Z,2026-03-30 11:24:16
Betr DFS,player_threes,Tyrese Maxey,Over,3.0,-137,2026-03-30,2026-03-30T18:23:29Z,2026-03-30 11:24:16
Betr DFS,player_threes,Tyrese Maxey,Under,3.0,-137,2026-03-30,2026-03-30T18:23:29Z,2026-03-30 11:24:16
Betr DFS,player_threes,Paul George,Over,2.5,-137,2026-03-30,2026-03-30T18:23:29Z,2026-03-30 11:24:16
Betr DFS,player_threes,Paul George,Under,2.5,-137,2026-03-30,2026-03-30T18:23:29Z,2026-03-30 11:24:16
Betr DFS,player_threes,Jaylen Brown,Over,1.5,-137,2026-03-30,2026-03-30T18:24:20Z,2026-03-30 11:24:16
Betr DFS,player_threes,Jayson Tatum,Over,3.0,-137,2026-03-30,2026-03-30T18:24:20Z,2026-03-30 11:24:16
Betr DFS,player_threes,Jayson Tatum,Under,3.0,-137,2026-03-30,2026-03-30T18:24:20Z,2026-03-30 11:24:16
Betr DFS,player_threes,Nickeil Alexander-Walker,Over,3.0,-137,2026-03-30,2026-03-30T18:24:20Z,2026-03-30 11:24:16
Betr DFS,player_threes,Nickeil Alexander-Walker,Under,3.0,-137,2026-03-30,2026-03-30T18:24:20Z,2026-03-30 11:24:16
Betr DFS,player_threes,C.J. McCollum,Over,2.5,-137,2026-03-30,2026-03-30T18:24:20Z,2026-03-30 11:24:16
Betr DFS,player_threes,C.J. McCollum,Under,2.5,-137,2026-03-30,2026-03-30T18:24:20Z,2026-03-30 11:24:16
Betr DFS,player_threes,Devin Vassell,Over,2.5,-137,2026-03-31,2026-03-30T18:23:23Z,2026-03-30 11:24:16
Betr DFS,player_threes,De'Aaron Fox,Over,1.5,-137,2026-03-31,2026-03-30T18:23:23Z,2026-03-30 11:24:16
Betr DFS,player_threes,De'Aaron Fox,Under,1.5,-137,2026-03-31,2026-03-30T18:23:23Z,2026-03-30 11:24:16
Betr DFS,player_threes,Jordan Goodwin,Over,1.5,-137,2026-03-31,2026-03-30T18:23:45Z,2026-03-30 11:24:16
Betr DFS,player_threes,Royce O'Neale,Over,2.5,-137,2026-03-31,2026-03-30T18:23:45Z,2026-03-30 11:24:16
Betr DFS,player_threes,Royce O'Neale,Under,2.5,-137,2026-03-31,2026-03-30T18:23:45Z,2026-03-30 11:24:16
Betr DFS,player_threes,Grayson Allen,Over,3.0,-137,2026-03-31,2026-03-30T18:23:45Z,2026-03-30 11:24:16
Betr DFS,player_threes,Grayson Allen,Under,3.0,-137,2026-03-31,2026-03-30T18:23:45Z,2026-03-30 11:24:16
Betr DFS,player_threes,G.G. Jackson,Over,1.5,-137,2026-03-31,2026-03-30T18:23:45Z,2026-03-30 11:24:16
Betr DFS,player_threes,G.G. Jackson,Under,1.5,-137,2026-03-31,2026-03-30T18:23:45Z,2026-03-30 11:24:16
Betr DFS,player_threes,Taylor Hendricks,Over,1.5,-137,2026-03-31,2026-03-30T18:23:45Z,2026-03-30 11:24:16
Betr DFS,player_threes,Taylor Hendricks,Under,1.5,-137,2026-03-31,2026-03-30T18:23:45Z,2026-03-30 11:24:16
Betr DFS,player_threes,Walter Clayton Jr.,Over,1.5,-137,2026-03-31,2026-03-30T18:23:45Z,2026-03-30 11:24:16
Betr DFS,player_threes,Cedric Coward,Over,1.5,-137,2026-03-31,2026-03-30T18:23:45Z,2026-03-30 11:24:16
Betr DFS,player_threes,Cedric Coward,Under,1.5,-137,2026-03-31,2026-03-30T18:23:45Z,2026-03-30 11:24:16
Underdog,player_threes,Paul George,Over,2.5,-137,2026-03-30,2026-03-30T18:23:42Z,2026-03-30 11:24:16
Underdog,player_threes,Paul George,Under,2.5,-137,2026-03-30,2026-03-30T18:23:42Z,2026-03-30 11:24:16
Underdog,player_threes,C.J. McCollum,Over,2.5,-137,2026-03-30,2026-03-30T18:24:13Z,2026-03-30 11:24:16
Underdog,player_threes,C.J. McCollum,Under,2.5,-137,2026-03-30,2026-03-30T18:24:13Z,2026-03-30 11:24:16
Underdog,player_threes,De'Aaron Fox,Over,1.5,-137,2026-03-31,2026-03-30T18:23:28Z,2026-03-30 11:24:16
Underdog,player_threes,De'Aaron Fox,Under,1.5,-137,2026-03-31,2026-03-30T18:23:28Z,2026-03-30 11:24:16
Underdog,player_threes,G.G. Jackson,Over,1.5,-137,2026-03-31,2026-03-30T18:23:40Z,2026-03-30 11:24:16
Underdog,player_threes,G.G. Jackson,Under,1.5,-137,2026-03-31,2026-03-30T18:23:40Z,2026-03-30 11:24:16
Underdog,player_threes,Royce O'Neale,Over,2.5,-137,2026-03-31,2026-03-30T18:23:40Z,2026-03-30 11:24:16
Underdog,player_threes,Royce O'Neale,Under,2.5,-137,2026-03-31,2026-03-30T18:23:40Z,2026-03-30 11:24:16
DraftKings Pick6,player_threes,Joel Embiid,Over,1.5,-137,2026-03-30,2026-03-30T18:23:22Z,2026-03-30 11:24:16
DraftKings Pick6,player_threes,C.J. McCollum,Over,2.5,-137,2026-03-30,2026-03-30T18:23:19Z,2026-03-30 11:24:16
DraftKings Pick6,player_threes,C.J. McCollum,Under,2.5,-137,2026-03-30,2026-03-30T18:23:19Z,2026-03-30 11:24:16
DraftKings Pick6,player_threes,De'Aaron Fox,Over,1.5,-137,2026-03-31,2026-03-30T18:23:33Z,2026-03-30 11:24:16
DraftKings Pick6,player_threes,De'Aaron Fox,Under,1.5,-137,2026-03-31,2026-03-30T18:23:33Z,2026-03-30 11:24:16
DraftKings Pick6,player_threes,Devin Vassell,Over,2.5,-137,2026-03-31,2026-03-30T18:23:33Z,2026-03-30 11:24:16
DraftKings Pick6,player_threes,Harrison Barnes,Over,1.5,-137,2026-03-31,2026-03-30T18:23:33Z,2026-03-30 11:24:16
DraftKings Pick6,player_threes,Royce O'Neale,Over,2.5,-137,2026-03-31,2026-03-30T18:24:13Z,2026-03-30 11:24:16
DraftKings Pick6,player_threes,Royce O'Neale,Under,2.5,-137,2026-03-31,2026-03-30T18:24:13Z,2026-03-30 11:24:16
DraftKings Pick6,player_threes,Taylor Hendricks,Over,1.5,-137,2026-03-31,2026-03-30T18:24:13Z,2026-03-30 11:24:16
DraftKings Pick6,player_threes,Taylor Hendricks,Under,1.5,-137,2026-03-31,2026-03-30T18:24:13Z,2026-03-30 11:24:16
DraftKings Pick6,player_threes,G.G. Jackson,Over,1.5,-137,2026-03-31,2026-03-30T18:24:13Z,2026-03-30 11:24:16
DraftKings Pick6,player_threes,Jordan Goodwin,Over,1.5,-137,2026-03-31,2026-03-30T18:24:13Z,2026-03-30 11:24:16
DraftKings Pick6,player_threes,Cedric Coward,Over,1.5,-137,2026-03-31,2026-03-30T18:24:13Z,2026-03-30 11:24:16
DraftKings Pick6,player_threes,Cedric Coward,Under,1.5,-137,2026-03-31,2026-03-30T18:24:13Z,2026-03-30 11:24:16
Betr DFS,player_blocks,Tyrese Maxey,Under,0.5,-137,2026-03-30,2026-03-30T18:23:29Z,2026-03-30 11:24:16
Betr DFS,player_blocks,Bam Adebayo,Over,0.5,-137,2026-03-30,2026-03-30T18:23:29Z,2026-03-30 11:24:16
Betr DFS,player_blocks,Matas Buzelis,Over,1.5,-137,2026-03-31,2026-03-30T18:23:23Z,2026-03-30 11:24:16
Betr DFS,player_blocks,Victor Wembanyama,Over,3.5,-137,2026-03-31,2026-03-30T18:23:23Z,2026-03-30 11:24:16
DraftKings Pick6,player_blocks,Matas Buzelis,Over,1.5,-137,2026-03-31,2026-03-30T18:23:33Z,2026-03-30 11:24:16
DraftKings Pick6,player_blocks,Victor Wembanyama,Over,3.5,-137,2026-03-31,2026-03-30T18:23:33Z,2026-03-30 11:24:16
PrizePicks,player_blocks,Rasheer Fleming,Over,0.5,-137,2026-03-31,2026-03-30T18:24:23Z,2026-03-30 11:24:16
PrizePicks,player_blocks,Rasheer Fleming,Under,0.5,-137,2026-03-31,2026-03-30T18:24:23Z,2026-03-30 11:24:16
PrizePicks,player_steals,Joel Embiid,Over,0.5,-137,2026-03-30,2026-03-30T18:24:01Z,2026-03-30 11:24:16
PrizePicks,player_steals,Joel Embiid,Under,0.5,-137,2026-03-30,2026-03-30T18:24:01Z,2026-03-30 11:24:16
PrizePicks,player_steals,Keldon Johnson,Over,0.5,-137,2026-03-31,2026-03-30T18:23:28Z,2026-03-30 11:24:16
PrizePicks,player_steals,Keldon Johnson,Under,0.5,-137,2026-03-31,2026-03-30T18:23:28Z,2026-03-30 11:24:16
PrizePicks,player_steals,Cedric Coward,Over,0.5,-137,2026-03-31,2026-03-30T18:24:23Z,2026-03-30 11:24:16
PrizePicks,player_steals,Cedric Coward,Under,0.5,-137,2026-03-31,2026-03-30T18:24:23Z,2026-03-30 11:24:16
Betr DFS,player_steals,Quentin Grimes,Over,0.5,-137,2026-03-30,2026-03-30T18:23:29Z,2026-03-30 11:24:16
Betr DFS,player_steals,Quentin Grimes,Under,0.5,-137,2026-03-30,2026-03-30T18:23:29Z,2026-03-30 11:24:16
Betr DFS,player_steals,Joel Embiid,Over,0.5,-137,2026-03-30,2026-03-30T18:23:29Z,2026-03-30 11:24:16
Betr DFS,player_steals,Joel Embiid,Under,0.5,-137,2026-03-30,2026-03-30T18:23:29Z,2026-03-30 11:24:16
Betr DFS,player_steals,Dominick Barlow,Over,0.5,-137,2026-03-30,2026-03-30T18:23:29Z,2026-03-30 11:24:16
Betr DFS,player_steals,Paul George,Over,1.5,-137,2026-03-30,2026-03-30T18:23:29Z,2026-03-30 11:24:16
Betr DFS,player_steals,Sam Hauser,Over,0.5,-137,2026-03-30,2026-03-30T18:24:20Z,2026-03-30 11:24:16
Betr DFS,player_steals,Sam Hauser,Under,0.5,-137,2026-03-30,2026-03-30T18:24:20Z,2026-03-30 11:24:16
Betr DFS,player_steals,C.J. McCollum,Over,0.5,-137,2026-03-30,2026-03-30T18:24:20Z,2026-03-30 11:24:16
Betr DFS,player_steals,C.J. McCollum,Under,0.5,-137,2026-03-30,2026-03-30T18:24:20Z,2026-03-30 11:24:16
Betr DFS,player_steals,Zaccharie Risacher,Over,0.5,-137,2026-03-30,2026-03-30T18:24:20Z,2026-03-30 11:24:16
Betr DFS,player_steals,Isaac Okoro,Under,0.5,-137,2026-03-31,2026-03-30T18:23:23Z,2026-03-30 11:24:16
Betr DFS,player_steals,Luke Kornet,Over,0.5,-137,2026-03-31,2026-03-30T18:23:23Z,2026-03-30 11:24:16
Betr DFS,player_steals,Keldon Johnson,Over,0.5,-137,2026-03-31,2026-03-30T18:23:23Z,2026-03-30 11:24:16
Betr DFS,player_steals,Keldon Johnson,Under,0.5,-137,2026-03-31,2026-03-30T18:23:23Z,2026-03-30 11:24:16
Betr DFS,player_steals,Harrison Barnes,Over,0.5,-137,2026-03-31,2026-03-30T18:23:23Z,2026-03-30 11:24:16
Betr DFS,player_steals,Jordan Goodwin,Over,1.5,-137,2026-03-31,2026-03-30T18:23:45Z,2026-03-30 11:24:16
Betr DFS,player_steals,G.G. Jackson,Over,0.5,-137,2026-03-31,2026-03-30T18:23:45Z,2026-03-30 11:24:16
Betr DFS,player_steals,G.G. Jackson,Under,0.5,-137,2026-03-31,2026-03-30T18:23:45Z,2026-03-30 11:24:16
Betr DFS,player_steals,Cedric Coward,Over,0.5,-137,2026-03-31,2026-03-30T18:23:45Z,2026-03-30 11:24:16
Betr DFS,player_steals,Cedric Coward,Under,0.5,-137,2026-03-31,2026-03-30T18:23:45Z,2026-03-30 11:24:16
PrizePicks,player_field_goals,Joel Embiid,Over,9.5,-137,2026-03-30,2026-03-30T18:24:01Z,2026-03-30 11:24:16
PrizePicks,player_field_goals,Joel Embiid,Under,9.5,-137,2026-03-30,2026-03-30T18:24:01Z,2026-03-30 11:24:16
PrizePicks,player_field_goals,Bam Adebayo,Over,7.5,-137,2026-03-30,2026-03-30T18:24:01Z,2026-03-30 11:24:16
PrizePicks,player_field_goals,Bam Adebayo,Under,7.5,-137,2026-03-30,2026-03-30T18:24:01Z,2026-03-30 11:24:16
PrizePicks,player_field_goals,Davion Mitchell,Over,3.5,-137,2026-03-30,2026-03-30T18:24:01Z,2026-03-30 11:24:16
PrizePicks,player_field_goals,Davion Mitchell,Under,3.5,-137,2026-03-30,2026-03-30T18:24:01Z,2026-03-30 11:24:16
PrizePicks,player_field_goals,Jaylen Brown,Over,10.5,-137,2026-03-30,2026-03-30T18:23:38Z,2026-03-30 11:24:16
PrizePicks,player_field_goals,Jaylen Brown,Under,10.5,-137,2026-03-30,2026-03-30T18:23:38Z,2026-03-30 11:24:16
PrizePicks,player_field_goals,Dyson Daniels,Over,4.5,-137,2026-03-30,2026-03-30T18:23:38Z,2026-03-30 11:24:16
PrizePicks,player_field_goals,Dyson Daniels,Under,4.5,-137,2026-03-30,2026-03-30T18:23:38Z,2026-03-30 11:24:16
PrizePicks,player_field_goals,Matas Buzelis,Over,6.5,-137,2026-03-31,2026-03-30T18:23:28Z,2026-03-30 11:24:16
PrizePicks,player_field_goals,Matas Buzelis,Under,6.5,-137,2026-03-31,2026-03-30T18:23:28Z,2026-03-30 11:24:16
PrizePicks,player_field_goals,Stephon Castle,Over,5.5,-137,2026-03-31,2026-03-30T18:23:28Z,2026-03-30 11:24:16
PrizePicks,player_field_goals,Stephon Castle,Under,5.5,-137,2026-03-31,2026-03-30T18:23:28Z,2026-03-30 11:24:16
PrizePicks,player_field_goals,Isaac Okoro,Over,3.5,-137,2026-03-31,2026-03-30T18:23:28Z,2026-03-30 11:24:16
PrizePicks,player_field_goals,Isaac Okoro,Under,3.5,-137,2026-03-31,2026-03-30T18:23:28Z,2026-03-30 11:24:16
PrizePicks,player_field_goals,Nick Richards,Over,3.5,-137,2026-03-31,2026-03-30T18:23:28Z,2026-03-30 11:24:16
PrizePicks,player_field_goals,Nick Richards,Under,3.5,-137,2026-03-31,2026-03-30T18:23:28Z,2026-03-30 11:24:16
PrizePicks,player_field_goals,Harrison Barnes,Over,2.5,-137,2026-03-31,2026-03-30T18:23:28Z,2026-03-30 11:24:16
PrizePicks,player_field_goals,Harrison Barnes,Under,2.5,-137,2026-03-31,2026-03-30T18:23:28Z,2026-03-30 11:24:16
PrizePicks,player_field_goals,Devin Booker,Over,8.5,-137,2026-03-31,2026-03-30T18:24:23Z,2026-03-30 11:24:16
PrizePicks,player_field_goals,Devin Booker,Under,8.5,-137,2026-03-31,2026-03-30T18:24:23Z,2026-03-30 11:24:16
PrizePicks,player_field_goals,G.G. Jackson,Over,6.5,-137,2026-03-31,2026-03-30T18:24:23Z,2026-03-30 11:24:16
PrizePicks,player_field_goals,G.G. Jackson,Under,6.5,-137,2026-03-31,2026-03-30T18:24:23Z,2026-03-30 11:24:16
PrizePicks,player_field_goals,Cedric Coward,Over,5.5,-137,2026-03-31,2026-03-30T18:24:23Z,2026-03-30 11:24:16
PrizePicks,player_field_goals,Cedric Coward,Under,5.5,-137,2026-03-31,2026-03-30T18:24:23Z,2026-03-30 11:24:16
PrizePicks,player_field_goals,Rayan Rupert,Over,3.5,-137,2026-03-31,2026-03-30T18:24:23Z,2026-03-30 11:24:16
PrizePicks,player_field_goals,Rayan Rupert,Under,3.5,-137,2026-03-31,2026-03-30T18:24:23Z,2026-03-30 11:24:16
Betr DFS,player_field_goals,Kelly Oubre Jr,Over,3.5,-137,2026-03-30,2026-03-30T18:23:29Z,2026-03-30 11:24:16
Betr DFS,player_field_goals,Quentin Grimes,Over,3.5,-137,2026-03-30,2026-03-30T18:23:29Z,2026-03-30 11:24:16
Betr DFS,player_field_goals,Joel Embiid,Over,9.5,-137,2026-03-30,2026-03-30T18:23:29Z,2026-03-30 11:24:16
Betr DFS,player_field_goals,Paul George,Over,6.5,-137,2026-03-30,2026-03-30T18:23:29Z,2026-03-30 11:24:16
Betr DFS,player_field_goals,VJ Edgecombe,Over,5.5,-137,2026-03-30,2026-03-30T18:23:29Z,2026-03-30 11:24:16
Betr DFS,player_field_goals,Bam Adebayo,Over,7.5,-137,2026-03-30,2026-03-30T18:23:29Z,2026-03-30 11:24:16
Betr DFS,player_field_goals,Bam Adebayo,Under,7.5,-137,2026-03-30,2026-03-30T18:23:29Z,2026-03-30 11:24:16
Betr DFS,player_field_goals,Andrew Wiggins,Over,5.5,-137,2026-03-30,2026-03-30T18:23:29Z,2026-03-30 11:24:16
Betr DFS,player_field_goals,Davion Mitchell,Over,3.5,-137,2026-03-30,2026-03-30T18:23:29Z,2026-03-30 11:24:16
Betr DFS,player_field_goals,Davion Mitchell,Under,3.5,-137,2026-03-30,2026-03-30T18:23:29Z,2026-03-30 11:24:16
Betr DFS,player_field_goals,Pelle Larsson,Over,4.5,-137,2026-03-30,2026-03-30T18:23:29Z,2026-03-30 11:24:16
Betr DFS,player_field_goals,Pelle Larsson,Under,4.5,-137,2026-03-30,2026-03-30T18:23:29Z,2026-03-30 11:24:16
Betr DFS,player_field_goals,Jaylen Brown,Over,10.5,-137,2026-03-30,2026-03-30T18:24:20Z,2026-03-30 11:24:16
Betr DFS,player_field_goals,Jaylen Brown,Under,10.5,-137,2026-03-30,2026-03-30T18:24:20Z,2026-03-30 11:24:16
Betr DFS,player_field_goals,Derrick White,Over,6.5,-137,2026-03-30,2026-03-30T18:24:20Z,2026-03-30 11:24:16
Betr DFS,player_field_goals,Derrick White,Under,6.5,-137,2026-03-30,2026-03-30T18:24:20Z,2026-03-30 11:24:16
Betr DFS,player_field_goals,Onyeka Okongwu,Over,4.5,-137,2026-03-30,2026-03-30T18:24:20Z,2026-03-30 11:24:16
Betr DFS,player_field_goals,Onyeka Okongwu,Under,4.5,-137,2026-03-30,2026-03-30T18:24:20Z,2026-03-30 11:24:16
Betr DFS,player_field_goals,Jalen Johnson,Over,8.5,-137,2026-03-30,2026-03-30T18:24:20Z,2026-03-30 11:24:16
Betr DFS,player_field_goals,C.J. McCollum,Over,6.5,-137,2026-03-30,2026-03-30T18:24:20Z,2026-03-30 11:24:16
Betr DFS,player_field_goals,Dyson Daniels,Over,4.5,-137,2026-03-30,2026-03-30T18:24:20Z,2026-03-30 11:24:16
Betr DFS,player_field_goals,Dyson Daniels,Under,4.5,-137,2026-03-30,2026-03-30T18:24:20Z,2026-03-30 11:24:16
Betr DFS,player_field_goals,Nick Richards,Over,3.5,-137,2026-03-31,2026-03-30T18:23:23Z,2026-03-30 11:24:16
Betr DFS,player_field_goals,Nick Richards,Under,3.5,-137,2026-03-31,2026-03-30T18:23:23Z,2026-03-30 11:24:16
Betr DFS,player_field_goals,Isaac Okoro,Over,3.5,-137,2026-03-31,2026-03-30T18:23:23Z,2026-03-30 11:24:16
Betr DFS,player_field_goals,Isaac Okoro,Under,3.5,-137,2026-03-31,2026-03-30T18:23:23Z,2026-03-30 11:24:16
Betr DFS,player_field_goals,Tre Jones,Over,5.5,-137,2026-03-31,2026-03-30T18:23:23Z,2026-03-30 11:24:16
Betr DFS,player_field_goals,Matas Buzelis,Over,6.5,-137,2026-03-31,2026-03-30T18:23:23Z,2026-03-30 11:24:16
Betr DFS,player_field_goals,Matas Buzelis,Under,6.5,-137,2026-03-31,2026-03-30T18:23:23Z,2026-03-30 11:24:16
Betr DFS,player_field_goals,Keldon Johnson,Over,5.5,-137,2026-03-31,2026-03-30T18:23:23Z,2026-03-30 11:24:16
Betr DFS,player_field_goals,Devin Vassell,Over,4.5,-137,2026-03-31,2026-03-30T18:23:23Z,2026-03-30 11:24:16
Betr DFS,player_field_goals,Julian Champagnie,Over,3.5,-137,2026-03-31,2026-03-30T18:23:23Z,2026-03-30 11:24:16
Betr DFS,player_field_goals,Harrison Barnes,Over,2.5,-137,2026-03-31,2026-03-30T18:23:23Z,2026-03-30 11:24:16
Betr DFS,player_field_goals,Harrison Barnes,Under,2.5,-137,2026-03-31,2026-03-30T18:23:23Z,2026-03-30 11:24:16
Betr DFS,player_field_goals,De'Aaron Fox,Over,6.5,-137,2026-03-31,2026-03-30T18:23:23Z,2026-03-30 11:24:16
Betr DFS,player_field_goals,Victor Wembanyama,Over,9.5,-137,2026-03-31,2026-03-30T18:23:23Z,2026-03-30 11:24:16
Betr DFS,player_field_goals,Victor Wembanyama,Under,9.5,-137,2026-03-31,2026-03-30T18:23:23Z,2026-03-30 11:24:16
Betr DFS,player_field_goals,Jordan Goodwin,Over,3.5,-137,2026-03-31,2026-03-30T18:23:45Z,2026-03-30 11:24:16
Betr DFS,player_field_goals,Jordan Goodwin,Under,3.5,-137,2026-03-31,2026-03-30T18:23:45Z,2026-03-30 11:24:16
Betr DFS,player_field_goals,Grayson Allen,Over,5.5,-137,2026-03-31,2026-03-30T18:23:45Z,2026-03-30 11:24:16
Betr DFS,player_field_goals,Collin Gillespie,Over,4.5,-137,2026-03-31,2026-03-30T18:23:45Z,2026-03-30 11:24:16
Betr DFS,player_field_goals,Collin Gillespie,Under,4.5,-137,2026-03-31,2026-03-30T18:23:45Z,2026-03-30 11:24:16
Betr DFS,player_field_goals,Jalen Green,Over,8.5,-137,2026-03-31,2026-03-30T18:23:45Z,2026-03-30 11:24:16
Betr DFS,player_field_goals,Oso Ighodaro,Over,4.5,-137,2026-03-31,2026-03-30T18:23:45Z,2026-03-30 11:24:16
Betr DFS,player_field_goals,Rayan Rupert,Over,3.5,-137,2026-03-31,2026-03-30T18:23:45Z,2026-03-30 11:24:16
Betr DFS,player_field_goals,Rayan Rupert,Under,3.5,-137,2026-03-31,2026-03-30T18:23:45Z,2026-03-30 11:24:16
Betr DFS,player_field_goals,G.G. Jackson,Over,6.5,-137,2026-03-31,2026-03-30T18:23:45Z,2026-03-30 11:24:16
Betr DFS,player_field_goals,G.G. Jackson,Under,6.5,-137,2026-03-31,2026-03-30T18:23:45Z,2026-03-30 11:24:16
Betr DFS,player_field_goals,Taylor Hendricks,Over,4.5,-137,2026-03-31,2026-03-30T18:23:45Z,2026-03-30 11:24:16
Betr DFS,player_field_goals,Cedric Coward,Over,5.5,-137,2026-03-31,2026-03-30T18:23:45Z,2026-03-30 11:24:16
Betr DFS,player_field_goals,Cedric Coward,Under,5.5,-137,2026-03-31,2026-03-30T18:23:45Z,2026-03-30 11:24:16
PrizePicks,player_frees_made,Tyrese Maxey,Over,4.5,-137,2026-03-30,2026-03-30T18:24:01Z,2026-03-30 11:24:16
PrizePicks,player_frees_made,Tyrese Maxey,Under,4.5,-137,2026-03-30,2026-03-30T18:24:01Z,2026-03-30 11:24:16
PrizePicks,player_frees_made,VJ Edgecombe,Over,1.5,-137,2026-03-30,2026-03-30T18:24:01Z,2026-03-30 11:24:16
PrizePicks,player_frees_made,VJ Edgecombe,Under,1.5,-137,2026-03-30,2026-03-30T18:24:01Z,2026-03-30 11:24:16
PrizePicks,player_frees_made,Nickeil Alexander-Walker,Over,2.5,-137,2026-03-30,2026-03-30T18:23:38Z,2026-03-30 11:24:16
PrizePicks,player_frees_made,Nickeil Alexander-Walker,Under,2.5,-137,2026-03-30,2026-03-30T18:23:38Z,2026-03-30 11:24:16
PrizePicks,player_frees_made,Payton Pritchard,Over,1.5,-137,2026-03-30,2026-03-30T18:23:38Z,2026-03-30 11:24:16
PrizePicks,player_frees_made,Payton Pritchard,Under,1.5,-137,2026-03-30,2026-03-30T18:23:38Z,2026-03-30 11:24:16
PrizePicks,player_frees_made,Victor Wembanyama,Over,4.5,-137,2026-03-31,2026-03-30T18:23:28Z,2026-03-30 11:24:16
PrizePicks,player_frees_made,Victor Wembanyama,Under,4.5,-137,2026-03-31,2026-03-30T18:23:28Z,2026-03-30 11:24:16
PrizePicks,player_frees_made,Collin Sexton,Over,3.5,-137,2026-03-31,2026-03-30T18:23:28Z,2026-03-30 11:24:16
PrizePicks,player_frees_made,Collin Sexton,Under,3.5,-137,2026-03-31,2026-03-30T18:23:28Z,2026-03-30 11:24:16
PrizePicks,player_frees_made,Josh Giddey,Over,2.5,-137,2026-03-31,2026-03-30T18:23:28Z,2026-03-30 11:24:16
PrizePicks,player_frees_made,Josh Giddey,Under,2.5,-137,2026-03-31,2026-03-30T18:23:28Z,2026-03-30 11:24:16
PrizePicks,player_frees_made,Keldon Johnson,Over,1.5,-137,2026-03-31,2026-03-30T18:23:28Z,2026-03-30 11:24:16
PrizePicks,player_frees_made,Keldon Johnson,Under,1.5,-137,2026-03-31,2026-03-30T18:23:28Z,2026-03-30 11:24:16
PrizePicks,player_frees_made,Nick Richards,Over,1.5,-137,2026-03-31,2026-03-30T18:23:28Z,2026-03-30 11:24:16
PrizePicks,player_frees_made,Nick Richards,Under,1.5,-137,2026-03-31,2026-03-30T18:23:28Z,2026-03-30 11:24:16
PrizePicks,player_frees_made,Oso Ighodaro,Over,0.5,-137,2026-03-31,2026-03-30T18:24:23Z,2026-03-30 11:24:16
PrizePicks,player_frees_made,Oso Ighodaro,Under,0.5,-137,2026-03-31,2026-03-30T18:24:23Z,2026-03-30 11:24:16
Betr DFS,player_frees_made,Joel Embiid,Over,6.5,-137,2026-03-30,2026-03-30T18:23:29Z,2026-03-30 11:24:16
Betr DFS,player_frees_made,Joel Embiid,Under,6.5,-137,2026-03-30,2026-03-30T18:23:29Z,2026-03-30 11:24:16
Betr DFS,player_frees_made,Bam Adebayo,Over,4.5,-137,2026-03-30,2026-03-30T18:23:29Z,2026-03-30 11:24:16
Betr DFS,player_frees_made,Bam Adebayo,Under,4.5,-137,2026-03-30,2026-03-30T18:23:29Z,2026-03-30 11:24:16
Betr DFS,player_frees_made,Pelle Larsson,Over,2.5,-137,2026-03-30,2026-03-30T18:23:29Z,2026-03-30 11:24:16
Betr DFS,player_frees_made,Pelle Larsson,Under,2.5,-137,2026-03-30,2026-03-30T18:23:29Z,2026-03-30 11:24:16
Betr DFS,player_frees_made,Jaylen Brown,Over,6.5,-137,2026-03-30,2026-03-30T18:24:20Z,2026-03-30 11:24:16
Betr DFS,player_frees_made,Derrick White,Over,2.5,-137,2026-03-30,2026-03-30T18:24:20Z,2026-03-30 11:24:16
Betr DFS,player_frees_made,Jalen Johnson,Over,3.5,-137,2026-03-30,2026-03-30T18:24:20Z,2026-03-30 11:24:16
Betr DFS,player_frees_made,Jalen Johnson,Under,3.5,-137,2026-03-30,2026-03-30T18:24:20Z,2026-03-30 11:24:16
Betr DFS,player_frees_made,Nickeil Alexander-Walker,Over,2.5,-137,2026-03-30,2026-03-30T18:24:20Z,2026-03-30 11:24:16
Betr DFS,player_frees_made,Nickeil Alexander-Walker,Under,2.5,-137,2026-03-30,2026-03-30T18:24:20Z,2026-03-30 11:24:16
Betr DFS,player_frees_made,Collin Sexton,Over,3.5,-137,2026-03-31,2026-03-30T18:23:23Z,2026-03-30 11:24:16
Betr DFS,player_frees_made,Collin Sexton,Under,3.5,-137,2026-03-31,2026-03-30T18:23:23Z,2026-03-30 11:24:16
Betr DFS,player_frees_made,Josh Giddey,Over,2.5,-137,2026-03-31,2026-03-30T18:23:23Z,2026-03-30 11:24:16
Betr DFS,player_frees_made,Josh Giddey,Under,2.5,-137,2026-03-31,2026-03-30T18:23:23Z,2026-03-30 11:24:16
Betr DFS,player_frees_made,Matas Buzelis,Over,2.5,-137,2026-03-31,2026-03-30T18:23:23Z,2026-03-30 11:24:16
Betr DFS,player_frees_made,Victor Wembanyama,Over,4.5,-137,2026-03-31,2026-03-30T18:23:23Z,2026-03-30 11:24:16
Betr DFS,player_frees_made,Victor Wembanyama,Under,4.5,-137,2026-03-31,2026-03-30T18:23:23Z,2026-03-30 11:24:16
Betr DFS,player_frees_made,Stephon Castle,Over,3.5,-137,2026-03-31,2026-03-30T18:23:23Z,2026-03-30 11:24:16
Betr DFS,player_frees_made,Devin Booker,Over,6.5,-137,2026-03-31,2026-03-30T18:23:45Z,2026-03-30 11:24:16
Betr DFS,player_frees_made,Devin Booker,Under,6.5,-137,2026-03-31,2026-03-30T18:23:45Z,2026-03-30 11:24:16
Underdog,player_frees_made,Tyrese Maxey,Over,4.5,-137,2026-03-30,2026-03-30T18:23:42Z,2026-03-30 11:24:16
Underdog,player_frees_made,Tyrese Maxey,Under,4.5,-137,2026-03-30,2026-03-30T18:23:42Z,2026-03-30 11:24:16
Underdog,player_frees_made,Stephon Castle,Over,3.5,-137,2026-03-31,2026-03-30T18:23:28Z,2026-03-30 11:24:16
Underdog,player_frees_made,Stephon Castle,Under,3.5,-137,2026-03-31,2026-03-30T18:23:28Z,2026-03-30 11:24:16
Underdog,player_frees_made,Devin Booker,Over,6.5,-137,2026-03-31,2026-03-30T18:23:40Z,2026-03-30 11:24:16
Underdog,player_frees_made,Devin Booker,Under,6.5,-137,2026-03-31,2026-03-30T18:23:40Z,2026-03-30 11:24:16
Betr DFS,player_frees_attempts,Tyrese Maxey,Over,5.5,-137,2026-03-30,2026-03-30T18:23:29Z,2026-03-30 11:24:16
Betr DFS,player_frees_attempts,Bam Adebayo,Over,6.5,-137,2026-03-30,2026-03-30T18:23:29Z,2026-03-30 11:24:16
Betr DFS,player_frees_attempts,Tyler Herro,Over,4.5,-137,2026-03-30,2026-03-30T18:23:29Z,2026-03-30 11:24:16
Betr DFS,player_frees_attempts,Pelle Larsson,Over,3.5,-137,2026-03-30,2026-03-30T18:23:29Z,2026-03-30 11:24:16
Betr DFS,player_frees_attempts,Pelle Larsson,Under,3.5,-137,2026-03-30,2026-03-30T18:23:29Z,2026-03-30 11:24:16
Betr DFS,player_frees_attempts,Jaylen Brown,Over,7.5,-137,2026-03-30,2026-03-30T18:24:20Z,2026-03-30 11:24:16
Betr DFS,player_frees_attempts,Jaylen Brown,Under,7.5,-137,2026-03-30,2026-03-30T18:24:20Z,2026-03-30 11:24:16
Betr DFS,player_frees_attempts,Jalen Johnson,Over,4.5,-137,2026-03-30,2026-03-30T18:24:20Z,2026-03-30 11:24:16
Betr DFS,player_frees_attempts,Jalen Johnson,Under,4.5,-137,2026-03-30,2026-03-30T18:24:20Z,2026-03-30 11:24:16
Betr DFS,player_frees_attempts,Collin Sexton,Over,4.5,-137,2026-03-31,2026-03-30T18:23:23Z,2026-03-30 11:24:16
Betr DFS,player_frees_attempts,Josh Giddey,Over,3.5,-137,2026-03-31,2026-03-30T18:23:23Z,2026-03-30 11:24:16
Betr DFS,player_frees_attempts,Josh Giddey,Under,3.5,-137,2026-03-31,2026-03-30T18:23:23Z,2026-03-30 11:24:16
Betr DFS,player_frees_attempts,Stephon Castle,Over,4.5,-137,2026-03-31,2026-03-30T18:23:23Z,2026-03-30 11:24:16
Betr DFS,player_frees_attempts,Devin Booker,Over,7.5,-137,2026-03-31,2026-03-30T18:23:45Z,2026-03-30 11:24:16
Betr DFS,player_frees_attempts,Devin Booker,Under,7.5,-137,2026-03-31,2026-03-30T18:23:45Z,2026-03-30 11:24:16
PrizePicks,player_frees_attempts,Josh Giddey,Over,3.5,-137,2026-03-31,2026-03-30T18:23:28Z,2026-03-30 11:24:16
PrizePicks,player_frees_attempts,Josh Giddey,Under,3.5,-137,2026-03-31,2026-03-30T18:23:28Z,2026-03-30 11:24:16
PrizePicks,player_frees_attempts,De'Aaron Fox,Over,2.5,-137,2026-03-31,2026-03-30T18:23:28Z,2026-03-30 11:24:16
PrizePicks,player_frees_attempts,De'Aaron Fox,Under,2.5,-137,2026-03-31,2026-03-30T18:23:28Z,2026-03-30 11:24:16
PrizePicks,player_frees_attempts,Tre Jones,Over,2.5,-137,2026-03-31,2026-03-30T18:23:28Z,2026-03-30 11:24:16
PrizePicks,player_frees_attempts,Tre Jones,Under,2.5,-137,2026-03-31,2026-03-30T18:23:28Z,2026-03-30 11:24:16
PrizePicks,player_frees_attempts,Isaac Okoro,Over,1.5,-137,2026-03-31,2026-03-30T18:23:28Z,2026-03-30 11:24:16
PrizePicks,player_frees_attempts,Isaac Okoro,Under,1.5,-137,2026-03-31,2026-03-30T18:23:28Z,2026-03-30 11:24:16
PrizePicks,player_frees_attempts,Harrison Barnes,Over,0.5,-137,2026-03-31,2026-03-30T18:23:28Z,2026-03-30 11:24:16
PrizePicks,player_frees_attempts,Harrison Barnes,Under,0.5,-137,2026-03-31,2026-03-30T18:23:28Z,2026-03-30 11:24:16
PrizePicks,player_frees_attempts,Cedric Coward,Over,2.5,-137,2026-03-31,2026-03-30T18:24:23Z,2026-03-30 11:24:16
PrizePicks,player_frees_attempts,Cedric Coward,Under,2.5,-137,2026-03-31,2026-03-30T18:24:23Z,2026-03-30 11:24:16
PrizePicks,player_frees_attempts,Walter Clayton Jr.,Over,2.5,-137,2026-03-31,2026-03-30T18:24:23Z,2026-03-30 11:24:16
PrizePicks,player_frees_attempts,Walter Clayton Jr.,Under,2.5,-137,2026-03-31,2026-03-30T18:24:23Z,2026-03-30 11:24:16
PrizePicks,player_frees_attempts,Rayan Rupert,Over,1.5,-137,2026-03-31,2026-03-30T18:24:23Z,2026-03-30 11:24:16
PrizePicks,player_frees_attempts,Rayan Rupert,Under,1.5,-137,2026-03-31,2026-03-30T18:24:23Z,2026-03-30 11:24:16
PrizePicks,player_points_rebounds_assists,Joel Embiid,Over,39.5,-137,2026-03-30,2026-03-30T18:24:01Z,2026-03-30 11:24:16
PrizePicks,player_points_rebounds_assists,Joel Embiid,Under,39.5,-137,2026-03-30,2026-03-30T18:24:01Z,2026-03-30 11:24:16
PrizePicks,player_points_rebounds_assists,Tyrese Maxey,Over,39.5,-137,2026-03-30,2026-03-30T18:24:01Z,2026-03-30 11:24:16
PrizePicks,player_points_rebounds_assists,Tyrese Maxey,Under,39.5,-137,2026-03-30,2026-03-30T18:24:01Z,2026-03-30 11:24:16
PrizePicks,player_points_rebounds_assists,Bam Adebayo,Over,35.5,-137,2026-03-30,2026-03-30T18:24:01Z,2026-03-30 11:24:16
PrizePicks,player_points_rebounds_assists,Bam Adebayo,Under,35.5,-137,2026-03-30,2026-03-30T18:24:01Z,2026-03-30 11:24:16
PrizePicks,player_points_rebounds_assists,Tyler Herro,Over,32.5,-137,2026-03-30,2026-03-30T18:24:01Z,2026-03-30 11:24:16
PrizePicks,player_points_rebounds_assists,Tyler Herro,Under,32.5,-137,2026-03-30,2026-03-30T18:24:01Z,2026-03-30 11:24:16
PrizePicks,player_points_rebounds_assists,Paul George,Over,28.5,-137,2026-03-30,2026-03-30T18:24:01Z,2026-03-30 11:24:16
PrizePicks,player_points_rebounds_assists,Paul George,Under,28.5,-137,2026-03-30,2026-03-30T18:24:01Z,2026-03-30 11:24:16
PrizePicks,player_points_rebounds_assists,VJ Edgecombe,Over,22.5,-137,2026-03-30,2026-03-30T18:24:01Z,2026-03-30 11:24:16
PrizePicks,player_points_rebounds_assists,VJ Edgecombe,Under,22.5,-137,2026-03-30,2026-03-30T18:24:01Z,2026-03-30 11:24:16
PrizePicks,player_points_rebounds_assists,Andrew Wiggins,Over,21.5,-137,2026-03-30,2026-03-30T18:24:01Z,2026-03-30 11:24:16
PrizePicks,player_points_rebounds_assists,Andrew Wiggins,Under,21.5,-137,2026-03-30,2026-03-30T18:24:01Z,2026-03-30 11:24:16
PrizePicks,player_points_rebounds_assists,Jaime Jaquez Jr,Over,21.5,-137,2026-03-30,2026-03-30T18:24:01Z,2026-03-30 11:24:16
PrizePicks,player_points_rebounds_assists,Jaime Jaquez Jr,Under,21.5,-137,2026-03-30,2026-03-30T18:24:01Z,2026-03-30 11:24:16
PrizePicks,player_points_rebounds_assists,Davion Mitchell,Over,18.5,-137,2026-03-30,2026-03-30T18:24:01Z,2026-03-30 11:24:16
PrizePicks,player_points_rebounds_assists,Davion Mitchell,Under,18.5,-137,2026-03-30,2026-03-30T18:24:01Z,2026-03-30 11:24:16
PrizePicks,player_points_rebounds_assists,Quentin Grimes,Over,15.5,-137,2026-03-30,2026-03-30T18:24:01Z,2026-03-30 11:24:16
PrizePicks,player_points_rebounds_assists,Quentin Grimes,Under,15.5,-137,2026-03-30,2026-03-30T18:24:01Z,2026-03-30 11:24:16
PrizePicks,player_points_rebounds_assists,Kelly Oubre Jr,Over,14.5,-137,2026-03-30,2026-03-30T18:24:01Z,2026-03-30 11:24:16
PrizePicks,player_points_rebounds_assists,Kelly Oubre Jr,Under,14.5,-137,2026-03-30,2026-03-30T18:24:01Z,2026-03-30 11:24:16
PrizePicks,player_points_rebounds_assists,Dominick Barlow,Over,9.5,-137,2026-03-30,2026-03-30T18:24:01Z,2026-03-30 11:24:16
PrizePicks,player_points_rebounds_assists,Dominick Barlow,Under,9.5,-137,2026-03-30,2026-03-30T18:24:01Z,2026-03-30 11:24:16
PrizePicks,player_points_rebounds_assists,Jaylen Brown,Over,41.5,-137,2026-03-30,2026-03-30T18:23:38Z,2026-03-30 11:24:16
PrizePicks,player_points_rebounds_assists,Jaylen Brown,Under,41.5,-137,2026-03-30,2026-03-30T18:23:38Z,2026-03-30 11:24:16
PrizePicks,player_points_rebounds_assists,Jalen Johnson,Over,39.5,-137,2026-03-30,2026-03-30T18:23:38Z,2026-03-30 11:24:16
PrizePicks,player_points_rebounds_assists,Jalen Johnson,Under,39.5,-137,2026-03-30,2026-03-30T18:23:38Z,2026-03-30 11:24:16
PrizePicks,player_points_rebounds_assists,Derrick White,Over,28.5,-137,2026-03-30,2026-03-30T18:23:38Z,2026-03-30 11:24:16
PrizePicks,player_points_rebounds_assists,Derrick White,Under,28.5,-137,2026-03-30,2026-03-30T18:23:38Z,2026-03-30 11:24:16
PrizePicks,player_points_rebounds_assists,Payton Pritchard,Over,27.5,-137,2026-03-30,2026-03-30T18:23:38Z,2026-03-30 11:24:16
PrizePicks,player_points_rebounds_assists,Payton Pritchard,Under,27.5,-137,2026-03-30,2026-03-30T18:23:38Z,2026-03-30 11:24:16
PrizePicks,player_points_rebounds_assists,Nickeil Alexander-Walker,Over,25.5,-137,2026-03-30,2026-03-30T18:23:38Z,2026-03-30 11:24:16
PrizePicks,player_points_rebounds_assists,Nickeil Alexander-Walker,Under,25.5,-137,2026-03-30,2026-03-30T18:23:38Z,2026-03-30 11:24:16
PrizePicks,player_points_rebounds_assists,C.J. McCollum,Over,24.5,-137,2026-03-30,2026-03-30T18:23:38Z,2026-03-30 11:24:16
PrizePicks,player_points_rebounds_assists,C.J. McCollum,Under,24.5,-137,2026-03-30,2026-03-30T18:23:38Z,2026-03-30 11:24:16
PrizePicks,player_points_rebounds_assists,Dyson Daniels,Over,22.5,-137,2026-03-30,2026-03-30T18:23:38Z,2026-03-30 11:24:16
PrizePicks,player_points_rebounds_assists,Dyson Daniels,Under,22.5,-137,2026-03-30,2026-03-30T18:23:38Z,2026-03-30 11:24:16
PrizePicks,player_points_rebounds_assists,Onyeka Okongwu,Over,22.5,-137,2026-03-30,2026-03-30T18:23:38Z,2026-03-30 11:24:16
PrizePicks,player_points_rebounds_assists,Onyeka Okongwu,Under,22.5,-137,2026-03-30,2026-03-30T18:23:38Z,2026-03-30 11:24:16
PrizePicks,player_points_rebounds_assists,Sam Hauser,Over,15.0,-137,2026-03-30,2026-03-30T18:23:38Z,2026-03-30 11:24:16
PrizePicks,player_points_rebounds_assists,Sam Hauser,Under,15.0,-137,2026-03-30,2026-03-30T18:23:38Z,2026-03-30 11:24:16
PrizePicks,player_points_rebounds_assists,Jonathan Kuminga,Over,14.5,-137,2026-03-30,2026-03-30T18:23:38Z,2026-03-30 11:24:16
PrizePicks,player_points_rebounds_assists,Jonathan Kuminga,Under,14.5,-137,2026-03-30,2026-03-30T18:23:38Z,2026-03-30 11:24:16
PrizePicks,player_points_rebounds_assists,Zaccharie Risacher,Over,9.5,-137,2026-03-30,2026-03-30T18:23:38Z,2026-03-30 11:24:16
PrizePicks,player_points_rebounds_assists,Zaccharie Risacher,Under,9.5,-137,2026-03-30,2026-03-30T18:23:38Z,2026-03-30 11:24:16
PrizePicks,player_points_rebounds_assists,Victor Wembanyama,Over,41.5,-137,2026-03-31,2026-03-30T18:23:28Z,2026-03-30 11:24:16
PrizePicks,player_points_rebounds_assists,Victor Wembanyama,Under,41.5,-137,2026-03-31,2026-03-30T18:23:28Z,2026-03-30 11:24:16
PrizePicks,player_points_rebounds_assists,Josh Giddey,Over,34.5,-137,2026-03-31,2026-03-30T18:23:28Z,2026-03-30 11:24:16
PrizePicks,player_points_rebounds_assists,Josh Giddey,Under,34.5,-137,2026-03-31,2026-03-30T18:23:28Z,2026-03-30 11:24:16
PrizePicks,player_points_rebounds_assists,Stephon Castle,Over,29.5,-137,2026-03-31,2026-03-30T18:23:28Z,2026-03-30 11:24:16
PrizePicks,player_points_rebounds_assists,Stephon Castle,Under,29.5,-137,2026-03-31,2026-03-30T18:23:28Z,2026-03-30 11:24:16
PrizePicks,player_points_rebounds_assists,De'Aaron Fox,Over,26.5,-137,2026-03-31,2026-03-30T18:23:28Z,2026-03-30 11:24:16
PrizePicks,player_points_rebounds_assists,De'Aaron Fox,Under,26.5,-137,2026-03-31,2026-03-30T18:23:28Z,2026-03-30 11:24:16
PrizePicks,player_points_rebounds_assists,Matas Buzelis,Over,26.5,-137,2026-03-31,2026-03-30T18:23:28Z,2026-03-30 11:24:16
PrizePicks,player_points_rebounds_assists,Matas Buzelis,Under,26.5,-137,2026-03-31,2026-03-30T18:23:28Z,2026-03-30 11:24:16
PrizePicks,player_points_rebounds_assists,Collin Sexton,Over,22.5,-137,2026-03-31,2026-03-30T18:23:28Z,2026-03-30 11:24:16
PrizePicks,player_points_rebounds_assists,Collin Sexton,Under,22.5,-137,2026-03-31,2026-03-30T18:23:28Z,2026-03-30 11:24:16
PrizePicks,player_points_rebounds_assists,Tre Jones,Over,22.5,-137,2026-03-31,2026-03-30T18:23:28Z,2026-03-30 11:24:16
PrizePicks,player_points_rebounds_assists,Tre Jones,Under,22.5,-137,2026-03-31,2026-03-30T18:23:28Z,2026-03-30 11:24:16
PrizePicks,player_points_rebounds_assists,Dylan Harper,Over,21.5,-137,2026-03-31,2026-03-30T18:23:28Z,2026-03-30 11:24:16
PrizePicks,player_points_rebounds_assists,Dylan Harper,Under,21.5,-137,2026-03-31,2026-03-30T18:23:28Z,2026-03-30 11:24:16
PrizePicks,player_points_rebounds_assists,Devin Vassell,Over,19.5,-137,2026-03-31,2026-03-30T18:23:28Z,2026-03-30 11:24:16
PrizePicks,player_points_rebounds_assists,Devin Vassell,Under,19.5,-137,2026-03-31,2026-03-30T18:23:28Z,2026-03-30 11:24:16
PrizePicks,player_points_rebounds_assists,Keldon Johnson,Over,19.5,-137,2026-03-31,2026-03-30T18:23:28Z,2026-03-30 11:24:16
PrizePicks,player_points_rebounds_assists,Keldon Johnson,Under,19.5,-137,2026-03-31,2026-03-30T18:23:28Z,2026-03-30 11:24:16
PrizePicks,player_points_rebounds_assists,Julian Champagnie,Over,17.0,-137,2026-03-31,2026-03-30T18:23:28Z,2026-03-30 11:24:16
PrizePicks,player_points_rebounds_assists,Julian Champagnie,Under,17.0,-137,2026-03-31,2026-03-30T18:23:28Z,2026-03-30 11:24:16
PrizePicks,player_points_rebounds_assists,Nick Richards,Over,16.5,-137,2026-03-31,2026-03-30T18:23:28Z,2026-03-30 11:24:16
PrizePicks,player_points_rebounds_assists,Nick Richards,Under,16.5,-137,2026-03-31,2026-03-30T18:23:28Z,2026-03-30 11:24:16
PrizePicks,player_points_rebounds_assists,Isaac Okoro,Over,13.5,-137,2026-03-31,2026-03-30T18:23:28Z,2026-03-30 11:24:16
PrizePicks,player_points_rebounds_assists,Isaac Okoro,Under,13.5,-137,2026-03-31,2026-03-30T18:23:28Z,2026-03-30 11:24:16
PrizePicks,player_points_rebounds_assists,Harrison Barnes,Over,11.5,-137,2026-03-31,2026-03-30T18:23:28Z,2026-03-30 11:24:16
PrizePicks,player_points_rebounds_assists,Harrison Barnes,Under,11.5,-137,2026-03-31,2026-03-30T18:23:28Z,2026-03-30 11:24:16
PrizePicks,player_points_rebounds_assists,Luke Kornet,Over,11.5,-137,2026-03-31,2026-03-30T18:23:28Z,2026-03-30 11:24:16
PrizePicks,player_points_rebounds_assists,Luke Kornet,Under,11.5,-137,2026-03-31,2026-03-30T18:23:28Z,2026-03-30 11:24:16
PrizePicks,player_points_rebounds_assists,Devin Booker,Over,36.5,-137,2026-03-31,2026-03-30T18:24:23Z,2026-03-30 11:24:16
PrizePicks,player_points_rebounds_assists,Devin Booker,Under,36.5,-137,2026-03-31,2026-03-30T18:24:23Z,2026-03-30 11:24:16
PrizePicks,player_points_rebounds_assists,Jalen Green,Over,30.5,-137,2026-03-31,2026-03-30T18:24:23Z,2026-03-30 11:24:16
PrizePicks,player_points_rebounds_assists,Jalen Green,Under,30.5,-137,2026-03-31,2026-03-30T18:24:23Z,2026-03-30 11:24:16
PrizePicks,player_points_rebounds_assists,G.G. Jackson,Over,24.5,-137,2026-03-31,2026-03-30T18:24:23Z,2026-03-30 11:24:16
PrizePicks,player_points_rebounds_assists,G.G. Jackson,Under,24.5,-137,2026-03-31,2026-03-30T18:24:23Z,2026-03-30 11:24:16
PrizePicks,player_points_rebounds_assists,Cedric Coward,Over,23.5,-137,2026-03-31,2026-03-30T18:24:23Z,2026-03-30 11:24:16
PrizePicks,player_points_rebounds_assists,Cedric Coward,Under,23.5,-137,2026-03-31,2026-03-30T18:24:23Z,2026-03-30 11:24:16
PrizePicks,player_points_rebounds_assists,Collin Gillespie,Over,21.5,-137,2026-03-31,2026-03-30T18:24:23Z,2026-03-30 11:24:16
PrizePicks,player_points_rebounds_assists,Collin Gillespie,Under,21.5,-137,2026-03-31,2026-03-30T18:24:23Z,2026-03-30 11:24:16
PrizePicks,player_points_rebounds_assists,Grayson Allen,Over,21.5,-137,2026-03-31,2026-03-30T18:24:23Z,2026-03-30 11:24:16
PrizePicks,player_points_rebounds_assists,Grayson Allen,Under,21.5,-137,2026-03-31,2026-03-30T18:24:23Z,2026-03-30 11:24:16
PrizePicks,player_points_rebounds_assists,Oso Ighodaro,Over,19.5,-137,2026-03-31,2026-03-30T18:24:23Z,2026-03-30 11:24:16
PrizePicks,player_points_rebounds_assists,Oso Ighodaro,Under,19.5,-137,2026-03-31,2026-03-30T18:24:23Z,2026-03-30 11:24:16
PrizePicks,player_points_rebounds_assists,Taylor Hendricks,Over,19.5,-137,2026-03-31,2026-03-30T18:24:23Z,2026-03-30 11:24:16
PrizePicks,player_points_rebounds_assists,Taylor Hendricks,Under,19.5,-137,2026-03-31,2026-03-30T18:24:23Z,2026-03-30 11:24:16
PrizePicks,player_points_rebounds_assists,Walter Clayton Jr.,Over,19.5,-137,2026-03-31,2026-03-30T18:24:23Z,2026-03-30 11:24:16
PrizePicks,player_points_rebounds_assists,Walter Clayton Jr.,Under,19.5,-137,2026-03-31,2026-03-30T18:24:23Z,2026-03-30 11:24:16
PrizePicks,player_points_rebounds_assists,Royce O'Neale,Over,17.5,-137,2026-03-31,2026-03-30T18:24:23Z,2026-03-30 11:24:16
PrizePicks,player_points_rebounds_assists,Royce O'Neale,Under,17.5,-137,2026-03-31,2026-03-30T18:24:23Z,2026-03-30 11:24:16
PrizePicks,player_points_rebounds_assists,Jordan Goodwin,Over,17.5,-137,2026-03-31,2026-03-30T18:24:23Z,2026-03-30 11:24:16
PrizePicks,player_points_rebounds_assists,Jordan Goodwin,Under,17.5,-137,2026-03-31,2026-03-30T18:24:23Z,2026-03-30 11:24:16
PrizePicks,player_points_rebounds_assists,Rayan Rupert,Over,16.5,-137,2026-03-31,2026-03-30T18:24:23Z,2026-03-30 11:24:16
PrizePicks,player_points_rebounds_assists,Rayan Rupert,Under,16.5,-137,2026-03-31,2026-03-30T18:24:23Z,2026-03-30 11:24:16
PrizePicks,player_points_rebounds_assists,Rasheer Fleming,Over,12.5,-137,2026-03-31,2026-03-30T18:24:23Z,2026-03-30 11:24:16
PrizePicks,player_points_rebounds_assists,Rasheer Fleming,Under,12.5,-137,2026-03-31,2026-03-30T18:24:23Z,2026-03-30 11:24:16
Betr DFS,player_points_rebounds_assists,Joel Embiid,Over,40.5,-137,2026-03-30,2026-03-30T18:23:29Z,2026-03-30 11:24:16
Betr DFS,player_points_rebounds_assists,Joel Embiid,Under,40.5,-137,2026-03-30,2026-03-30T18:23:29Z,2026-03-30 11:24:16
Betr DFS,player_points_rebounds_assists,Tyrese Maxey,Over,39.5,-137,2026-03-30,2026-03-30T18:23:29Z,2026-03-30 11:24:16
Betr DFS,player_points_rebounds_assists,Tyrese Maxey,Under,39.5,-137,2026-03-30,2026-03-30T18:23:29Z,2026-03-30 11:24:16
Betr DFS,player_points_rebounds_assists,Paul George,Over,28.5,-137,2026-03-30,2026-03-30T18:23:29Z,2026-03-30 11:24:16
Betr DFS,player_points_rebounds_assists,Paul George,Under,28.5,-137,2026-03-30,2026-03-30T18:23:29Z,2026-03-30 11:24:16
Betr DFS,player_points_rebounds_assists,VJ Edgecombe,Over,22.5,-137,2026-03-30,2026-03-30T18:23:29Z,2026-03-30 11:24:16
Betr DFS,player_points_rebounds_assists,VJ Edgecombe,Under,22.5,-137,2026-03-30,2026-03-30T18:23:29Z,2026-03-30 11:24:16
Betr DFS,player_points_rebounds_assists,Bam Adebayo,Over,35.5,-137,2026-03-30,2026-03-30T18:23:29Z,2026-03-30 11:24:16
Betr DFS,player_points_rebounds_assists,Bam Adebayo,Under,35.5,-137,2026-03-30,2026-03-30T18:23:29Z,2026-03-30 11:24:16
Betr DFS,player_points_rebounds_assists,Tyler Herro,Over,32.5,-137,2026-03-30,2026-03-30T18:23:29Z,2026-03-30 11:24:16
Betr DFS,player_points_rebounds_assists,Tyler Herro,Under,32.5,-137,2026-03-30,2026-03-30T18:23:29Z,2026-03-30 11:24:16
Betr DFS,player_points_rebounds_assists,Andrew Wiggins,Over,21.5,-137,2026-03-30,2026-03-30T18:23:29Z,2026-03-30 11:24:16
Betr DFS,player_points_rebounds_assists,Andrew Wiggins,Under,21.5,-137,2026-03-30,2026-03-30T18:23:29Z,2026-03-30 11:24:16
Betr DFS,player_points_rebounds_assists,Davion Mitchell,Over,18.5,-137,2026-03-30,2026-03-30T18:23:29Z,2026-03-30 11:24:16
Betr DFS,player_points_rebounds_assists,Davion Mitchell,Under,18.5,-137,2026-03-30,2026-03-30T18:23:29Z,2026-03-30 11:24:16
Betr DFS,player_points_rebounds_assists,Jaime Jaquez Jr,Over,21.5,-137,2026-03-30,2026-03-30T18:23:29Z,2026-03-30 11:24:16
Betr DFS,player_points_rebounds_assists,Jaime Jaquez Jr,Under,21.5,-137,2026-03-30,2026-03-30T18:23:29Z,2026-03-30 11:24:16
Betr DFS,player_points_rebounds_assists,Pelle Larsson,Over,20.5,-137,2026-03-30,2026-03-30T18:23:29Z,2026-03-30 11:24:16
Betr DFS,player_points_rebounds_assists,Pelle Larsson,Under,20.5,-137,2026-03-30,2026-03-30T18:23:29Z,2026-03-30 11:24:16
Betr DFS,player_points_rebounds_assists,Jaylen Brown,Over,41.5,-137,2026-03-30,2026-03-30T18:24:20Z,2026-03-30 11:24:16
Betr DFS,player_points_rebounds_assists,Jaylen Brown,Under,41.5,-137,2026-03-30,2026-03-30T18:24:20Z,2026-03-30 11:24:16
Betr DFS,player_points_rebounds_assists,Derrick White,Over,28.5,-137,2026-03-30,2026-03-30T18:24:20Z,2026-03-30 11:24:16
Betr DFS,player_points_rebounds_assists,Derrick White,Under,28.5,-137,2026-03-30,2026-03-30T18:24:20Z,2026-03-30 11:24:16
Betr DFS,player_points_rebounds_assists,Payton Pritchard,Over,27.5,-137,2026-03-30,2026-03-30T18:24:20Z,2026-03-30 11:24:16
Betr DFS,player_points_rebounds_assists,Payton Pritchard,Under,27.5,-137,2026-03-30,2026-03-30T18:24:20Z,2026-03-30 11:24:16
Betr DFS,player_points_rebounds_assists,Onyeka Okongwu,Over,22.5,-137,2026-03-30,2026-03-30T18:24:20Z,2026-03-30 11:24:16
Betr DFS,player_points_rebounds_assists,Onyeka Okongwu,Under,22.5,-137,2026-03-30,2026-03-30T18:24:20Z,2026-03-30 11:24:16
Betr DFS,player_points_rebounds_assists,Jalen Johnson,Over,39.5,-137,2026-03-30,2026-03-30T18:24:20Z,2026-03-30 11:24:16
Betr DFS,player_points_rebounds_assists,Jalen Johnson,Under,39.5,-137,2026-03-30,2026-03-30T18:24:20Z,2026-03-30 11:24:16
Betr DFS,player_points_rebounds_assists,Nickeil Alexander-Walker,Over,25.5,-137,2026-03-30,2026-03-30T18:24:20Z,2026-03-30 11:24:16
Betr DFS,player_points_rebounds_assists,Nickeil Alexander-Walker,Under,25.5,-137,2026-03-30,2026-03-30T18:24:20Z,2026-03-30 11:24:16
Betr DFS,player_points_rebounds_assists,C.J. McCollum,Over,24.5,-137,2026-03-30,2026-03-30T18:24:20Z,2026-03-30 11:24:16
Betr DFS,player_points_rebounds_assists,C.J. McCollum,Under,24.5,-137,2026-03-30,2026-03-30T18:24:20Z,2026-03-30 11:24:16
Betr DFS,player_points_rebounds_assists,Dyson Daniels,Over,22.5,-137,2026-03-30,2026-03-30T18:24:20Z,2026-03-30 11:24:16
Betr DFS,player_points_rebounds_assists,Dyson Daniels,Under,22.5,-137,2026-03-30,2026-03-30T18:24:20Z,2026-03-30 11:24:16
Betr DFS,player_points_rebounds_assists,Collin Sexton,Over,22.5,-137,2026-03-31,2026-03-30T18:23:23Z,2026-03-30 11:24:16
Betr DFS,player_points_rebounds_assists,Collin Sexton,Under,22.5,-137,2026-03-31,2026-03-30T18:23:23Z,2026-03-30 11:24:16
Betr DFS,player_points_rebounds_assists,Josh Giddey,Over,34.5,-137,2026-03-31,2026-03-30T18:23:23Z,2026-03-30 11:24:16
Betr DFS,player_points_rebounds_assists,Josh Giddey,Under,34.5,-137,2026-03-31,2026-03-30T18:23:23Z,2026-03-30 11:24:16
Betr DFS,player_points_rebounds_assists,Tre Jones,Over,21.5,-137,2026-03-31,2026-03-30T18:23:23Z,2026-03-30 11:24:16
Betr DFS,player_points_rebounds_assists,Tre Jones,Under,21.5,-137,2026-03-31,2026-03-30T18:23:23Z,2026-03-30 11:24:16
Betr DFS,player_points_rebounds_assists,Matas Buzelis,Over,26.5,-137,2026-03-31,2026-03-30T18:23:23Z,2026-03-30 11:24:16
Betr DFS,player_points_rebounds_assists,Matas Buzelis,Under,26.5,-137,2026-03-31,2026-03-30T18:23:23Z,2026-03-30 11:24:16
Betr DFS,player_points_rebounds_assists,Keldon Johnson,Over,19.5,-137,2026-03-31,2026-03-30T18:23:23Z,2026-03-30 11:24:16
Betr DFS,player_points_rebounds_assists,Keldon Johnson,Under,19.5,-137,2026-03-31,2026-03-30T18:23:23Z,2026-03-30 11:24:16
Betr DFS,player_points_rebounds_assists,Devin Vassell,Over,19.5,-137,2026-03-31,2026-03-30T18:23:23Z,2026-03-30 11:24:16
Betr DFS,player_points_rebounds_assists,Devin Vassell,Under,19.5,-137,2026-03-31,2026-03-30T18:23:23Z,2026-03-30 11:24:16
Betr DFS,player_points_rebounds_assists,De'Aaron Fox,Over,25.5,-137,2026-03-31,2026-03-30T18:23:23Z,2026-03-30 11:24:16
Betr DFS,player_points_rebounds_assists,De'Aaron Fox,Under,25.5,-137,2026-03-31,2026-03-30T18:23:23Z,2026-03-30 11:24:16
Betr DFS,player_points_rebounds_assists,Victor Wembanyama,Over,41.5,-137,2026-03-31,2026-03-30T18:23:23Z,2026-03-30 11:24:16
Betr DFS,player_points_rebounds_assists,Victor Wembanyama,Under,41.5,-137,2026-03-31,2026-03-30T18:23:23Z,2026-03-30 11:24:16
Betr DFS,player_points_rebounds_assists,Stephon Castle,Over,29.5,-137,2026-03-31,2026-03-30T18:23:23Z,2026-03-30 11:24:16
Betr DFS,player_points_rebounds_assists,Stephon Castle,Under,29.5,-137,2026-03-31,2026-03-30T18:23:23Z,2026-03-30 11:24:16
Betr DFS,player_points_rebounds_assists,Dylan Harper,Over,21.5,-137,2026-03-31,2026-03-30T18:23:23Z,2026-03-30 11:24:16
Betr DFS,player_points_rebounds_assists,Dylan Harper,Under,21.5,-137,2026-03-31,2026-03-30T18:23:23Z,2026-03-30 11:24:16
Betr DFS,player_points_rebounds_assists,Grayson Allen,Over,21.5,-137,2026-03-31,2026-03-30T18:23:45Z,2026-03-30 11:24:16
Betr DFS,player_points_rebounds_assists,Grayson Allen,Under,21.5,-137,2026-03-31,2026-03-30T18:23:45Z,2026-03-30 11:24:16
Betr DFS,player_points_rebounds_assists,Collin Gillespie,Over,21.5,-137,2026-03-31,2026-03-30T18:23:45Z,2026-03-30 11:24:16
Betr DFS,player_points_rebounds_assists,Collin Gillespie,Under,21.5,-137,2026-03-31,2026-03-30T18:23:45Z,2026-03-30 11:24:16
Betr DFS,player_points_rebounds_assists,Jalen Green,Over,30.5,-137,2026-03-31,2026-03-30T18:23:45Z,2026-03-30 11:24:16
Betr DFS,player_points_rebounds_assists,Jalen Green,Under,30.5,-137,2026-03-31,2026-03-30T18:23:45Z,2026-03-30 11:24:16
Betr DFS,player_points_rebounds_assists,Devin Booker,Over,37.5,-137,2026-03-31,2026-03-30T18:23:45Z,2026-03-30 11:24:16
Betr DFS,player_points_rebounds_assists,Devin Booker,Under,37.5,-137,2026-03-31,2026-03-30T18:23:45Z,2026-03-30 11:24:16
Betr DFS,player_points_rebounds_assists,Oso Ighodaro,Over,19.5,-137,2026-03-31,2026-03-30T18:23:45Z,2026-03-30 11:24:16
Betr DFS,player_points_rebounds_assists,Oso Ighodaro,Under,19.5,-137,2026-03-31,2026-03-30T18:23:45Z,2026-03-30 11:24:16
Betr DFS,player_points_rebounds_assists,G.G. Jackson,Over,24.5,-137,2026-03-31,2026-03-30T18:23:45Z,2026-03-30 11:24:16
Betr DFS,player_points_rebounds_assists,G.G. Jackson,Under,24.5,-137,2026-03-31,2026-03-30T18:23:45Z,2026-03-30 11:24:16
Betr DFS,player_points_rebounds_assists,Walter Clayton Jr.,Over,19.5,-137,2026-03-31,2026-03-30T18:23:45Z,2026-03-30 11:24:16
Betr DFS,player_points_rebounds_assists,Walter Clayton Jr.,Under,19.5,-137,2026-03-31,2026-03-30T18:23:45Z,2026-03-30 11:24:16
Betr DFS,player_points_rebounds_assists,Cedric Coward,Over,23.5,-137,2026-03-31,2026-03-30T18:23:45Z,2026-03-30 11:24:16
Betr DFS,player_points_rebounds_assists,Cedric Coward,Under,23.5,-137,2026-03-31,2026-03-30T18:23:45Z,2026-03-30 11:24:16
Underdog,player_points_rebounds_assists,Joel Embiid,Over,39.5,-137,2026-03-30,2026-03-30T18:23:42Z,2026-03-30 11:24:16
Underdog,player_points_rebounds_assists,Joel Embiid,Under,39.5,-137,2026-03-30,2026-03-30T18:23:42Z,2026-03-30 11:24:16
Underdog,player_points_rebounds_assists,Paul George,Over,28.5,-137,2026-03-30,2026-03-30T18:23:42Z,2026-03-30 11:24:16
Underdog,player_points_rebounds_assists,Paul George,Under,28.5,-137,2026-03-30,2026-03-30T18:23:42Z,2026-03-30 11:24:16
Underdog,player_points_rebounds_assists,Bam Adebayo,Over,35.5,-137,2026-03-30,2026-03-30T18:23:42Z,2026-03-30 11:24:16
Underdog,player_points_rebounds_assists,Bam Adebayo,Under,35.5,-137,2026-03-30,2026-03-30T18:23:42Z,2026-03-30 11:24:16
Underdog,player_points_rebounds_assists,Tyler Herro,Over,32.5,-137,2026-03-30,2026-03-30T18:23:42Z,2026-03-30 11:24:16
Underdog,player_points_rebounds_assists,Tyler Herro,Under,32.5,-137,2026-03-30,2026-03-30T18:23:42Z,2026-03-30 11:24:16
Underdog,player_points_rebounds_assists,Tyrese Maxey,Over,39.5,-137,2026-03-30,2026-03-30T18:23:42Z,2026-03-30 11:24:16
Underdog,player_points_rebounds_assists,Tyrese Maxey,Under,39.5,-137,2026-03-30,2026-03-30T18:23:42Z,2026-03-30 11:24:16
Underdog,player_points_rebounds_assists,Andrew Wiggins,Over,21.5,-137,2026-03-30,2026-03-30T18:23:42Z,2026-03-30 11:24:16
Underdog,player_points_rebounds_assists,Andrew Wiggins,Under,21.5,-137,2026-03-30,2026-03-30T18:23:42Z,2026-03-30 11:24:16
Underdog,player_points_rebounds_assists,Jaime Jaquez Jr,Over,21.5,-137,2026-03-30,2026-03-30T18:23:42Z,2026-03-30 11:24:16
Underdog,player_points_rebounds_assists,Jaime Jaquez Jr,Under,21.5,-137,2026-03-30,2026-03-30T18:23:42Z,2026-03-30 11:24:16
Underdog,player_points_rebounds_assists,Davion Mitchell,Over,18.5,-137,2026-03-30,2026-03-30T18:23:42Z,2026-03-30 11:24:16
Underdog,player_points_rebounds_assists,Davion Mitchell,Under,18.5,-137,2026-03-30,2026-03-30T18:23:42Z,2026-03-30 11:24:16
Underdog,player_points_rebounds_assists,Kelly Oubre Jr,Over,14.5,-137,2026-03-30,2026-03-30T18:23:42Z,2026-03-30 11:24:16
Underdog,player_points_rebounds_assists,Kelly Oubre Jr,Under,14.5,-137,2026-03-30,2026-03-30T18:23:42Z,2026-03-30 11:24:16
Underdog,player_points_rebounds_assists,Pelle Larsson,Over,21.5,-137,2026-03-30,2026-03-30T18:23:42Z,2026-03-30 11:24:16
Underdog,player_points_rebounds_assists,Pelle Larsson,Under,21.5,-137,2026-03-30,2026-03-30T18:23:42Z,2026-03-30 11:24:16
Underdog,player_points_rebounds_assists,Dominick Barlow,Over,9.5,-137,2026-03-30,2026-03-30T18:23:42Z,2026-03-30 11:24:16
Underdog,player_points_rebounds_assists,Dominick Barlow,Under,9.5,-137,2026-03-30,2026-03-30T18:23:42Z,2026-03-30 11:24:16
Underdog,player_points_rebounds_assists,Jayson Tatum,Over,37.5,-137,2026-03-30,2026-03-30T18:24:13Z,2026-03-30 11:24:16
Underdog,player_points_rebounds_assists,Jayson Tatum,Under,37.5,-137,2026-03-30,2026-03-30T18:24:13Z,2026-03-30 11:24:16
Underdog,player_points_rebounds_assists,Jaylen Brown,Over,41.5,-137,2026-03-30,2026-03-30T18:24:13Z,2026-03-30 11:24:16
Underdog,player_points_rebounds_assists,Jaylen Brown,Under,41.5,-137,2026-03-30,2026-03-30T18:24:13Z,2026-03-30 11:24:16
Underdog,player_points_rebounds_assists,Derrick White,Over,28.5,-137,2026-03-30,2026-03-30T18:24:13Z,2026-03-30 11:24:16
Underdog,player_points_rebounds_assists,Derrick White,Under,28.5,-137,2026-03-30,2026-03-30T18:24:13Z,2026-03-30 11:24:16
Underdog,player_points_rebounds_assists,Jonathan Kuminga,Over,14.5,-137,2026-03-30,2026-03-30T18:24:13Z,2026-03-30 11:24:16
Underdog,player_points_rebounds_assists,Jonathan Kuminga,Under,14.5,-137,2026-03-30,2026-03-30T18:24:13Z,2026-03-30 11:24:16
Underdog,player_points_rebounds_assists,Jalen Johnson,Over,39.5,-137,2026-03-30,2026-03-30T18:24:13Z,2026-03-30 11:24:16
Underdog,player_points_rebounds_assists,Jalen Johnson,Under,39.5,-137,2026-03-30,2026-03-30T18:24:13Z,2026-03-30 11:24:16
Underdog,player_points_rebounds_assists,Zaccharie Risacher,Over,9.5,-137,2026-03-30,2026-03-30T18:24:13Z,2026-03-30 11:24:16
Underdog,player_points_rebounds_assists,Zaccharie Risacher,Under,9.5,-137,2026-03-30,2026-03-30T18:24:13Z,2026-03-30 11:24:16
Underdog,player_points_rebounds_assists,Payton Pritchard,Over,27.5,-137,2026-03-30,2026-03-30T18:24:13Z,2026-03-30 11:24:16
Underdog,player_points_rebounds_assists,Payton Pritchard,Under,27.5,-137,2026-03-30,2026-03-30T18:24:13Z,2026-03-30 11:24:16
Underdog,player_points_rebounds_assists,Dyson Daniels,Over,22.5,-137,2026-03-30,2026-03-30T18:24:13Z,2026-03-30 11:24:16
Underdog,player_points_rebounds_assists,Dyson Daniels,Under,22.5,-137,2026-03-30,2026-03-30T18:24:13Z,2026-03-30 11:24:16
Underdog,player_points_rebounds_assists,Victor Wembanyama,Over,41.5,-137,2026-03-31,2026-03-30T18:23:28Z,2026-03-30 11:24:16
Underdog,player_points_rebounds_assists,Victor Wembanyama,Under,41.5,-137,2026-03-31,2026-03-30T18:23:28Z,2026-03-30 11:24:16
Underdog,player_points_rebounds_assists,Devin Vassell,Over,19.5,-137,2026-03-31,2026-03-30T18:23:28Z,2026-03-30 11:24:16
Underdog,player_points_rebounds_assists,Devin Vassell,Under,19.5,-137,2026-03-31,2026-03-30T18:23:28Z,2026-03-30 11:24:16
Underdog,player_points_rebounds_assists,Josh Giddey,Over,34.5,-137,2026-03-31,2026-03-30T18:23:28Z,2026-03-30 11:24:16
Underdog,player_points_rebounds_assists,Josh Giddey,Under,34.5,-137,2026-03-31,2026-03-30T18:23:28Z,2026-03-30 11:24:16
Underdog,player_points_rebounds_assists,Dylan Harper,Over,21.5,-137,2026-03-31,2026-03-30T18:23:28Z,2026-03-30 11:24:16
Underdog,player_points_rebounds_assists,Dylan Harper,Under,21.5,-137,2026-03-31,2026-03-30T18:23:28Z,2026-03-30 11:24:16
Underdog,player_points_rebounds_assists,Stephon Castle,Over,29.5,-137,2026-03-31,2026-03-30T18:23:28Z,2026-03-30 11:24:16
Underdog,player_points_rebounds_assists,Stephon Castle,Under,29.5,-137,2026-03-31,2026-03-30T18:23:28Z,2026-03-30 11:24:16
Underdog,player_points_rebounds_assists,Isaac Okoro,Over,13.5,-137,2026-03-31,2026-03-30T18:23:28Z,2026-03-30 11:24:16
Underdog,player_points_rebounds_assists,Isaac Okoro,Under,13.5,-137,2026-03-31,2026-03-30T18:23:28Z,2026-03-30 11:24:16
Underdog,player_points_rebounds_assists,Devin Booker,Over,37.5,-137,2026-03-31,2026-03-30T18:23:40Z,2026-03-30 11:24:16
Underdog,player_points_rebounds_assists,Devin Booker,Under,37.5,-137,2026-03-31,2026-03-30T18:23:40Z,2026-03-30 11:24:16
Underdog,player_points_rebounds_assists,Jalen Green,Over,30.5,-137,2026-03-31,2026-03-30T18:23:40Z,2026-03-30 11:24:16
Underdog,player_points_rebounds_assists,Jalen Green,Under,30.5,-137,2026-03-31,2026-03-30T18:23:40Z,2026-03-30 11:24:16
Underdog,player_points_rebounds_assists,Grayson Allen,Over,21.5,-137,2026-03-31,2026-03-30T18:23:40Z,2026-03-30 11:24:16
Underdog,player_points_rebounds_assists,Grayson Allen,Under,21.5,-137,2026-03-31,2026-03-30T18:23:40Z,2026-03-30 11:24:16
Underdog,player_points_rebounds_assists,G.G. Jackson,Over,24.5,-137,2026-03-31,2026-03-30T18:23:40Z,2026-03-30 11:24:16
Underdog,player_points_rebounds_assists,G.G. Jackson,Under,24.5,-137,2026-03-31,2026-03-30T18:23:40Z,2026-03-30 11:24:16
Underdog,player_points_rebounds_assists,Cedric Coward,Over,23.5,-137,2026-03-31,2026-03-30T18:23:40Z,2026-03-30 11:24:16
Underdog,player_points_rebounds_assists,Cedric Coward,Under,23.5,-137,2026-03-31,2026-03-30T18:23:40Z,2026-03-30 11:24:16
Underdog,player_points_rebounds_assists,Rasheer Fleming,Over,12.5,-137,2026-03-31,2026-03-30T18:23:40Z,2026-03-30 11:24:16
Underdog,player_points_rebounds_assists,Rasheer Fleming,Under,12.5,-137,2026-03-31,2026-03-30T18:23:40Z,2026-03-30 11:24:16
Underdog,player_points_rebounds_assists,Collin Gillespie,Over,21.5,-137,2026-03-31,2026-03-30T18:23:40Z,2026-03-30 11:24:16
Underdog,player_points_rebounds_assists,Collin Gillespie,Under,21.5,-137,2026-03-31,2026-03-30T18:23:40Z,2026-03-30 11:24:16
Underdog,player_points_rebounds_assists,Jordan Goodwin,Over,17.5,-137,2026-03-31,2026-03-30T18:23:40Z,2026-03-30 11:24:16
Underdog,player_points_rebounds_assists,Jordan Goodwin,Under,17.5,-137,2026-03-31,2026-03-30T18:23:40Z,2026-03-30 11:24:16
Underdog,player_points_rebounds_assists,Khaman Maluach,Over,11.5,-137,2026-03-31,2026-03-30T18:23:40Z,2026-03-30 11:24:16
Underdog,player_points_rebounds_assists,Khaman Maluach,Under,11.5,-137,2026-03-31,2026-03-30T18:23:40Z,2026-03-30 11:24:16
Underdog,player_points_rebounds_assists,Rayan Rupert,Over,16.5,-137,2026-03-31,2026-03-30T18:23:40Z,2026-03-30 11:24:16
Underdog,player_points_rebounds_assists,Rayan Rupert,Under,16.5,-137,2026-03-31,2026-03-30T18:23:40Z,2026-03-30 11:24:16
Underdog,player_points_rebounds_assists,Taylor Hendricks,Over,19.5,-137,2026-03-31,2026-03-30T18:23:40Z,2026-03-30 11:24:16
Underdog,player_points_rebounds_assists,Taylor Hendricks,Under,19.5,-137,2026-03-31,2026-03-30T18:23:40Z,2026-03-30 11:24:16
DraftKings Pick6,player_points_rebounds_assists,Tyler Herro,Over,32.5,-137,2026-03-30,2026-03-30T18:23:22Z,2026-03-30 11:24:16
DraftKings Pick6,player_points_rebounds_assists,Tyler Herro,Under,32.5,-137,2026-03-30,2026-03-30T18:23:22Z,2026-03-30 11:24:16
DraftKings Pick6,player_points_rebounds_assists,Tyrese Maxey,Over,39.5,-137,2026-03-30,2026-03-30T18:23:22Z,2026-03-30 11:24:16
DraftKings Pick6,player_points_rebounds_assists,Tyrese Maxey,Under,39.5,-137,2026-03-30,2026-03-30T18:23:22Z,2026-03-30 11:24:16
DraftKings Pick6,player_points_rebounds_assists,Jaime Jaquez Jr,Over,21.5,-137,2026-03-30,2026-03-30T18:23:22Z,2026-03-30 11:24:16
DraftKings Pick6,player_points_rebounds_assists,Jaime Jaquez Jr,Under,21.5,-137,2026-03-30,2026-03-30T18:23:22Z,2026-03-30 11:24:16
DraftKings Pick6,player_points_rebounds_assists,VJ Edgecombe,Over,22.5,-137,2026-03-30,2026-03-30T18:23:22Z,2026-03-30 11:24:16
DraftKings Pick6,player_points_rebounds_assists,VJ Edgecombe,Under,22.5,-137,2026-03-30,2026-03-30T18:23:22Z,2026-03-30 11:24:16
DraftKings Pick6,player_points_rebounds_assists,Bam Adebayo,Over,35.5,-137,2026-03-30,2026-03-30T18:23:22Z,2026-03-30 11:24:16
DraftKings Pick6,player_points_rebounds_assists,Bam Adebayo,Under,35.5,-137,2026-03-30,2026-03-30T18:23:22Z,2026-03-30 11:24:16
DraftKings Pick6,player_points_rebounds_assists,Paul George,Over,28.5,-137,2026-03-30,2026-03-30T18:23:22Z,2026-03-30 11:24:16
DraftKings Pick6,player_points_rebounds_assists,Paul George,Under,28.5,-137,2026-03-30,2026-03-30T18:23:22Z,2026-03-30 11:24:16
DraftKings Pick6,player_points_rebounds_assists,Andrew Wiggins,Over,21.5,-137,2026-03-30,2026-03-30T18:23:22Z,2026-03-30 11:24:16
DraftKings Pick6,player_points_rebounds_assists,Andrew Wiggins,Under,21.5,-137,2026-03-30,2026-03-30T18:23:22Z,2026-03-30 11:24:16
DraftKings Pick6,player_points_rebounds_assists,Quentin Grimes,Over,15.5,-137,2026-03-30,2026-03-30T18:23:22Z,2026-03-30 11:24:16
DraftKings Pick6,player_points_rebounds_assists,Quentin Grimes,Under,15.5,-137,2026-03-30,2026-03-30T18:23:22Z,2026-03-30 11:24:16
DraftKings Pick6,player_points_rebounds_assists,Joel Embiid,Over,40.5,-137,2026-03-30,2026-03-30T18:23:22Z,2026-03-30 11:24:16
DraftKings Pick6,player_points_rebounds_assists,Joel Embiid,Under,40.5,-137,2026-03-30,2026-03-30T18:23:22Z,2026-03-30 11:24:16
DraftKings Pick6,player_points_rebounds_assists,Pelle Larsson,Over,20.5,-137,2026-03-30,2026-03-30T18:23:22Z,2026-03-30 11:24:16
DraftKings Pick6,player_points_rebounds_assists,Pelle Larsson,Under,20.5,-137,2026-03-30,2026-03-30T18:23:22Z,2026-03-30 11:24:16
DraftKings Pick6,player_points_rebounds_assists,Dyson Daniels,Over,22.5,-137,2026-03-30,2026-03-30T18:24:22Z,2026-03-30 11:24:16
DraftKings Pick6,player_points_rebounds_assists,Dyson Daniels,Under,22.5,-137,2026-03-30,2026-03-30T18:24:22Z,2026-03-30 11:24:16
DraftKings Pick6,player_points_rebounds_assists,Onyeka Okongwu,Over,22.5,-137,2026-03-30,2026-03-30T18:24:22Z,2026-03-30 11:24:16
DraftKings Pick6,player_points_rebounds_assists,Onyeka Okongwu,Under,22.5,-137,2026-03-30,2026-03-30T18:24:22Z,2026-03-30 11:24:16
DraftKings Pick6,player_points_rebounds_assists,Jalen Johnson,Over,39.5,-137,2026-03-30,2026-03-30T18:24:22Z,2026-03-30 11:24:16
DraftKings Pick6,player_points_rebounds_assists,Jalen Johnson,Under,39.5,-137,2026-03-30,2026-03-30T18:24:22Z,2026-03-30 11:24:16
DraftKings Pick6,player_points_rebounds_assists,Jaylen Brown,Over,40.5,-137,2026-03-30,2026-03-30T18:24:22Z,2026-03-30 11:24:16
DraftKings Pick6,player_points_rebounds_assists,Jaylen Brown,Under,40.5,-137,2026-03-30,2026-03-30T18:24:22Z,2026-03-30 11:24:16
DraftKings Pick6,player_points_rebounds_assists,Nickeil Alexander-Walker,Over,25.5,-137,2026-03-30,2026-03-30T18:24:22Z,2026-03-30 11:24:16
DraftKings Pick6,player_points_rebounds_assists,Nickeil Alexander-Walker,Under,25.5,-137,2026-03-30,2026-03-30T18:24:22Z,2026-03-30 11:24:16
DraftKings Pick6,player_points_rebounds_assists,Derrick White,Over,28.5,-137,2026-03-30,2026-03-30T18:24:22Z,2026-03-30 11:24:16
DraftKings Pick6,player_points_rebounds_assists,Derrick White,Under,28.5,-137,2026-03-30,2026-03-30T18:24:22Z,2026-03-30 11:24:16
DraftKings Pick6,player_points_rebounds_assists,C.J. McCollum,Over,24.5,-137,2026-03-30,2026-03-30T18:24:22Z,2026-03-30 11:24:16
DraftKings Pick6,player_points_rebounds_assists,C.J. McCollum,Under,24.5,-137,2026-03-30,2026-03-30T18:24:22Z,2026-03-30 11:24:16
DraftKings Pick6,player_points_rebounds_assists,Payton Pritchard,Over,27.5,-137,2026-03-30,2026-03-30T18:24:22Z,2026-03-30 11:24:16
DraftKings Pick6,player_points_rebounds_assists,Payton Pritchard,Under,27.5,-137,2026-03-30,2026-03-30T18:24:22Z,2026-03-30 11:24:16
DraftKings Pick6,player_points_rebounds_assists,Victor Wembanyama,Over,41.5,-137,2026-03-31,2026-03-30T18:23:33Z,2026-03-30 11:24:16
DraftKings Pick6,player_points_rebounds_assists,Victor Wembanyama,Under,41.5,-137,2026-03-31,2026-03-30T18:23:33Z,2026-03-30 11:24:16
DraftKings Pick6,player_points_rebounds_assists,Dylan Harper,Over,21.5,-137,2026-03-31,2026-03-30T18:23:33Z,2026-03-30 11:24:16
DraftKings Pick6,player_points_rebounds_assists,Dylan Harper,Under,21.5,-137,2026-03-31,2026-03-30T18:23:33Z,2026-03-30 11:24:16
DraftKings Pick6,player_points_rebounds_assists,De'Aaron Fox,Over,25.5,-137,2026-03-31,2026-03-30T18:23:33Z,2026-03-30 11:24:16
DraftKings Pick6,player_points_rebounds_assists,De'Aaron Fox,Under,25.5,-137,2026-03-31,2026-03-30T18:23:33Z,2026-03-30 11:24:16
DraftKings Pick6,player_points_rebounds_assists,Devin Vassell,Over,19.5,-137,2026-03-31,2026-03-30T18:23:33Z,2026-03-30 11:24:16
DraftKings Pick6,player_points_rebounds_assists,Devin Vassell,Under,19.5,-137,2026-03-31,2026-03-30T18:23:33Z,2026-03-30 11:24:16
DraftKings Pick6,player_points_rebounds_assists,Josh Giddey,Over,35.5,-137,2026-03-31,2026-03-30T18:23:33Z,2026-03-30 11:24:16
DraftKings Pick6,player_points_rebounds_assists,Josh Giddey,Under,35.5,-137,2026-03-31,2026-03-30T18:23:33Z,2026-03-30 11:24:16
DraftKings Pick6,player_points_rebounds_assists,Stephon Castle,Over,29.5,-137,2026-03-31,2026-03-30T18:23:33Z,2026-03-30 11:24:16
DraftKings Pick6,player_points_rebounds_assists,Stephon Castle,Under,29.5,-137,2026-03-31,2026-03-30T18:23:33Z,2026-03-30 11:24:16
DraftKings Pick6,player_points_rebounds_assists,Tre Jones,Over,21.5,-137,2026-03-31,2026-03-30T18:23:33Z,2026-03-30 11:24:16
DraftKings Pick6,player_points_rebounds_assists,Tre Jones,Under,21.5,-137,2026-03-31,2026-03-30T18:23:33Z,2026-03-30 11:24:16
DraftKings Pick6,player_points_rebounds_assists,Collin Gillespie,Over,21.5,-137,2026-03-31,2026-03-30T18:24:13Z,2026-03-30 11:24:16
DraftKings Pick6,player_points_rebounds_assists,Collin Gillespie,Under,21.5,-137,2026-03-31,2026-03-30T18:24:13Z,2026-03-30 11:24:16
DraftKings Pick6,player_points_rebounds_assists,Devin Booker,Over,37.5,-137,2026-03-31,2026-03-30T18:24:13Z,2026-03-30 11:24:16
DraftKings Pick6,player_points_rebounds_assists,Devin Booker,Under,37.5,-137,2026-03-31,2026-03-30T18:24:13Z,2026-03-30 11:24:16
DraftKings Pick6,player_points_rebounds_assists,Cedric Coward,Over,23.5,-137,2026-03-31,2026-03-30T18:24:13Z,2026-03-30 11:24:16
DraftKings Pick6,player_points_rebounds_assists,Cedric Coward,Under,23.5,-137,2026-03-31,2026-03-30T18:24:13Z,2026-03-30 11:24:16
DraftKings Pick6,player_points_rebounds_assists,Jalen Green,Over,30.5,-137,2026-03-31,2026-03-30T18:24:13Z,2026-03-30 11:24:16
DraftKings Pick6,player_points_rebounds_assists,Jalen Green,Under,30.5,-137,2026-03-31,2026-03-30T18:24:13Z,2026-03-30 11:24:16
DraftKings Pick6,player_points_rebounds_assists,Oso Ighodaro,Over,19.5,-137,2026-03-31,2026-03-30T18:24:13Z,2026-03-30 11:24:16
DraftKings Pick6,player_points_rebounds_assists,Oso Ighodaro,Under,19.5,-137,2026-03-31,2026-03-30T18:24:13Z,2026-03-30 11:24:16
PrizePicks,player_points_rebounds,Joel Embiid,Over,35.5,-137,2026-03-30,2026-03-30T18:24:01Z,2026-03-30 11:24:16
PrizePicks,player_points_rebounds,Joel Embiid,Under,35.5,-137,2026-03-30,2026-03-30T18:24:01Z,2026-03-30 11:24:16
PrizePicks,player_points_rebounds,Tyrese Maxey,Over,32.5,-137,2026-03-30,2026-03-30T18:24:01Z,2026-03-30 11:24:16
PrizePicks,player_points_rebounds,Tyrese Maxey,Under,32.5,-137,2026-03-30,2026-03-30T18:24:01Z,2026-03-30 11:24:16
PrizePicks,player_points_rebounds,Bam Adebayo,Over,32.5,-137,2026-03-30,2026-03-30T18:24:01Z,2026-03-30 11:24:16
PrizePicks,player_points_rebounds,Bam Adebayo,Under,32.5,-137,2026-03-30,2026-03-30T18:24:01Z,2026-03-30 11:24:16
PrizePicks,player_points_rebounds,Tyler Herro,Over,27.5,-137,2026-03-30,2026-03-30T18:24:01Z,2026-03-30 11:24:16
PrizePicks,player_points_rebounds,Tyler Herro,Under,27.5,-137,2026-03-30,2026-03-30T18:24:01Z,2026-03-30 11:24:16
PrizePicks,player_points_rebounds,Paul George,Over,24.5,-137,2026-03-30,2026-03-30T18:24:01Z,2026-03-30 11:24:16
PrizePicks,player_points_rebounds,Paul George,Under,24.5,-137,2026-03-30,2026-03-30T18:24:01Z,2026-03-30 11:24:16
PrizePicks,player_points_rebounds,Andrew Wiggins,Over,19.5,-137,2026-03-30,2026-03-30T18:24:01Z,2026-03-30 11:24:16
PrizePicks,player_points_rebounds,Andrew Wiggins,Under,19.5,-137,2026-03-30,2026-03-30T18:24:01Z,2026-03-30 11:24:16
PrizePicks,player_points_rebounds,VJ Edgecombe,Over,18.5,-137,2026-03-30,2026-03-30T18:24:01Z,2026-03-30 11:24:16
PrizePicks,player_points_rebounds,VJ Edgecombe,Under,18.5,-137,2026-03-30,2026-03-30T18:24:01Z,2026-03-30 11:24:16
PrizePicks,player_points_rebounds,Jaime Jaquez Jr,Over,17.5,-137,2026-03-30,2026-03-30T18:24:01Z,2026-03-30 11:24:16
PrizePicks,player_points_rebounds,Jaime Jaquez Jr,Under,17.5,-137,2026-03-30,2026-03-30T18:24:01Z,2026-03-30 11:24:16
PrizePicks,player_points_rebounds,Kelly Oubre Jr,Over,14.0,-137,2026-03-30,2026-03-30T18:24:01Z,2026-03-30 11:24:16
PrizePicks,player_points_rebounds,Kelly Oubre Jr,Under,14.0,-137,2026-03-30,2026-03-30T18:24:01Z,2026-03-30 11:24:16
PrizePicks,player_points_rebounds,Quentin Grimes,Over,12.5,-137,2026-03-30,2026-03-30T18:24:01Z,2026-03-30 11:24:16
PrizePicks,player_points_rebounds,Quentin Grimes,Under,12.5,-137,2026-03-30,2026-03-30T18:24:01Z,2026-03-30 11:24:16
PrizePicks,player_points_rebounds,Davion Mitchell,Over,12.5,-137,2026-03-30,2026-03-30T18:24:01Z,2026-03-30 11:24:16
PrizePicks,player_points_rebounds,Davion Mitchell,Under,12.5,-137,2026-03-30,2026-03-30T18:24:01Z,2026-03-30 11:24:16
PrizePicks,player_points_rebounds,Dominick Barlow,Over,8.5,-137,2026-03-30,2026-03-30T18:24:01Z,2026-03-30 11:24:16
PrizePicks,player_points_rebounds,Dominick Barlow,Under,8.5,-137,2026-03-30,2026-03-30T18:24:01Z,2026-03-30 11:24:16
PrizePicks,player_points_rebounds,Jaylen Brown,Over,35.5,-137,2026-03-30,2026-03-30T18:23:38Z,2026-03-30 11:24:16
PrizePicks,player_points_rebounds,Jaylen Brown,Under,35.5,-137,2026-03-30,2026-03-30T18:23:38Z,2026-03-30 11:24:16
PrizePicks,player_points_rebounds,Jalen Johnson,Over,31.5,-137,2026-03-30,2026-03-30T18:23:38Z,2026-03-30 11:24:16
PrizePicks,player_points_rebounds,Jalen Johnson,Under,31.5,-137,2026-03-30,2026-03-30T18:23:38Z,2026-03-30 11:24:16
PrizePicks,player_points_rebounds,Derrick White,Over,22.5,-137,2026-03-30,2026-03-30T18:23:38Z,2026-03-30 11:24:16
PrizePicks,player_points_rebounds,Derrick White,Under,22.5,-137,2026-03-30,2026-03-30T18:23:38Z,2026-03-30 11:24:16
PrizePicks,player_points_rebounds,Payton Pritchard,Over,22.5,-137,2026-03-30,2026-03-30T18:23:38Z,2026-03-30 11:24:16
PrizePicks,player_points_rebounds,Payton Pritchard,Under,22.5,-137,2026-03-30,2026-03-30T18:23:38Z,2026-03-30 11:24:16
PrizePicks,player_points_rebounds,Nickeil Alexander-Walker,Over,21.5,-137,2026-03-30,2026-03-30T18:23:38Z,2026-03-30 11:24:16
PrizePicks,player_points_rebounds,Nickeil Alexander-Walker,Under,21.5,-137,2026-03-30,2026-03-30T18:23:38Z,2026-03-30 11:24:16
PrizePicks,player_points_rebounds,C.J. McCollum,Over,20.5,-137,2026-03-30,2026-03-30T18:23:38Z,2026-03-30 11:24:16
PrizePicks,player_points_rebounds,C.J. McCollum,Under,20.5,-137,2026-03-30,2026-03-30T18:23:38Z,2026-03-30 11:24:16
PrizePicks,player_points_rebounds,Onyeka Okongwu,Over,19.5,-137,2026-03-30,2026-03-30T18:23:38Z,2026-03-30 11:24:16
PrizePicks,player_points_rebounds,Onyeka Okongwu,Under,19.5,-137,2026-03-30,2026-03-30T18:23:38Z,2026-03-30 11:24:16
PrizePicks,player_points_rebounds,Dyson Daniels,Over,17.5,-137,2026-03-30,2026-03-30T18:23:38Z,2026-03-30 11:24:16
PrizePicks,player_points_rebounds,Dyson Daniels,Under,17.5,-137,2026-03-30,2026-03-30T18:23:38Z,2026-03-30 11:24:16
PrizePicks,player_points_rebounds,Sam Hauser,Over,13.5,-137,2026-03-30,2026-03-30T18:23:38Z,2026-03-30 11:24:16
PrizePicks,player_points_rebounds,Sam Hauser,Under,13.5,-137,2026-03-30,2026-03-30T18:23:38Z,2026-03-30 11:24:16
PrizePicks,player_points_rebounds,Jonathan Kuminga,Over,12.5,-137,2026-03-30,2026-03-30T18:23:38Z,2026-03-30 11:24:16
PrizePicks,player_points_rebounds,Jonathan Kuminga,Under,12.5,-137,2026-03-30,2026-03-30T18:23:38Z,2026-03-30 11:24:16
PrizePicks,player_points_rebounds,Zaccharie Risacher,Over,9.5,-137,2026-03-30,2026-03-30T18:23:38Z,2026-03-30 11:24:16
PrizePicks,player_points_rebounds,Zaccharie Risacher,Under,9.5,-137,2026-03-30,2026-03-30T18:23:38Z,2026-03-30 11:24:16
PrizePicks,player_points_rebounds,Victor Wembanyama,Over,38.5,-137,2026-03-31,2026-03-30T18:23:28Z,2026-03-30 11:24:16
PrizePicks,player_points_rebounds,Victor Wembanyama,Under,38.5,-137,2026-03-31,2026-03-30T18:23:28Z,2026-03-30 11:24:16
PrizePicks,player_points_rebounds,Josh Giddey,Over,25.0,-137,2026-03-31,2026-03-30T18:23:28Z,2026-03-30 11:24:16
PrizePicks,player_points_rebounds,Josh Giddey,Under,25.0,-137,2026-03-31,2026-03-30T18:23:28Z,2026-03-30 11:24:16
PrizePicks,player_points_rebounds,Matas Buzelis,Over,24.5,-137,2026-03-31,2026-03-30T18:23:28Z,2026-03-30 11:24:16
PrizePicks,player_points_rebounds,Matas Buzelis,Under,24.5,-137,2026-03-31,2026-03-30T18:23:28Z,2026-03-30 11:24:16
PrizePicks,player_points_rebounds,Stephon Castle,Over,21.0,-137,2026-03-31,2026-03-30T18:23:28Z,2026-03-30 11:24:16
PrizePicks,player_points_rebounds,Stephon Castle,Under,21.0,-137,2026-03-31,2026-03-30T18:23:28Z,2026-03-30 11:24:16
PrizePicks,player_points_rebounds,Collin Sexton,Over,19.5,-137,2026-03-31,2026-03-30T18:23:28Z,2026-03-30 11:24:16
PrizePicks,player_points_rebounds,Collin Sexton,Under,19.5,-137,2026-03-31,2026-03-30T18:23:28Z,2026-03-30 11:24:16
PrizePicks,player_points_rebounds,De'Aaron Fox,Over,19.5,-137,2026-03-31,2026-03-30T18:23:28Z,2026-03-30 11:24:16
PrizePicks,player_points_rebounds,De'Aaron Fox,Under,19.5,-137,2026-03-31,2026-03-30T18:23:28Z,2026-03-30 11:24:16
PrizePicks,player_points_rebounds,Keldon Johnson,Over,18.5,-137,2026-03-31,2026-03-30T18:23:28Z,2026-03-30 11:24:16
PrizePicks,player_points_rebounds,Keldon Johnson,Under,18.5,-137,2026-03-31,2026-03-30T18:23:28Z,2026-03-30 11:24:16
PrizePicks,player_points_rebounds,Devin Vassell,Over,17.0,-137,2026-03-31,2026-03-30T18:23:28Z,2026-03-30 11:24:16
PrizePicks,player_points_rebounds,Devin Vassell,Under,17.0,-137,2026-03-31,2026-03-30T18:23:28Z,2026-03-30 11:24:16
PrizePicks,player_points_rebounds,Tre Jones,Over,16.5,-137,2026-03-31,2026-03-30T18:23:28Z,2026-03-30 11:24:16
PrizePicks,player_points_rebounds,Tre Jones,Under,16.5,-137,2026-03-31,2026-03-30T18:23:28Z,2026-03-30 11:24:16
PrizePicks,player_points_rebounds,Dylan Harper,Over,16.5,-137,2026-03-31,2026-03-30T18:23:28Z,2026-03-30 11:24:16
PrizePicks,player_points_rebounds,Dylan Harper,Under,16.5,-137,2026-03-31,2026-03-30T18:23:28Z,2026-03-30 11:24:16
PrizePicks,player_points_rebounds,Nick Richards,Over,16.5,-137,2026-03-31,2026-03-30T18:23:28Z,2026-03-30 11:24:16
PrizePicks,player_points_rebounds,Nick Richards,Under,16.5,-137,2026-03-31,2026-03-30T18:23:28Z,2026-03-30 11:24:16
PrizePicks,player_points_rebounds,Julian Champagnie,Over,15.0,-137,2026-03-31,2026-03-30T18:23:28Z,2026-03-30 11:24:16
PrizePicks,player_points_rebounds,Julian Champagnie,Under,15.0,-137,2026-03-31,2026-03-30T18:23:28Z,2026-03-30 11:24:16
PrizePicks,player_points_rebounds,Isaac Okoro,Over,12.0,-137,2026-03-31,2026-03-30T18:23:28Z,2026-03-30 11:24:16
PrizePicks,player_points_rebounds,Isaac Okoro,Under,12.0,-137,2026-03-31,2026-03-30T18:23:28Z,2026-03-30 11:24:16
PrizePicks,player_points_rebounds,Luke Kornet,Over,10.5,-137,2026-03-31,2026-03-30T18:23:28Z,2026-03-30 11:24:16
PrizePicks,player_points_rebounds,Luke Kornet,Under,10.5,-137,2026-03-31,2026-03-30T18:23:28Z,2026-03-30 11:24:16
PrizePicks,player_points_rebounds,Harrison Barnes,Over,10.5,-137,2026-03-31,2026-03-30T18:23:28Z,2026-03-30 11:24:16
PrizePicks,player_points_rebounds,Harrison Barnes,Under,10.5,-137,2026-03-31,2026-03-30T18:23:28Z,2026-03-30 11:24:16
Betr DFS,player_points_rebounds,Tyrese Maxey,Over,32.5,-137,2026-03-30,2026-03-30T18:23:29Z,2026-03-30 11:24:16
Betr DFS,player_points_rebounds,Tyrese Maxey,Under,32.5,-137,2026-03-30,2026-03-30T18:23:29Z,2026-03-30 11:24:16
Betr DFS,player_points_rebounds,Paul George,Over,24.5,-137,2026-03-30,2026-03-30T18:23:29Z,2026-03-30 11:24:16
Betr DFS,player_points_rebounds,Paul George,Under,24.5,-137,2026-03-30,2026-03-30T18:23:29Z,2026-03-30 11:24:16
Betr DFS,player_points_rebounds,VJ Edgecombe,Over,19.5,-137,2026-03-30,2026-03-30T18:23:29Z,2026-03-30 11:24:16
Betr DFS,player_points_rebounds,VJ Edgecombe,Under,19.5,-137,2026-03-30,2026-03-30T18:23:29Z,2026-03-30 11:24:16
Betr DFS,player_points_rebounds,Bam Adebayo,Over,32.5,-137,2026-03-30,2026-03-30T18:23:29Z,2026-03-30 11:24:16
Betr DFS,player_points_rebounds,Bam Adebayo,Under,32.5,-137,2026-03-30,2026-03-30T18:23:29Z,2026-03-30 11:24:16
Betr DFS,player_points_rebounds,Tyler Herro,Over,27.5,-137,2026-03-30,2026-03-30T18:23:29Z,2026-03-30 11:24:16
Betr DFS,player_points_rebounds,Tyler Herro,Under,27.5,-137,2026-03-30,2026-03-30T18:23:29Z,2026-03-30 11:24:16
Betr DFS,player_points_rebounds,Andrew Wiggins,Over,18.5,-137,2026-03-30,2026-03-30T18:23:29Z,2026-03-30 11:24:16
Betr DFS,player_points_rebounds,Andrew Wiggins,Under,18.5,-137,2026-03-30,2026-03-30T18:23:29Z,2026-03-30 11:24:16
Betr DFS,player_points_rebounds,Jaime Jaquez Jr,Over,17.5,-137,2026-03-30,2026-03-30T18:23:29Z,2026-03-30 11:24:16
Betr DFS,player_points_rebounds,Jaime Jaquez Jr,Under,17.5,-137,2026-03-30,2026-03-30T18:23:29Z,2026-03-30 11:24:16
Betr DFS,player_points_rebounds,Pelle Larsson,Over,17.5,-137,2026-03-30,2026-03-30T18:23:29Z,2026-03-30 11:24:16
Betr DFS,player_points_rebounds,Pelle Larsson,Under,17.5,-137,2026-03-30,2026-03-30T18:23:29Z,2026-03-30 11:24:16
Betr DFS,player_points_rebounds,Jaylen Brown,Over,35.5,-137,2026-03-30,2026-03-30T18:24:20Z,2026-03-30 11:24:16
Betr DFS,player_points_rebounds,Jaylen Brown,Under,35.5,-137,2026-03-30,2026-03-30T18:24:20Z,2026-03-30 11:24:16
Betr DFS,player_points_rebounds,Derrick White,Over,22.5,-137,2026-03-30,2026-03-30T18:24:20Z,2026-03-30 11:24:16
Betr DFS,player_points_rebounds,Derrick White,Under,22.5,-137,2026-03-30,2026-03-30T18:24:20Z,2026-03-30 11:24:16
Betr DFS,player_points_rebounds,Payton Pritchard,Over,22.5,-137,2026-03-30,2026-03-30T18:24:20Z,2026-03-30 11:24:16
Betr DFS,player_points_rebounds,Payton Pritchard,Under,22.5,-137,2026-03-30,2026-03-30T18:24:20Z,2026-03-30 11:24:16
Betr DFS,player_points_rebounds,Onyeka Okongwu,Over,19.5,-137,2026-03-30,2026-03-30T18:24:20Z,2026-03-30 11:24:16
Betr DFS,player_points_rebounds,Onyeka Okongwu,Under,19.5,-137,2026-03-30,2026-03-30T18:24:20Z,2026-03-30 11:24:16
Betr DFS,player_points_rebounds,Jalen Johnson,Over,31.5,-137,2026-03-30,2026-03-30T18:24:20Z,2026-03-30 11:24:16
Betr DFS,player_points_rebounds,Jalen Johnson,Under,31.5,-137,2026-03-30,2026-03-30T18:24:20Z,2026-03-30 11:24:16
Betr DFS,player_points_rebounds,Nickeil Alexander-Walker,Over,21.5,-137,2026-03-30,2026-03-30T18:24:20Z,2026-03-30 11:24:16
Betr DFS,player_points_rebounds,Nickeil Alexander-Walker,Under,21.5,-137,2026-03-30,2026-03-30T18:24:20Z,2026-03-30 11:24:16
Betr DFS,player_points_rebounds,C.J. McCollum,Over,20.5,-137,2026-03-30,2026-03-30T18:24:20Z,2026-03-30 11:24:16
Betr DFS,player_points_rebounds,C.J. McCollum,Under,20.5,-137,2026-03-30,2026-03-30T18:24:20Z,2026-03-30 11:24:16
Betr DFS,player_points_rebounds,Dyson Daniels,Over,17.5,-137,2026-03-30,2026-03-30T18:24:20Z,2026-03-30 11:24:16
Betr DFS,player_points_rebounds,Dyson Daniels,Under,17.5,-137,2026-03-30,2026-03-30T18:24:20Z,2026-03-30 11:24:16
Betr DFS,player_points_rebounds,Nick Richards,Over,16.5,-137,2026-03-31,2026-03-30T18:24:27Z,2026-03-30 11:24:16
Betr DFS,player_points_rebounds,Nick Richards,Under,16.5,-137,2026-03-31,2026-03-30T18:24:27Z,2026-03-30 11:24:16
Betr DFS,player_points_rebounds,Collin Sexton,Over,19.5,-137,2026-03-31,2026-03-30T18:24:27Z,2026-03-30 11:24:16
Betr DFS,player_points_rebounds,Collin Sexton,Under,19.5,-137,2026-03-31,2026-03-30T18:24:27Z,2026-03-30 11:24:16
Betr DFS,player_points_rebounds,Josh Giddey,Over,24.5,-137,2026-03-31,2026-03-30T18:24:27Z,2026-03-30 11:24:16
Betr DFS,player_points_rebounds,Josh Giddey,Under,24.5,-137,2026-03-31,2026-03-30T18:24:27Z,2026-03-30 11:24:16
Betr DFS,player_points_rebounds,Tre Jones,Over,16.5,-137,2026-03-31,2026-03-30T18:24:27Z,2026-03-30 11:24:16
Betr DFS,player_points_rebounds,Tre Jones,Under,16.5,-137,2026-03-31,2026-03-30T18:24:27Z,2026-03-30 11:24:16
Betr DFS,player_points_rebounds,Matas Buzelis,Over,24.5,-137,2026-03-31,2026-03-30T18:24:27Z,2026-03-30 11:24:16
Betr DFS,player_points_rebounds,Matas Buzelis,Under,24.5,-137,2026-03-31,2026-03-30T18:24:27Z,2026-03-30 11:24:16
Betr DFS,player_points_rebounds,Keldon Johnson,Over,18.5,-137,2026-03-31,2026-03-30T18:24:27Z,2026-03-30 11:24:16
Betr DFS,player_points_rebounds,Keldon Johnson,Under,18.5,-137,2026-03-31,2026-03-30T18:24:27Z,2026-03-30 11:24:16
Betr DFS,player_points_rebounds,Devin Vassell,Over,16.5,-137,2026-03-31,2026-03-30T18:24:27Z,2026-03-30 11:24:16
Betr DFS,player_points_rebounds,Devin Vassell,Under,16.5,-137,2026-03-31,2026-03-30T18:24:27Z,2026-03-30 11:24:16
Betr DFS,player_points_rebounds,De'Aaron Fox,Over,19.5,-137,2026-03-31,2026-03-30T18:24:27Z,2026-03-30 11:24:16
Betr DFS,player_points_rebounds,De'Aaron Fox,Under,19.5,-137,2026-03-31,2026-03-30T18:24:27Z,2026-03-30 11:24:16
Betr DFS,player_points_rebounds,Victor Wembanyama,Over,38.5,-137,2026-03-31,2026-03-30T18:24:27Z,2026-03-30 11:24:16
Betr DFS,player_points_rebounds,Victor Wembanyama,Under,38.5,-137,2026-03-31,2026-03-30T18:24:27Z,2026-03-30 11:24:16
Betr DFS,player_points_rebounds,Stephon Castle,Over,20.5,-137,2026-03-31,2026-03-30T18:24:27Z,2026-03-30 11:24:16
Betr DFS,player_points_rebounds,Stephon Castle,Under,20.5,-137,2026-03-31,2026-03-30T18:24:27Z,2026-03-30 11:24:16
Betr DFS,player_points_rebounds,Dylan Harper,Over,16.5,-137,2026-03-31,2026-03-30T18:24:27Z,2026-03-30 11:24:16
Betr DFS,player_points_rebounds,Dylan Harper,Under,16.5,-137,2026-03-31,2026-03-30T18:24:27Z,2026-03-30 11:24:16
Underdog,player_points_rebounds,Joel Embiid,Over,35.5,-137,2026-03-30,2026-03-30T18:23:42Z,2026-03-30 11:24:16
Underdog,player_points_rebounds,Joel Embiid,Under,35.5,-137,2026-03-30,2026-03-30T18:23:42Z,2026-03-30 11:24:16
Underdog,player_points_rebounds,Paul George,Over,24.5,-137,2026-03-30,2026-03-30T18:23:42Z,2026-03-30 11:24:16
Underdog,player_points_rebounds,Paul George,Under,24.5,-137,2026-03-30,2026-03-30T18:23:42Z,2026-03-30 11:24:16
Underdog,player_points_rebounds,Bam Adebayo,Over,32.5,-137,2026-03-30,2026-03-30T18:23:42Z,2026-03-30 11:24:16
Underdog,player_points_rebounds,Bam Adebayo,Under,32.5,-137,2026-03-30,2026-03-30T18:23:42Z,2026-03-30 11:24:16
Underdog,player_points_rebounds,VJ Edgecombe,Over,19.5,-137,2026-03-30,2026-03-30T18:23:42Z,2026-03-30 11:24:16
Underdog,player_points_rebounds,VJ Edgecombe,Under,19.5,-137,2026-03-30,2026-03-30T18:23:42Z,2026-03-30 11:24:16
Underdog,player_points_rebounds,Tyler Herro,Over,27.5,-137,2026-03-30,2026-03-30T18:23:42Z,2026-03-30 11:24:16
Underdog,player_points_rebounds,Tyler Herro,Under,27.5,-137,2026-03-30,2026-03-30T18:23:42Z,2026-03-30 11:24:16
Underdog,player_points_rebounds,Tyrese Maxey,Over,32.5,-137,2026-03-30,2026-03-30T18:23:42Z,2026-03-30 11:24:16
Underdog,player_points_rebounds,Tyrese Maxey,Under,32.5,-137,2026-03-30,2026-03-30T18:23:42Z,2026-03-30 11:24:16
Underdog,player_points_rebounds,Jayson Tatum,Over,32.5,-137,2026-03-30,2026-03-30T18:24:13Z,2026-03-30 11:24:16
Underdog,player_points_rebounds,Jayson Tatum,Under,32.5,-137,2026-03-30,2026-03-30T18:24:13Z,2026-03-30 11:24:16
Underdog,player_points_rebounds,Jaylen Brown,Over,35.5,-137,2026-03-30,2026-03-30T18:24:13Z,2026-03-30 11:24:16
Underdog,player_points_rebounds,Jaylen Brown,Under,35.5,-137,2026-03-30,2026-03-30T18:24:13Z,2026-03-30 11:24:16
Underdog,player_points_rebounds,C.J. McCollum,Over,20.5,-137,2026-03-30,2026-03-30T18:24:13Z,2026-03-30 11:24:16
Underdog,player_points_rebounds,C.J. McCollum,Under,20.5,-137,2026-03-30,2026-03-30T18:24:13Z,2026-03-30 11:24:16
Underdog,player_points_rebounds,Jalen Johnson,Over,31.5,-137,2026-03-30,2026-03-30T18:24:13Z,2026-03-30 11:24:16
Underdog,player_points_rebounds,Jalen Johnson,Under,31.5,-137,2026-03-30,2026-03-30T18:24:13Z,2026-03-30 11:24:16
Underdog,player_points_rebounds,Victor Wembanyama,Over,38.5,-137,2026-03-31,2026-03-30T18:23:28Z,2026-03-30 11:24:16
Underdog,player_points_rebounds,Victor Wembanyama,Under,38.5,-137,2026-03-31,2026-03-30T18:23:28Z,2026-03-30 11:24:16
Underdog,player_points_rebounds,De'Aaron Fox,Over,19.5,-137,2026-03-31,2026-03-30T18:23:28Z,2026-03-30 11:24:16
Underdog,player_points_rebounds,De'Aaron Fox,Under,19.5,-137,2026-03-31,2026-03-30T18:23:28Z,2026-03-30 11:24:16
Underdog,player_points_rebounds,Matas Buzelis,Over,24.5,-137,2026-03-31,2026-03-30T18:23:28Z,2026-03-30 11:24:16
Underdog,player_points_rebounds,Matas Buzelis,Under,24.5,-137,2026-03-31,2026-03-30T18:23:28Z,2026-03-30 11:24:16
Underdog,player_points_rebounds,Stephon Castle,Over,21.5,-137,2026-03-31,2026-03-30T18:23:28Z,2026-03-30 11:24:16
Underdog,player_points_rebounds,Stephon Castle,Under,21.5,-137,2026-03-31,2026-03-30T18:23:28Z,2026-03-30 11:24:16
Underdog,player_points_rebounds,Collin Sexton,Over,19.5,-137,2026-03-31,2026-03-30T18:23:28Z,2026-03-30 11:24:16
Underdog,player_points_rebounds,Collin Sexton,Under,19.5,-137,2026-03-31,2026-03-30T18:23:28Z,2026-03-30 11:24:16
DraftKings Pick6,player_points_rebounds,Joel Embiid,Over,36.5,-137,2026-03-30,2026-03-30T18:23:22Z,2026-03-30 11:24:16
DraftKings Pick6,player_points_rebounds,Joel Embiid,Under,36.5,-137,2026-03-30,2026-03-30T18:23:22Z,2026-03-30 11:24:16
DraftKings Pick6,player_points_rebounds,VJ Edgecombe,Over,18.5,-137,2026-03-30,2026-03-30T18:23:22Z,2026-03-30 11:24:16
DraftKings Pick6,player_points_rebounds,VJ Edgecombe,Under,18.5,-137,2026-03-30,2026-03-30T18:23:22Z,2026-03-30 11:24:16
DraftKings Pick6,player_points_rebounds,Bam Adebayo,Over,31.5,-137,2026-03-30,2026-03-30T18:23:22Z,2026-03-30 11:24:16
DraftKings Pick6,player_points_rebounds,Bam Adebayo,Under,31.5,-137,2026-03-30,2026-03-30T18:23:22Z,2026-03-30 11:24:16
DraftKings Pick6,player_points_rebounds,Davion Mitchell,Over,12.5,-137,2026-03-30,2026-03-30T18:23:22Z,2026-03-30 11:24:16
DraftKings Pick6,player_points_rebounds,Davion Mitchell,Under,12.5,-137,2026-03-30,2026-03-30T18:23:22Z,2026-03-30 11:24:16
DraftKings Pick6,player_points_rebounds,Tyrese Maxey,Over,32.5,-137,2026-03-30,2026-03-30T18:23:22Z,2026-03-30 11:24:16
DraftKings Pick6,player_points_rebounds,Tyrese Maxey,Under,32.5,-137,2026-03-30,2026-03-30T18:23:22Z,2026-03-30 11:24:16
DraftKings Pick6,player_points_rebounds,Quentin Grimes,Over,12.5,-137,2026-03-30,2026-03-30T18:23:22Z,2026-03-30 11:24:16
DraftKings Pick6,player_points_rebounds,Quentin Grimes,Under,12.5,-137,2026-03-30,2026-03-30T18:23:22Z,2026-03-30 11:24:16
DraftKings Pick6,player_points_rebounds,Kelly Oubre Jr,Over,14.5,-137,2026-03-30,2026-03-30T18:23:22Z,2026-03-30 11:24:16
DraftKings Pick6,player_points_rebounds,Kelly Oubre Jr,Under,14.5,-137,2026-03-30,2026-03-30T18:23:22Z,2026-03-30 11:24:16
DraftKings Pick6,player_points_rebounds,Jaime Jaquez Jr,Over,17.5,-137,2026-03-30,2026-03-30T18:23:22Z,2026-03-30 11:24:16
DraftKings Pick6,player_points_rebounds,Jaime Jaquez Jr,Under,17.5,-137,2026-03-30,2026-03-30T18:23:22Z,2026-03-30 11:24:16
DraftKings Pick6,player_points_rebounds,Paul George,Over,24.5,-137,2026-03-30,2026-03-30T18:23:22Z,2026-03-30 11:24:16
DraftKings Pick6,player_points_rebounds,Paul George,Under,24.5,-137,2026-03-30,2026-03-30T18:23:22Z,2026-03-30 11:24:16
DraftKings Pick6,player_points_rebounds,Dominick Barlow,Over,8.5,-137,2026-03-30,2026-03-30T18:23:22Z,2026-03-30 11:24:16
DraftKings Pick6,player_points_rebounds,Dominick Barlow,Under,8.5,-137,2026-03-30,2026-03-30T18:23:22Z,2026-03-30 11:24:16
DraftKings Pick6,player_points_rebounds,Andrew Wiggins,Over,19.5,-137,2026-03-30,2026-03-30T18:23:22Z,2026-03-30 11:24:16
DraftKings Pick6,player_points_rebounds,Andrew Wiggins,Under,19.5,-137,2026-03-30,2026-03-30T18:23:22Z,2026-03-30 11:24:16
DraftKings Pick6,player_points_rebounds,Tyler Herro,Over,27.5,-137,2026-03-30,2026-03-30T18:23:22Z,2026-03-30 11:24:16
DraftKings Pick6,player_points_rebounds,Tyler Herro,Under,27.5,-137,2026-03-30,2026-03-30T18:23:22Z,2026-03-30 11:24:16
DraftKings Pick6,player_points_rebounds,Derrick White,Over,22.5,-137,2026-03-30,2026-03-30T18:24:22Z,2026-03-30 11:24:16
DraftKings Pick6,player_points_rebounds,Derrick White,Under,22.5,-137,2026-03-30,2026-03-30T18:24:22Z,2026-03-30 11:24:16
DraftKings Pick6,player_points_rebounds,Jonathan Kuminga,Over,12.5,-137,2026-03-30,2026-03-30T18:24:22Z,2026-03-30 11:24:16
DraftKings Pick6,player_points_rebounds,Jonathan Kuminga,Under,12.5,-137,2026-03-30,2026-03-30T18:24:22Z,2026-03-30 11:24:16
DraftKings Pick6,player_points_rebounds,Nickeil Alexander-Walker,Over,21.5,-137,2026-03-30,2026-03-30T18:24:22Z,2026-03-30 11:24:16
DraftKings Pick6,player_points_rebounds,Nickeil Alexander-Walker,Under,21.5,-137,2026-03-30,2026-03-30T18:24:22Z,2026-03-30 11:24:16
DraftKings Pick6,player_points_rebounds,Payton Pritchard,Over,22.5,-137,2026-03-30,2026-03-30T18:24:22Z,2026-03-30 11:24:16
DraftKings Pick6,player_points_rebounds,Payton Pritchard,Under,22.5,-137,2026-03-30,2026-03-30T18:24:22Z,2026-03-30 11:24:16
DraftKings Pick6,player_points_rebounds,Sam Hauser,Over,13.5,-137,2026-03-30,2026-03-30T18:24:22Z,2026-03-30 11:24:16
DraftKings Pick6,player_points_rebounds,Sam Hauser,Under,13.5,-137,2026-03-30,2026-03-30T18:24:22Z,2026-03-30 11:24:16
DraftKings Pick6,player_points_rebounds,Jaylen Brown,Over,35.5,-137,2026-03-30,2026-03-30T18:24:22Z,2026-03-30 11:24:16
DraftKings Pick6,player_points_rebounds,Jaylen Brown,Under,35.5,-137,2026-03-30,2026-03-30T18:24:22Z,2026-03-30 11:24:16
DraftKings Pick6,player_points_rebounds,Zaccharie Risacher,Over,9.5,-137,2026-03-30,2026-03-30T18:24:22Z,2026-03-30 11:24:16
DraftKings Pick6,player_points_rebounds,Zaccharie Risacher,Under,9.5,-137,2026-03-30,2026-03-30T18:24:22Z,2026-03-30 11:24:16
DraftKings Pick6,player_points_rebounds,Dyson Daniels,Over,17.5,-137,2026-03-30,2026-03-30T18:24:22Z,2026-03-30 11:24:16
DraftKings Pick6,player_points_rebounds,Dyson Daniels,Under,17.5,-137,2026-03-30,2026-03-30T18:24:22Z,2026-03-30 11:24:16
DraftKings Pick6,player_points_rebounds,Julian Champagnie,Over,14.5,-137,2026-03-31,2026-03-30T18:23:33Z,2026-03-30 11:24:16
DraftKings Pick6,player_points_rebounds,Julian Champagnie,Under,14.5,-137,2026-03-31,2026-03-30T18:23:33Z,2026-03-30 11:24:16
DraftKings Pick6,player_points_rebounds,De'Aaron Fox,Over,19.5,-137,2026-03-31,2026-03-30T18:23:33Z,2026-03-30 11:24:16
DraftKings Pick6,player_points_rebounds,De'Aaron Fox,Under,19.5,-137,2026-03-31,2026-03-30T18:23:33Z,2026-03-30 11:24:16
DraftKings Pick6,player_points_rebounds,Stephon Castle,Over,21.5,-137,2026-03-31,2026-03-30T18:23:33Z,2026-03-30 11:24:16
DraftKings Pick6,player_points_rebounds,Stephon Castle,Under,21.5,-137,2026-03-31,2026-03-30T18:23:33Z,2026-03-30 11:24:16
DraftKings Pick6,player_points_rebounds,Victor Wembanyama,Over,38.5,-137,2026-03-31,2026-03-30T18:23:33Z,2026-03-30 11:24:16
DraftKings Pick6,player_points_rebounds,Victor Wembanyama,Under,38.5,-137,2026-03-31,2026-03-30T18:23:33Z,2026-03-30 11:24:16
DraftKings Pick6,player_points_rebounds,Josh Giddey,Over,25.5,-137,2026-03-31,2026-03-30T18:23:33Z,2026-03-30 11:24:16
DraftKings Pick6,player_points_rebounds,Josh Giddey,Under,25.5,-137,2026-03-31,2026-03-30T18:23:33Z,2026-03-30 11:24:16
DraftKings Pick6,player_points_rebounds,Devin Vassell,Over,16.5,-137,2026-03-31,2026-03-30T18:23:33Z,2026-03-30 11:24:16
DraftKings Pick6,player_points_rebounds,Devin Vassell,Under,16.5,-137,2026-03-31,2026-03-30T18:23:33Z,2026-03-30 11:24:16
DraftKings Pick6,player_points_rebounds,Matas Buzelis,Over,24.5,-137,2026-03-31,2026-03-30T18:23:33Z,2026-03-30 11:24:16
DraftKings Pick6,player_points_rebounds,Matas Buzelis,Under,24.5,-137,2026-03-31,2026-03-30T18:23:33Z,2026-03-30 11:24:16
DraftKings Pick6,player_points_rebounds,Luke Kornet,Over,10.5,-137,2026-03-31,2026-03-30T18:23:33Z,2026-03-30 11:24:16
DraftKings Pick6,player_points_rebounds,Luke Kornet,Under,10.5,-137,2026-03-31,2026-03-30T18:23:33Z,2026-03-30 11:24:16
DraftKings Pick6,player_points_rebounds,Dylan Harper,Over,16.5,-137,2026-03-31,2026-03-30T18:23:33Z,2026-03-30 11:24:16
DraftKings Pick6,player_points_rebounds,Dylan Harper,Under,16.5,-137,2026-03-31,2026-03-30T18:23:33Z,2026-03-30 11:24:16
DraftKings Pick6,player_points_rebounds,Keldon Johnson,Over,18.5,-137,2026-03-31,2026-03-30T18:23:33Z,2026-03-30 11:24:16
DraftKings Pick6,player_points_rebounds,Keldon Johnson,Under,18.5,-137,2026-03-31,2026-03-30T18:23:33Z,2026-03-30 11:24:16
PrizePicks,player_points_assists,Tyrese Maxey,Over,35.5,-137,2026-03-30,2026-03-30T18:24:01Z,2026-03-30 11:24:16
PrizePicks,player_points_assists,Tyrese Maxey,Under,35.5,-137,2026-03-30,2026-03-30T18:24:01Z,2026-03-30 11:24:16
PrizePicks,player_points_assists,Joel Embiid,Over,31.5,-137,2026-03-30,2026-03-30T18:24:01Z,2026-03-30 11:24:16
PrizePicks,player_points_assists,Joel Embiid,Under,31.5,-137,2026-03-30,2026-03-30T18:24:01Z,2026-03-30 11:24:16
PrizePicks,player_points_assists,Tyler Herro,Over,27.5,-137,2026-03-30,2026-03-30T18:24:01Z,2026-03-30 11:24:16
PrizePicks,player_points_assists,Tyler Herro,Under,27.5,-137,2026-03-30,2026-03-30T18:24:01Z,2026-03-30 11:24:16
PrizePicks,player_points_assists,Bam Adebayo,Over,25.5,-137,2026-03-30,2026-03-30T18:24:01Z,2026-03-30 11:24:16
PrizePicks,player_points_assists,Bam Adebayo,Under,25.5,-137,2026-03-30,2026-03-30T18:24:01Z,2026-03-30 11:24:16
PrizePicks,player_points_assists,Paul George,Over,22.5,-137,2026-03-30,2026-03-30T18:24:01Z,2026-03-30 11:24:16
PrizePicks,player_points_assists,Paul George,Under,22.5,-137,2026-03-30,2026-03-30T18:24:01Z,2026-03-30 11:24:16
PrizePicks,player_points_assists,VJ Edgecombe,Over,17.5,-137,2026-03-30,2026-03-30T18:24:01Z,2026-03-30 11:24:16
PrizePicks,player_points_assists,VJ Edgecombe,Under,17.5,-137,2026-03-30,2026-03-30T18:24:01Z,2026-03-30 11:24:16
PrizePicks,player_points_assists,Jaime Jaquez Jr,Over,17.5,-137,2026-03-30,2026-03-30T18:24:01Z,2026-03-30 11:24:16
PrizePicks,player_points_assists,Jaime Jaquez Jr,Under,17.5,-137,2026-03-30,2026-03-30T18:24:01Z,2026-03-30 11:24:16
PrizePicks,player_points_assists,Andrew Wiggins,Over,16.5,-137,2026-03-30,2026-03-30T18:24:01Z,2026-03-30 11:24:16
PrizePicks,player_points_assists,Andrew Wiggins,Under,16.5,-137,2026-03-30,2026-03-30T18:24:01Z,2026-03-30 11:24:16
PrizePicks,player_points_assists,Davion Mitchell,Over,15.5,-137,2026-03-30,2026-03-30T18:24:01Z,2026-03-30 11:24:16
PrizePicks,player_points_assists,Davion Mitchell,Under,15.5,-137,2026-03-30,2026-03-30T18:24:01Z,2026-03-30 11:24:16
PrizePicks,player_points_assists,Quentin Grimes,Over,13.0,-137,2026-03-30,2026-03-30T18:24:01Z,2026-03-30 11:24:16
PrizePicks,player_points_assists,Quentin Grimes,Under,13.0,-137,2026-03-30,2026-03-30T18:24:01Z,2026-03-30 11:24:16
PrizePicks,player_points_assists,Dominick Barlow,Over,5.5,-137,2026-03-30,2026-03-30T18:24:01Z,2026-03-30 11:24:16
PrizePicks,player_points_assists,Dominick Barlow,Under,5.5,-137,2026-03-30,2026-03-30T18:24:01Z,2026-03-30 11:24:16
PrizePicks,player_points_assists,Jaylen Brown,Over,34.5,-137,2026-03-30,2026-03-30T18:23:38Z,2026-03-30 11:24:16
PrizePicks,player_points_assists,Jaylen Brown,Under,34.5,-137,2026-03-30,2026-03-30T18:23:38Z,2026-03-30 11:24:16
PrizePicks,player_points_assists,Jalen Johnson,Over,29.5,-137,2026-03-30,2026-03-30T18:23:38Z,2026-03-30 11:24:16
PrizePicks,player_points_assists,Jalen Johnson,Under,29.5,-137,2026-03-30,2026-03-30T18:23:38Z,2026-03-30 11:24:16
PrizePicks,player_points_assists,Derrick White,Over,23.5,-137,2026-03-30,2026-03-30T18:23:38Z,2026-03-30 11:24:16
PrizePicks,player_points_assists,Derrick White,Under,23.5,-137,2026-03-30,2026-03-30T18:23:38Z,2026-03-30 11:24:16
PrizePicks,player_points_assists,Payton Pritchard,Over,23.5,-137,2026-03-30,2026-03-30T18:23:38Z,2026-03-30 11:24:16
PrizePicks,player_points_assists,Payton Pritchard,Under,23.5,-137,2026-03-30,2026-03-30T18:23:38Z,2026-03-30 11:24:16
PrizePicks,player_points_assists,C.J. McCollum,Over,21.5,-137,2026-03-30,2026-03-30T18:23:38Z,2026-03-30 11:24:16
PrizePicks,player_points_assists,C.J. McCollum,Under,21.5,-137,2026-03-30,2026-03-30T18:23:38Z,2026-03-30 11:24:16
PrizePicks,player_points_assists,Nickeil Alexander-Walker,Over,21.5,-137,2026-03-30,2026-03-30T18:23:38Z,2026-03-30 11:24:16
PrizePicks,player_points_assists,Nickeil Alexander-Walker,Under,21.5,-137,2026-03-30,2026-03-30T18:23:38Z,2026-03-30 11:24:16
PrizePicks,player_points_assists,Dyson Daniels,Over,15.5,-137,2026-03-30,2026-03-30T18:23:38Z,2026-03-30 11:24:16
PrizePicks,player_points_assists,Dyson Daniels,Under,15.5,-137,2026-03-30,2026-03-30T18:23:38Z,2026-03-30 11:24:16
PrizePicks,player_points_assists,Onyeka Okongwu,Over,15.5,-137,2026-03-30,2026-03-30T18:23:38Z,2026-03-30 11:24:16
PrizePicks,player_points_assists,Onyeka Okongwu,Under,15.5,-137,2026-03-30,2026-03-30T18:23:38Z,2026-03-30 11:24:16
PrizePicks,player_points_assists,Sam Hauser,Over,10.5,-137,2026-03-30,2026-03-30T18:23:38Z,2026-03-30 11:24:16
PrizePicks,player_points_assists,Sam Hauser,Under,10.5,-137,2026-03-30,2026-03-30T18:23:38Z,2026-03-30 11:24:16
PrizePicks,player_points_assists,Jonathan Kuminga,Over,10.5,-137,2026-03-30,2026-03-30T18:23:38Z,2026-03-30 11:24:16
PrizePicks,player_points_assists,Jonathan Kuminga,Under,10.5,-137,2026-03-30,2026-03-30T18:23:38Z,2026-03-30 11:24:16
PrizePicks,player_points_assists,Victor Wembanyama,Over,29.5,-137,2026-03-31,2026-03-30T18:23:28Z,2026-03-30 11:24:16
PrizePicks,player_points_assists,Victor Wembanyama,Under,29.5,-137,2026-03-31,2026-03-30T18:23:28Z,2026-03-30 11:24:16
PrizePicks,player_points_assists,Josh Giddey,Over,26.5,-137,2026-03-31,2026-03-30T18:23:28Z,2026-03-30 11:24:16
PrizePicks,player_points_assists,Josh Giddey,Under,26.5,-137,2026-03-31,2026-03-30T18:23:28Z,2026-03-30 11:24:16
PrizePicks,player_points_assists,Stephon Castle,Over,24.5,-137,2026-03-31,2026-03-30T18:23:28Z,2026-03-30 11:24:16
PrizePicks,player_points_assists,Stephon Castle,Under,24.5,-137,2026-03-31,2026-03-30T18:23:28Z,2026-03-30 11:24:16
PrizePicks,player_points_assists,De'Aaron Fox,Over,22.5,-137,2026-03-31,2026-03-30T18:23:28Z,2026-03-30 11:24:16
PrizePicks,player_points_assists,De'Aaron Fox,Under,22.5,-137,2026-03-31,2026-03-30T18:23:28Z,2026-03-30 11:24:16
PrizePicks,player_points_assists,Matas Buzelis,Over,20.5,-137,2026-03-31,2026-03-30T18:23:28Z,2026-03-30 11:24:16
PrizePicks,player_points_assists,Matas Buzelis,Under,20.5,-137,2026-03-31,2026-03-30T18:23:28Z,2026-03-30 11:24:16
PrizePicks,player_points_assists,Collin Sexton,Over,19.5,-137,2026-03-31,2026-03-30T18:23:28Z,2026-03-30 11:24:16
PrizePicks,player_points_assists,Collin Sexton,Under,19.5,-137,2026-03-31,2026-03-30T18:23:28Z,2026-03-30 11:24:16
PrizePicks,player_points_assists,Tre Jones,Over,18.5,-137,2026-03-31,2026-03-30T18:23:28Z,2026-03-30 11:24:16
PrizePicks,player_points_assists,Tre Jones,Under,18.5,-137,2026-03-31,2026-03-30T18:23:28Z,2026-03-30 11:24:16
PrizePicks,player_points_assists,Dylan Harper,Over,17.5,-137,2026-03-31,2026-03-30T18:23:28Z,2026-03-30 11:24:16
PrizePicks,player_points_assists,Dylan Harper,Under,17.5,-137,2026-03-31,2026-03-30T18:23:28Z,2026-03-30 11:24:16
PrizePicks,player_points_assists,Devin Vassell,Over,16.0,-137,2026-03-31,2026-03-30T18:23:28Z,2026-03-30 11:24:16
PrizePicks,player_points_assists,Devin Vassell,Under,16.0,-137,2026-03-31,2026-03-30T18:23:28Z,2026-03-30 11:24:16
PrizePicks,player_points_assists,Keldon Johnson,Over,14.5,-137,2026-03-31,2026-03-30T18:23:28Z,2026-03-30 11:24:16
PrizePicks,player_points_assists,Keldon Johnson,Under,14.5,-137,2026-03-31,2026-03-30T18:23:28Z,2026-03-30 11:24:16
PrizePicks,player_points_assists,Julian Champagnie,Over,11.5,-137,2026-03-31,2026-03-30T18:23:28Z,2026-03-30 11:24:16
PrizePicks,player_points_assists,Julian Champagnie,Under,11.5,-137,2026-03-31,2026-03-30T18:23:28Z,2026-03-30 11:24:16
PrizePicks,player_points_assists,Isaac Okoro,Over,10.5,-137,2026-03-31,2026-03-30T18:23:28Z,2026-03-30 11:24:16
PrizePicks,player_points_assists,Isaac Okoro,Under,10.5,-137,2026-03-31,2026-03-30T18:23:28Z,2026-03-30 11:24:16
PrizePicks,player_points_assists,Nick Richards,Over,9.5,-137,2026-03-31,2026-03-30T18:23:28Z,2026-03-30 11:24:16
PrizePicks,player_points_assists,Nick Richards,Under,9.5,-137,2026-03-31,2026-03-30T18:23:28Z,2026-03-30 11:24:16
Betr DFS,player_points_assists,Joel Embiid,Over,32.5,-137,2026-03-30,2026-03-30T18:23:29Z,2026-03-30 11:24:16
Betr DFS,player_points_assists,Joel Embiid,Under,32.5,-137,2026-03-30,2026-03-30T18:23:29Z,2026-03-30 11:24:16
Betr DFS,player_points_assists,Tyrese Maxey,Over,35.5,-137,2026-03-30,2026-03-30T18:23:29Z,2026-03-30 11:24:16
Betr DFS,player_points_assists,Tyrese Maxey,Under,35.5,-137,2026-03-30,2026-03-30T18:23:29Z,2026-03-30 11:24:16
Betr DFS,player_points_assists,Paul George,Over,22.5,-137,2026-03-30,2026-03-30T18:23:29Z,2026-03-30 11:24:16
Betr DFS,player_points_assists,Paul George,Under,22.5,-137,2026-03-30,2026-03-30T18:23:29Z,2026-03-30 11:24:16
Betr DFS,player_points_assists,VJ Edgecombe,Over,17.5,-137,2026-03-30,2026-03-30T18:23:29Z,2026-03-30 11:24:16
Betr DFS,player_points_assists,VJ Edgecombe,Under,17.5,-137,2026-03-30,2026-03-30T18:23:29Z,2026-03-30 11:24:16
Betr DFS,player_points_assists,Bam Adebayo,Over,25.5,-137,2026-03-30,2026-03-30T18:23:29Z,2026-03-30 11:24:16
Betr DFS,player_points_assists,Bam Adebayo,Under,25.5,-137,2026-03-30,2026-03-30T18:23:29Z,2026-03-30 11:24:16
Betr DFS,player_points_assists,Tyler Herro,Over,27.5,-137,2026-03-30,2026-03-30T18:23:29Z,2026-03-30 11:24:16
Betr DFS,player_points_assists,Tyler Herro,Under,27.5,-137,2026-03-30,2026-03-30T18:23:29Z,2026-03-30 11:24:16
Betr DFS,player_points_assists,Andrew Wiggins,Over,16.5,-137,2026-03-30,2026-03-30T18:23:29Z,2026-03-30 11:24:16
Betr DFS,player_points_assists,Andrew Wiggins,Under,16.5,-137,2026-03-30,2026-03-30T18:23:29Z,2026-03-30 11:24:16
Betr DFS,player_points_assists,Davion Mitchell,Over,15.5,-137,2026-03-30,2026-03-30T18:23:29Z,2026-03-30 11:24:16
Betr DFS,player_points_assists,Davion Mitchell,Under,15.5,-137,2026-03-30,2026-03-30T18:23:29Z,2026-03-30 11:24:16
Betr DFS,player_points_assists,Jaime Jaquez Jr,Over,17.5,-137,2026-03-30,2026-03-30T18:23:29Z,2026-03-30 11:24:16
Betr DFS,player_points_assists,Jaime Jaquez Jr,Under,17.5,-137,2026-03-30,2026-03-30T18:23:29Z,2026-03-30 11:24:16
Betr DFS,player_points_assists,Pelle Larsson,Over,16.5,-137,2026-03-30,2026-03-30T18:23:29Z,2026-03-30 11:24:16
Betr DFS,player_points_assists,Pelle Larsson,Under,16.5,-137,2026-03-30,2026-03-30T18:23:29Z,2026-03-30 11:24:16
Betr DFS,player_points_assists,Jaylen Brown,Over,33.5,-137,2026-03-30,2026-03-30T18:24:20Z,2026-03-30 11:24:16
Betr DFS,player_points_assists,Jaylen Brown,Under,33.5,-137,2026-03-30,2026-03-30T18:24:20Z,2026-03-30 11:24:16
Betr DFS,player_points_assists,Derrick White,Over,23.5,-137,2026-03-30,2026-03-30T18:24:20Z,2026-03-30 11:24:16
Betr DFS,player_points_assists,Derrick White,Under,23.5,-137,2026-03-30,2026-03-30T18:24:20Z,2026-03-30 11:24:16
Betr DFS,player_points_assists,Payton Pritchard,Over,23.5,-137,2026-03-30,2026-03-30T18:24:20Z,2026-03-30 11:24:16
Betr DFS,player_points_assists,Payton Pritchard,Under,23.5,-137,2026-03-30,2026-03-30T18:24:20Z,2026-03-30 11:24:16
Betr DFS,player_points_assists,Onyeka Okongwu,Over,15.5,-137,2026-03-30,2026-03-30T18:24:20Z,2026-03-30 11:24:16
Betr DFS,player_points_assists,Onyeka Okongwu,Under,15.5,-137,2026-03-30,2026-03-30T18:24:20Z,2026-03-30 11:24:16
Betr DFS,player_points_assists,Jalen Johnson,Over,30.5,-137,2026-03-30,2026-03-30T18:24:20Z,2026-03-30 11:24:16
Betr DFS,player_points_assists,Jalen Johnson,Under,30.5,-137,2026-03-30,2026-03-30T18:24:20Z,2026-03-30 11:24:16
Betr DFS,player_points_assists,Nickeil Alexander-Walker,Over,21.5,-137,2026-03-30,2026-03-30T18:24:20Z,2026-03-30 11:24:16
Betr DFS,player_points_assists,Nickeil Alexander-Walker,Under,21.5,-137,2026-03-30,2026-03-30T18:24:20Z,2026-03-30 11:24:16
Betr DFS,player_points_assists,C.J. McCollum,Over,21.5,-137,2026-03-30,2026-03-30T18:24:20Z,2026-03-30 11:24:16
Betr DFS,player_points_assists,C.J. McCollum,Under,21.5,-137,2026-03-30,2026-03-30T18:24:20Z,2026-03-30 11:24:16
Betr DFS,player_points_assists,Dyson Daniels,Over,15.5,-137,2026-03-30,2026-03-30T18:24:20Z,2026-03-30 11:24:16
Betr DFS,player_points_assists,Dyson Daniels,Under,15.5,-137,2026-03-30,2026-03-30T18:24:20Z,2026-03-30 11:24:16
Betr DFS,player_points_assists,Collin Sexton,Over,19.5,-137,2026-03-31,2026-03-30T18:24:27Z,2026-03-30 11:24:16
Betr DFS,player_points_assists,Collin Sexton,Under,19.5,-137,2026-03-31,2026-03-30T18:24:27Z,2026-03-30 11:24:16
Betr DFS,player_points_assists,Josh Giddey,Over,25.5,-137,2026-03-31,2026-03-30T18:24:27Z,2026-03-30 11:24:16
Betr DFS,player_points_assists,Josh Giddey,Under,25.5,-137,2026-03-31,2026-03-30T18:24:27Z,2026-03-30 11:24:16
Betr DFS,player_points_assists,Tre Jones,Over,18.5,-137,2026-03-31,2026-03-30T18:24:27Z,2026-03-30 11:24:16
Betr DFS,player_points_assists,Tre Jones,Under,18.5,-137,2026-03-31,2026-03-30T18:24:27Z,2026-03-30 11:24:16
Betr DFS,player_points_assists,Matas Buzelis,Over,20.5,-137,2026-03-31,2026-03-30T18:24:27Z,2026-03-30 11:24:16
Betr DFS,player_points_assists,Matas Buzelis,Under,20.5,-137,2026-03-31,2026-03-30T18:24:27Z,2026-03-30 11:24:16
Betr DFS,player_points_assists,Keldon Johnson,Over,15.5,-137,2026-03-31,2026-03-30T18:24:27Z,2026-03-30 11:24:16
Betr DFS,player_points_assists,Keldon Johnson,Under,15.5,-137,2026-03-31,2026-03-30T18:24:27Z,2026-03-30 11:24:16
Betr DFS,player_points_assists,Devin Vassell,Over,15.5,-137,2026-03-31,2026-03-30T18:24:27Z,2026-03-30 11:24:16
Betr DFS,player_points_assists,Devin Vassell,Under,15.5,-137,2026-03-31,2026-03-30T18:24:27Z,2026-03-30 11:24:16
Betr DFS,player_points_assists,De'Aaron Fox,Over,22.5,-137,2026-03-31,2026-03-30T18:24:27Z,2026-03-30 11:24:16
Betr DFS,player_points_assists,De'Aaron Fox,Under,22.5,-137,2026-03-31,2026-03-30T18:24:27Z,2026-03-30 11:24:16
Betr DFS,player_points_assists,Victor Wembanyama,Over,29.5,-137,2026-03-31,2026-03-30T18:24:27Z,2026-03-30 11:24:16
Betr DFS,player_points_assists,Victor Wembanyama,Under,29.5,-137,2026-03-31,2026-03-30T18:24:27Z,2026-03-30 11:24:16
Betr DFS,player_points_assists,Stephon Castle,Over,24.5,-137,2026-03-31,2026-03-30T18:24:27Z,2026-03-30 11:24:16
Betr DFS,player_points_assists,Stephon Castle,Under,24.5,-137,2026-03-31,2026-03-30T18:24:27Z,2026-03-30 11:24:16
Betr DFS,player_points_assists,Dylan Harper,Over,17.5,-137,2026-03-31,2026-03-30T18:24:27Z,2026-03-30 11:24:16
Betr DFS,player_points_assists,Dylan Harper,Under,17.5,-137,2026-03-31,2026-03-30T18:24:27Z,2026-03-30 11:24:16
Underdog,player_points_assists,Joel Embiid,Over,31.5,-137,2026-03-30,2026-03-30T18:23:42Z,2026-03-30 11:24:16
Underdog,player_points_assists,Joel Embiid,Under,31.5,-137,2026-03-30,2026-03-30T18:23:42Z,2026-03-30 11:24:16
Underdog,player_points_assists,Paul George,Over,22.5,-137,2026-03-30,2026-03-30T18:23:42Z,2026-03-30 11:24:16
Underdog,player_points_assists,Paul George,Under,22.5,-137,2026-03-30,2026-03-30T18:23:42Z,2026-03-30 11:24:16
Underdog,player_points_assists,Bam Adebayo,Over,25.5,-137,2026-03-30,2026-03-30T18:23:42Z,2026-03-30 11:24:16
Underdog,player_points_assists,Bam Adebayo,Under,25.5,-137,2026-03-30,2026-03-30T18:23:42Z,2026-03-30 11:24:16
Underdog,player_points_assists,Tyler Herro,Over,27.5,-137,2026-03-30,2026-03-30T18:23:42Z,2026-03-30 11:24:16
Underdog,player_points_assists,Tyler Herro,Under,27.5,-137,2026-03-30,2026-03-30T18:23:42Z,2026-03-30 11:24:16
Underdog,player_points_assists,Tyrese Maxey,Over,35.5,-137,2026-03-30,2026-03-30T18:23:42Z,2026-03-30 11:24:16
Underdog,player_points_assists,Tyrese Maxey,Under,35.5,-137,2026-03-30,2026-03-30T18:23:42Z,2026-03-30 11:24:16
Underdog,player_points_assists,Jayson Tatum,Over,28.5,-137,2026-03-30,2026-03-30T18:24:13Z,2026-03-30 11:24:16
Underdog,player_points_assists,Jayson Tatum,Under,28.5,-137,2026-03-30,2026-03-30T18:24:13Z,2026-03-30 11:24:16
Underdog,player_points_assists,Jaylen Brown,Over,33.5,-137,2026-03-30,2026-03-30T18:24:13Z,2026-03-30 11:24:16
Underdog,player_points_assists,Jaylen Brown,Under,33.5,-137,2026-03-30,2026-03-30T18:24:13Z,2026-03-30 11:24:16
Underdog,player_points_assists,Derrick White,Over,23.5,-137,2026-03-30,2026-03-30T18:24:13Z,2026-03-30 11:24:16
Underdog,player_points_assists,Derrick White,Under,23.5,-137,2026-03-30,2026-03-30T18:24:13Z,2026-03-30 11:24:16
Underdog,player_points_assists,C.J. McCollum,Over,21.5,-137,2026-03-30,2026-03-30T18:24:13Z,2026-03-30 11:24:16
Underdog,player_points_assists,C.J. McCollum,Under,21.5,-137,2026-03-30,2026-03-30T18:24:13Z,2026-03-30 11:24:16
Underdog,player_points_assists,Payton Pritchard,Over,23.5,-137,2026-03-30,2026-03-30T18:24:13Z,2026-03-30 11:24:16
Underdog,player_points_assists,Payton Pritchard,Under,23.5,-137,2026-03-30,2026-03-30T18:24:13Z,2026-03-30 11:24:16
Underdog,player_points_assists,Victor Wembanyama,Over,29.5,-137,2026-03-31,2026-03-30T18:23:28Z,2026-03-30 11:24:16
Underdog,player_points_assists,Victor Wembanyama,Under,29.5,-137,2026-03-31,2026-03-30T18:23:28Z,2026-03-30 11:24:16
Underdog,player_points_assists,De'Aaron Fox,Over,22.5,-137,2026-03-31,2026-03-30T18:23:28Z,2026-03-30 11:24:16
Underdog,player_points_assists,De'Aaron Fox,Under,22.5,-137,2026-03-31,2026-03-30T18:23:28Z,2026-03-30 11:24:16
Underdog,player_points_assists,Josh Giddey,Over,26.5,-137,2026-03-31,2026-03-30T18:23:28Z,2026-03-30 11:24:16
Underdog,player_points_assists,Josh Giddey,Under,26.5,-137,2026-03-31,2026-03-30T18:23:28Z,2026-03-30 11:24:16
Underdog,player_points_assists,Matas Buzelis,Over,20.5,-137,2026-03-31,2026-03-30T18:23:28Z,2026-03-30 11:24:16
Underdog,player_points_assists,Matas Buzelis,Under,20.5,-137,2026-03-31,2026-03-30T18:23:28Z,2026-03-30 11:24:16
Underdog,player_points_assists,Stephon Castle,Over,24.5,-137,2026-03-31,2026-03-30T18:23:28Z,2026-03-30 11:24:16
Underdog,player_points_assists,Stephon Castle,Under,24.5,-137,2026-03-31,2026-03-30T18:23:28Z,2026-03-30 11:24:16
Underdog,player_points_assists,Tre Jones,Over,18.5,-137,2026-03-31,2026-03-30T18:23:28Z,2026-03-30 11:24:16
Underdog,player_points_assists,Tre Jones,Under,18.5,-137,2026-03-31,2026-03-30T18:23:28Z,2026-03-30 11:24:16
DraftKings Pick6,player_points_assists,Tyrese Maxey,Over,35.5,-137,2026-03-30,2026-03-30T18:23:22Z,2026-03-30 11:24:16
DraftKings Pick6,player_points_assists,Tyrese Maxey,Under,35.5,-137,2026-03-30,2026-03-30T18:23:22Z,2026-03-30 11:24:16
DraftKings Pick6,player_points_assists,Paul George,Over,22.5,-137,2026-03-30,2026-03-30T18:23:22Z,2026-03-30 11:24:16
DraftKings Pick6,player_points_assists,Paul George,Under,22.5,-137,2026-03-30,2026-03-30T18:23:22Z,2026-03-30 11:24:16
DraftKings Pick6,player_points_assists,Andrew Wiggins,Over,16.5,-137,2026-03-30,2026-03-30T18:23:22Z,2026-03-30 11:24:16
DraftKings Pick6,player_points_assists,Andrew Wiggins,Under,16.5,-137,2026-03-30,2026-03-30T18:23:22Z,2026-03-30 11:24:16
DraftKings Pick6,player_points_assists,VJ Edgecombe,Over,17.5,-137,2026-03-30,2026-03-30T18:23:22Z,2026-03-30 11:24:16
DraftKings Pick6,player_points_assists,Pelle Larsson,Over,16.5,-137,2026-03-30,2026-03-30T18:23:22Z,2026-03-30 11:24:16
DraftKings Pick6,player_points_assists,Joel Embiid,Over,32.5,-137,2026-03-30,2026-03-30T18:23:22Z,2026-03-30 11:24:16
DraftKings Pick6,player_points_assists,Joel Embiid,Under,32.5,-137,2026-03-30,2026-03-30T18:23:22Z,2026-03-30 11:24:16
DraftKings Pick6,player_points_assists,Jaime Jaquez Jr,Over,17.5,-137,2026-03-30,2026-03-30T18:23:22Z,2026-03-30 11:24:16
DraftKings Pick6,player_points_assists,Jaime Jaquez Jr,Under,17.5,-137,2026-03-30,2026-03-30T18:23:22Z,2026-03-30 11:24:16
DraftKings Pick6,player_points_assists,Bam Adebayo,Over,25.5,-137,2026-03-30,2026-03-30T18:23:22Z,2026-03-30 11:24:16
DraftKings Pick6,player_points_assists,Bam Adebayo,Under,25.5,-137,2026-03-30,2026-03-30T18:23:22Z,2026-03-30 11:24:16
DraftKings Pick6,player_points_assists,Davion Mitchell,Over,16.5,-137,2026-03-30,2026-03-30T18:23:22Z,2026-03-30 11:24:16
DraftKings Pick6,player_points_assists,Quentin Grimes,Over,12.5,-137,2026-03-30,2026-03-30T18:23:22Z,2026-03-30 11:24:16
DraftKings Pick6,player_points_assists,Quentin Grimes,Under,12.5,-137,2026-03-30,2026-03-30T18:23:22Z,2026-03-30 11:24:16
DraftKings Pick6,player_points_assists,Tyler Herro,Over,27.5,-137,2026-03-30,2026-03-30T18:23:22Z,2026-03-30 11:24:16
DraftKings Pick6,player_points_assists,Tyler Herro,Under,27.5,-137,2026-03-30,2026-03-30T18:23:22Z,2026-03-30 11:24:16
DraftKings Pick6,player_points_assists,C.J. McCollum,Over,21.5,-137,2026-03-30,2026-03-30T18:24:22Z,2026-03-30 11:24:16
DraftKings Pick6,player_points_assists,C.J. McCollum,Under,21.5,-137,2026-03-30,2026-03-30T18:24:22Z,2026-03-30 11:24:16
DraftKings Pick6,player_points_assists,Jaylen Brown,Over,33.5,-137,2026-03-30,2026-03-30T18:24:22Z,2026-03-30 11:24:16
DraftKings Pick6,player_points_assists,Jaylen Brown,Under,33.5,-137,2026-03-30,2026-03-30T18:24:22Z,2026-03-30 11:24:16
DraftKings Pick6,player_points_assists,Jalen Johnson,Over,30.5,-137,2026-03-30,2026-03-30T18:24:22Z,2026-03-30 11:24:16
DraftKings Pick6,player_points_assists,Jalen Johnson,Under,30.5,-137,2026-03-30,2026-03-30T18:24:22Z,2026-03-30 11:24:16
DraftKings Pick6,player_points_assists,Nickeil Alexander-Walker,Over,22.5,-137,2026-03-30,2026-03-30T18:24:22Z,2026-03-30 11:24:16
DraftKings Pick6,player_points_assists,Nickeil Alexander-Walker,Under,22.5,-137,2026-03-30,2026-03-30T18:24:22Z,2026-03-30 11:24:16
DraftKings Pick6,player_points_assists,Derrick White,Over,23.5,-137,2026-03-30,2026-03-30T18:24:22Z,2026-03-30 11:24:16
DraftKings Pick6,player_points_assists,Derrick White,Under,23.5,-137,2026-03-30,2026-03-30T18:24:22Z,2026-03-30 11:24:16
DraftKings Pick6,player_points_assists,Onyeka Okongwu,Over,15.5,-137,2026-03-30,2026-03-30T18:24:22Z,2026-03-30 11:24:16
DraftKings Pick6,player_points_assists,Onyeka Okongwu,Under,15.5,-137,2026-03-30,2026-03-30T18:24:22Z,2026-03-30 11:24:16
DraftKings Pick6,player_points_assists,Payton Pritchard,Over,23.5,-137,2026-03-30,2026-03-30T18:24:22Z,2026-03-30 11:24:16
DraftKings Pick6,player_points_assists,Payton Pritchard,Under,23.5,-137,2026-03-30,2026-03-30T18:24:22Z,2026-03-30 11:24:16
DraftKings Pick6,player_points_assists,Dylan Harper,Over,17.5,-137,2026-03-31,2026-03-30T18:23:33Z,2026-03-30 11:24:16
DraftKings Pick6,player_points_assists,Dylan Harper,Under,17.5,-137,2026-03-31,2026-03-30T18:23:33Z,2026-03-30 11:24:16
DraftKings Pick6,player_points_assists,Stephon Castle,Over,24.5,-137,2026-03-31,2026-03-30T18:23:33Z,2026-03-30 11:24:16
DraftKings Pick6,player_points_assists,Stephon Castle,Under,24.5,-137,2026-03-31,2026-03-30T18:23:33Z,2026-03-30 11:24:16
DraftKings Pick6,player_points_assists,Devin Vassell,Over,15.5,-137,2026-03-31,2026-03-30T18:23:33Z,2026-03-30 11:24:16
DraftKings Pick6,player_points_assists,Devin Vassell,Under,15.5,-137,2026-03-31,2026-03-30T18:23:33Z,2026-03-30 11:24:16
DraftKings Pick6,player_points_assists,Tre Jones,Over,18.5,-137,2026-03-31,2026-03-30T18:23:33Z,2026-03-30 11:24:16
DraftKings Pick6,player_points_assists,Tre Jones,Under,18.5,-137,2026-03-31,2026-03-30T18:23:33Z,2026-03-30 11:24:16
DraftKings Pick6,player_points_assists,Victor Wembanyama,Over,29.5,-137,2026-03-31,2026-03-30T18:23:33Z,2026-03-30 11:24:16
DraftKings Pick6,player_points_assists,Victor Wembanyama,Under,29.5,-137,2026-03-31,2026-03-30T18:23:33Z,2026-03-30 11:24:16
DraftKings Pick6,player_points_assists,De'Aaron Fox,Over,22.5,-137,2026-03-31,2026-03-30T18:23:33Z,2026-03-30 11:24:16
DraftKings Pick6,player_points_assists,De'Aaron Fox,Under,22.5,-137,2026-03-31,2026-03-30T18:23:33Z,2026-03-30 11:24:16
DraftKings Pick6,player_points_assists,Collin Sexton,Over,19.5,-137,2026-03-31,2026-03-30T18:23:33Z,2026-03-30 11:24:16
DraftKings Pick6,player_points_assists,Collin Sexton,Under,19.5,-137,2026-03-31,2026-03-30T18:23:33Z,2026-03-30 11:24:16
PrizePicks,player_rebounds_assists,Bam Adebayo,Over,13.5,-137,2026-03-30,2026-03-30T18:24:01Z,2026-03-30 11:24:16
PrizePicks,player_rebounds_assists,Bam Adebayo,Under,13.5,-137,2026-03-30,2026-03-30T18:24:01Z,2026-03-30 11:24:16
PrizePicks,player_rebounds_assists,Joel Embiid,Over,11.5,-137,2026-03-30,2026-03-30T18:24:01Z,2026-03-30 11:24:16
PrizePicks,player_rebounds_assists,Joel Embiid,Under,11.5,-137,2026-03-30,2026-03-30T18:24:01Z,2026-03-30 11:24:16
PrizePicks,player_rebounds_assists,VJ Edgecombe,Over,9.0,-137,2026-03-30,2026-03-30T18:24:01Z,2026-03-30 11:24:16
PrizePicks,player_rebounds_assists,VJ Edgecombe,Under,9.0,-137,2026-03-30,2026-03-30T18:24:01Z,2026-03-30 11:24:16
PrizePicks,player_rebounds_assists,Tyler Herro,Over,8.5,-137,2026-03-30,2026-03-30T18:24:01Z,2026-03-30 11:24:16
PrizePicks,player_rebounds_assists,Tyler Herro,Under,8.5,-137,2026-03-30,2026-03-30T18:24:01Z,2026-03-30 11:24:16
PrizePicks,player_rebounds_assists,Quentin Grimes,Over,6.0,-137,2026-03-30,2026-03-30T18:24:01Z,2026-03-30 11:24:16
PrizePicks,player_rebounds_assists,Quentin Grimes,Under,6.0,-137,2026-03-30,2026-03-30T18:24:01Z,2026-03-30 11:24:16
PrizePicks,player_rebounds_assists,Dominick Barlow,Over,4.5,-137,2026-03-30,2026-03-30T18:24:01Z,2026-03-30 11:24:16
PrizePicks,player_rebounds_assists,Dominick Barlow,Under,4.5,-137,2026-03-30,2026-03-30T18:24:01Z,2026-03-30 11:24:16
PrizePicks,player_rebounds_assists,Jalen Johnson,Over,17.0,-137,2026-03-30,2026-03-30T18:23:38Z,2026-03-30 11:24:16
PrizePicks,player_rebounds_assists,Jalen Johnson,Under,17.0,-137,2026-03-30,2026-03-30T18:23:38Z,2026-03-30 11:24:16
PrizePicks,player_rebounds_assists,Jaylen Brown,Over,12.5,-137,2026-03-30,2026-03-30T18:23:38Z,2026-03-30 11:24:16
PrizePicks,player_rebounds_assists,Jaylen Brown,Under,12.5,-137,2026-03-30,2026-03-30T18:23:38Z,2026-03-30 11:24:16
PrizePicks,player_rebounds_assists,Onyeka Okongwu,Over,9.5,-137,2026-03-30,2026-03-30T18:23:38Z,2026-03-30 11:24:16
PrizePicks,player_rebounds_assists,Onyeka Okongwu,Under,9.5,-137,2026-03-30,2026-03-30T18:23:38Z,2026-03-30 11:24:16
PrizePicks,player_rebounds_assists,Payton Pritchard,Over,9.5,-137,2026-03-30,2026-03-30T18:23:38Z,2026-03-30 11:24:16
PrizePicks,player_rebounds_assists,Payton Pritchard,Under,9.5,-137,2026-03-30,2026-03-30T18:23:38Z,2026-03-30 11:24:16
PrizePicks,player_rebounds_assists,Nickeil Alexander-Walker,Over,7.0,-137,2026-03-30,2026-03-30T18:23:38Z,2026-03-30 11:24:16
PrizePicks,player_rebounds_assists,Nickeil Alexander-Walker,Under,7.0,-137,2026-03-30,2026-03-30T18:23:38Z,2026-03-30 11:24:16
PrizePicks,player_rebounds_assists,Josh Giddey,Over,17.5,-137,2026-03-31,2026-03-30T18:23:28Z,2026-03-30 11:24:16
PrizePicks,player_rebounds_assists,Josh Giddey,Under,17.5,-137,2026-03-31,2026-03-30T18:23:28Z,2026-03-30 11:24:16
PrizePicks,player_rebounds_assists,Victor Wembanyama,Over,15.0,-137,2026-03-31,2026-03-30T18:23:28Z,2026-03-30 11:24:16
PrizePicks,player_rebounds_assists,Victor Wembanyama,Under,15.0,-137,2026-03-31,2026-03-30T18:23:28Z,2026-03-30 11:24:16
PrizePicks,player_rebounds_assists,De'Aaron Fox,Over,9.5,-137,2026-03-31,2026-03-30T18:23:28Z,2026-03-30 11:24:16
PrizePicks,player_rebounds_assists,De'Aaron Fox,Under,9.5,-137,2026-03-31,2026-03-30T18:23:28Z,2026-03-30 11:24:16
PrizePicks,player_rebounds_assists,Tre Jones,Over,8.5,-137,2026-03-31,2026-03-30T18:23:28Z,2026-03-30 11:24:16
PrizePicks,player_rebounds_assists,Tre Jones,Under,8.5,-137,2026-03-31,2026-03-30T18:23:28Z,2026-03-30 11:24:16
PrizePicks,player_rebounds_assists,Dylan Harper,Over,7.5,-137,2026-03-31,2026-03-30T18:23:28Z,2026-03-30 11:24:16
PrizePicks,player_rebounds_assists,Dylan Harper,Under,7.5,-137,2026-03-31,2026-03-30T18:23:28Z,2026-03-30 11:24:16
PrizePicks,player_rebounds_assists,Matas Buzelis,Over,7.5,-137,2026-03-31,2026-03-30T18:23:28Z,2026-03-30 11:24:16
PrizePicks,player_rebounds_assists,Matas Buzelis,Under,7.5,-137,2026-03-31,2026-03-30T18:23:28Z,2026-03-30 11:24:16
PrizePicks,player_rebounds_assists,Nick Richards,Over,7.5,-137,2026-03-31,2026-03-30T18:23:28Z,2026-03-30 11:24:16
PrizePicks,player_rebounds_assists,Nick Richards,Under,7.5,-137,2026-03-31,2026-03-30T18:23:28Z,2026-03-30 11:24:16
PrizePicks,player_rebounds_assists,Devin Vassell,Over,6.0,-137,2026-03-31,2026-03-30T18:23:28Z,2026-03-30 11:24:16
PrizePicks,player_rebounds_assists,Devin Vassell,Under,6.0,-137,2026-03-31,2026-03-30T18:23:28Z,2026-03-30 11:24:16
PrizePicks,player_rebounds_assists,Collin Sexton,Over,4.5,-137,2026-03-31,2026-03-30T18:23:28Z,2026-03-30 11:24:16
PrizePicks,player_rebounds_assists,Collin Sexton,Under,4.5,-137,2026-03-31,2026-03-30T18:23:28Z,2026-03-30 11:24:16
Betr DFS,player_rebounds_assists,Joel Embiid,Over,11.5,-137,2026-03-30,2026-03-30T18:23:29Z,2026-03-30 11:24:16
Betr DFS,player_rebounds_assists,Joel Embiid,Under,11.5,-137,2026-03-30,2026-03-30T18:23:29Z,2026-03-30 11:24:16
Betr DFS,player_rebounds_assists,Tyrese Maxey,Over,11.5,-137,2026-03-30,2026-03-30T18:23:29Z,2026-03-30 11:24:16
Betr DFS,player_rebounds_assists,Tyrese Maxey,Under,11.5,-137,2026-03-30,2026-03-30T18:23:29Z,2026-03-30 11:24:16
Betr DFS,player_rebounds_assists,Paul George,Over,10.0,-137,2026-03-30,2026-03-30T18:23:29Z,2026-03-30 11:24:16
Betr DFS,player_rebounds_assists,Paul George,Under,10.0,-137,2026-03-30,2026-03-30T18:23:29Z,2026-03-30 11:24:16
Betr DFS,player_rebounds_assists,Bam Adebayo,Over,13.5,-137,2026-03-30,2026-03-30T18:23:29Z,2026-03-30 11:24:16
Betr DFS,player_rebounds_assists,Bam Adebayo,Under,13.5,-137,2026-03-30,2026-03-30T18:23:29Z,2026-03-30 11:24:16
Betr DFS,player_rebounds_assists,Davion Mitchell,Over,9.5,-137,2026-03-30,2026-03-30T18:23:29Z,2026-03-30 11:24:16
Betr DFS,player_rebounds_assists,Jaime Jaquez Jr,Over,8.5,-137,2026-03-30,2026-03-30T18:23:29Z,2026-03-30 11:24:16
Betr DFS,player_rebounds_assists,Jaime Jaquez Jr,Under,8.5,-137,2026-03-30,2026-03-30T18:23:29Z,2026-03-30 11:24:16
Betr DFS,player_rebounds_assists,Jaylen Brown,Over,12.5,-137,2026-03-30,2026-03-30T18:24:20Z,2026-03-30 11:24:16
Betr DFS,player_rebounds_assists,Jaylen Brown,Under,12.5,-137,2026-03-30,2026-03-30T18:24:20Z,2026-03-30 11:24:16
Betr DFS,player_rebounds_assists,Derrick White,Over,10.0,-137,2026-03-30,2026-03-30T18:24:20Z,2026-03-30 11:24:16
Betr DFS,player_rebounds_assists,Derrick White,Under,10.0,-137,2026-03-30,2026-03-30T18:24:20Z,2026-03-30 11:24:16
Betr DFS,player_rebounds_assists,Payton Pritchard,Over,9.5,-137,2026-03-30,2026-03-30T18:24:20Z,2026-03-30 11:24:16
Betr DFS,player_rebounds_assists,Payton Pritchard,Under,9.5,-137,2026-03-30,2026-03-30T18:24:20Z,2026-03-30 11:24:16
Betr DFS,player_rebounds_assists,Jalen Johnson,Over,17.0,-137,2026-03-30,2026-03-30T18:24:20Z,2026-03-30 11:24:16
Betr DFS,player_rebounds_assists,Jalen Johnson,Under,17.0,-137,2026-03-30,2026-03-30T18:24:20Z,2026-03-30 11:24:16
Betr DFS,player_rebounds_assists,Dyson Daniels,Over,11.5,-137,2026-03-30,2026-03-30T18:24:20Z,2026-03-30 11:24:16
Betr DFS,player_rebounds_assists,Dyson Daniels,Under,11.5,-137,2026-03-30,2026-03-30T18:24:20Z,2026-03-30 11:24:16
Betr DFS,player_rebounds_assists,Josh Giddey,Over,17.5,-137,2026-03-31,2026-03-30T18:24:27Z,2026-03-30 11:24:16
Betr DFS,player_rebounds_assists,Josh Giddey,Under,17.5,-137,2026-03-31,2026-03-30T18:24:27Z,2026-03-30 11:24:16
Betr DFS,player_rebounds_assists,Tre Jones,Over,8.5,-137,2026-03-31,2026-03-30T18:24:27Z,2026-03-30 11:24:16
Betr DFS,player_rebounds_assists,Tre Jones,Under,8.5,-137,2026-03-31,2026-03-30T18:24:27Z,2026-03-30 11:24:16
Betr DFS,player_rebounds_assists,De'Aaron Fox,Over,9.5,-137,2026-03-31,2026-03-30T18:24:27Z,2026-03-30 11:24:16
Betr DFS,player_rebounds_assists,De'Aaron Fox,Under,9.5,-137,2026-03-31,2026-03-30T18:24:27Z,2026-03-30 11:24:16
Betr DFS,player_rebounds_assists,Victor Wembanyama,Under,14.5,-137,2026-03-31,2026-03-30T18:24:27Z,2026-03-30 11:24:16
Betr DFS,player_rebounds_assists,Stephon Castle,Over,13.0,-137,2026-03-31,2026-03-30T18:24:27Z,2026-03-30 11:24:16
Betr DFS,player_rebounds_assists,Stephon Castle,Under,13.0,-137,2026-03-31,2026-03-30T18:24:27Z,2026-03-30 11:24:16
Underdog,player_rebounds_assists,Joel Embiid,Over,11.5,-137,2026-03-30,2026-03-30T18:23:42Z,2026-03-30 11:24:16
Underdog,player_rebounds_assists,Joel Embiid,Under,11.5,-137,2026-03-30,2026-03-30T18:23:42Z,2026-03-30 11:24:16
Underdog,player_rebounds_assists,Bam Adebayo,Over,13.5,-137,2026-03-30,2026-03-30T18:23:42Z,2026-03-30 11:24:16
Underdog,player_rebounds_assists,Bam Adebayo,Under,13.5,-137,2026-03-30,2026-03-30T18:23:42Z,2026-03-30 11:24:16
Underdog,player_rebounds_assists,Jayson Tatum,Over,13.5,-137,2026-03-30,2026-03-30T18:24:13Z,2026-03-30 11:24:16
Underdog,player_rebounds_assists,Jayson Tatum,Under,13.5,-137,2026-03-30,2026-03-30T18:24:13Z,2026-03-30 11:24:16
Underdog,player_rebounds_assists,Payton Pritchard,Over,9.5,-137,2026-03-30,2026-03-30T18:24:13Z,2026-03-30 11:24:16
Underdog,player_rebounds_assists,Payton Pritchard,Under,9.5,-137,2026-03-30,2026-03-30T18:24:13Z,2026-03-30 11:24:16
Underdog,player_rebounds_assists,De'Aaron Fox,Over,9.5,-137,2026-03-31,2026-03-30T18:23:28Z,2026-03-30 11:24:16
Underdog,player_rebounds_assists,De'Aaron Fox,Under,9.5,-137,2026-03-31,2026-03-30T18:23:28Z,2026-03-30 11:24:16
Underdog,player_rebounds_assists,Josh Giddey,Over,17.5,-137,2026-03-31,2026-03-30T18:23:28Z,2026-03-30 11:24:16
Underdog,player_rebounds_assists,Josh Giddey,Under,17.5,-137,2026-03-31,2026-03-30T18:23:28Z,2026-03-30 11:24:16
Underdog,player_rebounds_assists,Matas Buzelis,Over,7.5,-137,2026-03-31,2026-03-30T18:23:28Z,2026-03-30 11:24:16
Underdog,player_rebounds_assists,Matas Buzelis,Under,7.5,-137,2026-03-31,2026-03-30T18:23:28Z,2026-03-30 11:24:16
Underdog,player_rebounds_assists,Tre Jones,Over,8.5,-137,2026-03-31,2026-03-30T18:23:28Z,2026-03-30 11:24:16
Underdog,player_rebounds_assists,Tre Jones,Under,8.5,-137,2026-03-31,2026-03-30T18:23:28Z,2026-03-30 11:24:16
DraftKings Pick6,player_rebounds_assists,Joel Embiid,Over,11.5,-137,2026-03-30,2026-03-30T18:21:20Z,2026-03-30 11:24:16
DraftKings Pick6,player_rebounds_assists,Joel Embiid,Under,11.5,-137,2026-03-30,2026-03-30T18:21:20Z,2026-03-30 11:24:16
DraftKings Pick6,player_rebounds_assists,Jaylen Brown,Over,12.5,-137,2026-03-30,2026-03-30T18:24:22Z,2026-03-30 11:24:16
DraftKings Pick6,player_rebounds_assists,Jaylen Brown,Under,12.5,-137,2026-03-30,2026-03-30T18:24:22Z,2026-03-30 11:24:16
DraftKings Pick6,player_rebounds_assists,Tre Jones,Over,8.5,-137,2026-03-31,2026-03-30T18:23:33Z,2026-03-30 11:24:16
DraftKings Pick6,player_rebounds_assists,Tre Jones,Under,8.5,-137,2026-03-31,2026-03-30T18:23:33Z,2026-03-30 11:24:16
DraftKings Pick6,player_rebounds_assists,Josh Giddey,Over,17.5,-137,2026-03-31,2026-03-30T18:23:33Z,2026-03-30 11:24:16
DraftKings Pick6,player_rebounds_assists,Josh Giddey,Under,17.5,-137,2026-03-31,2026-03-30T18:23:33Z,2026-03-30 11:24:16
DraftKings Pick6,player_rebounds_assists,Dylan Harper,Over,7.5,-137,2026-03-31,2026-03-30T18:23:33Z,2026-03-30 11:24:16
DraftKings Pick6,player_rebounds_assists,Dylan Harper,Under,7.5,-137,2026-03-31,2026-03-30T18:23:33Z,2026-03-30 11:24:16
PrizePicks,player_turnovers,Jaime Jaquez Jr,Over,1.5,-137,2026-03-30,2026-03-30T18:24:01Z,2026-03-30 11:24:16
PrizePicks,player_turnovers,Jaime Jaquez Jr,Under,1.5,-137,2026-03-30,2026-03-30T18:24:01Z,2026-03-30 11:24:16
PrizePicks,player_turnovers,De'Aaron Fox,Over,1.5,-137,2026-03-31,2026-03-30T18:23:28Z,2026-03-30 11:24:16
PrizePicks,player_turnovers,De'Aaron Fox,Under,1.5,-137,2026-03-31,2026-03-30T18:23:28Z,2026-03-30 11:24:16
PrizePicks,player_turnovers,Tre Jones,Over,1.5,-137,2026-03-31,2026-03-30T18:23:28Z,2026-03-30 11:24:16
PrizePicks,player_turnovers,Tre Jones,Under,1.5,-137,2026-03-31,2026-03-30T18:23:28Z,2026-03-30 11:24:16
Betr DFS,player_turnovers,Jaime Jaquez Jr,Over,1.5,-137,2026-03-30,2026-03-30T18:23:29Z,2026-03-30 11:24:16
Betr DFS,player_turnovers,Jaime Jaquez Jr,Under,1.5,-137,2026-03-30,2026-03-30T18:23:29Z,2026-03-30 11:24:16
Betr DFS,player_turnovers,Tre Jones,Over,1.5,-137,2026-03-31,2026-03-30T18:24:27Z,2026-03-30 11:24:16
Betr DFS,player_turnovers,Tre Jones,Under,1.5,-137,2026-03-31,2026-03-30T18:24:27Z,2026-03-30 11:24:16
Betr DFS,player_turnovers,De'Aaron Fox,Over,1.5,-137,2026-03-31,2026-03-30T18:24:27Z,2026-03-30 11:24:16
Betr DFS,player_turnovers,De'Aaron Fox,Under,1.5,-137,2026-03-31,2026-03-30T18:24:27Z,2026-03-30 11:24:16
Underdog,player_turnovers,Jayson Tatum,Over,2.5,-137,2026-03-30,2026-03-30T18:24:13Z,2026-03-30 11:24:16
Underdog,player_turnovers,Jayson Tatum,Under,2.5,-137,2026-03-30,2026-03-30T18:24:13Z,2026-03-30 11:24:16
PrizePicks,player_blocks_steals,Tyrese Maxey,Over,2.5,-137,2026-03-30,2026-03-30T18:24:01Z,2026-03-30 11:24:16
PrizePicks,player_blocks_steals,Tyrese Maxey,Under,2.5,-137,2026-03-30,2026-03-30T18:24:01Z,2026-03-30 11:24:16
PrizePicks,player_blocks_steals,Joel Embiid,Over,1.5,-137,2026-03-30,2026-03-30T18:24:01Z,2026-03-30 11:24:16
PrizePicks,player_blocks_steals,Joel Embiid,Under,1.5,-137,2026-03-30,2026-03-30T18:24:01Z,2026-03-30 11:24:16
PrizePicks,player_blocks_steals,Derrick White,Over,2.5,-137,2026-03-30,2026-03-30T18:23:38Z,2026-03-30 11:24:16
PrizePicks,player_blocks_steals,Derrick White,Under,2.5,-137,2026-03-30,2026-03-30T18:23:38Z,2026-03-30 11:24:16
PrizePicks,player_blocks_steals,Nickeil Alexander-Walker,Over,1.5,-137,2026-03-30,2026-03-30T18:23:38Z,2026-03-30 11:24:16
PrizePicks,player_blocks_steals,Nickeil Alexander-Walker,Under,1.5,-137,2026-03-30,2026-03-30T18:23:38Z,2026-03-30 11:24:16
PrizePicks,player_blocks_steals,Jonathan Kuminga,Over,0.5,-137,2026-03-30,2026-03-30T18:23:38Z,2026-03-30 11:24:16
PrizePicks,player_blocks_steals,Jonathan Kuminga,Under,0.5,-137,2026-03-30,2026-03-30T18:23:38Z,2026-03-30 11:24:16
Betr DFS,player_blocks_steals,Joel Embiid,Over,1.5,-137,2026-03-30,2026-03-30T18:23:29Z,2026-03-30 11:24:16
Betr DFS,player_blocks_steals,Joel Embiid,Under,1.5,-137,2026-03-30,2026-03-30T18:23:29Z,2026-03-30 11:24:16
Betr DFS,player_blocks_steals,Tyrese Maxey,Over,2.5,-137,2026-03-30,2026-03-30T18:23:29Z,2026-03-30 11:24:16
Betr DFS,player_blocks_steals,Tyrese Maxey,Under,2.5,-137,2026-03-30,2026-03-30T18:23:29Z,2026-03-30 11:24:16
Betr DFS,player_blocks_steals,VJ Edgecombe,Over,1.5,-137,2026-03-30,2026-03-30T18:23:29Z,2026-03-30 11:24:16
Betr DFS,player_blocks_steals,Jaylen Brown,Over,1.5,-137,2026-03-30,2026-03-30T18:24:20Z,2026-03-30 11:24:16
Betr DFS,player_blocks_steals,Derrick White,Over,2.5,-137,2026-03-30,2026-03-30T18:24:20Z,2026-03-30 11:24:16
Betr DFS,player_blocks_steals,Derrick White,Under,2.5,-137,2026-03-30,2026-03-30T18:24:20Z,2026-03-30 11:24:16
Betr DFS,player_blocks_steals,Jalen Johnson,Over,1.5,-137,2026-03-30,2026-03-30T18:24:20Z,2026-03-30 11:24:16
Betr DFS,player_blocks_steals,Jalen Johnson,Under,1.5,-137,2026-03-30,2026-03-30T18:24:20Z,2026-03-30 11:24:16
Betr DFS,player_blocks_steals,Nickeil Alexander-Walker,Over,1.5,-137,2026-03-30,2026-03-30T18:24:20Z,2026-03-30 11:24:16
Betr DFS,player_blocks_steals,Nickeil Alexander-Walker,Under,1.5,-137,2026-03-30,2026-03-30T18:24:20Z,2026-03-30 11:24:16
Betr DFS,player_blocks_steals,Dyson Daniels,Over,2.5,-137,2026-03-30,2026-03-30T18:24:20Z,2026-03-30 11:24:16
Betr DFS,player_blocks_steals,Josh Giddey,Over,1.5,-137,2026-03-31,2026-03-30T18:24:27Z,2026-03-30 11:24:16
Betr DFS,player_blocks_steals,Matas Buzelis,Over,2.5,-137,2026-03-31,2026-03-30T18:24:27Z,2026-03-30 11:24:16
Betr DFS,player_blocks_steals,Luke Kornet,Over,1.5,-137,2026-03-31,2026-03-30T18:24:27Z,2026-03-30 11:24:16
Betr DFS,player_blocks_steals,Stephon Castle,Over,1.5,-137,2026-03-31,2026-03-30T18:24:27Z,2026-03-30 11:24:16
Underdog,player_blocks_steals,Tyrese Maxey,Over,2.5,-137,2026-03-30,2026-03-30T18:23:42Z,2026-03-30 11:24:16
Underdog,player_blocks_steals,Tyrese Maxey,Under,2.5,-137,2026-03-30,2026-03-30T18:23:42Z,2026-03-30 11:24:16
Underdog,player_blocks_steals,Derrick White,Over,2.5,-137,2026-03-30,2026-03-30T18:24:13Z,2026-03-30 11:24:16
Underdog,player_blocks_steals,Derrick White,Under,2.5,-137,2026-03-30,2026-03-30T18:24:13Z,2026-03-30 11:24:16
