BOOKMAKER,CATEGORY,NAME,OVER_UNDER,LINE,ODDS,COMMENCE_TIME,LAST_UPDATE,DATA_PULLED_AT
FanDuel,player_points,Breanna Stewart,Over,20.5,-108,2026-07-19,2026-07-18T22:16:45Z,2026-07-18 15:17:08
FanDuel,player_points,Breanna Stewart,Under,20.5,-120,2026-07-19,2026-07-18T22:16:45Z,2026-07-18 15:17:08
FanDuel,player_points,Aliyah Boston,Over,16.5,100,2026-07-19,2026-07-18T22:16:45Z,2026-07-18 15:17:08
FanDuel,player_points,Aliyah Boston,Under,16.5,-130,2026-07-19,2026-07-18T22:16:45Z,2026-07-18 15:17:08
FanDuel,player_points,Sabrina Ionescu,Over,16.5,-113,2026-07-19,2026-07-18T22:16:45Z,2026-07-18 15:17:08
FanDuel,player_points,Sabrina Ionescu,Under,16.5,-115,2026-07-19,2026-07-18T22:16:45Z,2026-07-18 15:17:08
FanDuel,player_points,Caitlin Clark,Over,17.5,-108,2026-07-19,2026-07-18T22:16:45Z,2026-07-18 15:17:08
FanDuel,player_points,Caitlin Clark,Under,17.5,-120,2026-07-19,2026-07-18T22:16:45Z,2026-07-18 15:17:08
FanDuel,player_points,Marine Johannes,Over,7.5,-114,2026-07-19,2026-07-18T22:16:45Z,2026-07-18 15:17:08
FanDuel,player_points,Marine Johannes,Under,7.5,-114,2026-07-19,2026-07-18T22:16:45Z,2026-07-18 15:17:08
FanDuel,player_points,Pauline Astier,Over,9.5,-106,2026-07-19,2026-07-18T22:16:45Z,2026-07-18 15:17:08
FanDuel,player_points,Pauline Astier,Under,9.5,-122,2026-07-19,2026-07-18T22:16:45Z,2026-07-18 15:17:08
FanDuel,player_points,Jonquel Jones,Over,14.5,-108,2026-07-19,2026-07-18T22:16:45Z,2026-07-18 15:17:08
FanDuel,player_points,Jonquel Jones,Under,14.5,-120,2026-07-19,2026-07-18T22:16:45Z,2026-07-18 15:17:08
FanDuel,player_points,Sophie Cunningham,Over,9.5,102,2026-07-19,2026-07-18T22:16:45Z,2026-07-18 15:17:08
FanDuel,player_points,Sophie Cunningham,Under,9.5,-132,2026-07-19,2026-07-18T22:16:45Z,2026-07-18 15:17:08
FanDuel,player_points,Kelsey Mitchell,Over,21.5,-128,2026-07-19,2026-07-18T22:16:45Z,2026-07-18 15:17:08
FanDuel,player_points,Kelsey Mitchell,Under,21.5,-102,2026-07-19,2026-07-18T22:16:45Z,2026-07-18 15:17:08
FanDuel,player_points,Courtney Williams,Over,15.5,-114,2026-07-19,2026-07-18T22:16:03Z,2026-07-18 15:17:08
FanDuel,player_points,Courtney Williams,Under,15.5,-114,2026-07-19,2026-07-18T22:16:03Z,2026-07-18 15:17:08
FanDuel,player_points,Sarah Ashlee Barker,Over,9.5,104,2026-07-19,2026-07-18T22:16:03Z,2026-07-18 15:17:08
FanDuel,player_points,Sarah Ashlee Barker,Under,9.5,-135,2026-07-19,2026-07-18T22:16:03Z,2026-07-18 15:17:08
FanDuel,player_points,Bridget Carleton,Over,12.5,-128,2026-07-19,2026-07-18T22:16:03Z,2026-07-18 15:17:08
FanDuel,player_points,Bridget Carleton,Under,12.5,-102,2026-07-19,2026-07-18T22:16:03Z,2026-07-18 15:17:08
FanDuel,player_points,Natasha Howard,Over,16.5,-104,2026-07-19,2026-07-18T22:16:03Z,2026-07-18 15:17:08
FanDuel,player_points,Natasha Howard,Under,16.5,-125,2026-07-19,2026-07-18T22:16:03Z,2026-07-18 15:17:08
FanDuel,player_points,Olivia Miles,Over,16.5,-132,2026-07-19,2026-07-18T22:16:03Z,2026-07-18 15:17:08
FanDuel,player_points,Olivia Miles,Under,16.5,104,2026-07-19,2026-07-18T22:16:03Z,2026-07-18 15:17:08
FanDuel,player_points,Carla Leite,Over,13.5,-122,2026-07-19,2026-07-18T22:16:03Z,2026-07-18 15:17:08
FanDuel,player_points,Carla Leite,Under,13.5,-106,2026-07-19,2026-07-18T22:16:03Z,2026-07-18 15:17:08
FanDuel,player_points,Kayla McBride,Over,17.5,-125,2026-07-19,2026-07-18T22:16:03Z,2026-07-18 15:17:08
FanDuel,player_points,Kayla McBride,Under,17.5,-104,2026-07-19,2026-07-18T22:16:03Z,2026-07-18 15:17:08
FanDuel,player_points,Serah Williams,Over,8.5,-122,2026-07-19,2026-07-18T22:16:03Z,2026-07-18 15:17:08
FanDuel,player_points,Serah Williams,Under,8.5,-106,2026-07-19,2026-07-18T22:16:03Z,2026-07-18 15:17:08
FanDuel,player_points,Emily Engstler,Over,9.5,-108,2026-07-19,2026-07-18T22:16:03Z,2026-07-18 15:17:08
FanDuel,player_points,Emily Engstler,Under,9.5,-120,2026-07-19,2026-07-18T22:16:03Z,2026-07-18 15:17:08
FanDuel,player_points,Nia Coffey,Over,8.5,-102,2026-07-19,2026-07-18T22:16:03Z,2026-07-18 15:17:08
FanDuel,player_points,Nia Coffey,Under,8.5,-128,2026-07-19,2026-07-18T22:16:03Z,2026-07-18 15:17:08
FanDuel,player_points,Kayla Thornton,Over,7.5,-118,2026-07-19,2026-07-18T22:16:16Z,2026-07-18 15:17:08
FanDuel,player_points,Kayla Thornton,Under,7.5,-110,2026-07-19,2026-07-18T22:16:16Z,2026-07-18 15:17:08
FanDuel,player_points,Veronica Burton,Over,11.5,102,2026-07-19,2026-07-18T22:16:16Z,2026-07-18 15:17:08
FanDuel,player_points,Veronica Burton,Under,11.5,-132,2026-07-19,2026-07-18T22:16:16Z,2026-07-18 15:17:08
FanDuel,player_points,Sonia Citron,Over,14.5,-108,2026-07-19,2026-07-18T22:16:16Z,2026-07-18 15:17:08
FanDuel,player_points,Sonia Citron,Under,14.5,-120,2026-07-19,2026-07-18T22:16:16Z,2026-07-18 15:17:08
FanDuel,player_points,Michaela Onyenwere,Over,7.5,-113,2026-07-19,2026-07-18T22:16:16Z,2026-07-18 15:17:08
FanDuel,player_points,Michaela Onyenwere,Under,7.5,-115,2026-07-19,2026-07-18T22:16:16Z,2026-07-18 15:17:08
FanDuel,player_points,Shakira Austin,Over,12.5,-114,2026-07-19,2026-07-18T22:16:16Z,2026-07-18 15:17:08
FanDuel,player_points,Shakira Austin,Under,12.5,-114,2026-07-19,2026-07-18T22:16:16Z,2026-07-18 15:17:08
FanDuel,player_points,Kiki Iriafen,Over,13.5,106,2026-07-19,2026-07-18T22:16:16Z,2026-07-18 15:17:08
FanDuel,player_points,Kiki Iriafen,Under,13.5,-138,2026-07-19,2026-07-18T22:16:16Z,2026-07-18 15:17:08
FanDuel,player_points,Kaitlyn Chen,Over,7.5,-122,2026-07-19,2026-07-18T22:16:16Z,2026-07-18 15:17:08
FanDuel,player_points,Kaitlyn Chen,Under,7.5,-106,2026-07-19,2026-07-18T22:16:16Z,2026-07-18 15:17:08
FanDuel,player_points,Gabby Williams,Over,12.5,-115,2026-07-19,2026-07-18T22:16:16Z,2026-07-18 15:17:08
FanDuel,player_points,Gabby Williams,Under,12.5,-113,2026-07-19,2026-07-18T22:16:16Z,2026-07-18 15:17:08
FanDuel,player_points,Janelle Salaun,Over,11.5,-128,2026-07-19,2026-07-18T22:16:16Z,2026-07-18 15:17:08
FanDuel,player_points,Janelle Salaun,Under,11.5,-102,2026-07-19,2026-07-18T22:16:16Z,2026-07-18 15:17:08
FanDuel,player_points,Dearica Hamby,Over,15.5,102,2026-07-19,2026-07-18T22:16:39Z,2026-07-18 15:17:08
FanDuel,player_points,Dearica Hamby,Under,15.5,-132,2026-07-19,2026-07-18T22:16:39Z,2026-07-18 15:17:08
FanDuel,player_points,Rae Burrell,Over,15.5,100,2026-07-19,2026-07-18T22:16:39Z,2026-07-18 15:17:08
FanDuel,player_points,Rae Burrell,Under,15.5,-130,2026-07-19,2026-07-18T22:16:39Z,2026-07-18 15:17:08
FanDuel,player_points,Azzi Fudd,Over,14.5,-125,2026-07-19,2026-07-18T22:16:39Z,2026-07-18 15:17:08
FanDuel,player_points,Azzi Fudd,Under,14.5,-104,2026-07-19,2026-07-18T22:16:39Z,2026-07-18 15:17:08
FanDuel,player_points,Arike Ogunbowale,Over,13.5,-106,2026-07-19,2026-07-18T22:16:39Z,2026-07-18 15:17:08
FanDuel,player_points,Arike Ogunbowale,Under,13.5,-122,2026-07-19,2026-07-18T22:16:39Z,2026-07-18 15:17:08
FanDuel,player_points,Nneka Ogwumike,Over,17.5,-115,2026-07-19,2026-07-18T22:16:39Z,2026-07-18 15:17:08
FanDuel,player_points,Nneka Ogwumike,Under,17.5,-113,2026-07-19,2026-07-18T22:16:39Z,2026-07-18 15:17:08
FanDuel,player_points,Jessica Shepard,Over,15.5,-114,2026-07-19,2026-07-18T22:16:39Z,2026-07-18 15:17:08
FanDuel,player_points,Jessica Shepard,Under,15.5,-114,2026-07-19,2026-07-18T22:16:39Z,2026-07-18 15:17:08
FanDuel,player_points,Paige Bueckers,Over,22.5,100,2026-07-19,2026-07-18T22:16:39Z,2026-07-18 15:17:08
FanDuel,player_points,Paige Bueckers,Under,22.5,-130,2026-07-19,2026-07-18T22:16:39Z,2026-07-18 15:17:08
FanDuel,player_points,Jordin Canada,Over,12.5,-108,2026-07-19,2026-07-18T22:16:56Z,2026-07-18 15:17:08
FanDuel,player_points,Jordin Canada,Under,12.5,-120,2026-07-19,2026-07-18T22:16:56Z,2026-07-18 15:17:08
FanDuel,player_points,Kamilla Cardoso,Over,12.5,-130,2026-07-19,2026-07-18T22:16:56Z,2026-07-18 15:17:08
FanDuel,player_points,Kamilla Cardoso,Under,12.5,100,2026-07-19,2026-07-18T22:16:56Z,2026-07-18 15:17:08
FanDuel,player_points,Allisha Gray,Over,18.5,-130,2026-07-19,2026-07-18T22:16:56Z,2026-07-18 15:17:08
FanDuel,player_points,Allisha Gray,Under,18.5,100,2026-07-19,2026-07-18T22:16:56Z,2026-07-18 15:17:08
FanDuel,player_points,Natasha Cloud,Over,11.5,-106,2026-07-19,2026-07-18T22:16:56Z,2026-07-18 15:17:08
FanDuel,player_points,Natasha Cloud,Under,11.5,-122,2026-07-19,2026-07-18T22:16:56Z,2026-07-18 15:17:08
FanDuel,player_points,Angel Reese,Over,16.5,-122,2026-07-19,2026-07-18T22:16:56Z,2026-07-18 15:17:08
FanDuel,player_points,Angel Reese,Under,16.5,-106,2026-07-19,2026-07-18T22:16:56Z,2026-07-18 15:17:08
FanDuel,player_points,Rhyne Howard,Over,18.5,-108,2026-07-19,2026-07-18T22:16:56Z,2026-07-18 15:17:08
FanDuel,player_points,Rhyne Howard,Under,18.5,-120,2026-07-19,2026-07-18T22:16:56Z,2026-07-18 15:17:08
FanDuel,player_points,Naz Hillmon,Over,10.5,-104,2026-07-19,2026-07-18T22:16:56Z,2026-07-18 15:17:08
FanDuel,player_points,Naz Hillmon,Under,10.5,-125,2026-07-19,2026-07-18T22:16:56Z,2026-07-18 15:17:08
FanDuel,player_points,Sydney Taylor,Over,14.5,-128,2026-07-19,2026-07-18T22:16:56Z,2026-07-18 15:17:08
FanDuel,player_points,Sydney Taylor,Under,14.5,-102,2026-07-19,2026-07-18T22:16:56Z,2026-07-18 15:17:08
FanDuel,player_points,Azura Stevens,Over,11.5,-120,2026-07-19,2026-07-18T22:16:56Z,2026-07-18 15:17:08
FanDuel,player_points,Azura Stevens,Under,11.5,-108,2026-07-19,2026-07-18T22:16:56Z,2026-07-18 15:17:08
FanDuel,player_points,Courtney Vandersloot,Over,7.5,-130,2026-07-19,2026-07-18T22:16:56Z,2026-07-18 15:17:08
FanDuel,player_points,Courtney Vandersloot,Under,7.5,100,2026-07-19,2026-07-18T22:16:56Z,2026-07-18 15:17:08
FanDuel,player_points,Kahleah Copper,Over,20.5,-128,2026-07-19,2026-07-18T22:17:08Z,2026-07-18 15:17:08
FanDuel,player_points,Kahleah Copper,Under,20.5,-102,2026-07-19,2026-07-18T22:17:08Z,2026-07-18 15:17:08
FanDuel,player_points,DeWanna Bonner,Over,10.5,-104,2026-07-19,2026-07-18T22:17:08Z,2026-07-18 15:17:08
FanDuel,player_points,DeWanna Bonner,Under,10.5,-125,2026-07-19,2026-07-18T22:17:08Z,2026-07-18 15:17:08
FanDuel,player_points,Alyssa Thomas,Over,14.5,-114,2026-07-19,2026-07-18T22:17:08Z,2026-07-18 15:17:08
FanDuel,player_points,Alyssa Thomas,Under,14.5,-114,2026-07-19,2026-07-18T22:17:08Z,2026-07-18 15:17:08
DraftKings,player_points,Kelsey Mitchell,Over,21.5,-120,2026-07-19,2026-07-18T22:16:35Z,2026-07-18 15:17:08
DraftKings,player_points,Kelsey Mitchell,Under,21.5,-110,2026-07-19,2026-07-18T22:16:35Z,2026-07-18 15:17:08
DraftKings,player_points,Breanna Stewart,Over,20.5,-119,2026-07-19,2026-07-18T22:16:35Z,2026-07-18 15:17:08
DraftKings,player_points,Breanna Stewart,Under,20.5,-111,2026-07-19,2026-07-18T22:16:35Z,2026-07-18 15:17:08
DraftKings,player_points,Caitlin Clark,Over,17.5,-120,2026-07-19,2026-07-18T22:16:35Z,2026-07-18 15:17:08
DraftKings,player_points,Caitlin Clark,Under,17.5,-111,2026-07-19,2026-07-18T22:16:35Z,2026-07-18 15:17:08
DraftKings,player_points,Sabrina Ionescu,Over,17.5,-110,2026-07-19,2026-07-18T22:16:35Z,2026-07-18 15:17:08
DraftKings,player_points,Sabrina Ionescu,Under,17.5,-120,2026-07-19,2026-07-18T22:16:35Z,2026-07-18 15:17:08
DraftKings,player_points,Aliyah Boston,Over,16.5,-119,2026-07-19,2026-07-18T22:16:35Z,2026-07-18 15:17:08
DraftKings,player_points,Aliyah Boston,Under,16.5,-112,2026-07-19,2026-07-18T22:16:35Z,2026-07-18 15:17:08
DraftKings,player_points,Jonquel Jones,Over,14.5,-114,2026-07-19,2026-07-18T22:16:35Z,2026-07-18 15:17:08
DraftKings,player_points,Jonquel Jones,Under,14.5,-116,2026-07-19,2026-07-18T22:16:35Z,2026-07-18 15:17:08
DraftKings,player_points,Pauline Astier,Over,9.5,-123,2026-07-19,2026-07-18T22:16:35Z,2026-07-18 15:17:08
DraftKings,player_points,Pauline Astier,Under,9.5,-107,2026-07-19,2026-07-18T22:16:35Z,2026-07-18 15:17:08
DraftKings,player_points,Marine Johannes,Over,7.5,-124,2026-07-19,2026-07-18T22:16:35Z,2026-07-18 15:17:08
DraftKings,player_points,Marine Johannes,Under,7.5,-107,2026-07-19,2026-07-18T22:16:35Z,2026-07-18 15:17:08
DraftKings,player_points,Kayla McBride,Over,17.5,-112,2026-07-19,2026-07-18T22:17:03Z,2026-07-18 15:17:08
DraftKings,player_points,Kayla McBride,Under,17.5,-119,2026-07-19,2026-07-18T22:17:03Z,2026-07-18 15:17:08
DraftKings,player_points,Olivia Miles,Over,17.5,-104,2026-07-19,2026-07-18T22:17:03Z,2026-07-18 15:17:08
DraftKings,player_points,Olivia Miles,Under,17.5,-127,2026-07-19,2026-07-18T22:17:03Z,2026-07-18 15:17:08
DraftKings,player_points,Natasha Howard,Over,16.5,-105,2026-07-19,2026-07-18T22:17:03Z,2026-07-18 15:17:08
DraftKings,player_points,Natasha Howard,Under,16.5,-126,2026-07-19,2026-07-18T22:17:03Z,2026-07-18 15:17:08
DraftKings,player_points,Courtney Williams,Over,15.5,-113,2026-07-19,2026-07-18T22:17:03Z,2026-07-18 15:17:08
DraftKings,player_points,Courtney Williams,Under,15.5,-117,2026-07-19,2026-07-18T22:17:03Z,2026-07-18 15:17:08
DraftKings,player_points,Carla Leite,Over,13.5,-123,2026-07-19,2026-07-18T22:17:03Z,2026-07-18 15:17:08
DraftKings,player_points,Carla Leite,Under,13.5,-108,2026-07-19,2026-07-18T22:17:03Z,2026-07-18 15:17:08
DraftKings,player_points,Bridget Carleton,Over,12.5,-112,2026-07-19,2026-07-18T22:17:03Z,2026-07-18 15:17:08
DraftKings,player_points,Bridget Carleton,Under,12.5,-118,2026-07-19,2026-07-18T22:17:03Z,2026-07-18 15:17:08
DraftKings,player_points,Emily Engstler,Over,9.5,-112,2026-07-19,2026-07-18T22:17:03Z,2026-07-18 15:17:08
DraftKings,player_points,Emily Engstler,Under,9.5,-119,2026-07-19,2026-07-18T22:17:03Z,2026-07-18 15:17:08
DraftKings,player_points,Sarah Ashlee Barker,Over,8.5,-132,2026-07-19,2026-07-18T22:17:03Z,2026-07-18 15:17:08
DraftKings,player_points,Sarah Ashlee Barker,Under,8.5,-101,2026-07-19,2026-07-18T22:17:03Z,2026-07-18 15:17:08
DraftKings,player_points,Serah Williams,Over,8.5,-124,2026-07-19,2026-07-18T22:17:03Z,2026-07-18 15:17:08
DraftKings,player_points,Serah Williams,Under,8.5,-107,2026-07-19,2026-07-18T22:17:03Z,2026-07-18 15:17:08
DraftKings,player_points,Nia Coffey,Over,8.5,100,2026-07-19,2026-07-18T22:17:03Z,2026-07-18 15:17:08
DraftKings,player_points,Nia Coffey,Under,8.5,-132,2026-07-19,2026-07-18T22:17:03Z,2026-07-18 15:17:08
DraftKings,player_points,Sonia Citron,Over,14.5,-113,2026-07-19,2026-07-18T22:16:46Z,2026-07-18 15:17:08
DraftKings,player_points,Sonia Citron,Under,14.5,-117,2026-07-19,2026-07-18T22:16:46Z,2026-07-18 15:17:08
DraftKings,player_points,Shakira Austin,Over,13.5,-102,2026-07-19,2026-07-18T22:16:46Z,2026-07-18 15:17:08
DraftKings,player_points,Shakira Austin,Under,13.5,-130,2026-07-19,2026-07-18T22:16:46Z,2026-07-18 15:17:08
DraftKings,player_points,Kiki Iriafen,Over,13.5,-101,2026-07-19,2026-07-18T22:16:46Z,2026-07-18 15:17:08
DraftKings,player_points,Kiki Iriafen,Under,13.5,-131,2026-07-19,2026-07-18T22:16:46Z,2026-07-18 15:17:08
DraftKings,player_points,Gabby Williams,Over,12.5,-121,2026-07-19,2026-07-18T22:16:46Z,2026-07-18 15:17:08
DraftKings,player_points,Gabby Williams,Under,12.5,-110,2026-07-19,2026-07-18T22:16:46Z,2026-07-18 15:17:08
DraftKings,player_points,Janelle Salaun,Over,11.5,-125,2026-07-19,2026-07-18T22:16:46Z,2026-07-18 15:17:08
DraftKings,player_points,Janelle Salaun,Under,11.5,-106,2026-07-19,2026-07-18T22:16:46Z,2026-07-18 15:17:08
DraftKings,player_points,Veronica Burton,Over,11.5,100,2026-07-19,2026-07-18T22:16:46Z,2026-07-18 15:17:08
DraftKings,player_points,Veronica Burton,Under,11.5,-132,2026-07-19,2026-07-18T22:16:46Z,2026-07-18 15:17:08
DraftKings,player_points,Kaitlyn Chen,Over,7.5,-128,2026-07-19,2026-07-18T22:16:46Z,2026-07-18 15:17:08
DraftKings,player_points,Kaitlyn Chen,Under,7.5,-103,2026-07-19,2026-07-18T22:16:46Z,2026-07-18 15:17:08
DraftKings,player_points,Kayla Thornton,Over,7.5,-125,2026-07-19,2026-07-18T22:16:46Z,2026-07-18 15:17:08
DraftKings,player_points,Kayla Thornton,Under,7.5,-106,2026-07-19,2026-07-18T22:16:46Z,2026-07-18 15:17:08
DraftKings,player_points,Michaela Onyenwere,Over,7.5,-113,2026-07-19,2026-07-18T22:16:46Z,2026-07-18 15:17:08
DraftKings,player_points,Michaela Onyenwere,Under,7.5,-117,2026-07-19,2026-07-18T22:16:46Z,2026-07-18 15:17:08
DraftKings,player_points,Cecilia Zandalasini,Over,7.5,102,2026-07-19,2026-07-18T22:16:46Z,2026-07-18 15:17:08
DraftKings,player_points,Cecilia Zandalasini,Under,7.5,-135,2026-07-19,2026-07-18T22:16:46Z,2026-07-18 15:17:08
DraftKings,player_points,Georgia Amoore,Over,5.5,-103,2026-07-19,2026-07-18T22:16:46Z,2026-07-18 15:17:08
DraftKings,player_points,Georgia Amoore,Under,5.5,-128,2026-07-19,2026-07-18T22:16:46Z,2026-07-18 15:17:08
DraftKings,player_points,Paige Bueckers,Over,22.5,-105,2026-07-19,2026-07-18T22:17:05Z,2026-07-18 15:17:08
DraftKings,player_points,Paige Bueckers,Under,22.5,-126,2026-07-19,2026-07-18T22:17:05Z,2026-07-18 15:17:08
DraftKings,player_points,Nneka Ogwumike,Over,17.5,-112,2026-07-19,2026-07-18T22:17:05Z,2026-07-18 15:17:08
DraftKings,player_points,Nneka Ogwumike,Under,17.5,-119,2026-07-19,2026-07-18T22:17:05Z,2026-07-18 15:17:08
DraftKings,player_points,Jessica Shepard,Over,15.5,-116,2026-07-19,2026-07-18T22:17:05Z,2026-07-18 15:17:08
DraftKings,player_points,Jessica Shepard,Under,15.5,-114,2026-07-19,2026-07-18T22:17:05Z,2026-07-18 15:17:08
DraftKings,player_points,Rae Burrell,Over,15.5,-109,2026-07-19,2026-07-18T22:17:05Z,2026-07-18 15:17:08
DraftKings,player_points,Rae Burrell,Under,15.5,-122,2026-07-19,2026-07-18T22:17:05Z,2026-07-18 15:17:08
DraftKings,player_points,Dearica Hamby,Over,15.5,-106,2026-07-19,2026-07-18T22:17:05Z,2026-07-18 15:17:08
DraftKings,player_points,Dearica Hamby,Under,15.5,-125,2026-07-19,2026-07-18T22:17:05Z,2026-07-18 15:17:08
DraftKings,player_points,Azzi Fudd,Over,14.5,-128,2026-07-19,2026-07-18T22:17:05Z,2026-07-18 15:17:08
DraftKings,player_points,Azzi Fudd,Under,14.5,-103,2026-07-19,2026-07-18T22:17:05Z,2026-07-18 15:17:08
DraftKings,player_points,Arike Ogunbowale,Over,13.5,-114,2026-07-19,2026-07-18T22:17:05Z,2026-07-18 15:17:08
DraftKings,player_points,Arike Ogunbowale,Under,13.5,-116,2026-07-19,2026-07-18T22:17:05Z,2026-07-18 15:17:08
DraftKings,player_points,Allisha Gray,Over,18.5,-117,2026-07-19,2026-07-18T22:17:21Z,2026-07-18 15:17:08
DraftKings,player_points,Allisha Gray,Under,18.5,-114,2026-07-19,2026-07-18T22:17:21Z,2026-07-18 15:17:08
DraftKings,player_points,Rhyne Howard,Over,18.5,-115,2026-07-19,2026-07-18T22:17:21Z,2026-07-18 15:17:08
DraftKings,player_points,Rhyne Howard,Under,18.5,-115,2026-07-19,2026-07-18T22:17:21Z,2026-07-18 15:17:08
DraftKings,player_points,Angel Reese,Over,16.5,-112,2026-07-19,2026-07-18T22:17:21Z,2026-07-18 15:17:08
DraftKings,player_points,Angel Reese,Under,16.5,-118,2026-07-19,2026-07-18T22:17:21Z,2026-07-18 15:17:08
DraftKings,player_points,Sydney Taylor,Over,14.5,-125,2026-07-19,2026-07-18T22:17:21Z,2026-07-18 15:17:08
DraftKings,player_points,Sydney Taylor,Under,14.5,-106,2026-07-19,2026-07-18T22:17:21Z,2026-07-18 15:17:08
DraftKings,player_points,Kamilla Cardoso,Over,13.5,-110,2026-07-19,2026-07-18T22:17:21Z,2026-07-18 15:17:08
DraftKings,player_points,Kamilla Cardoso,Under,13.5,-120,2026-07-19,2026-07-18T22:17:21Z,2026-07-18 15:17:08
DraftKings,player_points,Jordin Canada,Over,12.5,-107,2026-07-19,2026-07-18T22:17:21Z,2026-07-18 15:17:08
DraftKings,player_points,Jordin Canada,Under,12.5,-124,2026-07-19,2026-07-18T22:17:21Z,2026-07-18 15:17:08
DraftKings,player_points,Azura Stevens,Over,11.5,-127,2026-07-19,2026-07-18T22:17:21Z,2026-07-18 15:17:08
DraftKings,player_points,Azura Stevens,Under,11.5,-105,2026-07-19,2026-07-18T22:17:21Z,2026-07-18 15:17:08
DraftKings,player_points,Natasha Cloud,Over,11.5,-105,2026-07-19,2026-07-18T22:17:21Z,2026-07-18 15:17:08
DraftKings,player_points,Natasha Cloud,Under,11.5,-127,2026-07-19,2026-07-18T22:17:21Z,2026-07-18 15:17:08
DraftKings,player_points,Naz Hillmon,Over,10.5,-104,2026-07-19,2026-07-18T22:17:21Z,2026-07-18 15:17:08
DraftKings,player_points,Naz Hillmon,Under,10.5,-128,2026-07-19,2026-07-18T22:17:21Z,2026-07-18 15:17:08
DraftKings,player_points,Courtney Vandersloot,Over,8.5,101,2026-07-19,2026-07-18T22:17:21Z,2026-07-18 15:17:08
DraftKings,player_points,Courtney Vandersloot,Under,8.5,-134,2026-07-19,2026-07-18T22:17:21Z,2026-07-18 15:17:08
DraftKings,player_points,Kahleah Copper,Over,20.5,-118,2026-07-19,2026-07-18T22:15:54Z,2026-07-18 15:17:08
DraftKings,player_points,Kahleah Copper,Under,20.5,-113,2026-07-19,2026-07-18T22:15:54Z,2026-07-18 15:17:08
DraftKings,player_points,Alyssa Thomas,Over,14.5,-103,2026-07-19,2026-07-18T22:15:54Z,2026-07-18 15:17:08
DraftKings,player_points,Alyssa Thomas,Under,14.5,-129,2026-07-19,2026-07-18T22:15:54Z,2026-07-18 15:17:08
DraftKings,player_points,DeWanna Bonner,Over,10.5,-115,2026-07-19,2026-07-18T22:15:54Z,2026-07-18 15:17:08
DraftKings,player_points,DeWanna Bonner,Under,10.5,-115,2026-07-19,2026-07-18T22:15:54Z,2026-07-18 15:17:08
DraftKings,player_points,Monique Akoa Makani,Over,9.5,-130,2026-07-19,2026-07-18T22:15:54Z,2026-07-18 15:17:08
DraftKings,player_points,Monique Akoa Makani,Under,9.5,-102,2026-07-19,2026-07-18T22:15:54Z,2026-07-18 15:17:08
BetRivers,player_points,Breanna Stewart,Over,21.5,-103,2026-07-19,2026-07-18T22:16:37Z,2026-07-18 15:17:08
BetRivers,player_points,Jonquel Jones,Over,14.5,-122,2026-07-19,2026-07-18T22:16:37Z,2026-07-18 15:17:08
BetRivers,player_points,Jonquel Jones,Over,15.5,102,2026-07-19,2026-07-18T22:16:37Z,2026-07-18 15:17:08
BetRivers,player_points,Kelsey Mitchell,Over,24.5,-107,2026-07-19,2026-07-18T22:16:37Z,2026-07-18 15:17:08
BetRivers,player_points,Kelsey Mitchell,Over,23.5,-125,2026-07-19,2026-07-18T22:16:37Z,2026-07-18 15:17:08
BetRivers,player_points,Sabrina Ionescu,Over,19.5,110,2026-07-19,2026-07-18T22:16:37Z,2026-07-18 15:17:08
BetRivers,player_points,Aliyah Boston,Over,16.5,-125,2026-07-19,2026-07-18T22:16:37Z,2026-07-18 15:17:08
BetRivers,player_points,Sabrina Ionescu,Over,17.5,-141,2026-07-19,2026-07-18T22:16:37Z,2026-07-18 15:17:08
BetRivers,player_points,Sabrina Ionescu,Over,18.5,-113,2026-07-19,2026-07-18T22:16:37Z,2026-07-18 15:17:08
BetRivers,player_points,Breanna Stewart,Over,20.5,-125,2026-07-19,2026-07-18T22:16:37Z,2026-07-18 15:17:08
BetRivers,player_points,Aliyah Boston,Over,17.5,100,2026-07-19,2026-07-18T22:16:37Z,2026-07-18 15:17:08
BetRivers,player_points,Caitlin Clark,Over,19.5,102,2026-07-19,2026-07-18T22:16:37Z,2026-07-18 15:17:08
BetRivers,player_points,Breanna Stewart,Over,22.5,118,2026-07-19,2026-07-18T22:16:37Z,2026-07-18 15:17:08
BetRivers,player_points,Caitlin Clark,Over,18.5,-121,2026-07-19,2026-07-18T22:16:37Z,2026-07-18 15:17:08
BetRivers,player_points,Kelsey Mitchell,Over,25.5,110,2026-07-19,2026-07-18T22:16:37Z,2026-07-18 15:17:08
BetRivers,player_points,Bridget Carleton,Over,12.5,-118,2026-07-19,2026-07-18T22:16:57Z,2026-07-18 15:17:08
BetRivers,player_points,Kayla McBride,Over,18.5,105,2026-07-19,2026-07-18T22:16:57Z,2026-07-18 15:17:08
BetRivers,player_points,Natasha Howard,Over,16.5,-117,2026-07-19,2026-07-18T22:16:57Z,2026-07-18 15:17:08
BetRivers,player_points,Olivia Miles,Over,18.5,-124,2026-07-19,2026-07-18T22:16:57Z,2026-07-18 15:17:08
BetRivers,player_points,Sarah Ashlee Barker,Over,9.5,-129,2026-07-19,2026-07-18T22:16:57Z,2026-07-18 15:17:08
BetRivers,player_points,Courtney Williams,Over,17.5,130,2026-07-19,2026-07-18T22:16:57Z,2026-07-18 15:17:08
BetRivers,player_points,Bridget Carleton,Over,13.5,108,2026-07-19,2026-07-18T22:16:57Z,2026-07-18 15:17:08
BetRivers,player_points,Serah Williams,Over,8.5,-112,2026-07-19,2026-07-18T22:16:57Z,2026-07-18 15:17:08
BetRivers,player_points,Nia Coffey,Over,8.5,-103,2026-07-19,2026-07-18T22:16:57Z,2026-07-18 15:17:08
BetRivers,player_points,Carla Leite,Over,14.5,-132,2026-07-19,2026-07-18T22:16:57Z,2026-07-18 15:17:08
BetRivers,player_points,Natasha Howard,Over,17.5,108,2026-07-19,2026-07-18T22:16:57Z,2026-07-18 15:17:08
BetRivers,player_points,Carla Leite,Over,15.5,-105,2026-07-19,2026-07-18T22:16:57Z,2026-07-18 15:17:08
BetRivers,player_points,Courtney Williams,Over,15.5,-124,2026-07-19,2026-07-18T22:16:57Z,2026-07-18 15:17:08
BetRivers,player_points,Courtney Williams,Over,16.5,104,2026-07-19,2026-07-18T22:16:57Z,2026-07-18 15:17:08
BetRivers,player_points,Olivia Miles,Over,19.5,100,2026-07-19,2026-07-18T22:16:57Z,2026-07-18 15:17:08
BetRivers,player_points,Natasha Howard,Over,15.5,-150,2026-07-19,2026-07-18T22:16:57Z,2026-07-18 15:17:08
BetRivers,player_points,Olivia Miles,Over,17.5,-152,2026-07-19,2026-07-18T22:16:57Z,2026-07-18 15:17:08
BetRivers,player_points,Sarah Ashlee Barker,Over,10.5,102,2026-07-19,2026-07-18T22:16:57Z,2026-07-18 15:17:08
BetRivers,player_points,Bridget Carleton,Over,14.5,135,2026-07-19,2026-07-18T22:16:57Z,2026-07-18 15:17:08
BetRivers,player_points,Serah Williams,Over,9.5,120,2026-07-19,2026-07-18T22:16:57Z,2026-07-18 15:17:08
BetRivers,player_points,Emily Engstler,Over,11.5,100,2026-07-19,2026-07-18T22:16:57Z,2026-07-18 15:17:08
BetRivers,player_points,Emily Engstler,Over,10.5,-127,2026-07-19,2026-07-18T22:16:57Z,2026-07-18 15:17:08
BetRivers,player_points,Kayla McBride,Over,17.5,-118,2026-07-19,2026-07-18T22:16:57Z,2026-07-18 15:17:08
BetRivers,player_points,Gabby Williams,Over,13.5,100,2026-07-19,2026-07-18T22:16:20Z,2026-07-18 15:17:08
BetRivers,player_points,Georgia Amoore,Over,5.5,105,2026-07-19,2026-07-18T22:16:20Z,2026-07-18 15:17:08
BetRivers,player_points,Janelle Salaun,Over,12.5,106,2026-07-19,2026-07-18T22:16:20Z,2026-07-18 15:17:08
BetRivers,player_points,Kaitlyn Chen,Over,8.5,105,2026-07-19,2026-07-18T22:16:20Z,2026-07-18 15:17:08
BetRivers,player_points,Veronica Burton,Over,11.5,-120,2026-07-19,2026-07-18T22:16:20Z,2026-07-18 15:17:08
BetRivers,player_points,Kaitlyn Chen,Over,7.5,-129,2026-07-19,2026-07-18T22:16:20Z,2026-07-18 15:17:08
BetRivers,player_points,Kayla Thornton,Over,7.5,-120,2026-07-19,2026-07-18T22:16:20Z,2026-07-18 15:17:08
BetRivers,player_points,Kiki Iriafen,Over,13.5,-114,2026-07-19,2026-07-18T22:16:20Z,2026-07-18 15:17:08
BetRivers,player_points,Gabby Williams,Over,14.5,125,2026-07-19,2026-07-18T22:16:20Z,2026-07-18 15:17:08
BetRivers,player_points,Shakira Austin,Over,13.5,-127,2026-07-19,2026-07-18T22:16:20Z,2026-07-18 15:17:08
BetRivers,player_points,Michaela Onyenwere,Over,7.5,-121,2026-07-19,2026-07-18T22:16:20Z,2026-07-18 15:17:08
BetRivers,player_points,Michaela Onyenwere,Over,8.5,115,2026-07-19,2026-07-18T22:16:20Z,2026-07-18 15:17:08
BetRivers,player_points,Kiki Iriafen,Over,12.5,-148,2026-07-19,2026-07-18T22:16:20Z,2026-07-18 15:17:08
BetRivers,player_points,Kayla Thornton,Over,8.5,114,2026-07-19,2026-07-18T22:16:20Z,2026-07-18 15:17:08
BetRivers,player_points,Veronica Burton,Over,10.5,-159,2026-07-19,2026-07-18T22:16:20Z,2026-07-18 15:17:08
BetRivers,player_points,Sonia Citron,Over,14.5,-127,2026-07-19,2026-07-18T22:16:20Z,2026-07-18 15:17:08
BetRivers,player_points,Shakira Austin,Over,14.5,100,2026-07-19,2026-07-18T22:16:20Z,2026-07-18 15:17:08
BetRivers,player_points,Sonia Citron,Over,15.5,102,2026-07-19,2026-07-18T22:16:20Z,2026-07-18 15:17:08
BetRivers,player_points,Janelle Salaun,Over,11.5,-120,2026-07-19,2026-07-18T22:16:20Z,2026-07-18 15:17:08
Pinnacle,player_points,Aliyah Boston,Over,16.5,-104,2026-07-19,2026-07-18T22:16:40Z,2026-07-18 15:17:08
Pinnacle,player_points,Aliyah Boston,Under,16.5,-128,2026-07-19,2026-07-18T22:16:40Z,2026-07-18 15:17:08
Pinnacle,player_points,Breanna Stewart,Over,20.5,-112,2026-07-19,2026-07-18T22:16:40Z,2026-07-18 15:17:08
Pinnacle,player_points,Breanna Stewart,Under,20.5,-118,2026-07-19,2026-07-18T22:16:40Z,2026-07-18 15:17:08
Pinnacle,player_points,Caitlin Clark,Over,17.5,-114,2026-07-19,2026-07-18T22:16:40Z,2026-07-18 15:17:08
Pinnacle,player_points,Caitlin Clark,Under,17.5,-116,2026-07-19,2026-07-18T22:16:40Z,2026-07-18 15:17:08
Pinnacle,player_points,Jonquel Jones,Over,14.5,-103,2026-07-19,2026-07-18T22:16:40Z,2026-07-18 15:17:08
Pinnacle,player_points,Jonquel Jones,Under,14.5,-129,2026-07-19,2026-07-18T22:16:40Z,2026-07-18 15:17:08
Pinnacle,player_points,Kelsey Mitchell,Over,23.5,116,2026-07-19,2026-07-18T22:16:40Z,2026-07-18 15:17:08
Pinnacle,player_points,Kelsey Mitchell,Under,23.5,-154,2026-07-19,2026-07-18T22:16:40Z,2026-07-18 15:17:08
Pinnacle,player_points,Sabrina Ionescu,Over,16.5,-119,2026-07-19,2026-07-18T22:16:40Z,2026-07-18 15:17:08
Pinnacle,player_points,Sabrina Ionescu,Under,16.5,-111,2026-07-19,2026-07-18T22:16:40Z,2026-07-18 15:17:08
Pinnacle,player_points,Bridget Carleton,Over,12.5,-118,2026-07-19,2026-07-18T22:16:20Z,2026-07-18 15:17:08
Pinnacle,player_points,Bridget Carleton,Under,12.5,-112,2026-07-19,2026-07-18T22:16:20Z,2026-07-18 15:17:08
Pinnacle,player_points,Carla Leite,Over,14.5,-103,2026-07-19,2026-07-18T22:16:20Z,2026-07-18 15:17:08
Pinnacle,player_points,Carla Leite,Under,14.5,-130,2026-07-19,2026-07-18T22:16:20Z,2026-07-18 15:17:08
Pinnacle,player_points,Courtney Williams,Over,15.5,-108,2026-07-19,2026-07-18T22:16:20Z,2026-07-18 15:17:08
Pinnacle,player_points,Courtney Williams,Under,15.5,-124,2026-07-19,2026-07-18T22:16:20Z,2026-07-18 15:17:08
Pinnacle,player_points,Emily Engstler,Over,9.5,-121,2026-07-19,2026-07-18T22:16:20Z,2026-07-18 15:17:08
Pinnacle,player_points,Emily Engstler,Under,9.5,-109,2026-07-19,2026-07-18T22:16:20Z,2026-07-18 15:17:08
Pinnacle,player_points,Kayla McBride,Over,17.5,-126,2026-07-19,2026-07-18T22:16:20Z,2026-07-18 15:17:08
Pinnacle,player_points,Kayla McBride,Under,17.5,-105,2026-07-19,2026-07-18T22:16:20Z,2026-07-18 15:17:08
Pinnacle,player_points,Natasha Howard,Over,16.5,-105,2026-07-19,2026-07-18T22:16:20Z,2026-07-18 15:17:08
Pinnacle,player_points,Natasha Howard,Under,16.5,-126,2026-07-19,2026-07-18T22:16:20Z,2026-07-18 15:17:08
Pinnacle,player_points,Olivia Miles,Over,16.5,-131,2026-07-19,2026-07-18T22:16:20Z,2026-07-18 15:17:08
Pinnacle,player_points,Olivia Miles,Under,16.5,-102,2026-07-19,2026-07-18T22:16:20Z,2026-07-18 15:17:08
Pinnacle,player_points,Sarah Ashlee Barker,Over,9.5,-101,2026-07-19,2026-07-18T22:16:20Z,2026-07-18 15:17:08
Pinnacle,player_points,Sarah Ashlee Barker,Under,9.5,-131,2026-07-19,2026-07-18T22:16:20Z,2026-07-18 15:17:08
Pinnacle,player_points,Gabby Williams,Over,13.5,100,2026-07-19,2026-07-18T22:16:20Z,2026-07-18 15:17:08
Pinnacle,player_points,Gabby Williams,Under,13.5,-121,2026-07-19,2026-07-18T22:16:20Z,2026-07-18 15:17:08
Pinnacle,player_points,Janelle Salaun,Over,11.5,-128,2026-07-19,2026-07-18T22:16:20Z,2026-07-18 15:17:08
Pinnacle,player_points,Janelle Salaun,Under,11.5,-104,2026-07-19,2026-07-18T22:16:20Z,2026-07-18 15:17:08
Pinnacle,player_points,Kayla Thornton,Over,7.5,-123,2026-07-19,2026-07-18T22:16:20Z,2026-07-18 15:17:08
Pinnacle,player_points,Kayla Thornton,Under,7.5,-107,2026-07-19,2026-07-18T22:16:20Z,2026-07-18 15:17:08
Pinnacle,player_points,Kiki Iriafen,Over,12.5,-126,2026-07-19,2026-07-18T22:16:20Z,2026-07-18 15:17:08
Pinnacle,player_points,Kiki Iriafen,Under,12.5,-105,2026-07-19,2026-07-18T22:16:20Z,2026-07-18 15:17:08
Pinnacle,player_points,Shakira Austin,Over,13.5,103,2026-07-19,2026-07-18T22:16:20Z,2026-07-18 15:17:08
Pinnacle,player_points,Shakira Austin,Under,13.5,-139,2026-07-19,2026-07-18T22:16:20Z,2026-07-18 15:17:08
Pinnacle,player_points,Sonia Citron,Over,14.5,-112,2026-07-19,2026-07-18T22:16:20Z,2026-07-18 15:17:08
Pinnacle,player_points,Sonia Citron,Under,14.5,-118,2026-07-19,2026-07-18T22:16:20Z,2026-07-18 15:17:08
Pinnacle,player_points,Veronica Burton,Over,11.5,-104,2026-07-19,2026-07-18T22:16:20Z,2026-07-18 15:17:08
Pinnacle,player_points,Veronica Burton,Under,11.5,-127,2026-07-19,2026-07-18T22:16:20Z,2026-07-18 15:17:08
FanDuel,player_rebounds,Aliyah Boston,Over,8.5,-102,2026-07-19,2026-07-18T22:16:45Z,2026-07-18 15:17:08
FanDuel,player_rebounds,Aliyah Boston,Under,8.5,-130,2026-07-19,2026-07-18T22:16:45Z,2026-07-18 15:17:08
FanDuel,player_rebounds,Sabrina Ionescu,Over,3.5,-136,2026-07-19,2026-07-18T22:16:45Z,2026-07-18 15:17:08
FanDuel,player_rebounds,Sabrina Ionescu,Under,3.5,102,2026-07-19,2026-07-18T22:16:45Z,2026-07-18 15:17:08
FanDuel,player_rebounds,Caitlin Clark,Over,3.5,-136,2026-07-19,2026-07-18T22:16:45Z,2026-07-18 15:17:08
FanDuel,player_rebounds,Caitlin Clark,Under,3.5,102,2026-07-19,2026-07-18T22:16:45Z,2026-07-18 15:17:08
FanDuel,player_rebounds,Sophie Cunningham,Over,2.5,154,2026-07-19,2026-07-18T22:16:45Z,2026-07-18 15:17:08
FanDuel,player_rebounds,Sophie Cunningham,Under,2.5,-215,2026-07-19,2026-07-18T22:16:45Z,2026-07-18 15:17:08
FanDuel,player_rebounds,Jonquel Jones,Over,9.5,110,2026-07-19,2026-07-18T22:16:45Z,2026-07-18 15:17:08
FanDuel,player_rebounds,Jonquel Jones,Under,9.5,-146,2026-07-19,2026-07-18T22:16:45Z,2026-07-18 15:17:08
FanDuel,player_rebounds,Kelsey Mitchell,Over,2.5,154,2026-07-19,2026-07-18T22:16:45Z,2026-07-18 15:17:08
FanDuel,player_rebounds,Kelsey Mitchell,Under,2.5,-210,2026-07-19,2026-07-18T22:16:45Z,2026-07-18 15:17:08
FanDuel,player_rebounds,Breanna Stewart,Over,7.5,-114,2026-07-19,2026-07-18T22:16:45Z,2026-07-18 15:17:08
FanDuel,player_rebounds,Breanna Stewart,Under,7.5,-114,2026-07-19,2026-07-18T22:16:45Z,2026-07-18 15:17:08
FanDuel,player_rebounds,Kayla McBride,Over,3.5,116,2026-07-19,2026-07-18T22:16:03Z,2026-07-18 15:17:08
FanDuel,player_rebounds,Kayla McBride,Under,3.5,-154,2026-07-19,2026-07-18T22:16:03Z,2026-07-18 15:17:08
FanDuel,player_rebounds,Bridget Carleton,Over,3.5,136,2026-07-19,2026-07-18T22:16:03Z,2026-07-18 15:17:08
FanDuel,player_rebounds,Bridget Carleton,Under,3.5,-182,2026-07-19,2026-07-18T22:16:03Z,2026-07-18 15:17:08
FanDuel,player_rebounds,Olivia Miles,Over,3.5,-166,2026-07-19,2026-07-18T22:16:03Z,2026-07-18 15:17:08
FanDuel,player_rebounds,Olivia Miles,Under,3.5,124,2026-07-19,2026-07-18T22:16:03Z,2026-07-18 15:17:08
FanDuel,player_rebounds,Emily Engstler,Over,5.5,-136,2026-07-19,2026-07-18T22:16:03Z,2026-07-18 15:17:08
FanDuel,player_rebounds,Emily Engstler,Under,5.5,102,2026-07-19,2026-07-18T22:16:03Z,2026-07-18 15:17:08
FanDuel,player_rebounds,Sarah Ashlee Barker,Over,4.5,-146,2026-07-19,2026-07-18T22:16:03Z,2026-07-18 15:17:08
FanDuel,player_rebounds,Sarah Ashlee Barker,Under,4.5,110,2026-07-19,2026-07-18T22:16:03Z,2026-07-18 15:17:08
FanDuel,player_rebounds,Natasha Howard,Over,7.5,-136,2026-07-19,2026-07-18T22:16:03Z,2026-07-18 15:17:08
FanDuel,player_rebounds,Natasha Howard,Under,7.5,102,2026-07-19,2026-07-18T22:16:03Z,2026-07-18 15:17:08
FanDuel,player_rebounds,Nia Coffey,Over,5.5,112,2026-07-19,2026-07-18T22:16:03Z,2026-07-18 15:17:08
FanDuel,player_rebounds,Nia Coffey,Under,5.5,-148,2026-07-19,2026-07-18T22:16:03Z,2026-07-18 15:17:08
FanDuel,player_rebounds,Serah Williams,Over,5.5,110,2026-07-19,2026-07-18T22:16:03Z,2026-07-18 15:17:08
FanDuel,player_rebounds,Serah Williams,Under,5.5,-146,2026-07-19,2026-07-18T22:16:03Z,2026-07-18 15:17:08
FanDuel,player_rebounds,Courtney Williams,Over,5.5,104,2026-07-19,2026-07-18T22:16:03Z,2026-07-18 15:17:08
FanDuel,player_rebounds,Courtney Williams,Under,5.5,-138,2026-07-19,2026-07-18T22:16:03Z,2026-07-18 15:17:08
FanDuel,player_rebounds,Gabby Williams,Over,2.5,-158,2026-07-19,2026-07-18T22:16:16Z,2026-07-18 15:17:08
FanDuel,player_rebounds,Gabby Williams,Under,2.5,118,2026-07-19,2026-07-18T22:16:16Z,2026-07-18 15:17:08
FanDuel,player_rebounds,Veronica Burton,Over,3.5,142,2026-07-19,2026-07-18T22:16:16Z,2026-07-18 15:17:08
FanDuel,player_rebounds,Veronica Burton,Under,3.5,-192,2026-07-19,2026-07-18T22:16:16Z,2026-07-18 15:17:08
FanDuel,player_rebounds,Michaela Onyenwere,Over,2.5,-174,2026-07-19,2026-07-18T22:16:16Z,2026-07-18 15:17:08
FanDuel,player_rebounds,Michaela Onyenwere,Under,2.5,130,2026-07-19,2026-07-18T22:16:16Z,2026-07-18 15:17:08
FanDuel,player_rebounds,Sonia Citron,Over,3.5,104,2026-07-19,2026-07-18T22:16:16Z,2026-07-18 15:17:08
FanDuel,player_rebounds,Sonia Citron,Under,3.5,-138,2026-07-19,2026-07-18T22:16:16Z,2026-07-18 15:17:08
FanDuel,player_rebounds,Shakira Austin,Over,8.5,-128,2026-07-19,2026-07-18T22:16:16Z,2026-07-18 15:17:08
FanDuel,player_rebounds,Shakira Austin,Under,8.5,-104,2026-07-19,2026-07-18T22:16:16Z,2026-07-18 15:17:08
FanDuel,player_rebounds,Kayla Thornton,Over,4.5,-158,2026-07-19,2026-07-18T22:16:16Z,2026-07-18 15:17:08
FanDuel,player_rebounds,Kayla Thornton,Under,4.5,118,2026-07-19,2026-07-18T22:16:16Z,2026-07-18 15:17:08
FanDuel,player_rebounds,Janelle Salaun,Over,3.5,-110,2026-07-19,2026-07-18T22:16:16Z,2026-07-18 15:17:08
FanDuel,player_rebounds,Janelle Salaun,Under,3.5,-120,2026-07-19,2026-07-18T22:16:16Z,2026-07-18 15:17:08
FanDuel,player_rebounds,Kiki Iriafen,Over,9.5,-102,2026-07-19,2026-07-18T22:16:16Z,2026-07-18 15:17:08
FanDuel,player_rebounds,Kiki Iriafen,Under,9.5,-130,2026-07-19,2026-07-18T22:16:16Z,2026-07-18 15:17:08
FanDuel,player_rebounds,Arike Ogunbowale,Over,2.5,-102,2026-07-19,2026-07-18T22:16:39Z,2026-07-18 15:17:08
FanDuel,player_rebounds,Arike Ogunbowale,Under,2.5,-130,2026-07-19,2026-07-18T22:16:39Z,2026-07-18 15:17:08
FanDuel,player_rebounds,Paige Bueckers,Over,4.5,-162,2026-07-19,2026-07-18T22:16:39Z,2026-07-18 15:17:08
FanDuel,player_rebounds,Paige Bueckers,Under,4.5,122,2026-07-19,2026-07-18T22:16:39Z,2026-07-18 15:17:08
FanDuel,player_rebounds,Jessica Shepard,Over,11.5,-132,2026-07-19,2026-07-18T22:16:39Z,2026-07-18 15:17:08
FanDuel,player_rebounds,Jessica Shepard,Under,11.5,100,2026-07-19,2026-07-18T22:16:39Z,2026-07-18 15:17:08
FanDuel,player_rebounds,Nneka Ogwumike,Over,8.5,-152,2026-07-19,2026-07-18T22:16:39Z,2026-07-18 15:17:08
FanDuel,player_rebounds,Nneka Ogwumike,Under,8.5,114,2026-07-19,2026-07-18T22:16:39Z,2026-07-18 15:17:08
FanDuel,player_rebounds,Rae Burrell,Over,2.5,130,2026-07-19,2026-07-18T22:16:39Z,2026-07-18 15:17:08
FanDuel,player_rebounds,Rae Burrell,Under,2.5,-174,2026-07-19,2026-07-18T22:16:39Z,2026-07-18 15:17:08
FanDuel,player_rebounds,Dearica Hamby,Over,7.5,110,2026-07-19,2026-07-18T22:16:39Z,2026-07-18 15:17:08
FanDuel,player_rebounds,Dearica Hamby,Under,7.5,-146,2026-07-19,2026-07-18T22:16:39Z,2026-07-18 15:17:08
FanDuel,player_rebounds,Kamilla Cardoso,Over,8.5,116,2026-07-19,2026-07-18T22:16:56Z,2026-07-18 15:17:08
FanDuel,player_rebounds,Kamilla Cardoso,Under,8.5,-154,2026-07-19,2026-07-18T22:16:56Z,2026-07-18 15:17:08
FanDuel,player_rebounds,Allisha Gray,Over,3.5,128,2026-07-19,2026-07-18T22:16:56Z,2026-07-18 15:17:08
FanDuel,player_rebounds,Allisha Gray,Under,3.5,-172,2026-07-19,2026-07-18T22:16:56Z,2026-07-18 15:17:08
FanDuel,player_rebounds,Natasha Cloud,Over,3.5,-106,2026-07-19,2026-07-18T22:16:56Z,2026-07-18 15:17:08
FanDuel,player_rebounds,Natasha Cloud,Under,3.5,-125,2026-07-19,2026-07-18T22:16:56Z,2026-07-18 15:17:08
FanDuel,player_rebounds,Angel Reese,Over,12.5,-108,2026-07-19,2026-07-18T22:16:56Z,2026-07-18 15:17:08
FanDuel,player_rebounds,Angel Reese,Under,12.5,-122,2026-07-19,2026-07-18T22:16:56Z,2026-07-18 15:17:08
FanDuel,player_rebounds,Rhyne Howard,Over,3.5,-162,2026-07-19,2026-07-18T22:16:56Z,2026-07-18 15:17:08
FanDuel,player_rebounds,Rhyne Howard,Under,3.5,122,2026-07-19,2026-07-18T22:16:56Z,2026-07-18 15:17:08
FanDuel,player_rebounds,Naz Hillmon,Over,5.5,-112,2026-07-19,2026-07-18T22:16:56Z,2026-07-18 15:17:08
FanDuel,player_rebounds,Naz Hillmon,Under,5.5,-118,2026-07-19,2026-07-18T22:16:56Z,2026-07-18 15:17:08
FanDuel,player_rebounds,Azura Stevens,Over,7.5,116,2026-07-19,2026-07-18T22:16:56Z,2026-07-18 15:17:08
FanDuel,player_rebounds,Azura Stevens,Under,7.5,-154,2026-07-19,2026-07-18T22:16:56Z,2026-07-18 15:17:08
FanDuel,player_rebounds,Jordin Canada,Over,3.5,-128,2026-07-19,2026-07-18T22:16:56Z,2026-07-18 15:17:08
FanDuel,player_rebounds,Jordin Canada,Under,3.5,-104,2026-07-19,2026-07-18T22:16:56Z,2026-07-18 15:17:08
FanDuel,player_rebounds,Kahleah Copper,Over,3.5,-144,2026-07-19,2026-07-18T22:17:08Z,2026-07-18 15:17:08
FanDuel,player_rebounds,Kahleah Copper,Under,3.5,108,2026-07-19,2026-07-18T22:17:08Z,2026-07-18 15:17:08
FanDuel,player_rebounds,Alyssa Thomas,Over,7.5,118,2026-07-19,2026-07-18T22:17:08Z,2026-07-18 15:17:08
FanDuel,player_rebounds,Alyssa Thomas,Under,7.5,-158,2026-07-19,2026-07-18T22:17:08Z,2026-07-18 15:17:08
FanDuel,player_rebounds,DeWanna Bonner,Over,6.5,106,2026-07-19,2026-07-18T22:17:08Z,2026-07-18 15:17:08
FanDuel,player_rebounds,DeWanna Bonner,Under,6.5,-140,2026-07-19,2026-07-18T22:17:08Z,2026-07-18 15:17:08
DraftKings,player_rebounds,Jonquel Jones,Over,8.5,-143,2026-07-19,2026-07-18T22:16:35Z,2026-07-18 15:17:08
DraftKings,player_rebounds,Jonquel Jones,Under,8.5,105,2026-07-19,2026-07-18T22:16:35Z,2026-07-18 15:17:08
DraftKings,player_rebounds,Aliyah Boston,Over,8.5,-113,2026-07-19,2026-07-18T22:16:35Z,2026-07-18 15:17:08
DraftKings,player_rebounds,Aliyah Boston,Under,8.5,-120,2026-07-19,2026-07-18T22:16:35Z,2026-07-18 15:17:08
DraftKings,player_rebounds,Breanna Stewart,Over,7.5,-108,2026-07-19,2026-07-18T22:16:35Z,2026-07-18 15:17:08
DraftKings,player_rebounds,Breanna Stewart,Under,7.5,-126,2026-07-19,2026-07-18T22:16:35Z,2026-07-18 15:17:08
DraftKings,player_rebounds,Caitlin Clark,Over,3.5,-133,2026-07-19,2026-07-18T22:16:35Z,2026-07-18 15:17:08
DraftKings,player_rebounds,Caitlin Clark,Under,3.5,-102,2026-07-19,2026-07-18T22:16:35Z,2026-07-18 15:17:08
DraftKings,player_rebounds,Sabrina Ionescu,Over,3.5,-131,2026-07-19,2026-07-18T22:16:35Z,2026-07-18 15:17:08
DraftKings,player_rebounds,Sabrina Ionescu,Under,3.5,-104,2026-07-19,2026-07-18T22:16:35Z,2026-07-18 15:17:08
DraftKings,player_rebounds,Kelsey Mitchell,Over,2.5,131,2026-07-19,2026-07-18T22:16:35Z,2026-07-18 15:17:08
DraftKings,player_rebounds,Kelsey Mitchell,Under,2.5,-180,2026-07-19,2026-07-18T22:16:35Z,2026-07-18 15:17:08
DraftKings,player_rebounds,Natasha Howard,Over,7.5,-142,2026-07-19,2026-07-18T22:17:03Z,2026-07-18 15:17:08
DraftKings,player_rebounds,Natasha Howard,Under,7.5,105,2026-07-19,2026-07-18T22:17:03Z,2026-07-18 15:17:08
DraftKings,player_rebounds,Emily Engstler,Over,5.5,-124,2026-07-19,2026-07-18T22:17:03Z,2026-07-18 15:17:08
DraftKings,player_rebounds,Emily Engstler,Under,5.5,-110,2026-07-19,2026-07-18T22:17:03Z,2026-07-18 15:17:08
DraftKings,player_rebounds,Courtney Williams,Over,5.5,109,2026-07-19,2026-07-18T22:17:03Z,2026-07-18 15:17:08
DraftKings,player_rebounds,Courtney Williams,Under,5.5,-148,2026-07-19,2026-07-18T22:17:03Z,2026-07-18 15:17:08
DraftKings,player_rebounds,Nia Coffey,Over,5.5,112,2026-07-19,2026-07-18T22:17:03Z,2026-07-18 15:17:08
DraftKings,player_rebounds,Nia Coffey,Under,5.5,-152,2026-07-19,2026-07-18T22:17:03Z,2026-07-18 15:17:08
DraftKings,player_rebounds,Serah Williams,Over,5.5,116,2026-07-19,2026-07-18T22:17:03Z,2026-07-18 15:17:08
DraftKings,player_rebounds,Serah Williams,Under,5.5,-158,2026-07-19,2026-07-18T22:17:03Z,2026-07-18 15:17:08
DraftKings,player_rebounds,Sarah Ashlee Barker,Over,4.5,-118,2026-07-19,2026-07-18T22:17:03Z,2026-07-18 15:17:08
DraftKings,player_rebounds,Sarah Ashlee Barker,Under,4.5,-115,2026-07-19,2026-07-18T22:17:03Z,2026-07-18 15:17:08
DraftKings,player_rebounds,Olivia Miles,Over,4.5,123,2026-07-19,2026-07-18T22:17:03Z,2026-07-18 15:17:08
DraftKings,player_rebounds,Olivia Miles,Under,4.5,-168,2026-07-19,2026-07-18T22:17:03Z,2026-07-18 15:17:08
DraftKings,player_rebounds,Kayla McBride,Over,3.5,125,2026-07-19,2026-07-18T22:17:03Z,2026-07-18 15:17:08
DraftKings,player_rebounds,Kayla McBride,Under,3.5,-170,2026-07-19,2026-07-18T22:17:03Z,2026-07-18 15:17:08
DraftKings,player_rebounds,Bridget Carleton,Over,2.5,-170,2026-07-19,2026-07-18T22:17:03Z,2026-07-18 15:17:08
DraftKings,player_rebounds,Bridget Carleton,Under,2.5,125,2026-07-19,2026-07-18T22:17:03Z,2026-07-18 15:17:08
DraftKings,player_rebounds,Kiki Iriafen,Over,9.5,-102,2026-07-19,2026-07-18T22:16:06Z,2026-07-18 15:17:08
DraftKings,player_rebounds,Kiki Iriafen,Under,9.5,-134,2026-07-19,2026-07-18T22:16:06Z,2026-07-18 15:17:08
DraftKings,player_rebounds,Shakira Austin,Over,8.5,-129,2026-07-19,2026-07-18T22:16:06Z,2026-07-18 15:17:08
DraftKings,player_rebounds,Shakira Austin,Under,8.5,-105,2026-07-19,2026-07-18T22:16:06Z,2026-07-18 15:17:08
DraftKings,player_rebounds,Kayla Thornton,Over,4.5,-158,2026-07-19,2026-07-18T22:16:06Z,2026-07-18 15:17:08
DraftKings,player_rebounds,Kayla Thornton,Under,4.5,116,2026-07-19,2026-07-18T22:16:06Z,2026-07-18 15:17:08
DraftKings,player_rebounds,Janelle Salaun,Over,3.5,-115,2026-07-19,2026-07-18T22:16:06Z,2026-07-18 15:17:08
DraftKings,player_rebounds,Janelle Salaun,Under,3.5,-118,2026-07-19,2026-07-18T22:16:06Z,2026-07-18 15:17:08
DraftKings,player_rebounds,Sonia Citron,Over,3.5,103,2026-07-19,2026-07-18T22:16:06Z,2026-07-18 15:17:08
DraftKings,player_rebounds,Sonia Citron,Under,3.5,-140,2026-07-19,2026-07-18T22:16:06Z,2026-07-18 15:17:08
DraftKings,player_rebounds,Gabby Williams,Over,3.5,129,2026-07-19,2026-07-18T22:16:06Z,2026-07-18 15:17:08
DraftKings,player_rebounds,Gabby Williams,Under,3.5,-176,2026-07-19,2026-07-18T22:16:06Z,2026-07-18 15:17:08
DraftKings,player_rebounds,Veronica Burton,Over,2.5,-179,2026-07-19,2026-07-18T22:16:06Z,2026-07-18 15:17:08
DraftKings,player_rebounds,Veronica Burton,Under,2.5,131,2026-07-19,2026-07-18T22:16:06Z,2026-07-18 15:17:08
DraftKings,player_rebounds,Michaela Onyenwere,Over,2.5,-175,2026-07-19,2026-07-18T22:16:06Z,2026-07-18 15:17:08
DraftKings,player_rebounds,Michaela Onyenwere,Under,2.5,128,2026-07-19,2026-07-18T22:16:06Z,2026-07-18 15:17:08
DraftKings,player_rebounds,Jessica Shepard,Over,11.5,-135,2026-07-19,2026-07-18T22:17:05Z,2026-07-18 15:17:08
DraftKings,player_rebounds,Jessica Shepard,Under,11.5,-101,2026-07-19,2026-07-18T22:17:05Z,2026-07-18 15:17:08
DraftKings,player_rebounds,Nneka Ogwumike,Over,8.5,-133,2026-07-19,2026-07-18T22:17:05Z,2026-07-18 15:17:08
DraftKings,player_rebounds,Nneka Ogwumike,Under,8.5,-102,2026-07-19,2026-07-18T22:17:05Z,2026-07-18 15:17:08
DraftKings,player_rebounds,Dearica Hamby,Over,7.5,112,2026-07-19,2026-07-18T22:17:05Z,2026-07-18 15:17:08
DraftKings,player_rebounds,Dearica Hamby,Under,7.5,-153,2026-07-19,2026-07-18T22:17:05Z,2026-07-18 15:17:08
DraftKings,player_rebounds,Paige Bueckers,Over,4.5,-138,2026-07-19,2026-07-18T22:17:05Z,2026-07-18 15:17:08
DraftKings,player_rebounds,Paige Bueckers,Under,4.5,101,2026-07-19,2026-07-18T22:17:05Z,2026-07-18 15:17:08
DraftKings,player_rebounds,Arike Ogunbowale,Over,2.5,100,2026-07-19,2026-07-18T22:17:05Z,2026-07-18 15:17:08
DraftKings,player_rebounds,Arike Ogunbowale,Under,2.5,-135,2026-07-19,2026-07-18T22:17:05Z,2026-07-18 15:17:08
DraftKings,player_rebounds,Rae Burrell,Over,2.5,129,2026-07-19,2026-07-18T22:17:05Z,2026-07-18 15:17:08
DraftKings,player_rebounds,Rae Burrell,Under,2.5,-176,2026-07-19,2026-07-18T22:17:05Z,2026-07-18 15:17:08
DraftKings,player_rebounds,Angel Reese,Over,12.5,-101,2026-07-19,2026-07-18T22:17:21Z,2026-07-18 15:17:08
DraftKings,player_rebounds,Angel Reese,Under,12.5,-135,2026-07-19,2026-07-18T22:17:21Z,2026-07-18 15:17:08
DraftKings,player_rebounds,Kamilla Cardoso,Over,7.5,-141,2026-07-19,2026-07-18T22:17:21Z,2026-07-18 15:17:08
DraftKings,player_rebounds,Kamilla Cardoso,Under,7.5,104,2026-07-19,2026-07-18T22:17:21Z,2026-07-18 15:17:08
DraftKings,player_rebounds,Azura Stevens,Over,6.5,-152,2026-07-19,2026-07-18T22:17:21Z,2026-07-18 15:17:08
DraftKings,player_rebounds,Azura Stevens,Under,6.5,112,2026-07-19,2026-07-18T22:17:21Z,2026-07-18 15:17:08
DraftKings,player_rebounds,Naz Hillmon,Over,5.5,-105,2026-07-19,2026-07-18T22:17:21Z,2026-07-18 15:17:08
DraftKings,player_rebounds,Naz Hillmon,Under,5.5,-130,2026-07-19,2026-07-18T22:17:21Z,2026-07-18 15:17:08
DraftKings,player_rebounds,Rhyne Howard,Over,3.5,-159,2026-07-19,2026-07-18T22:17:21Z,2026-07-18 15:17:08
DraftKings,player_rebounds,Rhyne Howard,Under,3.5,116,2026-07-19,2026-07-18T22:17:21Z,2026-07-18 15:17:08
DraftKings,player_rebounds,Jordin Canada,Over,3.5,-126,2026-07-19,2026-07-18T22:17:21Z,2026-07-18 15:17:08
DraftKings,player_rebounds,Jordin Canada,Under,3.5,-107,2026-07-19,2026-07-18T22:17:21Z,2026-07-18 15:17:08
DraftKings,player_rebounds,Natasha Cloud,Over,3.5,-102,2026-07-19,2026-07-18T22:17:21Z,2026-07-18 15:17:08
DraftKings,player_rebounds,Natasha Cloud,Under,3.5,-133,2026-07-19,2026-07-18T22:17:21Z,2026-07-18 15:17:08
DraftKings,player_rebounds,Allisha Gray,Over,3.5,127,2026-07-19,2026-07-18T22:17:21Z,2026-07-18 15:17:08
DraftKings,player_rebounds,Allisha Gray,Under,3.5,-174,2026-07-19,2026-07-18T22:17:21Z,2026-07-18 15:17:08
DraftKings,player_rebounds,Alyssa Thomas,Over,7.5,103,2026-07-19,2026-07-18T22:17:19Z,2026-07-18 15:17:08
DraftKings,player_rebounds,Alyssa Thomas,Under,7.5,-139,2026-07-19,2026-07-18T22:17:19Z,2026-07-18 15:17:08
DraftKings,player_rebounds,DeWanna Bonner,Over,6.5,107,2026-07-19,2026-07-18T22:17:19Z,2026-07-18 15:17:08
DraftKings,player_rebounds,DeWanna Bonner,Under,6.5,-145,2026-07-19,2026-07-18T22:17:19Z,2026-07-18 15:17:08
DraftKings,player_rebounds,Kahleah Copper,Over,3.5,-123,2026-07-19,2026-07-18T22:17:19Z,2026-07-18 15:17:08
DraftKings,player_rebounds,Kahleah Copper,Under,3.5,-111,2026-07-19,2026-07-18T22:17:19Z,2026-07-18 15:17:08
DraftKings,player_rebounds,Monique Akoa Makani,Over,2.5,-109,2026-07-19,2026-07-18T22:17:19Z,2026-07-18 15:17:08
DraftKings,player_rebounds,Monique Akoa Makani,Under,2.5,-125,2026-07-19,2026-07-18T22:17:19Z,2026-07-18 15:17:08
BetRivers,player_rebounds,Caitlin Clark,Over,3.5,-127,2026-07-19,2026-07-18T22:16:37Z,2026-07-18 15:17:08
BetRivers,player_rebounds,Aliyah Boston,Over,9.5,108,2026-07-19,2026-07-18T22:16:37Z,2026-07-18 15:17:08
BetRivers,player_rebounds,Sabrina Ionescu,Over,4.5,128,2026-07-19,2026-07-18T22:16:37Z,2026-07-18 15:17:08
BetRivers,player_rebounds,Kelsey Mitchell,Over,1.5,-175,2026-07-19,2026-07-18T22:16:37Z,2026-07-18 15:17:08
BetRivers,player_rebounds,Breanna Stewart,Over,7.5,-114,2026-07-19,2026-07-18T22:16:37Z,2026-07-18 15:17:08
BetRivers,player_rebounds,Jonquel Jones,Over,8.5,-136,2026-07-19,2026-07-18T22:16:37Z,2026-07-18 15:17:08
BetRivers,player_rebounds,Olivia Miles,Over,3.5,-167,2026-07-19,2026-07-18T22:16:57Z,2026-07-18 15:17:08
BetRivers,player_rebounds,Carla Leite,Over,1.5,-177,2026-07-19,2026-07-18T22:16:57Z,2026-07-18 15:17:08
BetRivers,player_rebounds,Courtney Williams,Over,5.5,125,2026-07-19,2026-07-18T22:16:57Z,2026-07-18 15:17:08
BetRivers,player_rebounds,Kayla McBride,Over,3.5,123,2026-07-19,2026-07-18T22:16:57Z,2026-07-18 15:17:08
BetRivers,player_rebounds,Nia Coffey,Over,4.5,-155,2026-07-19,2026-07-18T22:16:57Z,2026-07-18 15:17:08
BetRivers,player_rebounds,Sarah Ashlee Barker,Over,4.5,-137,2026-07-19,2026-07-18T22:16:57Z,2026-07-18 15:17:08
BetRivers,player_rebounds,Natasha Howard,Over,7.5,-125,2026-07-19,2026-07-18T22:16:57Z,2026-07-18 15:17:08
BetRivers,player_rebounds,Emily Engstler,Over,5.5,-124,2026-07-19,2026-07-18T22:16:57Z,2026-07-18 15:17:08
BetRivers,player_rebounds,Bridget Carleton,Over,2.5,-143,2026-07-19,2026-07-18T22:16:57Z,2026-07-18 15:17:08
BetRivers,player_rebounds,Shakira Austin,Over,9.5,116,2026-07-19,2026-07-18T22:16:20Z,2026-07-18 15:17:08
BetRivers,player_rebounds,Michaela Onyenwere,Over,2.5,-152,2026-07-19,2026-07-18T22:16:20Z,2026-07-18 15:17:08
BetRivers,player_rebounds,Sonia Citron,Over,3.5,112,2026-07-19,2026-07-18T22:16:20Z,2026-07-18 15:17:08
BetRivers,player_rebounds,Kiki Iriafen,Over,9.5,-108,2026-07-19,2026-07-18T22:16:20Z,2026-07-18 15:17:08
BetRivers,player_rebounds,Kayla Thornton,Over,5.5,105,2026-07-19,2026-07-18T22:16:20Z,2026-07-18 15:17:08
BetRivers,player_rebounds,Janelle Salaun,Over,3.5,-105,2026-07-19,2026-07-18T22:16:20Z,2026-07-18 15:17:08
BetRivers,player_rebounds,Veronica Burton,Over,2.5,-162,2026-07-19,2026-07-18T22:16:20Z,2026-07-18 15:17:08
BetRivers,player_rebounds,Gabby Williams,Over,2.5,-139,2026-07-19,2026-07-18T22:16:20Z,2026-07-18 15:17:08
Pinnacle,player_rebounds,Aliyah Boston,Over,8.5,-108,2026-07-19,2026-07-18T22:16:40Z,2026-07-18 15:17:08
Pinnacle,player_rebounds,Aliyah Boston,Under,8.5,-123,2026-07-19,2026-07-18T22:16:40Z,2026-07-18 15:17:08
Pinnacle,player_rebounds,Breanna Stewart,Over,7.5,-126,2026-07-19,2026-07-18T22:16:40Z,2026-07-18 15:17:08
Pinnacle,player_rebounds,Breanna Stewart,Under,7.5,-106,2026-07-19,2026-07-18T22:16:40Z,2026-07-18 15:17:08
Pinnacle,player_rebounds,Caitlin Clark,Over,3.5,-152,2026-07-19,2026-07-18T22:16:40Z,2026-07-18 15:17:08
Pinnacle,player_rebounds,Caitlin Clark,Under,3.5,114,2026-07-19,2026-07-18T22:16:40Z,2026-07-18 15:17:08
Pinnacle,player_rebounds,Jonquel Jones,Over,9.5,110,2026-07-19,2026-07-18T22:16:40Z,2026-07-18 15:17:08
Pinnacle,player_rebounds,Jonquel Jones,Under,9.5,-146,2026-07-19,2026-07-18T22:16:40Z,2026-07-18 15:17:08
Pinnacle,player_rebounds,Kelsey Mitchell,Over,2.5,153,2026-07-19,2026-07-18T22:16:40Z,2026-07-18 15:17:08
Pinnacle,player_rebounds,Kelsey Mitchell,Under,2.5,-207,2026-07-19,2026-07-18T22:16:40Z,2026-07-18 15:17:08
Pinnacle,player_rebounds,Sabrina Ionescu,Over,3.5,-144,2026-07-19,2026-07-18T22:16:40Z,2026-07-18 15:17:08
Pinnacle,player_rebounds,Sabrina Ionescu,Under,3.5,108,2026-07-19,2026-07-18T22:16:40Z,2026-07-18 15:17:08
Pinnacle,player_rebounds,Courtney Williams,Over,5.5,104,2026-07-19,2026-07-18T22:16:20Z,2026-07-18 15:17:08
Pinnacle,player_rebounds,Courtney Williams,Under,5.5,-138,2026-07-19,2026-07-18T22:16:20Z,2026-07-18 15:17:08
Pinnacle,player_rebounds,Emily Engstler,Over,5.5,-148,2026-07-19,2026-07-18T22:16:20Z,2026-07-18 15:17:08
Pinnacle,player_rebounds,Emily Engstler,Under,5.5,112,2026-07-19,2026-07-18T22:16:20Z,2026-07-18 15:17:08
Pinnacle,player_rebounds,Natasha Howard,Over,7.5,-138,2026-07-19,2026-07-18T22:16:20Z,2026-07-18 15:17:08
Pinnacle,player_rebounds,Natasha Howard,Under,7.5,112,2026-07-19,2026-07-18T22:16:20Z,2026-07-18 15:17:08
Pinnacle,player_rebounds,Olivia Miles,Over,4.5,125,2026-07-19,2026-07-18T22:16:20Z,2026-07-18 15:17:08
Pinnacle,player_rebounds,Olivia Miles,Under,4.5,-167,2026-07-19,2026-07-18T22:16:20Z,2026-07-18 15:17:08
Pinnacle,player_rebounds,Sarah Ashlee Barker,Over,4.5,-144,2026-07-19,2026-07-18T22:16:20Z,2026-07-18 15:17:08
Pinnacle,player_rebounds,Sarah Ashlee Barker,Under,4.5,117,2026-07-19,2026-07-18T22:16:20Z,2026-07-18 15:17:08
Pinnacle,player_rebounds,Gabby Williams,Over,3.5,142,2026-07-19,2026-07-18T22:16:20Z,2026-07-18 15:17:08
Pinnacle,player_rebounds,Gabby Williams,Under,3.5,-191,2026-07-19,2026-07-18T22:16:20Z,2026-07-18 15:17:08
Pinnacle,player_rebounds,Janelle Salaun,Over,3.5,-110,2026-07-19,2026-07-18T22:16:20Z,2026-07-18 15:17:08
Pinnacle,player_rebounds,Janelle Salaun,Under,3.5,-120,2026-07-19,2026-07-18T22:16:20Z,2026-07-18 15:17:08
Pinnacle,player_rebounds,Kiki Iriafen,Over,9.5,103,2026-07-19,2026-07-18T22:16:20Z,2026-07-18 15:17:08
Pinnacle,player_rebounds,Kiki Iriafen,Under,9.5,-126,2026-07-19,2026-07-18T22:16:20Z,2026-07-18 15:17:08
Pinnacle,player_rebounds,Shakira Austin,Over,8.5,-148,2026-07-19,2026-07-18T22:16:20Z,2026-07-18 15:17:08
Pinnacle,player_rebounds,Shakira Austin,Under,8.5,111,2026-07-19,2026-07-18T22:16:20Z,2026-07-18 15:17:08
Pinnacle,player_rebounds,Veronica Burton,Over,3.5,139,2026-07-19,2026-07-18T22:16:20Z,2026-07-18 15:17:08
Pinnacle,player_rebounds,Veronica Burton,Under,3.5,-187,2026-07-19,2026-07-18T22:16:20Z,2026-07-18 15:17:08
Pinnacle,player_rebounds,Kayla Thornton,Over,4.5,-154,2026-07-19,2026-07-18T22:16:20Z,2026-07-18 15:17:08
Pinnacle,player_rebounds,Kayla Thornton,Under,4.5,116,2026-07-19,2026-07-18T22:16:20Z,2026-07-18 15:17:08
FanDuel,player_assists,Aliyah Boston,Over,2.5,138,2026-07-19,2026-07-18T22:16:45Z,2026-07-18 15:17:08
FanDuel,player_assists,Aliyah Boston,Under,2.5,-186,2026-07-19,2026-07-18T22:16:45Z,2026-07-18 15:17:08
FanDuel,player_assists,Sabrina Ionescu,Over,5.5,126,2026-07-19,2026-07-18T22:16:45Z,2026-07-18 15:17:08
FanDuel,player_assists,Sabrina Ionescu,Under,5.5,-168,2026-07-19,2026-07-18T22:16:45Z,2026-07-18 15:17:08
FanDuel,player_assists,Caitlin Clark,Over,8.5,116,2026-07-19,2026-07-18T22:16:45Z,2026-07-18 15:17:08
FanDuel,player_assists,Caitlin Clark,Under,8.5,-154,2026-07-19,2026-07-18T22:16:45Z,2026-07-18 15:17:08
FanDuel,player_assists,Breanna Stewart,Over,2.5,-174,2026-07-19,2026-07-18T22:16:45Z,2026-07-18 15:17:08
FanDuel,player_assists,Breanna Stewart,Under,2.5,130,2026-07-19,2026-07-18T22:16:45Z,2026-07-18 15:17:08
FanDuel,player_assists,Kelsey Mitchell,Over,2.5,-154,2026-07-19,2026-07-18T22:16:45Z,2026-07-18 15:17:08
FanDuel,player_assists,Kelsey Mitchell,Under,2.5,116,2026-07-19,2026-07-18T22:16:45Z,2026-07-18 15:17:08
FanDuel,player_assists,Carla Leite,Over,5.5,-102,2026-07-19,2026-07-18T22:16:03Z,2026-07-18 15:17:08
FanDuel,player_assists,Carla Leite,Under,5.5,-130,2026-07-19,2026-07-18T22:16:03Z,2026-07-18 15:17:08
FanDuel,player_assists,Courtney Williams,Over,4.5,120,2026-07-19,2026-07-18T22:16:03Z,2026-07-18 15:17:08
FanDuel,player_assists,Courtney Williams,Under,4.5,-160,2026-07-19,2026-07-18T22:16:03Z,2026-07-18 15:17:08
FanDuel,player_assists,Olivia Miles,Over,5.5,-138,2026-07-19,2026-07-18T22:16:03Z,2026-07-18 15:17:08
FanDuel,player_assists,Olivia Miles,Under,5.5,104,2026-07-19,2026-07-18T22:16:03Z,2026-07-18 15:17:08
FanDuel,player_assists,Veronica Burton,Over,4.5,-138,2026-07-19,2026-07-18T22:16:16Z,2026-07-18 15:17:08
FanDuel,player_assists,Veronica Burton,Under,4.5,104,2026-07-19,2026-07-18T22:16:16Z,2026-07-18 15:17:08
FanDuel,player_assists,Sonia Citron,Over,2.5,-154,2026-07-19,2026-07-18T22:16:16Z,2026-07-18 15:17:08
FanDuel,player_assists,Sonia Citron,Under,2.5,116,2026-07-19,2026-07-18T22:16:16Z,2026-07-18 15:17:08
FanDuel,player_assists,Arike Ogunbowale,Over,2.5,130,2026-07-19,2026-07-18T22:16:39Z,2026-07-18 15:17:08
FanDuel,player_assists,Arike Ogunbowale,Under,2.5,-174,2026-07-19,2026-07-18T22:16:39Z,2026-07-18 15:17:08
FanDuel,player_assists,Rae Burrell,Over,2.5,-180,2026-07-19,2026-07-18T22:16:39Z,2026-07-18 15:17:08
FanDuel,player_assists,Rae Burrell,Under,2.5,134,2026-07-19,2026-07-18T22:16:39Z,2026-07-18 15:17:08
FanDuel,player_assists,Dearica Hamby,Over,2.5,104,2026-07-19,2026-07-18T22:16:39Z,2026-07-18 15:17:08
FanDuel,player_assists,Dearica Hamby,Under,2.5,-138,2026-07-19,2026-07-18T22:16:39Z,2026-07-18 15:17:08
FanDuel,player_assists,Paige Bueckers,Over,6.5,-114,2026-07-19,2026-07-18T22:16:39Z,2026-07-18 15:17:08
FanDuel,player_assists,Paige Bueckers,Under,6.5,-114,2026-07-19,2026-07-18T22:16:39Z,2026-07-18 15:17:08
FanDuel,player_assists,Nneka Ogwumike,Over,3.5,-112,2026-07-19,2026-07-18T22:16:39Z,2026-07-18 15:17:08
FanDuel,player_assists,Nneka Ogwumike,Under,3.5,-118,2026-07-19,2026-07-18T22:16:39Z,2026-07-18 15:17:08
FanDuel,player_assists,Jessica Shepard,Over,5.5,114,2026-07-19,2026-07-18T22:16:39Z,2026-07-18 15:17:08
FanDuel,player_assists,Jessica Shepard,Under,5.5,-152,2026-07-19,2026-07-18T22:16:39Z,2026-07-18 15:17:08
FanDuel,player_assists,Jordin Canada,Over,8.5,112,2026-07-19,2026-07-18T22:16:56Z,2026-07-18 15:17:08
FanDuel,player_assists,Jordin Canada,Under,8.5,-148,2026-07-19,2026-07-18T22:16:56Z,2026-07-18 15:17:08
FanDuel,player_assists,Azura Stevens,Over,2.5,116,2026-07-19,2026-07-18T22:16:56Z,2026-07-18 15:17:08
FanDuel,player_assists,Azura Stevens,Under,2.5,-158,2026-07-19,2026-07-18T22:16:56Z,2026-07-18 15:17:08
FanDuel,player_assists,Kamilla Cardoso,Over,2.5,110,2026-07-19,2026-07-18T22:16:56Z,2026-07-18 15:17:08
FanDuel,player_assists,Kamilla Cardoso,Under,2.5,-146,2026-07-19,2026-07-18T22:16:56Z,2026-07-18 15:17:08
FanDuel,player_assists,Natasha Cloud,Over,5.5,-136,2026-07-19,2026-07-18T22:16:56Z,2026-07-18 15:17:08
FanDuel,player_assists,Natasha Cloud,Under,5.5,102,2026-07-19,2026-07-18T22:16:56Z,2026-07-18 15:17:08
FanDuel,player_assists,Rhyne Howard,Over,3.5,-102,2026-07-19,2026-07-18T22:16:56Z,2026-07-18 15:17:08
FanDuel,player_assists,Rhyne Howard,Under,3.5,-130,2026-07-19,2026-07-18T22:16:56Z,2026-07-18 15:17:08
FanDuel,player_assists,Courtney Vandersloot,Over,3.5,-172,2026-07-19,2026-07-18T22:16:56Z,2026-07-18 15:17:08
FanDuel,player_assists,Courtney Vandersloot,Under,3.5,128,2026-07-19,2026-07-18T22:16:56Z,2026-07-18 15:17:08
FanDuel,player_assists,Alyssa Thomas,Over,7.5,-146,2026-07-19,2026-07-18T22:17:08Z,2026-07-18 15:17:08
FanDuel,player_assists,Alyssa Thomas,Under,7.5,110,2026-07-19,2026-07-18T22:17:08Z,2026-07-18 15:17:08
DraftKings,player_assists,Caitlin Clark,Over,8.5,112,2026-07-19,2026-07-18T22:16:35Z,2026-07-18 15:17:08
DraftKings,player_assists,Caitlin Clark,Under,8.5,-153,2026-07-19,2026-07-18T22:16:35Z,2026-07-18 15:17:08
DraftKings,player_assists,Sabrina Ionescu,Over,5.5,107,2026-07-19,2026-07-18T22:16:35Z,2026-07-18 15:17:08
DraftKings,player_assists,Sabrina Ionescu,Under,5.5,-145,2026-07-19,2026-07-18T22:16:35Z,2026-07-18 15:17:08
DraftKings,player_assists,Breanna Stewart,Over,3.5,133,2026-07-19,2026-07-18T22:16:35Z,2026-07-18 15:17:08
DraftKings,player_assists,Breanna Stewart,Under,3.5,-183,2026-07-19,2026-07-18T22:16:35Z,2026-07-18 15:17:08
DraftKings,player_assists,Kelsey Mitchell,Over,2.5,-149,2026-07-19,2026-07-18T22:16:35Z,2026-07-18 15:17:08
DraftKings,player_assists,Kelsey Mitchell,Under,2.5,110,2026-07-19,2026-07-18T22:16:35Z,2026-07-18 15:17:08
DraftKings,player_assists,Aliyah Boston,Over,2.5,102,2026-07-19,2026-07-18T22:16:35Z,2026-07-18 15:17:08
DraftKings,player_assists,Aliyah Boston,Under,2.5,-138,2026-07-19,2026-07-18T22:16:35Z,2026-07-18 15:17:08
DraftKings,player_assists,Olivia Miles,Over,5.5,-145,2026-07-19,2026-07-18T22:17:03Z,2026-07-18 15:17:08
DraftKings,player_assists,Olivia Miles,Under,5.5,107,2026-07-19,2026-07-18T22:17:03Z,2026-07-18 15:17:08
DraftKings,player_assists,Carla Leite,Over,5.5,108,2026-07-19,2026-07-18T22:17:03Z,2026-07-18 15:17:08
DraftKings,player_assists,Carla Leite,Under,5.5,-146,2026-07-19,2026-07-18T22:17:03Z,2026-07-18 15:17:08
DraftKings,player_assists,Courtney Williams,Over,3.5,-168,2026-07-19,2026-07-18T22:17:03Z,2026-07-18 15:17:08
DraftKings,player_assists,Courtney Williams,Under,3.5,123,2026-07-19,2026-07-18T22:17:03Z,2026-07-18 15:17:08
DraftKings,player_assists,Natasha Howard,Over,2.5,-132,2026-07-19,2026-07-18T22:17:03Z,2026-07-18 15:17:08
DraftKings,player_assists,Natasha Howard,Under,2.5,-103,2026-07-19,2026-07-18T22:17:03Z,2026-07-18 15:17:08
DraftKings,player_assists,Emily Engstler,Over,2.5,104,2026-07-19,2026-07-18T22:17:03Z,2026-07-18 15:17:08
DraftKings,player_assists,Emily Engstler,Under,2.5,-142,2026-07-19,2026-07-18T22:17:03Z,2026-07-18 15:17:08
DraftKings,player_assists,Bridget Carleton,Over,2.5,113,2026-07-19,2026-07-18T22:17:03Z,2026-07-18 15:17:08
DraftKings,player_assists,Bridget Carleton,Under,2.5,-153,2026-07-19,2026-07-18T22:17:03Z,2026-07-18 15:17:08
DraftKings,player_assists,Sarah Ashlee Barker,Over,2.5,128,2026-07-19,2026-07-18T22:17:03Z,2026-07-18 15:17:08
DraftKings,player_assists,Sarah Ashlee Barker,Under,2.5,-175,2026-07-19,2026-07-18T22:17:03Z,2026-07-18 15:17:08
DraftKings,player_assists,Kayla McBride,Over,2.5,137,2026-07-19,2026-07-18T22:17:03Z,2026-07-18 15:17:08
DraftKings,player_assists,Kayla McBride,Under,2.5,-187,2026-07-19,2026-07-18T22:17:03Z,2026-07-18 15:17:08
DraftKings,player_assists,Veronica Burton,Over,4.5,-131,2026-07-19,2026-07-18T22:16:46Z,2026-07-18 15:17:08
DraftKings,player_assists,Veronica Burton,Under,4.5,-104,2026-07-19,2026-07-18T22:16:46Z,2026-07-18 15:17:08
DraftKings,player_assists,Georgia Amoore,Over,3.5,128,2026-07-19,2026-07-18T22:16:46Z,2026-07-18 15:17:08
DraftKings,player_assists,Georgia Amoore,Under,3.5,-175,2026-07-19,2026-07-18T22:16:46Z,2026-07-18 15:17:08
DraftKings,player_assists,Sonia Citron,Over,2.5,-170,2026-07-19,2026-07-18T22:16:46Z,2026-07-18 15:17:08
DraftKings,player_assists,Sonia Citron,Under,2.5,124,2026-07-19,2026-07-18T22:16:46Z,2026-07-18 15:17:08
DraftKings,player_assists,Shakira Austin,Over,2.5,-132,2026-07-19,2026-07-18T22:16:46Z,2026-07-18 15:17:08
DraftKings,player_assists,Shakira Austin,Under,2.5,-103,2026-07-19,2026-07-18T22:16:46Z,2026-07-18 15:17:08
DraftKings,player_assists,Gabby Williams,Over,2.5,124,2026-07-19,2026-07-18T22:16:46Z,2026-07-18 15:17:08
DraftKings,player_assists,Gabby Williams,Under,2.5,-169,2026-07-19,2026-07-18T22:16:46Z,2026-07-18 15:17:08
DraftKings,player_assists,Paige Bueckers,Over,6.5,-114,2026-07-19,2026-07-18T22:17:05Z,2026-07-18 15:17:08
DraftKings,player_assists,Paige Bueckers,Under,6.5,-119,2026-07-19,2026-07-18T22:17:05Z,2026-07-18 15:17:08
DraftKings,player_assists,Jessica Shepard,Over,5.5,101,2026-07-19,2026-07-18T22:17:05Z,2026-07-18 15:17:08
DraftKings,player_assists,Jessica Shepard,Under,5.5,-137,2026-07-19,2026-07-18T22:17:05Z,2026-07-18 15:17:08
DraftKings,player_assists,Nneka Ogwumike,Over,3.5,-111,2026-07-19,2026-07-18T22:17:05Z,2026-07-18 15:17:08
DraftKings,player_assists,Nneka Ogwumike,Under,3.5,-122,2026-07-19,2026-07-18T22:17:05Z,2026-07-18 15:17:08
DraftKings,player_assists,Rae Burrell,Over,3.5,121,2026-07-19,2026-07-18T22:17:05Z,2026-07-18 15:17:08
DraftKings,player_assists,Rae Burrell,Under,3.5,-165,2026-07-19,2026-07-18T22:17:05Z,2026-07-18 15:17:08
DraftKings,player_assists,Dearica Hamby,Over,2.5,-104,2026-07-19,2026-07-18T22:17:05Z,2026-07-18 15:17:08
DraftKings,player_assists,Dearica Hamby,Under,2.5,-130,2026-07-19,2026-07-18T22:17:05Z,2026-07-18 15:17:08
DraftKings,player_assists,Arike Ogunbowale,Over,2.5,110,2026-07-19,2026-07-18T22:17:05Z,2026-07-18 15:17:08
DraftKings,player_assists,Arike Ogunbowale,Under,2.5,-149,2026-07-19,2026-07-18T22:17:05Z,2026-07-18 15:17:08
DraftKings,player_assists,Jordin Canada,Over,7.5,-138,2026-07-19,2026-07-18T22:17:21Z,2026-07-18 15:17:08
DraftKings,player_assists,Jordin Canada,Under,7.5,101,2026-07-19,2026-07-18T22:17:21Z,2026-07-18 15:17:08
DraftKings,player_assists,Natasha Cloud,Over,5.5,-138,2026-07-19,2026-07-18T22:17:21Z,2026-07-18 15:17:08
DraftKings,player_assists,Natasha Cloud,Under,5.5,102,2026-07-19,2026-07-18T22:17:21Z,2026-07-18 15:17:08
DraftKings,player_assists,Courtney Vandersloot,Over,3.5,-171,2026-07-19,2026-07-18T22:17:21Z,2026-07-18 15:17:08
DraftKings,player_assists,Courtney Vandersloot,Under,3.5,125,2026-07-19,2026-07-18T22:17:21Z,2026-07-18 15:17:08
DraftKings,player_assists,Rhyne Howard,Over,3.5,107,2026-07-19,2026-07-18T22:17:21Z,2026-07-18 15:17:08
DraftKings,player_assists,Rhyne Howard,Under,3.5,-145,2026-07-19,2026-07-18T22:17:21Z,2026-07-18 15:17:08
DraftKings,player_assists,Azura Stevens,Over,2.5,106,2026-07-19,2026-07-18T22:17:21Z,2026-07-18 15:17:08
DraftKings,player_assists,Azura Stevens,Under,2.5,-144,2026-07-19,2026-07-18T22:17:21Z,2026-07-18 15:17:08
DraftKings,player_assists,Kamilla Cardoso,Over,2.5,114,2026-07-19,2026-07-18T22:17:21Z,2026-07-18 15:17:08
DraftKings,player_assists,Kamilla Cardoso,Under,2.5,-155,2026-07-19,2026-07-18T22:17:21Z,2026-07-18 15:17:08
DraftKings,player_assists,Alyssa Thomas,Over,7.5,-144,2026-07-19,2026-07-18T22:17:19Z,2026-07-18 15:17:08
DraftKings,player_assists,Alyssa Thomas,Under,7.5,106,2026-07-19,2026-07-18T22:17:19Z,2026-07-18 15:17:08
DraftKings,player_assists,Monique Akoa Makani,Over,2.5,-183,2026-07-19,2026-07-18T22:17:19Z,2026-07-18 15:17:08
DraftKings,player_assists,Monique Akoa Makani,Under,2.5,133,2026-07-19,2026-07-18T22:17:19Z,2026-07-18 15:17:08
BetRivers,player_assists,Jonquel Jones,Over,2.5,-115,2026-07-19,2026-07-18T22:16:37Z,2026-07-18 15:17:08
BetRivers,player_assists,Sabrina Ionescu,Over,5.5,-106,2026-07-19,2026-07-18T22:16:37Z,2026-07-18 15:17:08
BetRivers,player_assists,Caitlin Clark,Over,8.5,107,2026-07-19,2026-07-18T22:16:37Z,2026-07-18 15:17:08
BetRivers,player_assists,Breanna Stewart,Over,2.5,-175,2026-07-19,2026-07-18T22:16:37Z,2026-07-18 15:17:08
BetRivers,player_assists,Kelsey Mitchell,Over,2.5,-175,2026-07-19,2026-07-18T22:16:37Z,2026-07-18 15:17:08
BetRivers,player_assists,Aliyah Boston,Over,2.5,100,2026-07-19,2026-07-18T22:16:37Z,2026-07-18 15:17:08
BetRivers,player_assists,Olivia Miles,Over,5.5,-175,2026-07-19,2026-07-18T22:16:57Z,2026-07-18 15:17:08
BetRivers,player_assists,Sarah Ashlee Barker,Over,2.5,133,2026-07-19,2026-07-18T22:16:57Z,2026-07-18 15:17:08
BetRivers,player_assists,Kayla McBride,Over,2.5,135,2026-07-19,2026-07-18T22:16:57Z,2026-07-18 15:17:08
BetRivers,player_assists,Nia Coffey,Over,2.5,145,2026-07-19,2026-07-18T22:16:57Z,2026-07-18 15:17:08
BetRivers,player_assists,Natasha Howard,Over,2.5,102,2026-07-19,2026-07-18T22:16:57Z,2026-07-18 15:17:08
BetRivers,player_assists,Carla Leite,Over,5.5,-122,2026-07-19,2026-07-18T22:16:57Z,2026-07-18 15:17:08
BetRivers,player_assists,Emily Engstler,Over,2.5,-108,2026-07-19,2026-07-18T22:16:57Z,2026-07-18 15:17:08
BetRivers,player_assists,Bridget Carleton,Over,2.5,-114,2026-07-19,2026-07-18T22:16:57Z,2026-07-18 15:17:08
BetRivers,player_assists,Courtney Williams,Over,4.5,110,2026-07-19,2026-07-18T22:16:57Z,2026-07-18 15:17:08
BetRivers,player_assists,Sonia Citron,Over,2.5,-137,2026-07-19,2026-07-18T22:16:20Z,2026-07-18 15:17:08
BetRivers,player_assists,Kiki Iriafen,Over,1.5,-165,2026-07-19,2026-07-18T22:16:20Z,2026-07-18 15:17:08
BetRivers,player_assists,Veronica Burton,Over,4.5,-165,2026-07-19,2026-07-18T22:16:20Z,2026-07-18 15:17:08
BetRivers,player_assists,Georgia Amoore,Over,3.5,112,2026-07-19,2026-07-18T22:16:20Z,2026-07-18 15:17:08
BetRivers,player_assists,Gabby Williams,Over,2.5,145,2026-07-19,2026-07-18T22:16:20Z,2026-07-18 15:17:08
BetRivers,player_assists,Shakira Austin,Over,2.5,-155,2026-07-19,2026-07-18T22:16:20Z,2026-07-18 15:17:08
Pinnacle,player_assists,Caitlin Clark,Over,8.5,119,2026-07-19,2026-07-18T22:16:40Z,2026-07-18 15:17:08
Pinnacle,player_assists,Caitlin Clark,Under,8.5,-148,2026-07-19,2026-07-18T22:16:40Z,2026-07-18 15:17:08
Pinnacle,player_assists,Kelsey Mitchell,Over,2.5,-178,2026-07-19,2026-07-18T22:16:40Z,2026-07-18 15:17:08
Pinnacle,player_assists,Kelsey Mitchell,Under,2.5,140,2026-07-19,2026-07-18T22:16:40Z,2026-07-18 15:17:08
Pinnacle,player_assists,Sabrina Ionescu,Over,5.5,115,2026-07-19,2026-07-18T22:16:40Z,2026-07-18 15:17:08
Pinnacle,player_assists,Sabrina Ionescu,Under,5.5,-153,2026-07-19,2026-07-18T22:16:40Z,2026-07-18 15:17:08
Pinnacle,player_assists,Carla Leite,Over,5.5,113,2026-07-19,2026-07-18T22:16:20Z,2026-07-18 15:17:08
Pinnacle,player_assists,Carla Leite,Under,5.5,-140,2026-07-19,2026-07-18T22:16:20Z,2026-07-18 15:17:08
Pinnacle,player_assists,Courtney Williams,Over,4.5,114,2026-07-19,2026-07-18T22:16:20Z,2026-07-18 15:17:08
Pinnacle,player_assists,Courtney Williams,Under,4.5,-152,2026-07-19,2026-07-18T22:16:20Z,2026-07-18 15:17:08
Pinnacle,player_assists,Kayla McBride,Over,2.5,133,2026-07-19,2026-07-18T22:16:20Z,2026-07-18 15:17:08
Pinnacle,player_assists,Kayla McBride,Under,2.5,-167,2026-07-19,2026-07-18T22:16:20Z,2026-07-18 15:17:08
Pinnacle,player_assists,Olivia Miles,Over,5.5,-136,2026-07-19,2026-07-18T22:16:20Z,2026-07-18 15:17:08
Pinnacle,player_assists,Olivia Miles,Under,5.5,103,2026-07-19,2026-07-18T22:16:20Z,2026-07-18 15:17:08
Pinnacle,player_assists,Georgia Amoore,Over,3.5,139,2026-07-19,2026-07-18T22:16:20Z,2026-07-18 15:17:08
Pinnacle,player_assists,Georgia Amoore,Under,3.5,-176,2026-07-19,2026-07-18T22:16:20Z,2026-07-18 15:17:08
Pinnacle,player_assists,Veronica Burton,Over,4.5,-138,2026-07-19,2026-07-18T22:16:20Z,2026-07-18 15:17:08
Pinnacle,player_assists,Veronica Burton,Under,4.5,112,2026-07-19,2026-07-18T22:16:20Z,2026-07-18 15:17:08
FanDuel,player_threes,Aliyah Boston,Over,1.5,136,2026-07-19,2026-07-18T22:16:45Z,2026-07-18 15:17:08
FanDuel,player_threes,Aliyah Boston,Under,1.5,-182,2026-07-19,2026-07-18T22:16:45Z,2026-07-18 15:17:08
FanDuel,player_threes,Sabrina Ionescu,Over,2.5,140,2026-07-19,2026-07-18T22:16:45Z,2026-07-18 15:17:08
FanDuel,player_threes,Sabrina Ionescu,Under,2.5,-188,2026-07-19,2026-07-18T22:16:45Z,2026-07-18 15:17:08
FanDuel,player_threes,Caitlin Clark,Over,2.5,146,2026-07-19,2026-07-18T22:16:45Z,2026-07-18 15:17:08
FanDuel,player_threes,Caitlin Clark,Under,2.5,-198,2026-07-19,2026-07-18T22:16:45Z,2026-07-18 15:17:08
FanDuel,player_threes,Marine Johannes,Over,1.5,-130,2026-07-19,2026-07-18T22:16:45Z,2026-07-18 15:17:08
FanDuel,player_threes,Marine Johannes,Under,1.5,-102,2026-07-19,2026-07-18T22:16:45Z,2026-07-18 15:17:08
FanDuel,player_threes,Sophie Cunningham,Over,1.5,-152,2026-07-19,2026-07-18T22:16:45Z,2026-07-18 15:17:08
FanDuel,player_threes,Sophie Cunningham,Under,1.5,114,2026-07-19,2026-07-18T22:16:45Z,2026-07-18 15:17:08
FanDuel,player_threes,Jonquel Jones,Over,1.5,-114,2026-07-19,2026-07-18T22:16:45Z,2026-07-18 15:17:08
FanDuel,player_threes,Jonquel Jones,Under,1.5,-114,2026-07-19,2026-07-18T22:16:45Z,2026-07-18 15:17:08
FanDuel,player_threes,Kelsey Mitchell,Over,2.5,-114,2026-07-19,2026-07-18T22:16:45Z,2026-07-18 15:17:08
FanDuel,player_threes,Kelsey Mitchell,Under,2.5,-114,2026-07-19,2026-07-18T22:16:45Z,2026-07-18 15:17:08
FanDuel,player_threes,Bridget Carleton,Over,2.5,124,2026-07-19,2026-07-18T22:16:03Z,2026-07-18 15:17:08
FanDuel,player_threes,Bridget Carleton,Under,2.5,-166,2026-07-19,2026-07-18T22:16:03Z,2026-07-18 15:17:08
FanDuel,player_threes,Kayla McBride,Over,2.5,-114,2026-07-19,2026-07-18T22:16:03Z,2026-07-18 15:17:08
FanDuel,player_threes,Kayla McBride,Under,2.5,-114,2026-07-19,2026-07-18T22:16:03Z,2026-07-18 15:17:08
FanDuel,player_threes,Sarah Ashlee Barker,Over,1.5,194,2026-07-19,2026-07-18T22:16:03Z,2026-07-18 15:17:08
FanDuel,player_threes,Sarah Ashlee Barker,Under,1.5,-270,2026-07-19,2026-07-18T22:16:03Z,2026-07-18 15:17:08
FanDuel,player_threes,Olivia Miles,Over,1.5,194,2026-07-19,2026-07-18T22:16:03Z,2026-07-18 15:17:08
FanDuel,player_threes,Olivia Miles,Under,1.5,-270,2026-07-19,2026-07-18T22:16:03Z,2026-07-18 15:17:08
FanDuel,player_threes,Courtney Williams,Over,1.5,138,2026-07-19,2026-07-18T22:16:03Z,2026-07-18 15:17:08
FanDuel,player_threes,Courtney Williams,Under,1.5,-186,2026-07-19,2026-07-18T22:16:03Z,2026-07-18 15:17:08
FanDuel,player_threes,Nia Coffey,Over,1.5,140,2026-07-19,2026-07-18T22:16:03Z,2026-07-18 15:17:08
FanDuel,player_threes,Nia Coffey,Under,1.5,-188,2026-07-19,2026-07-18T22:16:03Z,2026-07-18 15:17:08
FanDuel,player_threes,Gabby Williams,Over,1.5,116,2026-07-19,2026-07-18T22:16:16Z,2026-07-18 15:17:08
FanDuel,player_threes,Gabby Williams,Under,1.5,-158,2026-07-19,2026-07-18T22:16:16Z,2026-07-18 15:17:08
FanDuel,player_threes,Janelle Salaun,Over,2.5,140,2026-07-19,2026-07-18T22:16:16Z,2026-07-18 15:17:08
FanDuel,player_threes,Janelle Salaun,Under,2.5,-188,2026-07-19,2026-07-18T22:16:16Z,2026-07-18 15:17:08
FanDuel,player_threes,Michaela Onyenwere,Over,1.5,182,2026-07-19,2026-07-18T22:16:16Z,2026-07-18 15:17:08
FanDuel,player_threes,Michaela Onyenwere,Under,1.5,-250,2026-07-19,2026-07-18T22:16:16Z,2026-07-18 15:17:08
FanDuel,player_threes,Kayla Thornton,Over,1.5,162,2026-07-19,2026-07-18T22:16:16Z,2026-07-18 15:17:08
FanDuel,player_threes,Kayla Thornton,Under,1.5,-220,2026-07-19,2026-07-18T22:16:16Z,2026-07-18 15:17:08
FanDuel,player_threes,Sonia Citron,Over,1.5,168,2026-07-19,2026-07-18T22:16:16Z,2026-07-18 15:17:08
FanDuel,player_threes,Sonia Citron,Under,1.5,-230,2026-07-19,2026-07-18T22:16:16Z,2026-07-18 15:17:08
FanDuel,player_threes,Nneka Ogwumike,Over,1.5,108,2026-07-19,2026-07-18T22:16:39Z,2026-07-18 15:17:08
FanDuel,player_threes,Nneka Ogwumike,Under,1.5,-144,2026-07-19,2026-07-18T22:16:39Z,2026-07-18 15:17:08
FanDuel,player_threes,Paige Bueckers,Over,1.5,128,2026-07-19,2026-07-18T22:16:39Z,2026-07-18 15:17:08
FanDuel,player_threes,Paige Bueckers,Under,1.5,-172,2026-07-19,2026-07-18T22:16:39Z,2026-07-18 15:17:08
FanDuel,player_threes,Azzi Fudd,Over,2.5,154,2026-07-19,2026-07-18T22:16:39Z,2026-07-18 15:17:08
FanDuel,player_threes,Azzi Fudd,Under,2.5,-210,2026-07-19,2026-07-18T22:16:39Z,2026-07-18 15:17:08
FanDuel,player_threes,Arike Ogunbowale,Over,1.5,-122,2026-07-19,2026-07-18T22:16:39Z,2026-07-18 15:17:08
FanDuel,player_threes,Arike Ogunbowale,Under,1.5,-108,2026-07-19,2026-07-18T22:16:39Z,2026-07-18 15:17:08
FanDuel,player_threes,Rae Burrell,Over,1.5,100,2026-07-19,2026-07-18T22:16:39Z,2026-07-18 15:17:08
FanDuel,player_threes,Rae Burrell,Under,1.5,-132,2026-07-19,2026-07-18T22:16:39Z,2026-07-18 15:17:08
FanDuel,player_threes,Natasha Cloud,Over,1.5,110,2026-07-19,2026-07-18T22:16:56Z,2026-07-18 15:17:08
FanDuel,player_threes,Natasha Cloud,Under,1.5,-146,2026-07-19,2026-07-18T22:16:56Z,2026-07-18 15:17:08
FanDuel,player_threes,Allisha Gray,Over,1.5,-166,2026-07-19,2026-07-18T22:16:56Z,2026-07-18 15:17:08
FanDuel,player_threes,Allisha Gray,Under,1.5,124,2026-07-19,2026-07-18T22:16:56Z,2026-07-18 15:17:08
FanDuel,player_threes,Rhyne Howard,Over,3.5,140,2026-07-19,2026-07-18T22:16:56Z,2026-07-18 15:17:08
FanDuel,player_threes,Rhyne Howard,Under,3.5,-188,2026-07-19,2026-07-18T22:16:56Z,2026-07-18 15:17:08
FanDuel,player_threes,Naz Hillmon,Over,1.5,134,2026-07-19,2026-07-18T22:16:56Z,2026-07-18 15:17:08
FanDuel,player_threes,Naz Hillmon,Under,1.5,-180,2026-07-19,2026-07-18T22:16:56Z,2026-07-18 15:17:08
FanDuel,player_threes,Sydney Taylor,Over,1.5,-198,2026-07-19,2026-07-18T22:16:56Z,2026-07-18 15:17:08
FanDuel,player_threes,Sydney Taylor,Under,1.5,146,2026-07-19,2026-07-18T22:16:56Z,2026-07-18 15:17:08
FanDuel,player_threes,Azura Stevens,Over,1.5,118,2026-07-19,2026-07-18T22:16:56Z,2026-07-18 15:17:08
FanDuel,player_threes,Azura Stevens,Under,1.5,-158,2026-07-19,2026-07-18T22:16:56Z,2026-07-18 15:17:08
FanDuel,player_threes,DeWanna Bonner,Over,1.5,102,2026-07-19,2026-07-18T22:17:08Z,2026-07-18 15:17:08
FanDuel,player_threes,DeWanna Bonner,Under,1.5,-136,2026-07-19,2026-07-18T22:17:08Z,2026-07-18 15:17:08
FanDuel,player_threes,Kahleah Copper,Over,2.5,148,2026-07-19,2026-07-18T22:17:08Z,2026-07-18 15:17:08
FanDuel,player_threes,Kahleah Copper,Under,2.5,-200,2026-07-19,2026-07-18T22:17:08Z,2026-07-18 15:17:08
DraftKings,player_threes,Kelsey Mitchell,Over,2.5,-115,2026-07-19,2026-07-18T22:16:35Z,2026-07-18 15:17:08
DraftKings,player_threes,Kelsey Mitchell,Under,2.5,-118,2026-07-19,2026-07-18T22:16:35Z,2026-07-18 15:17:08
DraftKings,player_threes,Sabrina Ionescu,Over,2.5,117,2026-07-19,2026-07-18T22:16:35Z,2026-07-18 15:17:08
DraftKings,player_threes,Sabrina Ionescu,Under,2.5,-159,2026-07-19,2026-07-18T22:16:35Z,2026-07-18 15:17:08
DraftKings,player_threes,Caitlin Clark,Over,2.5,121,2026-07-19,2026-07-18T22:16:35Z,2026-07-18 15:17:08
DraftKings,player_threes,Caitlin Clark,Under,2.5,-165,2026-07-19,2026-07-18T22:16:35Z,2026-07-18 15:17:08
DraftKings,player_threes,Marine Johannes,Over,1.5,-132,2026-07-19,2026-07-18T22:16:35Z,2026-07-18 15:17:08
DraftKings,player_threes,Marine Johannes,Under,1.5,-103,2026-07-19,2026-07-18T22:16:35Z,2026-07-18 15:17:08
DraftKings,player_threes,Jonquel Jones,Over,1.5,-107,2026-07-19,2026-07-18T22:16:35Z,2026-07-18 15:17:08
DraftKings,player_threes,Jonquel Jones,Under,1.5,-126,2026-07-19,2026-07-18T22:16:35Z,2026-07-18 15:17:08
DraftKings,player_threes,Aliyah Boston,Over,1.5,137,2026-07-19,2026-07-18T22:16:35Z,2026-07-18 15:17:08
DraftKings,player_threes,Aliyah Boston,Under,1.5,-187,2026-07-19,2026-07-18T22:16:35Z,2026-07-18 15:17:08
DraftKings,player_threes,Kayla McBride,Over,2.5,-128,2026-07-19,2026-07-18T22:17:03Z,2026-07-18 15:17:08
DraftKings,player_threes,Kayla McBride,Under,2.5,-106,2026-07-19,2026-07-18T22:17:03Z,2026-07-18 15:17:08
DraftKings,player_threes,Bridget Carleton,Over,2.5,131,2026-07-19,2026-07-18T22:17:03Z,2026-07-18 15:17:08
DraftKings,player_threes,Bridget Carleton,Under,2.5,-179,2026-07-19,2026-07-18T22:17:03Z,2026-07-18 15:17:08
DraftKings,player_threes,Courtney Williams,Over,1.5,124,2026-07-19,2026-07-18T22:17:03Z,2026-07-18 15:17:08
DraftKings,player_threes,Courtney Williams,Under,1.5,-169,2026-07-19,2026-07-18T22:17:03Z,2026-07-18 15:17:08
DraftKings,player_threes,Nia Coffey,Over,1.5,135,2026-07-19,2026-07-18T22:17:03Z,2026-07-18 15:17:08
DraftKings,player_threes,Nia Coffey,Under,1.5,-185,2026-07-19,2026-07-18T22:17:03Z,2026-07-18 15:17:08
DraftKings,player_threes,Sarah Ashlee Barker,Over,0.5,-236,2026-07-19,2026-07-18T22:17:03Z,2026-07-18 15:17:08
DraftKings,player_threes,Sarah Ashlee Barker,Under,0.5,171,2026-07-19,2026-07-18T22:17:03Z,2026-07-18 15:17:08
DraftKings,player_threes,Olivia Miles,Over,0.5,-235,2026-07-19,2026-07-18T22:17:03Z,2026-07-18 15:17:08
DraftKings,player_threes,Olivia Miles,Under,0.5,170,2026-07-19,2026-07-18T22:17:03Z,2026-07-18 15:17:08
DraftKings,player_threes,Janelle Salaun,Over,2.5,139,2026-07-19,2026-07-18T22:16:46Z,2026-07-18 15:17:08
DraftKings,player_threes,Janelle Salaun,Under,2.5,-191,2026-07-19,2026-07-18T22:16:46Z,2026-07-18 15:17:08
DraftKings,player_threes,Gabby Williams,Over,1.5,-102,2026-07-19,2026-07-18T22:16:46Z,2026-07-18 15:17:08
DraftKings,player_threes,Gabby Williams,Under,1.5,-133,2026-07-19,2026-07-18T22:16:46Z,2026-07-18 15:17:08
DraftKings,player_threes,Sonia Citron,Over,1.5,155,2026-07-19,2026-07-18T22:16:46Z,2026-07-18 15:17:08
DraftKings,player_threes,Sonia Citron,Under,1.5,-213,2026-07-19,2026-07-18T22:16:46Z,2026-07-18 15:17:08
DraftKings,player_threes,Kayla Thornton,Over,1.5,166,2026-07-19,2026-07-18T22:16:46Z,2026-07-18 15:17:08
DraftKings,player_threes,Kayla Thornton,Under,1.5,-229,2026-07-19,2026-07-18T22:16:46Z,2026-07-18 15:17:08
DraftKings,player_threes,Michaela Onyenwere,Over,0.5,-229,2026-07-19,2026-07-18T22:16:46Z,2026-07-18 15:17:08
DraftKings,player_threes,Michaela Onyenwere,Under,0.5,165,2026-07-19,2026-07-18T22:16:46Z,2026-07-18 15:17:08
DraftKings,player_threes,Georgia Amoore,Over,0.5,-196,2026-07-19,2026-07-18T22:16:46Z,2026-07-18 15:17:08
DraftKings,player_threes,Georgia Amoore,Under,0.5,143,2026-07-19,2026-07-18T22:16:46Z,2026-07-18 15:17:08
DraftKings,player_threes,Azzi Fudd,Over,1.5,-197,2026-07-19,2026-07-18T22:16:24Z,2026-07-18 15:17:08
DraftKings,player_threes,Azzi Fudd,Under,1.5,144,2026-07-19,2026-07-18T22:16:24Z,2026-07-18 15:17:08
DraftKings,player_threes,Arike Ogunbowale,Over,1.5,-131,2026-07-19,2026-07-18T22:16:24Z,2026-07-18 15:17:08
DraftKings,player_threes,Arike Ogunbowale,Under,1.5,-104,2026-07-19,2026-07-18T22:16:24Z,2026-07-18 15:17:08
DraftKings,player_threes,Nneka Ogwumike,Over,1.5,102,2026-07-19,2026-07-18T22:16:24Z,2026-07-18 15:17:08
DraftKings,player_threes,Nneka Ogwumike,Under,1.5,-139,2026-07-19,2026-07-18T22:16:24Z,2026-07-18 15:17:08
DraftKings,player_threes,Rae Burrell,Over,1.5,102,2026-07-19,2026-07-18T22:16:24Z,2026-07-18 15:17:08
DraftKings,player_threes,Rae Burrell,Under,1.5,-138,2026-07-19,2026-07-18T22:16:24Z,2026-07-18 15:17:08
DraftKings,player_threes,Paige Bueckers,Over,1.5,125,2026-07-19,2026-07-18T22:16:24Z,2026-07-18 15:17:08
DraftKings,player_threes,Paige Bueckers,Under,1.5,-171,2026-07-19,2026-07-18T22:16:24Z,2026-07-18 15:17:08
DraftKings,player_threes,Rhyne Howard,Over,3.5,112,2026-07-19,2026-07-18T22:17:21Z,2026-07-18 15:17:08
DraftKings,player_threes,Rhyne Howard,Under,3.5,-152,2026-07-19,2026-07-18T22:17:21Z,2026-07-18 15:17:08
DraftKings,player_threes,Sydney Taylor,Over,1.5,-182,2026-07-19,2026-07-18T22:17:21Z,2026-07-18 15:17:08
DraftKings,player_threes,Sydney Taylor,Under,1.5,133,2026-07-19,2026-07-18T22:17:21Z,2026-07-18 15:17:08
DraftKings,player_threes,Allisha Gray,Over,1.5,-162,2026-07-19,2026-07-18T22:17:21Z,2026-07-18 15:17:08
DraftKings,player_threes,Allisha Gray,Under,1.5,119,2026-07-19,2026-07-18T22:17:21Z,2026-07-18 15:17:08
DraftKings,player_threes,Natasha Cloud,Over,1.5,102,2026-07-19,2026-07-18T22:17:21Z,2026-07-18 15:17:08
DraftKings,player_threes,Natasha Cloud,Under,1.5,-139,2026-07-19,2026-07-18T22:17:21Z,2026-07-18 15:17:08
DraftKings,player_threes,Azura Stevens,Over,1.5,116,2026-07-19,2026-07-18T22:17:21Z,2026-07-18 15:17:08
DraftKings,player_threes,Azura Stevens,Under,1.5,-158,2026-07-19,2026-07-18T22:17:21Z,2026-07-18 15:17:08
DraftKings,player_threes,Naz Hillmon,Over,1.5,128,2026-07-19,2026-07-18T22:17:21Z,2026-07-18 15:17:08
DraftKings,player_threes,Naz Hillmon,Under,1.5,-176,2026-07-19,2026-07-18T22:17:21Z,2026-07-18 15:17:08
DraftKings,player_threes,Kahleah Copper,Over,2.5,142,2026-07-19,2026-07-18T22:17:19Z,2026-07-18 15:17:08
DraftKings,player_threes,Kahleah Copper,Under,2.5,-194,2026-07-19,2026-07-18T22:17:19Z,2026-07-18 15:17:08
DraftKings,player_threes,DeWanna Bonner,Over,1.5,129,2026-07-19,2026-07-18T22:17:19Z,2026-07-18 15:17:08
DraftKings,player_threes,DeWanna Bonner,Under,1.5,-176,2026-07-19,2026-07-18T22:17:19Z,2026-07-18 15:17:08
BetRivers,player_threes,Breanna Stewart,Over,0.5,-159,2026-07-19,2026-07-18T22:16:37Z,2026-07-18 15:17:08
BetRivers,player_threes,Jonquel Jones,Over,1.5,-106,2026-07-19,2026-07-18T22:16:37Z,2026-07-18 15:17:08
BetRivers,player_threes,Sabrina Ionescu,Over,2.5,-104,2026-07-19,2026-07-18T22:16:37Z,2026-07-18 15:17:08
BetRivers,player_threes,Kelsey Mitchell,Over,2.5,-122,2026-07-19,2026-07-18T22:16:37Z,2026-07-18 15:17:08
BetRivers,player_threes,Aliyah Boston,Over,1.5,117,2026-07-19,2026-07-18T22:16:37Z,2026-07-18 15:17:08
BetRivers,player_threes,Caitlin Clark,Over,2.5,133,2026-07-19,2026-07-18T22:16:37Z,2026-07-18 15:17:08
BetRivers,player_threes,Breanna Stewart,Over,0.5,-159,2026-07-19,2026-07-18T22:16:37Z,2026-07-18 15:17:08
BetRivers,player_threes,Jonquel Jones,Over,1.5,-106,2026-07-19,2026-07-18T22:16:37Z,2026-07-18 15:17:08
BetRivers,player_threes,Sabrina Ionescu,Over,2.5,-104,2026-07-19,2026-07-18T22:16:37Z,2026-07-18 15:17:08
BetRivers,player_threes,Kelsey Mitchell,Over,2.5,-122,2026-07-19,2026-07-18T22:16:37Z,2026-07-18 15:17:08
BetRivers,player_threes,Aliyah Boston,Over,1.5,117,2026-07-19,2026-07-18T22:16:37Z,2026-07-18 15:17:08
BetRivers,player_threes,Caitlin Clark,Over,2.5,133,2026-07-19,2026-07-18T22:16:37Z,2026-07-18 15:17:08
BetRivers,player_threes,Olivia Miles,Over,1.5,145,2026-07-19,2026-07-18T22:16:57Z,2026-07-18 15:17:08
BetRivers,player_threes,Bridget Carleton,Over,2.5,123,2026-07-19,2026-07-18T22:16:57Z,2026-07-18 15:17:08
BetRivers,player_threes,Kayla McBride,Over,2.5,-143,2026-07-19,2026-07-18T22:16:57Z,2026-07-18 15:17:08
BetRivers,player_threes,Courtney Williams,Over,1.5,143,2026-07-19,2026-07-18T22:16:57Z,2026-07-18 15:17:08
BetRivers,player_threes,Sarah Ashlee Barker,Over,0.5,-205,2026-07-19,2026-07-18T22:16:57Z,2026-07-18 15:17:08
BetRivers,player_threes,Nia Coffey,Over,1.5,133,2026-07-19,2026-07-18T22:16:57Z,2026-07-18 15:17:08
BetRivers,player_threes,Olivia Miles,Over,1.5,145,2026-07-19,2026-07-18T22:16:57Z,2026-07-18 15:17:08
BetRivers,player_threes,Bridget Carleton,Over,2.5,123,2026-07-19,2026-07-18T22:16:57Z,2026-07-18 15:17:08
BetRivers,player_threes,Kayla McBride,Over,2.5,-143,2026-07-19,2026-07-18T22:16:57Z,2026-07-18 15:17:08
BetRivers,player_threes,Courtney Williams,Over,1.5,143,2026-07-19,2026-07-18T22:16:57Z,2026-07-18 15:17:08
BetRivers,player_threes,Sarah Ashlee Barker,Over,0.5,-205,2026-07-19,2026-07-18T22:16:57Z,2026-07-18 15:17:08
BetRivers,player_threes,Nia Coffey,Over,1.5,133,2026-07-19,2026-07-18T22:16:57Z,2026-07-18 15:17:08
BetRivers,player_threes,Veronica Burton,Over,0.5,-265,2026-07-19,2026-07-18T22:16:20Z,2026-07-18 15:17:08
BetRivers,player_threes,Sonia Citron,Over,1.5,160,2026-07-19,2026-07-18T22:16:20Z,2026-07-18 15:17:08
BetRivers,player_threes,Michaela Onyenwere,Over,1.5,170,2026-07-19,2026-07-18T22:16:20Z,2026-07-18 15:17:08
BetRivers,player_threes,Georgia Amoore,Over,0.5,-225,2026-07-19,2026-07-18T22:16:20Z,2026-07-18 15:17:08
BetRivers,player_threes,Kayla Thornton,Over,0.5,-225,2026-07-19,2026-07-18T22:16:20Z,2026-07-18 15:17:08
BetRivers,player_threes,Gabby Williams,Over,1.5,123,2026-07-19,2026-07-18T22:16:20Z,2026-07-18 15:17:08
BetRivers,player_threes,Janelle Salaun,Over,2.5,130,2026-07-19,2026-07-18T22:16:20Z,2026-07-18 15:17:08
BetRivers,player_threes,Veronica Burton,Over,0.5,-265,2026-07-19,2026-07-18T22:16:20Z,2026-07-18 15:17:08
BetRivers,player_threes,Sonia Citron,Over,1.5,160,2026-07-19,2026-07-18T22:16:20Z,2026-07-18 15:17:08
BetRivers,player_threes,Michaela Onyenwere,Over,1.5,170,2026-07-19,2026-07-18T22:16:20Z,2026-07-18 15:17:08
BetRivers,player_threes,Georgia Amoore,Over,0.5,-225,2026-07-19,2026-07-18T22:16:20Z,2026-07-18 15:17:08
BetRivers,player_threes,Kayla Thornton,Over,0.5,-225,2026-07-19,2026-07-18T22:16:20Z,2026-07-18 15:17:08
BetRivers,player_threes,Gabby Williams,Over,1.5,123,2026-07-19,2026-07-18T22:16:20Z,2026-07-18 15:17:08
BetRivers,player_threes,Janelle Salaun,Over,2.5,130,2026-07-19,2026-07-18T22:16:20Z,2026-07-18 15:17:08
FanDuel,player_points_rebounds_assists,Sabrina Ionescu,Over,25.5,-114,2026-07-19,2026-07-18T22:16:45Z,2026-07-18 15:17:08
FanDuel,player_points_rebounds_assists,Sabrina Ionescu,Under,25.5,-114,2026-07-19,2026-07-18T22:16:45Z,2026-07-18 15:17:08
FanDuel,player_points_rebounds_assists,Aliyah Boston,Over,26.5,-128,2026-07-19,2026-07-18T22:16:45Z,2026-07-18 15:17:08
FanDuel,player_points_rebounds_assists,Aliyah Boston,Under,26.5,-104,2026-07-19,2026-07-18T22:16:45Z,2026-07-18 15:17:08
FanDuel,player_points_rebounds_assists,Caitlin Clark,Over,29.5,-114,2026-07-19,2026-07-18T22:16:45Z,2026-07-18 15:17:08
FanDuel,player_points_rebounds_assists,Caitlin Clark,Under,29.5,-114,2026-07-19,2026-07-18T22:16:45Z,2026-07-18 15:17:08
FanDuel,player_points_rebounds_assists,Pauline Astier,Over,15.5,-118,2026-07-19,2026-07-18T22:16:45Z,2026-07-18 15:17:08
FanDuel,player_points_rebounds_assists,Pauline Astier,Under,15.5,-112,2026-07-19,2026-07-18T22:16:45Z,2026-07-18 15:17:08
FanDuel,player_points_rebounds_assists,Jonquel Jones,Over,25.5,-125,2026-07-19,2026-07-18T22:16:45Z,2026-07-18 15:17:08
FanDuel,player_points_rebounds_assists,Jonquel Jones,Under,25.5,-106,2026-07-19,2026-07-18T22:16:45Z,2026-07-18 15:17:08
FanDuel,player_points_rebounds_assists,Kelsey Mitchell,Over,27.5,-108,2026-07-19,2026-07-18T22:16:45Z,2026-07-18 15:17:08
FanDuel,player_points_rebounds_assists,Kelsey Mitchell,Under,27.5,-122,2026-07-19,2026-07-18T22:16:45Z,2026-07-18 15:17:08
FanDuel,player_points_rebounds_assists,Breanna Stewart,Over,31.5,-104,2026-07-19,2026-07-18T22:16:45Z,2026-07-18 15:17:08
FanDuel,player_points_rebounds_assists,Breanna Stewart,Under,31.5,-128,2026-07-19,2026-07-18T22:16:45Z,2026-07-18 15:17:08
FanDuel,player_points_rebounds_assists,Kayla McBride,Over,23.5,-122,2026-07-19,2026-07-18T22:16:03Z,2026-07-18 15:17:08
FanDuel,player_points_rebounds_assists,Kayla McBride,Under,23.5,-108,2026-07-19,2026-07-18T22:16:03Z,2026-07-18 15:17:08
FanDuel,player_points_rebounds_assists,Courtney Williams,Over,25.5,-108,2026-07-19,2026-07-18T22:16:03Z,2026-07-18 15:17:08
FanDuel,player_points_rebounds_assists,Courtney Williams,Under,25.5,-122,2026-07-19,2026-07-18T22:16:03Z,2026-07-18 15:17:08
FanDuel,player_points_rebounds_assists,Carla Leite,Over,21.5,-125,2026-07-19,2026-07-18T22:16:03Z,2026-07-18 15:17:08
FanDuel,player_points_rebounds_assists,Carla Leite,Under,21.5,-106,2026-07-19,2026-07-18T22:16:03Z,2026-07-18 15:17:08
FanDuel,player_points_rebounds_assists,Olivia Miles,Over,27.5,-106,2026-07-19,2026-07-18T22:16:03Z,2026-07-18 15:17:08
FanDuel,player_points_rebounds_assists,Olivia Miles,Under,27.5,-125,2026-07-19,2026-07-18T22:16:03Z,2026-07-18 15:17:08
FanDuel,player_points_rebounds_assists,Natasha Howard,Over,26.5,-122,2026-07-19,2026-07-18T22:16:03Z,2026-07-18 15:17:08
FanDuel,player_points_rebounds_assists,Natasha Howard,Under,26.5,-108,2026-07-19,2026-07-18T22:16:03Z,2026-07-18 15:17:08
FanDuel,player_points_rebounds_assists,Emily Engstler,Over,17.5,-125,2026-07-19,2026-07-18T22:16:03Z,2026-07-18 15:17:08
FanDuel,player_points_rebounds_assists,Emily Engstler,Under,17.5,-106,2026-07-19,2026-07-18T22:16:03Z,2026-07-18 15:17:08
FanDuel,player_points_rebounds_assists,Bridget Carleton,Over,18.5,-125,2026-07-19,2026-07-18T22:16:03Z,2026-07-18 15:17:08
FanDuel,player_points_rebounds_assists,Bridget Carleton,Under,18.5,-106,2026-07-19,2026-07-18T22:16:03Z,2026-07-18 15:17:08
FanDuel,player_points_rebounds_assists,Sarah Ashlee Barker,Over,16.5,-114,2026-07-19,2026-07-18T22:16:03Z,2026-07-18 15:17:08
FanDuel,player_points_rebounds_assists,Sarah Ashlee Barker,Under,16.5,-114,2026-07-19,2026-07-18T22:16:03Z,2026-07-18 15:17:08
FanDuel,player_points_rebounds_assists,Georgia Amoore,Over,10.5,102,2026-07-19,2026-07-18T22:16:16Z,2026-07-18 15:17:08
FanDuel,player_points_rebounds_assists,Georgia Amoore,Under,10.5,-136,2026-07-19,2026-07-18T22:16:16Z,2026-07-18 15:17:08
FanDuel,player_points_rebounds_assists,Veronica Burton,Over,19.5,-104,2026-07-19,2026-07-18T22:16:16Z,2026-07-18 15:17:08
FanDuel,player_points_rebounds_assists,Veronica Burton,Under,19.5,-128,2026-07-19,2026-07-18T22:16:16Z,2026-07-18 15:17:08
FanDuel,player_points_rebounds_assists,Gabby Williams,Over,17.5,-130,2026-07-19,2026-07-18T22:16:16Z,2026-07-18 15:17:08
FanDuel,player_points_rebounds_assists,Gabby Williams,Under,17.5,-102,2026-07-19,2026-07-18T22:16:16Z,2026-07-18 15:17:08
FanDuel,player_points_rebounds_assists,Shakira Austin,Over,24.5,-112,2026-07-19,2026-07-18T22:16:16Z,2026-07-18 15:17:08
FanDuel,player_points_rebounds_assists,Shakira Austin,Under,24.5,-118,2026-07-19,2026-07-18T22:16:16Z,2026-07-18 15:17:08
FanDuel,player_points_rebounds_assists,Sonia Citron,Over,20.5,-125,2026-07-19,2026-07-18T22:16:16Z,2026-07-18 15:17:08
FanDuel,player_points_rebounds_assists,Sonia Citron,Under,20.5,-106,2026-07-19,2026-07-18T22:16:16Z,2026-07-18 15:17:08
FanDuel,player_points_rebounds_assists,Kiki Iriafen,Over,24.5,-108,2026-07-19,2026-07-18T22:16:16Z,2026-07-18 15:17:08
FanDuel,player_points_rebounds_assists,Kiki Iriafen,Under,24.5,-122,2026-07-19,2026-07-18T22:16:16Z,2026-07-18 15:17:08
FanDuel,player_points_rebounds_assists,Jessica Shepard,Over,32.5,-122,2026-07-19,2026-07-18T22:16:39Z,2026-07-18 15:17:08
FanDuel,player_points_rebounds_assists,Jessica Shepard,Under,32.5,-106,2026-07-19,2026-07-18T22:16:39Z,2026-07-18 15:17:08
FanDuel,player_points_rebounds_assists,Dearica Hamby,Over,24.5,-130,2026-07-19,2026-07-18T22:16:39Z,2026-07-18 15:17:08
FanDuel,player_points_rebounds_assists,Dearica Hamby,Under,24.5,-102,2026-07-19,2026-07-18T22:16:39Z,2026-07-18 15:17:08
FanDuel,player_points_rebounds_assists,Paige Bueckers,Over,33.5,-130,2026-07-19,2026-07-18T22:16:39Z,2026-07-18 15:17:08
FanDuel,player_points_rebounds_assists,Paige Bueckers,Under,33.5,-102,2026-07-19,2026-07-18T22:16:39Z,2026-07-18 15:17:08
FanDuel,player_points_rebounds_assists,Rae Burrell,Over,20.5,-118,2026-07-19,2026-07-18T22:16:39Z,2026-07-18 15:17:08
FanDuel,player_points_rebounds_assists,Rae Burrell,Under,20.5,-114,2026-07-19,2026-07-18T22:16:39Z,2026-07-18 15:17:08
FanDuel,player_points_rebounds_assists,Nneka Ogwumike,Over,30.5,-122,2026-07-19,2026-07-18T22:16:39Z,2026-07-18 15:17:08
FanDuel,player_points_rebounds_assists,Nneka Ogwumike,Under,30.5,-108,2026-07-19,2026-07-18T22:16:39Z,2026-07-18 15:17:08
FanDuel,player_points_rebounds_assists,Arike Ogunbowale,Over,18.5,-106,2026-07-19,2026-07-18T22:16:39Z,2026-07-18 15:17:08
FanDuel,player_points_rebounds_assists,Arike Ogunbowale,Under,18.5,-125,2026-07-19,2026-07-18T22:16:39Z,2026-07-18 15:17:08
FanDuel,player_points_rebounds_assists,Kamilla Cardoso,Over,23.5,-125,2026-07-19,2026-07-18T22:16:56Z,2026-07-18 15:17:08
FanDuel,player_points_rebounds_assists,Kamilla Cardoso,Under,23.5,-106,2026-07-19,2026-07-18T22:16:56Z,2026-07-18 15:17:08
FanDuel,player_points_rebounds_assists,Natasha Cloud,Over,20.5,-130,2026-07-19,2026-07-18T22:16:56Z,2026-07-18 15:17:08
FanDuel,player_points_rebounds_assists,Natasha Cloud,Under,20.5,-102,2026-07-19,2026-07-18T22:16:56Z,2026-07-18 15:17:08
FanDuel,player_points_rebounds_assists,Allisha Gray,Over,24.5,-130,2026-07-19,2026-07-18T22:16:56Z,2026-07-18 15:17:08
FanDuel,player_points_rebounds_assists,Allisha Gray,Under,24.5,-102,2026-07-19,2026-07-18T22:16:56Z,2026-07-18 15:17:08
FanDuel,player_points_rebounds_assists,Angel Reese,Over,31.5,-128,2026-07-19,2026-07-18T22:16:56Z,2026-07-18 15:17:08
FanDuel,player_points_rebounds_assists,Angel Reese,Under,31.5,-104,2026-07-19,2026-07-18T22:16:56Z,2026-07-18 15:17:08
FanDuel,player_points_rebounds_assists,Sydney Taylor,Over,18.5,-128,2026-07-19,2026-07-18T22:16:56Z,2026-07-18 15:17:08
FanDuel,player_points_rebounds_assists,Sydney Taylor,Under,18.5,-104,2026-07-19,2026-07-18T22:16:56Z,2026-07-18 15:17:08
FanDuel,player_points_rebounds_assists,Rhyne Howard,Over,26.5,-106,2026-07-19,2026-07-18T22:16:56Z,2026-07-18 15:17:08
FanDuel,player_points_rebounds_assists,Rhyne Howard,Under,26.5,-125,2026-07-19,2026-07-18T22:16:56Z,2026-07-18 15:17:08
FanDuel,player_points_rebounds_assists,Azura Stevens,Over,21.5,-112,2026-07-19,2026-07-18T22:16:56Z,2026-07-18 15:17:08
FanDuel,player_points_rebounds_assists,Azura Stevens,Under,21.5,-118,2026-07-19,2026-07-18T22:16:56Z,2026-07-18 15:17:08
FanDuel,player_points_rebounds_assists,Jordin Canada,Over,24.5,-118,2026-07-19,2026-07-18T22:16:56Z,2026-07-18 15:17:08
FanDuel,player_points_rebounds_assists,Jordin Canada,Under,24.5,-112,2026-07-19,2026-07-18T22:16:56Z,2026-07-18 15:17:08
FanDuel,player_points_rebounds_assists,Alyssa Thomas,Over,30.5,-104,2026-07-19,2026-07-18T22:17:08Z,2026-07-18 15:17:08
FanDuel,player_points_rebounds_assists,Alyssa Thomas,Under,30.5,-128,2026-07-19,2026-07-18T22:17:08Z,2026-07-18 15:17:08
FanDuel,player_points_rebounds_assists,Kahleah Copper,Over,27.5,-104,2026-07-19,2026-07-18T22:17:08Z,2026-07-18 15:17:08
FanDuel,player_points_rebounds_assists,Kahleah Copper,Under,27.5,-128,2026-07-19,2026-07-18T22:17:08Z,2026-07-18 15:17:08
DraftKings,player_points_rebounds_assists,Breanna Stewart,Over,31.5,-119,2026-07-19,2026-07-18T22:15:53Z,2026-07-18 15:17:08
DraftKings,player_points_rebounds_assists,Breanna Stewart,Under,31.5,-114,2026-07-19,2026-07-18T22:15:53Z,2026-07-18 15:17:08
DraftKings,player_points_rebounds_assists,Caitlin Clark,Over,30.5,-107,2026-07-19,2026-07-18T22:15:53Z,2026-07-18 15:17:08
DraftKings,player_points_rebounds_assists,Caitlin Clark,Under,30.5,-127,2026-07-19,2026-07-18T22:15:53Z,2026-07-18 15:17:08
DraftKings,player_points_rebounds_assists,Aliyah Boston,Over,27.5,-128,2026-07-19,2026-07-18T22:15:53Z,2026-07-18 15:17:08
DraftKings,player_points_rebounds_assists,Aliyah Boston,Under,27.5,-106,2026-07-19,2026-07-18T22:15:53Z,2026-07-18 15:17:08
DraftKings,player_points_rebounds_assists,Sabrina Ionescu,Over,26.5,-121,2026-07-19,2026-07-18T22:15:53Z,2026-07-18 15:17:08
DraftKings,player_points_rebounds_assists,Sabrina Ionescu,Under,26.5,-112,2026-07-19,2026-07-18T22:15:53Z,2026-07-18 15:17:08
DraftKings,player_points_rebounds_assists,Olivia Miles,Over,27.5,-119,2026-07-19,2026-07-18T22:17:03Z,2026-07-18 15:17:08
DraftKings,player_points_rebounds_assists,Olivia Miles,Under,27.5,-114,2026-07-19,2026-07-18T22:17:03Z,2026-07-18 15:17:08
DraftKings,player_points_rebounds_assists,Natasha Howard,Over,27.5,-116,2026-07-19,2026-07-18T22:17:03Z,2026-07-18 15:17:08
DraftKings,player_points_rebounds_assists,Natasha Howard,Under,27.5,-117,2026-07-19,2026-07-18T22:17:03Z,2026-07-18 15:17:08
DraftKings,player_points_rebounds_assists,Courtney Williams,Over,25.5,-109,2026-07-19,2026-07-18T22:17:03Z,2026-07-18 15:17:08
DraftKings,player_points_rebounds_assists,Courtney Williams,Under,25.5,-125,2026-07-19,2026-07-18T22:17:03Z,2026-07-18 15:17:08
DraftKings,player_points_rebounds_assists,Kayla McBride,Over,23.5,-107,2026-07-19,2026-07-18T22:17:03Z,2026-07-18 15:17:08
DraftKings,player_points_rebounds_assists,Kayla McBride,Under,23.5,-127,2026-07-19,2026-07-18T22:17:03Z,2026-07-18 15:17:08
DraftKings,player_points_rebounds_assists,Carla Leite,Over,21.5,-113,2026-07-19,2026-07-18T22:17:03Z,2026-07-18 15:17:08
DraftKings,player_points_rebounds_assists,Carla Leite,Under,21.5,-120,2026-07-19,2026-07-18T22:17:03Z,2026-07-18 15:17:08
DraftKings,player_points_rebounds_assists,Bridget Carleton,Over,18.5,-104,2026-07-19,2026-07-18T22:17:03Z,2026-07-18 15:17:08
DraftKings,player_points_rebounds_assists,Bridget Carleton,Under,18.5,-131,2026-07-19,2026-07-18T22:17:03Z,2026-07-18 15:17:08
DraftKings,player_points_rebounds_assists,Emily Engstler,Over,17.5,-122,2026-07-19,2026-07-18T22:17:03Z,2026-07-18 15:17:08
DraftKings,player_points_rebounds_assists,Emily Engstler,Under,17.5,-112,2026-07-19,2026-07-18T22:17:03Z,2026-07-18 15:17:08
DraftKings,player_points_rebounds_assists,Sarah Ashlee Barker,Over,16.5,-102,2026-07-19,2026-07-18T22:17:03Z,2026-07-18 15:17:08
DraftKings,player_points_rebounds_assists,Sarah Ashlee Barker,Under,16.5,-133,2026-07-19,2026-07-18T22:17:03Z,2026-07-18 15:17:08
DraftKings,player_points_rebounds_assists,Nia Coffey,Over,15.5,-125,2026-07-19,2026-07-18T22:17:03Z,2026-07-18 15:17:08
DraftKings,player_points_rebounds_assists,Nia Coffey,Under,15.5,-109,2026-07-19,2026-07-18T22:17:03Z,2026-07-18 15:17:08
DraftKings,player_points_rebounds_assists,Shakira Austin,Over,24.5,-128,2026-07-19,2026-07-18T22:16:46Z,2026-07-18 15:17:08
DraftKings,player_points_rebounds_assists,Shakira Austin,Under,24.5,-106,2026-07-19,2026-07-18T22:16:46Z,2026-07-18 15:17:08
DraftKings,player_points_rebounds_assists,Kiki Iriafen,Over,24.5,-120,2026-07-19,2026-07-18T22:16:46Z,2026-07-18 15:17:08
DraftKings,player_points_rebounds_assists,Kiki Iriafen,Under,24.5,-113,2026-07-19,2026-07-18T22:16:46Z,2026-07-18 15:17:08
DraftKings,player_points_rebounds_assists,Sonia Citron,Over,21.5,-107,2026-07-19,2026-07-18T22:16:46Z,2026-07-18 15:17:08
DraftKings,player_points_rebounds_assists,Sonia Citron,Under,21.5,-127,2026-07-19,2026-07-18T22:16:46Z,2026-07-18 15:17:08
DraftKings,player_points_rebounds_assists,Veronica Burton,Over,19.5,-108,2026-07-19,2026-07-18T22:16:46Z,2026-07-18 15:17:08
DraftKings,player_points_rebounds_assists,Veronica Burton,Under,19.5,-126,2026-07-19,2026-07-18T22:16:46Z,2026-07-18 15:17:08
DraftKings,player_points_rebounds_assists,Gabby Williams,Over,18.5,-109,2026-07-19,2026-07-18T22:16:46Z,2026-07-18 15:17:08
DraftKings,player_points_rebounds_assists,Gabby Williams,Under,18.5,-125,2026-07-19,2026-07-18T22:16:46Z,2026-07-18 15:17:08
DraftKings,player_points_rebounds_assists,Paige Bueckers,Over,33.5,-124,2026-07-19,2026-07-18T22:17:05Z,2026-07-18 15:17:08
DraftKings,player_points_rebounds_assists,Paige Bueckers,Under,33.5,-109,2026-07-19,2026-07-18T22:17:05Z,2026-07-18 15:17:08
DraftKings,player_points_rebounds_assists,Jessica Shepard,Over,33.5,-113,2026-07-19,2026-07-18T22:17:05Z,2026-07-18 15:17:08
DraftKings,player_points_rebounds_assists,Jessica Shepard,Under,33.5,-121,2026-07-19,2026-07-18T22:17:05Z,2026-07-18 15:17:08
DraftKings,player_points_rebounds_assists,Nneka Ogwumike,Over,30.5,-108,2026-07-19,2026-07-18T22:17:05Z,2026-07-18 15:17:08
DraftKings,player_points_rebounds_assists,Nneka Ogwumike,Under,30.5,-125,2026-07-19,2026-07-18T22:17:05Z,2026-07-18 15:17:08
DraftKings,player_points_rebounds_assists,Dearica Hamby,Over,24.5,-125,2026-07-19,2026-07-18T22:17:05Z,2026-07-18 15:17:08
DraftKings,player_points_rebounds_assists,Dearica Hamby,Under,24.5,-108,2026-07-19,2026-07-18T22:17:05Z,2026-07-18 15:17:08
DraftKings,player_points_rebounds_assists,Rae Burrell,Over,21.5,-105,2026-07-19,2026-07-18T22:17:05Z,2026-07-18 15:17:08
DraftKings,player_points_rebounds_assists,Rae Burrell,Under,21.5,-130,2026-07-19,2026-07-18T22:17:05Z,2026-07-18 15:17:08
DraftKings,player_points_rebounds_assists,Arike Ogunbowale,Over,18.5,-116,2026-07-19,2026-07-18T22:17:05Z,2026-07-18 15:17:08
DraftKings,player_points_rebounds_assists,Arike Ogunbowale,Under,18.5,-117,2026-07-19,2026-07-18T22:17:05Z,2026-07-18 15:17:08
DraftKings,player_points_rebounds_assists,Kamilla Cardoso,Over,23.5,-122,2026-07-19,2026-07-18T22:17:21Z,2026-07-18 15:17:08
DraftKings,player_points_rebounds_assists,Kamilla Cardoso,Under,23.5,-111,2026-07-19,2026-07-18T22:17:21Z,2026-07-18 15:17:08
DraftKings,player_points_rebounds_assists,Azura Stevens,Over,21.5,-122,2026-07-19,2026-07-18T22:17:21Z,2026-07-18 15:17:08
DraftKings,player_points_rebounds_assists,Azura Stevens,Under,21.5,-112,2026-07-19,2026-07-18T22:17:21Z,2026-07-18 15:17:08
DraftKings,player_points_rebounds_assists,Natasha Cloud,Over,20.5,-127,2026-07-19,2026-07-18T22:17:21Z,2026-07-18 15:17:08
DraftKings,player_points_rebounds_assists,Natasha Cloud,Under,20.5,-107,2026-07-19,2026-07-18T22:17:21Z,2026-07-18 15:17:08
DraftKings,player_points_rebounds_assists,Alyssa Thomas,Over,29.5,-122,2026-07-19,2026-07-18T22:16:39Z,2026-07-18 15:17:08
DraftKings,player_points_rebounds_assists,Alyssa Thomas,Under,29.5,-112,2026-07-19,2026-07-18T22:16:39Z,2026-07-18 15:17:08
DraftKings,player_points_rebounds_assists,Kahleah Copper,Over,26.5,-119,2026-07-19,2026-07-18T22:16:39Z,2026-07-18 15:17:08
DraftKings,player_points_rebounds_assists,Kahleah Copper,Under,26.5,-114,2026-07-19,2026-07-18T22:16:39Z,2026-07-18 15:17:08
DraftKings,player_points_rebounds_assists,DeWanna Bonner,Over,18.5,-119,2026-07-19,2026-07-18T22:16:39Z,2026-07-18 15:17:08
DraftKings,player_points_rebounds_assists,DeWanna Bonner,Under,18.5,-114,2026-07-19,2026-07-18T22:16:39Z,2026-07-18 15:17:08
DraftKings,player_points_rebounds_assists,Monique Akoa Makani,Over,15.5,-123,2026-07-19,2026-07-18T22:16:39Z,2026-07-18 15:17:08
DraftKings,player_points_rebounds_assists,Monique Akoa Makani,Under,15.5,-110,2026-07-19,2026-07-18T22:16:39Z,2026-07-18 15:17:08
BetRivers,player_points_rebounds_assists,Breanna Stewart,Over,31.5,-121,2026-07-19,2026-07-18T22:16:37Z,2026-07-18 15:17:08
BetRivers,player_points_rebounds_assists,Jonquel Jones,Over,26.5,-118,2026-07-19,2026-07-18T22:16:37Z,2026-07-18 15:17:08
BetRivers,player_points_rebounds_assists,Kelsey Mitchell,Over,29.5,-113,2026-07-19,2026-07-18T22:16:37Z,2026-07-18 15:17:08
BetRivers,player_points_rebounds_assists,Sabrina Ionescu,Over,28.5,-109,2026-07-19,2026-07-18T22:16:37Z,2026-07-18 15:17:08
BetRivers,player_points_rebounds_assists,Caitlin Clark,Over,31.5,-104,2026-07-19,2026-07-18T22:16:37Z,2026-07-18 15:17:08
BetRivers,player_points_rebounds_assists,Aliyah Boston,Over,28.5,-120,2026-07-19,2026-07-18T22:16:37Z,2026-07-18 15:17:08
BetRivers,player_points_rebounds_assists,Bridget Carleton,Over,19.5,110,2026-07-19,2026-07-18T22:16:57Z,2026-07-18 15:17:08
BetRivers,player_points_rebounds_assists,Courtney Williams,Over,26.5,110,2026-07-19,2026-07-18T22:16:57Z,2026-07-18 15:17:08
BetRivers,player_points_rebounds_assists,Kayla McBride,Over,23.5,-107,2026-07-19,2026-07-18T22:16:57Z,2026-07-18 15:17:08
BetRivers,player_points_rebounds_assists,Olivia Miles,Over,28.5,-137,2026-07-19,2026-07-18T22:16:57Z,2026-07-18 15:17:08
BetRivers,player_points_rebounds_assists,Carla Leite,Over,23.5,-108,2026-07-19,2026-07-18T22:16:57Z,2026-07-18 15:17:08
BetRivers,player_points_rebounds_assists,Nia Coffey,Over,15.5,-117,2026-07-19,2026-07-18T22:16:57Z,2026-07-18 15:17:08
BetRivers,player_points_rebounds_assists,Sarah Ashlee Barker,Over,16.5,-134,2026-07-19,2026-07-18T22:16:57Z,2026-07-18 15:17:08
BetRivers,player_points_rebounds_assists,Emily Engstler,Over,19.5,-115,2026-07-19,2026-07-18T22:16:57Z,2026-07-18 15:17:08
BetRivers,player_points_rebounds_assists,Natasha Howard,Over,27.5,-106,2026-07-19,2026-07-18T22:16:57Z,2026-07-18 15:17:08
BetRivers,player_points_rebounds_assists,Shakira Austin,Over,26.5,-106,2026-07-19,2026-07-18T22:16:20Z,2026-07-18 15:17:08
BetRivers,player_points_rebounds_assists,Sonia Citron,Over,21.5,-106,2026-07-19,2026-07-18T22:16:20Z,2026-07-18 15:17:08
BetRivers,player_points_rebounds_assists,Gabby Williams,Over,19.5,115,2026-07-19,2026-07-18T22:16:20Z,2026-07-18 15:17:08
BetRivers,player_points_rebounds_assists,Veronica Burton,Over,19.5,-127,2026-07-19,2026-07-18T22:16:20Z,2026-07-18 15:17:08
BetRivers,player_points_rebounds_assists,Kiki Iriafen,Over,24.5,-127,2026-07-19,2026-07-18T22:16:20Z,2026-07-18 15:17:08
FanDuel,player_points_rebounds,Aliyah Boston,Over,24.5,-118,2026-07-19,2026-07-18T22:16:45Z,2026-07-18 15:17:08
FanDuel,player_points_rebounds,Aliyah Boston,Under,24.5,-112,2026-07-19,2026-07-18T22:16:45Z,2026-07-18 15:17:08
FanDuel,player_points_rebounds,Sabrina Ionescu,Over,20.5,-106,2026-07-19,2026-07-18T22:16:45Z,2026-07-18 15:17:08
FanDuel,player_points_rebounds,Sabrina Ionescu,Under,20.5,-125,2026-07-19,2026-07-18T22:16:45Z,2026-07-18 15:17:08
FanDuel,player_points_rebounds,Caitlin Clark,Over,21.5,-106,2026-07-19,2026-07-18T22:16:45Z,2026-07-18 15:17:08
FanDuel,player_points_rebounds,Caitlin Clark,Under,21.5,-125,2026-07-19,2026-07-18T22:16:45Z,2026-07-18 15:17:08
FanDuel,player_points_rebounds,Jonquel Jones,Over,23.5,-112,2026-07-19,2026-07-18T22:16:45Z,2026-07-18 15:17:08
FanDuel,player_points_rebounds,Jonquel Jones,Under,23.5,-118,2026-07-19,2026-07-18T22:16:45Z,2026-07-18 15:17:08
FanDuel,player_points_rebounds,Sophie Cunningham,Over,11.5,-106,2026-07-19,2026-07-18T22:16:45Z,2026-07-18 15:17:08
FanDuel,player_points_rebounds,Sophie Cunningham,Under,11.5,-125,2026-07-19,2026-07-18T22:16:45Z,2026-07-18 15:17:08
FanDuel,player_points_rebounds,Breanna Stewart,Over,28.5,-102,2026-07-19,2026-07-18T22:16:45Z,2026-07-18 15:17:08
FanDuel,player_points_rebounds,Breanna Stewart,Under,28.5,-130,2026-07-19,2026-07-18T22:16:45Z,2026-07-18 15:17:08
FanDuel,player_points_rebounds,Olivia Miles,Over,21.5,-104,2026-07-19,2026-07-18T22:16:03Z,2026-07-18 15:17:08
FanDuel,player_points_rebounds,Olivia Miles,Under,21.5,-128,2026-07-19,2026-07-18T22:16:03Z,2026-07-18 15:17:08
FanDuel,player_points_rebounds,Courtney Williams,Over,20.5,-132,2026-07-19,2026-07-18T22:16:03Z,2026-07-18 15:17:08
FanDuel,player_points_rebounds,Courtney Williams,Under,20.5,100,2026-07-19,2026-07-18T22:16:03Z,2026-07-18 15:17:08
FanDuel,player_points_rebounds,Sarah Ashlee Barker,Over,14.5,100,2026-07-19,2026-07-18T22:16:03Z,2026-07-18 15:17:08
FanDuel,player_points_rebounds,Sarah Ashlee Barker,Under,14.5,-132,2026-07-19,2026-07-18T22:16:03Z,2026-07-18 15:17:08
FanDuel,player_points_rebounds,Bridget Carleton,Over,16.5,-104,2026-07-19,2026-07-18T22:16:03Z,2026-07-18 15:17:08
FanDuel,player_points_rebounds,Bridget Carleton,Under,16.5,-128,2026-07-19,2026-07-18T22:16:03Z,2026-07-18 15:17:08
FanDuel,player_points_rebounds,Nia Coffey,Over,13.5,-118,2026-07-19,2026-07-18T22:16:03Z,2026-07-18 15:17:08
FanDuel,player_points_rebounds,Nia Coffey,Under,13.5,-112,2026-07-19,2026-07-18T22:16:03Z,2026-07-18 15:17:08
FanDuel,player_points_rebounds,Emily Engstler,Over,15.5,-110,2026-07-19,2026-07-18T22:16:03Z,2026-07-18 15:17:08
FanDuel,player_points_rebounds,Emily Engstler,Under,15.5,-120,2026-07-19,2026-07-18T22:16:03Z,2026-07-18 15:17:08
FanDuel,player_points_rebounds,Serah Williams,Over,14.5,-102,2026-07-19,2026-07-18T22:16:03Z,2026-07-18 15:17:08
FanDuel,player_points_rebounds,Serah Williams,Under,14.5,-130,2026-07-19,2026-07-18T22:16:03Z,2026-07-18 15:17:08
FanDuel,player_points_rebounds,Carla Leite,Over,16.5,-102,2026-07-19,2026-07-18T22:16:03Z,2026-07-18 15:17:08
FanDuel,player_points_rebounds,Carla Leite,Under,16.5,-130,2026-07-19,2026-07-18T22:16:03Z,2026-07-18 15:17:08
FanDuel,player_points_rebounds,Natasha Howard,Over,24.5,-106,2026-07-19,2026-07-18T22:16:03Z,2026-07-18 15:17:08
FanDuel,player_points_rebounds,Natasha Howard,Under,24.5,-125,2026-07-19,2026-07-18T22:16:03Z,2026-07-18 15:17:08
FanDuel,player_points_rebounds,Veronica Burton,Over,14.5,-104,2026-07-19,2026-07-18T22:16:16Z,2026-07-18 15:17:08
FanDuel,player_points_rebounds,Veronica Burton,Under,14.5,-128,2026-07-19,2026-07-18T22:16:16Z,2026-07-18 15:17:08
FanDuel,player_points_rebounds,Michaela Onyenwere,Over,10.5,-118,2026-07-19,2026-07-18T22:16:16Z,2026-07-18 15:17:08
FanDuel,player_points_rebounds,Michaela Onyenwere,Under,10.5,-112,2026-07-19,2026-07-18T22:16:16Z,2026-07-18 15:17:08
FanDuel,player_points_rebounds,Kayla Thornton,Over,12.5,-125,2026-07-19,2026-07-18T22:16:16Z,2026-07-18 15:17:08
FanDuel,player_points_rebounds,Kayla Thornton,Under,12.5,-106,2026-07-19,2026-07-18T22:16:16Z,2026-07-18 15:17:08
FanDuel,player_points_rebounds,Kiki Iriafen,Over,22.5,-108,2026-07-19,2026-07-18T22:16:16Z,2026-07-18 15:17:08
FanDuel,player_points_rebounds,Kiki Iriafen,Under,22.5,-122,2026-07-19,2026-07-18T22:16:16Z,2026-07-18 15:17:08
FanDuel,player_points_rebounds,Janelle Salaun,Over,15.5,-118,2026-07-19,2026-07-18T22:16:16Z,2026-07-18 15:17:08
FanDuel,player_points_rebounds,Janelle Salaun,Under,15.5,-112,2026-07-19,2026-07-18T22:16:16Z,2026-07-18 15:17:08
FanDuel,player_points_rebounds,Gabby Williams,Over,15.5,-118,2026-07-19,2026-07-18T22:16:16Z,2026-07-18 15:17:08
FanDuel,player_points_rebounds,Gabby Williams,Under,15.5,-112,2026-07-19,2026-07-18T22:16:16Z,2026-07-18 15:17:08
FanDuel,player_points_rebounds,Sonia Citron,Over,17.5,-125,2026-07-19,2026-07-18T22:16:16Z,2026-07-18 15:17:08
FanDuel,player_points_rebounds,Sonia Citron,Under,17.5,-106,2026-07-19,2026-07-18T22:16:16Z,2026-07-18 15:17:08
FanDuel,player_points_rebounds,Jessica Shepard,Over,27.5,-112,2026-07-19,2026-07-18T22:16:39Z,2026-07-18 15:17:08
FanDuel,player_points_rebounds,Jessica Shepard,Under,27.5,-118,2026-07-19,2026-07-18T22:16:39Z,2026-07-18 15:17:08
FanDuel,player_points_rebounds,Dearica Hamby,Over,22.5,-114,2026-07-19,2026-07-18T22:16:39Z,2026-07-18 15:17:08
FanDuel,player_points_rebounds,Dearica Hamby,Under,22.5,-114,2026-07-19,2026-07-18T22:16:39Z,2026-07-18 15:17:08
FanDuel,player_points_rebounds,Nneka Ogwumike,Over,27.5,-106,2026-07-19,2026-07-18T22:16:39Z,2026-07-18 15:17:08
FanDuel,player_points_rebounds,Nneka Ogwumike,Under,27.5,-125,2026-07-19,2026-07-18T22:16:39Z,2026-07-18 15:17:08
FanDuel,player_points_rebounds,Rae Burrell,Over,17.5,-110,2026-07-19,2026-07-18T22:16:39Z,2026-07-18 15:17:08
FanDuel,player_points_rebounds,Rae Burrell,Under,17.5,-120,2026-07-19,2026-07-18T22:16:39Z,2026-07-18 15:17:08
FanDuel,player_points_rebounds,Paige Bueckers,Over,27.5,-104,2026-07-19,2026-07-18T22:16:39Z,2026-07-18 15:17:08
FanDuel,player_points_rebounds,Paige Bueckers,Under,27.5,-128,2026-07-19,2026-07-18T22:16:39Z,2026-07-18 15:17:08
FanDuel,player_points_rebounds,Jordin Canada,Over,16.5,-102,2026-07-19,2026-07-18T22:16:56Z,2026-07-18 15:17:08
FanDuel,player_points_rebounds,Jordin Canada,Under,16.5,-130,2026-07-19,2026-07-18T22:16:56Z,2026-07-18 15:17:08
FanDuel,player_points_rebounds,Kamilla Cardoso,Over,21.5,-110,2026-07-19,2026-07-18T22:16:56Z,2026-07-18 15:17:08
FanDuel,player_points_rebounds,Kamilla Cardoso,Under,21.5,-120,2026-07-19,2026-07-18T22:16:56Z,2026-07-18 15:17:08
FanDuel,player_points_rebounds,Allisha Gray,Over,22.5,-110,2026-07-19,2026-07-18T22:16:56Z,2026-07-18 15:17:08
FanDuel,player_points_rebounds,Allisha Gray,Under,22.5,-120,2026-07-19,2026-07-18T22:16:56Z,2026-07-18 15:17:08
FanDuel,player_points_rebounds,Angel Reese,Over,29.5,-112,2026-07-19,2026-07-18T22:16:56Z,2026-07-18 15:17:08
FanDuel,player_points_rebounds,Angel Reese,Under,29.5,-118,2026-07-19,2026-07-18T22:16:56Z,2026-07-18 15:17:08
FanDuel,player_points_rebounds,Natasha Cloud,Over,14.5,-130,2026-07-19,2026-07-18T22:16:56Z,2026-07-18 15:17:08
FanDuel,player_points_rebounds,Natasha Cloud,Under,14.5,-102,2026-07-19,2026-07-18T22:16:56Z,2026-07-18 15:17:08
FanDuel,player_points_rebounds,Azura Stevens,Over,19.5,100,2026-07-19,2026-07-18T22:16:56Z,2026-07-18 15:17:08
FanDuel,player_points_rebounds,Azura Stevens,Under,19.5,-132,2026-07-19,2026-07-18T22:16:56Z,2026-07-18 15:17:08
FanDuel,player_points_rebounds,Rhyne Howard,Over,22.5,-114,2026-07-19,2026-07-18T22:16:56Z,2026-07-18 15:17:08
FanDuel,player_points_rebounds,Rhyne Howard,Under,22.5,-114,2026-07-19,2026-07-18T22:16:56Z,2026-07-18 15:17:08
FanDuel,player_points_rebounds,Naz Hillmon,Over,15.5,-132,2026-07-19,2026-07-18T22:16:56Z,2026-07-18 15:17:08
FanDuel,player_points_rebounds,Naz Hillmon,Under,15.5,100,2026-07-19,2026-07-18T22:16:56Z,2026-07-18 15:17:08
FanDuel,player_points_rebounds,Alyssa Thomas,Over,21.5,-122,2026-07-19,2026-07-18T22:17:08Z,2026-07-18 15:17:08
FanDuel,player_points_rebounds,Alyssa Thomas,Under,21.5,-108,2026-07-19,2026-07-18T22:17:08Z,2026-07-18 15:17:08
FanDuel,player_points_rebounds,DeWanna Bonner,Over,16.5,-120,2026-07-19,2026-07-18T22:17:08Z,2026-07-18 15:17:08
FanDuel,player_points_rebounds,DeWanna Bonner,Under,16.5,-110,2026-07-19,2026-07-18T22:17:08Z,2026-07-18 15:17:08
FanDuel,player_points_rebounds,Kahleah Copper,Over,24.5,-128,2026-07-19,2026-07-18T22:17:08Z,2026-07-18 15:17:08
FanDuel,player_points_rebounds,Kahleah Copper,Under,24.5,-104,2026-07-19,2026-07-18T22:17:08Z,2026-07-18 15:17:08
DraftKings,player_points_rebounds,Breanna Stewart,Over,28.5,-112,2026-07-19,2026-07-18T22:15:53Z,2026-07-18 15:17:08
DraftKings,player_points_rebounds,Breanna Stewart,Under,28.5,-121,2026-07-19,2026-07-18T22:15:53Z,2026-07-18 15:17:08
DraftKings,player_points_rebounds,Aliyah Boston,Over,25.5,-114,2026-07-19,2026-07-18T22:15:53Z,2026-07-18 15:17:08
DraftKings,player_points_rebounds,Aliyah Boston,Under,25.5,-119,2026-07-19,2026-07-18T22:15:53Z,2026-07-18 15:17:08
DraftKings,player_points_rebounds,Kelsey Mitchell,Over,24.5,-106,2026-07-19,2026-07-18T22:15:53Z,2026-07-18 15:17:08
DraftKings,player_points_rebounds,Kelsey Mitchell,Under,24.5,-128,2026-07-19,2026-07-18T22:15:53Z,2026-07-18 15:17:08
DraftKings,player_points_rebounds,Jonquel Jones,Over,23.5,-121,2026-07-19,2026-07-18T22:15:53Z,2026-07-18 15:17:08
DraftKings,player_points_rebounds,Jonquel Jones,Under,23.5,-112,2026-07-19,2026-07-18T22:15:53Z,2026-07-18 15:17:08
DraftKings,player_points_rebounds,Caitlin Clark,Over,21.5,-121,2026-07-19,2026-07-18T22:15:53Z,2026-07-18 15:17:08
DraftKings,player_points_rebounds,Caitlin Clark,Under,21.5,-112,2026-07-19,2026-07-18T22:15:53Z,2026-07-18 15:17:08
DraftKings,player_points_rebounds,Sabrina Ionescu,Over,21.5,-107,2026-07-19,2026-07-18T22:15:53Z,2026-07-18 15:17:08
DraftKings,player_points_rebounds,Sabrina Ionescu,Under,21.5,-126,2026-07-19,2026-07-18T22:15:53Z,2026-07-18 15:17:08
DraftKings,player_points_rebounds,Natasha Howard,Over,24.5,-116,2026-07-19,2026-07-18T22:17:03Z,2026-07-18 15:17:08
DraftKings,player_points_rebounds,Natasha Howard,Under,24.5,-117,2026-07-19,2026-07-18T22:17:03Z,2026-07-18 15:17:08
DraftKings,player_points_rebounds,Olivia Miles,Over,21.5,-113,2026-07-19,2026-07-18T22:17:03Z,2026-07-18 15:17:08
DraftKings,player_points_rebounds,Olivia Miles,Under,21.5,-120,2026-07-19,2026-07-18T22:17:03Z,2026-07-18 15:17:08
DraftKings,player_points_rebounds,Courtney Williams,Over,20.5,-127,2026-07-19,2026-07-18T22:17:03Z,2026-07-18 15:17:08
DraftKings,player_points_rebounds,Courtney Williams,Under,20.5,-107,2026-07-19,2026-07-18T22:17:03Z,2026-07-18 15:17:08
DraftKings,player_points_rebounds,Kayla McBride,Over,20.5,-124,2026-07-19,2026-07-18T22:17:03Z,2026-07-18 15:17:08
DraftKings,player_points_rebounds,Kayla McBride,Under,20.5,-110,2026-07-19,2026-07-18T22:17:03Z,2026-07-18 15:17:08
DraftKings,player_points_rebounds,Carla Leite,Over,15.5,-129,2026-07-19,2026-07-18T22:17:03Z,2026-07-18 15:17:08
DraftKings,player_points_rebounds,Carla Leite,Under,15.5,-105,2026-07-19,2026-07-18T22:17:03Z,2026-07-18 15:17:08
DraftKings,player_points_rebounds,Bridget Carleton,Over,15.5,-118,2026-07-19,2026-07-18T22:17:03Z,2026-07-18 15:17:08
DraftKings,player_points_rebounds,Bridget Carleton,Under,15.5,-115,2026-07-19,2026-07-18T22:17:03Z,2026-07-18 15:17:08
DraftKings,player_points_rebounds,Emily Engstler,Over,15.5,-108,2026-07-19,2026-07-18T22:17:03Z,2026-07-18 15:17:08
DraftKings,player_points_rebounds,Emily Engstler,Under,15.5,-126,2026-07-19,2026-07-18T22:17:03Z,2026-07-18 15:17:08
DraftKings,player_points_rebounds,Serah Williams,Over,14.5,-102,2026-07-19,2026-07-18T22:17:03Z,2026-07-18 15:17:08
DraftKings,player_points_rebounds,Serah Williams,Under,14.5,-133,2026-07-19,2026-07-18T22:17:03Z,2026-07-18 15:17:08
DraftKings,player_points_rebounds,Sarah Ashlee Barker,Over,13.5,-118,2026-07-19,2026-07-18T22:17:03Z,2026-07-18 15:17:08
DraftKings,player_points_rebounds,Sarah Ashlee Barker,Under,13.5,-115,2026-07-19,2026-07-18T22:17:03Z,2026-07-18 15:17:08
DraftKings,player_points_rebounds,Nia Coffey,Over,13.5,-114,2026-07-19,2026-07-18T22:17:03Z,2026-07-18 15:17:08
DraftKings,player_points_rebounds,Nia Coffey,Under,13.5,-119,2026-07-19,2026-07-18T22:17:03Z,2026-07-18 15:17:08
DraftKings,player_points_rebounds,Kiki Iriafen,Over,22.5,-120,2026-07-19,2026-07-18T22:16:46Z,2026-07-18 15:17:08
DraftKings,player_points_rebounds,Kiki Iriafen,Under,22.5,-113,2026-07-19,2026-07-18T22:16:46Z,2026-07-18 15:17:08
DraftKings,player_points_rebounds,Shakira Austin,Over,22.5,-105,2026-07-19,2026-07-18T22:16:46Z,2026-07-18 15:17:08
DraftKings,player_points_rebounds,Shakira Austin,Under,22.5,-130,2026-07-19,2026-07-18T22:16:46Z,2026-07-18 15:17:08
DraftKings,player_points_rebounds,Sonia Citron,Over,17.5,-127,2026-07-19,2026-07-18T22:16:46Z,2026-07-18 15:17:08
DraftKings,player_points_rebounds,Sonia Citron,Under,17.5,-107,2026-07-19,2026-07-18T22:16:46Z,2026-07-18 15:17:08
DraftKings,player_points_rebounds,Gabby Williams,Over,15.5,-129,2026-07-19,2026-07-18T22:16:46Z,2026-07-18 15:17:08
DraftKings,player_points_rebounds,Gabby Williams,Under,15.5,-105,2026-07-19,2026-07-18T22:16:46Z,2026-07-18 15:17:08
DraftKings,player_points_rebounds,Janelle Salaun,Over,15.5,-115,2026-07-19,2026-07-18T22:16:46Z,2026-07-18 15:17:08
DraftKings,player_points_rebounds,Janelle Salaun,Under,15.5,-118,2026-07-19,2026-07-18T22:16:46Z,2026-07-18 15:17:08
DraftKings,player_points_rebounds,Veronica Burton,Over,14.5,-110,2026-07-19,2026-07-18T22:16:46Z,2026-07-18 15:17:08
DraftKings,player_points_rebounds,Veronica Burton,Under,14.5,-123,2026-07-19,2026-07-18T22:16:46Z,2026-07-18 15:17:08
DraftKings,player_points_rebounds,Kayla Thornton,Over,12.5,-132,2026-07-19,2026-07-18T22:16:46Z,2026-07-18 15:17:08
DraftKings,player_points_rebounds,Kayla Thornton,Under,12.5,-103,2026-07-19,2026-07-18T22:16:46Z,2026-07-18 15:17:08
DraftKings,player_points_rebounds,Michaela Onyenwere,Over,10.5,-123,2026-07-19,2026-07-18T22:16:46Z,2026-07-18 15:17:08
DraftKings,player_points_rebounds,Michaela Onyenwere,Under,10.5,-110,2026-07-19,2026-07-18T22:16:46Z,2026-07-18 15:17:08
DraftKings,player_points_rebounds,Jessica Shepard,Over,27.5,-123,2026-07-19,2026-07-18T22:17:05Z,2026-07-18 15:17:08
DraftKings,player_points_rebounds,Jessica Shepard,Under,27.5,-110,2026-07-19,2026-07-18T22:17:05Z,2026-07-18 15:17:08
DraftKings,player_points_rebounds,Paige Bueckers,Over,27.5,-107,2026-07-19,2026-07-18T22:17:05Z,2026-07-18 15:17:08
DraftKings,player_points_rebounds,Paige Bueckers,Under,27.5,-127,2026-07-19,2026-07-18T22:17:05Z,2026-07-18 15:17:08
DraftKings,player_points_rebounds,Nneka Ogwumike,Over,26.5,-117,2026-07-19,2026-07-18T22:17:05Z,2026-07-18 15:17:08
DraftKings,player_points_rebounds,Nneka Ogwumike,Under,26.5,-116,2026-07-19,2026-07-18T22:17:05Z,2026-07-18 15:17:08
DraftKings,player_points_rebounds,Dearica Hamby,Over,22.5,-111,2026-07-19,2026-07-18T22:17:05Z,2026-07-18 15:17:08
DraftKings,player_points_rebounds,Dearica Hamby,Under,22.5,-123,2026-07-19,2026-07-18T22:17:05Z,2026-07-18 15:17:08
DraftKings,player_points_rebounds,Rae Burrell,Over,17.5,-123,2026-07-19,2026-07-18T22:17:05Z,2026-07-18 15:17:08
DraftKings,player_points_rebounds,Rae Burrell,Under,17.5,-111,2026-07-19,2026-07-18T22:17:05Z,2026-07-18 15:17:08
DraftKings,player_points_rebounds,Kamilla Cardoso,Over,21.5,-111,2026-07-19,2026-07-18T22:17:21Z,2026-07-18 15:17:08
DraftKings,player_points_rebounds,Kamilla Cardoso,Under,21.5,-122,2026-07-19,2026-07-18T22:17:21Z,2026-07-18 15:17:08
DraftKings,player_points_rebounds,Azura Stevens,Over,19.5,-105,2026-07-19,2026-07-18T22:17:21Z,2026-07-18 15:17:08
DraftKings,player_points_rebounds,Azura Stevens,Under,19.5,-129,2026-07-19,2026-07-18T22:17:21Z,2026-07-18 15:17:08
DraftKings,player_points_rebounds,Natasha Cloud,Over,14.5,-124,2026-07-19,2026-07-18T22:17:21Z,2026-07-18 15:17:08
DraftKings,player_points_rebounds,Natasha Cloud,Under,14.5,-110,2026-07-19,2026-07-18T22:17:21Z,2026-07-18 15:17:08
DraftKings,player_points_rebounds,Kahleah Copper,Over,24.5,-118,2026-07-19,2026-07-18T22:16:39Z,2026-07-18 15:17:08
DraftKings,player_points_rebounds,Kahleah Copper,Under,24.5,-115,2026-07-19,2026-07-18T22:16:39Z,2026-07-18 15:17:08
DraftKings,player_points_rebounds,Alyssa Thomas,Over,21.5,-122,2026-07-19,2026-07-18T22:16:39Z,2026-07-18 15:17:08
DraftKings,player_points_rebounds,Alyssa Thomas,Under,21.5,-112,2026-07-19,2026-07-18T22:16:39Z,2026-07-18 15:17:08
DraftKings,player_points_rebounds,DeWanna Bonner,Over,16.5,-129,2026-07-19,2026-07-18T22:16:39Z,2026-07-18 15:17:08
DraftKings,player_points_rebounds,DeWanna Bonner,Under,16.5,-105,2026-07-19,2026-07-18T22:16:39Z,2026-07-18 15:17:08
DraftKings,player_points_rebounds,Monique Akoa Makani,Over,12.5,-117,2026-07-19,2026-07-18T22:16:39Z,2026-07-18 15:17:08
DraftKings,player_points_rebounds,Monique Akoa Makani,Under,12.5,-116,2026-07-19,2026-07-18T22:16:39Z,2026-07-18 15:17:08
FanDuel,player_points_assists,Breanna Stewart,Over,23.5,-112,2026-07-19,2026-07-18T22:16:45Z,2026-07-18 15:17:08
FanDuel,player_points_assists,Breanna Stewart,Under,23.5,-118,2026-07-19,2026-07-18T22:16:45Z,2026-07-18 15:17:08
FanDuel,player_points_assists,Aliyah Boston,Over,18.5,-110,2026-07-19,2026-07-18T22:16:45Z,2026-07-18 15:17:08
FanDuel,player_points_assists,Aliyah Boston,Under,18.5,-120,2026-07-19,2026-07-18T22:16:45Z,2026-07-18 15:17:08
FanDuel,player_points_assists,Caitlin Clark,Over,25.5,-118,2026-07-19,2026-07-18T22:16:45Z,2026-07-18 15:17:08
FanDuel,player_points_assists,Caitlin Clark,Under,25.5,-112,2026-07-19,2026-07-18T22:16:45Z,2026-07-18 15:17:08
FanDuel,player_points_assists,Sabrina Ionescu,Over,21.5,-118,2026-07-19,2026-07-18T22:16:45Z,2026-07-18 15:17:08
FanDuel,player_points_assists,Sabrina Ionescu,Under,21.5,-112,2026-07-19,2026-07-18T22:16:45Z,2026-07-18 15:17:08
FanDuel,player_points_assists,Kelsey Mitchell,Over,25.5,-104,2026-07-19,2026-07-18T22:16:45Z,2026-07-18 15:17:08
FanDuel,player_points_assists,Kelsey Mitchell,Under,25.5,-128,2026-07-19,2026-07-18T22:16:45Z,2026-07-18 15:17:08
FanDuel,player_points_assists,Natasha Howard,Over,18.5,-128,2026-07-19,2026-07-18T22:16:03Z,2026-07-18 15:17:08
FanDuel,player_points_assists,Natasha Howard,Under,18.5,-104,2026-07-19,2026-07-18T22:16:03Z,2026-07-18 15:17:08
FanDuel,player_points_assists,Bridget Carleton,Over,15.5,-118,2026-07-19,2026-07-18T22:16:03Z,2026-07-18 15:17:08
FanDuel,player_points_assists,Bridget Carleton,Under,15.5,-112,2026-07-19,2026-07-18T22:16:03Z,2026-07-18 15:17:08
FanDuel,player_points_assists,Sarah Ashlee Barker,Over,11.5,-112,2026-07-19,2026-07-18T22:16:03Z,2026-07-18 15:17:08
FanDuel,player_points_assists,Sarah Ashlee Barker,Under,11.5,-118,2026-07-19,2026-07-18T22:16:03Z,2026-07-18 15:17:08
FanDuel,player_points_assists,Carla Leite,Over,19.5,-114,2026-07-19,2026-07-18T22:16:03Z,2026-07-18 15:17:08
FanDuel,player_points_assists,Carla Leite,Under,19.5,-114,2026-07-19,2026-07-18T22:16:03Z,2026-07-18 15:17:08
FanDuel,player_points_assists,Courtney Williams,Over,19.5,-128,2026-07-19,2026-07-18T22:16:03Z,2026-07-18 15:17:08
FanDuel,player_points_assists,Courtney Williams,Under,19.5,-104,2026-07-19,2026-07-18T22:16:03Z,2026-07-18 15:17:08
FanDuel,player_points_assists,Emily Engstler,Over,11.5,-130,2026-07-19,2026-07-18T22:16:03Z,2026-07-18 15:17:08
FanDuel,player_points_assists,Emily Engstler,Under,11.5,-102,2026-07-19,2026-07-18T22:16:03Z,2026-07-18 15:17:08
FanDuel,player_points_assists,Olivia Miles,Over,23.5,-102,2026-07-19,2026-07-18T22:16:03Z,2026-07-18 15:17:08
FanDuel,player_points_assists,Olivia Miles,Under,23.5,-130,2026-07-19,2026-07-18T22:16:03Z,2026-07-18 15:17:08
FanDuel,player_points_assists,Veronica Burton,Over,16.5,100,2026-07-19,2026-07-18T22:16:16Z,2026-07-18 15:17:08
FanDuel,player_points_assists,Veronica Burton,Under,16.5,-132,2026-07-19,2026-07-18T22:16:16Z,2026-07-18 15:17:08
FanDuel,player_points_assists,Sonia Citron,Over,17.5,-110,2026-07-19,2026-07-18T22:16:16Z,2026-07-18 15:17:08
FanDuel,player_points_assists,Sonia Citron,Under,17.5,-120,2026-07-19,2026-07-18T22:16:16Z,2026-07-18 15:17:08
FanDuel,player_points_assists,Jessica Shepard,Over,20.5,-130,2026-07-19,2026-07-18T22:16:39Z,2026-07-18 15:17:08
FanDuel,player_points_assists,Jessica Shepard,Under,20.5,-102,2026-07-19,2026-07-18T22:16:39Z,2026-07-18 15:17:08
FanDuel,player_points_assists,Nneka Ogwumike,Over,21.5,-112,2026-07-19,2026-07-18T22:16:39Z,2026-07-18 15:17:08
FanDuel,player_points_assists,Nneka Ogwumike,Under,21.5,-118,2026-07-19,2026-07-18T22:16:39Z,2026-07-18 15:17:08
FanDuel,player_points_assists,Dearica Hamby,Over,17.5,-114,2026-07-19,2026-07-18T22:16:39Z,2026-07-18 15:17:08
FanDuel,player_points_assists,Dearica Hamby,Under,17.5,-114,2026-07-19,2026-07-18T22:16:39Z,2026-07-18 15:17:08
FanDuel,player_points_assists,Paige Bueckers,Over,28.5,-125,2026-07-19,2026-07-18T22:16:39Z,2026-07-18 15:17:08
FanDuel,player_points_assists,Paige Bueckers,Under,28.5,-106,2026-07-19,2026-07-18T22:16:39Z,2026-07-18 15:17:08
FanDuel,player_points_assists,Rae Burrell,Over,18.5,-106,2026-07-19,2026-07-18T22:16:39Z,2026-07-18 15:17:08
FanDuel,player_points_assists,Rae Burrell,Under,18.5,-125,2026-07-19,2026-07-18T22:16:39Z,2026-07-18 15:17:08
FanDuel,player_points_assists,Arike Ogunbowale,Over,15.5,-118,2026-07-19,2026-07-18T22:16:39Z,2026-07-18 15:17:08
FanDuel,player_points_assists,Arike Ogunbowale,Under,15.5,-112,2026-07-19,2026-07-18T22:16:39Z,2026-07-18 15:17:08
FanDuel,player_points_assists,Jordin Canada,Over,20.5,-128,2026-07-19,2026-07-18T22:16:56Z,2026-07-18 15:17:08
FanDuel,player_points_assists,Jordin Canada,Under,20.5,-104,2026-07-19,2026-07-18T22:16:56Z,2026-07-18 15:17:08
FanDuel,player_points_assists,Kamilla Cardoso,Over,15.5,-114,2026-07-19,2026-07-18T22:16:56Z,2026-07-18 15:17:08
FanDuel,player_points_assists,Kamilla Cardoso,Under,15.5,-114,2026-07-19,2026-07-18T22:16:56Z,2026-07-18 15:17:08
FanDuel,player_points_assists,Azura Stevens,Over,14.5,-102,2026-07-19,2026-07-18T22:16:56Z,2026-07-18 15:17:08
FanDuel,player_points_assists,Azura Stevens,Under,14.5,-130,2026-07-19,2026-07-18T22:16:56Z,2026-07-18 15:17:08
FanDuel,player_points_assists,Natasha Cloud,Over,17.5,-110,2026-07-19,2026-07-18T22:16:56Z,2026-07-18 15:17:08
FanDuel,player_points_assists,Natasha Cloud,Under,17.5,-118,2026-07-19,2026-07-18T22:16:56Z,2026-07-18 15:17:08
FanDuel,player_points_assists,Rhyne Howard,Over,21.5,-130,2026-07-19,2026-07-18T22:16:56Z,2026-07-18 15:17:08
FanDuel,player_points_assists,Rhyne Howard,Under,21.5,-102,2026-07-19,2026-07-18T22:16:56Z,2026-07-18 15:17:08
FanDuel,player_points_assists,Sydney Taylor,Over,17.5,-102,2026-07-19,2026-07-18T22:16:56Z,2026-07-18 15:17:08
FanDuel,player_points_assists,Sydney Taylor,Under,17.5,-130,2026-07-19,2026-07-18T22:16:56Z,2026-07-18 15:17:08
FanDuel,player_points_assists,Alyssa Thomas,Over,22.5,-122,2026-07-19,2026-07-18T22:17:08Z,2026-07-18 15:17:08
FanDuel,player_points_assists,Alyssa Thomas,Under,22.5,-106,2026-07-19,2026-07-18T22:17:08Z,2026-07-18 15:17:08
DraftKings,player_points_assists,Caitlin Clark,Over,26.5,-107,2026-07-19,2026-07-18T22:15:53Z,2026-07-18 15:17:08
DraftKings,player_points_assists,Caitlin Clark,Under,26.5,-126,2026-07-19,2026-07-18T22:15:53Z,2026-07-18 15:17:08
DraftKings,player_points_assists,Kelsey Mitchell,Over,24.5,-124,2026-07-19,2026-07-18T22:15:53Z,2026-07-18 15:17:08
DraftKings,player_points_assists,Kelsey Mitchell,Under,24.5,-110,2026-07-19,2026-07-18T22:15:53Z,2026-07-18 15:17:08
DraftKings,player_points_assists,Breanna Stewart,Over,23.5,-128,2026-07-19,2026-07-18T22:15:53Z,2026-07-18 15:17:08
DraftKings,player_points_assists,Breanna Stewart,Under,23.5,-106,2026-07-19,2026-07-18T22:15:53Z,2026-07-18 15:17:08
DraftKings,player_points_assists,Sabrina Ionescu,Over,22.5,-121,2026-07-19,2026-07-18T22:15:53Z,2026-07-18 15:17:08
DraftKings,player_points_assists,Sabrina Ionescu,Under,22.5,-112,2026-07-19,2026-07-18T22:15:53Z,2026-07-18 15:17:08
DraftKings,player_points_assists,Aliyah Boston,Over,19.5,-109,2026-07-19,2026-07-18T22:15:53Z,2026-07-18 15:17:08
DraftKings,player_points_assists,Aliyah Boston,Under,19.5,-124,2026-07-19,2026-07-18T22:15:53Z,2026-07-18 15:17:08
DraftKings,player_points_assists,Olivia Miles,Over,23.5,-110,2026-07-19,2026-07-18T22:17:03Z,2026-07-18 15:17:08
DraftKings,player_points_assists,Olivia Miles,Under,23.5,-123,2026-07-19,2026-07-18T22:17:03Z,2026-07-18 15:17:08
DraftKings,player_points_assists,Courtney Williams,Over,19.5,-125,2026-07-19,2026-07-18T22:17:03Z,2026-07-18 15:17:08
DraftKings,player_points_assists,Courtney Williams,Under,19.5,-108,2026-07-19,2026-07-18T22:17:03Z,2026-07-18 15:17:08
DraftKings,player_points_assists,Kayla McBride,Over,19.5,-121,2026-07-19,2026-07-18T22:17:03Z,2026-07-18 15:17:08
DraftKings,player_points_assists,Kayla McBride,Under,19.5,-112,2026-07-19,2026-07-18T22:17:03Z,2026-07-18 15:17:08
DraftKings,player_points_assists,Natasha Howard,Over,19.5,-110,2026-07-19,2026-07-18T22:17:03Z,2026-07-18 15:17:08
DraftKings,player_points_assists,Natasha Howard,Under,19.5,-123,2026-07-19,2026-07-18T22:17:03Z,2026-07-18 15:17:08
DraftKings,player_points_assists,Carla Leite,Over,19.5,-107,2026-07-19,2026-07-18T22:17:03Z,2026-07-18 15:17:08
DraftKings,player_points_assists,Carla Leite,Under,19.5,-127,2026-07-19,2026-07-18T22:17:03Z,2026-07-18 15:17:08
DraftKings,player_points_assists,Bridget Carleton,Over,14.5,-126,2026-07-19,2026-07-18T22:17:03Z,2026-07-18 15:17:08
DraftKings,player_points_assists,Bridget Carleton,Under,14.5,-107,2026-07-19,2026-07-18T22:17:03Z,2026-07-18 15:17:08
DraftKings,player_points_assists,Emily Engstler,Over,11.5,-132,2026-07-19,2026-07-18T22:17:03Z,2026-07-18 15:17:08
DraftKings,player_points_assists,Emily Engstler,Under,11.5,-103,2026-07-19,2026-07-18T22:17:03Z,2026-07-18 15:17:08
DraftKings,player_points_assists,Sarah Ashlee Barker,Over,11.5,-106,2026-07-19,2026-07-18T22:17:03Z,2026-07-18 15:17:08
DraftKings,player_points_assists,Sarah Ashlee Barker,Under,11.5,-128,2026-07-19,2026-07-18T22:17:03Z,2026-07-18 15:17:08
DraftKings,player_points_assists,Nia Coffey,Over,10.5,-118,2026-07-19,2026-07-18T22:17:03Z,2026-07-18 15:17:08
DraftKings,player_points_assists,Nia Coffey,Under,10.5,-115,2026-07-19,2026-07-18T22:17:03Z,2026-07-18 15:17:08
DraftKings,player_points_assists,Sonia Citron,Over,17.5,-117,2026-07-19,2026-07-18T22:16:46Z,2026-07-18 15:17:08
DraftKings,player_points_assists,Sonia Citron,Under,17.5,-116,2026-07-19,2026-07-18T22:16:46Z,2026-07-18 15:17:08
DraftKings,player_points_assists,Veronica Burton,Over,16.5,-102,2026-07-19,2026-07-18T22:16:46Z,2026-07-18 15:17:08
DraftKings,player_points_assists,Veronica Burton,Under,16.5,-133,2026-07-19,2026-07-18T22:16:46Z,2026-07-18 15:17:08
DraftKings,player_points_assists,Gabby Williams,Over,15.5,-102,2026-07-19,2026-07-18T22:16:46Z,2026-07-18 15:17:08
DraftKings,player_points_assists,Gabby Williams,Under,15.5,-133,2026-07-19,2026-07-18T22:16:46Z,2026-07-18 15:17:08
DraftKings,player_points_assists,Georgia Amoore,Over,8.5,-117,2026-07-19,2026-07-18T22:16:46Z,2026-07-18 15:17:08
DraftKings,player_points_assists,Georgia Amoore,Under,8.5,-116,2026-07-19,2026-07-18T22:16:46Z,2026-07-18 15:17:08
DraftKings,player_points_assists,Paige Bueckers,Over,28.5,-125,2026-07-19,2026-07-18T22:17:05Z,2026-07-18 15:17:08
DraftKings,player_points_assists,Paige Bueckers,Under,28.5,-108,2026-07-19,2026-07-18T22:17:05Z,2026-07-18 15:17:08
DraftKings,player_points_assists,Nneka Ogwumike,Over,21.5,-107,2026-07-19,2026-07-18T22:17:05Z,2026-07-18 15:17:08
DraftKings,player_points_assists,Nneka Ogwumike,Under,21.5,-127,2026-07-19,2026-07-18T22:17:05Z,2026-07-18 15:17:08
DraftKings,player_points_assists,Jessica Shepard,Over,21.5,-106,2026-07-19,2026-07-18T22:17:05Z,2026-07-18 15:17:08
DraftKings,player_points_assists,Jessica Shepard,Under,21.5,-128,2026-07-19,2026-07-18T22:17:05Z,2026-07-18 15:17:08
DraftKings,player_points_assists,Rae Burrell,Over,18.5,-121,2026-07-19,2026-07-18T22:17:05Z,2026-07-18 15:17:08
DraftKings,player_points_assists,Rae Burrell,Under,18.5,-112,2026-07-19,2026-07-18T22:17:05Z,2026-07-18 15:17:08
DraftKings,player_points_assists,Dearica Hamby,Over,17.5,-123,2026-07-19,2026-07-18T22:17:05Z,2026-07-18 15:17:08
DraftKings,player_points_assists,Dearica Hamby,Under,17.5,-110,2026-07-19,2026-07-18T22:17:05Z,2026-07-18 15:17:08
DraftKings,player_points_assists,Natasha Cloud,Over,17.5,-109,2026-07-19,2026-07-18T22:17:21Z,2026-07-18 15:17:08
DraftKings,player_points_assists,Natasha Cloud,Under,17.5,-125,2026-07-19,2026-07-18T22:17:21Z,2026-07-18 15:17:08
DraftKings,player_points_assists,Kamilla Cardoso,Over,15.5,-121,2026-07-19,2026-07-18T22:17:21Z,2026-07-18 15:17:08
DraftKings,player_points_assists,Kamilla Cardoso,Under,15.5,-113,2026-07-19,2026-07-18T22:17:21Z,2026-07-18 15:17:08
DraftKings,player_points_assists,Azura Stevens,Over,14.5,-111,2026-07-19,2026-07-18T22:17:21Z,2026-07-18 15:17:08
DraftKings,player_points_assists,Azura Stevens,Under,14.5,-122,2026-07-19,2026-07-18T22:17:21Z,2026-07-18 15:17:08
DraftKings,player_points_assists,Kahleah Copper,Over,22.5,-120,2026-07-19,2026-07-18T22:16:39Z,2026-07-18 15:17:08
DraftKings,player_points_assists,Kahleah Copper,Under,22.5,-113,2026-07-19,2026-07-18T22:16:39Z,2026-07-18 15:17:08
DraftKings,player_points_assists,Alyssa Thomas,Over,22.5,-112,2026-07-19,2026-07-18T22:16:39Z,2026-07-18 15:17:08
DraftKings,player_points_assists,Alyssa Thomas,Under,22.5,-122,2026-07-19,2026-07-18T22:16:39Z,2026-07-18 15:17:08
DraftKings,player_points_assists,Monique Akoa Makani,Over,13.5,-104,2026-07-19,2026-07-18T22:16:39Z,2026-07-18 15:17:08
DraftKings,player_points_assists,Monique Akoa Makani,Under,13.5,-131,2026-07-19,2026-07-18T22:16:39Z,2026-07-18 15:17:08
DraftKings,player_points_assists,DeWanna Bonner,Over,12.5,-106,2026-07-19,2026-07-18T22:16:39Z,2026-07-18 15:17:08
DraftKings,player_points_assists,DeWanna Bonner,Under,12.5,-128,2026-07-19,2026-07-18T22:16:39Z,2026-07-18 15:17:08
FanDuel,player_rebounds_assists,Aliyah Boston,Over,10.5,-128,2026-07-19,2026-07-18T22:16:45Z,2026-07-18 15:17:08
FanDuel,player_rebounds_assists,Aliyah Boston,Under,10.5,-104,2026-07-19,2026-07-18T22:16:45Z,2026-07-18 15:17:08
FanDuel,player_rebounds_assists,Caitlin Clark,Over,11.5,-138,2026-07-19,2026-07-18T22:16:45Z,2026-07-18 15:17:08
FanDuel,player_rebounds_assists,Caitlin Clark,Under,11.5,104,2026-07-19,2026-07-18T22:16:45Z,2026-07-18 15:17:08
FanDuel,player_rebounds_assists,Sabrina Ionescu,Over,8.5,-138,2026-07-19,2026-07-18T22:16:45Z,2026-07-18 15:17:08
FanDuel,player_rebounds_assists,Sabrina Ionescu,Under,8.5,104,2026-07-19,2026-07-18T22:16:45Z,2026-07-18 15:17:08
FanDuel,player_rebounds_assists,Kelsey Mitchell,Over,4.5,-166,2026-07-19,2026-07-18T22:16:45Z,2026-07-18 15:17:08
FanDuel,player_rebounds_assists,Kelsey Mitchell,Under,4.5,124,2026-07-19,2026-07-18T22:16:45Z,2026-07-18 15:17:08
FanDuel,player_rebounds_assists,Breanna Stewart,Over,10.5,-122,2026-07-19,2026-07-18T22:16:45Z,2026-07-18 15:17:08
FanDuel,player_rebounds_assists,Breanna Stewart,Under,10.5,-108,2026-07-19,2026-07-18T22:16:45Z,2026-07-18 15:17:08
FanDuel,player_rebounds_assists,Bridget Carleton,Over,5.5,-130,2026-07-19,2026-07-18T22:16:03Z,2026-07-18 15:17:08
FanDuel,player_rebounds_assists,Bridget Carleton,Under,5.5,-102,2026-07-19,2026-07-18T22:16:03Z,2026-07-18 15:17:08
FanDuel,player_rebounds_assists,Emily Engstler,Over,8.5,-102,2026-07-19,2026-07-18T22:16:03Z,2026-07-18 15:17:08
FanDuel,player_rebounds_assists,Emily Engstler,Under,8.5,-130,2026-07-19,2026-07-18T22:16:03Z,2026-07-18 15:17:08
FanDuel,player_rebounds_assists,Natasha Howard,Over,10.5,-112,2026-07-19,2026-07-18T22:16:03Z,2026-07-18 15:17:08
FanDuel,player_rebounds_assists,Natasha Howard,Under,10.5,-118,2026-07-19,2026-07-18T22:16:03Z,2026-07-18 15:17:08
FanDuel,player_rebounds_assists,Carla Leite,Over,7.5,-118,2026-07-19,2026-07-18T22:16:03Z,2026-07-18 15:17:08
FanDuel,player_rebounds_assists,Carla Leite,Under,7.5,-112,2026-07-19,2026-07-18T22:16:03Z,2026-07-18 15:17:08
FanDuel,player_rebounds_assists,Courtney Williams,Over,9.5,-112,2026-07-19,2026-07-18T22:16:03Z,2026-07-18 15:17:08
FanDuel,player_rebounds_assists,Courtney Williams,Under,9.5,-118,2026-07-19,2026-07-18T22:16:03Z,2026-07-18 15:17:08
FanDuel,player_rebounds_assists,Sarah Ashlee Barker,Over,7.5,104,2026-07-19,2026-07-18T22:16:03Z,2026-07-18 15:17:08
FanDuel,player_rebounds_assists,Sarah Ashlee Barker,Under,7.5,-138,2026-07-19,2026-07-18T22:16:03Z,2026-07-18 15:17:08
FanDuel,player_rebounds_assists,Olivia Miles,Over,9.5,-136,2026-07-19,2026-07-18T22:16:03Z,2026-07-18 15:17:08
FanDuel,player_rebounds_assists,Olivia Miles,Under,9.5,102,2026-07-19,2026-07-18T22:16:03Z,2026-07-18 15:17:08
FanDuel,player_rebounds_assists,Veronica Burton,Over,7.5,-144,2026-07-19,2026-07-18T22:16:16Z,2026-07-18 15:17:08
FanDuel,player_rebounds_assists,Veronica Burton,Under,7.5,108,2026-07-19,2026-07-18T22:16:16Z,2026-07-18 15:17:08
FanDuel,player_rebounds_assists,Sonia Citron,Over,6.5,100,2026-07-19,2026-07-18T22:16:16Z,2026-07-18 15:17:08
FanDuel,player_rebounds_assists,Sonia Citron,Under,6.5,-132,2026-07-19,2026-07-18T22:16:16Z,2026-07-18 15:17:08
FanDuel,player_rebounds_assists,Arike Ogunbowale,Over,4.5,-136,2026-07-19,2026-07-18T22:16:39Z,2026-07-18 15:17:08
FanDuel,player_rebounds_assists,Arike Ogunbowale,Under,4.5,102,2026-07-19,2026-07-18T22:16:39Z,2026-07-18 15:17:08
FanDuel,player_rebounds_assists,Paige Bueckers,Over,11.5,-122,2026-07-19,2026-07-18T22:16:39Z,2026-07-18 15:17:08
FanDuel,player_rebounds_assists,Paige Bueckers,Under,11.5,-110,2026-07-19,2026-07-18T22:16:39Z,2026-07-18 15:17:08
FanDuel,player_rebounds_assists,Jessica Shepard,Over,17.5,104,2026-07-19,2026-07-18T22:16:39Z,2026-07-18 15:17:08
FanDuel,player_rebounds_assists,Jessica Shepard,Under,17.5,-138,2026-07-19,2026-07-18T22:16:39Z,2026-07-18 15:17:08
FanDuel,player_rebounds_assists,Rae Burrell,Over,5.5,102,2026-07-19,2026-07-18T22:16:39Z,2026-07-18 15:17:08
FanDuel,player_rebounds_assists,Rae Burrell,Under,5.5,-136,2026-07-19,2026-07-18T22:16:39Z,2026-07-18 15:17:08
FanDuel,player_rebounds_assists,Nneka Ogwumike,Over,12.5,-132,2026-07-19,2026-07-18T22:16:39Z,2026-07-18 15:17:08
FanDuel,player_rebounds_assists,Nneka Ogwumike,Under,12.5,100,2026-07-19,2026-07-18T22:16:39Z,2026-07-18 15:17:08
FanDuel,player_rebounds_assists,Dearica Hamby,Over,9.5,-125,2026-07-19,2026-07-18T22:16:39Z,2026-07-18 15:17:08
FanDuel,player_rebounds_assists,Dearica Hamby,Under,9.5,-106,2026-07-19,2026-07-18T22:16:39Z,2026-07-18 15:17:08
FanDuel,player_rebounds_assists,Jordin Canada,Over,12.5,110,2026-07-19,2026-07-18T22:16:56Z,2026-07-18 15:17:08
FanDuel,player_rebounds_assists,Jordin Canada,Under,12.5,-146,2026-07-19,2026-07-18T22:16:56Z,2026-07-18 15:17:08
FanDuel,player_rebounds_assists,Kamilla Cardoso,Over,10.5,-120,2026-07-19,2026-07-18T22:16:56Z,2026-07-18 15:17:08
FanDuel,player_rebounds_assists,Kamilla Cardoso,Under,10.5,-110,2026-07-19,2026-07-18T22:16:56Z,2026-07-18 15:17:08
FanDuel,player_rebounds_assists,Natasha Cloud,Over,9.5,-102,2026-07-19,2026-07-18T22:16:56Z,2026-07-18 15:17:08
FanDuel,player_rebounds_assists,Natasha Cloud,Under,9.5,-130,2026-07-19,2026-07-18T22:16:56Z,2026-07-18 15:17:08
FanDuel,player_rebounds_assists,Rhyne Howard,Over,7.5,-114,2026-07-19,2026-07-18T22:16:56Z,2026-07-18 15:17:08
FanDuel,player_rebounds_assists,Rhyne Howard,Under,7.5,-114,2026-07-19,2026-07-18T22:16:56Z,2026-07-18 15:17:08
FanDuel,player_rebounds_assists,Azura Stevens,Over,9.5,-114,2026-07-19,2026-07-18T22:16:56Z,2026-07-18 15:17:08
FanDuel,player_rebounds_assists,Azura Stevens,Under,9.5,-114,2026-07-19,2026-07-18T22:16:56Z,2026-07-18 15:17:08
FanDuel,player_rebounds_assists,Alyssa Thomas,Over,15.5,100,2026-07-19,2026-07-18T22:17:08Z,2026-07-18 15:17:08
FanDuel,player_rebounds_assists,Alyssa Thomas,Under,15.5,-132,2026-07-19,2026-07-18T22:17:08Z,2026-07-18 15:17:08
DraftKings,player_rebounds_assists,Caitlin Clark,Over,11.5,-138,2026-07-19,2026-07-18T22:15:53Z,2026-07-18 15:17:08
DraftKings,player_rebounds_assists,Caitlin Clark,Under,11.5,101,2026-07-19,2026-07-18T22:15:53Z,2026-07-18 15:17:08
DraftKings,player_rebounds_assists,Aliyah Boston,Over,10.5,-145,2026-07-19,2026-07-18T22:15:53Z,2026-07-18 15:17:08
DraftKings,player_rebounds_assists,Aliyah Boston,Under,10.5,106,2026-07-19,2026-07-18T22:15:53Z,2026-07-18 15:17:08
DraftKings,player_rebounds_assists,Breanna Stewart,Over,10.5,-122,2026-07-19,2026-07-18T22:15:53Z,2026-07-18 15:17:08
DraftKings,player_rebounds_assists,Breanna Stewart,Under,10.5,-112,2026-07-19,2026-07-18T22:15:53Z,2026-07-18 15:17:08
DraftKings,player_rebounds_assists,Sabrina Ionescu,Over,8.5,-146,2026-07-19,2026-07-18T22:15:53Z,2026-07-18 15:17:08
DraftKings,player_rebounds_assists,Sabrina Ionescu,Under,8.5,108,2026-07-19,2026-07-18T22:15:53Z,2026-07-18 15:17:08
DraftKings,player_rebounds_assists,Natasha Howard,Over,10.5,-130,2026-07-19,2026-07-18T22:17:03Z,2026-07-18 15:17:08
DraftKings,player_rebounds_assists,Natasha Howard,Under,10.5,-104,2026-07-19,2026-07-18T22:17:03Z,2026-07-18 15:17:08
DraftKings,player_rebounds_assists,Olivia Miles,Over,10.5,105,2026-07-19,2026-07-18T22:17:03Z,2026-07-18 15:17:08
DraftKings,player_rebounds_assists,Olivia Miles,Under,10.5,-143,2026-07-19,2026-07-18T22:17:03Z,2026-07-18 15:17:08
DraftKings,player_rebounds_assists,Courtney Williams,Over,9.5,-109,2026-07-19,2026-07-18T22:17:03Z,2026-07-18 15:17:08
DraftKings,player_rebounds_assists,Courtney Williams,Under,9.5,-125,2026-07-19,2026-07-18T22:17:03Z,2026-07-18 15:17:08
DraftKings,player_rebounds_assists,Emily Engstler,Over,8.5,108,2026-07-19,2026-07-18T22:17:03Z,2026-07-18 15:17:08
DraftKings,player_rebounds_assists,Emily Engstler,Under,8.5,-146,2026-07-19,2026-07-18T22:17:03Z,2026-07-18 15:17:08
DraftKings,player_rebounds_assists,Nia Coffey,Over,7.5,-107,2026-07-19,2026-07-18T22:17:03Z,2026-07-18 15:17:08
DraftKings,player_rebounds_assists,Nia Coffey,Under,7.5,-127,2026-07-19,2026-07-18T22:17:03Z,2026-07-18 15:17:08
DraftKings,player_rebounds_assists,Carla Leite,Over,7.5,-105,2026-07-19,2026-07-18T22:17:03Z,2026-07-18 15:17:08
DraftKings,player_rebounds_assists,Carla Leite,Under,7.5,-130,2026-07-19,2026-07-18T22:17:03Z,2026-07-18 15:17:08
DraftKings,player_rebounds_assists,Sarah Ashlee Barker,Over,6.5,-136,2026-07-19,2026-07-18T22:17:03Z,2026-07-18 15:17:08
DraftKings,player_rebounds_assists,Sarah Ashlee Barker,Under,6.5,100,2026-07-19,2026-07-18T22:17:03Z,2026-07-18 15:17:08
DraftKings,player_rebounds_assists,Veronica Burton,Over,7.5,-137,2026-07-19,2026-07-18T22:16:46Z,2026-07-18 15:17:08
DraftKings,player_rebounds_assists,Veronica Burton,Under,7.5,100,2026-07-19,2026-07-18T22:16:46Z,2026-07-18 15:17:08
DraftKings,player_rebounds_assists,Sonia Citron,Over,6.5,-110,2026-07-19,2026-07-18T22:16:46Z,2026-07-18 15:17:08
DraftKings,player_rebounds_assists,Sonia Citron,Under,6.5,-124,2026-07-19,2026-07-18T22:16:46Z,2026-07-18 15:17:08
DraftKings,player_rebounds_assists,Jessica Shepard,Over,17.5,-107,2026-07-19,2026-07-18T22:17:05Z,2026-07-18 15:17:08
DraftKings,player_rebounds_assists,Jessica Shepard,Under,17.5,-127,2026-07-19,2026-07-18T22:17:05Z,2026-07-18 15:17:08
DraftKings,player_rebounds_assists,Nneka Ogwumike,Over,12.5,-112,2026-07-19,2026-07-18T22:17:05Z,2026-07-18 15:17:08
DraftKings,player_rebounds_assists,Nneka Ogwumike,Under,12.5,-121,2026-07-19,2026-07-18T22:17:05Z,2026-07-18 15:17:08
DraftKings,player_rebounds_assists,Paige Bueckers,Over,11.5,-113,2026-07-19,2026-07-18T22:17:05Z,2026-07-18 15:17:08
DraftKings,player_rebounds_assists,Paige Bueckers,Under,11.5,-121,2026-07-19,2026-07-18T22:17:05Z,2026-07-18 15:17:08
DraftKings,player_rebounds_assists,Dearica Hamby,Over,9.5,-119,2026-07-19,2026-07-18T22:17:05Z,2026-07-18 15:17:08
DraftKings,player_rebounds_assists,Dearica Hamby,Under,9.5,-114,2026-07-19,2026-07-18T22:17:05Z,2026-07-18 15:17:08
DraftKings,player_rebounds_assists,Kamilla Cardoso,Over,10.5,-105,2026-07-19,2026-07-18T22:17:21Z,2026-07-18 15:17:08
DraftKings,player_rebounds_assists,Kamilla Cardoso,Under,10.5,-130,2026-07-19,2026-07-18T22:17:21Z,2026-07-18 15:17:08
DraftKings,player_rebounds_assists,Azura Stevens,Over,9.5,-113,2026-07-19,2026-07-18T22:17:21Z,2026-07-18 15:17:08
DraftKings,player_rebounds_assists,Azura Stevens,Under,9.5,-120,2026-07-19,2026-07-18T22:17:21Z,2026-07-18 15:17:08
DraftKings,player_rebounds_assists,Natasha Cloud,Over,9.5,-106,2026-07-19,2026-07-18T22:17:21Z,2026-07-18 15:17:08
DraftKings,player_rebounds_assists,Natasha Cloud,Under,9.5,-128,2026-07-19,2026-07-18T22:17:21Z,2026-07-18 15:17:08
DraftKings,player_rebounds_assists,Alyssa Thomas,Over,15.5,-107,2026-07-19,2026-07-18T22:16:39Z,2026-07-18 15:17:08
DraftKings,player_rebounds_assists,Alyssa Thomas,Under,15.5,-127,2026-07-19,2026-07-18T22:16:39Z,2026-07-18 15:17:08
DraftKings,player_rebounds_assists,DeWanna Bonner,Over,7.5,-136,2026-07-19,2026-07-18T22:16:39Z,2026-07-18 15:17:08
DraftKings,player_rebounds_assists,DeWanna Bonner,Under,7.5,100,2026-07-19,2026-07-18T22:16:39Z,2026-07-18 15:17:08
